id,t,sp,unit,r_flw,f_flw,rpm_cmd,rpm_sp,sps,top,cal%,vol_uL,mass_g,pumpOn,port
1,13522,37,rpm,1,1,36.5,36.5,3893,500,0,0,0.0,1,COM8
1,13543,37,rpm,1,1,36.5,36.5,3893,500,0,0,0.0,1,COM8
3,50033,37,rpm,0,0,36.5,36.5,3893,500,0,0,0.0,1,COM6
1,13563,37,rpm,1,1,36.5,36.5,3893,500,0,0,0.0,1,COM8
3,50054,37,rpm,1,0,36.5,36.5,3893,500,0,0,0.0,1,COM6
1,13584,37,rpm,1,1,36.5,36.5,3893,500,0,0,0.0,1,COM8
1,13605,37,rpm,1,1,36.5,36.5,3893,500,0,0,0.0,1,COM8
3,50074,37,rpm,7,0,36.5,36.5,3893,500,0,0,0.0,1,COM6
1,13625,37,rpm,1,1,36.5,36.5,3893,500,0,0,0.0,1,COM8
3,50095,37,rpm,20,0,36.5,36.5,3893,500,0,0,0.0,1,COM6
1,13646,37,rpm,1,1,36.5,36.5,3893,500,0,0,0.0,1,COM8
3,50116,37,rpm,28,0,36.5,36.5,3893,500,0,0,0.0,1,COM6
3,50136,37,rpm,14,0,36.5,36.5,3893,500,0,0,0.0,1,COM6
1,13666,37,rpm,1,1,36.5,36.5,3893,500,0,0,0.0,1,COM8
3,50176,37,rpm,9,0,36.5,36.5,3893,500,0,0,0.0,1,COM6
1,13686,37,rpm,1,1,36.5,36.5,3893,500,0,0,0.0,1,COM8
3,50196,37,rpm,25,0,36.5,36.5,3893,500,0,0,0.0,1,COM6
1,13707,37,rpm,1,1,36.5,36.5,3893,500,0,0,0.0,1,COM8
3,50217,37,rpm,175,0,36.5,36.5,3893,500,0,0,0.0,1,COM6
1,13727,37,rpm,0,1,36.5,36.5,3893,500,0,0,0.0,1,COM8
3,50237,37,rpm,559,0,36.5,36.5,3893,500,0,0,0.0,1,COM6
1,13748,37,rpm,1,1,36.5,36.5,3893,500,0,0,0.0,1,COM8
3,50258,37,rpm,707,0,36.5,36.5,3893,500,0,0,0.0,1,COM6
1,13768,37,rpm,1,1,36.5,36.5,3893,500,0,0,0.0,1,COM8
3,50278,37,rpm,829,0,36.5,36.5,3893,500,0,0,0.0,1,COM6
3,50299,37,rpm,765,0,36.5,36.5,3893,500,0,0,0.0,1,COM6
1,13789,37,rpm,1,1,36.5,36.5,3893,500,0,0,0.0,1,COM8
1,13809,37,rpm,1,1,36.5,36.5,3893,500,0,0,0.0,1,COM8
3,50319,37,rpm,602,0,36.5,36.5,3893,500,0,0,0.0,1,COM6
1,13830,37,rpm,1,1,36.5,36.5,3893,500,0,0,0.0,1,COM8
3,50340,37,rpm,478,0,36.5,36.5,3893,500,0,0,0.0,1,COM6
3,50360,37,rpm,323,0,36.5,36.5,3893,500,0,0,0.0,1,COM6
1,13850,37,rpm,1,1,36.5,36.5,3893,500,0,0,0.0,1,COM8
3,50380,37,rpm,38,0,36.5,36.5,3893,500,0,0,0.0,1,COM6
1,13871,37,rpm,1,1,36.5,36.5,3893,500,0,0,0.0,1,COM8
3,50401,37,rpm,19,0,36.5,36.5,3893,500,0,0,0.0,1,COM6
1,13891,37,rpm,1,1,36.5,36.5,3893,500,0,0,0.0,1,COM8
1,13911,37,rpm,1,1,36.5,36.5,3893,500,0,0,0.0,1,COM8
3,50421,37,rpm,16,0,36.5,36.5,3893,500,0,0,0.0,1,COM6
1,13932,37,rpm,1,1,36.5,36.5,3893,500,0,0,0.0,1,COM8
3,50442,37,rpm,41,0,36.5,36.5,3893,500,0,0,0.0,1,COM6
1,13952,37,rpm,1,1,36.5,36.5,3893,500,0,0,0.0,1,COM8
3,50462,37,rpm,220,0,36.5,36.5,3893,500,0,0,0.0,1,COM6
3,50483,37,rpm,519,0,36.5,36.5,3893,500,0,0,0.0,1,COM6
1,13973,37,rpm,1,1,36.5,36.5,3893,500,0,0,0.0,1,COM8
3,50503,37,rpm,789,0,36.5,36.5,3893,500,0,0,0.0,1,COM6
1,13993,37,rpm,1,1,36.5,36.5,3893,500,0,0,0.0,1,COM8
1,14014,37,rpm,1,1,36.5,36.5,3893,500,0,0,0.0,1,COM8
3,50523,37,rpm,955,0,36.5,36.5,3893,500,0,0,0.0,1,COM6
3,50544,37,rpm,877,0,36.5,36.5,3893,500,0,0,0.0,1,COM6
1,14034,37,rpm,1,1,36.5,36.5,3893,500,0,0,0.0,1,COM8
1,14055,37,rpm,1,1,36.5,36.5,3893,500,0,0,0.0,1,COM8
3,50564,37,rpm,685,0,36.5,36.5,3893,500,0,0,0.0,1,COM6
3,50585,37,rpm,485,0,36.5,36.5,3893,500,0,0,0.0,1,COM6
1,14075,37,rpm,1,1,36.5,36.5,3893,500,0,0,0.0,1,COM8
1,14096,37,rpm,1,1,36.5,36.5,3893,500,0,0,0.0,1,COM8
3,50605,37,rpm,349,0,36.5,36.5,3893,500,0,0,0.0,1,COM6
3,50626,37,rpm,246,0,36.5,36.5,3893,500,0,0,0.0,1,COM6
1,14116,37,rpm,1,1,36.5,36.5,3893,500,0,0,0.0,1,COM8
1,14136,37,rpm,1,1,36.5,36.5,3893,500,0,0,0.0,1,COM8
3,50646,37,rpm,34,1,36.5,36.5,3893,500,0,0,0.0,1,COM6
1,14157,37,rpm,1,1,36.5,36.5,3893,500,0,0,0.0,1,COM8
3,50666,37,rpm,16,1,36.5,36.5,3893,500,0,0,0.0,1,COM6
1,14177,37,rpm,1,1,36.5,36.5,3893,500,0,0,0.0,1,COM8
3,50687,37,rpm,13,1,36.5,36.5,3893,500,0,0,0.0,1,COM6
1,14198,37,rpm,1,1,36.5,36.5,3893,500,0,0,0.0,1,COM8
3,50707,37,rpm,39,1,36.5,36.5,3893,500,0,0,0.0,1,COM6
3,50728,37,rpm,217,1,36.5,36.5,3893,500,0,0,0.0,1,COM6
1,14218,37,rpm,1,1,36.5,36.5,3893,500,0,0,0.0,1,COM8
1,14239,37,rpm,0,1,36.5,36.5,3893,500,0,0,0.0,1,COM8
3,50748,37,rpm,504,1,36.5,36.5,3893,500,0,0,0.0,1,COM6
1,14259,37,rpm,1,1,36.5,36.5,3893,500,0,0,0.0,1,COM8
3,50768,37,rpm,784,1,36.5,36.5,3893,500,0,0,0.0,1,COM6
1,14280,37,rpm,1,1,36.5,36.5,3893,500,0,0,0.0,1,COM8
3,50789,37,rpm,874,1,36.5,36.5,3893,500,0,0,0.0,1,COM6
1,14300,37,rpm,1,1,36.5,36.5,3893,500,0,0,0.0,1,COM8
3,50809,37,rpm,781,1,36.5,36.5,3893,500,0,0,0.0,1,COM6
1,14320,37,rpm,1,1,36.5,36.5,3893,500,0,0,0.0,1,COM8
3,50830,37,rpm,591,1,36.5,36.5,3893,500,0,0,0.0,1,COM6
3,50850,37,rpm,421,1,36.5,36.5,3893,500,0,0,0.0,1,COM6
1,14341,37,rpm,1,1,36.5,36.5,3893,500,0,0,0.0,1,COM8
1,14361,37,rpm,1,1,36.5,36.5,3893,500,0,0,0.0,1,COM8
3,50870,37,rpm,325,1,36.5,36.5,3893,500,0,0,0.0,1,COM6
1,14382,37,rpm,1,1,36.5,36.5,3893,500,0,0,0.0,1,COM8
3,50891,37,rpm,166,1,36.5,36.5,3893,500,0,0,0.0,1,COM6
1,14402,37,rpm,1,1,36.5,36.5,3893,500,0,0,0.0,1,COM8
3,50911,37,rpm,28,2,36.5,36.5,3893,500,0,0,0.0,1,COM6
1,14423,37,rpm,1,1,36.5,36.5,3893,500,0,0,0.0,1,COM8
3,50932,37,rpm,14,2,36.5,36.5,3893,500,0,0,0.0,1,COM6
1,14443,37,rpm,1,1,36.5,36.5,3893,500,0,0,0.0,1,COM8
3,50952,37,rpm,17,2,36.5,36.5,3893,500,0,0,0.0,1,COM6
1,14464,37,rpm,1,1,36.5,36.5,3893,500,0,0,0.0,1,COM8
3,50973,37,rpm,84,2,36.5,36.5,3893,500,0,0,0.0,1,COM6
1,14484,37,rpm,1,1,36.5,36.5,3893,500,0,0,0.0,1,COM8
3,50993,37,rpm,369,2,36.5,36.5,3893,500,0,0,0.0,1,COM6
1,14504,37,rpm,0,1,36.5,36.5,3893,500,0,0,0.0,1,COM8
3,51014,37,rpm,728,2,36.5,36.5,3893,500,0,0,0.0,1,COM6
1,14525,37,rpm,1,1,36.5,36.5,3893,500,0,0,0.0,1,COM8
3,51034,37,rpm,909,3,36.5,36.5,3893,500,0,0,0.0,1,COM6
3,51054,37,rpm,835,3,36.5,36.5,3893,500,0,0,0.0,1,COM6
1,14545,37,rpm,1,1,36.5,36.5,3893,500,0,0,0.0,1,COM8
1,14566,37,rpm,1,1,36.5,36.5,3893,500,0,0,0.0,1,COM8
3,51075,37,rpm,686,3,36.5,36.5,3893,500,0,0,0.0,1,COM6
1,14586,37,rpm,1,1,36.5,36.5,3893,500,0,0,0.0,1,COM8
3,51095,37,rpm,481,3,36.5,36.5,3893,500,0,0,0.0,1,COM6
3,51116,37,rpm,322,3,36.5,36.5,3893,500,0,0,0.0,1,COM6
1,14607,37,rpm,1,1,36.5,36.5,3893,500,0,0,0.0,1,COM8
1,14627,37,rpm,1,1,36.5,36.5,3893,500,0,0,0.0,1,COM8
3,51136,37,rpm,245,4,36.5,36.5,3893,500,0,0,0.0,1,COM6
1,14647,37,rpm,1,1,36.5,36.5,3893,500,0,0,0.0,1,COM8
3,51157,37,rpm,54,4,36.5,36.5,3893,500,0,0,0.0,1,COM6
1,14668,37,rpm,1,1,36.5,36.5,3893,500,0,0,0.0,1,COM8
3,51177,37,rpm,17,4,36.5,36.5,3893,500,0,0,0.0,1,COM6
1,14688,37,rpm,1,1,36.5,36.5,3893,500,0,0,0.0,1,COM8
3,51197,37,rpm,12,4,36.5,36.5,3893,500,0,0,0.0,1,COM6
1,14709,37,rpm,1,1,36.5,36.5,3893,500,0,0,0.0,1,COM8
3,51218,37,rpm,25,5,36.5,36.5,3893,500,0,0,0.0,1,COM6
1,14729,37,rpm,1,1,36.5,36.5,3893,500,0,0,0.0,1,COM8
3,51238,37,rpm,176,5,36.5,36.5,3893,500,0,0,0.0,1,COM6
3,51259,37,rpm,539,5,36.5,36.5,3893,500,0,0,0.0,1,COM6
1,14750,37,rpm,0,1,36.5,36.5,3893,500,0,0,0.0,1,COM8
3,51279,37,rpm,692,6,36.5,36.5,3893,500,0,0,0.0,1,COM6
1,14770,37,rpm,1,1,36.5,36.5,3893,500,0,0,0.0,1,COM8
1,14791,37,rpm,1,1,36.5,36.5,3893,500,0,0,0.0,1,COM8
3,51300,37,rpm,816,6,36.5,36.5,3893,500,0,0,0.0,1,COM6
1,14811,37,rpm,1,1,36.5,36.5,3893,500,0,0,0.0,1,COM8
3,51320,37,rpm,779,6,36.5,36.5,3893,500,0,0,0.0,1,COM6
3,51340,37,rpm,614,7,36.5,36.5,3893,500,0,0,0.0,1,COM6
1,14832,37,rpm,1,1,36.5,36.5,3893,500,0,0,0.0,1,COM8
1,14852,37,rpm,1,1,36.5,36.5,3893,500,0,0,0.0,1,COM8
3,51361,37,rpm,462,7,36.5,36.5,3893,500,0,0,0.0,1,COM6
3,51381,37,rpm,366,8,36.5,36.5,3893,500,0,0,0.0,1,COM6
1,14872,37,rpm,1,1,36.5,36.5,3893,500,0,0,0.0,1,COM8
1,14893,37,rpm,1,1,36.5,36.5,3893,500,0,0,0.0,1,COM8
3,51402,37,rpm,160,8,36.5,36.5,3893,500,0,0,0.0,1,COM6
3,51422,37,rpm,27,9,36.5,36.5,3893,500,0,0,0.0,1,COM6
1,14913,37,rpm,1,1,36.5,36.5,3893,500,0,0,0.0,1,COM8
1,14934,37,rpm,1,1,36.5,36.5,3893,500,0,0,0.0,1,COM8
3,51443,37,rpm,15,9,36.5,36.5,3893,500,0,0,0.0,1,COM6
3,51463,37,rpm,19,10,36.5,36.5,3893,500,0,0,0.0,1,COM6
1,14954,37,rpm,1,1,36.5,36.5,3893,500,0,0,0.0,1,COM8
1,14975,37,rpm,1,1,36.5,36.5,3893,500,0,0,0.0,1,COM8
3,51483,37,rpm,99,10,36.5,36.5,3893,500,0,0,0.0,1,COM6
3,51504,37,rpm,449,11,36.5,36.5,3893,500,0,0,0.0,1,COM6
1,14995,37,rpm,1,1,36.5,36.5,3893,500,0,0,0.0,1,COM8
3,51524,37,rpm,652,11,36.5,36.5,3893,500,0,0,0.0,1,COM6
1,15016,37,rpm,0,1,36.5,36.5,3893,500,0,0,0.0,1,COM8
3,51545,37,rpm,780,12,36.5,36.5,3893,500,0,0,0.0,1,COM6
1,15036,37,rpm,1,1,36.5,36.5,3893,500,0,0,0.0,1,COM8
3,51565,37,rpm,752,12,36.5,36.5,3893,500,0,0,0.0,1,COM6
3,51586,37,rpm,698,13,36.5,36.5,3893,500,0,0,0.0,1,COM6
1,15076,37,rpm,1,1,36.5,36.5,3893,500,0,0,0.0,1,COM8
1,15097,37,rpm,1,1,36.5,36.5,3893,500,0,0,0.0,1,COM8
3,51606,37,rpm,549,14,36.5,36.5,3893,500,0,0,0.0,1,COM6
1,15118,37,rpm,1,1,36.5,36.5,3893,500,0,0,0.0,1,COM8
3,51627,37,rpm,436,14,36.5,36.5,3893,500,0,0,0.0,1,COM6
3,51647,37,rpm,321,15,36.5,36.5,3893,500,0,0,0.0,1,COM6
1,15138,37,rpm,1,1,36.5,36.5,3893,500,0,0,0.0,1,COM8
3,51668,37,rpm,42,16,36.5,36.5,3893,500,0,0,0.0,1,COM6
1,15158,37,rpm,1,1,36.5,36.5,3893,500,0,0,0.0,1,COM8
3,51688,37,rpm,19,16,36.5,36.5,3893,500,0,0,0.0,1,COM6
1,15179,37,rpm,1,1,36.5,36.5,3893,500,0,0,0.0,1,COM8
1,15199,37,rpm,1,1,36.5,36.5,3893,500,0,0,0.0,1,COM8
3,51708,37,rpm,15,17,36.5,36.5,3893,500,0,0,0.0,1,COM6
1,15220,37,rpm,1,1,36.5,36.5,3893,500,0,0,0.0,1,COM8
3,51729,37,rpm,42,18,36.5,36.5,3893,500,0,0,0.0,1,COM6
3,51749,37,rpm,249,18,36.5,36.5,3893,500,0,0,0.0,1,COM6
1,15240,37,rpm,1,1,36.5,36.5,3893,500,0,0,0.0,1,COM8
3,51770,37,rpm,563,19,36.5,36.5,3893,500,0,0,0.0,1,COM6
1,15261,37,rpm,0,1,36.5,36.5,3893,500,0,0,0.0,1,COM8
1,15281,37,rpm,1,1,36.5,36.5,3893,500,0,0,0.0,1,COM8
3,51790,37,rpm,709,20,36.5,36.5,3893,500,0,0,0.0,1,COM6
3,51811,37,rpm,744,21,36.5,36.5,3893,500,0,0,0.0,1,COM6
1,15302,37,rpm,1,1,36.5,36.5,3893,500,0,0,0.0,1,COM8
3,51831,37,rpm,708,22,36.5,36.5,3893,500,0,0,0.0,1,COM6
1,15322,37,rpm,1,1,36.5,36.5,3893,500,0,0,0.0,1,COM8
1,15342,37,rpm,1,1,36.5,36.5,3893,500,0,0,0.0,1,COM8
3,51852,37,rpm,578,23,36.5,36.5,3893,500,0,0,0.0,1,COM6
3,51872,37,rpm,465,23,36.5,36.5,3893,500,0,0,0.0,1,COM6
1,15363,37,rpm,1,1,36.5,36.5,3893,500,0,0,0.0,1,COM8
3,51893,37,rpm,380,24,36.5,36.5,3893,500,0,0,0.0,1,COM6
1,15383,37,rpm,1,1,36.5,36.5,3893,500,0,0,0.0,1,COM8
3,51913,37,rpm,136,25,36.5,36.5,3893,500,0,0,0.0,1,COM6
1,15404,37,rpm,1,1,36.5,36.5,3893,500,0,0,0.0,1,COM8
1,15424,37,rpm,1,1,36.5,36.5,3893,500,0,0,0.0,1,COM8
3,51933,37,rpm,23,26,36.5,36.5,3893,500,0,0,0.0,1,COM6
3,51954,37,rpm,14,27,36.5,36.5,3893,500,0,0,0.0,1,COM6
1,15445,37,rpm,1,1,36.5,36.5,3893,500,0,0,0.0,1,COM8
1,15465,37,rpm,1,1,36.5,36.5,3893,500,0,0,0.0,1,COM8
3,51974,37,rpm,20,28,36.5,36.5,3893,500,0,0,0.0,1,COM6
1,15486,37,rpm,1,1,36.5,36.5,3893,500,0,0,0.0,1,COM8
3,51995,37,rpm,100,29,36.5,36.5,3893,500,0,0,0.0,1,COM6
3,52015,37,rpm,397,30,36.5,36.5,3893,500,0,0,0.0,1,COM6
1,15506,37,rpm,1,1,36.5,36.5,3893,500,0,0,0.0,1,COM8
3,52036,37,rpm,685,31,36.5,36.5,3893,500,0,0,0.0,1,COM6
1,15527,37,rpm,0,1,36.5,36.5,3893,500,0,0,0.0,1,COM8
3,52056,37,rpm,872,32,36.5,36.5,3893,500,0,0,0.0,1,COM6
1,15547,37,rpm,1,1,36.5,36.5,3893,500,0,0,0.0,1,COM8
1,15568,37,rpm,1,1,36.5,36.5,3893,500,0,0,0.0,1,COM8
3,52077,37,rpm,816,33,36.5,36.5,3893,500,0,0,0.0,1,COM6
3,52097,37,rpm,692,35,36.5,36.5,3893,500,0,0,0.0,1,COM6
1,15588,37,rpm,1,1,36.5,36.5,3893,500,0,0,0.0,1,COM8
3,52118,37,rpm,519,36,36.5,36.5,3893,500,0,0,0.0,1,COM6
1,15608,37,rpm,1,1,36.5,36.5,3893,500,0,0,0.0,1,COM8
3,52138,37,rpm,352,37,36.5,36.5,3893,500,0,0,0.0,1,COM6
1,15629,37,rpm,1,1,36.5,36.5,3893,500,0,0,0.0,1,COM8
1,15649,37,rpm,1,1,36.5,36.5,3893,500,0,0,0.0,1,COM8
3,52158,37,rpm,297,38,36.5,36.5,3893,500,0,0,0.0,1,COM6
3,52179,37,rpm,104,39,36.5,36.5,3893,500,0,0,0.0,1,COM6
1,15670,37,rpm,1,1,36.5,36.5,3893,500,0,0,0.0,1,COM8
1,15690,37,rpm,1,1,36.5,36.5,3893,500,0,0,0.0,1,COM8
3,52199,37,rpm,20,40,36.5,36.5,3893,500,0,0,0.0,1,COM6
3,52220,37,rpm,13,42,36.5,36.5,3893,500,0,0,0.0,1,COM6
1,15710,37,rpm,1,1,36.5,36.5,3893,500,0,0,0.0,1,COM8
1,15731,37,rpm,1,1,36.5,36.5,3893,500,0,0,0.0,1,COM8
3,52240,37,rpm,20,43,36.5,36.5,3893,500,0,0,0.0,1,COM6
3,52261,37,rpm,101,44,36.5,36.5,3893,500,0,0,0.0,1,COM6
1,15751,37,rpm,1,1,36.5,36.5,3893,500,0,0,0.0,1,COM8
3,52281,37,rpm,380,46,36.5,36.5,3893,500,0,0,0.0,1,COM6
1,15772,37,rpm,1,1,36.5,36.5,3893,500,0,0,0.0,1,COM8
1,15792,37,rpm,1,1,36.5,36.5,3893,500,0,0,0.0,1,COM8
3,52302,37,rpm,658,47,36.5,36.5,3893,500,0,0,0.0,1,COM6
1,15813,37,rpm,1,1,36.5,36.5,3893,500,0,0,0.0,1,COM8
3,52322,37,rpm,817,48,36.5,36.5,3893,500,0,0,0.0,1,COM6
1,15833,37,rpm,1,1,36.5,36.5,3893,500,0,0,0.0,1,COM8
3,52343,37,rpm,767,50,36.5,36.5,3893,500,0,0,0.0,1,COM6
3,52363,37,rpm,636,51,36.5,36.5,3893,500,0,0,0.0,1,COM6
1,15853,37,rpm,1,1,36.5,36.5,3893,500,0,0,0.0,1,COM8
3,52383,37,rpm,456,52,36.5,36.5,3893,500,0,0,0.0,1,COM6
1,15874,37,rpm,1,1,36.5,36.5,3893,500,0,0,0.0,1,COM8
1,15894,37,rpm,1,1,36.5,36.5,3893,500,0,0,0.0,1,COM8
3,52404,37,rpm,338,54,36.5,36.5,3893,500,0,1,0.0,1,COM6
3,52424,37,rpm,272,55,36.5,36.5,3893,500,0,1,0.001,1,COM6
1,15915,37,rpm,1,1,36.5,36.5,3893,500,0,0,0.0,1,COM8
3,52445,37,rpm,39,57,36.5,36.5,3893,500,0,1,0.001,1,COM6
1,15935,37,rpm,1,1,36.5,36.5,3893,500,0,0,0.0,1,COM8
1,15956,37,rpm,1,1,36.5,36.5,3893,500,0,0,0.0,1,COM8
3,52465,37,rpm,17,58,36.5,36.5,3893,500,0,1,0.001,1,COM6
1,15976,37,rpm,1,1,36.5,36.5,3893,500,0,0,0.0,1,COM8
3,52486,37,rpm,13,60,36.5,36.5,3893,500,0,1,0.001,1,COM6
3,52506,37,rpm,39,61,36.5,36.5,3893,500,0,1,0.001,1,COM6
1,15997,37,rpm,1,1,36.5,36.5,3893,500,0,0,0.0,1,COM8
1,16017,37,rpm,1,1,36.5,36.5,3893,500,0,0,0.0,1,COM8
3,52527,37,rpm,232,63,36.5,36.5,3893,500,0,1,0.001,1,COM6
3,52547,37,rpm,602,64,36.5,36.5,3893,500,0,1,0.001,1,COM6
1,16038,37,rpm,0,1,36.5,36.5,3893,500,0,0,0.0,1,COM8
3,52568,37,rpm,839,66,36.5,36.5,3893,500,0,1,0.001,1,COM6
1,16058,37,rpm,1,1,36.5,36.5,3893,500,0,0,0.0,1,COM8
1,16079,37,rpm,1,1,36.5,36.5,3893,500,0,0,0.0,1,COM8
3,52588,37,rpm,848,68,36.5,36.5,3893,500,0,1,0.001,1,COM6
3,52609,37,rpm,744,69,36.5,36.5,3893,500,0,1,0.001,1,COM6
1,16099,37,rpm,1,1,36.5,36.5,3893,500,0,0,0.0,1,COM8
1,16119,37,rpm,1,1,36.5,36.5,3893,500,0,0,0.0,1,COM8
3,52629,37,rpm,551,71,36.5,36.5,3893,500,0,1,0.001,1,COM6
1,16140,37,rpm,1,1,36.5,36.5,3893,500,0,0,0.0,1,COM8
3,52649,37,rpm,383,73,36.5,36.5,3893,500,0,1,0.001,1,COM6
3,52670,37,rpm,273,74,36.5,36.5,3893,500,0,1,0.001,1,COM6
1,16160,37,rpm,1,1,36.5,36.5,3893,500,0,0,0.0,1,COM8
1,16181,37,rpm,1,1,36.5,36.5,3893,500,0,0,0.0,1,COM8
3,52690,37,rpm,149,76,36.5,36.5,3893,500,0,1,0.001,1,COM6
1,16201,37,rpm,1,1,36.5,36.5,3893,500,0,0,0.0,1,COM8
3,52711,37,rpm,26,78,36.5,36.5,3893,500,0,1,0.001,1,COM6
1,16222,37,rpm,1,1,36.5,36.5,3893,500,0,0,0.0,1,COM8
3,52731,37,rpm,13,79,36.5,36.5,3893,500,0,1,0.001,1,COM6
3,52752,37,rpm,14,81,36.5,36.5,3893,500,0,1,0.001,1,COM6
1,16242,37,rpm,1,1,36.5,36.5,3893,500,0,0,0.0,1,COM8
1,16262,37,rpm,1,1,36.5,36.5,3893,500,0,0,0.0,1,COM8
3,52772,37,rpm,71,83,36.5,36.5,3893,500,0,1,0.001,1,COM6
1,16283,37,rpm,1,1,36.5,36.5,3893,500,0,0,0.0,1,COM8
3,52793,37,rpm,388,85,36.5,36.5,3893,500,0,1,0.001,1,COM6
1,16303,37,rpm,1,1,36.5,36.5,3893,500,0,0,0.0,1,COM8
3,52813,37,rpm,614,86,36.5,36.5,3893,500,0,1,0.001,1,COM6
3,52834,37,rpm,756,88,36.5,36.5,3893,500,0,1,0.001,1,COM6
1,16324,37,rpm,1,1,36.5,36.5,3893,500,0,0,0.0,1,COM8
3,52854,37,rpm,793,90,36.5,36.5,3893,500,0,1,0.001,1,COM6
1,16344,37,rpm,1,1,36.5,36.5,3893,500,0,0,0.0,1,COM8
3,52875,37,rpm,663,92,36.5,36.5,3893,500,0,1,0.001,1,COM6
1,16365,37,rpm,1,1,36.5,36.5,3893,500,0,0,0.0,1,COM8
1,16385,37,rpm,1,1,36.5,36.5,3893,500,0,0,0.0,1,COM8
3,52895,37,rpm,509,94,36.5,36.5,3893,500,0,1,0.001,1,COM6
1,16406,37,rpm,1,1,36.5,36.5,3893,500,0,0,0.0,1,COM8
3,52916,37,rpm,380,96,36.5,36.5,3893,500,0,1,0.001,1,COM6
1,16426,37,rpm,1,1,36.5,36.5,3893,500,0,0,0.0,1,COM8
3,52936,37,rpm,276,98,36.5,36.5,3893,500,0,1,0.001,1,COM6
3,52956,37,rpm,35,100,36.5,36.5,3893,500,0,1,0.001,1,COM6
1,16446,37,rpm,1,1,36.5,36.5,3893,500,0,0,0.0,1,COM8
1,16467,37,rpm,1,1,36.5,36.5,3893,500,0,0,0.0,1,COM8
3,52977,37,rpm,17,101,36.5,36.5,3893,500,0,1,0.001,1,COM6
3,52997,37,rpm,14,103,36.5,36.5,3893,500,0,1,0.001,1,COM6
1,16487,37,rpm,1,1,36.5,36.5,3893,500,0,0,0.0,1,COM8
3,53018,37,rpm,45,105,36.5,36.5,3893,500,0,1,0.001,1,COM6
1,16508,37,rpm,1,1,36.5,36.5,3893,500,0,0,0.0,1,COM8
1,16528,37,rpm,1,1,36.5,36.5,3893,500,0,0,0.0,1,COM8
3,53038,37,rpm,306,107,36.5,36.5,3893,500,0,1,0.001,1,COM6
3,53059,37,rpm,610,109,36.5,36.5,3893,500,0,1,0.001,1,COM6
1,16549,37,rpm,0,1,36.5,36.5,3893,500,0,0,0.0,1,COM8
3,53079,37,rpm,738,111,36.5,36.5,3893,500,0,1,0.001,1,COM6
1,16569,37,rpm,0,1,36.5,36.5,3893,500,0,0,0.0,1,COM8
1,16589,37,rpm,1,1,36.5,36.5,3893,500,0,0,0.0,1,COM8
3,53100,37,rpm,758,113,36.5,36.5,3893,500,0,1,0.001,1,COM6
3,53120,37,rpm,719,115,36.5,36.5,3893,500,0,1,0.001,1,COM6
1,16610,37,rpm,1,1,36.5,36.5,3893,500,0,0,0.0,1,COM8
1,16630,37,rpm,1,1,36.5,36.5,3893,500,0,0,0.0,1,COM8
3,53141,37,rpm,601,117,36.5,36.5,3893,500,0,2,0.001,1,COM6
1,16651,37,rpm,1,1,36.5,36.5,3893,500,0,0,0.0,1,COM8
3,53161,37,rpm,485,119,36.5,36.5,3893,500,0,2,0.002,1,COM6
3,53181,37,rpm,382,121,36.5,36.5,3893,500,0,2,0.002,1,COM6
1,16671,37,rpm,1,1,36.5,36.5,3893,500,0,0,0.0,1,COM8
1,16692,37,rpm,1,1,36.5,36.5,3893,500,0,0,0.0,1,COM8
3,53202,37,rpm,159,123,36.5,36.5,3893,500,0,2,0.002,1,COM6
1,16712,37,rpm,1,1,36.5,36.5,3893,500,0,0,0.0,1,COM8
3,53222,37,rpm,26,126,36.5,36.5,3893,500,0,2,0.002,1,COM6
1,16732,37,rpm,1,1,36.5,36.5,3893,500,0,0,0.0,1,COM8
3,53243,37,rpm,14,128,36.5,36.5,3893,500,0,2,0.002,1,COM6
1,16753,37,rpm,1,1,36.5,36.5,3893,500,0,0,0.0,1,COM8
3,53263,37,rpm,21,130,36.5,36.5,3893,500,0,2,0.002,1,COM6
1,16773,37,rpm,1,1,36.5,36.5,3893,500,0,0,0.0,1,COM8
3,53284,37,rpm,112,132,36.5,36.5,3893,500,0,2,0.002,1,COM6
1,16794,37,rpm,1,1,36.5,36.5,3893,500,0,0,0.0,1,COM8
3,53304,37,rpm,447,134,36.5,36.5,3893,500,0,2,0.002,1,COM6
1,16814,37,rpm,1,1,36.5,36.5,3893,500,0,0,0.0,1,COM8
3,53325,37,rpm,644,136,36.5,36.5,3893,500,0,2,0.002,1,COM6
1,16835,37,rpm,1,1,36.5,36.5,3893,500,0,0,0.0,1,COM8
3,53345,37,rpm,739,138,36.5,36.5,3893,500,0,2,0.002,1,COM6
1,16855,37,rpm,1,1,36.5,36.5,3893,500,0,0,0.0,1,COM8
3,53366,37,rpm,701,140,36.5,36.5,3893,500,0,2,0.002,1,COM6
1,16876,37,rpm,1,1,36.5,36.5,3893,500,0,0,0.0,1,COM8
3,53386,37,rpm,635,142,36.5,36.5,3893,500,0,2,0.002,1,COM6
1,16896,37,rpm,1,1,36.5,36.5,3893,500,0,0,0.0,1,COM8
3,53407,37,rpm,507,145,36.5,36.5,3893,500,0,2,0.002,1,COM6
3,53427,37,rpm,413,147,36.5,36.5,3893,500,0,2,0.002,1,COM6
1,16916,37,rpm,1,1,36.5,36.5,3893,500,0,0,0.0,1,COM8
1,16937,37,rpm,1,1,36.5,36.5,3893,500,0,0,0.0,1,COM8
3,53448,37,rpm,265,149,36.5,36.5,3893,500,0,2,0.002,1,COM6
1,16957,37,rpm,1,1,36.5,36.5,3893,500,0,0,0.0,1,COM8
3,53468,37,rpm,32,151,36.5,36.5,3893,500,0,2,0.002,1,COM6
1,16978,37,rpm,1,1,36.5,36.5,3893,500,0,0,0.0,1,COM8
3,53489,37,rpm,16,153,36.5,36.5,3893,500,0,2,0.002,1,COM6
1,16998,37,rpm,1,1,36.5,36.5,3893,500,0,0,0.0,1,COM8
3,53509,37,rpm,14,155,36.5,36.5,3893,500,0,2,0.002,1,COM6
1,17019,37,rpm,1,1,36.5,36.5,3893,500,0,0,0.0,1,COM8
3,53530,37,rpm,45,158,36.5,36.5,3893,500,0,2,0.002,1,COM6
1,17039,37,rpm,1,1,36.5,36.5,3893,500,0,0,0.0,1,COM8
3,53550,37,rpm,245,160,36.5,36.5,3893,500,0,2,0.002,1,COM6
1,17060,37,rpm,1,1,36.5,36.5,3893,500,0,0,0.0,1,COM8
3,53571,37,rpm,552,162,36.5,36.5,3893,500,0,3,0.002,1,COM6
1,17080,37,rpm,1,1,36.5,36.5,3893,500,0,0,0.0,1,COM8
3,53591,37,rpm,814,164,36.5,36.5,3893,500,0,3,0.003,1,COM6
1,17100,37,rpm,1,1,36.5,36.5,3893,500,0,0,0.0,1,COM8
3,53612,37,rpm,860,167,36.5,36.5,3893,500,0,3,0.003,1,COM6
3,53632,37,rpm,765,169,36.5,36.5,3893,500,0,3,0.003,1,COM6
1,17121,37,rpm,1,1,36.5,36.5,3893,500,0,0,0.0,1,COM8
1,17141,37,rpm,1,1,36.5,36.5,3893,500,0,0,0.0,1,COM8
3,53653,37,rpm,597,171,36.5,36.5,3893,500,0,3,0.003,1,COM6
1,17162,37,rpm,1,1,36.5,36.5,3893,500,0,0,0.0,1,COM8
3,53673,37,rpm,420,173,36.5,36.5,3893,500,0,3,0.003,1,COM6
1,17182,37,rpm,1,1,36.5,36.5,3893,500,0,0,0.0,1,COM8
3,53693,37,rpm,306,175,36.5,36.5,3893,500,0,3,0.003,1,COM6
1,17203,37,rpm,1,1,36.5,36.5,3893,500,0,0,0.0,1,COM8
3,53714,37,rpm,206,178,36.5,36.5,3893,500,0,3,0.003,1,COM6
1,17223,37,rpm,1,1,36.5,36.5,3893,500,0,0,0.0,1,COM8
3,53734,37,rpm,30,180,36.5,36.5,3893,500,0,3,0.003,1,COM6
1,17244,37,rpm,1,1,36.5,36.5,3893,500,0,0,0.0,1,COM8
3,53755,37,rpm,14,182,36.5,36.5,3893,500,0,3,0.003,1,COM6
1,17264,37,rpm,1,1,36.5,36.5,3893,500,0,0,0.0,1,COM8
3,53775,37,rpm,13,184,36.5,36.5,3893,500,0,3,0.003,1,COM6
1,17285,37,rpm,1,1,36.5,36.5,3893,500,0,0,0.0,1,COM8
3,53796,37,rpm,46,187,36.5,36.5,3893,500,0,3,0.003,1,COM6
3,53816,37,rpm,252,189,36.5,36.5,3893,500,0,3,0.003,1,COM6
1,17305,37,rpm,1,1,36.5,36.5,3893,500,0,0,0.0,1,COM8
1,17326,37,rpm,0,1,36.5,36.5,3893,500,0,0,0.0,1,COM8
3,53837,37,rpm,559,191,36.5,36.5,3893,500,0,3,0.003,1,COM6
1,17346,37,rpm,1,1,36.5,36.5,3893,500,0,0,0.0,1,COM8
3,53857,37,rpm,803,193,36.5,36.5,3893,500,0,3,0.003,1,COM6
1,17366,37,rpm,1,1,36.5,36.5,3893,500,0,0,0.0,1,COM8
3,53878,37,rpm,796,196,36.5,36.5,3893,500,0,3,0.003,1,COM6
3,53898,37,rpm,706,198,36.5,36.5,3893,500,0,4,0.003,1,COM6
1,17387,37,rpm,1,1,36.5,36.5,3893,500,0,0,0.0,1,COM8
1,17407,37,rpm,1,1,36.5,36.5,3893,500,0,0,0.0,1,COM8
3,53919,37,rpm,530,200,36.5,36.5,3893,500,0,4,0.003,1,COM6
1,17428,37,rpm,1,1,36.5,36.5,3893,500,0,0,0.0,1,COM8
3,53939,37,rpm,369,202,36.5,36.5,3893,500,0,4,0.004,1,COM6
1,17448,37,rpm,1,1,36.5,36.5,3893,500,0,0,0.0,1,COM8
3,53960,37,rpm,296,205,36.5,36.5,3893,500,0,4,0.004,1,COM6
1,17469,37,rpm,1,1,36.5,36.5,3893,500,0,0,0.0,1,COM8
3,53980,37,rpm,123,207,36.5,36.5,3893,500,0,4,0.004,1,COM6
1,17489,37,rpm,1,1,36.5,36.5,3893,500,0,0,0.0,1,COM8
3,54001,37,rpm,22,209,36.5,36.5,3893,500,0,4,0.004,1,COM6
1,17509,37,rpm,1,1,36.5,36.5,3893,500,0,0,0.0,1,COM8
3,54021,37,rpm,12,211,36.5,36.5,3893,500,0,4,0.004,1,COM6
1,17530,37,rpm,1,1,36.5,36.5,3893,500,0,0,0.0,1,COM8
3,54042,37,rpm,19,214,36.5,36.5,3893,500,0,4,0.004,1,COM6
1,17550,37,rpm,1,1,36.5,36.5,3893,500,0,0,0.0,1,COM8
3,54062,37,rpm,109,216,36.5,36.5,3893,500,0,4,0.004,1,COM6
3,54083,37,rpm,433,218,36.5,36.5,3893,500,0,4,0.004,1,COM6
1,17571,37,rpm,1,1,36.5,36.5,3893,500,0,0,0.0,1,COM8
3,54103,37,rpm,755,220,36.5,36.5,3893,500,0,4,0.004,1,COM6
1,17591,37,rpm,0,1,36.5,36.5,3893,500,0,0,0.0,1,COM8
1,17612,37,rpm,1,1,36.5,36.5,3893,500,0,0,0.0,1,COM8
3,54124,37,rpm,860,223,36.5,36.5,3893,500,0,4,0.004,1,COM6
1,17632,37,rpm,1,1,36.5,36.5,3893,500,0,0,0.0,1,COM8
3,54144,37,rpm,779,225,36.5,36.5,3893,500,0,4,0.004,1,COM6
1,17653,37,rpm,1,1,36.5,36.5,3893,500,0,0,0.0,1,COM8
3,54165,37,rpm,615,227,36.5,36.5,3893,500,0,4,0.004,1,COM6
1,17673,37,rpm,1,1,36.5,36.5,3893,500,0,0,0.0,1,COM8
3,54185,37,rpm,434,229,36.5,36.5,3893,500,0,5,0.004,1,COM6
1,17694,37,rpm,1,1,36.5,36.5,3893,500,0,0,0.0,1,COM8
3,54206,37,rpm,296,231,36.5,36.5,3893,500,0,5,0.005,1,COM6
1,17714,37,rpm,1,1,36.5,36.5,3893,500,0,0,0.0,1,COM8
3,54226,37,rpm,215,234,36.5,36.5,3893,500,0,5,0.005,1,COM6
1,17734,37,rpm,1,1,36.5,36.5,3893,500,0,0,0.0,1,COM8
3,54247,37,rpm,33,236,36.5,36.5,3893,500,0,5,0.005,1,COM6
1,17755,37,rpm,1,1,36.5,36.5,3893,500,0,0,0.0,1,COM8
3,54267,37,rpm,15,238,36.5,36.5,3893,500,0,5,0.005,1,COM6
1,17775,37,rpm,1,1,36.5,36.5,3893,500,0,0,0.0,1,COM8
3,54288,37,rpm,12,240,36.5,36.5,3893,500,0,5,0.005,1,COM6
1,17796,37,rpm,1,1,36.5,36.5,3893,500,0,0,0.0,1,COM8
3,54308,37,rpm,38,242,36.5,36.5,3893,500,0,5,0.005,1,COM6
1,17816,37,rpm,1,1,36.5,36.5,3893,500,0,0,0.0,1,COM8
3,54329,37,rpm,265,245,36.5,36.5,3893,500,0,5,0.005,1,COM6
1,17837,37,rpm,0,1,36.5,36.5,3893,500,0,0,0.0,1,COM8
3,54349,37,rpm,576,247,36.5,36.5,3893,500,0,5,0.005,1,COM6
1,17857,37,rpm,1,1,36.5,36.5,3893,500,0,0,0.0,1,COM8
3,54370,37,rpm,708,249,36.5,36.5,3893,500,0,5,0.005,1,COM6
1,17878,37,rpm,1,1,36.5,36.5,3893,500,0,0,0.0,1,COM8
3,54390,37,rpm,781,251,36.5,36.5,3893,500,0,5,0.005,1,COM6
1,17898,37,rpm,1,1,36.5,36.5,3893,500,0,0,0.0,1,COM8
3,54411,37,rpm,721,253,36.5,36.5,3893,500,0,5,0.005,1,COM6
1,17918,37,rpm,1,1,36.5,36.5,3893,500,0,0,0.0,1,COM8
3,54431,37,rpm,562,255,36.5,36.5,3893,500,0,6,0.005,1,COM6
1,17939,37,rpm,1,1,36.5,36.5,3893,500,0,0,0.0,1,COM8
3,54452,37,rpm,427,258,36.5,36.5,3893,500,0,6,0.005,1,COM6
1,17959,37,rpm,1,1,36.5,36.5,3893,500,0,0,0.0,1,COM8
3,54472,37,rpm,342,260,36.5,36.5,3893,500,0,6,0.006,1,COM6
1,17980,37,rpm,1,1,36.5,36.5,3893,500,0,0,0.0,1,COM8
3,54493,37,rpm,91,262,36.5,36.5,3893,500,0,6,0.006,1,COM6
1,18000,37,rpm,1,1,36.5,36.5,3893,500,0,0,0.0,1,COM8
3,54513,37,rpm,20,264,36.5,36.5,3893,500,0,6,0.006,1,COM6
3,54534,37,rpm,13,266,36.5,36.5,3893,500,0,6,0.006,1,COM6
1,18021,37,rpm,1,1,36.5,36.5,3893,500,0,0,0.0,1,COM8
1,18041,37,rpm,1,1,36.5,36.5,3893,500,0,0,0.0,1,COM8
3,54554,37,rpm,25,268,36.5,36.5,3893,500,0,6,0.006,1,COM6
1,18062,37,rpm,1,1,36.5,36.5,3893,500,0,0,0.0,1,COM8
3,54575,37,rpm,171,270,36.5,36.5,3893,500,0,6,0.006,1,COM6
1,18082,37,rpm,1,1,36.5,36.5,3893,500,0,0,0.0,1,COM8
3,54595,37,rpm,552,272,36.5,36.5,3893,500,0,6,0.006,1,COM6
1,18103,37,rpm,1,1,36.5,36.5,3893,500,0,0,0.0,1,COM8
3,54616,37,rpm,691,274,36.5,36.5,3893,500,0,6,0.006,1,COM6
1,18123,37,rpm,1,1,36.5,36.5,3893,500,0,0,0.0,1,COM8
3,54636,37,rpm,762,276,36.5,36.5,3893,500,0,6,0.006,1,COM6
1,18143,37,rpm,1,1,36.5,36.5,3893,500,0,0,0.0,1,COM8
3,54657,37,rpm,726,278,36.5,36.5,3893,500,0,7,0.006,1,COM6
1,18164,37,rpm,1,1,36.5,36.5,3893,500,0,0,0.0,1,COM8
3,54677,37,rpm,642,280,36.5,36.5,3893,500,0,7,0.006,1,COM6
1,18184,37,rpm,1,1,36.5,36.5,3893,500,0,0,0.0,1,COM8
3,54698,37,rpm,507,282,36.5,36.5,3893,500,0,7,0.007,1,COM6
1,18205,37,rpm,1,1,36.5,36.5,3893,500,0,0,0.0,1,COM8
3,54718,37,rpm,405,284,36.5,36.5,3893,500,0,7,0.007,1,COM6
1,18225,37,rpm,1,1,36.5,36.5,3893,500,0,0,0.0,1,COM8
3,54739,37,rpm,235,286,36.5,36.5,3893,500,0,7,0.007,1,COM6
1,18246,37,rpm,1,1,36.5,36.5,3893,500,0,0,0.0,1,COM8
3,54759,37,rpm,31,288,36.5,36.5,3893,500,0,7,0.007,1,COM6
1,18266,37,rpm,1,1,36.5,36.5,3893,500,0,0,0.0,1,COM8
3,54780,37,rpm,16,290,36.5,36.5,3893,500,0,7,0.007,1,COM6
1,18287,37,rpm,1,1,36.5,36.5,3893,500,0,0,0.0,1,COM8
3,54800,37,rpm,17,292,36.5,36.5,3893,500,0,7,0.007,1,COM6
1,18307,37,rpm,1,1,36.5,36.5,3893,500,0,0,0.0,1,COM8
3,54821,37,rpm,72,294,36.5,36.5,3893,500,0,7,0.007,1,COM6
1,18328,37,rpm,1,1,36.5,36.5,3893,500,0,0,0.0,1,COM8
3,54841,37,rpm,362,296,36.5,36.5,3893,500,0,7,0.007,1,COM6
1,18348,37,rpm,0,1,36.5,36.5,3893,500,0,0,0.0,1,COM8
3,54862,37,rpm,612,298,36.5,36.5,3893,500,0,8,0.007,1,COM6
1,18369,37,rpm,1,1,36.5,36.5,3893,500,0,0,0.0,1,COM8
3,54882,37,rpm,722,300,36.5,36.5,3893,500,0,8,0.007,1,COM6
1,18389,37,rpm,1,1,36.5,36.5,3893,500,0,0,0.0,1,COM8
3,54903,37,rpm,711,302,36.5,36.5,3893,500,0,8,0.008,1,COM6
1,18410,37,rpm,1,1,36.5,36.5,3893,500,0,0,0.0,1,COM8
3,54923,37,rpm,666,304,36.5,36.5,3893,500,0,8,0.008,1,COM6
1,18430,37,rpm,1,1,36.5,36.5,3893,500,0,0,0.0,1,COM8
3,54944,37,rpm,538,306,36.5,36.5,3893,500,0,8,0.008,1,COM6
1,18450,37,rpm,1,1,36.5,36.5,3893,500,0,0,0.0,1,COM8
3,54964,37,rpm,439,308,36.5,36.5,3893,500,0,8,0.008,1,COM6
1,18471,37,rpm,1,1,36.5,36.5,3893,500,0,0,0.0,1,COM8
3,54985,37,rpm,342,309,36.5,36.5,3893,500,0,8,0.008,1,COM6
1,18491,37,rpm,1,1,36.5,36.5,3893,500,0,0,0.0,1,COM8
3,55005,37,rpm,53,311,36.5,36.5,3893,500,0,8,0.008,1,COM6
1,18512,37,rpm,1,1,36.5,36.5,3893,500,0,0,0.0,1,COM8
3,55026,37,rpm,18,313,36.5,36.5,3893,500,0,8,0.008,1,COM6
1,18532,37,rpm,1,1,36.5,36.5,3893,500,0,0,0.0,1,COM8
3,55046,37,rpm,13,315,36.5,36.5,3893,500,0,9,0.008,1,COM6
1,18553,37,rpm,1,1,36.5,36.5,3893,500,0,0,0.0,1,COM8
3,55067,37,rpm,30,317,36.5,36.5,3893,500,0,9,0.008,1,COM6
1,18573,37,rpm,1,1,36.5,36.5,3893,500,0,0,0.0,1,COM8
3,55087,37,rpm,167,318,36.5,36.5,3893,500,0,9,0.008,1,COM6
1,18594,37,rpm,1,1,36.5,36.5,3893,500,0,0,0.0,1,COM8
3,55108,37,rpm,475,320,36.5,36.5,3893,500,0,9,0.009,1,COM6
1,18614,37,rpm,0,1,36.5,36.5,3893,500,0,0,0.0,1,COM8
3,55128,37,rpm,710,322,36.5,36.5,3893,500,0,9,0.009,1,COM6
1,18635,37,rpm,1,1,36.5,36.5,3893,500,0,0,0.0,1,COM8
3,55149,37,rpm,845,324,36.5,36.5,3893,500,0,9,0.009,1,COM6
1,18655,37,rpm,1,1,36.5,36.5,3893,500,0,0,0.0,1,COM8
3,55169,37,rpm,778,325,36.5,36.5,3893,500,0,9,0.009,1,COM6
1,18676,37,rpm,1,1,36.5,36.5,3893,500,0,0,0.0,1,COM8
3,55190,37,rpm,637,327,36.5,36.5,3893,500,0,9,0.009,1,COM6
1,18696,37,rpm,1,1,36.5,36.5,3893,500,0,0,0.0,1,COM8
3,55210,37,rpm,467,329,36.5,36.5,3893,500,0,9,0.009,1,COM6
1,18717,37,rpm,1,1,36.5,36.5,3893,500,0,0,0.0,1,COM8
3,55231,37,rpm,341,330,36.5,36.5,3893,500,0,9,0.009,1,COM6
1,18737,37,rpm,1,1,36.5,36.5,3893,500,0,0,0.0,1,COM8
3,55251,37,rpm,261,332,36.5,36.5,3893,500,0,10,0.009,1,COM6
1,18757,37,rpm,1,1,36.5,36.5,3893,500,0,0,0.0,1,COM8
3,55272,37,rpm,36,334,36.5,36.5,3893,500,0,10,0.009,1,COM6
1,18778,37,rpm,1,1,36.5,36.5,3893,500,0,0,0.0,1,COM8
3,55292,37,rpm,16,335,36.5,36.5,3893,500,0,10,0.01,1,COM6
1,18798,37,rpm,1,1,36.5,36.5,3893,500,0,0,0.0,1,COM8
3,55313,37,rpm,12,337,36.5,36.5,3893,500,0,10,0.01,1,COM6
1,18819,37,rpm,1,1,36.5,36.5,3893,500,0,0,0.0,1,COM8
3,55333,37,rpm,32,338,36.5,36.5,3893,500,0,10,0.01,1,COM6
1,18839,37,rpm,1,1,36.5,36.5,3893,500,0,0,0.0,1,COM8
3,55354,37,rpm,192,340,36.5,36.5,3893,500,0,10,0.01,1,COM6
1,18860,37,rpm,1,1,36.5,36.5,3893,500,0,0,0.0,1,COM8
3,55374,37,rpm,481,341,36.5,36.5,3893,500,0,10,0.01,1,COM6
1,18880,37,rpm,1,1,36.5,36.5,3893,500,0,0,0.0,1,COM8
3,55395,37,rpm,719,343,36.5,36.5,3893,500,0,10,0.01,1,COM6
1,18900,37,rpm,1,1,36.5,36.5,3893,500,0,0,0.0,1,COM8
3,55415,37,rpm,798,345,36.5,36.5,3893,500,0,11,0.01,1,COM6
1,18921,37,rpm,1,1,36.5,36.5,3893,500,0,0,0.0,1,COM8
3,55436,37,rpm,719,346,36.5,36.5,3893,500,0,11,0.01,1,COM6
1,18941,37,rpm,1,1,36.5,36.5,3893,500,0,0,0.0,1,COM8
3,55456,37,rpm,569,348,36.5,36.5,3893,500,0,11,0.01,1,COM6
1,18962,37,rpm,1,1,36.5,36.5,3893,500,0,0,0.0,1,COM8
3,55477,37,rpm,408,349,36.5,36.5,3893,500,0,11,0.011,1,COM6
1,18982,37,rpm,1,1,36.5,36.5,3893,500,0,0,0.0,1,COM8
3,55497,37,rpm,329,350,36.5,36.5,3893,500,0,11,0.011,1,COM6
1,19003,37,rpm,1,1,36.5,36.5,3893,500,0,0,0.0,1,COM8
3,55518,37,rpm,167,352,36.5,36.5,3893,500,0,11,0.011,1,COM6
1,19023,37,rpm,1,1,36.5,36.5,3893,500,0,0,0.0,1,COM8
3,55538,37,rpm,27,353,36.5,36.5,3893,500,0,11,0.011,1,COM6
1,19044,37,rpm,1,1,36.5,36.5,3893,500,0,0,0.0,1,COM8
3,55559,37,rpm,13,355,36.5,36.5,3893,500,0,11,0.011,1,COM6
1,19064,37,rpm,1,1,36.5,36.5,3893,500,0,0,0.0,1,COM8
3,55579,37,rpm,16,356,36.5,36.5,3893,500,0,11,0.011,1,COM6
1,19085,37,rpm,1,1,36.5,36.5,3893,500,0,0,0.0,1,COM8
3,55600,37,rpm,84,357,36.5,36.5,3893,500,0,12,0.011,1,COM6
1,19105,37,rpm,1,1,36.5,36.5,3893,500,0,0,0.0,1,COM8
3,55621,37,rpm,373,359,36.5,36.5,3893,500,0,12,0.011,1,COM6
1,19126,37,rpm,0,1,36.5,36.5,3893,500,0,0,0.0,1,COM8
3,55641,37,rpm,712,360,36.5,36.5,3893,500,0,12,0.012,1,COM6
1,19146,37,rpm,1,1,36.5,36.5,3893,500,0,0,0.0,1,COM8
3,55662,37,rpm,884,361,36.5,36.5,3893,500,0,12,0.012,1,COM6
1,19166,37,rpm,1,1,36.5,36.5,3893,500,0,0,0.0,1,COM8
3,55682,37,rpm,799,363,36.5,36.5,3893,500,0,12,0.012,1,COM6
1,19187,37,rpm,1,1,36.5,36.5,3893,500,0,0,0.0,1,COM8
3,55703,37,rpm,668,364,36.5,36.5,3893,500,0,12,0.012,1,COM6
1,19207,37,rpm,1,1,36.5,36.5,3893,500,0,0,0.0,1,COM8
3,55723,37,rpm,475,365,36.5,36.5,3893,500,0,12,0.012,1,COM6
1,19228,37,rpm,1,1,36.5,36.5,3893,500,0,0,0.0,1,COM8
3,55744,37,rpm,321,366,36.5,36.5,3893,500,0,12,0.012,1,COM6
1,19248,37,rpm,1,1,36.5,36.5,3893,500,0,0,0.0,1,COM8
3,55764,37,rpm,242,368,36.5,36.5,3893,500,0,13,0.012,1,COM6
1,19269,37,rpm,1,1,36.5,36.5,3893,500,0,0,0.0,1,COM8
3,55785,37,rpm,57,369,36.5,36.5,3893,500,0,13,0.012,1,COM6
1,19289,37,rpm,1,1,36.5,36.5,3893,500,0,0,0.0,1,COM8
3,55805,37,rpm,17,370,36.5,36.5,3893,500,0,13,0.012,1,COM6
1,19310,37,rpm,1,1,36.5,36.5,3893,500,0,0,0.0,1,COM8
3,55826,37,rpm,11,371,36.5,36.5,3893,500,0,13,0.013,1,COM6
1,19330,37,rpm,1,1,36.5,36.5,3893,500,0,0,0.0,1,COM8
3,55846,37,rpm,24,372,36.5,36.5,3893,500,0,13,0.013,1,COM6
1,19351,37,rpm,1,1,36.5,36.5,3893,500,0,0,0.0,1,COM8
3,55867,37,rpm,176,374,36.5,36.5,3893,500,0,13,0.013,1,COM6
1,19371,37,rpm,1,1,36.5,36.5,3893,500,0,0,0.0,1,COM8
3,55887,37,rpm,536,375,36.5,36.5,3893,500,0,13,0.013,1,COM6
1,19391,37,rpm,0,1,36.5,36.5,3893,500,0,0,0.0,1,COM8
3,55908,37,rpm,673,376,36.5,36.5,3893,500,0,14,0.013,1,COM6
1,19412,37,rpm,1,1,36.5,36.5,3893,500,0,0,0.0,1,COM8
3,55928,37,rpm,769,377,36.5,36.5,3893,500,0,14,0.013,1,COM6
1,19432,37,rpm,1,1,36.5,36.5,3893,500,0,0,0.0,1,COM8
3,55949,37,rpm,745,378,36.5,36.5,3893,500,0,14,0.013,1,COM6
1,19453,37,rpm,1,1,36.5,36.5,3893,500,0,0,0.0,1,COM8
3,55969,37,rpm,591,379,36.5,36.5,3893,500,0,14,0.013,1,COM6
1,19473,37,rpm,1,1,36.5,36.5,3893,500,0,0,0.0,1,COM8
3,55990,37,rpm,442,380,36.5,36.5,3893,500,0,14,0.014,1,COM6
1,19494,37,rpm,1,1,36.5,36.5,3893,500,0,0,0.0,1,COM8
3,56010,37,rpm,348,381,36.5,36.5,3893,500,0,14,0.014,1,COM6
1,19514,37,rpm,1,1,36.5,36.5,3893,500,0,0,0.0,1,COM8
3,56031,37,rpm,135,382,36.5,36.5,3893,500,0,14,0.014,1,COM6
1,19535,37,rpm,1,1,36.5,36.5,3893,500,0,0,0.0,1,COM8
3,56052,37,rpm,23,383,36.5,36.5,3893,500,0,14,0.014,1,COM6
1,19555,37,rpm,1,1,36.5,36.5,3893,500,0,0,0.0,1,COM8
3,56072,37,rpm,14,384,36.5,36.5,3893,500,0,15,0.014,1,COM6
1,19575,37,rpm,1,1,36.5,36.5,3893,500,0,0,0.0,1,COM8
3,56093,37,rpm,20,385,36.5,36.5,3893,500,0,15,0.014,1,COM6
1,19596,37,rpm,1,1,36.5,36.5,3893,500,0,0,0.0,1,COM8
3,56113,37,rpm,126,386,36.5,36.5,3893,500,0,15,0.014,1,COM6
1,19616,37,rpm,1,1,36.5,36.5,3893,500,0,0,0.0,1,COM8
3,56134,37,rpm,498,387,36.5,36.5,3893,500,0,15,0.014,1,COM6
1,19637,37,rpm,0,1,36.5,36.5,3893,500,0,0,0.0,1,COM8
3,56154,37,rpm,656,387,36.5,36.5,3893,500,0,15,0.015,1,COM6
1,19657,37,rpm,1,1,36.5,36.5,3893,500,0,0,0.0,1,COM8
3,56175,37,rpm,755,388,36.5,36.5,3893,500,0,15,0.015,1,COM6
1,19678,37,rpm,1,1,36.5,36.5,3893,500,0,0,0.0,1,COM8
3,56195,37,rpm,723,389,36.5,36.5,3893,500,0,15,0.015,1,COM6
1,19698,37,rpm,1,1,36.5,36.5,3893,500,0,0,0.0,1,COM8
3,56216,37,rpm,672,390,36.5,36.5,3893,500,0,15,0.015,1,COM6
1,19719,37,rpm,1,1,36.5,36.5,3893,500,0,0,0.0,1,COM8
3,56236,37,rpm,530,391,36.5,36.5,3893,500,0,16,0.015,1,COM6
1,19739,37,rpm,1,1,36.5,36.5,3893,500,0,0,0.0,1,COM8
3,56257,37,rpm,423,392,36.5,36.5,3893,500,0,16,0.015,1,COM6
1,19760,37,rpm,1,1,36.5,36.5,3893,500,0,0,0.0,1,COM8
3,56277,37,rpm,297,392,36.5,36.5,3893,500,0,16,0.015,1,COM6
1,19780,37,rpm,1,1,36.5,36.5,3893,500,0,0,0.0,1,COM8
3,56298,37,rpm,37,393,36.5,36.5,3893,500,0,16,0.016,1,COM6
1,19800,37,rpm,1,1,36.5,36.5,3893,500,0,0,0.0,1,COM8
3,56319,37,rpm,17,394,36.5,36.5,3893,500,0,16,0.016,1,COM6
1,19821,37,rpm,1,1,36.5,36.5,3893,500,0,0,0.0,1,COM8
3,56339,37,rpm,15,395,36.5,36.5,3893,500,0,16,0.016,1,COM6
1,19841,37,rpm,1,1,36.5,36.5,3893,500,0,0,0.0,1,COM8
3,56360,37,rpm,47,395,36.5,36.5,3893,500,0,16,0.016,1,COM6
1,19862,37,rpm,1,1,36.5,36.5,3893,500,0,0,0.0,1,COM8
3,56380,37,rpm,282,396,36.5,36.5,3893,500,0,17,0.016,1,COM6
1,19882,37,rpm,1,1,36.5,36.5,3893,500,0,0,0.0,1,COM8
3,56401,37,rpm,589,397,36.5,36.5,3893,500,0,17,0.016,1,COM6
1,19903,37,rpm,1,1,36.5,36.5,3893,500,0,0,0.0,1,COM8
3,56421,37,rpm,702,397,36.5,36.5,3893,500,0,17,0.016,1,COM6
1,19923,37,rpm,1,1,36.5,36.5,3893,500,0,0,0.0,1,COM8
3,56442,37,rpm,710,398,36.5,36.5,3893,500,0,17,0.016,1,COM6
1,19944,37,rpm,1,1,36.5,36.5,3893,500,0,0,0.0,1,COM8
3,56462,37,rpm,672,399,36.5,36.5,3893,500,0,17,0.017,1,COM6
1,19964,37,rpm,1,1,36.5,36.5,3893,500,0,0,0.0,1,COM8
3,56483,37,rpm,551,399,36.5,36.5,3893,500,0,17,0.017,1,COM6
1,19984,37,rpm,1,1,36.5,36.5,3893,500,0,0,0.0,1,COM8
3,56503,37,rpm,447,400,36.5,36.5,3893,500,0,17,0.017,1,COM6
1,20005,37,rpm,1,1,36.5,36.5,3893,500,0,0,0.0,1,COM8
3,56524,37,rpm,358,400,36.5,36.5,3893,500,0,18,0.017,1,COM6
1,20025,37,rpm,1,1,36.5,36.5,3893,500,0,0,0.0,1,COM8
3,56544,37,rpm,91,401,36.5,36.5,3893,500,0,18,0.017,1,COM6
1,20046,37,rpm,1,1,36.5,36.5,3893,500,0,0,0.0,1,COM8
3,56565,37,rpm,20,402,36.5,36.5,3893,500,0,18,0.017,1,COM6
1,20066,37,rpm,1,1,36.5,36.5,3893,500,0,0,0.0,1,COM8
3,56585,37,rpm,13,402,36.5,36.5,3893,500,0,18,0.017,1,COM6
1,20087,37,rpm,1,1,36.5,36.5,3893,500,0,0,0.0,1,COM8
3,56606,37,rpm,23,403,36.5,36.5,3893,500,0,18,0.018,1,COM6
1,20107,37,rpm,1,1,36.5,36.5,3893,500,0,0,0.0,1,COM8
3,56626,37,rpm,125,403,36.5,36.5,3893,500,0,18,0.018,1,COM6
1,20127,37,rpm,1,1,36.5,36.5,3893,500,0,0,0.0,1,COM8
3,56647,37,rpm,444,404,36.5,36.5,3893,500,0,18,0.018,1,COM6
1,20148,37,rpm,0,1,36.5,36.5,3893,500,0,0,0.0,1,COM8
3,56667,37,rpm,727,404,36.5,36.5,3893,500,0,18,0.018,1,COM6
1,20168,37,rpm,1,1,36.5,36.5,3893,500,0,0,0.0,1,COM8
3,56688,37,rpm,867,404,36.5,36.5,3893,500,0,19,0.018,1,COM6
1,20189,37,rpm,1,1,36.5,36.5,3893,500,0,0,0.0,1,COM8
3,56708,37,rpm,797,405,36.5,36.5,3893,500,0,19,0.018,1,COM6
1,20209,37,rpm,1,1,36.5,36.5,3893,500,0,0,0.0,1,COM8
3,56729,37,rpm,655,405,36.5,36.5,3893,500,0,19,0.018,1,COM6
1,20230,37,rpm,1,1,36.5,36.5,3893,500,0,0,0.0,1,COM8
3,56749,37,rpm,485,406,36.5,36.5,3893,500,0,19,0.018,1,COM6
1,20250,37,rpm,1,1,36.5,36.5,3893,500,0,0,0.0,1,COM8
3,56770,37,rpm,329,406,36.5,36.5,3893,500,0,19,0.019,1,COM6
1,20271,37,rpm,1,1,36.5,36.5,3893,500,0,0,0.0,1,COM8
3,56790,37,rpm,267,406,36.5,36.5,3893,500,0,19,0.019,1,COM6
1,20291,37,rpm,1,1,36.5,36.5,3893,500,0,0,0.0,1,COM8
3,56811,37,rpm,65,407,36.5,36.5,3893,500,0,19,0.019,1,COM6
1,20311,37,rpm,1,1,36.5,36.5,3893,500,0,0,0.0,1,COM8
3,56832,37,rpm,17,407,36.5,36.5,3893,500,0,20,0.019,1,COM6
1,20332,37,rpm,1,1,36.5,36.5,3893,500,0,0,0.0,1,COM8
3,56852,37,rpm,11,407,36.5,36.5,3893,500,0,20,0.019,1,COM6
1,20352,37,rpm,1,1,36.5,36.5,3893,500,0,0,0.0,1,COM8
3,56873,37,rpm,23,408,36.5,36.5,3893,500,0,20,0.019,1,COM6
1,20373,37,rpm,1,1,36.5,36.5,3893,500,0,0,0.0,1,COM8
3,56893,37,rpm,141,408,36.5,36.5,3893,500,0,20,0.019,1,COM6
1,20393,37,rpm,1,1,36.5,36.5,3893,500,0,0,0.0,1,COM8
3,56914,37,rpm,449,408,36.5,36.5,3893,500,0,20,0.02,1,COM6
1,20414,37,rpm,0,1,36.5,36.5,3893,500,0,0,0.0,1,COM8
3,56934,37,rpm,716,409,36.5,36.5,3893,500,0,20,0.02,1,COM6
1,20434,37,rpm,1,1,36.5,36.5,3893,500,0,0,0.0,1,COM8
3,56955,37,rpm,811,409,36.5,36.5,3893,500,0,20,0.02,1,COM6
1,20455,37,rpm,1,1,36.5,36.5,3893,500,0,0,0.0,1,COM8
3,56975,37,rpm,725,409,36.5,36.5,3893,500,0,21,0.02,1,COM6
1,20475,37,rpm,1,1,36.5,36.5,3893,500,0,0,0.0,1,COM8
3,56996,37,rpm,597,409,36.5,36.5,3893,500,0,21,0.02,1,COM6
1,20496,37,rpm,1,1,36.5,36.5,3893,500,0,0,0.0,1,COM8
3,57016,37,rpm,421,410,36.5,36.5,3893,500,0,21,0.02,1,COM6
1,20516,37,rpm,1,1,36.5,36.5,3893,500,0,0,0.0,1,COM8
3,57037,37,rpm,310,410,36.5,36.5,3893,500,0,21,0.02,1,COM6
1,20536,37,rpm,1,1,36.5,36.5,3893,500,0,0,0.0,1,COM8
3,57058,37,rpm,207,410,36.5,36.5,3893,500,0,21,0.02,1,COM6
1,20557,37,rpm,1,1,36.5,36.5,3893,500,0,0,0.0,1,COM8
3,57078,37,rpm,30,410,36.5,36.5,3893,500,0,21,0.021,1,COM6
1,20577,37,rpm,1,1,36.5,36.5,3893,500,0,0,0.0,1,COM8
3,57099,37,rpm,14,410,36.5,36.5,3893,500,0,21,0.021,1,COM6
1,20598,37,rpm,1,1,36.5,36.5,3893,500,0,0,0.0,1,COM8
3,57119,37,rpm,13,410,36.5,36.5,3893,500,0,22,0.021,1,COM6
1,20618,37,rpm,1,1,36.5,36.5,3893,500,0,0,0.0,1,COM8
3,57140,37,rpm,53,411,36.5,36.5,3893,500,0,22,0.021,1,COM6
1,20639,37,rpm,1,1,36.5,36.5,3893,500,0,0,0.0,1,COM8
3,57160,37,rpm,286,411,36.5,36.5,3893,500,0,22,0.021,1,COM6
1,20659,37,rpm,1,1,36.5,36.5,3893,500,0,0,0.0,1,COM8
3,57181,37,rpm,660,411,36.5,36.5,3893,500,0,22,0.021,1,COM6
1,20680,37,rpm,0,1,36.5,36.5,3893,500,0,0,0.0,1,COM8
3,57201,37,rpm,848,411,36.5,36.5,3893,500,0,22,0.021,1,COM6
1,20700,37,rpm,1,1,36.5,36.5,3893,500,0,0,0.0,1,COM8
3,57222,37,rpm,800,411,36.5,36.5,3893,500,0,22,0.022,1,COM6
1,20721,37,rpm,1,1,36.5,36.5,3893,500,0,0,0.0,1,COM8
3,57242,37,rpm,690,411,36.5,36.5,3893,500,0,22,0.022,1,COM6
1,20741,37,rpm,1,1,36.5,36.5,3893,500,0,0,0.0,1,COM8
3,57263,37,rpm,499,411,36.5,36.5,3893,500,0,23,0.022,1,COM6
1,20761,37,rpm,1,1,36.5,36.5,3893,500,0,0,0.0,1,COM8
3,57283,37,rpm,340,411,36.5,36.5,3893,500,0,23,0.022,1,COM6
1,20782,37,rpm,1,1,36.5,36.5,3893,500,0,0,0.0,1,COM8
3,57304,37,rpm,253,411,36.5,36.5,3893,500,0,23,0.022,1,COM6
1,20802,37,rpm,1,1,36.5,36.5,3893,500,0,0,0.0,1,COM8
3,57324,37,rpm,82,411,36.5,36.5,3893,500,0,23,0.022,1,COM6
1,20823,37,rpm,1,1,36.5,36.5,3893,500,0,0,0.0,1,COM8
3,57345,37,rpm,18,411,36.5,36.5,3893,500,0,23,0.022,1,COM6
1,20843,37,rpm,1,1,36.5,36.5,3893,500,0,0,0.0,1,COM8
3,57365,37,rpm,11,411,36.5,36.5,3893,500,0,23,0.023,1,COM6
1,20864,37,rpm,1,1,36.5,36.5,3893,500,0,0,0.0,1,COM8
3,57386,37,rpm,19,411,36.5,36.5,3893,500,0,23,0.023,1,COM6
1,20884,37,rpm,1,1,36.5,36.5,3893,500,0,0,0.0,1,COM8
3,57406,37,rpm,132,411,36.5,36.5,3893,500,0,24,0.023,1,COM6
1,20905,37,rpm,1,1,36.5,36.5,3893,500,0,0,0.0,1,COM8
3,57427,37,rpm,492,411,36.5,36.5,3893,500,0,24,0.023,1,COM6
1,20925,37,rpm,0,1,36.5,36.5,3893,500,0,0,0.0,1,COM8
3,57447,37,rpm,645,411,36.5,36.5,3893,500,0,24,0.023,1,COM6
1,20945,37,rpm,1,1,36.5,36.5,3893,500,0,0,0.0,1,COM8
3,57468,37,rpm,747,411,36.5,36.5,3893,500,0,24,0.023,1,COM6
1,20966,37,rpm,1,1,36.5,36.5,3893,500,0,0,0.0,1,COM8
3,57488,37,rpm,748,411,36.5,36.5,3893,500,0,24,0.023,1,COM6
1,20986,37,rpm,1,1,36.5,36.5,3893,500,0,0,0.0,1,COM8
3,57509,37,rpm,612,411,36.5,36.5,3893,500,0,24,0.023,1,COM6
1,21007,37,rpm,1,1,36.5,36.5,3893,500,0,0,0.0,1,COM8
3,57530,37,rpm,470,411,36.5,36.5,3893,500,0,24,0.024,1,COM6
1,21027,37,rpm,1,1,36.5,36.5,3893,500,0,0,0.0,1,COM8
3,57550,37,rpm,369,411,36.5,36.5,3893,500,0,24,0.024,1,COM6
1,21048,37,rpm,1,1,36.5,36.5,3893,500,0,0,0.0,1,COM8
3,57571,37,rpm,182,411,36.5,36.5,3893,500,0,25,0.024,1,COM6
1,21068,37,rpm,1,1,36.5,36.5,3893,500,0,0,0.0,1,COM8
3,57591,37,rpm,28,410,36.5,36.5,3893,500,0,25,0.024,1,COM6
1,21089,37,rpm,1,1,36.5,36.5,3893,500,0,0,0.0,1,COM8
3,57612,37,rpm,14,410,36.5,36.5,3893,500,0,25,0.024,1,COM6
1,21109,37,rpm,1,1,36.5,36.5,3893,500,0,0,0.0,1,COM8
3,57632,37,rpm,16,410,36.5,36.5,3893,500,0,25,0.024,1,COM6
1,21130,37,rpm,1,1,36.5,36.5,3893,500,0,0,0.0,1,COM8
3,57653,37,rpm,79,410,36.5,36.5,3893,500,0,25,0.024,1,COM6
1,21150,37,rpm,1,1,36.5,36.5,3893,500,0,0,0.0,1,COM8
3,57673,37,rpm,431,410,36.5,36.5,3893,500,0,25,0.025,1,COM6
1,21170,37,rpm,1,1,36.5,36.5,3893,500,0,0,0.0,1,COM8
3,57694,37,rpm,644,410,36.5,36.5,3893,500,0,25,0.025,1,COM6
1,21191,37,rpm,0,1,36.5,36.5,3893,500,0,0,0.0,1,COM8
3,57714,37,rpm,752,410,36.5,36.5,3893,500,0,26,0.025,1,COM6
1,21211,37,rpm,1,1,36.5,36.5,3893,500,0,0,0.0,1,COM8
3,57735,37,rpm,726,409,36.5,36.5,3893,500,0,26,0.025,1,COM6
1,21232,37,rpm,1,1,36.5,36.5,3893,500,0,0,0.0,1,COM8
3,57755,37,rpm,682,409,36.5,36.5,3893,500,0,26,0.025,1,COM6
1,21252,37,rpm,1,1,36.5,36.5,3893,500,0,0,0.0,1,COM8
3,57776,37,rpm,550,409,36.5,36.5,3893,500,0,26,0.025,1,COM6
1,21273,37,rpm,1,1,36.5,36.5,3893,500,0,0,0.0,1,COM8
3,57796,37,rpm,441,409,36.5,36.5,3893,500,0,26,0.025,1,COM6
1,21293,37,rpm,1,1,36.5,36.5,3893,500,0,0,0.0,1,COM8
3,57817,37,rpm,333,409,36.5,36.5,3893,500,0,26,0.026,1,COM6
1,21314,37,rpm,1,1,36.5,36.5,3893,500,0,0,0.0,1,COM8
3,57837,37,rpm,52,408,36.5,36.5,3893,500,0,26,0.026,1,COM6
1,21334,37,rpm,1,1,36.5,36.5,3893,500,0,0,0.0,1,COM8
3,57858,37,rpm,18,408,36.5,36.5,3893,500,0,27,0.026,1,COM6
1,21355,37,rpm,1,1,36.5,36.5,3893,500,0,0,0.0,1,COM8
3,57879,37,rpm,14,408,36.5,36.5,3893,500,0,27,0.026,1,COM6
1,21375,37,rpm,1,1,36.5,36.5,3893,500,0,0,0.0,1,COM8
3,57899,37,rpm,36,408,36.5,36.5,3893,500,0,27,0.026,1,COM6
1,21396,37,rpm,1,1,36.5,36.5,3893,500,0,0,0.0,1,COM8
3,57920,37,rpm,222,407,36.5,36.5,3893,500,0,27,0.026,1,COM6
1,21416,37,rpm,1,1,36.5,36.5,3893,500,0,0,0.0,1,COM8
3,57940,37,rpm,548,407,36.5,36.5,3893,500,0,27,0.026,1,COM6
1,21436,37,rpm,0,1,36.5,36.5,3893,500,0,0,0.0,1,COM8
3,57961,37,rpm,682,407,36.5,36.5,3893,500,0,27,0.026,1,COM6
1,21457,37,rpm,1,1,36.5,36.5,3893,500,0,0,0.0,1,COM8
3,57981,37,rpm,714,407,36.5,36.5,3893,500,0,27,0.027,1,COM6
1,21477,37,rpm,1,1,36.5,36.5,3893,500,0,0,0.0,1,COM8
3,58002,37,rpm,681,406,36.5,36.5,3893,500,0,28,0.027,1,COM6
1,21498,37,rpm,1,1,36.5,36.5,3893,500,0,0,0.0,1,COM8
3,58022,37,rpm,573,406,36.5,36.5,3893,500,0,28,0.027,1,COM6
1,21518,37,rpm,1,1,36.5,36.5,3893,500,0,0,0.0,1,COM8
3,58043,37,rpm,460,406,36.5,36.5,3893,500,0,28,0.027,1,COM6
1,21539,37,rpm,1,1,36.5,36.5,3893,500,0,0,0.0,1,COM8
3,58063,37,rpm,379,405,36.5,36.5,3893,500,0,28,0.027,1,COM6
1,21559,37,rpm,1,1,36.5,36.5,3893,500,0,0,0.0,1,COM8
3,58084,37,rpm,134,405,36.5,36.5,3893,500,0,28,0.027,1,COM6
1,21579,37,rpm,1,1,36.5,36.5,3893,500,0,0,0.0,1,COM8
3,58104,37,rpm,22,405,36.5,36.5,3893,500,0,28,0.027,1,COM6
1,21600,37,rpm,1,1,36.5,36.5,3893,500,0,0,0.0,1,COM8
3,58125,37,rpm,13,405,36.5,36.5,3893,500,0,28,0.028,1,COM6
1,21620,37,rpm,1,1,36.5,36.5,3893,500,0,0,0.0,1,COM8
3,58145,37,rpm,18,404,36.5,36.5,3893,500,0,29,0.028,1,COM6
1,21641,37,rpm,1,1,36.5,36.5,3893,500,0,0,0.0,1,COM8
3,58166,37,rpm,93,404,36.5,36.5,3893,500,0,29,0.028,1,COM6
1,21661,37,rpm,1,1,36.5,36.5,3893,500,0,0,0.0,1,COM8
3,58187,37,rpm,383,404,36.5,36.5,3893,500,0,29,0.028,1,COM6
1,21682,37,rpm,1,1,36.5,36.5,3893,500,0,0,0.0,1,COM8
3,58207,37,rpm,614,403,36.5,36.5,3893,500,0,29,0.028,1,COM6
1,21702,37,rpm,0,1,36.5,36.5,3893,500,0,0,0.0,1,COM8
3,58228,37,rpm,828,403,36.5,36.5,3893,500,0,29,0.028,1,COM6
1,21723,37,rpm,1,1,36.5,36.5,3893,500,0,0,0.0,1,COM8
3,58248,37,rpm,786,403,36.5,36.5,3893,500,0,29,0.028,1,COM6
1,21743,37,rpm,1,1,36.5,36.5,3893,500,0,0,0.0,1,COM8
3,58269,37,rpm,689,402,36.5,36.5,3893,500,0,29,0.028,1,COM6
1,21764,37,rpm,1,1,36.5,36.5,3893,500,0,0,0.0,1,COM8
3,58289,37,rpm,522,402,36.5,36.5,3893,500,0,30,0.029,1,COM6
1,21784,37,rpm,1,1,36.5,36.5,3893,500,0,0,0.0,1,COM8
3,58310,37,rpm,364,401,36.5,36.5,3893,500,0,30,0.029,1,COM6
1,21804,37,rpm,1,1,36.5,36.5,3893,500,0,0,0.0,1,COM8
3,58330,37,rpm,305,401,36.5,36.5,3893,500,0,30,0.029,1,COM6
1,21825,37,rpm,1,1,36.5,36.5,3893,500,0,0,0.0,1,COM8
3,58351,37,rpm,93,401,36.5,36.5,3893,500,0,30,0.029,1,COM6
1,21845,37,rpm,1,1,36.5,36.5,3893,500,0,0,0.0,1,COM8
3,58371,37,rpm,19,400,36.5,36.5,3893,500,0,30,0.029,1,COM6
1,21866,37,rpm,1,1,36.5,36.5,3893,500,0,0,0.0,1,COM8
3,58392,37,rpm,12,400,36.5,36.5,3893,500,0,30,0.029,1,COM6
1,21886,37,rpm,1,1,36.5,36.5,3893,500,0,0,0.0,1,COM8
3,58412,37,rpm,19,400,36.5,36.5,3893,500,0,30,0.029,1,COM6
1,21907,37,rpm,1,1,36.5,36.5,3893,500,0,0,0.0,1,COM8
3,58433,37,rpm,107,399,36.5,36.5,3893,500,0,30,0.03,1,COM6
1,21927,37,rpm,1,1,36.5,36.5,3893,500,0,0,0.0,1,COM8
3,58453,37,rpm,395,399,36.5,36.5,3893,500,0,31,0.03,1,COM6
1,21948,37,rpm,1,1,36.5,36.5,3893,500,0,0,0.0,1,COM8
3,58474,37,rpm,620,398,36.5,36.5,3893,500,0,31,0.03,1,COM6
1,21968,37,rpm,1,1,36.5,36.5,3893,500,0,0,0.0,1,COM8
3,58494,37,rpm,790,398,36.5,36.5,3893,500,0,31,0.03,1,COM6
1,21988,37,rpm,1,1,36.5,36.5,3893,500,0,0,0.0,1,COM8
3,58515,37,rpm,743,398,36.5,36.5,3893,500,0,31,0.03,1,COM6
1,22009,37,rpm,1,1,36.5,36.5,3893,500,0,0,0.0,1,COM8
3,58536,37,rpm,629,397,36.5,36.5,3893,500,0,31,0.03,1,COM6
1,22029,37,rpm,1,1,36.5,36.5,3893,500,0,0,0.0,1,COM8
3,58556,37,rpm,460,397,36.5,36.5,3893,500,0,31,0.03,1,COM6
1,22050,37,rpm,1,1,36.5,36.5,3893,500,0,0,0.0,1,COM8
3,58577,37,rpm,346,396,36.5,36.5,3893,500,0,31,0.03,1,COM6
1,22070,37,rpm,1,1,36.5,36.5,3893,500,0,0,0.0,1,COM8
3,58597,37,rpm,260,396,36.5,36.5,3893,500,0,32,0.031,1,COM6
1,22091,37,rpm,1,1,36.5,36.5,3893,500,0,0,0.0,1,COM8
3,58618,37,rpm,34,396,36.5,36.5,3893,500,0,32,0.031,1,COM6
1,22111,37,rpm,1,1,36.5,36.5,3893,500,0,0,0.0,1,COM8
3,58638,37,rpm,16,395,36.5,36.5,3893,500,0,32,0.031,1,COM6
1,22132,37,rpm,1,1,36.5,36.5,3893,500,0,0,0.0,1,COM8
3,58659,37,rpm,12,395,36.5,36.5,3893,500,0,32,0.031,1,COM6
1,22152,37,rpm,1,1,36.5,36.5,3893,500,0,0,0.0,1,COM8
1,22173,37,rpm,1,1,36.5,36.5,3893,500,0,0,0.0,1,COM8
3,58679,37,rpm,43,394,36.5,36.5,3893,500,0,32,0.031,1,COM6
3,58700,37,rpm,247,394,36.5,36.5,3893,500,0,32,0.031,1,COM6
1,22193,37,rpm,1,1,36.5,36.5,3893,500,0,0,0.0,1,COM8
3,58720,37,rpm,629,394,36.5,36.5,3893,500,0,32,0.031,1,COM6
1,22213,37,rpm,0,1,36.5,36.5,3893,500,0,0,0.0,1,COM8
3,58741,37,rpm,828,393,36.5,36.5,3893,500,0,32,0.032,1,COM6
1,22234,37,rpm,1,1,36.5,36.5,3893,500,0,0,0.0,1,COM8
3,58761,37,rpm,813,393,36.5,36.5,3893,500,0,33,0.032,1,COM6
1,22254,37,rpm,1,1,36.5,36.5,3893,500,0,0,0.0,1,COM8
1,22275,37,rpm,1,1,36.5,36.5,3893,500,0,0,0.0,1,COM8
3,58782,37,rpm,708,392,36.5,36.5,3893,500,0,33,0.032,1,COM6
3,58802,37,rpm,519,392,36.5,36.5,3893,500,0,33,0.032,1,COM6
1,22295,37,rpm,1,1,36.5,36.5,3893,500,0,0,0.0,1,COM8
3,58823,37,rpm,360,391,36.5,36.5,3893,500,0,33,0.032,1,COM6
1,22316,37,rpm,1,1,36.5,36.5,3893,500,0,0,0.0,1,COM8
3,58843,37,rpm,261,391,36.5,36.5,3893,500,0,33,0.032,1,COM6
1,22336,37,rpm,1,1,36.5,36.5,3893,500,0,0,0.0,1,COM8
3,58864,37,rpm,112,391,36.5,36.5,3893,500,0,33,0.032,1,COM6
1,22357,37,rpm,1,1,36.5,36.5,3893,500,0,0,0.0,1,COM8
3,58885,37,rpm,21,390,36.5,36.5,3893,500,0,33,0.032,1,COM6
1,22377,37,rpm,1,1,36.5,36.5,3893,500,0,0,0.0,1,COM8
3,58905,37,rpm,11,390,36.5,36.5,3893,500,0,34,0.033,1,COM6
1,22397,37,rpm,1,1,36.5,36.5,3893,500,0,0,0.0,1,COM8
3,58926,37,rpm,15,389,36.5,36.5,3893,500,0,34,0.033,1,COM6
1,22418,37,rpm,1,1,36.5,36.5,3893,500,0,0,0.0,1,COM8
3,58946,37,rpm,93,389,36.5,36.5,3893,500,0,34,0.033,1,COM6
1,22438,37,rpm,1,1,36.5,36.5,3893,500,0,0,0.0,1,COM8
3,58967,37,rpm,452,388,36.5,36.5,3893,500,0,34,0.033,1,COM6
1,22459,37,rpm,1,1,36.5,36.5,3893,500,0,0,0.0,1,COM8
3,58987,37,rpm,633,388,36.5,36.5,3893,500,0,34,0.033,1,COM6
1,22479,37,rpm,1,1,36.5,36.5,3893,500,0,0,0.0,1,COM8
3,59008,37,rpm,750,388,36.5,36.5,3893,500,0,34,0.033,1,COM6
1,22500,37,rpm,1,1,36.5,36.5,3893,500,0,0,0.0,1,COM8
3,59028,37,rpm,759,387,36.5,36.5,3893,500,0,34,0.033,1,COM6
1,22520,37,rpm,1,1,36.5,36.5,3893,500,0,0,0.0,1,COM8
3,59049,37,rpm,628,387,36.5,36.5,3893,500,0,34,0.033,1,COM6
1,22541,37,rpm,1,1,36.5,36.5,3893,500,0,0,0.0,1,COM8
3,59069,37,rpm,483,386,36.5,36.5,3893,500,0,35,0.034,1,COM6
1,22561,37,rpm,1,1,36.5,36.5,3893,500,0,0,0.0,1,COM8
3,59090,37,rpm,372,386,36.5,36.5,3893,500,0,35,0.034,1,COM6
1,22582,37,rpm,1,1,36.5,36.5,3893,500,0,0,0.0,1,COM8
3,59110,37,rpm,225,385,36.5,36.5,3893,500,0,35,0.034,1,COM6
1,22602,37,rpm,1,1,36.5,36.5,3893,500,0,0,0.0,1,COM8
3,59131,37,rpm,31,385,36.5,36.5,3893,500,0,35,0.034,1,COM6
1,22623,37,rpm,1,1,36.5,36.5,3893,500,0,0,0.0,1,COM8
3,59151,37,rpm,15,384,36.5,36.5,3893,500,0,35,0.034,1,COM6
1,22643,37,rpm,1,1,36.5,36.5,3893,500,0,0,0.0,1,COM8
1,22664,37,rpm,1,1,36.5,36.5,3893,500,0,0,0.0,1,COM8
3,59172,37,rpm,15,384,36.5,36.5,3893,500,0,35,0.034,1,COM6
1,22684,37,rpm,1,1,36.5,36.5,3893,500,0,0,0.0,1,COM8
3,59192,37,rpm,63,384,36.5,36.5,3893,500,0,35,0.034,1,COM6
3,59213,37,rpm,378,383,36.5,36.5,3893,500,0,36,0.034,1,COM6
1,22704,37,rpm,1,1,36.5,36.5,3893,500,0,0,0.0,1,COM8
3,59234,37,rpm,619,383,36.5,36.5,3893,500,0,36,0.035,1,COM6
1,22725,37,rpm,0,1,36.5,36.5,3893,500,0,0,0.0,1,COM8
3,59254,37,rpm,734,382,36.5,36.5,3893,500,0,36,0.035,1,COM6
1,22745,37,rpm,1,1,36.5,36.5,3893,500,0,0,0.0,1,COM8
3,59275,37,rpm,729,382,36.5,36.5,3893,500,0,36,0.035,1,COM6
1,22766,37,rpm,1,1,36.5,36.5,3893,500,0,0,0.0,1,COM8
3,59295,37,rpm,683,381,36.5,36.5,3893,500,0,36,0.035,1,COM6
1,22786,37,rpm,1,1,36.5,36.5,3893,500,0,0,0.0,1,COM8
3,59316,37,rpm,564,381,36.5,36.5,3893,500,0,36,0.035,1,COM6
1,22806,37,rpm,1,1,36.5,36.5,3893,500,0,0,0.0,1,COM8
1,22827,37,rpm,1,1,36.5,36.5,3893,500,0,0,0.0,1,COM8
3,59336,37,rpm,449,381,36.5,36.5,3893,500,0,36,0.035,1,COM6
1,22847,37,rpm,1,1,36.5,36.5,3893,500,0,0,0.0,1,COM8
3,59357,37,rpm,353,380,36.5,36.5,3893,500,0,36,0.035,1,COM6
1,22868,37,rpm,1,1,36.5,36.5,3893,500,0,0,0.0,1,COM8
3,59377,37,rpm,85,380,36.5,36.5,3893,500,0,37,0.035,1,COM6
1,22888,37,rpm,1,1,36.5,36.5,3893,500,0,0,0.0,1,COM8
3,59398,37,rpm,20,379,36.5,36.5,3893,500,0,37,0.036,1,COM6
3,59418,37,rpm,14,379,36.5,36.5,3893,500,0,37,0.036,1,COM6
1,22909,37,rpm,1,1,36.5,36.5,3893,500,0,0,0.0,1,COM8
3,59439,37,rpm,28,379,36.5,36.5,3893,500,0,37,0.036,1,COM6
1,22929,37,rpm,1,1,36.5,36.5,3893,500,0,0,0.0,1,COM8
3,59459,37,rpm,183,378,36.5,36.5,3893,500,0,37,0.036,1,COM6
1,22950,37,rpm,1,1,36.5,36.5,3893,500,0,0,0.0,1,COM8
1,22970,37,rpm,1,1,36.5,36.5,3893,500,0,0,0.0,1,COM8
3,59480,37,rpm,527,378,36.5,36.5,3893,500,0,37,0.036,1,COM6
1,22990,37,rpm,1,1,36.5,36.5,3893,500,0,0,0.0,1,COM8
3,59500,37,rpm,668,377,36.5,36.5,3893,500,0,37,0.036,1,COM6
3,59521,37,rpm,715,377,36.5,36.5,3893,500,0,37,0.036,1,COM6
1,23011,37,rpm,1,1,36.5,36.5,3893,500,0,0,0.0,1,COM8
3,59541,37,rpm,677,376,36.5,36.5,3893,500,0,38,0.036,1,COM6
1,23031,37,rpm,1,1,36.5,36.5,3893,500,0,0,0.0,1,COM8
1,23052,37,rpm,1,1,36.5,36.5,3893,500,0,0,0.0,1,COM8
3,59562,37,rpm,588,376,36.5,36.5,3893,500,0,38,0.037,1,COM6
3,59582,37,rpm,471,376,36.5,36.5,3893,500,0,38,0.037,1,COM6
1,23072,37,rpm,1,1,36.5,36.5,3893,500,0,0,0.0,1,COM8
3,59603,37,rpm,387,375,36.5,36.5,3893,500,0,38,0.037,1,COM6
1,23093,37,rpm,1,1,36.5,36.5,3893,500,0,0,0.0,1,COM8
1,23113,37,rpm,1,1,36.5,36.5,3893,500,0,0,0.0,1,COM8
3,59623,37,rpm,181,375,36.5,36.5,3893,500,0,38,0.037,1,COM6
1,23133,37,rpm,1,1,36.5,36.5,3893,500,0,0,0.0,1,COM8
3,59644,37,rpm,27,374,36.5,36.5,3893,500,0,38,0.037,1,COM6
1,23154,37,rpm,1,1,36.5,36.5,3893,500,0,0,0.0,1,COM8
3,59665,37,rpm,14,374,36.5,36.5,3893,500,0,38,0.037,1,COM6
3,59685,37,rpm,16,374,36.5,36.5,3893,500,0,39,0.037,1,COM6
1,23174,37,rpm,1,1,36.5,36.5,3893,500,0,0,0.0,1,COM8
1,23195,37,rpm,1,1,36.5,36.5,3893,500,0,0,0.0,1,COM8
3,59706,37,rpm,71,373,36.5,36.5,3893,500,0,39,0.037,1,COM6
1,23215,37,rpm,1,1,36.5,36.5,3893,500,0,0,0.0,1,COM8
3,59726,37,rpm,332,373,36.5,36.5,3893,500,0,39,0.038,1,COM6
1,23236,37,rpm,0,1,36.5,36.5,3893,500,0,0,0.0,1,COM8
3,59747,37,rpm,654,373,36.5,36.5,3893,500,0,39,0.038,1,COM6
1,23256,37,rpm,1,1,36.5,36.5,3893,500,0,0,0.0,1,COM8
3,59767,37,rpm,844,372,36.5,36.5,3893,500,0,39,0.038,1,COM6
1,23277,37,rpm,1,1,36.5,36.5,3893,500,0,0,0.0,1,COM8
3,59788,37,rpm,799,372,36.5,36.5,3893,500,0,39,0.038,1,COM6
1,23297,37,rpm,1,1,36.5,36.5,3893,500,0,0,0.0,1,COM8
3,59808,37,rpm,696,371,36.5,36.5,3893,500,0,39,0.038,1,COM6
3,59829,37,rpm,531,371,36.5,36.5,3893,500,0,39,0.038,1,COM6
1,23317,37,rpm,1,1,36.5,36.5,3893,500,0,0,0.0,1,COM8
1,23338,37,rpm,1,1,36.5,36.5,3893,500,0,0,0.0,1,COM8
3,59849,37,rpm,361,371,36.5,36.5,3893,500,0,40,0.038,1,COM6
1,23358,37,rpm,1,1,36.5,36.5,3893,500,0,0,0.0,1,COM8
3,59870,37,rpm,284,370,36.5,36.5,3893,500,0,40,0.038,1,COM6
1,23379,37,rpm,1,1,36.5,36.5,3893,500,0,0,0.0,1,COM8
3,59890,37,rpm,125,370,36.5,36.5,3893,500,0,40,0.039,1,COM6
1,23399,37,rpm,1,1,36.5,36.5,3893,500,0,0,0.0,1,COM8
3,59911,37,rpm,23,370,36.5,36.5,3893,500,0,40,0.039,1,COM6
1,23420,37,rpm,1,1,36.5,36.5,3893,500,0,0,0.0,1,COM8
3,59931,37,rpm,12,369,36.5,36.5,3893,500,0,40,0.039,1,COM6
1,23440,37,rpm,1,1,36.5,36.5,3893,500,0,0,0.0,1,COM8
3,59952,37,rpm,16,369,36.5,36.5,3893,500,0,40,0.039,1,COM6
1,23461,37,rpm,1,1,36.5,36.5,3893,500,0,0,0.0,1,COM8
3,59972,37,rpm,81,369,36.5,36.5,3893,500,0,40,0.039,1,COM6
1,23481,37,rpm,1,1,36.5,36.5,3893,500,0,0,0.0,1,COM8
3,59993,37,rpm,350,368,36.5,36.5,3893,500,0,40,0.039,1,COM6
1,23501,37,rpm,0,1,36.5,36.5,3893,500,0,0,0.0,1,COM8
3,60013,37,rpm,639,368,36.5,36.5,3893,500,0,41,0.039,1,COM6
1,23522,37,rpm,1,1,36.5,36.5,3893,500,0,0,0.0,1,COM8
3,60034,37,rpm,798,367,36.5,36.5,3893,500,0,41,0.039,1,COM6
1,23542,37,rpm,1,1,36.5,36.5,3893,500,0,0,0.0,1,COM8
3,60054,37,rpm,736,367,36.5,36.5,3893,500,0,41,0.04,1,COM6
1,23563,37,rpm,1,1,36.5,36.5,3893,500,0,0,0.0,1,COM8
3,60075,37,rpm,649,367,36.5,36.5,3893,500,0,41,0.04,1,COM6
1,23583,37,rpm,1,1,36.5,36.5,3893,500,0,0,0.0,1,COM8
3,60096,37,rpm,463,367,36.5,36.5,3893,500,0,41,0.04,1,COM6
1,23604,37,rpm,1,1,36.5,36.5,3893,500,0,0,0.0,1,COM8
3,60116,37,rpm,329,366,36.5,36.5,3893,500,0,41,0.04,1,COM6
1,23624,37,rpm,1,1,36.5,36.5,3893,500,0,0,0.0,1,COM8
3,60137,37,rpm,277,366,36.5,36.5,3893,500,0,41,0.04,1,COM6
1,23644,37,rpm,1,1,36.5,36.5,3893,500,0,0,0.0,1,COM8
3,60157,37,rpm,51,366,36.5,36.5,3893,500,0,41,0.04,1,COM6
1,23665,37,rpm,1,1,36.5,36.5,3893,500,0,0,0.0,1,COM8
3,60178,37,rpm,17,365,36.5,36.5,3893,500,0,42,0.04,1,COM6
1,23685,37,rpm,1,1,36.5,36.5,3893,500,0,0,0.0,1,COM8
3,60198,37,rpm,11,365,36.5,36.5,3893,500,0,42,0.04,1,COM6
1,23706,37,rpm,1,1,36.5,36.5,3893,500,0,0,0.0,1,COM8
3,60219,37,rpm,30,365,36.5,36.5,3893,500,0,42,0.041,1,COM6
1,23726,37,rpm,1,1,36.5,36.5,3893,500,0,0,0.0,1,COM8
3,60239,37,rpm,191,364,36.5,36.5,3893,500,0,42,0.041,1,COM6
1,23747,37,rpm,1,1,36.5,36.5,3893,500,0,0,0.0,1,COM8
3,60260,37,rpm,573,364,36.5,36.5,3893,500,0,42,0.041,1,COM6
1,23767,37,rpm,0,1,36.5,36.5,3893,500,0,0,0.0,1,COM8
3,60280,37,rpm,811,364,36.5,36.5,3893,500,0,42,0.041,1,COM6
1,23788,37,rpm,1,1,36.5,36.5,3893,500,0,0,0.0,1,COM8
3,60301,37,rpm,823,363,36.5,36.5,3893,500,0,42,0.041,1,COM6
1,23808,37,rpm,1,1,36.5,36.5,3893,500,0,0,0.0,1,COM8
3,60321,37,rpm,722,363,36.5,36.5,3893,500,0,42,0.041,1,COM6
1,23829,37,rpm,1,1,36.5,36.5,3893,500,0,0,0.0,1,COM8
3,60342,37,rpm,546,363,36.5,36.5,3893,500,0,43,0.041,1,COM6
1,23849,37,rpm,1,1,36.5,36.5,3893,500,0,0,0.0,1,COM8
3,60362,37,rpm,382,363,36.5,36.5,3893,500,0,43,0.041,1,COM6
1,23869,37,rpm,1,1,36.5,36.5,3893,500,0,0,0.0,1,COM8
3,60383,37,rpm,272,362,36.5,36.5,3893,500,0,43,0.042,1,COM6
1,23890,37,rpm,1,1,36.5,36.5,3893,500,0,0,0.0,1,COM8
3,60404,37,rpm,148,362,36.5,36.5,3893,500,0,43,0.042,1,COM6
1,23910,37,rpm,1,1,36.5,36.5,3893,500,0,0,0.0,1,COM8
3,60424,37,rpm,26,362,36.5,36.5,3893,500,0,43,0.042,1,COM6
1,23931,37,rpm,1,1,36.5,36.5,3893,500,0,0,0.0,1,COM8
3,60445,37,rpm,12,362,36.5,36.5,3893,500,0,43,0.042,1,COM6
1,23951,37,rpm,1,1,36.5,36.5,3893,500,0,0,0.0,1,COM8
3,60465,37,rpm,13,361,36.5,36.5,3893,500,0,43,0.042,1,COM6
1,23972,37,rpm,1,1,36.5,36.5,3893,500,0,0,0.0,1,COM8
3,60486,37,rpm,68,361,36.5,36.5,3893,500,0,43,0.042,1,COM6
1,23992,37,rpm,1,1,36.5,36.5,3893,500,0,0,0.0,1,COM8
3,60506,37,rpm,384,361,36.5,36.5,3893,500,0,44,0.042,1,COM6
1,24013,37,rpm,0,1,36.5,36.5,3893,500,0,0,0.0,1,COM8
3,60527,37,rpm,611,361,36.5,36.5,3893,500,0,44,0.042,1,COM6
1,24033,37,rpm,1,1,36.5,36.5,3893,500,0,0,0.0,1,COM8
3,60547,37,rpm,715,360,36.5,36.5,3893,500,0,44,0.042,1,COM6
1,24053,37,rpm,1,1,36.5,36.5,3893,500,0,0,0.0,1,COM8
3,60568,37,rpm,758,360,36.5,36.5,3893,500,0,44,0.043,1,COM6
1,24074,37,rpm,1,1,36.5,36.5,3893,500,0,0,0.0,1,COM8
3,60588,37,rpm,658,360,36.5,36.5,3893,500,0,44,0.043,1,COM6
1,24094,37,rpm,1,1,36.5,36.5,3893,500,0,0,0.0,1,COM8
3,60609,37,rpm,511,360,36.5,36.5,3893,500,0,44,0.043,1,COM6
1,24115,37,rpm,1,1,36.5,36.5,3893,500,0,0,0.0,1,COM8
3,60629,37,rpm,387,359,36.5,36.5,3893,500,0,44,0.043,1,COM6
1,24135,37,rpm,1,1,36.5,36.5,3893,500,0,0,0.0,1,COM8
3,60650,37,rpm,272,359,36.5,36.5,3893,500,0,44,0.043,1,COM6
1,24156,37,rpm,1,1,36.5,36.5,3893,500,0,0,0.0,1,COM8
3,60671,37,rpm,34,359,36.5,36.5,3893,500,0,45,0.043,1,COM6
1,24176,37,rpm,1,1,36.5,36.5,3893,500,0,0,0.0,1,COM8
3,60691,37,rpm,16,359,36.5,36.5,3893,500,0,45,0.043,1,COM6
1,24197,37,rpm,1,1,36.5,36.5,3893,500,0,0,0.0,1,COM8
3,60711,37,rpm,13,359,36.5,36.5,3893,500,0,45,0.043,1,COM6
1,24217,37,rpm,1,1,36.5,36.5,3893,500,0,0,0.0,1,COM8
3,60732,37,rpm,42,358,36.5,36.5,3893,500,0,45,0.044,1,COM6
1,24238,37,rpm,1,1,36.5,36.5,3893,500,0,0,0.0,1,COM8
3,60752,37,rpm,296,358,36.5,36.5,3893,500,0,45,0.044,1,COM6
1,24258,37,rpm,1,1,36.5,36.5,3893,500,0,0,0.0,1,COM8
3,60773,37,rpm,612,358,36.5,36.5,3893,500,0,45,0.044,1,COM6
1,24279,37,rpm,1,1,36.5,36.5,3893,500,0,0,0.0,1,COM8
3,60794,37,rpm,720,358,36.5,36.5,3893,500,0,45,0.044,1,COM6
1,24299,37,rpm,1,1,36.5,36.5,3893,500,0,0,0.0,1,COM8
3,60814,37,rpm,741,358,36.5,36.5,3893,500,0,45,0.044,1,COM6
1,24320,37,rpm,1,1,36.5,36.5,3893,500,0,0,0.0,1,COM8
3,60835,37,rpm,697,357,36.5,36.5,3893,500,0,46,0.044,1,COM6
1,24340,37,rpm,1,1,36.5,36.5,3893,500,0,0,0.0,1,COM8
3,60855,37,rpm,584,357,36.5,36.5,3893,500,0,46,0.044,1,COM6
1,24361,37,rpm,1,1,36.5,36.5,3893,500,0,0,0.0,1,COM8
3,60876,37,rpm,465,357,36.5,36.5,3893,500,0,46,0.044,1,COM6
1,24381,37,rpm,1,1,36.5,36.5,3893,500,0,0,0.0,1,COM8
3,60896,37,rpm,369,357,36.5,36.5,3893,500,0,46,0.044,1,COM6
1,24401,37,rpm,1,1,36.5,36.5,3893,500,0,0,0.0,1,COM8
3,60917,37,rpm,129,357,36.5,36.5,3893,500,0,46,0.045,1,COM6
1,24422,37,rpm,1,1,36.5,36.5,3893,500,0,0,0.0,1,COM8
3,60937,37,rpm,23,356,36.5,36.5,3893,500,0,46,0.045,1,COM6
1,24442,37,rpm,1,1,36.5,36.5,3893,500,0,0,0.0,1,COM8
3,60958,37,rpm,14,356,36.5,36.5,3893,500,0,46,0.045,1,COM6
1,24463,37,rpm,1,1,36.5,36.5,3893,500,0,0,0.0,1,COM8
3,60978,37,rpm,22,356,36.5,36.5,3893,500,0,46,0.045,1,COM6
1,24483,37,rpm,1,1,36.5,36.5,3893,500,0,0,0.0,1,COM8
3,60999,37,rpm,126,356,36.5,36.5,3893,500,0,46,0.045,1,COM6
1,24504,37,rpm,1,1,36.5,36.5,3893,500,0,0,0.0,1,COM8
3,61019,37,rpm,470,356,36.5,36.5,3893,500,0,47,0.045,1,COM6
1,24524,37,rpm,1,1,36.5,36.5,3893,500,0,0,0.0,1,COM8
3,61040,37,rpm,644,356,36.5,36.5,3893,500,0,47,0.045,1,COM6
1,24545,37,rpm,1,1,36.5,36.5,3893,500,0,0,0.0,1,COM8
3,61061,37,rpm,714,356,36.5,36.5,3893,500,0,47,0.045,1,COM6
1,24565,37,rpm,1,1,36.5,36.5,3893,500,0,0,0.0,1,COM8
3,61081,37,rpm,690,355,36.5,36.5,3893,500,0,47,0.046,1,COM6
1,24585,37,rpm,1,1,36.5,36.5,3893,500,0,0,0.0,1,COM8
3,61102,37,rpm,601,355,36.5,36.5,3893,500,0,47,0.046,1,COM6
1,24606,37,rpm,1,1,36.5,36.5,3893,500,0,0,0.0,1,COM8
3,61122,37,rpm,489,355,36.5,36.5,3893,500,0,47,0.046,1,COM6
1,24626,37,rpm,1,1,36.5,36.5,3893,500,0,0,0.0,1,COM8
3,61143,37,rpm,403,355,36.5,36.5,3893,500,0,47,0.046,1,COM6
1,24647,37,rpm,1,1,36.5,36.5,3893,500,0,0,0.0,1,COM8
3,61163,37,rpm,228,355,36.5,36.5,3893,500,0,47,0.046,1,COM6
1,24667,37,rpm,1,1,36.5,36.5,3893,500,0,0,0.0,1,COM8
3,61184,37,rpm,30,355,36.5,36.5,3893,500,0,48,0.046,1,COM6
1,24688,37,rpm,1,1,36.5,36.5,3893,500,0,0,0.0,1,COM8
3,61204,37,rpm,14,355,36.5,36.5,3893,500,0,48,0.046,1,COM6
1,24708,37,rpm,1,1,36.5,36.5,3893,500,0,0,0.0,1,COM8
3,61225,37,rpm,14,355,36.5,36.5,3893,500,0,48,0.046,1,COM6
1,24729,37,rpm,1,1,36.5,36.5,3893,500,0,0,0.0,1,COM8
3,61246,37,rpm,50,354,36.5,36.5,3893,500,0,48,0.047,1,COM6
1,24749,37,rpm,1,1,36.5,36.5,3893,500,0,0,0.0,1,COM8
3,61266,37,rpm,270,354,36.5,36.5,3893,500,0,48,0.047,1,COM6
1,24770,37,rpm,1,1,36.5,36.5,3893,500,0,0,0.0,1,COM8
3,61287,37,rpm,547,354,36.5,36.5,3893,500,0,48,0.047,1,COM6
1,24790,37,rpm,1,1,36.5,36.5,3893,500,0,0,0.0,1,COM8
3,61307,37,rpm,785,354,36.5,36.5,3893,500,0,48,0.047,1,COM6
1,24811,37,rpm,1,1,36.5,36.5,3893,500,0,0,0.0,1,COM8
3,61328,37,rpm,816,354,36.5,36.5,3893,500,0,48,0.047,1,COM6
1,24831,37,rpm,1,1,36.5,36.5,3893,500,0,0,0.0,1,COM8
3,61348,37,rpm,727,354,36.5,36.5,3893,500,0,49,0.047,1,COM6
1,24852,37,rpm,1,1,36.5,36.5,3893,500,0,0,0.0,1,COM8
3,61369,37,rpm,570,354,36.5,36.5,3893,500,0,49,0.047,1,COM6
1,24872,37,rpm,1,1,36.5,36.5,3893,500,0,0,0.0,1,COM8
3,61389,37,rpm,398,354,36.5,36.5,3893,500,0,49,0.047,1,COM6
1,24893,37,rpm,1,1,36.5,36.5,3893,500,0,0,0.0,1,COM8
3,61410,37,rpm,312,354,36.5,36.5,3893,500,0,49,0.047,1,COM6
1,24913,37,rpm,1,1,36.5,36.5,3893,500,0,0,0.0,1,COM8
3,61430,37,rpm,168,354,36.5,36.5,3893,500,0,49,0.048,1,COM6
1,24933,37,rpm,1,1,36.5,36.5,3893,500,0,0,0.0,1,COM8
3,61451,37,rpm,27,354,36.5,36.5,3893,500,0,49,0.048,1,COM6
1,24954,37,rpm,1,1,36.5,36.5,3893,500,0,0,0.0,1,COM8
3,61471,37,rpm,13,353,36.5,36.5,3893,500,0,49,0.048,1,COM6
1,24974,37,rpm,1,1,36.5,36.5,3893,500,0,0,0.0,1,COM8
3,61492,37,rpm,13,353,36.5,36.5,3893,500,0,49,0.048,1,COM6
1,24995,37,rpm,1,1,36.5,36.5,3893,500,0,0,0.0,1,COM8
3,61513,37,rpm,57,353,36.5,36.5,3893,500,0,50,0.048,1,COM6
1,25015,37,rpm,1,1,36.5,36.5,3893,500,0,0,0.0,1,COM8
3,61533,37,rpm,290,353,36.5,36.5,3893,500,0,50,0.048,1,COM6
1,25036,37,rpm,0,1,36.5,36.5,3893,500,0,0,0.0,1,COM8
3,61554,37,rpm,564,353,36.5,36.5,3893,500,0,50,0.048,1,COM6
1,25056,37,rpm,0,1,36.5,36.5,3893,500,0,0,0.0,1,COM8
3,61574,37,rpm,778,353,36.5,36.5,3893,500,0,50,0.048,1,COM6
1,25077,37,rpm,1,1,36.5,36.5,3893,500,0,0,0.0,1,COM8
3,61595,37,rpm,757,353,36.5,36.5,3893,500,0,50,0.049,1,COM6
1,25097,37,rpm,1,1,36.5,36.5,3893,500,0,0,0.0,1,COM8
3,61615,37,rpm,674,353,36.5,36.5,3893,500,0,50,0.049,1,COM6
1,25118,37,rpm,1,1,36.5,36.5,3893,500,0,0,0.0,1,COM8
3,61636,37,rpm,500,353,36.5,36.5,3893,500,0,50,0.049,1,COM6
1,25138,37,rpm,1,1,36.5,36.5,3893,500,0,0,0.0,1,COM8
3,61656,37,rpm,359,353,36.5,36.5,3893,500,0,50,0.049,1,COM6
1,25159,37,rpm,1,1,36.5,36.5,3893,500,0,0,0.0,1,COM8
3,61677,37,rpm,293,353,36.5,36.5,3893,500,0,50,0.049,1,COM6
1,25179,37,rpm,1,1,36.5,36.5,3893,500,0,0,0.0,1,COM8
3,61697,37,rpm,80,353,36.5,36.5,3893,500,0,51,0.049,1,COM6
1,25199,37,rpm,1,1,36.5,36.5,3893,500,0,0,0.0,1,COM8
3,61718,37,rpm,18,353,36.5,36.5,3893,500,0,51,0.049,1,COM6
1,25220,37,rpm,1,1,36.5,36.5,3893,500,0,0,0.0,1,COM8
3,61739,37,rpm,12,353,36.5,36.5,3893,500,0,51,0.049,1,COM6
1,25240,37,rpm,1,1,36.5,36.5,3893,500,0,0,0.0,1,COM8
3,61759,37,rpm,24,353,36.5,36.5,3893,500,0,51,0.049,1,COM6
1,25261,37,rpm,1,1,36.5,36.5,3893,500,0,0,0.0,1,COM8
3,61780,37,rpm,149,353,36.5,36.5,3893,500,0,51,0.05,1,COM6
1,25281,37,rpm,1,1,36.5,36.5,3893,500,0,0,0.0,1,COM8
3,61800,37,rpm,507,353,36.5,36.5,3893,500,0,51,0.05,1,COM6
1,25302,37,rpm,0,1,36.5,36.5,3893,500,0,0,0.0,1,COM8
3,61821,37,rpm,777,353,36.5,36.5,3893,500,0,51,0.05,1,COM6
1,25322,37,rpm,1,1,36.5,36.5,3893,500,0,0,0.0,1,COM8
3,61841,37,rpm,826,353,36.5,36.5,3893,500,0,51,0.05,1,COM6
1,25343,37,rpm,1,1,36.5,36.5,3893,500,0,0,0.0,1,COM8
3,61862,37,rpm,737,353,36.5,36.5,3893,500,0,52,0.05,1,COM6
1,25363,37,rpm,1,1,36.5,36.5,3893,500,0,0,0.0,1,COM8
3,61882,37,rpm,569,353,36.5,36.5,3893,500,0,52,0.05,1,COM6
1,25384,37,rpm,1,1,36.5,36.5,3893,500,0,0,0.0,1,COM8
3,61903,37,rpm,399,353,36.5,36.5,3893,500,0,52,0.05,1,COM6
1,25404,37,rpm,1,1,36.5,36.5,3893,500,0,0,0.0,1,COM8
3,61923,37,rpm,277,353,36.5,36.5,3893,500,0,52,0.05,1,COM6
1,25425,37,rpm,1,1,36.5,36.5,3893,500,0,0,0.0,1,COM8
3,61944,37,rpm,172,353,36.5,36.5,3893,500,0,52,0.05,1,COM6
1,25445,37,rpm,1,1,36.5,36.5,3893,500,0,0,0.0,1,COM8
3,61964,37,rpm,28,353,36.5,36.5,3893,500,0,52,0.051,1,COM6
1,25465,37,rpm,1,1,36.5,36.5,3893,500,0,0,0.0,1,COM8
3,61985,37,rpm,13,353,36.5,36.5,3893,500,0,52,0.051,1,COM6
1,25486,37,rpm,1,1,36.5,36.5,3893,500,0,0,0.0,1,COM8
3,62006,37,rpm,12,353,36.5,36.5,3893,500,0,52,0.051,1,COM6
1,25506,37,rpm,1,1,36.5,36.5,3893,500,0,0,0.0,1,COM8
3,62026,37,rpm,51,353,36.5,36.5,3893,500,0,53,0.051,1,COM6
1,25527,37,rpm,1,1,36.5,36.5,3893,500,0,0,0.0,1,COM8
3,62047,37,rpm,338,353,36.5,36.5,3893,500,0,53,0.051,1,COM6
1,25547,37,rpm,0,1,36.5,36.5,3893,500,0,0,0.0,1,COM8
3,62067,37,rpm,602,353,36.5,36.5,3893,500,0,53,0.051,1,COM6
1,25568,37,rpm,1,1,36.5,36.5,3893,500,0,0,0.0,1,COM8
3,62088,37,rpm,718,353,36.5,36.5,3893,500,0,53,0.051,1,COM6
1,25588,37,rpm,1,1,36.5,36.5,3893,500,0,0,0.0,1,COM8
3,62108,37,rpm,769,353,36.5,36.5,3893,500,0,53,0.051,1,COM6
1,25609,37,rpm,1,1,36.5,36.5,3893,500,0,0,0.0,1,COM8
3,62129,37,rpm,670,353,36.5,36.5,3893,500,0,53,0.052,1,COM6
1,25629,37,rpm,1,1,36.5,36.5,3893,500,0,0,0.0,1,COM8
3,62149,37,rpm,522,353,36.5,36.5,3893,500,0,53,0.052,1,COM6
1,25649,37,rpm,1,1,36.5,36.5,3893,500,0,0,0.0,1,COM8
3,62170,37,rpm,397,353,36.5,36.5,3893,500,0,53,0.052,1,COM6
1,25670,37,rpm,1,1,36.5,36.5,3893,500,0,0,0.0,1,COM8
3,62190,37,rpm,309,353,36.5,36.5,3893,500,0,54,0.052,1,COM6
1,25690,37,rpm,1,1,36.5,36.5,3893,500,0,0,0.0,1,COM8
3,62211,37,rpm,46,353,36.5,36.5,3893,500,0,54,0.052,1,COM6
1,25711,37,rpm,1,1,36.5,36.5,3893,500,0,0,0.0,1,COM8
3,62232,37,rpm,17,353,36.5,36.5,3893,500,0,54,0.052,1,COM6
1,25731,37,rpm,1,1,36.5,36.5,3893,500,0,0,0.0,1,COM8
3,62252,37,rpm,13,353,36.5,36.5,3893,500,0,54,0.052,1,COM6
1,25752,37,rpm,1,1,36.5,36.5,3893,500,0,0,0.0,1,COM8
3,62273,37,rpm,35,353,36.5,36.5,3893,500,0,54,0.052,1,COM6
1,25772,37,rpm,1,1,36.5,36.5,3893,500,0,0,0.0,1,COM8
3,62293,37,rpm,254,353,36.5,36.5,3893,500,0,54,0.052,1,COM6
1,25793,37,rpm,1,1,36.5,36.5,3893,500,0,0,0.0,1,COM8
3,62314,37,rpm,586,353,36.5,36.5,3893,500,0,54,0.053,1,COM6
1,25813,37,rpm,1,1,36.5,36.5,3893,500,0,0,0.0,1,COM8
3,62334,37,rpm,697,353,36.5,36.5,3893,500,0,54,0.053,1,COM6
1,25834,37,rpm,1,1,36.5,36.5,3893,500,0,0,0.0,1,COM8
3,62355,37,rpm,736,353,36.5,36.5,3893,500,0,54,0.053,1,COM6
1,25854,37,rpm,1,1,36.5,36.5,3893,500,0,0,0.0,1,COM8
3,62375,37,rpm,698,353,36.5,36.5,3893,500,0,55,0.053,1,COM6
1,25875,37,rpm,1,1,36.5,36.5,3893,500,0,0,0.0,1,COM8
3,62396,37,rpm,596,353,36.5,36.5,3893,500,0,55,0.053,1,COM6
1,25895,37,rpm,1,1,36.5,36.5,3893,500,0,0,0.0,1,COM8
3,62416,37,rpm,476,353,36.5,36.5,3893,500,0,55,0.053,1,COM6
1,25915,37,rpm,1,1,36.5,36.5,3893,500,0,0,0.0,1,COM8
3,62437,37,rpm,377,353,36.5,36.5,3893,500,0,55,0.053,1,COM6
1,25936,37,rpm,1,1,36.5,36.5,3893,500,0,0,0.0,1,COM8
3,62458,37,rpm,155,354,36.5,36.5,3893,500,0,55,0.053,1,COM6
1,25956,37,rpm,1,1,36.5,36.5,3893,500,0,0,0.0,1,COM8
3,62478,37,rpm,25,354,36.5,36.5,3893,500,0,55,0.054,1,COM6
1,25977,37,rpm,1,1,36.5,36.5,3893,500,0,0,0.0,1,COM8
3,62499,37,rpm,14,354,36.5,36.5,3893,500,0,55,0.054,1,COM6
1,25997,37,rpm,1,1,36.5,36.5,3893,500,0,0,0.0,1,COM8
3,62519,37,rpm,20,354,36.5,36.5,3893,500,0,55,0.054,1,COM6
1,26018,37,rpm,1,1,36.5,36.5,3893,500,0,0,0.0,1,COM8
3,62540,37,rpm,114,354,36.5,36.5,3893,500,0,56,0.054,1,COM6
1,26038,37,rpm,1,1,36.5,36.5,3893,500,0,0,0.0,1,COM8
3,62560,37,rpm,447,354,36.5,36.5,3893,500,0,56,0.054,1,COM6
1,26059,37,rpm,1,1,36.5,36.5,3893,500,0,0,0.0,1,COM8
3,62581,37,rpm,631,354,36.5,36.5,3893,500,0,56,0.054,1,COM6
1,26079,37,rpm,1,1,36.5,36.5,3893,500,0,0,0.0,1,COM8
3,62602,37,rpm,718,354,36.5,36.5,3893,500,0,56,0.054,1,COM6
1,26099,37,rpm,1,1,36.5,36.5,3893,500,0,0,0.0,1,COM8
3,62622,37,rpm,690,354,36.5,36.5,3893,500,0,56,0.054,1,COM6
1,26120,37,rpm,1,1,36.5,36.5,3893,500,0,0,0.0,1,COM8
3,62643,37,rpm,614,354,36.5,36.5,3893,500,0,56,0.054,1,COM6
1,26140,37,rpm,1,1,36.5,36.5,3893,500,0,0,0.0,1,COM8
3,62663,37,rpm,494,354,36.5,36.5,3893,500,0,56,0.055,1,COM6
1,26161,37,rpm,1,1,36.5,36.5,3893,500,0,0,0.0,1,COM8
3,62684,37,rpm,405,354,36.5,36.5,3893,500,0,56,0.055,1,COM6
1,26181,37,rpm,1,1,36.5,36.5,3893,500,0,0,0.0,1,COM8
3,62704,37,rpm,257,354,36.5,36.5,3893,500,0,57,0.055,1,COM6
1,26202,37,rpm,1,1,36.5,36.5,3893,500,0,0,0.0,1,COM8
3,62725,37,rpm,32,354,36.5,36.5,3893,500,0,57,0.055,1,COM6
1,26222,37,rpm,1,1,36.5,36.5,3893,500,0,0,0.0,1,COM8
3,62745,37,rpm,15,354,36.5,36.5,3893,500,0,57,0.055,1,COM6
1,26243,37,rpm,1,1,36.5,36.5,3893,500,0,0,0.0,1,COM8
3,62766,37,rpm,14,354,36.5,36.5,3893,500,0,57,0.055,1,COM6
1,26263,37,rpm,1,1,36.5,36.5,3893,500,0,0,0.0,1,COM8
3,62786,37,rpm,46,355,36.5,36.5,3893,500,0,57,0.055,1,COM6
1,26284,37,rpm,1,1,36.5,36.5,3893,500,0,0,0.0,1,COM8
3,62807,37,rpm,257,355,36.5,36.5,3893,500,0,57,0.055,1,COM6
1,26304,37,rpm,1,1,36.5,36.5,3893,500,0,0,0.0,1,COM8
3,62828,37,rpm,566,355,36.5,36.5,3893,500,0,57,0.056,1,COM6
1,26324,37,rpm,0,1,36.5,36.5,3893,500,0,0,0.0,1,COM8
3,62848,37,rpm,791,355,36.5,36.5,3893,500,0,57,0.056,1,COM6
1,26345,37,rpm,1,1,36.5,36.5,3893,500,0,0,0.0,1,COM8
3,62869,37,rpm,790,355,36.5,36.5,3893,500,0,58,0.056,1,COM6
1,26365,37,rpm,1,1,36.5,36.5,3893,500,0,0,0.0,1,COM8
3,62889,37,rpm,713,355,36.5,36.5,3893,500,0,58,0.056,1,COM6
1,26386,37,rpm,1,1,36.5,36.5,3893,500,0,0,0.0,1,COM8
3,62910,37,rpm,571,355,36.5,36.5,3893,500,0,58,0.056,1,COM6
1,26406,37,rpm,1,1,36.5,36.5,3893,500,0,0,0.0,1,COM8
3,62930,37,rpm,397,355,36.5,36.5,3893,500,0,58,0.056,1,COM6
1,26427,37,rpm,1,1,36.5,36.5,3893,500,0,0,0.0,1,COM8
3,62951,37,rpm,308,355,36.5,36.5,3893,500,0,58,0.056,1,COM6
1,26447,37,rpm,1,1,36.5,36.5,3893,500,0,0,0.0,1,COM8
3,62971,37,rpm,184,355,36.5,36.5,3893,500,0,58,0.056,1,COM6
1,26468,37,rpm,1,1,36.5,36.5,3893,500,0,0,0.0,1,COM8
3,62992,37,rpm,28,355,36.5,36.5,3893,500,0,58,0.056,1,COM6
1,26488,37,rpm,1,1,36.5,36.5,3893,500,0,0,0.0,1,COM8
3,63012,37,rpm,13,355,36.5,36.5,3893,500,0,58,0.057,1,COM6
1,26508,37,rpm,1,1,36.5,36.5,3893,500,0,0,0.0,1,COM8
3,63033,37,rpm,13,356,36.5,36.5,3893,500,0,58,0.057,1,COM6
1,26529,37,rpm,1,1,36.5,36.5,3893,500,0,0,0.0,1,COM8
3,63053,37,rpm,53,356,36.5,36.5,3893,500,0,59,0.057,1,COM6
1,26549,37,rpm,1,1,36.5,36.5,3893,500,0,0,0.0,1,COM8
3,63074,37,rpm,273,356,36.5,36.5,3893,500,0,59,0.057,1,COM6
1,26570,37,rpm,1,1,36.5,36.5,3893,500,0,0,0.0,1,COM8
3,63095,37,rpm,558,356,36.5,36.5,3893,500,0,59,0.057,1,COM6
1,26590,37,rpm,0,1,36.5,36.5,3893,500,0,0,0.0,1,COM8
3,63115,37,rpm,767,356,36.5,36.5,3893,500,0,59,0.057,1,COM6
1,26611,37,rpm,1,1,36.5,36.5,3893,500,0,0,0.0,1,COM8
3,63136,37,rpm,749,356,36.5,36.5,3893,500,0,59,0.057,1,COM6
1,26631,37,rpm,1,1,36.5,36.5,3893,500,0,0,0.0,1,COM8
3,63156,37,rpm,673,356,36.5,36.5,3893,500,0,59,0.057,1,COM6
1,26652,37,rpm,1,1,36.5,36.5,3893,500,0,0,0.0,1,COM8
3,63177,37,rpm,497,356,36.5,36.5,3893,500,0,59,0.058,1,COM6
1,26672,37,rpm,1,1,36.5,36.5,3893,500,0,0,0.0,1,COM8
3,63197,37,rpm,353,356,36.5,36.5,3893,500,0,59,0.058,1,COM6
1,26692,37,rpm,1,1,36.5,36.5,3893,500,0,0,0.0,1,COM8
3,63218,37,rpm,300,356,36.5,36.5,3893,500,0,60,0.058,1,COM6
1,26713,37,rpm,1,1,36.5,36.5,3893,500,0,0,0.0,1,COM8
3,63238,37,rpm,90,356,36.5,36.5,3893,500,0,60,0.058,1,COM6
1,26733,37,rpm,1,1,36.5,36.5,3893,500,0,0,0.0,1,COM8
3,63259,37,rpm,19,357,36.5,36.5,3893,500,0,60,0.058,1,COM6
1,26754,37,rpm,1,1,36.5,36.5,3893,500,0,0,0.0,1,COM8
3,63279,37,rpm,12,357,36.5,36.5,3893,500,0,60,0.058,1,COM6
1,26774,37,rpm,1,1,36.5,36.5,3893,500,0,0,0.0,1,COM8
3,63300,37,rpm,22,357,36.5,36.5,3893,500,0,60,0.058,1,COM6
1,26795,37,rpm,1,1,36.5,36.5,3893,500,0,0,0.0,1,COM8
3,63320,37,rpm,141,357,36.5,36.5,3893,500,0,60,0.058,1,COM6
1,26815,37,rpm,1,1,36.5,36.5,3893,500,0,0,0.0,1,COM8
3,63341,37,rpm,493,357,36.5,36.5,3893,500,0,60,0.058,1,COM6
1,26836,37,rpm,0,1,36.5,36.5,3893,500,0,0,0.0,1,COM8
3,63361,37,rpm,775,357,36.5,36.5,3893,500,0,60,0.059,1,COM6
1,26856,37,rpm,1,1,36.5,36.5,3893,500,0,0,0.0,1,COM8
3,63382,37,rpm,838,357,36.5,36.5,3893,500,0,61,0.059,1,COM6
1,26876,37,rpm,1,1,36.5,36.5,3893,500,0,0,0.0,1,COM8
3,63402,37,rpm,742,357,36.5,36.5,3893,500,0,61,0.059,1,COM6
1,26897,37,rpm,1,1,36.5,36.5,3893,500,0,0,0.0,1,COM8
3,63423,37,rpm,593,357,36.5,36.5,3893,500,0,61,0.059,1,COM6
1,26917,37,rpm,1,1,36.5,36.5,3893,500,0,0,0.0,1,COM8
3,63443,37,rpm,421,357,36.5,36.5,3893,500,0,61,0.059,1,COM6
1,26938,37,rpm,1,1,36.5,36.5,3893,500,0,0,0.0,1,COM8
1,26958,37,rpm,1,1,36.5,36.5,3893,500,0,0,0.0,1,COM8
3,63464,37,rpm,291,357,36.5,36.5,3893,500,0,61,0.059,1,COM6
3,63484,37,rpm,205,358,36.5,36.5,3893,500,0,61,0.059,1,COM6
1,26979,37,rpm,1,1,36.5,36.5,3893,500,0,0,0.0,1,COM8
3,63505,37,rpm,31,358,36.5,36.5,3893,500,0,61,0.059,1,COM6
1,26999,37,rpm,1,1,36.5,36.5,3893,500,0,0,0.0,1,COM8
3,63526,37,rpm,14,358,36.5,36.5,3893,500,0,61,0.06,1,COM6
1,27019,37,rpm,1,1,36.5,36.5,3893,500,0,0,0.0,1,COM8
3,63546,37,rpm,11,358,36.5,36.5,3893,500,0,62,0.06,1,COM6
1,27040,37,rpm,1,1,36.5,36.5,3893,500,0,0,0.0,1,COM8
3,63567,37,rpm,39,358,36.5,36.5,3893,500,0,62,0.06,1,COM6
1,27060,37,rpm,1,1,36.5,36.5,3893,500,0,0,0.0,1,COM8
3,63587,37,rpm,277,358,36.5,36.5,3893,500,0,62,0.06,1,COM6
1,27081,37,rpm,1,1,36.5,36.5,3893,500,0,0,0.0,1,COM8
3,63608,37,rpm,584,358,36.5,36.5,3893,500,0,62,0.06,1,COM6
1,27101,37,rpm,1,1,36.5,36.5,3893,500,0,0,0.0,1,COM8
3,63628,37,rpm,695,358,36.5,36.5,3893,500,0,62,0.06,1,COM6
1,27122,37,rpm,1,1,36.5,36.5,3893,500,0,0,0.0,1,COM8
1,27142,37,rpm,1,1,36.5,36.5,3893,500,0,0,0.0,1,COM8
3,63649,37,rpm,755,358,36.5,36.5,3893,500,0,62,0.06,1,COM6
3,63669,37,rpm,691,358,36.5,36.5,3893,500,0,62,0.06,1,COM6
1,27163,37,rpm,1,1,36.5,36.5,3893,500,0,0,0.0,1,COM8
3,63690,37,rpm,537,358,36.5,36.5,3893,500,0,62,0.061,1,COM6
1,27183,37,rpm,1,1,36.5,36.5,3893,500,0,0,0.0,1,COM8
3,63710,37,rpm,399,359,36.5,36.5,3893,500,0,63,0.061,1,COM6
1,27203,37,rpm,1,1,36.5,36.5,3893,500,0,0,0.0,1,COM8
1,27224,37,rpm,1,1,36.5,36.5,3893,500,0,0,0.0,1,COM8
3,63731,37,rpm,313,359,36.5,36.5,3893,500,0,63,0.061,1,COM6
3,63752,37,rpm,61,359,36.5,36.5,3893,500,0,63,0.061,1,COM6
1,27244,37,rpm,1,1,36.5,36.5,3893,500,0,0,0.0,1,COM8
1,27265,37,rpm,1,1,36.5,36.5,3893,500,0,0,0.0,1,COM8
3,63772,37,rpm,18,359,36.5,36.5,3893,500,0,63,0.061,1,COM6
3,63793,37,rpm,13,359,36.5,36.5,3893,500,0,63,0.061,1,COM6
1,27285,37,rpm,1,1,36.5,36.5,3893,500,0,0,0.0,1,COM8
3,63813,37,rpm,29,359,36.5,36.5,3893,500,0,63,0.061,1,COM6
1,27306,37,rpm,1,1,36.5,36.5,3893,500,0,0,0.0,1,COM8
3,63834,37,rpm,215,359,36.5,36.5,3893,500,0,63,0.061,1,COM6
1,27326,37,rpm,1,1,36.5,36.5,3893,500,0,0,0.0,1,COM8
1,27347,37,rpm,0,1,36.5,36.5,3893,500,0,0,0.0,1,COM8
3,63854,37,rpm,584,359,36.5,36.5,3893,500,0,63,0.061,1,COM6
1,27367,37,rpm,1,1,36.5,36.5,3893,500,0,0,0.0,1,COM8
3,63875,37,rpm,693,359,36.5,36.5,3893,500,0,63,0.062,1,COM6
3,63895,37,rpm,738,359,36.5,36.5,3893,500,0,64,0.062,1,COM6
1,27388,37,rpm,1,1,36.5,36.5,3893,500,0,0,0.0,1,COM8
3,63916,37,rpm,697,359,36.5,36.5,3893,500,0,64,0.062,1,COM6
1,27408,37,rpm,1,1,36.5,36.5,3893,500,0,0,0.0,1,COM8
1,27429,37,rpm,1,1,36.5,36.5,3893,500,0,0,0.0,1,COM8
3,63937,37,rpm,611,360,36.5,36.5,3893,500,0,64,0.062,1,COM6
1,27449,37,rpm,1,1,36.5,36.5,3893,500,0,0,0.0,1,COM8
3,63957,37,rpm,490,360,36.5,36.5,3893,500,0,64,0.062,1,COM6
1,27469,37,rpm,1,1,36.5,36.5,3893,500,0,0,0.0,1,COM8
3,63978,37,rpm,391,360,36.5,36.5,3893,500,0,64,0.062,1,COM6
3,63998,37,rpm,197,360,36.5,36.5,3893,500,0,64,0.062,1,COM6
1,27490,37,rpm,1,1,36.5,36.5,3893,500,0,0,0.0,1,COM8
1,27510,37,rpm,1,1,36.5,36.5,3893,500,0,0,0.0,1,COM8
3,64019,37,rpm,29,360,36.5,36.5,3893,500,0,64,0.062,1,COM6
1,27531,37,rpm,1,1,36.5,36.5,3893,500,0,0,0.0,1,COM8
3,64039,37,rpm,14,360,36.5,36.5,3893,500,0,64,0.063,1,COM6
3,64060,37,rpm,17,360,36.5,36.5,3893,500,0,65,0.063,1,COM6
1,27551,37,rpm,1,1,36.5,36.5,3893,500,0,0,0.0,1,COM8
3,64081,37,rpm,82,360,36.5,36.5,3893,500,0,65,0.063,1,COM6
1,27572,37,rpm,1,1,36.5,36.5,3893,500,0,0,0.0,1,COM8
1,27592,37,rpm,1,1,36.5,36.5,3893,500,0,0,0.0,1,COM8
3,64101,37,rpm,398,360,36.5,36.5,3893,500,0,65,0.063,1,COM6
3,64122,37,rpm,621,360,36.5,36.5,3893,500,0,65,0.063,1,COM6
1,27613,37,rpm,1,1,36.5,36.5,3893,500,0,0,0.0,1,COM8
1,27633,37,rpm,1,1,36.5,36.5,3893,500,0,0,0.0,1,COM8
3,64142,37,rpm,705,360,36.5,36.5,3893,500,0,65,0.063,1,COM6
1,27654,37,rpm,1,1,36.5,36.5,3893,500,0,0,0.0,1,COM8
3,64163,37,rpm,678,360,36.5,36.5,3893,500,0,65,0.063,1,COM6
1,27674,37,rpm,1,1,36.5,36.5,3893,500,0,0,0.0,1,COM8
3,64183,37,rpm,630,361,36.5,36.5,3893,500,0,65,0.063,1,COM6
1,27694,37,rpm,1,1,36.5,36.5,3893,500,0,0,0.0,1,COM8
3,64204,37,rpm,508,361,36.5,36.5,3893,500,0,65,0.064,1,COM6
1,27715,37,rpm,1,1,36.5,36.5,3893,500,0,0,0.0,1,COM8
3,64224,37,rpm,410,361,36.5,36.5,3893,500,0,66,0.064,1,COM6
1,27735,37,rpm,1,1,36.5,36.5,3893,500,0,0,0.0,1,COM8
3,64245,37,rpm,306,361,36.5,36.5,3893,500,0,66,0.064,1,COM6
1,27756,37,rpm,1,1,36.5,36.5,3893,500,0,0,0.0,1,COM8
3,64265,37,rpm,35,361,36.5,36.5,3893,500,0,66,0.064,1,COM6
3,64286,37,rpm,16,361,36.5,36.5,3893,500,0,66,0.064,1,COM6
1,27776,37,rpm,1,1,36.5,36.5,3893,500,0,0,0.0,1,COM8
1,27797,37,rpm,1,1,36.5,36.5,3893,500,0,0,0.0,1,COM8
3,64307,37,rpm,13,361,36.5,36.5,3893,500,0,66,0.064,1,COM6
1,27817,37,rpm,1,1,36.5,36.5,3893,500,0,0,0.0,1,COM8
3,64327,37,rpm,35,361,36.5,36.5,3893,500,0,66,0.064,1,COM6
3,64347,37,rpm,201,361,36.5,36.5,3893,500,0,66,0.064,1,COM6
1,27838,37,rpm,1,1,36.5,36.5,3893,500,0,0,0.0,1,COM8
1,27858,37,rpm,1,1,36.5,36.5,3893,500,0,0,0.0,1,COM8
3,64368,37,rpm,517,361,36.5,36.5,3893,500,0,66,0.064,1,COM6
3,64389,37,rpm,759,361,36.5,36.5,3893,500,0,67,0.065,1,COM6
1,27878,37,rpm,1,1,36.5,36.5,3893,500,0,0,0.0,1,COM8
3,64409,37,rpm,835,361,36.5,36.5,3893,500,0,67,0.065,1,COM6
1,27899,37,rpm,1,1,36.5,36.5,3893,500,0,0,0.0,1,COM8
1,27919,37,rpm,1,1,36.5,36.5,3893,500,0,0,0.0,1,COM8
3,64430,37,rpm,749,361,36.5,36.5,3893,500,0,67,0.065,1,COM6
1,27940,37,rpm,1,1,36.5,36.5,3893,500,0,0,0.0,1,COM8
3,64450,37,rpm,598,361,36.5,36.5,3893,500,0,67,0.065,1,COM6
1,27960,37,rpm,1,1,36.5,36.5,3893,500,0,0,0.0,1,COM8
3,64471,37,rpm,427,362,36.5,36.5,3893,500,0,67,0.065,1,COM6
3,64491,37,rpm,304,362,36.5,36.5,3893,500,0,67,0.065,1,COM6
1,27981,37,rpm,1,1,36.5,36.5,3893,500,0,0,0.0,1,COM8
1,28001,37,rpm,1,1,36.5,36.5,3893,500,0,0,0.0,1,COM8
3,64512,37,rpm,218,362,36.5,36.5,3893,500,0,67,0.065,1,COM6
1,28022,37,rpm,1,1,36.5,36.5,3893,500,0,0,0.0,1,COM8
3,64532,37,rpm,31,362,36.5,36.5,3893,500,0,67,0.065,1,COM6
1,28042,37,rpm,1,1,36.5,36.5,3893,500,0,0,0.0,1,COM8
3,64553,37,rpm,14,362,36.5,36.5,3893,500,0,68,0.066,1,COM6
1,28062,37,rpm,1,1,36.5,36.5,3893,500,0,0,0.0,1,COM8
3,64573,37,rpm,12,362,36.5,36.5,3893,500,0,68,0.066,1,COM6
1,28083,37,rpm,1,1,36.5,36.5,3893,500,0,0,0.0,1,COM8
3,64594,37,rpm,38,362,36.5,36.5,3893,500,0,68,0.066,1,COM6
1,28103,37,rpm,1,1,36.5,36.5,3893,500,0,0,0.0,1,COM8
3,64614,37,rpm,224,362,36.5,36.5,3893,500,0,68,0.066,1,COM6
3,64635,37,rpm,529,362,36.5,36.5,3893,500,0,68,0.066,1,COM6
1,28124,37,rpm,0,1,36.5,36.5,3893,500,0,0,0.0,1,COM8
1,28144,37,rpm,0,1,36.5,36.5,3893,500,0,0,0.0,1,COM8
3,64655,37,rpm,767,362,36.5,36.5,3893,500,0,68,0.066,1,COM6
1,28165,37,rpm,1,1,36.5,36.5,3893,500,0,0,0.0,1,COM8
3,64676,37,rpm,774,362,36.5,36.5,3893,500,0,68,0.066,1,COM6
1,28185,37,rpm,1,1,36.5,36.5,3893,500,0,0,0.0,1,COM8
3,64697,37,rpm,687,362,36.5,36.5,3893,500,0,68,0.066,1,COM6
1,28206,37,rpm,1,1,36.5,36.5,3893,500,0,0,0.0,1,COM8
3,64717,37,rpm,532,362,36.5,36.5,3893,500,0,69,0.067,1,COM6
1,28226,37,rpm,1,1,36.5,36.5,3893,500,0,0,0.0,1,COM8
3,64738,37,rpm,371,362,36.5,36.5,3893,500,0,69,0.067,1,COM6
3,64758,37,rpm,293,362,36.5,36.5,3893,500,0,69,0.067,1,COM6
1,28246,37,rpm,1,1,36.5,36.5,3893,500,0,0,0.0,1,COM8
1,28267,37,rpm,1,1,36.5,36.5,3893,500,0,0,0.0,1,COM8
3,64779,37,rpm,133,362,36.5,36.5,3893,500,0,69,0.067,1,COM6
1,28287,37,rpm,1,1,36.5,36.5,3893,500,0,0,0.0,1,COM8
3,64799,37,rpm,23,363,36.5,36.5,3893,500,0,69,0.067,1,COM6
1,28308,37,rpm,1,1,36.5,36.5,3893,500,0,0,0.0,1,COM8
3,64820,37,rpm,12,363,36.5,36.5,3893,500,0,69,0.067,1,COM6
1,28328,37,rpm,1,1,36.5,36.5,3893,500,0,0,0.0,1,COM8
3,64840,37,rpm,16,363,36.5,36.5,3893,500,0,69,0.067,1,COM6
1,28349,37,rpm,1,1,36.5,36.5,3893,500,0,0,0.0,1,COM8
3,64861,37,rpm,93,363,36.5,36.5,3893,500,0,69,0.067,1,COM6
1,28369,37,rpm,1,1,36.5,36.5,3893,500,0,0,0.0,1,COM8
3,64881,37,rpm,399,363,36.5,36.5,3893,500,0,70,0.067,1,COM6
1,28390,37,rpm,0,1,36.5,36.5,3893,500,0,0,0.0,1,COM8
3,64902,37,rpm,728,363,36.5,36.5,3893,500,0,70,0.068,1,COM6
1,28410,37,rpm,1,1,36.5,36.5,3893,500,0,0,0.0,1,COM8
3,64922,37,rpm,834,363,36.5,36.5,3893,500,0,70,0.068,1,COM6
1,28431,37,rpm,1,1,36.5,36.5,3893,500,0,0,0.0,1,COM8
3,64943,37,rpm,751,363,36.5,36.5,3893,500,0,70,0.068,1,COM6
1,28451,37,rpm,1,1,36.5,36.5,3893,500,0,0,0.0,1,COM8
3,64964,37,rpm,611,363,36.5,36.5,3893,500,0,70,0.068,1,COM6
1,28471,37,rpm,1,1,36.5,36.5,3893,500,0,0,0.0,1,COM8
3,64984,37,rpm,435,363,36.5,36.5,3893,500,0,70,0.068,1,COM6
1,28492,37,rpm,1,1,36.5,36.5,3893,500,0,0,0.0,1,COM8
3,65005,37,rpm,296,363,36.5,36.5,3893,500,0,70,0.068,1,COM6
1,28512,37,rpm,1,1,36.5,36.5,3893,500,0,0,0.0,1,COM8
3,65025,37,rpm,217,363,36.5,36.5,3893,500,0,70,0.068,1,COM6
1,28533,37,rpm,1,1,36.5,36.5,3893,500,0,0,0.0,1,COM8
3,65046,37,rpm,34,363,36.5,36.5,3893,500,0,71,0.068,1,COM6
1,28553,37,rpm,1,1,36.5,36.5,3893,500,0,0,0.0,1,COM8
3,65066,37,rpm,15,363,36.5,36.5,3893,500,0,71,0.069,1,COM6
1,28574,37,rpm,1,1,36.5,36.5,3893,500,0,0,0.0,1,COM8
3,65087,37,rpm,11,363,36.5,36.5,3893,500,0,71,0.069,1,COM6
1,28594,37,rpm,1,1,36.5,36.5,3893,500,0,0,0.0,1,COM8
3,65107,37,rpm,33,363,36.5,36.5,3893,500,0,71,0.069,1,COM6
1,28615,37,rpm,1,1,36.5,36.5,3893,500,0,0,0.0,1,COM8
3,65128,37,rpm,244,363,36.5,36.5,3893,500,0,71,0.069,1,COM6
1,28635,37,rpm,0,1,36.5,36.5,3893,500,0,0,0.0,1,COM8
3,65148,37,rpm,572,363,36.5,36.5,3893,500,0,71,0.069,1,COM6
1,28656,37,rpm,1,1,36.5,36.5,3893,500,0,0,0.0,1,COM8
3,65169,37,rpm,687,363,36.5,36.5,3893,500,0,71,0.069,1,COM6
1,28676,37,rpm,1,1,36.5,36.5,3893,500,0,0,0.0,1,COM8
3,65189,37,rpm,750,363,36.5,36.5,3893,500,0,71,0.069,1,COM6
1,28696,37,rpm,1,1,36.5,36.5,3893,500,0,0,0.0,1,COM8
3,65210,37,rpm,706,363,36.5,36.5,3893,500,0,72,0.069,1,COM6
1,28717,37,rpm,1,1,36.5,36.5,3893,500,0,0,0.0,1,COM8
3,65230,37,rpm,553,363,36.5,36.5,3893,500,0,72,0.07,1,COM6
1,28737,37,rpm,1,1,36.5,36.5,3893,500,0,0,0.0,1,COM8
3,65251,37,rpm,421,363,36.5,36.5,3893,500,0,72,0.07,1,COM6
1,28758,37,rpm,1,1,36.5,36.5,3893,500,0,0,0.0,1,COM8
3,65271,37,rpm,339,364,36.5,36.5,3893,500,0,72,0.07,1,COM6
1,28778,37,rpm,1,1,36.5,36.5,3893,500,0,0,0.0,1,COM8
3,65292,37,rpm,96,364,36.5,36.5,3893,500,0,72,0.07,1,COM6
1,28799,37,rpm,1,1,36.5,36.5,3893,500,0,0,0.0,1,COM8
3,65312,37,rpm,20,364,36.5,36.5,3893,500,0,72,0.07,1,COM6
1,28819,37,rpm,1,1,36.5,36.5,3893,500,0,0,0.0,1,COM8
3,65333,37,rpm,13,364,36.5,36.5,3893,500,0,72,0.07,1,COM6
1,28840,37,rpm,1,1,36.5,36.5,3893,500,0,0,0.0,1,COM8
3,65353,37,rpm,23,364,36.5,36.5,3893,500,0,72,0.07,1,COM6
1,28860,37,rpm,1,1,36.5,36.5,3893,500,0,0,0.0,1,COM8
3,65374,37,rpm,151,364,36.5,36.5,3893,500,0,73,0.07,1,COM6
1,28880,37,rpm,1,1,36.5,36.5,3893,500,0,0,0.0,1,COM8
3,65394,37,rpm,538,364,36.5,36.5,3893,500,0,73,0.07,1,COM6
1,28901,37,rpm,1,1,36.5,36.5,3893,500,0,0,0.0,1,COM8
3,65415,37,rpm,668,364,36.5,36.5,3893,500,0,73,0.071,1,COM6
1,28921,37,rpm,1,1,36.5,36.5,3893,500,0,0,0.0,1,COM8
3,65435,37,rpm,740,364,36.5,36.5,3893,500,0,73,0.071,1,COM6
1,28942,37,rpm,1,1,36.5,36.5,3893,500,0,0,0.0,1,COM8
3,65456,37,rpm,699,364,36.5,36.5,3893,500,0,73,0.071,1,COM6
1,28962,37,rpm,1,1,36.5,36.5,3893,500,0,0,0.0,1,COM8
3,65477,37,rpm,631,364,36.5,36.5,3893,500,0,73,0.071,1,COM6
1,28983,37,rpm,1,1,36.5,36.5,3893,500,0,0,0.0,1,COM8
3,65497,37,rpm,501,364,36.5,36.5,3893,500,0,73,0.071,1,COM6
1,29003,37,rpm,1,1,36.5,36.5,3893,500,0,0,0.0,1,COM8
3,65518,37,rpm,399,364,36.5,36.5,3893,500,0,73,0.071,1,COM6
1,29024,37,rpm,1,1,36.5,36.5,3893,500,0,0,0.0,1,COM8
3,65538,37,rpm,230,364,36.5,36.5,3893,500,0,74,0.071,1,COM6
1,29044,37,rpm,1,1,36.5,36.5,3893,500,0,0,0.0,1,COM8
3,65559,37,rpm,31,364,36.5,36.5,3893,500,0,74,0.071,1,COM6
1,29065,37,rpm,1,1,36.5,36.5,3893,500,0,0,0.0,1,COM8
3,65579,37,rpm,15,364,36.5,36.5,3893,500,0,74,0.072,1,COM6
1,29085,37,rpm,1,1,36.5,36.5,3893,500,0,0,0.0,1,COM8
3,65600,37,rpm,16,364,36.5,36.5,3893,500,0,74,0.072,1,COM6
1,29105,37,rpm,1,1,36.5,36.5,3893,500,0,0,0.0,1,COM8
3,65620,37,rpm,69,364,36.5,36.5,3893,500,0,74,0.072,1,COM6
1,29126,37,rpm,1,1,36.5,36.5,3893,500,0,0,0.0,1,COM8
3,65641,37,rpm,352,364,36.5,36.5,3893,500,0,74,0.072,1,COM6
1,29146,37,rpm,0,1,36.5,36.5,3893,500,0,0,0.0,1,COM8
3,65661,37,rpm,602,364,36.5,36.5,3893,500,0,74,0.072,1,COM6
1,29167,37,rpm,1,1,36.5,36.5,3893,500,0,0,0.0,1,COM8
3,65682,37,rpm,699,364,36.5,36.5,3893,500,0,74,0.072,1,COM6
1,29187,37,rpm,1,1,36.5,36.5,3893,500,0,0,0.0,1,COM8
3,65702,37,rpm,685,364,36.5,36.5,3893,500,0,75,0.072,1,COM6
1,29208,37,rpm,1,1,36.5,36.5,3893,500,0,0,0.0,1,COM8
3,65723,37,rpm,644,364,36.5,36.5,3893,500,0,75,0.072,1,COM6
1,29228,37,rpm,1,1,36.5,36.5,3893,500,0,0,0.0,1,COM8
3,65743,37,rpm,526,364,36.5,36.5,3893,500,0,75,0.073,1,COM6
1,29249,37,rpm,1,1,36.5,36.5,3893,500,0,0,0.0,1,COM8
3,65764,37,rpm,430,364,36.5,36.5,3893,500,0,75,0.073,1,COM6
1,29269,37,rpm,1,1,36.5,36.5,3893,500,0,0,0.0,1,COM8
3,65785,37,rpm,332,364,36.5,36.5,3893,500,0,75,0.073,1,COM6
1,29290,37,rpm,1,1,36.5,36.5,3893,500,0,0,0.0,1,COM8
3,65805,37,rpm,50,364,36.5,36.5,3893,500,0,75,0.073,1,COM6
1,29310,37,rpm,1,1,36.5,36.5,3893,500,0,0,0.0,1,COM8
3,65826,37,rpm,17,364,36.5,36.5,3893,500,0,75,0.073,1,COM6
1,29331,37,rpm,1,1,36.5,36.5,3893,500,0,0,0.0,1,COM8
3,65846,37,rpm,13,364,36.5,36.5,3893,500,0,75,0.073,1,COM6
1,29351,37,rpm,1,1,36.5,36.5,3893,500,0,0,0.0,1,COM8
3,65867,37,rpm,29,364,36.5,36.5,3893,500,0,76,0.073,1,COM6
1,29371,37,rpm,1,1,36.5,36.5,3893,500,0,0,0.0,1,COM8
3,65887,37,rpm,162,364,36.5,36.5,3893,500,0,76,0.073,1,COM6
1,29392,37,rpm,1,1,36.5,36.5,3893,500,0,0,0.0,1,COM8
3,65908,37,rpm,469,364,36.5,36.5,3893,500,0,76,0.073,1,COM6
1,29412,37,rpm,0,1,36.5,36.5,3893,500,0,0,0.0,1,COM8
3,65928,37,rpm,690,364,36.5,36.5,3893,500,0,76,0.074,1,COM6
1,29433,37,rpm,1,1,36.5,36.5,3893,500,0,0,0.0,1,COM8
3,65949,37,rpm,817,364,36.5,36.5,3893,500,0,76,0.074,1,COM6
1,29453,37,rpm,1,1,36.5,36.5,3893,500,0,0,0.0,1,COM8
3,65969,37,rpm,749,364,36.5,36.5,3893,500,0,76,0.074,1,COM6
1,29474,37,rpm,1,1,36.5,36.5,3893,500,0,0,0.0,1,COM8
3,65990,37,rpm,620,364,36.5,36.5,3893,500,0,76,0.074,1,COM6
1,29494,37,rpm,1,1,36.5,36.5,3893,500,0,0,0.0,1,COM8
3,66010,37,rpm,460,364,36.5,36.5,3893,500,0,76,0.074,1,COM6
1,29515,37,rpm,1,1,36.5,36.5,3893,500,0,0,0.0,1,COM8
3,66031,37,rpm,335,364,36.5,36.5,3893,500,0,77,0.074,1,COM6
1,29535,37,rpm,1,1,36.5,36.5,3893,500,0,0,0.0,1,COM8
3,66051,37,rpm,260,364,36.5,36.5,3893,500,0,77,0.074,1,COM6
1,29555,37,rpm,1,1,36.5,36.5,3893,500,0,0,0.0,1,COM8
3,66072,37,rpm,37,364,36.5,36.5,3893,500,0,77,0.074,1,COM6
1,29576,37,rpm,1,1,36.5,36.5,3893,500,0,0,0.0,1,COM8
3,66092,37,rpm,15,364,36.5,36.5,3893,500,0,77,0.075,1,COM6
1,29596,37,rpm,1,1,36.5,36.5,3893,500,0,0,0.0,1,COM8
3,66113,37,rpm,12,364,36.5,36.5,3893,500,0,77,0.075,1,COM6
1,29617,37,rpm,1,1,36.5,36.5,3893,500,0,0,0.0,1,COM8
3,66133,37,rpm,32,364,36.5,36.5,3893,500,0,77,0.075,1,COM6
1,29637,37,rpm,1,1,36.5,36.5,3893,500,0,0,0.0,1,COM8
3,66154,37,rpm,190,364,36.5,36.5,3893,500,0,77,0.075,1,COM6
1,29658,37,rpm,1,1,36.5,36.5,3893,500,0,0,0.0,1,COM8
3,66174,37,rpm,478,364,36.5,36.5,3893,500,0,77,0.075,1,COM6
1,29678,37,rpm,0,1,36.5,36.5,3893,500,0,0,0.0,1,COM8
3,66195,37,rpm,700,364,36.5,36.5,3893,500,0,78,0.075,1,COM6
1,29699,37,rpm,1,1,36.5,36.5,3893,500,0,0,0.0,1,COM8
3,66215,37,rpm,771,364,36.5,36.5,3893,500,0,78,0.075,1,COM6
1,29719,37,rpm,1,1,36.5,36.5,3893,500,0,0,0.0,1,COM8
3,66236,37,rpm,697,364,36.5,36.5,3893,500,0,78,0.075,1,COM6
1,29740,37,rpm,1,1,36.5,36.5,3893,500,0,0,0.0,1,COM8
3,66256,37,rpm,555,364,36.5,36.5,3893,500,0,78,0.076,1,COM6
1,29760,37,rpm,1,1,36.5,36.5,3893,500,0,0,0.0,1,COM8
3,66277,37,rpm,401,364,36.5,36.5,3893,500,0,78,0.076,1,COM6
1,29780,37,rpm,1,1,36.5,36.5,3893,500,0,0,0.0,1,COM8
3,66298,37,rpm,324,364,36.5,36.5,3893,500,0,78,0.076,1,COM6
1,29801,37,rpm,1,1,36.5,36.5,3893,500,0,0,0.0,1,COM8
3,66318,37,rpm,163,364,36.5,36.5,3893,500,0,78,0.076,1,COM6
1,29821,37,rpm,1,1,36.5,36.5,3893,500,0,0,0.0,1,COM8
3,66339,37,rpm,26,364,36.5,36.5,3893,500,0,78,0.076,1,COM6
1,29842,37,rpm,1,1,36.5,36.5,3893,500,0,0,0.0,1,COM8
3,66359,37,rpm,13,364,36.5,36.5,3893,500,0,79,0.076,1,COM6
1,29862,37,rpm,1,1,36.5,36.5,3893,500,0,0,0.0,1,COM8
3,66380,37,rpm,15,364,36.5,36.5,3893,500,0,79,0.076,1,COM6
1,29883,37,rpm,1,1,36.5,36.5,3893,500,0,0,0.0,1,COM8
3,66400,37,rpm,82,364,36.5,36.5,3893,500,0,79,0.076,1,COM6
1,29903,37,rpm,1,1,36.5,36.5,3893,500,0,0,0.0,1,COM8
3,66421,37,rpm,370,364,36.5,36.5,3893,500,0,79,0.077,1,COM6
1,29924,37,rpm,0,1,36.5,36.5,3893,500,0,0,0.0,1,COM8
3,66441,37,rpm,704,364,36.5,36.5,3893,500,0,79,0.077,1,COM6
1,29944,37,rpm,0,1,36.5,36.5,3893,500,0,0,0.0,1,COM8
3,66462,37,rpm,853,364,36.5,36.5,3893,500,0,79,0.077,1,COM6
1,29965,37,rpm,1,1,36.5,36.5,3893,500,0,0,0.0,1,COM8
3,66482,37,rpm,767,364,36.5,36.5,3893,500,0,79,0.077,1,COM6
1,29985,37,rpm,1,1,36.5,36.5,3893,500,0,0,0.0,1,COM8
3,66503,37,rpm,652,364,36.5,36.5,3893,500,0,79,0.077,1,COM6
1,30005,37,rpm,1,1,36.5,36.5,3893,500,0,0,0.0,1,COM8
3,66523,37,rpm,466,364,36.5,36.5,3893,500,0,80,0.077,1,COM6
1,30026,37,rpm,1,1,36.5,36.5,3893,500,0,0,0.0,1,COM8
3,66544,37,rpm,315,364,36.5,36.5,3893,500,0,80,0.077,1,COM6
1,30046,37,rpm,1,1,36.5,36.5,3893,500,0,0,0.0,1,COM8
3,66565,37,rpm,239,364,36.5,36.5,3893,500,0,80,0.077,1,COM6
1,30067,37,rpm,1,1,36.5,36.5,3893,500,0,0,0.0,1,COM8
3,66585,37,rpm,54,364,36.5,36.5,3893,500,0,80,0.077,1,COM6
1,30087,37,rpm,1,1,36.5,36.5,3893,500,0,0,0.0,1,COM8
3,66606,37,rpm,16,364,36.5,36.5,3893,500,0,80,0.078,1,COM6
1,30108,37,rpm,1,1,36.5,36.5,3893,500,0,0,0.0,1,COM8
3,66626,37,rpm,11,364,36.5,36.5,3893,500,0,80,0.078,1,COM6
1,30128,37,rpm,1,1,36.5,36.5,3893,500,0,0,0.0,1,COM8
3,66647,37,rpm,24,363,36.5,36.5,3893,500,0,80,0.078,1,COM6
1,30148,37,rpm,1,1,36.5,36.5,3893,500,0,0,0.0,1,COM8
3,66667,37,rpm,175,363,36.5,36.5,3893,500,0,80,0.078,1,COM6
1,30169,37,rpm,1,1,36.5,36.5,3893,500,0,0,0.0,1,COM8
3,66688,37,rpm,536,363,36.5,36.5,3893,500,0,81,0.078,1,COM6
1,30189,37,rpm,1,1,36.5,36.5,3893,500,0,0,0.0,1,COM8
3,66708,37,rpm,663,363,36.5,36.5,3893,500,0,81,0.078,1,COM6
1,30210,37,rpm,1,1,36.5,36.5,3893,500,0,0,0.0,1,COM8
3,66729,37,rpm,748,363,36.5,36.5,3893,500,0,81,0.078,1,COM6
1,30230,37,rpm,1,1,36.5,36.5,3893,500,0,0,0.0,1,COM8
3,66749,37,rpm,717,363,36.5,36.5,3893,500,0,81,0.078,1,COM6
1,30251,37,rpm,1,1,36.5,36.5,3893,500,0,0,0.0,1,COM8
3,66770,37,rpm,576,363,36.5,36.5,3893,500,0,81,0.079,1,COM6
1,30271,37,rpm,1,1,36.5,36.5,3893,500,0,0,0.0,1,COM8
3,66790,37,rpm,432,363,36.5,36.5,3893,500,0,81,0.079,1,COM6
1,30292,37,rpm,1,1,36.5,36.5,3893,500,0,0,0.0,1,COM8
3,66811,37,rpm,337,363,36.5,36.5,3893,500,0,81,0.079,1,COM6
1,30312,37,rpm,1,1,36.5,36.5,3893,500,0,0,0.0,1,COM8
3,66832,37,rpm,127,363,36.5,36.5,3893,500,0,81,0.079,1,COM6
1,30333,37,rpm,1,1,36.5,36.5,3893,500,0,0,0.0,1,COM8
3,66852,37,rpm,22,363,36.5,36.5,3893,500,0,81,0.079,1,COM6
1,30353,37,rpm,1,1,36.5,36.5,3893,500,0,0,0.0,1,COM8
3,66873,37,rpm,13,363,36.5,36.5,3893,500,0,82,0.079,1,COM6
1,30374,37,rpm,1,1,36.5,36.5,3893,500,0,0,0.0,1,COM8
3,66893,37,rpm,19,363,36.5,36.5,3893,500,0,82,0.079,1,COM6
1,30394,37,rpm,1,1,36.5,36.5,3893,500,0,0,0.0,1,COM8
3,66914,37,rpm,125,363,36.5,36.5,3893,500,0,82,0.079,1,COM6
1,30414,37,rpm,1,1,36.5,36.5,3893,500,0,0,0.0,1,COM8
3,66934,37,rpm,513,363,36.5,36.5,3893,500,0,82,0.08,1,COM6
1,30435,37,rpm,0,1,36.5,36.5,3893,500,0,0,0.0,1,COM8
3,66955,37,rpm,658,363,36.5,36.5,3893,500,0,82,0.08,1,COM6
1,30455,37,rpm,1,1,36.5,36.5,3893,500,0,0,0.0,1,COM8
3,66975,37,rpm,741,363,36.5,36.5,3893,500,0,82,0.08,1,COM6
1,30476,37,rpm,1,1,36.5,36.5,3893,500,0,0,0.0,1,COM8
3,66996,37,rpm,699,363,36.5,36.5,3893,500,0,82,0.08,1,COM6
1,30496,37,rpm,1,1,36.5,36.5,3893,500,0,0,0.0,1,COM8
3,67016,37,rpm,651,363,36.5,36.5,3893,500,0,82,0.08,1,COM6
1,30517,37,rpm,1,1,36.5,36.5,3893,500,0,0,0.0,1,COM8
3,67037,37,rpm,519,363,36.5,36.5,3893,500,0,83,0.08,1,COM6
1,30537,37,rpm,1,1,36.5,36.5,3893,500,0,0,0.0,1,COM8
3,67057,37,rpm,414,363,36.5,36.5,3893,500,0,83,0.08,1,COM6
1,30558,37,rpm,1,1,36.5,36.5,3893,500,0,0,0.0,1,COM8
3,67078,37,rpm,287,363,36.5,36.5,3893,500,0,83,0.08,1,COM6
1,30578,37,rpm,1,1,36.5,36.5,3893,500,0,0,0.0,1,COM8
3,67099,37,rpm,35,363,36.5,36.5,3893,500,0,83,0.08,1,COM6
1,30599,37,rpm,1,1,36.5,36.5,3893,500,0,0,0.0,1,COM8
3,67119,37,rpm,17,363,36.5,36.5,3893,500,0,83,0.081,1,COM6
1,30619,37,rpm,1,1,36.5,36.5,3893,500,0,0,0.0,1,COM8
3,67139,37,rpm,14,363,36.5,36.5,3893,500,0,83,0.081,1,COM6
1,30640,37,rpm,1,1,36.5,36.5,3893,500,0,0,0.0,1,COM8
3,67160,37,rpm,46,363,36.5,36.5,3893,500,0,83,0.081,1,COM6
1,30660,37,rpm,1,1,36.5,36.5,3893,500,0,0,0.0,1,COM8
3,67181,37,rpm,281,363,36.5,36.5,3893,500,0,83,0.081,1,COM6
1,30680,37,rpm,1,1,36.5,36.5,3893,500,0,0,0.0,1,COM8
3,67201,37,rpm,583,363,36.5,36.5,3893,500,0,84,0.081,1,COM6
1,30701,37,rpm,1,1,36.5,36.5,3893,500,0,0,0.0,1,COM8
3,67222,37,rpm,675,363,36.5,36.5,3893,500,0,84,0.081,1,COM6
1,30721,37,rpm,1,1,36.5,36.5,3893,500,0,0,0.0,1,COM8
3,67242,37,rpm,706,363,36.5,36.5,3893,500,0,84,0.081,1,COM6
1,30742,37,rpm,1,1,36.5,36.5,3893,500,0,0,0.0,1,COM8
3,67263,37,rpm,646,363,36.5,36.5,3893,500,0,84,0.081,1,COM6
1,30762,37,rpm,1,1,36.5,36.5,3893,500,0,0,0.0,1,COM8
3,67283,37,rpm,544,362,36.5,36.5,3893,500,0,84,0.082,1,COM6
1,30783,37,rpm,1,1,36.5,36.5,3893,500,0,0,0.0,1,COM8
3,67304,37,rpm,437,362,36.5,36.5,3893,500,0,84,0.082,1,COM6
1,30803,37,rpm,1,1,36.5,36.5,3893,500,0,0,0.0,1,COM8
3,67324,37,rpm,354,362,36.5,36.5,3893,500,0,84,0.082,1,COM6
1,30824,37,rpm,1,1,36.5,36.5,3893,500,0,0,0.0,1,COM8
3,67345,37,rpm,90,362,36.5,36.5,3893,500,0,84,0.082,1,COM6
1,30844,37,rpm,1,1,36.5,36.5,3893,500,0,0,0.0,1,COM8
3,67366,37,rpm,19,362,36.5,36.5,3893,500,0,85,0.082,1,COM6
1,30864,37,rpm,1,1,36.5,36.5,3893,500,0,0,0.0,1,COM8
3,67386,37,rpm,13,362,36.5,36.5,3893,500,0,85,0.082,1,COM6
1,30885,37,rpm,1,1,36.5,36.5,3893,500,0,0,0.0,1,COM8
3,67407,37,rpm,23,362,36.5,36.5,3893,500,0,85,0.082,1,COM6
1,30905,37,rpm,1,1,36.5,36.5,3893,500,0,0,0.0,1,COM8
3,67427,37,rpm,128,362,36.5,36.5,3893,500,0,85,0.082,1,COM6
1,30926,37,rpm,1,1,36.5,36.5,3893,500,0,0,0.0,1,COM8
3,67448,37,rpm,452,362,36.5,36.5,3893,500,0,85,0.083,1,COM6
1,30946,37,rpm,1,1,36.5,36.5,3893,500,0,0,0.0,1,COM8
3,67468,37,rpm,721,362,36.5,36.5,3893,500,0,85,0.083,1,COM6
1,30967,37,rpm,1,1,36.5,36.5,3893,500,0,0,0.0,1,COM8
3,67489,37,rpm,842,362,36.5,36.5,3893,500,0,85,0.083,1,COM6
1,30987,37,rpm,1,1,36.5,36.5,3893,500,0,0,0.0,1,COM8
3,67509,37,rpm,771,362,36.5,36.5,3893,500,0,85,0.083,1,COM6
1,31008,37,rpm,1,1,36.5,36.5,3893,500,0,0,0.0,1,COM8
3,67530,37,rpm,635,362,36.5,36.5,3893,500,0,86,0.083,1,COM6
1,31028,37,rpm,1,1,36.5,36.5,3893,500,0,0,0.0,1,COM8
3,67550,37,rpm,471,362,36.5,36.5,3893,500,0,86,0.083,1,COM6
1,31049,37,rpm,1,1,36.5,36.5,3893,500,0,0,0.0,1,COM8
3,67571,37,rpm,319,362,36.5,36.5,3893,500,0,86,0.083,1,COM6
1,31069,37,rpm,1,1,36.5,36.5,3893,500,0,0,0.0,1,COM8
3,67591,37,rpm,260,362,36.5,36.5,3893,500,0,86,0.083,1,COM6
1,31090,37,rpm,1,1,36.5,36.5,3893,500,0,0,0.0,1,COM8
3,67612,37,rpm,57,362,36.5,36.5,3893,500,0,86,0.084,1,COM6
1,31110,37,rpm,1,1,36.5,36.5,3893,500,0,0,0.0,1,COM8
3,67632,37,rpm,17,362,36.5,36.5,3893,500,0,86,0.084,1,COM6
1,31130,37,rpm,1,1,36.5,36.5,3893,500,0,0,0.0,1,COM8
3,67653,37,rpm,11,362,36.5,36.5,3893,500,0,86,0.084,1,COM6
1,31151,37,rpm,1,1,36.5,36.5,3893,500,0,0,0.0,1,COM8
3,67674,37,rpm,24,362,36.5,36.5,3893,500,0,86,0.084,1,COM6
1,31171,37,rpm,1,1,36.5,36.5,3893,500,0,0,0.0,1,COM8
3,67694,37,rpm,144,362,36.5,36.5,3893,500,0,87,0.084,1,COM6
1,31192,37,rpm,1,1,36.5,36.5,3893,500,0,0,0.0,1,COM8
3,67715,37,rpm,449,362,36.5,36.5,3893,500,0,87,0.084,1,COM6
1,31212,37,rpm,0,1,36.5,36.5,3893,500,0,0,0.0,1,COM8
3,67735,37,rpm,709,362,36.5,36.5,3893,500,0,87,0.084,1,COM6
1,31233,37,rpm,1,1,36.5,36.5,3893,500,0,0,0.0,1,COM8
3,67756,37,rpm,786,362,36.5,36.5,3893,500,0,87,0.084,1,COM6
1,31253,37,rpm,1,1,36.5,36.5,3893,500,0,0,0.0,1,COM8
3,67776,37,rpm,707,361,36.5,36.5,3893,500,0,87,0.084,1,COM6
1,31273,37,rpm,1,1,36.5,36.5,3893,500,0,0,0.0,1,COM8
3,67797,37,rpm,576,361,36.5,36.5,3893,500,0,87,0.085,1,COM6
1,31294,37,rpm,1,1,36.5,36.5,3893,500,0,0,0.0,1,COM8
3,67817,37,rpm,409,361,36.5,36.5,3893,500,0,87,0.085,1,COM6
1,31314,37,rpm,1,1,36.5,36.5,3893,500,0,0,0.0,1,COM8
3,67838,37,rpm,305,361,36.5,36.5,3893,500,0,87,0.085,1,COM6
1,31335,37,rpm,1,1,36.5,36.5,3893,500,0,0,0.0,1,COM8
3,67859,37,rpm,199,361,36.5,36.5,3893,500,0,88,0.085,1,COM6
1,31355,37,rpm,1,1,36.5,36.5,3893,500,0,0,0.0,1,COM8
3,67879,37,rpm,29,361,36.5,36.5,3893,500,0,88,0.085,1,COM6
1,31376,37,rpm,1,1,36.5,36.5,3893,500,0,0,0.0,1,COM8
3,67900,37,rpm,13,361,36.5,36.5,3893,500,0,88,0.085,1,COM6
1,31396,37,rpm,1,1,36.5,36.5,3893,500,0,0,0.0,1,COM8
3,67920,37,rpm,13,361,36.5,36.5,3893,500,0,88,0.085,1,COM6
1,31417,37,rpm,1,1,36.5,36.5,3893,500,0,0,0.0,1,COM8
3,67941,37,rpm,55,361,36.5,36.5,3893,500,0,88,0.085,1,COM6
1,31437,37,rpm,1,1,36.5,36.5,3893,500,0,0,0.0,1,COM8
3,67961,37,rpm,295,361,36.5,36.5,3893,500,0,88,0.086,1,COM6
1,31458,37,rpm,1,1,36.5,36.5,3893,500,0,0,0.0,1,COM8
3,67982,37,rpm,660,361,36.5,36.5,3893,500,0,88,0.086,1,COM6
1,31478,37,rpm,0,1,36.5,36.5,3893,500,0,0,0.0,1,COM8
3,68002,37,rpm,827,361,36.5,36.5,3893,500,0,88,0.086,1,COM6
1,31499,37,rpm,1,1,36.5,36.5,3893,500,0,0,0.0,1,COM8
3,68023,37,rpm,774,361,36.5,36.5,3893,500,0,89,0.086,1,COM6
1,31519,37,rpm,1,1,36.5,36.5,3893,500,0,0,0.0,1,COM8
3,68043,37,rpm,672,361,36.5,36.5,3893,500,0,89,0.086,1,COM6
1,31539,37,rpm,1,1,36.5,36.5,3893,500,0,0,0.0,1,COM8
3,68064,37,rpm,487,361,36.5,36.5,3893,500,0,89,0.086,1,COM6
1,31560,37,rpm,1,1,36.5,36.5,3893,500,0,0,0.0,1,COM8
3,68084,37,rpm,333,361,36.5,36.5,3893,500,0,89,0.086,1,COM6
1,31580,37,rpm,1,1,36.5,36.5,3893,500,0,0,0.0,1,COM8
3,68105,37,rpm,248,361,36.5,36.5,3893,500,0,89,0.086,1,COM6
1,31601,37,rpm,1,1,36.5,36.5,3893,500,0,0,0.0,1,COM8
3,68125,37,rpm,76,361,36.5,36.5,3893,500,0,89,0.087,1,COM6
1,31621,37,rpm,1,1,36.5,36.5,3893,500,0,0,0.0,1,COM8
3,68146,37,rpm,17,361,36.5,36.5,3893,500,0,89,0.087,1,COM6
1,31642,37,rpm,1,1,36.5,36.5,3893,500,0,0,0.0,1,COM8
3,68166,37,rpm,11,361,36.5,36.5,3893,500,0,89,0.087,1,COM6
1,31662,37,rpm,1,1,36.5,36.5,3893,500,0,0,0.0,1,COM8
3,68187,37,rpm,20,361,36.5,36.5,3893,500,0,90,0.087,1,COM6
1,31683,37,rpm,1,1,36.5,36.5,3893,500,0,0,0.0,1,COM8
3,68208,37,rpm,143,361,36.5,36.5,3893,500,0,90,0.087,1,COM6
1,31703,37,rpm,1,1,36.5,36.5,3893,500,0,0,0.0,1,COM8
3,68228,37,rpm,506,361,36.5,36.5,3893,500,0,90,0.087,1,COM6
1,31724,37,rpm,0,1,36.5,36.5,3893,500,0,0,0.0,1,COM8
3,68249,37,rpm,639,361,36.5,36.5,3893,500,0,90,0.087,1,COM6
1,31744,37,rpm,1,1,36.5,36.5,3893,500,0,0,0.0,1,COM8
3,68269,37,rpm,730,361,36.5,36.5,3893,500,0,90,0.087,1,COM6
1,31764,37,rpm,1,1,36.5,36.5,3893,500,0,0,0.0,1,COM8
1,31785,37,rpm,1,1,36.5,36.5,3893,500,0,0,0.0,1,COM8
3,68290,37,rpm,728,361,36.5,36.5,3893,500,0,90,0.087,1,COM6
3,68310,37,rpm,596,361,36.5,36.5,3893,500,0,90,0.088,1,COM6
1,31805,37,rpm,1,1,36.5,36.5,3893,500,0,0,0.0,1,COM8
3,68331,37,rpm,458,360,36.5,36.5,3893,500,0,90,0.088,1,COM6
1,31826,37,rpm,1,1,36.5,36.5,3893,500,0,0,0.0,1,COM8
3,68351,37,rpm,361,360,36.5,36.5,3893,500,0,91,0.088,1,COM6
1,31846,37,rpm,1,1,36.5,36.5,3893,500,0,0,0.0,1,COM8
3,68372,37,rpm,172,360,36.5,36.5,3893,500,0,91,0.088,1,COM6
1,31867,37,rpm,1,1,36.5,36.5,3893,500,0,0,0.0,1,COM8
3,68392,37,rpm,27,360,36.5,36.5,3893,500,0,91,0.088,1,COM6
1,31887,37,rpm,1,1,36.5,36.5,3893,500,0,0,0.0,1,COM8
3,68413,37,rpm,13,360,36.5,36.5,3893,500,0,91,0.088,1,COM6
1,31908,37,rpm,1,1,36.5,36.5,3893,500,0,0,0.0,1,COM8
3,68433,37,rpm,16,360,36.5,36.5,3893,500,0,91,0.088,1,COM6
1,31928,37,rpm,1,1,36.5,36.5,3893,500,0,0,0.0,1,COM8
3,68454,37,rpm,87,360,36.5,36.5,3893,500,0,91,0.088,1,COM6
1,31949,37,rpm,1,1,36.5,36.5,3893,500,0,0,0.0,1,COM8
3,68474,37,rpm,447,360,36.5,36.5,3893,500,0,91,0.089,1,COM6
1,31969,37,rpm,1,1,36.5,36.5,3893,500,0,0,0.0,1,COM8
3,68495,37,rpm,641,360,36.5,36.5,3893,500,0,91,0.089,1,COM6
1,31989,37,rpm,0,1,36.5,36.5,3893,500,0,0,0.0,1,COM8
3,68515,37,rpm,738,360,36.5,36.5,3893,500,0,92,0.089,1,COM6
1,32010,37,rpm,1,1,36.5,36.5,3893,500,0,0,0.0,1,COM8
3,68536,37,rpm,704,360,36.5,36.5,3893,500,0,92,0.089,1,COM6
1,32030,37,rpm,1,1,36.5,36.5,3893,500,0,0,0.0,1,COM8
3,68556,37,rpm,669,360,36.5,36.5,3893,500,0,92,0.089,1,COM6
1,32051,37,rpm,1,1,36.5,36.5,3893,500,0,0,0.0,1,COM8
3,68577,37,rpm,530,360,36.5,36.5,3893,500,0,92,0.089,1,COM6
1,32071,37,rpm,1,1,36.5,36.5,3893,500,0,0,0.0,1,COM8
3,68597,37,rpm,426,360,36.5,36.5,3893,500,0,92,0.089,1,COM6
1,32092,37,rpm,1,1,36.5,36.5,3893,500,0,0,0.0,1,COM8
3,68618,37,rpm,323,360,36.5,36.5,3893,500,0,92,0.089,1,COM6
1,32112,37,rpm,1,1,36.5,36.5,3893,500,0,0,0.0,1,COM8
3,68639,37,rpm,45,360,36.5,36.5,3893,500,0,92,0.089,1,COM6
1,32132,37,rpm,1,1,36.5,36.5,3893,500,0,0,0.0,1,COM8
3,68659,37,rpm,18,360,36.5,36.5,3893,500,0,92,0.09,1,COM6
1,32153,37,rpm,1,1,36.5,36.5,3893,500,0,0,0.0,1,COM8
3,68680,37,rpm,14,360,36.5,36.5,3893,500,0,93,0.09,1,COM6
1,32173,37,rpm,1,1,36.5,36.5,3893,500,0,0,0.0,1,COM8
3,68700,37,rpm,38,360,36.5,36.5,3893,500,0,93,0.09,1,COM6
1,32194,37,rpm,1,1,36.5,36.5,3893,500,0,0,0.0,1,COM8
3,68721,37,rpm,233,360,36.5,36.5,3893,500,0,93,0.09,1,COM6
1,32214,37,rpm,1,1,36.5,36.5,3893,500,0,0,0.0,1,COM8
3,68741,37,rpm,553,360,36.5,36.5,3893,500,0,93,0.09,1,COM6
1,32235,37,rpm,0,1,36.5,36.5,3893,500,0,0,0.0,1,COM8
3,68762,37,rpm,672,360,36.5,36.5,3893,500,0,93,0.09,1,COM6
1,32255,37,rpm,1,1,36.5,36.5,3893,500,0,0,0.0,1,COM8
3,68782,37,rpm,693,360,36.5,36.5,3893,500,0,93,0.09,1,COM6
1,32275,37,rpm,1,1,36.5,36.5,3893,500,0,0,0.0,1,COM8
3,68803,37,rpm,664,360,36.5,36.5,3893,500,0,93,0.09,1,COM6
1,32296,37,rpm,1,1,36.5,36.5,3893,500,0,0,0.0,1,COM8
3,68823,37,rpm,556,360,36.5,36.5,3893,500,0,93,0.091,1,COM6
1,32316,37,rpm,1,1,36.5,36.5,3893,500,0,0,0.0,1,COM8
3,68844,37,rpm,451,360,36.5,36.5,3893,500,0,93,0.091,1,COM6
1,32337,37,rpm,1,1,36.5,36.5,3893,500,0,0,0.0,1,COM8
3,68864,37,rpm,367,360,36.5,36.5,3893,500,0,94,0.091,1,COM6
1,32357,37,rpm,1,1,36.5,36.5,3893,500,0,0,0.0,1,COM8
3,68885,37,rpm,127,360,36.5,36.5,3893,500,0,94,0.091,1,COM6
1,32378,37,rpm,1,1,36.5,36.5,3893,500,0,0,0.0,1,COM8
1,32398,37,rpm,1,1,36.5,36.5,3893,500,0,0,0.0,1,COM8
3,68905,37,rpm,21,360,36.5,36.5,3893,500,0,94,0.091,1,COM6
1,32419,37,rpm,1,1,36.5,36.5,3893,500,0,0,0.0,1,COM8
3,68926,37,rpm,13,360,36.5,36.5,3893,500,0,94,0.091,1,COM6
1,32439,37,rpm,1,1,36.5,36.5,3893,500,0,0,0.0,1,COM8
3,68947,37,rpm,18,359,36.5,36.5,3893,500,0,94,0.091,1,COM6
3,68967,37,rpm,96,359,36.5,36.5,3893,500,0,94,0.091,1,COM6
1,32460,37,rpm,1,1,36.5,36.5,3893,500,0,0,0.0,1,COM8
3,68988,37,rpm,390,359,36.5,36.5,3893,500,0,94,0.092,1,COM6
1,32480,37,rpm,1,1,36.5,36.5,3893,500,0,0,0.0,1,COM8
3,69008,37,rpm,613,359,36.5,36.5,3893,500,0,94,0.092,1,COM6
1,32500,37,rpm,0,1,36.5,36.5,3893,500,0,0,0.0,1,COM8
3,69028,37,rpm,809,359,36.5,36.5,3893,500,0,95,0.092,1,COM6
1,32521,37,rpm,1,1,36.5,36.5,3893,500,0,0,0.0,1,COM8
3,69049,37,rpm,764,359,36.5,36.5,3893,500,0,95,0.092,1,COM6
1,32541,37,rpm,1,1,36.5,36.5,3893,500,0,0,0.0,1,COM8
3,69070,37,rpm,670,359,36.5,36.5,3893,500,0,95,0.092,1,COM6
1,32562,37,rpm,1,1,36.5,36.5,3893,500,0,0,0.0,1,COM8
1,32582,37,rpm,1,1,36.5,36.5,3893,500,0,0,0.0,1,COM8
3,69090,37,rpm,507,359,36.5,36.5,3893,500,0,95,0.092,1,COM6
3,69111,37,rpm,358,359,36.5,36.5,3893,500,0,95,0.092,1,COM6
1,32603,37,rpm,1,1,36.5,36.5,3893,500,0,0,0.0,1,COM8
3,69131,37,rpm,298,359,36.5,36.5,3893,500,0,95,0.092,1,COM6
1,32623,37,rpm,1,1,36.5,36.5,3893,500,0,0,0.0,1,COM8
1,32644,37,rpm,1,1,36.5,36.5,3893,500,0,0,0.0,1,COM8
3,69152,37,rpm,86,359,36.5,36.5,3893,500,0,95,0.092,1,COM6
3,69172,37,rpm,18,359,36.5,36.5,3893,500,0,95,0.093,1,COM6
1,32664,37,rpm,1,1,36.5,36.5,3893,500,0,0,0.0,1,COM8
1,32684,37,rpm,1,1,36.5,36.5,3893,500,0,0,0.0,1,COM8
3,69193,37,rpm,11,359,36.5,36.5,3893,500,0,96,0.093,1,COM6
1,32705,37,rpm,1,1,36.5,36.5,3893,500,0,0,0.0,1,COM8
3,69213,37,rpm,19,359,36.5,36.5,3893,500,0,96,0.093,1,COM6
3,69234,37,rpm,112,359,36.5,36.5,3893,500,0,96,0.093,1,COM6
1,32725,37,rpm,1,1,36.5,36.5,3893,500,0,0,0.0,1,COM8
3,69254,37,rpm,398,359,36.5,36.5,3893,500,0,96,0.093,1,COM6
1,32746,37,rpm,1,1,36.5,36.5,3893,500,0,0,0.0,1,COM8
3,69275,37,rpm,618,359,36.5,36.5,3893,500,0,96,0.093,1,COM6
1,32766,37,rpm,0,1,36.5,36.5,3893,500,0,0,0.0,1,COM8
3,69295,37,rpm,774,359,36.5,36.5,3893,500,0,96,0.093,1,COM6
1,32787,37,rpm,1,1,36.5,36.5,3893,500,0,0,0.0,1,COM8
1,32807,37,rpm,1,1,36.5,36.5,3893,500,0,0,0.0,1,COM8
3,69316,37,rpm,723,359,36.5,36.5,3893,500,0,96,0.093,1,COM6
1,32828,37,rpm,1,1,36.5,36.5,3893,500,0,0,0.0,1,COM8
3,69336,37,rpm,612,359,36.5,36.5,3893,500,0,96,0.094,1,COM6
3,69357,37,rpm,452,359,36.5,36.5,3893,500,0,97,0.094,1,COM6
1,32848,37,rpm,1,1,36.5,36.5,3893,500,0,0,0.0,1,COM8
3,69378,37,rpm,341,359,36.5,36.5,3893,500,0,97,0.094,1,COM6
1,32869,37,rpm,1,1,36.5,36.5,3893,500,0,0,0.0,1,COM8
3,69398,37,rpm,250,359,36.5,36.5,3893,500,0,97,0.094,1,COM6
1,32889,37,rpm,1,1,36.5,36.5,3893,500,0,0,0.0,1,COM8
1,32910,37,rpm,1,1,36.5,36.5,3893,500,0,0,0.0,1,COM8
3,69419,37,rpm,33,359,36.5,36.5,3893,500,0,97,0.094,1,COM6
3,69439,37,rpm,15,359,36.5,36.5,3893,500,0,97,0.094,1,COM6
1,32930,37,rpm,1,1,36.5,36.5,3893,500,0,0,0.0,1,COM8
1,32950,37,rpm,1,1,36.5,36.5,3893,500,0,0,0.0,1,COM8
3,69460,37,rpm,13,359,36.5,36.5,3893,500,0,97,0.094,1,COM6
3,69480,37,rpm,45,359,36.5,36.5,3893,500,0,97,0.094,1,COM6
1,32971,37,rpm,1,1,36.5,36.5,3893,500,0,0,0.0,1,COM8
3,69501,37,rpm,258,359,36.5,36.5,3893,500,0,97,0.095,1,COM6
1,32991,37,rpm,1,1,36.5,36.5,3893,500,0,0,0.0,1,COM8
3,69521,37,rpm,631,359,36.5,36.5,3893,500,0,98,0.095,1,COM6
1,33012,37,rpm,0,1,36.5,36.5,3893,500,0,0,0.0,1,COM8
3,69542,37,rpm,818,359,36.5,36.5,3893,500,0,98,0.095,1,COM6
1,33032,37,rpm,1,1,36.5,36.5,3893,500,0,0,0.0,1,COM8
1,33053,37,rpm,1,1,36.5,36.5,3893,500,0,0,0.0,1,COM8
3,69562,37,rpm,787,359,36.5,36.5,3893,500,0,98,0.095,1,COM6
3,69583,37,rpm,675,359,36.5,36.5,3893,500,0,98,0.095,1,COM6
1,33073,37,rpm,1,1,36.5,36.5,3893,500,0,0,0.0,1,COM8
1,33094,37,rpm,1,1,36.5,36.5,3893,500,0,0,0.0,1,COM8
3,69603,37,rpm,505,359,36.5,36.5,3893,500,0,98,0.095,1,COM6
1,33114,37,rpm,1,1,36.5,36.5,3893,500,0,0,0.0,1,COM8
3,69624,37,rpm,352,359,36.5,36.5,3893,500,0,98,0.095,1,COM6
1,33135,37,rpm,1,1,36.5,36.5,3893,500,0,0,0.0,1,COM8
3,69644,37,rpm,258,359,36.5,36.5,3893,500,0,98,0.095,1,COM6
1,33155,37,rpm,1,1,36.5,36.5,3893,500,0,0,0.0,1,COM8
3,69665,37,rpm,106,359,36.5,36.5,3893,500,0,98,0.095,1,COM6
1,33176,37,rpm,1,1,36.5,36.5,3893,500,0,0,0.0,1,COM8
3,69685,37,rpm,21,359,36.5,36.5,3893,500,0,99,0.096,1,COM6
3,69706,37,rpm,11,359,36.5,36.5,3893,500,0,99,0.096,1,COM6
1,33196,37,rpm,1,1,36.5,36.5,3893,500,0,0,0.0,1,COM8
3,69727,37,rpm,16,359,36.5,36.5,3893,500,0,99,0.096,1,COM6
1,33216,37,rpm,1,1,36.5,36.5,3893,500,0,0,0.0,1,COM8
1,33237,37,rpm,1,1,36.5,36.5,3893,500,0,0,0.0,1,COM8
3,69747,37,rpm,100,359,36.5,36.5,3893,500,0,99,0.096,1,COM6
1,33257,37,rpm,1,1,36.5,36.5,3893,500,0,0,0.0,1,COM8
3,69768,37,rpm,460,359,36.5,36.5,3893,500,0,99,0.096,1,COM6
3,69788,37,rpm,628,359,36.5,36.5,3893,500,0,99,0.096,1,COM6
1,33278,37,rpm,1,1,36.5,36.5,3893,500,0,0,0.0,1,COM8
3,69809,37,rpm,735,359,36.5,36.5,3893,500,0,99,0.096,1,COM6
1,33298,37,rpm,1,1,36.5,36.5,3893,500,0,0,0.0,1,COM8
1,33319,37,rpm,1,1,36.5,36.5,3893,500,0,0,0.0,1,COM8
3,69829,37,rpm,742,359,36.5,36.5,3893,500,0,99,0.096,1,COM6
1,33339,37,rpm,1,1,36.5,36.5,3893,500,0,0,0.0,1,COM8
3,69850,37,rpm,614,359,36.5,36.5,3893,500,0,100,0.097,1,COM6
1,33359,37,rpm,1,1,36.5,36.5,3893,500,0,0,0.0,1,COM8
3,69870,37,rpm,473,359,36.5,36.5,3893,500,0,100,0.097,1,COM6
1,33380,37,rpm,1,1,36.5,36.5,3893,500,0,0,0.0,1,COM8
3,69891,37,rpm,365,358,36.5,36.5,3893,500,0,100,0.097,1,COM6
3,69911,37,rpm,214,358,36.5,36.5,3893,500,0,100,0.097,1,COM6
1,33400,37,rpm,1,1,36.5,36.5,3893,500,0,0,0.0,1,COM8
1,33421,37,rpm,1,1,36.5,36.5,3893,500,0,0,0.0,1,COM8
3,69932,37,rpm,30,358,36.5,36.5,3893,500,0,100,0.097,1,COM6
1,33441,37,rpm,1,1,36.5,36.5,3893,500,0,0,0.0,1,COM8
3,69953,37,rpm,15,358,36.5,36.5,3893,500,0,100,0.097,1,COM6
3,69973,37,rpm,15,358,36.5,36.5,3893,500,0,100,0.097,1,COM6
1,33462,37,rpm,1,1,36.5,36.5,3893,500,0,0,0.0,1,COM8
1,33482,37,rpm,1,1,36.5,36.5,3893,500,0,0,0.0,1,COM8
3,69994,37,rpm,67,358,36.5,36.5,3893,500,0,100,0.097,1,COM6
1,33503,37,rpm,1,1,36.5,36.5,3893,500,0,0,0.0,1,COM8
3,70014,37,rpm,394,358,36.5,36.5,3893,500,0,100,0.097,1,COM6
1,33523,37,rpm,0,1,36.5,36.5,3893,500,0,0,0.0,1,COM8
3,70035,37,rpm,622,358,36.5,36.5,3893,500,0,101,0.098,1,COM6
1,33544,37,rpm,1,1,36.5,36.5,3893,500,0,0,0.0,1,COM8
3,70055,37,rpm,723,358,36.5,36.5,3893,500,0,101,0.098,1,COM6
1,33564,37,rpm,1,1,36.5,36.5,3893,500,0,0,0.0,1,COM8
3,70076,37,rpm,709,358,36.5,36.5,3893,500,0,101,0.098,1,COM6
3,70096,37,rpm,667,358,36.5,36.5,3893,500,0,101,0.098,1,COM6
1,33585,37,rpm,1,1,36.5,36.5,3893,500,0,0,0.0,1,COM8
1,33605,37,rpm,1,1,36.5,36.5,3893,500,0,0,0.0,1,COM8
3,70117,37,rpm,549,358,36.5,36.5,3893,500,0,101,0.098,1,COM6
1,33625,37,rpm,1,1,36.5,36.5,3893,500,0,0,0.0,1,COM8
3,70138,37,rpm,437,358,36.5,36.5,3893,500,0,101,0.098,1,COM6
3,70158,37,rpm,342,358,36.5,36.5,3893,500,0,101,0.098,1,COM6
1,33646,37,rpm,1,1,36.5,36.5,3893,500,0,0,0.0,1,COM8
1,33666,37,rpm,1,1,36.5,36.5,3893,500,0,0,0.0,1,COM8
3,70179,37,rpm,72,358,36.5,36.5,3893,500,0,101,0.098,1,COM6
1,33687,37,rpm,1,1,36.5,36.5,3893,500,0,0,0.0,1,COM8
3,70199,37,rpm,19,358,36.5,36.5,3893,500,0,102,0.099,1,COM6
1,33707,37,rpm,1,1,36.5,36.5,3893,500,0,0,0.0,1,COM8
3,70220,37,rpm,14,358,36.5,36.5,3893,500,0,102,0.099,1,COM6
1,33728,37,rpm,1,1,36.5,36.5,3893,500,0,0,0.0,1,COM8
3,70240,37,rpm,31,358,36.5,36.5,3893,500,0,102,0.099,1,COM6
3,70261,37,rpm,196,358,36.5,36.5,3893,500,0,102,0.099,1,COM6
1,33748,37,rpm,1,1,36.5,36.5,3893,500,0,0,0.0,1,COM8
1,33768,37,rpm,1,1,36.5,36.5,3893,500,0,0,0.0,1,COM8
3,70281,37,rpm,540,358,36.5,36.5,3893,500,0,102,0.099,1,COM6
1,33789,37,rpm,1,1,36.5,36.5,3893,500,0,0,0.0,1,COM8
3,70302,37,rpm,661,358,36.5,36.5,3893,500,0,102,0.099,1,COM6
1,33809,37,rpm,1,1,36.5,36.5,3893,500,0,0,0.0,1,COM8
3,70322,37,rpm,699,358,36.5,36.5,3893,500,0,102,0.099,1,COM6
1,33830,37,rpm,1,1,36.5,36.5,3893,500,0,0,0.0,1,COM8
3,70343,37,rpm,659,358,36.5,36.5,3893,500,0,102,0.099,1,COM6
1,33850,37,rpm,1,1,36.5,36.5,3893,500,0,0,0.0,1,COM8
3,70364,37,rpm,573,358,36.5,36.5,3893,500,0,103,0.1,1,COM6
1,33871,37,rpm,1,1,36.5,36.5,3893,500,0,0,0.0,1,COM8
3,70384,37,rpm,458,358,36.5,36.5,3893,500,0,103,0.1,1,COM6
1,33891,37,rpm,1,1,36.5,36.5,3893,500,0,0,0.0,1,COM8
3,70405,37,rpm,377,358,36.5,36.5,3893,500,0,103,0.1,1,COM6
1,33912,37,rpm,1,1,36.5,36.5,3893,500,0,0,0.0,1,COM8
3,70425,37,rpm,166,358,36.5,36.5,3893,500,0,103,0.1,1,COM6
1,33932,37,rpm,1,1,36.5,36.5,3893,500,0,0,0.0,1,COM8
3,70446,37,rpm,26,358,36.5,36.5,3893,500,0,103,0.1,1,COM6
1,33953,37,rpm,1,1,36.5,36.5,3893,500,0,0,0.0,1,COM8
3,70466,37,rpm,13,358,36.5,36.5,3893,500,0,103,0.1,1,COM6
1,33973,37,rpm,1,1,36.5,36.5,3893,500,0,0,0.0,1,COM8
3,70487,37,rpm,17,358,36.5,36.5,3893,500,0,103,0.1,1,COM6
1,33994,37,rpm,1,1,36.5,36.5,3893,500,0,0,0.0,1,COM8
3,70507,37,rpm,79,358,36.5,36.5,3893,500,0,103,0.1,1,COM6
1,34014,37,rpm,1,1,36.5,36.5,3893,500,0,0,0.0,1,COM8
3,70528,37,rpm,357,358,36.5,36.5,3893,500,0,104,0.1,1,COM6
1,34035,37,rpm,0,1,36.5,36.5,3893,500,0,0,0.0,1,COM8
3,70548,37,rpm,669,358,36.5,36.5,3893,500,0,104,0.101,1,COM6
1,34055,37,rpm,1,1,36.5,36.5,3893,500,0,0,0.0,1,COM8
3,70569,37,rpm,829,358,36.5,36.5,3893,500,0,104,0.101,1,COM6
1,34076,37,rpm,1,1,36.5,36.5,3893,500,0,0,0.0,1,COM8
3,70590,37,rpm,774,358,36.5,36.5,3893,500,0,104,0.101,1,COM6
1,34096,37,rpm,1,1,36.5,36.5,3893,500,0,0,0.0,1,COM8
3,70610,37,rpm,671,358,36.5,36.5,3893,500,0,104,0.101,1,COM6
1,34116,37,rpm,1,1,36.5,36.5,3893,500,0,0,0.0,1,COM8
3,70631,37,rpm,509,358,36.5,36.5,3893,500,0,104,0.101,1,COM6
1,34137,37,rpm,1,1,36.5,36.5,3893,500,0,0,0.0,1,COM8
3,70651,37,rpm,343,358,36.5,36.5,3893,500,0,104,0.101,1,COM6
1,34157,37,rpm,1,1,36.5,36.5,3893,500,0,0,0.0,1,COM8
3,70672,37,rpm,277,358,36.5,36.5,3893,500,0,104,0.101,1,COM6
1,34178,37,rpm,1,1,36.5,36.5,3893,500,0,0,0.0,1,COM8
3,70692,37,rpm,106,358,36.5,36.5,3893,500,0,105,0.101,1,COM6
1,34198,37,rpm,1,1,36.5,36.5,3893,500,0,0,0.0,1,COM8
3,70713,37,rpm,20,358,36.5,36.5,3893,500,0,105,0.102,1,COM6
1,34219,37,rpm,1,1,36.5,36.5,3893,500,0,0,0.0,1,COM8
3,70734,37,rpm,11,358,36.5,36.5,3893,500,0,105,0.102,1,COM6
1,34239,37,rpm,1,1,36.5,36.5,3893,500,0,0,0.0,1,COM8
3,70754,37,rpm,17,358,36.5,36.5,3893,500,0,105,0.102,1,COM6
1,34260,37,rpm,1,1,36.5,36.5,3893,500,0,0,0.0,1,COM8
3,70775,37,rpm,98,358,36.5,36.5,3893,500,0,105,0.102,1,COM6
1,34280,37,rpm,1,1,36.5,36.5,3893,500,0,0,0.0,1,COM8
3,70795,37,rpm,378,358,36.5,36.5,3893,500,0,105,0.102,1,COM6
1,34301,37,rpm,0,1,36.5,36.5,3893,500,0,0,0.0,1,COM8
3,70816,37,rpm,656,358,36.5,36.5,3893,500,0,105,0.102,1,COM6
1,34321,37,rpm,1,1,36.5,36.5,3893,500,0,0,0.0,1,COM8
3,70837,37,rpm,783,358,36.5,36.5,3893,500,0,105,0.102,1,COM6
1,34341,37,rpm,1,1,36.5,36.5,3893,500,0,0,0.0,1,COM8
3,70857,37,rpm,716,358,36.5,36.5,3893,500,0,106,0.102,1,COM6
1,34362,37,rpm,1,1,36.5,36.5,3893,500,0,0,0.0,1,COM8
3,70878,37,rpm,618,358,36.5,36.5,3893,500,0,106,0.102,1,COM6
1,34382,37,rpm,1,1,36.5,36.5,3893,500,0,0,0.0,1,COM8
3,70898,37,rpm,439,358,36.5,36.5,3893,500,0,106,0.103,1,COM6
1,34403,37,rpm,1,1,36.5,36.5,3893,500,0,0,0.0,1,COM8
3,70919,37,rpm,317,358,36.5,36.5,3893,500,0,106,0.103,1,COM6
1,34423,37,rpm,1,1,36.5,36.5,3893,500,0,0,0.0,1,COM8
3,70940,37,rpm,253,358,36.5,36.5,3893,500,0,106,0.103,1,COM6
1,34444,37,rpm,1,1,36.5,36.5,3893,500,0,0,0.0,1,COM8
3,70960,37,rpm,36,358,36.5,36.5,3893,500,0,106,0.103,1,COM6
1,34464,37,rpm,1,1,36.5,36.5,3893,500,0,0,0.0,1,COM8
3,70981,37,rpm,16,358,36.5,36.5,3893,500,0,106,0.103,1,COM6
1,34485,37,rpm,1,1,36.5,36.5,3893,500,0,0,0.0,1,COM8
3,71001,37,rpm,12,358,36.5,36.5,3893,500,0,106,0.103,1,COM6
1,34505,37,rpm,1,1,36.5,36.5,3893,500,0,0,0.0,1,COM8
3,71022,37,rpm,39,358,36.5,36.5,3893,500,0,107,0.103,1,COM6
1,34525,37,rpm,1,1,36.5,36.5,3893,500,0,0,0.0,1,COM8
3,71043,37,rpm,236,358,36.5,36.5,3893,500,0,107,0.103,1,COM6
1,34546,37,rpm,1,1,36.5,36.5,3893,500,0,0,0.0,1,COM8
3,71063,37,rpm,621,358,36.5,36.5,3893,500,0,107,0.104,1,COM6
1,34566,37,rpm,0,1,36.5,36.5,3893,500,0,0,0.0,1,COM8
3,71084,37,rpm,819,358,36.5,36.5,3893,500,0,107,0.104,1,COM6
1,34587,37,rpm,1,1,36.5,36.5,3893,500,0,0,0.0,1,COM8
3,71104,37,rpm,795,358,36.5,36.5,3893,500,0,107,0.104,1,COM6
1,34607,37,rpm,1,1,36.5,36.5,3893,500,0,0,0.0,1,COM8
3,71125,37,rpm,694,358,36.5,36.5,3893,500,0,107,0.104,1,COM6
1,34628,37,rpm,1,1,36.5,36.5,3893,500,0,0,0.0,1,COM8
3,71145,37,rpm,511,358,36.5,36.5,3893,500,0,107,0.104,1,COM6
1,34648,37,rpm,1,1,36.5,36.5,3893,500,0,0,0.0,1,COM8
3,71166,37,rpm,355,358,36.5,36.5,3893,500,0,107,0.104,1,COM6
1,34669,37,rpm,1,1,36.5,36.5,3893,500,0,0,0.0,1,COM8
3,71187,37,rpm,259,358,36.5,36.5,3893,500,0,107,0.104,1,COM6
1,34689,37,rpm,1,1,36.5,36.5,3893,500,0,0,0.0,1,COM8
3,71207,37,rpm,115,358,36.5,36.5,3893,500,0,108,0.104,1,COM6
1,34710,37,rpm,1,1,36.5,36.5,3893,500,0,0,0.0,1,COM8
3,71228,37,rpm,21,358,36.5,36.5,3893,500,0,108,0.105,1,COM6
1,34730,37,rpm,1,1,36.5,36.5,3893,500,0,0,0.0,1,COM8
3,71248,37,rpm,11,358,36.5,36.5,3893,500,0,108,0.105,1,COM6
1,34750,37,rpm,1,1,36.5,36.5,3893,500,0,0,0.0,1,COM8
3,71269,37,rpm,15,358,36.5,36.5,3893,500,0,108,0.105,1,COM6
1,34771,37,rpm,1,1,36.5,36.5,3893,500,0,0,0.0,1,COM8
3,71289,37,rpm,93,358,36.5,36.5,3893,500,0,108,0.105,1,COM6
1,34791,37,rpm,1,1,36.5,36.5,3893,500,0,0,0.0,1,COM8
3,71310,37,rpm,446,358,36.5,36.5,3893,500,0,108,0.105,1,COM6
1,34812,37,rpm,0,1,36.5,36.5,3893,500,0,0,0.0,1,COM8
3,71331,37,rpm,621,358,36.5,36.5,3893,500,0,108,0.105,1,COM6
1,34832,37,rpm,1,1,36.5,36.5,3893,500,0,0,0.0,1,COM8
3,71351,37,rpm,720,358,36.5,36.5,3893,500,0,108,0.105,1,COM6
1,34853,37,rpm,1,1,36.5,36.5,3893,500,0,0,0.0,1,COM8
3,71372,37,rpm,734,358,36.5,36.5,3893,500,0,109,0.105,1,COM6
1,34873,37,rpm,1,1,36.5,36.5,3893,500,0,0,0.0,1,COM8
3,71392,37,rpm,618,358,36.5,36.5,3893,500,0,109,0.105,1,COM6
1,34894,37,rpm,1,1,36.5,36.5,3893,500,0,0,0.0,1,COM8
3,71413,37,rpm,483,358,36.5,36.5,3893,500,0,109,0.106,1,COM6
1,34914,37,rpm,1,1,36.5,36.5,3893,500,0,0,0.0,1,COM8
3,71434,37,rpm,367,358,36.5,36.5,3893,500,0,109,0.106,1,COM6
1,34934,37,rpm,1,1,36.5,36.5,3893,500,0,0,0.0,1,COM8
3,71454,37,rpm,218,358,36.5,36.5,3893,500,0,109,0.106,1,COM6
1,34955,37,rpm,1,1,36.5,36.5,3893,500,0,0,0.0,1,COM8
3,71475,37,rpm,30,358,36.5,36.5,3893,500,0,109,0.106,1,COM6
1,34975,37,rpm,1,1,36.5,36.5,3893,500,0,0,0.0,1,COM8
3,71495,37,rpm,14,358,36.5,36.5,3893,500,0,109,0.106,1,COM6
1,34996,37,rpm,1,1,36.5,36.5,3893,500,0,0,0.0,1,COM8
3,71516,37,rpm,14,358,36.5,36.5,3893,500,0,109,0.106,1,COM6
1,35016,37,rpm,1,1,36.5,36.5,3893,500,0,0,0.0,1,COM8
3,71536,37,rpm,62,358,36.5,36.5,3893,500,0,110,0.106,1,COM6
1,35037,37,rpm,1,1,36.5,36.5,3893,500,0,0,0.0,1,COM8
3,71557,37,rpm,387,358,36.5,36.5,3893,500,0,110,0.106,1,COM6
1,35057,37,rpm,1,1,36.5,36.5,3893,500,0,0,0.0,1,COM8
3,71577,37,rpm,628,358,36.5,36.5,3893,500,0,110,0.107,1,COM6
1,35078,37,rpm,1,1,36.5,36.5,3893,500,0,0,0.0,1,COM8
3,71598,37,rpm,728,358,36.5,36.5,3893,500,0,110,0.107,1,COM6
1,35098,37,rpm,1,1,36.5,36.5,3893,500,0,0,0.0,1,COM8
3,71619,37,rpm,715,358,36.5,36.5,3893,500,0,110,0.107,1,COM6
1,35118,37,rpm,1,1,36.5,36.5,3893,500,0,0,0.0,1,COM8
3,71639,37,rpm,672,358,36.5,36.5,3893,500,0,110,0.107,1,COM6
1,35139,37,rpm,1,1,36.5,36.5,3893,500,0,0,0.0,1,COM8
3,71660,37,rpm,551,358,36.5,36.5,3893,500,0,110,0.107,1,COM6
1,35159,37,rpm,1,1,36.5,36.5,3893,500,0,0,0.0,1,COM8
3,71680,37,rpm,439,358,36.5,36.5,3893,500,0,110,0.107,1,COM6
1,35180,37,rpm,1,1,36.5,36.5,3893,500,0,0,0.0,1,COM8
3,71701,37,rpm,342,358,36.5,36.5,3893,500,0,111,0.107,1,COM6
1,35200,37,rpm,1,1,36.5,36.5,3893,500,0,0,0.0,1,COM8
3,71722,37,rpm,73,358,36.5,36.5,3893,500,0,111,0.107,1,COM6
1,35221,37,rpm,1,1,36.5,36.5,3893,500,0,0,0.0,1,COM8
3,71742,37,rpm,19,358,36.5,36.5,3893,500,0,111,0.107,1,COM6
1,35241,37,rpm,1,1,36.5,36.5,3893,500,0,0,0.0,1,COM8
3,71763,37,rpm,14,358,36.5,36.5,3893,500,0,111,0.108,1,COM6
1,35262,37,rpm,1,1,36.5,36.5,3893,500,0,0,0.0,1,COM8
3,71783,37,rpm,29,358,36.5,36.5,3893,500,0,111,0.108,1,COM6
1,35282,37,rpm,1,1,36.5,36.5,3893,500,0,0,0.0,1,COM8
3,71804,37,rpm,191,358,36.5,36.5,3893,500,0,111,0.108,1,COM6
1,35302,37,rpm,1,1,36.5,36.5,3893,500,0,0,0.0,1,COM8
3,71825,37,rpm,530,358,36.5,36.5,3893,500,0,111,0.108,1,COM6
1,35323,37,rpm,0,1,36.5,36.5,3893,500,0,0,0.0,1,COM8
3,71845,37,rpm,666,358,36.5,36.5,3893,500,0,111,0.108,1,COM6
1,35343,37,rpm,1,1,36.5,36.5,3893,500,0,0,0.0,1,COM8
3,71866,37,rpm,695,358,36.5,36.5,3893,500,0,112,0.108,1,COM6
1,35364,37,rpm,1,1,36.5,36.5,3893,500,0,0,0.0,1,COM8
3,71886,37,rpm,672,358,36.5,36.5,3893,500,0,112,0.108,1,COM6
1,35384,37,rpm,1,1,36.5,36.5,3893,500,0,0,0.0,1,COM8
3,71907,37,rpm,566,358,36.5,36.5,3893,500,0,112,0.108,1,COM6
1,35405,37,rpm,1,1,36.5,36.5,3893,500,0,0,0.0,1,COM8
3,71927,37,rpm,460,358,36.5,36.5,3893,500,0,112,0.109,1,COM6
1,35425,37,rpm,1,1,36.5,36.5,3893,500,0,0,0.0,1,COM8
3,71948,37,rpm,377,358,36.5,36.5,3893,500,0,112,0.109,1,COM6
1,35446,37,rpm,1,1,36.5,36.5,3893,500,0,0,0.0,1,COM8
3,71968,37,rpm,158,358,36.5,36.5,3893,500,0,112,0.109,1,COM6
1,35466,37,rpm,1,1,36.5,36.5,3893,500,0,0,0.0,1,COM8
3,71989,37,rpm,24,358,36.5,36.5,3893,500,0,112,0.109,1,COM6
1,35487,37,rpm,1,1,36.5,36.5,3893,500,0,0,0.0,1,COM8
3,72010,37,rpm,13,358,36.5,36.5,3893,500,0,112,0.109,1,COM6
1,35507,37,rpm,1,1,36.5,36.5,3893,500,0,0,0.0,1,COM8
3,72030,37,rpm,16,358,36.5,36.5,3893,500,0,113,0.109,1,COM6
1,35528,37,rpm,1,1,36.5,36.5,3893,500,0,0,0.0,1,COM8
3,72051,37,rpm,76,358,36.5,36.5,3893,500,0,113,0.109,1,COM6
1,35548,37,rpm,1,1,36.5,36.5,3893,500,0,0,0.0,1,COM8
3,72071,37,rpm,345,358,36.5,36.5,3893,500,0,113,0.109,1,COM6
1,35568,37,rpm,1,1,36.5,36.5,3893,500,0,0,0.0,1,COM8
3,72092,37,rpm,594,358,36.5,36.5,3893,500,0,113,0.11,1,COM6
1,35589,37,rpm,0,1,36.5,36.5,3893,500,0,0,0.0,1,COM8
3,72112,37,rpm,809,358,36.5,36.5,3893,500,0,113,0.11,1,COM6
1,35609,37,rpm,1,1,36.5,36.5,3893,500,0,0,0.0,1,COM8
3,72133,37,rpm,781,358,36.5,36.5,3893,500,0,113,0.11,1,COM6
1,35630,37,rpm,1,1,36.5,36.5,3893,500,0,0,0.0,1,COM8
3,72154,37,rpm,688,358,36.5,36.5,3893,500,0,113,0.11,1,COM6
1,35650,37,rpm,1,1,36.5,36.5,3893,500,0,0,0.0,1,COM8
3,72174,37,rpm,523,358,36.5,36.5,3893,500,0,113,0.11,1,COM6
1,35671,37,rpm,1,1,36.5,36.5,3893,500,0,0,0.0,1,COM8
3,72195,37,rpm,362,358,36.5,36.5,3893,500,0,114,0.11,1,COM6
1,35691,37,rpm,1,1,36.5,36.5,3893,500,0,0,0.0,1,COM8
3,72215,37,rpm,295,358,36.5,36.5,3893,500,0,114,0.11,1,COM6
1,35712,37,rpm,1,1,36.5,36.5,3893,500,0,0,0.0,1,COM8
3,72236,37,rpm,111,358,36.5,36.5,3893,500,0,114,0.11,1,COM6
1,35732,37,rpm,1,1,36.5,36.5,3893,500,0,0,0.0,1,COM8
3,72256,37,rpm,21,358,36.5,36.5,3893,500,0,114,0.11,1,COM6
1,35752,37,rpm,1,1,36.5,36.5,3893,500,0,0,0.0,1,COM8
3,72277,37,rpm,12,358,36.5,36.5,3893,500,0,114,0.111,1,COM6
1,35773,37,rpm,1,1,36.5,36.5,3893,500,0,0,0.0,1,COM8
3,72298,37,rpm,16,358,36.5,36.5,3893,500,0,114,0.111,1,COM6
1,35793,37,rpm,1,1,36.5,36.5,3893,500,0,0,0.0,1,COM8
3,72318,37,rpm,90,358,36.5,36.5,3893,500,0,114,0.111,1,COM6
1,35814,37,rpm,1,1,36.5,36.5,3893,500,0,0,0.0,1,COM8
3,72339,37,rpm,372,358,36.5,36.5,3893,500,0,114,0.111,1,COM6
1,35834,37,rpm,1,1,36.5,36.5,3893,500,0,0,0.0,1,COM8
3,72359,37,rpm,624,358,36.5,36.5,3893,500,0,114,0.111,1,COM6
1,35855,37,rpm,0,1,36.5,36.5,3893,500,0,0,0.0,1,COM8
3,72380,37,rpm,781,358,36.5,36.5,3893,500,0,115,0.111,1,COM6
1,35875,37,rpm,1,1,36.5,36.5,3893,500,0,0,0.0,1,COM8
3,72400,37,rpm,727,358,36.5,36.5,3893,500,0,115,0.111,1,COM6
1,35896,37,rpm,1,1,36.5,36.5,3893,500,0,0,0.0,1,COM8
3,72421,37,rpm,619,358,36.5,36.5,3893,500,0,115,0.111,1,COM6
1,35916,37,rpm,1,1,36.5,36.5,3893,500,0,0,0.0,1,COM8
3,72442,37,rpm,456,358,36.5,36.5,3893,500,0,115,0.112,1,COM6
1,35937,37,rpm,1,1,36.5,36.5,3893,500,0,0,0.0,1,COM8
3,72462,37,rpm,330,358,36.5,36.5,3893,500,0,115,0.112,1,COM6
1,35957,37,rpm,1,1,36.5,36.5,3893,500,0,0,0.0,1,COM8
3,72483,37,rpm,260,358,36.5,36.5,3893,500,0,115,0.112,1,COM6
1,35978,37,rpm,1,1,36.5,36.5,3893,500,0,0,0.0,1,COM8
3,72503,37,rpm,38,358,36.5,36.5,3893,500,0,115,0.112,1,COM6
1,35998,37,rpm,1,1,36.5,36.5,3893,500,0,0,0.0,1,COM8
3,72524,37,rpm,15,358,36.5,36.5,3893,500,0,115,0.112,1,COM6
1,36018,37,rpm,1,1,36.5,36.5,3893,500,0,0,0.0,1,COM8
3,72544,37,rpm,12,358,36.5,36.5,3893,500,0,116,0.112,1,COM6
1,36039,37,rpm,1,1,36.5,36.5,3893,500,0,0,0.0,1,COM8
3,72565,37,rpm,37,358,36.5,36.5,3893,500,0,116,0.112,1,COM6
1,36059,37,rpm,1,1,36.5,36.5,3893,500,0,0,0.0,1,COM8
3,72585,37,rpm,222,358,36.5,36.5,3893,500,0,116,0.112,1,COM6
1,36080,37,rpm,1,1,36.5,36.5,3893,500,0,0,0.0,1,COM8
3,72606,37,rpm,605,358,36.5,36.5,3893,500,0,116,0.112,1,COM6
1,36100,37,rpm,0,1,36.5,36.5,3893,500,0,0,0.0,1,COM8
3,72627,37,rpm,796,358,36.5,36.5,3893,500,0,116,0.113,1,COM6
1,36121,37,rpm,1,1,36.5,36.5,3893,500,0,0,0.0,1,COM8
3,72647,37,rpm,803,358,36.5,36.5,3893,500,0,116,0.113,1,COM6
1,36141,37,rpm,1,1,36.5,36.5,3893,500,0,0,0.0,1,COM8
3,72668,37,rpm,695,358,36.5,36.5,3893,500,0,116,0.113,1,COM6
1,36161,37,rpm,1,1,36.5,36.5,3893,500,0,0,0.0,1,COM8
3,72688,37,rpm,522,358,36.5,36.5,3893,500,0,116,0.113,1,COM6
1,36182,37,rpm,1,1,36.5,36.5,3893,500,0,0,0.0,1,COM8
3,72709,37,rpm,353,358,36.5,36.5,3893,500,0,117,0.113,1,COM6
1,36202,37,rpm,1,1,36.5,36.5,3893,500,0,0,0.0,1,COM8
3,72729,37,rpm,259,358,36.5,36.5,3893,500,0,117,0.113,1,COM6
1,36223,37,rpm,1,1,36.5,36.5,3893,500,0,0,0.0,1,COM8
3,72750,37,rpm,114,358,36.5,36.5,3893,500,0,117,0.113,1,COM6
1,36243,37,rpm,1,1,36.5,36.5,3893,500,0,0,0.0,1,COM8
3,72770,37,rpm,21,358,36.5,36.5,3893,500,0,117,0.113,1,COM6
1,36264,37,rpm,1,1,36.5,36.5,3893,500,0,0,0.0,1,COM8
3,72791,37,rpm,11,358,36.5,36.5,3893,500,0,117,0.114,1,COM6
1,36284,37,rpm,1,1,36.5,36.5,3893,500,0,0,0.0,1,COM8
3,72812,37,rpm,15,358,36.5,36.5,3893,500,0,117,0.114,1,COM6
1,36305,37,rpm,1,1,36.5,36.5,3893,500,0,0,0.0,1,COM8
3,72832,37,rpm,91,358,36.5,36.5,3893,500,0,117,0.114,1,COM6
1,36325,37,rpm,1,1,36.5,36.5,3893,500,0,0,0.0,1,COM8
3,72853,37,rpm,443,358,36.5,36.5,3893,500,0,117,0.114,1,COM6
1,36346,37,rpm,1,1,36.5,36.5,3893,500,0,0,0.0,1,COM8
3,72873,37,rpm,624,358,36.5,36.5,3893,500,0,118,0.114,1,COM6
1,36366,37,rpm,1,1,36.5,36.5,3893,500,0,0,0.0,1,COM8
1,36386,37,rpm,1,1,36.5,36.5,3893,500,0,0,0.0,1,COM8
3,72894,37,rpm,726,358,36.5,36.5,3893,500,0,118,0.114,1,COM6
1,36407,37,rpm,1,1,36.5,36.5,3893,500,0,0,0.0,1,COM8
3,72914,37,rpm,744,358,36.5,36.5,3893,500,0,118,0.114,1,COM6
3,72935,37,rpm,618,358,36.5,36.5,3893,500,0,118,0.114,1,COM6
1,36427,37,rpm,1,1,36.5,36.5,3893,500,0,0,0.0,1,COM8
3,72956,37,rpm,481,358,36.5,36.5,3893,500,0,118,0.115,1,COM6
1,36448,37,rpm,1,1,36.5,36.5,3893,500,0,0,0.0,1,COM8
3,72976,37,rpm,378,358,36.5,36.5,3893,500,0,118,0.115,1,COM6
1,36468,37,rpm,1,1,36.5,36.5,3893,500,0,0,0.0,1,COM8
3,72997,37,rpm,224,358,36.5,36.5,3893,500,0,118,0.115,1,COM6
1,36489,37,rpm,1,1,36.5,36.5,3893,500,0,0,0.0,1,COM8
3,73017,37,rpm,31,358,36.5,36.5,3893,500,0,118,0.115,1,COM6
1,36509,37,rpm,1,1,36.5,36.5,3893,500,0,0,0.0,1,COM8
3,73038,37,rpm,15,358,36.5,36.5,3893,500,0,119,0.115,1,COM6
1,36529,37,rpm,1,1,36.5,36.5,3893,500,0,0,0.0,1,COM8
3,73058,37,rpm,14,358,36.5,36.5,3893,500,0,119,0.115,1,COM6
1,36550,37,rpm,1,1,36.5,36.5,3893,500,0,0,0.0,1,COM8
1,36570,37,rpm,1,1,36.5,36.5,3893,500,0,0,0.0,1,COM8
3,73079,37,rpm,61,358,36.5,36.5,3893,500,0,119,0.115,1,COM6
1,36591,37,rpm,1,1,36.5,36.5,3893,500,0,0,0.0,1,COM8
3,73099,37,rpm,374,358,36.5,36.5,3893,500,0,119,0.115,1,COM6
3,73120,37,rpm,614,358,36.5,36.5,3893,500,0,119,0.115,1,COM6
1,36611,37,rpm,0,1,36.5,36.5,3893,500,0,0,0.0,1,COM8
3,73140,37,rpm,716,358,36.5,36.5,3893,500,0,119,0.116,1,COM6
1,36632,37,rpm,1,1,36.5,36.5,3893,500,0,0,0.0,1,COM8
1,36652,37,rpm,1,1,36.5,36.5,3893,500,0,0,0.0,1,COM8
3,73161,37,rpm,709,358,36.5,36.5,3893,500,0,119,0.116,1,COM6
1,36672,37,rpm,1,1,36.5,36.5,3893,500,0,0,0.0,1,COM8
3,73182,37,rpm,668,358,36.5,36.5,3893,500,0,119,0.116,1,COM6
1,36693,37,rpm,1,1,36.5,36.5,3893,500,0,0,0.0,1,COM8
3,73202,37,rpm,553,358,36.5,36.5,3893,500,0,120,0.116,1,COM6
1,36713,37,rpm,1,1,36.5,36.5,3893,500,0,0,0.0,1,COM8
3,73223,37,rpm,443,358,36.5,36.5,3893,500,0,120,0.116,1,COM6
1,36734,37,rpm,1,1,36.5,36.5,3893,500,0,0,0.0,1,COM8
3,73243,37,rpm,345,358,36.5,36.5,3893,500,0,120,0.116,1,COM6
3,73264,37,rpm,77,358,36.5,36.5,3893,500,0,120,0.116,1,COM6
1,36754,37,rpm,1,1,36.5,36.5,3893,500,0,0,0.0,1,COM8
1,36775,37,rpm,1,1,36.5,36.5,3893,500,0,0,0.0,1,COM8
3,73284,37,rpm,19,358,36.5,36.5,3893,500,0,120,0.116,1,COM6
1,36795,37,rpm,1,1,36.5,36.5,3893,500,0,0,0.0,1,COM8
3,73305,37,rpm,14,358,36.5,36.5,3893,500,0,120,0.117,1,COM6
1,36816,37,rpm,1,1,36.5,36.5,3893,500,0,0,0.0,1,COM8
3,73325,37,rpm,29,358,36.5,36.5,3893,500,0,120,0.117,1,COM6
1,36836,37,rpm,1,1,36.5,36.5,3893,500,0,0,0.0,1,COM8
3,73346,37,rpm,187,358,36.5,36.5,3893,500,0,120,0.117,1,COM6
1,36857,37,rpm,1,1,36.5,36.5,3893,500,0,0,0.0,1,COM8
3,73367,37,rpm,522,358,36.5,36.5,3893,500,0,120,0.117,1,COM6
1,36877,37,rpm,1,1,36.5,36.5,3893,500,0,0,0.0,1,COM8
3,73387,37,rpm,657,358,36.5,36.5,3893,500,0,121,0.117,1,COM6
1,36897,37,rpm,1,1,36.5,36.5,3893,500,0,0,0.0,1,COM8
3,73408,37,rpm,701,358,36.5,36.5,3893,500,0,121,0.117,1,COM6
3,73428,37,rpm,670,358,36.5,36.5,3893,500,0,121,0.117,1,COM6
1,36918,37,rpm,1,1,36.5,36.5,3893,500,0,0,0.0,1,COM8
1,36938,37,rpm,1,1,36.5,36.5,3893,500,0,0,0.0,1,COM8
3,73449,37,rpm,572,358,36.5,36.5,3893,500,0,121,0.117,1,COM6
1,36959,37,rpm,1,1,36.5,36.5,3893,500,0,0,0.0,1,COM8
3,73469,37,rpm,460,358,36.5,36.5,3893,500,0,121,0.117,1,COM6
3,73490,37,rpm,379,358,36.5,36.5,3893,500,0,121,0.118,1,COM6
1,36979,37,rpm,1,1,36.5,36.5,3893,500,0,0,0.0,1,COM8
3,73511,37,rpm,168,358,36.5,36.5,3893,500,0,121,0.118,1,COM6
1,37000,37,rpm,1,1,36.5,36.5,3893,500,0,0,0.0,1,COM8
1,37020,37,rpm,1,1,36.5,36.5,3893,500,0,0,0.0,1,COM8
3,73531,37,rpm,26,358,36.5,36.5,3893,500,0,121,0.118,1,COM6
1,37040,37,rpm,1,1,36.5,36.5,3893,500,0,0,0.0,1,COM8
3,73552,37,rpm,13,358,36.5,36.5,3893,500,0,122,0.118,1,COM6
1,37061,37,rpm,1,1,36.5,36.5,3893,500,0,0,0.0,1,COM8
3,73572,37,rpm,16,358,36.5,36.5,3893,500,0,122,0.118,1,COM6
1,37082,37,rpm,1,1,36.5,36.5,3893,500,0,0,0.0,1,COM8
3,73593,37,rpm,78,358,36.5,36.5,3893,500,0,122,0.118,1,COM6
1,37102,37,rpm,1,1,36.5,36.5,3893,500,0,0,0.0,1,COM8
3,73613,37,rpm,353,358,36.5,36.5,3893,500,0,122,0.118,1,COM6
1,37122,37,rpm,0,1,36.5,36.5,3893,500,0,0,0.0,1,COM8
3,73634,37,rpm,634,358,36.5,36.5,3893,500,0,122,0.118,1,COM6
1,37143,37,rpm,1,1,36.5,36.5,3893,500,0,0,0.0,1,COM8
3,73655,37,rpm,812,358,36.5,36.5,3893,500,0,122,0.119,1,COM6
1,37163,37,rpm,1,1,36.5,36.5,3893,500,0,0,0.0,1,COM8
3,73675,37,rpm,760,358,36.5,36.5,3893,500,0,122,0.119,1,COM6
1,37184,37,rpm,1,1,36.5,36.5,3893,500,0,0,0.0,1,COM8
3,73696,37,rpm,672,358,36.5,36.5,3893,500,0,122,0.119,1,COM6
1,37204,37,rpm,1,1,36.5,36.5,3893,500,0,0,0.0,1,COM8
3,73716,37,rpm,512,358,36.5,36.5,3893,500,0,123,0.119,1,COM6
1,37225,37,rpm,1,1,36.5,36.5,3893,500,0,0,0.0,1,COM8
3,73737,37,rpm,350,358,36.5,36.5,3893,500,0,123,0.119,1,COM6
1,37245,37,rpm,1,1,36.5,36.5,3893,500,0,0,0.0,1,COM8
3,73757,37,rpm,297,358,36.5,36.5,3893,500,0,123,0.119,1,COM6
1,37265,37,rpm,1,1,36.5,36.5,3893,500,0,0,0.0,1,COM8
3,73778,37,rpm,113,358,36.5,36.5,3893,500,0,123,0.119,1,COM6
1,37286,37,rpm,1,1,36.5,36.5,3893,500,0,0,0.0,1,COM8
3,73798,37,rpm,20,358,36.5,36.5,3893,500,0,123,0.119,1,COM6
1,37306,37,rpm,1,1,36.5,36.5,3893,500,0,0,0.0,1,COM8
3,73819,37,rpm,12,358,36.5,36.5,3893,500,0,123,0.119,1,COM6
1,37327,37,rpm,1,1,36.5,36.5,3893,500,0,0,0.0,1,COM8
3,73840,37,rpm,17,358,36.5,36.5,3893,500,0,123,0.12,1,COM6
1,37347,37,rpm,1,1,36.5,36.5,3893,500,0,0,0.0,1,COM8
3,73860,37,rpm,95,358,36.5,36.5,3893,500,0,123,0.12,1,COM6
1,37368,37,rpm,1,1,36.5,36.5,3893,500,0,0,0.0,1,COM8
3,73881,37,rpm,369,358,36.5,36.5,3893,500,0,124,0.12,1,COM6
1,37388,37,rpm,0,1,36.5,36.5,3893,500,0,0,0.0,1,COM8
3,73901,37,rpm,630,358,36.5,36.5,3893,500,0,124,0.12,1,COM6
1,37409,37,rpm,1,1,36.5,36.5,3893,500,0,0,0.0,1,COM8
3,73922,37,rpm,775,358,36.5,36.5,3893,500,0,124,0.12,1,COM6
1,37429,37,rpm,1,1,36.5,36.5,3893,500,0,0,0.0,1,COM8
3,73942,37,rpm,718,358,36.5,36.5,3893,500,0,124,0.12,1,COM6
1,37450,37,rpm,1,1,36.5,36.5,3893,500,0,0,0.0,1,COM8
3,73963,37,rpm,615,358,36.5,36.5,3893,500,0,124,0.12,1,COM6
1,37470,37,rpm,1,1,36.5,36.5,3893,500,0,0,0.0,1,COM8
3,73983,37,rpm,443,358,36.5,36.5,3893,500,0,124,0.12,1,COM6
1,37490,37,rpm,1,1,36.5,36.5,3893,500,0,0,0.0,1,COM8
3,74004,37,rpm,327,358,36.5,36.5,3893,500,0,124,0.121,1,COM6
1,37511,37,rpm,1,1,36.5,36.5,3893,500,0,0,0.0,1,COM8
3,74025,37,rpm,264,358,36.5,36.5,3893,500,0,124,0.121,1,COM6
1,37531,37,rpm,1,1,36.5,36.5,3893,500,0,0,0.0,1,COM8
3,74045,37,rpm,37,358,36.5,36.5,3893,500,0,125,0.121,1,COM6
1,37552,37,rpm,1,1,36.5,36.5,3893,500,0,0,0.0,1,COM8
3,74066,37,rpm,15,358,36.5,36.5,3893,500,0,125,0.121,1,COM6
1,37572,37,rpm,1,1,36.5,36.5,3893,500,0,0,0.0,1,COM8
3,74086,37,rpm,12,358,36.5,36.5,3893,500,0,125,0.121,1,COM6
1,37593,37,rpm,1,1,36.5,36.5,3893,500,0,0,0.0,1,COM8
3,74107,37,rpm,39,358,36.5,36.5,3893,500,0,125,0.121,1,COM6
1,37613,37,rpm,1,1,36.5,36.5,3893,500,0,0,0.0,1,COM8
3,74128,37,rpm,236,358,36.5,36.5,3893,500,0,125,0.121,1,COM6
1,37634,37,rpm,0,1,36.5,36.5,3893,500,0,0,0.0,1,COM8
3,74148,37,rpm,612,358,36.5,36.5,3893,500,0,125,0.121,1,COM6
1,37654,37,rpm,1,1,36.5,36.5,3893,500,0,0,0.0,1,COM8
3,74169,37,rpm,810,358,36.5,36.5,3893,500,0,125,0.122,1,COM6
1,37675,37,rpm,1,1,36.5,36.5,3893,500,0,0,0.0,1,COM8
3,74189,37,rpm,798,358,36.5,36.5,3893,500,0,125,0.122,1,COM6
1,37695,37,rpm,1,1,36.5,36.5,3893,500,0,0,0.0,1,COM8
3,74210,37,rpm,699,358,36.5,36.5,3893,500,0,126,0.122,1,COM6
1,37715,37,rpm,1,1,36.5,36.5,3893,500,0,0,0.0,1,COM8
3,74230,37,rpm,523,358,36.5,36.5,3893,500,0,126,0.122,1,COM6
1,37736,37,rpm,1,1,36.5,36.5,3893,500,0,0,0.0,1,COM8
3,74251,37,rpm,366,358,36.5,36.5,3893,500,0,126,0.122,1,COM6
1,37756,37,rpm,1,1,36.5,36.5,3893,500,0,0,0.0,1,COM8
3,74271,37,rpm,264,358,36.5,36.5,3893,500,0,126,0.122,1,COM6
1,37777,37,rpm,1,1,36.5,36.5,3893,500,0,0,0.0,1,COM8
3,74292,37,rpm,128,358,36.5,36.5,3893,500,0,126,0.122,1,COM6
1,37797,37,rpm,1,1,36.5,36.5,3893,500,0,0,0.0,1,COM8
3,74313,37,rpm,23,358,36.5,36.5,3893,500,0,126,0.122,1,COM6
1,37818,37,rpm,1,1,36.5,36.5,3893,500,0,0,0.0,1,COM8
3,74333,37,rpm,11,358,36.5,36.5,3893,500,0,126,0.122,1,COM6
1,37838,37,rpm,1,1,36.5,36.5,3893,500,0,0,0.0,1,COM8
3,74354,37,rpm,14,358,36.5,36.5,3893,500,0,126,0.123,1,COM6
1,37859,37,rpm,1,1,36.5,36.5,3893,500,0,0,0.0,1,COM8
3,74374,37,rpm,80,358,36.5,36.5,3893,500,0,127,0.123,1,COM6
1,37879,37,rpm,1,1,36.5,36.5,3893,500,0,0,0.0,1,COM8
3,74395,37,rpm,418,358,36.5,36.5,3893,500,0,127,0.123,1,COM6
1,37900,37,rpm,1,1,36.5,36.5,3893,500,0,0,0.0,1,COM8
3,74415,37,rpm,614,358,36.5,36.5,3893,500,0,127,0.123,1,COM6
1,37920,37,rpm,1,1,36.5,36.5,3893,500,0,0,0.0,1,COM8
3,74436,37,rpm,717,358,36.5,36.5,3893,500,0,127,0.123,1,COM6
1,37940,37,rpm,1,1,36.5,36.5,3893,500,0,0,0.0,1,COM8
3,74456,37,rpm,744,358,36.5,36.5,3893,500,0,127,0.123,1,COM6
1,37961,37,rpm,1,1,36.5,36.5,3893,500,0,0,0.0,1,COM8
3,74477,37,rpm,623,358,36.5,36.5,3893,500,0,127,0.123,1,COM6
1,37981,37,rpm,1,1,36.5,36.5,3893,500,0,0,0.0,1,COM8
3,74497,37,rpm,482,358,36.5,36.5,3893,500,0,127,0.123,1,COM6
1,38002,37,rpm,1,1,36.5,36.5,3893,500,0,0,0.0,1,COM8
3,74518,37,rpm,362,358,36.5,36.5,3893,500,0,127,0.124,1,COM6
1,38022,37,rpm,1,1,36.5,36.5,3893,500,0,0,0.0,1,COM8
3,74539,37,rpm,234,358,36.5,36.5,3893,500,0,127,0.124,1,COM6
1,38043,37,rpm,1,1,36.5,36.5,3893,500,0,0,0.0,1,COM8
3,74559,37,rpm,31,358,36.5,36.5,3893,500,0,128,0.124,1,COM6
1,38063,37,rpm,1,1,36.5,36.5,3893,500,0,0,0.0,1,COM8
3,74580,37,rpm,15,358,36.5,36.5,3893,500,0,128,0.124,1,COM6
1,38084,37,rpm,1,1,36.5,36.5,3893,500,0,0,0.0,1,COM8
3,74600,37,rpm,14,358,36.5,36.5,3893,500,0,128,0.124,1,COM6
1,38104,37,rpm,1,1,36.5,36.5,3893,500,0,0,0.0,1,COM8
3,74621,37,rpm,55,358,36.5,36.5,3893,500,0,128,0.124,1,COM6
1,38125,37,rpm,1,1,36.5,36.5,3893,500,0,0,0.0,1,COM8
3,74641,37,rpm,367,358,36.5,36.5,3893,500,0,128,0.124,1,COM6
1,38145,37,rpm,1,1,36.5,36.5,3893,500,0,0,0.0,1,COM8
3,74662,37,rpm,625,358,36.5,36.5,3893,500,0,128,0.124,1,COM6
1,38166,37,rpm,1,1,36.5,36.5,3893,500,0,0,0.0,1,COM8
3,74683,37,rpm,723,358,36.5,36.5,3893,500,0,128,0.124,1,COM6
1,38186,37,rpm,1,1,36.5,36.5,3893,500,0,0,0.0,1,COM8
3,74703,37,rpm,714,358,36.5,36.5,3893,500,0,128,0.125,1,COM6
1,38206,37,rpm,1,1,36.5,36.5,3893,500,0,0,0.0,1,COM8
3,74724,37,rpm,671,358,36.5,36.5,3893,500,0,129,0.125,1,COM6
1,38227,37,rpm,1,1,36.5,36.5,3893,500,0,0,0.0,1,COM8
3,74744,37,rpm,560,358,36.5,36.5,3893,500,0,129,0.125,1,COM6
1,38247,37,rpm,1,1,36.5,36.5,3893,500,0,0,0.0,1,COM8
3,74765,37,rpm,448,358,36.5,36.5,3893,500,0,129,0.125,1,COM6
1,38268,37,rpm,1,1,36.5,36.5,3893,500,0,0,0.0,1,COM8
3,74785,37,rpm,354,358,36.5,36.5,3893,500,0,129,0.125,1,COM6
1,38288,37,rpm,1,1,36.5,36.5,3893,500,0,0,0.0,1,COM8
3,74806,37,rpm,100,358,36.5,36.5,3893,500,0,129,0.125,1,COM6
1,38309,37,rpm,1,1,36.5,36.5,3893,500,0,0,0.0,1,COM8
3,74826,37,rpm,20,358,36.5,36.5,3893,500,0,129,0.125,1,COM6
1,38329,37,rpm,1,1,36.5,36.5,3893,500,0,0,0.0,1,COM8
3,74847,37,rpm,13,358,36.5,36.5,3893,500,0,129,0.125,1,COM6
1,38350,37,rpm,1,1,36.5,36.5,3893,500,0,0,0.0,1,COM8
3,74868,37,rpm,25,358,36.5,36.5,3893,500,0,129,0.126,1,COM6
1,38370,37,rpm,1,1,36.5,36.5,3893,500,0,0,0.0,1,COM8
3,74888,37,rpm,158,358,36.5,36.5,3893,500,0,130,0.126,1,COM6
1,38391,37,rpm,1,1,36.5,36.5,3893,500,0,0,0.0,1,COM8
3,74909,37,rpm,506,358,36.5,36.5,3893,500,0,130,0.126,1,COM6
1,38411,37,rpm,1,1,36.5,36.5,3893,500,0,0,0.0,1,COM8
3,74929,37,rpm,649,358,36.5,36.5,3893,500,0,130,0.126,1,COM6
1,38431,37,rpm,1,1,36.5,36.5,3893,500,0,0,0.0,1,COM8
3,74950,37,rpm,700,358,36.5,36.5,3893,500,0,130,0.126,1,COM6
1,38452,37,rpm,1,1,36.5,36.5,3893,500,0,0,0.0,1,COM8
3,74970,37,rpm,654,358,36.5,36.5,3893,500,0,130,0.126,1,COM6
1,38472,37,rpm,1,1,36.5,36.5,3893,500,0,0,0.0,1,COM8
3,74991,37,rpm,584,358,36.5,36.5,3893,500,0,130,0.126,1,COM6
1,38493,37,rpm,1,1,36.5,36.5,3893,500,0,0,0.0,1,COM8
3,75012,37,rpm,466,358,36.5,36.5,3893,500,0,130,0.126,1,COM6
1,38513,37,rpm,1,1,36.5,36.5,3893,500,0,0,0.0,1,COM8
3,75032,37,rpm,380,358,36.5,36.5,3893,500,0,130,0.127,1,COM6
1,38534,37,rpm,1,1,36.5,36.5,3893,500,0,0,0.0,1,COM8
3,75053,37,rpm,185,358,36.5,36.5,3893,500,0,131,0.127,1,COM6
1,38554,37,rpm,1,1,36.5,36.5,3893,500,0,0,0.0,1,COM8
3,75073,37,rpm,27,358,36.5,36.5,3893,500,0,131,0.127,1,COM6
1,38575,37,rpm,1,1,36.5,36.5,3893,500,0,0,0.0,1,COM8
3,75094,37,rpm,13,358,36.5,36.5,3893,500,0,131,0.127,1,COM6
1,38595,37,rpm,1,1,36.5,36.5,3893,500,0,0,0.0,1,COM8
3,75114,37,rpm,15,358,36.5,36.5,3893,500,0,131,0.127,1,COM6
1,38615,37,rpm,1,1,36.5,36.5,3893,500,0,0,0.0,1,COM8
3,75135,37,rpm,69,358,36.5,36.5,3893,500,0,131,0.127,1,COM6
1,38636,37,rpm,1,1,36.5,36.5,3893,500,0,0,0.0,1,COM8
3,75156,37,rpm,327,358,36.5,36.5,3893,500,0,131,0.127,1,COM6
1,38656,37,rpm,1,1,36.5,36.5,3893,500,0,0,0.0,1,COM8
3,75176,37,rpm,605,358,36.5,36.5,3893,500,0,131,0.127,1,COM6
1,38677,37,rpm,0,1,36.5,36.5,3893,500,0,0,0.0,1,COM8
3,75197,37,rpm,820,358,36.5,36.5,3893,500,0,131,0.127,1,COM6
1,38697,37,rpm,1,1,36.5,36.5,3893,500,0,0,0.0,1,COM8
3,75217,37,rpm,792,358,36.5,36.5,3893,500,0,132,0.128,1,COM6
1,38718,37,rpm,1,1,36.5,36.5,3893,500,0,0,0.0,1,COM8
3,75238,37,rpm,695,358,36.5,36.5,3893,500,0,132,0.128,1,COM6
1,38738,37,rpm,1,1,36.5,36.5,3893,500,0,0,0.0,1,COM8
3,75258,37,rpm,531,358,36.5,36.5,3893,500,0,132,0.128,1,COM6
1,38759,37,rpm,1,1,36.5,36.5,3893,500,0,0,0.0,1,COM8
3,75279,37,rpm,360,358,36.5,36.5,3893,500,0,132,0.128,1,COM6
1,38779,37,rpm,1,1,36.5,36.5,3893,500,0,0,0.0,1,COM8
3,75300,37,rpm,280,358,36.5,36.5,3893,500,0,132,0.128,1,COM6
1,38800,37,rpm,1,1,36.5,36.5,3893,500,0,0,0.0,1,COM8
3,75320,37,rpm,127,358,36.5,36.5,3893,500,0,132,0.128,1,COM6
1,38820,37,rpm,1,1,36.5,36.5,3893,500,0,0,0.0,1,COM8
3,75341,37,rpm,22,358,36.5,36.5,3893,500,0,132,0.128,1,COM6
1,38841,37,rpm,1,1,36.5,36.5,3893,500,0,0,0.0,1,COM8
3,75361,37,rpm,11,358,36.5,36.5,3893,500,0,132,0.128,1,COM6
1,38861,37,rpm,1,1,36.5,36.5,3893,500,0,0,0.0,1,COM8
3,75382,37,rpm,15,358,36.5,36.5,3893,500,0,133,0.129,1,COM6
1,38881,37,rpm,1,1,36.5,36.5,3893,500,0,0,0.0,1,COM8
3,75402,37,rpm,80,358,36.5,36.5,3893,500,0,133,0.129,1,COM6
1,38902,37,rpm,1,1,36.5,36.5,3893,500,0,0,0.0,1,COM8
3,75423,37,rpm,353,358,36.5,36.5,3893,500,0,133,0.129,1,COM6
1,38922,37,rpm,0,1,36.5,36.5,3893,500,0,0,0.0,1,COM8
3,75444,37,rpm,636,358,36.5,36.5,3893,500,0,133,0.129,1,COM6
1,38943,37,rpm,1,1,36.5,36.5,3893,500,0,0,0.0,1,COM8
3,75464,37,rpm,786,358,36.5,36.5,3893,500,0,133,0.129,1,COM6
1,38963,37,rpm,1,1,36.5,36.5,3893,500,0,0,0.0,1,COM8
3,75485,37,rpm,726,358,36.5,36.5,3893,500,0,133,0.129,1,COM6
1,38984,37,rpm,1,1,36.5,36.5,3893,500,0,0,0.0,1,COM8
3,75505,37,rpm,633,358,36.5,36.5,3893,500,0,133,0.129,1,COM6
1,39004,37,rpm,1,1,36.5,36.5,3893,500,0,0,0.0,1,COM8
3,75526,37,rpm,455,358,36.5,36.5,3893,500,0,133,0.129,1,COM6
1,39025,37,rpm,1,1,36.5,36.5,3893,500,0,0,0.0,1,COM8
3,75546,37,rpm,322,358,36.5,36.5,3893,500,0,133,0.129,1,COM6
1,39045,37,rpm,1,1,36.5,36.5,3893,500,0,0,0.0,1,COM8
3,75567,37,rpm,265,358,36.5,36.5,3893,500,0,134,0.13,1,COM6
1,39066,37,rpm,1,1,36.5,36.5,3893,500,0,0,0.0,1,COM8
3,75588,37,rpm,46,358,36.5,36.5,3893,500,0,134,0.13,1,COM6
1,39086,37,rpm,1,1,36.5,36.5,3893,500,0,0,0.0,1,COM8
3,75608,37,rpm,16,358,36.5,36.5,3893,500,0,134,0.13,1,COM6
1,39106,37,rpm,1,1,36.5,36.5,3893,500,0,0,0.0,1,COM8
3,75629,37,rpm,11,358,36.5,36.5,3893,500,0,134,0.13,1,COM6
1,39127,37,rpm,1,1,36.5,36.5,3893,500,0,0,0.0,1,COM8
3,75649,37,rpm,30,358,36.5,36.5,3893,500,0,134,0.13,1,COM6
1,39147,37,rpm,1,1,36.5,36.5,3893,500,0,0,0.0,1,COM8
3,75670,37,rpm,192,358,36.5,36.5,3893,500,0,134,0.13,1,COM6
1,39168,37,rpm,1,1,36.5,36.5,3893,500,0,0,0.0,1,COM8
3,75690,37,rpm,560,358,36.5,36.5,3893,500,0,134,0.13,1,COM6
1,39188,37,rpm,0,1,36.5,36.5,3893,500,0,0,0.0,1,COM8
3,75711,37,rpm,786,358,36.5,36.5,3893,500,0,134,0.13,1,COM6
1,39209,37,rpm,1,1,36.5,36.5,3893,500,0,0,0.0,1,COM8
3,75731,37,rpm,794,358,36.5,36.5,3893,500,0,135,0.131,1,COM6
1,39229,37,rpm,1,1,36.5,36.5,3893,500,0,0,0.0,1,COM8
3,75752,37,rpm,705,358,36.5,36.5,3893,500,0,135,0.131,1,COM6
1,39250,37,rpm,1,1,36.5,36.5,3893,500,0,0,0.0,1,COM8
3,75773,37,rpm,528,358,36.5,36.5,3893,500,0,135,0.131,1,COM6
1,39270,37,rpm,1,1,36.5,36.5,3893,500,0,0,0.0,1,COM8
3,75793,37,rpm,367,358,36.5,36.5,3893,500,0,135,0.131,1,COM6
1,39291,37,rpm,1,1,36.5,36.5,3893,500,0,0,0.0,1,COM8
3,75814,37,rpm,263,358,36.5,36.5,3893,500,0,135,0.131,1,COM6
1,39311,37,rpm,1,1,36.5,36.5,3893,500,0,0,0.0,1,COM8
3,75834,37,rpm,128,358,36.5,36.5,3893,500,0,135,0.131,1,COM6
1,39331,37,rpm,1,1,36.5,36.5,3893,500,0,0,0.0,1,COM8
3,75855,37,rpm,23,358,36.5,36.5,3893,500,0,135,0.131,1,COM6
1,39352,37,rpm,1,1,36.5,36.5,3893,500,0,0,0.0,1,COM8
3,75876,37,rpm,11,358,36.5,36.5,3893,500,0,135,0.131,1,COM6
1,39372,37,rpm,1,1,36.5,36.5,3893,500,0,0,0.0,1,COM8
3,75896,37,rpm,14,358,36.5,36.5,3893,500,0,136,0.132,1,COM6
1,39393,37,rpm,1,1,36.5,36.5,3893,500,0,0,0.0,1,COM8
3,75917,37,rpm,79,358,36.5,36.5,3893,500,0,136,0.132,1,COM6
1,39413,37,rpm,1,1,36.5,36.5,3893,500,0,0,0.0,1,COM8
3,75937,37,rpm,422,358,36.5,36.5,3893,500,0,136,0.132,1,COM6
1,39434,37,rpm,0,1,36.5,36.5,3893,500,0,0,0.0,1,COM8
3,75958,37,rpm,618,358,36.5,36.5,3893,500,0,136,0.132,1,COM6
1,39454,37,rpm,0,1,36.5,36.5,3893,500,0,0,0.0,1,COM8
3,75978,37,rpm,724,358,36.5,36.5,3893,500,0,136,0.132,1,COM6
1,39475,37,rpm,1,1,36.5,36.5,3893,500,0,0,0.0,1,COM8
3,75999,37,rpm,747,358,36.5,36.5,3893,500,0,136,0.132,1,COM6
1,39495,37,rpm,1,1,36.5,36.5,3893,500,0,0,0.0,1,COM8
3,76020,37,rpm,623,358,36.5,36.5,3893,500,0,136,0.132,1,COM6
1,39515,37,rpm,1,1,36.5,36.5,3893,500,0,0,0.0,1,COM8
3,76040,37,rpm,485,358,36.5,36.5,3893,500,0,136,0.132,1,COM6
1,39536,37,rpm,1,1,36.5,36.5,3893,500,0,0,0.0,1,COM8
3,76061,37,rpm,374,358,36.5,36.5,3893,500,0,137,0.132,1,COM6
1,39556,37,rpm,1,1,36.5,36.5,3893,500,0,0,0.0,1,COM8
3,76081,37,rpm,247,358,36.5,36.5,3893,500,0,137,0.133,1,COM6
1,39577,37,rpm,1,1,36.5,36.5,3893,500,0,0,0.0,1,COM8
3,76102,37,rpm,32,357,36.5,36.5,3893,500,0,137,0.133,1,COM6
1,39597,37,rpm,1,1,36.5,36.5,3893,500,0,0,0.0,1,COM8
3,76122,37,rpm,15,357,36.5,36.5,3893,500,0,137,0.133,1,COM6
1,39618,37,rpm,1,1,36.5,36.5,3893,500,0,0,0.0,1,COM8
3,76143,37,rpm,14,357,36.5,36.5,3893,500,0,137,0.133,1,COM6
1,39638,37,rpm,1,1,36.5,36.5,3893,500,0,0,0.0,1,COM8
3,76164,37,rpm,51,357,36.5,36.5,3893,500,0,137,0.133,1,COM6
1,39659,37,rpm,1,1,36.5,36.5,3893,500,0,0,0.0,1,COM8
3,76184,37,rpm,341,357,36.5,36.5,3893,500,0,137,0.133,1,COM6
1,39679,37,rpm,1,1,36.5,36.5,3893,500,0,0,0.0,1,COM8
3,76205,37,rpm,611,357,36.5,36.5,3893,500,0,137,0.133,1,COM6
1,39700,37,rpm,1,1,36.5,36.5,3893,500,0,0,0.0,1,COM8
3,76225,37,rpm,713,357,36.5,36.5,3893,500,0,138,0.133,1,COM6
1,39720,37,rpm,1,1,36.5,36.5,3893,500,0,0,0.0,1,COM8
3,76246,37,rpm,717,357,36.5,36.5,3893,500,0,138,0.134,1,COM6
1,39740,37,rpm,1,1,36.5,36.5,3893,500,0,0,0.0,1,COM8
3,76266,37,rpm,674,357,36.5,36.5,3893,500,0,138,0.134,1,COM6
1,39761,37,rpm,1,1,36.5,36.5,3893,500,0,0,0.0,1,COM8
3,76287,37,rpm,561,357,36.5,36.5,3893,500,0,138,0.134,1,COM6
1,39781,37,rpm,1,1,36.5,36.5,3893,500,0,0,0.0,1,COM8
3,76307,37,rpm,448,357,36.5,36.5,3893,500,0,138,0.134,1,COM6
1,39802,37,rpm,1,1,36.5,36.5,3893,500,0,0,0.0,1,COM8
3,76328,37,rpm,350,357,36.5,36.5,3893,500,0,138,0.134,1,COM6
1,39822,37,rpm,1,1,36.5,36.5,3893,500,0,0,0.0,1,COM8
3,76348,37,rpm,91,357,36.5,36.5,3893,500,0,138,0.134,1,COM6
1,39842,37,rpm,1,1,36.5,36.5,3893,500,0,0,0.0,1,COM8
3,76369,37,rpm,16,357,36.5,36.5,3893,500,0,138,0.134,1,COM6
1,39863,37,rpm,1,1,36.5,36.5,3893,500,0,0,0.0,1,COM8
3,76390,37,rpm,11,357,36.5,36.5,3893,500,0,139,0.134,1,COM6
1,39883,37,rpm,1,1,36.5,36.5,3893,500,0,0,0.0,1,COM8
3,76410,37,rpm,26,357,36.5,36.5,3893,500,0,139,0.134,1,COM6
1,39904,37,rpm,1,1,36.5,36.5,3893,500,0,0,0.0,1,COM8
3,76431,37,rpm,166,357,36.5,36.5,3893,500,0,139,0.135,1,COM6
1,39924,37,rpm,1,1,36.5,36.5,3893,500,0,0,0.0,1,COM8
3,76451,37,rpm,506,357,36.5,36.5,3893,500,0,139,0.135,1,COM6
1,39945,37,rpm,0,1,36.5,36.5,3893,500,0,0,0.0,1,COM8
3,76472,37,rpm,652,357,36.5,36.5,3893,500,0,139,0.135,1,COM6
1,39965,37,rpm,1,1,36.5,36.5,3893,500,0,0,0.0,1,COM8
3,76492,37,rpm,703,357,36.5,36.5,3893,500,0,139,0.135,1,COM6
1,39986,37,rpm,1,1,36.5,36.5,3893,500,0,0,0.0,1,COM8
3,76513,37,rpm,662,357,36.5,36.5,3893,500,0,139,0.135,1,COM6
1,40006,37,rpm,1,1,36.5,36.5,3893,500,0,0,0.0,1,COM8
3,76533,37,rpm,581,357,36.5,36.5,3893,500,0,139,0.135,1,COM6
1,40027,37,rpm,1,1,36.5,36.5,3893,500,0,0,0.0,1,COM8
3,76554,37,rpm,469,357,36.5,36.5,3893,500,0,140,0.135,1,COM6
1,40047,37,rpm,1,1,36.5,36.5,3893,500,0,0,0.0,1,COM8
3,76575,37,rpm,386,357,36.5,36.5,3893,500,0,140,0.135,1,COM6
1,40068,37,rpm,1,1,36.5,36.5,3893,500,0,0,0.0,1,COM8
3,76595,37,rpm,187,357,36.5,36.5,3893,500,0,140,0.136,1,COM6
1,40088,37,rpm,1,1,36.5,36.5,3893,500,0,0,0.0,1,COM8
3,76616,37,rpm,27,357,36.5,36.5,3893,500,0,140,0.136,1,COM6
1,40108,37,rpm,1,1,36.5,36.5,3893,500,0,0,0.0,1,COM8
3,76636,37,rpm,14,357,36.5,36.5,3893,500,0,140,0.136,1,COM6
1,40129,37,rpm,1,1,36.5,36.5,3893,500,0,0,0.0,1,COM8
3,76657,37,rpm,16,357,36.5,36.5,3893,500,0,140,0.136,1,COM6
1,40149,37,rpm,1,1,36.5,36.5,3893,500,0,0,0.0,1,COM8
3,76677,37,rpm,67,357,36.5,36.5,3893,500,0,140,0.136,1,COM6
1,40170,37,rpm,1,1,36.5,36.5,3893,500,0,0,0.0,1,COM8
1,40190,37,rpm,1,1,36.5,36.5,3893,500,0,0,0.0,1,COM8
3,76698,37,rpm,320,357,36.5,36.5,3893,500,0,140,0.136,1,COM6
3,76719,37,rpm,575,357,36.5,36.5,3893,500,0,140,0.136,1,COM6
1,40211,37,rpm,0,1,36.5,36.5,3893,500,0,0,0.0,1,COM8
1,40231,37,rpm,1,1,36.5,36.5,3893,500,0,0,0.0,1,COM8
3,76739,37,rpm,781,357,36.5,36.5,3893,500,0,141,0.136,1,COM6
3,76760,37,rpm,769,357,36.5,36.5,3893,500,0,141,0.137,1,COM6
1,40251,37,rpm,1,1,36.5,36.5,3893,500,0,0,0.0,1,COM8
3,76780,37,rpm,689,357,36.5,36.5,3893,500,0,141,0.137,1,COM6
1,40272,37,rpm,1,1,36.5,36.5,3893,500,0,0,0.0,1,COM8
3,76801,37,rpm,537,357,36.5,36.5,3893,500,0,141,0.137,1,COM6
1,40292,37,rpm,1,1,36.5,36.5,3893,500,0,0,0.0,1,COM8
3,76821,37,rpm,374,357,36.5,36.5,3893,500,0,141,0.137,1,COM6
1,40313,37,rpm,1,1,36.5,36.5,3893,500,0,0,0.0,1,COM8
1,40333,37,rpm,1,1,36.5,36.5,3893,500,0,0,0.0,1,COM8
3,76842,37,rpm,311,357,36.5,36.5,3893,500,0,141,0.137,1,COM6
1,40354,37,rpm,1,1,36.5,36.5,3893,500,0,0,0.0,1,COM8
3,76863,37,rpm,126,357,36.5,36.5,3893,500,0,141,0.137,1,COM6
3,76883,37,rpm,22,357,36.5,36.5,3893,500,0,141,0.137,1,COM6
1,40374,37,rpm,1,1,36.5,36.5,3893,500,0,0,0.0,1,COM8
3,76904,37,rpm,12,357,36.5,36.5,3893,500,0,142,0.137,1,COM6
1,40395,37,rpm,1,1,36.5,36.5,3893,500,0,0,0.0,1,COM8
1,40415,37,rpm,1,1,36.5,36.5,3893,500,0,0,0.0,1,COM8
3,76924,37,rpm,16,357,36.5,36.5,3893,500,0,142,0.137,1,COM6
1,40435,37,rpm,1,1,36.5,36.5,3893,500,0,0,0.0,1,COM8
3,76945,37,rpm,81,357,36.5,36.5,3893,500,0,142,0.138,1,COM6
1,40456,37,rpm,1,1,36.5,36.5,3893,500,0,0,0.0,1,COM8
3,76965,37,rpm,346,357,36.5,36.5,3893,500,0,142,0.138,1,COM6
3,76986,37,rpm,588,357,36.5,36.5,3893,500,0,142,0.138,1,COM6
1,40476,37,rpm,0,1,36.5,36.5,3893,500,0,0,0.0,1,COM8
1,40497,37,rpm,1,1,36.5,36.5,3893,500,0,0,0.0,1,COM8
3,77006,37,rpm,759,357,36.5,36.5,3893,500,0,142,0.138,1,COM6
3,77027,37,rpm,717,357,36.5,36.5,3893,500,0,142,0.138,1,COM6
1,40517,37,rpm,1,1,36.5,36.5,3893,500,0,0,0.0,1,COM8
3,77047,37,rpm,635,357,36.5,36.5,3893,500,0,142,0.138,1,COM6
1,40537,37,rpm,1,1,36.5,36.5,3893,500,0,0,0.0,1,COM8
3,77068,37,rpm,469,357,36.5,36.5,3893,500,0,143,0.138,1,COM6
1,40558,37,rpm,1,1,36.5,36.5,3893,500,0,0,0.0,1,COM8
1,40578,37,rpm,1,1,36.5,36.5,3893,500,0,0,0.0,1,COM8
3,77088,37,rpm,347,357,36.5,36.5,3893,500,0,143,0.138,1,COM6
3,77109,37,rpm,286,357,36.5,36.5,3893,500,0,143,0.139,1,COM6
1,40599,37,rpm,1,1,36.5,36.5,3893,500,0,0,0.0,1,COM8
1,40619,37,rpm,1,1,36.5,36.5,3893,500,0,0,0.0,1,COM8
3,77129,37,rpm,43,357,36.5,36.5,3893,500,0,143,0.139,1,COM6
1,40640,37,rpm,1,1,36.5,36.5,3893,500,0,0,0.0,1,COM8
3,77150,37,rpm,16,357,36.5,36.5,3893,500,0,143,0.139,1,COM6
3,77171,37,rpm,12,357,36.5,36.5,3893,500,0,143,0.139,1,COM6
1,40660,37,rpm,1,1,36.5,36.5,3893,500,0,0,0.0,1,COM8
3,77191,37,rpm,33,357,36.5,36.5,3893,500,0,143,0.139,1,COM6
1,40681,37,rpm,1,1,36.5,36.5,3893,500,0,0,0.0,1,COM8
1,40701,37,rpm,1,1,36.5,36.5,3893,500,0,0,0.0,1,COM8
3,77212,37,rpm,207,357,36.5,36.5,3893,500,0,143,0.139,1,COM6
3,77232,37,rpm,575,357,36.5,36.5,3893,500,0,144,0.139,1,COM6
1,40722,37,rpm,0,1,36.5,36.5,3893,500,0,0,0.0,1,COM8
1,40742,37,rpm,1,1,36.5,36.5,3893,500,0,0,0.0,1,COM8
3,77253,37,rpm,797,357,36.5,36.5,3893,500,0,144,0.139,1,COM6
1,40762,37,rpm,1,1,36.5,36.5,3893,500,0,0,0.0,1,COM8
3,77273,37,rpm,804,357,36.5,36.5,3893,500,0,144,0.139,1,COM6
3,77294,37,rpm,714,357,36.5,36.5,3893,500,0,144,0.14,1,COM6
1,40783,37,rpm,1,1,36.5,36.5,3893,500,0,0,0.0,1,COM8
1,40803,37,rpm,1,1,36.5,36.5,3893,500,0,0,0.0,1,COM8
3,77314,37,rpm,539,357,36.5,36.5,3893,500,0,144,0.14,1,COM6
3,77335,37,rpm,376,357,36.5,36.5,3893,500,0,144,0.14,1,COM6
1,40824,37,rpm,1,1,36.5,36.5,3893,500,0,0,0.0,1,COM8
3,77356,37,rpm,265,357,36.5,36.5,3893,500,0,144,0.14,1,COM6
1,40844,37,rpm,1,1,36.5,36.5,3893,500,0,0,0.0,1,COM8
1,40865,37,rpm,1,1,36.5,36.5,3893,500,0,0,0.0,1,COM8
3,77376,37,rpm,143,357,36.5,36.5,3893,500,0,144,0.14,1,COM6
1,40885,37,rpm,1,1,36.5,36.5,3893,500,0,0,0.0,1,COM8
3,77397,37,rpm,25,357,36.5,36.5,3893,500,0,145,0.14,1,COM6
1,40906,37,rpm,1,1,36.5,36.5,3893,500,0,0,0.0,1,COM8
3,77417,37,rpm,12,357,36.5,36.5,3893,500,0,145,0.14,1,COM6
1,40926,37,rpm,1,1,36.5,36.5,3893,500,0,0,0.0,1,COM8
3,77438,37,rpm,13,357,36.5,36.5,3893,500,0,145,0.14,1,COM6
1,40946,37,rpm,1,1,36.5,36.5,3893,500,0,0,0.0,1,COM8
3,77458,37,rpm,70,357,36.5,36.5,3893,500,0,145,0.141,1,COM6
1,40967,37,rpm,1,1,36.5,36.5,3893,500,0,0,0.0,1,COM8
3,77479,37,rpm,404,357,36.5,36.5,3893,500,0,145,0.141,1,COM6
1,40987,37,rpm,1,1,36.5,36.5,3893,500,0,0,0.0,1,COM8
3,77499,37,rpm,611,357,36.5,36.5,3893,500,0,145,0.141,1,COM6
1,41008,37,rpm,1,1,36.5,36.5,3893,500,0,0,0.0,1,COM8
3,77520,37,rpm,722,357,36.5,36.5,3893,500,0,145,0.141,1,COM6
1,41028,37,rpm,1,1,36.5,36.5,3893,500,0,0,0.0,1,COM8
3,77541,37,rpm,746,357,36.5,36.5,3893,500,0,145,0.141,1,COM6
1,41049,37,rpm,1,1,36.5,36.5,3893,500,0,0,0.0,1,COM8
3,77561,37,rpm,631,357,36.5,36.5,3893,500,0,145,0.141,1,COM6
1,41069,37,rpm,1,1,36.5,36.5,3893,500,0,0,0.0,1,COM8
3,77582,37,rpm,487,357,36.5,36.5,3893,500,0,146,0.141,1,COM6
1,41090,37,rpm,1,1,36.5,36.5,3893,500,0,0,0.0,1,COM8
3,77602,37,rpm,365,357,36.5,36.5,3893,500,0,146,0.141,1,COM6
1,41110,37,rpm,1,1,36.5,36.5,3893,500,0,0,0.0,1,COM8
3,77623,37,rpm,257,357,36.5,36.5,3893,500,0,146,0.141,1,COM6
1,41131,37,rpm,1,1,36.5,36.5,3893,500,0,0,0.0,1,COM8
3,77643,37,rpm,33,357,36.5,36.5,3893,500,0,146,0.142,1,COM6
3,77664,37,rpm,16,357,36.5,36.5,3893,500,0,146,0.142,1,COM6
1,41151,37,rpm,1,1,36.5,36.5,3893,500,0,0,0.0,1,COM8
1,41171,37,rpm,1,1,36.5,36.5,3893,500,0,0,0.0,1,COM8
3,77684,37,rpm,14,357,36.5,36.5,3893,500,0,146,0.142,1,COM6
1,41192,37,rpm,1,1,36.5,36.5,3893,500,0,0,0.0,1,COM8
3,77705,37,rpm,48,357,36.5,36.5,3893,500,0,146,0.142,1,COM6
1,41212,37,rpm,1,1,36.5,36.5,3893,500,0,0,0.0,1,COM8
3,77726,37,rpm,335,357,36.5,36.5,3893,500,0,146,0.142,1,COM6
1,41233,37,rpm,0,1,36.5,36.5,3893,500,0,0,0.0,1,COM8
3,77746,37,rpm,612,357,36.5,36.5,3893,500,0,147,0.142,1,COM6
1,41253,37,rpm,0,1,36.5,36.5,3893,500,0,0,0.0,1,COM8
3,77767,37,rpm,713,357,36.5,36.5,3893,500,0,147,0.142,1,COM6
1,41274,37,rpm,1,1,36.5,36.5,3893,500,0,0,0.0,1,COM8
3,77787,37,rpm,720,357,36.5,36.5,3893,500,0,147,0.142,1,COM6
1,41294,37,rpm,1,1,36.5,36.5,3893,500,0,0,0.0,1,COM8
3,77808,37,rpm,675,357,36.5,36.5,3893,500,0,147,0.143,1,COM6
1,41315,37,rpm,1,1,36.5,36.5,3893,500,0,0,0.0,1,COM8
3,77828,37,rpm,565,357,36.5,36.5,3893,500,0,147,0.143,1,COM6
1,41335,37,rpm,1,1,36.5,36.5,3893,500,0,0,0.0,1,COM8
3,77849,37,rpm,454,357,36.5,36.5,3893,500,0,147,0.143,1,COM6
1,41355,37,rpm,1,1,36.5,36.5,3893,500,0,0,0.0,1,COM8
3,77869,37,rpm,359,357,36.5,36.5,3893,500,0,147,0.143,1,COM6
1,41376,37,rpm,1,1,36.5,36.5,3893,500,0,0,0.0,1,COM8
3,77890,37,rpm,120,357,36.5,36.5,3893,500,0,147,0.143,1,COM6
1,41396,37,rpm,1,1,36.5,36.5,3893,500,0,0,0.0,1,COM8
3,77911,37,rpm,22,357,36.5,36.5,3893,500,0,148,0.143,1,COM6
1,41417,37,rpm,1,1,36.5,36.5,3893,500,0,0,0.0,1,COM8
3,77931,37,rpm,13,357,36.5,36.5,3893,500,0,148,0.143,1,COM6
1,41437,37,rpm,1,1,36.5,36.5,3893,500,0,0,0.0,1,COM8
3,77952,37,rpm,23,357,36.5,36.5,3893,500,0,148,0.143,1,COM6
1,41458,37,rpm,1,1,36.5,36.5,3893,500,0,0,0.0,1,COM8
3,77972,37,rpm,139,357,36.5,36.5,3893,500,0,148,0.144,1,COM6
1,41478,37,rpm,1,1,36.5,36.5,3893,500,0,0,0.0,1,COM8
3,77993,37,rpm,484,357,36.5,36.5,3893,500,0,148,0.144,1,COM6
1,41499,37,rpm,1,1,36.5,36.5,3893,500,0,0,0.0,1,COM8
3,78013,37,rpm,639,357,36.5,36.5,3893,500,0,148,0.144,1,COM6
1,41519,37,rpm,1,1,36.5,36.5,3893,500,0,0,0.0,1,COM8
3,78034,37,rpm,697,357,36.5,36.5,3893,500,0,148,0.144,1,COM6
1,41540,37,rpm,1,1,36.5,36.5,3893,500,0,0,0.0,1,COM8
3,78054,37,rpm,659,357,36.5,36.5,3893,500,0,148,0.144,1,COM6
1,41560,37,rpm,1,1,36.5,36.5,3893,500,0,0,0.0,1,COM8
3,78075,37,rpm,588,357,36.5,36.5,3893,500,0,149,0.144,1,COM6
1,41580,37,rpm,1,1,36.5,36.5,3893,500,0,0,0.0,1,COM8
3,78095,37,rpm,471,357,36.5,36.5,3893,500,0,149,0.144,1,COM6
1,41601,37,rpm,1,1,36.5,36.5,3893,500,0,0,0.0,1,COM8
3,78116,37,rpm,387,357,36.5,36.5,3893,500,0,149,0.144,1,COM6
1,41621,37,rpm,1,1,36.5,36.5,3893,500,0,0,0.0,1,COM8
3,78137,37,rpm,210,357,36.5,36.5,3893,500,0,149,0.144,1,COM6
1,41642,37,rpm,1,1,36.5,36.5,3893,500,0,0,0.0,1,COM8
3,78157,37,rpm,29,357,36.5,36.5,3893,500,0,149,0.145,1,COM6
1,41662,37,rpm,1,1,36.5,36.5,3893,500,0,0,0.0,1,COM8
3,78178,37,rpm,14,357,36.5,36.5,3893,500,0,149,0.145,1,COM6
1,41683,37,rpm,1,1,36.5,36.5,3893,500,0,0,0.0,1,COM8
3,78198,37,rpm,14,357,36.5,36.5,3893,500,0,149,0.145,1,COM6
1,41703,37,rpm,1,1,36.5,36.5,3893,500,0,0,0.0,1,COM8
3,78219,37,rpm,61,357,36.5,36.5,3893,500,0,149,0.145,1,COM6
1,41724,37,rpm,1,1,36.5,36.5,3893,500,0,0,0.0,1,COM8
3,78239,37,rpm,303,357,36.5,36.5,3893,500,0,150,0.145,1,COM6
1,41744,37,rpm,1,1,36.5,36.5,3893,500,0,0,0.0,1,COM8
3,78260,37,rpm,626,357,36.5,36.5,3893,500,0,150,0.145,1,COM6
1,41765,37,rpm,0,1,36.5,36.5,3893,500,0,0,0.0,1,COM8
3,78281,37,rpm,819,357,36.5,36.5,3893,500,0,150,0.145,1,COM6
1,41785,37,rpm,1,1,36.5,36.5,3893,500,0,0,0.0,1,COM8
3,78301,37,rpm,783,357,36.5,36.5,3893,500,0,150,0.145,1,COM6
1,41805,37,rpm,1,1,36.5,36.5,3893,500,0,0,0.0,1,COM8
3,78322,37,rpm,697,357,36.5,36.5,3893,500,0,150,0.146,1,COM6
1,41826,37,rpm,1,1,36.5,36.5,3893,500,0,0,0.0,1,COM8
3,78342,37,rpm,536,357,36.5,36.5,3893,500,0,150,0.146,1,COM6
1,41846,37,rpm,1,1,36.5,36.5,3893,500,0,0,0.0,1,COM8
3,78363,37,rpm,370,357,36.5,36.5,3893,500,0,150,0.146,1,COM6
1,41867,37,rpm,1,1,36.5,36.5,3893,500,0,0,0.0,1,COM8
3,78383,37,rpm,277,357,36.5,36.5,3893,500,0,150,0.146,1,COM6
1,41887,37,rpm,1,1,36.5,36.5,3893,500,0,0,0.0,1,COM8
3,78404,37,rpm,145,357,36.5,36.5,3893,500,0,151,0.146,1,COM6
1,41908,37,rpm,1,1,36.5,36.5,3893,500,0,0,0.0,1,COM8
3,78424,37,rpm,25,357,36.5,36.5,3893,500,0,151,0.146,1,COM6
1,41928,37,rpm,1,1,36.5,36.5,3893,500,0,0,0.0,1,COM8
3,78445,37,rpm,12,357,36.5,36.5,3893,500,0,151,0.146,1,COM6
1,41948,37,rpm,1,1,36.5,36.5,3893,500,0,0,0.0,1,COM8
3,78466,37,rpm,14,357,36.5,36.5,3893,500,0,151,0.146,1,COM6
1,41969,37,rpm,1,1,36.5,36.5,3893,500,0,0,0.0,1,COM8
3,78486,37,rpm,68,357,36.5,36.5,3893,500,0,151,0.146,1,COM6
1,41989,37,rpm,1,1,36.5,36.5,3893,500,0,0,0.0,1,COM8
3,78507,37,rpm,317,357,36.5,36.5,3893,500,0,151,0.147,1,COM6
1,42010,37,rpm,0,1,36.5,36.5,3893,500,0,0,0.0,1,COM8
3,78527,37,rpm,618,357,36.5,36.5,3893,500,0,151,0.147,1,COM6
1,42030,37,rpm,0,1,36.5,36.5,3893,500,0,0,0.0,1,COM8
3,78548,37,rpm,769,357,36.5,36.5,3893,500,0,151,0.147,1,COM6
1,42051,37,rpm,1,1,36.5,36.5,3893,500,0,0,0.0,1,COM8
3,78568,37,rpm,726,357,36.5,36.5,3893,500,0,151,0.147,1,COM6
1,42071,37,rpm,1,1,36.5,36.5,3893,500,0,0,0.0,1,COM8
3,78589,37,rpm,643,357,36.5,36.5,3893,500,0,152,0.147,1,COM6
1,42092,37,rpm,1,1,36.5,36.5,3893,500,0,0,0.0,1,COM8
3,78609,37,rpm,472,357,36.5,36.5,3893,500,0,152,0.147,1,COM6
1,42112,37,rpm,1,1,36.5,36.5,3893,500,0,0,0.0,1,COM8
3,78630,37,rpm,329,357,36.5,36.5,3893,500,0,152,0.147,1,COM6
1,42132,37,rpm,1,1,36.5,36.5,3893,500,0,0,0.0,1,COM8
3,78651,37,rpm,274,357,36.5,36.5,3893,500,0,152,0.147,1,COM6
1,42153,37,rpm,1,1,36.5,36.5,3893,500,0,0,0.0,1,COM8
3,78671,37,rpm,62,357,36.5,36.5,3893,500,0,152,0.148,1,COM6
1,42173,37,rpm,1,1,36.5,36.5,3893,500,0,0,0.0,1,COM8
3,78692,37,rpm,16,357,36.5,36.5,3893,500,0,152,0.148,1,COM6
1,42194,37,rpm,1,1,36.5,36.5,3893,500,0,0,0.0,1,COM8
3,78712,37,rpm,12,357,36.5,36.5,3893,500,0,152,0.148,1,COM6
1,42214,37,rpm,1,1,36.5,36.5,3893,500,0,0,0.0,1,COM8
3,78733,37,rpm,26,357,36.5,36.5,3893,500,0,152,0.148,1,COM6
1,42235,37,rpm,1,1,36.5,36.5,3893,500,0,0,0.0,1,COM8
3,78754,37,rpm,173,357,36.5,36.5,3893,500,0,153,0.148,1,COM6
1,42255,37,rpm,1,1,36.5,36.5,3893,500,0,0,0.0,1,COM8
3,78774,37,rpm,536,357,36.5,36.5,3893,500,0,153,0.148,1,COM6
1,42276,37,rpm,0,1,36.5,36.5,3893,500,0,0,0.0,1,COM8
3,78795,37,rpm,779,357,36.5,36.5,3893,500,0,153,0.148,1,COM6
1,42296,37,rpm,1,1,36.5,36.5,3893,500,0,0,0.0,1,COM8
3,78815,37,rpm,804,357,36.5,36.5,3893,500,0,153,0.148,1,COM6
1,42317,37,rpm,1,1,36.5,36.5,3893,500,0,0,0.0,1,COM8
3,78836,37,rpm,716,357,36.5,36.5,3893,500,0,153,0.148,1,COM6
1,42337,37,rpm,1,1,36.5,36.5,3893,500,0,0,0.0,1,COM8
3,78856,37,rpm,548,357,36.5,36.5,3893,500,0,153,0.149,1,COM6
1,42357,37,rpm,1,1,36.5,36.5,3893,500,0,0,0.0,1,COM8
3,78877,37,rpm,383,356,36.5,36.5,3893,500,0,153,0.149,1,COM6
1,42378,37,rpm,1,1,36.5,36.5,3893,500,0,0,0.0,1,COM8
3,78898,37,rpm,268,356,36.5,36.5,3893,500,0,153,0.149,1,COM6
1,42398,37,rpm,1,1,36.5,36.5,3893,500,0,0,0.0,1,COM8
3,78918,37,rpm,149,356,36.5,36.5,3893,500,0,154,0.149,1,COM6
1,42419,37,rpm,1,1,36.5,36.5,3893,500,0,0,0.0,1,COM8
3,78939,37,rpm,25,356,36.5,36.5,3893,500,0,154,0.149,1,COM6
1,42439,37,rpm,1,1,36.5,36.5,3893,500,0,0,0.0,1,COM8
3,78959,37,rpm,12,356,36.5,36.5,3893,500,0,154,0.149,1,COM6
1,42460,37,rpm,1,1,36.5,36.5,3893,500,0,0,0.0,1,COM8
3,78980,37,rpm,13,356,36.5,36.5,3893,500,0,154,0.149,1,COM6
1,42480,37,rpm,1,1,36.5,36.5,3893,500,0,0,0.0,1,COM8
3,79000,37,rpm,66,356,36.5,36.5,3893,500,0,154,0.149,1,COM6
1,42500,37,rpm,1,1,36.5,36.5,3893,500,0,0,0.0,1,COM8
3,79021,37,rpm,376,356,36.5,36.5,3893,500,0,154,0.15,1,COM6
1,42521,37,rpm,0,1,36.5,36.5,3893,500,0,0,0.0,1,COM8
3,79041,37,rpm,609,356,36.5,36.5,3893,500,0,154,0.15,1,COM6
1,42541,37,rpm,0,1,36.5,36.5,3893,500,0,0,0.0,1,COM8
3,79062,37,rpm,701,356,36.5,36.5,3893,500,0,154,0.15,1,COM6
1,42562,37,rpm,1,1,36.5,36.5,3893,500,0,0,0.0,1,COM8
3,79083,37,rpm,738,356,36.5,36.5,3893,500,0,155,0.15,1,COM6
1,42582,37,rpm,1,1,36.5,36.5,3893,500,0,0,0.0,1,COM8
3,79103,37,rpm,641,356,36.5,36.5,3893,500,0,155,0.15,1,COM6
1,42603,37,rpm,1,1,36.5,36.5,3893,500,0,0,0.0,1,COM8
3,79124,37,rpm,504,356,36.5,36.5,3893,500,0,155,0.15,1,COM6
1,42623,37,rpm,1,1,36.5,36.5,3893,500,0,0,0.0,1,COM8
3,79144,37,rpm,386,356,36.5,36.5,3893,500,0,155,0.15,1,COM6
1,42644,37,rpm,1,1,36.5,36.5,3893,500,0,0,0.0,1,COM8
3,79165,37,rpm,280,356,36.5,36.5,3893,500,0,155,0.15,1,COM6
1,42664,37,rpm,1,1,36.5,36.5,3893,500,0,0,0.0,1,COM8
3,79185,37,rpm,35,356,36.5,36.5,3893,500,0,155,0.15,1,COM6
1,42685,37,rpm,1,1,36.5,36.5,3893,500,0,0,0.0,1,COM8
3,79206,37,rpm,16,356,36.5,36.5,3893,500,0,155,0.151,1,COM6
1,42705,37,rpm,1,1,36.5,36.5,3893,500,0,0,0.0,1,COM8
3,79227,37,rpm,13,356,36.5,36.5,3893,500,0,155,0.151,1,COM6
1,42726,37,rpm,1,1,36.5,36.5,3893,500,0,0,0.0,1,COM8
3,79247,37,rpm,41,356,36.5,36.5,3893,500,0,156,0.151,1,COM6
1,42746,37,rpm,1,1,36.5,36.5,3893,500,0,0,0.0,1,COM8
3,79268,37,rpm,297,356,36.5,36.5,3893,500,0,156,0.151,1,COM6
1,42766,37,rpm,1,1,36.5,36.5,3893,500,0,0,0.0,1,COM8
3,79288,37,rpm,609,356,36.5,36.5,3893,500,0,156,0.151,1,COM6
1,42787,37,rpm,1,1,36.5,36.5,3893,500,0,0,0.0,1,COM8
3,79309,37,rpm,699,356,36.5,36.5,3893,500,0,156,0.151,1,COM6
1,42807,37,rpm,1,1,36.5,36.5,3893,500,0,0,0.0,1,COM8
3,79329,37,rpm,721,356,36.5,36.5,3893,500,0,156,0.151,1,COM6
1,42828,37,rpm,1,1,36.5,36.5,3893,500,0,0,0.0,1,COM8
3,79350,37,rpm,675,356,36.5,36.5,3893,500,0,156,0.151,1,COM6
1,42848,37,rpm,1,1,36.5,36.5,3893,500,0,0,0.0,1,COM8
3,79370,37,rpm,570,356,36.5,36.5,3893,500,0,156,0.152,1,COM6
1,42869,37,rpm,1,1,36.5,36.5,3893,500,0,0,0.0,1,COM8
3,79391,37,rpm,459,356,36.5,36.5,3893,500,0,156,0.152,1,COM6
1,42889,37,rpm,1,1,36.5,36.5,3893,500,0,0,0.0,1,COM8
3,79412,37,rpm,363,356,36.5,36.5,3893,500,0,156,0.152,1,COM6
1,42909,37,rpm,1,1,36.5,36.5,3893,500,0,0,0.0,1,COM8
3,79432,37,rpm,125,356,36.5,36.5,3893,500,0,157,0.152,1,COM6
1,42930,37,rpm,1,1,36.5,36.5,3893,500,0,0,0.0,1,COM8
3,79453,37,rpm,22,356,36.5,36.5,3893,500,0,157,0.152,1,COM6
1,42950,37,rpm,1,1,36.5,36.5,3893,500,0,0,0.0,1,COM8
3,79473,37,rpm,13,356,36.5,36.5,3893,500,0,157,0.152,1,COM6
1,42971,37,rpm,1,1,36.5,36.5,3893,500,0,0,0.0,1,COM8
3,79494,37,rpm,23,356,36.5,36.5,3893,500,0,157,0.152,1,COM6
1,42991,37,rpm,1,1,36.5,36.5,3893,500,0,0,0.0,1,COM8
3,79514,37,rpm,140,356,36.5,36.5,3893,500,0,157,0.152,1,COM6
1,43012,37,rpm,1,1,36.5,36.5,3893,500,0,0,0.0,1,COM8
3,79535,37,rpm,480,356,36.5,36.5,3893,500,0,157,0.153,1,COM6
1,43032,37,rpm,0,1,36.5,36.5,3893,500,0,0,0.0,1,COM8
3,79556,37,rpm,632,356,36.5,36.5,3893,500,0,157,0.153,1,COM6
1,43053,37,rpm,1,1,36.5,36.5,3893,500,0,0,0.0,1,COM8
3,79576,37,rpm,697,356,36.5,36.5,3893,500,0,157,0.153,1,COM6
1,43073,37,rpm,1,1,36.5,36.5,3893,500,0,0,0.0,1,COM8
3,79597,37,rpm,666,356,36.5,36.5,3893,500,0,158,0.153,1,COM6
1,43094,37,rpm,1,1,36.5,36.5,3893,500,0,0,0.0,1,COM8
3,79617,37,rpm,590,356,36.5,36.5,3893,500,0,158,0.153,1,COM6
1,43114,37,rpm,1,1,36.5,36.5,3893,500,0,0,0.0,1,COM8
3,79638,37,rpm,474,356,36.5,36.5,3893,500,0,158,0.153,1,COM6
1,43135,37,rpm,1,1,36.5,36.5,3893,500,0,0,0.0,1,COM8
3,79659,37,rpm,391,356,36.5,36.5,3893,500,0,158,0.153,1,COM6
1,43155,37,rpm,1,1,36.5,36.5,3893,500,0,0,0.0,1,COM8
3,79679,37,rpm,216,356,36.5,36.5,3893,500,0,158,0.153,1,COM6
1,43175,37,rpm,1,1,36.5,36.5,3893,500,0,0,0.0,1,COM8
3,79700,37,rpm,29,356,36.5,36.5,3893,500,0,158,0.153,1,COM6
1,43196,37,rpm,1,1,36.5,36.5,3893,500,0,0,0.0,1,COM8
3,79720,37,rpm,14,356,36.5,36.5,3893,500,0,158,0.154,1,COM6
1,43216,37,rpm,1,1,36.5,36.5,3893,500,0,0,0.0,1,COM8
3,79741,37,rpm,14,356,36.5,36.5,3893,500,0,158,0.154,1,COM6
1,43237,37,rpm,1,1,36.5,36.5,3893,500,0,0,0.0,1,COM8
3,79761,37,rpm,55,356,36.5,36.5,3893,500,0,159,0.154,1,COM6
1,43257,37,rpm,1,1,36.5,36.5,3893,500,0,0,0.0,1,COM8
3,79782,37,rpm,289,356,36.5,36.5,3893,500,0,159,0.154,1,COM6
1,43278,37,rpm,1,1,36.5,36.5,3893,500,0,0,0.0,1,COM8
3,79803,37,rpm,553,356,36.5,36.5,3893,500,0,159,0.154,1,COM6
1,43298,37,rpm,0,1,36.5,36.5,3893,500,0,0,0.0,1,COM8
3,79823,37,rpm,769,356,36.5,36.5,3893,500,0,159,0.154,1,COM6
1,43318,37,rpm,1,1,36.5,36.5,3893,500,0,0,0.0,1,COM8
3,79844,37,rpm,778,356,36.5,36.5,3893,500,0,159,0.154,1,COM6
1,43339,37,rpm,1,1,36.5,36.5,3893,500,0,0,0.0,1,COM8
3,79864,37,rpm,691,356,36.5,36.5,3893,500,0,159,0.154,1,COM6
1,43359,37,rpm,1,1,36.5,36.5,3893,500,0,0,0.0,1,COM8
3,79885,37,rpm,557,356,36.5,36.5,3893,500,0,159,0.155,1,COM6
1,43380,37,rpm,1,1,36.5,36.5,3893,500,0,0,0.0,1,COM8
3,79906,37,rpm,383,356,36.5,36.5,3893,500,0,159,0.155,1,COM6
1,43400,37,rpm,1,1,36.5,36.5,3893,500,0,0,0.0,1,COM8
3,79926,37,rpm,316,356,36.5,36.5,3893,500,0,160,0.155,1,COM6
1,43421,37,rpm,1,1,36.5,36.5,3893,500,0,0,0.0,1,COM8
3,79947,37,rpm,149,356,36.5,36.5,3893,500,0,160,0.155,1,COM6
1,43441,37,rpm,1,1,36.5,36.5,3893,500,0,0,0.0,1,COM8
3,79967,37,rpm,24,356,36.5,36.5,3893,500,0,160,0.155,1,COM6
1,43462,37,rpm,1,1,36.5,36.5,3893,500,0,0,0.0,1,COM8
3,79988,37,rpm,12,356,36.5,36.5,3893,500,0,160,0.155,1,COM6
1,43482,37,rpm,1,1,36.5,36.5,3893,500,0,0,0.0,1,COM8
3,80008,37,rpm,14,356,36.5,36.5,3893,500,0,160,0.155,1,COM6
1,43502,37,rpm,1,1,36.5,36.5,3893,500,0,0,0.0,1,COM8
3,80029,37,rpm,68,356,36.5,36.5,3893,500,0,160,0.155,1,COM6
1,43523,37,rpm,1,1,36.5,36.5,3893,500,0,0,0.0,1,COM8
3,80050,37,rpm,318,356,36.5,36.5,3893,500,0,160,0.155,1,COM6
1,43543,37,rpm,1,1,36.5,36.5,3893,500,0,0,0.0,1,COM8
3,80070,37,rpm,562,356,36.5,36.5,3893,500,0,160,0.156,1,COM6
1,43564,37,rpm,0,1,36.5,36.5,3893,500,0,0,0.0,1,COM8
3,80091,37,rpm,748,356,36.5,36.5,3893,500,0,161,0.156,1,COM6
1,43584,37,rpm,1,1,36.5,36.5,3893,500,0,0,0.0,1,COM8
3,80111,37,rpm,726,356,36.5,36.5,3893,500,0,161,0.156,1,COM6
1,43605,37,rpm,1,1,36.5,36.5,3893,500,0,0,0.0,1,COM8
3,80132,37,rpm,649,356,36.5,36.5,3893,500,0,161,0.156,1,COM6
1,43625,37,rpm,1,1,36.5,36.5,3893,500,0,0,0.0,1,COM8
3,80152,37,rpm,485,356,36.5,36.5,3893,500,0,161,0.156,1,COM6
1,43646,37,rpm,1,1,36.5,36.5,3893,500,0,0,0.0,1,COM8
3,80173,37,rpm,355,356,36.5,36.5,3893,500,0,161,0.156,1,COM6
1,43666,37,rpm,1,1,36.5,36.5,3893,500,0,0,0.0,1,COM8
3,80194,37,rpm,294,356,36.5,36.5,3893,500,0,161,0.156,1,COM6
1,43687,37,rpm,1,1,36.5,36.5,3893,500,0,0,0.0,1,COM8
3,80214,37,rpm,58,356,36.5,36.5,3893,500,0,161,0.156,1,COM6
1,43707,37,rpm,1,1,36.5,36.5,3893,500,0,0,0.0,1,COM8
1,43727,37,rpm,1,1,36.5,36.5,3893,500,0,0,0.0,1,COM8
3,80235,37,rpm,17,356,36.5,36.5,3893,500,0,161,0.157,1,COM6
3,80255,37,rpm,12,356,36.5,36.5,3893,500,0,162,0.157,1,COM6
1,43748,37,rpm,1,1,36.5,36.5,3893,500,0,0,0.0,1,COM8
3,80276,37,rpm,29,356,36.5,36.5,3893,500,0,162,0.157,1,COM6
1,43768,37,rpm,1,1,36.5,36.5,3893,500,0,0,0.0,1,COM8
3,80296,37,rpm,186,356,36.5,36.5,3893,500,0,162,0.157,1,COM6
1,43789,37,rpm,1,1,36.5,36.5,3893,500,0,0,0.0,1,COM8
3,80317,37,rpm,547,356,36.5,36.5,3893,500,0,162,0.157,1,COM6
1,43809,37,rpm,0,1,36.5,36.5,3893,500,0,0,0.0,1,COM8
3,80337,37,rpm,783,356,36.5,36.5,3893,500,0,162,0.157,1,COM6
1,43830,37,rpm,1,1,36.5,36.5,3893,500,0,0,0.0,1,COM8
3,80358,37,rpm,805,356,36.5,36.5,3893,500,0,162,0.157,1,COM6
1,43850,37,rpm,1,1,36.5,36.5,3893,500,0,0,0.0,1,COM8
3,80379,37,rpm,711,356,36.5,36.5,3893,500,0,162,0.157,1,COM6
1,43871,37,rpm,1,1,36.5,36.5,3893,500,0,0,0.0,1,COM8
3,80399,37,rpm,547,356,36.5,36.5,3893,500,0,162,0.157,1,COM6
1,43891,37,rpm,1,1,36.5,36.5,3893,500,0,0,0.0,1,COM8
3,80420,37,rpm,384,356,36.5,36.5,3893,500,0,162,0.158,1,COM6
1,43911,37,rpm,1,1,36.5,36.5,3893,500,0,0,0.0,1,COM8
1,43932,37,rpm,1,1,36.5,36.5,3893,500,0,0,0.0,1,COM8
3,80440,37,rpm,269,356,36.5,36.5,3893,500,0,163,0.158,1,COM6
1,43952,37,rpm,1,1,36.5,36.5,3893,500,0,0,0.0,1,COM8
3,80461,37,rpm,155,356,36.5,36.5,3893,500,0,163,0.158,1,COM6
3,80481,37,rpm,26,356,36.5,36.5,3893,500,0,163,0.158,1,COM6
1,43973,37,rpm,1,1,36.5,36.5,3893,500,0,0,0.0,1,COM8
3,80502,37,rpm,12,356,36.5,36.5,3893,500,0,163,0.158,1,COM6
1,43993,37,rpm,1,1,36.5,36.5,3893,500,0,0,0.0,1,COM8
3,80522,37,rpm,13,356,36.5,36.5,3893,500,0,163,0.158,1,COM6
1,44014,37,rpm,1,1,36.5,36.5,3893,500,0,0,0.0,1,COM8
3,80543,37,rpm,64,356,36.5,36.5,3893,500,0,163,0.158,1,COM6
1,44034,37,rpm,1,1,36.5,36.5,3893,500,0,0,0.0,1,COM8
3,80563,37,rpm,378,356,36.5,36.5,3893,500,0,163,0.158,1,COM6
1,44055,37,rpm,1,1,36.5,36.5,3893,500,0,0,0.0,1,COM8
3,80584,37,rpm,604,356,36.5,36.5,3893,500,0,163,0.159,1,COM6
1,44075,37,rpm,1,1,36.5,36.5,3893,500,0,0,0.0,1,COM8
1,44096,37,rpm,1,1,36.5,36.5,3893,500,0,0,0.0,1,COM8
3,80605,37,rpm,706,356,36.5,36.5,3893,500,0,164,0.159,1,COM6
1,44116,37,rpm,1,1,36.5,36.5,3893,500,0,0,0.0,1,COM8
3,80625,37,rpm,743,356,36.5,36.5,3893,500,0,164,0.159,1,COM6
1,44136,37,rpm,1,1,36.5,36.5,3893,500,0,0,0.0,1,COM8
3,80646,37,rpm,639,356,36.5,36.5,3893,500,0,164,0.159,1,COM6
1,44157,37,rpm,1,1,36.5,36.5,3893,500,0,0,0.0,1,COM8
3,80666,37,rpm,500,356,36.5,36.5,3893,500,0,164,0.159,1,COM6
3,80687,37,rpm,379,356,36.5,36.5,3893,500,0,164,0.159,1,COM6
1,44177,37,rpm,1,1,36.5,36.5,3893,500,0,0,0.0,1,COM8
3,80707,37,rpm,279,356,36.5,36.5,3893,500,0,164,0.159,1,COM6
1,44198,37,rpm,1,1,36.5,36.5,3893,500,0,0,0.0,1,COM8
1,44218,37,rpm,1,1,36.5,36.5,3893,500,0,0,0.0,1,COM8
3,80728,37,rpm,35,356,36.5,36.5,3893,500,0,164,0.159,1,COM6
1,44238,37,rpm,1,1,36.5,36.5,3893,500,0,0,0.0,1,COM8
3,80749,37,rpm,16,356,36.5,36.5,3893,500,0,164,0.16,1,COM6
3,80769,37,rpm,13,356,36.5,36.5,3893,500,0,165,0.16,1,COM6
1,44259,37,rpm,1,1,36.5,36.5,3893,500,0,0,0.0,1,COM8
1,44279,37,rpm,1,1,36.5,36.5,3893,500,0,0,0.0,1,COM8
3,80790,37,rpm,44,356,36.5,36.5,3893,500,0,165,0.16,1,COM6
1,44300,37,rpm,1,1,36.5,36.5,3893,500,0,0,0.0,1,COM8
3,80810,37,rpm,307,356,36.5,36.5,3893,500,0,165,0.16,1,COM6
1,44320,37,rpm,0,1,36.5,36.5,3893,500,0,0,0.0,1,COM8
3,80831,37,rpm,604,356,36.5,36.5,3893,500,0,165,0.16,1,COM6
1,44341,37,rpm,1,1,36.5,36.5,3893,500,0,0,0.0,1,COM8
3,80851,37,rpm,701,356,36.5,36.5,3893,500,0,165,0.16,1,COM6
1,44361,37,rpm,1,1,36.5,36.5,3893,500,0,0,0.0,1,COM8
3,80872,37,rpm,713,356,36.5,36.5,3893,500,0,165,0.16,1,COM6
1,44382,37,rpm,1,1,36.5,36.5,3893,500,0,0,0.0,1,COM8
3,80893,37,rpm,675,356,36.5,36.5,3893,500,0,165,0.16,1,COM6
1,44402,37,rpm,1,1,36.5,36.5,3893,500,0,0,0.0,1,COM8
3,80913,37,rpm,570,356,36.5,36.5,3893,500,0,165,0.16,1,COM6
1,44423,37,rpm,1,1,36.5,36.5,3893,500,0,0,0.0,1,COM8
3,80934,37,rpm,457,356,36.5,36.5,3893,500,0,166,0.161,1,COM6
3,80954,37,rpm,357,356,36.5,36.5,3893,500,0,166,0.161,1,COM6
1,44443,37,rpm,1,1,36.5,36.5,3893,500,0,0,0.0,1,COM8
1,44464,37,rpm,1,1,36.5,36.5,3893,500,0,0,0.0,1,COM8
3,80975,37,rpm,135,356,36.5,36.5,3893,500,0,166,0.161,1,COM6
1,44484,37,rpm,1,1,36.5,36.5,3893,500,0,0,0.0,1,COM8
3,80995,37,rpm,23,356,36.5,36.5,3893,500,0,166,0.161,1,COM6
1,44504,37,rpm,1,1,36.5,36.5,3893,500,0,0,0.0,1,COM8
3,81016,37,rpm,13,356,36.5,36.5,3893,500,0,166,0.161,1,COM6
1,44525,37,rpm,1,1,36.5,36.5,3893,500,0,0,0.0,1,COM8
3,81036,37,rpm,22,356,36.5,36.5,3893,500,0,166,0.161,1,COM6
1,44545,37,rpm,1,1,36.5,36.5,3893,500,0,0,0.0,1,COM8
3,81057,37,rpm,134,356,36.5,36.5,3893,500,0,166,0.161,1,COM6
1,44566,37,rpm,1,1,36.5,36.5,3893,500,0,0,0.0,1,COM8
3,81077,37,rpm,472,356,36.5,36.5,3893,500,0,166,0.161,1,COM6
1,44586,37,rpm,0,1,36.5,36.5,3893,500,0,0,0.0,1,COM8
3,81098,37,rpm,637,356,36.5,36.5,3893,500,0,167,0.162,1,COM6
1,44607,37,rpm,1,1,36.5,36.5,3893,500,0,0,0.0,1,COM8
3,81118,37,rpm,695,356,36.5,36.5,3893,500,0,167,0.162,1,COM6
1,44627,37,rpm,1,1,36.5,36.5,3893,500,0,0,0.0,1,COM8
3,81139,37,rpm,666,356,36.5,36.5,3893,500,0,167,0.162,1,COM6
1,44647,37,rpm,1,1,36.5,36.5,3893,500,0,0,0.0,1,COM8
3,81159,37,rpm,593,356,36.5,36.5,3893,500,0,167,0.162,1,COM6
1,44668,37,rpm,1,1,36.5,36.5,3893,500,0,0,0.0,1,COM8
3,81180,37,rpm,486,356,36.5,36.5,3893,500,0,167,0.162,1,COM6
1,44688,37,rpm,1,1,36.5,36.5,3893,500,0,0,0.0,1,COM8
3,81201,37,rpm,381,356,36.5,36.5,3893,500,0,167,0.162,1,COM6
1,44709,37,rpm,1,1,36.5,36.5,3893,500,0,0,0.0,1,COM8
3,81221,37,rpm,233,356,36.5,36.5,3893,500,0,167,0.162,1,COM6
1,44729,37,rpm,1,1,36.5,36.5,3893,500,0,0,0.0,1,COM8
3,81242,37,rpm,29,356,36.5,36.5,3893,500,0,167,0.162,1,COM6
1,44750,37,rpm,1,1,36.5,36.5,3893,500,0,0,0.0,1,COM8
3,81262,37,rpm,15,356,36.5,36.5,3893,500,0,167,0.162,1,COM6
1,44770,37,rpm,1,1,36.5,36.5,3893,500,0,0,0.0,1,COM8
3,81283,37,rpm,14,356,36.5,36.5,3893,500,0,168,0.163,1,COM6
1,44790,37,rpm,1,1,36.5,36.5,3893,500,0,0,0.0,1,COM8
3,81304,37,rpm,53,356,36.5,36.5,3893,500,0,168,0.163,1,COM6
1,44811,37,rpm,1,1,36.5,36.5,3893,500,0,0,0.0,1,COM8
3,81324,37,rpm,283,356,36.5,36.5,3893,500,0,168,0.163,1,COM6
1,44831,37,rpm,1,1,36.5,36.5,3893,500,0,0,0.0,1,COM8
3,81345,37,rpm,607,356,36.5,36.5,3893,500,0,168,0.163,1,COM6
1,44852,37,rpm,1,1,36.5,36.5,3893,500,0,0,0.0,1,COM8
3,81365,37,rpm,802,356,36.5,36.5,3893,500,0,168,0.163,1,COM6
1,44872,37,rpm,1,1,36.5,36.5,3893,500,0,0,0.0,1,COM8
3,81386,37,rpm,787,356,36.5,36.5,3893,500,0,168,0.163,1,COM6
1,44893,37,rpm,1,1,36.5,36.5,3893,500,0,0,0.0,1,COM8
3,81406,37,rpm,689,356,36.5,36.5,3893,500,0,168,0.163,1,COM6
1,44913,37,rpm,1,1,36.5,36.5,3893,500,0,0,0.0,1,COM8
3,81427,37,rpm,540,356,36.5,36.5,3893,500,0,168,0.163,1,COM6
1,44934,37,rpm,1,1,36.5,36.5,3893,500,0,0,0.0,1,COM8
3,81447,37,rpm,371,356,36.5,36.5,3893,500,0,169,0.164,1,COM6
1,44954,37,rpm,1,1,36.5,36.5,3893,500,0,0,0.0,1,COM8
3,81468,37,rpm,283,356,36.5,36.5,3893,500,0,169,0.164,1,COM6
1,44975,37,rpm,1,1,36.5,36.5,3893,500,0,0,0.0,1,COM8
3,81489,37,rpm,162,356,36.5,36.5,3893,500,0,169,0.164,1,COM6
1,44995,37,rpm,1,1,36.5,36.5,3893,500,0,0,0.0,1,COM8
3,81509,37,rpm,24,356,36.5,36.5,3893,500,0,169,0.164,1,COM6
1,45016,37,rpm,1,1,36.5,36.5,3893,500,0,0,0.0,1,COM8
3,81530,37,rpm,12,356,36.5,36.5,3893,500,0,169,0.164,1,COM6
1,45036,37,rpm,1,1,36.5,36.5,3893,500,0,0,0.0,1,COM8
3,81550,37,rpm,14,356,36.5,36.5,3893,500,0,169,0.164,1,COM6
1,45056,37,rpm,1,1,36.5,36.5,3893,500,0,0,0.0,1,COM8
3,81571,37,rpm,68,356,36.5,36.5,3893,500,0,169,0.164,1,COM6
1,45077,37,rpm,1,1,36.5,36.5,3893,500,0,0,0.0,1,COM8
3,81592,37,rpm,317,356,36.5,36.5,3893,500,0,169,0.164,1,COM6
1,45097,37,rpm,0,1,36.5,36.5,3893,500,0,0,0.0,1,COM8
3,81612,37,rpm,601,356,36.5,36.5,3893,500,0,170,0.164,1,COM6
1,45118,37,rpm,0,1,36.5,36.5,3893,500,0,0,0.0,1,COM8
3,81633,37,rpm,768,356,36.5,36.5,3893,500,0,170,0.165,1,COM6
1,45138,37,rpm,1,1,36.5,36.5,3893,500,0,0,0.0,1,COM8
3,81653,37,rpm,723,356,36.5,36.5,3893,500,0,170,0.165,1,COM6
1,45159,37,rpm,1,1,36.5,36.5,3893,500,0,0,0.0,1,COM8
3,81674,37,rpm,647,356,36.5,36.5,3893,500,0,170,0.165,1,COM6
1,45179,37,rpm,1,1,36.5,36.5,3893,500,0,0,0.0,1,COM8
3,81694,37,rpm,471,356,36.5,36.5,3893,500,0,170,0.165,1,COM6
1,45200,37,rpm,1,1,36.5,36.5,3893,500,0,0,0.0,1,COM8
3,81715,37,rpm,330,356,36.5,36.5,3893,500,0,170,0.165,1,COM6
1,45220,37,rpm,1,1,36.5,36.5,3893,500,0,0,0.0,1,COM8
3,81736,37,rpm,280,356,36.5,36.5,3893,500,0,170,0.165,1,COM6
1,45240,37,rpm,1,1,36.5,36.5,3893,500,0,0,0.0,1,COM8
3,81756,37,rpm,66,356,36.5,36.5,3893,500,0,170,0.165,1,COM6
1,45261,37,rpm,1,1,36.5,36.5,3893,500,0,0,0.0,1,COM8
3,81777,37,rpm,17,356,36.5,36.5,3893,500,0,171,0.165,1,COM6
1,45281,37,rpm,1,1,36.5,36.5,3893,500,0,0,0.0,1,COM8
3,81797,37,rpm,11,356,36.5,36.5,3893,500,0,171,0.166,1,COM6
1,45302,37,rpm,1,1,36.5,36.5,3893,500,0,0,0.0,1,COM8
3,81818,37,rpm,25,356,36.5,36.5,3893,500,0,171,0.166,1,COM6
1,45322,37,rpm,1,1,36.5,36.5,3893,500,0,0,0.0,1,COM8
3,81838,37,rpm,162,356,36.5,36.5,3893,500,0,171,0.166,1,COM6
1,45343,37,rpm,1,1,36.5,36.5,3893,500,0,0,0.0,1,COM8
3,81859,37,rpm,538,356,36.5,36.5,3893,500,0,171,0.166,1,COM6
1,45363,37,rpm,0,1,36.5,36.5,3893,500,0,0,0.0,1,COM8
3,81879,37,rpm,789,356,36.5,36.5,3893,500,0,171,0.166,1,COM6
1,45383,37,rpm,1,1,36.5,36.5,3893,500,0,0,0.0,1,COM8
3,81900,37,rpm,811,356,36.5,36.5,3893,500,0,171,0.166,1,COM6
1,45404,37,rpm,1,1,36.5,36.5,3893,500,0,0,0.0,1,COM8
3,81921,37,rpm,717,356,36.5,36.5,3893,500,0,171,0.166,1,COM6
1,45424,37,rpm,1,1,36.5,36.5,3893,500,0,0,0.0,1,COM8
3,81941,37,rpm,551,356,36.5,36.5,3893,500,0,172,0.166,1,COM6
1,45445,37,rpm,1,1,36.5,36.5,3893,500,0,0,0.0,1,COM8
3,81962,37,rpm,389,356,36.5,36.5,3893,500,0,172,0.166,1,COM6
1,45465,37,rpm,1,1,36.5,36.5,3893,500,0,0,0.0,1,COM8
3,81982,37,rpm,272,356,36.5,36.5,3893,500,0,172,0.167,1,COM6
1,45486,37,rpm,1,1,36.5,36.5,3893,500,0,0,0.0,1,COM8
3,82003,37,rpm,162,356,36.5,36.5,3893,500,0,172,0.167,1,COM6
1,45506,37,rpm,1,1,36.5,36.5,3893,500,0,0,0.0,1,COM8
3,82023,37,rpm,27,356,36.5,36.5,3893,500,0,172,0.167,1,COM6
1,45527,37,rpm,1,1,36.5,36.5,3893,500,0,0,0.0,1,COM8
3,82044,37,rpm,12,356,36.5,36.5,3893,500,0,172,0.167,1,COM6
1,45547,37,rpm,1,1,36.5,36.5,3893,500,0,0,0.0,1,COM8
3,82065,37,rpm,12,356,36.5,36.5,3893,500,0,172,0.167,1,COM6
1,45568,37,rpm,1,1,36.5,36.5,3893,500,0,0,0.0,1,COM8
3,82085,37,rpm,57,356,36.5,36.5,3893,500,0,172,0.167,1,COM6
1,45588,37,rpm,1,1,36.5,36.5,3893,500,0,0,0.0,1,COM8
3,82106,37,rpm,351,356,36.5,36.5,3893,500,0,172,0.167,1,COM6
1,45608,37,rpm,0,1,36.5,36.5,3893,500,0,0,0.0,1,COM8
3,82126,37,rpm,596,356,36.5,36.5,3893,500,0,173,0.167,1,COM6
1,45629,37,rpm,1,1,36.5,36.5,3893,500,0,0,0.0,1,COM8
3,82147,37,rpm,690,356,36.5,36.5,3893,500,0,173,0.168,1,COM6
1,45649,37,rpm,1,1,36.5,36.5,3893,500,0,0,0.0,1,COM8
3,82167,37,rpm,730,356,36.5,36.5,3893,500,0,173,0.168,1,COM6
1,45670,37,rpm,1,1,36.5,36.5,3893,500,0,0,0.0,1,COM8
3,82188,37,rpm,651,356,36.5,36.5,3893,500,0,173,0.168,1,COM6
1,45690,37,rpm,1,1,36.5,36.5,3893,500,0,0,0.0,1,COM8
3,82209,37,rpm,509,356,36.5,36.5,3893,500,0,173,0.168,1,COM6
1,45711,37,rpm,1,1,36.5,36.5,3893,500,0,0,0.0,1,COM8
3,82229,37,rpm,387,356,36.5,36.5,3893,500,0,173,0.168,1,COM6
1,45731,37,rpm,1,1,36.5,36.5,3893,500,0,0,0.0,1,COM8
3,82250,37,rpm,285,356,36.5,36.5,3893,500,0,173,0.168,1,COM6
1,45752,37,rpm,1,1,36.5,36.5,3893,500,0,0,0.0,1,COM8
3,82270,37,rpm,38,356,36.5,36.5,3893,500,0,173,0.168,1,COM6
1,45772,37,rpm,1,1,36.5,36.5,3893,500,0,0,0.0,1,COM8
3,82291,37,rpm,16,356,36.5,36.5,3893,500,0,174,0.168,1,COM6
1,45793,37,rpm,1,1,36.5,36.5,3893,500,0,0,0.0,1,COM8
3,82311,37,rpm,13,356,36.5,36.5,3893,500,0,174,0.168,1,COM6
1,45813,37,rpm,1,1,36.5,36.5,3893,500,0,0,0.0,1,COM8
3,82332,37,rpm,38,356,36.5,36.5,3893,500,0,174,0.169,1,COM6
1,45833,37,rpm,1,1,36.5,36.5,3893,500,0,0,0.0,1,COM8
3,82352,37,rpm,282,356,36.5,36.5,3893,500,0,174,0.169,1,COM6
1,45854,37,rpm,1,1,36.5,36.5,3893,500,0,0,0.0,1,COM8
3,82373,37,rpm,606,356,36.5,36.5,3893,500,0,174,0.169,1,COM6
1,45874,37,rpm,0,1,36.5,36.5,3893,500,0,0,0.0,1,COM8
3,82394,37,rpm,699,356,36.5,36.5,3893,500,0,174,0.169,1,COM6
1,45895,37,rpm,1,1,36.5,36.5,3893,500,0,0,0.0,1,COM8
3,82414,37,rpm,718,356,36.5,36.5,3893,500,0,174,0.169,1,COM6
1,45915,37,rpm,1,1,36.5,36.5,3893,500,0,0,0.0,1,COM8
3,82435,37,rpm,685,356,36.5,36.5,3893,500,0,174,0.169,1,COM6
1,45936,37,rpm,1,1,36.5,36.5,3893,500,0,0,0.0,1,COM8
3,82455,37,rpm,576,356,36.5,36.5,3893,500,0,175,0.169,1,COM6
1,45956,37,rpm,1,1,36.5,36.5,3893,500,0,0,0.0,1,COM8
3,82476,37,rpm,463,356,36.5,36.5,3893,500,0,175,0.169,1,COM6
1,45977,37,rpm,1,1,36.5,36.5,3893,500,0,0,0.0,1,COM8
3,82496,37,rpm,369,356,36.5,36.5,3893,500,0,175,0.17,1,COM6
1,45997,37,rpm,1,1,36.5,36.5,3893,500,0,0,0.0,1,COM8
3,82517,37,rpm,141,356,36.5,36.5,3893,500,0,175,0.17,1,COM6
1,46017,37,rpm,1,1,36.5,36.5,3893,500,0,0,0.0,1,COM8
3,82537,37,rpm,23,356,36.5,36.5,3893,500,0,175,0.17,1,COM6
1,46038,37,rpm,1,1,36.5,36.5,3893,500,0,0,0.0,1,COM8
3,82558,37,rpm,13,356,36.5,36.5,3893,500,0,175,0.17,1,COM6
1,46058,37,rpm,1,1,36.5,36.5,3893,500,0,0,0.0,1,COM8
3,82579,37,rpm,21,356,36.5,36.5,3893,500,0,175,0.17,1,COM6
1,46079,37,rpm,1,1,36.5,36.5,3893,500,0,0,0.0,1,COM8
3,82599,37,rpm,119,356,36.5,36.5,3893,500,0,175,0.17,1,COM6
1,46099,37,rpm,1,1,36.5,36.5,3893,500,0,0,0.0,1,COM8
3,82620,37,rpm,456,356,36.5,36.5,3893,500,0,176,0.17,1,COM6
1,46120,37,rpm,0,1,36.5,36.5,3893,500,0,0,0.0,1,COM8
3,82640,37,rpm,630,356,36.5,36.5,3893,500,0,176,0.17,1,COM6
1,46140,37,rpm,1,1,36.5,36.5,3893,500,0,0,0.0,1,COM8
3,82661,37,rpm,696,356,36.5,36.5,3893,500,0,176,0.171,1,COM6
1,46161,37,rpm,1,1,36.5,36.5,3893,500,0,0,0.0,1,COM8
3,82681,37,rpm,674,356,36.5,36.5,3893,500,0,176,0.171,1,COM6
1,46181,37,rpm,1,1,36.5,36.5,3893,500,0,0,0.0,1,COM8
3,82702,37,rpm,590,356,36.5,36.5,3893,500,0,176,0.171,1,COM6
1,46202,37,rpm,1,1,36.5,36.5,3893,500,0,0,0.0,1,COM8
3,82723,37,rpm,479,356,36.5,36.5,3893,500,0,176,0.171,1,COM6
1,46222,37,rpm,1,1,36.5,36.5,3893,500,0,0,0.0,1,COM8
3,82743,37,rpm,397,356,36.5,36.5,3893,500,0,176,0.171,1,COM6
1,46243,37,rpm,1,1,36.5,36.5,3893,500,0,0,0.0,1,COM8
3,82764,37,rpm,238,356,36.5,36.5,3893,500,0,176,0.171,1,COM6
1,46263,37,rpm,1,1,36.5,36.5,3893,500,0,0,0.0,1,COM8
3,82784,37,rpm,30,356,36.5,36.5,3893,500,0,177,0.171,1,COM6
1,46283,37,rpm,1,1,36.5,36.5,3893,500,0,0,0.0,1,COM8
3,82805,37,rpm,14,356,36.5,36.5,3893,500,0,177,0.171,1,COM6
1,46304,37,rpm,1,1,36.5,36.5,3893,500,0,0,0.0,1,COM8
3,82825,37,rpm,13,356,36.5,36.5,3893,500,0,177,0.171,1,COM6
1,46324,37,rpm,1,1,36.5,36.5,3893,500,0,0,0.0,1,COM8
3,82846,37,rpm,47,356,36.5,36.5,3893,500,0,177,0.172,1,COM6
1,46345,37,rpm,1,1,36.5,36.5,3893,500,0,0,0.0,1,COM8
3,82866,37,rpm,260,356,36.5,36.5,3893,500,0,177,0.172,1,COM6
1,46365,37,rpm,1,1,36.5,36.5,3893,500,0,0,0.0,1,COM8
3,82887,37,rpm,541,356,36.5,36.5,3893,500,0,177,0.172,1,COM6
1,46386,37,rpm,0,1,36.5,36.5,3893,500,0,0,0.0,1,COM8
3,82907,37,rpm,767,356,36.5,36.5,3893,500,0,177,0.172,1,COM6
1,46406,37,rpm,1,1,36.5,36.5,3893,500,0,0,0.0,1,COM8
3,82928,37,rpm,794,356,36.5,36.5,3893,500,0,177,0.172,1,COM6
1,46426,37,rpm,1,1,36.5,36.5,3893,500,0,0,0.0,1,COM8
3,82948,37,rpm,714,356,36.5,36.5,3893,500,0,177,0.172,1,COM6
1,46447,37,rpm,1,1,36.5,36.5,3893,500,0,0,0.0,1,COM8
3,82969,37,rpm,563,356,36.5,36.5,3893,500,0,178,0.172,1,COM6
1,46467,37,rpm,1,1,36.5,36.5,3893,500,0,0,0.0,1,COM8
3,82989,37,rpm,396,356,36.5,36.5,3893,500,0,178,0.172,1,COM6
1,46488,37,rpm,1,1,36.5,36.5,3893,500,0,0,0.0,1,COM8
3,83010,37,rpm,306,356,36.5,36.5,3893,500,0,178,0.173,1,COM6
1,46508,37,rpm,1,1,36.5,36.5,3893,500,0,0,0.0,1,COM8
3,83031,37,rpm,176,356,36.5,36.5,3893,500,0,178,0.173,1,COM6
1,46529,37,rpm,1,1,36.5,36.5,3893,500,0,0,0.0,1,COM8
3,83051,37,rpm,27,356,36.5,36.5,3893,500,0,178,0.173,1,COM6
1,46549,37,rpm,1,1,36.5,36.5,3893,500,0,0,0.0,1,COM8
3,83072,37,rpm,12,356,36.5,36.5,3893,500,0,178,0.173,1,COM6
1,46570,37,rpm,1,1,36.5,36.5,3893,500,0,0,0.0,1,COM8
3,83092,37,rpm,12,356,36.5,36.5,3893,500,0,178,0.173,1,COM6
1,46590,37,rpm,1,1,36.5,36.5,3893,500,0,0,0.0,1,COM8
3,83113,37,rpm,54,356,36.5,36.5,3893,500,0,178,0.173,1,COM6
1,46611,37,rpm,1,1,36.5,36.5,3893,500,0,0,0.0,1,COM8
3,83133,37,rpm,282,356,36.5,36.5,3893,500,0,179,0.173,1,COM6
1,46631,37,rpm,1,1,36.5,36.5,3893,500,0,0,0.0,1,COM8
3,83154,37,rpm,548,356,36.5,36.5,3893,500,0,179,0.173,1,COM6
1,46651,37,rpm,1,1,36.5,36.5,3893,500,0,0,0.0,1,COM8
3,83175,37,rpm,747,356,36.5,36.5,3893,500,0,179,0.173,1,COM6
1,46672,37,rpm,1,1,36.5,36.5,3893,500,0,0,0.0,1,COM8
3,83195,37,rpm,741,356,36.5,36.5,3893,500,0,179,0.174,1,COM6
1,46692,37,rpm,1,1,36.5,36.5,3893,500,0,0,0.0,1,COM8
3,83216,37,rpm,667,356,36.5,36.5,3893,500,0,179,0.174,1,COM6
1,46713,37,rpm,1,1,36.5,36.5,3893,500,0,0,0.0,1,COM8
3,83236,37,rpm,499,356,36.5,36.5,3893,500,0,179,0.174,1,COM6
1,46733,37,rpm,1,1,36.5,36.5,3893,500,0,0,0.0,1,COM8
3,83257,37,rpm,355,356,36.5,36.5,3893,500,0,179,0.174,1,COM6
1,46753,37,rpm,1,1,36.5,36.5,3893,500,0,0,0.0,1,COM8
3,83277,37,rpm,288,356,36.5,36.5,3893,500,0,179,0.174,1,COM6
1,46774,37,rpm,1,1,36.5,36.5,3893,500,0,0,0.0,1,COM8
3,83298,37,rpm,83,356,36.5,36.5,3893,500,0,180,0.174,1,COM6
1,46794,37,rpm,1,1,36.5,36.5,3893,500,0,0,0.0,1,COM8
3,83319,37,rpm,18,356,36.5,36.5,3893,500,0,180,0.174,1,COM6
1,46815,37,rpm,1,1,36.5,36.5,3893,500,0,0,0.0,1,COM8
3,83339,37,rpm,12,356,36.5,36.5,3893,500,0,180,0.174,1,COM6
1,46835,37,rpm,1,1,36.5,36.5,3893,500,0,0,0.0,1,COM8
3,83360,37,rpm,22,356,36.5,36.5,3893,500,0,180,0.175,1,COM6
1,46856,37,rpm,1,1,36.5,36.5,3893,500,0,0,0.0,1,COM8
3,83380,37,rpm,142,356,36.5,36.5,3893,500,0,180,0.175,1,COM6
1,46876,37,rpm,1,1,36.5,36.5,3893,500,0,0,0.0,1,COM8
3,83401,37,rpm,495,356,36.5,36.5,3893,500,0,180,0.175,1,COM6
1,46897,37,rpm,0,1,36.5,36.5,3893,500,0,0,0.0,1,COM8
3,83421,37,rpm,764,356,36.5,36.5,3893,500,0,180,0.175,1,COM6
1,46917,37,rpm,0,1,36.5,36.5,3893,500,0,0,0.0,1,COM8
3,83442,37,rpm,805,356,36.5,36.5,3893,500,0,180,0.175,1,COM6
1,46938,37,rpm,1,1,36.5,36.5,3893,500,0,0,0.0,1,COM8
3,83463,37,rpm,723,356,36.5,36.5,3893,500,0,181,0.175,1,COM6
1,46958,37,rpm,1,1,36.5,36.5,3893,500,0,0,0.0,1,COM8
3,83483,37,rpm,561,356,36.5,36.5,3893,500,0,181,0.175,1,COM6
1,46979,37,rpm,1,1,36.5,36.5,3893,500,0,0,0.0,1,COM8
3,83504,37,rpm,392,356,36.5,36.5,3893,500,0,181,0.175,1,COM6
1,46999,37,rpm,1,1,36.5,36.5,3893,500,0,0,0.0,1,COM8
3,83525,37,rpm,274,356,36.5,36.5,3893,500,0,181,0.175,1,COM6
1,47019,37,rpm,1,1,36.5,36.5,3893,500,0,0,0.0,1,COM8
3,83545,37,rpm,166,356,36.5,36.5,3893,500,0,181,0.176,1,COM6
1,47040,37,rpm,1,1,36.5,36.5,3893,500,0,0,0.0,1,COM8
3,83566,37,rpm,27,356,36.5,36.5,3893,500,0,181,0.176,1,COM6
1,47060,37,rpm,1,1,36.5,36.5,3893,500,0,0,0.0,1,COM8
3,83586,37,rpm,13,356,36.5,36.5,3893,500,0,181,0.176,1,COM6
1,47081,37,rpm,1,1,36.5,36.5,3893,500,0,0,0.0,1,COM8
3,83607,37,rpm,12,356,36.5,36.5,3893,500,0,181,0.176,1,COM6
1,47101,37,rpm,1,1,36.5,36.5,3893,500,0,0,0.0,1,COM8
3,83627,37,rpm,55,356,36.5,36.5,3893,500,0,182,0.176,1,COM6
1,47122,37,rpm,1,1,36.5,36.5,3893,500,0,0,0.0,1,COM8
3,83648,37,rpm,344,356,36.5,36.5,3893,500,0,182,0.176,1,COM6
1,47142,37,rpm,1,1,36.5,36.5,3893,500,0,0,0.0,1,COM8
3,83669,37,rpm,603,356,36.5,36.5,3893,500,0,182,0.176,1,COM6
1,47163,37,rpm,0,1,36.5,36.5,3893,500,0,0,0.0,1,COM8
3,83689,37,rpm,697,356,36.5,36.5,3893,500,0,182,0.176,1,COM6
1,47183,37,rpm,1,1,36.5,36.5,3893,500,0,0,0.0,1,COM8
3,83710,37,rpm,743,356,36.5,36.5,3893,500,0,182,0.177,1,COM6
1,47204,37,rpm,1,1,36.5,36.5,3893,500,0,0,0.0,1,COM8
3,83730,37,rpm,650,356,36.5,36.5,3893,500,0,182,0.177,1,COM6
1,47224,37,rpm,1,1,36.5,36.5,3893,500,0,0,0.0,1,COM8
3,83751,37,rpm,511,356,36.5,36.5,3893,500,0,182,0.177,1,COM6
1,47245,37,rpm,1,1,36.5,36.5,3893,500,0,0,0.0,1,COM8
3,83772,37,rpm,391,356,36.5,36.5,3893,500,0,182,0.177,1,COM6
1,47265,37,rpm,1,1,36.5,36.5,3893,500,0,0,0.0,1,COM8
3,83792,37,rpm,297,356,36.5,36.5,3893,500,0,182,0.177,1,COM6
1,47285,37,rpm,1,1,36.5,36.5,3893,500,0,0,0.0,1,COM8
3,83813,37,rpm,40,356,36.5,36.5,3893,500,0,183,0.177,1,COM6
1,47306,37,rpm,1,1,36.5,36.5,3893,500,0,0,0.0,1,COM8
3,83833,37,rpm,17,356,36.5,36.5,3893,500,0,183,0.177,1,COM6
1,47326,37,rpm,1,1,36.5,36.5,3893,500,0,0,0.0,1,COM8
3,83854,37,rpm,13,356,36.5,36.5,3893,500,0,183,0.177,1,COM6
1,47347,37,rpm,1,1,36.5,36.5,3893,500,0,0,0.0,1,COM8
3,83874,37,rpm,38,356,36.5,36.5,3893,500,0,183,0.177,1,COM6
1,47367,37,rpm,1,1,36.5,36.5,3893,500,0,0,0.0,1,COM8
3,83895,37,rpm,275,356,36.5,36.5,3893,500,0,183,0.178,1,COM6
1,47388,37,rpm,1,1,36.5,36.5,3893,500,0,0,0.0,1,COM8
3,83915,37,rpm,594,356,36.5,36.5,3893,500,0,183,0.178,1,COM6
1,47408,37,rpm,0,1,36.5,36.5,3893,500,0,0,0.0,1,COM8
3,83936,37,rpm,688,356,36.5,36.5,3893,500,0,183,0.178,1,COM6
1,47429,37,rpm,1,1,36.5,36.5,3893,500,0,0,0.0,1,COM8
3,83957,37,rpm,713,356,36.5,36.5,3893,500,0,183,0.178,1,COM6
1,47449,37,rpm,1,1,36.5,36.5,3893,500,0,0,0.0,1,COM8
3,83977,37,rpm,676,356,36.5,36.5,3893,500,0,184,0.178,1,COM6
1,47469,37,rpm,1,1,36.5,36.5,3893,500,0,0,0.0,1,COM8
3,83998,37,rpm,578,356,36.5,36.5,3893,500,0,184,0.178,1,COM6
1,47490,37,rpm,1,1,36.5,36.5,3893,500,0,0,0.0,1,COM8
3,84018,37,rpm,463,356,36.5,36.5,3893,500,0,184,0.178,1,COM6
1,47510,37,rpm,1,1,36.5,36.5,3893,500,0,0,0.0,1,COM8
1,47531,37,rpm,1,1,36.5,36.5,3893,500,0,0,0.0,1,COM8
3,84039,37,rpm,367,356,36.5,36.5,3893,500,0,184,0.178,1,COM6
3,84060,37,rpm,135,356,36.5,36.5,3893,500,0,184,0.179,1,COM6
1,47551,37,rpm,1,1,36.5,36.5,3893,500,0,0,0.0,1,COM8
3,84080,37,rpm,23,356,36.5,36.5,3893,500,0,184,0.179,1,COM6
1,47572,37,rpm,1,1,36.5,36.5,3893,500,0,0,0.0,1,COM8
1,47592,37,rpm,1,1,36.5,36.5,3893,500,0,0,0.0,1,COM8
3,84101,37,rpm,14,356,36.5,36.5,3893,500,0,184,0.179,1,COM6
3,84121,37,rpm,22,356,36.5,36.5,3893,500,0,184,0.179,1,COM6
1,47612,37,rpm,1,1,36.5,36.5,3893,500,0,0,0.0,1,COM8
1,47633,37,rpm,1,1,36.5,36.5,3893,500,0,0,0.0,1,COM8
3,84142,37,rpm,128,356,36.5,36.5,3893,500,0,185,0.179,1,COM6
1,47653,37,rpm,1,1,36.5,36.5,3893,500,0,0,0.0,1,COM8
3,84163,37,rpm,466,356,36.5,36.5,3893,500,0,185,0.179,1,COM6
3,84183,37,rpm,631,356,36.5,36.5,3893,500,0,185,0.179,1,COM6
1,47674,37,rpm,1,1,36.5,36.5,3893,500,0,0,0.0,1,COM8
1,47694,37,rpm,1,1,36.5,36.5,3893,500,0,0,0.0,1,COM8
3,84204,37,rpm,699,356,36.5,36.5,3893,500,0,185,0.179,1,COM6
3,84224,37,rpm,674,356,36.5,36.5,3893,500,0,185,0.179,1,COM6
1,47715,37,rpm,1,1,36.5,36.5,3893,500,0,0,0.0,1,COM8
1,47735,37,rpm,1,1,36.5,36.5,3893,500,0,0,0.0,1,COM8
3,84245,37,rpm,591,356,36.5,36.5,3893,500,0,185,0.18,1,COM6
1,47755,37,rpm,1,1,36.5,36.5,3893,500,0,0,0.0,1,COM8
3,84266,37,rpm,476,356,36.5,36.5,3893,500,0,185,0.18,1,COM6
1,47776,37,rpm,1,1,36.5,36.5,3893,500,0,0,0.0,1,COM8
3,84286,37,rpm,393,356,36.5,36.5,3893,500,0,185,0.18,1,COM6
1,47796,37,rpm,1,1,36.5,36.5,3893,500,0,0,0.0,1,COM8
3,84307,37,rpm,232,356,36.5,36.5,3893,500,0,186,0.18,1,COM6
1,47817,37,rpm,1,1,36.5,36.5,3893,500,0,0,0.0,1,COM8
3,84327,37,rpm,30,356,36.5,36.5,3893,500,0,186,0.18,1,COM6
1,47837,37,rpm,1,1,36.5,36.5,3893,500,0,0,0.0,1,COM8
3,84348,37,rpm,14,356,36.5,36.5,3893,500,0,186,0.18,1,COM6
1,47858,37,rpm,1,1,36.5,36.5,3893,500,0,0,0.0,1,COM8
3,84368,37,rpm,14,356,36.5,36.5,3893,500,0,186,0.18,1,COM6
1,47878,37,rpm,1,1,36.5,36.5,3893,500,0,0,0.0,1,COM8
3,84389,37,rpm,52,356,36.5,36.5,3893,500,0,186,0.18,1,COM6
1,47899,37,rpm,1,1,36.5,36.5,3893,500,0,0,0.0,1,COM8
3,84410,37,rpm,280,356,36.5,36.5,3893,500,0,186,0.181,1,COM6
1,47919,37,rpm,1,1,36.5,36.5,3893,500,0,0,0.0,1,COM8
3,84430,37,rpm,578,356,36.5,36.5,3893,500,0,186,0.181,1,COM6
1,47939,37,rpm,0,1,36.5,36.5,3893,500,0,0,0.0,1,COM8
3,84451,37,rpm,783,356,36.5,36.5,3893,500,0,186,0.181,1,COM6
1,47960,37,rpm,1,1,36.5,36.5,3893,500,0,0,0.0,1,COM8
3,84471,37,rpm,774,356,36.5,36.5,3893,500,0,187,0.181,1,COM6
1,47980,37,rpm,1,1,36.5,36.5,3893,500,0,0,0.0,1,COM8
3,84492,37,rpm,688,356,36.5,36.5,3893,500,0,187,0.181,1,COM6
3,84513,37,rpm,542,356,36.5,36.5,3893,500,0,187,0.181,1,COM6
1,48001,37,rpm,1,1,36.5,36.5,3893,500,0,0,0.0,1,COM8
1,48021,37,rpm,1,1,36.5,36.5,3893,500,0,0,0.0,1,COM8
3,84533,37,rpm,376,356,36.5,36.5,3893,500,0,187,0.181,1,COM6
1,48042,37,rpm,1,1,36.5,36.5,3893,500,0,0,0.0,1,COM8
3,84554,37,rpm,304,356,36.5,36.5,3893,500,0,187,0.181,1,COM6
1,48062,37,rpm,1,1,36.5,36.5,3893,500,0,0,0.0,1,COM8
3,84574,37,rpm,160,356,36.5,36.5,3893,500,0,187,0.182,1,COM6
1,48083,37,rpm,1,1,36.5,36.5,3893,500,0,0,0.0,1,COM8
3,84595,37,rpm,26,356,36.5,36.5,3893,500,0,187,0.182,1,COM6
1,48103,37,rpm,1,1,36.5,36.5,3893,500,0,0,0.0,1,COM8
3,84615,37,rpm,12,356,36.5,36.5,3893,500,0,187,0.182,1,COM6
3,84636,37,rpm,14,356,36.5,36.5,3893,500,0,187,0.182,1,COM6
1,48123,37,rpm,1,1,36.5,36.5,3893,500,0,0,0.0,1,COM8
1,48144,37,rpm,1,1,36.5,36.5,3893,500,0,0,0.0,1,COM8
3,84656,37,rpm,64,356,36.5,36.5,3893,500,0,188,0.182,1,COM6
1,48164,37,rpm,1,1,36.5,36.5,3893,500,0,0,0.0,1,COM8
3,84677,37,rpm,303,356,36.5,36.5,3893,500,0,188,0.182,1,COM6
1,48185,37,rpm,0,1,36.5,36.5,3893,500,0,0,0.0,1,COM8
3,84697,37,rpm,571,356,36.5,36.5,3893,500,0,188,0.182,1,COM6
1,48205,37,rpm,0,1,36.5,36.5,3893,500,0,0,0.0,1,COM8
3,84718,37,rpm,759,355,36.5,36.5,3893,500,0,188,0.182,1,COM6
1,48226,37,rpm,1,1,36.5,36.5,3893,500,0,0,0.0,1,COM8
3,84738,37,rpm,723,355,36.5,36.5,3893,500,0,188,0.182,1,COM6
1,48246,37,rpm,1,1,36.5,36.5,3893,500,0,0,0.0,1,COM8
3,84759,37,rpm,650,355,36.5,36.5,3893,500,0,188,0.183,1,COM6
1,48266,37,rpm,1,1,36.5,36.5,3893,500,0,0,0.0,1,COM8
3,84779,37,rpm,477,355,36.5,36.5,3893,500,0,188,0.183,1,COM6
1,48287,37,rpm,1,1,36.5,36.5,3893,500,0,0,0.0,1,COM8
3,84800,37,rpm,344,355,36.5,36.5,3893,500,0,188,0.183,1,COM6
1,48307,37,rpm,1,1,36.5,36.5,3893,500,0,0,0.0,1,COM8
3,84821,37,rpm,293,355,36.5,36.5,3893,500,0,189,0.183,1,COM6
1,48328,37,rpm,1,1,36.5,36.5,3893,500,0,0,0.0,1,COM8
3,84841,37,rpm,68,355,36.5,36.5,3893,500,0,189,0.183,1,COM6
1,48348,37,rpm,1,1,36.5,36.5,3893,500,0,0,0.0,1,COM8
3,84862,37,rpm,17,355,36.5,36.5,3893,500,0,189,0.183,1,COM6
1,48369,37,rpm,1,1,36.5,36.5,3893,500,0,0,0.0,1,COM8
3,84882,37,rpm,12,355,36.5,36.5,3893,500,0,189,0.183,1,COM6
1,48389,37,rpm,1,1,36.5,36.5,3893,500,0,0,0.0,1,COM8
3,84903,37,rpm,26,355,36.5,36.5,3893,500,0,189,0.183,1,COM6
1,48410,37,rpm,1,1,36.5,36.5,3893,500,0,0,0.0,1,COM8
3,84924,37,rpm,169,355,36.5,36.5,3893,500,0,189,0.184,1,COM6
1,48430,37,rpm,1,1,36.5,36.5,3893,500,0,0,0.0,1,COM8
3,84944,37,rpm,539,355,36.5,36.5,3893,500,0,189,0.184,1,COM6
1,48451,37,rpm,0,1,36.5,36.5,3893,500,0,0,0.0,1,COM8
3,84965,37,rpm,781,355,36.5,36.5,3893,500,0,189,0.184,1,COM6
1,48471,37,rpm,1,1,36.5,36.5,3893,500,0,0,0.0,1,COM8
3,84985,37,rpm,808,355,36.5,36.5,3893,500,0,190,0.184,1,COM6
1,48491,37,rpm,1,1,36.5,36.5,3893,500,0,0,0.0,1,COM8
3,85006,37,rpm,717,355,36.5,36.5,3893,500,0,190,0.184,1,COM6
1,48512,37,rpm,1,1,36.5,36.5,3893,500,0,0,0.0,1,COM8
3,85026,37,rpm,561,355,36.5,36.5,3893,500,0,190,0.184,1,COM6
1,48532,37,rpm,1,1,36.5,36.5,3893,500,0,0,0.0,1,COM8
3,85047,37,rpm,395,355,36.5,36.5,3893,500,0,190,0.184,1,COM6
1,48553,37,rpm,1,1,36.5,36.5,3893,500,0,0,0.0,1,COM8
3,85067,37,rpm,278,355,36.5,36.5,3893,500,0,190,0.184,1,COM6
1,48573,37,rpm,1,1,36.5,36.5,3893,500,0,0,0.0,1,COM8
3,85088,37,rpm,175,355,36.5,36.5,3893,500,0,190,0.184,1,COM6
1,48594,37,rpm,1,1,36.5,36.5,3893,500,0,0,0.0,1,COM8
3,85109,37,rpm,28,355,36.5,36.5,3893,500,0,190,0.185,1,COM6
1,48614,37,rpm,1,1,36.5,36.5,3893,500,0,0,0.0,1,COM8
3,85129,37,rpm,13,355,36.5,36.5,3893,500,0,190,0.185,1,COM6
1,48634,37,rpm,1,1,36.5,36.5,3893,500,0,0,0.0,1,COM8
3,85150,37,rpm,12,355,36.5,36.5,3893,500,0,191,0.185,1,COM6
1,48655,37,rpm,1,1,36.5,36.5,3893,500,0,0,0.0,1,COM8
3,85170,37,rpm,51,355,36.5,36.5,3893,500,0,191,0.185,1,COM6
1,48675,37,rpm,1,1,36.5,36.5,3893,500,0,0,0.0,1,COM8
3,85191,37,rpm,337,355,36.5,36.5,3893,500,0,191,0.185,1,COM6
1,48696,37,rpm,0,1,36.5,36.5,3893,500,0,0,0.0,1,COM8
3,85212,37,rpm,592,355,36.5,36.5,3893,500,0,191,0.185,1,COM6
1,48716,37,rpm,1,1,36.5,36.5,3893,500,0,0,0.0,1,COM8
3,85232,37,rpm,691,355,36.5,36.5,3893,500,0,191,0.185,1,COM6
1,48737,37,rpm,1,1,36.5,36.5,3893,500,0,0,0.0,1,COM8
3,85253,37,rpm,737,355,36.5,36.5,3893,500,0,191,0.185,1,COM6
1,48757,37,rpm,1,1,36.5,36.5,3893,500,0,0,0.0,1,COM8
3,85273,37,rpm,652,355,36.5,36.5,3893,500,0,191,0.186,1,COM6
1,48778,37,rpm,1,1,36.5,36.5,3893,500,0,0,0.0,1,COM8
3,85294,37,rpm,508,355,36.5,36.5,3893,500,0,191,0.186,1,COM6
1,48798,37,rpm,1,1,36.5,36.5,3893,500,0,0,0.0,1,COM8
3,85314,37,rpm,383,355,36.5,36.5,3893,500,0,192,0.186,1,COM6
1,48819,37,rpm,1,1,36.5,36.5,3893,500,0,0,0.0,1,COM8
3,85335,37,rpm,289,355,36.5,36.5,3893,500,0,192,0.186,1,COM6
1,48839,37,rpm,1,1,36.5,36.5,3893,500,0,0,0.0,1,COM8
3,85355,37,rpm,40,355,36.5,36.5,3893,500,0,192,0.186,1,COM6
1,48860,37,rpm,1,1,36.5,36.5,3893,500,0,0,0.0,1,COM8
3,85376,37,rpm,17,355,36.5,36.5,3893,500,0,192,0.186,1,COM6
1,48880,37,rpm,1,1,36.5,36.5,3893,500,0,0,0.0,1,COM8
3,85396,37,rpm,13,355,36.5,36.5,3893,500,0,192,0.186,1,COM6
1,48900,37,rpm,1,1,36.5,36.5,3893,500,0,0,0.0,1,COM8
3,85417,37,rpm,37,355,36.5,36.5,3893,500,0,192,0.186,1,COM6
1,48921,37,rpm,1,1,36.5,36.5,3893,500,0,0,0.0,1,COM8
3,85438,37,rpm,272,355,36.5,36.5,3893,500,0,192,0.186,1,COM6
1,48941,37,rpm,1,1,36.5,36.5,3893,500,0,0,0.0,1,COM8
3,85458,37,rpm,605,355,36.5,36.5,3893,500,0,192,0.187,1,COM6
1,48962,37,rpm,0,1,36.5,36.5,3893,500,0,0,0.0,1,COM8
3,85479,37,rpm,697,355,36.5,36.5,3893,500,0,192,0.187,1,COM6
1,48982,37,rpm,1,1,36.5,36.5,3893,500,0,0,0.0,1,COM8
3,85499,37,rpm,720,355,36.5,36.5,3893,500,0,193,0.187,1,COM6
1,49003,37,rpm,1,1,36.5,36.5,3893,500,0,0,0.0,1,COM8
3,85520,37,rpm,679,355,36.5,36.5,3893,500,0,193,0.187,1,COM6
1,49023,37,rpm,1,1,36.5,36.5,3893,500,0,0,0.0,1,COM8
3,85540,37,rpm,580,355,36.5,36.5,3893,500,0,193,0.187,1,COM6
1,49043,37,rpm,1,1,36.5,36.5,3893,500,0,0,0.0,1,COM8
3,85561,37,rpm,466,355,36.5,36.5,3893,500,0,193,0.187,1,COM6
1,49064,37,rpm,1,1,36.5,36.5,3893,500,0,0,0.0,1,COM8
3,85582,37,rpm,371,355,36.5,36.5,3893,500,0,193,0.187,1,COM6
1,49084,37,rpm,1,1,36.5,36.5,3893,500,0,0,0.0,1,COM8
3,85602,37,rpm,153,355,36.5,36.5,3893,500,0,193,0.187,1,COM6
1,49105,37,rpm,1,1,36.5,36.5,3893,500,0,0,0.0,1,COM8
3,85623,37,rpm,25,355,36.5,36.5,3893,500,0,193,0.188,1,COM6
1,49125,37,rpm,1,1,36.5,36.5,3893,500,0,0,0.0,1,COM8
3,85643,37,rpm,14,355,36.5,36.5,3893,500,0,193,0.188,1,COM6
1,49146,37,rpm,1,1,36.5,36.5,3893,500,0,0,0.0,1,COM8
3,85664,37,rpm,20,355,36.5,36.5,3893,500,0,194,0.188,1,COM6
1,49166,37,rpm,1,1,36.5,36.5,3893,500,0,0,0.0,1,COM8
3,85684,37,rpm,110,355,36.5,36.5,3893,500,0,194,0.188,1,COM6
1,49187,37,rpm,1,1,36.5,36.5,3893,500,0,0,0.0,1,COM8
3,85705,37,rpm,449,355,36.5,36.5,3893,500,0,194,0.188,1,COM6
1,49207,37,rpm,0,1,36.5,36.5,3893,500,0,0,0.0,1,COM8
3,85726,37,rpm,626,355,36.5,36.5,3893,500,0,194,0.188,1,COM6
1,49228,37,rpm,1,1,36.5,36.5,3893,500,0,0,0.0,1,COM8
3,85746,37,rpm,694,355,36.5,36.5,3893,500,0,194,0.188,1,COM6
1,49248,37,rpm,1,1,36.5,36.5,3893,500,0,0,0.0,1,COM8
3,85767,37,rpm,657,355,36.5,36.5,3893,500,0,194,0.188,1,COM6
1,49269,37,rpm,1,1,36.5,36.5,3893,500,0,0,0.0,1,COM8
3,85787,37,rpm,603,355,36.5,36.5,3893,500,0,194,0.188,1,COM6
1,49289,37,rpm,1,1,36.5,36.5,3893,500,0,0,0.0,1,COM8
3,85808,37,rpm,482,355,36.5,36.5,3893,500,0,194,0.189,1,COM6
1,49310,37,rpm,1,1,36.5,36.5,3893,500,0,0,0.0,1,COM8
3,85829,37,rpm,394,355,36.5,36.5,3893,500,0,195,0.189,1,COM6
1,49330,37,rpm,1,1,36.5,36.5,3893,500,0,0,0.0,1,COM8
3,85849,37,rpm,244,355,36.5,36.5,3893,500,0,195,0.189,1,COM6
1,49351,37,rpm,1,1,36.5,36.5,3893,500,0,0,0.0,1,COM8
3,85870,37,rpm,30,355,36.5,36.5,3893,500,0,195,0.189,1,COM6
1,49371,37,rpm,1,1,36.5,36.5,3893,500,0,0,0.0,1,COM8
3,85890,37,rpm,15,355,36.5,36.5,3893,500,0,195,0.189,1,COM6
1,49392,37,rpm,1,1,36.5,36.5,3893,500,0,0,0.0,1,COM8
3,85911,37,rpm,13,355,36.5,36.5,3893,500,0,195,0.189,1,COM6
1,49412,37,rpm,1,1,36.5,36.5,3893,500,0,0,0.0,1,COM8
3,85931,37,rpm,45,355,36.5,36.5,3893,500,0,195,0.189,1,COM6
1,49432,37,rpm,1,1,36.5,36.5,3893,500,0,0,0.0,1,COM8
3,85952,37,rpm,253,355,36.5,36.5,3893,500,0,195,0.189,1,COM6
1,49453,37,rpm,1,1,36.5,36.5,3893,500,0,0,0.0,1,COM8
3,85972,37,rpm,556,355,36.5,36.5,3893,500,0,195,0.19,1,COM6
1,49473,37,rpm,0,1,36.5,36.5,3893,500,0,0,0.0,1,COM8
3,85993,37,rpm,786,355,36.5,36.5,3893,500,0,196,0.19,1,COM6
1,49494,37,rpm,1,1,36.5,36.5,3893,500,0,0,0.0,1,COM8
3,86014,37,rpm,803,355,36.5,36.5,3893,500,0,196,0.19,1,COM6
1,49514,37,rpm,1,1,36.5,36.5,3893,500,0,0,0.0,1,COM8
3,86034,37,rpm,715,355,36.5,36.5,3893,500,0,196,0.19,1,COM6
1,49535,37,rpm,1,1,36.5,36.5,3893,500,0,0,0.0,1,COM8
3,86055,37,rpm,559,355,36.5,36.5,3893,500,0,196,0.19,1,COM6
1,49555,37,rpm,1,1,36.5,36.5,3893,500,0,0,0.0,1,COM8
3,86075,37,rpm,391,355,36.5,36.5,3893,500,0,196,0.19,1,COM6
1,49576,37,rpm,1,1,36.5,36.5,3893,500,0,0,0.0,1,COM8
3,86096,37,rpm,287,355,36.5,36.5,3893,500,0,196,0.19,1,COM6
1,49596,37,rpm,1,1,36.5,36.5,3893,500,0,0,0.0,1,COM8
3,86116,37,rpm,176,355,36.5,36.5,3893,500,0,196,0.19,1,COM6
1,49616,37,rpm,1,1,36.5,36.5,3893,500,0,0,0.0,1,COM8
3,86137,37,rpm,27,355,36.5,36.5,3893,500,0,196,0.19,1,COM6
1,49637,37,rpm,1,1,36.5,36.5,3893,500,0,0,0.0,1,COM8
3,86157,37,rpm,13,355,36.5,36.5,3893,500,0,196,0.191,1,COM6
1,49657,37,rpm,1,1,36.5,36.5,3893,500,0,0,0.0,1,COM8
3,86178,37,rpm,12,355,36.5,36.5,3893,500,0,197,0.191,1,COM6
1,49678,37,rpm,1,1,36.5,36.5,3893,500,0,0,0.0,1,COM8
3,86198,37,rpm,53,355,36.5,36.5,3893,500,0,197,0.191,1,COM6
1,49698,37,rpm,1,1,36.5,36.5,3893,500,0,0,0.0,1,COM8
3,86219,37,rpm,282,355,36.5,36.5,3893,500,0,197,0.191,1,COM6
1,49719,37,rpm,1,1,36.5,36.5,3893,500,0,0,0.0,1,COM8
3,86240,37,rpm,583,355,36.5,36.5,3893,500,0,197,0.191,1,COM6
1,49739,37,rpm,1,1,36.5,36.5,3893,500,0,0,0.0,1,COM8
3,86260,37,rpm,765,355,36.5,36.5,3893,500,0,197,0.191,1,COM6
1,49760,37,rpm,1,1,36.5,36.5,3893,500,0,0,0.0,1,COM8
3,86281,37,rpm,740,355,36.5,36.5,3893,500,0,197,0.191,1,COM6
1,49780,37,rpm,1,1,36.5,36.5,3893,500,0,0,0.0,1,COM8
3,86301,37,rpm,649,355,36.5,36.5,3893,500,0,197,0.191,1,COM6
1,49801,37,rpm,1,1,36.5,36.5,3893,500,0,0,0.0,1,COM8
3,86322,37,rpm,498,355,36.5,36.5,3893,500,0,197,0.192,1,COM6
1,49821,37,rpm,1,1,36.5,36.5,3893,500,0,0,0.0,1,COM8
3,86342,37,rpm,343,355,36.5,36.5,3893,500,0,198,0.192,1,COM6
1,49841,37,rpm,1,1,36.5,36.5,3893,500,0,0,0.0,1,COM8
3,86363,37,rpm,281,355,36.5,36.5,3893,500,0,198,0.192,1,COM6
1,49862,37,rpm,1,1,36.5,36.5,3893,500,0,0,0.0,1,COM8
3,86384,37,rpm,89,355,36.5,36.5,3893,500,0,198,0.192,1,COM6
1,49882,37,rpm,1,1,36.5,36.5,3893,500,0,0,0.0,1,COM8
3,86404,37,rpm,18,355,36.5,36.5,3893,500,0,198,0.192,1,COM6
1,49903,37,rpm,1,1,36.5,36.5,3893,500,0,0,0.0,1,COM8
3,86425,37,rpm,11,355,36.5,36.5,3893,500,0,198,0.192,1,COM6
1,49923,37,rpm,1,1,36.5,36.5,3893,500,0,0,0.0,1,COM8
3,86445,37,rpm,21,355,36.5,36.5,3893,500,0,198,0.192,1,COM6
1,49944,37,rpm,1,1,36.5,36.5,3893,500,0,0,0.0,1,COM8
3,86466,37,rpm,135,355,36.5,36.5,3893,500,0,198,0.192,1,COM6
1,49964,37,rpm,1,1,36.5,36.5,3893,500,0,0,0.0,1,COM8
3,86486,37,rpm,476,355,36.5,36.5,3893,500,0,198,0.192,1,COM6
1,49984,37,rpm,0,1,36.5,36.5,3893,500,0,0,0.0,1,COM8
3,86507,37,rpm,756,355,36.5,36.5,3893,500,0,199,0.193,1,COM6
1,50005,37,rpm,0,1,36.5,36.5,3893,500,0,0,0.0,1,COM8
3,86527,37,rpm,803,355,36.5,36.5,3893,500,0,199,0.193,1,COM6
1,50025,37,rpm,1,1,36.5,36.5,3893,500,0,0,0.0,1,COM8
3,86548,37,rpm,723,355,36.5,36.5,3893,500,0,199,0.193,1,COM6
1,50046,37,rpm,1,1,36.5,36.5,3893,500,0,0,0.0,1,COM8
3,86569,37,rpm,562,355,36.5,36.5,3893,500,0,199,0.193,1,COM6
1,50066,37,rpm,1,1,36.5,36.5,3893,500,0,0,0.0,1,COM8
3,86589,37,rpm,399,355,36.5,36.5,3893,500,0,199,0.193,1,COM6
1,50087,37,rpm,1,1,36.5,36.5,3893,500,0,0,0.0,1,COM8
3,86610,37,rpm,276,355,36.5,36.5,3893,500,0,199,0.193,1,COM6
1,50107,37,rpm,1,1,36.5,36.5,3893,500,0,0,0.0,1,COM8
3,86630,37,rpm,174,355,36.5,36.5,3893,500,0,199,0.193,1,COM6
1,50128,37,rpm,1,1,36.5,36.5,3893,500,0,1,0.0,1,COM8
3,86651,37,rpm,27,355,36.5,36.5,3893,500,0,199,0.193,1,COM6
1,50148,37,rpm,1,1,36.5,36.5,3893,500,0,1,0.0,1,COM8
3,86672,37,rpm,13,355,36.5,36.5,3893,500,0,200,0.194,1,COM6
1,50168,37,rpm,1,1,36.5,36.5,3893,500,0,1,0.0,1,COM8
3,86692,37,rpm,12,355,36.5,36.5,3893,500,0,200,0.194,1,COM6
1,50189,37,rpm,1,1,36.5,36.5,3893,500,0,1,0.0,1,COM8
3,86713,37,rpm,50,355,36.5,36.5,3893,500,0,200,0.194,1,COM6
1,50209,37,rpm,1,1,36.5,36.5,3893,500,0,1,0.0,1,COM8
3,86733,37,rpm,331,355,36.5,36.5,3893,500,0,200,0.194,1,COM6
1,50230,37,rpm,1,1,36.5,36.5,3893,500,0,1,0.0,1,COM8
3,86754,37,rpm,600,355,36.5,36.5,3893,500,0,200,0.194,1,COM6
1,50250,37,rpm,1,1,36.5,36.5,3893,500,0,1,0.0,1,COM8
3,86774,37,rpm,695,355,36.5,36.5,3893,500,0,200,0.194,1,COM6
1,50271,37,rpm,1,1,36.5,36.5,3893,500,0,1,0.0,1,COM8
3,86795,37,rpm,743,355,36.5,36.5,3893,500,0,200,0.194,1,COM6
1,50291,37,rpm,1,1,36.5,36.5,3893,500,0,1,0.0,1,COM8
3,86815,37,rpm,659,355,36.5,36.5,3893,500,0,200,0.194,1,COM6
1,50312,37,rpm,1,1,36.5,36.5,3893,500,0,1,0.0,1,COM8
3,86836,37,rpm,512,355,36.5,36.5,3893,500,0,201,0.195,1,COM6
1,50332,37,rpm,1,1,36.5,36.5,3893,500,0,1,0.0,1,COM8
3,86857,37,rpm,394,355,36.5,36.5,3893,500,0,201,0.195,1,COM6
1,50352,37,rpm,1,1,36.5,36.5,3893,500,0,1,0.0,1,COM8
3,86877,37,rpm,306,355,36.5,36.5,3893,500,0,201,0.195,1,COM6
1,50373,37,rpm,1,1,36.5,36.5,3893,500,0,1,0.0,1,COM8
3,86898,37,rpm,46,355,36.5,36.5,3893,500,0,201,0.195,1,COM6
1,50393,37,rpm,1,1,36.5,36.5,3893,500,0,1,0.0,1,COM8
3,86918,37,rpm,17,355,36.5,36.5,3893,500,0,201,0.195,1,COM6
1,50414,37,rpm,1,1,36.5,36.5,3893,500,0,1,0.0,1,COM8
3,86939,37,rpm,13,355,36.5,36.5,3893,500,0,201,0.195,1,COM6
1,50434,37,rpm,1,1,36.5,36.5,3893,500,0,1,0.0,1,COM8
3,86960,37,rpm,34,355,36.5,36.5,3893,500,0,201,0.195,1,COM6
1,50455,37,rpm,1,1,36.5,36.5,3893,500,0,1,0.0,1,COM8
3,86980,37,rpm,247,355,36.5,36.5,3893,500,0,201,0.195,1,COM6
1,50475,37,rpm,1,1,36.5,36.5,3893,500,0,1,0.0,1,COM8
3,87001,37,rpm,586,355,36.5,36.5,3893,500,0,201,0.195,1,COM6
1,50496,37,rpm,0,1,36.5,36.5,3893,500,0,1,0.0,1,COM8
1,50516,37,rpm,1,1,36.5,36.5,3893,500,0,1,0.0,1,COM8
3,87021,37,rpm,686,355,36.5,36.5,3893,500,0,202,0.196,1,COM6
3,87042,37,rpm,719,355,36.5,36.5,3893,500,0,202,0.196,1,COM6
1,50537,37,rpm,1,1,36.5,36.5,3893,500,0,1,0.0,1,COM8
3,87063,37,rpm,682,355,36.5,36.5,3893,500,0,202,0.196,1,COM6
1,50557,37,rpm,1,1,36.5,36.5,3893,500,0,1,0.0,1,COM8
3,87083,37,rpm,579,355,36.5,36.5,3893,500,0,202,0.196,1,COM6
1,50578,37,rpm,1,1,36.5,36.5,3893,500,0,1,0.0,1,COM8
3,87104,37,rpm,465,355,36.5,36.5,3893,500,0,202,0.196,1,COM6
1,50598,37,rpm,1,1,36.5,36.5,3893,500,0,1,0.0,1,COM8
3,87124,37,rpm,370,355,36.5,36.5,3893,500,0,202,0.196,1,COM6
1,50618,37,rpm,1,1,36.5,36.5,3893,500,0,1,0.0,1,COM8
3,87145,37,rpm,147,355,36.5,36.5,3893,500,0,202,0.196,1,COM6
1,50639,37,rpm,1,1,36.5,36.5,3893,500,0,1,0.0,1,COM8
3,87165,37,rpm,24,355,36.5,36.5,3893,500,0,202,0.196,1,COM6
1,50659,37,rpm,1,1,36.5,36.5,3893,500,0,1,0.0,1,COM8
3,87186,37,rpm,14,355,36.5,36.5,3893,500,0,203,0.197,1,COM6
1,50680,37,rpm,1,1,36.5,36.5,3893,500,0,1,0.0,1,COM8
3,87206,37,rpm,21,355,36.5,36.5,3893,500,0,203,0.197,1,COM6
1,50700,37,rpm,1,1,36.5,36.5,3893,500,0,1,0.0,1,COM8
3,87227,37,rpm,118,355,36.5,36.5,3893,500,0,203,0.197,1,COM6
1,50721,37,rpm,1,1,36.5,36.5,3893,500,0,1,0.0,1,COM8
3,87248,37,rpm,457,355,36.5,36.5,3893,500,0,203,0.197,1,COM6
1,50741,37,rpm,1,1,36.5,36.5,3893,500,0,1,0.0,1,COM8
3,87268,37,rpm,626,355,36.5,36.5,3893,500,0,203,0.197,1,COM6
1,50762,37,rpm,1,1,36.5,36.5,3893,500,0,1,0.0,1,COM8
3,87289,37,rpm,695,355,36.5,36.5,3893,500,0,203,0.197,1,COM6
1,50782,37,rpm,1,1,36.5,36.5,3893,500,0,1,0.0,1,COM8
3,87309,37,rpm,661,355,36.5,36.5,3893,500,0,203,0.197,1,COM6
1,50802,37,rpm,1,1,36.5,36.5,3893,500,0,1,0.0,1,COM8
3,87330,37,rpm,599,355,36.5,36.5,3893,500,0,203,0.197,1,COM6
1,50823,37,rpm,1,1,36.5,36.5,3893,500,0,1,0.0,1,COM8
3,87351,37,rpm,482,355,36.5,36.5,3893,500,0,204,0.197,1,COM6
1,50843,37,rpm,1,1,36.5,36.5,3893,500,0,1,0.0,1,COM8
3,87371,37,rpm,399,355,36.5,36.5,3893,500,0,204,0.198,1,COM6
1,50864,37,rpm,1,1,36.5,36.5,3893,500,0,1,0.0,1,COM8
3,87392,37,rpm,248,355,36.5,36.5,3893,500,0,204,0.198,1,COM6
1,50884,37,rpm,1,1,36.5,36.5,3893,500,0,1,0.0,1,COM8
3,87412,37,rpm,31,355,36.5,36.5,3893,500,0,204,0.198,1,COM6
1,50905,37,rpm,1,1,36.5,36.5,3893,500,0,1,0.0,1,COM8
3,87433,37,rpm,15,355,36.5,36.5,3893,500,0,204,0.198,1,COM6
1,50925,37,rpm,1,1,36.5,36.5,3893,500,0,1,0.0,1,COM8
3,87454,37,rpm,14,355,36.5,36.5,3893,500,0,204,0.198,1,COM6
1,50946,37,rpm,1,1,36.5,36.5,3893,500,0,1,0.0,1,COM8
3,87474,37,rpm,47,355,36.5,36.5,3893,500,0,204,0.198,1,COM6
1,50966,37,rpm,1,1,36.5,36.5,3893,500,0,1,0.0,1,COM8
3,87495,37,rpm,254,355,36.5,36.5,3893,500,0,204,0.198,1,COM6
1,50987,37,rpm,1,1,36.5,36.5,3893,500,0,1,0.0,1,COM8
3,87515,37,rpm,537,355,36.5,36.5,3893,500,0,205,0.198,1,COM6
1,51007,37,rpm,0,1,36.5,36.5,3893,500,0,1,0.0,1,COM8
3,87536,37,rpm,746,355,36.5,36.5,3893,500,0,205,0.199,1,COM6
1,51028,37,rpm,1,1,36.5,36.5,3893,500,0,1,0.0,1,COM8
1,51048,37,rpm,1,1,36.5,36.5,3893,500,0,1,0.0,1,COM8
3,87557,37,rpm,781,355,36.5,36.5,3893,500,0,205,0.199,1,COM6
3,87577,37,rpm,701,355,36.5,36.5,3893,500,0,205,0.199,1,COM6
1,51068,37,rpm,1,1,36.5,36.5,3893,500,0,1,0.0,1,COM8
1,51089,37,rpm,1,1,36.5,36.5,3893,500,0,1,0.0,1,COM8
3,87598,37,rpm,560,355,36.5,36.5,3893,500,0,205,0.199,1,COM6
3,87618,37,rpm,399,355,36.5,36.5,3893,500,0,205,0.199,1,COM6
1,51109,37,rpm,1,1,36.5,36.5,3893,500,0,1,0.0,1,COM8
3,87639,37,rpm,317,355,36.5,36.5,3893,500,0,205,0.199,1,COM6
1,51130,37,rpm,1,1,36.5,36.5,3893,500,0,1,0.0,1,COM8
3,87659,37,rpm,170,355,36.5,36.5,3893,500,0,205,0.199,1,COM6
1,51150,37,rpm,1,1,36.5,36.5,3893,500,0,1,0.0,1,COM8
1,51171,37,rpm,1,1,36.5,36.5,3893,500,0,1,0.0,1,COM8
3,87680,37,rpm,26,355,36.5,36.5,3893,500,0,206,0.199,1,COM6
1,51191,37,rpm,1,1,36.5,36.5,3893,500,0,1,0.0,1,COM8
3,87701,37,rpm,12,355,36.5,36.5,3893,500,0,206,0.199,1,COM6
3,87721,37,rpm,13,355,36.5,36.5,3893,500,0,206,0.2,1,COM6
1,51212,37,rpm,1,1,36.5,36.5,3893,500,0,1,0.0,1,COM8
1,51232,37,rpm,1,1,36.5,36.5,3893,500,0,1,0.001,1,COM8
3,87742,37,rpm,59,355,36.5,36.5,3893,500,0,206,0.2,1,COM6
3,87762,37,rpm,291,355,36.5,36.5,3893,500,0,206,0.2,1,COM6
1,51253,37,rpm,1,1,36.5,36.5,3893,500,0,1,0.001,1,COM8
3,87783,37,rpm,547,355,36.5,36.5,3893,500,0,206,0.2,1,COM6
1,51273,37,rpm,0,1,36.5,36.5,3893,500,0,1,0.001,1,COM8
3,87803,37,rpm,741,355,36.5,36.5,3893,500,0,206,0.2,1,COM6
1,51293,37,rpm,1,1,36.5,36.5,3893,500,0,1,0.001,1,COM8
3,87824,37,rpm,722,355,36.5,36.5,3893,500,0,206,0.2,1,COM6
1,51314,37,rpm,1,1,36.5,36.5,3893,500,0,1,0.001,1,COM8
3,87844,37,rpm,654,355,36.5,36.5,3893,500,0,206,0.2,1,COM6
1,51334,37,rpm,1,1,36.5,36.5,3893,500,0,1,0.001,1,COM8
1,51355,37,rpm,1,1,36.5,36.5,3893,500,0,1,0.001,1,COM8
3,87865,37,rpm,490,355,36.5,36.5,3893,500,0,207,0.2,1,COM6
3,87886,37,rpm,358,355,36.5,36.5,3893,500,0,207,0.201,1,COM6
1,51375,37,rpm,1,1,36.5,36.5,3893,500,0,1,0.001,1,COM8
3,87906,37,rpm,305,355,36.5,36.5,3893,500,0,207,0.201,1,COM6
1,51396,37,rpm,1,1,36.5,36.5,3893,500,0,1,0.001,1,COM8
3,87927,37,rpm,74,355,36.5,36.5,3893,500,0,207,0.201,1,COM6
1,51416,37,rpm,1,1,36.5,36.5,3893,500,0,1,0.001,1,COM8
1,51437,37,rpm,1,1,36.5,36.5,3893,500,0,1,0.001,1,COM8
3,87947,37,rpm,18,355,36.5,36.5,3893,500,0,207,0.201,1,COM6
1,51457,37,rpm,1,1,36.5,36.5,3893,500,0,1,0.001,1,COM8
3,87968,37,rpm,12,355,36.5,36.5,3893,500,0,207,0.201,1,COM6
1,51478,37,rpm,1,1,36.5,36.5,3893,500,0,1,0.001,1,COM8
3,87989,37,rpm,26,355,36.5,36.5,3893,500,0,207,0.201,1,COM6
1,51498,37,rpm,1,1,36.5,36.5,3893,500,0,1,0.001,1,COM8
3,88009,37,rpm,167,355,36.5,36.5,3893,500,0,207,0.201,1,COM6
1,51519,37,rpm,1,1,36.5,36.5,3893,500,0,1,0.001,1,COM8
3,88030,37,rpm,523,355,36.5,36.5,3893,500,0,208,0.201,1,COM6
1,51539,37,rpm,0,1,36.5,36.5,3893,500,0,1,0.001,1,COM8
3,88050,37,rpm,777,355,36.5,36.5,3893,500,0,208,0.201,1,COM6
1,51560,37,rpm,1,1,36.5,36.5,3893,500,0,1,0.001,1,COM8
3,88071,37,rpm,811,355,36.5,36.5,3893,500,0,208,0.202,1,COM6
1,51580,37,rpm,1,1,36.5,36.5,3893,500,0,1,0.001,1,COM8
3,88091,37,rpm,721,355,36.5,36.5,3893,500,0,208,0.202,1,COM6
1,51600,37,rpm,1,1,36.5,36.5,3893,500,0,1,0.001,1,COM8
3,88112,37,rpm,560,355,36.5,36.5,3893,500,0,208,0.202,1,COM6
1,51621,37,rpm,1,1,36.5,36.5,3893,500,0,1,0.001,1,COM8
3,88133,37,rpm,396,355,36.5,36.5,3893,500,0,208,0.202,1,COM6
1,51641,37,rpm,1,1,36.5,36.5,3893,500,0,1,0.001,1,COM8
3,88153,37,rpm,274,355,36.5,36.5,3893,500,0,208,0.202,1,COM6
1,51662,37,rpm,1,1,36.5,36.5,3893,500,0,1,0.001,1,COM8
3,88174,37,rpm,170,355,36.5,36.5,3893,500,0,208,0.202,1,COM6
1,51682,37,rpm,1,1,36.5,36.5,3893,500,0,1,0.001,1,COM8
3,88194,37,rpm,27,355,36.5,36.5,3893,500,0,209,0.202,1,COM6
1,51703,37,rpm,1,1,36.5,36.5,3893,500,0,1,0.001,1,COM8
3,88215,37,rpm,12,355,36.5,36.5,3893,500,0,209,0.202,1,COM6
1,51723,37,rpm,1,1,36.5,36.5,3893,500,0,1,0.001,1,COM8
3,88236,37,rpm,12,355,36.5,36.5,3893,500,0,209,0.203,1,COM6
1,51744,37,rpm,1,1,36.5,36.5,3893,500,0,1,0.001,1,COM8
3,88256,37,rpm,52,355,36.5,36.5,3893,500,0,209,0.203,1,COM6
1,51764,37,rpm,1,1,36.5,36.5,3893,500,0,1,0.001,1,COM8
3,88277,37,rpm,347,355,36.5,36.5,3893,500,0,209,0.203,1,COM6
1,51785,37,rpm,1,1,36.5,36.5,3893,500,0,1,0.001,1,COM8
3,88297,37,rpm,601,355,36.5,36.5,3893,500,0,209,0.203,1,COM6
1,51805,37,rpm,1,1,36.5,36.5,3893,500,0,1,0.001,1,COM8
3,88318,37,rpm,705,355,36.5,36.5,3893,500,0,209,0.203,1,COM6
1,51826,37,rpm,1,1,36.5,36.5,3893,500,0,1,0.001,1,COM8
3,88339,37,rpm,737,355,36.5,36.5,3893,500,0,209,0.203,1,COM6
1,51846,37,rpm,1,1,36.5,36.5,3893,500,0,1,0.001,1,COM8
3,88359,37,rpm,650,355,36.5,36.5,3893,500,0,210,0.203,1,COM6
1,51866,37,rpm,1,1,36.5,36.5,3893,500,0,1,0.001,1,COM8
3,88380,37,rpm,501,355,36.5,36.5,3893,500,0,210,0.203,1,COM6
1,51887,37,rpm,1,1,36.5,36.5,3893,500,0,1,0.001,1,COM8
3,88400,37,rpm,377,355,36.5,36.5,3893,500,0,210,0.203,1,COM6
1,51907,37,rpm,1,1,36.5,36.5,3893,500,0,1,0.001,1,COM8
3,88421,37,rpm,282,355,36.5,36.5,3893,500,0,210,0.204,1,COM6
1,51928,37,rpm,1,1,36.5,36.5,3893,500,0,1,0.001,1,COM8
3,88442,37,rpm,38,355,36.5,36.5,3893,500,0,210,0.204,1,COM6
1,51948,37,rpm,1,1,36.5,36.5,3893,500,0,1,0.001,1,COM8
3,88462,37,rpm,16,355,36.5,36.5,3893,500,0,210,0.204,1,COM6
1,51969,37,rpm,1,1,36.5,36.5,3893,500,0,1,0.001,1,COM8
3,88483,37,rpm,13,355,36.5,36.5,3893,500,0,210,0.204,1,COM6
1,51989,37,rpm,1,1,36.5,36.5,3893,500,0,1,0.001,1,COM8
3,88503,37,rpm,39,355,36.5,36.5,3893,500,0,210,0.204,1,COM6
1,52010,37,rpm,1,1,36.5,36.5,3893,500,0,1,0.001,1,COM8
3,88524,37,rpm,286,355,36.5,36.5,3893,500,0,210,0.204,1,COM6
1,52030,37,rpm,1,1,36.5,36.5,3893,500,0,1,0.001,1,COM8
3,88544,37,rpm,603,355,36.5,36.5,3893,500,0,211,0.204,1,COM6
1,52050,37,rpm,0,1,36.5,36.5,3893,500,0,1,0.001,1,COM8
3,88565,37,rpm,699,355,36.5,36.5,3893,500,0,211,0.204,1,COM6
1,52071,37,rpm,1,1,36.5,36.5,3893,500,0,1,0.001,1,COM8
3,88586,37,rpm,720,355,36.5,36.5,3893,500,0,211,0.205,1,COM6
1,52091,37,rpm,1,1,36.5,36.5,3893,500,0,1,0.001,1,COM8
3,88606,37,rpm,678,355,36.5,36.5,3893,500,0,211,0.205,1,COM6
1,52112,37,rpm,1,1,36.5,36.5,3893,500,0,1,0.001,1,COM8
3,88627,37,rpm,577,355,36.5,36.5,3893,500,0,211,0.205,1,COM6
1,52132,37,rpm,1,1,36.5,36.5,3893,500,0,1,0.001,1,COM8
3,88647,37,rpm,461,355,36.5,36.5,3893,500,0,211,0.205,1,COM6
1,52153,37,rpm,1,1,36.5,36.5,3893,500,0,1,0.001,1,COM8
3,88668,37,rpm,367,355,36.5,36.5,3893,500,0,211,0.205,1,COM6
1,52173,37,rpm,1,1,36.5,36.5,3893,500,0,1,0.001,1,COM8
3,88688,37,rpm,152,355,36.5,36.5,3893,500,0,211,0.205,1,COM6
1,52194,37,rpm,1,1,36.5,36.5,3893,500,0,1,0.001,1,COM8
3,88709,37,rpm,24,355,36.5,36.5,3893,500,0,212,0.205,1,COM6
1,52214,37,rpm,1,1,36.5,36.5,3893,500,0,1,0.001,1,COM8
3,88730,37,rpm,13,355,36.5,36.5,3893,500,0,212,0.205,1,COM6
1,52235,37,rpm,1,1,36.5,36.5,3893,500,0,1,0.001,1,COM8
3,88750,37,rpm,20,355,36.5,36.5,3893,500,0,212,0.205,1,COM6
1,52255,37,rpm,1,1,36.5,36.5,3893,500,0,1,0.001,1,COM8
3,88771,37,rpm,116,355,36.5,36.5,3893,500,0,212,0.206,1,COM6
1,52275,37,rpm,1,1,36.5,36.5,3893,500,0,1,0.001,1,COM8
3,88791,37,rpm,455,355,36.5,36.5,3893,500,0,212,0.206,1,COM6
1,52296,37,rpm,0,1,36.5,36.5,3893,500,0,1,0.001,1,COM8
3,88812,37,rpm,630,355,36.5,36.5,3893,500,0,212,0.206,1,COM6
1,52316,37,rpm,1,1,36.5,36.5,3893,500,0,1,0.001,1,COM8
3,88832,37,rpm,694,355,36.5,36.5,3893,500,0,212,0.206,1,COM6
1,52337,37,rpm,1,1,36.5,36.5,3893,500,0,1,0.001,1,COM8
3,88853,37,rpm,656,355,36.5,36.5,3893,500,0,212,0.206,1,COM6
1,52357,37,rpm,1,1,36.5,36.5,3893,500,0,1,0.001,1,COM8
3,88874,37,rpm,595,355,36.5,36.5,3893,500,0,213,0.206,1,COM6
1,52378,37,rpm,1,1,36.5,36.5,3893,500,0,1,0.001,1,COM8
3,88894,37,rpm,478,355,36.5,36.5,3893,500,0,213,0.206,1,COM6
1,52398,37,rpm,1,1,36.5,36.5,3893,500,0,1,0.001,1,COM8
3,88915,37,rpm,393,355,36.5,36.5,3893,500,0,213,0.206,1,COM6
1,52419,37,rpm,1,1,36.5,36.5,3893,500,0,1,0.001,1,COM8
3,88935,37,rpm,240,355,36.5,36.5,3893,500,0,213,0.207,1,COM6
1,52439,37,rpm,1,1,36.5,36.5,3893,500,0,1,0.001,1,COM8
3,88956,37,rpm,31,355,36.5,36.5,3893,500,0,213,0.207,1,COM6
1,52459,37,rpm,1,1,36.5,36.5,3893,500,0,1,0.001,1,COM8
3,88976,37,rpm,15,355,36.5,36.5,3893,500,0,213,0.207,1,COM6
1,52480,37,rpm,1,1,36.5,36.5,3893,500,0,1,0.001,1,COM8
3,88997,37,rpm,14,355,36.5,36.5,3893,500,0,213,0.207,1,COM6
1,52500,37,rpm,1,1,36.5,36.5,3893,500,0,1,0.001,1,COM8
3,89018,37,rpm,50,355,36.5,36.5,3893,500,0,213,0.207,1,COM6
1,52521,37,rpm,1,1,36.5,36.5,3893,500,0,1,0.001,1,COM8
3,89038,37,rpm,272,355,36.5,36.5,3893,500,0,214,0.207,1,COM6
1,52541,37,rpm,1,1,36.5,36.5,3893,500,0,1,0.001,1,COM8
3,89059,37,rpm,593,355,36.5,36.5,3893,500,0,214,0.207,1,COM6
1,52562,37,rpm,0,1,36.5,36.5,3893,500,0,1,0.001,1,COM8
3,89079,37,rpm,800,355,36.5,36.5,3893,500,0,214,0.207,1,COM6
1,52582,37,rpm,1,1,36.5,36.5,3893,500,0,1,0.001,1,COM8
3,89100,37,rpm,793,355,36.5,36.5,3893,500,0,214,0.207,1,COM6
1,52603,37,rpm,1,1,36.5,36.5,3893,500,0,1,0.001,1,COM8
3,89120,37,rpm,697,355,36.5,36.5,3893,500,0,214,0.208,1,COM6
1,52623,37,rpm,1,1,36.5,36.5,3893,500,0,1,0.001,1,COM8
3,89141,37,rpm,548,355,36.5,36.5,3893,500,0,214,0.208,1,COM6
1,52644,37,rpm,1,1,36.5,36.5,3893,500,0,1,0.001,1,COM8
3,89161,37,rpm,381,355,36.5,36.5,3893,500,0,214,0.208,1,COM6
1,52664,37,rpm,1,1,36.5,36.5,3893,500,0,1,0.001,1,COM8
3,89182,37,rpm,282,355,36.5,36.5,3893,500,0,214,0.208,1,COM6
1,52685,37,rpm,1,1,36.5,36.5,3893,500,0,1,0.001,1,COM8
3,89203,37,rpm,165,355,36.5,36.5,3893,500,0,215,0.208,1,COM6
1,52705,37,rpm,1,1,36.5,36.5,3893,500,0,1,0.001,1,COM8
3,89223,37,rpm,26,355,36.5,36.5,3893,500,0,215,0.208,1,COM6
1,52725,37,rpm,1,1,36.5,36.5,3893,500,0,1,0.001,1,COM8
3,89244,37,rpm,12,355,36.5,36.5,3893,500,0,215,0.208,1,COM6
1,52746,37,rpm,1,1,36.5,36.5,3893,500,0,1,0.001,1,COM8
3,89265,37,rpm,13,355,36.5,36.5,3893,500,0,215,0.208,1,COM6
1,52766,37,rpm,1,1,36.5,36.5,3893,500,0,1,0.001,1,COM8
3,89285,37,rpm,60,355,36.5,36.5,3893,500,0,215,0.209,1,COM6
1,52787,37,rpm,1,1,36.5,36.5,3893,500,0,1,0.001,1,COM8
3,89306,37,rpm,297,355,36.5,36.5,3893,500,0,215,0.209,1,COM6
1,52807,37,rpm,0,1,36.5,36.5,3893,500,0,1,0.001,1,COM8
3,89326,37,rpm,599,355,36.5,36.5,3893,500,0,215,0.209,1,COM6
1,52828,37,rpm,0,1,36.5,36.5,3893,500,0,1,0.001,1,COM8
3,89347,37,rpm,761,355,36.5,36.5,3893,500,0,215,0.209,1,COM6
1,52848,37,rpm,1,1,36.5,36.5,3893,500,0,1,0.001,1,COM8
3,89368,37,rpm,721,355,36.5,36.5,3893,500,0,215,0.209,1,COM6
1,52869,37,rpm,1,1,36.5,36.5,3893,500,0,1,0.001,1,COM8
3,89388,37,rpm,649,355,36.5,36.5,3893,500,0,216,0.209,1,COM6
1,52889,37,rpm,1,1,36.5,36.5,3893,500,0,1,0.001,1,COM8
3,89409,37,rpm,477,355,36.5,36.5,3893,500,0,216,0.209,1,COM6
1,52910,37,rpm,1,1,36.5,36.5,3893,500,0,1,0.001,1,COM8
3,89429,37,rpm,334,355,36.5,36.5,3893,500,0,216,0.209,1,COM6
1,52930,37,rpm,1,1,36.5,36.5,3893,500,0,1,0.001,1,COM8
3,89450,37,rpm,275,355,36.5,36.5,3893,500,0,216,0.209,1,COM6
1,52950,37,rpm,1,1,36.5,36.5,3893,500,0,1,0.001,1,COM8
3,89470,37,rpm,76,355,36.5,36.5,3893,500,0,216,0.21,1,COM6
1,52971,37,rpm,1,1,36.5,36.5,3893,500,0,1,0.001,1,COM8
3,89491,37,rpm,17,355,36.5,36.5,3893,500,0,216,0.21,1,COM6
1,52991,37,rpm,1,1,36.5,36.5,3893,500,0,1,0.001,1,COM8
3,89512,37,rpm,11,355,36.5,36.5,3893,500,0,216,0.21,1,COM6
1,53012,37,rpm,1,1,36.5,36.5,3893,500,0,1,0.001,1,COM8
3,89532,37,rpm,24,355,36.5,36.5,3893,500,0,216,0.21,1,COM6
1,53032,37,rpm,1,1,36.5,36.5,3893,500,0,1,0.001,1,COM8
3,89553,37,rpm,153,354,36.5,36.5,3893,500,0,217,0.21,1,COM6
1,53053,37,rpm,1,1,36.5,36.5,3893,500,0,1,0.001,1,COM8
3,89573,37,rpm,508,354,36.5,36.5,3893,500,0,217,0.21,1,COM6
1,53073,37,rpm,0,1,36.5,36.5,3893,500,0,1,0.001,1,COM8
3,89594,37,rpm,772,354,36.5,36.5,3893,500,0,217,0.21,1,COM6
1,53094,37,rpm,1,1,36.5,36.5,3893,500,0,1,0.001,1,COM8
3,89614,37,rpm,800,354,36.5,36.5,3893,500,0,217,0.21,1,COM6
1,53114,37,rpm,1,1,36.5,36.5,3893,500,0,1,0.001,1,COM8
3,89635,37,rpm,719,354,36.5,36.5,3893,500,0,217,0.211,1,COM6
1,53135,37,rpm,1,1,36.5,36.5,3893,500,0,1,0.001,1,COM8
3,89656,37,rpm,556,354,36.5,36.5,3893,500,0,217,0.211,1,COM6
1,53155,37,rpm,1,1,36.5,36.5,3893,500,0,1,0.001,1,COM8
3,89676,37,rpm,391,354,36.5,36.5,3893,500,0,217,0.211,1,COM6
1,53175,37,rpm,1,1,36.5,36.5,3893,500,0,1,0.001,1,COM8
3,89697,37,rpm,272,354,36.5,36.5,3893,500,0,217,0.211,1,COM6
1,53196,37,rpm,1,1,36.5,36.5,3893,500,0,1,0.001,1,COM8
3,89717,37,rpm,165,354,36.5,36.5,3893,500,0,218,0.211,1,COM6
1,53216,37,rpm,1,1,36.5,36.5,3893,500,0,1,0.001,1,COM8
3,89738,37,rpm,27,354,36.5,36.5,3893,500,0,218,0.211,1,COM6
1,53237,37,rpm,1,1,36.5,36.5,3893,500,0,1,0.001,1,COM8
3,89758,37,rpm,12,354,36.5,36.5,3893,500,0,218,0.211,1,COM6
1,53257,37,rpm,1,1,36.5,36.5,3893,500,0,1,0.001,1,COM8
3,89779,37,rpm,12,354,36.5,36.5,3893,500,0,218,0.211,1,COM6
1,53278,37,rpm,1,1,36.5,36.5,3893,500,0,1,0.001,1,COM8
3,89800,37,rpm,57,354,36.5,36.5,3893,500,0,218,0.211,1,COM6
1,53298,37,rpm,1,1,36.5,36.5,3893,500,0,1,0.001,1,COM8
3,89820,37,rpm,352,354,36.5,36.5,3893,500,0,218,0.212,1,COM6
1,53319,37,rpm,0,1,36.5,36.5,3893,500,0,1,0.001,1,COM8
3,89841,37,rpm,601,354,36.5,36.5,3893,500,0,218,0.212,1,COM6
1,53339,37,rpm,0,1,36.5,36.5,3893,500,0,1,0.001,1,COM8
3,89861,37,rpm,696,354,36.5,36.5,3893,500,0,218,0.212,1,COM6
1,53360,37,rpm,1,1,36.5,36.5,3893,500,0,1,0.001,1,COM8
3,89882,37,rpm,730,354,36.5,36.5,3893,500,0,219,0.212,1,COM6
1,53380,37,rpm,1,1,36.5,36.5,3893,500,0,1,0.001,1,COM8
3,89902,37,rpm,636,354,36.5,36.5,3893,500,0,219,0.212,1,COM6
1,53401,37,rpm,1,1,36.5,36.5,3893,500,0,1,0.001,1,COM8
3,89923,37,rpm,500,354,36.5,36.5,3893,500,0,219,0.212,1,COM6
1,53421,37,rpm,1,1,36.5,36.5,3893,500,0,1,0.001,1,COM8
3,89944,37,rpm,391,354,36.5,36.5,3893,500,0,219,0.212,1,COM6
1,53441,37,rpm,1,1,36.5,36.5,3893,500,0,1,0.001,1,COM8
3,89964,37,rpm,298,354,36.5,36.5,3893,500,0,219,0.212,1,COM6
1,53462,37,rpm,1,1,36.5,36.5,3893,500,0,1,0.001,1,COM8
3,89985,37,rpm,41,354,36.5,36.5,3893,500,0,219,0.213,1,COM6
1,53482,37,rpm,1,1,36.5,36.5,3893,500,0,1,0.001,1,COM8
3,90005,37,rpm,17,354,36.5,36.5,3893,500,0,219,0.213,1,COM6
1,53503,37,rpm,1,1,36.5,36.5,3893,500,0,1,0.001,1,COM8
3,90026,37,rpm,13,354,36.5,36.5,3893,500,0,219,0.213,1,COM6
1,53523,37,rpm,1,1,36.5,36.5,3893,500,0,1,0.001,1,COM8
3,90046,37,rpm,37,354,36.5,36.5,3893,500,0,219,0.213,1,COM6
1,53544,37,rpm,1,1,36.5,36.5,3893,500,0,1,0.001,1,COM8
3,90067,37,rpm,269,354,36.5,36.5,3893,500,0,220,0.213,1,COM6
1,53564,37,rpm,1,1,36.5,36.5,3893,500,0,1,0.001,1,COM8
3,90088,37,rpm,605,354,36.5,36.5,3893,500,0,220,0.213,1,COM6
1,53585,37,rpm,1,1,36.5,36.5,3893,500,0,1,0.001,1,COM8
3,90108,37,rpm,693,354,36.5,36.5,3893,500,0,220,0.213,1,COM6
1,53605,37,rpm,1,1,36.5,36.5,3893,500,0,1,0.001,1,COM8
3,90129,37,rpm,716,354,36.5,36.5,3893,500,0,220,0.213,1,COM6
1,53625,37,rpm,1,1,36.5,36.5,3893,500,0,1,0.001,1,COM8
3,90149,37,rpm,673,354,36.5,36.5,3893,500,0,220,0.213,1,COM6
1,53646,37,rpm,1,1,36.5,36.5,3893,500,0,1,0.001,1,COM8
3,90170,37,rpm,573,354,36.5,36.5,3893,500,0,220,0.214,1,COM6
1,53666,37,rpm,1,1,36.5,36.5,3893,500,0,1,0.001,1,COM8
3,90191,37,rpm,459,354,36.5,36.5,3893,500,0,220,0.214,1,COM6
1,53687,37,rpm,1,1,36.5,36.5,3893,500,0,1,0.001,1,COM8
3,90211,37,rpm,366,354,36.5,36.5,3893,500,0,220,0.214,1,COM6
1,53707,37,rpm,1,1,36.5,36.5,3893,500,0,1,0.001,1,COM8
3,90232,37,rpm,133,354,36.5,36.5,3893,500,0,221,0.214,1,COM6
1,53728,37,rpm,1,1,36.5,36.5,3893,500,0,1,0.001,1,COM8
3,90252,37,rpm,23,354,36.5,36.5,3893,500,0,221,0.214,1,COM6
1,53748,37,rpm,1,1,36.5,36.5,3893,500,0,1,0.001,1,COM8
3,90273,37,rpm,13,354,36.5,36.5,3893,500,0,221,0.214,1,COM6
1,53769,37,rpm,1,1,36.5,36.5,3893,500,0,1,0.001,1,COM8
3,90294,37,rpm,22,354,36.5,36.5,3893,500,0,221,0.214,1,COM6
1,53789,37,rpm,1,1,36.5,36.5,3893,500,0,1,0.001,1,COM8
3,90314,37,rpm,127,354,36.5,36.5,3893,500,0,221,0.214,1,COM6
1,53809,37,rpm,1,1,36.5,36.5,3893,500,0,1,0.001,1,COM8
3,90335,37,rpm,467,354,36.5,36.5,3893,500,0,221,0.215,1,COM6
1,53830,37,rpm,0,1,36.5,36.5,3893,500,0,1,0.001,1,COM8
3,90355,37,rpm,627,354,36.5,36.5,3893,500,0,221,0.215,1,COM6
1,53850,37,rpm,1,1,36.5,36.5,3893,500,0,1,0.001,1,COM8
3,90376,37,rpm,695,354,36.5,36.5,3893,500,0,221,0.215,1,COM6
1,53871,37,rpm,1,1,36.5,36.5,3893,500,0,1,0.001,1,COM8
3,90396,37,rpm,660,354,36.5,36.5,3893,500,0,222,0.215,1,COM6
1,53891,37,rpm,1,1,36.5,36.5,3893,500,0,1,0.001,1,COM8
3,90417,37,rpm,597,354,36.5,36.5,3893,500,0,222,0.215,1,COM6
1,53912,37,rpm,1,1,36.5,36.5,3893,500,0,1,0.001,1,COM8
3,90438,37,rpm,478,354,36.5,36.5,3893,500,0,222,0.215,1,COM6
1,53932,37,rpm,1,1,36.5,36.5,3893,500,0,1,0.001,1,COM8
3,90458,37,rpm,392,354,36.5,36.5,3893,500,0,222,0.215,1,COM6
1,53952,37,rpm,1,1,36.5,36.5,3893,500,0,1,0.001,1,COM8
3,90479,37,rpm,231,354,36.5,36.5,3893,500,0,222,0.215,1,COM6
1,53973,37,rpm,1,1,36.5,36.5,3893,500,0,1,0.001,1,COM8
3,90499,37,rpm,29,354,36.5,36.5,3893,500,0,222,0.216,1,COM6
1,53993,37,rpm,1,1,36.5,36.5,3893,500,0,1,0.001,1,COM8
3,90520,37,rpm,14,354,36.5,36.5,3893,500,0,222,0.216,1,COM6
1,54014,37,rpm,1,1,36.5,36.5,3893,500,0,1,0.001,1,COM8
3,90541,37,rpm,14,354,36.5,36.5,3893,500,0,222,0.216,1,COM6
1,54034,37,rpm,1,1,36.5,36.5,3893,500,0,1,0.001,1,COM8
3,90561,37,rpm,51,354,36.5,36.5,3893,500,0,223,0.216,1,COM6
1,54055,37,rpm,1,1,36.5,36.5,3893,500,0,1,0.001,1,COM8
3,90582,37,rpm,277,354,36.5,36.5,3893,500,0,223,0.216,1,COM6
1,54075,37,rpm,1,1,36.5,36.5,3893,500,0,1,0.001,1,COM8
3,90602,37,rpm,548,354,36.5,36.5,3893,500,0,223,0.216,1,COM6
1,54096,37,rpm,0,1,36.5,36.5,3893,500,0,1,0.001,1,COM8
3,90623,37,rpm,760,354,36.5,36.5,3893,500,0,223,0.216,1,COM6
1,54116,37,rpm,0,1,36.5,36.5,3893,500,0,1,0.001,1,COM8
3,90644,37,rpm,773,354,36.5,36.5,3893,500,0,223,0.216,1,COM6
1,54137,37,rpm,1,1,36.5,36.5,3893,500,0,1,0.001,1,COM8
1,54157,37,rpm,1,1,36.5,36.5,3893,500,0,1,0.001,1,COM8
3,90664,37,rpm,696,354,36.5,36.5,3893,500,0,223,0.216,1,COM6
3,90685,37,rpm,557,354,36.5,36.5,3893,500,0,223,0.217,1,COM6
1,54178,37,rpm,1,1,36.5,36.5,3893,500,0,1,0.001,1,COM8
3,90705,37,rpm,387,354,36.5,36.5,3893,500,0,223,0.217,1,COM6
1,54198,37,rpm,1,1,36.5,36.5,3893,500,0,1,0.001,1,COM8
3,90726,37,rpm,312,354,36.5,36.5,3893,500,0,224,0.217,1,COM6
1,54219,37,rpm,1,1,36.5,36.5,3893,500,0,1,0.001,1,COM8
3,90747,37,rpm,157,354,36.5,36.5,3893,500,0,224,0.217,1,COM6
1,54239,37,rpm,1,1,36.5,36.5,3893,500,0,1,0.001,1,COM8
3,90767,37,rpm,25,354,36.5,36.5,3893,500,0,224,0.217,1,COM6
1,54259,37,rpm,1,1,36.5,36.5,3893,500,0,1,0.001,1,COM8
1,54280,37,rpm,1,1,36.5,36.5,3893,500,0,1,0.001,1,COM8
3,90788,37,rpm,12,354,36.5,36.5,3893,500,0,224,0.217,1,COM6
3,90808,37,rpm,14,354,36.5,36.5,3893,500,0,224,0.217,1,COM6
1,54300,37,rpm,1,1,36.5,36.5,3893,500,0,1,0.001,1,COM8
1,54321,37,rpm,1,1,36.5,36.5,3893,500,0,1,0.001,1,COM8
3,90829,37,rpm,64,354,36.5,36.5,3893,500,0,224,0.217,1,COM6
3,90850,37,rpm,310,354,36.5,36.5,3893,500,0,224,0.218,1,COM6
1,54341,37,rpm,1,1,36.5,36.5,3893,500,0,1,0.001,1,COM8
3,90870,37,rpm,555,354,36.5,36.5,3893,500,0,224,0.218,1,COM6
1,54362,37,rpm,0,1,36.5,36.5,3893,500,0,1,0.001,1,COM8
3,90891,37,rpm,744,354,36.5,36.5,3893,500,0,224,0.218,1,COM6
1,54382,37,rpm,1,1,36.5,36.5,3893,500,0,1,0.001,1,COM8
3,90911,37,rpm,722,354,36.5,36.5,3893,500,0,225,0.218,1,COM6
1,54403,37,rpm,1,1,36.5,36.5,3893,500,0,1,0.001,1,COM8
3,90932,37,rpm,650,354,36.5,36.5,3893,500,0,225,0.218,1,COM6
1,54423,37,rpm,1,1,36.5,36.5,3893,500,0,1,0.001,1,COM8
1,54444,37,rpm,1,1,36.5,36.5,3893,500,0,1,0.001,1,COM8
3,90952,37,rpm,485,354,36.5,36.5,3893,500,0,225,0.218,1,COM6
1,54464,37,rpm,1,1,36.5,36.5,3893,500,0,1,0.001,1,COM8
3,90973,37,rpm,354,354,36.5,36.5,3893,500,0,225,0.218,1,COM6
1,54485,37,rpm,1,1,36.5,36.5,3893,500,0,1,0.001,1,COM8
3,90994,37,rpm,293,354,36.5,36.5,3893,500,0,225,0.218,1,COM6
3,91014,37,rpm,64,354,36.5,36.5,3893,500,0,225,0.218,1,COM6
1,54505,37,rpm,1,1,36.5,36.5,3893,500,0,1,0.001,1,COM8
1,54525,37,rpm,1,1,36.5,36.5,3893,500,0,1,0.001,1,COM8
3,91035,37,rpm,17,354,36.5,36.5,3893,500,0,225,0.219,1,COM6
3,91055,37,rpm,12,354,36.5,36.5,3893,500,0,225,0.219,1,COM6
1,54546,37,rpm,1,1,36.5,36.5,3893,500,0,1,0.001,1,COM8
3,91076,37,rpm,27,354,36.5,36.5,3893,500,0,226,0.219,1,COM6
1,54566,37,rpm,1,1,36.5,36.5,3893,500,0,1,0.001,1,COM8
1,54587,37,rpm,1,1,36.5,36.5,3893,500,0,1,0.001,1,COM8
3,91096,37,rpm,172,354,36.5,36.5,3893,500,0,226,0.219,1,COM6
3,91117,37,rpm,535,354,36.5,36.5,3893,500,0,226,0.219,1,COM6
1,54607,37,rpm,0,1,36.5,36.5,3893,500,0,1,0.001,1,COM8
1,54628,37,rpm,0,1,36.5,36.5,3893,500,0,1,0.001,1,COM8
3,91137,37,rpm,774,354,36.5,36.5,3893,500,0,226,0.219,1,COM6
1,54648,37,rpm,1,1,36.5,36.5,3893,500,0,1,0.001,1,COM8
3,91158,37,rpm,800,354,36.5,36.5,3893,500,0,226,0.219,1,COM6
1,54669,37,rpm,1,1,36.5,36.5,3893,500,0,1,0.001,1,COM8
3,91179,37,rpm,710,354,36.5,36.5,3893,500,0,226,0.219,1,COM6
3,91199,37,rpm,549,354,36.5,36.5,3893,500,0,226,0.22,1,COM6
1,54689,37,rpm,1,1,36.5,36.5,3893,500,0,1,0.001,1,COM8
3,91220,37,rpm,388,354,36.5,36.5,3893,500,0,226,0.22,1,COM6
1,54710,37,rpm,1,1,36.5,36.5,3893,500,0,1,0.001,1,COM8
3,91240,37,rpm,271,354,36.5,36.5,3893,500,0,227,0.22,1,COM6
1,54730,37,rpm,1,1,36.5,36.5,3893,500,0,1,0.001,1,COM8
1,54751,37,rpm,1,1,36.5,36.5,3893,500,0,1,0.001,1,COM8
3,91261,37,rpm,156,354,36.5,36.5,3893,500,0,227,0.22,1,COM6
3,91281,37,rpm,27,354,36.5,36.5,3893,500,0,227,0.22,1,COM6
1,54771,37,rpm,1,1,36.5,36.5,3893,500,0,1,0.001,1,COM8
3,91302,37,rpm,12,354,36.5,36.5,3893,500,0,227,0.22,1,COM6
1,54791,37,rpm,1,1,36.5,36.5,3893,500,0,1,0.001,1,COM8
3,91323,37,rpm,12,354,36.5,36.5,3893,500,0,227,0.22,1,COM6
1,54812,37,rpm,1,1,36.5,36.5,3893,500,0,1,0.001,1,COM8
3,91343,37,rpm,61,354,36.5,36.5,3893,500,0,227,0.22,1,COM6
1,54832,37,rpm,1,1,36.5,36.5,3893,500,0,1,0.001,1,COM8
1,54853,37,rpm,1,1,36.5,36.5,3893,500,0,1,0.001,1,COM8
3,91364,37,rpm,370,354,36.5,36.5,3893,500,0,227,0.22,1,COM6
1,54873,37,rpm,1,1,36.5,36.5,3893,500,0,1,0.001,1,COM8
3,91384,37,rpm,605,354,36.5,36.5,3893,500,0,227,0.221,1,COM6
1,54894,37,rpm,1,1,36.5,36.5,3893,500,0,1,0.001,1,COM8
3,91405,37,rpm,703,354,36.5,36.5,3893,500,0,228,0.221,1,COM6
1,54914,37,rpm,1,1,36.5,36.5,3893,500,0,1,0.001,1,COM8
3,91425,37,rpm,739,354,36.5,36.5,3893,500,0,228,0.221,1,COM6
1,54935,37,rpm,1,1,36.5,36.5,3893,500,0,1,0.001,1,COM8
3,91446,37,rpm,641,354,36.5,36.5,3893,500,0,228,0.221,1,COM6
1,54955,37,rpm,1,1,36.5,36.5,3893,500,0,1,0.001,1,COM8
3,91467,37,rpm,494,354,36.5,36.5,3893,500,0,228,0.221,1,COM6
1,54975,37,rpm,1,1,36.5,36.5,3893,500,0,1,0.001,1,COM8
3,91487,37,rpm,377,354,36.5,36.5,3893,500,0,228,0.221,1,COM6
1,54996,37,rpm,1,1,36.5,36.5,3893,500,0,1,0.001,1,COM8
3,91508,37,rpm,279,354,36.5,36.5,3893,500,0,228,0.221,1,COM6
1,55016,37,rpm,1,1,36.5,36.5,3893,500,0,1,0.001,1,COM8
3,91528,37,rpm,36,354,36.5,36.5,3893,500,0,228,0.221,1,COM6
1,55037,37,rpm,1,1,36.5,36.5,3893,500,0,1,0.001,1,COM8
3,91549,37,rpm,16,354,36.5,36.5,3893,500,0,228,0.222,1,COM6
1,55057,37,rpm,1,1,36.5,36.5,3893,500,0,1,0.001,1,COM8
3,91569,37,rpm,13,354,36.5,36.5,3893,500,0,228,0.222,1,COM6
1,55078,37,rpm,1,1,36.5,36.5,3893,500,0,1,0.001,1,COM8
3,91590,37,rpm,44,354,36.5,36.5,3893,500,0,229,0.222,1,COM6
1,55098,37,rpm,1,1,36.5,36.5,3893,500,0,1,0.001,1,COM8
3,91611,37,rpm,309,354,36.5,36.5,3893,500,0,229,0.222,1,COM6
1,55119,37,rpm,1,1,36.5,36.5,3893,500,0,1,0.001,1,COM8
3,91631,37,rpm,606,354,36.5,36.5,3893,500,0,229,0.222,1,COM6
1,55139,37,rpm,0,1,36.5,36.5,3893,500,0,1,0.001,1,COM8
3,91652,37,rpm,701,354,36.5,36.5,3893,500,0,229,0.222,1,COM6
1,55160,37,rpm,1,1,36.5,36.5,3893,500,0,1,0.001,1,COM8
3,91672,37,rpm,707,354,36.5,36.5,3893,500,0,229,0.222,1,COM6
1,55180,37,rpm,1,1,36.5,36.5,3893,500,0,1,0.001,1,COM8
3,91693,37,rpm,672,354,36.5,36.5,3893,500,0,229,0.222,1,COM6
1,55200,37,rpm,1,1,36.5,36.5,3893,500,0,1,0.001,1,COM8
3,91713,37,rpm,569,354,36.5,36.5,3893,500,0,229,0.222,1,COM6
1,55221,37,rpm,1,1,36.5,36.5,3893,500,0,1,0.001,1,COM8
3,91734,37,rpm,456,354,36.5,36.5,3893,500,0,229,0.223,1,COM6
1,55241,37,rpm,1,1,36.5,36.5,3893,500,0,1,0.001,1,COM8
3,91754,37,rpm,362,354,36.5,36.5,3893,500,0,230,0.223,1,COM6
1,55262,37,rpm,1,1,36.5,36.5,3893,500,0,1,0.001,1,COM8
3,91775,37,rpm,134,354,36.5,36.5,3893,500,0,230,0.223,1,COM6
1,55282,37,rpm,1,1,36.5,36.5,3893,500,0,1,0.001,1,COM8
3,91796,37,rpm,23,354,36.5,36.5,3893,500,0,230,0.223,1,COM6
1,55303,37,rpm,1,1,36.5,36.5,3893,500,0,1,0.001,1,COM8
3,91816,37,rpm,13,354,36.5,36.5,3893,500,0,230,0.223,1,COM6
1,55323,37,rpm,1,1,36.5,36.5,3893,500,0,1,0.001,1,COM8
3,91837,37,rpm,22,354,36.5,36.5,3893,500,0,230,0.223,1,COM6
1,55344,37,rpm,1,1,36.5,36.5,3893,500,0,1,0.001,1,COM8
3,91857,37,rpm,130,354,36.5,36.5,3893,500,0,230,0.223,1,COM6
1,55364,37,rpm,1,1,36.5,36.5,3893,500,0,1,0.001,1,COM8
3,91878,37,rpm,477,354,36.5,36.5,3893,500,0,230,0.223,1,COM6
1,55384,37,rpm,0,1,36.5,36.5,3893,500,0,1,0.001,1,COM8
3,91899,37,rpm,635,354,36.5,36.5,3893,500,0,230,0.224,1,COM6
1,55405,37,rpm,1,1,36.5,36.5,3893,500,0,1,0.001,1,COM8
3,91919,37,rpm,692,354,36.5,36.5,3893,500,0,231,0.224,1,COM6
1,55425,37,rpm,1,1,36.5,36.5,3893,500,0,1,0.001,1,COM8
3,91940,37,rpm,661,354,36.5,36.5,3893,500,0,231,0.224,1,COM6
1,55446,37,rpm,1,1,36.5,36.5,3893,500,0,1,0.001,1,COM8
3,91960,37,rpm,593,354,36.5,36.5,3893,500,0,231,0.224,1,COM6
1,55466,37,rpm,1,1,36.5,36.5,3893,500,0,1,0.001,1,COM8
3,91981,37,rpm,473,354,36.5,36.5,3893,500,0,231,0.224,1,COM6
1,55487,37,rpm,1,1,36.5,36.5,3893,500,0,1,0.001,1,COM8
3,92001,37,rpm,389,354,36.5,36.5,3893,500,0,231,0.224,1,COM6
1,55507,37,rpm,1,1,36.5,36.5,3893,500,0,1,0.001,1,COM8
3,92022,37,rpm,223,354,36.5,36.5,3893,500,0,231,0.224,1,COM6
1,55528,37,rpm,1,1,36.5,36.5,3893,500,0,1,0.001,1,COM8
3,92043,37,rpm,29,354,36.5,36.5,3893,500,0,231,0.224,1,COM6
1,55548,37,rpm,1,1,36.5,36.5,3893,500,0,1,0.001,1,COM8
3,92063,37,rpm,14,354,36.5,36.5,3893,500,0,231,0.224,1,COM6
1,55568,37,rpm,1,1,36.5,36.5,3893,500,0,1,0.001,1,COM8
3,92084,37,rpm,14,354,36.5,36.5,3893,500,0,232,0.225,1,COM6
1,55589,37,rpm,1,1,36.5,36.5,3893,500,0,1,0.001,1,COM8
3,92104,37,rpm,55,354,36.5,36.5,3893,500,0,232,0.225,1,COM6
1,55609,37,rpm,1,1,36.5,36.5,3893,500,0,1,0.001,1,COM8
3,92125,37,rpm,287,354,36.5,36.5,3893,500,0,232,0.225,1,COM6
1,55630,37,rpm,1,1,36.5,36.5,3893,500,0,1,0.001,1,COM8
3,92146,37,rpm,612,354,36.5,36.5,3893,500,0,232,0.225,1,COM6
1,55650,37,rpm,0,1,36.5,36.5,3893,500,0,1,0.001,1,COM8
3,92166,37,rpm,799,354,36.5,36.5,3893,500,0,232,0.225,1,COM6
1,55671,37,rpm,1,1,36.5,36.5,3893,500,0,1,0.001,1,COM8
3,92187,37,rpm,773,354,36.5,36.5,3893,500,0,232,0.225,1,COM6
1,55691,37,rpm,1,1,36.5,36.5,3893,500,0,1,0.001,1,COM8
3,92207,37,rpm,686,354,36.5,36.5,3893,500,0,232,0.225,1,COM6
1,55712,37,rpm,1,1,36.5,36.5,3893,500,0,1,0.001,1,COM8
3,92228,37,rpm,534,354,36.5,36.5,3893,500,0,232,0.225,1,COM6
1,55732,37,rpm,1,1,36.5,36.5,3893,500,0,1,0.001,1,COM8
3,92248,37,rpm,368,354,36.5,36.5,3893,500,0,233,0.226,1,COM6
1,55753,37,rpm,1,1,36.5,36.5,3893,500,0,1,0.001,1,COM8
3,92269,37,rpm,284,354,36.5,36.5,3893,500,0,233,0.226,1,COM6
1,55773,37,rpm,1,1,36.5,36.5,3893,500,0,1,0.001,1,COM8
3,92289,37,rpm,146,354,36.5,36.5,3893,500,0,233,0.226,1,COM6
1,55793,37,rpm,1,1,36.5,36.5,3893,500,0,1,0.001,1,COM8
3,92310,37,rpm,25,354,36.5,36.5,3893,500,0,233,0.226,1,COM6
1,55814,37,rpm,1,1,36.5,36.5,3893,500,0,1,0.001,1,COM8
3,92331,37,rpm,12,354,36.5,36.5,3893,500,0,233,0.226,1,COM6
1,55834,37,rpm,1,1,36.5,36.5,3893,500,0,1,0.001,1,COM8
3,92351,37,rpm,15,354,36.5,36.5,3893,500,0,233,0.226,1,COM6
1,55855,37,rpm,1,1,36.5,36.5,3893,500,0,1,0.001,1,COM8
3,92372,37,rpm,70,354,36.5,36.5,3893,500,0,233,0.226,1,COM6
1,55875,37,rpm,1,1,36.5,36.5,3893,500,0,1,0.001,1,COM8
3,92392,37,rpm,320,354,36.5,36.5,3893,500,0,233,0.226,1,COM6
1,55896,37,rpm,0,1,36.5,36.5,3893,500,0,1,0.001,1,COM8
3,92413,37,rpm,602,354,36.5,36.5,3893,500,0,233,0.226,1,COM6
1,55916,37,rpm,1,1,36.5,36.5,3893,500,0,1,0.001,1,COM8
3,92433,37,rpm,764,354,36.5,36.5,3893,500,0,234,0.227,1,COM6
1,55937,37,rpm,1,1,36.5,36.5,3893,500,0,1,0.001,1,COM8
3,92454,37,rpm,719,354,36.5,36.5,3893,500,0,234,0.227,1,COM6
1,55957,37,rpm,1,1,36.5,36.5,3893,500,0,1,0.001,1,COM8
3,92475,37,rpm,642,354,36.5,36.5,3893,500,0,234,0.227,1,COM6
1,55978,37,rpm,1,1,36.5,36.5,3893,500,0,1,0.001,1,COM8
3,92495,37,rpm,464,354,36.5,36.5,3893,500,0,234,0.227,1,COM6
1,55998,37,rpm,1,1,36.5,36.5,3893,500,0,1,0.001,1,COM8
3,92516,37,rpm,328,354,36.5,36.5,3893,500,0,234,0.227,1,COM6
1,56019,37,rpm,1,1,36.5,36.5,3893,500,0,1,0.001,1,COM8
3,92536,37,rpm,277,354,36.5,36.5,3893,500,0,234,0.227,1,COM6
1,56039,37,rpm,1,1,36.5,36.5,3893,500,0,1,0.001,1,COM8
3,92557,37,rpm,62,354,36.5,36.5,3893,500,0,234,0.227,1,COM6
1,56059,37,rpm,1,1,36.5,36.5,3893,500,0,1,0.001,1,COM8
3,92578,37,rpm,16,354,36.5,36.5,3893,500,0,234,0.227,1,COM6
1,56080,37,rpm,1,1,36.5,36.5,3893,500,0,1,0.001,1,COM8
3,92598,37,rpm,11,354,36.5,36.5,3893,500,0,235,0.228,1,COM6
1,56100,37,rpm,1,1,36.5,36.5,3893,500,0,1,0.001,1,COM8
3,92619,37,rpm,27,354,36.5,36.5,3893,500,0,235,0.228,1,COM6
1,56121,37,rpm,1,1,36.5,36.5,3893,500,0,1,0.001,1,COM8
3,92639,37,rpm,172,354,36.5,36.5,3893,500,0,235,0.228,1,COM6
1,56141,37,rpm,1,1,36.5,36.5,3893,500,0,1,0.001,1,COM8
3,92660,37,rpm,542,354,36.5,36.5,3893,500,0,235,0.228,1,COM6
1,56162,37,rpm,0,1,36.5,36.5,3893,500,0,1,0.001,1,COM8
3,92681,37,rpm,791,354,36.5,36.5,3893,500,0,235,0.228,1,COM6
1,56182,37,rpm,1,1,36.5,36.5,3893,500,0,1,0.001,1,COM8
3,92701,37,rpm,799,354,36.5,36.5,3893,500,0,235,0.228,1,COM6
1,56203,37,rpm,1,1,36.5,36.5,3893,500,0,1,0.001,1,COM8
3,92722,37,rpm,710,354,36.5,36.5,3893,500,0,235,0.228,1,COM6
1,56223,37,rpm,1,1,36.5,36.5,3893,500,0,1,0.001,1,COM8
3,92742,37,rpm,546,354,36.5,36.5,3893,500,0,235,0.228,1,COM6
1,56244,37,rpm,1,1,36.5,36.5,3893,500,0,1,0.001,1,COM8
3,92763,37,rpm,382,354,36.5,36.5,3893,500,0,236,0.228,1,COM6
1,56264,37,rpm,1,1,36.5,36.5,3893,500,0,1,0.001,1,COM8
3,92783,37,rpm,268,354,36.5,36.5,3893,500,0,236,0.229,1,COM6
1,56285,37,rpm,1,1,36.5,36.5,3893,500,0,1,0.001,1,COM8
3,92804,37,rpm,154,354,36.5,36.5,3893,500,0,236,0.229,1,COM6
1,56305,37,rpm,1,1,36.5,36.5,3893,500,0,1,0.001,1,COM8
3,92825,37,rpm,27,354,36.5,36.5,3893,500,0,236,0.229,1,COM6
1,56325,37,rpm,1,1,36.5,36.5,3893,500,0,1,0.001,1,COM8
3,92845,37,rpm,12,354,36.5,36.5,3893,500,0,236,0.229,1,COM6
1,56346,37,rpm,1,1,36.5,36.5,3893,500,0,1,0.001,1,COM8
3,92866,37,rpm,12,354,36.5,36.5,3893,500,0,236,0.229,1,COM6
1,56366,37,rpm,1,1,36.5,36.5,3893,500,0,1,0.001,1,COM8
3,92886,37,rpm,62,354,36.5,36.5,3893,500,0,236,0.229,1,COM6
1,56387,37,rpm,1,1,36.5,36.5,3893,500,0,1,0.001,1,COM8
3,92907,37,rpm,360,354,36.5,36.5,3893,500,0,236,0.229,1,COM6
1,56407,37,rpm,0,1,36.5,36.5,3893,500,0,1,0.001,1,COM8
3,92927,37,rpm,599,354,36.5,36.5,3893,500,0,237,0.229,1,COM6
1,56428,37,rpm,1,1,36.5,36.5,3893,500,0,1,0.001,1,COM8
3,92948,37,rpm,686,354,36.5,36.5,3893,500,0,237,0.23,1,COM6
1,56448,37,rpm,1,1,36.5,36.5,3893,500,0,1,0.001,1,COM8
3,92969,37,rpm,729,354,36.5,36.5,3893,500,0,237,0.23,1,COM6
1,56469,37,rpm,1,1,36.5,36.5,3893,500,0,1,0.001,1,COM8
3,92989,37,rpm,640,354,36.5,36.5,3893,500,0,237,0.23,1,COM6
1,56489,37,rpm,1,1,36.5,36.5,3893,500,0,1,0.001,1,COM8
3,93010,37,rpm,503,354,36.5,36.5,3893,500,0,237,0.23,1,COM6
1,56510,37,rpm,1,1,36.5,36.5,3893,500,0,1,0.001,1,COM8
3,93030,37,rpm,384,354,36.5,36.5,3893,500,0,237,0.23,1,COM6
1,56530,37,rpm,1,1,36.5,36.5,3893,500,0,1,0.001,1,COM8
3,93051,37,rpm,277,354,36.5,36.5,3893,500,0,237,0.23,1,COM6
1,56550,37,rpm,1,1,36.5,36.5,3893,500,0,1,0.001,1,COM8
3,93071,37,rpm,36,354,36.5,36.5,3893,500,0,237,0.23,1,COM6
1,56571,37,rpm,1,1,36.5,36.5,3893,500,0,1,0.001,1,COM8
3,93092,37,rpm,16,354,36.5,36.5,3893,500,0,237,0.23,1,COM6
1,56591,37,rpm,1,1,36.5,36.5,3893,500,0,1,0.001,1,COM8
3,93112,37,rpm,13,354,36.5,36.5,3893,500,0,238,0.23,1,COM6
1,56612,37,rpm,1,1,36.5,36.5,3893,500,0,1,0.001,1,COM8
3,93133,37,rpm,40,354,36.5,36.5,3893,500,0,238,0.231,1,COM6
1,56632,37,rpm,1,1,36.5,36.5,3893,500,0,1,0.001,1,COM8
3,93154,37,rpm,290,354,36.5,36.5,3893,500,0,238,0.231,1,COM6
1,56653,37,rpm,1,1,36.5,36.5,3893,500,0,1,0.001,1,COM8
3,93174,37,rpm,608,354,36.5,36.5,3893,500,0,238,0.231,1,COM6
1,56673,37,rpm,1,1,36.5,36.5,3893,500,0,1,0.001,1,COM8
3,93195,37,rpm,697,354,36.5,36.5,3893,500,0,238,0.231,1,COM6
1,56693,37,rpm,1,1,36.5,36.5,3893,500,0,1,0.001,1,COM8
3,93215,37,rpm,716,354,36.5,36.5,3893,500,0,238,0.231,1,COM6
1,56714,37,rpm,1,1,36.5,36.5,3893,500,0,1,0.001,1,COM8
3,93236,37,rpm,672,354,36.5,36.5,3893,500,0,238,0.231,1,COM6
1,56734,37,rpm,1,1,36.5,36.5,3893,500,0,1,0.001,1,COM8
3,93256,37,rpm,573,354,36.5,36.5,3893,500,0,238,0.231,1,COM6
1,56755,37,rpm,1,1,36.5,36.5,3893,500,0,1,0.001,1,COM8
3,93277,37,rpm,458,354,36.5,36.5,3893,500,0,239,0.231,1,COM6
1,56775,37,rpm,1,1,36.5,36.5,3893,500,0,1,0.001,1,COM8
3,93298,37,rpm,362,354,36.5,36.5,3893,500,0,239,0.232,1,COM6
1,56796,37,rpm,1,1,36.5,36.5,3893,500,0,1,0.001,1,COM8
3,93318,37,rpm,128,354,36.5,36.5,3893,500,0,239,0.232,1,COM6
1,56816,37,rpm,1,1,36.5,36.5,3893,500,0,1,0.001,1,COM8
3,93339,37,rpm,22,354,36.5,36.5,3893,500,0,239,0.232,1,COM6
1,56837,37,rpm,1,1,36.5,36.5,3893,500,0,1,0.001,1,COM8
3,93359,37,rpm,13,354,36.5,36.5,3893,500,0,239,0.232,1,COM6
1,56857,37,rpm,1,1,36.5,36.5,3893,500,0,1,0.001,1,COM8
3,93380,37,rpm,22,354,36.5,36.5,3893,500,0,239,0.232,1,COM6
1,56877,37,rpm,1,1,36.5,36.5,3893,500,0,1,0.001,1,COM8
3,93401,37,rpm,131,354,36.5,36.5,3893,500,0,239,0.232,1,COM6
1,56898,37,rpm,1,1,36.5,36.5,3893,500,0,1,0.001,1,COM8
3,93421,37,rpm,469,354,36.5,36.5,3893,500,0,239,0.232,1,COM6
1,56918,37,rpm,0,1,36.5,36.5,3893,500,0,1,0.001,1,COM8
3,93442,37,rpm,633,354,36.5,36.5,3893,500,0,240,0.232,1,COM6
1,56939,37,rpm,1,1,36.5,36.5,3893,500,0,1,0.001,1,COM8
3,93462,37,rpm,693,354,36.5,36.5,3893,500,0,240,0.232,1,COM6
1,56959,37,rpm,1,1,36.5,36.5,3893,500,0,1,0.001,1,COM8
3,93483,37,rpm,667,354,36.5,36.5,3893,500,0,240,0.233,1,COM6
1,56980,37,rpm,1,1,36.5,36.5,3893,500,0,1,0.001,1,COM8
3,93503,37,rpm,586,354,36.5,36.5,3893,500,0,240,0.233,1,COM6
1,57000,37,rpm,1,1,36.5,36.5,3893,500,0,1,0.001,1,COM8
3,93524,37,rpm,472,354,36.5,36.5,3893,500,0,240,0.233,1,COM6
1,57021,37,rpm,1,1,36.5,36.5,3893,500,0,1,0.001,1,COM8
3,93544,37,rpm,393,354,36.5,36.5,3893,500,0,240,0.233,1,COM6
1,57041,37,rpm,1,1,36.5,36.5,3893,500,0,1,0.001,1,COM8
3,93565,37,rpm,222,354,36.5,36.5,3893,500,0,240,0.233,1,COM6
1,57061,37,rpm,1,1,36.5,36.5,3893,500,0,1,0.001,1,COM8
3,93586,37,rpm,29,354,36.5,36.5,3893,500,0,240,0.233,1,COM6
1,57082,37,rpm,1,1,36.5,36.5,3893,500,0,1,0.001,1,COM8
3,93606,37,rpm,14,354,36.5,36.5,3893,500,0,241,0.233,1,COM6
1,57102,37,rpm,1,1,36.5,36.5,3893,500,0,1,0.001,1,COM8
3,93627,37,rpm,14,354,36.5,36.5,3893,500,0,241,0.233,1,COM6
1,57123,37,rpm,1,1,36.5,36.5,3893,500,0,1,0.001,1,COM8
3,93647,37,rpm,51,354,36.5,36.5,3893,500,0,241,0.234,1,COM6
1,57143,37,rpm,1,1,36.5,36.5,3893,500,0,1,0.001,1,COM8
3,93668,37,rpm,276,354,36.5,36.5,3893,500,0,241,0.234,1,COM6
1,57164,37,rpm,1,1,36.5,36.5,3893,500,0,1,0.001,1,COM8
3,93688,37,rpm,554,354,36.5,36.5,3893,500,0,241,0.234,1,COM6
1,57184,37,rpm,0,1,36.5,36.5,3893,500,0,1,0.001,1,COM8
3,93709,37,rpm,769,354,36.5,36.5,3893,500,0,241,0.234,1,COM6
1,57205,37,rpm,1,1,36.5,36.5,3893,500,0,1,0.001,1,COM8
3,93729,37,rpm,785,354,36.5,36.5,3893,500,0,241,0.234,1,COM6
1,57225,37,rpm,1,1,36.5,36.5,3893,500,0,1,0.001,1,COM8
3,93750,37,rpm,704,354,36.5,36.5,3893,500,0,241,0.234,1,COM6
1,57245,37,rpm,1,1,36.5,36.5,3893,500,0,1,0.001,1,COM8
3,93771,37,rpm,555,354,36.5,36.5,3893,500,0,241,0.234,1,COM6
1,57266,37,rpm,1,1,36.5,36.5,3893,500,0,1,0.001,1,COM8
3,93791,37,rpm,388,354,36.5,36.5,3893,500,0,242,0.234,1,COM6
1,57286,37,rpm,1,1,36.5,36.5,3893,500,0,1,0.001,1,COM8
3,93812,37,rpm,301,354,36.5,36.5,3893,500,0,242,0.234,1,COM6
1,57307,37,rpm,1,1,36.5,36.5,3893,500,0,1,0.001,1,COM8
3,93832,37,rpm,164,354,36.5,36.5,3893,500,0,242,0.235,1,COM6
1,57327,37,rpm,1,1,36.5,36.5,3893,500,0,1,0.001,1,COM8
3,93853,37,rpm,26,354,36.5,36.5,3893,500,0,242,0.235,1,COM6
1,57348,37,rpm,1,1,36.5,36.5,3893,500,0,1,0.001,1,COM8
3,93873,37,rpm,12,354,36.5,36.5,3893,500,0,242,0.235,1,COM6
1,57368,37,rpm,1,1,36.5,36.5,3893,500,0,1,0.001,1,COM8
3,93894,37,rpm,13,354,36.5,36.5,3893,500,0,242,0.235,1,COM6
1,57388,37,rpm,1,1,36.5,36.5,3893,500,0,1,0.001,1,COM8
3,93915,37,rpm,59,354,36.5,36.5,3893,500,0,242,0.235,1,COM6
1,57409,37,rpm,1,1,36.5,36.5,3893,500,0,1,0.001,1,COM8
3,93935,37,rpm,299,354,36.5,36.5,3893,500,0,242,0.235,1,COM6
1,57429,37,rpm,1,1,36.5,36.5,3893,500,0,1,0.001,1,COM8
3,93956,37,rpm,567,354,36.5,36.5,3893,500,0,243,0.235,1,COM6
1,57450,37,rpm,0,1,36.5,36.5,3893,500,0,1,0.001,1,COM8
3,93976,37,rpm,762,354,36.5,36.5,3893,500,0,243,0.235,1,COM6
1,57470,37,rpm,1,1,36.5,36.5,3893,500,0,1,0.001,1,COM8
3,93997,37,rpm,731,354,36.5,36.5,3893,500,0,243,0.236,1,COM6
1,57490,37,rpm,1,1,36.5,36.5,3893,500,0,1,0.001,1,COM8
3,94017,37,rpm,649,354,36.5,36.5,3893,500,0,243,0.236,1,COM6
1,57511,37,rpm,1,1,36.5,36.5,3893,500,0,1,0.001,1,COM8
3,94038,37,rpm,484,354,36.5,36.5,3893,500,0,243,0.236,1,COM6
1,57531,37,rpm,1,1,36.5,36.5,3893,500,0,1,0.001,1,COM8
3,94059,37,rpm,347,354,36.5,36.5,3893,500,0,243,0.236,1,COM6
1,57552,37,rpm,1,1,36.5,36.5,3893,500,0,1,0.001,1,COM8
3,94079,37,rpm,282,354,36.5,36.5,3893,500,0,243,0.236,1,COM6
1,57572,37,rpm,1,1,36.5,36.5,3893,500,0,1,0.001,1,COM8
3,94100,37,rpm,73,354,36.5,36.5,3893,500,0,243,0.236,1,COM6
1,57593,37,rpm,1,1,36.5,36.5,3893,500,0,1,0.001,1,COM8
3,94120,37,rpm,18,354,36.5,36.5,3893,500,0,244,0.236,1,COM6
1,57613,37,rpm,1,1,36.5,36.5,3893,500,0,1,0.001,1,COM8
3,94141,37,rpm,12,354,36.5,36.5,3893,500,0,244,0.236,1,COM6
1,57634,37,rpm,1,1,36.5,36.5,3893,500,0,1,0.001,1,COM8
3,94161,37,rpm,25,354,36.5,36.5,3893,500,0,244,0.236,1,COM6
1,57654,37,rpm,1,1,36.5,36.5,3893,500,0,1,0.001,1,COM8
3,94182,37,rpm,155,354,36.5,36.5,3893,500,0,244,0.237,1,COM6
1,57674,37,rpm,1,1,36.5,36.5,3893,500,0,1,0.001,1,COM8
3,94202,37,rpm,520,354,36.5,36.5,3893,500,0,244,0.237,1,COM6
1,57695,37,rpm,0,1,36.5,36.5,3893,500,0,1,0.001,1,COM8
3,94223,37,rpm,770,354,36.5,36.5,3893,500,0,244,0.237,1,COM6
1,57715,37,rpm,1,1,36.5,36.5,3893,500,0,1,0.001,1,COM8
3,94244,37,rpm,794,354,36.5,36.5,3893,500,0,244,0.237,1,COM6
1,57736,37,rpm,1,1,36.5,36.5,3893,500,0,1,0.001,1,COM8
3,94264,37,rpm,713,354,36.5,36.5,3893,500,0,244,0.237,1,COM6
1,57756,37,rpm,1,1,36.5,36.5,3893,500,0,1,0.001,1,COM8
3,94285,37,rpm,552,354,36.5,36.5,3893,500,0,245,0.237,1,COM6
1,57777,37,rpm,1,1,36.5,36.5,3893,500,0,1,0.001,1,COM8
3,94305,37,rpm,386,354,36.5,36.5,3893,500,0,245,0.237,1,COM6
1,57797,37,rpm,1,1,36.5,36.5,3893,500,0,1,0.001,1,COM8
3,94326,37,rpm,267,354,36.5,36.5,3893,500,0,245,0.237,1,COM6
1,57818,37,rpm,1,1,36.5,36.5,3893,500,0,1,0.001,1,COM8
3,94346,37,rpm,158,354,36.5,36.5,3893,500,0,245,0.238,1,COM6
1,57838,37,rpm,1,1,36.5,36.5,3893,500,0,1,0.001,1,COM8
3,94367,37,rpm,27,354,36.5,36.5,3893,500,0,245,0.238,1,COM6
1,57858,37,rpm,1,1,36.5,36.5,3893,500,0,1,0.001,1,COM8
3,94388,37,rpm,12,354,36.5,36.5,3893,500,0,245,0.238,1,COM6
1,57879,37,rpm,1,1,36.5,36.5,3893,500,0,1,0.001,1,COM8
1,57899,37,rpm,1,1,36.5,36.5,3893,500,0,1,0.001,1,COM8
3,94408,37,rpm,12,354,36.5,36.5,3893,500,0,245,0.238,1,COM6
1,57920,37,rpm,1,1,36.5,36.5,3893,500,0,1,0.001,1,COM8
3,94429,37,rpm,59,354,36.5,36.5,3893,500,0,245,0.238,1,COM6
3,94449,37,rpm,359,354,36.5,36.5,3893,500,0,245,0.238,1,COM6
1,57940,37,rpm,1,1,36.5,36.5,3893,500,0,1,0.001,1,COM8
3,94470,37,rpm,603,354,36.5,36.5,3893,500,0,246,0.238,1,COM6
1,57960,37,rpm,1,1,36.5,36.5,3893,500,0,1,0.001,1,COM8
3,94490,37,rpm,694,354,36.5,36.5,3893,500,0,246,0.238,1,COM6
1,57981,37,rpm,1,1,36.5,36.5,3893,500,0,1,0.001,1,COM8
1,58001,37,rpm,1,1,36.5,36.5,3893,500,0,1,0.001,1,COM8
3,94511,37,rpm,736,354,36.5,36.5,3893,500,0,246,0.238,1,COM6
3,94531,37,rpm,643,354,36.5,36.5,3893,500,0,246,0.239,1,COM6
1,58022,37,rpm,1,1,36.5,36.5,3893,500,0,1,0.001,1,COM8
3,94552,37,rpm,504,354,36.5,36.5,3893,500,0,246,0.239,1,COM6
1,58042,37,rpm,1,1,36.5,36.5,3893,500,0,1,0.001,1,COM8
3,94572,37,rpm,386,354,36.5,36.5,3893,500,0,246,0.239,1,COM6
1,58063,37,rpm,1,1,36.5,36.5,3893,500,0,1,0.001,1,COM8
3,94593,37,rpm,290,354,36.5,36.5,3893,500,0,246,0.239,1,COM6
1,58083,37,rpm,1,1,36.5,36.5,3893,500,0,1,0.001,1,COM8
3,94614,37,rpm,38,354,36.5,36.5,3893,500,0,246,0.239,1,COM6
1,58104,37,rpm,1,1,36.5,36.5,3893,500,0,1,0.001,1,COM8
1,58124,37,rpm,1,1,36.5,36.5,3893,500,0,1,0.001,1,COM8
3,94634,37,rpm,16,354,36.5,36.5,3893,500,0,247,0.239,1,COM6
3,94655,37,rpm,13,354,36.5,36.5,3893,500,0,247,0.239,1,COM6
1,58144,37,rpm,1,1,36.5,36.5,3893,500,0,1,0.001,1,COM8
1,58165,37,rpm,1,1,36.5,36.5,3893,500,0,1,0.001,1,COM8
3,94675,37,rpm,40,354,36.5,36.5,3893,500,0,247,0.239,1,COM6
1,58185,37,rpm,1,1,36.5,36.5,3893,500,0,1,0.001,1,COM8
3,94696,37,rpm,286,354,36.5,36.5,3893,500,0,247,0.24,1,COM6
1,58206,37,rpm,0,1,36.5,36.5,3893,500,0,1,0.001,1,COM8
3,94716,37,rpm,596,354,36.5,36.5,3893,500,0,247,0.24,1,COM6
1,58226,37,rpm,1,1,36.5,36.5,3893,500,0,1,0.001,1,COM8
3,94737,37,rpm,686,354,36.5,36.5,3893,500,0,247,0.24,1,COM6
3,94757,37,rpm,714,354,36.5,36.5,3893,500,0,247,0.24,1,COM6
1,58247,37,rpm,1,1,36.5,36.5,3893,500,0,1,0.001,1,COM8
1,58267,37,rpm,1,1,36.5,36.5,3893,500,0,1,0.001,1,COM8
3,94778,37,rpm,673,354,36.5,36.5,3893,500,0,247,0.24,1,COM6
1,58288,37,rpm,1,1,36.5,36.5,3893,500,0,1,0.001,1,COM8
3,94798,37,rpm,567,354,36.5,36.5,3893,500,0,248,0.24,1,COM6
1,58308,37,rpm,1,1,36.5,36.5,3893,500,0,1,0.001,1,COM8
3,94819,37,rpm,460,354,36.5,36.5,3893,500,0,248,0.24,1,COM6
1,58328,37,rpm,1,1,36.5,36.5,3893,500,0,1,0.001,1,COM8
3,94840,37,rpm,365,354,36.5,36.5,3893,500,0,248,0.24,1,COM6
1,58349,37,rpm,1,1,36.5,36.5,3893,500,0,1,0.001,1,COM8
3,94860,37,rpm,138,354,36.5,36.5,3893,500,0,248,0.24,1,COM6
1,58369,37,rpm,1,1,36.5,36.5,3893,500,0,1,0.001,1,COM8
3,94881,37,rpm,23,354,36.5,36.5,3893,500,0,248,0.241,1,COM6
1,58390,37,rpm,1,1,36.5,36.5,3893,500,0,1,0.001,1,COM8
3,94901,37,rpm,14,354,36.5,36.5,3893,500,0,248,0.241,1,COM6
1,58410,37,rpm,1,1,36.5,36.5,3893,500,0,1,0.001,1,COM8
3,94922,37,rpm,22,354,36.5,36.5,3893,500,0,248,0.241,1,COM6
1,58431,37,rpm,1,1,36.5,36.5,3893,500,0,1,0.001,1,COM8
3,94942,37,rpm,128,354,36.5,36.5,3893,500,0,248,0.241,1,COM6
1,58451,37,rpm,1,1,36.5,36.5,3893,500,0,1,0.001,1,COM8
3,94963,37,rpm,469,354,36.5,36.5,3893,500,0,249,0.241,1,COM6
1,58471,37,rpm,0,1,36.5,36.5,3893,500,0,1,0.001,1,COM8
3,94984,37,rpm,626,354,36.5,36.5,3893,500,0,249,0.241,1,COM6
1,58492,37,rpm,1,1,36.5,36.5,3893,500,0,1,0.001,1,COM8
3,95004,37,rpm,696,354,36.5,36.5,3893,500,0,249,0.241,1,COM6
1,58512,37,rpm,1,1,36.5,36.5,3893,500,0,1,0.001,1,COM8
3,95025,37,rpm,667,354,36.5,36.5,3893,500,0,249,0.241,1,COM6
1,58533,37,rpm,1,1,36.5,36.5,3893,500,0,1,0.001,1,COM8
3,95045,37,rpm,594,354,36.5,36.5,3893,500,0,249,0.242,1,COM6
1,58553,37,rpm,1,1,36.5,36.5,3893,500,0,1,0.001,1,COM8
3,95066,37,rpm,473,354,36.5,36.5,3893,500,0,249,0.242,1,COM6
1,58574,37,rpm,1,1,36.5,36.5,3893,500,0,1,0.001,1,COM8
3,95087,37,rpm,394,354,36.5,36.5,3893,500,0,249,0.242,1,COM6
1,58594,37,rpm,1,1,36.5,36.5,3893,500,0,1,0.001,1,COM8
3,95107,37,rpm,232,354,36.5,36.5,3893,500,0,249,0.242,1,COM6
1,58615,37,rpm,1,1,36.5,36.5,3893,500,0,1,0.001,1,COM8
3,95128,37,rpm,30,354,36.5,36.5,3893,500,0,249,0.242,1,COM6
1,58635,37,rpm,1,1,36.5,36.5,3893,500,0,1,0.001,1,COM8
3,95148,37,rpm,14,354,36.5,36.5,3893,500,0,250,0.242,1,COM6
1,58655,37,rpm,1,1,36.5,36.5,3893,500,0,1,0.001,1,COM8
3,95169,37,rpm,14,354,36.5,36.5,3893,500,0,250,0.242,1,COM6
1,58676,37,rpm,1,1,36.5,36.5,3893,500,0,1,0.001,1,COM8
3,95189,37,rpm,51,354,36.5,36.5,3893,500,0,250,0.242,1,COM6
1,58696,37,rpm,1,1,36.5,36.5,3893,500,0,1,0.001,1,COM8
3,95210,37,rpm,274,354,36.5,36.5,3893,500,0,250,0.242,1,COM6
1,58717,37,rpm,1,1,36.5,36.5,3893,500,0,1,0.001,1,COM8
3,95230,37,rpm,570,354,36.5,36.5,3893,500,0,250,0.243,1,COM6
1,58737,37,rpm,1,1,36.5,36.5,3893,500,0,1,0.001,1,COM8
3,95251,37,rpm,772,354,36.5,36.5,3893,500,0,250,0.243,1,COM6
1,58757,37,rpm,1,1,36.5,36.5,3893,500,0,1,0.001,1,COM8
3,95271,37,rpm,768,354,36.5,36.5,3893,500,0,250,0.243,1,COM6
1,58778,37,rpm,1,1,36.5,36.5,3893,500,0,1,0.001,1,COM8
3,95292,37,rpm,691,354,36.5,36.5,3893,500,0,250,0.243,1,COM6
1,58798,37,rpm,1,1,36.5,36.5,3893,500,0,1,0.001,1,COM8
3,95313,37,rpm,554,354,36.5,36.5,3893,500,0,251,0.243,1,COM6
1,58819,37,rpm,1,1,36.5,36.5,3893,500,0,1,0.001,1,COM8
3,95333,37,rpm,374,354,36.5,36.5,3893,500,0,251,0.243,1,COM6
1,58839,37,rpm,1,1,36.5,36.5,3893,500,0,1,0.001,1,COM8
3,95354,37,rpm,308,354,36.5,36.5,3893,500,0,251,0.243,1,COM6
1,58860,37,rpm,1,1,36.5,36.5,3893,500,0,1,0.001,1,COM8
3,95374,37,rpm,159,354,36.5,36.5,3893,500,0,251,0.243,1,COM6
1,58880,37,rpm,1,1,36.5,36.5,3893,500,0,1,0.001,1,COM8
3,95395,37,rpm,26,354,36.5,36.5,3893,500,0,251,0.244,1,COM6
1,58901,37,rpm,1,1,36.5,36.5,3893,500,0,1,0.001,1,COM8
3,95416,37,rpm,12,354,36.5,36.5,3893,500,0,251,0.244,1,COM6
1,58921,37,rpm,1,1,36.5,36.5,3893,500,0,1,0.001,1,COM8
3,95436,37,rpm,14,354,36.5,36.5,3893,500,0,251,0.244,1,COM6
1,58942,37,rpm,1,1,36.5,36.5,3893,500,0,1,0.001,1,COM8
3,95457,37,rpm,63,354,36.5,36.5,3893,500,0,251,0.244,1,COM6
1,58962,37,rpm,1,1,36.5,36.5,3893,500,0,1,0.001,1,COM8
3,95477,37,rpm,301,354,36.5,36.5,3893,500,0,252,0.244,1,COM6
1,58982,37,rpm,0,1,36.5,36.5,3893,500,0,1,0.001,1,COM8
3,95498,37,rpm,568,354,36.5,36.5,3893,500,0,252,0.244,1,COM6
1,59003,37,rpm,1,1,36.5,36.5,3893,500,0,1,0.001,1,COM8
3,95518,37,rpm,755,354,36.5,36.5,3893,500,0,252,0.244,1,COM6
1,59023,37,rpm,1,1,36.5,36.5,3893,500,0,1,0.001,1,COM8
3,95539,37,rpm,718,354,36.5,36.5,3893,500,0,252,0.244,1,COM6
1,59044,37,rpm,1,1,36.5,36.5,3893,500,0,1,0.001,1,COM8
3,95559,37,rpm,646,354,36.5,36.5,3893,500,0,252,0.244,1,COM6
1,59064,37,rpm,1,1,36.5,36.5,3893,500,0,1,0.001,1,COM8
3,95580,37,rpm,476,354,36.5,36.5,3893,500,0,252,0.245,1,COM6
1,59085,37,rpm,1,1,36.5,36.5,3893,500,0,1,0.001,1,COM8
3,95600,37,rpm,343,354,36.5,36.5,3893,500,0,252,0.245,1,COM6
1,59105,37,rpm,1,1,36.5,36.5,3893,500,0,1,0.001,1,COM8
3,95621,37,rpm,293,354,36.5,36.5,3893,500,0,252,0.245,1,COM6
1,59125,37,rpm,1,1,36.5,36.5,3893,500,0,1,0.001,1,COM8
3,95641,37,rpm,69,354,36.5,36.5,3893,500,0,253,0.245,1,COM6
1,59146,37,rpm,1,1,36.5,36.5,3893,500,0,1,0.001,1,COM8
3,95662,37,rpm,17,354,36.5,36.5,3893,500,0,253,0.245,1,COM6
1,59166,37,rpm,1,1,36.5,36.5,3893,500,0,1,0.001,1,COM8
3,95683,37,rpm,12,354,36.5,36.5,3893,500,0,253,0.245,1,COM6
1,59187,37,rpm,1,1,36.5,36.5,3893,500,0,1,0.001,1,COM8
3,95703,37,rpm,26,354,36.5,36.5,3893,500,0,253,0.245,1,COM6
1,59207,37,rpm,1,1,36.5,36.5,3893,500,0,1,0.001,1,COM8
3,95724,37,rpm,169,354,36.5,36.5,3893,500,0,253,0.245,1,COM6
1,59228,37,rpm,1,1,36.5,36.5,3893,500,0,1,0.001,1,COM8
3,95744,37,rpm,532,354,36.5,36.5,3893,500,0,253,0.246,1,COM6
1,59248,37,rpm,0,1,36.5,36.5,3893,500,0,1,0.001,1,COM8
3,95765,37,rpm,783,354,36.5,36.5,3893,500,0,253,0.246,1,COM6
1,59269,37,rpm,1,1,36.5,36.5,3893,500,0,1,0.001,1,COM8
3,95786,37,rpm,803,354,36.5,36.5,3893,500,0,253,0.246,1,COM6
1,59289,37,rpm,1,1,36.5,36.5,3893,500,0,1,0.001,1,COM8
3,95806,37,rpm,715,354,36.5,36.5,3893,500,0,253,0.246,1,COM6
1,59310,37,rpm,1,1,36.5,36.5,3893,500,0,1,0.001,1,COM8
3,95827,37,rpm,559,354,36.5,36.5,3893,500,0,254,0.246,1,COM6
1,59330,37,rpm,1,1,36.5,36.5,3893,500,0,1,0.001,1,COM8
3,95847,37,rpm,395,354,36.5,36.5,3893,500,0,254,0.246,1,COM6
1,59350,37,rpm,1,1,36.5,36.5,3893,500,0,1,0.001,1,COM8
3,95868,37,rpm,276,354,36.5,36.5,3893,500,0,254,0.246,1,COM6
1,59371,37,rpm,1,1,36.5,36.5,3893,500,0,1,0.001,1,COM8
3,95888,37,rpm,173,354,36.5,36.5,3893,500,0,254,0.246,1,COM6
1,59391,37,rpm,1,1,36.5,36.5,3893,500,0,1,0.001,1,COM8
3,95909,37,rpm,27,354,36.5,36.5,3893,500,0,254,0.246,1,COM6
1,59412,37,rpm,1,1,36.5,36.5,3893,500,0,1,0.001,1,COM8
3,95930,37,rpm,13,354,36.5,36.5,3893,500,0,254,0.247,1,COM6
1,59432,37,rpm,1,1,36.5,36.5,3893,500,0,1,0.001,1,COM8
3,95950,37,rpm,12,354,36.5,36.5,3893,500,0,254,0.247,1,COM6
1,59453,37,rpm,1,1,36.5,36.5,3893,500,0,1,0.001,1,COM8
3,95971,37,rpm,52,354,36.5,36.5,3893,500,0,254,0.247,1,COM6
1,59473,37,rpm,1,1,36.5,36.5,3893,500,0,1,0.001,1,COM8
3,95991,37,rpm,334,354,36.5,36.5,3893,500,0,255,0.247,1,COM6
1,59494,37,rpm,0,1,36.5,36.5,3893,500,0,1,0.001,1,COM8
3,96012,37,rpm,592,354,36.5,36.5,3893,500,0,255,0.247,1,COM6
1,59514,37,rpm,1,1,36.5,36.5,3893,500,0,1,0.001,1,COM8
3,96033,37,rpm,686,354,36.5,36.5,3893,500,0,255,0.247,1,COM6
1,59535,37,rpm,1,1,36.5,36.5,3893,500,0,1,0.001,1,COM8
3,96053,37,rpm,734,354,36.5,36.5,3893,500,0,255,0.247,1,COM6
1,59555,37,rpm,1,1,36.5,36.5,3893,500,0,1,0.001,1,COM8
3,96074,37,rpm,650,354,36.5,36.5,3893,500,0,255,0.247,1,COM6
1,59576,37,rpm,1,1,36.5,36.5,3893,500,0,1,0.001,1,COM8
3,96094,37,rpm,506,354,36.5,36.5,3893,500,0,255,0.248,1,COM6
1,59596,37,rpm,1,1,36.5,36.5,3893,500,0,1,0.001,1,COM8
3,96115,37,rpm,380,354,36.5,36.5,3893,500,0,255,0.248,1,COM6
1,59617,37,rpm,1,1,36.5,36.5,3893,500,0,1,0.001,1,COM8
3,96136,37,rpm,287,354,36.5,36.5,3893,500,0,255,0.248,1,COM6
1,59637,37,rpm,1,1,36.5,36.5,3893,500,0,1,0.001,1,COM8
3,96156,37,rpm,39,354,36.5,36.5,3893,500,0,256,0.248,1,COM6
1,59658,37,rpm,1,1,36.5,36.5,3893,500,0,1,0.001,1,COM8
3,96177,37,rpm,16,354,36.5,36.5,3893,500,0,256,0.248,1,COM6
1,59678,37,rpm,1,1,36.5,36.5,3893,500,0,1,0.001,1,COM8
3,96197,37,rpm,13,354,36.5,36.5,3893,500,0,256,0.248,1,COM6
1,59698,37,rpm,1,1,36.5,36.5,3893,500,0,1,0.001,1,COM8
3,96218,37,rpm,38,354,36.5,36.5,3893,500,0,256,0.248,1,COM6
1,59719,37,rpm,1,1,36.5,36.5,3893,500,0,1,0.001,1,COM8
3,96239,37,rpm,278,354,36.5,36.5,3893,500,0,256,0.248,1,COM6
1,59739,37,rpm,1,1,36.5,36.5,3893,500,0,1,0.001,1,COM8
3,96259,37,rpm,605,354,36.5,36.5,3893,500,0,256,0.248,1,COM6
1,59760,37,rpm,0,1,36.5,36.5,3893,500,0,1,0.001,1,COM8
3,96280,37,rpm,699,354,36.5,36.5,3893,500,0,256,0.249,1,COM6
1,59780,37,rpm,1,1,36.5,36.5,3893,500,0,1,0.001,1,COM8
3,96300,37,rpm,715,354,36.5,36.5,3893,500,0,256,0.249,1,COM6
1,59801,37,rpm,1,1,36.5,36.5,3893,500,0,1,0.001,1,COM8
3,96321,37,rpm,676,354,36.5,36.5,3893,500,0,257,0.249,1,COM6
1,59821,37,rpm,1,1,36.5,36.5,3893,500,0,1,0.001,1,COM8
3,96341,37,rpm,572,354,36.5,36.5,3893,500,0,257,0.249,1,COM6
1,59842,37,rpm,1,1,36.5,36.5,3893,500,0,1,0.001,1,COM8
3,96362,37,rpm,463,354,36.5,36.5,3893,500,0,257,0.249,1,COM6
1,59862,37,rpm,1,1,36.5,36.5,3893,500,0,1,0.001,1,COM8
3,96383,37,rpm,369,354,36.5,36.5,3893,500,0,257,0.249,1,COM6
1,59883,37,rpm,1,1,36.5,36.5,3893,500,0,1,0.001,1,COM8
3,96403,37,rpm,147,354,36.5,36.5,3893,500,0,257,0.249,1,COM6
1,59903,37,rpm,1,1,36.5,36.5,3893,500,0,1,0.001,1,COM8
3,96424,37,rpm,24,354,36.5,36.5,3893,500,0,257,0.249,1,COM6
1,59924,37,rpm,1,1,36.5,36.5,3893,500,0,1,0.001,1,COM8
3,96444,37,rpm,13,354,36.5,36.5,3893,500,0,257,0.25,1,COM6
1,59944,37,rpm,1,1,36.5,36.5,3893,500,0,1,0.001,1,COM8
3,96465,37,rpm,20,354,36.5,36.5,3893,500,0,257,0.25,1,COM6
1,59964,37,rpm,1,1,36.5,36.5,3893,500,0,1,0.001,1,COM8
3,96486,37,rpm,118,354,36.5,36.5,3893,500,0,258,0.25,1,COM6
1,59985,37,rpm,1,1,36.5,36.5,3893,500,0,1,0.001,1,COM8
3,96506,37,rpm,462,354,36.5,36.5,3893,500,0,258,0.25,1,COM6
1,60005,37,rpm,0,1,36.5,36.5,3893,500,0,1,0.001,1,COM8
3,96527,37,rpm,627,354,36.5,36.5,3893,500,0,258,0.25,1,COM6
1,60026,37,rpm,0,1,36.5,36.5,3893,500,0,1,0.001,1,COM8
3,96547,37,rpm,689,354,36.5,36.5,3893,500,0,258,0.25,1,COM6
1,60046,37,rpm,1,1,36.5,36.5,3893,500,0,1,0.001,1,COM8
3,96568,37,rpm,665,354,36.5,36.5,3893,500,0,258,0.25,1,COM6
1,60067,37,rpm,1,1,36.5,36.5,3893,500,0,1,0.001,1,COM8
3,96589,37,rpm,587,354,36.5,36.5,3893,500,0,258,0.25,1,COM6
1,60087,37,rpm,1,1,36.5,36.5,3893,500,0,1,0.001,1,COM8
3,96609,37,rpm,478,354,36.5,36.5,3893,500,0,258,0.25,1,COM6
1,60108,37,rpm,1,1,36.5,36.5,3893,500,0,1,0.001,1,COM8
3,96630,37,rpm,392,354,36.5,36.5,3893,500,0,258,0.251,1,COM6
1,60128,37,rpm,1,1,36.5,36.5,3893,500,0,1,0.001,1,COM8
3,96650,37,rpm,222,354,36.5,36.5,3893,500,0,258,0.251,1,COM6
1,60149,37,rpm,1,1,36.5,36.5,3893,500,0,1,0.001,1,COM8
3,96671,37,rpm,27,354,36.5,36.5,3893,500,0,259,0.251,1,COM6
1,60169,37,rpm,1,1,36.5,36.5,3893,500,0,1,0.001,1,COM8
3,96691,37,rpm,13,354,36.5,36.5,3893,500,0,259,0.251,1,COM6
1,60190,37,rpm,1,1,36.5,36.5,3893,500,0,1,0.001,1,COM8
3,96712,37,rpm,13,354,36.5,36.5,3893,500,0,259,0.251,1,COM6
1,60210,37,rpm,1,1,36.5,36.5,3893,500,0,1,0.001,1,COM8
3,96733,37,rpm,51,354,36.5,36.5,3893,500,0,259,0.251,1,COM6
1,60231,37,rpm,1,1,36.5,36.5,3893,500,0,1,0.001,1,COM8
3,96753,37,rpm,272,354,36.5,36.5,3893,500,0,259,0.251,1,COM6
1,60251,37,rpm,1,1,36.5,36.5,3893,500,0,1,0.001,1,COM8
3,96774,37,rpm,570,354,36.5,36.5,3893,500,0,259,0.251,1,COM6
1,60271,37,rpm,0,1,36.5,36.5,3893,500,0,1,0.001,1,COM8
3,96795,37,rpm,794,354,36.5,36.5,3893,500,0,259,0.252,1,COM6
1,60292,37,rpm,1,1,36.5,36.5,3893,500,0,1,0.001,1,COM8
3,96815,37,rpm,797,354,36.5,36.5,3893,500,0,259,0.252,1,COM6
1,60312,37,rpm,1,1,36.5,36.5,3893,500,0,1,0.001,1,COM8
3,96836,37,rpm,705,354,36.5,36.5,3893,500,0,260,0.252,1,COM6
1,60333,37,rpm,1,1,36.5,36.5,3893,500,0,1,0.001,1,COM8
3,96856,37,rpm,550,354,36.5,36.5,3893,500,0,260,0.252,1,COM6
1,60353,37,rpm,1,1,36.5,36.5,3893,500,0,1,0.001,1,COM8
3,96877,37,rpm,380,354,36.5,36.5,3893,500,0,260,0.252,1,COM6
1,60374,37,rpm,1,1,36.5,36.5,3893,500,0,1,0.001,1,COM8
3,96897,37,rpm,282,354,36.5,36.5,3893,500,0,260,0.252,1,COM6
1,60394,37,rpm,1,1,36.5,36.5,3893,500,0,1,0.001,1,COM8
3,96918,37,rpm,158,354,36.5,36.5,3893,500,0,260,0.252,1,COM6
1,60415,37,rpm,1,1,36.5,36.5,3893,500,0,1,0.001,1,COM8
3,96939,37,rpm,26,354,36.5,36.5,3893,500,0,260,0.252,1,COM6
1,60435,37,rpm,1,1,36.5,36.5,3893,500,0,1,0.001,1,COM8
3,96959,37,rpm,12,354,36.5,36.5,3893,500,0,260,0.252,1,COM6
1,60456,37,rpm,1,1,36.5,36.5,3893,500,0,1,0.001,1,COM8
3,96980,37,rpm,13,354,36.5,36.5,3893,500,0,260,0.253,1,COM6
1,60476,37,rpm,1,1,36.5,36.5,3893,500,0,1,0.001,1,COM8
3,97000,37,rpm,61,354,36.5,36.5,3893,500,0,261,0.253,1,COM6
1,60496,37,rpm,1,1,36.5,36.5,3893,500,0,1,0.001,1,COM8
3,97021,37,rpm,305,354,36.5,36.5,3893,500,0,261,0.253,1,COM6
1,60517,37,rpm,1,1,36.5,36.5,3893,500,0,1,0.001,1,COM8
3,97042,37,rpm,595,354,36.5,36.5,3893,500,0,261,0.253,1,COM6
1,60537,37,rpm,1,1,36.5,36.5,3893,500,0,1,0.001,1,COM8
3,97062,37,rpm,772,354,36.5,36.5,3893,500,0,261,0.253,1,COM6
1,60558,37,rpm,1,1,36.5,36.5,3893,500,0,1,0.001,1,COM8
3,97083,37,rpm,723,354,36.5,36.5,3893,500,0,261,0.253,1,COM6
1,60578,37,rpm,1,1,36.5,36.5,3893,500,0,1,0.001,1,COM8
3,97104,37,rpm,644,354,36.5,36.5,3893,500,0,261,0.253,1,COM6
1,60599,37,rpm,1,1,36.5,36.5,3893,500,0,1,0.001,1,COM8
3,97124,37,rpm,470,354,36.5,36.5,3893,500,0,261,0.253,1,COM6
1,60619,37,rpm,1,1,36.5,36.5,3893,500,0,1,0.001,1,COM8
3,97145,37,rpm,331,354,36.5,36.5,3893,500,0,261,0.254,1,COM6
1,60640,37,rpm,1,1,36.5,36.5,3893,500,0,1,0.001,1,COM8
3,97165,37,rpm,275,354,36.5,36.5,3893,500,0,262,0.254,1,COM6
1,60660,37,rpm,1,1,36.5,36.5,3893,500,0,1,0.001,1,COM8
3,97186,37,rpm,69,354,36.5,36.5,3893,500,0,262,0.254,1,COM6
1,60681,37,rpm,1,1,36.5,36.5,3893,500,0,1,0.001,1,COM8
3,97207,37,rpm,17,354,36.5,36.5,3893,500,0,262,0.254,1,COM6
1,60701,37,rpm,1,1,36.5,36.5,3893,500,0,1,0.001,1,COM8
3,97227,37,rpm,11,354,36.5,36.5,3893,500,0,262,0.254,1,COM6
1,60722,37,rpm,1,1,36.5,36.5,3893,500,0,1,0.001,1,COM8
3,97248,37,rpm,24,354,36.5,36.5,3893,500,0,262,0.254,1,COM6
1,60742,37,rpm,1,1,36.5,36.5,3893,500,0,1,0.001,1,COM8
3,97268,37,rpm,159,354,36.5,36.5,3893,500,0,262,0.254,1,COM6
1,60762,37,rpm,1,1,36.5,36.5,3893,500,0,1,0.001,1,COM8
3,97289,37,rpm,518,354,36.5,36.5,3893,500,0,262,0.254,1,COM6
1,60783,37,rpm,0,1,36.5,36.5,3893,500,0,1,0.001,1,COM8
1,60803,37,rpm,0,1,36.5,36.5,3893,500,0,1,0.001,1,COM8
3,97309,37,rpm,766,354,36.5,36.5,3893,500,0,262,0.254,1,COM6
3,97330,37,rpm,793,354,36.5,36.5,3893,500,0,262,0.255,1,COM6
1,60824,37,rpm,1,1,36.5,36.5,3893,500,0,1,0.001,1,COM8
3,97350,37,rpm,709,354,36.5,36.5,3893,500,0,263,0.255,1,COM6
1,60844,37,rpm,1,1,36.5,36.5,3893,500,0,1,0.001,1,COM8
3,97371,37,rpm,548,354,36.5,36.5,3893,500,0,263,0.255,1,COM6
1,60865,37,rpm,1,1,36.5,36.5,3893,500,0,1,0.001,1,COM8
3,97392,37,rpm,384,354,36.5,36.5,3893,500,0,263,0.255,1,COM6
1,60885,37,rpm,1,1,36.5,36.5,3893,500,0,1,0.001,1,COM8
3,97412,37,rpm,271,354,36.5,36.5,3893,500,0,263,0.255,1,COM6
1,60905,37,rpm,1,1,36.5,36.5,3893,500,0,1,0.001,1,COM8
3,97433,37,rpm,153,354,36.5,36.5,3893,500,0,263,0.255,1,COM6
1,60926,37,rpm,1,1,36.5,36.5,3893,500,0,1,0.001,1,COM8
3,97453,37,rpm,26,354,36.5,36.5,3893,500,0,263,0.255,1,COM6
1,60946,37,rpm,1,1,36.5,36.5,3893,500,0,1,0.001,1,COM8
3,97474,37,rpm,12,354,36.5,36.5,3893,500,0,263,0.255,1,COM6
1,60967,37,rpm,1,1,36.5,36.5,3893,500,0,1,0.001,1,COM8
3,97495,37,rpm,12,354,36.5,36.5,3893,500,0,263,0.256,1,COM6
1,60987,37,rpm,1,1,36.5,36.5,3893,500,0,1,0.001,1,COM8
3,97515,37,rpm,61,354,36.5,36.5,3893,500,0,264,0.256,1,COM6
1,61008,37,rpm,1,1,36.5,36.5,3893,500,0,1,0.001,1,COM8
3,97536,37,rpm,371,354,36.5,36.5,3893,500,0,264,0.256,1,COM6
1,61028,37,rpm,1,1,36.5,36.5,3893,500,0,1,0.001,1,COM8
3,97556,37,rpm,608,354,36.5,36.5,3893,500,0,264,0.256,1,COM6
1,61049,37,rpm,1,1,36.5,36.5,3893,500,0,1,0.001,1,COM8
3,97577,37,rpm,699,354,36.5,36.5,3893,500,0,264,0.256,1,COM6
1,61069,37,rpm,1,1,36.5,36.5,3893,500,0,1,0.001,1,COM8
3,97597,37,rpm,737,354,36.5,36.5,3893,500,0,264,0.256,1,COM6
1,61090,37,rpm,1,1,36.5,36.5,3893,500,0,1,0.001,1,COM8
3,97618,37,rpm,644,354,36.5,36.5,3893,500,0,264,0.256,1,COM6
1,61110,37,rpm,1,1,36.5,36.5,3893,500,0,1,0.001,1,COM8
3,97639,37,rpm,502,354,36.5,36.5,3893,500,0,264,0.256,1,COM6
1,61130,37,rpm,1,1,36.5,36.5,3893,500,0,1,0.001,1,COM8
1,61151,37,rpm,1,1,36.5,36.5,3893,500,0,1,0.001,1,COM8
3,97659,37,rpm,387,354,36.5,36.5,3893,500,0,264,0.256,1,COM6
3,97680,37,rpm,281,354,36.5,36.5,3893,500,0,265,0.257,1,COM6
1,61171,37,rpm,1,1,36.5,36.5,3893,500,0,1,0.001,1,COM8
3,97700,37,rpm,36,354,36.5,36.5,3893,500,0,265,0.257,1,COM6
1,61192,37,rpm,1,1,36.5,36.5,3893,500,0,1,0.001,1,COM8
3,97721,37,rpm,16,354,36.5,36.5,3893,500,0,265,0.257,1,COM6
1,61212,37,rpm,1,1,36.5,36.5,3893,500,0,1,0.001,1,COM8
3,97742,37,rpm,13,354,36.5,36.5,3893,500,0,265,0.257,1,COM6
1,61233,37,rpm,1,1,36.5,36.5,3893,500,0,1,0.001,1,COM8
1,61253,37,rpm,1,1,36.5,36.5,3893,500,0,1,0.001,1,COM8
3,97762,37,rpm,41,354,36.5,36.5,3893,500,0,265,0.257,1,COM6
3,97783,37,rpm,292,354,36.5,36.5,3893,500,0,265,0.257,1,COM6
1,61274,37,rpm,1,1,36.5,36.5,3893,500,0,1,0.001,1,COM8
1,61294,37,rpm,0,1,36.5,36.5,3893,500,0,1,0.001,1,COM8
3,97803,37,rpm,601,354,36.5,36.5,3893,500,0,265,0.257,1,COM6
1,61315,37,rpm,0,1,36.5,36.5,3893,500,0,1,0.001,1,COM8
3,97824,37,rpm,692,354,36.5,36.5,3893,500,0,265,0.257,1,COM6
1,61335,37,rpm,1,1,36.5,36.5,3893,500,0,1,0.001,1,COM8
3,97845,37,rpm,712,354,36.5,36.5,3893,500,0,266,0.258,1,COM6
1,61355,37,rpm,1,1,36.5,36.5,3893,500,0,1,0.001,1,COM8
3,97865,37,rpm,670,354,36.5,36.5,3893,500,0,266,0.258,1,COM6
1,61376,37,rpm,1,1,36.5,36.5,3893,500,0,1,0.001,1,COM8
3,97886,37,rpm,566,354,36.5,36.5,3893,500,0,266,0.258,1,COM6
1,61396,37,rpm,1,1,36.5,36.5,3893,500,0,1,0.001,1,COM8
3,97906,37,rpm,453,354,36.5,36.5,3893,500,0,266,0.258,1,COM6
1,61417,37,rpm,1,1,36.5,36.5,3893,500,0,1,0.001,1,COM8
3,97927,37,rpm,358,354,36.5,36.5,3893,500,0,266,0.258,1,COM6
1,61437,37,rpm,1,1,36.5,36.5,3893,500,0,1,0.001,1,COM8
3,97947,37,rpm,116,354,36.5,36.5,3893,500,0,266,0.258,1,COM6
1,61458,37,rpm,1,1,36.5,36.5,3893,500,0,1,0.001,1,COM8
3,97968,37,rpm,21,354,36.5,36.5,3893,500,0,266,0.258,1,COM6
1,61478,37,rpm,1,1,36.5,36.5,3893,500,0,1,0.001,1,COM8
3,97989,37,rpm,14,354,36.5,36.5,3893,500,0,266,0.258,1,COM6
1,61498,37,rpm,1,1,36.5,36.5,3893,500,0,1,0.001,1,COM8
3,98009,37,rpm,23,354,36.5,36.5,3893,500,0,266,0.258,1,COM6
1,61519,37,rpm,1,1,36.5,36.5,3893,500,0,1,0.001,1,COM8
3,98030,37,rpm,140,354,36.5,36.5,3893,500,0,267,0.259,1,COM6
1,61539,37,rpm,1,1,36.5,36.5,3893,500,0,1,0.001,1,COM8
3,98050,37,rpm,486,354,36.5,36.5,3893,500,0,267,0.259,1,COM6
1,61560,37,rpm,1,1,36.5,36.5,3893,500,0,1,0.001,1,COM8
3,98071,37,rpm,636,354,36.5,36.5,3893,500,0,267,0.259,1,COM6
1,61580,37,rpm,1,1,36.5,36.5,3893,500,0,1,0.001,1,COM8
3,98091,37,rpm,693,354,36.5,36.5,3893,500,0,267,0.259,1,COM6
1,61601,37,rpm,1,1,36.5,36.5,3893,500,0,1,0.001,1,COM8
3,98112,37,rpm,659,354,36.5,36.5,3893,500,0,267,0.259,1,COM6
1,61621,37,rpm,1,1,36.5,36.5,3893,500,0,1,0.001,1,COM8
3,98132,37,rpm,584,354,36.5,36.5,3893,500,0,267,0.259,1,COM6
1,61642,37,rpm,1,1,36.5,36.5,3893,500,0,1,0.001,1,COM8
3,98153,37,rpm,471,354,36.5,36.5,3893,500,0,267,0.259,1,COM6
1,61662,37,rpm,1,1,36.5,36.5,3893,500,0,1,0.001,1,COM8
3,98174,37,rpm,391,354,36.5,36.5,3893,500,0,267,0.259,1,COM6
3,98194,37,rpm,218,354,36.5,36.5,3893,500,0,268,0.26,1,COM6
1,61683,37,rpm,1,1,36.5,36.5,3893,500,0,1,0.001,1,COM8
3,98215,37,rpm,29,354,36.5,36.5,3893,500,0,268,0.26,1,COM6
1,61703,37,rpm,1,1,36.5,36.5,3893,500,0,1,0.001,1,COM8
3,98235,37,rpm,14,354,36.5,36.5,3893,500,0,268,0.26,1,COM6
1,61724,37,rpm,1,1,36.5,36.5,3893,500,0,1,0.001,1,COM8
1,61744,37,rpm,1,1,36.5,36.5,3893,500,0,1,0.001,1,COM8
3,98256,37,rpm,14,354,36.5,36.5,3893,500,0,268,0.26,1,COM6
1,61765,37,rpm,1,1,36.5,36.5,3893,500,0,1,0.001,1,COM8
3,98276,37,rpm,55,354,36.5,36.5,3893,500,0,268,0.26,1,COM6
1,61785,37,rpm,1,1,36.5,36.5,3893,500,0,1,0.001,1,COM8
3,98297,37,rpm,283,354,36.5,36.5,3893,500,0,268,0.26,1,COM6
1,61805,37,rpm,1,1,36.5,36.5,3893,500,0,1,0.001,1,COM8
3,98318,37,rpm,548,354,36.5,36.5,3893,500,0,268,0.26,1,COM6
1,61826,37,rpm,1,1,36.5,36.5,3893,500,0,1,0.001,1,COM8
3,98338,37,rpm,757,354,36.5,36.5,3893,500,0,268,0.26,1,COM6
1,61846,37,rpm,1,1,36.5,36.5,3893,500,0,1,0.001,1,COM8
3,98359,37,rpm,770,354,36.5,36.5,3893,500,0,269,0.26,1,COM6
1,61867,37,rpm,1,1,36.5,36.5,3893,500,0,1,0.001,1,COM8
3,98379,37,rpm,692,354,36.5,36.5,3893,500,0,269,0.261,1,COM6
1,61887,37,rpm,1,1,36.5,36.5,3893,500,0,1,0.001,1,COM8
3,98400,37,rpm,548,354,36.5,36.5,3893,500,0,269,0.261,1,COM6
1,61908,37,rpm,1,1,36.5,36.5,3893,500,0,1,0.001,1,COM8
3,98421,37,rpm,385,354,36.5,36.5,3893,500,0,269,0.261,1,COM6
1,61928,37,rpm,1,1,36.5,36.5,3893,500,0,1,0.001,1,COM8
3,98441,37,rpm,313,354,36.5,36.5,3893,500,0,269,0.261,1,COM6
1,61949,37,rpm,1,1,36.5,36.5,3893,500,0,1,0.001,1,COM8
3,98462,37,rpm,147,354,36.5,36.5,3893,500,0,269,0.261,1,COM6
1,61969,37,rpm,1,1,36.5,36.5,3893,500,0,1,0.001,1,COM8
3,98482,37,rpm,24,354,36.5,36.5,3893,500,0,269,0.261,1,COM6
1,61990,37,rpm,1,1,36.5,36.5,3893,500,0,1,0.001,1,COM8
3,98503,37,rpm,12,354,36.5,36.5,3893,500,0,269,0.261,1,COM6
1,62010,37,rpm,1,1,36.5,36.5,3893,500,0,1,0.001,1,COM8
3,98524,37,rpm,14,354,36.5,36.5,3893,500,0,270,0.261,1,COM6
1,62031,37,rpm,1,1,36.5,36.5,3893,500,0,1,0.001,1,COM8
3,98544,37,rpm,71,354,36.5,36.5,3893,500,0,270,0.262,1,COM6
1,62051,37,rpm,1,1,36.5,36.5,3893,500,0,1,0.001,1,COM8
3,98565,37,rpm,322,354,36.5,36.5,3893,500,0,270,0.262,1,COM6
1,62071,37,rpm,0,1,36.5,36.5,3893,500,0,1,0.001,1,COM8
3,98585,37,rpm,572,354,36.5,36.5,3893,500,0,270,0.262,1,COM6
1,62092,37,rpm,1,1,36.5,36.5,3893,500,0,1,0.001,1,COM8
3,98606,37,rpm,745,354,36.5,36.5,3893,500,0,270,0.262,1,COM6
1,62112,37,rpm,1,1,36.5,36.5,3893,500,0,1,0.001,1,COM8
3,98626,37,rpm,710,354,36.5,36.5,3893,500,0,270,0.262,1,COM6
1,62133,37,rpm,1,1,36.5,36.5,3893,500,0,1,0.001,1,COM8
3,98647,37,rpm,639,354,36.5,36.5,3893,500,0,270,0.262,1,COM6
1,62153,37,rpm,1,1,36.5,36.5,3893,500,0,1,0.001,1,COM8
3,98668,37,rpm,474,354,36.5,36.5,3893,500,0,270,0.262,1,COM6
1,62174,37,rpm,1,1,36.5,36.5,3893,500,0,1,0.001,1,COM8
3,98688,37,rpm,351,354,36.5,36.5,3893,500,0,270,0.262,1,COM6
1,62194,37,rpm,1,1,36.5,36.5,3893,500,0,1,0.001,1,COM8
3,98709,37,rpm,292,354,36.5,36.5,3893,500,0,271,0.262,1,COM6
1,62215,37,rpm,1,1,36.5,36.5,3893,500,0,1,0.001,1,COM8
3,98729,37,rpm,54,354,36.5,36.5,3893,500,0,271,0.263,1,COM6
1,62235,37,rpm,1,1,36.5,36.5,3893,500,0,1,0.001,1,COM8
3,98750,37,rpm,17,354,36.5,36.5,3893,500,0,271,0.263,1,COM6
1,62256,37,rpm,1,1,36.5,36.5,3893,500,0,1,0.001,1,COM8
3,98770,37,rpm,12,354,36.5,36.5,3893,500,0,271,0.263,1,COM6
1,62276,37,rpm,1,1,36.5,36.5,3893,500,0,1,0.001,1,COM8
3,98791,37,rpm,30,354,36.5,36.5,3893,500,0,271,0.263,1,COM6
1,62296,37,rpm,1,1,36.5,36.5,3893,500,0,1,0.001,1,COM8
3,98812,37,rpm,190,354,36.5,36.5,3893,500,0,271,0.263,1,COM6
1,62317,37,rpm,1,1,36.5,36.5,3893,500,0,1,0.001,1,COM8
3,98832,37,rpm,559,354,36.5,36.5,3893,500,0,271,0.263,1,COM6
1,62337,37,rpm,0,1,36.5,36.5,3893,500,0,1,0.001,1,COM8
3,98853,37,rpm,788,354,36.5,36.5,3893,500,0,271,0.263,1,COM6
1,62358,37,rpm,1,1,36.5,36.5,3893,500,0,1,0.001,1,COM8
3,98873,37,rpm,796,354,36.5,36.5,3893,500,0,272,0.263,1,COM6
1,62378,37,rpm,1,1,36.5,36.5,3893,500,0,1,0.001,1,COM8
3,98894,37,rpm,707,354,36.5,36.5,3893,500,0,272,0.264,1,COM6
1,62399,37,rpm,1,1,36.5,36.5,3893,500,0,1,0.001,1,COM8
3,98915,37,rpm,544,354,36.5,36.5,3893,500,0,272,0.264,1,COM6
1,62419,37,rpm,1,1,36.5,36.5,3893,500,0,1,0.001,1,COM8
3,98935,37,rpm,380,354,36.5,36.5,3893,500,0,272,0.264,1,COM6
1,62440,37,rpm,1,1,36.5,36.5,3893,500,0,1,0.001,1,COM8
3,98956,37,rpm,267,354,36.5,36.5,3893,500,0,272,0.264,1,COM6
1,62460,37,rpm,1,1,36.5,36.5,3893,500,0,1,0.001,1,COM8
3,98976,37,rpm,150,354,36.5,36.5,3893,500,0,272,0.264,1,COM6
1,62481,37,rpm,1,1,36.5,36.5,3893,500,0,1,0.001,1,COM8
3,98997,37,rpm,26,354,36.5,36.5,3893,500,0,272,0.264,1,COM6
1,62501,37,rpm,1,1,36.5,36.5,3893,500,0,1,0.001,1,COM8
3,99017,37,rpm,12,354,36.5,36.5,3893,500,0,272,0.264,1,COM6
1,62522,37,rpm,1,1,36.5,36.5,3893,500,0,1,0.001,1,COM8
3,99038,37,rpm,13,354,36.5,36.5,3893,500,0,273,0.264,1,COM6
1,62542,37,rpm,1,1,36.5,36.5,3893,500,0,1,0.001,1,COM8
3,99059,37,rpm,63,354,36.5,36.5,3893,500,0,273,0.264,1,COM6
1,62563,37,rpm,1,1,36.5,36.5,3893,500,0,1,0.001,1,COM8
3,99079,37,rpm,385,354,36.5,36.5,3893,500,0,273,0.265,1,COM6
1,62583,37,rpm,0,1,36.5,36.5,3893,500,0,1,0.001,1,COM8
3,99100,37,rpm,609,354,36.5,36.5,3893,500,0,273,0.265,1,COM6
1,62603,37,rpm,1,1,36.5,36.5,3893,500,0,1,0.001,1,COM8
3,99120,37,rpm,707,354,36.5,36.5,3893,500,0,273,0.265,1,COM6
1,62624,37,rpm,1,1,36.5,36.5,3893,500,0,1,0.001,1,COM8
3,99141,37,rpm,730,354,36.5,36.5,3893,500,0,273,0.265,1,COM6
1,62644,37,rpm,1,1,36.5,36.5,3893,500,0,1,0.001,1,COM8
3,99161,37,rpm,636,354,36.5,36.5,3893,500,0,273,0.265,1,COM6
1,62665,37,rpm,1,1,36.5,36.5,3893,500,0,1,0.001,1,COM8
3,99182,37,rpm,490,354,36.5,36.5,3893,500,0,273,0.265,1,COM6
1,62685,37,rpm,1,1,36.5,36.5,3893,500,0,1,0.001,1,COM8
3,99203,37,rpm,368,354,36.5,36.5,3893,500,0,274,0.265,1,COM6
1,62706,37,rpm,1,1,36.5,36.5,3893,500,0,1,0.001,1,COM8
3,99223,37,rpm,260,354,36.5,36.5,3893,500,0,274,0.265,1,COM6
1,62726,37,rpm,1,1,36.5,36.5,3893,500,0,1,0.001,1,COM8
3,99244,37,rpm,34,353,36.5,36.5,3893,500,0,274,0.266,1,COM6
1,62747,37,rpm,1,1,36.5,36.5,3893,500,0,1,0.001,1,COM8
3,99264,37,rpm,16,353,36.5,36.5,3893,500,0,274,0.266,1,COM6
1,62767,37,rpm,1,1,36.5,36.5,3893,500,0,1,0.001,1,COM8
3,99285,37,rpm,13,353,36.5,36.5,3893,500,0,274,0.266,1,COM6
1,62787,37,rpm,1,1,36.5,36.5,3893,500,0,1,0.001,1,COM8
3,99306,37,rpm,46,353,36.5,36.5,3893,500,0,274,0.266,1,COM6
1,62808,37,rpm,1,1,36.5,36.5,3893,500,0,1,0.001,1,COM8
3,99326,37,rpm,322,353,36.5,36.5,3893,500,0,274,0.266,1,COM6
1,62828,37,rpm,1,1,36.5,36.5,3893,500,0,1,0.001,1,COM8
3,99347,37,rpm,612,353,36.5,36.5,3893,500,0,274,0.266,1,COM6
1,62849,37,rpm,1,1,36.5,36.5,3893,500,0,1,0.001,1,COM8
3,99367,37,rpm,707,353,36.5,36.5,3893,500,0,274,0.266,1,COM6
1,62869,37,rpm,1,1,36.5,36.5,3893,500,0,1,0.001,1,COM8
3,99388,37,rpm,709,353,36.5,36.5,3893,500,0,275,0.266,1,COM6
1,62890,37,rpm,1,1,36.5,36.5,3893,500,0,1,0.001,1,COM8
3,99408,37,rpm,673,353,36.5,36.5,3893,500,0,275,0.266,1,COM6
1,62910,37,rpm,1,1,36.5,36.5,3893,500,0,1,0.001,1,COM8
3,99429,37,rpm,563,353,36.5,36.5,3893,500,0,275,0.267,1,COM6
1,62931,37,rpm,1,1,36.5,36.5,3893,500,0,1,0.001,1,COM8
3,99449,37,rpm,454,353,36.5,36.5,3893,500,0,275,0.267,1,COM6
1,62951,37,rpm,1,1,36.5,36.5,3893,500,0,1,0.001,1,COM8
3,99470,37,rpm,359,353,36.5,36.5,3893,500,0,275,0.267,1,COM6
1,62972,37,rpm,1,1,36.5,36.5,3893,500,0,1,0.001,1,COM8
3,99491,37,rpm,128,353,36.5,36.5,3893,500,0,275,0.267,1,COM6
1,62992,37,rpm,1,1,36.5,36.5,3893,500,0,1,0.001,1,COM8
3,99511,37,rpm,22,353,36.5,36.5,3893,500,0,275,0.267,1,COM6
1,63012,37,rpm,1,1,36.5,36.5,3893,500,0,1,0.001,1,COM8
3,99532,37,rpm,13,353,36.5,36.5,3893,500,0,275,0.267,1,COM6
1,63033,37,rpm,1,1,36.5,36.5,3893,500,0,1,0.001,1,COM8
3,99552,37,rpm,22,353,36.5,36.5,3893,500,0,276,0.267,1,COM6
1,63053,37,rpm,1,1,36.5,36.5,3893,500,0,1,0.001,1,COM8
3,99573,37,rpm,135,353,36.5,36.5,3893,500,0,276,0.267,1,COM6
1,63074,37,rpm,1,1,36.5,36.5,3893,500,0,1,0.001,1,COM8
3,99593,37,rpm,482,353,36.5,36.5,3893,500,0,276,0.268,1,COM6
1,63094,37,rpm,0,1,36.5,36.5,3893,500,0,1,0.001,1,COM8
3,99614,37,rpm,636,353,36.5,36.5,3893,500,0,276,0.268,1,COM6
1,63115,37,rpm,0,1,36.5,36.5,3893,500,0,1,0.001,1,COM8
3,99635,37,rpm,689,353,36.5,36.5,3893,500,0,276,0.268,1,COM6
1,63135,37,rpm,1,1,36.5,36.5,3893,500,0,1,0.001,1,COM8
3,99655,37,rpm,648,353,36.5,36.5,3893,500,0,276,0.268,1,COM6
1,63156,37,rpm,1,1,36.5,36.5,3893,500,0,1,0.001,1,COM8
3,99676,37,rpm,585,353,36.5,36.5,3893,500,0,276,0.268,1,COM6
1,63176,37,rpm,1,1,36.5,36.5,3893,500,0,1,0.001,1,COM8
3,99696,37,rpm,469,353,36.5,36.5,3893,500,0,276,0.268,1,COM6
1,63197,37,rpm,1,1,36.5,36.5,3893,500,0,1,0.001,1,COM8
3,99717,37,rpm,385,353,36.5,36.5,3893,500,0,277,0.268,1,COM6
1,63217,37,rpm,1,1,36.5,36.5,3893,500,0,1,0.001,1,COM8
3,99738,37,rpm,213,353,36.5,36.5,3893,500,0,277,0.268,1,COM6
1,63238,37,rpm,1,1,36.5,36.5,3893,500,0,1,0.001,1,COM8
3,99758,37,rpm,29,353,36.5,36.5,3893,500,0,277,0.268,1,COM6
1,63258,37,rpm,1,1,36.5,36.5,3893,500,0,1,0.001,1,COM8
3,99779,37,rpm,14,353,36.5,36.5,3893,500,0,277,0.269,1,COM6
1,63279,37,rpm,1,1,36.5,36.5,3893,500,0,1,0.001,1,COM8
3,99799,37,rpm,14,353,36.5,36.5,3893,500,0,277,0.269,1,COM6
1,63299,37,rpm,1,1,36.5,36.5,3893,500,0,1,0.001,1,COM8
3,99820,37,rpm,59,353,36.5,36.5,3893,500,0,277,0.269,1,COM6
1,63319,37,rpm,1,1,36.5,36.5,3893,500,0,1,0.001,1,COM8
3,99840,37,rpm,301,353,36.5,36.5,3893,500,0,277,0.269,1,COM6
1,63340,37,rpm,1,1,36.5,36.5,3893,500,0,1,0.001,1,COM8
3,99861,37,rpm,622,353,36.5,36.5,3893,500,0,277,0.269,1,COM6
1,63360,37,rpm,0,1,36.5,36.5,3893,500,0,1,0.001,1,COM8
3,99881,37,rpm,808,353,36.5,36.5,3893,500,0,278,0.269,1,COM6
1,63381,37,rpm,1,1,36.5,36.5,3893,500,0,1,0.001,1,COM8
3,99902,37,rpm,776,353,36.5,36.5,3893,500,0,278,0.269,1,COM6
1,63401,37,rpm,1,1,36.5,36.5,3893,500,0,1,0.001,1,COM8
3,99923,37,rpm,686,353,36.5,36.5,3893,500,0,278,0.269,1,COM6
1,63422,37,rpm,1,1,36.5,36.5,3893,500,0,1,0.001,1,COM8
3,99943,37,rpm,533,353,36.5,36.5,3893,500,0,278,0.27,1,COM6
1,63442,37,rpm,1,1,36.5,36.5,3893,500,0,1,0.001,1,COM8
3,99964,37,rpm,365,353,36.5,36.5,3893,500,0,278,0.27,1,COM6
1,63463,37,rpm,1,1,36.5,36.5,3893,500,0,1,0.001,1,COM8
3,99984,37,rpm,277,353,36.5,36.5,3893,500,0,278,0.27,1,COM6
1,63483,37,rpm,1,1,36.5,36.5,3893,500,0,1,0.001,1,COM8
3,100005,37,rpm,147,353,36.5,36.5,3893,500,0,278,0.27,1,COM6
1,63503,37,rpm,1,1,36.5,36.5,3893,500,0,1,0.001,1,COM8
3,100025,37,rpm,25,353,36.5,36.5,3893,500,0,278,0.27,1,COM6
1,63524,37,rpm,1,1,36.5,36.5,3893,500,0,1,0.001,1,COM8
3,100046,37,rpm,12,353,36.5,36.5,3893,500,0,278,0.27,1,COM6
1,63544,37,rpm,1,1,36.5,36.5,3893,500,0,1,0.001,1,COM8
3,100066,37,rpm,14,353,36.5,36.5,3893,500,0,279,0.27,1,COM6
1,63565,37,rpm,1,1,36.5,36.5,3893,500,0,1,0.001,1,COM8
3,100087,37,rpm,67,353,36.5,36.5,3893,500,0,279,0.27,1,COM6
1,63585,37,rpm,1,1,36.5,36.5,3893,500,0,1,0.001,1,COM8
3,100108,37,rpm,321,353,36.5,36.5,3893,500,0,279,0.27,1,COM6
1,63606,37,rpm,1,1,36.5,36.5,3893,500,0,1,0.001,1,COM8
3,100128,37,rpm,614,353,36.5,36.5,3893,500,0,279,0.271,1,COM6
1,63626,37,rpm,1,1,36.5,36.5,3893,500,0,1,0.001,1,COM8
3,100149,37,rpm,762,353,36.5,36.5,3893,500,0,279,0.271,1,COM6
1,63647,37,rpm,1,1,36.5,36.5,3893,500,0,1,0.001,1,COM8
3,100169,37,rpm,715,353,36.5,36.5,3893,500,0,279,0.271,1,COM6
1,63667,37,rpm,1,1,36.5,36.5,3893,500,0,1,0.001,1,COM8
3,100190,37,rpm,638,353,36.5,36.5,3893,500,0,279,0.271,1,COM6
1,63688,37,rpm,1,1,36.5,36.5,3893,500,0,1,0.001,1,COM8
3,100210,37,rpm,464,353,36.5,36.5,3893,500,0,279,0.271,1,COM6
1,63708,37,rpm,1,1,36.5,36.5,3893,500,0,1,0.001,1,COM8
3,100231,37,rpm,328,353,36.5,36.5,3893,500,0,280,0.271,1,COM6
1,63728,37,rpm,1,1,36.5,36.5,3893,500,0,1,0.001,1,COM8
3,100252,37,rpm,270,353,36.5,36.5,3893,500,0,280,0.271,1,COM6
1,63749,37,rpm,1,1,36.5,36.5,3893,500,0,1,0.001,1,COM8
3,100272,37,rpm,63,353,36.5,36.5,3893,500,0,280,0.271,1,COM6
1,63769,37,rpm,1,1,36.5,36.5,3893,500,0,1,0.001,1,COM8
3,100293,37,rpm,17,353,36.5,36.5,3893,500,0,280,0.272,1,COM6
1,63790,37,rpm,1,1,36.5,36.5,3893,500,0,1,0.001,1,COM8
3,100313,37,rpm,11,353,36.5,36.5,3893,500,0,280,0.272,1,COM6
1,63810,37,rpm,1,1,36.5,36.5,3893,500,0,1,0.001,1,COM8
3,100334,37,rpm,26,353,36.5,36.5,3893,500,0,280,0.272,1,COM6
1,63831,37,rpm,1,1,36.5,36.5,3893,500,0,1,0.001,1,COM8
3,100355,37,rpm,172,353,36.5,36.5,3893,500,0,280,0.272,1,COM6
1,63851,37,rpm,1,1,36.5,36.5,3893,500,0,1,0.001,1,COM8
3,100375,37,rpm,534,353,36.5,36.5,3893,500,0,280,0.272,1,COM6
1,63872,37,rpm,0,1,36.5,36.5,3893,500,0,1,0.001,1,COM8
3,100396,37,rpm,775,353,36.5,36.5,3893,500,0,281,0.272,1,COM6
1,63892,37,rpm,1,1,36.5,36.5,3893,500,0,1,0.001,1,COM8
3,100416,37,rpm,795,353,36.5,36.5,3893,500,0,281,0.272,1,COM6
1,63912,37,rpm,1,1,36.5,36.5,3893,500,0,1,0.001,1,COM8
3,100437,37,rpm,707,353,36.5,36.5,3893,500,0,281,0.272,1,COM6
1,63933,37,rpm,1,1,36.5,36.5,3893,500,0,1,0.001,1,COM8
3,100458,37,rpm,540,353,36.5,36.5,3893,500,0,281,0.272,1,COM6
1,63953,37,rpm,1,1,36.5,36.5,3893,500,0,1,0.001,1,COM8
3,100478,37,rpm,381,353,36.5,36.5,3893,500,0,281,0.273,1,COM6
1,63974,37,rpm,1,1,36.5,36.5,3893,500,0,1,0.001,1,COM8
3,100499,37,rpm,268,353,36.5,36.5,3893,500,0,281,0.273,1,COM6
1,63994,37,rpm,1,1,36.5,36.5,3893,500,0,1,0.001,1,COM8
3,100519,37,rpm,147,353,36.5,36.5,3893,500,0,281,0.273,1,COM6
1,64015,37,rpm,1,1,36.5,36.5,3893,500,0,1,0.001,1,COM8
3,100540,37,rpm,25,353,36.5,36.5,3893,500,0,281,0.273,1,COM6
1,64035,37,rpm,1,1,36.5,36.5,3893,500,0,1,0.001,1,COM8
3,100561,37,rpm,12,353,36.5,36.5,3893,500,0,282,0.273,1,COM6
1,64056,37,rpm,1,1,36.5,36.5,3893,500,0,1,0.001,1,COM8
3,100581,37,rpm,13,353,36.5,36.5,3893,500,0,282,0.273,1,COM6
1,64076,37,rpm,1,1,36.5,36.5,3893,500,0,1,0.001,1,COM8
3,100602,37,rpm,66,353,36.5,36.5,3893,500,0,282,0.273,1,COM6
1,64097,37,rpm,1,1,36.5,36.5,3893,500,0,1,0.001,1,COM8
3,100622,37,rpm,391,353,36.5,36.5,3893,500,0,282,0.273,1,COM6
1,64117,37,rpm,1,1,36.5,36.5,3893,500,0,1,0.001,1,COM8
3,100643,37,rpm,608,353,36.5,36.5,3893,500,0,282,0.274,1,COM6
1,64138,37,rpm,1,1,36.5,36.5,3893,500,0,1,0.001,1,COM8
3,100663,37,rpm,704,353,36.5,36.5,3893,500,0,282,0.274,1,COM6
1,64158,37,rpm,1,1,36.5,36.5,3893,500,0,1,0.001,1,COM8
3,100684,37,rpm,730,353,36.5,36.5,3893,500,0,282,0.274,1,COM6
1,64178,37,rpm,1,1,36.5,36.5,3893,500,0,1,0.001,1,COM8
3,100705,37,rpm,632,353,36.5,36.5,3893,500,0,282,0.274,1,COM6
1,64199,37,rpm,1,1,36.5,36.5,3893,500,0,1,0.001,1,COM8
3,100725,37,rpm,490,353,36.5,36.5,3893,500,0,282,0.274,1,COM6
1,64219,37,rpm,1,1,36.5,36.5,3893,500,0,1,0.001,1,COM8
3,100746,37,rpm,381,353,36.5,36.5,3893,500,0,283,0.274,1,COM6
1,64240,37,rpm,1,1,36.5,36.5,3893,500,0,1,0.001,1,COM8
3,100766,37,rpm,274,353,36.5,36.5,3893,500,0,283,0.274,1,COM6
1,64260,37,rpm,1,1,36.5,36.5,3893,500,0,1,0.001,1,COM8
3,100787,37,rpm,35,353,36.5,36.5,3893,500,0,283,0.274,1,COM6
1,64281,37,rpm,1,1,36.5,36.5,3893,500,0,1,0.001,1,COM8
3,100808,37,rpm,16,353,36.5,36.5,3893,500,0,283,0.274,1,COM6
1,64301,37,rpm,1,1,36.5,36.5,3893,500,0,1,0.001,1,COM8
3,100828,37,rpm,13,353,36.5,36.5,3893,500,0,283,0.275,1,COM6
1,64321,37,rpm,1,1,36.5,36.5,3893,500,0,1,0.001,1,COM8
3,100849,37,rpm,44,353,36.5,36.5,3893,500,0,283,0.275,1,COM6
1,64342,37,rpm,1,1,36.5,36.5,3893,500,0,1,0.001,1,COM8
3,100869,37,rpm,307,353,36.5,36.5,3893,500,0,283,0.275,1,COM6
1,64362,37,rpm,1,1,36.5,36.5,3893,500,0,1,0.001,1,COM8
3,100890,37,rpm,612,353,36.5,36.5,3893,500,0,283,0.275,1,COM6
1,64383,37,rpm,0,1,36.5,36.5,3893,500,0,1,0.001,1,COM8
3,100910,37,rpm,700,353,36.5,36.5,3893,500,0,284,0.275,1,COM6
1,64403,37,rpm,0,1,36.5,36.5,3893,500,0,1,0.001,1,COM8
1,64424,37,rpm,1,1,36.5,36.5,3893,500,0,1,0.001,1,COM8
3,100931,37,rpm,710,353,36.5,36.5,3893,500,0,284,0.275,1,COM6
3,100952,37,rpm,668,353,36.5,36.5,3893,500,0,284,0.275,1,COM6
1,64444,37,rpm,1,1,36.5,36.5,3893,500,0,1,0.001,1,COM8
3,100972,37,rpm,559,353,36.5,36.5,3893,500,0,284,0.275,1,COM6
1,64464,37,rpm,1,1,36.5,36.5,3893,500,0,1,0.001,1,COM8
3,100993,37,rpm,450,353,36.5,36.5,3893,500,0,284,0.276,1,COM6
1,64485,37,rpm,1,1,36.5,36.5,3893,500,0,1,0.001,1,COM8
3,101013,37,rpm,354,353,36.5,36.5,3893,500,0,284,0.276,1,COM6
1,64505,37,rpm,1,1,36.5,36.5,3893,500,0,1,0.001,1,COM8
3,101034,37,rpm,109,353,36.5,36.5,3893,500,0,284,0.276,1,COM6
1,64526,37,rpm,1,1,36.5,36.5,3893,500,0,1,0.001,1,COM8
3,101054,37,rpm,21,353,36.5,36.5,3893,500,0,284,0.276,1,COM6
1,64546,37,rpm,1,1,36.5,36.5,3893,500,0,1,0.001,1,COM8
1,64567,37,rpm,1,1,36.5,36.5,3893,500,0,1,0.001,1,COM8
3,101075,37,rpm,13,353,36.5,36.5,3893,500,0,285,0.276,1,COM6
1,64587,37,rpm,1,1,36.5,36.5,3893,500,0,1,0.001,1,COM8
3,101096,37,rpm,24,353,36.5,36.5,3893,500,0,285,0.276,1,COM6
3,101116,37,rpm,150,353,36.5,36.5,3893,500,0,285,0.276,1,COM6
1,64608,37,rpm,1,1,36.5,36.5,3893,500,0,1,0.001,1,COM8
1,64628,37,rpm,1,1,36.5,36.5,3893,500,0,1,0.001,1,COM8
3,101137,37,rpm,491,353,36.5,36.5,3893,500,0,285,0.276,1,COM6
1,64649,37,rpm,1,1,36.5,36.5,3893,500,0,1,0.001,1,COM8
3,101157,37,rpm,638,353,36.5,36.5,3893,500,0,285,0.276,1,COM6
3,101178,37,rpm,692,353,36.5,36.5,3893,500,0,285,0.277,1,COM6
1,64669,37,rpm,1,1,36.5,36.5,3893,500,0,1,0.001,1,COM8
3,101199,37,rpm,655,353,36.5,36.5,3893,500,0,285,0.277,1,COM6
1,64689,37,rpm,1,1,36.5,36.5,3893,500,0,1,0.001,1,COM8
3,101219,37,rpm,585,353,36.5,36.5,3893,500,0,285,0.277,1,COM6
1,64710,37,rpm,1,1,36.5,36.5,3893,500,0,1,0.001,1,COM8
1,64730,37,rpm,1,1,36.5,36.5,3893,500,0,1,0.001,1,COM8
3,101240,37,rpm,468,353,36.5,36.5,3893,500,0,286,0.277,1,COM6
1,64751,37,rpm,1,1,36.5,36.5,3893,500,0,1,0.001,1,COM8
3,101260,37,rpm,384,353,36.5,36.5,3893,500,0,286,0.277,1,COM6
1,64771,37,rpm,1,1,36.5,36.5,3893,500,0,1,0.001,1,COM8
3,101281,37,rpm,203,353,36.5,36.5,3893,500,0,286,0.277,1,COM6
1,64792,37,rpm,1,1,36.5,36.5,3893,500,0,1,0.001,1,COM8
3,101301,37,rpm,28,353,36.5,36.5,3893,500,0,286,0.277,1,COM6
1,64812,37,rpm,1,1,36.5,36.5,3893,500,0,1,0.001,1,COM8
3,101322,37,rpm,13,353,36.5,36.5,3893,500,0,286,0.277,1,COM6
3,101342,37,rpm,14,353,36.5,36.5,3893,500,0,286,0.278,1,COM6
1,64832,37,rpm,1,1,36.5,36.5,3893,500,0,1,0.001,1,COM8
1,64853,37,rpm,1,1,36.5,36.5,3893,500,0,1,0.001,1,COM8
3,101363,37,rpm,58,353,36.5,36.5,3893,500,0,286,0.278,1,COM6
1,64873,37,rpm,1,1,36.5,36.5,3893,500,0,1,0.001,1,COM8
3,101384,37,rpm,299,353,36.5,36.5,3893,500,0,286,0.278,1,COM6
1,64894,37,rpm,0,1,36.5,36.5,3893,500,0,1,0.001,1,COM8
3,101404,37,rpm,556,353,36.5,36.5,3893,500,0,286,0.278,1,COM6
1,64914,37,rpm,1,1,36.5,36.5,3893,500,0,1,0.001,1,COM8
3,101425,37,rpm,768,353,36.5,36.5,3893,500,0,287,0.278,1,COM6
1,64935,37,rpm,1,1,36.5,36.5,3893,500,0,1,0.001,1,COM8
3,101445,37,rpm,765,353,36.5,36.5,3893,500,0,287,0.278,1,COM6
1,64955,37,rpm,1,1,36.5,36.5,3893,500,0,1,0.001,1,COM8
3,101466,37,rpm,687,353,36.5,36.5,3893,500,0,287,0.278,1,COM6
3,101487,37,rpm,542,353,36.5,36.5,3893,500,0,287,0.278,1,COM6
1,64976,37,rpm,1,1,36.5,36.5,3893,500,0,1,0.001,1,COM8
1,64996,37,rpm,1,1,36.5,36.5,3893,500,0,1,0.001,1,COM8
3,101507,37,rpm,375,353,36.5,36.5,3893,500,0,287,0.278,1,COM6
1,65017,37,rpm,1,1,36.5,36.5,3893,500,0,1,0.001,1,COM8
3,101528,37,rpm,309,353,36.5,36.5,3893,500,0,287,0.279,1,COM6
1,65037,37,rpm,1,1,36.5,36.5,3893,500,0,1,0.001,1,COM8
3,101548,37,rpm,142,353,36.5,36.5,3893,500,0,287,0.279,1,COM6
1,65057,37,rpm,1,1,36.5,36.5,3893,500,0,1,0.001,1,COM8
3,101569,37,rpm,23,353,36.5,36.5,3893,500,0,287,0.279,1,COM6
1,65078,37,rpm,1,1,36.5,36.5,3893,500,0,1,0.001,1,COM8
3,101590,37,rpm,12,353,36.5,36.5,3893,500,0,288,0.279,1,COM6
1,65098,37,rpm,1,1,36.5,36.5,3893,500,0,1,0.001,1,COM8
3,101610,37,rpm,15,353,36.5,36.5,3893,500,0,288,0.279,1,COM6
1,65119,37,rpm,1,1,36.5,36.5,3893,500,0,1,0.001,1,COM8
3,101631,37,rpm,72,353,36.5,36.5,3893,500,0,288,0.279,1,COM6
1,65139,37,rpm,1,1,36.5,36.5,3893,500,0,1,0.001,1,COM8
3,101651,37,rpm,328,353,36.5,36.5,3893,500,0,288,0.279,1,COM6
1,65160,37,rpm,0,1,36.5,36.5,3893,500,0,1,0.001,1,COM8
3,101672,37,rpm,571,353,36.5,36.5,3893,500,0,288,0.279,1,COM6
3,101693,37,rpm,747,353,36.5,36.5,3893,500,0,288,0.28,1,COM6
1,65180,37,rpm,1,1,36.5,36.5,3893,500,0,1,0.001,1,COM8
1,65201,37,rpm,1,1,36.5,36.5,3893,500,0,1,0.001,1,COM8
3,101713,37,rpm,720,353,36.5,36.5,3893,500,0,288,0.28,1,COM6
1,65221,37,rpm,1,1,36.5,36.5,3893,500,0,1,0.001,1,COM8
3,101734,37,rpm,638,353,36.5,36.5,3893,500,0,288,0.28,1,COM6
3,101754,37,rpm,474,353,36.5,36.5,3893,500,0,289,0.28,1,COM6
1,65241,37,rpm,1,1,36.5,36.5,3893,500,0,1,0.001,1,COM8
1,65262,37,rpm,1,1,36.5,36.5,3893,500,0,1,0.001,1,COM8
3,101775,37,rpm,348,353,36.5,36.5,3893,500,0,289,0.28,1,COM6
1,65282,37,rpm,1,1,36.5,36.5,3893,500,0,1,0.001,1,COM8
3,101796,37,rpm,286,353,36.5,36.5,3893,500,0,289,0.28,1,COM6
1,65303,37,rpm,1,1,36.5,36.5,3893,500,0,1,0.001,1,COM8
3,101816,37,rpm,52,353,36.5,36.5,3893,500,0,289,0.28,1,COM6
1,65323,37,rpm,1,1,36.5,36.5,3893,500,0,1,0.001,1,COM8
3,101837,37,rpm,17,353,36.5,36.5,3893,500,0,289,0.28,1,COM6
1,65344,37,rpm,1,1,36.5,36.5,3893,500,0,1,0.001,1,COM8
3,101857,37,rpm,12,353,36.5,36.5,3893,500,0,289,0.28,1,COM6
1,65364,37,rpm,1,1,36.5,36.5,3893,500,0,1,0.001,1,COM8
3,101878,37,rpm,31,353,36.5,36.5,3893,500,0,289,0.281,1,COM6
1,65385,37,rpm,1,1,36.5,36.5,3893,500,0,1,0.001,1,COM8
3,101898,37,rpm,195,353,36.5,36.5,3893,500,0,289,0.281,1,COM6
1,65405,37,rpm,1,1,36.5,36.5,3893,500,0,1,0.001,1,COM8
3,101919,37,rpm,557,353,36.5,36.5,3893,500,0,290,0.281,1,COM6
1,65426,37,rpm,0,1,36.5,36.5,3893,500,0,1,0.001,1,COM8
3,101939,37,rpm,780,353,36.5,36.5,3893,500,0,290,0.281,1,COM6
1,65446,37,rpm,1,1,36.5,36.5,3893,500,0,1,0.001,1,COM8
3,101960,37,rpm,786,353,36.5,36.5,3893,500,0,290,0.281,1,COM6
1,65466,37,rpm,1,1,36.5,36.5,3893,500,0,1,0.001,1,COM8
3,101981,37,rpm,700,354,36.5,36.5,3893,500,0,290,0.281,1,COM6
1,65487,37,rpm,1,1,36.5,36.5,3893,500,0,1,0.001,1,COM8
3,102001,37,rpm,533,354,36.5,36.5,3893,500,0,290,0.281,1,COM6
1,65507,37,rpm,1,1,36.5,36.5,3893,500,0,1,0.001,1,COM8
3,102022,37,rpm,374,354,36.5,36.5,3893,500,0,290,0.281,1,COM6
1,65528,37,rpm,1,1,36.5,36.5,3893,500,0,1,0.001,1,COM8
3,102042,37,rpm,265,354,36.5,36.5,3893,500,0,290,0.282,1,COM6
1,65548,37,rpm,1,1,36.5,36.5,3893,500,0,1,0.001,1,COM8
3,102063,37,rpm,141,354,36.5,36.5,3893,500,0,290,0.282,1,COM6
1,65569,37,rpm,1,1,36.5,36.5,3893,500,0,1,0.001,1,COM8
3,102083,37,rpm,25,354,36.5,36.5,3893,500,0,290,0.282,1,COM6
1,65589,37,rpm,1,1,36.5,36.5,3893,500,0,1,0.001,1,COM8
3,102104,37,rpm,11,354,36.5,36.5,3893,500,0,291,0.282,1,COM6
1,65610,37,rpm,1,1,36.5,36.5,3893,500,0,1,0.001,1,COM8
3,102125,37,rpm,13,354,36.5,36.5,3893,500,0,291,0.282,1,COM6
1,65630,37,rpm,1,1,36.5,36.5,3893,500,0,1,0.001,1,COM8
3,102145,37,rpm,73,354,36.5,36.5,3893,500,0,291,0.282,1,COM6
1,65650,37,rpm,1,1,36.5,36.5,3893,500,0,1,0.001,1,COM8
3,102166,37,rpm,404,354,36.5,36.5,3893,500,0,291,0.282,1,COM6
1,65671,37,rpm,0,1,36.5,36.5,3893,500,0,1,0.001,1,COM8
3,102186,37,rpm,608,354,36.5,36.5,3893,500,0,291,0.282,1,COM6
1,65691,37,rpm,1,1,36.5,36.5,3893,500,0,1,0.001,1,COM8
3,102207,37,rpm,715,354,36.5,36.5,3893,500,0,291,0.282,1,COM6
1,65712,37,rpm,1,1,36.5,36.5,3893,500,0,1,0.001,1,COM8
3,102228,37,rpm,735,354,36.5,36.5,3893,500,0,291,0.283,1,COM6
1,65732,37,rpm,1,1,36.5,36.5,3893,500,0,1,0.001,1,COM8
3,102248,37,rpm,624,354,36.5,36.5,3893,500,0,291,0.283,1,COM6
1,65753,37,rpm,1,1,36.5,36.5,3893,500,0,1,0.001,1,COM8
3,102269,37,rpm,481,354,36.5,36.5,3893,500,0,292,0.283,1,COM6
1,65773,37,rpm,1,1,36.5,36.5,3893,500,0,1,0.001,1,COM8
3,102289,37,rpm,368,354,36.5,36.5,3893,500,0,292,0.283,1,COM6
1,65794,37,rpm,1,1,36.5,36.5,3893,500,0,1,0.001,1,COM8
3,102310,37,rpm,252,354,36.5,36.5,3893,500,0,292,0.283,1,COM6
1,65814,37,rpm,1,1,36.5,36.5,3893,500,0,1,0.001,1,COM8
3,102331,37,rpm,32,354,36.5,36.5,3893,500,0,292,0.283,1,COM6
1,65835,37,rpm,1,1,36.5,36.5,3893,500,0,1,0.001,1,COM8
3,102351,37,rpm,15,354,36.5,36.5,3893,500,0,292,0.283,1,COM6
1,65855,37,rpm,1,1,36.5,36.5,3893,500,0,1,0.001,1,COM8
3,102372,37,rpm,14,354,36.5,36.5,3893,500,0,292,0.283,1,COM6
1,65876,37,rpm,1,1,36.5,36.5,3893,500,0,1,0.001,1,COM8
3,102392,37,rpm,51,354,36.5,36.5,3893,500,0,292,0.284,1,COM6
1,65896,37,rpm,1,1,36.5,36.5,3893,500,0,1,0.001,1,COM8
3,102413,37,rpm,345,354,36.5,36.5,3893,500,0,292,0.284,1,COM6
1,65916,37,rpm,1,1,36.5,36.5,3893,500,0,1,0.001,1,COM8
3,102434,37,rpm,615,354,36.5,36.5,3893,500,0,293,0.284,1,COM6
1,65937,37,rpm,1,1,36.5,36.5,3893,500,0,1,0.001,1,COM8
3,102454,37,rpm,706,354,36.5,36.5,3893,500,0,293,0.284,1,COM6
1,65957,37,rpm,1,1,36.5,36.5,3893,500,0,1,0.001,1,COM8
3,102475,37,rpm,705,354,36.5,36.5,3893,500,0,293,0.284,1,COM6
1,65978,37,rpm,1,1,36.5,36.5,3893,500,0,1,0.001,1,COM8
3,102495,37,rpm,666,354,36.5,36.5,3893,500,0,293,0.284,1,COM6
1,65998,37,rpm,1,1,36.5,36.5,3893,500,0,1,0.001,1,COM8
3,102516,37,rpm,557,354,36.5,36.5,3893,500,0,293,0.284,1,COM6
1,66019,37,rpm,1,1,36.5,36.5,3893,500,0,1,0.001,1,COM8
3,102536,37,rpm,446,353,36.5,36.5,3893,500,0,293,0.284,1,COM6
1,66039,37,rpm,1,1,36.5,36.5,3893,500,0,1,0.001,1,COM8
3,102557,37,rpm,353,353,36.5,36.5,3893,500,0,293,0.284,1,COM6
1,66060,37,rpm,1,1,36.5,36.5,3893,500,0,1,0.001,1,COM8
3,102578,37,rpm,111,353,36.5,36.5,3893,500,0,293,0.285,1,COM6
1,66080,37,rpm,1,1,36.5,36.5,3893,500,0,1,0.001,1,COM8
3,102598,37,rpm,20,353,36.5,36.5,3893,500,0,294,0.285,1,COM6
1,66100,37,rpm,1,1,36.5,36.5,3893,500,0,1,0.001,1,COM8
3,102619,37,rpm,13,353,36.5,36.5,3893,500,0,294,0.285,1,COM6
1,66121,37,rpm,1,1,36.5,36.5,3893,500,0,1,0.001,1,COM8
3,102639,37,rpm,24,353,36.5,36.5,3893,500,0,294,0.285,1,COM6
1,66141,37,rpm,1,1,36.5,36.5,3893,500,0,1,0.001,1,COM8
3,102660,37,rpm,153,353,36.5,36.5,3893,500,0,294,0.285,1,COM6
1,66162,37,rpm,1,1,36.5,36.5,3893,500,0,1,0.001,1,COM8
3,102680,37,rpm,497,353,36.5,36.5,3893,500,0,294,0.285,1,COM6
1,66182,37,rpm,0,1,36.5,36.5,3893,500,0,1,0.001,1,COM8
3,102701,37,rpm,641,353,36.5,36.5,3893,500,0,294,0.285,1,COM6
1,66203,37,rpm,1,1,36.5,36.5,3893,500,0,1,0.001,1,COM8
3,102721,37,rpm,688,353,36.5,36.5,3893,500,0,294,0.285,1,COM6
1,66223,37,rpm,1,1,36.5,36.5,3893,500,0,1,0.001,1,COM8
3,102742,37,rpm,651,353,36.5,36.5,3893,500,0,294,0.286,1,COM6
1,66244,37,rpm,1,1,36.5,36.5,3893,500,0,1,0.001,1,COM8
3,102763,37,rpm,579,353,36.5,36.5,3893,500,0,294,0.286,1,COM6
1,66264,37,rpm,1,1,36.5,36.5,3893,500,0,1,0.001,1,COM8
3,102783,37,rpm,464,353,36.5,36.5,3893,500,0,295,0.286,1,COM6
1,66284,37,rpm,1,1,36.5,36.5,3893,500,0,1,0.001,1,COM8
3,102804,37,rpm,383,353,36.5,36.5,3893,500,0,295,0.286,1,COM6
1,66305,37,rpm,1,1,36.5,36.5,3893,500,0,1,0.001,1,COM8
3,102824,37,rpm,196,353,36.5,36.5,3893,500,0,295,0.286,1,COM6
1,66325,37,rpm,1,1,36.5,36.5,3893,500,0,1,0.001,1,COM8
3,102845,37,rpm,29,353,36.5,36.5,3893,500,0,295,0.286,1,COM6
1,66346,37,rpm,1,1,36.5,36.5,3893,500,0,1,0.001,1,COM8
3,102865,37,rpm,13,353,36.5,36.5,3893,500,0,295,0.286,1,COM6
1,66366,37,rpm,1,1,36.5,36.5,3893,500,0,1,0.001,1,COM8
3,102886,37,rpm,15,353,36.5,36.5,3893,500,0,295,0.286,1,COM6
1,66387,37,rpm,1,1,36.5,36.5,3893,500,0,1,0.001,1,COM8
3,102907,37,rpm,64,353,36.5,36.5,3893,500,0,295,0.286,1,COM6
1,66407,37,rpm,1,1,36.5,36.5,3893,500,0,1,0.001,1,COM8
3,102927,37,rpm,314,353,36.5,36.5,3893,500,0,295,0.287,1,COM6
1,66428,37,rpm,1,1,36.5,36.5,3893,500,0,1,0.001,1,COM8
3,102948,37,rpm,630,353,36.5,36.5,3893,500,0,296,0.287,1,COM6
1,66448,37,rpm,0,1,36.5,36.5,3893,500,0,1,0.001,1,COM8
3,102968,37,rpm,803,353,36.5,36.5,3893,500,0,296,0.287,1,COM6
1,66469,37,rpm,1,1,36.5,36.5,3893,500,0,1,0.001,1,COM8
3,102989,37,rpm,761,353,36.5,36.5,3893,500,0,296,0.287,1,COM6
1,66489,37,rpm,1,1,36.5,36.5,3893,500,0,1,0.001,1,COM8
3,103010,37,rpm,674,353,36.5,36.5,3893,500,0,296,0.287,1,COM6
1,66510,37,rpm,1,1,36.5,36.5,3893,500,0,1,0.001,1,COM8
3,103030,37,rpm,519,353,36.5,36.5,3893,500,0,296,0.287,1,COM6
1,66530,37,rpm,1,1,36.5,36.5,3893,500,0,1,0.001,1,COM8
3,103051,37,rpm,353,353,36.5,36.5,3893,500,0,296,0.287,1,COM6
1,66550,37,rpm,1,1,36.5,36.5,3893,500,0,1,0.001,1,COM8
3,103071,37,rpm,280,353,36.5,36.5,3893,500,0,296,0.287,1,COM6
1,66571,37,rpm,1,1,36.5,36.5,3893,500,0,1,0.001,1,COM8
3,103092,37,rpm,126,353,36.5,36.5,3893,500,0,296,0.288,1,COM6
1,66591,37,rpm,1,1,36.5,36.5,3893,500,0,1,0.001,1,COM8
3,103112,37,rpm,22,353,36.5,36.5,3893,500,0,297,0.288,1,COM6
1,66612,37,rpm,1,1,36.5,36.5,3893,500,0,1,0.001,1,COM8
3,103133,37,rpm,12,353,36.5,36.5,3893,500,0,297,0.288,1,COM6
1,66632,37,rpm,1,1,36.5,36.5,3893,500,0,1,0.001,1,COM8
3,103154,37,rpm,15,353,36.5,36.5,3893,500,0,297,0.288,1,COM6
1,66653,37,rpm,1,1,36.5,36.5,3893,500,0,1,0.001,1,COM8
3,103174,37,rpm,83,353,36.5,36.5,3893,500,0,297,0.288,1,COM6
1,66673,37,rpm,1,1,36.5,36.5,3893,500,0,1,0.001,1,COM8
3,103195,37,rpm,351,353,36.5,36.5,3893,500,0,297,0.288,1,COM6
1,66694,37,rpm,1,1,36.5,36.5,3893,500,0,1,0.001,1,COM8
3,103216,37,rpm,625,353,36.5,36.5,3893,500,0,297,0.288,1,COM6
1,66714,37,rpm,1,1,36.5,36.5,3893,500,0,1,0.001,1,COM8
3,103236,37,rpm,764,353,36.5,36.5,3893,500,0,297,0.288,1,COM6
1,66735,37,rpm,1,1,36.5,36.5,3893,500,0,1,0.001,1,COM8
3,103257,37,rpm,709,353,36.5,36.5,3893,500,0,297,0.288,1,COM6
1,66755,37,rpm,1,1,36.5,36.5,3893,500,0,1,0.001,1,COM8
3,103277,37,rpm,624,353,36.5,36.5,3893,500,0,298,0.289,1,COM6
1,66776,37,rpm,1,1,36.5,36.5,3893,500,0,1,0.001,1,COM8
3,103298,37,rpm,447,353,36.5,36.5,3893,500,0,298,0.289,1,COM6
1,66796,37,rpm,1,1,36.5,36.5,3893,500,0,1,0.001,1,COM8
3,103318,37,rpm,321,353,36.5,36.5,3893,500,0,298,0.289,1,COM6
1,66816,37,rpm,1,1,36.5,36.5,3893,500,0,1,0.001,1,COM8
3,103339,37,rpm,267,353,36.5,36.5,3893,500,0,298,0.289,1,COM6
1,66837,37,rpm,1,1,36.5,36.5,3893,500,0,1,0.001,1,COM8
3,103360,37,rpm,42,353,36.5,36.5,3893,500,0,298,0.289,1,COM6
1,66857,37,rpm,1,1,36.5,36.5,3893,500,0,1,0.001,1,COM8
3,103380,37,rpm,16,353,36.5,36.5,3893,500,0,298,0.289,1,COM6
1,66878,37,rpm,1,1,36.5,36.5,3893,500,0,1,0.001,1,COM8
3,103401,37,rpm,11,353,36.5,36.5,3893,500,0,298,0.289,1,COM6
1,66898,37,rpm,1,1,36.5,36.5,3893,500,0,1,0.001,1,COM8
3,103421,37,rpm,31,353,36.5,36.5,3893,500,0,298,0.289,1,COM6
1,66919,37,rpm,1,1,36.5,36.5,3893,500,0,1,0.001,1,COM8
3,103442,37,rpm,204,353,36.5,36.5,3893,500,0,298,0.29,1,COM6
1,66939,37,rpm,1,1,36.5,36.5,3893,500,0,1,0.001,1,COM8
3,103463,37,rpm,576,353,36.5,36.5,3893,500,0,299,0.29,1,COM6
1,66960,37,rpm,0,1,36.5,36.5,3893,500,0,1,0.001,1,COM8
3,103483,37,rpm,795,353,36.5,36.5,3893,500,0,299,0.29,1,COM6
1,66980,37,rpm,1,1,36.5,36.5,3893,500,0,1,0.001,1,COM8
3,103504,37,rpm,794,353,36.5,36.5,3893,500,0,299,0.29,1,COM6
1,67001,37,rpm,1,1,36.5,36.5,3893,500,0,1,0.001,1,COM8
3,103524,37,rpm,704,353,36.5,36.5,3893,500,0,299,0.29,1,COM6
1,67021,37,rpm,1,1,36.5,36.5,3893,500,0,1,0.001,1,COM8
3,103545,37,rpm,527,353,36.5,36.5,3893,500,0,299,0.29,1,COM6
1,67042,37,rpm,1,1,36.5,36.5,3893,500,0,1,0.001,1,COM8
3,103566,37,rpm,367,353,36.5,36.5,3893,500,0,299,0.29,1,COM6
1,67062,37,rpm,1,1,36.5,36.5,3893,500,0,1,0.001,1,COM8
3,103586,37,rpm,260,353,36.5,36.5,3893,500,0,299,0.29,1,COM6
1,67083,37,rpm,1,1,36.5,36.5,3893,500,0,1,0.001,1,COM8
3,103607,37,rpm,131,353,36.5,36.5,3893,500,0,299,0.29,1,COM6
1,67103,37,rpm,1,1,36.5,36.5,3893,500,0,1,0.001,1,COM8
3,103627,37,rpm,24,353,36.5,36.5,3893,500,0,300,0.291,1,COM6
1,67123,37,rpm,1,1,36.5,36.5,3893,500,0,1,0.001,1,COM8
3,103648,37,rpm,12,353,36.5,36.5,3893,500,0,300,0.291,1,COM6
1,67144,37,rpm,1,1,36.5,36.5,3893,500,0,1,0.001,1,COM8
3,103668,37,rpm,14,353,36.5,36.5,3893,500,0,300,0.291,1,COM6
1,67164,37,rpm,1,1,36.5,36.5,3893,500,0,1,0.001,1,COM8
3,103689,37,rpm,75,353,36.5,36.5,3893,500,0,300,0.291,1,COM6
1,67185,37,rpm,1,1,36.5,36.5,3893,500,0,1,0.001,1,COM8
3,103710,37,rpm,408,353,36.5,36.5,3893,500,0,300,0.291,1,COM6
1,67205,37,rpm,1,1,36.5,36.5,3893,500,0,1,0.001,1,COM8
3,103730,37,rpm,606,353,36.5,36.5,3893,500,0,300,0.291,1,COM6
1,67226,37,rpm,1,1,36.5,36.5,3893,500,0,1,0.001,1,COM8
3,103751,37,rpm,697,353,36.5,36.5,3893,500,0,300,0.291,1,COM6
1,67246,37,rpm,1,1,36.5,36.5,3893,500,0,1,0.001,1,COM8
3,103771,37,rpm,727,353,36.5,36.5,3893,500,0,300,0.291,1,COM6
1,67267,37,rpm,1,1,36.5,36.5,3893,500,0,1,0.001,1,COM8
3,103792,37,rpm,620,353,36.5,36.5,3893,500,0,301,0.292,1,COM6
1,67287,37,rpm,1,1,36.5,36.5,3893,500,0,1,0.001,1,COM8
3,103812,37,rpm,488,353,36.5,36.5,3893,500,0,301,0.292,1,COM6
1,67308,37,rpm,1,1,36.5,36.5,3893,500,0,1,0.001,1,COM8
3,103833,37,rpm,374,353,36.5,36.5,3893,500,0,301,0.292,1,COM6
1,67328,37,rpm,1,1,36.5,36.5,3893,500,0,1,0.001,1,COM8
3,103854,37,rpm,246,353,36.5,36.5,3893,500,0,301,0.292,1,COM6
1,67349,37,rpm,1,1,36.5,36.5,3893,500,0,1,0.001,1,COM8
3,103874,37,rpm,31,353,36.5,36.5,3893,500,0,301,0.292,1,COM6
1,67369,37,rpm,1,1,36.5,36.5,3893,500,0,1,0.001,1,COM8
3,103895,37,rpm,15,353,36.5,36.5,3893,500,0,301,0.292,1,COM6
1,67389,37,rpm,1,1,36.5,36.5,3893,500,0,1,0.001,1,COM8
3,103915,37,rpm,13,353,36.5,36.5,3893,500,0,301,0.292,1,COM6
1,67410,37,rpm,1,1,36.5,36.5,3893,500,0,1,0.001,1,COM8
3,103936,37,rpm,49,353,36.5,36.5,3893,500,0,301,0.292,1,COM6
1,67430,37,rpm,1,1,36.5,36.5,3893,500,0,1,0.001,1,COM8
3,103956,37,rpm,333,353,36.5,36.5,3893,500,0,302,0.292,1,COM6
1,67451,37,rpm,1,1,36.5,36.5,3893,500,0,1,0.001,1,COM8
3,103977,37,rpm,620,353,36.5,36.5,3893,500,0,302,0.293,1,COM6
1,67471,37,rpm,0,1,36.5,36.5,3893,500,0,1,0.001,1,COM8
3,103997,37,rpm,704,353,36.5,36.5,3893,500,0,302,0.293,1,COM6
1,67492,37,rpm,1,1,36.5,36.5,3893,500,0,1,0.001,1,COM8
3,104018,37,rpm,709,353,36.5,36.5,3893,500,0,302,0.293,1,COM6
1,67512,37,rpm,1,1,36.5,36.5,3893,500,0,1,0.001,1,COM8
3,104039,37,rpm,666,353,36.5,36.5,3893,500,0,302,0.293,1,COM6
1,67533,37,rpm,1,1,36.5,36.5,3893,500,0,1,0.001,1,COM8
3,104059,37,rpm,554,353,36.5,36.5,3893,500,0,302,0.293,1,COM6
1,67553,37,rpm,1,1,36.5,36.5,3893,500,0,1,0.001,1,COM8
3,104080,37,rpm,446,353,36.5,36.5,3893,500,0,302,0.293,1,COM6
1,67574,37,rpm,1,1,36.5,36.5,3893,500,0,1,0.001,1,COM8
3,104100,37,rpm,350,353,36.5,36.5,3893,500,0,302,0.293,1,COM6
1,67594,37,rpm,1,1,36.5,36.5,3893,500,0,1,0.001,1,COM8
3,104121,37,rpm,99,353,36.5,36.5,3893,500,0,302,0.293,1,COM6
1,67614,37,rpm,1,1,36.5,36.5,3893,500,0,1,0.001,1,COM8
3,104141,37,rpm,20,353,36.5,36.5,3893,500,0,303,0.294,1,COM6
1,67635,37,rpm,1,1,36.5,36.5,3893,500,0,1,0.001,1,COM8
3,104162,37,rpm,13,353,36.5,36.5,3893,500,0,303,0.294,1,COM6
1,67655,37,rpm,1,1,36.5,36.5,3893,500,0,1,0.001,1,COM8
3,104183,37,rpm,25,353,36.5,36.5,3893,500,0,303,0.294,1,COM6
1,67676,37,rpm,1,1,36.5,36.5,3893,500,0,1,0.001,1,COM8
3,104203,37,rpm,157,353,36.5,36.5,3893,500,0,303,0.294,1,COM6
1,67696,37,rpm,1,1,36.5,36.5,3893,500,0,1,0.001,1,COM8
3,104224,37,rpm,504,353,36.5,36.5,3893,500,0,303,0.294,1,COM6
1,67717,37,rpm,0,1,36.5,36.5,3893,500,0,1,0.001,1,COM8
3,104244,37,rpm,642,353,36.5,36.5,3893,500,0,303,0.294,1,COM6
1,67737,37,rpm,1,1,36.5,36.5,3893,500,0,1,0.001,1,COM8
3,104265,37,rpm,687,353,36.5,36.5,3893,500,0,303,0.294,1,COM6
1,67758,37,rpm,1,1,36.5,36.5,3893,500,0,1,0.001,1,COM8
3,104285,37,rpm,652,353,36.5,36.5,3893,500,0,303,0.294,1,COM6
1,67778,37,rpm,1,1,36.5,36.5,3893,500,0,1,0.001,1,COM8
3,104306,37,rpm,572,353,36.5,36.5,3893,500,0,304,0.294,1,COM6
1,67799,37,rpm,1,1,36.5,36.5,3893,500,0,1,0.001,1,COM8
3,104327,37,rpm,463,353,36.5,36.5,3893,500,0,304,0.295,1,COM6
1,67819,37,rpm,1,1,36.5,36.5,3893,500,0,1,0.001,1,COM8
3,104347,37,rpm,379,353,36.5,36.5,3893,500,0,304,0.295,1,COM6
1,67840,37,rpm,1,1,36.5,36.5,3893,500,0,1,0.001,1,COM8
3,104368,37,rpm,188,353,36.5,36.5,3893,500,0,304,0.295,1,COM6
1,67860,37,rpm,1,1,36.5,36.5,3893,500,0,1,0.001,1,COM8
3,104388,37,rpm,27,353,36.5,36.5,3893,500,0,304,0.295,1,COM6
1,67880,37,rpm,1,1,36.5,36.5,3893,500,0,1,0.001,1,COM8
3,104409,37,rpm,13,353,36.5,36.5,3893,500,0,304,0.295,1,COM6
1,67901,37,rpm,1,1,36.5,36.5,3893,500,0,1,0.001,1,COM8
3,104429,37,rpm,15,353,36.5,36.5,3893,500,0,304,0.295,1,COM6
1,67921,37,rpm,1,1,36.5,36.5,3893,500,0,1,0.001,1,COM8
3,104450,37,rpm,64,353,36.5,36.5,3893,500,0,304,0.295,1,COM6
1,67942,37,rpm,1,1,36.5,36.5,3893,500,0,1,0.001,1,COM8
1,67962,37,rpm,1,1,36.5,36.5,3893,500,0,1,0.001,1,COM8
3,104471,37,rpm,313,353,36.5,36.5,3893,500,0,305,0.295,1,COM6
3,104491,37,rpm,581,353,36.5,36.5,3893,500,0,305,0.296,1,COM6
1,67983,37,rpm,0,1,36.5,36.5,3893,500,0,1,0.001,1,COM8
3,104512,37,rpm,787,353,36.5,36.5,3893,500,0,305,0.296,1,COM6
1,68003,37,rpm,1,1,36.5,36.5,3893,500,0,1,0.001,1,COM8
3,104532,37,rpm,771,353,36.5,36.5,3893,500,0,305,0.296,1,COM6
1,68024,37,rpm,1,1,36.5,36.5,3893,500,0,1,0.001,1,COM8
1,68044,37,rpm,1,1,36.5,36.5,3893,500,0,1,0.001,1,COM8
3,104553,37,rpm,690,353,36.5,36.5,3893,500,0,305,0.296,1,COM6
1,68064,37,rpm,1,1,36.5,36.5,3893,500,0,1,0.001,1,COM8
3,104573,37,rpm,535,353,36.5,36.5,3893,500,0,305,0.296,1,COM6
3,104594,37,rpm,371,353,36.5,36.5,3893,500,0,305,0.296,1,COM6
1,68085,37,rpm,1,1,36.5,36.5,3893,500,0,1,0.001,1,COM8
1,68105,37,rpm,1,1,36.5,36.5,3893,500,0,1,0.001,1,COM8
3,104615,37,rpm,292,353,36.5,36.5,3893,500,0,305,0.296,1,COM6
1,68126,37,rpm,1,1,36.5,36.5,3893,500,0,1,0.001,1,COM8
3,104635,37,rpm,131,353,36.5,36.5,3893,500,0,306,0.296,1,COM6
1,68146,37,rpm,1,1,36.5,36.5,3893,500,0,1,0.001,1,COM8
3,104656,37,rpm,23,353,36.5,36.5,3893,500,0,306,0.296,1,COM6
3,104676,37,rpm,12,353,36.5,36.5,3893,500,0,306,0.297,1,COM6
1,68167,37,rpm,1,1,36.5,36.5,3893,500,0,1,0.001,1,COM8
1,68187,37,rpm,1,1,36.5,36.5,3893,500,0,1,0.001,1,COM8
3,104697,37,rpm,14,353,36.5,36.5,3893,500,0,306,0.297,1,COM6
1,68208,37,rpm,1,1,36.5,36.5,3893,500,0,1,0.001,1,COM8
3,104717,37,rpm,75,353,36.5,36.5,3893,500,0,306,0.297,1,COM6
1,68228,37,rpm,1,1,36.5,36.5,3893,500,0,1,0.001,1,COM8
3,104738,37,rpm,336,353,36.5,36.5,3893,500,0,306,0.297,1,COM6
1,68248,37,rpm,0,1,36.5,36.5,3893,500,0,1,0.001,1,COM8
3,104759,37,rpm,601,353,36.5,36.5,3893,500,0,306,0.297,1,COM6
1,68269,37,rpm,1,1,36.5,36.5,3893,500,0,1,0.001,1,COM8
3,104779,37,rpm,769,353,36.5,36.5,3893,500,0,306,0.297,1,COM6
1,68289,37,rpm,1,1,36.5,36.5,3893,500,0,1,0.001,1,COM8
3,104800,37,rpm,718,353,36.5,36.5,3893,500,0,306,0.297,1,COM6
1,68310,37,rpm,1,1,36.5,36.5,3893,500,0,1,0.001,1,COM8
3,104820,37,rpm,632,353,36.5,36.5,3893,500,0,307,0.297,1,COM6
3,104841,37,rpm,464,353,36.5,36.5,3893,500,0,307,0.298,1,COM6
1,68330,37,rpm,1,1,36.5,36.5,3893,500,0,1,0.001,1,COM8
1,68351,37,rpm,1,1,36.5,36.5,3893,500,0,1,0.001,1,COM8
3,104862,37,rpm,333,353,36.5,36.5,3893,500,0,307,0.298,1,COM6
1,68371,37,rpm,1,1,36.5,36.5,3893,500,0,1,0.001,1,COM8
3,104882,37,rpm,271,353,36.5,36.5,3893,500,0,307,0.298,1,COM6
1,68391,37,rpm,1,1,36.5,36.5,3893,500,0,1,0.001,1,COM8
3,104903,37,rpm,48,353,36.5,36.5,3893,500,0,307,0.298,1,COM6
1,68412,37,rpm,1,1,36.5,36.5,3893,500,0,1,0.001,1,COM8
3,104923,37,rpm,16,353,36.5,36.5,3893,500,0,307,0.298,1,COM6
1,68432,37,rpm,1,1,36.5,36.5,3893,500,0,1,0.001,1,COM8
3,104944,37,rpm,11,353,36.5,36.5,3893,500,0,307,0.298,1,COM6
1,68453,37,rpm,1,1,36.5,36.5,3893,500,0,1,0.001,1,COM8
3,104964,37,rpm,31,353,36.5,36.5,3893,500,0,307,0.298,1,COM6
1,68473,37,rpm,1,1,36.5,36.5,3893,500,0,1,0.001,1,COM8
3,104985,37,rpm,194,353,36.5,36.5,3893,500,0,308,0.298,1,COM6
1,68494,37,rpm,1,1,36.5,36.5,3893,500,0,1,0.001,1,COM8
3,105006,37,rpm,564,353,36.5,36.5,3893,500,0,308,0.298,1,COM6
1,68514,37,rpm,1,1,36.5,36.5,3893,500,0,1,0.001,1,COM8
3,105026,37,rpm,781,353,36.5,36.5,3893,500,0,308,0.299,1,COM6
1,68535,37,rpm,1,1,36.5,36.5,3893,500,0,1,0.001,1,COM8
3,105047,37,rpm,782,353,36.5,36.5,3893,500,0,308,0.299,1,COM6
1,68555,37,rpm,1,1,36.5,36.5,3893,500,0,1,0.001,1,COM8
3,105067,37,rpm,694,353,36.5,36.5,3893,500,0,308,0.299,1,COM6
1,68575,37,rpm,1,1,36.5,36.5,3893,500,0,1,0.001,1,COM8
3,105088,37,rpm,523,353,36.5,36.5,3893,500,0,308,0.299,1,COM6
1,68596,37,rpm,1,1,36.5,36.5,3893,500,0,1,0.001,1,COM8
3,105109,37,rpm,366,353,36.5,36.5,3893,500,0,308,0.299,1,COM6
1,68616,37,rpm,1,1,36.5,36.5,3893,500,0,1,0.001,1,COM8
3,105129,37,rpm,259,353,36.5,36.5,3893,500,0,308,0.299,1,COM6
1,68637,37,rpm,1,1,36.5,36.5,3893,500,0,1,0.001,1,COM8
3,105150,37,rpm,129,353,36.5,36.5,3893,500,0,309,0.299,1,COM6
1,68657,37,rpm,1,1,36.5,36.5,3893,500,0,1,0.001,1,COM8
3,105170,37,rpm,23,353,36.5,36.5,3893,500,0,309,0.299,1,COM6
1,68678,37,rpm,1,1,36.5,36.5,3893,500,0,1,0.001,1,COM8
3,105191,37,rpm,11,353,36.5,36.5,3893,500,0,309,0.3,1,COM6
1,68698,37,rpm,1,1,36.5,36.5,3893,500,0,1,0.001,1,COM8
3,105211,37,rpm,14,353,36.5,36.5,3893,500,0,309,0.3,1,COM6
1,68719,37,rpm,1,1,36.5,36.5,3893,500,0,1,0.001,1,COM8
3,105232,37,rpm,76,353,36.5,36.5,3893,500,0,309,0.3,1,COM6
1,68739,37,rpm,1,1,36.5,36.5,3893,500,0,1,0.001,1,COM8
3,105252,37,rpm,418,353,36.5,36.5,3893,500,0,309,0.3,1,COM6
1,68759,37,rpm,1,1,36.5,36.5,3893,500,0,1,0.001,1,COM8
3,105273,37,rpm,613,353,36.5,36.5,3893,500,0,309,0.3,1,COM6
1,68780,37,rpm,1,1,36.5,36.5,3893,500,0,1,0.001,1,COM8
3,105294,37,rpm,702,353,36.5,36.5,3893,500,0,309,0.3,1,COM6
1,68800,37,rpm,1,1,36.5,36.5,3893,500,0,1,0.001,1,COM8
3,105314,37,rpm,730,353,36.5,36.5,3893,500,0,310,0.3,1,COM6
1,68821,37,rpm,1,1,36.5,36.5,3893,500,0,1,0.001,1,COM8
3,105335,37,rpm,620,353,36.5,36.5,3893,500,0,310,0.3,1,COM6
1,68841,37,rpm,1,1,36.5,36.5,3893,500,0,1,0.001,1,COM8
3,105355,37,rpm,486,353,36.5,36.5,3893,500,0,310,0.3,1,COM6
1,68862,37,rpm,1,1,36.5,36.5,3893,500,0,1,0.001,1,COM8
3,105376,37,rpm,376,353,36.5,36.5,3893,500,0,310,0.301,1,COM6
1,68882,37,rpm,1,1,36.5,36.5,3893,500,0,1,0.001,1,COM8
3,105396,37,rpm,252,353,36.5,36.5,3893,500,0,310,0.301,1,COM6
1,68903,37,rpm,1,1,36.5,36.5,3893,500,0,1,0.001,1,COM8
3,105417,37,rpm,32,353,36.5,36.5,3893,500,0,310,0.301,1,COM6
1,68923,37,rpm,1,1,36.5,36.5,3893,500,0,1,0.001,1,COM8
3,105437,37,rpm,15,353,36.5,36.5,3893,500,0,310,0.301,1,COM6
1,68943,37,rpm,1,1,36.5,36.5,3893,500,0,1,0.001,1,COM8
3,105458,37,rpm,14,353,36.5,36.5,3893,500,0,310,0.301,1,COM6
1,68964,37,rpm,1,1,36.5,36.5,3893,500,0,1,0.001,1,COM8
3,105479,37,rpm,55,353,36.5,36.5,3893,500,0,310,0.301,1,COM6
1,68984,37,rpm,1,1,36.5,36.5,3893,500,0,1,0.001,1,COM8
3,105499,37,rpm,353,353,36.5,36.5,3893,500,0,311,0.301,1,COM6
1,69005,37,rpm,1,1,36.5,36.5,3893,500,0,1,0.001,1,COM8
3,105520,37,rpm,613,353,36.5,36.5,3893,500,0,311,0.301,1,COM6
1,69025,37,rpm,1,1,36.5,36.5,3893,500,0,1,0.001,1,COM8
3,105540,37,rpm,703,353,36.5,36.5,3893,500,0,311,0.302,1,COM6
1,69046,37,rpm,1,1,36.5,36.5,3893,500,0,1,0.001,1,COM8
3,105561,37,rpm,702,353,36.5,36.5,3893,500,0,311,0.302,1,COM6
1,69066,37,rpm,1,1,36.5,36.5,3893,500,0,1,0.001,1,COM8
3,105581,37,rpm,662,353,36.5,36.5,3893,500,0,311,0.302,1,COM6
1,69087,37,rpm,1,1,36.5,36.5,3893,500,0,1,0.001,1,COM8
3,105602,37,rpm,553,353,36.5,36.5,3893,500,0,311,0.302,1,COM6
1,69107,37,rpm,1,1,36.5,36.5,3893,500,0,1,0.001,1,COM8
3,105622,37,rpm,443,353,36.5,36.5,3893,500,0,311,0.302,1,COM6
1,69127,37,rpm,1,1,36.5,36.5,3893,500,0,1,0.001,1,COM8
3,105643,37,rpm,351,353,36.5,36.5,3893,500,0,311,0.302,1,COM6
1,69148,37,rpm,1,1,36.5,36.5,3893,500,0,1,0.001,1,COM8
3,105663,37,rpm,101,353,36.5,36.5,3893,500,0,312,0.302,1,COM6
1,69168,37,rpm,1,1,36.5,36.5,3893,500,0,1,0.001,1,COM8
3,105684,37,rpm,20,353,36.5,36.5,3893,500,0,312,0.302,1,COM6
1,69189,37,rpm,1,1,36.5,36.5,3893,500,0,1,0.001,1,COM8
3,105704,37,rpm,13,353,36.5,36.5,3893,500,0,312,0.302,1,COM6
1,69209,37,rpm,1,1,36.5,36.5,3893,500,0,1,0.001,1,COM8
3,105725,37,rpm,25,353,36.5,36.5,3893,500,0,312,0.303,1,COM6
1,69230,37,rpm,1,1,36.5,36.5,3893,500,0,1,0.001,1,COM8
3,105746,37,rpm,160,353,36.5,36.5,3893,500,0,312,0.303,1,COM6
1,69250,37,rpm,1,1,36.5,36.5,3893,500,0,1,0.001,1,COM8
3,105766,37,rpm,508,353,36.5,36.5,3893,500,0,312,0.303,1,COM6
1,69271,37,rpm,1,1,36.5,36.5,3893,500,0,1,0.001,1,COM8
3,105787,37,rpm,641,353,36.5,36.5,3893,500,0,312,0.303,1,COM6
1,69291,37,rpm,1,1,36.5,36.5,3893,500,0,1,0.001,1,COM8
3,105807,37,rpm,691,353,36.5,36.5,3893,500,0,312,0.303,1,COM6
1,69311,37,rpm,1,1,36.5,36.5,3893,500,0,1,0.001,1,COM8
3,105828,37,rpm,660,353,36.5,36.5,3893,500,0,313,0.303,1,COM6
1,69332,37,rpm,1,1,36.5,36.5,3893,500,0,1,0.001,1,COM8
3,105848,37,rpm,577,353,36.5,36.5,3893,500,0,313,0.303,1,COM6
1,69352,37,rpm,1,1,36.5,36.5,3893,500,0,1,0.001,1,COM8
3,105869,37,rpm,465,353,36.5,36.5,3893,500,0,313,0.303,1,COM6
1,69373,37,rpm,1,1,36.5,36.5,3893,500,0,1,0.001,1,COM8
3,105889,37,rpm,381,353,36.5,36.5,3893,500,0,313,0.304,1,COM6
1,69393,37,rpm,1,1,36.5,36.5,3893,500,0,1,0.001,1,COM8
3,105910,37,rpm,196,353,36.5,36.5,3893,500,0,313,0.304,1,COM6
1,69414,37,rpm,1,1,36.5,36.5,3893,500,0,1,0.001,1,COM8
3,105931,37,rpm,28,353,36.5,36.5,3893,500,0,313,0.304,1,COM6
1,69434,37,rpm,1,1,36.5,36.5,3893,500,0,1,0.001,1,COM8
3,105951,37,rpm,13,353,36.5,36.5,3893,500,0,313,0.304,1,COM6
1,69455,37,rpm,1,1,36.5,36.5,3893,500,0,1,0.001,1,COM8
3,105972,37,rpm,15,353,36.5,36.5,3893,500,0,313,0.304,1,COM6
1,69475,37,rpm,1,1,36.5,36.5,3893,500,0,1,0.001,1,COM8
3,105992,37,rpm,63,353,36.5,36.5,3893,500,0,313,0.304,1,COM6
1,69496,37,rpm,1,1,36.5,36.5,3893,500,0,1,0.001,1,COM8
3,106013,37,rpm,309,353,36.5,36.5,3893,500,0,314,0.304,1,COM6
1,69516,37,rpm,1,1,36.5,36.5,3893,500,0,1,0.001,1,COM8
3,106033,37,rpm,591,353,36.5,36.5,3893,500,0,314,0.304,1,COM6
1,69536,37,rpm,1,1,36.5,36.5,3893,500,0,1,0.001,1,COM8
3,106054,37,rpm,782,353,36.5,36.5,3893,500,0,314,0.304,1,COM6
1,69557,37,rpm,1,1,36.5,36.5,3893,500,0,1,0.001,1,COM8
3,106074,37,rpm,753,353,36.5,36.5,3893,500,0,314,0.305,1,COM6
1,69577,37,rpm,1,1,36.5,36.5,3893,500,0,1,0.001,1,COM8
3,106095,37,rpm,675,353,36.5,36.5,3893,500,0,314,0.305,1,COM6
1,69598,37,rpm,1,1,36.5,36.5,3893,500,0,1,0.001,1,COM8
3,106116,37,rpm,527,353,36.5,36.5,3893,500,0,314,0.305,1,COM6
1,69618,37,rpm,1,1,36.5,36.5,3893,500,0,1,0.001,1,COM8
3,106136,37,rpm,365,353,36.5,36.5,3893,500,0,314,0.305,1,COM6
1,69639,37,rpm,1,1,36.5,36.5,3893,500,0,1,0.001,1,COM8
3,106157,37,rpm,303,353,36.5,36.5,3893,500,0,314,0.305,1,COM6
1,69659,37,rpm,1,1,36.5,36.5,3893,500,0,1,0.001,1,COM8
3,106177,37,rpm,136,353,36.5,36.5,3893,500,0,315,0.305,1,COM6
1,69680,37,rpm,1,1,36.5,36.5,3893,500,0,1,0.001,1,COM8
3,106198,37,rpm,23,353,36.5,36.5,3893,500,0,315,0.305,1,COM6
1,69700,37,rpm,1,1,36.5,36.5,3893,500,0,1,0.001,1,COM8
3,106218,37,rpm,12,353,36.5,36.5,3893,500,0,315,0.305,1,COM6
1,69720,37,rpm,1,1,36.5,36.5,3893,500,0,1,0.001,1,COM8
3,106239,37,rpm,15,353,36.5,36.5,3893,500,0,315,0.306,1,COM6
1,69741,37,rpm,1,1,36.5,36.5,3893,500,0,1,0.001,1,COM8
3,106259,37,rpm,77,353,36.5,36.5,3893,500,0,315,0.306,1,COM6
1,69761,37,rpm,1,1,36.5,36.5,3893,500,0,1,0.001,1,COM8
3,106280,37,rpm,334,353,36.5,36.5,3893,500,0,315,0.306,1,COM6
1,69782,37,rpm,0,1,36.5,36.5,3893,500,0,1,0.001,1,COM8
3,106301,37,rpm,594,353,36.5,36.5,3893,500,0,315,0.306,1,COM6
1,69802,37,rpm,1,1,36.5,36.5,3893,500,0,1,0.001,1,COM8
3,106321,37,rpm,756,353,36.5,36.5,3893,500,0,315,0.306,1,COM6
1,69823,37,rpm,1,1,36.5,36.5,3893,500,0,1,0.001,1,COM8
3,106342,37,rpm,706,353,36.5,36.5,3893,500,0,316,0.306,1,COM6
1,69843,37,rpm,1,1,36.5,36.5,3893,500,0,1,0.001,1,COM8
3,106362,37,rpm,627,353,36.5,36.5,3893,500,0,316,0.306,1,COM6
1,69864,37,rpm,1,1,36.5,36.5,3893,500,0,1,0.001,1,COM8
3,106383,37,rpm,454,353,36.5,36.5,3893,500,0,316,0.306,1,COM6
1,69884,37,rpm,1,1,36.5,36.5,3893,500,0,1,0.001,1,COM8
3,106403,37,rpm,334,353,36.5,36.5,3893,500,0,316,0.306,1,COM6
1,69905,37,rpm,1,1,36.5,36.5,3893,500,0,1,0.001,1,COM8
3,106424,37,rpm,283,353,36.5,36.5,3893,500,0,316,0.307,1,COM6
1,69925,37,rpm,1,1,36.5,36.5,3893,500,0,1,0.001,1,COM8
3,106444,37,rpm,47,353,36.5,36.5,3893,500,0,316,0.307,1,COM6
1,69946,37,rpm,1,1,36.5,36.5,3893,500,0,1,0.001,1,COM8
3,106465,37,rpm,16,353,36.5,36.5,3893,500,0,316,0.307,1,COM6
1,69966,37,rpm,1,1,36.5,36.5,3893,500,0,1,0.001,1,COM8
3,106486,37,rpm,12,353,36.5,36.5,3893,500,0,316,0.307,1,COM6
1,69987,37,rpm,1,1,36.5,36.5,3893,500,0,1,0.001,1,COM8
3,106506,37,rpm,32,353,36.5,36.5,3893,500,0,317,0.307,1,COM6
1,70007,37,rpm,1,1,36.5,36.5,3893,500,0,1,0.001,1,COM8
3,106527,37,rpm,203,353,36.5,36.5,3893,500,0,317,0.307,1,COM6
1,70027,37,rpm,1,1,36.5,36.5,3893,500,0,1,0.001,1,COM8
3,106547,37,rpm,578,353,36.5,36.5,3893,500,0,317,0.307,1,COM6
1,70048,37,rpm,0,1,36.5,36.5,3893,500,0,1,0.001,1,COM8
3,106568,37,rpm,796,353,36.5,36.5,3893,500,0,317,0.307,1,COM6
1,70068,37,rpm,1,1,36.5,36.5,3893,500,0,1,0.001,1,COM8
3,106588,37,rpm,793,353,36.5,36.5,3893,500,0,317,0.307,1,COM6
1,70089,37,rpm,1,1,36.5,36.5,3893,500,0,1,0.001,1,COM8
3,106609,37,rpm,701,353,36.5,36.5,3893,500,0,317,0.308,1,COM6
1,70109,37,rpm,1,1,36.5,36.5,3893,500,0,1,0.001,1,COM8
3,106630,37,rpm,536,353,36.5,36.5,3893,500,0,317,0.308,1,COM6
1,70130,37,rpm,1,1,36.5,36.5,3893,500,0,1,0.001,1,COM8
3,106650,37,rpm,374,353,36.5,36.5,3893,500,0,317,0.308,1,COM6
1,70150,37,rpm,1,1,36.5,36.5,3893,500,0,1,0.001,1,COM8
3,106671,37,rpm,266,353,36.5,36.5,3893,500,0,317,0.308,1,COM6
1,70171,37,rpm,1,1,36.5,36.5,3893,500,0,1,0.001,1,COM8
3,106691,37,rpm,148,353,36.5,36.5,3893,500,0,318,0.308,1,COM6
1,70191,37,rpm,1,1,36.5,36.5,3893,500,0,1,0.001,1,COM8
3,106712,37,rpm,25,353,36.5,36.5,3893,500,0,318,0.308,1,COM6
1,70211,37,rpm,1,1,36.5,36.5,3893,500,0,1,0.001,1,COM8
3,106732,37,rpm,12,353,36.5,36.5,3893,500,0,318,0.308,1,COM6
1,70232,37,rpm,1,1,36.5,36.5,3893,500,0,1,0.001,1,COM8
3,106753,37,rpm,13,353,36.5,36.5,3893,500,0,318,0.308,1,COM6
1,70252,37,rpm,1,1,36.5,36.5,3893,500,0,1,0.001,1,COM8
3,106774,37,rpm,66,353,36.5,36.5,3893,500,0,318,0.309,1,COM6
1,70273,37,rpm,1,1,36.5,36.5,3893,500,0,1,0.001,1,COM8
3,106794,37,rpm,380,353,36.5,36.5,3893,500,0,318,0.309,1,COM6
1,70293,37,rpm,0,1,36.5,36.5,3893,500,0,1,0.001,1,COM8
3,106815,37,rpm,602,353,36.5,36.5,3893,500,0,318,0.309,1,COM6
1,70314,37,rpm,1,1,36.5,36.5,3893,500,0,1,0.001,1,COM8
3,106835,37,rpm,691,353,36.5,36.5,3893,500,0,318,0.309,1,COM6
1,70334,37,rpm,1,1,36.5,36.5,3893,500,0,1,0.001,1,COM8
3,106856,37,rpm,731,353,36.5,36.5,3893,500,0,319,0.309,1,COM6
1,70355,37,rpm,1,1,36.5,36.5,3893,500,0,1,0.001,1,COM8
3,106876,37,rpm,629,353,36.5,36.5,3893,500,0,319,0.309,1,COM6
1,70375,37,rpm,1,1,36.5,36.5,3893,500,0,1,0.001,1,COM8
3,106897,37,rpm,493,353,36.5,36.5,3893,500,0,319,0.309,1,COM6
1,70395,37,rpm,1,1,36.5,36.5,3893,500,0,1,0.001,1,COM8
3,106918,37,rpm,374,353,36.5,36.5,3893,500,0,319,0.309,1,COM6
1,70416,37,rpm,1,1,36.5,36.5,3893,500,0,1,0.001,1,COM8
3,106938,37,rpm,257,353,36.5,36.5,3893,500,0,319,0.309,1,COM6
1,70436,37,rpm,1,1,36.5,36.5,3893,500,0,1,0.001,1,COM8
3,106959,37,rpm,33,353,36.5,36.5,3893,500,0,319,0.31,1,COM6
1,70457,37,rpm,1,1,36.5,36.5,3893,500,0,1,0.001,1,COM8
3,106979,37,rpm,16,353,36.5,36.5,3893,500,0,319,0.31,1,COM6
1,70477,37,rpm,1,1,36.5,36.5,3893,500,0,1,0.001,1,COM8
3,107000,37,rpm,13,353,36.5,36.5,3893,500,0,319,0.31,1,COM6
1,70498,37,rpm,1,1,36.5,36.5,3893,500,0,1,0.001,1,COM8
3,107021,37,rpm,46,353,36.5,36.5,3893,500,0,320,0.31,1,COM6
1,70518,37,rpm,1,1,36.5,36.5,3893,500,0,1,0.001,1,COM8
3,107041,37,rpm,325,353,36.5,36.5,3893,500,0,320,0.31,1,COM6
1,70539,37,rpm,1,1,36.5,36.5,3893,500,0,1,0.001,1,COM8
3,107062,37,rpm,617,353,36.5,36.5,3893,500,0,320,0.31,1,COM6
1,70559,37,rpm,1,1,36.5,36.5,3893,500,0,1,0.001,1,COM8
3,107082,37,rpm,704,353,36.5,36.5,3893,500,0,320,0.31,1,COM6
1,70580,37,rpm,1,1,36.5,36.5,3893,500,0,1,0.001,1,COM8
3,107103,37,rpm,709,353,36.5,36.5,3893,500,0,320,0.31,1,COM6
1,70600,37,rpm,1,1,36.5,36.5,3893,500,0,1,0.001,1,COM8
3,107123,37,rpm,669,353,36.5,36.5,3893,500,0,320,0.311,1,COM6
1,70621,37,rpm,1,1,36.5,36.5,3893,500,0,1,0.001,1,COM8
3,107144,37,rpm,561,353,36.5,36.5,3893,500,0,320,0.311,1,COM6
1,70641,37,rpm,1,1,36.5,36.5,3893,500,0,1,0.001,1,COM8
3,107165,37,rpm,450,353,36.5,36.5,3893,500,0,320,0.311,1,COM6
1,70661,37,rpm,1,1,36.5,36.5,3893,500,0,1,0.001,1,COM8
3,107185,37,rpm,358,353,36.5,36.5,3893,500,0,321,0.311,1,COM6
1,70682,37,rpm,1,1,36.5,36.5,3893,500,0,1,0.001,1,COM8
3,107206,37,rpm,116,353,36.5,36.5,3893,500,0,321,0.311,1,COM6
1,70702,37,rpm,1,1,36.5,36.5,3893,500,0,1,0.001,1,COM8
3,107226,37,rpm,22,353,36.5,36.5,3893,500,0,321,0.311,1,COM6
1,70723,37,rpm,1,1,36.5,36.5,3893,500,0,1,0.001,1,COM8
3,107247,37,rpm,13,353,36.5,36.5,3893,500,0,321,0.311,1,COM6
1,70743,37,rpm,1,1,36.5,36.5,3893,500,0,1,0.001,1,COM8
3,107267,37,rpm,23,353,36.5,36.5,3893,500,0,321,0.311,1,COM6
1,70764,37,rpm,1,1,36.5,36.5,3893,500,0,1,0.001,1,COM8
3,107288,37,rpm,143,353,36.5,36.5,3893,500,0,321,0.311,1,COM6
1,70784,37,rpm,1,1,36.5,36.5,3893,500,0,1,0.001,1,COM8
3,107309,37,rpm,490,353,36.5,36.5,3893,500,0,321,0.312,1,COM6
1,70805,37,rpm,0,1,36.5,36.5,3893,500,0,1,0.001,1,COM8
3,107329,37,rpm,637,353,36.5,36.5,3893,500,0,321,0.312,1,COM6
1,70825,37,rpm,1,1,36.5,36.5,3893,500,0,1,0.001,1,COM8
3,107350,37,rpm,689,353,36.5,36.5,3893,500,0,321,0.312,1,COM6
1,70846,37,rpm,1,1,36.5,36.5,3893,500,0,1,0.001,1,COM8
3,107370,37,rpm,665,353,36.5,36.5,3893,500,0,322,0.312,1,COM6
1,70866,37,rpm,1,1,36.5,36.5,3893,500,0,1,0.001,1,COM8
3,107391,37,rpm,575,353,36.5,36.5,3893,500,0,322,0.312,1,COM6
1,70886,37,rpm,1,1,36.5,36.5,3893,500,0,1,0.001,1,COM8
3,107411,37,rpm,470,353,36.5,36.5,3893,500,0,322,0.312,1,COM6
1,70907,37,rpm,1,1,36.5,36.5,3893,500,0,1,0.001,1,COM8
3,107432,37,rpm,386,353,36.5,36.5,3893,500,0,322,0.312,1,COM6
1,70927,37,rpm,1,1,36.5,36.5,3893,500,0,1,0.001,1,COM8
3,107453,37,rpm,204,353,36.5,36.5,3893,500,0,322,0.312,1,COM6
1,70948,37,rpm,1,1,36.5,36.5,3893,500,0,1,0.001,1,COM8
3,107473,37,rpm,28,353,36.5,36.5,3893,500,0,322,0.313,1,COM6
1,70968,37,rpm,1,1,36.5,36.5,3893,500,0,1,0.001,1,COM8
3,107494,37,rpm,13,353,36.5,36.5,3893,500,0,322,0.313,1,COM6
1,70989,37,rpm,1,1,36.5,36.5,3893,500,0,1,0.001,1,COM8
3,107514,37,rpm,14,353,36.5,36.5,3893,500,0,322,0.313,1,COM6
1,71009,37,rpm,1,1,36.5,36.5,3893,500,0,1,0.001,1,COM8
3,107535,37,rpm,57,353,36.5,36.5,3893,500,0,323,0.313,1,COM6
1,71030,37,rpm,1,1,36.5,36.5,3893,500,0,1,0.001,1,COM8
3,107555,37,rpm,299,353,36.5,36.5,3893,500,0,323,0.313,1,COM6
1,71050,37,rpm,1,1,36.5,36.5,3893,500,0,1,0.001,1,COM8
3,107576,37,rpm,591,353,36.5,36.5,3893,500,0,323,0.313,1,COM6
1,71070,37,rpm,0,1,36.5,36.5,3893,500,0,1,0.001,1,COM8
3,107597,37,rpm,803,353,36.5,36.5,3893,500,0,323,0.313,1,COM6
1,71091,37,rpm,1,1,36.5,36.5,3893,500,0,1,0.001,1,COM8
3,107617,37,rpm,787,353,36.5,36.5,3893,500,0,323,0.313,1,COM6
1,71111,37,rpm,1,1,36.5,36.5,3893,500,0,1,0.001,1,COM8
3,107638,37,rpm,689,353,36.5,36.5,3893,500,0,323,0.313,1,COM6
1,71132,37,rpm,1,1,36.5,36.5,3893,500,0,1,0.001,1,COM8
3,107658,37,rpm,536,353,36.5,36.5,3893,500,0,323,0.314,1,COM6
1,71152,37,rpm,1,1,36.5,36.5,3893,500,0,1,0.001,1,COM8
3,107679,37,rpm,366,353,36.5,36.5,3893,500,0,323,0.314,1,COM6
1,71173,37,rpm,1,1,36.5,36.5,3893,500,0,1,0.001,1,COM8
3,107699,37,rpm,276,353,36.5,36.5,3893,500,0,324,0.314,1,COM6
1,71193,37,rpm,1,1,36.5,36.5,3893,500,0,1,0.001,1,COM8
3,107720,37,rpm,141,353,36.5,36.5,3893,500,0,324,0.314,1,COM6
1,71214,37,rpm,1,1,36.5,36.5,3893,500,0,1,0.001,1,COM8
3,107741,37,rpm,24,353,36.5,36.5,3893,500,0,324,0.314,1,COM6
1,71234,37,rpm,1,1,36.5,36.5,3893,500,0,1,0.001,1,COM8
3,107761,37,rpm,12,353,36.5,36.5,3893,500,0,324,0.314,1,COM6
1,71255,37,rpm,1,1,36.5,36.5,3893,500,0,1,0.001,1,COM8
1,71275,37,rpm,1,1,36.5,36.5,3893,500,0,1,0.001,1,COM8
3,107782,37,rpm,14,353,36.5,36.5,3893,500,0,324,0.314,1,COM6
3,107802,37,rpm,71,353,36.5,36.5,3893,500,0,324,0.314,1,COM6
1,71295,37,rpm,1,1,36.5,36.5,3893,500,0,1,0.001,1,COM8
3,107823,37,rpm,329,353,36.5,36.5,3893,500,0,324,0.315,1,COM6
1,71316,37,rpm,1,1,36.5,36.5,3893,500,0,1,0.001,1,COM8
3,107844,37,rpm,619,353,36.5,36.5,3893,500,0,324,0.315,1,COM6
1,71336,37,rpm,0,1,36.5,36.5,3893,500,0,1,0.001,1,COM8
3,107864,37,rpm,773,353,36.5,36.5,3893,500,0,325,0.315,1,COM6
1,71357,37,rpm,1,1,36.5,36.5,3893,500,0,1,0.001,1,COM8
1,71377,37,rpm,1,1,36.5,36.5,3893,500,0,1,0.001,1,COM8
3,107885,37,rpm,719,353,36.5,36.5,3893,500,0,325,0.315,1,COM6
3,107905,37,rpm,634,353,36.5,36.5,3893,500,0,325,0.315,1,COM6
1,71398,37,rpm,1,1,36.5,36.5,3893,500,0,1,0.001,1,COM8
3,107926,37,rpm,459,353,36.5,36.5,3893,500,0,325,0.315,1,COM6
1,71418,37,rpm,1,1,36.5,36.5,3893,500,0,1,0.001,1,COM8
3,107947,37,rpm,323,353,36.5,36.5,3893,500,0,325,0.315,1,COM6
1,71438,37,rpm,1,1,36.5,36.5,3893,500,0,1,0.001,1,COM8
3,107967,37,rpm,269,353,36.5,36.5,3893,500,0,325,0.315,1,COM6
1,71459,37,rpm,1,1,36.5,36.5,3893,500,0,1,0.001,1,COM8
3,107988,37,rpm,56,353,36.5,36.5,3893,500,0,325,0.315,1,COM6
1,71479,37,rpm,1,1,36.5,36.5,3893,500,0,1,0.001,1,COM8
1,71500,37,rpm,1,1,36.5,36.5,3893,500,0,1,0.001,1,COM8
3,108008,37,rpm,16,353,36.5,36.5,3893,500,0,325,0.316,1,COM6
3,108029,37,rpm,11,353,36.5,36.5,3893,500,0,325,0.316,1,COM6
1,71520,37,rpm,1,1,36.5,36.5,3893,500,0,1,0.001,1,COM8
3,108049,37,rpm,27,353,36.5,36.5,3893,500,0,326,0.316,1,COM6
1,71541,37,rpm,1,1,36.5,36.5,3893,500,0,1,0.001,1,COM8
3,108070,37,rpm,174,353,36.5,36.5,3893,500,0,326,0.316,1,COM6
1,71561,37,rpm,1,1,36.5,36.5,3893,500,0,1,0.001,1,COM8
1,71582,37,rpm,0,1,36.5,36.5,3893,500,0,1,0.001,1,COM8
3,108091,37,rpm,541,353,36.5,36.5,3893,500,0,326,0.316,1,COM6
3,108111,37,rpm,774,353,36.5,36.5,3893,500,0,326,0.316,1,COM6
1,71602,37,rpm,0,1,36.5,36.5,3893,500,0,1,0.001,1,COM8
1,71623,37,rpm,1,1,36.5,36.5,3893,500,0,1,0.001,1,COM8
3,108132,37,rpm,781,353,36.5,36.5,3893,500,0,326,0.316,1,COM6
3,108152,37,rpm,696,353,36.5,36.5,3893,500,0,326,0.316,1,COM6
1,71643,37,rpm,1,1,36.5,36.5,3893,500,0,1,0.001,1,COM8
1,71663,37,rpm,1,1,36.5,36.5,3893,500,0,1,0.001,1,COM8
3,108173,37,rpm,540,353,36.5,36.5,3893,500,0,326,0.317,1,COM6
3,108194,37,rpm,375,353,36.5,36.5,3893,500,0,326,0.317,1,COM6
1,71684,37,rpm,1,1,36.5,36.5,3893,500,0,1,0.001,1,COM8
1,71704,37,rpm,1,1,36.5,36.5,3893,500,0,1,0.001,1,COM8
3,108214,37,rpm,265,353,36.5,36.5,3893,500,0,327,0.317,1,COM6
1,71725,37,rpm,1,1,36.5,36.5,3893,500,0,1,0.001,1,COM8
3,108235,37,rpm,141,353,36.5,36.5,3893,500,0,327,0.317,1,COM6
1,71745,37,rpm,1,1,36.5,36.5,3893,500,0,1,0.001,1,COM8
3,108255,37,rpm,24,353,36.5,36.5,3893,500,0,327,0.317,1,COM6
1,71766,37,rpm,1,1,36.5,36.5,3893,500,0,1,0.001,1,COM8
3,108276,37,rpm,12,353,36.5,36.5,3893,500,0,327,0.317,1,COM6
3,108297,37,rpm,13,353,36.5,36.5,3893,500,0,327,0.317,1,COM6
1,71786,37,rpm,1,1,36.5,36.5,3893,500,0,1,0.001,1,COM8
1,71807,37,rpm,1,1,36.5,36.5,3893,500,0,1,0.001,1,COM8
3,108317,37,rpm,70,353,36.5,36.5,3893,500,0,327,0.317,1,COM6
3,108338,37,rpm,398,353,36.5,36.5,3893,500,0,327,0.317,1,COM6
1,71827,37,rpm,1,1,36.5,36.5,3893,500,0,1,0.001,1,COM8
1,71848,37,rpm,0,1,36.5,36.5,3893,500,0,1,0.001,1,COM8
3,108358,37,rpm,611,353,36.5,36.5,3893,500,0,327,0.318,1,COM6
1,71868,37,rpm,1,1,36.5,36.5,3893,500,0,1,0.001,1,COM8
3,108379,37,rpm,700,353,36.5,36.5,3893,500,0,328,0.318,1,COM6
1,71889,37,rpm,1,1,36.5,36.5,3893,500,0,1,0.001,1,COM8
3,108399,37,rpm,733,353,36.5,36.5,3893,500,0,328,0.318,1,COM6
3,108420,37,rpm,628,353,36.5,36.5,3893,500,0,328,0.318,1,COM6
1,71909,37,rpm,1,1,36.5,36.5,3893,500,0,1,0.001,1,COM8
3,108440,37,rpm,493,353,36.5,36.5,3893,500,0,328,0.318,1,COM6
1,71930,37,rpm,1,1,36.5,36.5,3893,500,0,1,0.001,1,COM8
1,71950,37,rpm,1,1,36.5,36.5,3893,500,0,1,0.001,1,COM8
3,108461,37,rpm,381,353,36.5,36.5,3893,500,0,328,0.318,1,COM6
3,108481,37,rpm,261,353,36.5,36.5,3893,500,0,328,0.318,1,COM6
1,71970,37,rpm,1,1,36.5,36.5,3893,500,0,1,0.001,1,COM8
1,71991,37,rpm,1,1,36.5,36.5,3893,500,0,1,0.001,1,COM8
3,108502,37,rpm,33,353,36.5,36.5,3893,500,0,328,0.318,1,COM6
1,72011,37,rpm,1,1,36.5,36.5,3893,500,0,1,0.001,1,COM8
3,108523,37,rpm,16,353,36.5,36.5,3893,500,0,328,0.319,1,COM6
1,72032,37,rpm,1,1,36.5,36.5,3893,500,0,1,0.001,1,COM8
3,108543,37,rpm,13,353,36.5,36.5,3893,500,0,329,0.319,1,COM6
1,72052,37,rpm,1,1,36.5,36.5,3893,500,0,1,0.001,1,COM8
3,108564,37,rpm,49,353,36.5,36.5,3893,500,0,329,0.319,1,COM6
1,72073,37,rpm,1,1,36.5,36.5,3893,500,0,1,0.001,1,COM8
3,108585,37,rpm,326,353,36.5,36.5,3893,500,0,329,0.319,1,COM6
1,72093,37,rpm,0,1,36.5,36.5,3893,500,0,1,0.001,1,COM8
3,108605,37,rpm,608,353,36.5,36.5,3893,500,0,329,0.319,1,COM6
3,108626,37,rpm,698,353,36.5,36.5,3893,500,0,329,0.319,1,COM6
1,72114,37,rpm,1,1,36.5,36.5,3893,500,0,1,0.001,1,COM8
1,72134,37,rpm,1,1,36.5,36.5,3893,500,0,1,0.001,1,COM8
3,108646,37,rpm,707,353,36.5,36.5,3893,500,0,329,0.319,1,COM6
1,72154,37,rpm,1,1,36.5,36.5,3893,500,0,1,0.001,1,COM8
3,108667,37,rpm,665,353,36.5,36.5,3893,500,0,329,0.319,1,COM6
1,72175,37,rpm,1,1,36.5,36.5,3893,500,0,1,0.001,1,COM8
3,108688,37,rpm,556,353,36.5,36.5,3893,500,0,329,0.319,1,COM6
1,72195,37,rpm,1,1,36.5,36.5,3893,500,0,1,0.001,1,COM8
3,108708,37,rpm,446,353,36.5,36.5,3893,500,0,329,0.32,1,COM6
3,108729,37,rpm,349,353,36.5,36.5,3893,500,0,330,0.32,1,COM6
1,72216,37,rpm,1,1,36.5,36.5,3893,500,0,1,0.001,1,COM8
1,72236,37,rpm,1,1,36.5,36.5,3893,500,0,1,0.001,1,COM8
3,108749,37,rpm,99,353,36.5,36.5,3893,500,0,330,0.32,1,COM6
1,72257,37,rpm,1,1,36.5,36.5,3893,500,0,1,0.001,1,COM8
3,108770,37,rpm,20,353,36.5,36.5,3893,500,0,330,0.32,1,COM6
1,72277,37,rpm,1,1,36.5,36.5,3893,500,0,1,0.001,1,COM8
3,108790,37,rpm,13,353,36.5,36.5,3893,500,0,330,0.32,1,COM6
1,72297,37,rpm,1,1,36.5,36.5,3893,500,0,1,0.001,1,COM8
3,108811,37,rpm,25,353,36.5,36.5,3893,500,0,330,0.32,1,COM6
1,72318,37,rpm,1,1,36.5,36.5,3893,500,0,1,0.001,1,COM8
3,108831,37,rpm,159,353,36.5,36.5,3893,500,0,330,0.32,1,COM6
1,72338,37,rpm,1,1,36.5,36.5,3893,500,0,1,0.001,1,COM8
3,108852,37,rpm,501,353,36.5,36.5,3893,500,0,330,0.32,1,COM6
1,72359,37,rpm,1,1,36.5,36.5,3893,500,0,1,0.001,1,COM8
3,108872,37,rpm,641,353,36.5,36.5,3893,500,0,330,0.321,1,COM6
1,72379,37,rpm,1,1,36.5,36.5,3893,500,0,1,0.001,1,COM8
3,108893,37,rpm,690,353,36.5,36.5,3893,500,0,331,0.321,1,COM6
1,72400,37,rpm,1,1,36.5,36.5,3893,500,0,1,0.001,1,COM8
3,108914,37,rpm,659,353,36.5,36.5,3893,500,0,331,0.321,1,COM6
1,72420,37,rpm,1,1,36.5,36.5,3893,500,0,1,0.001,1,COM8
3,108934,37,rpm,574,353,36.5,36.5,3893,500,0,331,0.321,1,COM6
1,72441,37,rpm,1,1,36.5,36.5,3893,500,0,1,0.001,1,COM8
3,108955,37,rpm,464,353,36.5,36.5,3893,500,0,331,0.321,1,COM6
1,72461,37,rpm,1,1,36.5,36.5,3893,500,0,1,0.001,1,COM8
3,108975,37,rpm,383,353,36.5,36.5,3893,500,0,331,0.321,1,COM6
1,72482,37,rpm,1,1,36.5,36.5,3893,500,0,1,0.001,1,COM8
3,108996,37,rpm,195,353,36.5,36.5,3893,500,0,331,0.321,1,COM6
1,72502,37,rpm,1,1,36.5,36.5,3893,500,0,1,0.001,1,COM8
3,109016,37,rpm,28,353,36.5,36.5,3893,500,0,331,0.321,1,COM6
1,72522,37,rpm,1,1,36.5,36.5,3893,500,0,1,0.001,1,COM8
3,109037,37,rpm,13,353,36.5,36.5,3893,500,0,331,0.321,1,COM6
1,72543,37,rpm,1,1,36.5,36.5,3893,500,0,1,0.001,1,COM8
3,109058,37,rpm,15,353,36.5,36.5,3893,500,0,332,0.322,1,COM6
1,72563,37,rpm,1,1,36.5,36.5,3893,500,0,1,0.001,1,COM8
3,109078,37,rpm,62,353,36.5,36.5,3893,500,0,332,0.322,1,COM6
1,72584,37,rpm,1,1,36.5,36.5,3893,500,0,1,0.001,1,COM8
3,109099,37,rpm,307,353,36.5,36.5,3893,500,0,332,0.322,1,COM6
1,72604,37,rpm,1,1,36.5,36.5,3893,500,0,1,0.001,1,COM8
3,109119,37,rpm,558,353,36.5,36.5,3893,500,0,332,0.322,1,COM6
1,72625,37,rpm,1,1,36.5,36.5,3893,500,0,1,0.001,1,COM8
3,109140,37,rpm,763,353,36.5,36.5,3893,500,0,332,0.322,1,COM6
1,72645,37,rpm,1,1,36.5,36.5,3893,500,0,1,0.001,1,COM8
3,109160,37,rpm,761,353,36.5,36.5,3893,500,0,332,0.322,1,COM6
1,72666,37,rpm,1,1,36.5,36.5,3893,500,0,1,0.001,1,COM8
3,109181,37,rpm,683,353,36.5,36.5,3893,500,0,332,0.322,1,COM6
1,72686,37,rpm,1,1,36.5,36.5,3893,500,0,1,0.001,1,COM8
3,109201,37,rpm,537,353,36.5,36.5,3893,500,0,332,0.322,1,COM6
1,72707,37,rpm,1,1,36.5,36.5,3893,500,0,1,0.001,1,COM8
3,109222,37,rpm,374,353,36.5,36.5,3893,500,0,332,0.323,1,COM6
1,72727,37,rpm,1,1,36.5,36.5,3893,500,0,1,0.001,1,COM8
3,109243,37,rpm,310,353,36.5,36.5,3893,500,0,333,0.323,1,COM6
1,72747,37,rpm,1,1,36.5,36.5,3893,500,0,1,0.001,1,COM8
3,109263,37,rpm,135,353,36.5,36.5,3893,500,0,333,0.323,1,COM6
1,72768,37,rpm,1,1,36.5,36.5,3893,500,0,1,0.001,1,COM8
3,109284,37,rpm,23,353,36.5,36.5,3893,500,0,333,0.323,1,COM6
1,72788,37,rpm,1,1,36.5,36.5,3893,500,0,1,0.001,1,COM8
3,109304,37,rpm,12,353,36.5,36.5,3893,500,0,333,0.323,1,COM6
1,72809,37,rpm,1,1,36.5,36.5,3893,500,0,1,0.001,1,COM8
3,109325,37,rpm,15,353,36.5,36.5,3893,500,0,333,0.323,1,COM6
1,72829,37,rpm,1,1,36.5,36.5,3893,500,0,1,0.001,1,COM8
3,109346,37,rpm,78,353,36.5,36.5,3893,500,0,333,0.323,1,COM6
1,72850,37,rpm,1,1,36.5,36.5,3893,500,0,1,0.001,1,COM8
3,109366,37,rpm,340,353,36.5,36.5,3893,500,0,333,0.323,1,COM6
1,72870,37,rpm,0,1,36.5,36.5,3893,500,0,1,0.001,1,COM8
3,109387,37,rpm,576,353,36.5,36.5,3893,500,0,333,0.323,1,COM6
1,72891,37,rpm,1,1,36.5,36.5,3893,500,0,1,0.001,1,COM8
3,109407,37,rpm,743,353,36.5,36.5,3893,500,0,334,0.324,1,COM6
1,72911,37,rpm,1,1,36.5,36.5,3893,500,0,1,0.001,1,COM8
3,109428,37,rpm,709,353,36.5,36.5,3893,500,0,334,0.324,1,COM6
1,72932,37,rpm,1,1,36.5,36.5,3893,500,0,1,0.001,1,COM8
3,109448,37,rpm,630,353,36.5,36.5,3893,500,0,334,0.324,1,COM6
1,72952,37,rpm,1,1,36.5,36.5,3893,500,0,1,0.001,1,COM8
3,109469,37,rpm,466,353,36.5,36.5,3893,500,0,334,0.324,1,COM6
1,72973,37,rpm,1,1,36.5,36.5,3893,500,0,1,0.001,1,COM8
3,109490,37,rpm,345,353,36.5,36.5,3893,500,0,334,0.324,1,COM6
1,72993,37,rpm,1,1,36.5,36.5,3893,500,0,1,0.001,1,COM8
3,109510,37,rpm,288,353,36.5,36.5,3893,500,0,334,0.324,1,COM6
1,73013,37,rpm,1,1,36.5,36.5,3893,500,0,1,0.001,1,COM8
3,109531,37,rpm,45,353,36.5,36.5,3893,500,0,334,0.324,1,COM6
1,73034,37,rpm,1,1,36.5,36.5,3893,500,0,1,0.001,1,COM8
3,109551,37,rpm,16,353,36.5,36.5,3893,500,0,334,0.324,1,COM6
1,73054,37,rpm,1,1,36.5,36.5,3893,500,0,1,0.001,1,COM8
3,109572,37,rpm,12,353,36.5,36.5,3893,500,0,335,0.325,1,COM6
1,73075,37,rpm,1,1,36.5,36.5,3893,500,0,1,0.001,1,COM8
3,109593,37,rpm,33,353,36.5,36.5,3893,500,0,335,0.325,1,COM6
1,73095,37,rpm,1,1,36.5,36.5,3893,500,0,1,0.001,1,COM8
3,109613,37,rpm,209,353,36.5,36.5,3893,500,0,335,0.325,1,COM6
1,73116,37,rpm,1,1,36.5,36.5,3893,500,0,1,0.001,1,COM8
3,109634,37,rpm,576,353,36.5,36.5,3893,500,0,335,0.325,1,COM6
1,73136,37,rpm,0,1,36.5,36.5,3893,500,0,1,0.001,1,COM8
3,109654,37,rpm,787,353,36.5,36.5,3893,500,0,335,0.325,1,COM6
1,73157,37,rpm,1,1,36.5,36.5,3893,500,0,1,0.001,1,COM8
3,109675,37,rpm,791,353,36.5,36.5,3893,500,0,335,0.325,1,COM6
1,73177,37,rpm,1,1,36.5,36.5,3893,500,0,1,0.001,1,COM8
3,109695,37,rpm,698,353,36.5,36.5,3893,500,0,335,0.325,1,COM6
1,73198,37,rpm,1,1,36.5,36.5,3893,500,0,1,0.001,1,COM8
3,109716,37,rpm,529,353,36.5,36.5,3893,500,0,335,0.325,1,COM6
1,73218,37,rpm,1,1,36.5,36.5,3893,500,0,1,0.001,1,COM8
3,109737,37,rpm,371,353,36.5,36.5,3893,500,0,336,0.325,1,COM6
1,73239,37,rpm,1,1,36.5,36.5,3893,500,0,1,0.001,1,COM8
3,109757,37,rpm,263,353,36.5,36.5,3893,500,0,336,0.326,1,COM6
1,73259,37,rpm,1,1,36.5,36.5,3893,500,0,1,0.001,1,COM8
3,109778,37,rpm,141,353,36.5,36.5,3893,500,0,336,0.326,1,COM6
1,73279,37,rpm,1,1,36.5,36.5,3893,500,0,1,0.001,1,COM8
3,109798,37,rpm,25,353,36.5,36.5,3893,500,0,336,0.326,1,COM6
1,73300,37,rpm,1,1,36.5,36.5,3893,500,0,1,0.001,1,COM8
3,109819,37,rpm,12,353,36.5,36.5,3893,500,0,336,0.326,1,COM6
1,73320,37,rpm,1,1,36.5,36.5,3893,500,0,1,0.001,1,COM8
3,109839,37,rpm,13,353,36.5,36.5,3893,500,0,336,0.326,1,COM6
1,73341,37,rpm,1,1,36.5,36.5,3893,500,0,1,0.001,1,COM8
3,109860,37,rpm,72,353,36.5,36.5,3893,500,0,336,0.326,1,COM6
1,73361,37,rpm,1,1,36.5,36.5,3893,500,0,1,0.001,1,COM8
3,109881,37,rpm,403,353,36.5,36.5,3893,500,0,336,0.326,1,COM6
1,73381,37,rpm,0,1,36.5,36.5,3893,500,0,1,0.001,1,COM8
3,109901,37,rpm,612,353,36.5,36.5,3893,500,0,336,0.326,1,COM6
1,73402,37,rpm,0,1,36.5,36.5,3893,500,0,1,0.001,1,COM8
3,109922,37,rpm,707,353,36.5,36.5,3893,500,0,337,0.327,1,COM6
1,73422,37,rpm,1,1,36.5,36.5,3893,500,0,1,0.001,1,COM8
3,109942,37,rpm,730,353,36.5,36.5,3893,500,0,337,0.327,1,COM6
1,73443,37,rpm,1,1,36.5,36.5,3893,500,0,1,0.001,1,COM8
3,109963,37,rpm,621,353,36.5,36.5,3893,500,0,337,0.327,1,COM6
1,73463,37,rpm,1,1,36.5,36.5,3893,500,0,1,0.001,1,COM8
3,109983,37,rpm,484,353,36.5,36.5,3893,500,0,337,0.327,1,COM6
1,73484,37,rpm,1,1,36.5,36.5,3893,500,0,1,0.001,1,COM8
3,110004,37,rpm,364,353,36.5,36.5,3893,500,0,337,0.327,1,COM6
1,73504,37,rpm,1,1,36.5,36.5,3893,500,0,1,0.001,1,COM8
3,110025,37,rpm,250,353,36.5,36.5,3893,500,0,337,0.327,1,COM6
1,73525,37,rpm,1,1,36.5,36.5,3893,500,0,1,0.001,1,COM8
3,110045,37,rpm,32,353,36.5,36.5,3893,500,0,337,0.327,1,COM6
1,73545,37,rpm,1,1,36.5,36.5,3893,500,0,1,0.001,1,COM8
3,110066,37,rpm,15,353,36.5,36.5,3893,500,0,337,0.327,1,COM6
1,73566,37,rpm,1,1,36.5,36.5,3893,500,0,1,0.001,1,COM8
3,110086,37,rpm,13,353,36.5,36.5,3893,500,0,338,0.327,1,COM6
1,73586,37,rpm,1,1,36.5,36.5,3893,500,0,1,0.001,1,COM8
3,110107,37,rpm,48,353,36.5,36.5,3893,500,0,338,0.328,1,COM6
1,73606,37,rpm,1,1,36.5,36.5,3893,500,0,1,0.001,1,COM8
3,110127,37,rpm,339,353,36.5,36.5,3893,500,0,338,0.328,1,COM6
1,73627,37,rpm,1,1,36.5,36.5,3893,500,0,1,0.001,1,COM8
3,110148,37,rpm,616,353,36.5,36.5,3893,500,0,338,0.328,1,COM6
1,73647,37,rpm,1,1,36.5,36.5,3893,500,0,1,0.001,1,COM8
3,110168,37,rpm,707,353,36.5,36.5,3893,500,0,338,0.328,1,COM6
1,73668,37,rpm,1,1,36.5,36.5,3893,500,0,1,0.001,1,COM8
3,110189,37,rpm,711,353,36.5,36.5,3893,500,0,338,0.328,1,COM6
1,73688,37,rpm,1,1,36.5,36.5,3893,500,0,1,0.001,1,COM8
3,110210,37,rpm,667,353,36.5,36.5,3893,500,0,338,0.328,1,COM6
1,73709,37,rpm,1,1,36.5,36.5,3893,500,0,1,0.001,1,COM8
3,110230,37,rpm,558,353,36.5,36.5,3893,500,0,338,0.328,1,COM6
1,73729,37,rpm,1,1,36.5,36.5,3893,500,0,1,0.001,1,COM8
3,110251,37,rpm,447,353,36.5,36.5,3893,500,0,339,0.328,1,COM6
1,73750,37,rpm,1,1,36.5,36.5,3893,500,0,1,0.001,1,COM8
3,110271,37,rpm,345,353,36.5,36.5,3893,500,0,339,0.329,1,COM6
1,73770,37,rpm,1,1,36.5,36.5,3893,500,0,1,0.001,1,COM8
3,110292,37,rpm,114,353,36.5,36.5,3893,500,0,339,0.329,1,COM6
1,73791,37,rpm,1,1,36.5,36.5,3893,500,0,1,0.001,1,COM8
3,110312,37,rpm,21,353,36.5,36.5,3893,500,0,339,0.329,1,COM6
1,73811,37,rpm,1,1,36.5,36.5,3893,500,0,1,0.001,1,COM8
3,110333,37,rpm,14,353,36.5,36.5,3893,500,0,339,0.329,1,COM6
1,73831,37,rpm,1,1,36.5,36.5,3893,500,0,1,0.001,1,COM8
3,110353,37,rpm,23,353,36.5,36.5,3893,500,0,339,0.329,1,COM6
1,73852,37,rpm,1,1,36.5,36.5,3893,500,0,1,0.001,1,COM8
3,110374,37,rpm,144,353,36.5,36.5,3893,500,0,339,0.329,1,COM6
1,73872,37,rpm,1,1,36.5,36.5,3893,500,0,1,0.001,1,COM8
3,110395,37,rpm,495,353,36.5,36.5,3893,500,0,339,0.329,1,COM6
1,73893,37,rpm,0,1,36.5,36.5,3893,500,0,1,0.001,1,COM8
3,110415,37,rpm,638,353,36.5,36.5,3893,500,0,340,0.329,1,COM6
1,73913,37,rpm,1,1,36.5,36.5,3893,500,0,1,0.001,1,COM8
3,110436,37,rpm,688,353,36.5,36.5,3893,500,0,340,0.329,1,COM6
1,73934,37,rpm,1,1,36.5,36.5,3893,500,0,1,0.001,1,COM8
3,110456,37,rpm,645,353,36.5,36.5,3893,500,0,340,0.33,1,COM6
1,73954,37,rpm,1,1,36.5,36.5,3893,500,0,1,0.001,1,COM8
3,110477,37,rpm,579,353,36.5,36.5,3893,500,0,340,0.33,1,COM6
1,73975,37,rpm,1,1,36.5,36.5,3893,500,0,1,0.001,1,COM8
3,110498,37,rpm,463,353,36.5,36.5,3893,500,0,340,0.33,1,COM6
1,73995,37,rpm,1,1,36.5,36.5,3893,500,0,1,0.001,1,COM8
3,110518,37,rpm,382,353,36.5,36.5,3893,500,0,340,0.33,1,COM6
1,74016,37,rpm,1,1,36.5,36.5,3893,500,0,1,0.001,1,COM8
3,110539,37,rpm,201,353,36.5,36.5,3893,500,0,340,0.33,1,COM6
1,74036,37,rpm,1,1,36.5,36.5,3893,500,0,1,0.001,1,COM8
3,110559,37,rpm,28,353,36.5,36.5,3893,500,0,340,0.33,1,COM6
1,74056,37,rpm,1,1,36.5,36.5,3893,500,0,1,0.001,1,COM8
3,110580,37,rpm,14,353,36.5,36.5,3893,500,0,340,0.33,1,COM6
1,74077,37,rpm,1,1,36.5,36.5,3893,500,0,1,0.001,1,COM8
3,110601,37,rpm,15,353,36.5,36.5,3893,500,0,341,0.33,1,COM6
1,74097,37,rpm,1,1,36.5,36.5,3893,500,0,1,0.001,1,COM8
3,110621,37,rpm,64,353,36.5,36.5,3893,500,0,341,0.331,1,COM6
1,74118,37,rpm,1,1,36.5,36.5,3893,500,0,1,0.001,1,COM8
3,110642,37,rpm,314,353,36.5,36.5,3893,500,0,341,0.331,1,COM6
1,74138,37,rpm,1,1,36.5,36.5,3893,500,0,1,0.001,1,COM8
3,110662,37,rpm,634,353,36.5,36.5,3893,500,0,341,0.331,1,COM6
1,74159,37,rpm,0,1,36.5,36.5,3893,500,0,1,0.001,1,COM8
3,110683,37,rpm,811,353,36.5,36.5,3893,500,0,341,0.331,1,COM6
1,74179,37,rpm,1,1,36.5,36.5,3893,500,0,1,0.001,1,COM8
3,110703,37,rpm,769,353,36.5,36.5,3893,500,0,341,0.331,1,COM6
1,74199,37,rpm,1,1,36.5,36.5,3893,500,0,1,0.001,1,COM8
3,110724,37,rpm,691,353,36.5,36.5,3893,500,0,341,0.331,1,COM6
1,74220,37,rpm,1,1,36.5,36.5,3893,500,0,1,0.001,1,COM8
3,110745,37,rpm,508,353,36.5,36.5,3893,500,0,341,0.331,1,COM6
1,74240,37,rpm,1,1,36.5,36.5,3893,500,0,1,0.001,1,COM8
3,110765,37,rpm,357,353,36.5,36.5,3893,500,0,342,0.331,1,COM6
1,74261,37,rpm,1,1,36.5,36.5,3893,500,0,1,0.001,1,COM8
3,110786,37,rpm,275,353,36.5,36.5,3893,500,0,342,0.331,1,COM6
1,74281,37,rpm,1,1,36.5,36.5,3893,500,0,1,0.001,1,COM8
3,110806,37,rpm,132,353,36.5,36.5,3893,500,0,342,0.332,1,COM6
1,74302,37,rpm,1,1,36.5,36.5,3893,500,0,1,0.001,1,COM8
3,110827,37,rpm,23,353,36.5,36.5,3893,500,0,342,0.332,1,COM6
1,74322,37,rpm,1,1,36.5,36.5,3893,500,0,1,0.001,1,COM8
3,110848,37,rpm,12,353,36.5,36.5,3893,500,0,342,0.332,1,COM6
1,74343,37,rpm,1,1,36.5,36.5,3893,500,0,1,0.001,1,COM8
3,110868,37,rpm,15,353,36.5,36.5,3893,500,0,342,0.332,1,COM6
1,74363,37,rpm,1,1,36.5,36.5,3893,500,0,1,0.001,1,COM8
3,110889,37,rpm,75,353,36.5,36.5,3893,500,0,342,0.332,1,COM6
1,74384,37,rpm,1,1,36.5,36.5,3893,500,0,1,0.001,1,COM8
3,110909,37,rpm,342,353,36.5,36.5,3893,500,0,342,0.332,1,COM6
1,74404,37,rpm,1,1,36.5,36.5,3893,500,0,1,0.001,1,COM8
3,110930,37,rpm,625,353,36.5,36.5,3893,500,0,343,0.332,1,COM6
1,74425,37,rpm,1,1,36.5,36.5,3893,500,0,1,0.001,1,COM8
3,110951,37,rpm,765,353,36.5,36.5,3893,500,0,343,0.332,1,COM6
1,74445,37,rpm,1,1,36.5,36.5,3893,500,0,1,0.001,1,COM8
3,110971,37,rpm,706,353,36.5,36.5,3893,500,0,343,0.332,1,COM6
1,74465,37,rpm,1,1,36.5,36.5,3893,500,0,1,0.001,1,COM8
3,110992,37,rpm,628,353,36.5,36.5,3893,500,0,343,0.333,1,COM6
1,74486,37,rpm,1,1,36.5,36.5,3893,500,0,1,0.001,1,COM8
3,111012,37,rpm,453,353,36.5,36.5,3893,500,0,343,0.333,1,COM6
1,74506,37,rpm,1,1,36.5,36.5,3893,500,0,1,0.001,1,COM8
3,111033,37,rpm,322,353,36.5,36.5,3893,500,0,343,0.333,1,COM6
1,74527,37,rpm,1,1,36.5,36.5,3893,500,0,1,0.001,1,COM8
3,111054,37,rpm,264,353,36.5,36.5,3893,500,0,343,0.333,1,COM6
1,74547,37,rpm,1,1,36.5,36.5,3893,500,0,1,0.001,1,COM8
3,111074,37,rpm,47,353,36.5,36.5,3893,500,0,343,0.333,1,COM6
1,74568,37,rpm,1,1,36.5,36.5,3893,500,0,1,0.001,1,COM8
3,111095,37,rpm,16,353,36.5,36.5,3893,500,0,344,0.333,1,COM6
1,74588,37,rpm,1,1,36.5,36.5,3893,500,0,1,0.001,1,COM8
3,111115,37,rpm,11,353,36.5,36.5,3893,500,0,344,0.333,1,COM6
1,74609,37,rpm,1,1,36.5,36.5,3893,500,0,1,0.001,1,COM8
3,111136,37,rpm,30,353,36.5,36.5,3893,500,0,344,0.333,1,COM6
1,74629,37,rpm,1,1,36.5,36.5,3893,500,0,1,0.001,1,COM8
3,111156,37,rpm,191,353,36.5,36.5,3893,500,0,344,0.334,1,COM6
1,74650,37,rpm,1,1,36.5,36.5,3893,500,0,1,0.001,1,COM8
3,111177,37,rpm,565,353,36.5,36.5,3893,500,0,344,0.334,1,COM6
1,74670,37,rpm,0,1,36.5,36.5,3893,500,0,1,0.001,1,COM8
3,111198,37,rpm,781,353,36.5,36.5,3893,500,0,344,0.334,1,COM6
1,74691,37,rpm,0,1,36.5,36.5,3893,500,0,1,0.001,1,COM8
3,111218,37,rpm,788,353,36.5,36.5,3893,500,0,344,0.334,1,COM6
1,74711,37,rpm,1,1,36.5,36.5,3893,500,0,1,0.001,1,COM8
3,111239,37,rpm,699,353,36.5,36.5,3893,500,0,344,0.334,1,COM6
1,74731,37,rpm,1,1,36.5,36.5,3893,500,0,1,0.001,1,COM8
3,111259,37,rpm,532,353,36.5,36.5,3893,500,0,344,0.334,1,COM6
1,74752,37,rpm,1,1,36.5,36.5,3893,500,0,1,0.001,1,COM8
3,111280,37,rpm,371,353,36.5,36.5,3893,500,0,345,0.334,1,COM6
1,74772,37,rpm,1,1,36.5,36.5,3893,500,0,1,0.001,1,COM8
3,111300,37,rpm,263,353,36.5,36.5,3893,500,0,345,0.334,1,COM6
1,74793,37,rpm,1,1,36.5,36.5,3893,500,0,1,0.001,1,COM8
3,111321,37,rpm,134,353,36.5,36.5,3893,500,0,345,0.334,1,COM6
1,74813,37,rpm,1,1,36.5,36.5,3893,500,0,1,0.001,1,COM8
3,111342,37,rpm,24,353,36.5,36.5,3893,500,0,345,0.335,1,COM6
1,74834,37,rpm,1,1,36.5,36.5,3893,500,0,1,0.001,1,COM8
1,74854,37,rpm,1,1,36.5,36.5,3893,500,0,1,0.001,1,COM8
3,111362,37,rpm,11,353,36.5,36.5,3893,500,0,345,0.335,1,COM6
1,74874,37,rpm,1,1,36.5,36.5,3893,500,0,1,0.001,1,COM8
3,111383,37,rpm,13,353,36.5,36.5,3893,500,0,345,0.335,1,COM6
3,111403,37,rpm,75,353,36.5,36.5,3893,500,0,345,0.335,1,COM6
1,74895,37,rpm,1,1,36.5,36.5,3893,500,0,1,0.001,1,COM8
3,111424,37,rpm,413,353,36.5,36.5,3893,500,0,345,0.335,1,COM6
1,74915,37,rpm,1,1,36.5,36.5,3893,500,0,1,0.001,1,COM8
1,74936,37,rpm,0,1,36.5,36.5,3893,500,0,1,0.001,1,COM8
3,111445,37,rpm,611,353,36.5,36.5,3893,500,0,346,0.335,1,COM6
3,111465,37,rpm,708,353,36.5,36.5,3893,500,0,346,0.335,1,COM6
1,74956,37,rpm,1,1,36.5,36.5,3893,500,0,1,0.001,1,COM8
3,111486,37,rpm,729,353,36.5,36.5,3893,500,0,346,0.335,1,COM6
1,74977,37,rpm,1,1,36.5,36.5,3893,500,0,1,0.001,1,COM8
1,74997,37,rpm,1,1,36.5,36.5,3893,500,0,1,0.001,1,COM8
3,111506,37,rpm,621,353,36.5,36.5,3893,500,0,346,0.336,1,COM6
1,75018,37,rpm,1,1,36.5,36.5,3893,500,0,1,0.001,1,COM8
3,111527,37,rpm,482,353,36.5,36.5,3893,500,0,346,0.336,1,COM6
3,111547,37,rpm,377,353,36.5,36.5,3893,500,0,346,0.336,1,COM6
1,75038,37,rpm,1,1,36.5,36.5,3893,500,0,1,0.001,1,COM8
1,75059,37,rpm,1,1,36.5,36.5,3893,500,0,1,0.001,1,COM8
3,111568,37,rpm,255,353,36.5,36.5,3893,500,0,346,0.336,1,COM6
1,75079,37,rpm,1,1,36.5,36.5,3893,500,0,1,0.001,1,COM8
3,111589,37,rpm,32,353,36.5,36.5,3893,500,0,346,0.336,1,COM6
3,111609,37,rpm,15,353,36.5,36.5,3893,500,0,347,0.336,1,COM6
1,75099,37,rpm,1,1,36.5,36.5,3893,500,0,1,0.001,1,COM8
1,75120,37,rpm,1,1,36.5,36.5,3893,500,0,1,0.001,1,COM8
3,111630,37,rpm,13,353,36.5,36.5,3893,500,0,347,0.336,1,COM6
1,75140,37,rpm,1,1,36.5,36.5,3893,500,0,1,0.001,1,COM8
3,111650,37,rpm,49,353,36.5,36.5,3893,500,0,347,0.336,1,COM6
3,111671,37,rpm,333,353,36.5,36.5,3893,500,0,347,0.336,1,COM6
1,75161,37,rpm,1,1,36.5,36.5,3893,500,0,1,0.001,1,COM8
3,111691,37,rpm,615,353,36.5,36.5,3893,500,0,347,0.337,1,COM6
1,75181,37,rpm,0,1,36.5,36.5,3893,500,0,1,0.001,1,COM8
1,75202,37,rpm,1,1,36.5,36.5,3893,500,0,1,0.001,1,COM8
3,111712,37,rpm,704,353,36.5,36.5,3893,500,0,347,0.337,1,COM6
1,75222,37,rpm,1,1,36.5,36.5,3893,500,0,1,0.001,1,COM8
3,111733,37,rpm,707,353,36.5,36.5,3893,500,0,347,0.337,1,COM6
1,75243,37,rpm,1,1,36.5,36.5,3893,500,0,1,0.001,1,COM8
3,111753,37,rpm,665,353,36.5,36.5,3893,500,0,347,0.337,1,COM6
1,75263,37,rpm,1,1,36.5,36.5,3893,500,0,1,0.001,1,COM8
3,111774,37,rpm,554,353,36.5,36.5,3893,500,0,348,0.337,1,COM6
1,75283,37,rpm,1,1,36.5,36.5,3893,500,0,1,0.001,1,COM8
3,111794,37,rpm,443,353,36.5,36.5,3893,500,0,348,0.337,1,COM6
1,75304,37,rpm,1,1,36.5,36.5,3893,500,0,1,0.001,1,COM8
3,111815,37,rpm,350,353,36.5,36.5,3893,500,0,348,0.337,1,COM6
3,111835,37,rpm,92,353,36.5,36.5,3893,500,0,348,0.337,1,COM6
1,75324,37,rpm,1,1,36.5,36.5,3893,500,0,1,0.001,1,COM8
3,111856,37,rpm,19,353,36.5,36.5,3893,500,0,348,0.338,1,COM6
1,75345,37,rpm,1,1,36.5,36.5,3893,500,0,1,0.001,1,COM8
1,75365,37,rpm,1,1,36.5,36.5,3893,500,0,1,0.001,1,COM8
3,111877,37,rpm,13,353,36.5,36.5,3893,500,0,348,0.338,1,COM6
1,75386,37,rpm,1,1,36.5,36.5,3893,500,0,1,0.001,1,COM8
3,111897,37,rpm,26,353,36.5,36.5,3893,500,0,348,0.338,1,COM6
1,75406,37,rpm,1,1,36.5,36.5,3893,500,0,1,0.001,1,COM8
3,111918,37,rpm,166,353,36.5,36.5,3893,500,0,348,0.338,1,COM6
1,75427,37,rpm,1,1,36.5,36.5,3893,500,0,1,0.001,1,COM8
3,111938,37,rpm,504,353,36.5,36.5,3893,500,0,348,0.338,1,COM6
1,75447,37,rpm,1,1,36.5,36.5,3893,500,0,1,0.001,1,COM8
3,111959,37,rpm,642,353,36.5,36.5,3893,500,0,349,0.338,1,COM6
1,75468,37,rpm,1,1,36.5,36.5,3893,500,0,1,0.001,1,COM8
3,111979,37,rpm,688,353,36.5,36.5,3893,500,0,349,0.338,1,COM6
1,75488,37,rpm,1,1,36.5,36.5,3893,500,0,1,0.001,1,COM8
3,112000,37,rpm,651,353,36.5,36.5,3893,500,0,349,0.338,1,COM6
1,75509,37,rpm,1,1,36.5,36.5,3893,500,0,1,0.001,1,COM8
3,112021,37,rpm,579,353,36.5,36.5,3893,500,0,349,0.338,1,COM6
1,75529,37,rpm,1,1,36.5,36.5,3893,500,0,1,0.001,1,COM8
3,112041,37,rpm,465,353,36.5,36.5,3893,500,0,349,0.339,1,COM6
1,75549,37,rpm,1,1,36.5,36.5,3893,500,0,1,0.001,1,COM8
3,112062,37,rpm,380,353,36.5,36.5,3893,500,0,349,0.339,1,COM6
1,75570,37,rpm,1,1,36.5,36.5,3893,500,0,1,0.001,1,COM8
3,112082,37,rpm,189,353,36.5,36.5,3893,500,0,349,0.339,1,COM6
1,75590,37,rpm,1,1,36.5,36.5,3893,500,0,1,0.001,1,COM8
3,112103,37,rpm,27,353,36.5,36.5,3893,500,0,349,0.339,1,COM6
1,75611,37,rpm,1,1,36.5,36.5,3893,500,0,1,0.001,1,COM8
3,112123,37,rpm,13,353,36.5,36.5,3893,500,0,350,0.339,1,COM6
1,75631,37,rpm,1,1,36.5,36.5,3893,500,0,1,0.001,1,COM8
3,112144,37,rpm,15,353,36.5,36.5,3893,500,0,350,0.339,1,COM6
1,75652,37,rpm,1,1,36.5,36.5,3893,500,0,1,0.001,1,COM8
3,112165,37,rpm,64,353,36.5,36.5,3893,500,0,350,0.339,1,COM6
1,75672,37,rpm,1,1,36.5,36.5,3893,500,0,1,0.001,1,COM8
3,112185,37,rpm,315,353,36.5,36.5,3893,500,0,350,0.339,1,COM6
1,75693,37,rpm,1,1,36.5,36.5,3893,500,0,1,0.001,1,COM8
3,112206,37,rpm,563,353,36.5,36.5,3893,500,0,350,0.34,1,COM6
1,75713,37,rpm,1,1,36.5,36.5,3893,500,0,1,0.001,1,COM8
3,112226,37,rpm,772,353,36.5,36.5,3893,500,0,350,0.34,1,COM6
1,75734,37,rpm,1,1,36.5,36.5,3893,500,0,1,0.001,1,COM8
3,112247,37,rpm,759,353,36.5,36.5,3893,500,0,350,0.34,1,COM6
1,75754,37,rpm,1,1,36.5,36.5,3893,500,0,1,0.001,1,COM8
3,112267,37,rpm,683,353,36.5,36.5,3893,500,0,350,0.34,1,COM6
1,75774,37,rpm,1,1,36.5,36.5,3893,500,0,1,0.001,1,COM8
3,112288,37,rpm,538,353,36.5,36.5,3893,500,0,351,0.34,1,COM6
1,75795,37,rpm,1,1,36.5,36.5,3893,500,0,1,0.001,1,COM8
3,112308,37,rpm,373,353,36.5,36.5,3893,500,0,351,0.34,1,COM6
1,75815,37,rpm,1,1,36.5,36.5,3893,500,0,1,0.001,1,COM8
3,112329,37,rpm,306,353,36.5,36.5,3893,500,0,351,0.34,1,COM6
1,75836,37,rpm,1,1,36.5,36.5,3893,500,0,1,0.001,1,COM8
3,112350,37,rpm,135,353,36.5,36.5,3893,500,0,351,0.34,1,COM6
1,75856,37,rpm,1,1,36.5,36.5,3893,500,0,1,0.001,1,COM8
3,112370,37,rpm,23,353,36.5,36.5,3893,500,0,351,0.34,1,COM6
1,75877,37,rpm,1,1,36.5,36.5,3893,500,0,1,0.001,1,COM8
3,112391,37,rpm,12,353,36.5,36.5,3893,500,0,351,0.341,1,COM6
1,75897,37,rpm,1,1,36.5,36.5,3893,500,0,1,0.001,1,COM8
3,112411,37,rpm,15,353,36.5,36.5,3893,500,0,351,0.341,1,COM6
1,75918,37,rpm,1,1,36.5,36.5,3893,500,0,1,0.001,1,COM8
3,112432,37,rpm,76,353,36.5,36.5,3893,500,0,351,0.341,1,COM6
1,75938,37,rpm,1,1,36.5,36.5,3893,500,0,1,0.001,1,COM8
3,112452,37,rpm,338,353,36.5,36.5,3893,500,0,351,0.341,1,COM6
1,75959,37,rpm,0,1,36.5,36.5,3893,500,0,1,0.001,1,COM8
3,112473,37,rpm,575,353,36.5,36.5,3893,500,0,352,0.341,1,COM6
1,75979,37,rpm,0,1,36.5,36.5,3893,500,0,1,0.001,1,COM8
3,112494,37,rpm,748,353,36.5,36.5,3893,500,0,352,0.341,1,COM6
1,75999,37,rpm,1,1,36.5,36.5,3893,500,0,1,0.001,1,COM8
3,112514,37,rpm,717,353,36.5,36.5,3893,500,0,352,0.341,1,COM6
1,76020,37,rpm,1,1,36.5,36.5,3893,500,0,1,0.001,1,COM8
3,112535,37,rpm,632,353,36.5,36.5,3893,500,0,352,0.341,1,COM6
1,76040,37,rpm,1,1,36.5,36.5,3893,500,0,1,0.001,1,COM8
3,112555,37,rpm,466,353,36.5,36.5,3893,500,0,352,0.342,1,COM6
1,76061,37,rpm,1,1,36.5,36.5,3893,500,0,1,0.001,1,COM8
3,112576,37,rpm,344,353,36.5,36.5,3893,500,0,352,0.342,1,COM6
1,76081,37,rpm,1,1,36.5,36.5,3893,500,0,1,0.001,1,COM8
3,112597,37,rpm,284,353,36.5,36.5,3893,500,0,352,0.342,1,COM6
1,76102,37,rpm,1,1,36.5,36.5,3893,500,0,1,0.001,1,COM8
3,112617,37,rpm,46,353,36.5,36.5,3893,500,0,352,0.342,1,COM6
1,76122,37,rpm,1,1,36.5,36.5,3893,500,0,1,0.001,1,COM8
3,112638,37,rpm,16,353,36.5,36.5,3893,500,0,353,0.342,1,COM6
1,76143,37,rpm,1,1,36.5,36.5,3893,500,0,1,0.001,1,COM8
3,112658,37,rpm,12,353,36.5,36.5,3893,500,0,353,0.342,1,COM6
1,76163,37,rpm,1,1,36.5,36.5,3893,500,0,1,0.001,1,COM8
3,112679,37,rpm,33,353,36.5,36.5,3893,500,0,353,0.342,1,COM6
1,76183,37,rpm,1,1,36.5,36.5,3893,500,0,1,0.001,1,COM8
3,112700,37,rpm,207,353,36.5,36.5,3893,500,0,353,0.342,1,COM6
1,76204,37,rpm,1,1,36.5,36.5,3893,500,0,1,0.001,1,COM8
3,112720,37,rpm,571,353,36.5,36.5,3893,500,0,353,0.342,1,COM6
1,76224,37,rpm,0,1,36.5,36.5,3893,500,0,1,0.001,1,COM8
3,112741,37,rpm,779,353,36.5,36.5,3893,500,0,353,0.343,1,COM6
1,76245,37,rpm,1,1,36.5,36.5,3893,500,0,1,0.001,1,COM8
3,112761,37,rpm,783,353,36.5,36.5,3893,500,0,353,0.343,1,COM6
1,76265,37,rpm,1,1,36.5,36.5,3893,500,0,1,0.001,1,COM8
3,112782,37,rpm,693,353,36.5,36.5,3893,500,0,353,0.343,1,COM6
1,76286,37,rpm,1,1,36.5,36.5,3893,500,0,1,0.001,1,COM8
3,112802,37,rpm,526,353,36.5,36.5,3893,500,0,354,0.343,1,COM6
1,76306,37,rpm,1,1,36.5,36.5,3893,500,0,1,0.001,1,COM8
3,112823,37,rpm,367,353,36.5,36.5,3893,500,0,354,0.343,1,COM6
1,76327,37,rpm,1,1,36.5,36.5,3893,500,0,1,0.001,1,COM8
3,112844,37,rpm,263,353,36.5,36.5,3893,500,0,354,0.343,1,COM6
1,76347,37,rpm,1,1,36.5,36.5,3893,500,0,1,0.001,1,COM8
3,112864,37,rpm,132,353,36.5,36.5,3893,500,0,354,0.343,1,COM6
1,76368,37,rpm,1,1,36.5,36.5,3893,500,0,1,0.001,1,COM8
3,112885,37,rpm,24,353,36.5,36.5,3893,500,0,354,0.343,1,COM6
1,76388,37,rpm,1,1,36.5,36.5,3893,500,0,1,0.001,1,COM8
3,112905,37,rpm,11,353,36.5,36.5,3893,500,0,354,0.344,1,COM6
1,76409,37,rpm,1,1,36.5,36.5,3893,500,0,1,0.001,1,COM8
3,112926,37,rpm,14,353,36.5,36.5,3893,500,0,354,0.344,1,COM6
1,76429,37,rpm,1,1,36.5,36.5,3893,500,0,1,0.001,1,COM8
3,112947,37,rpm,78,353,36.5,36.5,3893,500,0,354,0.344,1,COM6
1,76450,37,rpm,1,1,36.5,36.5,3893,500,0,1,0.001,1,COM8
3,112967,37,rpm,424,353,36.5,36.5,3893,500,0,355,0.344,1,COM6
1,76470,37,rpm,1,1,36.5,36.5,3893,500,0,1,0.001,1,COM8
3,112988,37,rpm,612,353,36.5,36.5,3893,500,0,355,0.344,1,COM6
1,76491,37,rpm,1,1,36.5,36.5,3893,500,0,1,0.001,1,COM8
3,113008,37,rpm,714,353,36.5,36.5,3893,500,0,355,0.344,1,COM6
1,76511,37,rpm,1,1,36.5,36.5,3893,500,0,1,0.001,1,COM8
3,113029,37,rpm,738,353,36.5,36.5,3893,500,0,355,0.344,1,COM6
1,76532,37,rpm,1,1,36.5,36.5,3893,500,0,1,0.001,1,COM8
3,113050,37,rpm,614,353,36.5,36.5,3893,500,0,355,0.344,1,COM6
1,76552,37,rpm,1,1,36.5,36.5,3893,500,0,1,0.001,1,COM8
3,113070,37,rpm,478,353,36.5,36.5,3893,500,0,355,0.344,1,COM6
1,76572,37,rpm,1,1,36.5,36.5,3893,500,0,1,0.001,1,COM8
3,113091,37,rpm,361,353,36.5,36.5,3893,500,0,355,0.345,1,COM6
1,76593,37,rpm,1,1,36.5,36.5,3893,500,0,1,0.001,1,COM8
3,113111,37,rpm,238,353,36.5,36.5,3893,500,0,355,0.345,1,COM6
1,76613,37,rpm,1,1,36.5,36.5,3893,500,0,1,0.001,1,COM8
3,113132,37,rpm,31,353,36.5,36.5,3893,500,0,355,0.345,1,COM6
1,76634,37,rpm,1,1,36.5,36.5,3893,500,0,1,0.001,1,COM8
3,113153,37,rpm,15,353,36.5,36.5,3893,500,0,356,0.345,1,COM6
1,76654,37,rpm,1,1,36.5,36.5,3893,500,0,1,0.001,1,COM8
3,113173,37,rpm,14,353,36.5,36.5,3893,500,0,356,0.345,1,COM6
1,76675,37,rpm,1,1,36.5,36.5,3893,500,0,1,0.001,1,COM8
3,113194,37,rpm,55,353,36.5,36.5,3893,500,0,356,0.345,1,COM6
1,76695,37,rpm,1,1,36.5,36.5,3893,500,0,1,0.001,1,COM8
3,113214,37,rpm,366,353,36.5,36.5,3893,500,0,356,0.345,1,COM6
1,76716,37,rpm,1,1,36.5,36.5,3893,500,0,1,0.001,1,COM8
3,113235,37,rpm,619,353,36.5,36.5,3893,500,0,356,0.345,1,COM6
1,76736,37,rpm,0,1,36.5,36.5,3893,500,0,1,0.001,1,COM8
3,113255,37,rpm,710,353,36.5,36.5,3893,500,0,356,0.346,1,COM6
1,76757,37,rpm,1,1,36.5,36.5,3893,500,0,1,0.001,1,COM8
3,113276,37,rpm,702,353,36.5,36.5,3893,500,0,356,0.346,1,COM6
1,76777,37,rpm,1,1,36.5,36.5,3893,500,0,1,0.001,1,COM8
3,113297,37,rpm,661,353,36.5,36.5,3893,500,0,356,0.346,1,COM6
1,76797,37,rpm,1,1,36.5,36.5,3893,500,0,1,0.001,1,COM8
3,113317,37,rpm,552,353,36.5,36.5,3893,500,0,357,0.346,1,COM6
1,76818,37,rpm,1,1,36.5,36.5,3893,500,0,1,0.001,1,COM8
3,113338,37,rpm,441,353,36.5,36.5,3893,500,0,357,0.346,1,COM6
1,76838,37,rpm,1,1,36.5,36.5,3893,500,0,1,0.001,1,COM8
3,113358,37,rpm,348,353,36.5,36.5,3893,500,0,357,0.346,1,COM6
1,76859,37,rpm,1,1,36.5,36.5,3893,500,0,1,0.001,1,COM8
3,113379,37,rpm,97,353,36.5,36.5,3893,500,0,357,0.346,1,COM6
1,76879,37,rpm,1,1,36.5,36.5,3893,500,0,1,0.001,1,COM8
3,113399,37,rpm,20,353,36.5,36.5,3893,500,0,357,0.346,1,COM6
1,76900,37,rpm,1,1,36.5,36.5,3893,500,0,1,0.001,1,COM8
3,113420,37,rpm,13,353,36.5,36.5,3893,500,0,357,0.346,1,COM6
1,76920,37,rpm,1,1,36.5,36.5,3893,500,0,1,0.001,1,COM8
3,113441,37,rpm,25,353,36.5,36.5,3893,500,0,357,0.347,1,COM6
1,76940,37,rpm,1,1,36.5,36.5,3893,500,0,1,0.001,1,COM8
3,113461,37,rpm,168,353,36.5,36.5,3893,500,0,357,0.347,1,COM6
1,76961,37,rpm,1,1,36.5,36.5,3893,500,0,1,0.001,1,COM8
3,113482,37,rpm,510,353,36.5,36.5,3893,500,0,358,0.347,1,COM6
1,76981,37,rpm,0,1,36.5,36.5,3893,500,0,1,0.001,1,COM8
3,113502,37,rpm,642,353,36.5,36.5,3893,500,0,358,0.347,1,COM6
1,77002,37,rpm,1,1,36.5,36.5,3893,500,0,1,0.001,1,COM8
3,113523,37,rpm,687,353,36.5,36.5,3893,500,0,358,0.347,1,COM6
1,77022,37,rpm,1,1,36.5,36.5,3893,500,0,1,0.001,1,COM8
3,113543,37,rpm,647,353,36.5,36.5,3893,500,0,358,0.347,1,COM6
1,77043,37,rpm,1,1,36.5,36.5,3893,500,0,1,0.001,1,COM8
3,113564,37,rpm,571,353,36.5,36.5,3893,500,0,358,0.347,1,COM6
1,77063,37,rpm,1,1,36.5,36.5,3893,500,0,1,0.001,1,COM8
3,113585,37,rpm,458,353,36.5,36.5,3893,500,0,358,0.347,1,COM6
1,77084,37,rpm,1,1,36.5,36.5,3893,500,0,1,0.001,1,COM8
3,113605,37,rpm,378,353,36.5,36.5,3893,500,0,358,0.348,1,COM6
1,77104,37,rpm,1,1,36.5,36.5,3893,500,0,1,0.001,1,COM8
3,113626,37,rpm,181,353,36.5,36.5,3893,500,0,358,0.348,1,COM6
1,77125,37,rpm,1,1,36.5,36.5,3893,500,0,1,0.001,1,COM8
3,113646,37,rpm,27,353,36.5,36.5,3893,500,0,359,0.348,1,COM6
1,77145,37,rpm,1,1,36.5,36.5,3893,500,0,1,0.001,1,COM8
3,113667,37,rpm,13,353,36.5,36.5,3893,500,0,359,0.348,1,COM6
1,77166,37,rpm,1,1,36.5,36.5,3893,500,0,1,0.001,1,COM8
3,113688,37,rpm,16,353,36.5,36.5,3893,500,0,359,0.348,1,COM6
1,77186,37,rpm,1,1,36.5,36.5,3893,500,0,1,0.001,1,COM8
3,113708,37,rpm,71,353,36.5,36.5,3893,500,0,359,0.348,1,COM6
1,77206,37,rpm,1,1,36.5,36.5,3893,500,0,1,0.001,1,COM8
3,113729,37,rpm,336,353,36.5,36.5,3893,500,0,359,0.348,1,COM6
1,77227,37,rpm,1,1,36.5,36.5,3893,500,0,1,0.001,1,COM8
3,113749,37,rpm,636,353,36.5,36.5,3893,500,0,359,0.348,1,COM6
1,77247,37,rpm,0,1,36.5,36.5,3893,500,0,1,0.001,1,COM8
3,113770,37,rpm,803,353,36.5,36.5,3893,500,0,359,0.348,1,COM6
1,77268,37,rpm,1,1,36.5,36.5,3893,500,0,1,0.001,1,COM8
3,113790,37,rpm,756,353,36.5,36.5,3893,500,0,359,0.349,1,COM6
1,77288,37,rpm,1,1,36.5,36.5,3893,500,0,1,0.001,1,COM8
3,113811,37,rpm,665,353,36.5,36.5,3893,500,0,359,0.349,1,COM6
1,77309,37,rpm,1,1,36.5,36.5,3893,500,0,1,0.001,1,COM8
3,113832,37,rpm,511,353,36.5,36.5,3893,500,0,360,0.349,1,COM6
1,77329,37,rpm,1,1,36.5,36.5,3893,500,0,1,0.001,1,COM8
3,113852,37,rpm,347,353,36.5,36.5,3893,500,0,360,0.349,1,COM6
1,77349,37,rpm,1,1,36.5,36.5,3893,500,0,1,0.001,1,COM8
3,113873,37,rpm,281,353,36.5,36.5,3893,500,0,360,0.349,1,COM6
1,77370,37,rpm,1,1,36.5,36.5,3893,500,0,1,0.001,1,COM8
3,113893,37,rpm,117,353,36.5,36.5,3893,500,0,360,0.349,1,COM6
1,77390,37,rpm,1,1,36.5,36.5,3893,500,0,1,0.001,1,COM8
3,113914,37,rpm,21,353,36.5,36.5,3893,500,0,360,0.349,1,COM6
1,77411,37,rpm,1,1,36.5,36.5,3893,500,0,1,0.001,1,COM8
3,113934,37,rpm,11,353,36.5,36.5,3893,500,0,360,0.349,1,COM6
1,77431,37,rpm,1,1,36.5,36.5,3893,500,0,1,0.001,1,COM8
3,113955,37,rpm,16,353,36.5,36.5,3893,500,0,360,0.35,1,COM6
1,77452,37,rpm,1,1,36.5,36.5,3893,500,0,1,0.001,1,COM8
3,113976,37,rpm,89,353,36.5,36.5,3893,500,0,360,0.35,1,COM6
1,77472,37,rpm,1,1,36.5,36.5,3893,500,0,1,0.001,1,COM8
3,113996,37,rpm,365,353,36.5,36.5,3893,500,0,361,0.35,1,COM6
1,77493,37,rpm,1,1,36.5,36.5,3893,500,0,1,0.001,1,COM8
3,114017,37,rpm,630,353,36.5,36.5,3893,500,0,361,0.35,1,COM6
1,77513,37,rpm,0,1,36.5,36.5,3893,500,0,1,0.001,1,COM8
3,114037,37,rpm,763,353,36.5,36.5,3893,500,0,361,0.35,1,COM6
1,77534,37,rpm,1,1,36.5,36.5,3893,500,0,1,0.001,1,COM8
3,114058,37,rpm,704,353,36.5,36.5,3893,500,0,361,0.35,1,COM6
1,77554,37,rpm,1,1,36.5,36.5,3893,500,0,1,0.001,1,COM8
3,114079,37,rpm,615,353,36.5,36.5,3893,500,0,361,0.35,1,COM6
1,77575,37,rpm,1,1,36.5,36.5,3893,500,0,1,0.001,1,COM8
3,114099,37,rpm,440,353,36.5,36.5,3893,500,0,361,0.35,1,COM6
1,77595,37,rpm,1,1,36.5,36.5,3893,500,0,1,0.001,1,COM8
3,114120,37,rpm,318,353,36.5,36.5,3893,500,0,361,0.35,1,COM6
1,77615,37,rpm,1,1,36.5,36.5,3893,500,0,1,0.001,1,COM8
3,114140,37,rpm,262,353,36.5,36.5,3893,500,0,361,0.351,1,COM6
1,77636,37,rpm,1,1,36.5,36.5,3893,500,0,1,0.001,1,COM8
3,114161,37,rpm,40,353,36.5,36.5,3893,500,0,362,0.351,1,COM6
1,77656,37,rpm,1,1,36.5,36.5,3893,500,0,1,0.001,1,COM8
3,114181,37,rpm,15,353,36.5,36.5,3893,500,0,362,0.351,1,COM6
1,77677,37,rpm,1,1,36.5,36.5,3893,500,0,1,0.001,1,COM8
3,114202,37,rpm,11,353,36.5,36.5,3893,500,0,362,0.351,1,COM6
1,77697,37,rpm,1,1,36.5,36.5,3893,500,0,1,0.001,1,COM8
3,114223,37,rpm,35,353,36.5,36.5,3893,500,0,362,0.351,1,COM6
1,77718,37,rpm,1,1,36.5,36.5,3893,500,0,1,0.001,1,COM8
3,114243,37,rpm,220,353,36.5,36.5,3893,500,0,362,0.351,1,COM6
1,77738,37,rpm,1,1,36.5,36.5,3893,500,0,1,0.001,1,COM8
1,77759,37,rpm,0,1,36.5,36.5,3893,500,0,1,0.001,1,COM8
3,114264,37,rpm,602,353,36.5,36.5,3893,500,0,362,0.351,1,COM6
3,114284,37,rpm,797,353,36.5,36.5,3893,500,0,362,0.351,1,COM6
1,77779,37,rpm,1,1,36.5,36.5,3893,500,0,1,0.001,1,COM8
3,114305,37,rpm,784,353,36.5,36.5,3893,500,0,362,0.352,1,COM6
1,77800,37,rpm,1,1,36.5,36.5,3893,500,0,1,0.001,1,COM8
3,114325,37,rpm,692,353,36.5,36.5,3893,500,0,362,0.352,1,COM6
1,77820,37,rpm,1,1,36.5,36.5,3893,500,0,1,0.001,1,COM8
3,114346,37,rpm,519,353,36.5,36.5,3893,500,0,363,0.352,1,COM6
1,77841,37,rpm,1,1,36.5,36.5,3893,500,0,1,0.001,1,COM8
3,114367,37,rpm,361,353,36.5,36.5,3893,500,0,363,0.352,1,COM6
1,77861,37,rpm,1,1,36.5,36.5,3893,500,0,1,0.001,1,COM8
3,114387,37,rpm,259,353,36.5,36.5,3893,500,0,363,0.352,1,COM6
1,77882,37,rpm,1,1,36.5,36.5,3893,500,0,1,0.001,1,COM8
3,114408,37,rpm,127,353,36.5,36.5,3893,500,0,363,0.352,1,COM6
1,77902,37,rpm,1,1,36.5,36.5,3893,500,0,1,0.001,1,COM8
3,114428,37,rpm,23,353,36.5,36.5,3893,500,0,363,0.352,1,COM6
1,77922,37,rpm,1,1,36.5,36.5,3893,500,0,1,0.001,1,COM8
3,114449,37,rpm,11,353,36.5,36.5,3893,500,0,363,0.352,1,COM6
1,77943,37,rpm,1,1,36.5,36.5,3893,500,0,1,0.001,1,COM8
3,114469,37,rpm,14,353,36.5,36.5,3893,500,0,363,0.352,1,COM6
1,77963,37,rpm,1,1,36.5,36.5,3893,500,0,1,0.001,1,COM8
3,114490,37,rpm,81,353,36.5,36.5,3893,500,0,363,0.353,1,COM6
1,77984,37,rpm,1,1,36.5,36.5,3893,500,0,1,0.001,1,COM8
3,114511,37,rpm,421,353,36.5,36.5,3893,500,0,364,0.353,1,COM6
1,78004,37,rpm,1,1,36.5,36.5,3893,500,0,1,0.001,1,COM8
3,114531,37,rpm,611,353,36.5,36.5,3893,500,0,364,0.353,1,COM6
1,78025,37,rpm,0,1,36.5,36.5,3893,500,0,1,0.001,1,COM8
3,114552,37,rpm,701,353,36.5,36.5,3893,500,0,364,0.353,1,COM6
1,78045,37,rpm,1,1,36.5,36.5,3893,500,0,1,0.001,1,COM8
3,114572,37,rpm,721,353,36.5,36.5,3893,500,0,364,0.353,1,COM6
1,78065,37,rpm,1,1,36.5,36.5,3893,500,0,1,0.001,1,COM8
3,114593,37,rpm,614,353,36.5,36.5,3893,500,0,364,0.353,1,COM6
1,78086,37,rpm,1,1,36.5,36.5,3893,500,0,1,0.001,1,COM8
3,114614,37,rpm,478,353,36.5,36.5,3893,500,0,364,0.353,1,COM6
1,78106,37,rpm,1,1,36.5,36.5,3893,500,0,1,0.001,1,COM8
3,114634,37,rpm,370,353,36.5,36.5,3893,500,0,364,0.353,1,COM6
1,78127,37,rpm,1,1,36.5,36.5,3893,500,0,1,0.001,1,COM8
3,114655,37,rpm,240,353,36.5,36.5,3893,500,0,364,0.354,1,COM6
1,78147,37,rpm,1,1,36.5,36.5,3893,500,0,1,0.001,1,COM8
3,114675,37,rpm,31,353,36.5,36.5,3893,500,0,365,0.354,1,COM6
1,78168,37,rpm,1,1,36.5,36.5,3893,500,0,1,0.001,1,COM8
3,114696,37,rpm,15,353,36.5,36.5,3893,500,0,365,0.354,1,COM6
1,78188,37,rpm,1,1,36.5,36.5,3893,500,0,1,0.001,1,COM8
3,114716,37,rpm,13,353,36.5,36.5,3893,500,0,365,0.354,1,COM6
1,78209,37,rpm,1,1,36.5,36.5,3893,500,0,1,0.001,1,COM8
3,114737,37,rpm,53,353,36.5,36.5,3893,500,0,365,0.354,1,COM6
1,78229,37,rpm,1,1,36.5,36.5,3893,500,0,1,0.001,1,COM8
3,114757,37,rpm,352,353,36.5,36.5,3893,500,0,365,0.354,1,COM6
1,78250,37,rpm,1,1,36.5,36.5,3893,500,0,1,0.001,1,COM8
3,114778,37,rpm,619,353,36.5,36.5,3893,500,0,365,0.354,1,COM6
1,78270,37,rpm,0,1,36.5,36.5,3893,500,0,1,0.001,1,COM8
3,114799,37,rpm,705,353,36.5,36.5,3893,500,0,365,0.354,1,COM6
1,78290,37,rpm,1,1,36.5,36.5,3893,500,0,1,0.001,1,COM8
1,78311,37,rpm,1,1,36.5,36.5,3893,500,0,1,0.001,1,COM8
3,114819,37,rpm,702,353,36.5,36.5,3893,500,0,365,0.354,1,COM6
3,114840,37,rpm,660,353,36.5,36.5,3893,500,0,366,0.355,1,COM6
1,78331,37,rpm,1,1,36.5,36.5,3893,500,0,1,0.001,1,COM8
3,114860,37,rpm,550,353,36.5,36.5,3893,500,0,366,0.355,1,COM6
1,78352,37,rpm,1,1,36.5,36.5,3893,500,0,1,0.001,1,COM8
1,78372,37,rpm,1,1,36.5,36.5,3893,500,0,1,0.001,1,COM8
3,114881,37,rpm,442,353,36.5,36.5,3893,500,0,366,0.355,1,COM6
3,114901,37,rpm,349,353,36.5,36.5,3893,500,0,366,0.355,1,COM6
1,78393,37,rpm,1,1,36.5,36.5,3893,500,0,1,0.001,1,COM8
3,114922,37,rpm,90,353,36.5,36.5,3893,500,0,366,0.355,1,COM6
1,78413,37,rpm,1,1,36.5,36.5,3893,500,0,1,0.001,1,COM8
1,78433,37,rpm,1,1,36.5,36.5,3893,500,0,1,0.001,1,COM8
3,114942,37,rpm,19,353,36.5,36.5,3893,500,0,366,0.355,1,COM6
1,78454,37,rpm,1,1,36.5,36.5,3893,500,0,1,0.001,1,COM8
3,114963,37,rpm,13,353,36.5,36.5,3893,500,0,366,0.355,1,COM6
1,78474,37,rpm,1,1,36.5,36.5,3893,500,0,1,0.001,1,COM8
3,114984,37,rpm,27,353,36.5,36.5,3893,500,0,366,0.355,1,COM6
1,78495,37,rpm,1,1,36.5,36.5,3893,500,0,1,0.001,1,COM8
3,115004,37,rpm,170,353,36.5,36.5,3893,500,0,366,0.355,1,COM6
1,78515,37,rpm,0,1,36.5,36.5,3893,500,0,1,0.001,1,COM8
3,115025,37,rpm,511,353,36.5,36.5,3893,500,0,367,0.356,1,COM6
3,115045,37,rpm,649,353,36.5,36.5,3893,500,0,367,0.356,1,COM6
1,78536,37,rpm,1,1,36.5,36.5,3893,500,0,1,0.001,1,COM8
3,115066,37,rpm,686,353,36.5,36.5,3893,500,0,367,0.356,1,COM6
1,78556,37,rpm,1,1,36.5,36.5,3893,500,0,1,0.001,1,COM8
1,78577,37,rpm,1,1,36.5,36.5,3893,500,0,1,0.001,1,COM8
3,115087,37,rpm,649,353,36.5,36.5,3893,500,0,367,0.356,1,COM6
3,115107,37,rpm,567,353,36.5,36.5,3893,500,0,367,0.356,1,COM6
1,78597,37,rpm,1,1,36.5,36.5,3893,500,0,1,0.001,1,COM8
3,115128,37,rpm,457,353,36.5,36.5,3893,500,0,367,0.356,1,COM6
1,78618,37,rpm,1,1,36.5,36.5,3893,500,0,1,0.001,1,COM8
1,78638,37,rpm,1,1,36.5,36.5,3893,500,0,1,0.001,1,COM8
3,115148,37,rpm,377,353,36.5,36.5,3893,500,0,367,0.356,1,COM6
1,78659,37,rpm,1,1,36.5,36.5,3893,500,0,1,0.001,1,COM8
3,115169,37,rpm,177,353,36.5,36.5,3893,500,0,367,0.356,1,COM6
1,78679,37,rpm,1,1,36.5,36.5,3893,500,0,1,0.001,1,COM8
3,115189,37,rpm,27,353,36.5,36.5,3893,500,0,368,0.357,1,COM6
1,78700,37,rpm,1,1,36.5,36.5,3893,500,0,1,0.001,1,COM8
3,115210,37,rpm,13,353,36.5,36.5,3893,500,0,368,0.357,1,COM6
3,115231,37,rpm,15,353,36.5,36.5,3893,500,0,368,0.357,1,COM6
1,78720,37,rpm,1,1,36.5,36.5,3893,500,0,1,0.001,1,COM8
1,78740,37,rpm,1,1,36.5,36.5,3893,500,0,1,0.001,1,COM8
3,115251,37,rpm,69,353,36.5,36.5,3893,500,0,368,0.357,1,COM6
1,78761,37,rpm,1,1,36.5,36.5,3893,500,0,1,0.001,1,COM8
3,115272,37,rpm,327,353,36.5,36.5,3893,500,0,368,0.357,1,COM6
3,115292,37,rpm,587,353,36.5,36.5,3893,500,0,368,0.357,1,COM6
1,78781,37,rpm,0,1,36.5,36.5,3893,500,0,1,0.001,1,COM8
3,115313,37,rpm,797,353,36.5,36.5,3893,500,0,368,0.357,1,COM6
1,78802,37,rpm,1,1,36.5,36.5,3893,500,0,1,0.001,1,COM8
1,78822,37,rpm,1,1,36.5,36.5,3893,500,0,1,0.001,1,COM8
3,115333,37,rpm,770,353,36.5,36.5,3893,500,0,368,0.357,1,COM6
1,78843,37,rpm,1,1,36.5,36.5,3893,500,0,1,0.001,1,COM8
3,115354,37,rpm,681,353,36.5,36.5,3893,500,0,369,0.357,1,COM6
3,115375,37,rpm,530,353,36.5,36.5,3893,500,0,369,0.358,1,COM6
1,78863,37,rpm,1,1,36.5,36.5,3893,500,0,1,0.001,1,COM8
1,78884,37,rpm,1,1,36.5,36.5,3893,500,0,1,0.001,1,COM8
3,115395,37,rpm,365,353,36.5,36.5,3893,500,0,369,0.358,1,COM6
1,78904,37,rpm,1,1,36.5,36.5,3893,500,0,1,0.001,1,COM8
3,115416,37,rpm,288,353,36.5,36.5,3893,500,0,369,0.358,1,COM6
1,78925,37,rpm,1,1,36.5,36.5,3893,500,0,1,0.001,1,COM8
3,115436,37,rpm,125,353,36.5,36.5,3893,500,0,369,0.358,1,COM6
1,78945,37,rpm,1,1,36.5,36.5,3893,500,0,1,0.001,1,COM8
3,115457,37,rpm,22,353,36.5,36.5,3893,500,0,369,0.358,1,COM6
1,78965,37,rpm,1,1,36.5,36.5,3893,500,0,1,0.001,1,COM8
3,115477,37,rpm,11,353,36.5,36.5,3893,500,0,369,0.358,1,COM6
1,78986,37,rpm,1,1,36.5,36.5,3893,500,0,1,0.001,1,COM8
3,115498,37,rpm,15,353,36.5,36.5,3893,500,0,369,0.358,1,COM6
1,79006,37,rpm,1,1,36.5,36.5,3893,500,0,1,0.001,1,COM8
3,115519,37,rpm,80,353,36.5,36.5,3893,500,0,370,0.358,1,COM6
1,79027,37,rpm,1,1,36.5,36.5,3893,500,0,1,0.001,1,COM8
3,115539,37,rpm,351,353,36.5,36.5,3893,500,0,370,0.359,1,COM6
1,79047,37,rpm,0,1,36.5,36.5,3893,500,0,1,0.001,1,COM8
3,115560,37,rpm,607,353,36.5,36.5,3893,500,0,370,0.359,1,COM6
1,79068,37,rpm,1,1,36.5,36.5,3893,500,0,1,0.001,1,COM8
3,115580,37,rpm,769,353,36.5,36.5,3893,500,0,370,0.359,1,COM6
1,79088,37,rpm,1,1,36.5,36.5,3893,500,0,1,0.001,1,COM8
3,115601,37,rpm,715,353,36.5,36.5,3893,500,0,370,0.359,1,COM6
1,79108,37,rpm,1,1,36.5,36.5,3893,500,0,1,0.001,1,COM8
3,115621,37,rpm,625,353,36.5,36.5,3893,500,0,370,0.359,1,COM6
1,79129,37,rpm,1,1,36.5,36.5,3893,500,0,1,0.001,1,COM8
3,115642,37,rpm,458,353,36.5,36.5,3893,500,0,370,0.359,1,COM6
1,79149,37,rpm,1,1,36.5,36.5,3893,500,0,1,0.001,1,COM8
3,115663,37,rpm,328,353,36.5,36.5,3893,500,0,370,0.359,1,COM6
1,79170,37,rpm,1,1,36.5,36.5,3893,500,0,1,0.001,1,COM8
3,115683,37,rpm,265,353,36.5,36.5,3893,500,0,370,0.359,1,COM6
1,79190,37,rpm,1,1,36.5,36.5,3893,500,0,1,0.001,1,COM8
3,115704,37,rpm,46,353,36.5,36.5,3893,500,0,371,0.359,1,COM6
1,79210,37,rpm,1,1,36.5,36.5,3893,500,0,1,0.001,1,COM8
3,115724,37,rpm,16,353,36.5,36.5,3893,500,0,371,0.36,1,COM6
1,79231,37,rpm,1,1,36.5,36.5,3893,500,0,1,0.001,1,COM8
3,115745,37,rpm,11,353,36.5,36.5,3893,500,0,371,0.36,1,COM6
1,79251,37,rpm,1,1,36.5,36.5,3893,500,0,1,0.001,1,COM8
3,115765,37,rpm,31,353,36.5,36.5,3893,500,0,371,0.36,1,COM6
1,79272,37,rpm,1,1,36.5,36.5,3893,500,0,1,0.001,1,COM8
3,115786,37,rpm,200,353,36.5,36.5,3893,500,0,371,0.36,1,COM6
1,79292,37,rpm,0,1,36.5,36.5,3893,500,0,1,0.001,1,COM8
3,115807,37,rpm,571,353,36.5,36.5,3893,500,0,371,0.36,1,COM6
1,79313,37,rpm,1,1,36.5,36.5,3893,500,0,1,0.001,1,COM8
3,115827,37,rpm,779,353,36.5,36.5,3893,500,0,371,0.36,1,COM6
1,79333,37,rpm,1,1,36.5,36.5,3893,500,0,1,0.001,1,COM8
3,115848,37,rpm,784,353,36.5,36.5,3893,500,0,371,0.36,1,COM6
1,79354,37,rpm,1,1,36.5,36.5,3893,500,0,1,0.001,1,COM8
3,115869,37,rpm,692,353,36.5,36.5,3893,500,0,372,0.36,1,COM6
1,79374,37,rpm,1,1,36.5,36.5,3893,500,0,1,0.001,1,COM8
3,115889,37,rpm,518,353,36.5,36.5,3893,500,0,372,0.361,1,COM6
1,79395,37,rpm,1,1,36.5,36.5,3893,500,0,1,0.001,1,COM8
3,115910,37,rpm,360,353,36.5,36.5,3893,500,0,372,0.361,1,COM6
1,79415,37,rpm,1,1,36.5,36.5,3893,500,0,1,0.001,1,COM8
3,115930,37,rpm,259,353,36.5,36.5,3893,500,0,372,0.361,1,COM6
1,79436,37,rpm,1,1,36.5,36.5,3893,500,0,1,0.001,1,COM8
3,115951,37,rpm,125,353,36.5,36.5,3893,500,0,372,0.361,1,COM6
1,79456,37,rpm,1,1,36.5,36.5,3893,500,0,1,0.001,1,COM8
3,115971,37,rpm,23,353,36.5,36.5,3893,500,0,372,0.361,1,COM6
1,79477,37,rpm,1,1,36.5,36.5,3893,500,0,1,0.001,1,COM8
3,115992,37,rpm,11,353,36.5,36.5,3893,500,0,372,0.361,1,COM6
1,79497,37,rpm,1,1,36.5,36.5,3893,500,0,1,0.001,1,COM8
3,116013,37,rpm,15,353,36.5,36.5,3893,500,0,372,0.361,1,COM6
1,79517,37,rpm,1,1,36.5,36.5,3893,500,0,1,0.001,1,COM8
3,116033,37,rpm,86,353,36.5,36.5,3893,500,0,373,0.361,1,COM6
1,79538,37,rpm,1,1,36.5,36.5,3893,500,0,1,0.001,1,COM8
3,116054,37,rpm,433,353,36.5,36.5,3893,500,0,373,0.361,1,COM6
1,79558,37,rpm,0,1,36.5,36.5,3893,500,0,1,0.001,1,COM8
3,116074,37,rpm,613,353,36.5,36.5,3893,500,0,373,0.362,1,COM6
1,79579,37,rpm,1,1,36.5,36.5,3893,500,0,1,0.001,1,COM8
3,116095,37,rpm,708,353,36.5,36.5,3893,500,0,373,0.362,1,COM6
1,79599,37,rpm,1,1,36.5,36.5,3893,500,0,1,0.001,1,COM8
3,116115,37,rpm,729,353,36.5,36.5,3893,500,0,373,0.362,1,COM6
1,79620,37,rpm,1,1,36.5,36.5,3893,500,0,1,0.001,1,COM8
3,116136,37,rpm,612,353,36.5,36.5,3893,500,0,373,0.362,1,COM6
1,79640,37,rpm,1,1,36.5,36.5,3893,500,0,1,0.001,1,COM8
3,116157,37,rpm,478,353,36.5,36.5,3893,500,0,373,0.362,1,COM6
1,79661,37,rpm,1,1,36.5,36.5,3893,500,0,1,0.001,1,COM8
3,116177,37,rpm,370,353,36.5,36.5,3893,500,0,373,0.362,1,COM6
1,79681,37,rpm,1,1,36.5,36.5,3893,500,0,1,0.001,1,COM8
3,116198,37,rpm,239,353,36.5,36.5,3893,500,0,374,0.362,1,COM6
1,79702,37,rpm,1,1,36.5,36.5,3893,500,0,1,0.001,1,COM8
3,116218,37,rpm,31,353,36.5,36.5,3893,500,0,374,0.362,1,COM6
1,79722,37,rpm,1,1,36.5,36.5,3893,500,0,1,0.001,1,COM8
3,116239,37,rpm,15,353,36.5,36.5,3893,500,0,374,0.363,1,COM6
1,79743,37,rpm,1,1,36.5,36.5,3893,500,0,1,0.001,1,COM8
3,116259,37,rpm,14,353,36.5,36.5,3893,500,0,374,0.363,1,COM6
1,79763,37,rpm,1,1,36.5,36.5,3893,500,0,1,0.001,1,COM8
3,116280,37,rpm,60,353,36.5,36.5,3893,500,0,374,0.363,1,COM6
1,79783,37,rpm,1,1,36.5,36.5,3893,500,0,1,0.001,1,COM8
3,116300,37,rpm,369,353,36.5,36.5,3893,500,0,374,0.363,1,COM6
1,79804,37,rpm,0,1,36.5,36.5,3893,500,0,1,0.001,1,COM8
3,116321,37,rpm,616,353,36.5,36.5,3893,500,0,374,0.363,1,COM6
1,79824,37,rpm,1,1,36.5,36.5,3893,500,0,1,0.001,1,COM8
3,116341,37,rpm,707,353,36.5,36.5,3893,500,0,374,0.363,1,COM6
1,79845,37,rpm,1,1,36.5,36.5,3893,500,0,1,0.001,1,COM8
3,116362,37,rpm,701,353,36.5,36.5,3893,500,0,374,0.363,1,COM6
1,79865,37,rpm,1,1,36.5,36.5,3893,500,0,1,0.001,1,COM8
3,116382,37,rpm,658,353,36.5,36.5,3893,500,0,375,0.363,1,COM6
1,79886,37,rpm,1,1,36.5,36.5,3893,500,0,1,0.001,1,COM8
3,116403,37,rpm,550,353,36.5,36.5,3893,500,0,375,0.363,1,COM6
1,79906,37,rpm,1,1,36.5,36.5,3893,500,0,1,0.001,1,COM8
3,116424,37,rpm,440,353,36.5,36.5,3893,500,0,375,0.364,1,COM6
1,79926,37,rpm,1,1,36.5,36.5,3893,500,0,1,0.001,1,COM8
3,116444,37,rpm,344,353,36.5,36.5,3893,500,0,375,0.364,1,COM6
1,79947,37,rpm,1,1,36.5,36.5,3893,500,0,1,0.001,1,COM8
3,116465,37,rpm,92,353,36.5,36.5,3893,500,0,375,0.364,1,COM6
1,79967,37,rpm,1,1,36.5,36.5,3893,500,0,1,0.001,1,COM8
3,116485,37,rpm,19,353,36.5,36.5,3893,500,0,375,0.364,1,COM6
1,79988,37,rpm,1,1,36.5,36.5,3893,500,0,1,0.001,1,COM8
3,116506,37,rpm,13,353,36.5,36.5,3893,500,0,375,0.364,1,COM6
1,80008,37,rpm,1,1,36.5,36.5,3893,500,0,1,0.001,1,COM8
3,116527,37,rpm,26,353,36.5,36.5,3893,500,0,375,0.364,1,COM6
1,80029,37,rpm,1,1,36.5,36.5,3893,500,0,1,0.001,1,COM8
3,116547,37,rpm,177,353,36.5,36.5,3893,500,0,376,0.364,1,COM6
1,80049,37,rpm,1,1,36.5,36.5,3893,500,0,1,0.001,1,COM8
3,116568,37,rpm,521,353,36.5,36.5,3893,500,0,376,0.364,1,COM6
1,80069,37,rpm,1,1,36.5,36.5,3893,500,0,1,0.001,1,COM8
3,116588,37,rpm,652,353,36.5,36.5,3893,500,0,376,0.365,1,COM6
1,80090,37,rpm,1,1,36.5,36.5,3893,500,0,1,0.001,1,COM8
3,116609,37,rpm,686,353,36.5,36.5,3893,500,0,376,0.365,1,COM6
1,80110,37,rpm,1,1,36.5,36.5,3893,500,0,1,0.001,1,COM8
3,116629,37,rpm,649,353,36.5,36.5,3893,500,0,376,0.365,1,COM6
1,80131,37,rpm,1,1,36.5,36.5,3893,500,0,1,0.001,1,COM8
3,116650,37,rpm,570,353,36.5,36.5,3893,500,0,376,0.365,1,COM6
1,80151,37,rpm,1,1,36.5,36.5,3893,500,0,1,0.001,1,COM8
3,116671,37,rpm,456,353,36.5,36.5,3893,500,0,376,0.365,1,COM6
1,80172,37,rpm,1,1,36.5,36.5,3893,500,0,1,0.001,1,COM8
3,116691,37,rpm,375,353,36.5,36.5,3893,500,0,376,0.365,1,COM6
1,80192,37,rpm,1,1,36.5,36.5,3893,500,0,1,0.001,1,COM8
3,116712,37,rpm,179,353,36.5,36.5,3893,500,0,377,0.365,1,COM6
1,80212,37,rpm,1,1,36.5,36.5,3893,500,0,1,0.001,1,COM8
3,116732,37,rpm,26,353,36.5,36.5,3893,500,0,377,0.365,1,COM6
1,80233,37,rpm,1,1,36.5,36.5,3893,500,0,1,0.001,1,COM8
3,116753,37,rpm,13,353,36.5,36.5,3893,500,0,377,0.365,1,COM6
1,80253,37,rpm,1,1,36.5,36.5,3893,500,0,1,0.001,1,COM8
3,116773,37,rpm,16,353,36.5,36.5,3893,500,0,377,0.366,1,COM6
1,80274,37,rpm,1,1,36.5,36.5,3893,500,0,1,0.001,1,COM8
3,116794,37,rpm,70,353,36.5,36.5,3893,500,0,377,0.366,1,COM6
1,80294,37,rpm,1,1,36.5,36.5,3893,500,0,1,0.001,1,COM8
3,116815,37,rpm,330,353,36.5,36.5,3893,500,0,377,0.366,1,COM6
1,80315,37,rpm,1,1,36.5,36.5,3893,500,0,1,0.001,1,COM8
3,116835,37,rpm,598,353,36.5,36.5,3893,500,0,377,0.366,1,COM6
1,80335,37,rpm,0,1,36.5,36.5,3893,500,0,1,0.001,1,COM8
3,116856,37,rpm,780,353,36.5,36.5,3893,500,0,377,0.366,1,COM6
1,80356,37,rpm,1,1,36.5,36.5,3893,500,0,1,0.001,1,COM8
3,116876,37,rpm,749,353,36.5,36.5,3893,500,0,377,0.366,1,COM6
1,80376,37,rpm,1,1,36.5,36.5,3893,500,0,1,0.001,1,COM8
3,116897,37,rpm,670,353,36.5,36.5,3893,500,0,378,0.366,1,COM6
1,80396,37,rpm,1,1,36.5,36.5,3893,500,0,1,0.001,1,COM8
3,116917,37,rpm,521,353,36.5,36.5,3893,500,0,378,0.366,1,COM6
1,80417,37,rpm,1,1,36.5,36.5,3893,500,0,1,0.001,1,COM8
3,116938,37,rpm,358,353,36.5,36.5,3893,500,0,378,0.367,1,COM6
1,80437,37,rpm,1,1,36.5,36.5,3893,500,0,1,0.001,1,COM8
3,116958,37,rpm,302,353,36.5,36.5,3893,500,0,378,0.367,1,COM6
1,80458,37,rpm,1,1,36.5,36.5,3893,500,0,1,0.001,1,COM8
3,116979,37,rpm,127,353,36.5,36.5,3893,500,0,378,0.367,1,COM6
1,80478,37,rpm,1,1,36.5,36.5,3893,500,0,1,0.001,1,COM8
3,116999,37,rpm,22,353,36.5,36.5,3893,500,0,378,0.367,1,COM6
1,80499,37,rpm,1,1,36.5,36.5,3893,500,0,1,0.001,1,COM8
3,117020,37,rpm,12,353,36.5,36.5,3893,500,0,378,0.367,1,COM6
1,80519,37,rpm,1,1,36.5,36.5,3893,500,0,1,0.001,1,COM8
3,117040,37,rpm,16,353,36.5,36.5,3893,500,0,378,0.367,1,COM6
1,80540,37,rpm,1,1,36.5,36.5,3893,500,0,1,0.001,1,COM8
3,117061,37,rpm,85,353,36.5,36.5,3893,500,0,379,0.367,1,COM6
1,80560,37,rpm,1,1,36.5,36.5,3893,500,0,1,0.001,1,COM8
3,117082,37,rpm,344,353,36.5,36.5,3893,500,0,379,0.367,1,COM6
1,80581,37,rpm,0,1,36.5,36.5,3893,500,0,1,0.001,1,COM8
3,117102,37,rpm,593,353,36.5,36.5,3893,500,0,379,0.367,1,COM6
1,80601,37,rpm,0,1,36.5,36.5,3893,500,0,1,0.001,1,COM8
3,117123,37,rpm,753,353,36.5,36.5,3893,500,0,379,0.368,1,COM6
1,80621,37,rpm,1,1,36.5,36.5,3893,500,0,1,0.001,1,COM8
3,117143,37,rpm,709,353,36.5,36.5,3893,500,0,379,0.368,1,COM6
1,80642,37,rpm,1,1,36.5,36.5,3893,500,0,1,0.001,1,COM8
3,117164,37,rpm,623,353,36.5,36.5,3893,500,0,379,0.368,1,COM6
1,80662,37,rpm,1,1,36.5,36.5,3893,500,0,1,0.001,1,COM8
3,117184,37,rpm,449,353,36.5,36.5,3893,500,0,379,0.368,1,COM6
1,80683,37,rpm,1,1,36.5,36.5,3893,500,0,1,0.001,1,COM8
3,117205,37,rpm,333,353,36.5,36.5,3893,500,0,379,0.368,1,COM6
1,80703,37,rpm,1,1,36.5,36.5,3893,500,0,1,0.001,1,COM8
3,117225,37,rpm,275,353,36.5,36.5,3893,500,0,380,0.368,1,COM6
1,80724,37,rpm,1,1,36.5,36.5,3893,500,0,1,0.001,1,COM8
3,117246,37,rpm,40,353,36.5,36.5,3893,500,0,380,0.368,1,COM6
1,80744,37,rpm,1,1,36.5,36.5,3893,500,0,1,0.001,1,COM8
3,117267,37,rpm,16,353,36.5,36.5,3893,500,0,380,0.368,1,COM6
1,80765,37,rpm,1,1,36.5,36.5,3893,500,0,1,0.001,1,COM8
3,117287,37,rpm,12,353,36.5,36.5,3893,500,0,380,0.369,1,COM6
1,80785,37,rpm,1,1,36.5,36.5,3893,500,0,1,0.001,1,COM8
3,117308,37,rpm,35,353,36.5,36.5,3893,500,0,380,0.369,1,COM6
1,80805,37,rpm,1,1,36.5,36.5,3893,500,0,1,0.001,1,COM8
3,117328,37,rpm,219,353,36.5,36.5,3893,500,0,380,0.369,1,COM6
1,80826,37,rpm,1,1,36.5,36.5,3893,500,0,1,0.001,1,COM8
3,117349,37,rpm,596,353,36.5,36.5,3893,500,0,380,0.369,1,COM6
1,80846,37,rpm,0,1,36.5,36.5,3893,500,0,1,0.001,1,COM8
3,117370,37,rpm,794,353,36.5,36.5,3893,500,0,380,0.369,1,COM6
1,80867,37,rpm,1,1,36.5,36.5,3893,500,0,1,0.001,1,COM8
3,117390,37,rpm,792,353,36.5,36.5,3893,500,0,381,0.369,1,COM6
1,80887,37,rpm,1,1,36.5,36.5,3893,500,0,1,0.001,1,COM8
3,117411,37,rpm,695,353,36.5,36.5,3893,500,0,381,0.369,1,COM6
1,80908,37,rpm,1,1,36.5,36.5,3893,500,0,1,0.001,1,COM8
3,117431,37,rpm,527,353,36.5,36.5,3893,500,0,381,0.369,1,COM6
1,80928,37,rpm,1,1,36.5,36.5,3893,500,0,1,0.001,1,COM8
3,117452,37,rpm,369,353,36.5,36.5,3893,500,0,381,0.369,1,COM6
1,80949,37,rpm,1,1,36.5,36.5,3893,500,0,1,0.001,1,COM8
3,117472,37,rpm,262,353,36.5,36.5,3893,500,0,381,0.37,1,COM6
1,80969,37,rpm,1,1,36.5,36.5,3893,500,0,1,0.001,1,COM8
3,117493,37,rpm,136,353,36.5,36.5,3893,500,0,381,0.37,1,COM6
1,80989,37,rpm,1,1,36.5,36.5,3893,500,0,1,0.001,1,COM8
3,117514,37,rpm,24,353,36.5,36.5,3893,500,0,381,0.37,1,COM6
1,81010,37,rpm,1,1,36.5,36.5,3893,500,0,1,0.001,1,COM8
3,117534,37,rpm,12,353,36.5,36.5,3893,500,0,381,0.37,1,COM6
1,81030,37,rpm,1,1,36.5,36.5,3893,500,0,1,0.001,1,COM8
3,117555,37,rpm,13,353,36.5,36.5,3893,500,0,381,0.37,1,COM6
1,81051,37,rpm,1,1,36.5,36.5,3893,500,0,1,0.001,1,COM8
3,117575,37,rpm,73,353,36.5,36.5,3893,500,0,382,0.37,1,COM6
1,81071,37,rpm,1,1,36.5,36.5,3893,500,0,1,0.001,1,COM8
3,117596,37,rpm,403,353,36.5,36.5,3893,500,0,382,0.37,1,COM6
1,81092,37,rpm,0,1,36.5,36.5,3893,500,0,1,0.001,1,COM8
3,117617,37,rpm,607,353,36.5,36.5,3893,500,0,382,0.37,1,COM6
1,81112,37,rpm,1,1,36.5,36.5,3893,500,0,1,0.001,1,COM8
3,117637,37,rpm,695,353,36.5,36.5,3893,500,0,382,0.371,1,COM6
1,81133,37,rpm,1,1,36.5,36.5,3893,500,0,1,0.001,1,COM8
3,117658,37,rpm,725,353,36.5,36.5,3893,500,0,382,0.371,1,COM6
1,81153,37,rpm,1,1,36.5,36.5,3893,500,0,1,0.001,1,COM8
3,117678,37,rpm,618,353,36.5,36.5,3893,500,0,382,0.371,1,COM6
1,81174,37,rpm,1,1,36.5,36.5,3893,500,0,1,0.001,1,COM8
3,117699,37,rpm,485,353,36.5,36.5,3893,500,0,382,0.371,1,COM6
1,81194,37,rpm,1,1,36.5,36.5,3893,500,0,1,0.001,1,COM8
3,117719,37,rpm,367,353,36.5,36.5,3893,500,0,382,0.371,1,COM6
1,81215,37,rpm,1,1,36.5,36.5,3893,500,0,1,0.001,1,COM8
3,117740,37,rpm,244,353,36.5,36.5,3893,500,0,383,0.371,1,COM6
1,81235,37,rpm,1,1,36.5,36.5,3893,500,0,1,0.001,1,COM8
3,117760,37,rpm,31,353,36.5,36.5,3893,500,0,383,0.371,1,COM6
1,81255,37,rpm,1,1,36.5,36.5,3893,500,0,1,0.001,1,COM8
3,117781,37,rpm,15,353,36.5,36.5,3893,500,0,383,0.371,1,COM6
1,81276,37,rpm,1,1,36.5,36.5,3893,500,0,1,0.001,1,COM8
3,117802,37,rpm,13,353,36.5,36.5,3893,500,0,383,0.371,1,COM6
1,81296,37,rpm,1,1,36.5,36.5,3893,500,0,1,0.001,1,COM8
3,117822,37,rpm,51,353,36.5,36.5,3893,500,0,383,0.372,1,COM6
1,81317,37,rpm,1,1,36.5,36.5,3893,500,0,1,0.001,1,COM8
3,117843,37,rpm,349,353,36.5,36.5,3893,500,0,383,0.372,1,COM6
1,81337,37,rpm,1,1,36.5,36.5,3893,500,0,1,0.001,1,COM8
3,117863,37,rpm,620,353,36.5,36.5,3893,500,0,383,0.372,1,COM6
1,81358,37,rpm,1,1,36.5,36.5,3893,500,0,1,0.001,1,COM8
3,117884,37,rpm,710,353,36.5,36.5,3893,500,0,383,0.372,1,COM6
1,81378,37,rpm,1,1,36.5,36.5,3893,500,0,1,0.001,1,COM8
3,117904,37,rpm,709,353,36.5,36.5,3893,500,0,384,0.372,1,COM6
1,81398,37,rpm,1,1,36.5,36.5,3893,500,0,1,0.001,1,COM8
3,117925,37,rpm,666,353,36.5,36.5,3893,500,0,384,0.372,1,COM6
1,81419,37,rpm,1,1,36.5,36.5,3893,500,0,1,0.001,1,COM8
3,117946,37,rpm,554,353,36.5,36.5,3893,500,0,384,0.372,1,COM6
1,81439,37,rpm,1,1,36.5,36.5,3893,500,0,1,0.001,1,COM8
3,117966,37,rpm,445,353,36.5,36.5,3893,500,0,384,0.372,1,COM6
1,81460,37,rpm,1,1,36.5,36.5,3893,500,0,1,0.001,1,COM8
3,117987,37,rpm,351,353,36.5,36.5,3893,500,0,384,0.373,1,COM6
1,81480,37,rpm,1,1,36.5,36.5,3893,500,0,1,0.001,1,COM8
3,118007,37,rpm,99,353,36.5,36.5,3893,500,0,384,0.373,1,COM6
1,81501,37,rpm,1,1,36.5,36.5,3893,500,0,1,0.001,1,COM8
3,118028,37,rpm,20,353,36.5,36.5,3893,500,0,384,0.373,1,COM6
1,81521,37,rpm,1,1,36.5,36.5,3893,500,0,1,0.001,1,COM8
3,118048,37,rpm,13,353,36.5,36.5,3893,500,0,384,0.373,1,COM6
1,81542,37,rpm,1,1,36.5,36.5,3893,500,0,1,0.001,1,COM8
3,118069,37,rpm,25,353,36.5,36.5,3893,500,0,385,0.373,1,COM6
1,81562,37,rpm,1,1,36.5,36.5,3893,500,0,1,0.001,1,COM8
3,118090,37,rpm,159,353,36.5,36.5,3893,500,0,385,0.373,1,COM6
1,81582,37,rpm,1,1,36.5,36.5,3893,500,0,1,0.001,1,COM8
3,118110,37,rpm,502,353,36.5,36.5,3893,500,0,385,0.373,1,COM6
1,81603,37,rpm,0,1,36.5,36.5,3893,500,0,1,0.001,1,COM8
3,118131,37,rpm,642,353,36.5,36.5,3893,500,0,385,0.373,1,COM6
1,81623,37,rpm,1,1,36.5,36.5,3893,500,0,1,0.001,1,COM8
3,118151,37,rpm,686,353,36.5,36.5,3893,500,0,385,0.373,1,COM6
1,81644,37,rpm,1,1,36.5,36.5,3893,500,0,1,0.001,1,COM8
3,118172,37,rpm,662,353,36.5,36.5,3893,500,0,385,0.374,1,COM6
1,81664,37,rpm,1,1,36.5,36.5,3893,500,0,1,0.001,1,COM8
3,118193,37,rpm,568,353,36.5,36.5,3893,500,0,385,0.374,1,COM6
1,81685,37,rpm,1,1,36.5,36.5,3893,500,0,1,0.001,1,COM8
1,81705,37,rpm,1,1,36.5,36.5,3893,500,0,1,0.001,1,COM8
3,118213,37,rpm,463,353,36.5,36.5,3893,500,0,385,0.374,1,COM6
3,118234,37,rpm,380,353,36.5,36.5,3893,500,0,385,0.374,1,COM6
1,81726,37,rpm,1,1,36.5,36.5,3893,500,0,1,0.001,1,COM8
1,81746,37,rpm,1,1,36.5,36.5,3893,500,0,1,0.001,1,COM8
3,118254,37,rpm,185,353,36.5,36.5,3893,500,0,386,0.374,1,COM6
3,118275,37,rpm,27,353,36.5,36.5,3893,500,0,386,0.374,1,COM6
1,81767,37,rpm,1,1,36.5,36.5,3893,500,0,1,0.001,1,COM8
3,118295,37,rpm,13,353,36.5,36.5,3893,500,0,386,0.374,1,COM6
1,81787,37,rpm,1,1,36.5,36.5,3893,500,0,1,0.001,1,COM8
3,118316,37,rpm,15,353,36.5,36.5,3893,500,0,386,0.374,1,COM6
1,81808,37,rpm,1,1,36.5,36.5,3893,500,0,1,0.001,1,COM8
1,81828,37,rpm,1,1,36.5,36.5,3893,500,0,1,0.001,1,COM8
3,118337,37,rpm,65,353,36.5,36.5,3893,500,0,386,0.374,1,COM6
3,118357,37,rpm,323,353,36.5,36.5,3893,500,0,386,0.375,1,COM6
1,81848,37,rpm,1,1,36.5,36.5,3893,500,0,1,0.001,1,COM8
3,118378,37,rpm,606,353,36.5,36.5,3893,500,0,386,0.375,1,COM6
1,81869,37,rpm,0,1,36.5,36.5,3893,500,0,1,0.001,1,COM8
3,118398,37,rpm,814,353,36.5,36.5,3893,500,0,386,0.375,1,COM6
1,81889,37,rpm,0,1,36.5,36.5,3893,500,0,1,0.001,1,COM8
3,118419,37,rpm,775,353,36.5,36.5,3893,500,0,387,0.375,1,COM6
1,81910,37,rpm,1,1,36.5,36.5,3893,500,0,1,0.001,1,COM8
3,118439,37,rpm,682,353,36.5,36.5,3893,500,0,387,0.375,1,COM6
1,81930,37,rpm,1,1,36.5,36.5,3893,500,0,1,0.001,1,COM8
3,118460,37,rpm,520,353,36.5,36.5,3893,500,0,387,0.375,1,COM6
1,81951,37,rpm,1,1,36.5,36.5,3893,500,0,1,0.001,1,COM8
1,81971,37,rpm,1,1,36.5,36.5,3893,500,0,1,0.001,1,COM8
3,118481,37,rpm,357,353,36.5,36.5,3893,500,0,387,0.375,1,COM6
3,118501,37,rpm,272,353,36.5,36.5,3893,500,0,387,0.375,1,COM6
1,81991,37,rpm,1,1,36.5,36.5,3893,500,0,1,0.001,1,COM8
1,82012,37,rpm,1,1,36.5,36.5,3893,500,0,1,0.001,1,COM8
3,118522,37,rpm,126,353,36.5,36.5,3893,500,0,387,0.376,1,COM6
1,82032,37,rpm,1,1,36.5,36.5,3893,500,0,1,0.001,1,COM8
3,118542,37,rpm,22,353,36.5,36.5,3893,500,0,387,0.376,1,COM6
1,82053,37,rpm,1,1,36.5,36.5,3893,500,0,1,0.001,1,COM8
3,118563,37,rpm,11,353,36.5,36.5,3893,500,0,387,0.376,1,COM6
3,118583,37,rpm,15,353,36.5,36.5,3893,500,0,388,0.376,1,COM6
1,82073,37,rpm,1,1,36.5,36.5,3893,500,0,1,0.001,1,COM8
1,82094,37,rpm,1,1,36.5,36.5,3893,500,0,1,0.001,1,COM8
3,118604,37,rpm,77,353,36.5,36.5,3893,500,0,388,0.376,1,COM6
3,118625,37,rpm,346,353,36.5,36.5,3893,500,0,388,0.376,1,COM6
1,82114,37,rpm,1,1,36.5,36.5,3893,500,0,1,0.001,1,COM8
1,82135,37,rpm,0,1,36.5,36.5,3893,500,0,1,0.001,1,COM8
3,118645,37,rpm,631,353,36.5,36.5,3893,500,0,388,0.376,1,COM6
1,82155,37,rpm,1,1,36.5,36.5,3893,500,0,1,0.001,1,COM8
3,118666,37,rpm,772,353,36.5,36.5,3893,500,0,388,0.376,1,COM6
1,82175,37,rpm,1,1,36.5,36.5,3893,500,0,1,0.001,1,COM8
3,118686,37,rpm,713,353,36.5,36.5,3893,500,0,388,0.376,1,COM6
1,82196,37,rpm,1,1,36.5,36.5,3893,500,0,1,0.001,1,COM8
3,118707,37,rpm,623,353,36.5,36.5,3893,500,0,388,0.377,1,COM6
1,82216,37,rpm,1,1,36.5,36.5,3893,500,0,1,0.001,1,COM8
3,118727,37,rpm,451,353,36.5,36.5,3893,500,0,388,0.377,1,COM6
1,82237,37,rpm,1,1,36.5,36.5,3893,500,0,1,0.001,1,COM8
3,118748,37,rpm,317,353,36.5,36.5,3893,500,0,388,0.377,1,COM6
1,82257,37,rpm,1,1,36.5,36.5,3893,500,0,1,0.001,1,COM8
3,118769,37,rpm,264,353,36.5,36.5,3893,500,0,389,0.377,1,COM6
1,82277,37,rpm,1,1,36.5,36.5,3893,500,0,1,0.001,1,COM8
3,118789,37,rpm,50,353,36.5,36.5,3893,500,0,389,0.377,1,COM6
1,82298,37,rpm,1,1,36.5,36.5,3893,500,0,1,0.001,1,COM8
3,118810,37,rpm,16,353,36.5,36.5,3893,500,0,389,0.377,1,COM6
1,82318,37,rpm,1,1,36.5,36.5,3893,500,0,1,0.001,1,COM8
3,118830,37,rpm,11,353,36.5,36.5,3893,500,0,389,0.377,1,COM6
1,82339,37,rpm,1,1,36.5,36.5,3893,500,0,1,0.001,1,COM8
3,118851,37,rpm,29,353,36.5,36.5,3893,500,0,389,0.377,1,COM6
1,82359,37,rpm,1,1,36.5,36.5,3893,500,0,1,0.001,1,COM8
3,118872,37,rpm,190,353,36.5,36.5,3893,500,0,389,0.378,1,COM6
1,82380,37,rpm,0,1,36.5,36.5,3893,500,0,1,0.001,1,COM8
3,118892,37,rpm,557,353,36.5,36.5,3893,500,0,389,0.378,1,COM6
1,82400,37,rpm,0,1,36.5,36.5,3893,500,0,1,0.001,1,COM8
3,118913,37,rpm,777,353,36.5,36.5,3893,500,0,389,0.378,1,COM6
1,82421,37,rpm,1,1,36.5,36.5,3893,500,0,1,0.001,1,COM8
3,118933,37,rpm,783,353,36.5,36.5,3893,500,0,390,0.378,1,COM6
1,82441,37,rpm,1,1,36.5,36.5,3893,500,0,1,0.001,1,COM8
3,118954,37,rpm,697,353,36.5,36.5,3893,500,0,390,0.378,1,COM6
1,82462,37,rpm,1,1,36.5,36.5,3893,500,0,1,0.001,1,COM8
3,118974,37,rpm,525,353,36.5,36.5,3893,500,0,390,0.378,1,COM6
1,82482,37,rpm,1,1,36.5,36.5,3893,500,0,1,0.001,1,COM8
3,118995,37,rpm,369,353,36.5,36.5,3893,500,0,390,0.378,1,COM6
1,82503,37,rpm,1,1,36.5,36.5,3893,500,0,1,0.001,1,COM8
3,119016,37,rpm,263,353,36.5,36.5,3893,500,0,390,0.378,1,COM6
3,119036,37,rpm,128,353,36.5,36.5,3893,500,0,390,0.378,1,COM6
1,82523,37,rpm,1,1,36.5,36.5,3893,500,0,1,0.001,1,COM8
1,82544,37,rpm,1,1,36.5,36.5,3893,500,0,1,0.001,1,COM8
3,119057,37,rpm,23,353,36.5,36.5,3893,500,0,390,0.379,1,COM6
1,82564,37,rpm,1,1,36.5,36.5,3893,500,0,1,0.001,1,COM8
3,119077,37,rpm,11,353,36.5,36.5,3893,500,0,390,0.379,1,COM6
1,82584,37,rpm,1,1,36.5,36.5,3893,500,0,1,0.001,1,COM8
3,119098,37,rpm,14,353,36.5,36.5,3893,500,0,391,0.379,1,COM6
1,82605,37,rpm,1,1,36.5,36.5,3893,500,0,1,0.001,1,COM8
3,119118,37,rpm,76,353,36.5,36.5,3893,500,0,391,0.379,1,COM6
1,82625,37,rpm,1,1,36.5,36.5,3893,500,0,1,0.001,1,COM8
3,119139,37,rpm,418,353,36.5,36.5,3893,500,0,391,0.379,1,COM6
1,82646,37,rpm,0,1,36.5,36.5,3893,500,0,1,0.001,1,COM8
3,119160,37,rpm,613,353,36.5,36.5,3893,500,0,391,0.379,1,COM6
1,82666,37,rpm,1,1,36.5,36.5,3893,500,0,1,0.001,1,COM8
3,119180,37,rpm,699,353,36.5,36.5,3893,500,0,391,0.379,1,COM6
1,82687,37,rpm,1,1,36.5,36.5,3893,500,0,1,0.001,1,COM8
3,119201,37,rpm,730,353,36.5,36.5,3893,500,0,391,0.379,1,COM6
1,82707,37,rpm,1,1,36.5,36.5,3893,500,0,1,0.001,1,COM8
3,119221,37,rpm,619,353,36.5,36.5,3893,500,0,391,0.38,1,COM6
1,82727,37,rpm,1,1,36.5,36.5,3893,500,0,1,0.001,1,COM8
3,119242,37,rpm,485,353,36.5,36.5,3893,500,0,391,0.38,1,COM6
1,82748,37,rpm,1,1,36.5,36.5,3893,500,0,1,0.001,1,COM8
3,119263,37,rpm,378,353,36.5,36.5,3893,500,0,392,0.38,1,COM6
1,82768,37,rpm,1,1,36.5,36.5,3893,500,0,1,0.001,1,COM8
3,119283,37,rpm,244,353,36.5,36.5,3893,500,0,392,0.38,1,COM6
1,82789,37,rpm,1,1,36.5,36.5,3893,500,0,1,0.001,1,COM8
3,119304,37,rpm,31,353,36.5,36.5,3893,500,0,392,0.38,1,COM6
1,82809,37,rpm,1,1,36.5,36.5,3893,500,0,1,0.001,1,COM8
3,119324,37,rpm,15,353,36.5,36.5,3893,500,0,392,0.38,1,COM6
1,82830,37,rpm,1,1,36.5,36.5,3893,500,0,1,0.001,1,COM8
3,119345,37,rpm,14,353,36.5,36.5,3893,500,0,392,0.38,1,COM6
1,82850,37,rpm,1,1,36.5,36.5,3893,500,0,1,0.001,1,COM8
3,119365,37,rpm,54,353,36.5,36.5,3893,500,0,392,0.38,1,COM6
1,82871,37,rpm,1,1,36.5,36.5,3893,500,0,1,0.001,1,COM8
3,119386,37,rpm,347,353,36.5,36.5,3893,500,0,392,0.38,1,COM6
1,82891,37,rpm,0,1,36.5,36.5,3893,500,0,1,0.001,1,COM8
3,119406,37,rpm,612,353,36.5,36.5,3893,500,0,392,0.381,1,COM6
1,82911,37,rpm,1,1,36.5,36.5,3893,500,0,1,0.001,1,COM8
3,119427,37,rpm,700,353,36.5,36.5,3893,500,0,392,0.381,1,COM6
1,82932,37,rpm,1,1,36.5,36.5,3893,500,0,1,0.001,1,COM8
3,119448,37,rpm,700,353,36.5,36.5,3893,500,0,393,0.381,1,COM6
1,82952,37,rpm,1,1,36.5,36.5,3893,500,0,1,0.001,1,COM8
3,119468,37,rpm,663,353,36.5,36.5,3893,500,0,393,0.381,1,COM6
1,82973,37,rpm,1,1,36.5,36.5,3893,500,0,1,0.001,1,COM8
3,119489,37,rpm,553,353,36.5,36.5,3893,500,0,393,0.381,1,COM6
1,82993,37,rpm,1,1,36.5,36.5,3893,500,0,1,0.001,1,COM8
3,119509,37,rpm,444,353,36.5,36.5,3893,500,0,393,0.381,1,COM6
1,83014,37,rpm,1,1,36.5,36.5,3893,500,0,1,0.001,1,COM8
3,119530,37,rpm,347,353,36.5,36.5,3893,500,0,393,0.381,1,COM6
1,83034,37,rpm,1,1,36.5,36.5,3893,500,0,1,0.001,1,COM8
3,119550,37,rpm,90,353,36.5,36.5,3893,500,0,393,0.381,1,COM6
1,83055,37,rpm,1,1,36.5,36.5,3893,500,0,1,0.001,1,COM8
3,119571,37,rpm,19,353,36.5,36.5,3893,500,0,393,0.382,1,COM6
1,83075,37,rpm,1,1,36.5,36.5,3893,500,0,1,0.001,1,COM8
3,119592,37,rpm,13,353,36.5,36.5,3893,500,0,393,0.382,1,COM6
1,83096,37,rpm,1,1,36.5,36.5,3893,500,0,1,0.001,1,COM8
3,119612,37,rpm,27,353,36.5,36.5,3893,500,0,394,0.382,1,COM6
1,83116,37,rpm,1,1,36.5,36.5,3893,500,0,1,0.001,1,COM8
3,119633,37,rpm,170,353,36.5,36.5,3893,500,0,394,0.382,1,COM6
1,83136,37,rpm,1,1,36.5,36.5,3893,500,0,1,0.001,1,COM8
3,119654,37,rpm,508,353,36.5,36.5,3893,500,0,394,0.382,1,COM6
1,83157,37,rpm,1,1,36.5,36.5,3893,500,0,1,0.001,1,COM8
3,119674,37,rpm,648,353,36.5,36.5,3893,500,0,394,0.382,1,COM6
1,83177,37,rpm,1,1,36.5,36.5,3893,500,0,1,0.001,1,COM8
3,119695,37,rpm,687,353,36.5,36.5,3893,500,0,394,0.382,1,COM6
1,83198,37,rpm,1,1,36.5,36.5,3893,500,0,1,0.001,1,COM8
3,119715,37,rpm,656,353,36.5,36.5,3893,500,0,394,0.382,1,COM6
1,83218,37,rpm,1,1,36.5,36.5,3893,500,0,1,0.001,1,COM8
3,119736,37,rpm,568,353,36.5,36.5,3893,500,0,394,0.382,1,COM6
1,83239,37,rpm,1,1,36.5,36.5,3893,500,0,1,0.001,1,COM8
3,119757,37,rpm,458,353,36.5,36.5,3893,500,0,394,0.383,1,COM6
1,83259,37,rpm,1,1,36.5,36.5,3893,500,0,1,0.001,1,COM8
3,119777,37,rpm,378,353,36.5,36.5,3893,500,0,395,0.383,1,COM6
1,83280,37,rpm,1,1,36.5,36.5,3893,500,0,1,0.001,1,COM8
3,119798,37,rpm,172,353,36.5,36.5,3893,500,0,395,0.383,1,COM6
1,83300,37,rpm,1,1,36.5,36.5,3893,500,0,1,0.001,1,COM8
3,119818,37,rpm,26,353,36.5,36.5,3893,500,0,395,0.383,1,COM6
1,83321,37,rpm,1,1,36.5,36.5,3893,500,0,1,0.001,1,COM8
3,119839,37,rpm,13,353,36.5,36.5,3893,500,0,395,0.383,1,COM6
1,83341,37,rpm,1,1,36.5,36.5,3893,500,0,1,0.001,1,COM8
3,119860,37,rpm,16,353,36.5,36.5,3893,500,0,395,0.383,1,COM6
1,83361,37,rpm,1,1,36.5,36.5,3893,500,0,1,0.001,1,COM8
3,119880,37,rpm,71,353,36.5,36.5,3893,500,0,395,0.383,1,COM6
1,83382,37,rpm,1,1,36.5,36.5,3893,500,0,1,0.001,1,COM8
3,119901,37,rpm,331,352,36.5,36.5,3893,500,0,395,0.383,1,COM6
1,83402,37,rpm,1,1,36.5,36.5,3893,500,0,1,0.001,1,COM8
3,119921,37,rpm,578,352,36.5,36.5,3893,500,0,395,0.384,1,COM6
1,83423,37,rpm,1,1,36.5,36.5,3893,500,0,1,0.001,1,COM8
3,119942,37,rpm,769,352,36.5,36.5,3893,500,0,396,0.384,1,COM6
1,83443,37,rpm,1,1,36.5,36.5,3893,500,0,1,0.001,1,COM8
3,119963,37,rpm,754,352,36.5,36.5,3893,500,0,396,0.384,1,COM6
1,83464,37,rpm,1,1,36.5,36.5,3893,500,0,1,0.001,1,COM8
3,119983,37,rpm,679,352,36.5,36.5,3893,500,0,396,0.384,1,COM6
1,83484,37,rpm,1,1,36.5,36.5,3893,500,0,1,0.001,1,COM8
3,120004,37,rpm,521,352,36.5,36.5,3893,500,0,396,0.384,1,COM6
1,83505,37,rpm,1,1,36.5,36.5,3893,500,0,1,0.001,1,COM8
3,120024,37,rpm,367,352,36.5,36.5,3893,500,0,396,0.384,1,COM6
1,83525,37,rpm,1,1,36.5,36.5,3893,500,0,1,0.001,1,COM8
3,120045,37,rpm,306,352,36.5,36.5,3893,500,0,396,0.384,1,COM6
1,83546,37,rpm,1,1,36.5,36.5,3893,500,0,1,0.001,1,COM8
3,120065,37,rpm,117,352,36.5,36.5,3893,500,0,396,0.384,1,COM6
1,83566,37,rpm,1,1,36.5,36.5,3893,500,0,1,0.001,1,COM8
3,120086,37,rpm,21,352,36.5,36.5,3893,500,0,396,0.384,1,COM6
1,83586,37,rpm,1,1,36.5,36.5,3893,500,0,1,0.001,1,COM8
3,120107,37,rpm,11,352,36.5,36.5,3893,500,0,396,0.385,1,COM6
1,83607,37,rpm,1,1,36.5,36.5,3893,500,0,1,0.001,1,COM8
3,120127,37,rpm,16,352,36.5,36.5,3893,500,0,397,0.385,1,COM6
1,83627,37,rpm,1,1,36.5,36.5,3893,500,0,1,0.001,1,COM8
3,120148,37,rpm,88,352,36.5,36.5,3893,500,0,397,0.385,1,COM6
1,83648,37,rpm,1,1,36.5,36.5,3893,500,0,1,0.001,1,COM8
3,120168,37,rpm,361,352,36.5,36.5,3893,500,0,397,0.385,1,COM6
1,83668,37,rpm,0,1,36.5,36.5,3893,500,0,1,0.001,1,COM8
3,120189,37,rpm,588,352,36.5,36.5,3893,500,0,397,0.385,1,COM6
1,83689,37,rpm,0,1,36.5,36.5,3893,500,0,1,0.001,1,COM8
3,120209,37,rpm,744,352,36.5,36.5,3893,500,0,397,0.385,1,COM6
1,83709,37,rpm,1,1,36.5,36.5,3893,500,0,1,0.001,1,COM8
3,120230,37,rpm,706,352,36.5,36.5,3893,500,0,397,0.385,1,COM6
1,83730,37,rpm,1,1,36.5,36.5,3893,500,0,1,0.001,1,COM8
3,120251,37,rpm,619,352,36.5,36.5,3893,500,0,397,0.385,1,COM6
1,83750,37,rpm,1,1,36.5,36.5,3893,500,0,1,0.001,1,COM8
3,120271,37,rpm,455,352,36.5,36.5,3893,500,0,397,0.386,1,COM6
1,83771,37,rpm,1,1,36.5,36.5,3893,500,0,1,0.001,1,COM8
3,120292,37,rpm,343,352,36.5,36.5,3893,500,0,398,0.386,1,COM6
1,83791,37,rpm,1,1,36.5,36.5,3893,500,0,1,0.001,1,COM8
3,120312,37,rpm,272,352,36.5,36.5,3893,500,0,398,0.386,1,COM6
1,83812,37,rpm,1,1,36.5,36.5,3893,500,0,1,0.001,1,COM8
3,120333,37,rpm,37,352,36.5,36.5,3893,500,0,398,0.386,1,COM6
1,83832,37,rpm,1,1,36.5,36.5,3893,500,0,1,0.001,1,COM8
3,120354,37,rpm,16,352,36.5,36.5,3893,500,0,398,0.386,1,COM6
1,83853,37,rpm,1,1,36.5,36.5,3893,500,0,1,0.001,1,COM8
3,120374,37,rpm,12,352,36.5,36.5,3893,500,0,398,0.386,1,COM6
1,83873,37,rpm,1,1,36.5,36.5,3893,500,0,1,0.001,1,COM8
3,120395,37,rpm,38,352,36.5,36.5,3893,500,0,398,0.386,1,COM6
1,83893,37,rpm,1,1,36.5,36.5,3893,500,0,1,0.001,1,COM8
3,120415,37,rpm,236,352,36.5,36.5,3893,500,0,398,0.386,1,COM6
1,83914,37,rpm,1,1,36.5,36.5,3893,500,0,1,0.001,1,COM8
3,120436,37,rpm,607,352,36.5,36.5,3893,500,0,398,0.386,1,COM6
1,83934,37,rpm,0,1,36.5,36.5,3893,500,0,1,0.001,1,COM8
3,120456,37,rpm,796,352,36.5,36.5,3893,500,0,399,0.387,1,COM6
1,83955,37,rpm,1,1,36.5,36.5,3893,500,0,1,0.001,1,COM8
3,120477,37,rpm,783,352,36.5,36.5,3893,500,0,399,0.387,1,COM6
1,83975,37,rpm,1,1,36.5,36.5,3893,500,0,1,0.001,1,COM8
3,120498,37,rpm,687,352,36.5,36.5,3893,500,0,399,0.387,1,COM6
1,83996,37,rpm,1,1,36.5,36.5,3893,500,0,1,0.001,1,COM8
3,120518,37,rpm,514,352,36.5,36.5,3893,500,0,399,0.387,1,COM6
1,84016,37,rpm,1,1,36.5,36.5,3893,500,0,1,0.001,1,COM8
3,120539,37,rpm,359,352,36.5,36.5,3893,500,0,399,0.387,1,COM6
1,84037,37,rpm,1,1,36.5,36.5,3893,500,0,1,0.001,1,COM8
3,120559,37,rpm,258,352,36.5,36.5,3893,500,0,399,0.387,1,COM6
1,84057,37,rpm,1,1,36.5,36.5,3893,500,0,1,0.001,1,COM8
3,120580,37,rpm,123,352,36.5,36.5,3893,500,0,399,0.387,1,COM6
1,84078,37,rpm,1,1,36.5,36.5,3893,500,0,1,0.001,1,COM8
3,120601,37,rpm,22,352,36.5,36.5,3893,500,0,399,0.387,1,COM6
1,84098,37,rpm,1,1,36.5,36.5,3893,500,0,1,0.001,1,COM8
3,120621,37,rpm,11,352,36.5,36.5,3893,500,0,400,0.388,1,COM6
1,84118,37,rpm,1,1,36.5,36.5,3893,500,0,1,0.001,1,COM8
3,120642,37,rpm,14,352,36.5,36.5,3893,500,0,400,0.388,1,COM6
1,84139,37,rpm,1,1,36.5,36.5,3893,500,0,1,0.001,1,COM8
3,120662,37,rpm,86,352,36.5,36.5,3893,500,0,400,0.388,1,COM6
1,84159,37,rpm,1,1,36.5,36.5,3893,500,0,1,0.001,1,COM8
3,120683,37,rpm,435,352,36.5,36.5,3893,500,0,400,0.388,1,COM6
1,84180,37,rpm,0,1,36.5,36.5,3893,500,0,1,0.001,1,COM8
3,120703,37,rpm,619,352,36.5,36.5,3893,500,0,400,0.388,1,COM6
1,84200,37,rpm,0,1,36.5,36.5,3893,500,0,1,0.001,1,COM8
3,120724,37,rpm,715,352,36.5,36.5,3893,500,0,400,0.388,1,COM6
1,84221,37,rpm,1,1,36.5,36.5,3893,500,0,1,0.001,1,COM8
3,120745,37,rpm,728,352,36.5,36.5,3893,500,0,400,0.388,1,COM6
1,84241,37,rpm,1,1,36.5,36.5,3893,500,0,1,0.001,1,COM8
3,120765,37,rpm,611,352,36.5,36.5,3893,500,0,400,0.388,1,COM6
1,84262,37,rpm,1,1,36.5,36.5,3893,500,0,1,0.001,1,COM8
3,120786,37,rpm,477,352,36.5,36.5,3893,500,0,400,0.388,1,COM6
1,84282,37,rpm,1,1,36.5,36.5,3893,500,0,1,0.001,1,COM8
3,120806,37,rpm,356,352,36.5,36.5,3893,500,0,401,0.389,1,COM6
1,84302,37,rpm,1,1,36.5,36.5,3893,500,0,1,0.001,1,COM8
3,120827,37,rpm,223,352,36.5,36.5,3893,500,0,401,0.389,1,COM6
1,84323,37,rpm,1,1,36.5,36.5,3893,500,0,1,0.001,1,COM8
3,120848,37,rpm,30,352,36.5,36.5,3893,500,0,401,0.389,1,COM6
1,84343,37,rpm,1,1,36.5,36.5,3893,500,0,1,0.001,1,COM8
3,120868,37,rpm,14,352,36.5,36.5,3893,500,0,401,0.389,1,COM6
1,84364,37,rpm,1,1,36.5,36.5,3893,500,0,1,0.001,1,COM8
3,120889,37,rpm,14,352,36.5,36.5,3893,500,0,401,0.389,1,COM6
1,84384,37,rpm,1,1,36.5,36.5,3893,500,0,1,0.001,1,COM8
3,120909,37,rpm,59,352,36.5,36.5,3893,500,0,401,0.389,1,COM6
1,84405,37,rpm,1,1,36.5,36.5,3893,500,0,1,0.001,1,COM8
3,120930,37,rpm,383,352,36.5,36.5,3893,500,0,401,0.389,1,COM6
1,84425,37,rpm,1,1,36.5,36.5,3893,500,0,1,0.001,1,COM8
3,120951,37,rpm,624,352,36.5,36.5,3893,500,0,401,0.389,1,COM6
1,84446,37,rpm,1,1,36.5,36.5,3893,500,0,1,0.001,1,COM8
3,120971,37,rpm,714,352,36.5,36.5,3893,500,0,402,0.39,1,COM6
1,84466,37,rpm,1,1,36.5,36.5,3893,500,0,1,0.001,1,COM8
3,120992,37,rpm,698,352,36.5,36.5,3893,500,0,402,0.39,1,COM6
1,84486,37,rpm,1,1,36.5,36.5,3893,500,0,1,0.001,1,COM8
3,121012,37,rpm,663,352,36.5,36.5,3893,500,0,402,0.39,1,COM6
1,84507,37,rpm,1,1,36.5,36.5,3893,500,0,1,0.001,1,COM8
3,121033,37,rpm,548,352,36.5,36.5,3893,500,0,402,0.39,1,COM6
1,84527,37,rpm,1,1,36.5,36.5,3893,500,0,1,0.001,1,COM8
3,121053,37,rpm,439,352,36.5,36.5,3893,500,0,402,0.39,1,COM6
1,84548,37,rpm,1,1,36.5,36.5,3893,500,0,1,0.001,1,COM8
3,121074,37,rpm,344,352,36.5,36.5,3893,500,0,402,0.39,1,COM6
1,84568,37,rpm,1,1,36.5,36.5,3893,500,0,1,0.001,1,COM8
3,121095,37,rpm,88,352,36.5,36.5,3893,500,0,402,0.39,1,COM6
1,84589,37,rpm,1,1,36.5,36.5,3893,500,0,1,0.001,1,COM8
3,121115,37,rpm,19,352,36.5,36.5,3893,500,0,402,0.39,1,COM6
1,84609,37,rpm,1,1,36.5,36.5,3893,500,0,1,0.001,1,COM8
3,121136,37,rpm,13,352,36.5,36.5,3893,500,0,403,0.39,1,COM6
1,84630,37,rpm,1,1,36.5,36.5,3893,500,0,1,0.001,1,COM8
3,121156,37,rpm,27,352,36.5,36.5,3893,500,0,403,0.391,1,COM6
1,84650,37,rpm,1,1,36.5,36.5,3893,500,0,1,0.001,1,COM8
3,121177,37,rpm,176,352,36.5,36.5,3893,500,0,403,0.391,1,COM6
1,84671,37,rpm,1,1,36.5,36.5,3893,500,0,1,0.001,1,COM8
3,121197,37,rpm,520,352,36.5,36.5,3893,500,0,403,0.391,1,COM6
1,84691,37,rpm,0,1,36.5,36.5,3893,500,0,1,0.001,1,COM8
3,121218,37,rpm,650,352,36.5,36.5,3893,500,0,403,0.391,1,COM6
1,84712,37,rpm,1,1,36.5,36.5,3893,500,0,1,0.001,1,COM8
3,121238,37,rpm,684,352,36.5,36.5,3893,500,0,403,0.391,1,COM6
1,84732,37,rpm,1,1,36.5,36.5,3893,500,0,1,0.001,1,COM8
3,121259,37,rpm,636,352,36.5,36.5,3893,500,0,403,0.391,1,COM6
1,84752,37,rpm,1,1,36.5,36.5,3893,500,0,1,0.001,1,COM8
3,121280,37,rpm,568,352,36.5,36.5,3893,500,0,403,0.391,1,COM6
1,84773,37,rpm,1,1,36.5,36.5,3893,500,0,1,0.001,1,COM8
3,121300,37,rpm,454,352,36.5,36.5,3893,500,0,403,0.391,1,COM6
1,84793,37,rpm,1,1,36.5,36.5,3893,500,0,1,0.001,1,COM8
3,121321,37,rpm,374,352,36.5,36.5,3893,500,0,404,0.392,1,COM6
1,84814,37,rpm,1,1,36.5,36.5,3893,500,0,1,0.001,1,COM8
3,121341,37,rpm,169,352,36.5,36.5,3893,500,0,404,0.392,1,COM6
1,84834,37,rpm,1,1,36.5,36.5,3893,500,0,1,0.001,1,COM8
3,121362,37,rpm,25,352,36.5,36.5,3893,500,0,404,0.392,1,COM6
1,84855,37,rpm,1,1,36.5,36.5,3893,500,0,1,0.001,1,COM8
3,121383,37,rpm,13,352,36.5,36.5,3893,500,0,404,0.392,1,COM6
1,84875,37,rpm,1,1,36.5,36.5,3893,500,0,1,0.001,1,COM8
3,121403,37,rpm,16,352,36.5,36.5,3893,500,0,404,0.392,1,COM6
1,84896,37,rpm,1,1,36.5,36.5,3893,500,0,1,0.001,1,COM8
1,84916,37,rpm,1,1,36.5,36.5,3893,500,0,1,0.001,1,COM8
3,121424,37,rpm,77,352,36.5,36.5,3893,500,0,404,0.392,1,COM6
3,121444,37,rpm,352,352,36.5,36.5,3893,500,0,404,0.392,1,COM6
1,84936,37,rpm,1,1,36.5,36.5,3893,500,0,1,0.001,1,COM8
3,121465,37,rpm,657,352,36.5,36.5,3893,500,0,404,0.392,1,COM6
1,84957,37,rpm,0,1,36.5,36.5,3893,500,0,1,0.001,1,COM8
3,121486,37,rpm,818,352,36.5,36.5,3893,500,0,405,0.392,1,COM6
1,84977,37,rpm,1,1,36.5,36.5,3893,500,0,1,0.001,1,COM8
3,121506,37,rpm,760,352,36.5,36.5,3893,500,0,405,0.393,1,COM6
1,84998,37,rpm,1,1,36.5,36.5,3893,500,0,1,0.001,1,COM8
3,121527,37,rpm,662,352,36.5,36.5,3893,500,0,405,0.393,1,COM6
1,85018,37,rpm,1,1,36.5,36.5,3893,500,0,1,0.001,1,COM8
3,121547,37,rpm,504,352,36.5,36.5,3893,500,0,405,0.393,1,COM6
1,85039,37,rpm,1,1,36.5,36.5,3893,500,0,1,0.001,1,COM8
3,121568,37,rpm,341,352,36.5,36.5,3893,500,0,405,0.393,1,COM6
1,85059,37,rpm,1,1,36.5,36.5,3893,500,0,1,0.001,1,COM8
1,85080,37,rpm,1,1,36.5,36.5,3893,500,0,1,0.001,1,COM8
3,121588,37,rpm,270,352,36.5,36.5,3893,500,0,405,0.393,1,COM6
3,121609,37,rpm,111,352,36.5,36.5,3893,500,0,405,0.393,1,COM6
1,85100,37,rpm,1,1,36.5,36.5,3893,500,0,1,0.001,1,COM8
3,121630,37,rpm,20,352,36.5,36.5,3893,500,0,405,0.393,1,COM6
1,85121,37,rpm,1,1,36.5,36.5,3893,500,0,1,0.001,1,COM8
1,85141,37,rpm,1,1,36.5,36.5,3893,500,0,1,0.001,1,COM8
3,121650,37,rpm,11,352,36.5,36.5,3893,500,0,406,0.393,1,COM6
1,85161,37,rpm,1,1,36.5,36.5,3893,500,0,1,0.001,1,COM8
3,121671,37,rpm,16,352,36.5,36.5,3893,500,0,406,0.393,1,COM6
1,85182,37,rpm,1,1,36.5,36.5,3893,500,0,1,0.001,1,COM8
3,121691,37,rpm,93,352,36.5,36.5,3893,500,0,406,0.394,1,COM6
3,121712,37,rpm,372,352,36.5,36.5,3893,500,0,406,0.394,1,COM6
1,85202,37,rpm,1,1,36.5,36.5,3893,500,0,1,0.001,1,COM8
3,121732,37,rpm,644,352,36.5,36.5,3893,500,0,406,0.394,1,COM6
1,85223,37,rpm,0,1,36.5,36.5,3893,500,0,1,0.001,1,COM8
1,85243,37,rpm,1,1,36.5,36.5,3893,500,0,1,0.001,1,COM8
3,121753,37,rpm,766,352,36.5,36.5,3893,500,0,406,0.394,1,COM6
1,85264,37,rpm,1,1,36.5,36.5,3893,500,0,1,0.001,1,COM8
3,121774,37,rpm,699,352,36.5,36.5,3893,500,0,406,0.394,1,COM6
3,121794,37,rpm,610,352,36.5,36.5,3893,500,0,406,0.394,1,COM6
1,85284,37,rpm,1,1,36.5,36.5,3893,500,0,1,0.001,1,COM8
3,121815,37,rpm,439,352,36.5,36.5,3893,500,0,407,0.394,1,COM6
1,85305,37,rpm,1,1,36.5,36.5,3893,500,0,1,0.001,1,COM8
1,85325,37,rpm,1,1,36.5,36.5,3893,500,0,1,0.001,1,COM8
3,121835,37,rpm,312,352,36.5,36.5,3893,500,0,407,0.394,1,COM6
3,121856,37,rpm,254,352,36.5,36.5,3893,500,0,407,0.395,1,COM6
1,85346,37,rpm,1,1,36.5,36.5,3893,500,0,1,0.001,1,COM8
3,121876,37,rpm,38,352,36.5,36.5,3893,500,0,407,0.395,1,COM6
1,85366,37,rpm,1,1,36.5,36.5,3893,500,0,1,0.001,1,COM8
1,85387,37,rpm,1,1,36.5,36.5,3893,500,0,1,0.001,1,COM8
3,121897,37,rpm,15,352,36.5,36.5,3893,500,0,407,0.395,1,COM6
1,85407,37,rpm,1,1,36.5,36.5,3893,500,0,1,0.001,1,COM8
3,121918,37,rpm,11,352,36.5,36.5,3893,500,0,407,0.395,1,COM6
1,85427,37,rpm,1,1,36.5,36.5,3893,500,0,1,0.001,1,COM8
3,121938,37,rpm,35,352,36.5,36.5,3893,500,0,407,0.395,1,COM6
1,85448,37,rpm,1,1,36.5,36.5,3893,500,0,1,0.001,1,COM8
3,121959,37,rpm,222,352,36.5,36.5,3893,500,0,407,0.395,1,COM6
3,121979,37,rpm,590,352,36.5,36.5,3893,500,0,407,0.395,1,COM6
1,85468,37,rpm,0,1,36.5,36.5,3893,500,0,1,0.001,1,COM8
1,85489,37,rpm,1,1,36.5,36.5,3893,500,0,1,0.001,1,COM8
3,122000,37,rpm,794,352,36.5,36.5,3893,500,0,408,0.395,1,COM6
1,85509,37,rpm,1,1,36.5,36.5,3893,500,0,1,0.001,1,COM8
3,122020,37,rpm,777,352,36.5,36.5,3893,500,0,408,0.395,1,COM6
1,85529,37,rpm,1,1,36.5,36.5,3893,500,0,1,0.001,1,COM8
3,122041,37,rpm,689,352,36.5,36.5,3893,500,0,408,0.396,1,COM6
1,85550,37,rpm,1,1,36.5,36.5,3893,500,0,1,0.001,1,COM8
3,122061,37,rpm,516,352,36.5,36.5,3893,500,0,408,0.396,1,COM6
1,85570,37,rpm,1,1,36.5,36.5,3893,500,0,1,0.001,1,COM8
3,122082,37,rpm,361,352,36.5,36.5,3893,500,0,408,0.396,1,COM6
1,85591,37,rpm,1,1,36.5,36.5,3893,500,0,1,0.001,1,COM8
3,122103,37,rpm,256,352,36.5,36.5,3893,500,0,408,0.396,1,COM6
1,85611,37,rpm,1,1,36.5,36.5,3893,500,0,1,0.001,1,COM8
3,122123,37,rpm,121,352,36.5,36.5,3893,500,0,408,0.396,1,COM6
1,85632,37,rpm,1,1,36.5,36.5,3893,500,0,1,0.001,1,COM8
3,122144,37,rpm,21,352,36.5,36.5,3893,500,0,408,0.396,1,COM6
1,85652,37,rpm,1,1,36.5,36.5,3893,500,0,1,0.001,1,COM8
3,122164,37,rpm,12,352,36.5,36.5,3893,500,0,409,0.396,1,COM6
1,85672,37,rpm,1,1,36.5,36.5,3893,500,0,1,0.001,1,COM8
3,122185,37,rpm,15,352,36.5,36.5,3893,500,0,409,0.396,1,COM6
1,85693,37,rpm,1,1,36.5,36.5,3893,500,0,1,0.001,1,COM8
3,122205,37,rpm,86,352,36.5,36.5,3893,500,0,409,0.397,1,COM6
1,85713,37,rpm,1,1,36.5,36.5,3893,500,0,1,0.001,1,COM8
3,122226,37,rpm,430,352,36.5,36.5,3893,500,0,409,0.397,1,COM6
1,85734,37,rpm,1,1,36.5,36.5,3893,500,0,1,0.001,1,COM8
3,122247,37,rpm,618,352,36.5,36.5,3893,500,0,409,0.397,1,COM6
1,85754,37,rpm,1,1,36.5,36.5,3893,500,0,1,0.001,1,COM8
3,122267,37,rpm,708,352,36.5,36.5,3893,500,0,409,0.397,1,COM6
1,85775,37,rpm,1,1,36.5,36.5,3893,500,0,1,0.001,1,COM8
3,122288,37,rpm,727,352,36.5,36.5,3893,500,0,409,0.397,1,COM6
1,85795,37,rpm,1,1,36.5,36.5,3893,500,0,1,0.001,1,COM8
3,122308,37,rpm,613,352,36.5,36.5,3893,500,0,409,0.397,1,COM6
1,85816,37,rpm,1,1,36.5,36.5,3893,500,0,1,0.001,1,COM8
3,122329,37,rpm,482,352,36.5,36.5,3893,500,0,410,0.397,1,COM6
1,85836,37,rpm,1,1,36.5,36.5,3893,500,0,1,0.001,1,COM8
3,122349,37,rpm,369,352,36.5,36.5,3893,500,0,410,0.397,1,COM6
1,85856,37,rpm,1,1,36.5,36.5,3893,500,0,1,0.001,1,COM8
3,122370,37,rpm,245,352,36.5,36.5,3893,500,0,410,0.397,1,COM6
1,85877,37,rpm,1,1,36.5,36.5,3893,500,0,1,0.001,1,COM8
3,122391,37,rpm,31,352,36.5,36.5,3893,500,0,410,0.398,1,COM6
1,85897,37,rpm,1,1,36.5,36.5,3893,500,0,1,0.001,1,COM8
3,122411,37,rpm,23,352,36.5,36.5,3893,500,0,410,0.398,1,COM6
1,85918,37,rpm,1,1,36.5,36.5,3893,500,0,1,0.001,1,COM8
3,122432,37,rpm,6,352,36.5,36.5,3893,500,0,410,0.398,1,COM6
1,85938,37,rpm,1,1,36.5,36.5,3893,500,0,1,0.001,1,COM8
3,122452,37,rpm,13,352,36.5,36.5,3893,500,0,410,0.398,1,COM6
1,85959,37,rpm,1,1,36.5,36.5,3893,500,0,1,0.001,1,COM8
3,122473,37,rpm,12,352,36.5,36.5,3893,500,0,410,0.398,1,COM6
1,85979,37,rpm,0,1,36.5,36.5,3893,500,0,1,0.001,1,COM8
3,122493,37,rpm,12,352,36.5,36.5,3893,500,0,410,0.398,1,COM6
1,86000,37,rpm,1,1,36.5,36.5,3893,500,0,1,0.001,1,COM8
3,122514,37,rpm,11,352,36.5,36.5,3893,500,0,411,0.398,1,COM6
1,86020,37,rpm,1,1,36.5,36.5,3893,500,0,1,0.001,1,COM8
3,122535,37,rpm,11,352,36.5,36.5,3893,500,0,411,0.398,1,COM6
1,86041,37,rpm,1,1,36.5,36.5,3893,500,0,1,0.001,1,COM8
3,122555,37,rpm,11,352,36.5,36.5,3893,500,0,411,0.399,1,COM6
1,86061,37,rpm,1,1,36.5,36.5,3893,500,0,1,0.001,1,COM8
3,122576,37,rpm,11,352,36.5,36.5,3893,500,0,411,0.399,1,COM6
1,86082,37,rpm,1,1,36.5,36.5,3893,500,0,1,0.001,1,COM8
3,122596,37,rpm,10,352,36.5,36.5,3893,500,0,411,0.399,1,COM6
1,86102,37,rpm,1,1,36.5,36.5,3893,500,0,1,0.001,1,COM8
3,122617,37,rpm,10,352,36.5,36.5,3893,500,0,411,0.399,1,COM6
1,86122,37,rpm,1,1,36.5,36.5,3893,500,0,1,0.001,1,COM8
3,122637,37,rpm,10,352,36.5,36.5,3893,500,0,411,0.399,1,COM6
1,86143,37,rpm,1,1,36.5,36.5,3893,500,0,1,0.001,1,COM8
3,122658,37,rpm,10,352,36.5,36.5,3893,500,0,411,0.399,1,COM6
1,86163,37,rpm,1,1,36.5,36.5,3893,500,0,1,0.001,1,COM8
3,122679,37,rpm,9,352,36.5,36.5,3893,500,0,412,0.399,1,COM6
1,86184,37,rpm,1,1,36.5,36.5,3893,500,0,1,0.001,1,COM8
3,122699,37,rpm,9,352,36.5,36.5,3893,500,0,412,0.399,1,COM6
1,86204,37,rpm,1,1,36.5,36.5,3893,500,0,1,0.001,1,COM8
3,122720,37,rpm,9,352,36.5,36.5,3893,500,0,412,0.399,1,COM6
1,86225,37,rpm,1,1,36.5,36.5,3893,500,0,1,0.001,1,COM8
3,122740,37,rpm,9,352,36.5,36.5,3893,500,0,412,0.4,1,COM6
1,86245,37,rpm,1,1,36.5,36.5,3893,500,0,1,0.001,1,COM8
3,122761,37,rpm,9,352,36.5,36.5,3893,500,0,412,0.4,1,COM6
1,86266,37,rpm,1,1,36.5,36.5,3893,500,0,1,0.001,1,COM8
3,122781,37,rpm,8,352,36.5,36.5,3893,500,0,412,0.4,1,COM6
1,86286,37,rpm,1,1,36.5,36.5,3893,500,0,1,0.001,1,COM8
3,122802,37,rpm,8,352,36.5,36.5,3893,500,0,412,0.4,1,COM6
1,86306,37,rpm,1,1,36.5,36.5,3893,500,0,1,0.001,1,COM8
3,122823,37,rpm,8,352,36.5,36.5,3893,500,0,412,0.4,1,COM6
1,86327,37,rpm,1,1,36.5,36.5,3893,500,0,1,0.001,1,COM8
3,122843,37,rpm,8,352,36.5,36.5,3893,500,0,413,0.4,1,COM6
1,86347,37,rpm,1,1,36.5,36.5,3893,500,0,1,0.001,1,COM8
3,122864,37,rpm,8,352,36.5,36.5,3893,500,0,413,0.4,1,COM6
1,86368,37,rpm,1,1,36.5,36.5,3893,500,0,1,0.001,1,COM8
3,122884,37,rpm,7,352,36.5,36.5,3893,500,0,413,0.4,1,COM6
1,86388,37,rpm,1,1,36.5,36.5,3893,500,0,1,0.001,1,COM8
3,122905,37,rpm,7,352,36.5,36.5,3893,500,0,413,0.401,1,COM6
1,86409,37,rpm,1,1,36.5,36.5,3893,500,0,1,0.001,1,COM8
3,122925,37,rpm,7,352,36.5,36.5,3893,500,0,413,0.401,1,COM6
1,86429,37,rpm,1,1,36.5,36.5,3893,500,0,1,0.001,1,COM8
3,122946,37,rpm,7,352,36.5,36.5,3893,500,0,413,0.401,1,COM6
1,86450,37,rpm,1,1,36.5,36.5,3893,500,0,1,0.001,1,COM8
3,122967,37,rpm,7,352,36.5,36.5,3893,500,0,413,0.401,1,COM6
1,86470,37,rpm,1,1,36.5,36.5,3893,500,0,1,0.001,1,COM8
3,122987,37,rpm,7,352,36.5,36.5,3893,500,0,413,0.401,1,COM6
1,86491,37,rpm,1,1,36.5,36.5,3893,500,0,1,0.001,1,COM8
3,123008,37,rpm,7,352,36.5,36.5,3893,500,0,414,0.401,1,COM6
1,86511,37,rpm,1,1,36.5,36.5,3893,500,0,1,0.001,1,COM8
3,123028,37,rpm,7,352,36.5,36.5,3893,500,0,414,0.401,1,COM6
1,86531,37,rpm,1,1,36.5,36.5,3893,500,0,1,0.001,1,COM8
3,123049,37,rpm,6,352,36.5,36.5,3893,500,0,414,0.401,1,COM6
1,86552,37,rpm,1,1,36.5,36.5,3893,500,0,1,0.001,1,COM8
3,123069,37,rpm,6,352,36.5,36.5,3893,500,0,414,0.401,1,COM6
1,86572,37,rpm,1,1,36.5,36.5,3893,500,0,1,0.001,1,COM8
3,123090,37,rpm,6,352,36.5,36.5,3893,500,0,414,0.402,1,COM6
1,86593,37,rpm,1,1,36.5,36.5,3893,500,0,1,0.001,1,COM8
3,123110,37,rpm,6,352,36.5,36.5,3893,500,0,414,0.402,1,COM6
1,86613,37,rpm,1,1,36.5,36.5,3893,500,0,1,0.001,1,COM8
3,123131,37,rpm,6,352,36.5,36.5,3893,500,0,414,0.402,1,COM6
1,86634,37,rpm,1,1,36.5,36.5,3893,500,0,1,0.001,1,COM8
3,123151,37,rpm,6,351,36.5,36.5,3893,500,0,414,0.402,1,COM6
1,86654,37,rpm,1,1,36.5,36.5,3893,500,0,1,0.001,1,COM8
3,123172,37,rpm,6,351,36.5,36.5,3893,500,0,414,0.402,1,COM6
1,86675,37,rpm,1,1,36.5,36.5,3893,500,0,1,0.001,1,COM8
3,123193,37,rpm,6,351,36.5,36.5,3893,500,0,415,0.402,1,COM6
1,86695,37,rpm,1,1,36.5,36.5,3893,500,0,1,0.001,1,COM8
3,123213,37,rpm,6,351,36.5,36.5,3893,500,0,415,0.402,1,COM6
1,86715,37,rpm,1,1,36.5,36.5,3893,500,0,1,0.001,1,COM8
3,123234,37,rpm,5,351,36.5,36.5,3893,500,0,415,0.402,1,COM6
1,86736,37,rpm,1,1,36.5,36.5,3893,500,0,1,0.001,1,COM8
3,123254,37,rpm,5,351,36.5,36.5,3893,500,0,415,0.403,1,COM6
1,86756,37,rpm,0,1,36.5,36.5,3893,500,0,1,0.001,1,COM8
3,123275,37,rpm,5,351,36.5,36.5,3893,500,0,415,0.403,1,COM6
1,86777,37,rpm,0,1,36.5,36.5,3893,500,0,1,0.001,1,COM8
3,123295,37,rpm,5,350,36.5,36.5,3893,500,0,415,0.403,1,COM6
1,86797,37,rpm,1,1,36.5,36.5,3893,500,0,1,0.001,1,COM8
3,123316,37,rpm,5,350,36.5,36.5,3893,500,0,415,0.403,1,COM6
1,86818,37,rpm,1,1,36.5,36.5,3893,500,0,1,0.001,1,COM8
3,123337,37,rpm,5,350,36.5,36.5,3893,500,0,415,0.403,1,COM6
1,86838,37,rpm,1,1,36.5,36.5,3893,500,0,1,0.001,1,COM8
3,123357,37,rpm,5,350,36.5,36.5,3893,500,0,416,0.403,1,COM6
1,86859,37,rpm,1,1,36.5,36.5,3893,500,0,1,0.001,1,COM8
3,123378,37,rpm,5,350,36.5,36.5,3893,500,0,416,0.403,1,COM6
1,86879,37,rpm,1,1,36.5,36.5,3893,500,0,1,0.001,1,COM8
3,123398,37,rpm,5,349,36.5,36.5,3893,500,0,416,0.403,1,COM6
1,86899,37,rpm,1,1,36.5,36.5,3893,500,0,1,0.001,1,COM8
3,123419,37,rpm,5,349,36.5,36.5,3893,500,0,416,0.403,1,COM6
1,86920,37,rpm,1,1,36.5,36.5,3893,500,0,1,0.001,1,COM8
3,123439,37,rpm,5,349,36.5,36.5,3893,500,0,416,0.404,1,COM6
1,86940,37,rpm,1,1,36.5,36.5,3893,500,0,1,0.001,1,COM8
3,123460,37,rpm,5,349,36.5,36.5,3893,500,0,416,0.404,1,COM6
1,86961,37,rpm,1,1,36.5,36.5,3893,500,0,1,0.001,1,COM8
3,123481,37,rpm,4,348,36.5,36.5,3893,500,0,416,0.404,1,COM6
1,86981,37,rpm,1,1,36.5,36.5,3893,500,0,1,0.001,1,COM8
3,123501,37,rpm,4,348,36.5,36.5,3893,500,0,416,0.404,1,COM6
1,87001,37,rpm,1,1,36.5,36.5,3893,500,0,1,0.001,1,COM8
3,123522,37,rpm,4,348,36.5,36.5,3893,500,0,417,0.404,1,COM6
1,87022,37,rpm,1,1,36.5,36.5,3893,500,0,1,0.001,1,COM8
3,123542,37,rpm,4,348,36.5,36.5,3893,500,0,417,0.404,1,COM6
1,87042,37,rpm,1,1,36.5,36.5,3893,500,0,1,0.001,1,COM8
3,123563,37,rpm,4,347,36.5,36.5,3893,500,0,417,0.404,1,COM6
1,87063,37,rpm,1,1,36.5,36.5,3893,500,0,1,0.001,1,COM8
3,123583,37,rpm,4,347,36.5,36.5,3893,500,0,417,0.404,1,COM6
1,87083,37,rpm,1,1,36.5,36.5,3893,500,0,1,0.001,1,COM8
3,123604,37,rpm,4,347,36.5,36.5,3893,500,0,417,0.404,1,COM6
1,87104,37,rpm,1,1,36.5,36.5,3893,500,0,1,0.001,1,COM8
3,123624,37,rpm,4,346,36.5,36.5,3893,500,0,417,0.405,1,COM6
1,87124,37,rpm,1,1,36.5,36.5,3893,500,0,1,0.001,1,COM8
3,123645,37,rpm,4,346,36.5,36.5,3893,500,0,417,0.405,1,COM6
1,87145,37,rpm,1,1,36.5,36.5,3893,500,0,1,0.001,1,COM8
3,123665,37,rpm,4,345,36.5,36.5,3893,500,0,417,0.405,1,COM6
1,87165,37,rpm,1,1,36.5,36.5,3893,500,0,1,0.001,1,COM8
3,123686,37,rpm,4,345,36.5,36.5,3893,500,0,417,0.405,1,COM6
1,87185,37,rpm,1,1,36.5,36.5,3893,500,0,1,0.001,1,COM8
3,123706,37,rpm,4,345,36.5,36.5,3893,500,0,418,0.405,1,COM6
1,87206,37,rpm,1,1,36.5,36.5,3893,500,0,1,0.001,1,COM8
3,123727,37,rpm,4,344,36.5,36.5,3893,500,0,418,0.405,1,COM6
1,87226,37,rpm,1,1,36.5,36.5,3893,500,0,1,0.001,1,COM8
3,123747,37,rpm,3,344,36.5,36.5,3893,500,0,418,0.405,1,COM6
1,87247,37,rpm,1,1,36.5,36.5,3893,500,0,1,0.001,1,COM8
3,123768,37,rpm,3,343,36.5,36.5,3893,500,0,418,0.405,1,COM6
1,87267,37,rpm,0,1,36.5,36.5,3893,500,0,1,0.001,1,COM8
3,123789,37,rpm,4,343,36.5,36.5,3893,500,0,418,0.406,1,COM6
1,87287,37,rpm,0,1,36.5,36.5,3893,500,0,1,0.001,1,COM8
3,123809,37,rpm,3,342,36.5,36.5,3893,500,0,418,0.406,1,COM6
1,87308,37,rpm,1,1,36.5,36.5,3893,500,0,1,0.001,1,COM8
3,123830,37,rpm,4,342,36.5,36.5,3893,500,0,418,0.406,1,COM6
1,87328,37,rpm,1,1,36.5,36.5,3893,500,0,1,0.001,1,COM8
3,123850,37,rpm,3,341,36.5,36.5,3893,500,0,418,0.406,1,COM6
1,87349,37,rpm,1,1,36.5,36.5,3893,500,0,1,0.001,1,COM8
3,123871,37,rpm,3,341,36.5,36.5,3893,500,0,419,0.406,1,COM6
1,87369,37,rpm,1,1,36.5,36.5,3893,500,0,1,0.001,1,COM8
3,123891,37,rpm,3,340,36.5,36.5,3893,500,0,419,0.406,1,COM6
1,87390,37,rpm,1,1,36.5,36.5,3893,500,0,1,0.001,1,COM8
3,123912,37,rpm,3,339,36.5,36.5,3893,500,0,419,0.406,1,COM6
1,87410,37,rpm,1,1,36.5,36.5,3893,500,0,1,0.001,1,COM8
3,123932,37,rpm,3,339,36.5,36.5,3893,500,0,419,0.406,1,COM6
1,87430,37,rpm,1,1,36.5,36.5,3893,500,0,1,0.001,1,COM8
3,123953,37,rpm,3,338,36.5,36.5,3893,500,0,419,0.406,1,COM6
1,87451,37,rpm,1,1,36.5,36.5,3893,500,0,1,0.001,1,COM8
3,123974,37,rpm,3,337,36.5,36.5,3893,500,0,419,0.407,1,COM6
1,87471,37,rpm,1,1,36.5,36.5,3893,500,0,1,0.001,1,COM8
3,123994,37,rpm,3,337,36.5,36.5,3893,500,0,419,0.407,1,COM6
1,87492,37,rpm,1,1,36.5,36.5,3893,500,0,1,0.001,1,COM8
3,124015,37,rpm,3,336,36.5,36.5,3893,500,0,419,0.407,1,COM6
1,87512,37,rpm,1,1,36.5,36.5,3893,500,0,1,0.001,1,COM8
3,124035,37,rpm,3,335,36.5,36.5,3893,500,0,419,0.407,1,COM6
1,87533,37,rpm,0,1,36.5,36.5,3893,500,0,1,0.001,1,COM8
3,124056,37,rpm,3,335,36.5,36.5,3893,500,0,420,0.407,1,COM6
1,87553,37,rpm,1,1,36.5,36.5,3893,500,0,1,0.001,1,COM8
3,124076,37,rpm,3,334,36.5,36.5,3893,500,0,420,0.407,1,COM6
1,87574,37,rpm,1,1,36.5,36.5,3893,500,0,1,0.001,1,COM8
3,124097,37,rpm,3,333,36.5,36.5,3893,500,0,420,0.407,1,COM6
1,87594,37,rpm,1,1,36.5,36.5,3893,500,0,1,0.001,1,COM8
3,124118,37,rpm,3,332,36.5,36.5,3893,500,0,420,0.407,1,COM6
1,87614,37,rpm,1,1,36.5,36.5,3893,500,0,1,0.001,1,COM8
3,124138,37,rpm,3,332,36.5,36.5,3893,500,0,420,0.407,1,COM6
1,87635,37,rpm,1,1,36.5,36.5,3893,500,0,1,0.001,1,COM8
3,124159,37,rpm,3,331,36.5,36.5,3893,500,0,420,0.408,1,COM6
1,87655,37,rpm,1,1,36.5,36.5,3893,500,0,1,0.001,1,COM8
3,124179,37,rpm,3,330,36.5,36.5,3893,500,0,420,0.408,1,COM6
1,87676,37,rpm,1,1,36.5,36.5,3893,500,0,1,0.001,1,COM8
3,124200,37,rpm,3,329,36.5,36.5,3893,500,0,420,0.408,1,COM6
1,87696,37,rpm,1,1,36.5,36.5,3893,500,0,1,0.001,1,COM8
3,124221,37,rpm,2,328,36.5,36.5,3893,500,0,420,0.408,1,COM6
1,87717,37,rpm,1,1,36.5,36.5,3893,500,0,1,0.001,1,COM8
3,124241,37,rpm,2,327,36.5,36.5,3893,500,0,421,0.408,1,COM6
1,87737,37,rpm,1,1,36.5,36.5,3893,500,0,1,0.001,1,COM8
3,124262,37,rpm,3,326,36.5,36.5,3893,500,0,421,0.408,1,COM6
1,87758,37,rpm,1,1,36.5,36.5,3893,500,0,1,0.001,1,COM8
3,124282,37,rpm,3,325,36.5,36.5,3893,500,0,421,0.408,1,COM6
1,87778,37,rpm,1,1,36.5,36.5,3893,500,0,1,0.001,1,COM8
3,124303,37,rpm,3,325,36.5,36.5,3893,500,0,421,0.408,1,COM6
1,87799,37,rpm,1,1,36.5,36.5,3893,500,0,1,0.001,1,COM8
3,124323,37,rpm,3,324,36.5,36.5,3893,500,0,421,0.408,1,COM6
1,87819,37,rpm,1,1,36.5,36.5,3893,500,0,1,0.001,1,COM8
3,124344,37,rpm,2,323,36.5,36.5,3893,500,0,421,0.409,1,COM6
1,87839,37,rpm,1,1,36.5,36.5,3893,500,0,1,0.001,1,COM8
3,124364,37,rpm,3,322,36.5,36.5,3893,500,0,421,0.409,1,COM6
1,87860,37,rpm,1,1,36.5,36.5,3893,500,0,1,0.001,1,COM8
3,124385,37,rpm,2,321,36.5,36.5,3893,500,0,421,0.409,1,COM6
1,87880,37,rpm,1,1,36.5,36.5,3893,500,0,1,0.001,1,COM8
3,124406,37,rpm,3,319,36.5,36.5,3893,500,0,421,0.409,1,COM6
1,87901,37,rpm,1,1,36.5,36.5,3893,500,0,1,0.001,1,COM8
3,124426,37,rpm,2,318,36.5,36.5,3893,500,0,422,0.409,1,COM6
1,87921,37,rpm,1,1,36.5,36.5,3893,500,0,1,0.001,1,COM8
3,124447,37,rpm,2,317,36.5,36.5,3893,500,0,422,0.409,1,COM6
1,87942,37,rpm,1,1,36.5,36.5,3893,500,0,1,0.001,1,COM8
3,124467,37,rpm,2,316,36.5,36.5,3893,500,0,422,0.409,1,COM6
1,87962,37,rpm,1,1,36.5,36.5,3893,500,0,1,0.001,1,COM8
3,124488,37,rpm,2,315,36.5,36.5,3893,500,0,422,0.409,1,COM6
1,87982,37,rpm,1,1,36.5,36.5,3893,500,0,1,0.001,1,COM8
3,124508,37,rpm,2,314,36.5,36.5,3893,500,0,422,0.409,1,COM6
1,88003,37,rpm,1,1,36.5,36.5,3893,500,0,1,0.001,1,COM8
3,124529,37,rpm,2,313,36.5,36.5,3893,500,0,422,0.409,1,COM6
1,88023,37,rpm,1,1,36.5,36.5,3893,500,0,1,0.001,1,COM8
3,124550,37,rpm,2,312,36.5,36.5,3893,500,0,422,0.41,1,COM6
1,88044,37,rpm,1,1,36.5,36.5,3893,500,0,1,0.001,1,COM8
3,124570,37,rpm,2,310,36.5,36.5,3893,500,0,422,0.41,1,COM6
1,88064,37,rpm,1,1,36.5,36.5,3893,500,0,1,0.001,1,COM8
3,124591,37,rpm,2,309,36.5,36.5,3893,500,0,422,0.41,1,COM6
1,88085,37,rpm,1,1,36.5,36.5,3893,500,0,1,0.001,1,COM8
3,124611,37,rpm,2,308,36.5,36.5,3893,500,0,423,0.41,1,COM6
1,88105,37,rpm,1,1,36.5,36.5,3893,500,0,1,0.001,1,COM8
3,124632,37,rpm,2,307,36.5,36.5,3893,500,0,423,0.41,1,COM6
1,88126,37,rpm,1,1,36.5,36.5,3893,500,0,1,0.001,1,COM8
3,124652,37,rpm,2,305,36.5,36.5,3893,500,0,423,0.41,1,COM6
1,88146,37,rpm,1,1,36.5,36.5,3893,500,0,1,0.001,1,COM8
3,124673,37,rpm,2,304,36.5,36.5,3893,500,0,423,0.41,1,COM6
1,88167,37,rpm,1,1,36.5,36.5,3893,500,0,1,0.001,1,COM8
3,124694,37,rpm,2,303,36.5,36.5,3893,500,0,423,0.41,1,COM6
1,88187,37,rpm,1,1,36.5,36.5,3893,500,0,1,0.001,1,COM8
3,124714,37,rpm,2,301,36.5,36.5,3893,500,0,423,0.41,1,COM6
1,88207,37,rpm,1,1,36.5,36.5,3893,500,0,1,0.001,1,COM8
3,124735,37,rpm,2,300,36.5,36.5,3893,500,0,423,0.41,1,COM6
1,88228,37,rpm,1,1,36.5,36.5,3893,500,0,1,0.001,1,COM8
3,124755,37,rpm,2,299,36.5,36.5,3893,500,0,423,0.411,1,COM6
1,88248,37,rpm,1,1,36.5,36.5,3893,500,0,1,0.001,1,COM8
3,124776,37,rpm,2,297,36.5,36.5,3893,500,0,423,0.411,1,COM6
1,88269,37,rpm,1,1,36.5,36.5,3893,500,0,1,0.001,1,COM8
3,124796,37,rpm,2,296,36.5,36.5,3893,500,0,423,0.411,1,COM6
1,88289,37,rpm,1,1,36.5,36.5,3893,500,0,1,0.001,1,COM8
3,124817,37,rpm,2,295,36.5,36.5,3893,500,0,424,0.411,1,COM6
1,88310,37,rpm,1,1,36.5,36.5,3893,500,0,1,0.001,1,COM8
3,124837,37,rpm,2,293,36.5,36.5,3893,500,0,424,0.411,1,COM6
1,88330,37,rpm,1,1,36.5,36.5,3893,500,0,1,0.001,1,COM8
3,124858,37,rpm,2,292,36.5,36.5,3893,500,0,424,0.411,1,COM6
1,88351,37,rpm,1,1,36.5,36.5,3893,500,0,1,0.001,1,COM8
3,124879,37,rpm,2,290,36.5,36.5,3893,500,0,424,0.411,1,COM6
1,88371,37,rpm,1,1,36.5,36.5,3893,500,0,1,0.001,1,COM8
3,124899,37,rpm,2,289,36.5,36.5,3893,500,0,424,0.411,1,COM6
1,88391,37,rpm,1,1,36.5,36.5,3893,500,0,1,0.001,1,COM8
3,124920,37,rpm,2,287,36.5,36.5,3893,500,0,424,0.411,1,COM6
1,88412,37,rpm,1,1,36.5,36.5,3893,500,0,1,0.001,1,COM8
3,124940,37,rpm,2,286,36.5,36.5,3893,500,0,424,0.411,1,COM6
1,88432,37,rpm,1,1,36.5,36.5,3893,500,0,1,0.001,1,COM8
3,124961,37,rpm,2,284,36.5,36.5,3893,500,0,424,0.412,1,COM6
1,88453,37,rpm,1,1,36.5,36.5,3893,500,0,1,0.001,1,COM8
3,124981,37,rpm,2,282,36.5,36.5,3893,500,0,424,0.412,1,COM6
1,88473,37,rpm,1,1,36.5,36.5,3893,500,0,1,0.001,1,COM8
3,125002,37,rpm,2,281,36.5,36.5,3893,500,0,424,0.412,1,COM6
1,88494,37,rpm,1,1,36.5,36.5,3893,500,0,1,0.001,1,COM8
3,125022,37,rpm,2,279,36.5,36.5,3893,500,0,425,0.412,1,COM6
1,88514,37,rpm,1,1,36.5,36.5,3893,500,0,1,0.001,1,COM8
3,125043,37,rpm,2,278,36.5,36.5,3893,500,0,425,0.412,1,COM6
1,88534,37,rpm,1,1,36.5,36.5,3893,500,0,1,0.001,1,COM8
3,125063,37,rpm,2,276,36.5,36.5,3893,500,0,425,0.412,1,COM6
1,88555,37,rpm,1,1,36.5,36.5,3893,500,0,1,0.001,1,COM8
3,125084,37,rpm,2,274,36.5,36.5,3893,500,0,425,0.412,1,COM6
1,88575,37,rpm,1,1,36.5,36.5,3893,500,0,1,0.001,1,COM8
3,125105,37,rpm,2,273,36.5,36.5,3893,500,0,425,0.412,1,COM6
1,88596,37,rpm,1,1,36.5,36.5,3893,500,0,1,0.001,1,COM8
3,125125,37,rpm,2,271,36.5,36.5,3893,500,0,425,0.412,1,COM6
1,88616,37,rpm,1,1,36.5,36.5,3893,500,0,1,0.001,1,COM8
3,125146,37,rpm,2,269,36.5,36.5,3893,500,0,425,0.412,1,COM6
1,88637,37,rpm,1,1,36.5,36.5,3893,500,0,1,0.001,1,COM8
3,125166,37,rpm,2,268,36.5,36.5,3893,500,0,425,0.412,1,COM6
1,88657,37,rpm,1,1,36.5,36.5,3893,500,0,1,0.001,1,COM8
1,88678,37,rpm,1,1,36.5,36.5,3893,500,0,1,0.001,1,COM8
3,125187,37,rpm,2,266,36.5,36.5,3893,500,0,425,0.413,1,COM6
1,88698,37,rpm,1,1,36.5,36.5,3893,500,0,1,0.001,1,COM8
3,125208,37,rpm,2,264,36.5,36.5,3893,500,0,425,0.413,1,COM6
3,125228,37,rpm,2,263,36.5,36.5,3893,500,0,425,0.413,1,COM6
1,88718,37,rpm,1,1,36.5,36.5,3893,500,0,1,0.001,1,COM8
3,125249,37,rpm,2,261,36.5,36.5,3893,500,0,426,0.413,1,COM6
1,88739,37,rpm,1,1,36.5,36.5,3893,500,0,1,0.001,1,COM8
3,125269,37,rpm,2,259,36.5,36.5,3893,500,0,426,0.413,1,COM6
1,88759,37,rpm,1,1,36.5,36.5,3893,500,0,1,0.001,1,COM8
1,88780,37,rpm,1,1,36.5,36.5,3893,500,0,1,0.001,1,COM8
3,125290,37,rpm,2,257,36.5,36.5,3893,500,0,426,0.413,1,COM6
1,88800,37,rpm,1,1,36.5,36.5,3893,500,0,1,0.001,1,COM8
3,125310,37,rpm,2,255,36.5,36.5,3893,500,0,426,0.413,1,COM6
3,125331,37,rpm,2,254,36.5,36.5,3893,500,0,426,0.413,1,COM6
1,88821,37,rpm,1,1,36.5,36.5,3893,500,0,1,0.001,1,COM8
3,125351,37,rpm,2,252,36.5,36.5,3893,500,0,426,0.413,1,COM6
1,88841,37,rpm,1,1,36.5,36.5,3893,500,0,1,0.001,1,COM8
1,88862,37,rpm,1,1,36.5,36.5,3893,500,0,1,0.001,1,COM8
3,125372,37,rpm,2,250,36.5,36.5,3893,500,0,426,0.413,1,COM6
1,88882,37,rpm,1,1,36.5,36.5,3893,500,0,1,0.001,1,COM8
3,125393,37,rpm,2,248,36.5,36.5,3893,500,0,426,0.413,1,COM6
1,88902,37,rpm,1,1,36.5,36.5,3893,500,0,1,0.001,1,COM8
3,125413,37,rpm,2,246,36.5,36.5,3893,500,0,426,0.413,1,COM6
1,88923,37,rpm,1,1,36.5,36.5,3893,500,0,1,0.001,1,COM8
3,125434,37,rpm,1,244,36.5,36.5,3893,500,0,426,0.414,1,COM6
1,88943,37,rpm,1,1,36.5,36.5,3893,500,0,1,0.001,1,COM8
3,125454,37,rpm,2,242,36.5,36.5,3893,500,0,426,0.414,1,COM6
1,88964,37,rpm,1,1,36.5,36.5,3893,500,0,1,0.001,1,COM8
3,125475,37,rpm,2,241,36.5,36.5,3893,500,0,427,0.414,1,COM6
3,125495,37,rpm,1,239,36.5,36.5,3893,500,0,427,0.414,1,COM6
3,125516,37,rpm,2,237,36.5,36.5,3893,500,0,427,0.414,1,COM6
3,125537,37,rpm,1,235,36.5,36.5,3893,500,0,427,0.414,1,COM6
3,125557,37,rpm,2,233,36.5,36.5,3893,500,0,427,0.414,1,COM6
3,125578,37,rpm,1,231,36.5,36.5,3893,500,0,427,0.414,1,COM6
3,125598,37,rpm,2,229,36.5,36.5,3893,500,0,427,0.414,1,COM6
3,125619,37,rpm,2,227,36.5,36.5,3893,500,0,427,0.414,1,COM6
3,125640,37,rpm,2,225,36.5,36.5,3893,500,0,427,0.414,1,COM6
3,125660,37,rpm,1,223,36.5,36.5,3893,500,0,427,0.414,1,COM6
3,125681,37,rpm,2,221,36.5,36.5,3893,500,0,427,0.414,1,COM6
3,125701,37,rpm,1,219,36.5,36.5,3893,500,0,427,0.415,1,COM6
3,125722,37,rpm,1,217,36.5,36.5,3893,500,0,427,0.415,1,COM6
3,125742,37,rpm,2,215,36.5,36.5,3893,500,0,428,0.415,1,COM6
3,125763,37,rpm,1,213,36.5,36.5,3893,500,0,428,0.415,1,COM6
3,125783,37,rpm,2,211,36.5,36.5,3893,500,0,428,0.415,1,COM6
3,125804,37,rpm,1,209,36.5,36.5,3893,500,0,428,0.415,1,COM6
3,125824,37,rpm,1,207,36.5,36.5,3893,500,0,428,0.415,1,COM6
3,125845,37,rpm,1,205,36.5,36.5,3893,500,0,428,0.415,1,COM6
3,125866,37,rpm,2,203,36.5,36.5,3893,500,0,428,0.415,1,COM6
3,125886,37,rpm,1,201,36.5,36.5,3893,500,0,428,0.415,1,COM6
3,125907,37,rpm,1,199,36.5,36.5,3893,500,0,428,0.415,1,COM6
3,125927,37,rpm,1,197,36.5,36.5,3893,500,0,428,0.415,1,COM6
3,125948,37,rpm,1,195,36.5,36.5,3893,500,0,428,0.415,1,COM6
3,125968,37,rpm,1,193,36.5,36.5,3893,500,0,428,0.415,1,COM6
3,125989,37,rpm,1,191,36.5,36.5,3893,500,0,428,0.416,1,COM6
3,126010,37,rpm,1,188,36.5,36.5,3893,500,0,428,0.416,1,COM6
3,126030,37,rpm,1,186,36.5,36.5,3893,500,0,428,0.416,1,COM6
3,126051,37,rpm,1,184,36.5,36.5,3893,500,0,429,0.416,1,COM6
3,126071,37,rpm,1,182,36.5,36.5,3893,500,0,429,0.416,1,COM6
3,126092,37,rpm,1,180,36.5,36.5,3893,500,0,429,0.416,1,COM6
3,126112,37,rpm,1,178,36.5,36.5,3893,500,0,429,0.416,1,COM6
3,126133,37,rpm,1,176,36.5,36.5,3893,500,0,429,0.416,1,COM6
3,126154,37,rpm,1,174,36.5,36.5,3893,500,0,429,0.416,1,COM6
3,126174,37,rpm,1,172,36.5,36.5,3893,500,0,429,0.416,1,COM6
3,126195,37,rpm,1,170,36.5,36.5,3893,500,0,429,0.416,1,COM6
3,126215,37,rpm,1,168,36.5,36.5,3893,500,0,429,0.416,1,COM6
3,126236,37,rpm,1,165,36.5,36.5,3893,500,0,429,0.416,1,COM6
3,126256,37,rpm,1,163,36.5,36.5,3893,500,0,429,0.416,1,COM6
3,126277,37,rpm,1,161,36.5,36.5,3893,500,0,429,0.416,1,COM6
3,126298,37,rpm,1,159,36.5,36.5,3893,500,0,429,0.416,1,COM6
3,126318,37,rpm,1,157,36.5,36.5,3893,500,0,429,0.416,1,COM6
3,126339,37,rpm,1,155,36.5,36.5,3893,500,0,429,0.416,1,COM6
3,126359,37,rpm,1,153,36.5,36.5,3893,500,0,429,0.417,1,COM6
3,126380,37,rpm,1,151,36.5,36.5,3893,500,0,429,0.417,1,COM6
3,126400,37,rpm,1,149,36.5,36.5,3893,500,0,430,0.417,1,COM6
3,126421,37,rpm,1,147,36.5,36.5,3893,500,0,430,0.417,1,COM6
3,126441,37,rpm,1,145,36.5,36.5,3893,500,0,430,0.417,1,COM6
3,126462,37,rpm,1,142,36.5,36.5,3893,500,0,430,0.417,1,COM6
3,126483,37,rpm,1,140,36.5,36.5,3893,500,0,430,0.417,1,COM6
3,126503,37,rpm,0,138,36.5,36.5,3893,500,0,430,0.417,1,COM6
3,126524,37,rpm,1,136,36.5,36.5,3893,500,0,430,0.417,1,COM6
3,126544,37,rpm,1,134,36.5,36.5,3893,500,0,430,0.417,1,COM6
3,126565,37,rpm,1,132,36.5,36.5,3893,500,0,430,0.417,1,COM6
3,126585,37,rpm,1,130,36.5,36.5,3893,500,0,430,0.417,1,COM6
3,126606,37,rpm,1,128,36.5,36.5,3893,500,0,430,0.417,1,COM6
3,126627,37,rpm,0,126,36.5,36.5,3893,500,0,430,0.417,1,COM6
3,126647,37,rpm,1,124,36.5,36.5,3893,500,0,430,0.417,1,COM6
3,126668,37,rpm,1,122,36.5,36.5,3893,500,0,430,0.417,1,COM6
3,126688,37,rpm,1,120,36.5,36.5,3893,500,0,430,0.417,1,COM6
3,126709,37,rpm,1,118,36.5,36.5,3893,500,0,430,0.417,1,COM6
3,126729,37,rpm,1,116,36.5,36.5,3893,500,0,430,0.417,1,COM6
3,126750,37,rpm,1,114,36.5,36.5,3893,500,0,430,0.417,1,COM6
3,126771,37,rpm,0,112,36.5,36.5,3893,500,0,430,0.417,1,COM6
3,126791,37,rpm,1,110,36.5,36.5,3893,500,0,430,0.417,1,COM6
3,126812,37,rpm,1,108,36.5,36.5,3893,500,0,430,0.417,1,COM6
3,126832,37,rpm,0,106,36.5,36.5,3893,500,0,430,0.418,1,COM6
3,126853,37,rpm,1,104,36.5,36.5,3893,500,0,430,0.418,1,COM6
3,126874,37,rpm,1,102,36.5,36.5,3893,500,0,430,0.418,1,COM6
3,126894,37,rpm,1,100,36.5,36.5,3893,500,0,431,0.418,1,COM6
3,126915,37,rpm,0,98,36.5,36.5,3893,500,0,431,0.418,1,COM6
3,126935,37,rpm,1,96,36.5,36.5,3893,500,0,431,0.418,1,COM6
3,126956,37,rpm,1,94,36.5,36.5,3893,500,0,431,0.418,1,COM6
3,126976,37,rpm,0,92,36.5,36.5,3893,500,0,431,0.418,1,COM6
3,126997,37,rpm,1,90,36.5,36.5,3893,500,0,431,0.418,1,COM6
3,127017,37,rpm,1,89,36.5,36.5,3893,500,0,431,0.418,1,COM6
3,127038,37,rpm,1,87,36.5,36.5,3893,500,0,431,0.418,1,COM6
3,127058,37,rpm,1,85,36.5,36.5,3893,500,0,431,0.418,1,COM6
3,127079,37,rpm,1,83,36.5,36.5,3893,500,0,431,0.418,1,COM6
3,127100,37,rpm,1,81,36.5,36.5,3893,500,0,431,0.418,1,COM6
3,127120,37,rpm,1,79,36.5,36.5,3893,500,0,431,0.418,1,COM6
3,127141,37,rpm,1,77,36.5,36.5,3893,500,0,431,0.418,1,COM6
3,127161,37,rpm,1,76,36.5,36.5,3893,500,0,431,0.418,1,COM6
3,127182,37,rpm,0,74,36.5,36.5,3893,500,0,431,0.418,1,COM6
3,127202,37,rpm,1,72,36.5,36.5,3893,500,0,431,0.418,1,COM6
3,127223,37,rpm,0,70,36.5,36.5,3893,500,0,431,0.418,1,COM6
3,127243,37,rpm,1,68,36.5,36.5,3893,500,0,431,0.418,1,COM6
3,127264,37,rpm,1,67,36.5,36.5,3893,500,0,431,0.418,1,COM6
3,127285,37,rpm,1,65,36.5,36.5,3893,500,0,431,0.418,1,COM6
3,127305,37,rpm,1,63,36.5,36.5,3893,500,0,431,0.418,1,COM6
3,127326,37,rpm,0,62,36.5,36.5,3893,500,0,431,0.418,1,COM6
3,127346,37,rpm,1,60,36.5,36.5,3893,500,0,431,0.418,1,COM6
3,127367,37,rpm,1,58,36.5,36.5,3893,500,0,431,0.418,1,COM6
3,127387,37,rpm,1,56,36.5,36.5,3893,500,0,431,0.418,1,COM6
3,127408,37,rpm,1,55,36.5,36.5,3893,500,0,431,0.418,1,COM6
3,127428,37,rpm,1,53,36.5,36.5,3893,500,0,431,0.418,1,COM6
3,127449,37,rpm,1,51,36.5,36.5,3893,500,0,431,0.418,1,COM6
3,127469,37,rpm,1,50,36.5,36.5,3893,500,0,431,0.418,1,COM6
3,127490,37,rpm,1,48,36.5,36.5,3893,500,0,431,0.418,1,COM6
3,127510,37,rpm,1,47,36.5,36.5,3893,500,0,431,0.418,1,COM6
3,127531,37,rpm,1,45,36.5,36.5,3893,500,0,431,0.418,1,COM6
3,127551,37,rpm,1,43,36.5,36.5,3893,500,0,431,0.418,1,COM6
3,127572,37,rpm,1,42,36.5,36.5,3893,500,0,431,0.418,1,COM6
3,127592,37,rpm,1,40,36.5,36.5,3893,500,0,431,0.418,1,COM6
3,127613,37,rpm,1,39,36.5,36.5,3893,500,0,431,0.418,1,COM6
3,127633,37,rpm,1,37,36.5,36.5,3893,500,0,431,0.418,1,COM6
3,127654,37,rpm,1,36,36.5,36.5,3893,500,0,431,0.418,1,COM6
3,127675,37,rpm,1,34,36.5,36.5,3893,500,0,431,0.418,1,COM6
3,127695,37,rpm,0,33,36.5,36.5,3893,500,0,431,0.418,1,COM6
3,127716,37,rpm,1,31,36.5,36.5,3893,500,0,431,0.418,1,COM6
3,127736,37,rpm,1,30,36.5,36.5,3893,500,0,431,0.418,1,COM6
3,127757,37,rpm,1,29,36.5,36.5,3893,500,0,431,0.418,1,COM6
3,127777,37,rpm,1,27,36.5,36.5,3893,500,0,431,0.418,1,COM6
3,127798,37,rpm,-1,26,36.5,36.5,3893,500,0,431,0.418,1,COM6
3,127818,37,rpm,1,24,36.5,36.5,3893,500,0,431,0.418,1,COM6
3,127839,37,rpm,1,23,36.5,36.5,3893,500,0,431,0.418,1,COM6
3,127859,37,rpm,1,22,36.5,36.5,3893,500,0,431,0.419,1,COM6
3,127880,37,rpm,1,20,36.5,36.5,3893,500,0,431,0.419,1,COM6
3,127901,37,rpm,1,19,36.5,36.5,3893,500,0,431,0.419,1,COM6
3,127921,37,rpm,0,18,36.5,36.5,3893,500,0,431,0.419,1,COM6
3,127942,37,rpm,1,16,36.5,36.5,3893,500,0,431,0.419,1,COM6
3,127962,37,rpm,0,15,36.5,36.5,3893,500,0,431,0.419,1,COM6
3,127983,37,rpm,1,14,36.5,36.5,3893,500,0,431,0.419,1,COM6
3,128003,37,rpm,1,13,36.5,36.5,3893,500,0,431,0.419,1,COM6
3,128024,37,rpm,1,11,36.5,36.5,3893,500,0,431,0.419,1,COM6
3,128044,37,rpm,1,10,36.5,36.5,3893,500,0,431,0.419,1,COM6
3,128065,37,rpm,1,9,36.5,36.5,3893,500,0,432,0.419,1,COM6
3,128085,37,rpm,1,8,36.5,36.5,3893,500,0,432,0.419,1,COM6
3,128106,37,rpm,1,7,36.5,36.5,3893,500,0,432,0.419,1,COM6
3,128126,37,rpm,0,6,36.5,36.5,3893,500,0,432,0.419,1,COM6
3,128147,37,rpm,1,4,36.5,36.5,3893,500,0,432,0.419,1,COM6
3,128167,37,rpm,1,3,36.5,36.5,3893,500,0,432,0.419,1,COM6
3,128188,37,rpm,0,2,36.5,36.5,3893,500,0,432,0.419,1,COM6
3,128208,37,rpm,0,1,36.5,36.5,3893,500,0,432,0.419,1,COM6
3,128229,37,rpm,1,0,36.5,36.5,3893,500,0,432,0.419,1,COM6
3,128249,37,rpm,0,-1,36.5,36.5,3893,500,0,432,0.419,1,COM6
3,128270,37,rpm,0,-2,36.5,36.5,3893,500,0,432,0.419,1,COM6
3,128290,37,rpm,1,-3,36.5,36.5,3893,500,0,432,0.419,1,COM6
3,128311,37,rpm,0,-4,36.5,36.5,3893,500,0,432,0.419,1,COM6
3,128332,37,rpm,1,-5,36.5,36.5,3893,500,0,432,0.419,1,COM6
3,128352,37,rpm,1,-6,36.5,36.5,3893,500,0,432,0.419,1,COM6
3,128373,37,rpm,1,-7,36.5,36.5,3893,500,0,432,0.419,1,COM6
3,128393,37,rpm,1,-8,36.5,36.5,3893,500,0,431,0.419,1,COM6
3,128414,37,rpm,1,-9,36.5,36.5,3893,500,0,431,0.419,1,COM6
3,128434,37,rpm,0,-10,36.5,36.5,3893,500,0,431,0.419,1,COM6
3,128455,37,rpm,1,-11,36.5,36.5,3893,500,0,431,0.419,1,COM6
3,128475,37,rpm,0,-11,36.5,36.5,3893,500,0,431,0.419,1,COM6
3,128496,37,rpm,0,-12,36.5,36.5,3893,500,0,431,0.419,1,COM6
3,128516,37,rpm,1,-13,36.5,36.5,3893,500,0,431,0.419,1,COM6
3,128537,37,rpm,0,-14,36.5,36.5,3893,500,0,431,0.419,1,COM6
3,128557,37,rpm,1,-15,36.5,36.5,3893,500,0,431,0.419,1,COM6
3,128578,37,rpm,0,-15,36.5,36.5,3893,500,0,431,0.419,1,COM6
3,128598,37,rpm,0,-16,36.5,36.5,3893,500,0,431,0.419,1,COM6
3,128619,37,rpm,1,-17,36.5,36.5,3893,500,0,431,0.419,1,COM6
3,128639,37,rpm,1,-18,36.5,36.5,3893,500,0,431,0.419,1,COM6
3,128660,37,rpm,0,-18,36.5,36.5,3893,500,0,431,0.418,1,COM6
3,128681,37,rpm,0,-19,36.5,36.5,3893,500,0,431,0.418,1,COM6
3,128701,37,rpm,0,-20,36.5,36.5,3893,500,0,431,0.418,1,COM6
3,128722,37,rpm,1,-21,36.5,36.5,3893,500,0,431,0.418,1,COM6
3,128742,37,rpm,0,-21,36.5,36.5,3893,500,0,431,0.418,1,COM6
3,128763,37,rpm,1,-22,36.5,36.5,3893,500,0,431,0.418,1,COM6
3,128783,37,rpm,1,-22,36.5,36.5,3893,500,0,431,0.418,1,COM6
3,128804,37,rpm,1,-23,36.5,36.5,3893,500,0,431,0.418,1,COM6
3,128825,37,rpm,1,-24,36.5,36.5,3893,500,0,431,0.418,1,COM6
3,128845,37,rpm,1,-24,36.5,36.5,3893,500,0,431,0.418,1,COM6
3,128866,37,rpm,1,-25,36.5,36.5,3893,500,0,431,0.418,1,COM6
3,128886,37,rpm,0,-25,36.5,36.5,3893,500,0,431,0.418,1,COM6
3,128907,37,rpm,2,-26,36.5,36.5,3893,500,0,431,0.418,1,COM6
3,128927,37,rpm,1,-26,36.5,36.5,3893,500,0,431,0.418,1,COM6
3,128948,37,rpm,2,-27,36.5,36.5,3893,500,0,431,0.418,1,COM6
3,128968,37,rpm,0,-27,36.5,36.5,3893,500,0,431,0.418,1,COM6
3,128989,37,rpm,0,-28,36.5,36.5,3893,500,0,431,0.418,1,COM6
3,129009,37,rpm,1,-28,36.5,36.5,3893,500,0,431,0.418,1,COM6
3,129030,37,rpm,0,-29,36.5,36.5,3893,500,0,431,0.418,1,COM6
3,129051,37,rpm,0,-29,36.5,36.5,3893,500,0,431,0.418,1,COM6
3,129071,37,rpm,0,-30,36.5,36.5,3893,500,0,431,0.418,1,COM6
3,129092,37,rpm,1,-30,36.5,36.5,3893,500,0,431,0.418,1,COM6
3,129112,37,rpm,0,-31,36.5,36.5,3893,500,0,431,0.418,1,COM6
3,129133,37,rpm,0,-31,36.5,36.5,3893,500,0,431,0.418,1,COM6
3,129153,37,rpm,1,-31,36.5,36.5,3893,500,0,431,0.418,1,COM6
3,129174,37,rpm,0,-32,36.5,36.5,3893,500,0,431,0.418,1,COM6
3,129194,37,rpm,1,-32,36.5,36.5,3893,500,0,431,0.418,1,COM6
3,129215,37,rpm,0,-32,36.5,36.5,3893,500,0,431,0.418,1,COM6
3,129236,37,rpm,0,-33,36.5,36.5,3893,500,0,431,0.418,1,COM6
3,129256,37,rpm,1,-33,36.5,36.5,3893,500,0,431,0.418,1,COM6
3,129277,37,rpm,1,-33,36.5,36.5,3893,500,0,431,0.418,1,COM6
3,129297,37,rpm,0,-33,36.5,36.5,3893,500,0,431,0.418,1,COM6
3,129318,37,rpm,1,-34,36.5,36.5,3893,500,0,431,0.418,1,COM6
3,129339,37,rpm,0,-34,36.5,36.5,3893,500,0,431,0.418,1,COM6
3,129359,37,rpm,1,-34,36.5,36.5,3893,500,0,431,0.418,1,COM6
3,129380,37,rpm,2,-34,36.5,36.5,3893,500,0,431,0.418,1,COM6
3,129400,37,rpm,1,-35,36.5,36.5,3893,500,0,431,0.418,1,COM6
3,129421,37,rpm,0,-35,36.5,36.5,3893,500,0,431,0.418,1,COM6
3,129441,37,rpm,0,-35,36.5,36.5,3893,500,0,431,0.418,1,COM6
3,129462,37,rpm,0,-35,36.5,36.5,3893,500,0,431,0.418,1,COM6
3,129482,37,rpm,0,-35,36.5,36.5,3893,500,0,431,0.418,1,COM6
3,129503,37,rpm,1,-35,36.5,36.5,3893,500,0,431,0.418,1,COM6
3,129524,37,rpm,1,-36,36.5,36.5,3893,500,0,431,0.418,1,COM6
3,129544,37,rpm,1,-36,36.5,36.5,3893,500,0,431,0.418,1,COM6
3,129565,37,rpm,0,-36,36.5,36.5,3893,500,0,431,0.418,1,COM6
3,129585,37,rpm,0,-36,36.5,36.5,3893,500,0,431,0.418,1,COM6
