id,t,sp,unit,r_flw,f_flw,rpm_cmd,rpm_sp,sps,top,cal%,vol_uL,mass_g,pumpOn,port
2,83839,37,rpm,1,1,36.7,36.7,3915,497,0,0,0.0,1,COM7
2,83860,37,rpm,1,1,36.7,36.7,3915,497,0,0,0.0,1,COM7
2,83880,37,rpm,1,1,36.7,36.7,3915,497,0,0,0.0,1,COM7
2,83901,37,rpm,1,1,36.7,36.7,3915,497,0,0,0.0,1,COM7
2,83921,37,rpm,1,1,36.7,36.7,3915,497,0,0,0.0,1,COM7
2,83942,37,rpm,1,1,36.7,36.7,3915,497,0,0,0.0,1,COM7
2,83962,37,rpm,1,1,36.7,36.7,3915,497,0,0,0.0,1,COM7
2,83983,37,rpm,1,1,36.7,36.7,3915,497,0,0,0.0,1,COM7
2,84003,37,rpm,1,1,36.7,36.7,3915,497,0,0,0.0,1,COM7
2,84024,37,rpm,1,1,36.7,36.7,3915,497,0,0,0.0,1,COM7
2,84045,37,rpm,1,1,36.7,36.7,3915,497,0,0,0.0,1,COM7
2,84065,37,rpm,1,1,36.7,36.7,3915,497,0,0,0.0,1,COM7
2,84086,37,rpm,1,1,36.7,36.7,3915,497,0,0,0.0,1,COM7
2,84106,37,rpm,1,1,36.7,36.7,3915,497,0,0,0.0,1,COM7
2,84127,37,rpm,1,1,36.7,36.7,3915,497,0,0,0.0,1,COM7
2,84147,37,rpm,0,1,36.7,36.7,3915,497,0,0,0.0,1,COM7
2,84168,37,rpm,1,1,36.7,36.7,3915,497,0,0,0.0,1,COM7
2,84188,37,rpm,1,1,36.7,36.7,3915,497,0,0,0.0,1,COM7
2,84209,37,rpm,1,1,36.7,36.7,3915,497,0,0,0.0,1,COM7
2,84229,37,rpm,1,1,36.7,36.7,3915,497,0,0,0.0,1,COM7
2,84250,37,rpm,1,1,36.7,36.7,3915,497,0,0,0.0,1,COM7
2,84270,37,rpm,1,1,36.7,36.7,3915,497,0,0,0.0,1,COM7
2,84291,37,rpm,1,1,36.7,36.7,3915,497,0,0,0.0,1,COM7
2,84311,37,rpm,1,1,36.7,36.7,3915,497,0,0,0.0,1,COM7
2,84332,37,rpm,1,1,36.7,36.7,3915,497,0,0,0.0,1,COM7
2,84352,37,rpm,1,1,36.7,36.7,3915,497,0,0,0.0,1,COM7
2,84373,37,rpm,1,1,36.7,36.7,3915,497,0,0,0.0,1,COM7
2,84393,37,rpm,1,1,36.7,36.7,3915,497,0,0,0.0,1,COM7
2,84414,37,rpm,0,1,36.7,36.7,3915,497,0,0,0.0,1,COM7
2,84434,37,rpm,1,1,36.7,36.7,3915,497,0,0,0.0,1,COM7
2,84455,37,rpm,1,1,36.7,36.7,3915,497,0,0,0.0,1,COM7
2,84475,37,rpm,1,1,36.7,36.7,3915,497,0,0,0.0,1,COM7
2,84496,37,rpm,1,1,36.7,36.7,3915,497,0,0,0.0,1,COM7
2,84516,37,rpm,1,1,36.7,36.7,3915,497,0,0,0.0,1,COM7
2,84537,37,rpm,1,1,36.7,36.7,3915,497,0,0,0.0,1,COM7
2,84557,37,rpm,1,1,36.7,36.7,3915,497,0,0,0.0,1,COM7
2,84578,37,rpm,1,1,36.7,36.7,3915,497,0,0,0.0,1,COM7
2,84598,37,rpm,1,1,36.7,36.7,3915,497,0,0,0.0,1,COM7
2,84619,37,rpm,1,1,36.7,36.7,3915,497,0,0,0.0,1,COM7
2,84639,37,rpm,1,1,36.7,36.7,3915,497,0,0,0.0,1,COM7
2,84660,37,rpm,0,1,36.7,36.7,3915,497,0,0,0.0,1,COM7
2,84680,37,rpm,1,1,36.7,36.7,3915,497,0,0,0.0,1,COM7
2,84701,37,rpm,1,1,36.7,36.7,3915,497,0,0,0.0,1,COM7
2,84721,37,rpm,1,1,36.7,36.7,3915,497,0,0,0.0,1,COM7
2,84742,37,rpm,1,1,36.7,36.7,3915,497,0,0,0.0,1,COM7
2,84762,37,rpm,1,1,36.7,36.7,3915,497,0,0,0.0,1,COM7
2,84783,37,rpm,1,1,36.7,36.7,3915,497,0,0,0.0,1,COM7
2,84803,37,rpm,1,1,36.7,36.7,3915,497,0,0,0.0,1,COM7
2,84824,37,rpm,1,1,36.7,36.7,3915,497,0,0,0.0,1,COM7
2,84844,37,rpm,1,1,36.7,36.7,3915,497,0,0,0.0,1,COM7
2,84865,37,rpm,1,1,36.7,36.7,3915,497,0,0,0.0,1,COM7
2,84885,37,rpm,1,1,36.7,36.7,3915,497,0,0,0.0,1,COM7
2,84906,37,rpm,1,1,36.7,36.7,3915,497,0,0,0.0,1,COM7
2,84926,37,rpm,0,1,36.7,36.7,3915,497,0,0,0.0,1,COM7
2,84947,37,rpm,1,1,36.7,36.7,3915,497,0,0,0.0,1,COM7
2,84967,37,rpm,1,1,36.7,36.7,3915,497,0,0,0.0,1,COM7
2,84988,37,rpm,1,1,36.7,36.7,3915,497,0,0,0.0,1,COM7
2,85008,37,rpm,1,1,36.7,36.7,3915,497,0,0,0.0,1,COM7
2,85029,37,rpm,1,1,36.7,36.7,3915,497,0,0,0.0,1,COM7
2,85050,37,rpm,1,1,36.7,36.7,3915,497,0,0,0.0,1,COM7
2,85070,37,rpm,1,1,36.7,36.7,3915,497,0,0,0.0,1,COM7
2,85091,37,rpm,1,1,36.7,36.7,3915,497,0,0,0.0,1,COM7
2,85111,37,rpm,1,1,36.7,36.7,3915,497,0,0,0.0,1,COM7
2,85132,37,rpm,1,1,36.7,36.7,3915,497,0,0,0.0,1,COM7
2,85152,37,rpm,1,1,36.7,36.7,3915,497,0,0,0.0,1,COM7
2,85173,37,rpm,0,1,36.7,36.7,3915,497,0,0,0.0,1,COM7
2,85193,37,rpm,1,1,36.7,36.7,3915,497,0,0,0.0,1,COM7
2,85214,37,rpm,1,1,36.7,36.7,3915,497,0,0,0.0,1,COM7
2,85234,37,rpm,1,1,36.7,36.7,3915,497,0,0,0.0,1,COM7
2,85255,37,rpm,1,1,36.7,36.7,3915,497,0,0,0.0,1,COM7
2,85294,37,rpm,1,1,36.7,36.7,3915,497,0,0,0.0,1,COM7
2,85315,37,rpm,1,1,36.7,36.7,3915,497,0,0,0.0,1,COM7
2,85336,37,rpm,1,1,36.7,36.7,3915,497,0,0,0.0,1,COM7
2,85356,37,rpm,1,1,36.7,36.7,3915,497,0,0,0.0,1,COM7
2,85377,37,rpm,1,1,36.7,36.7,3915,497,0,0,0.0,1,COM7
2,85397,37,rpm,1,1,36.7,36.7,3915,497,0,0,0.0,1,COM7
2,85418,37,rpm,0,1,36.7,36.7,3915,497,0,0,0.0,1,COM7
2,85438,37,rpm,1,1,36.7,36.7,3915,497,0,0,0.0,1,COM7
2,85459,37,rpm,1,1,36.7,36.7,3915,497,0,0,0.0,1,COM7
2,85479,37,rpm,1,1,36.7,36.7,3915,497,0,0,0.0,1,COM7
2,85500,37,rpm,1,1,36.7,36.7,3915,497,0,0,0.0,1,COM7
2,85520,37,rpm,1,1,36.7,36.7,3915,497,0,0,0.0,1,COM7
2,85541,37,rpm,1,1,36.7,36.7,3915,497,0,0,0.0,1,COM7
2,85561,37,rpm,1,1,36.7,36.7,3915,497,0,0,0.0,1,COM7
2,85582,37,rpm,1,1,36.7,36.7,3915,497,0,0,0.0,1,COM7
2,85602,37,rpm,1,1,36.7,36.7,3915,497,0,0,0.0,1,COM7
2,85623,37,rpm,1,1,36.7,36.7,3915,497,0,0,0.0,1,COM7
2,85643,37,rpm,1,1,36.7,36.7,3915,497,0,0,0.0,1,COM7
2,85664,37,rpm,1,1,36.7,36.7,3915,497,0,0,0.0,1,COM7
2,85684,37,rpm,0,1,36.7,36.7,3915,497,0,0,0.0,1,COM7
2,85705,37,rpm,1,1,36.7,36.7,3915,497,0,0,0.0,1,COM7
2,85725,37,rpm,1,1,36.7,36.7,3915,497,0,0,0.0,1,COM7
2,85746,37,rpm,1,1,36.7,36.7,3915,497,0,0,0.0,1,COM7
2,85767,37,rpm,1,1,36.7,36.7,3915,497,0,0,0.0,1,COM7
2,85787,37,rpm,1,1,36.7,36.7,3915,497,0,0,0.0,1,COM7
2,85808,37,rpm,1,1,36.7,36.7,3915,497,0,0,0.0,1,COM7
2,85828,37,rpm,1,1,36.7,36.7,3915,497,0,0,0.0,1,COM7
2,85849,37,rpm,1,1,36.7,36.7,3915,497,0,0,0.0,1,COM7
2,85869,37,rpm,1,1,36.7,36.7,3915,497,0,0,0.0,1,COM7
2,85890,37,rpm,1,1,36.7,36.7,3915,497,0,0,0.0,1,COM7
2,85910,37,rpm,1,1,36.7,36.7,3915,497,0,0,0.0,1,COM7
2,85931,37,rpm,0,1,36.7,36.7,3915,497,0,0,0.0,1,COM7
2,85951,37,rpm,1,1,36.7,36.7,3915,497,0,0,0.0,1,COM7
2,85972,37,rpm,1,1,36.7,36.7,3915,497,0,0,0.0,1,COM7
2,85992,37,rpm,1,1,36.7,36.7,3915,497,0,0,0.0,1,COM7
2,86013,37,rpm,1,1,36.7,36.7,3915,497,0,0,0.0,1,COM7
2,86033,37,rpm,1,1,36.7,36.7,3915,497,0,0,0.0,1,COM7
2,86054,37,rpm,1,1,36.7,36.7,3915,497,0,0,0.0,1,COM7
2,86074,37,rpm,1,1,36.7,36.7,3915,497,0,0,0.0,1,COM7
2,86095,37,rpm,1,1,36.7,36.7,3915,497,0,0,0.0,1,COM7
2,86116,37,rpm,1,1,36.7,36.7,3915,497,0,0,0.0,1,COM7
2,86136,37,rpm,1,1,36.7,36.7,3915,497,0,0,0.0,1,COM7
2,86157,37,rpm,1,1,36.7,36.7,3915,497,0,0,0.0,1,COM7
2,86177,37,rpm,1,1,36.7,36.7,3915,497,0,0,0.0,1,COM7
2,86198,37,rpm,0,1,36.7,36.7,3915,497,0,0,0.0,1,COM7
2,86218,37,rpm,1,1,36.7,36.7,3915,497,0,0,0.0,1,COM7
2,86239,37,rpm,1,1,36.7,36.7,3915,497,0,0,0.0,1,COM7
2,86259,37,rpm,1,1,36.7,36.7,3915,497,0,0,0.0,1,COM7
2,86280,37,rpm,1,1,36.7,36.7,3915,497,0,0,0.0,1,COM7
2,86300,37,rpm,1,1,36.7,36.7,3915,497,0,0,0.0,1,COM7
2,86321,37,rpm,1,1,36.7,36.7,3915,497,0,0,0.0,1,COM7
2,86341,37,rpm,1,1,36.7,36.7,3915,497,0,0,0.0,1,COM7
2,86362,37,rpm,1,1,36.7,36.7,3915,497,0,0,0.0,1,COM7
2,86382,37,rpm,1,1,36.7,36.7,3915,497,0,0,0.0,1,COM7
2,86403,37,rpm,1,1,36.7,36.7,3915,497,0,0,0.0,1,COM7
2,86423,37,rpm,1,1,36.7,36.7,3915,497,0,0,0.0,1,COM7
2,86444,37,rpm,0,1,36.7,36.7,3915,497,0,0,0.0,1,COM7
2,86464,37,rpm,1,1,36.7,36.7,3915,497,0,0,0.0,1,COM7
2,86485,37,rpm,1,1,36.7,36.7,3915,497,0,0,0.0,1,COM7
2,86506,37,rpm,1,1,36.7,36.7,3915,497,0,0,0.0,1,COM7
2,86526,37,rpm,1,1,36.7,36.7,3915,497,0,0,0.0,1,COM7
2,86547,37,rpm,1,1,36.7,36.7,3915,497,0,0,0.0,1,COM7
2,86567,37,rpm,1,1,36.7,36.7,3915,497,0,0,0.0,1,COM7
2,86588,37,rpm,1,1,36.7,36.7,3915,497,0,0,0.0,1,COM7
2,86608,37,rpm,1,1,36.7,36.7,3915,497,0,0,0.0,1,COM7
2,86629,37,rpm,1,1,36.7,36.7,3915,497,0,0,0.0,1,COM7
2,86649,37,rpm,1,1,36.7,36.7,3915,497,0,0,0.0,1,COM7
2,86670,37,rpm,1,1,36.7,36.7,3915,497,0,0,0.0,1,COM7
2,86690,37,rpm,1,1,36.7,36.7,3915,497,0,0,0.0,1,COM7
2,86711,37,rpm,0,1,36.7,36.7,3915,497,0,0,0.0,1,COM7
2,86731,37,rpm,1,1,36.7,36.7,3915,497,0,0,0.0,1,COM7
2,86752,37,rpm,1,1,36.7,36.7,3915,497,0,0,0.0,1,COM7
2,86772,37,rpm,1,1,36.7,36.7,3915,497,0,0,0.0,1,COM7
2,86793,37,rpm,1,1,36.7,36.7,3915,497,0,0,0.0,1,COM7
2,86813,37,rpm,1,1,36.7,36.7,3915,497,0,0,0.0,1,COM7
2,86834,37,rpm,1,1,36.7,36.7,3915,497,0,0,0.0,1,COM7
2,86854,37,rpm,1,1,36.7,36.7,3915,497,0,0,0.0,1,COM7
2,86875,37,rpm,1,1,36.7,36.7,3915,497,0,0,0.0,1,COM7
2,86895,37,rpm,1,1,36.7,36.7,3915,497,0,0,0.0,1,COM7
2,86916,37,rpm,1,1,36.7,36.7,3915,497,0,0,0.0,1,COM7
2,86937,37,rpm,1,1,36.7,36.7,3915,497,0,0,0.0,1,COM7
2,86957,37,rpm,0,1,36.7,36.7,3915,497,0,0,0.0,1,COM7
2,86978,37,rpm,1,1,36.7,36.7,3915,497,0,0,0.0,1,COM7
2,86998,37,rpm,1,1,36.7,36.7,3915,497,0,0,0.0,1,COM7
2,87019,37,rpm,1,1,36.7,36.7,3915,497,0,0,0.0,1,COM7
2,87039,37,rpm,1,1,36.7,36.7,3915,497,0,0,0.0,1,COM7
2,87060,37,rpm,1,1,36.7,36.7,3915,497,0,0,0.0,1,COM7
2,87080,37,rpm,1,1,36.7,36.7,3915,497,0,0,0.0,1,COM7
2,87101,37,rpm,1,1,36.7,36.7,3915,497,0,0,0.0,1,COM7
2,87121,37,rpm,1,1,36.7,36.7,3915,497,0,0,0.0,1,COM7
2,87142,37,rpm,1,1,36.7,36.7,3915,497,0,0,0.0,1,COM7
2,87163,37,rpm,1,1,36.7,36.7,3915,497,0,0,0.0,1,COM7
2,87183,37,rpm,1,1,36.7,36.7,3915,497,0,0,0.0,1,COM7
2,87204,37,rpm,1,1,36.7,36.7,3915,497,0,0,0.0,1,COM7
2,87224,37,rpm,0,1,36.7,36.7,3915,497,0,0,0.0,1,COM7
2,87245,37,rpm,1,1,36.7,36.7,3915,497,0,0,0.0,1,COM7
2,87265,37,rpm,1,1,36.7,36.7,3915,497,0,0,0.0,1,COM7
2,87286,37,rpm,1,1,36.7,36.7,3915,497,0,0,0.0,1,COM7
2,87306,37,rpm,1,1,36.7,36.7,3915,497,0,0,0.0,1,COM7
2,87327,37,rpm,1,1,36.7,36.7,3915,497,0,0,0.0,1,COM7
2,87347,37,rpm,1,1,36.7,36.7,3915,497,0,0,0.0,1,COM7
2,87368,37,rpm,1,1,36.7,36.7,3915,497,0,0,0.0,1,COM7
2,87388,37,rpm,1,1,36.7,36.7,3915,497,0,0,0.0,1,COM7
2,87409,37,rpm,1,1,36.7,36.7,3915,497,0,0,0.0,1,COM7
2,87429,37,rpm,1,1,36.7,36.7,3915,497,0,0,0.0,1,COM7
2,87450,37,rpm,1,1,36.7,36.7,3915,497,0,0,0.0,1,COM7
2,87470,37,rpm,0,1,36.7,36.7,3915,497,0,0,0.0,1,COM7
2,87491,37,rpm,1,1,36.7,36.7,3915,497,0,0,0.0,1,COM7
2,87511,37,rpm,1,1,36.7,36.7,3915,497,0,0,0.0,1,COM7
2,87532,37,rpm,1,1,36.7,36.7,3915,497,0,0,0.0,1,COM7
2,87553,37,rpm,1,1,36.7,36.7,3915,497,0,0,0.0,1,COM7
2,87573,37,rpm,1,1,36.7,36.7,3915,497,0,0,0.0,1,COM7
2,87594,37,rpm,1,1,36.7,36.7,3915,497,0,0,0.0,1,COM7
2,87614,37,rpm,1,1,36.7,36.7,3915,497,0,0,0.0,1,COM7
2,87635,37,rpm,1,1,36.7,36.7,3915,497,0,0,0.0,1,COM7
2,87655,37,rpm,1,1,36.7,36.7,3915,497,0,0,0.0,1,COM7
2,87676,37,rpm,1,1,36.7,36.7,3915,497,0,0,0.0,1,COM7
2,87696,37,rpm,1,1,36.7,36.7,3915,497,0,0,0.0,1,COM7
2,87717,37,rpm,1,1,36.7,36.7,3915,497,0,0,0.0,1,COM7
2,87737,37,rpm,0,1,36.7,36.7,3915,497,0,0,0.0,1,COM7
2,87758,37,rpm,1,1,36.7,36.7,3915,497,0,0,0.0,1,COM7
2,87778,37,rpm,1,1,36.7,36.7,3915,497,0,0,0.0,1,COM7
2,87799,37,rpm,1,1,36.7,36.7,3915,497,0,0,0.0,1,COM7
2,87819,37,rpm,1,1,36.7,36.7,3915,497,0,0,0.0,1,COM7
2,87840,37,rpm,1,1,36.7,36.7,3915,497,0,0,0.0,1,COM7
2,87861,37,rpm,1,1,36.7,36.7,3915,497,0,0,0.0,1,COM7
2,87881,37,rpm,1,1,36.7,36.7,3915,497,0,0,0.0,1,COM7
2,87902,37,rpm,1,1,36.7,36.7,3915,497,0,0,0.0,1,COM7
2,87922,37,rpm,1,1,36.7,36.7,3915,497,0,0,0.0,1,COM7
2,87943,37,rpm,1,1,36.7,36.7,3915,497,0,0,0.0,1,COM7
2,87963,37,rpm,1,1,36.7,36.7,3915,497,0,0,0.0,1,COM7
2,87984,37,rpm,0,1,36.7,36.7,3915,497,0,0,0.0,1,COM7
2,88004,37,rpm,1,1,36.7,36.7,3915,497,0,0,0.0,1,COM7
2,88025,37,rpm,1,1,36.7,36.7,3915,497,0,0,0.0,1,COM7
2,88045,37,rpm,1,1,36.7,36.7,3915,497,0,0,0.0,1,COM7
2,88066,37,rpm,1,1,36.7,36.7,3915,497,0,0,0.0,1,COM7
2,88086,37,rpm,1,1,36.7,36.7,3915,497,0,0,0.0,1,COM7
2,88107,37,rpm,1,1,36.7,36.7,3915,497,0,0,0.0,1,COM7
2,88127,37,rpm,1,1,36.7,36.7,3915,497,0,0,0.0,1,COM7
2,88148,37,rpm,1,1,36.7,36.7,3915,497,0,0,0.0,1,COM7
2,88168,37,rpm,1,1,36.7,36.7,3915,497,0,0,0.0,1,COM7
2,88189,37,rpm,1,1,36.7,36.7,3915,497,0,0,0.0,1,COM7
2,88209,37,rpm,1,1,36.7,36.7,3915,497,0,0,0.0,1,COM7
2,88230,37,rpm,0,1,36.7,36.7,3915,497,0,0,0.0,1,COM7
2,88251,37,rpm,1,1,36.7,36.7,3915,497,0,0,0.0,1,COM7
2,88271,37,rpm,1,1,36.7,36.7,3915,497,0,0,0.0,1,COM7
2,88292,37,rpm,1,1,36.7,36.7,3915,497,0,0,0.0,1,COM7
2,88312,37,rpm,1,1,36.7,36.7,3915,497,0,0,0.0,1,COM7
2,88333,37,rpm,1,1,36.7,36.7,3915,497,0,0,0.0,1,COM7
2,88353,37,rpm,1,1,36.7,36.7,3915,497,0,0,0.0,1,COM7
2,88374,37,rpm,1,1,36.7,36.7,3915,497,0,0,0.0,1,COM7
2,88394,37,rpm,1,1,36.7,36.7,3915,497,0,0,0.0,1,COM7
2,88415,37,rpm,1,1,36.7,36.7,3915,497,0,0,0.0,1,COM7
2,88435,37,rpm,1,1,36.7,36.7,3915,497,0,0,0.0,1,COM7
2,88456,37,rpm,1,1,36.7,36.7,3915,497,0,0,0.0,1,COM7
2,88476,37,rpm,1,1,36.7,36.7,3915,497,0,0,0.0,1,COM7
2,88497,37,rpm,0,1,36.7,36.7,3915,497,0,0,0.0,1,COM7
2,88517,37,rpm,1,1,36.7,36.7,3915,497,0,0,0.0,1,COM7
2,88538,37,rpm,1,1,36.7,36.7,3915,497,0,0,0.0,1,COM7
2,88558,37,rpm,1,1,36.7,36.7,3915,497,0,0,0.0,1,COM7
2,88579,37,rpm,1,1,36.7,36.7,3915,497,0,0,0.0,1,COM7
2,88599,37,rpm,1,1,36.7,36.7,3915,497,0,0,0.0,1,COM7
2,88620,37,rpm,1,1,36.7,36.7,3915,497,0,0,0.0,1,COM7
2,88640,37,rpm,1,1,36.7,36.7,3915,497,0,0,0.0,1,COM7
2,88661,37,rpm,1,1,36.7,36.7,3915,497,0,0,0.0,1,COM7
2,88682,37,rpm,1,1,36.7,36.7,3915,497,0,0,0.0,1,COM7
2,88702,37,rpm,1,1,36.7,36.7,3915,497,0,0,0.0,1,COM7
2,88723,37,rpm,1,1,36.7,36.7,3915,497,0,0,0.0,1,COM7
2,88743,37,rpm,1,1,36.7,36.7,3915,497,0,0,0.0,1,COM7
2,88764,37,rpm,1,1,36.7,36.7,3915,497,0,0,0.0,1,COM7
2,88784,37,rpm,1,1,36.7,36.7,3915,497,0,0,0.0,1,COM7
2,88805,37,rpm,1,1,36.7,36.7,3915,497,0,0,0.0,1,COM7
2,88825,37,rpm,1,1,36.7,36.7,3915,497,0,0,0.0,1,COM7
2,88846,37,rpm,1,1,36.7,36.7,3915,497,0,0,0.0,1,COM7
2,88866,37,rpm,1,1,36.7,36.7,3915,497,0,0,0.0,1,COM7
2,88887,37,rpm,1,1,36.7,36.7,3915,497,0,0,0.0,1,COM7
2,88907,37,rpm,1,1,36.7,36.7,3915,497,0,0,0.0,1,COM7
2,88928,37,rpm,1,1,36.7,36.7,3915,497,0,0,0.0,1,COM7
2,88948,37,rpm,1,1,36.7,36.7,3915,497,0,0,0.0,1,COM7
2,88969,37,rpm,1,1,36.7,36.7,3915,497,0,0,0.0,1,COM7
2,88989,37,rpm,1,1,36.7,36.7,3915,497,0,0,0.0,1,COM7
2,89010,37,rpm,0,1,36.7,36.7,3915,497,0,0,0.0,1,COM7
2,89030,37,rpm,1,1,36.7,36.7,3915,497,0,0,0.0,1,COM7
2,89051,37,rpm,1,1,36.7,36.7,3915,497,0,0,0.0,1,COM7
2,89071,37,rpm,1,1,36.7,36.7,3915,497,0,0,0.0,1,COM7
2,89092,37,rpm,1,1,36.7,36.7,3915,497,0,0,0.0,1,COM7
2,89112,37,rpm,1,1,36.7,36.7,3915,497,0,0,0.0,1,COM7
2,89133,37,rpm,1,1,36.7,36.7,3915,497,0,0,0.0,1,COM7
2,89153,37,rpm,1,1,36.7,36.7,3915,497,0,0,0.0,1,COM7
2,89174,37,rpm,1,1,36.7,36.7,3915,497,0,0,0.0,1,COM7
2,89194,37,rpm,1,1,36.7,36.7,3915,497,0,0,0.0,1,COM7
2,89215,37,rpm,1,1,36.7,36.7,3915,497,0,0,0.0,1,COM7
2,89235,37,rpm,1,1,36.7,36.7,3915,497,0,0,0.0,1,COM7
2,89256,37,rpm,1,1,36.7,36.7,3915,497,0,0,0.0,1,COM7
2,89276,37,rpm,0,1,36.7,36.7,3915,497,0,0,0.0,1,COM7
2,89297,37,rpm,1,1,36.7,36.7,3915,497,0,0,0.0,1,COM7
2,89317,37,rpm,1,1,36.7,36.7,3915,497,0,0,0.0,1,COM7
2,89338,37,rpm,1,1,36.7,36.7,3915,497,0,0,0.0,1,COM7
2,89358,37,rpm,1,1,36.7,36.7,3915,497,0,0,0.0,1,COM7
2,89379,37,rpm,1,1,36.7,36.7,3915,497,0,0,0.0,1,COM7
2,89399,37,rpm,1,1,36.7,36.7,3915,497,0,0,0.0,1,COM7
2,89420,37,rpm,1,1,36.7,36.7,3915,497,0,0,0.0,1,COM7
2,89441,37,rpm,1,1,36.7,36.7,3915,497,0,0,0.0,1,COM7
2,89461,37,rpm,1,1,36.7,36.7,3915,497,0,0,0.0,1,COM7
2,89481,37,rpm,1,1,36.7,36.7,3915,497,0,0,0.0,1,COM7
2,89502,37,rpm,1,1,36.7,36.7,3915,497,0,0,0.0,1,COM7
2,89522,37,rpm,0,1,36.7,36.7,3915,497,0,0,0.0,1,COM7
2,89543,37,rpm,1,1,36.7,36.7,3915,497,0,0,0.0,1,COM7
2,89563,37,rpm,1,1,36.7,36.7,3915,497,0,0,0.0,1,COM7
2,89584,37,rpm,1,1,36.7,36.7,3915,497,0,0,0.0,1,COM7
2,89604,37,rpm,1,1,36.7,36.7,3915,497,0,0,0.0,1,COM7
2,89625,37,rpm,1,1,36.7,36.7,3915,497,0,0,0.0,1,COM7
2,89645,37,rpm,1,1,36.7,36.7,3915,497,0,0,0.0,1,COM7
2,89666,37,rpm,1,1,36.7,36.7,3915,497,0,0,0.0,1,COM7
2,89687,37,rpm,1,1,36.7,36.7,3915,497,0,0,0.0,1,COM7
2,89707,37,rpm,1,1,36.7,36.7,3915,497,0,0,0.0,1,COM7
2,89728,37,rpm,1,1,36.7,36.7,3915,497,0,0,0.0,1,COM7
2,89748,37,rpm,1,1,36.7,36.7,3915,497,0,0,0.0,1,COM7
2,89769,37,rpm,0,1,36.7,36.7,3915,497,0,0,0.0,1,COM7
2,89789,37,rpm,1,1,36.7,36.7,3915,497,0,0,0.0,1,COM7
2,89810,37,rpm,1,1,36.7,36.7,3915,497,0,0,0.0,1,COM7
2,89830,37,rpm,1,1,36.7,36.7,3915,497,0,0,0.0,1,COM7
2,89851,37,rpm,1,1,36.7,36.7,3915,497,0,0,0.0,1,COM7
2,89871,37,rpm,1,1,36.7,36.7,3915,497,0,0,0.0,1,COM7
2,89892,37,rpm,1,1,36.7,36.7,3915,497,0,0,0.0,1,COM7
2,89912,37,rpm,1,1,36.7,36.7,3915,497,0,0,0.0,1,COM7
2,89933,37,rpm,1,1,36.7,36.7,3915,497,0,0,0.0,1,COM7
2,89953,37,rpm,1,1,36.7,36.7,3915,497,0,0,0.0,1,COM7
2,89974,37,rpm,1,1,36.7,36.7,3915,497,0,0,0.0,1,COM7
2,89994,37,rpm,1,1,36.7,36.7,3915,497,0,0,0.0,1,COM7
2,90015,37,rpm,1,1,36.7,36.7,3915,497,0,0,0.0,1,COM7
2,90035,37,rpm,0,1,36.7,36.7,3915,497,0,0,0.0,1,COM7
2,90056,37,rpm,1,1,36.7,36.7,3915,497,0,0,0.0,1,COM7
2,90077,37,rpm,1,1,36.7,36.7,3915,497,0,0,0.0,1,COM7
2,90097,37,rpm,1,1,36.7,36.7,3915,497,0,0,0.0,1,COM7
2,90118,37,rpm,1,1,36.7,36.7,3915,497,0,0,0.0,1,COM7
2,90138,37,rpm,1,1,36.7,36.7,3915,497,0,0,0.0,1,COM7
2,90159,37,rpm,1,1,36.7,36.7,3915,497,0,0,0.0,1,COM7
2,90179,37,rpm,1,1,36.7,36.7,3915,497,0,0,0.0,1,COM7
2,90200,37,rpm,1,1,36.7,36.7,3915,497,0,0,0.0,1,COM7
2,90220,37,rpm,1,1,36.7,36.7,3915,497,0,0,0.0,1,COM7
2,90241,37,rpm,1,1,36.7,36.7,3915,497,0,0,0.0,1,COM7
2,90261,37,rpm,1,1,36.7,36.7,3915,497,0,0,0.0,1,COM7
2,90282,37,rpm,0,1,36.7,36.7,3915,497,0,0,0.0,1,COM7
2,90302,37,rpm,1,1,36.7,36.7,3915,497,0,0,0.0,1,COM7
2,90323,37,rpm,1,1,36.7,36.7,3915,497,0,0,0.0,1,COM7
2,90343,37,rpm,1,1,36.7,36.7,3915,497,0,0,0.0,1,COM7
2,90364,37,rpm,1,1,36.7,36.7,3915,497,0,0,0.0,1,COM7
2,90384,37,rpm,1,1,36.7,36.7,3915,497,0,0,0.0,1,COM7
2,90405,37,rpm,1,1,36.7,36.7,3915,497,0,0,0.0,1,COM7
2,90425,37,rpm,1,1,36.7,36.7,3915,497,0,0,0.0,1,COM7
2,90446,37,rpm,1,1,36.7,36.7,3915,497,0,0,0.0,1,COM7
2,90466,37,rpm,1,1,36.7,36.7,3915,497,0,0,0.0,1,COM7
2,90487,37,rpm,1,1,36.7,36.7,3915,497,0,0,0.0,1,COM7
2,90507,37,rpm,1,1,36.7,36.7,3915,497,0,0,0.0,1,COM7
2,90528,37,rpm,1,1,36.7,36.7,3915,497,0,0,0.0,1,COM7
2,90548,37,rpm,0,1,36.7,36.7,3915,497,0,0,0.0,1,COM7
2,90569,37,rpm,1,1,36.7,36.7,3915,497,0,0,0.0,1,COM7
2,90589,37,rpm,1,1,36.7,36.7,3915,497,0,0,0.0,1,COM7
2,90610,37,rpm,1,1,36.7,36.7,3915,497,0,0,0.0,1,COM7
2,90630,37,rpm,1,1,36.7,36.7,3915,497,0,0,0.0,1,COM7
2,90651,37,rpm,1,1,36.7,36.7,3915,497,0,0,0.0,1,COM7
2,90671,37,rpm,1,1,36.7,36.7,3915,497,0,0,0.0,1,COM7
2,90692,37,rpm,1,1,36.7,36.7,3915,497,0,0,0.0,1,COM7
2,90712,37,rpm,1,1,36.7,36.7,3915,497,0,0,0.0,1,COM7
2,90733,37,rpm,1,1,36.7,36.7,3915,497,0,0,0.0,1,COM7
2,90753,37,rpm,1,1,36.7,36.7,3915,497,0,0,0.0,1,COM7
2,90774,37,rpm,1,1,36.7,36.7,3915,497,0,0,0.0,1,COM7
2,90794,37,rpm,0,1,36.7,36.7,3915,497,0,0,0.0,1,COM7
2,90815,37,rpm,1,1,36.7,36.7,3915,497,0,0,0.0,1,COM7
2,90835,37,rpm,1,1,36.7,36.7,3915,497,0,0,0.0,1,COM7
2,90856,37,rpm,1,1,36.7,36.7,3915,497,0,0,0.0,1,COM7
2,90876,37,rpm,1,1,36.7,36.7,3915,497,0,0,0.0,1,COM7
2,90897,37,rpm,1,1,36.7,36.7,3915,497,0,0,0.0,1,COM7
2,90917,37,rpm,1,1,36.7,36.7,3915,497,0,0,0.0,1,COM7
2,90938,37,rpm,1,1,36.7,36.7,3915,497,0,0,0.0,1,COM7
2,90958,37,rpm,1,1,36.7,36.7,3915,497,0,0,0.0,1,COM7
2,90979,37,rpm,1,1,36.7,36.7,3915,497,0,0,0.0,1,COM7
2,90999,37,rpm,1,1,36.7,36.7,3915,497,0,0,0.0,1,COM7
2,91020,37,rpm,1,1,36.7,36.7,3915,497,0,0,0.0,1,COM7
2,91040,37,rpm,1,1,36.7,36.7,3915,497,0,0,0.0,1,COM7
2,91061,37,rpm,0,1,36.7,36.7,3915,497,0,0,0.0,1,COM7
2,91081,37,rpm,1,1,36.7,36.7,3915,497,0,0,0.0,1,COM7
2,91102,37,rpm,1,1,36.7,36.7,3915,497,0,0,0.0,1,COM7
2,91123,37,rpm,1,1,36.7,36.7,3915,497,0,0,0.0,1,COM7
2,91143,37,rpm,1,1,36.7,36.7,3915,497,0,0,0.0,1,COM7
2,91164,37,rpm,1,1,36.7,36.7,3915,497,0,0,0.0,1,COM7
2,91184,37,rpm,1,1,36.7,36.7,3915,497,0,0,0.0,1,COM7
2,91205,37,rpm,1,1,36.7,36.7,3915,497,0,0,0.0,1,COM7
2,91225,37,rpm,1,1,36.7,36.7,3915,497,0,0,0.0,1,COM7
2,91246,37,rpm,1,1,36.7,36.7,3915,497,0,0,0.0,1,COM7
2,91266,37,rpm,1,1,36.7,36.7,3915,497,0,0,0.0,1,COM7
2,91287,37,rpm,1,1,36.7,36.7,3915,497,0,0,0.0,1,COM7
2,91307,37,rpm,0,1,36.7,36.7,3915,497,0,0,0.0,1,COM7
2,91328,37,rpm,1,1,36.7,36.7,3915,497,0,0,0.0,1,COM7
2,91348,37,rpm,1,1,36.7,36.7,3915,497,0,0,0.0,1,COM7
2,91369,37,rpm,1,1,36.7,36.7,3915,497,0,0,0.0,1,COM7
2,91389,37,rpm,1,1,36.7,36.7,3915,497,0,0,0.0,1,COM7
2,91410,37,rpm,1,1,36.7,36.7,3915,497,0,0,0.0,1,COM7
2,91430,37,rpm,1,1,36.7,36.7,3915,497,0,0,0.0,1,COM7
2,91451,37,rpm,1,1,36.7,36.7,3915,497,0,0,0.0,1,COM7
2,91471,37,rpm,1,1,36.7,36.7,3915,497,0,0,0.0,1,COM7
2,91492,37,rpm,1,1,36.7,36.7,3915,497,0,0,0.0,1,COM7
2,91512,37,rpm,1,1,36.7,36.7,3915,497,0,0,0.0,1,COM7
2,91533,37,rpm,1,1,36.7,36.7,3915,497,0,0,0.0,1,COM7
2,91553,37,rpm,0,1,36.7,36.7,3915,497,0,0,0.0,1,COM7
2,91574,37,rpm,1,1,36.7,36.7,3915,497,0,0,0.0,1,COM7
2,91594,37,rpm,1,1,36.7,36.7,3915,497,0,0,0.0,1,COM7
2,91615,37,rpm,1,1,36.7,36.7,3915,497,0,0,0.0,1,COM7
2,91635,37,rpm,1,1,36.7,36.7,3915,497,0,0,0.0,1,COM7
2,91656,37,rpm,1,1,36.7,36.7,3915,497,0,0,0.0,1,COM7
2,91676,37,rpm,1,1,36.7,36.7,3915,497,0,0,0.0,1,COM7
2,91697,37,rpm,1,1,36.7,36.7,3915,497,0,0,0.0,1,COM7
2,91717,37,rpm,1,1,36.7,36.7,3915,497,0,0,0.0,1,COM7
2,91738,37,rpm,1,1,36.7,36.7,3915,497,0,0,0.0,1,COM7
2,91758,37,rpm,1,1,36.7,36.7,3915,497,0,0,0.0,1,COM7
2,91779,37,rpm,1,1,36.7,36.7,3915,497,0,0,0.0,1,COM7
2,91799,37,rpm,1,1,36.7,36.7,3915,497,0,0,0.0,1,COM7
2,91820,37,rpm,0,1,36.7,36.7,3915,497,0,0,0.0,1,COM7
2,91840,37,rpm,1,1,36.7,36.7,3915,497,0,0,0.0,1,COM7
2,91861,37,rpm,1,1,36.7,36.7,3915,497,0,0,0.0,1,COM7
2,91881,37,rpm,1,1,36.7,36.7,3915,497,0,0,0.0,1,COM7
2,91902,37,rpm,1,1,36.7,36.7,3915,497,0,0,0.0,1,COM7
2,91922,37,rpm,1,1,36.7,36.7,3915,497,0,0,0.0,1,COM7
2,91943,37,rpm,1,1,36.7,36.7,3915,497,0,0,0.0,1,COM7
2,91964,37,rpm,1,1,36.7,36.7,3915,497,0,0,0.0,1,COM7
2,91984,37,rpm,1,1,36.7,36.7,3915,497,0,0,0.0,1,COM7
2,92005,37,rpm,1,1,36.7,36.7,3915,497,0,0,0.0,1,COM7
2,92025,37,rpm,1,1,36.7,36.7,3915,497,0,0,0.0,1,COM7
2,92046,37,rpm,1,1,36.7,36.7,3915,497,0,0,0.0,1,COM7
2,92066,37,rpm,1,1,36.7,36.7,3915,497,0,0,0.0,1,COM7
2,92087,37,rpm,1,1,36.7,36.7,3915,497,0,0,0.0,1,COM7
2,92107,37,rpm,1,1,36.7,36.7,3915,497,0,0,0.0,1,COM7
2,92128,37,rpm,1,1,36.7,36.7,3915,497,0,0,0.0,1,COM7
2,92148,37,rpm,1,1,36.7,36.7,3915,497,0,0,0.0,1,COM7
2,92169,37,rpm,1,1,36.7,36.7,3915,497,0,0,0.0,1,COM7
2,92189,37,rpm,1,1,36.7,36.7,3915,497,0,0,0.0,1,COM7
2,92210,37,rpm,1,1,36.7,36.7,3915,497,0,0,0.0,1,COM7
2,92230,37,rpm,1,1,36.7,36.7,3915,497,0,0,0.0,1,COM7
2,92251,37,rpm,1,1,36.7,36.7,3915,497,0,0,0.0,1,COM7
2,92271,37,rpm,1,1,36.7,36.7,3915,497,0,0,0.0,1,COM7
2,92292,37,rpm,1,1,36.7,36.7,3915,497,0,0,0.0,1,COM7
2,92312,37,rpm,1,1,36.7,36.7,3915,497,0,0,0.0,1,COM7
2,92333,37,rpm,0,1,36.7,36.7,3915,497,0,0,0.0,1,COM7
2,92353,37,rpm,1,1,36.7,36.7,3915,497,0,0,0.0,1,COM7
2,92374,37,rpm,1,1,36.7,36.7,3915,497,0,0,0.0,1,COM7
2,92394,37,rpm,1,1,36.7,36.7,3915,497,0,0,0.0,1,COM7
2,92415,37,rpm,1,1,36.7,36.7,3915,497,0,0,0.0,1,COM7
2,92435,37,rpm,1,1,36.7,36.7,3915,497,0,0,0.0,1,COM7
2,92456,37,rpm,1,1,36.7,36.7,3915,497,0,0,0.0,1,COM7
2,92476,37,rpm,1,1,36.7,36.7,3915,497,0,0,0.0,1,COM7
2,92497,37,rpm,1,1,36.7,36.7,3915,497,0,0,0.0,1,COM7
2,92517,37,rpm,1,1,36.7,36.7,3915,497,0,0,0.0,1,COM7
2,92538,37,rpm,1,1,36.7,36.7,3915,497,0,0,0.0,1,COM7
2,92559,37,rpm,1,1,36.7,36.7,3915,497,0,0,0.0,1,COM7
2,92579,37,rpm,1,1,36.7,36.7,3915,497,0,0,0.0,1,COM7
2,92600,37,rpm,1,1,36.7,36.7,3915,497,0,0,0.0,1,COM7
2,92620,37,rpm,1,1,36.7,36.7,3915,497,0,0,0.0,1,COM7
2,92641,37,rpm,1,1,36.7,36.7,3915,497,0,0,0.0,1,COM7
2,92661,37,rpm,1,1,36.7,36.7,3915,497,0,0,0.0,1,COM7
2,92682,37,rpm,1,1,36.7,36.7,3915,497,0,0,0.0,1,COM7
2,92702,37,rpm,1,1,36.7,36.7,3915,497,0,0,0.0,1,COM7
2,92723,37,rpm,1,1,36.7,36.7,3915,497,0,0,0.0,1,COM7
2,92743,37,rpm,1,1,36.7,36.7,3915,497,0,0,0.0,1,COM7
2,92764,37,rpm,1,1,36.7,36.7,3915,497,0,0,0.0,1,COM7
2,92784,37,rpm,1,1,36.7,36.7,3915,497,0,0,0.0,1,COM7
2,92805,37,rpm,1,1,36.7,36.7,3915,497,0,0,0.0,1,COM7
2,92825,37,rpm,1,1,36.7,36.7,3915,497,0,0,0.0,1,COM7
2,92846,37,rpm,0,1,36.7,36.7,3915,497,0,0,0.0,1,COM7
2,92866,37,rpm,1,1,36.7,36.7,3915,497,0,0,0.0,1,COM7
2,92887,37,rpm,1,1,36.7,36.7,3915,497,0,0,0.0,1,COM7
2,92907,37,rpm,1,1,36.7,36.7,3915,497,0,0,0.0,1,COM7
2,92928,37,rpm,1,1,36.7,36.7,3915,497,0,0,0.0,1,COM7
2,92948,37,rpm,1,1,36.7,36.7,3915,497,0,0,0.0,1,COM7
2,92969,37,rpm,1,1,36.7,36.7,3915,497,0,0,0.0,1,COM7
2,92990,37,rpm,1,1,36.7,36.7,3915,497,0,0,0.0,1,COM7
2,93010,37,rpm,1,1,36.7,36.7,3915,497,0,0,0.0,1,COM7
2,93031,37,rpm,1,1,36.7,36.7,3915,497,0,0,0.0,1,COM7
2,93051,37,rpm,1,1,36.7,36.7,3915,497,0,0,0.0,1,COM7
2,93072,37,rpm,1,1,36.7,36.7,3915,497,0,0,0.0,1,COM7
2,93092,37,rpm,0,1,36.7,36.7,3915,497,0,0,0.0,1,COM7
2,93113,37,rpm,1,1,36.7,36.7,3915,497,0,0,0.0,1,COM7
2,93133,37,rpm,1,1,36.7,36.7,3915,497,0,0,0.0,1,COM7
2,93154,37,rpm,1,1,36.7,36.7,3915,497,0,0,0.0,1,COM7
2,93174,37,rpm,1,1,36.7,36.7,3915,497,0,0,0.0,1,COM7
2,93195,37,rpm,1,1,36.7,36.7,3915,497,0,0,0.0,1,COM7
2,93215,37,rpm,1,1,36.7,36.7,3915,497,0,0,0.0,1,COM7
2,93236,37,rpm,1,1,36.7,36.7,3915,497,0,0,0.0,1,COM7
2,93256,37,rpm,1,1,36.7,36.7,3915,497,0,0,0.0,1,COM7
2,93277,37,rpm,1,1,36.7,36.7,3915,497,0,0,0.0,1,COM7
2,93297,37,rpm,1,1,36.7,36.7,3915,497,0,0,0.0,1,COM7
2,93318,37,rpm,1,1,36.7,36.7,3915,497,0,0,0.0,1,COM7
2,93339,37,rpm,1,1,36.7,36.7,3915,497,0,0,0.0,1,COM7
2,93359,37,rpm,0,1,36.7,36.7,3915,497,0,0,0.0,1,COM7
2,93380,37,rpm,1,1,36.7,36.7,3915,497,0,0,0.0,1,COM7
2,93400,37,rpm,1,1,36.7,36.7,3915,497,0,0,0.0,1,COM7
2,93421,37,rpm,1,1,36.7,36.7,3915,497,0,0,0.0,1,COM7
2,93441,37,rpm,1,1,36.7,36.7,3915,497,0,0,0.0,1,COM7
2,93462,37,rpm,1,1,36.7,36.7,3915,497,0,0,0.0,1,COM7
2,93482,37,rpm,1,1,36.7,36.7,3915,497,0,0,0.0,1,COM7
2,93503,37,rpm,1,1,36.7,36.7,3915,497,0,0,0.0,1,COM7
2,93523,37,rpm,1,1,36.7,36.7,3915,497,0,0,0.0,1,COM7
2,93544,37,rpm,1,1,36.7,36.7,3915,497,0,0,0.0,1,COM7
2,93564,37,rpm,1,1,36.7,36.7,3915,497,0,0,0.0,1,COM7
2,93585,37,rpm,1,1,36.7,36.7,3915,497,0,0,0.0,1,COM7
2,93605,37,rpm,0,1,36.7,36.7,3915,497,0,0,0.0,1,COM7
2,93626,37,rpm,1,1,36.7,36.7,3915,497,0,0,0.0,1,COM7
2,93647,37,rpm,1,1,36.7,36.7,3915,497,0,0,0.0,1,COM7
2,93667,37,rpm,1,1,36.7,36.7,3915,497,0,0,0.0,1,COM7
2,93688,37,rpm,1,1,36.7,36.7,3915,497,0,0,0.0,1,COM7
2,93708,37,rpm,1,1,36.7,36.7,3915,497,0,0,0.0,1,COM7
2,93729,37,rpm,1,1,36.7,36.7,3915,497,0,0,0.0,1,COM7
2,93749,37,rpm,1,1,36.7,36.7,3915,497,0,0,0.0,1,COM7
2,93770,37,rpm,1,1,36.7,36.7,3915,497,0,0,0.0,1,COM7
2,93790,37,rpm,1,1,36.7,36.7,3915,497,0,0,0.0,1,COM7
2,93811,37,rpm,1,1,36.7,36.7,3915,497,0,0,0.0,1,COM7
2,93831,37,rpm,1,1,36.7,36.7,3915,497,0,0,0.0,1,COM7
2,93852,37,rpm,1,1,36.7,36.7,3915,497,0,0,0.0,1,COM7
2,93872,37,rpm,0,1,36.7,36.7,3915,497,0,0,0.0,1,COM7
2,93893,37,rpm,1,1,36.7,36.7,3915,497,0,0,0.0,1,COM7
2,93913,37,rpm,1,1,36.7,36.7,3915,497,0,0,0.0,1,COM7
2,93934,37,rpm,1,1,36.7,36.7,3915,497,0,0,0.0,1,COM7
2,93954,37,rpm,1,1,36.7,36.7,3915,497,0,0,0.0,1,COM7
2,93975,37,rpm,1,1,36.7,36.7,3915,497,0,0,0.0,1,COM7
2,93995,37,rpm,1,1,36.7,36.7,3915,497,0,0,0.0,1,COM7
2,94016,37,rpm,1,1,36.7,36.7,3915,497,0,0,0.0,1,COM7
2,94037,37,rpm,1,1,36.7,36.7,3915,497,0,0,0.0,1,COM7
2,94057,37,rpm,1,1,36.7,36.7,3915,497,0,0,0.0,1,COM7
2,94078,37,rpm,1,1,36.7,36.7,3915,497,0,0,0.0,1,COM7
2,94098,37,rpm,1,1,36.7,36.7,3915,497,0,0,0.0,1,COM7
2,94119,37,rpm,0,1,36.7,36.7,3915,497,0,0,0.0,1,COM7
2,94139,37,rpm,0,1,36.7,36.7,3915,497,0,0,0.0,1,COM7
2,94160,37,rpm,1,1,36.7,36.7,3915,497,0,0,0.0,1,COM7
2,94180,37,rpm,0,1,36.7,36.7,3915,497,0,0,0.0,1,COM7
2,94201,37,rpm,-1,1,36.7,36.7,3915,497,0,0,0.0,1,COM7
2,94221,37,rpm,1584,1,36.7,36.7,3915,497,0,0,0.0,1,COM7
2,94242,37,rpm,-370,1,36.7,36.7,3915,497,0,0,0.0,1,COM7
2,94262,37,rpm,420,1,36.7,36.7,3915,497,0,0,0.0,1,COM7
2,94283,37,rpm,590,1,36.7,36.7,3915,497,0,0,0.0,1,COM7
2,94303,37,rpm,432,1,36.7,36.7,3915,497,0,0,0.0,1,COM7
2,94324,37,rpm,456,1,36.7,36.7,3915,497,0,0,0.0,1,COM7
2,94344,37,rpm,385,1,36.7,36.7,3915,497,0,0,0.0,1,COM7
2,94365,37,rpm,-202,1,36.7,36.7,3915,497,0,0,0.0,1,COM7
2,94386,37,rpm,-10,1,36.7,36.7,3915,497,0,0,0.0,1,COM7
2,94406,37,rpm,212,1,36.7,36.7,3915,497,0,0,0.0,1,COM7
2,94427,37,rpm,588,1,36.7,36.7,3915,497,0,0,0.0,1,COM7
2,94447,37,rpm,896,1,36.7,36.7,3915,497,0,0,0.0,1,COM7
2,94468,37,rpm,1050,1,36.7,36.7,3915,497,0,0,0.0,1,COM7
2,94488,37,rpm,733,1,36.7,36.7,3915,497,0,0,0.0,1,COM7
2,94509,37,rpm,723,1,36.7,36.7,3915,497,0,0,0.0,1,COM7
2,94529,37,rpm,715,1,36.7,36.7,3915,497,0,0,0.0,1,COM7
2,94550,37,rpm,508,1,36.7,36.7,3915,497,0,0,0.0,1,COM7
2,94570,37,rpm,438,1,36.7,36.7,3915,497,0,0,0.0,1,COM7
2,94591,37,rpm,446,1,36.7,36.7,3915,497,0,0,0.0,1,COM7
2,94611,37,rpm,244,1,36.7,36.7,3915,497,0,0,0.0,1,COM7
2,94632,37,rpm,-186,1,36.7,36.7,3915,497,0,0,0.0,1,COM7
2,94652,37,rpm,49,1,36.7,36.7,3915,497,0,0,0.0,1,COM7
2,94673,37,rpm,457,1,36.7,36.7,3915,497,0,0,0.0,1,COM7
2,94693,37,rpm,762,1,36.7,36.7,3915,497,0,0,0.0,1,COM7
2,94714,37,rpm,1008,1,36.7,36.7,3915,497,0,0,0.0,1,COM7
2,94735,37,rpm,840,1,36.7,36.7,3915,497,0,0,0.0,1,COM7
2,94755,37,rpm,643,1,36.7,36.7,3915,497,0,0,0.0,1,COM7
2,94776,37,rpm,716,1,36.7,36.7,3915,497,0,0,0.0,1,COM7
2,94796,37,rpm,623,1,36.7,36.7,3915,497,0,0,0.0,1,COM7
2,94817,37,rpm,406,1,36.7,36.7,3915,497,0,0,0.0,1,COM7
2,94837,37,rpm,494,1,36.7,36.7,3915,497,0,0,0.0,1,COM7
2,94858,37,rpm,365,2,36.7,36.7,3915,497,0,0,0.0,1,COM7
2,94878,37,rpm,-231,2,36.7,36.7,3915,497,0,0,0.0,1,COM7
2,94899,37,rpm,-19,2,36.7,36.7,3915,497,0,0,0.0,1,COM7
2,94919,37,rpm,167,2,36.7,36.7,3915,497,0,0,0.0,1,COM7
2,94940,37,rpm,583,2,36.7,36.7,3915,497,0,0,0.0,1,COM7
2,94960,37,rpm,935,2,36.7,36.7,3915,497,0,0,0.0,1,COM7
2,94981,37,rpm,1041,2,36.7,36.7,3915,497,0,0,0.0,1,COM7
2,95001,37,rpm,704,3,36.7,36.7,3915,497,0,0,0.0,1,COM7
2,95022,37,rpm,827,3,36.7,36.7,3915,497,0,0,0.0,1,COM7
2,95042,37,rpm,755,3,36.7,36.7,3915,497,0,0,0.0,1,COM7
2,95063,37,rpm,442,3,36.7,36.7,3915,497,0,0,0.0,1,COM7
2,95083,37,rpm,584,3,36.7,36.7,3915,497,0,0,0.0,1,COM7
2,95104,37,rpm,473,4,36.7,36.7,3915,497,0,0,0.0,1,COM7
2,95125,37,rpm,240,4,36.7,36.7,3915,497,0,0,0.0,1,COM7
2,95145,37,rpm,-364,4,36.7,36.7,3915,497,0,0,0.0,1,COM7
2,95166,37,rpm,31,5,36.7,36.7,3915,497,0,0,0.0,1,COM7
2,95186,37,rpm,355,5,36.7,36.7,3915,497,0,0,0.0,1,COM7
2,95207,37,rpm,837,5,36.7,36.7,3915,497,0,0,0.0,1,COM7
2,95227,37,rpm,1082,5,36.7,36.7,3915,497,0,0,0.0,1,COM7
2,95248,37,rpm,727,6,36.7,36.7,3915,497,0,0,0.0,1,COM7
2,95268,37,rpm,835,6,36.7,36.7,3915,497,0,0,0.0,1,COM7
2,95289,37,rpm,812,7,36.7,36.7,3915,497,0,0,0.0,1,COM7
2,95309,37,rpm,546,7,36.7,36.7,3915,497,0,0,0.0,1,COM7
2,95330,37,rpm,534,7,36.7,36.7,3915,497,0,0,0.0,1,COM7
2,95350,37,rpm,525,8,36.7,36.7,3915,497,0,0,0.0,1,COM7
2,95371,37,rpm,305,8,36.7,36.7,3915,497,0,0,0.0,1,COM7
2,95391,37,rpm,-137,9,36.7,36.7,3915,497,0,0,0.0,1,COM7
2,95412,37,rpm,-23,9,36.7,36.7,3915,497,0,0,0.0,1,COM7
2,95432,37,rpm,112,10,36.7,36.7,3915,497,0,0,0.0,1,COM7
2,95453,37,rpm,611,10,36.7,36.7,3915,497,0,0,0.0,1,COM7
2,95474,37,rpm,1035,11,36.7,36.7,3915,497,0,0,0.0,1,COM7
2,95494,37,rpm,873,12,36.7,36.7,3915,497,0,0,0.0,1,COM7
2,95515,37,rpm,682,12,36.7,36.7,3915,497,0,0,0.0,1,COM7
2,95535,37,rpm,832,13,36.7,36.7,3915,497,0,0,0.0,1,COM7
2,95556,37,rpm,668,14,36.7,36.7,3915,497,0,0,0.0,1,COM7
2,95576,37,rpm,409,14,36.7,36.7,3915,497,0,0,0.0,1,COM7
2,95597,37,rpm,569,15,36.7,36.7,3915,497,0,0,0.0,1,COM7
2,95617,37,rpm,432,16,36.7,36.7,3915,497,0,0,0.0,1,COM7
2,95638,37,rpm,251,16,36.7,36.7,3915,497,0,0,0.0,1,COM7
2,95658,37,rpm,-180,17,36.7,36.7,3915,497,0,0,0.0,1,COM7
2,95679,37,rpm,36,18,36.7,36.7,3915,497,0,0,0.0,1,COM7
2,95699,37,rpm,402,19,36.7,36.7,3915,497,0,0,0.0,1,COM7
2,95720,37,rpm,906,20,36.7,36.7,3915,497,0,0,0.0,1,COM7
2,95740,37,rpm,991,21,36.7,36.7,3915,497,0,0,0.0,1,COM7
2,95761,37,rpm,625,21,36.7,36.7,3915,497,0,0,0.0,1,COM7
2,95781,37,rpm,751,22,36.7,36.7,3915,497,0,0,0.0,1,COM7
2,95802,37,rpm,711,23,36.7,36.7,3915,497,0,0,0.0,1,COM7
2,95823,37,rpm,446,24,36.7,36.7,3915,497,0,0,0.0,1,COM7
2,95843,37,rpm,550,25,36.7,36.7,3915,497,0,0,0.0,1,COM7
2,95864,37,rpm,488,26,36.7,36.7,3915,497,0,0,0.0,1,COM7
2,95884,37,rpm,251,27,36.7,36.7,3915,497,0,0,0.0,1,COM7
2,95905,37,rpm,-351,29,36.7,36.7,3915,497,0,0,0.0,1,COM7
2,95925,37,rpm,2,30,36.7,36.7,3915,497,0,0,0.0,1,COM7
2,95946,37,rpm,291,31,36.7,36.7,3915,497,0,0,0.0,1,COM7
2,95966,37,rpm,795,32,36.7,36.7,3915,497,0,0,0.0,1,COM7
2,95987,37,rpm,973,33,36.7,36.7,3915,497,0,0,0.0,1,COM7
2,96007,37,rpm,799,34,36.7,36.7,3915,497,0,0,0.0,1,COM7
2,96028,37,rpm,805,36,36.7,36.7,3915,497,0,0,0.0,1,COM7
2,96048,37,rpm,770,37,36.7,36.7,3915,497,0,0,0.0,1,COM7
2,96069,37,rpm,600,38,36.7,36.7,3915,497,0,0,0.0,1,COM7
2,96089,37,rpm,512,40,36.7,36.7,3915,497,0,0,0.0,1,COM7
2,96110,37,rpm,553,41,36.7,36.7,3915,497,0,0,0.0,1,COM7
2,96130,37,rpm,342,42,36.7,36.7,3915,497,0,0,0.0,1,COM7
2,96151,37,rpm,73,44,36.7,36.7,3915,497,0,0,0.0,1,COM7
2,96172,37,rpm,-135,45,36.7,36.7,3915,497,0,0,0.0,1,COM7
2,96192,37,rpm,99,47,36.7,36.7,3915,497,0,0,0.0,1,COM7
2,96213,37,rpm,551,48,36.7,36.7,3915,497,0,1,0.0,1,COM7
2,96233,37,rpm,923,50,36.7,36.7,3915,497,0,1,0.001,1,COM7
2,96254,37,rpm,936,51,36.7,36.7,3915,497,0,1,0.001,1,COM7
2,96274,37,rpm,731,53,36.7,36.7,3915,497,0,1,0.001,1,COM7
2,96295,37,rpm,828,55,36.7,36.7,3915,497,0,1,0.001,1,COM7
2,96315,37,rpm,686,56,36.7,36.7,3915,497,0,1,0.001,1,COM7
2,96336,37,rpm,489,58,36.7,36.7,3915,497,0,1,0.001,1,COM7
2,96356,37,rpm,629,60,36.7,36.7,3915,497,0,1,0.001,1,COM7
2,96377,37,rpm,438,61,36.7,36.7,3915,497,0,1,0.001,1,COM7
2,96397,37,rpm,259,63,36.7,36.7,3915,497,0,1,0.001,1,COM7
2,96418,37,rpm,-333,65,36.7,36.7,3915,497,0,1,0.001,1,COM7
2,96438,37,rpm,-5,67,36.7,36.7,3915,497,0,1,0.001,1,COM7
2,96459,37,rpm,266,69,36.7,36.7,3915,497,0,1,0.001,1,COM7
2,96479,37,rpm,805,70,36.7,36.7,3915,497,0,1,0.001,1,COM7
2,96500,37,rpm,947,72,36.7,36.7,3915,497,0,1,0.001,1,COM7
2,96521,37,rpm,817,74,36.7,36.7,3915,497,0,1,0.001,1,COM7
2,96541,37,rpm,974,76,36.7,36.7,3915,497,0,1,0.001,1,COM7
2,96562,37,rpm,769,78,36.7,36.7,3915,497,0,1,0.001,1,COM7
2,96582,37,rpm,561,80,36.7,36.7,3915,497,0,1,0.001,1,COM7
2,96603,37,rpm,656,82,36.7,36.7,3915,497,0,1,0.001,1,COM7
2,96623,37,rpm,563,84,36.7,36.7,3915,497,0,1,0.001,1,COM7
2,96644,37,rpm,331,86,36.7,36.7,3915,497,0,1,0.001,1,COM7
2,96664,37,rpm,225,88,36.7,36.7,3915,497,0,1,0.001,1,COM7
2,96685,37,rpm,-458,90,36.7,36.7,3915,497,0,1,0.001,1,COM7
2,96705,37,rpm,59,93,36.7,36.7,3915,497,0,1,0.001,1,COM7
2,96726,37,rpm,565,95,36.7,36.7,3915,497,0,1,0.001,1,COM7
2,96746,37,rpm,918,97,36.7,36.7,3915,497,0,1,0.001,1,COM7
2,96767,37,rpm,788,99,36.7,36.7,3915,497,0,1,0.001,1,COM7
2,96787,37,rpm,991,101,36.7,36.7,3915,497,0,1,0.001,1,COM7
2,96808,37,rpm,859,104,36.7,36.7,3915,497,0,1,0.001,1,COM7
2,96828,37,rpm,621,106,36.7,36.7,3915,497,0,1,0.001,1,COM7
2,96849,37,rpm,602,108,36.7,36.7,3915,497,0,1,0.001,1,COM7
2,96870,37,rpm,613,111,36.7,36.7,3915,497,0,1,0.001,1,COM7
2,96890,37,rpm,445,113,36.7,36.7,3915,497,0,1,0.001,1,COM7
2,96911,37,rpm,267,115,36.7,36.7,3915,497,0,1,0.001,1,COM7
2,96931,37,rpm,-264,118,36.7,36.7,3915,497,0,1,0.001,1,COM7
2,96952,37,rpm,-11,120,36.7,36.7,3915,497,0,2,0.001,1,COM7
2,96973,37,rpm,259,123,36.7,36.7,3915,497,0,2,0.002,1,COM7
2,96993,37,rpm,802,125,36.7,36.7,3915,497,0,2,0.002,1,COM7
2,97014,37,rpm,867,128,36.7,36.7,3915,497,0,2,0.002,1,COM7
2,97034,37,rpm,835,130,36.7,36.7,3915,497,0,2,0.002,1,COM7
2,97055,37,rpm,876,133,36.7,36.7,3915,497,0,2,0.002,1,COM7
2,97075,37,rpm,735,135,36.7,36.7,3915,497,0,2,0.002,1,COM7
2,97096,37,rpm,571,138,36.7,36.7,3915,497,0,2,0.002,1,COM7
2,97116,37,rpm,549,140,36.7,36.7,3915,497,0,2,0.002,1,COM7
2,97137,37,rpm,536,143,36.7,36.7,3915,497,0,2,0.002,1,COM7
2,97157,37,rpm,366,146,36.7,36.7,3915,497,0,2,0.002,1,COM7
2,97178,37,rpm,38,148,36.7,36.7,3915,497,0,2,0.002,1,COM7
2,97198,37,rpm,-140,151,36.7,36.7,3915,497,0,2,0.002,1,COM7
2,97219,37,rpm,102,154,36.7,36.7,3915,497,0,2,0.002,1,COM7
2,97240,37,rpm,574,156,36.7,36.7,3915,497,0,2,0.002,1,COM7
2,97260,37,rpm,909,159,36.7,36.7,3915,497,0,2,0.002,1,COM7
2,97281,37,rpm,898,162,36.7,36.7,3915,497,0,2,0.002,1,COM7
2,97301,37,rpm,730,164,36.7,36.7,3915,497,0,2,0.002,1,COM7
2,97322,37,rpm,786,167,36.7,36.7,3915,497,0,2,0.002,1,COM7
2,97342,37,rpm,673,170,36.7,36.7,3915,497,0,2,0.002,1,COM7
2,97363,37,rpm,493,173,36.7,36.7,3915,497,0,3,0.002,1,COM7
2,97383,37,rpm,577,175,36.7,36.7,3915,497,0,3,0.003,1,COM7
2,97404,37,rpm,429,178,36.7,36.7,3915,497,0,3,0.003,1,COM7
2,97425,37,rpm,209,181,36.7,36.7,3915,497,0,3,0.003,1,COM7
2,97445,37,rpm,-449,184,36.7,36.7,3915,497,0,3,0.003,1,COM7
2,97466,37,rpm,68,187,36.7,36.7,3915,497,0,3,0.003,1,COM7
2,97486,37,rpm,425,190,36.7,36.7,3915,497,0,3,0.003,1,COM7
2,97507,37,rpm,864,193,36.7,36.7,3915,497,0,3,0.003,1,COM7
2,97527,37,rpm,1040,195,36.7,36.7,3915,497,0,3,0.003,1,COM7
2,97548,37,rpm,695,198,36.7,36.7,3915,497,0,3,0.003,1,COM7
2,97568,37,rpm,869,201,36.7,36.7,3915,497,0,3,0.003,1,COM7
2,97589,37,rpm,795,204,36.7,36.7,3915,497,0,3,0.003,1,COM7
2,97610,37,rpm,493,207,36.7,36.7,3915,497,0,3,0.003,1,COM7
2,97630,37,rpm,610,210,36.7,36.7,3915,497,0,3,0.003,1,COM7
2,97651,37,rpm,493,213,36.7,36.7,3915,497,0,3,0.003,1,COM7
2,97671,37,rpm,269,216,36.7,36.7,3915,497,0,4,0.003,1,COM7
2,97692,37,rpm,-311,219,36.7,36.7,3915,497,0,4,0.004,1,COM7
2,97713,37,rpm,-19,222,36.7,36.7,3915,497,0,4,0.004,1,COM7
2,97733,37,rpm,190,225,36.7,36.7,3915,497,0,4,0.004,1,COM7
2,97754,37,rpm,686,228,36.7,36.7,3915,497,0,4,0.004,1,COM7
2,97774,37,rpm,939,231,36.7,36.7,3915,497,0,4,0.004,1,COM7
2,97795,37,rpm,831,234,36.7,36.7,3915,497,0,4,0.004,1,COM7
2,97815,37,rpm,804,237,36.7,36.7,3915,497,0,4,0.004,1,COM7
2,97836,37,rpm,834,240,36.7,36.7,3915,497,0,4,0.004,1,COM7
2,97856,37,rpm,660,243,36.7,36.7,3915,497,0,4,0.004,1,COM7
2,97877,37,rpm,525,246,36.7,36.7,3915,497,0,4,0.004,1,COM7
2,97898,37,rpm,580,249,36.7,36.7,3915,497,0,4,0.004,1,COM7
2,97918,37,rpm,377,252,36.7,36.7,3915,497,0,5,0.004,1,COM7
2,97939,37,rpm,231,255,36.7,36.7,3915,497,0,5,0.004,1,COM7
2,97959,37,rpm,-458,258,36.7,36.7,3915,497,0,5,0.005,1,COM7
2,97980,37,rpm,35,261,36.7,36.7,3915,497,0,5,0.005,1,COM7
2,98000,37,rpm,382,264,36.7,36.7,3915,497,0,5,0.005,1,COM7
2,98021,37,rpm,837,267,36.7,36.7,3915,497,0,5,0.005,1,COM7
2,98042,37,rpm,875,270,36.7,36.7,3915,497,0,5,0.005,1,COM7
2,98062,37,rpm,806,273,36.7,36.7,3915,497,0,5,0.005,1,COM7
2,98083,37,rpm,881,276,36.7,36.7,3915,497,0,5,0.005,1,COM7
2,98104,37,rpm,743,279,36.7,36.7,3915,497,0,5,0.005,1,COM7
2,98124,37,rpm,537,282,36.7,36.7,3915,497,0,5,0.005,1,COM7
2,98145,37,rpm,602,285,36.7,36.7,3915,497,0,6,0.005,1,COM7
2,98165,37,rpm,468,288,36.7,36.7,3915,497,0,6,0.005,1,COM7
2,98186,37,rpm,290,291,36.7,36.7,3915,497,0,6,0.006,1,COM7
2,98206,37,rpm,-502,294,36.7,36.7,3915,497,0,6,0.006,1,COM7
2,98227,37,rpm,-9,297,36.7,36.7,3915,497,0,6,0.006,1,COM7
2,98248,37,rpm,210,300,36.7,36.7,3915,497,0,6,0.006,1,COM7
2,98268,37,rpm,630,303,36.7,36.7,3915,497,0,6,0.006,1,COM7
2,98289,37,rpm,815,306,36.7,36.7,3915,497,0,6,0.006,1,COM7
2,98309,37,rpm,911,309,36.7,36.7,3915,497,0,6,0.006,1,COM7
2,98330,37,rpm,773,312,36.7,36.7,3915,497,0,6,0.006,1,COM7
2,98351,37,rpm,781,315,36.7,36.7,3915,497,0,7,0.006,1,COM7
2,98371,37,rpm,665,317,36.7,36.7,3915,497,0,7,0.006,1,COM7
2,98392,37,rpm,513,320,36.7,36.7,3915,497,0,7,0.007,1,COM7
2,98412,37,rpm,547,323,36.7,36.7,3915,497,0,7,0.007,1,COM7
2,98433,37,rpm,353,326,36.7,36.7,3915,497,0,7,0.007,1,COM7
2,98453,37,rpm,224,329,36.7,36.7,3915,497,0,7,0.007,1,COM7
2,98474,37,rpm,-546,332,36.7,36.7,3915,497,0,7,0.007,1,COM7
2,98495,37,rpm,48,335,36.7,36.7,3915,497,0,7,0.007,1,COM7
2,98515,37,rpm,402,338,36.7,36.7,3915,497,0,7,0.007,1,COM7
2,98536,37,rpm,722,341,36.7,36.7,3915,497,0,8,0.007,1,COM7
2,98556,37,rpm,935,344,36.7,36.7,3915,497,0,8,0.007,1,COM7
2,98577,37,rpm,791,347,36.7,36.7,3915,497,0,8,0.008,1,COM7
2,98597,37,rpm,788,349,36.7,36.7,3915,497,0,8,0.008,1,COM7
2,98618,37,rpm,697,352,36.7,36.7,3915,497,0,8,0.008,1,COM7
2,98639,37,rpm,565,355,36.7,36.7,3915,497,0,8,0.008,1,COM7
2,98659,37,rpm,552,358,36.7,36.7,3915,497,0,8,0.008,1,COM7
2,98680,37,rpm,397,361,36.7,36.7,3915,497,0,8,0.008,1,COM7
2,98700,37,rpm,285,363,36.7,36.7,3915,497,0,9,0.008,1,COM7
2,98721,37,rpm,-505,366,36.7,36.7,3915,497,0,9,0.008,1,COM7
2,98741,37,rpm,0,369,36.7,36.7,3915,497,0,9,0.009,1,COM7
2,98762,37,rpm,256,372,36.7,36.7,3915,497,0,9,0.009,1,COM7
2,98783,37,rpm,632,374,36.7,36.7,3915,497,0,9,0.009,1,COM7
2,98803,37,rpm,821,377,36.7,36.7,3915,497,0,9,0.009,1,COM7
2,98824,37,rpm,873,380,36.7,36.7,3915,497,0,9,0.009,1,COM7
2,98844,37,rpm,797,382,36.7,36.7,3915,497,0,9,0.009,1,COM7
2,98865,37,rpm,675,385,36.7,36.7,3915,497,0,10,0.009,1,COM7
2,98885,37,rpm,626,388,36.7,36.7,3915,497,0,10,0.009,1,COM7
2,98906,37,rpm,557,390,36.7,36.7,3915,497,0,10,0.01,1,COM7
2,98927,37,rpm,385,393,36.7,36.7,3915,497,0,10,0.01,1,COM7
2,98947,37,rpm,300,396,36.7,36.7,3915,497,0,10,0.01,1,COM7
2,98968,37,rpm,-426,398,36.7,36.7,3915,497,0,10,0.01,1,COM7
2,98988,37,rpm,-6,401,36.7,36.7,3915,497,0,10,0.01,1,COM7
2,99009,37,rpm,158,403,36.7,36.7,3915,497,0,11,0.01,1,COM7
2,99030,37,rpm,628,406,36.7,36.7,3915,497,0,11,0.01,1,COM7
2,99050,37,rpm,662,408,36.7,36.7,3915,497,0,11,0.01,1,COM7
2,99071,37,rpm,854,411,36.7,36.7,3915,497,0,11,0.011,1,COM7
2,99091,37,rpm,887,413,36.7,36.7,3915,497,0,11,0.011,1,COM7
2,99112,37,rpm,614,416,36.7,36.7,3915,497,0,11,0.011,1,COM7
2,99132,37,rpm,622,418,36.7,36.7,3915,497,0,11,0.011,1,COM7
2,99153,37,rpm,636,421,36.7,36.7,3915,497,0,12,0.011,1,COM7
2,99174,37,rpm,427,423,36.7,36.7,3915,497,0,12,0.011,1,COM7
2,99194,37,rpm,353,425,36.7,36.7,3915,497,0,12,0.011,1,COM7
2,99215,37,rpm,216,428,36.7,36.7,3915,497,0,12,0.012,1,COM7
2,99235,37,rpm,-478,430,36.7,36.7,3915,497,0,12,0.012,1,COM7
2,99256,37,rpm,29,432,36.7,36.7,3915,497,0,12,0.012,1,COM7
2,99277,37,rpm,472,435,36.7,36.7,3915,497,0,12,0.012,1,COM7
2,99297,37,rpm,615,437,36.7,36.7,3915,497,0,13,0.012,1,COM7
2,99318,37,rpm,745,439,36.7,36.7,3915,497,0,13,0.012,1,COM7
2,99339,37,rpm,967,441,36.7,36.7,3915,497,0,13,0.012,1,COM7
2,99359,37,rpm,642,444,36.7,36.7,3915,497,0,13,0.013,1,COM7
2,99380,37,rpm,612,446,36.7,36.7,3915,497,0,13,0.013,1,COM7
2,99400,37,rpm,673,448,36.7,36.7,3915,497,0,13,0.013,1,COM7
2,99421,37,rpm,484,450,36.7,36.7,3915,497,0,13,0.013,1,COM7
2,99442,37,rpm,403,452,36.7,36.7,3915,497,0,14,0.013,1,COM7
2,99462,37,rpm,305,454,36.7,36.7,3915,497,0,14,0.013,1,COM7
2,99483,37,rpm,-495,456,36.7,36.7,3915,497,0,14,0.014,1,COM7
2,99504,37,rpm,-1,458,36.7,36.7,3915,497,0,14,0.014,1,COM7
2,99524,37,rpm,206,460,36.7,36.7,3915,497,0,14,0.014,1,COM7
2,99545,37,rpm,543,462,36.7,36.7,3915,497,0,14,0.014,1,COM7
2,99565,37,rpm,708,464,36.7,36.7,3915,497,0,15,0.014,1,COM7
2,99586,37,rpm,941,466,36.7,36.7,3915,497,0,15,0.014,1,COM7
2,99607,37,rpm,721,468,36.7,36.7,3915,497,0,15,0.014,1,COM7
2,99627,37,rpm,700,470,36.7,36.7,3915,497,0,15,0.015,1,COM7
2,99648,37,rpm,668,472,36.7,36.7,3915,497,0,15,0.015,1,COM7
2,99669,37,rpm,518,474,36.7,36.7,3915,497,0,15,0.015,1,COM7
2,99689,37,rpm,502,475,36.7,36.7,3915,497,0,16,0.015,1,COM7
2,99710,37,rpm,360,477,36.7,36.7,3915,497,0,16,0.015,1,COM7
2,99730,37,rpm,215,479,36.7,36.7,3915,497,0,16,0.015,1,COM7
2,99751,37,rpm,-551,481,36.7,36.7,3915,497,0,16,0.016,1,COM7
2,99772,37,rpm,41,482,36.7,36.7,3915,497,0,16,0.016,1,COM7
2,99792,37,rpm,398,484,36.7,36.7,3915,497,0,16,0.016,1,COM7
2,99813,37,rpm,700,486,36.7,36.7,3915,497,0,17,0.016,1,COM7
2,99833,37,rpm,807,487,36.7,36.7,3915,497,0,17,0.016,1,COM7
2,99854,37,rpm,782,489,36.7,36.7,3915,497,0,17,0.016,1,COM7
2,99875,37,rpm,760,490,36.7,36.7,3915,497,0,17,0.017,1,COM7
2,99895,37,rpm,648,492,36.7,36.7,3915,497,0,17,0.017,1,COM7
2,99916,37,rpm,558,494,36.7,36.7,3915,497,0,17,0.017,1,COM7
2,99936,37,rpm,544,495,36.7,36.7,3915,497,0,18,0.017,1,COM7
2,99957,37,rpm,403,497,36.7,36.7,3915,497,0,18,0.017,1,COM7
2,99978,37,rpm,273,498,36.7,36.7,3915,497,0,18,0.017,1,COM7
2,99998,37,rpm,-484,499,36.7,36.7,3915,497,0,18,0.018,1,COM7
2,100019,37,rpm,1,501,36.7,36.7,3915,497,0,18,0.018,1,COM7
2,100039,37,rpm,176,502,36.7,36.7,3915,497,0,18,0.018,1,COM7
2,100060,37,rpm,583,503,36.7,36.7,3915,497,0,19,0.018,1,COM7
2,100081,37,rpm,771,505,36.7,36.7,3915,497,0,19,0.018,1,COM7
2,100101,37,rpm,905,506,36.7,36.7,3915,497,0,19,0.018,1,COM7
2,100122,37,rpm,692,507,36.7,36.7,3915,497,0,19,0.019,1,COM7
2,100143,37,rpm,675,509,36.7,36.7,3915,497,0,19,0.019,1,COM7
2,100163,37,rpm,671,510,36.7,36.7,3915,497,0,19,0.019,1,COM7
2,100184,37,rpm,497,511,36.7,36.7,3915,497,0,20,0.019,1,COM7
2,100205,37,rpm,478,512,36.7,36.7,3915,497,0,20,0.019,1,COM7
2,100225,37,rpm,349,513,36.7,36.7,3915,497,0,20,0.019,1,COM7
2,100246,37,rpm,117,514,36.7,36.7,3915,497,0,20,0.02,1,COM7
2,100266,37,rpm,-439,515,36.7,36.7,3915,497,0,20,0.02,1,COM7
2,100287,37,rpm,111,516,36.7,36.7,3915,497,0,21,0.02,1,COM7
2,100308,37,rpm,464,517,36.7,36.7,3915,497,0,21,0.02,1,COM7
2,100328,37,rpm,730,518,36.7,36.7,3915,497,0,21,0.02,1,COM7
2,100349,37,rpm,1018,519,36.7,36.7,3915,497,0,21,0.02,1,COM7
2,100369,37,rpm,738,520,36.7,36.7,3915,497,0,21,0.021,1,COM7
2,100390,37,rpm,698,521,36.7,36.7,3915,497,0,21,0.021,1,COM7
2,100411,37,rpm,770,522,36.7,36.7,3915,497,0,22,0.021,1,COM7
2,100431,37,rpm,554,523,36.7,36.7,3915,497,0,22,0.021,1,COM7
2,100452,37,rpm,455,524,36.7,36.7,3915,497,0,22,0.021,1,COM7
2,100473,37,rpm,376,525,36.7,36.7,3915,497,0,22,0.021,1,COM7
2,100493,37,rpm,199,525,36.7,36.7,3915,497,0,22,0.022,1,COM7
2,100514,37,rpm,-538,526,36.7,36.7,3915,497,0,22,0.022,1,COM7
2,100535,37,rpm,48,527,36.7,36.7,3915,497,0,23,0.022,1,COM7
2,100555,37,rpm,446,528,36.7,36.7,3915,497,0,23,0.022,1,COM7
2,100576,37,rpm,656,528,36.7,36.7,3915,497,0,23,0.022,1,COM7
2,100596,37,rpm,929,529,36.7,36.7,3915,497,0,23,0.023,1,COM7
2,100617,37,rpm,864,529,36.7,36.7,3915,497,0,23,0.023,1,COM7
2,100638,37,rpm,724,530,36.7,36.7,3915,497,0,24,0.023,1,COM7
2,100658,37,rpm,689,531,36.7,36.7,3915,497,0,24,0.023,1,COM7
2,100679,37,rpm,618,531,36.7,36.7,3915,497,0,24,0.023,1,COM7
2,100700,37,rpm,569,532,36.7,36.7,3915,497,0,24,0.023,1,COM7
2,100720,37,rpm,390,532,36.7,36.7,3915,497,0,24,0.024,1,COM7
2,100741,37,rpm,282,533,36.7,36.7,3915,497,0,24,0.024,1,COM7
2,100761,37,rpm,-417,533,36.7,36.7,3915,497,0,25,0.024,1,COM7
2,100782,37,rpm,3,534,36.7,36.7,3915,497,0,25,0.024,1,COM7
2,100803,37,rpm,258,534,36.7,36.7,3915,497,0,25,0.024,1,COM7
2,100823,37,rpm,714,534,36.7,36.7,3915,497,0,25,0.024,1,COM7
2,100844,37,rpm,757,535,36.7,36.7,3915,497,0,25,0.025,1,COM7
2,100865,37,rpm,884,535,36.7,36.7,3915,497,0,26,0.025,1,COM7
2,100885,37,rpm,924,535,36.7,36.7,3915,497,0,26,0.025,1,COM7
2,100906,37,rpm,703,536,36.7,36.7,3915,497,0,26,0.025,1,COM7
2,100926,37,rpm,607,536,36.7,36.7,3915,497,0,26,0.025,1,COM7
2,100947,37,rpm,646,536,36.7,36.7,3915,497,0,26,0.026,1,COM7
2,100968,37,rpm,486,536,36.7,36.7,3915,497,0,27,0.026,1,COM7
2,100988,37,rpm,304,537,36.7,36.7,3915,497,0,27,0.026,1,COM7
2,101009,37,rpm,182,537,36.7,36.7,3915,497,0,27,0.026,1,COM7
2,101029,37,rpm,-420,537,36.7,36.7,3915,497,0,27,0.026,1,COM7
2,101050,37,rpm,44,537,36.7,36.7,3915,497,0,27,0.026,1,COM7
2,101071,37,rpm,516,537,36.7,36.7,3915,497,0,27,0.027,1,COM7
2,101091,37,rpm,805,537,36.7,36.7,3915,497,0,28,0.027,1,COM7
2,101112,37,rpm,740,537,36.7,36.7,3915,497,0,28,0.027,1,COM7
2,101133,37,rpm,1032,538,36.7,36.7,3915,497,0,28,0.027,1,COM7
2,101153,37,rpm,855,538,36.7,36.7,3915,497,0,28,0.027,1,COM7
2,101174,37,rpm,586,538,36.7,36.7,3915,497,0,28,0.028,1,COM7
2,101194,37,rpm,668,538,36.7,36.7,3915,497,0,29,0.028,1,COM7
2,101215,37,rpm,623,538,36.7,36.7,3915,497,0,29,0.028,1,COM7
2,101236,37,rpm,374,538,36.7,36.7,3915,497,0,29,0.028,1,COM7
2,101256,37,rpm,292,537,36.7,36.7,3915,497,0,29,0.028,1,COM7
2,101277,37,rpm,-407,537,36.7,36.7,3915,497,0,29,0.028,1,COM7
2,101298,37,rpm,10,537,36.7,36.7,3915,497,0,29,0.029,1,COM7
2,101318,37,rpm,273,537,36.7,36.7,3915,497,0,30,0.029,1,COM7
2,101339,37,rpm,774,537,36.7,36.7,3915,497,0,30,0.029,1,COM7
2,101360,37,rpm,855,537,36.7,36.7,3915,497,0,30,0.029,1,COM7
2,101380,37,rpm,788,537,36.7,36.7,3915,497,0,30,0.029,1,COM7
2,101401,37,rpm,997,537,36.7,36.7,3915,497,0,30,0.029,1,COM7
2,101421,37,rpm,825,536,36.7,36.7,3915,497,0,31,0.03,1,COM7
2,101442,37,rpm,547,536,36.7,36.7,3915,497,0,31,0.03,1,COM7
2,101463,37,rpm,661,536,36.7,36.7,3915,497,0,31,0.03,1,COM7
2,101483,37,rpm,577,536,36.7,36.7,3915,497,0,31,0.03,1,COM7
2,101504,37,rpm,291,535,36.7,36.7,3915,497,0,31,0.03,1,COM7
2,101525,37,rpm,144,535,36.7,36.7,3915,497,0,32,0.031,1,COM7
2,101545,37,rpm,-383,535,36.7,36.7,3915,497,0,32,0.031,1,COM7
2,101566,37,rpm,58,535,36.7,36.7,3915,497,0,32,0.031,1,COM7
2,101587,37,rpm,556,534,36.7,36.7,3915,497,0,32,0.031,1,COM7
2,101607,37,rpm,937,534,36.7,36.7,3915,497,0,32,0.031,1,COM7
2,101628,37,rpm,860,534,36.7,36.7,3915,497,0,32,0.031,1,COM7
2,101648,37,rpm,882,533,36.7,36.7,3915,497,0,33,0.032,1,COM7
2,101669,37,rpm,942,533,36.7,36.7,3915,497,0,33,0.032,1,COM7
2,101690,37,rpm,733,532,36.7,36.7,3915,497,0,33,0.032,1,COM7
2,101710,37,rpm,559,532,36.7,36.7,3915,497,0,33,0.032,1,COM7
2,101731,37,rpm,670,532,36.7,36.7,3915,497,0,33,0.032,1,COM7
2,101751,37,rpm,418,531,36.7,36.7,3915,497,0,34,0.033,1,COM7
2,101772,37,rpm,265,531,36.7,36.7,3915,497,0,34,0.033,1,COM7
2,101793,37,rpm,-398,530,36.7,36.7,3915,497,0,34,0.033,1,COM7
2,101813,37,rpm,24,530,36.7,36.7,3915,497,0,34,0.033,1,COM7
2,101834,37,rpm,353,529,36.7,36.7,3915,497,0,34,0.033,1,COM7
2,101855,37,rpm,847,529,36.7,36.7,3915,497,0,34,0.033,1,COM7
2,101875,37,rpm,1034,528,36.7,36.7,3915,497,0,35,0.034,1,COM7
2,101896,37,rpm,875,528,36.7,36.7,3915,497,0,35,0.034,1,COM7
2,101917,37,rpm,817,528,36.7,36.7,3915,497,0,35,0.034,1,COM7
2,101937,37,rpm,816,527,36.7,36.7,3915,497,0,35,0.034,1,COM7
2,101958,37,rpm,690,526,36.7,36.7,3915,497,0,35,0.034,1,COM7
2,101978,37,rpm,536,526,36.7,36.7,3915,497,0,36,0.034,1,COM7
2,101999,37,rpm,467,525,36.7,36.7,3915,497,0,36,0.035,1,COM7
2,102020,37,rpm,293,525,36.7,36.7,3915,497,0,36,0.035,1,COM7
2,102040,37,rpm,-367,524,36.7,36.7,3915,497,0,36,0.035,1,COM7
2,102061,37,rpm,7,524,36.7,36.7,3915,497,0,36,0.035,1,COM7
2,102082,37,rpm,315,523,36.7,36.7,3915,497,0,36,0.035,1,COM7
2,102102,37,rpm,647,523,36.7,36.7,3915,497,0,37,0.035,1,COM7
2,102123,37,rpm,874,522,36.7,36.7,3915,497,0,37,0.036,1,COM7
2,102143,37,rpm,1050,521,36.7,36.7,3915,497,0,37,0.036,1,COM7
2,102164,37,rpm,762,521,36.7,36.7,3915,497,0,37,0.036,1,COM7
2,102185,37,rpm,739,520,36.7,36.7,3915,497,0,37,0.036,1,COM7
2,102205,37,rpm,742,520,36.7,36.7,3915,497,0,37,0.036,1,COM7
2,102226,37,rpm,576,519,36.7,36.7,3915,497,0,38,0.037,1,COM7
2,102246,37,rpm,472,518,36.7,36.7,3915,497,0,38,0.037,1,COM7
2,102267,37,rpm,385,518,36.7,36.7,3915,497,0,38,0.037,1,COM7
2,102288,37,rpm,129,517,36.7,36.7,3915,497,0,38,0.037,1,COM7
2,102308,37,rpm,-327,517,36.7,36.7,3915,497,0,38,0.037,1,COM7
2,102329,37,rpm,86,516,36.7,36.7,3915,497,0,39,0.037,1,COM7
2,102350,37,rpm,579,515,36.7,36.7,3915,497,0,39,0.038,1,COM7
2,102370,37,rpm,693,515,36.7,36.7,3915,497,0,39,0.038,1,COM7
2,102391,37,rpm,981,514,36.7,36.7,3915,497,0,39,0.038,1,COM7
2,102411,37,rpm,948,514,36.7,36.7,3915,497,0,39,0.038,1,COM7
2,102432,37,rpm,658,513,36.7,36.7,3915,497,0,39,0.038,1,COM7
2,102453,37,rpm,723,512,36.7,36.7,3915,497,0,40,0.038,1,COM7
2,102473,37,rpm,692,512,36.7,36.7,3915,497,0,40,0.039,1,COM7
2,102494,37,rpm,492,511,36.7,36.7,3915,497,0,40,0.039,1,COM7
2,102514,37,rpm,407,510,36.7,36.7,3915,497,0,40,0.039,1,COM7
2,102535,37,rpm,311,510,36.7,36.7,3915,497,0,40,0.039,1,COM7
2,102556,37,rpm,-354,509,36.7,36.7,3915,497,0,40,0.039,1,COM7
2,102576,37,rpm,11,508,36.7,36.7,3915,497,0,41,0.039,1,COM7
2,102597,37,rpm,327,508,36.7,36.7,3915,497,0,41,0.04,1,COM7
2,102618,37,rpm,635,507,36.7,36.7,3915,497,0,41,0.04,1,COM7
2,102638,37,rpm,734,507,36.7,36.7,3915,497,0,41,0.04,1,COM7
2,102659,37,rpm,1057,506,36.7,36.7,3915,497,0,41,0.04,1,COM7
2,102680,37,rpm,823,505,36.7,36.7,3915,497,0,42,0.04,1,COM7
2,102700,37,rpm,603,505,36.7,36.7,3915,497,0,42,0.04,1,COM7
2,102721,37,rpm,721,504,36.7,36.7,3915,497,0,42,0.041,1,COM7
2,102741,37,rpm,592,503,36.7,36.7,3915,497,0,42,0.041,1,COM7
2,102762,37,rpm,400,503,36.7,36.7,3915,497,0,42,0.041,1,COM7
2,102783,37,rpm,370,502,36.7,36.7,3915,497,0,42,0.041,1,COM7
2,102803,37,rpm,36,502,36.7,36.7,3915,497,0,43,0.041,1,COM7
2,102824,37,rpm,-268,501,36.7,36.7,3915,497,0,43,0.041,1,COM7
2,102844,37,rpm,92,500,36.7,36.7,3915,497,0,43,0.042,1,COM7
2,102865,37,rpm,627,500,36.7,36.7,3915,497,0,43,0.042,1,COM7
2,102886,37,rpm,618,499,36.7,36.7,3915,497,0,43,0.042,1,COM7
2,102906,37,rpm,885,498,36.7,36.7,3915,497,0,43,0.042,1,COM7
2,102927,37,rpm,967,498,36.7,36.7,3915,497,0,44,0.042,1,COM7
2,102948,37,rpm,641,497,36.7,36.7,3915,497,0,44,0.042,1,COM7
2,102968,37,rpm,640,497,36.7,36.7,3915,497,0,44,0.043,1,COM7
2,102989,37,rpm,669,496,36.7,36.7,3915,497,0,44,0.043,1,COM7
2,103009,37,rpm,509,495,36.7,36.7,3915,497,0,44,0.043,1,COM7
2,103030,37,rpm,345,495,36.7,36.7,3915,497,0,44,0.043,1,COM7
2,103051,37,rpm,293,494,36.7,36.7,3915,497,0,45,0.043,1,COM7
2,103071,37,rpm,-360,494,36.7,36.7,3915,497,0,45,0.043,1,COM7
2,103092,37,rpm,9,493,36.7,36.7,3915,497,0,45,0.044,1,COM7
2,103112,37,rpm,326,493,36.7,36.7,3915,497,0,45,0.044,1,COM7
2,103133,37,rpm,668,492,36.7,36.7,3915,497,0,45,0.044,1,COM7
2,103153,37,rpm,722,491,36.7,36.7,3915,497,0,45,0.044,1,COM7
2,103174,37,rpm,964,491,36.7,36.7,3915,497,0,46,0.044,1,COM7
2,103195,37,rpm,804,490,36.7,36.7,3915,497,0,46,0.044,1,COM7
2,103215,37,rpm,589,490,36.7,36.7,3915,497,0,46,0.045,1,COM7
2,103236,37,rpm,616,489,36.7,36.7,3915,497,0,46,0.045,1,COM7
2,103257,37,rpm,598,489,36.7,36.7,3915,497,0,46,0.045,1,COM7
2,103277,37,rpm,410,488,36.7,36.7,3915,497,0,46,0.045,1,COM7
2,103298,37,rpm,293,488,36.7,36.7,3915,497,0,47,0.045,1,COM7
2,103318,37,rpm,-71,487,36.7,36.7,3915,497,0,47,0.045,1,COM7
2,103339,37,rpm,-200,487,36.7,36.7,3915,497,0,47,0.046,1,COM7
2,103360,37,rpm,125,486,36.7,36.7,3915,497,0,47,0.046,1,COM7
2,103380,37,rpm,673,486,36.7,36.7,3915,497,0,47,0.046,1,COM7
2,103401,37,rpm,821,485,36.7,36.7,3915,497,0,47,0.046,1,COM7
2,103422,37,rpm,836,485,36.7,36.7,3915,497,0,48,0.046,1,COM7
2,103442,37,rpm,849,484,36.7,36.7,3915,497,0,48,0.046,1,COM7
2,103463,37,rpm,730,484,36.7,36.7,3915,497,0,48,0.047,1,COM7
2,103483,37,rpm,620,483,36.7,36.7,3915,497,0,48,0.047,1,COM7
2,103504,37,rpm,576,483,36.7,36.7,3915,497,0,48,0.047,1,COM7
2,103524,37,rpm,477,482,36.7,36.7,3915,497,0,48,0.047,1,COM7
2,103545,37,rpm,308,482,36.7,36.7,3915,497,0,49,0.047,1,COM7
2,103566,37,rpm,70,481,36.7,36.7,3915,497,0,49,0.047,1,COM7
2,103586,37,rpm,-293,481,36.7,36.7,3915,497,0,49,0.048,1,COM7
2,103607,37,rpm,98,480,36.7,36.7,3915,497,0,49,0.048,1,COM7
2,103627,37,rpm,535,480,36.7,36.7,3915,497,0,49,0.048,1,COM7
2,103648,37,rpm,747,480,36.7,36.7,3915,497,0,49,0.048,1,COM7
2,103669,37,rpm,847,479,36.7,36.7,3915,497,0,50,0.048,1,COM7
2,103689,37,rpm,781,479,36.7,36.7,3915,497,0,50,0.048,1,COM7
2,103710,37,rpm,753,478,36.7,36.7,3915,497,0,50,0.048,1,COM7
2,103731,37,rpm,669,478,36.7,36.7,3915,497,0,50,0.049,1,COM7
2,103751,37,rpm,540,477,36.7,36.7,3915,497,0,50,0.049,1,COM7
2,103772,37,rpm,515,477,36.7,36.7,3915,497,0,50,0.049,1,COM7
2,103792,37,rpm,388,477,36.7,36.7,3915,497,0,51,0.049,1,COM7
2,103813,37,rpm,250,476,36.7,36.7,3915,497,0,51,0.049,1,COM7
2,103834,37,rpm,-362,476,36.7,36.7,3915,497,0,51,0.049,1,COM7
2,103854,37,rpm,26,476,36.7,36.7,3915,497,0,51,0.05,1,COM7
2,103875,37,rpm,322,475,36.7,36.7,3915,497,0,51,0.05,1,COM7
2,103896,37,rpm,654,475,36.7,36.7,3915,497,0,51,0.05,1,COM7
2,103916,37,rpm,869,475,36.7,36.7,3915,497,0,52,0.05,1,COM7
2,103937,37,rpm,869,474,36.7,36.7,3915,497,0,52,0.05,1,COM7
2,103957,37,rpm,681,474,36.7,36.7,3915,497,0,52,0.05,1,COM7
2,103978,37,rpm,739,474,36.7,36.7,3915,497,0,52,0.051,1,COM7
2,103998,37,rpm,622,473,36.7,36.7,3915,497,0,52,0.051,1,COM7
2,104019,37,rpm,478,473,36.7,36.7,3915,497,0,52,0.051,1,COM7
2,104040,37,rpm,485,473,36.7,36.7,3915,497,0,53,0.051,1,COM7
2,104060,37,rpm,319,472,36.7,36.7,3915,497,0,53,0.051,1,COM7
2,104081,37,rpm,36,472,36.7,36.7,3915,497,0,53,0.051,1,COM7
2,104102,37,rpm,-273,472,36.7,36.7,3915,497,0,53,0.051,1,COM7
2,104122,37,rpm,108,471,36.7,36.7,3915,497,0,53,0.052,1,COM7
2,104143,37,rpm,493,471,36.7,36.7,3915,497,0,53,0.052,1,COM7
2,104163,37,rpm,743,471,36.7,36.7,3915,497,0,54,0.052,1,COM7
2,104184,37,rpm,923,471,36.7,36.7,3915,497,0,54,0.052,1,COM7
2,104205,37,rpm,723,470,36.7,36.7,3915,497,0,54,0.052,1,COM7
2,104225,37,rpm,748,470,36.7,36.7,3915,497,0,54,0.052,1,COM7
2,104246,37,rpm,701,470,36.7,36.7,3915,497,0,54,0.053,1,COM7
2,104267,37,rpm,510,470,36.7,36.7,3915,497,0,54,0.053,1,COM7
2,104287,37,rpm,512,469,36.7,36.7,3915,497,0,55,0.053,1,COM7
2,104308,37,rpm,409,469,36.7,36.7,3915,497,0,55,0.053,1,COM7
2,104328,37,rpm,244,469,36.7,36.7,3915,497,0,55,0.053,1,COM7
2,104349,37,rpm,-393,469,36.7,36.7,3915,497,0,55,0.053,1,COM7
2,104370,37,rpm,45,469,36.7,36.7,3915,497,0,55,0.054,1,COM7
2,104390,37,rpm,331,468,36.7,36.7,3915,497,0,55,0.054,1,COM7
2,104411,37,rpm,631,468,36.7,36.7,3915,497,0,55,0.054,1,COM7
2,104431,37,rpm,843,468,36.7,36.7,3915,497,0,56,0.054,1,COM7
2,104452,37,rpm,875,468,36.7,36.7,3915,497,0,56,0.054,1,COM7
2,104473,37,rpm,690,468,36.7,36.7,3915,497,0,56,0.054,1,COM7
2,104493,37,rpm,697,467,36.7,36.7,3915,497,0,56,0.054,1,COM7
2,104514,37,rpm,639,467,36.7,36.7,3915,497,0,56,0.055,1,COM7
2,104534,37,rpm,508,467,36.7,36.7,3915,497,0,56,0.055,1,COM7
2,104555,37,rpm,445,467,36.7,36.7,3915,497,0,57,0.055,1,COM7
2,104576,37,rpm,314,467,36.7,36.7,3915,497,0,57,0.055,1,COM7
2,104596,37,rpm,-17,467,36.7,36.7,3915,497,0,57,0.055,1,COM7
2,104617,37,rpm,-248,467,36.7,36.7,3915,497,0,57,0.055,1,COM7
2,104638,37,rpm,126,466,36.7,36.7,3915,497,0,57,0.056,1,COM7
2,104658,37,rpm,582,466,36.7,36.7,3915,497,0,57,0.056,1,COM7
2,104679,37,rpm,711,466,36.7,36.7,3915,497,0,58,0.056,1,COM7
2,104699,37,rpm,908,466,36.7,36.7,3915,497,0,58,0.056,1,COM7
2,104720,37,rpm,851,466,36.7,36.7,3915,497,0,58,0.056,1,COM7
2,104741,37,rpm,633,466,36.7,36.7,3915,497,0,58,0.056,1,COM7
2,104761,37,rpm,653,466,36.7,36.7,3915,497,0,58,0.056,1,COM7
2,104782,37,rpm,604,466,36.7,36.7,3915,497,0,58,0.057,1,COM7
2,104803,37,rpm,473,465,36.7,36.7,3915,497,0,59,0.057,1,COM7
2,104823,37,rpm,348,465,36.7,36.7,3915,497,0,59,0.057,1,COM7
2,104844,37,rpm,227,465,36.7,36.7,3915,497,0,59,0.057,1,COM7
2,104865,37,rpm,-383,465,36.7,36.7,3915,497,0,59,0.057,1,COM7
2,104885,37,rpm,65,465,36.7,36.7,3915,497,0,59,0.057,1,COM7
2,104906,37,rpm,474,465,36.7,36.7,3915,497,0,59,0.058,1,COM7
2,104926,37,rpm,713,465,36.7,36.7,3915,497,0,59,0.058,1,COM7
2,104947,37,rpm,827,465,36.7,36.7,3915,497,0,60,0.058,1,COM7
2,104968,37,rpm,893,465,36.7,36.7,3915,497,0,60,0.058,1,COM7
2,104988,37,rpm,771,465,36.7,36.7,3915,497,0,60,0.058,1,COM7
2,105009,37,rpm,615,465,36.7,36.7,3915,497,0,60,0.058,1,COM7
2,105030,37,rpm,599,465,36.7,36.7,3915,497,0,60,0.058,1,COM7
2,105050,37,rpm,550,465,36.7,36.7,3915,497,0,60,0.059,1,COM7
2,105071,37,rpm,345,465,36.7,36.7,3915,497,0,61,0.059,1,COM7
2,105091,37,rpm,245,465,36.7,36.7,3915,497,0,61,0.059,1,COM7
2,105112,37,rpm,-367,465,36.7,36.7,3915,497,0,61,0.059,1,COM7
2,105133,37,rpm,39,464,36.7,36.7,3915,497,0,61,0.059,1,COM7
2,105153,37,rpm,323,464,36.7,36.7,3915,497,0,61,0.059,1,COM7
2,105174,37,rpm,729,464,36.7,36.7,3915,497,0,61,0.06,1,COM7
2,105195,37,rpm,793,464,36.7,36.7,3915,497,0,62,0.06,1,COM7
2,105215,37,rpm,766,464,36.7,36.7,3915,497,0,62,0.06,1,COM7
2,105236,37,rpm,852,464,36.7,36.7,3915,497,0,62,0.06,1,COM7
2,105256,37,rpm,670,464,36.7,36.7,3915,497,0,62,0.06,1,COM7
2,105277,37,rpm,531,464,36.7,36.7,3915,497,0,62,0.06,1,COM7
2,105298,37,rpm,599,464,36.7,36.7,3915,497,0,62,0.06,1,COM7
2,105318,37,rpm,442,464,36.7,36.7,3915,497,0,63,0.061,1,COM7
2,105339,37,rpm,262,464,36.7,36.7,3915,497,0,63,0.061,1,COM7
2,105359,37,rpm,-94,464,36.7,36.7,3915,497,0,63,0.061,1,COM7
2,105380,37,rpm,-168,464,36.7,36.7,3915,497,0,63,0.061,1,COM7
2,105401,37,rpm,118,464,36.7,36.7,3915,497,0,63,0.061,1,COM7
2,105421,37,rpm,632,464,36.7,36.7,3915,497,0,63,0.061,1,COM7
2,105442,37,rpm,798,464,36.7,36.7,3915,497,0,63,0.062,1,COM7
2,105462,37,rpm,755,464,36.7,36.7,3915,497,0,64,0.062,1,COM7
2,105483,37,rpm,820,464,36.7,36.7,3915,497,0,64,0.062,1,COM7
2,105504,37,rpm,770,464,36.7,36.7,3915,497,0,64,0.062,1,COM7
2,105524,37,rpm,582,464,36.7,36.7,3915,497,0,64,0.062,1,COM7
2,105545,37,rpm,561,464,36.7,36.7,3915,497,0,64,0.062,1,COM7
2,105565,37,rpm,539,464,36.7,36.7,3915,497,0,64,0.062,1,COM7
2,105586,37,rpm,333,465,36.7,36.7,3915,497,0,65,0.063,1,COM7
2,105607,37,rpm,245,465,36.7,36.7,3915,497,0,65,0.063,1,COM7
2,105627,37,rpm,-403,465,36.7,36.7,3915,497,0,65,0.063,1,COM7
2,105648,37,rpm,47,465,36.7,36.7,3915,497,0,65,0.063,1,COM7
2,105669,37,rpm,336,465,36.7,36.7,3915,497,0,65,0.063,1,COM7
2,105689,37,rpm,732,465,36.7,36.7,3915,497,0,65,0.063,1,COM7
2,105710,37,rpm,779,465,36.7,36.7,3915,497,0,66,0.064,1,COM7
2,105730,37,rpm,836,465,36.7,36.7,3915,497,0,66,0.064,1,COM7
2,105751,37,rpm,788,465,36.7,36.7,3915,497,0,66,0.064,1,COM7
2,105772,37,rpm,672,465,36.7,36.7,3915,497,0,66,0.064,1,COM7
2,105792,37,rpm,571,465,36.7,36.7,3915,497,0,66,0.064,1,COM7
2,105813,37,rpm,541,465,36.7,36.7,3915,497,0,66,0.064,1,COM7
2,105834,37,rpm,440,465,36.7,36.7,3915,497,0,67,0.065,1,COM7
2,105854,37,rpm,301,465,36.7,36.7,3915,497,0,67,0.065,1,COM7
2,105875,37,rpm,-115,465,36.7,36.7,3915,497,0,67,0.065,1,COM7
2,105896,37,rpm,-196,465,36.7,36.7,3915,497,0,67,0.065,1,COM7
2,105916,37,rpm,157,465,36.7,36.7,3915,497,0,67,0.065,1,COM7
2,105937,37,rpm,612,465,36.7,36.7,3915,497,0,67,0.065,1,COM7
2,105957,37,rpm,759,465,36.7,36.7,3915,497,0,67,0.065,1,COM7
2,105978,37,rpm,873,465,36.7,36.7,3915,497,0,68,0.066,1,COM7
2,105999,37,rpm,771,465,36.7,36.7,3915,497,0,68,0.066,1,COM7
2,106019,37,rpm,696,466,36.7,36.7,3915,497,0,68,0.066,1,COM7
2,106040,37,rpm,665,466,36.7,36.7,3915,497,0,68,0.066,1,COM7
2,106060,37,rpm,541,466,36.7,36.7,3915,497,0,68,0.066,1,COM7
2,106081,37,rpm,486,466,36.7,36.7,3915,497,0,68,0.066,1,COM7
2,106102,37,rpm,357,466,36.7,36.7,3915,497,0,69,0.067,1,COM7
2,106122,37,rpm,222,466,36.7,36.7,3915,497,0,69,0.067,1,COM7
2,106143,37,rpm,-396,466,36.7,36.7,3915,497,0,69,0.067,1,COM7
2,106164,37,rpm,63,466,36.7,36.7,3915,497,0,69,0.067,1,COM7
2,106184,37,rpm,420,466,36.7,36.7,3915,497,0,69,0.067,1,COM7
2,106205,37,rpm,633,466,36.7,36.7,3915,497,0,69,0.067,1,COM7
2,106226,37,rpm,840,466,36.7,36.7,3915,497,0,70,0.067,1,COM7
2,106246,37,rpm,908,466,36.7,36.7,3915,497,0,70,0.068,1,COM7
2,106267,37,rpm,680,466,36.7,36.7,3915,497,0,70,0.068,1,COM7
2,106288,37,rpm,627,466,36.7,36.7,3915,497,0,70,0.068,1,COM7
2,106308,37,rpm,668,466,36.7,36.7,3915,497,0,70,0.068,1,COM7
2,106329,37,rpm,518,467,36.7,36.7,3915,497,0,70,0.068,1,COM7
2,106350,37,rpm,358,467,36.7,36.7,3915,497,0,71,0.068,1,COM7
2,106370,37,rpm,326,467,36.7,36.7,3915,497,0,71,0.069,1,COM7
2,106391,37,rpm,-289,467,36.7,36.7,3915,497,0,71,0.069,1,COM7
2,106411,37,rpm,-42,467,36.7,36.7,3915,497,0,71,0.069,1,COM7
2,106432,37,rpm,238,467,36.7,36.7,3915,497,0,71,0.069,1,COM7
2,106453,37,rpm,724,467,36.7,36.7,3915,497,0,71,0.069,1,COM7
2,106473,37,rpm,706,467,36.7,36.7,3915,497,0,71,0.069,1,COM7
2,106494,37,rpm,986,467,36.7,36.7,3915,497,0,72,0.069,1,COM7
2,106514,37,rpm,823,467,36.7,36.7,3915,497,0,72,0.07,1,COM7
2,106535,37,rpm,593,467,36.7,36.7,3915,497,0,72,0.07,1,COM7
2,106556,37,rpm,671,467,36.7,36.7,3915,497,0,72,0.07,1,COM7
2,106576,37,rpm,585,467,36.7,36.7,3915,497,0,72,0.07,1,COM7
2,106597,37,rpm,366,467,36.7,36.7,3915,497,0,72,0.07,1,COM7
2,106618,37,rpm,305,468,36.7,36.7,3915,497,0,73,0.07,1,COM7
2,106638,37,rpm,-135,468,36.7,36.7,3915,497,0,73,0.071,1,COM7
2,106659,37,rpm,-167,468,36.7,36.7,3915,497,0,73,0.071,1,COM7
2,106679,37,rpm,152,468,36.7,36.7,3915,497,0,73,0.071,1,COM7
2,106700,37,rpm,688,468,36.7,36.7,3915,497,0,73,0.071,1,COM7
2,106721,37,rpm,674,468,36.7,36.7,3915,497,0,73,0.071,1,COM7
2,106741,37,rpm,833,468,36.7,36.7,3915,497,0,74,0.071,1,COM7
2,106762,37,rpm,895,468,36.7,36.7,3915,497,0,74,0.072,1,COM7
2,106782,37,rpm,650,468,36.7,36.7,3915,497,0,74,0.072,1,COM7
2,106803,37,rpm,588,468,36.7,36.7,3915,497,0,74,0.072,1,COM7
2,106824,37,rpm,621,468,36.7,36.7,3915,497,0,74,0.072,1,COM7
2,106844,37,rpm,485,468,36.7,36.7,3915,497,0,74,0.072,1,COM7
2,106865,37,rpm,314,468,36.7,36.7,3915,497,0,75,0.072,1,COM7
2,106885,37,rpm,192,468,36.7,36.7,3915,497,0,75,0.072,1,COM7
2,106906,37,rpm,-379,468,36.7,36.7,3915,497,0,75,0.073,1,COM7
2,106927,37,rpm,57,468,36.7,36.7,3915,497,0,75,0.073,1,COM7
2,106947,37,rpm,467,469,36.7,36.7,3915,497,0,75,0.073,1,COM7
2,106968,37,rpm,720,469,36.7,36.7,3915,497,0,75,0.073,1,COM7
2,106988,37,rpm,774,469,36.7,36.7,3915,497,0,75,0.073,1,COM7
2,107009,37,rpm,848,469,36.7,36.7,3915,497,0,76,0.073,1,COM7
2,107030,37,rpm,774,469,36.7,36.7,3915,497,0,76,0.074,1,COM7
2,107050,37,rpm,619,469,36.7,36.7,3915,497,0,76,0.074,1,COM7
2,107071,37,rpm,582,469,36.7,36.7,3915,497,0,76,0.074,1,COM7
2,107092,37,rpm,559,469,36.7,36.7,3915,497,0,76,0.074,1,COM7
2,107112,37,rpm,392,469,36.7,36.7,3915,497,0,76,0.074,1,COM7
2,107133,37,rpm,285,469,36.7,36.7,3915,497,0,77,0.074,1,COM7
2,107153,37,rpm,-175,469,36.7,36.7,3915,497,0,77,0.074,1,COM7
2,107174,37,rpm,-96,469,36.7,36.7,3915,497,0,77,0.075,1,COM7
2,107195,37,rpm,158,469,36.7,36.7,3915,497,0,77,0.075,1,COM7
2,107215,37,rpm,646,469,36.7,36.7,3915,497,0,77,0.075,1,COM7
2,107236,37,rpm,766,469,36.7,36.7,3915,497,0,77,0.075,1,COM7
2,107256,37,rpm,817,469,36.7,36.7,3915,497,0,78,0.075,1,COM7
2,107277,37,rpm,817,469,36.7,36.7,3915,497,0,78,0.075,1,COM7
2,107298,37,rpm,701,469,36.7,36.7,3915,497,0,78,0.076,1,COM7
2,107318,37,rpm,608,469,36.7,36.7,3915,497,0,78,0.076,1,COM7
2,107339,37,rpm,540,469,36.7,36.7,3915,497,0,78,0.076,1,COM7
2,107360,37,rpm,510,470,36.7,36.7,3915,497,0,78,0.076,1,COM7
2,107380,37,rpm,340,470,36.7,36.7,3915,497,0,79,0.076,1,COM7
2,107401,37,rpm,186,470,36.7,36.7,3915,497,0,79,0.076,1,COM7
2,107421,37,rpm,-411,470,36.7,36.7,3915,497,0,79,0.077,1,COM7
2,107442,37,rpm,75,470,36.7,36.7,3915,497,0,79,0.077,1,COM7
2,107463,37,rpm,446,470,36.7,36.7,3915,497,0,79,0.077,1,COM7
2,107483,37,rpm,709,470,36.7,36.7,3915,497,0,79,0.077,1,COM7
2,107504,37,rpm,864,470,36.7,36.7,3915,497,0,80,0.077,1,COM7
2,107525,37,rpm,806,470,36.7,36.7,3915,497,0,80,0.077,1,COM7
2,107545,37,rpm,707,470,36.7,36.7,3915,497,0,80,0.077,1,COM7
2,107566,37,rpm,701,470,36.7,36.7,3915,497,0,80,0.078,1,COM7
2,107586,37,rpm,569,470,36.7,36.7,3915,497,0,80,0.078,1,COM7
2,107607,37,rpm,495,470,36.7,36.7,3915,497,0,80,0.078,1,COM7
2,107628,37,rpm,443,470,36.7,36.7,3915,497,0,81,0.078,1,COM7
2,107648,37,rpm,268,470,36.7,36.7,3915,497,0,81,0.078,1,COM7
2,107669,37,rpm,-256,470,36.7,36.7,3915,497,0,81,0.078,1,COM7
2,107690,37,rpm,-64,470,36.7,36.7,3915,497,0,81,0.079,1,COM7
2,107710,37,rpm,223,470,36.7,36.7,3915,497,0,81,0.079,1,COM7
2,107731,37,rpm,578,470,36.7,36.7,3915,497,0,81,0.079,1,COM7
2,107751,37,rpm,830,470,36.7,36.7,3915,497,0,81,0.079,1,COM7
2,107772,37,rpm,940,470,36.7,36.7,3915,497,0,82,0.079,1,COM7
2,107793,37,rpm,656,470,36.7,36.7,3915,497,0,82,0.079,1,COM7
2,107813,37,rpm,727,470,36.7,36.7,3915,497,0,82,0.079,1,COM7
2,107834,37,rpm,671,470,36.7,36.7,3915,497,0,82,0.08,1,COM7
2,107854,37,rpm,489,470,36.7,36.7,3915,497,0,82,0.08,1,COM7
2,107875,37,rpm,467,470,36.7,36.7,3915,497,0,82,0.08,1,COM7
2,107896,37,rpm,340,470,36.7,36.7,3915,497,0,83,0.08,1,COM7
2,107916,37,rpm,36,470,36.7,36.7,3915,497,0,83,0.08,1,COM7
2,107937,37,rpm,-280,470,36.7,36.7,3915,497,0,83,0.08,1,COM7
2,107958,37,rpm,115,470,36.7,36.7,3915,497,0,83,0.081,1,COM7
2,107978,37,rpm,556,470,36.7,36.7,3915,497,0,83,0.081,1,COM7
2,107999,37,rpm,696,470,36.7,36.7,3915,497,0,83,0.081,1,COM7
2,108019,37,rpm,1017,470,36.7,36.7,3915,497,0,84,0.081,1,COM7
2,108040,37,rpm,805,470,36.7,36.7,3915,497,0,84,0.081,1,COM7
2,108061,37,rpm,647,470,36.7,36.7,3915,497,0,84,0.081,1,COM7
2,108081,37,rpm,710,470,36.7,36.7,3915,497,0,84,0.082,1,COM7
2,108102,37,rpm,583,470,36.7,36.7,3915,497,0,84,0.082,1,COM7
2,108123,37,rpm,434,470,36.7,36.7,3915,497,0,84,0.082,1,COM7
2,108143,37,rpm,352,470,36.7,36.7,3915,497,0,85,0.082,1,COM7
2,108164,37,rpm,151,470,36.7,36.7,3915,497,0,85,0.082,1,COM7
2,108184,37,rpm,-351,470,36.7,36.7,3915,497,0,85,0.082,1,COM7
2,108205,37,rpm,75,470,36.7,36.7,3915,497,0,85,0.082,1,COM7
2,108226,37,rpm,494,470,36.7,36.7,3915,497,0,85,0.083,1,COM7
2,108246,37,rpm,654,470,36.7,36.7,3915,497,0,85,0.083,1,COM7
2,108267,37,rpm,833,470,36.7,36.7,3915,497,0,86,0.083,1,COM7
2,108287,37,rpm,891,470,36.7,36.7,3915,497,0,86,0.083,1,COM7
2,108308,37,rpm,703,470,36.7,36.7,3915,497,0,86,0.083,1,COM7
2,108329,37,rpm,625,470,36.7,36.7,3915,497,0,86,0.083,1,COM7
2,108349,37,rpm,635,470,36.7,36.7,3915,497,0,86,0.084,1,COM7
2,108370,37,rpm,533,470,36.7,36.7,3915,497,0,86,0.084,1,COM7
2,108390,37,rpm,370,470,36.7,36.7,3915,497,0,86,0.084,1,COM7
2,108411,37,rpm,291,470,36.7,36.7,3915,497,0,87,0.084,1,COM7
2,108432,37,rpm,-253,470,36.7,36.7,3915,497,0,87,0.084,1,COM7
2,108452,37,rpm,-45,470,36.7,36.7,3915,497,0,87,0.084,1,COM7
2,108473,37,rpm,207,470,36.7,36.7,3915,497,0,87,0.085,1,COM7
2,108494,37,rpm,687,470,36.7,36.7,3915,497,0,87,0.085,1,COM7
2,108514,37,rpm,708,470,36.7,36.7,3915,497,0,87,0.085,1,COM7
2,108535,37,rpm,851,470,36.7,36.7,3915,497,0,88,0.085,1,COM7
2,108556,37,rpm,834,470,36.7,36.7,3915,497,0,88,0.085,1,COM7
2,108576,37,rpm,645,470,36.7,36.7,3915,497,0,88,0.085,1,COM7
2,108597,37,rpm,600,470,36.7,36.7,3915,497,0,88,0.085,1,COM7
2,108617,37,rpm,582,469,36.7,36.7,3915,497,0,88,0.086,1,COM7
2,108638,37,rpm,459,469,36.7,36.7,3915,497,0,88,0.086,1,COM7
2,108659,37,rpm,304,469,36.7,36.7,3915,497,0,89,0.086,1,COM7
2,108679,37,rpm,115,469,36.7,36.7,3915,497,0,89,0.086,1,COM7
2,108700,37,rpm,-314,469,36.7,36.7,3915,497,0,89,0.086,1,COM7
2,108721,37,rpm,71,469,36.7,36.7,3915,497,0,89,0.086,1,COM7
2,108741,37,rpm,512,469,36.7,36.7,3915,497,0,89,0.087,1,COM7
2,108762,37,rpm,720,469,36.7,36.7,3915,497,0,89,0.087,1,COM7
2,108782,37,rpm,761,469,36.7,36.7,3915,497,0,90,0.087,1,COM7
2,108803,37,rpm,863,469,36.7,36.7,3915,497,0,90,0.087,1,COM7
2,108824,37,rpm,777,469,36.7,36.7,3915,497,0,90,0.087,1,COM7
2,108844,37,rpm,611,469,36.7,36.7,3915,497,0,90,0.087,1,COM7
2,108865,37,rpm,549,469,36.7,36.7,3915,497,0,90,0.087,1,COM7
2,108885,37,rpm,571,469,36.7,36.7,3915,497,0,90,0.088,1,COM7
2,108906,37,rpm,373,469,36.7,36.7,3915,497,0,91,0.088,1,COM7
2,108927,37,rpm,266,469,36.7,36.7,3915,497,0,91,0.088,1,COM7
2,108947,37,rpm,-328,469,36.7,36.7,3915,497,0,91,0.088,1,COM7
2,108968,37,rpm,-1,469,36.7,36.7,3915,497,0,91,0.088,1,COM7
2,108989,37,rpm,219,469,36.7,36.7,3915,497,0,91,0.088,1,COM7
2,109009,37,rpm,722,469,36.7,36.7,3915,497,0,91,0.089,1,COM7
2,109030,37,rpm,833,469,36.7,36.7,3915,497,0,91,0.089,1,COM7
2,109051,37,rpm,715,469,36.7,36.7,3915,497,0,92,0.089,1,COM7
2,109071,37,rpm,836,469,36.7,36.7,3915,497,0,92,0.089,1,COM7
2,109092,37,rpm,723,468,36.7,36.7,3915,497,0,92,0.089,1,COM7
2,109112,37,rpm,534,468,36.7,36.7,3915,497,0,92,0.089,1,COM7
2,109133,37,rpm,561,468,36.7,36.7,3915,497,0,92,0.09,1,COM7
2,109154,37,rpm,493,468,36.7,36.7,3915,497,0,92,0.09,1,COM7
2,109174,37,rpm,286,468,36.7,36.7,3915,497,0,93,0.09,1,COM7
2,109195,37,rpm,80,468,36.7,36.7,3915,497,0,93,0.09,1,COM7
2,109216,37,rpm,-310,468,36.7,36.7,3915,497,0,93,0.09,1,COM7
2,109236,37,rpm,96,468,36.7,36.7,3915,497,0,93,0.09,1,COM7
2,109257,37,rpm,500,468,36.7,36.7,3915,497,0,93,0.09,1,COM7
2,109278,37,rpm,792,468,36.7,36.7,3915,497,0,93,0.091,1,COM7
2,109298,37,rpm,840,468,36.7,36.7,3915,497,0,94,0.091,1,COM7
2,109319,37,rpm,775,468,36.7,36.7,3915,497,0,94,0.091,1,COM7
2,109339,37,rpm,749,468,36.7,36.7,3915,497,0,94,0.091,1,COM7
2,109360,37,rpm,650,468,36.7,36.7,3915,497,0,94,0.091,1,COM7
2,109381,37,rpm,543,468,36.7,36.7,3915,497,0,94,0.091,1,COM7
2,109401,37,rpm,506,468,36.7,36.7,3915,497,0,94,0.092,1,COM7
2,109422,37,rpm,382,468,36.7,36.7,3915,497,0,95,0.092,1,COM7
2,109443,37,rpm,248,467,36.7,36.7,3915,497,0,95,0.092,1,COM7
2,109463,37,rpm,-383,467,36.7,36.7,3915,497,0,95,0.092,1,COM7
2,109484,37,rpm,54,467,36.7,36.7,3915,497,0,95,0.092,1,COM7
2,109505,37,rpm,399,467,36.7,36.7,3915,497,0,95,0.092,1,COM7
2,109525,37,rpm,657,467,36.7,36.7,3915,497,0,95,0.092,1,COM7
2,109546,37,rpm,920,467,36.7,36.7,3915,497,0,95,0.093,1,COM7
2,109566,37,rpm,875,467,36.7,36.7,3915,497,0,96,0.093,1,COM7
2,109587,37,rpm,688,467,36.7,36.7,3915,497,0,96,0.093,1,COM7
2,109608,37,rpm,702,467,36.7,36.7,3915,497,0,96,0.093,1,COM7
2,109628,37,rpm,631,467,36.7,36.7,3915,497,0,96,0.093,1,COM7
2,109649,37,rpm,484,467,36.7,36.7,3915,497,0,96,0.093,1,COM7
2,109669,37,rpm,388,467,36.7,36.7,3915,497,0,96,0.094,1,COM7
2,109690,37,rpm,272,467,36.7,36.7,3915,497,0,97,0.094,1,COM7
2,109711,37,rpm,-333,467,36.7,36.7,3915,497,0,97,0.094,1,COM7
2,109731,37,rpm,15,467,36.7,36.7,3915,497,0,97,0.094,1,COM7
2,109752,37,rpm,302,466,36.7,36.7,3915,497,0,97,0.094,1,COM7
2,109773,37,rpm,656,466,36.7,36.7,3915,497,0,97,0.094,1,COM7
2,109793,37,rpm,728,466,36.7,36.7,3915,497,0,97,0.094,1,COM7
2,109814,37,rpm,916,466,36.7,36.7,3915,497,0,98,0.095,1,COM7
2,109834,37,rpm,777,466,36.7,36.7,3915,497,0,98,0.095,1,COM7
2,109855,37,rpm,596,466,36.7,36.7,3915,497,0,98,0.095,1,COM7
2,109876,37,rpm,635,466,36.7,36.7,3915,497,0,98,0.095,1,COM7
2,109896,37,rpm,586,466,36.7,36.7,3915,497,0,98,0.095,1,COM7
2,109917,37,rpm,410,466,36.7,36.7,3915,497,0,98,0.095,1,COM7
2,109938,37,rpm,315,466,36.7,36.7,3915,497,0,99,0.096,1,COM7
2,109958,37,rpm,-20,466,36.7,36.7,3915,497,0,99,0.096,1,COM7
2,109979,37,rpm,-238,466,36.7,36.7,3915,497,0,99,0.096,1,COM7
2,110000,37,rpm,111,466,36.7,36.7,3915,497,0,99,0.096,1,COM7
2,110020,37,rpm,639,466,36.7,36.7,3915,497,0,99,0.096,1,COM7
2,110041,37,rpm,702,465,36.7,36.7,3915,497,0,99,0.096,1,COM7
2,110061,37,rpm,764,465,36.7,36.7,3915,497,0,100,0.097,1,COM7
2,110082,37,rpm,922,465,36.7,36.7,3915,497,0,100,0.097,1,COM7
2,110103,37,rpm,707,465,36.7,36.7,3915,497,0,100,0.097,1,COM7
2,110123,37,rpm,551,465,36.7,36.7,3915,497,0,100,0.097,1,COM7
2,110144,37,rpm,630,465,36.7,36.7,3915,497,0,100,0.097,1,COM7
2,110164,37,rpm,517,465,36.7,36.7,3915,497,0,100,0.097,1,COM7
2,110185,37,rpm,318,465,36.7,36.7,3915,497,0,100,0.097,1,COM7
2,110206,37,rpm,290,465,36.7,36.7,3915,497,0,101,0.098,1,COM7
2,110227,37,rpm,-372,465,36.7,36.7,3915,497,0,101,0.098,1,COM7
2,110247,37,rpm,24,465,36.7,36.7,3915,497,0,101,0.098,1,COM7
2,110268,37,rpm,296,465,36.7,36.7,3915,497,0,101,0.098,1,COM7
2,110289,37,rpm,719,465,36.7,36.7,3915,497,0,101,0.098,1,COM7
2,110309,37,rpm,666,465,36.7,36.7,3915,497,0,101,0.098,1,COM7
2,110330,37,rpm,888,465,36.7,36.7,3915,497,0,102,0.099,1,COM7
2,110350,37,rpm,856,464,36.7,36.7,3915,497,0,102,0.099,1,COM7
2,110371,37,rpm,583,464,36.7,36.7,3915,497,0,102,0.099,1,COM7
2,110392,37,rpm,596,464,36.7,36.7,3915,497,0,102,0.099,1,COM7
2,110412,37,rpm,594,464,36.7,36.7,3915,497,0,102,0.099,1,COM7
2,110433,37,rpm,412,464,36.7,36.7,3915,497,0,102,0.099,1,COM7
2,110454,37,rpm,302,464,36.7,36.7,3915,497,0,103,0.099,1,COM7
2,110474,37,rpm,-57,464,36.7,36.7,3915,497,0,103,0.1,1,COM7
2,110495,37,rpm,-231,464,36.7,36.7,3915,497,0,103,0.1,1,COM7
2,110516,37,rpm,113,464,36.7,36.7,3915,497,0,103,0.1,1,COM7
2,110536,37,rpm,625,464,36.7,36.7,3915,497,0,103,0.1,1,COM7
2,110557,37,rpm,733,464,36.7,36.7,3915,497,0,103,0.1,1,COM7
2,110578,37,rpm,794,464,36.7,36.7,3915,497,0,104,0.1,1,COM7
2,110598,37,rpm,823,464,36.7,36.7,3915,497,0,104,0.101,1,COM7
2,110619,37,rpm,711,464,36.7,36.7,3915,497,0,104,0.101,1,COM7
2,110639,37,rpm,616,464,36.7,36.7,3915,497,0,104,0.101,1,COM7
2,110660,37,rpm,547,464,36.7,36.7,3915,497,0,104,0.101,1,COM7
2,110681,37,rpm,528,463,36.7,36.7,3915,497,0,104,0.101,1,COM7
2,110701,37,rpm,349,463,36.7,36.7,3915,497,0,104,0.101,1,COM7
2,110722,37,rpm,241,463,36.7,36.7,3915,497,0,105,0.101,1,COM7
2,110743,37,rpm,-393,463,36.7,36.7,3915,497,0,105,0.102,1,COM7
2,110763,37,rpm,54,463,36.7,36.7,3915,497,0,105,0.102,1,COM7
2,110784,37,rpm,351,463,36.7,36.7,3915,497,0,105,0.102,1,COM7
2,110804,37,rpm,680,463,36.7,36.7,3915,497,0,105,0.102,1,COM7
2,110825,37,rpm,855,463,36.7,36.7,3915,497,0,105,0.102,1,COM7
2,110846,37,rpm,827,463,36.7,36.7,3915,497,0,106,0.102,1,COM7
2,110866,37,rpm,721,463,36.7,36.7,3915,497,0,106,0.103,1,COM7
2,110887,37,rpm,683,463,36.7,36.7,3915,497,0,106,0.103,1,COM7
2,110908,37,rpm,605,463,36.7,36.7,3915,497,0,106,0.103,1,COM7
2,110928,37,rpm,503,463,36.7,36.7,3915,497,0,106,0.103,1,COM7
2,110949,37,rpm,411,463,36.7,36.7,3915,497,0,106,0.103,1,COM7
2,110970,37,rpm,314,463,36.7,36.7,3915,497,0,107,0.103,1,COM7
2,110990,37,rpm,-222,463,36.7,36.7,3915,497,0,107,0.103,1,COM7
2,111011,37,rpm,-89,462,36.7,36.7,3915,497,0,107,0.104,1,COM7
2,111032,37,rpm,211,462,36.7,36.7,3915,497,0,107,0.104,1,COM7
2,111052,37,rpm,646,462,36.7,36.7,3915,497,0,107,0.104,1,COM7
2,111073,37,rpm,782,462,36.7,36.7,3915,497,0,107,0.104,1,COM7
2,111093,37,rpm,988,462,36.7,36.7,3915,497,0,107,0.104,1,COM7
2,111114,37,rpm,741,462,36.7,36.7,3915,497,0,108,0.104,1,COM7
2,111135,37,rpm,628,462,36.7,36.7,3915,497,0,108,0.105,1,COM7
2,111155,37,rpm,708,462,36.7,36.7,3915,497,0,108,0.105,1,COM7
2,111176,37,rpm,551,462,36.7,36.7,3915,497,0,108,0.105,1,COM7
2,111197,37,rpm,378,462,36.7,36.7,3915,497,0,108,0.105,1,COM7
2,111217,37,rpm,332,462,36.7,36.7,3915,497,0,108,0.105,1,COM7
2,111238,37,rpm,-81,462,36.7,36.7,3915,497,0,109,0.105,1,COM7
2,111258,37,rpm,-209,462,36.7,36.7,3915,497,0,109,0.105,1,COM7
2,111279,37,rpm,139,462,36.7,36.7,3915,497,0,109,0.106,1,COM7
2,111300,37,rpm,661,462,36.7,36.7,3915,497,0,109,0.106,1,COM7
2,111321,37,rpm,626,462,36.7,36.7,3915,497,0,109,0.106,1,COM7
2,111341,37,rpm,939,462,36.7,36.7,3915,497,0,109,0.106,1,COM7
2,111362,37,rpm,869,462,36.7,36.7,3915,497,0,110,0.106,1,COM7
2,111382,37,rpm,592,462,36.7,36.7,3915,497,0,110,0.106,1,COM7
2,111403,37,rpm,628,461,36.7,36.7,3915,497,0,110,0.107,1,COM7
2,111424,37,rpm,626,461,36.7,36.7,3915,497,0,110,0.107,1,COM7
2,111444,37,rpm,455,461,36.7,36.7,3915,497,0,110,0.107,1,COM7
2,111465,37,rpm,335,461,36.7,36.7,3915,497,0,110,0.107,1,COM7
2,111486,37,rpm,209,461,36.7,36.7,3915,497,0,111,0.107,1,COM7
2,111506,37,rpm,-368,461,36.7,36.7,3915,497,0,111,0.107,1,COM7
2,111527,37,rpm,52,461,36.7,36.7,3915,497,0,111,0.107,1,COM7
2,111547,37,rpm,469,461,36.7,36.7,3915,497,0,111,0.108,1,COM7
2,111568,37,rpm,686,461,36.7,36.7,3915,497,0,111,0.108,1,COM7
2,111589,37,rpm,724,461,36.7,36.7,3915,497,0,111,0.108,1,COM7
2,111609,37,rpm,894,461,36.7,36.7,3915,497,0,111,0.108,1,COM7
2,111630,37,rpm,766,461,36.7,36.7,3915,497,0,112,0.108,1,COM7
2,111651,37,rpm,590,461,36.7,36.7,3915,497,0,112,0.108,1,COM7
2,111671,37,rpm,604,461,36.7,36.7,3915,497,0,112,0.109,1,COM7
2,111692,37,rpm,558,461,36.7,36.7,3915,497,0,112,0.109,1,COM7
2,111713,37,rpm,381,461,36.7,36.7,3915,497,0,112,0.109,1,COM7
2,111733,37,rpm,291,461,36.7,36.7,3915,497,0,112,0.109,1,COM7
2,111754,37,rpm,-177,461,36.7,36.7,3915,497,0,113,0.109,1,COM7
2,111775,37,rpm,-105,461,36.7,36.7,3915,497,0,113,0.109,1,COM7
2,111795,37,rpm,154,461,36.7,36.7,3915,497,0,113,0.109,1,COM7
2,111816,37,rpm,655,461,36.7,36.7,3915,497,0,113,0.11,1,COM7
2,111836,37,rpm,745,461,36.7,36.7,3915,497,0,113,0.11,1,COM7
2,111857,37,rpm,820,461,36.7,36.7,3915,497,0,113,0.11,1,COM7
2,111878,37,rpm,843,461,36.7,36.7,3915,497,0,114,0.11,1,COM7
2,111898,37,rpm,694,460,36.7,36.7,3915,497,0,114,0.11,1,COM7
2,111919,37,rpm,598,460,36.7,36.7,3915,497,0,114,0.11,1,COM7
2,111939,37,rpm,559,460,36.7,36.7,3915,497,0,114,0.111,1,COM7
2,111960,37,rpm,507,460,36.7,36.7,3915,497,0,114,0.111,1,COM7
2,111981,37,rpm,335,460,36.7,36.7,3915,497,0,114,0.111,1,COM7
2,112001,37,rpm,200,460,36.7,36.7,3915,497,0,114,0.111,1,COM7
2,112022,37,rpm,-416,460,36.7,36.7,3915,497,0,115,0.111,1,COM7
2,112043,37,rpm,69,460,36.7,36.7,3915,497,0,115,0.111,1,COM7
2,112063,37,rpm,434,460,36.7,36.7,3915,497,0,115,0.111,1,COM7
2,112084,37,rpm,716,460,36.7,36.7,3915,497,0,115,0.112,1,COM7
2,112105,37,rpm,843,460,36.7,36.7,3915,497,0,115,0.112,1,COM7
2,112125,37,rpm,790,460,36.7,36.7,3915,497,0,115,0.112,1,COM7
2,112146,37,rpm,722,460,36.7,36.7,3915,497,0,116,0.112,1,COM7
2,112167,37,rpm,689,460,36.7,36.7,3915,497,0,116,0.112,1,COM7
2,112187,37,rpm,574,460,36.7,36.7,3915,497,0,116,0.112,1,COM7
2,112208,37,rpm,488,460,36.7,36.7,3915,497,0,116,0.113,1,COM7
2,112229,37,rpm,437,460,36.7,36.7,3915,497,0,116,0.113,1,COM7
2,112250,37,rpm,265,460,36.7,36.7,3915,497,0,116,0.113,1,COM7
2,112270,37,rpm,-284,460,36.7,36.7,3915,497,0,117,0.113,1,COM7
2,112291,37,rpm,-46,460,36.7,36.7,3915,497,0,117,0.113,1,COM7
2,112312,37,rpm,230,460,36.7,36.7,3915,497,0,117,0.113,1,COM7
2,112332,37,rpm,581,460,36.7,36.7,3915,497,0,117,0.113,1,COM7
2,112353,37,rpm,818,460,36.7,36.7,3915,497,0,117,0.114,1,COM7
2,112374,37,rpm,943,460,36.7,36.7,3915,497,0,117,0.114,1,COM7
2,112394,37,rpm,655,460,36.7,36.7,3915,497,0,117,0.114,1,COM7
2,112415,37,rpm,693,460,36.7,36.7,3915,497,0,118,0.114,1,COM7
2,112436,37,rpm,677,460,36.7,36.7,3915,497,0,118,0.114,1,COM7
2,112456,37,rpm,525,460,36.7,36.7,3915,497,0,118,0.114,1,COM7
2,112477,37,rpm,436,460,36.7,36.7,3915,497,0,118,0.115,1,COM7
2,112498,37,rpm,339,460,36.7,36.7,3915,497,0,118,0.115,1,COM7
2,112518,37,rpm,2,460,36.7,36.7,3915,497,0,118,0.115,1,COM7
2,112539,37,rpm,-266,460,36.7,36.7,3915,497,0,119,0.115,1,COM7
2,112559,37,rpm,118,460,36.7,36.7,3915,497,0,119,0.115,1,COM7
2,112580,37,rpm,613,460,36.7,36.7,3915,497,0,119,0.115,1,COM7
2,112601,37,rpm,677,460,36.7,36.7,3915,497,0,119,0.115,1,COM7
2,112621,37,rpm,958,460,36.7,36.7,3915,497,0,119,0.116,1,COM7
2,112642,37,rpm,861,460,36.7,36.7,3915,497,0,119,0.116,1,COM7
2,112663,37,rpm,659,460,36.7,36.7,3915,497,0,120,0.116,1,COM7
2,112683,37,rpm,657,459,36.7,36.7,3915,497,0,120,0.116,1,COM7
2,112704,37,rpm,603,459,36.7,36.7,3915,497,0,120,0.116,1,COM7
2,112725,37,rpm,444,459,36.7,36.7,3915,497,0,120,0.116,1,COM7
2,112745,37,rpm,322,459,36.7,36.7,3915,497,0,120,0.117,1,COM7
2,112766,37,rpm,107,459,36.7,36.7,3915,497,0,120,0.117,1,COM7
2,112787,37,rpm,-323,459,36.7,36.7,3915,497,0,120,0.117,1,COM7
2,112807,37,rpm,76,459,36.7,36.7,3915,497,0,121,0.117,1,COM7
2,112828,37,rpm,539,459,36.7,36.7,3915,497,0,121,0.117,1,COM7
2,112849,37,rpm,702,459,36.7,36.7,3915,497,0,121,0.117,1,COM7
2,112869,37,rpm,789,459,36.7,36.7,3915,497,0,121,0.117,1,COM7
2,112890,37,rpm,866,459,36.7,36.7,3915,497,0,121,0.118,1,COM7
2,112910,37,rpm,739,459,36.7,36.7,3915,497,0,121,0.118,1,COM7
2,112931,37,rpm,606,459,36.7,36.7,3915,497,0,122,0.118,1,COM7
2,112952,37,rpm,589,459,36.7,36.7,3915,497,0,122,0.118,1,COM7
2,112972,37,rpm,554,459,36.7,36.7,3915,497,0,122,0.118,1,COM7
2,112993,37,rpm,361,459,36.7,36.7,3915,497,0,122,0.118,1,COM7
2,113014,37,rpm,268,459,36.7,36.7,3915,497,0,122,0.119,1,COM7
2,113034,37,rpm,-322,459,36.7,36.7,3915,497,0,122,0.119,1,COM7
2,113055,37,rpm,-3,459,36.7,36.7,3915,497,0,123,0.119,1,COM7
2,113076,37,rpm,235,459,36.7,36.7,3915,497,0,123,0.119,1,COM7
2,113096,37,rpm,694,459,36.7,36.7,3915,497,0,123,0.119,1,COM7
2,113117,37,rpm,781,459,36.7,36.7,3915,497,0,123,0.119,1,COM7
2,113138,37,rpm,792,459,36.7,36.7,3915,497,0,123,0.119,1,COM7
2,113158,37,rpm,780,459,36.7,36.7,3915,497,0,123,0.12,1,COM7
2,113179,37,rpm,697,459,36.7,36.7,3915,497,0,123,0.12,1,COM7
2,113200,37,rpm,610,459,36.7,36.7,3915,497,0,124,0.12,1,COM7
2,113220,37,rpm,500,459,36.7,36.7,3915,497,0,124,0.12,1,COM7
2,113241,37,rpm,480,459,36.7,36.7,3915,497,0,124,0.12,1,COM7
2,113262,37,rpm,317,459,36.7,36.7,3915,497,0,124,0.12,1,COM7
2,113282,37,rpm,38,459,36.7,36.7,3915,497,0,124,0.121,1,COM7
2,113303,37,rpm,-293,459,36.7,36.7,3915,497,0,124,0.121,1,COM7
2,113324,37,rpm,101,459,36.7,36.7,3915,497,0,125,0.121,1,COM7
2,113344,37,rpm,499,459,36.7,36.7,3915,497,0,125,0.121,1,COM7
2,113365,37,rpm,749,459,36.7,36.7,3915,497,0,125,0.121,1,COM7
2,113386,37,rpm,897,459,36.7,36.7,3915,497,0,125,0.121,1,COM7
2,113406,37,rpm,709,459,36.7,36.7,3915,497,0,125,0.121,1,COM7
2,113427,37,rpm,758,459,36.7,36.7,3915,497,0,125,0.122,1,COM7
2,113448,37,rpm,699,459,36.7,36.7,3915,497,0,126,0.122,1,COM7
2,113468,37,rpm,492,459,36.7,36.7,3915,497,0,126,0.122,1,COM7
2,113489,37,rpm,520,459,36.7,36.7,3915,497,0,126,0.122,1,COM7
2,113509,37,rpm,416,459,36.7,36.7,3915,497,0,126,0.122,1,COM7
2,113530,37,rpm,238,459,36.7,36.7,3915,497,0,126,0.122,1,COM7
2,113551,37,rpm,-383,459,36.7,36.7,3915,497,0,126,0.123,1,COM7
2,113572,37,rpm,41,459,36.7,36.7,3915,497,0,126,0.123,1,COM7
2,113592,37,rpm,313,459,36.7,36.7,3915,497,0,127,0.123,1,COM7
2,113613,37,rpm,638,459,36.7,36.7,3915,497,0,127,0.123,1,COM7
2,113634,37,rpm,859,459,36.7,36.7,3915,497,0,127,0.123,1,COM7
2,113654,37,rpm,854,459,36.7,36.7,3915,497,0,127,0.123,1,COM7
2,113675,37,rpm,682,459,36.7,36.7,3915,497,0,127,0.123,1,COM7
2,113695,37,rpm,696,459,36.7,36.7,3915,497,0,127,0.124,1,COM7
2,113716,37,rpm,633,459,36.7,36.7,3915,497,0,128,0.124,1,COM7
2,113737,37,rpm,494,459,36.7,36.7,3915,497,0,128,0.124,1,COM7
2,113757,37,rpm,443,459,36.7,36.7,3915,497,0,128,0.124,1,COM7
2,113778,37,rpm,313,459,36.7,36.7,3915,497,0,128,0.124,1,COM7
2,113799,37,rpm,-24,459,36.7,36.7,3915,497,0,128,0.124,1,COM7
2,113819,37,rpm,-247,459,36.7,36.7,3915,497,0,128,0.125,1,COM7
2,113840,37,rpm,127,459,36.7,36.7,3915,497,0,129,0.125,1,COM7
2,113861,37,rpm,579,459,36.7,36.7,3915,497,0,129,0.125,1,COM7
2,113881,37,rpm,710,459,36.7,36.7,3915,497,0,129,0.125,1,COM7
2,113902,37,rpm,910,459,36.7,36.7,3915,497,0,129,0.125,1,COM7
2,113923,37,rpm,827,459,36.7,36.7,3915,497,0,129,0.125,1,COM7
2,113943,37,rpm,638,459,36.7,36.7,3915,497,0,129,0.125,1,COM7
2,113964,37,rpm,649,459,36.7,36.7,3915,497,0,129,0.126,1,COM7
2,113985,37,rpm,595,459,36.7,36.7,3915,497,0,130,0.126,1,COM7
2,114005,37,rpm,483,459,36.7,36.7,3915,497,0,130,0.126,1,COM7
2,114026,37,rpm,340,459,36.7,36.7,3915,497,0,130,0.126,1,COM7
2,114046,37,rpm,222,459,36.7,36.7,3915,497,0,130,0.126,1,COM7
2,114067,37,rpm,-374,459,36.7,36.7,3915,497,0,130,0.126,1,COM7
2,114088,37,rpm,63,459,36.7,36.7,3915,497,0,130,0.127,1,COM7
2,114109,37,rpm,468,459,36.7,36.7,3915,497,0,131,0.127,1,COM7
2,114129,37,rpm,718,459,36.7,36.7,3915,497,0,131,0.127,1,COM7
2,114150,37,rpm,803,459,36.7,36.7,3915,497,0,131,0.127,1,COM7
2,114171,37,rpm,908,459,36.7,36.7,3915,497,0,131,0.127,1,COM7
2,114191,37,rpm,820,459,36.7,36.7,3915,497,0,131,0.127,1,COM7
2,114212,37,rpm,608,459,36.7,36.7,3915,497,0,131,0.127,1,COM7
2,114233,37,rpm,548,459,36.7,36.7,3915,497,0,132,0.128,1,COM7
2,114253,37,rpm,530,459,36.7,36.7,3915,497,0,132,0.128,1,COM7
2,114274,37,rpm,372,459,36.7,36.7,3915,497,0,132,0.128,1,COM7
2,114294,37,rpm,222,459,36.7,36.7,3915,497,0,132,0.128,1,COM7
2,114315,37,rpm,-366,459,36.7,36.7,3915,497,0,132,0.128,1,COM7
2,114336,37,rpm,54,459,36.7,36.7,3915,497,0,132,0.128,1,COM7
2,114356,37,rpm,331,459,36.7,36.7,3915,497,0,132,0.129,1,COM7
2,114377,37,rpm,730,459,36.7,36.7,3915,497,0,133,0.129,1,COM7
2,114398,37,rpm,862,459,36.7,36.7,3915,497,0,133,0.129,1,COM7
2,114418,37,rpm,727,459,36.7,36.7,3915,497,0,133,0.129,1,COM7
2,114439,37,rpm,798,459,36.7,36.7,3915,497,0,133,0.129,1,COM7
2,114460,37,rpm,714,459,36.7,36.7,3915,497,0,133,0.129,1,COM7
2,114480,37,rpm,519,459,36.7,36.7,3915,497,0,133,0.129,1,COM7
2,114501,37,rpm,559,459,36.7,36.7,3915,497,0,134,0.13,1,COM7
2,114522,37,rpm,452,459,36.7,36.7,3915,497,0,134,0.13,1,COM7
2,114542,37,rpm,263,459,36.7,36.7,3915,497,0,134,0.13,1,COM7
2,114563,37,rpm,-100,459,36.7,36.7,3915,497,0,134,0.13,1,COM7
2,114584,37,rpm,-184,459,36.7,36.7,3915,497,0,134,0.13,1,COM7
2,114604,37,rpm,139,459,36.7,36.7,3915,497,0,134,0.13,1,COM7
2,114625,37,rpm,593,459,36.7,36.7,3915,497,0,135,0.131,1,COM7
2,114646,37,rpm,809,459,36.7,36.7,3915,497,0,135,0.131,1,COM7
2,114666,37,rpm,865,459,36.7,36.7,3915,497,0,135,0.131,1,COM7
2,114687,37,rpm,728,459,36.7,36.7,3915,497,0,135,0.131,1,COM7
2,114708,37,rpm,726,459,36.7,36.7,3915,497,0,135,0.131,1,COM7
2,114728,37,rpm,658,459,36.7,36.7,3915,497,0,135,0.131,1,COM7
2,114749,37,rpm,515,459,36.7,36.7,3915,497,0,135,0.131,1,COM7
2,114769,37,rpm,485,459,36.7,36.7,3915,497,0,136,0.132,1,COM7
2,114790,37,rpm,358,459,36.7,36.7,3915,497,0,136,0.132,1,COM7
2,114811,37,rpm,211,459,36.7,36.7,3915,497,0,136,0.132,1,COM7
2,114831,37,rpm,-378,459,36.7,36.7,3915,497,0,136,0.132,1,COM7
2,114852,37,rpm,57,459,36.7,36.7,3915,497,0,136,0.132,1,COM7
2,114873,37,rpm,416,459,36.7,36.7,3915,497,0,136,0.132,1,COM7
2,114893,37,rpm,653,459,36.7,36.7,3915,497,0,137,0.133,1,COM7
2,114914,37,rpm,834,459,36.7,36.7,3915,497,0,137,0.133,1,COM7
2,114935,37,rpm,876,459,36.7,36.7,3915,497,0,137,0.133,1,COM7
2,114955,37,rpm,694,459,36.7,36.7,3915,497,0,137,0.133,1,COM7
2,114976,37,rpm,656,459,36.7,36.7,3915,497,0,137,0.133,1,COM7
2,114997,37,rpm,622,459,36.7,36.7,3915,497,0,137,0.133,1,COM7
2,115017,37,rpm,510,459,36.7,36.7,3915,497,0,138,0.133,1,COM7
2,115038,37,rpm,393,459,36.7,36.7,3915,497,0,138,0.134,1,COM7
2,115059,37,rpm,313,459,36.7,36.7,3915,497,0,138,0.134,1,COM7
2,115079,37,rpm,-199,459,36.7,36.7,3915,497,0,138,0.134,1,COM7
2,115100,37,rpm,-126,459,36.7,36.7,3915,497,0,138,0.134,1,COM7
2,115121,37,rpm,195,459,36.7,36.7,3915,497,0,138,0.134,1,COM7
2,115141,37,rpm,671,459,36.7,36.7,3915,497,0,138,0.134,1,COM7
2,115162,37,rpm,688,459,36.7,36.7,3915,497,0,139,0.134,1,COM7
2,115183,37,rpm,850,459,36.7,36.7,3915,497,0,139,0.135,1,COM7
2,115203,37,rpm,852,459,36.7,36.7,3915,497,0,139,0.135,1,COM7
2,115224,37,rpm,629,460,36.7,36.7,3915,497,0,139,0.135,1,COM7
2,115245,37,rpm,609,460,36.7,36.7,3915,497,0,139,0.135,1,COM7
2,115265,37,rpm,609,460,36.7,36.7,3915,497,0,139,0.135,1,COM7
2,115286,37,rpm,451,460,36.7,36.7,3915,497,0,140,0.135,1,COM7
2,115307,37,rpm,300,460,36.7,36.7,3915,497,0,140,0.136,1,COM7
2,115327,37,rpm,182,460,36.7,36.7,3915,497,0,140,0.136,1,COM7
2,115348,37,rpm,-376,460,36.7,36.7,3915,497,0,140,0.136,1,COM7
2,115369,37,rpm,73,460,36.7,36.7,3915,497,0,140,0.136,1,COM7
2,115389,37,rpm,513,460,36.7,36.7,3915,497,0,140,0.136,1,COM7
2,115410,37,rpm,721,460,36.7,36.7,3915,497,0,141,0.136,1,COM7
2,115431,37,rpm,711,460,36.7,36.7,3915,497,0,141,0.136,1,COM7
2,115451,37,rpm,907,460,36.7,36.7,3915,497,0,141,0.137,1,COM7
2,115472,37,rpm,773,460,36.7,36.7,3915,497,0,141,0.137,1,COM7
2,115493,37,rpm,558,460,36.7,36.7,3915,497,0,141,0.137,1,COM7
2,115513,37,rpm,598,460,36.7,36.7,3915,497,0,141,0.137,1,COM7
2,115534,37,rpm,561,460,36.7,36.7,3915,497,0,142,0.137,1,COM7
2,115555,37,rpm,348,460,36.7,36.7,3915,497,0,142,0.137,1,COM7
2,115575,37,rpm,270,460,36.7,36.7,3915,497,0,142,0.138,1,COM7
2,115596,37,rpm,-352,460,36.7,36.7,3915,497,0,142,0.138,1,COM7
2,115616,37,rpm,24,460,36.7,36.7,3915,497,0,142,0.138,1,COM7
2,115637,37,rpm,261,460,36.7,36.7,3915,497,0,142,0.138,1,COM7
2,115658,37,rpm,761,460,36.7,36.7,3915,497,0,142,0.138,1,COM7
2,115678,37,rpm,913,460,36.7,36.7,3915,497,0,143,0.138,1,COM7
2,115699,37,rpm,774,460,36.7,36.7,3915,497,0,143,0.138,1,COM7
2,115720,37,rpm,786,460,36.7,36.7,3915,497,0,143,0.139,1,COM7
2,115740,37,rpm,717,460,36.7,36.7,3915,497,0,143,0.139,1,COM7
2,115761,37,rpm,566,460,36.7,36.7,3915,497,0,143,0.139,1,COM7
2,115782,37,rpm,519,460,36.7,36.7,3915,497,0,143,0.139,1,COM7
2,115802,37,rpm,413,460,36.7,36.7,3915,497,0,144,0.139,1,COM7
2,115823,37,rpm,262,460,36.7,36.7,3915,497,0,144,0.139,1,COM7
2,115844,37,rpm,-289,460,36.7,36.7,3915,497,0,144,0.14,1,COM7
2,115864,37,rpm,-12,460,36.7,36.7,3915,497,0,144,0.14,1,COM7
2,115885,37,rpm,233,460,36.7,36.7,3915,497,0,144,0.14,1,COM7
2,115906,37,rpm,626,460,36.7,36.7,3915,497,0,144,0.14,1,COM7
2,115926,37,rpm,789,460,36.7,36.7,3915,497,0,145,0.14,1,COM7
2,115947,37,rpm,898,460,36.7,36.7,3915,497,0,145,0.14,1,COM7
2,115968,37,rpm,720,460,36.7,36.7,3915,497,0,145,0.14,1,COM7
2,115988,37,rpm,631,460,36.7,36.7,3915,497,0,145,0.141,1,COM7
2,116009,37,rpm,708,460,36.7,36.7,3915,497,0,145,0.141,1,COM7
2,116030,37,rpm,526,460,36.7,36.7,3915,497,0,145,0.141,1,COM7
2,116050,37,rpm,442,460,36.7,36.7,3915,497,0,145,0.141,1,COM7
2,116071,37,rpm,334,460,36.7,36.7,3915,497,0,146,0.141,1,COM7
2,116092,37,rpm,19,460,36.7,36.7,3915,497,0,146,0.141,1,COM7
2,116112,37,rpm,-275,460,36.7,36.7,3915,497,0,146,0.142,1,COM7
2,116133,37,rpm,102,460,36.7,36.7,3915,497,0,146,0.142,1,COM7
2,116154,37,rpm,580,460,36.7,36.7,3915,497,0,146,0.142,1,COM7
2,116174,37,rpm,660,460,36.7,36.7,3915,497,0,146,0.142,1,COM7
2,116195,37,rpm,847,460,36.7,36.7,3915,497,0,147,0.142,1,COM7
2,116215,37,rpm,889,460,36.7,36.7,3915,497,0,147,0.142,1,COM7
2,116236,37,rpm,651,460,36.7,36.7,3915,497,0,147,0.142,1,COM7
2,116257,37,rpm,604,460,36.7,36.7,3915,497,0,147,0.143,1,COM7
2,116277,37,rpm,637,460,36.7,36.7,3915,497,0,147,0.143,1,COM7
2,116298,37,rpm,484,460,36.7,36.7,3915,497,0,147,0.143,1,COM7
2,116319,37,rpm,346,460,36.7,36.7,3915,497,0,148,0.143,1,COM7
2,116339,37,rpm,296,460,36.7,36.7,3915,497,0,148,0.143,1,COM7
2,116360,37,rpm,-363,460,36.7,36.7,3915,497,0,148,0.143,1,COM7
2,116381,37,rpm,16,460,36.7,36.7,3915,497,0,148,0.144,1,COM7
2,116401,37,rpm,296,460,36.7,36.7,3915,497,0,148,0.144,1,COM7
2,116422,37,rpm,667,460,36.7,36.7,3915,497,0,148,0.144,1,COM7
2,116443,37,rpm,661,460,36.7,36.7,3915,497,0,148,0.144,1,COM7
2,116463,37,rpm,956,460,36.7,36.7,3915,497,0,149,0.144,1,COM7
2,116484,37,rpm,811,460,36.7,36.7,3915,497,0,149,0.144,1,COM7
2,116505,37,rpm,558,460,36.7,36.7,3915,497,0,149,0.144,1,COM7
2,116525,37,rpm,649,460,36.7,36.7,3915,497,0,149,0.145,1,COM7
2,116546,37,rpm,592,460,36.7,36.7,3915,497,0,149,0.145,1,COM7
2,116567,37,rpm,395,460,36.7,36.7,3915,497,0,149,0.145,1,COM7
2,116587,37,rpm,331,460,36.7,36.7,3915,497,0,150,0.145,1,COM7
2,116608,37,rpm,-37,460,36.7,36.7,3915,497,0,150,0.145,1,COM7
2,116628,37,rpm,-247,460,36.7,36.7,3915,497,0,150,0.145,1,COM7
2,116649,37,rpm,106,460,36.7,36.7,3915,497,0,150,0.146,1,COM7
2,116670,37,rpm,638,460,36.7,36.7,3915,497,0,150,0.146,1,COM7
2,116691,37,rpm,699,460,36.7,36.7,3915,497,0,150,0.146,1,COM7
2,116711,37,rpm,768,460,36.7,36.7,3915,497,0,151,0.146,1,COM7
2,116732,37,rpm,896,460,36.7,36.7,3915,497,0,151,0.146,1,COM7
2,116752,37,rpm,706,460,36.7,36.7,3915,497,0,151,0.146,1,COM7
2,116773,37,rpm,574,460,36.7,36.7,3915,497,0,151,0.146,1,COM7
2,116794,37,rpm,592,460,36.7,36.7,3915,497,0,151,0.147,1,COM7
2,116815,37,rpm,524,460,36.7,36.7,3915,497,0,151,0.147,1,COM7
2,116835,37,rpm,339,460,36.7,36.7,3915,497,0,151,0.147,1,COM7
2,116856,37,rpm,252,460,36.7,36.7,3915,497,0,152,0.147,1,COM7
2,116877,37,rpm,-406,460,36.7,36.7,3915,497,0,152,0.147,1,COM7
2,116897,37,rpm,41,460,36.7,36.7,3915,497,0,152,0.147,1,COM7
2,116918,37,rpm,315,460,36.7,36.7,3915,497,0,152,0.148,1,COM7
2,116939,37,rpm,705,460,36.7,36.7,3915,497,0,152,0.148,1,COM7
2,116959,37,rpm,827,460,36.7,36.7,3915,497,0,152,0.148,1,COM7
2,116980,37,rpm,811,460,36.7,36.7,3915,497,0,153,0.148,1,COM7
2,117000,37,rpm,755,460,36.7,36.7,3915,497,0,153,0.148,1,COM7
2,117021,37,rpm,677,460,36.7,36.7,3915,497,0,153,0.148,1,COM7
2,117042,37,rpm,573,460,36.7,36.7,3915,497,0,153,0.148,1,COM7
2,117062,37,rpm,534,460,36.7,36.7,3915,497,0,153,0.149,1,COM7
2,117083,37,rpm,424,460,36.7,36.7,3915,497,0,153,0.149,1,COM7
2,117104,37,rpm,298,460,36.7,36.7,3915,497,0,154,0.149,1,COM7
2,117124,37,rpm,-213,460,36.7,36.7,3915,497,0,154,0.149,1,COM7
2,117145,37,rpm,-95,460,36.7,36.7,3915,497,0,154,0.149,1,COM7
2,117166,37,rpm,195,460,36.7,36.7,3915,497,0,154,0.149,1,COM7
2,117186,37,rpm,626,460,36.7,36.7,3915,497,0,154,0.15,1,COM7
2,117207,37,rpm,814,460,36.7,36.7,3915,497,0,154,0.15,1,COM7
2,117228,37,rpm,956,460,36.7,36.7,3915,497,0,154,0.15,1,COM7
2,117248,37,rpm,714,460,36.7,36.7,3915,497,0,155,0.15,1,COM7
2,117269,37,rpm,680,460,36.7,36.7,3915,497,0,155,0.15,1,COM7
2,117289,37,rpm,717,460,36.7,36.7,3915,497,0,155,0.15,1,COM7
2,117310,37,rpm,526,460,36.7,36.7,3915,497,0,155,0.15,1,COM7
2,117331,37,rpm,395,460,36.7,36.7,3915,497,0,155,0.151,1,COM7
2,117351,37,rpm,334,460,36.7,36.7,3915,497,0,155,0.151,1,COM7
2,117372,37,rpm,-65,460,36.7,36.7,3915,497,0,156,0.151,1,COM7
2,117393,37,rpm,-230,460,36.7,36.7,3915,497,0,156,0.151,1,COM7
2,117413,37,rpm,141,460,36.7,36.7,3915,497,0,156,0.151,1,COM7
2,117434,37,rpm,639,460,36.7,36.7,3915,497,0,156,0.151,1,COM7
2,117455,37,rpm,628,460,36.7,36.7,3915,497,0,156,0.152,1,COM7
2,117475,37,rpm,930,460,36.7,36.7,3915,497,0,156,0.152,1,COM7
2,117496,37,rpm,843,460,36.7,36.7,3915,497,0,157,0.152,1,COM7
2,117517,37,rpm,578,460,36.7,36.7,3915,497,0,157,0.152,1,COM7
2,117537,37,rpm,660,460,36.7,36.7,3915,497,0,157,0.152,1,COM7
2,117558,37,rpm,626,460,36.7,36.7,3915,497,0,157,0.152,1,COM7
2,117579,37,rpm,443,460,36.7,36.7,3915,497,0,157,0.152,1,COM7
2,117599,37,rpm,346,460,36.7,36.7,3915,497,0,157,0.153,1,COM7
2,117620,37,rpm,212,460,36.7,36.7,3915,497,0,158,0.153,1,COM7
2,117641,37,rpm,-362,460,36.7,36.7,3915,497,0,158,0.153,1,COM7
2,117661,37,rpm,49,460,36.7,36.7,3915,497,0,158,0.153,1,COM7
2,117682,37,rpm,462,460,36.7,36.7,3915,497,0,158,0.153,1,COM7
2,117703,37,rpm,672,460,36.7,36.7,3915,497,0,158,0.153,1,COM7
2,117723,37,rpm,725,460,36.7,36.7,3915,497,0,158,0.154,1,COM7
2,117744,37,rpm,907,460,36.7,36.7,3915,497,0,158,0.154,1,COM7
2,117765,37,rpm,768,460,36.7,36.7,3915,497,0,159,0.154,1,COM7
2,117785,37,rpm,584,460,36.7,36.7,3915,497,0,159,0.154,1,COM7
2,117806,37,rpm,615,460,36.7,36.7,3915,497,0,159,0.154,1,COM7
2,117827,37,rpm,558,460,36.7,36.7,3915,497,0,159,0.154,1,COM7
2,117847,37,rpm,374,460,36.7,36.7,3915,497,0,159,0.154,1,COM7
2,117868,37,rpm,307,460,36.7,36.7,3915,497,0,159,0.155,1,COM7
2,117888,37,rpm,-176,460,36.7,36.7,3915,497,0,160,0.155,1,COM7
2,117909,37,rpm,-108,460,36.7,36.7,3915,497,0,160,0.155,1,COM7
2,117930,37,rpm,152,460,36.7,36.7,3915,497,0,160,0.155,1,COM7
2,117950,37,rpm,661,460,36.7,36.7,3915,497,0,160,0.155,1,COM7
2,117971,37,rpm,738,460,36.7,36.7,3915,497,0,160,0.155,1,COM7
2,117992,37,rpm,814,460,36.7,36.7,3915,497,0,160,0.156,1,COM7
2,118012,37,rpm,838,460,36.7,36.7,3915,497,0,161,0.156,1,COM7
2,118033,37,rpm,689,460,36.7,36.7,3915,497,0,161,0.156,1,COM7
2,118054,37,rpm,603,460,36.7,36.7,3915,497,0,161,0.156,1,COM7
2,118074,37,rpm,555,460,36.7,36.7,3915,497,0,161,0.156,1,COM7
2,118095,37,rpm,500,460,36.7,36.7,3915,497,0,161,0.156,1,COM7
2,118116,37,rpm,342,460,36.7,36.7,3915,497,0,161,0.156,1,COM7
2,118136,37,rpm,192,460,36.7,36.7,3915,497,0,161,0.157,1,COM7
2,118157,37,rpm,-400,460,36.7,36.7,3915,497,0,162,0.157,1,COM7
2,118178,37,rpm,71,460,36.7,36.7,3915,497,0,162,0.157,1,COM7
2,118198,37,rpm,445,460,36.7,36.7,3915,497,0,162,0.157,1,COM7
2,118219,37,rpm,709,460,36.7,36.7,3915,497,0,162,0.157,1,COM7
2,118239,37,rpm,838,460,36.7,36.7,3915,497,0,162,0.157,1,COM7
2,118260,37,rpm,785,460,36.7,36.7,3915,497,0,162,0.158,1,COM7
2,118281,37,rpm,731,460,36.7,36.7,3915,497,0,163,0.158,1,COM7
2,118301,37,rpm,694,460,36.7,36.7,3915,497,0,163,0.158,1,COM7
2,118322,37,rpm,571,460,36.7,36.7,3915,497,0,163,0.158,1,COM7
2,118343,37,rpm,498,460,36.7,36.7,3915,497,0,163,0.158,1,COM7
2,118363,37,rpm,435,460,36.7,36.7,3915,497,0,163,0.158,1,COM7
2,118384,37,rpm,269,460,36.7,36.7,3915,497,0,163,0.158,1,COM7
2,118405,37,rpm,-233,460,36.7,36.7,3915,497,0,164,0.159,1,COM7
2,118425,37,rpm,-70,460,36.7,36.7,3915,497,0,164,0.159,1,COM7
2,118446,37,rpm,197,460,36.7,36.7,3915,497,0,164,0.159,1,COM7
2,118466,37,rpm,580,460,36.7,36.7,3915,497,0,164,0.159,1,COM7
2,118487,37,rpm,838,460,36.7,36.7,3915,497,0,164,0.159,1,COM7
2,118508,37,rpm,934,460,36.7,36.7,3915,497,0,164,0.159,1,COM7
2,118528,37,rpm,639,460,36.7,36.7,3915,497,0,164,0.16,1,COM7
2,118549,37,rpm,714,460,36.7,36.7,3915,497,0,165,0.16,1,COM7
2,118570,37,rpm,660,460,36.7,36.7,3915,497,0,165,0.16,1,COM7
2,118590,37,rpm,482,460,36.7,36.7,3915,497,0,165,0.16,1,COM7
2,118611,37,rpm,466,460,36.7,36.7,3915,497,0,165,0.16,1,COM7
2,118632,37,rpm,352,460,36.7,36.7,3915,497,0,165,0.16,1,COM7
2,118652,37,rpm,16,460,36.7,36.7,3915,497,0,165,0.16,1,COM7
2,118673,37,rpm,-274,460,36.7,36.7,3915,497,0,166,0.161,1,COM7
2,118694,37,rpm,123,460,36.7,36.7,3915,497,0,166,0.161,1,COM7
2,118714,37,rpm,567,460,36.7,36.7,3915,497,0,166,0.161,1,COM7
2,118735,37,rpm,682,460,36.7,36.7,3915,497,0,166,0.161,1,COM7
2,118756,37,rpm,973,460,36.7,36.7,3915,497,0,166,0.161,1,COM7
2,118776,37,rpm,830,460,36.7,36.7,3915,497,0,166,0.161,1,COM7
2,118797,37,rpm,631,460,36.7,36.7,3915,497,0,167,0.162,1,COM7
2,118818,37,rpm,705,460,36.7,36.7,3915,497,0,167,0.162,1,COM7
2,118838,37,rpm,566,460,36.7,36.7,3915,497,0,167,0.162,1,COM7
2,118859,37,rpm,451,460,36.7,36.7,3915,497,0,167,0.162,1,COM7
2,118880,37,rpm,343,460,36.7,36.7,3915,497,0,167,0.162,1,COM7
2,118900,37,rpm,137,460,36.7,36.7,3915,497,0,167,0.162,1,COM7
2,118921,37,rpm,-344,460,36.7,36.7,3915,497,0,167,0.162,1,COM7
2,118942,37,rpm,76,460,36.7,36.7,3915,497,0,168,0.163,1,COM7
2,118962,37,rpm,523,460,36.7,36.7,3915,497,0,168,0.163,1,COM7
2,118983,37,rpm,680,460,36.7,36.7,3915,497,0,168,0.163,1,COM7
2,119004,37,rpm,798,460,36.7,36.7,3915,497,0,168,0.163,1,COM7
2,119024,37,rpm,884,460,36.7,36.7,3915,497,0,168,0.163,1,COM7
2,119045,37,rpm,722,460,36.7,36.7,3915,497,0,168,0.163,1,COM7
2,119066,37,rpm,609,460,36.7,36.7,3915,497,0,169,0.164,1,COM7
2,119086,37,rpm,595,460,36.7,36.7,3915,497,0,169,0.164,1,COM7
2,119107,37,rpm,542,460,36.7,36.7,3915,497,0,169,0.164,1,COM7
2,119128,37,rpm,366,460,36.7,36.7,3915,497,0,169,0.164,1,COM7
2,119148,37,rpm,266,460,36.7,36.7,3915,497,0,169,0.164,1,COM7
2,119169,37,rpm,-320,460,36.7,36.7,3915,497,0,169,0.164,1,COM7
2,119189,37,rpm,-5,460,36.7,36.7,3915,497,0,170,0.164,1,COM7
2,119210,37,rpm,227,460,36.7,36.7,3915,497,0,170,0.165,1,COM7
2,119231,37,rpm,688,460,36.7,36.7,3915,497,0,170,0.165,1,COM7
2,119251,37,rpm,807,460,36.7,36.7,3915,497,0,170,0.165,1,COM7
2,119272,37,rpm,778,460,36.7,36.7,3915,497,0,170,0.165,1,COM7
2,119293,37,rpm,786,460,36.7,36.7,3915,497,0,170,0.165,1,COM7
2,119313,37,rpm,706,460,36.7,36.7,3915,497,0,170,0.165,1,COM7
2,119334,37,rpm,565,460,36.7,36.7,3915,497,0,171,0.166,1,COM7
2,119355,37,rpm,529,460,36.7,36.7,3915,497,0,171,0.166,1,COM7
2,119375,37,rpm,477,460,36.7,36.7,3915,497,0,171,0.166,1,COM7
2,119396,37,rpm,305,460,36.7,36.7,3915,497,0,171,0.166,1,COM7
2,119417,37,rpm,55,460,36.7,36.7,3915,497,0,171,0.166,1,COM7
2,119437,37,rpm,-295,460,36.7,36.7,3915,497,0,171,0.166,1,COM7
2,119458,37,rpm,91,459,36.7,36.7,3915,497,0,172,0.166,1,COM7
2,119479,37,rpm,502,459,36.7,36.7,3915,497,0,172,0.167,1,COM7
2,119499,37,rpm,760,459,36.7,36.7,3915,497,0,172,0.167,1,COM7
2,119520,37,rpm,855,459,36.7,36.7,3915,497,0,172,0.167,1,COM7
2,119541,37,rpm,721,459,36.7,36.7,3915,497,0,172,0.167,1,COM7
2,119561,37,rpm,790,459,36.7,36.7,3915,497,0,172,0.167,1,COM7
2,119582,37,rpm,663,459,36.7,36.7,3915,497,0,173,0.167,1,COM7
2,119603,37,rpm,500,459,36.7,36.7,3915,497,0,173,0.168,1,COM7
2,119623,37,rpm,526,459,36.7,36.7,3915,497,0,173,0.168,1,COM7
2,119644,37,rpm,403,459,36.7,36.7,3915,497,0,173,0.168,1,COM7
2,119665,37,rpm,242,459,36.7,36.7,3915,497,0,173,0.168,1,COM7
2,119685,37,rpm,-381,459,36.7,36.7,3915,497,0,173,0.168,1,COM7
2,119706,37,rpm,38,459,36.7,36.7,3915,497,0,173,0.168,1,COM7
2,119727,37,rpm,322,459,36.7,36.7,3915,497,0,174,0.168,1,COM7
2,119747,37,rpm,643,459,36.7,36.7,3915,497,0,174,0.169,1,COM7
2,119768,37,rpm,841,459,36.7,36.7,3915,497,0,174,0.169,1,COM7
2,119789,37,rpm,861,459,36.7,36.7,3915,497,0,174,0.169,1,COM7
2,119809,37,rpm,678,459,36.7,36.7,3915,497,0,174,0.169,1,COM7
2,119830,37,rpm,691,459,36.7,36.7,3915,497,0,174,0.169,1,COM7
2,119851,37,rpm,636,459,36.7,36.7,3915,497,0,175,0.169,1,COM7
2,119871,37,rpm,498,459,36.7,36.7,3915,497,0,175,0.17,1,COM7
2,119892,37,rpm,444,459,36.7,36.7,3915,497,0,175,0.17,1,COM7
2,119913,37,rpm,311,459,36.7,36.7,3915,497,0,175,0.17,1,COM7
2,119933,37,rpm,-25,459,36.7,36.7,3915,497,0,175,0.17,1,COM7
2,119954,37,rpm,-246,459,36.7,36.7,3915,497,0,175,0.17,1,COM7
2,119975,37,rpm,134,459,36.7,36.7,3915,497,0,176,0.17,1,COM7
2,119995,37,rpm,596,459,36.7,36.7,3915,497,0,176,0.17,1,COM7
2,120016,37,rpm,692,459,36.7,36.7,3915,497,0,176,0.171,1,COM7
2,120037,37,rpm,896,459,36.7,36.7,3915,497,0,176,0.171,1,COM7
2,120057,37,rpm,815,459,36.7,36.7,3915,497,0,176,0.171,1,COM7
2,120078,37,rpm,652,459,36.7,36.7,3915,497,0,176,0.171,1,COM7
2,120099,37,rpm,644,459,36.7,36.7,3915,497,0,176,0.171,1,COM7
2,120119,37,rpm,600,459,36.7,36.7,3915,497,0,177,0.171,1,COM7
2,120140,37,rpm,479,459,36.7,36.7,3915,497,0,177,0.172,1,COM7
2,120161,37,rpm,323,459,36.7,36.7,3915,497,0,177,0.172,1,COM7
2,120181,37,rpm,226,459,36.7,36.7,3915,497,0,177,0.172,1,COM7
2,120202,37,rpm,-387,459,36.7,36.7,3915,497,0,177,0.172,1,COM7
2,120223,37,rpm,58,459,36.7,36.7,3915,497,0,177,0.172,1,COM7
2,120243,37,rpm,459,459,36.7,36.7,3915,497,0,178,0.172,1,COM7
2,120264,37,rpm,756,459,36.7,36.7,3915,497,0,178,0.172,1,COM7
2,120284,37,rpm,808,459,36.7,36.7,3915,497,0,178,0.173,1,COM7
2,120305,37,rpm,860,459,36.7,36.7,3915,497,0,178,0.173,1,COM7
2,120326,37,rpm,788,459,36.7,36.7,3915,497,0,178,0.173,1,COM7
2,120346,37,rpm,634,459,36.7,36.7,3915,497,0,178,0.173,1,COM7
2,120367,37,rpm,552,459,36.7,36.7,3915,497,0,179,0.173,1,COM7
2,120388,37,rpm,549,459,36.7,36.7,3915,497,0,179,0.173,1,COM7
2,120408,37,rpm,347,459,36.7,36.7,3915,497,0,179,0.173,1,COM7
2,120429,37,rpm,229,459,36.7,36.7,3915,497,0,179,0.174,1,COM7
2,120450,37,rpm,-364,459,36.7,36.7,3915,497,0,179,0.174,1,COM7
2,120470,37,rpm,48,459,36.7,36.7,3915,497,0,179,0.174,1,COM7
2,120491,37,rpm,328,459,36.7,36.7,3915,497,0,179,0.174,1,COM7
2,120512,37,rpm,752,459,36.7,36.7,3915,497,0,180,0.174,1,COM7
2,120532,37,rpm,853,459,36.7,36.7,3915,497,0,180,0.174,1,COM7
2,120553,37,rpm,719,459,36.7,36.7,3915,497,0,180,0.175,1,COM7
2,120574,37,rpm,807,459,36.7,36.7,3915,497,0,180,0.175,1,COM7
2,120594,37,rpm,703,459,36.7,36.7,3915,497,0,180,0.175,1,COM7
2,120615,37,rpm,525,459,36.7,36.7,3915,497,0,180,0.175,1,COM7
2,120636,37,rpm,534,459,36.7,36.7,3915,497,0,181,0.175,1,COM7
2,120656,37,rpm,443,459,36.7,36.7,3915,497,0,181,0.175,1,COM7
2,120677,37,rpm,277,459,36.7,36.7,3915,497,0,181,0.175,1,COM7
2,120698,37,rpm,-158,459,36.7,36.7,3915,497,0,181,0.176,1,COM7
2,120718,37,rpm,-124,459,36.7,36.7,3915,497,0,181,0.176,1,COM7
2,120739,37,rpm,161,459,36.7,36.7,3915,497,0,181,0.176,1,COM7
2,120760,37,rpm,601,459,36.7,36.7,3915,497,0,182,0.176,1,COM7
2,120780,37,rpm,787,459,36.7,36.7,3915,497,0,182,0.176,1,COM7
2,120801,37,rpm,882,459,36.7,36.7,3915,497,0,182,0.176,1,COM7
2,120822,37,rpm,718,459,36.7,36.7,3915,497,0,182,0.177,1,COM7
2,120842,37,rpm,719,459,36.7,36.7,3915,497,0,182,0.177,1,COM7
2,120863,37,rpm,653,459,36.7,36.7,3915,497,0,182,0.177,1,COM7
2,120884,37,rpm,530,459,36.7,36.7,3915,497,0,183,0.177,1,COM7
2,120904,37,rpm,476,459,36.7,36.7,3915,497,0,183,0.177,1,COM7
2,120925,37,rpm,356,459,36.7,36.7,3915,497,0,183,0.177,1,COM7
2,120946,37,rpm,212,459,36.7,36.7,3915,497,0,183,0.177,1,COM7
2,120966,37,rpm,-379,459,36.7,36.7,3915,497,0,183,0.178,1,COM7
2,120987,37,rpm,58,459,36.7,36.7,3915,497,0,183,0.178,1,COM7
2,121008,37,rpm,428,459,36.7,36.7,3915,497,0,183,0.178,1,COM7
2,121028,37,rpm,648,459,36.7,36.7,3915,497,0,184,0.178,1,COM7
2,121049,37,rpm,826,459,36.7,36.7,3915,497,0,184,0.178,1,COM7
2,121070,37,rpm,888,459,36.7,36.7,3915,497,0,184,0.178,1,COM7
2,121090,37,rpm,697,459,36.7,36.7,3915,497,0,184,0.179,1,COM7
2,121111,37,rpm,643,459,36.7,36.7,3915,497,0,184,0.179,1,COM7
2,121132,37,rpm,622,459,36.7,36.7,3915,497,0,184,0.179,1,COM7
2,121152,37,rpm,520,459,36.7,36.7,3915,497,0,185,0.179,1,COM7
2,121173,37,rpm,379,459,36.7,36.7,3915,497,0,185,0.179,1,COM7
2,121194,37,rpm,310,459,36.7,36.7,3915,497,0,185,0.179,1,COM7
2,121214,37,rpm,-212,459,36.7,36.7,3915,497,0,185,0.179,1,COM7
2,121235,37,rpm,-104,459,36.7,36.7,3915,497,0,185,0.18,1,COM7
2,121256,37,rpm,196,459,36.7,36.7,3915,497,0,185,0.18,1,COM7
2,121276,37,rpm,692,459,36.7,36.7,3915,497,0,185,0.18,1,COM7
2,121297,37,rpm,687,459,36.7,36.7,3915,497,0,186,0.18,1,COM7
2,121318,37,rpm,837,459,36.7,36.7,3915,497,0,186,0.18,1,COM7
2,121338,37,rpm,862,459,36.7,36.7,3915,497,0,186,0.18,1,COM7
2,121359,37,rpm,645,459,36.7,36.7,3915,497,0,186,0.181,1,COM7
2,121380,37,rpm,580,459,36.7,36.7,3915,497,0,186,0.181,1,COM7
2,121400,37,rpm,622,459,36.7,36.7,3915,497,0,186,0.181,1,COM7
2,121421,37,rpm,462,459,36.7,36.7,3915,497,0,187,0.181,1,COM7
2,121442,37,rpm,295,459,36.7,36.7,3915,497,0,187,0.181,1,COM7
2,121462,37,rpm,175,459,36.7,36.7,3915,497,0,187,0.181,1,COM7
2,121483,37,rpm,-374,459,36.7,36.7,3915,497,0,187,0.181,1,COM7
2,121504,37,rpm,70,459,36.7,36.7,3915,497,0,187,0.182,1,COM7
2,121524,37,rpm,501,459,36.7,36.7,3915,497,0,187,0.182,1,COM7
2,121545,37,rpm,743,459,36.7,36.7,3915,497,0,188,0.182,1,COM7
2,121566,37,rpm,714,459,36.7,36.7,3915,497,0,188,0.182,1,COM7
2,121586,37,rpm,900,459,36.7,36.7,3915,497,0,188,0.182,1,COM7
2,121607,37,rpm,782,459,36.7,36.7,3915,497,0,188,0.182,1,COM7
2,121627,37,rpm,565,459,36.7,36.7,3915,497,0,188,0.183,1,COM7
2,121648,37,rpm,583,459,36.7,36.7,3915,497,0,188,0.183,1,COM7
2,121669,37,rpm,571,459,36.7,36.7,3915,497,0,189,0.183,1,COM7
2,121689,37,rpm,346,459,36.7,36.7,3915,497,0,189,0.183,1,COM7
2,121710,37,rpm,266,459,36.7,36.7,3915,497,0,189,0.183,1,COM7
2,121731,37,rpm,-380,459,36.7,36.7,3915,497,0,189,0.183,1,COM7
2,121751,37,rpm,36,459,36.7,36.7,3915,497,0,189,0.183,1,COM7
2,121772,37,rpm,292,459,36.7,36.7,3915,497,0,189,0.184,1,COM7
2,121793,37,rpm,746,459,36.7,36.7,3915,497,0,189,0.184,1,COM7
2,121813,37,rpm,904,459,36.7,36.7,3915,497,0,190,0.184,1,COM7
2,121834,37,rpm,769,459,36.7,36.7,3915,497,0,190,0.184,1,COM7
2,121855,37,rpm,784,459,36.7,36.7,3915,497,0,190,0.184,1,COM7
2,121875,37,rpm,710,459,36.7,36.7,3915,497,0,190,0.184,1,COM7
2,121896,37,rpm,589,459,36.7,36.7,3915,497,0,190,0.185,1,COM7
2,121917,37,rpm,496,459,36.7,36.7,3915,497,0,190,0.185,1,COM7
2,121937,37,rpm,411,459,36.7,36.7,3915,497,0,191,0.185,1,COM7
2,121958,37,rpm,262,459,36.7,36.7,3915,497,0,191,0.185,1,COM7
2,121979,37,rpm,-296,459,36.7,36.7,3915,497,0,191,0.185,1,COM7
2,121999,37,rpm,-9,459,36.7,36.7,3915,497,0,191,0.185,1,COM7
2,122020,37,rpm,249,459,36.7,36.7,3915,497,0,191,0.185,1,COM7
2,122041,37,rpm,636,459,36.7,36.7,3915,497,0,191,0.186,1,COM7
2,122061,37,rpm,770,459,36.7,36.7,3915,497,0,192,0.186,1,COM7
2,122082,37,rpm,893,459,36.7,36.7,3915,497,0,192,0.186,1,COM7
2,122103,37,rpm,730,459,36.7,36.7,3915,497,0,192,0.186,1,COM7
2,122123,37,rpm,655,459,36.7,36.7,3915,497,0,192,0.186,1,COM7
2,122144,37,rpm,654,459,36.7,36.7,3915,497,0,192,0.186,1,COM7
2,122165,37,rpm,552,459,36.7,36.7,3915,497,0,192,0.187,1,COM7
2,122185,37,rpm,417,459,36.7,36.7,3915,497,0,192,0.187,1,COM7
2,122206,37,rpm,332,459,36.7,36.7,3915,497,0,193,0.187,1,COM7
2,122227,37,rpm,5,459,36.7,36.7,3915,497,0,193,0.187,1,COM7
2,122247,37,rpm,-271,459,36.7,36.7,3915,497,0,193,0.187,1,COM7
2,122268,37,rpm,103,459,36.7,36.7,3915,497,0,193,0.187,1,COM7
2,122289,37,rpm,604,459,36.7,36.7,3915,497,0,193,0.187,1,COM7
2,122309,37,rpm,658,459,36.7,36.7,3915,497,0,193,0.188,1,COM7
2,122330,37,rpm,836,459,36.7,36.7,3915,497,0,194,0.188,1,COM7
2,122351,37,rpm,889,459,36.7,36.7,3915,497,0,194,0.188,1,COM7
2,122371,37,rpm,668,459,36.7,36.7,3915,497,0,194,0.188,1,COM7
2,122392,37,rpm,589,459,36.7,36.7,3915,497,0,194,0.188,1,COM7
2,122413,37,rpm,646,459,36.7,36.7,3915,497,0,194,0.188,1,COM7
2,122433,37,rpm,495,459,36.7,36.7,3915,497,0,194,0.189,1,COM7
2,122454,37,rpm,332,459,36.7,36.7,3915,497,0,195,0.189,1,COM7
2,122475,37,rpm,295,459,36.7,36.7,3915,497,0,195,0.189,1,COM7
2,122495,37,rpm,-361,459,36.7,36.7,3915,497,0,195,0.189,1,COM7
2,122516,37,rpm,14,459,36.7,36.7,3915,497,0,195,0.189,1,COM7
2,122536,37,rpm,307,459,36.7,36.7,3915,497,0,195,0.189,1,COM7
2,122557,37,rpm,695,459,36.7,36.7,3915,497,0,195,0.189,1,COM7
2,122578,37,rpm,645,459,36.7,36.7,3915,497,0,195,0.19,1,COM7
2,122598,37,rpm,947,459,36.7,36.7,3915,497,0,196,0.19,1,COM7
2,122619,37,rpm,814,459,36.7,36.7,3915,497,0,196,0.19,1,COM7
2,122640,37,rpm,564,459,36.7,36.7,3915,497,0,196,0.19,1,COM7
2,122660,37,rpm,639,459,36.7,36.7,3915,497,0,196,0.19,1,COM7
2,122681,37,rpm,597,459,36.7,36.7,3915,497,0,196,0.19,1,COM7
2,122702,37,rpm,397,459,36.7,36.7,3915,497,0,196,0.191,1,COM7
2,122722,37,rpm,321,459,36.7,36.7,3915,497,0,197,0.191,1,COM7
2,122743,37,rpm,-30,459,36.7,36.7,3915,497,0,197,0.191,1,COM7
2,122764,37,rpm,-240,459,36.7,36.7,3915,497,0,197,0.191,1,COM7
2,122784,37,rpm,107,459,36.7,36.7,3915,497,0,197,0.191,1,COM7
2,122805,37,rpm,641,459,36.7,36.7,3915,497,0,197,0.191,1,COM7
2,122826,37,rpm,717,459,36.7,36.7,3915,497,0,197,0.191,1,COM7
2,122846,37,rpm,749,459,36.7,36.7,3915,497,0,198,0.192,1,COM7
2,122867,37,rpm,886,459,36.7,36.7,3915,497,0,198,0.192,1,COM7
2,122888,37,rpm,705,459,36.7,36.7,3915,497,0,198,0.192,1,COM7
2,122908,37,rpm,583,459,36.7,36.7,3915,497,0,198,0.192,1,COM7
2,122929,37,rpm,580,459,36.7,36.7,3915,497,0,198,0.192,1,COM7
2,122949,37,rpm,536,459,36.7,36.7,3915,497,0,198,0.192,1,COM7
2,122970,37,rpm,340,459,36.7,36.7,3915,497,0,198,0.192,1,COM7
2,122991,37,rpm,254,459,36.7,36.7,3915,497,0,199,0.193,1,COM7
2,123011,37,rpm,-402,459,36.7,36.7,3915,497,0,199,0.193,1,COM7
2,123032,37,rpm,47,459,36.7,36.7,3915,497,0,199,0.193,1,COM7
2,123053,37,rpm,317,459,36.7,36.7,3915,497,0,199,0.193,1,COM7
2,123073,37,rpm,707,459,36.7,36.7,3915,497,0,199,0.193,1,COM7
2,123094,37,rpm,836,459,36.7,36.7,3915,497,0,199,0.193,1,COM7
2,123115,37,rpm,835,459,36.7,36.7,3915,497,0,200,0.194,1,COM7
2,123135,37,rpm,742,459,36.7,36.7,3915,497,0,200,0.194,1,COM7
2,123156,37,rpm,657,459,36.7,36.7,3915,497,0,200,0.194,1,COM7
2,123177,37,rpm,594,459,36.7,36.7,3915,497,0,200,0.194,1,COM7
2,123197,37,rpm,505,459,36.7,36.7,3915,497,0,200,0.194,1,COM7
2,123218,37,rpm,429,459,36.7,36.7,3915,497,0,200,0.194,1,COM7
2,123239,37,rpm,310,459,36.7,36.7,3915,497,0,201,0.194,1,COM7
2,123259,37,rpm,-225,459,36.7,36.7,3915,497,0,201,0.195,1,COM7
2,123280,37,rpm,-84,459,36.7,36.7,3915,497,0,201,0.195,1,COM7
2,123301,37,rpm,213,459,36.7,36.7,3915,497,0,201,0.195,1,COM7
2,123321,37,rpm,629,459,36.7,36.7,3915,497,0,201,0.195,1,COM7
2,123342,37,rpm,813,459,36.7,36.7,3915,497,0,201,0.195,1,COM7
2,123363,37,rpm,959,459,36.7,36.7,3915,497,0,201,0.195,1,COM7
2,123383,37,rpm,749,459,36.7,36.7,3915,497,0,202,0.196,1,COM7
2,123404,37,rpm,648,459,36.7,36.7,3915,497,0,202,0.196,1,COM7
2,123425,37,rpm,701,459,36.7,36.7,3915,497,0,202,0.196,1,COM7
2,123445,37,rpm,547,459,36.7,36.7,3915,497,0,202,0.196,1,COM7
2,123466,37,rpm,376,459,36.7,36.7,3915,497,0,202,0.196,1,COM7
2,123487,37,rpm,328,459,36.7,36.7,3915,497,0,202,0.196,1,COM7
2,123507,37,rpm,-70,459,36.7,36.7,3915,497,0,203,0.196,1,COM7
2,123528,37,rpm,-232,459,36.7,36.7,3915,497,0,203,0.197,1,COM7
2,123549,37,rpm,142,459,36.7,36.7,3915,497,0,203,0.197,1,COM7
2,123569,37,rpm,657,459,36.7,36.7,3915,497,0,203,0.197,1,COM7
2,123590,37,rpm,610,459,36.7,36.7,3915,497,0,203,0.197,1,COM7
2,123611,37,rpm,906,459,36.7,36.7,3915,497,0,203,0.197,1,COM7
2,123631,37,rpm,883,459,36.7,36.7,3915,497,0,204,0.197,1,COM7
2,123652,37,rpm,598,459,36.7,36.7,3915,497,0,204,0.198,1,COM7
2,123673,37,rpm,621,459,36.7,36.7,3915,497,0,204,0.198,1,COM7
2,123693,37,rpm,630,459,36.7,36.7,3915,497,0,204,0.198,1,COM7
2,123714,37,rpm,464,459,36.7,36.7,3915,497,0,204,0.198,1,COM7
2,123735,37,rpm,327,459,36.7,36.7,3915,497,0,204,0.198,1,COM7
2,123755,37,rpm,211,459,36.7,36.7,3915,497,0,204,0.198,1,COM7
2,123776,37,rpm,-357,459,36.7,36.7,3915,497,0,205,0.198,1,COM7
2,123797,37,rpm,52,459,36.7,36.7,3915,497,0,205,0.199,1,COM7
2,123817,37,rpm,453,459,36.7,36.7,3915,497,0,205,0.199,1,COM7
2,123838,37,rpm,689,459,36.7,36.7,3915,497,0,205,0.199,1,COM7
2,123859,37,rpm,738,459,36.7,36.7,3915,497,0,205,0.199,1,COM7
2,123879,37,rpm,876,459,36.7,36.7,3915,497,0,205,0.199,1,COM7
2,123900,37,rpm,746,459,36.7,36.7,3915,497,0,206,0.199,1,COM7
2,123920,37,rpm,641,459,36.7,36.7,3915,497,0,206,0.2,1,COM7
2,123941,37,rpm,589,459,36.7,36.7,3915,497,0,206,0.2,1,COM7
2,123962,37,rpm,562,459,36.7,36.7,3915,497,0,206,0.2,1,COM7
2,123982,37,rpm,379,459,36.7,36.7,3915,497,0,206,0.2,1,COM7
2,124003,37,rpm,296,459,36.7,36.7,3915,497,0,206,0.2,1,COM7
2,124024,37,rpm,-197,459,36.7,36.7,3915,497,0,207,0.2,1,COM7
2,124044,37,rpm,-106,459,36.7,36.7,3915,497,0,207,0.2,1,COM7
2,124065,37,rpm,156,459,36.7,36.7,3915,497,0,207,0.201,1,COM7
2,124086,37,rpm,660,459,36.7,36.7,3915,497,0,207,0.201,1,COM7
2,124106,37,rpm,741,459,36.7,36.7,3915,497,0,207,0.201,1,COM7
2,124127,37,rpm,884,459,36.7,36.7,3915,497,0,207,0.201,1,COM7
2,124148,37,rpm,764,459,36.7,36.7,3915,497,0,207,0.201,1,COM7
2,124168,37,rpm,684,459,36.7,36.7,3915,497,0,208,0.201,1,COM7
2,124189,37,rpm,611,459,36.7,36.7,3915,497,0,208,0.202,1,COM7
2,124210,37,rpm,538,459,36.7,36.7,3915,497,0,208,0.202,1,COM7
2,124230,37,rpm,500,459,36.7,36.7,3915,497,0,208,0.202,1,COM7
2,124251,37,rpm,345,459,36.7,36.7,3915,497,0,208,0.202,1,COM7
2,124272,37,rpm,171,459,36.7,36.7,3915,497,0,208,0.202,1,COM7
2,124292,37,rpm,-400,459,36.7,36.7,3915,497,0,209,0.202,1,COM7
2,124313,37,rpm,77,459,36.7,36.7,3915,497,0,209,0.202,1,COM7
2,124334,37,rpm,468,459,36.7,36.7,3915,497,0,209,0.203,1,COM7
2,124355,37,rpm,676,459,36.7,36.7,3915,497,0,209,0.203,1,COM7
2,124375,37,rpm,885,459,36.7,36.7,3915,497,0,209,0.203,1,COM7
2,124396,37,rpm,795,459,36.7,36.7,3915,497,0,209,0.203,1,COM7
2,124416,37,rpm,658,459,36.7,36.7,3915,497,0,210,0.203,1,COM7
2,124437,37,rpm,710,459,36.7,36.7,3915,497,0,210,0.203,1,COM7
2,124458,37,rpm,591,459,36.7,36.7,3915,497,0,210,0.204,1,COM7
2,124478,37,rpm,461,459,36.7,36.7,3915,497,0,210,0.204,1,COM7
2,124499,37,rpm,431,459,36.7,36.7,3915,497,0,210,0.204,1,COM7
2,124520,37,rpm,279,459,36.7,36.7,3915,497,0,210,0.204,1,COM7
2,124540,37,rpm,-291,459,36.7,36.7,3915,497,0,210,0.204,1,COM7
2,124561,37,rpm,-22,459,36.7,36.7,3915,497,0,211,0.204,1,COM7
2,124582,37,rpm,269,459,36.7,36.7,3915,497,0,211,0.204,1,COM7
2,124602,37,rpm,584,459,36.7,36.7,3915,497,0,211,0.205,1,COM7
2,124623,37,rpm,780,459,36.7,36.7,3915,497,0,211,0.205,1,COM7
2,124644,37,rpm,960,459,36.7,36.7,3915,497,0,211,0.205,1,COM7
2,124664,37,rpm,663,459,36.7,36.7,3915,497,0,211,0.205,1,COM7
2,124685,37,rpm,659,459,36.7,36.7,3915,497,0,212,0.205,1,COM7
2,124706,37,rpm,683,459,36.7,36.7,3915,497,0,212,0.205,1,COM7
2,124726,37,rpm,540,459,36.7,36.7,3915,497,0,212,0.206,1,COM7
2,124747,37,rpm,402,459,36.7,36.7,3915,497,0,212,0.206,1,COM7
2,124768,37,rpm,340,459,36.7,36.7,3915,497,0,212,0.206,1,COM7
2,124788,37,rpm,-5,459,36.7,36.7,3915,497,0,212,0.206,1,COM7
2,124809,37,rpm,-252,459,36.7,36.7,3915,497,0,213,0.206,1,COM7
2,124830,37,rpm,115,459,36.7,36.7,3915,497,0,213,0.206,1,COM7
2,124850,37,rpm,637,459,36.7,36.7,3915,497,0,213,0.206,1,COM7
2,124871,37,rpm,703,459,36.7,36.7,3915,497,0,213,0.207,1,COM7
2,124892,37,rpm,896,459,36.7,36.7,3915,497,0,213,0.207,1,COM7
2,124912,37,rpm,855,459,36.7,36.7,3915,497,0,213,0.207,1,COM7
2,124933,37,rpm,679,459,36.7,36.7,3915,497,0,213,0.207,1,COM7
2,124954,37,rpm,616,459,36.7,36.7,3915,497,0,214,0.207,1,COM7
2,124974,37,rpm,604,459,36.7,36.7,3915,497,0,214,0.207,1,COM7
2,124995,37,rpm,456,459,36.7,36.7,3915,497,0,214,0.208,1,COM7
2,125016,37,rpm,308,459,36.7,36.7,3915,497,0,214,0.208,1,COM7
2,125036,37,rpm,101,459,36.7,36.7,3915,497,0,214,0.208,1,COM7
2,125057,37,rpm,-306,459,36.7,36.7,3915,497,0,214,0.208,1,COM7
2,125078,37,rpm,84,459,36.7,36.7,3915,497,0,215,0.208,1,COM7
2,125098,37,rpm,541,459,36.7,36.7,3915,497,0,215,0.208,1,COM7
2,125119,37,rpm,724,459,36.7,36.7,3915,497,0,215,0.208,1,COM7
2,125140,37,rpm,818,459,36.7,36.7,3915,497,0,215,0.209,1,COM7
2,125160,37,rpm,826,459,36.7,36.7,3915,497,0,215,0.209,1,COM7
2,125181,37,rpm,739,459,36.7,36.7,3915,497,0,215,0.209,1,COM7
2,125201,37,rpm,636,459,36.7,36.7,3915,497,0,216,0.209,1,COM7
2,125222,37,rpm,556,459,36.7,36.7,3915,497,0,216,0.209,1,COM7
2,125243,37,rpm,540,459,36.7,36.7,3915,497,0,216,0.209,1,COM7
2,125263,37,rpm,386,459,36.7,36.7,3915,497,0,216,0.21,1,COM7
2,125284,37,rpm,248,459,36.7,36.7,3915,497,0,216,0.21,1,COM7
2,125305,37,rpm,-345,459,36.7,36.7,3915,497,0,216,0.21,1,COM7
2,125325,37,rpm,17,459,36.7,36.7,3915,497,0,216,0.21,1,COM7
2,125346,37,rpm,260,459,36.7,36.7,3915,497,0,217,0.21,1,COM7
2,125367,37,rpm,645,459,36.7,36.7,3915,497,0,217,0.21,1,COM7
2,125387,37,rpm,844,459,36.7,36.7,3915,497,0,217,0.21,1,COM7
2,125408,37,rpm,814,459,36.7,36.7,3915,497,0,217,0.211,1,COM7
2,125429,37,rpm,703,459,36.7,36.7,3915,497,0,217,0.211,1,COM7
2,125449,37,rpm,731,459,36.7,36.7,3915,497,0,217,0.211,1,COM7
2,125470,37,rpm,596,459,36.7,36.7,3915,497,0,218,0.211,1,COM7
2,125491,37,rpm,510,459,36.7,36.7,3915,497,0,218,0.211,1,COM7
2,125511,37,rpm,454,459,36.7,36.7,3915,497,0,218,0.211,1,COM7
2,125532,37,rpm,319,459,36.7,36.7,3915,497,0,218,0.212,1,COM7
2,125552,37,rpm,16,459,36.7,36.7,3915,497,0,218,0.212,1,COM7
2,125573,37,rpm,-278,459,36.7,36.7,3915,497,0,218,0.212,1,COM7
2,125594,37,rpm,109,459,36.7,36.7,3915,497,0,219,0.212,1,COM7
2,125614,37,rpm,504,459,36.7,36.7,3915,497,0,219,0.212,1,COM7
2,125635,37,rpm,753,459,36.7,36.7,3915,497,0,219,0.212,1,COM7
2,125656,37,rpm,881,459,36.7,36.7,3915,497,0,219,0.212,1,COM7
2,125676,37,rpm,715,459,36.7,36.7,3915,497,0,219,0.213,1,COM7
2,125697,37,rpm,724,459,36.7,36.7,3915,497,0,219,0.213,1,COM7
2,125718,37,rpm,690,459,36.7,36.7,3915,497,0,219,0.213,1,COM7
2,125738,37,rpm,510,459,36.7,36.7,3915,497,0,220,0.213,1,COM7
2,125759,37,rpm,500,459,36.7,36.7,3915,497,0,220,0.213,1,COM7
2,125780,37,rpm,401,459,36.7,36.7,3915,497,0,220,0.213,1,COM7
2,125800,37,rpm,240,459,36.7,36.7,3915,497,0,220,0.214,1,COM7
2,125821,37,rpm,-403,459,36.7,36.7,3915,497,0,220,0.214,1,COM7
2,125842,37,rpm,42,459,36.7,36.7,3915,497,0,220,0.214,1,COM7
2,125862,37,rpm,345,459,36.7,36.7,3915,497,0,221,0.214,1,COM7
2,125883,37,rpm,636,459,36.7,36.7,3915,497,0,221,0.214,1,COM7
2,125904,37,rpm,820,459,36.7,36.7,3915,497,0,221,0.214,1,COM7
2,125924,37,rpm,897,459,36.7,36.7,3915,497,0,221,0.214,1,COM7
2,125945,37,rpm,675,459,36.7,36.7,3915,497,0,221,0.215,1,COM7
2,125966,37,rpm,662,459,36.7,36.7,3915,497,0,221,0.215,1,COM7
2,125986,37,rpm,638,459,36.7,36.7,3915,497,0,222,0.215,1,COM7
2,126007,37,rpm,517,459,36.7,36.7,3915,497,0,222,0.215,1,COM7
2,126027,37,rpm,419,459,36.7,36.7,3915,497,0,222,0.215,1,COM7
2,126048,37,rpm,310,459,36.7,36.7,3915,497,0,222,0.215,1,COM7
2,126069,37,rpm,-54,459,36.7,36.7,3915,497,0,222,0.216,1,COM7
2,126090,37,rpm,-235,459,36.7,36.7,3915,497,0,222,0.216,1,COM7
2,126110,37,rpm,130,459,36.7,36.7,3915,497,0,222,0.216,1,COM7
2,126131,37,rpm,615,459,36.7,36.7,3915,497,0,223,0.216,1,COM7
2,126152,37,rpm,693,459,36.7,36.7,3915,497,0,223,0.216,1,COM7
2,126172,37,rpm,863,459,36.7,36.7,3915,497,0,223,0.216,1,COM7
2,126193,37,rpm,841,459,36.7,36.7,3915,497,0,223,0.216,1,COM7
2,126214,37,rpm,669,459,36.7,36.7,3915,497,0,223,0.217,1,COM7
2,126234,37,rpm,587,459,36.7,36.7,3915,497,0,223,0.217,1,COM7
2,126255,37,rpm,601,459,36.7,36.7,3915,497,0,224,0.217,1,COM7
2,126276,37,rpm,492,459,36.7,36.7,3915,497,0,224,0.217,1,COM7
2,126296,37,rpm,303,459,36.7,36.7,3915,497,0,224,0.217,1,COM7
2,126317,37,rpm,203,459,36.7,36.7,3915,497,0,224,0.217,1,COM7
2,126337,37,rpm,-398,459,36.7,36.7,3915,497,0,224,0.217,1,COM7
2,126358,37,rpm,69,459,36.7,36.7,3915,497,0,224,0.218,1,COM7
2,126379,37,rpm,475,459,36.7,36.7,3915,497,0,225,0.218,1,COM7
2,126399,37,rpm,782,459,36.7,36.7,3915,497,0,225,0.218,1,COM7
2,126420,37,rpm,853,459,36.7,36.7,3915,497,0,225,0.218,1,COM7
2,126441,37,rpm,759,459,36.7,36.7,3915,497,0,225,0.218,1,COM7
2,126461,37,rpm,810,459,36.7,36.7,3915,497,0,225,0.218,1,COM7
2,126482,37,rpm,656,459,36.7,36.7,3915,497,0,225,0.219,1,COM7
2,126503,37,rpm,510,459,36.7,36.7,3915,497,0,225,0.219,1,COM7
2,126523,37,rpm,540,459,36.7,36.7,3915,497,0,226,0.219,1,COM7
2,126544,37,rpm,361,459,36.7,36.7,3915,497,0,226,0.219,1,COM7
2,126565,37,rpm,212,459,36.7,36.7,3915,497,0,226,0.219,1,COM7
2,126585,37,rpm,-376,459,36.7,36.7,3915,497,0,226,0.219,1,COM7
2,126606,37,rpm,58,459,36.7,36.7,3915,497,0,226,0.219,1,COM7
2,126627,37,rpm,350,459,36.7,36.7,3915,497,0,226,0.22,1,COM7
2,126647,37,rpm,706,459,36.7,36.7,3915,497,0,227,0.22,1,COM7
2,126668,37,rpm,886,459,36.7,36.7,3915,497,0,227,0.22,1,COM7
2,126689,37,rpm,721,459,36.7,36.7,3915,497,0,227,0.22,1,COM7
2,126709,37,rpm,744,459,36.7,36.7,3915,497,0,227,0.22,1,COM7
2,126730,37,rpm,697,459,36.7,36.7,3915,497,0,227,0.22,1,COM7
2,126751,37,rpm,566,459,36.7,36.7,3915,497,0,227,0.221,1,COM7
2,126771,37,rpm,512,459,36.7,36.7,3915,497,0,228,0.221,1,COM7
2,126792,37,rpm,452,459,36.7,36.7,3915,497,0,228,0.221,1,COM7
2,126813,37,rpm,285,459,36.7,36.7,3915,497,0,228,0.221,1,COM7
2,126833,37,rpm,-222,459,36.7,36.7,3915,497,0,228,0.221,1,COM7
2,126854,37,rpm,-69,459,36.7,36.7,3915,497,0,228,0.221,1,COM7
2,126875,37,rpm,202,459,36.7,36.7,3915,497,0,228,0.221,1,COM7
2,126895,37,rpm,607,459,36.7,36.7,3915,497,0,228,0.222,1,COM7
2,126916,37,rpm,756,459,36.7,36.7,3915,497,0,229,0.222,1,COM7
2,126937,37,rpm,895,459,36.7,36.7,3915,497,0,229,0.222,1,COM7
2,126957,37,rpm,756,459,36.7,36.7,3915,497,0,229,0.222,1,COM7
2,126978,37,rpm,670,459,36.7,36.7,3915,497,0,229,0.222,1,COM7
2,126999,37,rpm,678,459,36.7,36.7,3915,497,0,229,0.222,1,COM7
2,127019,37,rpm,535,459,36.7,36.7,3915,497,0,229,0.223,1,COM7
2,127040,37,rpm,454,459,36.7,36.7,3915,497,0,230,0.223,1,COM7
2,127061,37,rpm,350,459,36.7,36.7,3915,497,0,230,0.223,1,COM7
2,127081,37,rpm,191,459,36.7,36.7,3915,497,0,230,0.223,1,COM7
2,127102,37,rpm,-368,459,36.7,36.7,3915,497,0,230,0.223,1,COM7
2,127123,37,rpm,61,459,36.7,36.7,3915,497,0,230,0.223,1,COM7
2,127143,37,rpm,449,459,36.7,36.7,3915,497,0,230,0.223,1,COM7
2,127164,37,rpm,647,459,36.7,36.7,3915,497,0,231,0.224,1,COM7
2,127185,37,rpm,796,459,36.7,36.7,3915,497,0,231,0.224,1,COM7
2,127205,37,rpm,889,459,36.7,36.7,3915,497,0,231,0.224,1,COM7
2,127226,37,rpm,712,459,36.7,36.7,3915,497,0,231,0.224,1,COM7
2,127247,37,rpm,610,459,36.7,36.7,3915,497,0,231,0.224,1,COM7
2,127267,37,rpm,621,459,36.7,36.7,3915,497,0,231,0.224,1,COM7
2,127288,37,rpm,539,459,36.7,36.7,3915,497,0,231,0.225,1,COM7
2,127309,37,rpm,360,459,36.7,36.7,3915,497,0,232,0.225,1,COM7
2,127329,37,rpm,298,459,36.7,36.7,3915,497,0,232,0.225,1,COM7
2,127350,37,rpm,-262,459,36.7,36.7,3915,497,0,232,0.225,1,COM7
2,127371,37,rpm,-64,459,36.7,36.7,3915,497,0,232,0.225,1,COM7
2,127391,37,rpm,200,459,36.7,36.7,3915,497,0,232,0.225,1,COM7
2,127412,37,rpm,707,459,36.7,36.7,3915,497,0,232,0.225,1,COM7
2,127433,37,rpm,724,459,36.7,36.7,3915,497,0,233,0.226,1,COM7
2,127453,37,rpm,769,459,36.7,36.7,3915,497,0,233,0.226,1,COM7
2,127474,37,rpm,875,459,36.7,36.7,3915,497,0,233,0.226,1,COM7
2,127495,37,rpm,667,459,36.7,36.7,3915,497,0,233,0.226,1,COM7
2,127515,37,rpm,538,459,36.7,36.7,3915,497,0,233,0.226,1,COM7
2,127536,37,rpm,603,459,36.7,36.7,3915,497,0,233,0.226,1,COM7
2,127557,37,rpm,474,459,36.7,36.7,3915,497,0,234,0.227,1,COM7
2,127577,37,rpm,277,459,36.7,36.7,3915,497,0,234,0.227,1,COM7
2,127598,37,rpm,137,459,36.7,36.7,3915,497,0,234,0.227,1,COM7
2,127619,37,rpm,-349,459,36.7,36.7,3915,497,0,234,0.227,1,COM7
2,127639,37,rpm,77,459,36.7,36.7,3915,497,0,234,0.227,1,COM7
2,127660,37,rpm,501,459,36.7,36.7,3915,497,0,234,0.227,1,COM7
2,127681,37,rpm,779,459,36.7,36.7,3915,497,0,235,0.227,1,COM7
2,127701,37,rpm,758,459,36.7,36.7,3915,497,0,235,0.228,1,COM7
2,127722,37,rpm,821,459,36.7,36.7,3915,497,0,235,0.228,1,COM7
2,127743,37,rpm,771,459,36.7,36.7,3915,497,0,235,0.228,1,COM7
2,127763,37,rpm,617,459,36.7,36.7,3915,497,0,235,0.228,1,COM7
2,127784,37,rpm,528,459,36.7,36.7,3915,497,0,235,0.228,1,COM7
2,127805,37,rpm,554,459,36.7,36.7,3915,497,0,235,0.228,1,COM7
2,127825,37,rpm,374,459,36.7,36.7,3915,497,0,236,0.229,1,COM7
2,127846,37,rpm,257,459,36.7,36.7,3915,497,0,236,0.229,1,COM7
2,127867,37,rpm,-387,459,36.7,36.7,3915,497,0,236,0.229,1,COM7
2,127887,37,rpm,47,459,36.7,36.7,3915,497,0,236,0.229,1,COM7
2,127908,37,rpm,334,459,36.7,36.7,3915,497,0,236,0.229,1,COM7
2,127929,37,rpm,682,459,36.7,36.7,3915,497,0,236,0.229,1,COM7
2,127949,37,rpm,936,459,36.7,36.7,3915,497,0,237,0.229,1,COM7
2,127970,37,rpm,824,459,36.7,36.7,3915,497,0,237,0.23,1,COM7
2,127991,37,rpm,704,459,36.7,36.7,3915,497,0,237,0.23,1,COM7
2,128011,37,rpm,674,459,36.7,36.7,3915,497,0,237,0.23,1,COM7
2,128032,37,rpm,661,459,36.7,36.7,3915,497,0,237,0.23,1,COM7
2,128053,37,rpm,477,459,36.7,36.7,3915,497,0,237,0.23,1,COM7
2,128073,37,rpm,402,459,36.7,36.7,3915,497,0,237,0.23,1,COM7
2,128094,37,rpm,269,459,36.7,36.7,3915,497,0,238,0.231,1,COM7
2,128115,37,rpm,-331,458,36.7,36.7,3915,497,0,238,0.231,1,COM7
2,128135,37,rpm,11,458,36.7,36.7,3915,497,0,238,0.231,1,COM7
2,128156,37,rpm,275,458,36.7,36.7,3915,497,0,238,0.231,1,COM7
2,128177,37,rpm,643,458,36.7,36.7,3915,497,0,238,0.231,1,COM7
2,128197,37,rpm,730,458,36.7,36.7,3915,497,0,238,0.231,1,COM7
2,128218,37,rpm,910,458,36.7,36.7,3915,497,0,239,0.231,1,COM7
2,128239,37,rpm,786,458,36.7,36.7,3915,497,0,239,0.232,1,COM7
2,128259,37,rpm,603,458,36.7,36.7,3915,497,0,239,0.232,1,COM7
2,128280,37,rpm,624,458,36.7,36.7,3915,497,0,239,0.232,1,COM7
2,128301,37,rpm,585,458,36.7,36.7,3915,497,0,239,0.232,1,COM7
2,128322,37,rpm,410,458,36.7,36.7,3915,497,0,239,0.232,1,COM7
2,128342,37,rpm,309,458,36.7,36.7,3915,497,0,240,0.232,1,COM7
2,128363,37,rpm,-22,458,36.7,36.7,3915,497,0,240,0.233,1,COM7
2,128384,37,rpm,-220,458,36.7,36.7,3915,497,0,240,0.233,1,COM7
2,128404,37,rpm,103,458,36.7,36.7,3915,497,0,240,0.233,1,COM7
2,128425,37,rpm,642,458,36.7,36.7,3915,497,0,240,0.233,1,COM7
2,128446,37,rpm,734,458,36.7,36.7,3915,497,0,240,0.233,1,COM7
2,128466,37,rpm,735,458,36.7,36.7,3915,497,0,241,0.233,1,COM7
2,128487,37,rpm,889,458,36.7,36.7,3915,497,0,241,0.233,1,COM7
2,128508,37,rpm,716,458,36.7,36.7,3915,497,0,241,0.234,1,COM7
2,128528,37,rpm,580,458,36.7,36.7,3915,497,0,241,0.234,1,COM7
2,128549,37,rpm,544,458,36.7,36.7,3915,497,0,241,0.234,1,COM7
2,128570,37,rpm,562,458,36.7,36.7,3915,497,0,241,0.234,1,COM7
2,128590,37,rpm,314,458,36.7,36.7,3915,497,0,241,0.234,1,COM7
2,128611,37,rpm,270,458,36.7,36.7,3915,497,0,242,0.234,1,COM7
2,128632,37,rpm,-388,458,36.7,36.7,3915,497,0,242,0.235,1,COM7
2,128652,37,rpm,34,458,36.7,36.7,3915,497,0,242,0.235,1,COM7
2,128673,37,rpm,326,458,36.7,36.7,3915,497,0,242,0.235,1,COM7
2,128694,37,rpm,729,458,36.7,36.7,3915,497,0,242,0.235,1,COM7
2,128714,37,rpm,725,458,36.7,36.7,3915,497,0,242,0.235,1,COM7
2,128735,37,rpm,834,458,36.7,36.7,3915,497,0,243,0.235,1,COM7
2,128755,37,rpm,820,458,36.7,36.7,3915,497,0,243,0.235,1,COM7
2,128776,37,rpm,636,458,36.7,36.7,3915,497,0,243,0.236,1,COM7
2,128797,37,rpm,555,458,36.7,36.7,3915,497,0,243,0.236,1,COM7
2,128818,37,rpm,577,458,36.7,36.7,3915,497,0,243,0.236,1,COM7
2,128838,37,rpm,429,458,36.7,36.7,3915,497,0,243,0.236,1,COM7
2,128859,37,rpm,298,458,36.7,36.7,3915,497,0,244,0.236,1,COM7
2,128880,37,rpm,-86,458,36.7,36.7,3915,497,0,244,0.236,1,COM7
2,128900,37,rpm,-206,458,36.7,36.7,3915,497,0,244,0.237,1,COM7
2,128921,37,rpm,139,458,36.7,36.7,3915,497,0,244,0.237,1,COM7
2,128942,37,rpm,612,458,36.7,36.7,3915,497,0,244,0.237,1,COM7
2,128962,37,rpm,759,458,36.7,36.7,3915,497,0,244,0.237,1,COM7
2,128983,37,rpm,829,458,36.7,36.7,3915,497,0,244,0.237,1,COM7
2,129004,37,rpm,779,458,36.7,36.7,3915,497,0,245,0.237,1,COM7
2,129024,37,rpm,717,458,36.7,36.7,3915,497,0,245,0.237,1,COM7
2,129045,37,rpm,628,458,36.7,36.7,3915,497,0,245,0.238,1,COM7
2,129066,37,rpm,536,458,36.7,36.7,3915,497,0,245,0.238,1,COM7
2,129086,37,rpm,492,458,36.7,36.7,3915,497,0,245,0.238,1,COM7
2,129107,37,rpm,355,458,36.7,36.7,3915,497,0,245,0.238,1,COM7
2,129128,37,rpm,226,458,36.7,36.7,3915,497,0,246,0.238,1,COM7
2,129148,37,rpm,-412,458,36.7,36.7,3915,497,0,246,0.238,1,COM7
2,129169,37,rpm,62,458,36.7,36.7,3915,497,0,246,0.238,1,COM7
2,129190,37,rpm,417,458,36.7,36.7,3915,497,0,246,0.239,1,COM7
2,129210,37,rpm,636,458,36.7,36.7,3915,497,0,246,0.239,1,COM7
2,129231,37,rpm,818,458,36.7,36.7,3915,497,0,246,0.239,1,COM7
2,129252,37,rpm,903,458,36.7,36.7,3915,497,0,247,0.239,1,COM7
2,129272,37,rpm,670,458,36.7,36.7,3915,497,0,247,0.239,1,COM7
2,129293,37,rpm,616,458,36.7,36.7,3915,497,0,247,0.239,1,COM7
2,129314,37,rpm,659,458,36.7,36.7,3915,497,0,247,0.24,1,COM7
2,129334,37,rpm,512,458,36.7,36.7,3915,497,0,247,0.24,1,COM7
2,129355,37,rpm,350,458,36.7,36.7,3915,497,0,247,0.24,1,COM7
2,129376,37,rpm,323,458,36.7,36.7,3915,497,0,247,0.24,1,COM7
2,129396,37,rpm,-309,458,36.7,36.7,3915,497,0,248,0.24,1,COM7
2,129417,37,rpm,-31,458,36.7,36.7,3915,497,0,248,0.24,1,COM7
2,129438,37,rpm,242,458,36.7,36.7,3915,497,0,248,0.24,1,COM7
2,129458,37,rpm,753,458,36.7,36.7,3915,497,0,248,0.241,1,COM7
2,129479,37,rpm,686,458,36.7,36.7,3915,497,0,248,0.241,1,COM7
2,129500,37,rpm,940,458,36.7,36.7,3915,497,0,248,0.241,1,COM7
2,129520,37,rpm,842,458,36.7,36.7,3915,497,0,249,0.241,1,COM7
2,129541,37,rpm,626,458,36.7,36.7,3915,497,0,249,0.241,1,COM7
2,129562,37,rpm,590,458,36.7,36.7,3915,497,0,249,0.241,1,COM7
2,129582,37,rpm,583,458,36.7,36.7,3915,497,0,249,0.242,1,COM7
2,129603,37,rpm,382,458,36.7,36.7,3915,497,0,249,0.242,1,COM7
2,129624,37,rpm,272,458,36.7,36.7,3915,497,0,249,0.242,1,COM7
2,129644,37,rpm,-166,458,36.7,36.7,3915,497,0,249,0.242,1,COM7
2,129665,37,rpm,-114,458,36.7,36.7,3915,497,0,250,0.242,1,COM7
2,129686,37,rpm,154,458,36.7,36.7,3915,497,0,250,0.242,1,COM7
2,129706,37,rpm,688,458,36.7,36.7,3915,497,0,250,0.242,1,COM7
2,129727,37,rpm,735,458,36.7,36.7,3915,497,0,250,0.243,1,COM7
2,129748,37,rpm,788,458,36.7,36.7,3915,497,0,250,0.243,1,COM7
2,129768,37,rpm,849,458,36.7,36.7,3915,497,0,250,0.243,1,COM7
2,129789,37,rpm,695,458,36.7,36.7,3915,497,0,251,0.243,1,COM7
2,129810,37,rpm,563,458,36.7,36.7,3915,497,0,251,0.243,1,COM7
2,129830,37,rpm,582,458,36.7,36.7,3915,497,0,251,0.243,1,COM7
2,129851,37,rpm,497,458,36.7,36.7,3915,497,0,251,0.244,1,COM7
2,129871,37,rpm,315,458,36.7,36.7,3915,497,0,251,0.244,1,COM7
2,129892,37,rpm,164,458,36.7,36.7,3915,497,0,251,0.244,1,COM7
2,129913,37,rpm,-355,458,36.7,36.7,3915,497,0,252,0.244,1,COM7
2,129933,37,rpm,66,458,36.7,36.7,3915,497,0,252,0.244,1,COM7
2,129954,37,rpm,442,458,36.7,36.7,3915,497,0,252,0.244,1,COM7
2,129975,37,rpm,721,458,36.7,36.7,3915,497,0,252,0.244,1,COM7
2,129995,37,rpm,835,458,36.7,36.7,3915,497,0,252,0.245,1,COM7
2,130016,37,rpm,780,458,36.7,36.7,3915,497,0,252,0.245,1,COM7
2,130037,37,rpm,745,458,36.7,36.7,3915,497,0,252,0.245,1,COM7
2,130057,37,rpm,660,458,36.7,36.7,3915,497,0,253,0.245,1,COM7
2,130078,37,rpm,556,458,36.7,36.7,3915,497,0,253,0.245,1,COM7
2,130099,37,rpm,507,458,36.7,36.7,3915,497,0,253,0.245,1,COM7
2,130119,37,rpm,396,457,36.7,36.7,3915,497,0,253,0.246,1,COM7
2,130140,37,rpm,275,457,36.7,36.7,3915,497,0,253,0.246,1,COM7
2,130161,37,rpm,-323,457,36.7,36.7,3915,497,0,253,0.246,1,COM7
2,130182,37,rpm,-9,457,36.7,36.7,3915,497,0,254,0.246,1,COM7
2,130202,37,rpm,231,457,36.7,36.7,3915,497,0,254,0.246,1,COM7
2,130223,37,rpm,618,457,36.7,36.7,3915,497,0,254,0.246,1,COM7
2,130243,37,rpm,760,457,36.7,36.7,3915,497,0,254,0.246,1,COM7
2,130264,37,rpm,931,457,36.7,36.7,3915,497,0,254,0.247,1,COM7
2,130285,37,rpm,707,457,36.7,36.7,3915,497,0,254,0.247,1,COM7
2,130305,37,rpm,660,457,36.7,36.7,3915,497,0,255,0.247,1,COM7
2,130326,37,rpm,689,457,36.7,36.7,3915,497,0,255,0.247,1,COM7
2,130347,37,rpm,519,457,36.7,36.7,3915,497,0,255,0.247,1,COM7
2,130367,37,rpm,439,457,36.7,36.7,3915,497,0,255,0.247,1,COM7
2,130388,37,rpm,368,457,36.7,36.7,3915,497,0,255,0.248,1,COM7
2,130409,37,rpm,63,457,36.7,36.7,3915,497,0,255,0.248,1,COM7
2,130429,37,rpm,-307,457,36.7,36.7,3915,497,0,255,0.248,1,COM7
2,130450,37,rpm,93,457,36.7,36.7,3915,497,0,256,0.248,1,COM7
2,130471,37,rpm,560,457,36.7,36.7,3915,497,0,256,0.248,1,COM7
2,130491,37,rpm,604,457,36.7,36.7,3915,497,0,256,0.248,1,COM7
2,130512,37,rpm,884,457,36.7,36.7,3915,497,0,256,0.248,1,COM7
2,130533,37,rpm,901,457,36.7,36.7,3915,497,0,256,0.249,1,COM7
2,130553,37,rpm,603,457,36.7,36.7,3915,497,0,256,0.249,1,COM7
2,130574,37,rpm,654,457,36.7,36.7,3915,497,0,257,0.249,1,COM7
2,130595,37,rpm,633,457,36.7,36.7,3915,497,0,257,0.249,1,COM7
2,130615,37,rpm,471,457,36.7,36.7,3915,497,0,257,0.249,1,COM7
2,130636,37,rpm,362,457,36.7,36.7,3915,497,0,257,0.249,1,COM7
2,130657,37,rpm,289,457,36.7,36.7,3915,497,0,257,0.25,1,COM7
2,130677,37,rpm,-388,457,36.7,36.7,3915,497,0,257,0.25,1,COM7
2,130698,37,rpm,14,457,36.7,36.7,3915,497,0,258,0.25,1,COM7
2,130719,37,rpm,297,457,36.7,36.7,3915,497,0,258,0.25,1,COM7
2,130739,37,rpm,671,457,36.7,36.7,3915,497,0,258,0.25,1,COM7
2,130760,37,rpm,709,457,36.7,36.7,3915,497,0,258,0.25,1,COM7
2,130781,37,rpm,948,457,36.7,36.7,3915,497,0,258,0.25,1,COM7
2,130801,37,rpm,789,457,36.7,36.7,3915,497,0,258,0.251,1,COM7
2,130822,37,rpm,575,457,36.7,36.7,3915,497,0,258,0.251,1,COM7
2,130842,37,rpm,611,457,36.7,36.7,3915,497,0,259,0.251,1,COM7
2,130863,37,rpm,584,457,36.7,36.7,3915,497,0,259,0.251,1,COM7
2,130884,37,rpm,406,457,36.7,36.7,3915,497,0,259,0.251,1,COM7
2,130904,37,rpm,292,457,36.7,36.7,3915,497,0,259,0.251,1,COM7
2,130925,37,rpm,-76,457,36.7,36.7,3915,497,0,259,0.251,1,COM7
2,130946,37,rpm,-196,457,36.7,36.7,3915,497,0,259,0.252,1,COM7
2,130966,37,rpm,124,457,36.7,36.7,3915,497,0,260,0.252,1,COM7
2,130987,37,rpm,667,457,36.7,36.7,3915,497,0,260,0.252,1,COM7
2,131008,37,rpm,806,457,36.7,36.7,3915,497,0,260,0.252,1,COM7
2,131028,37,rpm,822,457,36.7,36.7,3915,497,0,260,0.252,1,COM7
2,131049,37,rpm,820,457,36.7,36.7,3915,497,0,260,0.252,1,COM7
2,131070,37,rpm,714,457,36.7,36.7,3915,497,0,260,0.253,1,COM7
2,131090,37,rpm,637,457,36.7,36.7,3915,497,0,261,0.253,1,COM7
2,131111,37,rpm,534,457,36.7,36.7,3915,497,0,261,0.253,1,COM7
2,131132,37,rpm,463,457,36.7,36.7,3915,497,0,261,0.253,1,COM7
2,131152,37,rpm,314,457,36.7,36.7,3915,497,0,261,0.253,1,COM7
2,131173,37,rpm,30,457,36.7,36.7,3915,497,0,261,0.253,1,COM7
2,131194,37,rpm,-274,457,36.7,36.7,3915,497,0,261,0.253,1,COM7
2,131214,37,rpm,111,457,36.7,36.7,3915,497,0,261,0.254,1,COM7
2,131235,37,rpm,553,457,36.7,36.7,3915,497,0,262,0.254,1,COM7
2,131256,37,rpm,717,457,36.7,36.7,3915,497,0,262,0.254,1,COM7
2,131276,37,rpm,915,457,36.7,36.7,3915,497,0,262,0.254,1,COM7
2,131297,37,rpm,736,457,36.7,36.7,3915,497,0,262,0.254,1,COM7
2,131317,37,rpm,683,457,36.7,36.7,3915,497,0,262,0.254,1,COM7
2,131338,37,rpm,694,457,36.7,36.7,3915,497,0,262,0.255,1,COM7
2,131359,37,rpm,546,457,36.7,36.7,3915,497,0,263,0.255,1,COM7
2,131379,37,rpm,466,457,36.7,36.7,3915,497,0,263,0.255,1,COM7
2,131400,37,rpm,388,457,36.7,36.7,3915,497,0,263,0.255,1,COM7
2,131421,37,rpm,241,457,36.7,36.7,3915,497,0,263,0.255,1,COM7
2,131441,37,rpm,-386,457,36.7,36.7,3915,497,0,263,0.255,1,COM7
2,131462,37,rpm,34,457,36.7,36.7,3915,497,0,263,0.255,1,COM7
2,131483,37,rpm,361,457,36.7,36.7,3915,497,0,264,0.256,1,COM7
2,131503,37,rpm,599,457,36.7,36.7,3915,497,0,264,0.256,1,COM7
2,131524,37,rpm,848,457,36.7,36.7,3915,497,0,264,0.256,1,COM7
2,131545,37,rpm,919,457,36.7,36.7,3915,497,0,264,0.256,1,COM7
2,131565,37,rpm,624,457,36.7,36.7,3915,497,0,264,0.256,1,COM7
2,131586,37,rpm,695,457,36.7,36.7,3915,497,0,264,0.256,1,COM7
2,131607,37,rpm,646,457,36.7,36.7,3915,497,0,264,0.257,1,COM7
2,131627,37,rpm,484,457,36.7,36.7,3915,497,0,265,0.257,1,COM7
2,131648,37,rpm,409,457,36.7,36.7,3915,497,0,265,0.257,1,COM7
2,131669,37,rpm,340,457,36.7,36.7,3915,497,0,265,0.257,1,COM7
2,131689,37,rpm,-66,457,36.7,36.7,3915,497,0,265,0.257,1,COM7
2,131710,37,rpm,-218,457,36.7,36.7,3915,497,0,265,0.257,1,COM7
2,131731,37,rpm,140,457,36.7,36.7,3915,497,0,265,0.257,1,COM7
2,131751,37,rpm,602,457,36.7,36.7,3915,497,0,266,0.258,1,COM7
2,131772,37,rpm,663,457,36.7,36.7,3915,497,0,266,0.258,1,COM7
2,131793,37,rpm,889,457,36.7,36.7,3915,497,0,266,0.258,1,COM7
2,131813,37,rpm,831,457,36.7,36.7,3915,497,0,266,0.258,1,COM7
2,131834,37,rpm,625,457,36.7,36.7,3915,497,0,266,0.258,1,COM7
2,131855,37,rpm,644,457,36.7,36.7,3915,497,0,266,0.258,1,COM7
2,131876,37,rpm,586,457,36.7,36.7,3915,497,0,267,0.259,1,COM7
2,131896,37,rpm,470,457,36.7,36.7,3915,497,0,267,0.259,1,COM7
2,131917,37,rpm,355,457,36.7,36.7,3915,497,0,267,0.259,1,COM7
2,131938,37,rpm,228,457,36.7,36.7,3915,497,0,267,0.259,1,COM7
2,131958,37,rpm,-417,457,36.7,36.7,3915,497,0,267,0.259,1,COM7
2,131979,37,rpm,54,457,36.7,36.7,3915,497,0,267,0.259,1,COM7
2,131999,37,rpm,432,457,36.7,36.7,3915,497,0,267,0.259,1,COM7
2,132020,37,rpm,688,457,36.7,36.7,3915,497,0,268,0.26,1,COM7
2,132041,37,rpm,752,457,36.7,36.7,3915,497,0,268,0.26,1,COM7
2,132061,37,rpm,877,457,36.7,36.7,3915,497,0,268,0.26,1,COM7
2,132082,37,rpm,751,457,36.7,36.7,3915,497,0,268,0.26,1,COM7
2,132103,37,rpm,623,457,36.7,36.7,3915,497,0,268,0.26,1,COM7
2,132123,37,rpm,552,457,36.7,36.7,3915,497,0,268,0.26,1,COM7
2,132144,37,rpm,603,457,36.7,36.7,3915,497,0,269,0.26,1,COM7
2,132165,37,rpm,396,457,36.7,36.7,3915,497,0,269,0.261,1,COM7
2,132185,37,rpm,274,457,36.7,36.7,3915,497,0,269,0.261,1,COM7
2,132206,37,rpm,-131,457,36.7,36.7,3915,497,0,269,0.261,1,COM7
2,132227,37,rpm,-154,457,36.7,36.7,3915,497,0,269,0.261,1,COM7
2,132247,37,rpm,146,457,36.7,36.7,3915,497,0,269,0.261,1,COM7
2,132268,37,rpm,634,457,36.7,36.7,3915,497,0,269,0.261,1,COM7
2,132289,37,rpm,814,457,36.7,36.7,3915,497,0,270,0.262,1,COM7
2,132309,37,rpm,828,457,36.7,36.7,3915,497,0,270,0.262,1,COM7
2,132330,37,rpm,730,457,36.7,36.7,3915,497,0,270,0.262,1,COM7
2,132351,37,rpm,729,457,36.7,36.7,3915,497,0,270,0.262,1,COM7
2,132371,37,rpm,619,457,36.7,36.7,3915,497,0,270,0.262,1,COM7
2,132392,37,rpm,494,457,36.7,36.7,3915,497,0,270,0.262,1,COM7
2,132413,37,rpm,516,457,36.7,36.7,3915,497,0,271,0.262,1,COM7
2,132433,37,rpm,343,457,36.7,36.7,3915,497,0,271,0.263,1,COM7
2,132454,37,rpm,100,457,36.7,36.7,3915,497,0,271,0.263,1,COM7
2,132475,37,rpm,-333,457,36.7,36.7,3915,497,0,271,0.263,1,COM7
2,132495,37,rpm,109,457,36.7,36.7,3915,497,0,271,0.263,1,COM7
2,132516,37,rpm,479,457,36.7,36.7,3915,497,0,271,0.263,1,COM7
2,132537,37,rpm,771,457,36.7,36.7,3915,497,0,272,0.263,1,COM7
2,132557,37,rpm,976,457,36.7,36.7,3915,497,0,272,0.264,1,COM7
2,132578,37,rpm,761,457,36.7,36.7,3915,497,0,272,0.264,1,COM7
2,132599,37,rpm,693,457,36.7,36.7,3915,497,0,272,0.264,1,COM7
2,132619,37,rpm,734,457,36.7,36.7,3915,497,0,272,0.264,1,COM7
2,132640,37,rpm,550,457,36.7,36.7,3915,497,0,272,0.264,1,COM7
2,132660,37,rpm,439,457,36.7,36.7,3915,497,0,272,0.264,1,COM7
2,132681,37,rpm,384,457,36.7,36.7,3915,497,0,273,0.264,1,COM7
2,132702,37,rpm,172,457,36.7,36.7,3915,497,0,273,0.265,1,COM7
2,132722,37,rpm,-363,457,36.7,36.7,3915,497,0,273,0.265,1,COM7
2,132743,37,rpm,73,457,36.7,36.7,3915,497,0,273,0.265,1,COM7
2,132764,37,rpm,464,457,36.7,36.7,3915,497,0,273,0.265,1,COM7
2,132784,37,rpm,628,457,36.7,36.7,3915,497,0,273,0.265,1,COM7
2,132805,37,rpm,855,457,36.7,36.7,3915,497,0,274,0.265,1,COM7
2,132826,37,rpm,849,457,36.7,36.7,3915,497,0,274,0.266,1,COM7
2,132846,37,rpm,661,457,36.7,36.7,3915,497,0,274,0.266,1,COM7
2,132867,37,rpm,646,457,36.7,36.7,3915,497,0,274,0.266,1,COM7
2,132888,37,rpm,629,457,36.7,36.7,3915,497,0,274,0.266,1,COM7
2,132908,37,rpm,507,457,36.7,36.7,3915,497,0,274,0.266,1,COM7
2,132929,37,rpm,374,457,36.7,36.7,3915,497,0,275,0.266,1,COM7
2,132949,37,rpm,306,457,36.7,36.7,3915,497,0,275,0.266,1,COM7
2,132970,37,rpm,-305,457,36.7,36.7,3915,497,0,275,0.267,1,COM7
2,132991,37,rpm,-24,457,36.7,36.7,3915,497,0,275,0.267,1,COM7
2,133011,37,rpm,238,457,36.7,36.7,3915,497,0,275,0.267,1,COM7
2,133032,37,rpm,677,457,36.7,36.7,3915,497,0,275,0.267,1,COM7
2,133053,37,rpm,701,457,36.7,36.7,3915,497,0,275,0.267,1,COM7
2,133073,37,rpm,896,457,36.7,36.7,3915,497,0,276,0.267,1,COM7
2,133094,37,rpm,805,457,36.7,36.7,3915,497,0,276,0.268,1,COM7
2,133115,37,rpm,637,457,36.7,36.7,3915,497,0,276,0.268,1,COM7
2,133135,37,rpm,610,457,36.7,36.7,3915,497,0,276,0.268,1,COM7
2,133156,37,rpm,586,457,36.7,36.7,3915,497,0,276,0.268,1,COM7
2,133177,37,rpm,449,457,36.7,36.7,3915,497,0,276,0.268,1,COM7
2,133197,37,rpm,317,457,36.7,36.7,3915,497,0,277,0.268,1,COM7
2,133218,37,rpm,146,457,36.7,36.7,3915,497,0,277,0.268,1,COM7
2,133239,37,rpm,-342,457,36.7,36.7,3915,497,0,277,0.269,1,COM7
2,133259,37,rpm,64,457,36.7,36.7,3915,497,0,277,0.269,1,COM7
2,133280,37,rpm,490,457,36.7,36.7,3915,497,0,277,0.269,1,COM7
2,133300,37,rpm,730,457,36.7,36.7,3915,497,0,277,0.269,1,COM7
2,133321,37,rpm,749,457,36.7,36.7,3915,497,0,278,0.269,1,COM7
2,133342,37,rpm,859,457,36.7,36.7,3915,497,0,278,0.269,1,COM7
2,133362,37,rpm,774,457,36.7,36.7,3915,497,0,278,0.269,1,COM7
2,133383,37,rpm,586,457,36.7,36.7,3915,497,0,278,0.27,1,COM7
2,133404,37,rpm,574,457,36.7,36.7,3915,497,0,278,0.27,1,COM7
2,133424,37,rpm,562,457,36.7,36.7,3915,497,0,278,0.27,1,COM7
2,133445,37,rpm,367,457,36.7,36.7,3915,497,0,278,0.27,1,COM7
2,133466,37,rpm,266,457,36.7,36.7,3915,497,0,279,0.27,1,COM7
2,133486,37,rpm,-326,457,36.7,36.7,3915,497,0,279,0.27,1,COM7
2,133507,37,rpm,-3,457,36.7,36.7,3915,497,0,279,0.271,1,COM7
2,133528,37,rpm,215,457,36.7,36.7,3915,497,0,279,0.271,1,COM7
2,133548,37,rpm,724,457,36.7,36.7,3915,497,0,279,0.271,1,COM7
2,133569,37,rpm,805,457,36.7,36.7,3915,497,0,279,0.271,1,COM7
2,133590,37,rpm,713,457,36.7,36.7,3915,497,0,280,0.271,1,COM7
2,133610,37,rpm,833,457,36.7,36.7,3915,497,0,280,0.271,1,COM7
2,133631,37,rpm,720,457,36.7,36.7,3915,497,0,280,0.271,1,COM7
2,133652,37,rpm,551,457,36.7,36.7,3915,497,0,280,0.272,1,COM7
2,133672,37,rpm,550,457,36.7,36.7,3915,497,0,280,0.272,1,COM7
2,133693,37,rpm,490,457,36.7,36.7,3915,497,0,280,0.272,1,COM7
2,133714,37,rpm,297,457,36.7,36.7,3915,497,0,281,0.272,1,COM7
2,133734,37,rpm,71,457,36.7,36.7,3915,497,0,281,0.272,1,COM7
2,133755,37,rpm,-308,457,36.7,36.7,3915,497,0,281,0.272,1,COM7
2,133776,37,rpm,103,457,36.7,36.7,3915,497,0,281,0.273,1,COM7
2,133796,37,rpm,515,457,36.7,36.7,3915,497,0,281,0.273,1,COM7
2,133817,37,rpm,762,457,36.7,36.7,3915,497,0,281,0.273,1,COM7
2,133838,37,rpm,866,457,36.7,36.7,3915,497,0,281,0.273,1,COM7
2,133858,37,rpm,735,457,36.7,36.7,3915,497,0,282,0.273,1,COM7
2,133879,37,rpm,716,457,36.7,36.7,3915,497,0,282,0.273,1,COM7
2,133900,37,rpm,677,457,36.7,36.7,3915,497,0,282,0.273,1,COM7
2,133920,37,rpm,552,457,36.7,36.7,3915,497,0,282,0.274,1,COM7
2,133941,37,rpm,483,457,36.7,36.7,3915,497,0,282,0.274,1,COM7
2,133962,37,rpm,368,457,36.7,36.7,3915,497,0,282,0.274,1,COM7
2,133982,37,rpm,247,457,36.7,36.7,3915,497,0,283,0.274,1,COM7
2,134003,37,rpm,-396,457,36.7,36.7,3915,497,0,283,0.274,1,COM7
2,134024,37,rpm,50,457,36.7,36.7,3915,497,0,283,0.274,1,COM7
2,134044,37,rpm,401,457,36.7,36.7,3915,497,0,283,0.275,1,COM7
2,134065,37,rpm,658,457,36.7,36.7,3915,497,0,283,0.275,1,COM7
2,134086,37,rpm,910,457,36.7,36.7,3915,497,0,283,0.275,1,COM7
2,134106,37,rpm,876,457,36.7,36.7,3915,497,0,284,0.275,1,COM7
2,134127,37,rpm,696,457,36.7,36.7,3915,497,0,284,0.275,1,COM7
2,134148,37,rpm,656,457,36.7,36.7,3915,497,0,284,0.275,1,COM7
2,134168,37,rpm,632,457,36.7,36.7,3915,497,0,284,0.275,1,COM7
2,134189,37,rpm,511,457,36.7,36.7,3915,497,0,284,0.276,1,COM7
2,134210,37,rpm,339,457,36.7,36.7,3915,497,0,284,0.276,1,COM7
2,134230,37,rpm,271,457,36.7,36.7,3915,497,0,284,0.276,1,COM7
2,134251,37,rpm,-372,457,36.7,36.7,3915,497,0,285,0.276,1,COM7
2,134272,37,rpm,24,457,36.7,36.7,3915,497,0,285,0.276,1,COM7
2,134292,37,rpm,320,457,36.7,36.7,3915,497,0,285,0.276,1,COM7
2,134313,37,rpm,710,457,36.7,36.7,3915,497,0,285,0.277,1,COM7
2,134334,37,rpm,729,457,36.7,36.7,3915,497,0,285,0.277,1,COM7
2,134354,37,rpm,842,457,36.7,36.7,3915,497,0,285,0.277,1,COM7
2,134375,37,rpm,813,457,36.7,36.7,3915,497,0,286,0.277,1,COM7
2,134396,37,rpm,626,457,36.7,36.7,3915,497,0,286,0.277,1,COM7
2,134416,37,rpm,556,457,36.7,36.7,3915,497,0,286,0.277,1,COM7
2,134437,37,rpm,613,457,36.7,36.7,3915,497,0,286,0.277,1,COM7
2,134458,37,rpm,430,457,36.7,36.7,3915,497,0,286,0.278,1,COM7
2,134478,37,rpm,274,457,36.7,36.7,3915,497,0,286,0.278,1,COM7
2,134499,37,rpm,-50,457,36.7,36.7,3915,497,0,286,0.278,1,COM7
2,134520,37,rpm,-196,457,36.7,36.7,3915,497,0,287,0.278,1,COM7
2,134540,37,rpm,108,457,36.7,36.7,3915,497,0,287,0.278,1,COM7
2,134561,37,rpm,645,457,36.7,36.7,3915,497,0,287,0.278,1,COM7
2,134582,37,rpm,775,457,36.7,36.7,3915,497,0,287,0.279,1,COM7
2,134602,37,rpm,727,457,36.7,36.7,3915,497,0,287,0.279,1,COM7
2,134623,37,rpm,821,457,36.7,36.7,3915,497,0,287,0.279,1,COM7
2,134643,37,rpm,754,457,36.7,36.7,3915,497,0,288,0.279,1,COM7
2,134664,37,rpm,554,457,36.7,36.7,3915,497,0,288,0.279,1,COM7
2,134685,37,rpm,549,457,36.7,36.7,3915,497,0,288,0.279,1,COM7
2,134705,37,rpm,534,457,36.7,36.7,3915,497,0,288,0.279,1,COM7
2,134726,37,rpm,328,457,36.7,36.7,3915,497,0,288,0.28,1,COM7
2,134747,37,rpm,249,457,36.7,36.7,3915,497,0,288,0.28,1,COM7
2,134767,37,rpm,-396,457,36.7,36.7,3915,497,0,289,0.28,1,COM7
2,134788,37,rpm,48,457,36.7,36.7,3915,497,0,289,0.28,1,COM7
2,134809,37,rpm,342,457,36.7,36.7,3915,497,0,289,0.28,1,COM7
2,134829,37,rpm,721,457,36.7,36.7,3915,497,0,289,0.28,1,COM7
2,134850,37,rpm,782,457,36.7,36.7,3915,497,0,289,0.28,1,COM7
2,134871,37,rpm,799,457,36.7,36.7,3915,497,0,289,0.281,1,COM7
2,134891,37,rpm,783,457,36.7,36.7,3915,497,0,289,0.281,1,COM7
2,134912,37,rpm,658,457,36.7,36.7,3915,497,0,290,0.281,1,COM7
2,134933,37,rpm,562,457,36.7,36.7,3915,497,0,290,0.281,1,COM7
2,134953,37,rpm,539,458,36.7,36.7,3915,497,0,290,0.281,1,COM7
2,134974,37,rpm,431,458,36.7,36.7,3915,497,0,290,0.281,1,COM7
2,134995,37,rpm,300,458,36.7,36.7,3915,497,0,290,0.282,1,COM7
2,135015,37,rpm,-114,458,36.7,36.7,3915,497,0,290,0.282,1,COM7
2,135036,37,rpm,-178,458,36.7,36.7,3915,497,0,291,0.282,1,COM7
2,135057,37,rpm,165,458,36.7,36.7,3915,497,0,291,0.282,1,COM7
2,135077,37,rpm,611,458,36.7,36.7,3915,497,0,291,0.282,1,COM7
2,135098,37,rpm,741,458,36.7,36.7,3915,497,0,291,0.282,1,COM7
2,135119,37,rpm,862,458,36.7,36.7,3915,497,0,291,0.282,1,COM7
2,135139,37,rpm,776,458,36.7,36.7,3915,497,0,291,0.283,1,COM7
2,135160,37,rpm,620,458,36.7,36.7,3915,497,0,292,0.283,1,COM7
2,135181,37,rpm,702,458,36.7,36.7,3915,497,0,292,0.283,1,COM7
2,135201,37,rpm,555,458,36.7,36.7,3915,497,0,292,0.283,1,COM7
2,135222,37,rpm,437,458,36.7,36.7,3915,497,0,292,0.283,1,COM7
2,135243,37,rpm,366,458,36.7,36.7,3915,497,0,292,0.283,1,COM7
2,135263,37,rpm,215,458,36.7,36.7,3915,497,0,292,0.284,1,COM7
2,135284,37,rpm,-407,458,36.7,36.7,3915,497,0,292,0.284,1,COM7
2,135305,37,rpm,63,458,36.7,36.7,3915,497,0,293,0.284,1,COM7
2,135325,37,rpm,465,458,36.7,36.7,3915,497,0,293,0.284,1,COM7
2,135346,37,rpm,641,458,36.7,36.7,3915,497,0,293,0.284,1,COM7
2,135367,37,rpm,786,458,36.7,36.7,3915,497,0,293,0.284,1,COM7
2,135387,37,rpm,921,458,36.7,36.7,3915,497,0,293,0.284,1,COM7
2,135408,37,rpm,715,458,36.7,36.7,3915,497,0,293,0.285,1,COM7
2,135429,37,rpm,567,458,36.7,36.7,3915,497,0,294,0.285,1,COM7
2,135449,37,rpm,647,458,36.7,36.7,3915,497,0,294,0.285,1,COM7
2,135470,37,rpm,544,458,36.7,36.7,3915,497,0,294,0.285,1,COM7
2,135491,37,rpm,331,458,36.7,36.7,3915,497,0,294,0.285,1,COM7
2,135511,37,rpm,308,458,36.7,36.7,3915,497,0,294,0.285,1,COM7
2,135532,37,rpm,-325,458,36.7,36.7,3915,497,0,294,0.286,1,COM7
2,135553,37,rpm,3,458,36.7,36.7,3915,497,0,295,0.286,1,COM7
2,135573,37,rpm,262,458,36.7,36.7,3915,497,0,295,0.286,1,COM7
2,135594,37,rpm,767,458,36.7,36.7,3915,497,0,295,0.286,1,COM7
2,135615,37,rpm,766,458,36.7,36.7,3915,497,0,295,0.286,1,COM7
2,135635,37,rpm,858,458,36.7,36.7,3915,497,0,295,0.286,1,COM7
2,135656,37,rpm,837,458,36.7,36.7,3915,497,0,295,0.286,1,COM7
2,135677,37,rpm,645,458,36.7,36.7,3915,497,0,295,0.287,1,COM7
2,135697,37,rpm,589,458,36.7,36.7,3915,497,0,296,0.287,1,COM7
2,135718,37,rpm,575,458,36.7,36.7,3915,497,0,296,0.287,1,COM7
2,135739,37,rpm,394,458,36.7,36.7,3915,497,0,296,0.287,1,COM7
2,135759,37,rpm,259,458,36.7,36.7,3915,497,0,296,0.287,1,COM7
2,135780,37,rpm,-244,458,36.7,36.7,3915,497,0,296,0.287,1,COM7
2,135801,37,rpm,-41,458,36.7,36.7,3915,497,0,296,0.288,1,COM7
2,135821,37,rpm,184,458,36.7,36.7,3915,497,0,297,0.288,1,COM7
2,135842,37,rpm,677,458,36.7,36.7,3915,497,0,297,0.288,1,COM7
2,135863,37,rpm,749,458,36.7,36.7,3915,497,0,297,0.288,1,COM7
2,135883,37,rpm,876,458,36.7,36.7,3915,497,0,297,0.288,1,COM7
2,135904,37,rpm,772,458,36.7,36.7,3915,497,0,297,0.288,1,COM7
2,135925,37,rpm,715,458,36.7,36.7,3915,497,0,297,0.288,1,COM7
2,135946,37,rpm,611,458,36.7,36.7,3915,497,0,298,0.289,1,COM7
2,135966,37,rpm,525,458,36.7,36.7,3915,497,0,298,0.289,1,COM7
2,135987,37,rpm,495,458,36.7,36.7,3915,497,0,298,0.289,1,COM7
2,136008,37,rpm,325,458,36.7,36.7,3915,497,0,298,0.289,1,COM7
2,136028,37,rpm,125,458,36.7,36.7,3915,497,0,298,0.289,1,COM7
2,136049,37,rpm,-334,458,36.7,36.7,3915,497,0,298,0.289,1,COM7
2,136070,37,rpm,78,458,36.7,36.7,3915,497,0,298,0.29,1,COM7
2,136090,37,rpm,479,458,36.7,36.7,3915,497,0,299,0.29,1,COM7
2,136111,37,rpm,680,458,36.7,36.7,3915,497,0,299,0.29,1,COM7
2,136132,37,rpm,872,458,36.7,36.7,3915,497,0,299,0.29,1,COM7
2,136152,37,rpm,838,458,36.7,36.7,3915,497,0,299,0.29,1,COM7
2,136173,37,rpm,647,458,36.7,36.7,3915,497,0,299,0.29,1,COM7
2,136194,37,rpm,650,458,36.7,36.7,3915,497,0,299,0.29,1,COM7
2,136214,37,rpm,608,458,36.7,36.7,3915,497,0,300,0.291,1,COM7
2,136235,37,rpm,474,458,36.7,36.7,3915,497,0,300,0.291,1,COM7
2,136256,37,rpm,379,458,36.7,36.7,3915,497,0,300,0.291,1,COM7
2,136276,37,rpm,284,458,36.7,36.7,3915,497,0,300,0.291,1,COM7
2,136297,37,rpm,-362,458,36.7,36.7,3915,497,0,300,0.291,1,COM7
2,136318,37,rpm,12,458,36.7,36.7,3915,497,0,300,0.291,1,COM7
2,136338,37,rpm,279,458,36.7,36.7,3915,497,0,301,0.292,1,COM7
2,136359,37,rpm,652,458,36.7,36.7,3915,497,0,301,0.292,1,COM7
2,136380,37,rpm,685,458,36.7,36.7,3915,497,0,301,0.292,1,COM7
2,136400,37,rpm,968,458,36.7,36.7,3915,497,0,301,0.292,1,COM7
2,136421,37,rpm,761,458,36.7,36.7,3915,497,0,301,0.292,1,COM7
2,136442,37,rpm,572,458,36.7,36.7,3915,497,0,301,0.292,1,COM7
2,136462,37,rpm,669,458,36.7,36.7,3915,497,0,301,0.292,1,COM7
2,136483,37,rpm,568,458,36.7,36.7,3915,497,0,302,0.293,1,COM7
2,136504,37,rpm,385,458,36.7,36.7,3915,497,0,302,0.293,1,COM7
2,136524,37,rpm,350,458,36.7,36.7,3915,497,0,302,0.293,1,COM7
2,136545,37,rpm,5,458,36.7,36.7,3915,497,0,302,0.293,1,COM7
2,136566,37,rpm,-265,458,36.7,36.7,3915,497,0,302,0.293,1,COM7
2,136586,37,rpm,99,458,36.7,36.7,3915,497,0,302,0.293,1,COM7
2,136607,37,rpm,655,458,36.7,36.7,3915,497,0,303,0.293,1,COM7
2,136628,37,rpm,641,458,36.7,36.7,3915,497,0,303,0.294,1,COM7
2,136648,37,rpm,783,458,36.7,36.7,3915,497,0,303,0.294,1,COM7
2,136669,37,rpm,903,458,36.7,36.7,3915,497,0,303,0.294,1,COM7
2,136690,37,rpm,672,458,36.7,36.7,3915,497,0,303,0.294,1,COM7
2,136710,37,rpm,569,458,36.7,36.7,3915,497,0,303,0.294,1,COM7
2,136731,37,rpm,615,458,36.7,36.7,3915,497,0,304,0.294,1,COM7
2,136752,37,rpm,516,458,36.7,36.7,3915,497,0,304,0.295,1,COM7
2,136772,37,rpm,334,458,36.7,36.7,3915,497,0,304,0.295,1,COM7
2,136793,37,rpm,267,458,36.7,36.7,3915,497,0,304,0.295,1,COM7
2,136814,37,rpm,-388,458,36.7,36.7,3915,497,0,304,0.295,1,COM7
2,136834,37,rpm,35,458,36.7,36.7,3915,497,0,304,0.295,1,COM7
2,136855,37,rpm,297,458,36.7,36.7,3915,497,0,304,0.295,1,COM7
2,136876,37,rpm,714,458,36.7,36.7,3915,497,0,305,0.295,1,COM7
2,136896,37,rpm,799,458,36.7,36.7,3915,497,0,305,0.296,1,COM7
2,136917,37,rpm,839,458,36.7,36.7,3915,497,0,305,0.296,1,COM7
2,136938,37,rpm,763,458,36.7,36.7,3915,497,0,305,0.296,1,COM7
2,136958,37,rpm,650,458,36.7,36.7,3915,497,0,305,0.296,1,COM7
2,136979,37,rpm,565,458,36.7,36.7,3915,497,0,305,0.296,1,COM7
2,137000,37,rpm,531,458,36.7,36.7,3915,497,0,306,0.296,1,COM7
2,137020,37,rpm,445,458,36.7,36.7,3915,497,0,306,0.297,1,COM7
2,137041,37,rpm,303,458,36.7,36.7,3915,497,0,306,0.297,1,COM7
2,137062,37,rpm,-185,458,36.7,36.7,3915,497,0,306,0.297,1,COM7
2,137083,37,rpm,-108,458,36.7,36.7,3915,497,0,306,0.297,1,COM7
2,137103,37,rpm,190,458,36.7,36.7,3915,497,0,306,0.297,1,COM7
2,137124,37,rpm,627,458,36.7,36.7,3915,497,0,307,0.297,1,COM7
2,137145,37,rpm,838,458,36.7,36.7,3915,497,0,307,0.297,1,COM7
2,137165,37,rpm,929,458,36.7,36.7,3915,497,0,307,0.298,1,COM7
2,137186,37,rpm,714,458,36.7,36.7,3915,497,0,307,0.298,1,COM7
2,137207,37,rpm,679,458,36.7,36.7,3915,497,0,307,0.298,1,COM7
2,137227,37,rpm,709,458,36.7,36.7,3915,497,0,307,0.298,1,COM7
2,137248,37,rpm,519,458,36.7,36.7,3915,497,0,307,0.298,1,COM7
2,137269,37,rpm,394,458,36.7,36.7,3915,497,0,308,0.298,1,COM7
2,137289,37,rpm,337,458,36.7,36.7,3915,497,0,308,0.299,1,COM7
2,137310,37,rpm,-51,458,36.7,36.7,3915,497,0,308,0.299,1,COM7
2,137331,37,rpm,-218,458,36.7,36.7,3915,497,0,308,0.299,1,COM7
2,137351,37,rpm,143,458,36.7,36.7,3915,497,0,308,0.299,1,COM7
2,137372,37,rpm,645,458,36.7,36.7,3915,497,0,308,0.299,1,COM7
2,137393,37,rpm,622,458,36.7,36.7,3915,497,0,309,0.299,1,COM7
2,137413,37,rpm,917,458,36.7,36.7,3915,497,0,309,0.299,1,COM7
2,137434,37,rpm,852,458,36.7,36.7,3915,497,0,309,0.3,1,COM7
2,137455,37,rpm,585,458,36.7,36.7,3915,497,0,309,0.3,1,COM7
2,137476,37,rpm,642,458,36.7,36.7,3915,497,0,309,0.3,1,COM7
2,137496,37,rpm,604,458,36.7,36.7,3915,497,0,309,0.3,1,COM7
2,137517,37,rpm,446,458,36.7,36.7,3915,497,0,310,0.3,1,COM7
2,137538,37,rpm,333,458,36.7,36.7,3915,497,0,310,0.3,1,COM7
2,137558,37,rpm,207,458,36.7,36.7,3915,497,0,310,0.301,1,COM7
2,137579,37,rpm,-374,458,36.7,36.7,3915,497,0,310,0.301,1,COM7
2,137600,37,rpm,52,458,36.7,36.7,3915,497,0,310,0.301,1,COM7
2,137620,37,rpm,470,458,36.7,36.7,3915,497,0,310,0.301,1,COM7
2,137641,37,rpm,701,458,36.7,36.7,3915,497,0,310,0.301,1,COM7
2,137662,37,rpm,731,458,36.7,36.7,3915,497,0,311,0.301,1,COM7
2,137682,37,rpm,871,458,36.7,36.7,3915,497,0,311,0.301,1,COM7
2,137703,37,rpm,776,458,36.7,36.7,3915,497,0,311,0.302,1,COM7
2,137724,37,rpm,587,458,36.7,36.7,3915,497,0,311,0.302,1,COM7
2,137744,37,rpm,589,458,36.7,36.7,3915,497,0,311,0.302,1,COM7
2,137765,37,rpm,557,458,36.7,36.7,3915,497,0,311,0.302,1,COM7
2,137786,37,rpm,376,458,36.7,36.7,3915,497,0,312,0.302,1,COM7
2,137806,37,rpm,299,458,36.7,36.7,3915,497,0,312,0.302,1,COM7
2,137827,37,rpm,-184,458,36.7,36.7,3915,497,0,312,0.303,1,COM7
2,137847,37,rpm,-110,458,36.7,36.7,3915,497,0,312,0.303,1,COM7
2,137868,37,rpm,155,458,36.7,36.7,3915,497,0,312,0.303,1,COM7
2,137889,37,rpm,664,458,36.7,36.7,3915,497,0,312,0.303,1,COM7
2,137910,37,rpm,738,458,36.7,36.7,3915,497,0,313,0.303,1,COM7
2,137930,37,rpm,809,458,36.7,36.7,3915,497,0,313,0.303,1,COM7
2,137951,37,rpm,818,458,36.7,36.7,3915,497,0,313,0.303,1,COM7
2,137971,37,rpm,686,458,36.7,36.7,3915,497,0,313,0.304,1,COM7
2,137992,37,rpm,604,458,36.7,36.7,3915,497,0,313,0.304,1,COM7
2,138013,37,rpm,506,458,36.7,36.7,3915,497,0,313,0.304,1,COM7
2,138033,37,rpm,547,458,36.7,36.7,3915,497,0,313,0.304,1,COM7
2,138054,37,rpm,332,458,36.7,36.7,3915,497,0,314,0.304,1,COM7
2,138075,37,rpm,174,458,36.7,36.7,3915,497,0,314,0.304,1,COM7
2,138095,37,rpm,-395,458,36.7,36.7,3915,497,0,314,0.305,1,COM7
2,138116,37,rpm,75,458,36.7,36.7,3915,497,0,314,0.305,1,COM7
2,138137,37,rpm,456,458,36.7,36.7,3915,497,0,314,0.305,1,COM7
2,138157,37,rpm,701,458,36.7,36.7,3915,497,0,314,0.305,1,COM7
2,138178,37,rpm,864,458,36.7,36.7,3915,497,0,315,0.305,1,COM7
2,138199,37,rpm,793,458,36.7,36.7,3915,497,0,315,0.305,1,COM7
2,138219,37,rpm,681,458,36.7,36.7,3915,497,0,315,0.305,1,COM7
2,138240,37,rpm,705,458,36.7,36.7,3915,497,0,315,0.306,1,COM7
2,138261,37,rpm,577,458,36.7,36.7,3915,497,0,315,0.306,1,COM7
2,138281,37,rpm,475,458,36.7,36.7,3915,497,0,315,0.306,1,COM7
2,138302,37,rpm,433,458,36.7,36.7,3915,497,0,316,0.306,1,COM7
2,138323,37,rpm,274,458,36.7,36.7,3915,497,0,316,0.306,1,COM7
2,138343,37,rpm,-281,458,36.7,36.7,3915,497,0,316,0.306,1,COM7
2,138364,37,rpm,-33,458,36.7,36.7,3915,497,0,316,0.307,1,COM7
2,138385,37,rpm,241,458,36.7,36.7,3915,497,0,316,0.307,1,COM7
2,138405,37,rpm,633,458,36.7,36.7,3915,497,0,316,0.307,1,COM7
2,138426,37,rpm,750,458,36.7,36.7,3915,497,0,316,0.307,1,COM7
2,138447,37,rpm,938,458,36.7,36.7,3915,497,0,317,0.307,1,COM7
2,138467,37,rpm,659,458,36.7,36.7,3915,497,0,317,0.307,1,COM7
2,138488,37,rpm,663,458,36.7,36.7,3915,497,0,317,0.307,1,COM7
2,138509,37,rpm,682,458,36.7,36.7,3915,497,0,317,0.308,1,COM7
2,138529,37,rpm,525,458,36.7,36.7,3915,497,0,317,0.308,1,COM7
2,138550,37,rpm,415,458,36.7,36.7,3915,497,0,317,0.308,1,COM7
2,138571,37,rpm,351,458,36.7,36.7,3915,497,0,318,0.308,1,COM7
2,138591,37,rpm,-10,458,36.7,36.7,3915,497,0,318,0.308,1,COM7
2,138612,37,rpm,-267,458,36.7,36.7,3915,497,0,318,0.308,1,COM7
2,138633,37,rpm,115,458,36.7,36.7,3915,497,0,318,0.308,1,COM7
2,138653,37,rpm,607,458,36.7,36.7,3915,497,0,318,0.309,1,COM7
2,138674,37,rpm,692,458,36.7,36.7,3915,497,0,318,0.309,1,COM7
2,138695,37,rpm,917,458,36.7,36.7,3915,497,0,319,0.309,1,COM7
2,138715,37,rpm,864,458,36.7,36.7,3915,497,0,319,0.309,1,COM7
2,138736,37,rpm,666,458,36.7,36.7,3915,497,0,319,0.309,1,COM7
2,138757,37,rpm,637,458,36.7,36.7,3915,497,0,319,0.309,1,COM7
2,138777,37,rpm,592,458,36.7,36.7,3915,497,0,319,0.31,1,COM7
2,138798,37,rpm,451,458,36.7,36.7,3915,497,0,319,0.31,1,COM7
2,138819,37,rpm,308,458,36.7,36.7,3915,497,0,319,0.31,1,COM7
2,138839,37,rpm,120,458,36.7,36.7,3915,497,0,320,0.31,1,COM7
2,138860,37,rpm,-321,458,36.7,36.7,3915,497,0,320,0.31,1,COM7
2,138881,37,rpm,79,458,36.7,36.7,3915,497,0,320,0.31,1,COM7
2,138901,37,rpm,519,458,36.7,36.7,3915,497,0,320,0.31,1,COM7
2,138922,37,rpm,710,458,36.7,36.7,3915,497,0,320,0.311,1,COM7
2,138943,37,rpm,819,458,36.7,36.7,3915,497,0,320,0.311,1,COM7
2,138963,37,rpm,810,458,36.7,36.7,3915,497,0,321,0.311,1,COM7
2,138984,37,rpm,736,458,36.7,36.7,3915,497,0,321,0.311,1,COM7
2,139005,37,rpm,644,458,36.7,36.7,3915,497,0,321,0.311,1,COM7
2,139025,37,rpm,536,458,36.7,36.7,3915,497,0,321,0.311,1,COM7
2,139046,37,rpm,536,458,36.7,36.7,3915,497,0,321,0.312,1,COM7
2,139067,37,rpm,381,458,36.7,36.7,3915,497,0,321,0.312,1,COM7
2,139087,37,rpm,246,458,36.7,36.7,3915,497,0,321,0.312,1,COM7
2,139108,37,rpm,-369,458,36.7,36.7,3915,497,0,322,0.312,1,COM7
2,139129,37,rpm,34,458,36.7,36.7,3915,497,0,322,0.312,1,COM7
2,139149,37,rpm,298,458,36.7,36.7,3915,497,0,322,0.312,1,COM7
2,139170,37,rpm,666,458,36.7,36.7,3915,497,0,322,0.312,1,COM7
2,139191,37,rpm,870,458,36.7,36.7,3915,497,0,322,0.313,1,COM7
2,139211,37,rpm,817,458,36.7,36.7,3915,497,0,322,0.313,1,COM7
2,139232,37,rpm,676,458,36.7,36.7,3915,497,0,323,0.313,1,COM7
2,139253,37,rpm,735,458,36.7,36.7,3915,497,0,323,0.313,1,COM7
2,139273,37,rpm,614,458,36.7,36.7,3915,497,0,323,0.313,1,COM7
2,139294,37,rpm,476,458,36.7,36.7,3915,497,0,323,0.313,1,COM7
2,139315,37,rpm,483,458,36.7,36.7,3915,497,0,323,0.314,1,COM7
2,139335,37,rpm,315,458,36.7,36.7,3915,497,0,323,0.314,1,COM7
2,139356,37,rpm,26,458,36.7,36.7,3915,497,0,324,0.314,1,COM7
2,139377,37,rpm,-272,458,36.7,36.7,3915,497,0,324,0.314,1,COM7
2,139397,37,rpm,112,458,36.7,36.7,3915,497,0,324,0.314,1,COM7
2,139418,37,rpm,498,458,36.7,36.7,3915,497,0,324,0.314,1,COM7
2,139439,37,rpm,733,458,36.7,36.7,3915,497,0,324,0.314,1,COM7
2,139459,37,rpm,916,458,36.7,36.7,3915,497,0,324,0.315,1,COM7
2,139480,37,rpm,732,458,36.7,36.7,3915,497,0,324,0.315,1,COM7
2,139501,37,rpm,694,458,36.7,36.7,3915,497,0,325,0.315,1,COM7
2,139521,37,rpm,698,458,36.7,36.7,3915,497,0,325,0.315,1,COM7
2,139542,37,rpm,542,458,36.7,36.7,3915,497,0,325,0.315,1,COM7
2,139563,37,rpm,476,458,36.7,36.7,3915,497,0,325,0.315,1,COM7
2,139583,37,rpm,388,458,36.7,36.7,3915,497,0,325,0.316,1,COM7
2,139604,37,rpm,245,458,36.7,36.7,3915,497,0,325,0.316,1,COM7
2,139625,37,rpm,-403,458,36.7,36.7,3915,497,0,326,0.316,1,COM7
2,139646,37,rpm,44,458,36.7,36.7,3915,497,0,326,0.316,1,COM7
2,139666,37,rpm,385,458,36.7,36.7,3915,497,0,326,0.316,1,COM7
2,139687,37,rpm,635,458,36.7,36.7,3915,497,0,326,0.316,1,COM7
2,139707,37,rpm,791,458,36.7,36.7,3915,497,0,326,0.316,1,COM7
2,139728,37,rpm,905,458,36.7,36.7,3915,497,0,326,0.317,1,COM7
2,139749,37,rpm,693,458,36.7,36.7,3915,497,0,327,0.317,1,COM7
2,139769,37,rpm,633,458,36.7,36.7,3915,497,0,327,0.317,1,COM7
2,139790,37,rpm,632,458,36.7,36.7,3915,497,0,327,0.317,1,COM7
2,139811,37,rpm,534,458,36.7,36.7,3915,497,0,327,0.317,1,COM7
2,139831,37,rpm,402,458,36.7,36.7,3915,497,0,327,0.317,1,COM7
2,139852,37,rpm,306,458,36.7,36.7,3915,497,0,327,0.318,1,COM7
2,139873,37,rpm,-83,458,36.7,36.7,3915,497,0,327,0.318,1,COM7
2,139893,37,rpm,-212,458,36.7,36.7,3915,497,0,328,0.318,1,COM7
2,139914,37,rpm,138,458,36.7,36.7,3915,497,0,328,0.318,1,COM7
2,139935,37,rpm,642,458,36.7,36.7,3915,497,0,328,0.318,1,COM7
2,139955,37,rpm,709,458,36.7,36.7,3915,497,0,328,0.318,1,COM7
2,139976,37,rpm,780,458,36.7,36.7,3915,497,0,328,0.318,1,COM7
2,139997,37,rpm,893,458,36.7,36.7,3915,497,0,328,0.319,1,COM7
2,140017,37,rpm,691,458,36.7,36.7,3915,497,0,329,0.319,1,COM7
2,140038,37,rpm,551,458,36.7,36.7,3915,497,0,329,0.319,1,COM7
2,140059,37,rpm,595,458,36.7,36.7,3915,497,0,329,0.319,1,COM7
2,140079,37,rpm,498,458,36.7,36.7,3915,497,0,329,0.319,1,COM7
2,140100,37,rpm,308,458,36.7,36.7,3915,497,0,329,0.319,1,COM7
2,140121,37,rpm,173,458,36.7,36.7,3915,497,0,329,0.32,1,COM7
2,140141,37,rpm,-378,458,36.7,36.7,3915,497,0,330,0.32,1,COM7
2,140162,37,rpm,77,458,36.7,36.7,3915,497,0,330,0.32,1,COM7
2,140183,37,rpm,504,458,36.7,36.7,3915,497,0,330,0.32,1,COM7
2,140203,37,rpm,758,458,36.7,36.7,3915,497,0,330,0.32,1,COM7
2,140224,37,rpm,905,458,36.7,36.7,3915,497,0,330,0.32,1,COM7
2,140245,37,rpm,712,458,36.7,36.7,3915,497,0,330,0.32,1,COM7
2,140265,37,rpm,805,458,36.7,36.7,3915,497,0,330,0.321,1,COM7
2,140286,37,rpm,708,458,36.7,36.7,3915,497,0,331,0.321,1,COM7
2,140307,37,rpm,494,458,36.7,36.7,3915,497,0,331,0.321,1,COM7
2,140327,37,rpm,523,458,36.7,36.7,3915,497,0,331,0.321,1,COM7
2,140348,37,rpm,373,458,36.7,36.7,3915,497,0,331,0.321,1,COM7
2,140369,37,rpm,204,458,36.7,36.7,3915,497,0,331,0.321,1,COM7
2,140389,37,rpm,-391,458,36.7,36.7,3915,497,0,331,0.321,1,COM7
2,140410,37,rpm,63,458,36.7,36.7,3915,497,0,332,0.322,1,COM7
2,140431,37,rpm,361,458,36.7,36.7,3915,497,0,332,0.322,1,COM7
2,140451,37,rpm,686,458,36.7,36.7,3915,497,0,332,0.322,1,COM7
2,140472,37,rpm,901,458,36.7,36.7,3915,497,0,332,0.322,1,COM7
2,140493,37,rpm,778,458,36.7,36.7,3915,497,0,332,0.322,1,COM7
2,140513,37,rpm,705,458,36.7,36.7,3915,497,0,332,0.322,1,COM7
2,140534,37,rpm,717,458,36.7,36.7,3915,497,0,333,0.323,1,COM7
2,140555,37,rpm,594,458,36.7,36.7,3915,497,0,333,0.323,1,COM7
2,140575,37,rpm,487,458,36.7,36.7,3915,497,0,333,0.323,1,COM7
2,140596,37,rpm,429,458,36.7,36.7,3915,497,0,333,0.323,1,COM7
2,140617,37,rpm,294,458,36.7,36.7,3915,497,0,333,0.323,1,COM7
2,140637,37,rpm,-205,458,36.7,36.7,3915,497,0,333,0.323,1,COM7
2,140658,37,rpm,-88,458,36.7,36.7,3915,497,0,333,0.323,1,COM7
2,140679,37,rpm,193,458,36.7,36.7,3915,497,0,334,0.324,1,COM7
2,140699,37,rpm,630,458,36.7,36.7,3915,497,0,334,0.324,1,COM7
2,140720,37,rpm,716,458,36.7,36.7,3915,497,0,334,0.324,1,COM7
2,140741,37,rpm,860,458,36.7,36.7,3915,497,0,334,0.324,1,COM7
2,140761,37,rpm,825,458,36.7,36.7,3915,497,0,334,0.324,1,COM7
2,140782,37,rpm,668,458,36.7,36.7,3915,497,0,334,0.324,1,COM7
2,140803,37,rpm,608,458,36.7,36.7,3915,497,0,335,0.325,1,COM7
2,140823,37,rpm,568,458,36.7,36.7,3915,497,0,335,0.325,1,COM7
2,140844,37,rpm,442,458,36.7,36.7,3915,497,0,335,0.325,1,COM7
2,140865,37,rpm,336,458,36.7,36.7,3915,497,0,335,0.325,1,COM7
2,140885,37,rpm,160,458,36.7,36.7,3915,497,0,335,0.325,1,COM7
2,140906,37,rpm,-336,458,36.7,36.7,3915,497,0,335,0.325,1,COM7
2,140927,37,rpm,67,458,36.7,36.7,3915,497,0,336,0.325,1,COM7
2,140947,37,rpm,503,458,36.7,36.7,3915,497,0,336,0.326,1,COM7
2,140968,37,rpm,671,458,36.7,36.7,3915,497,0,336,0.326,1,COM7
2,140989,37,rpm,762,458,36.7,36.7,3915,497,0,336,0.326,1,COM7
2,141009,37,rpm,886,458,36.7,36.7,3915,497,0,336,0.326,1,COM7
2,141030,37,rpm,740,458,36.7,36.7,3915,497,0,336,0.326,1,COM7
2,141051,37,rpm,582,458,36.7,36.7,3915,497,0,336,0.326,1,COM7
2,141071,37,rpm,593,458,36.7,36.7,3915,497,0,337,0.327,1,COM7
2,141092,37,rpm,560,458,36.7,36.7,3915,497,0,337,0.327,1,COM7
2,141113,37,rpm,359,458,36.7,36.7,3915,497,0,337,0.327,1,COM7
2,141133,37,rpm,287,458,36.7,36.7,3915,497,0,337,0.327,1,COM7
2,141154,37,rpm,-312,458,36.7,36.7,3915,497,0,337,0.327,1,COM7
2,141175,37,rpm,-12,458,36.7,36.7,3915,497,0,337,0.327,1,COM7
2,141195,37,rpm,210,458,36.7,36.7,3915,497,0,338,0.327,1,COM7
2,141216,37,rpm,721,458,36.7,36.7,3915,497,0,338,0.328,1,COM7
2,141237,37,rpm,771,458,36.7,36.7,3915,497,0,338,0.328,1,COM7
2,141257,37,rpm,735,458,36.7,36.7,3915,497,0,338,0.328,1,COM7
2,141278,37,rpm,859,458,36.7,36.7,3915,497,0,338,0.328,1,COM7
2,141299,37,rpm,701,458,36.7,36.7,3915,497,0,338,0.328,1,COM7
2,141320,37,rpm,535,458,36.7,36.7,3915,497,0,339,0.328,1,COM7
2,141340,37,rpm,569,458,36.7,36.7,3915,497,0,339,0.329,1,COM7
2,141361,37,rpm,493,458,36.7,36.7,3915,497,0,339,0.329,1,COM7
2,141382,37,rpm,281,458,36.7,36.7,3915,497,0,339,0.329,1,COM7
2,141402,37,rpm,85,458,36.7,36.7,3915,497,0,339,0.329,1,COM7
2,141423,37,rpm,-318,458,36.7,36.7,3915,497,0,339,0.329,1,COM7
2,141444,37,rpm,95,458,36.7,36.7,3915,497,0,339,0.329,1,COM7
2,141464,37,rpm,498,458,36.7,36.7,3915,497,0,340,0.329,1,COM7
2,141485,37,rpm,784,458,36.7,36.7,3915,497,0,340,0.33,1,COM7
2,141506,37,rpm,857,458,36.7,36.7,3915,497,0,340,0.33,1,COM7
2,141526,37,rpm,761,458,36.7,36.7,3915,497,0,340,0.33,1,COM7
2,141547,37,rpm,730,458,36.7,36.7,3915,497,0,340,0.33,1,COM7
2,141568,37,rpm,627,458,36.7,36.7,3915,497,0,340,0.33,1,COM7
2,141588,37,rpm,565,458,36.7,36.7,3915,497,0,341,0.33,1,COM7
2,141609,37,rpm,507,458,36.7,36.7,3915,497,0,341,0.331,1,COM7
2,141630,37,rpm,374,458,36.7,36.7,3915,497,0,341,0.331,1,COM7
2,141650,37,rpm,242,457,36.7,36.7,3915,497,0,341,0.331,1,COM7
2,141671,37,rpm,-393,457,36.7,36.7,3915,497,0,341,0.331,1,COM7
2,141692,37,rpm,57,457,36.7,36.7,3915,497,0,341,0.331,1,COM7
2,141712,37,rpm,401,457,36.7,36.7,3915,497,0,342,0.331,1,COM7
2,141733,37,rpm,646,457,36.7,36.7,3915,497,0,342,0.331,1,COM7
2,141754,37,rpm,914,457,36.7,36.7,3915,497,0,342,0.332,1,COM7
2,141774,37,rpm,884,457,36.7,36.7,3915,497,0,342,0.332,1,COM7
2,141795,37,rpm,687,457,36.7,36.7,3915,497,0,342,0.332,1,COM7
2,141816,37,rpm,637,457,36.7,36.7,3915,497,0,342,0.332,1,COM7
2,141836,37,rpm,672,457,36.7,36.7,3915,497,0,342,0.332,1,COM7
2,141857,37,rpm,490,457,36.7,36.7,3915,497,0,343,0.332,1,COM7
2,141878,37,rpm,340,457,36.7,36.7,3915,497,0,343,0.333,1,COM7
2,141898,37,rpm,275,457,36.7,36.7,3915,497,0,343,0.333,1,COM7
2,141919,37,rpm,-358,457,36.7,36.7,3915,497,0,343,0.333,1,COM7
2,141940,37,rpm,26,457,36.7,36.7,3915,497,0,343,0.333,1,COM7
2,141961,37,rpm,305,457,36.7,36.7,3915,497,0,343,0.333,1,COM7
2,141981,37,rpm,718,457,36.7,36.7,3915,497,0,344,0.333,1,COM7
2,142002,37,rpm,711,457,36.7,36.7,3915,497,0,344,0.333,1,COM7
2,142023,37,rpm,860,457,36.7,36.7,3915,497,0,344,0.334,1,COM7
2,142043,37,rpm,817,457,36.7,36.7,3915,497,0,344,0.334,1,COM7
2,142064,37,rpm,616,457,36.7,36.7,3915,497,0,344,0.334,1,COM7
2,142085,37,rpm,557,457,36.7,36.7,3915,497,0,344,0.334,1,COM7
2,142105,37,rpm,609,457,36.7,36.7,3915,497,0,345,0.334,1,COM7
2,142126,37,rpm,420,457,36.7,36.7,3915,497,0,345,0.334,1,COM7
2,142146,37,rpm,275,457,36.7,36.7,3915,497,0,345,0.334,1,COM7
2,142167,37,rpm,9,457,36.7,36.7,3915,497,0,345,0.335,1,COM7
2,142188,37,rpm,-244,457,36.7,36.7,3915,497,0,345,0.335,1,COM7
2,142208,37,rpm,90,457,36.7,36.7,3915,497,0,345,0.335,1,COM7
2,142229,37,rpm,591,457,36.7,36.7,3915,497,0,345,0.335,1,COM7
2,142250,37,rpm,794,457,36.7,36.7,3915,497,0,346,0.335,1,COM7
2,142270,37,rpm,729,457,36.7,36.7,3915,497,0,346,0.335,1,COM7
2,142291,37,rpm,864,457,36.7,36.7,3915,497,0,346,0.336,1,COM7
2,142312,37,rpm,742,458,36.7,36.7,3915,497,0,346,0.336,1,COM7
2,142332,37,rpm,553,458,36.7,36.7,3915,497,0,346,0.336,1,COM7
2,142353,37,rpm,572,458,36.7,36.7,3915,497,0,346,0.336,1,COM7
2,142374,37,rpm,540,458,36.7,36.7,3915,497,0,347,0.336,1,COM7
2,142394,37,rpm,330,458,36.7,36.7,3915,497,0,347,0.336,1,COM7
2,142415,37,rpm,262,458,36.7,36.7,3915,497,0,347,0.336,1,COM7
2,142436,37,rpm,-383,458,36.7,36.7,3915,497,0,347,0.337,1,COM7
2,142456,37,rpm,42,458,36.7,36.7,3915,497,0,347,0.337,1,COM7
2,142477,37,rpm,321,458,36.7,36.7,3915,497,0,347,0.337,1,COM7
2,142498,37,rpm,745,458,36.7,36.7,3915,497,0,348,0.337,1,COM7
2,142518,37,rpm,763,458,36.7,36.7,3915,497,0,348,0.337,1,COM7
2,142539,37,rpm,837,458,36.7,36.7,3915,497,0,348,0.337,1,COM7
2,142559,37,rpm,798,458,36.7,36.7,3915,497,0,348,0.338,1,COM7
2,142580,37,rpm,655,458,36.7,36.7,3915,497,0,348,0.338,1,COM7
2,142601,37,rpm,560,458,36.7,36.7,3915,497,0,348,0.338,1,COM7
2,142621,37,rpm,537,458,36.7,36.7,3915,497,0,348,0.338,1,COM7
2,142642,37,rpm,435,458,36.7,36.7,3915,497,0,349,0.338,1,COM7
2,142663,37,rpm,300,458,36.7,36.7,3915,497,0,349,0.338,1,COM7
2,142683,37,rpm,-98,458,36.7,36.7,3915,497,0,349,0.338,1,COM7
2,142704,37,rpm,-202,458,36.7,36.7,3915,497,0,349,0.339,1,COM7
2,142725,37,rpm,150,458,36.7,36.7,3915,497,0,349,0.339,1,COM7
2,142745,37,rpm,606,458,36.7,36.7,3915,497,0,349,0.339,1,COM7
2,142766,37,rpm,756,458,36.7,36.7,3915,497,0,350,0.339,1,COM7
2,142787,37,rpm,847,458,36.7,36.7,3915,497,0,350,0.339,1,COM7
2,142807,37,rpm,765,458,36.7,36.7,3915,497,0,350,0.339,1,COM7
2,142828,37,rpm,694,458,36.7,36.7,3915,497,0,350,0.34,1,COM7
2,142849,37,rpm,643,458,36.7,36.7,3915,497,0,350,0.34,1,COM7
2,142869,37,rpm,550,458,36.7,36.7,3915,497,0,350,0.34,1,COM7
2,142890,37,rpm,461,458,36.7,36.7,3915,497,0,351,0.34,1,COM7
2,142911,37,rpm,354,458,36.7,36.7,3915,497,0,351,0.34,1,COM7
2,142931,37,rpm,213,458,36.7,36.7,3915,497,0,351,0.34,1,COM7
2,142952,37,rpm,-397,458,36.7,36.7,3915,497,0,351,0.34,1,COM7
2,142973,37,rpm,67,458,36.7,36.7,3915,497,0,351,0.341,1,COM7
2,142993,37,rpm,450,458,36.7,36.7,3915,497,0,351,0.341,1,COM7
2,143014,37,rpm,627,458,36.7,36.7,3915,497,0,351,0.341,1,COM7
2,143035,37,rpm,814,458,36.7,36.7,3915,497,0,352,0.341,1,COM7
2,143055,37,rpm,904,458,36.7,36.7,3915,497,0,352,0.341,1,COM7
2,143076,37,rpm,704,458,36.7,36.7,3915,497,0,352,0.341,1,COM7
2,143097,37,rpm,603,458,36.7,36.7,3915,497,0,352,0.342,1,COM7
2,143117,37,rpm,653,458,36.7,36.7,3915,497,0,352,0.342,1,COM7
2,143138,37,rpm,542,458,36.7,36.7,3915,497,0,352,0.342,1,COM7
2,143159,37,rpm,328,458,36.7,36.7,3915,497,0,353,0.342,1,COM7
2,143179,37,rpm,321,458,36.7,36.7,3915,497,0,353,0.342,1,COM7
2,143200,37,rpm,-314,458,36.7,36.7,3915,497,0,353,0.342,1,COM7
2,143221,37,rpm,-34,458,36.7,36.7,3915,497,0,353,0.342,1,COM7
2,143241,37,rpm,234,458,36.7,36.7,3915,497,0,353,0.343,1,COM7
2,143262,37,rpm,752,458,36.7,36.7,3915,497,0,353,0.343,1,COM7
2,143283,37,rpm,737,458,36.7,36.7,3915,497,0,353,0.343,1,COM7
2,143303,37,rpm,903,458,36.7,36.7,3915,497,0,354,0.343,1,COM7
2,143324,37,rpm,826,458,36.7,36.7,3915,497,0,354,0.343,1,COM7
2,143345,37,rpm,612,458,36.7,36.7,3915,497,0,354,0.343,1,COM7
2,143365,37,rpm,606,458,36.7,36.7,3915,497,0,354,0.343,1,COM7
2,143386,37,rpm,582,458,36.7,36.7,3915,497,0,354,0.344,1,COM7
2,143407,37,rpm,387,458,36.7,36.7,3915,497,0,354,0.344,1,COM7
2,143427,37,rpm,267,458,36.7,36.7,3915,497,0,355,0.344,1,COM7
2,143448,37,rpm,-148,458,36.7,36.7,3915,497,0,355,0.344,1,COM7
2,143469,37,rpm,-107,458,36.7,36.7,3915,497,0,355,0.344,1,COM7
2,143489,37,rpm,156,458,36.7,36.7,3915,497,0,355,0.344,1,COM7
2,143510,37,rpm,687,458,36.7,36.7,3915,497,0,355,0.345,1,COM7
2,143531,37,rpm,750,458,36.7,36.7,3915,497,0,355,0.345,1,COM7
2,143551,37,rpm,792,458,36.7,36.7,3915,497,0,356,0.345,1,COM7
2,143572,37,rpm,794,458,36.7,36.7,3915,497,0,356,0.345,1,COM7
2,143593,37,rpm,695,458,36.7,36.7,3915,497,0,356,0.345,1,COM7
2,143613,37,rpm,585,458,36.7,36.7,3915,497,0,356,0.345,1,COM7
2,143634,37,rpm,549,458,36.7,36.7,3915,497,0,356,0.345,1,COM7
2,143655,37,rpm,493,458,36.7,36.7,3915,497,0,356,0.346,1,COM7
2,143675,37,rpm,325,458,36.7,36.7,3915,497,0,356,0.346,1,COM7
2,143696,37,rpm,107,458,36.7,36.7,3915,497,0,357,0.346,1,COM7
2,143717,37,rpm,-334,458,36.7,36.7,3915,497,0,357,0.346,1,COM7
2,143737,37,rpm,80,458,36.7,36.7,3915,497,0,357,0.346,1,COM7
2,143758,37,rpm,491,458,36.7,36.7,3915,497,0,357,0.346,1,COM7
2,143779,37,rpm,682,458,36.7,36.7,3915,497,0,357,0.347,1,COM7
2,143799,37,rpm,886,458,36.7,36.7,3915,497,0,357,0.347,1,COM7
2,143820,37,rpm,784,458,36.7,36.7,3915,497,0,358,0.347,1,COM7
2,143840,37,rpm,702,458,36.7,36.7,3915,497,0,358,0.347,1,COM7
2,143861,37,rpm,658,458,36.7,36.7,3915,497,0,358,0.347,1,COM7
2,143882,37,rpm,572,458,36.7,36.7,3915,497,0,358,0.347,1,COM7
2,143902,37,rpm,498,458,36.7,36.7,3915,497,0,358,0.347,1,COM7
2,143923,37,rpm,403,458,36.7,36.7,3915,497,0,358,0.348,1,COM7
2,143944,37,rpm,284,458,36.7,36.7,3915,497,0,359,0.348,1,COM7
2,143964,37,rpm,-313,458,36.7,36.7,3915,497,0,359,0.348,1,COM7
2,143985,37,rpm,-12,458,36.7,36.7,3915,497,0,359,0.348,1,COM7
2,144005,37,rpm,237,458,36.7,36.7,3915,497,0,359,0.348,1,COM7
2,144026,37,rpm,613,458,36.7,36.7,3915,497,0,359,0.348,1,COM7
2,144047,37,rpm,754,458,36.7,36.7,3915,497,0,359,0.349,1,COM7
2,144067,37,rpm,917,458,36.7,36.7,3915,497,0,359,0.349,1,COM7
2,144088,37,rpm,719,458,36.7,36.7,3915,497,0,360,0.349,1,COM7
2,144109,37,rpm,642,458,36.7,36.7,3915,497,0,360,0.349,1,COM7
2,144129,37,rpm,683,458,36.7,36.7,3915,497,0,360,0.349,1,COM7
2,144150,37,rpm,527,458,36.7,36.7,3915,497,0,360,0.349,1,COM7
2,144171,37,rpm,416,458,36.7,36.7,3915,497,0,360,0.349,1,COM7
2,144192,37,rpm,363,458,36.7,36.7,3915,497,0,360,0.35,1,COM7
2,144212,37,rpm,35,458,36.7,36.7,3915,497,0,361,0.35,1,COM7
2,144233,37,rpm,-292,458,36.7,36.7,3915,497,0,361,0.35,1,COM7
2,144254,37,rpm,97,458,36.7,36.7,3915,497,0,361,0.35,1,COM7
2,144274,37,rpm,578,458,36.7,36.7,3915,497,0,361,0.35,1,COM7
2,144295,37,rpm,594,458,36.7,36.7,3915,497,0,361,0.35,1,COM7
2,144315,37,rpm,836,458,36.7,36.7,3915,497,0,361,0.351,1,COM7
2,144336,37,rpm,950,458,36.7,36.7,3915,497,0,362,0.351,1,COM7
2,144357,37,rpm,593,458,36.7,36.7,3915,497,0,362,0.351,1,COM7
2,144378,37,rpm,634,458,36.7,36.7,3915,497,0,362,0.351,1,COM7
2,144398,37,rpm,630,458,36.7,36.7,3915,497,0,362,0.351,1,COM7
2,144419,37,rpm,477,458,36.7,36.7,3915,497,0,362,0.351,1,COM7
2,144439,37,rpm,358,458,36.7,36.7,3915,497,0,362,0.351,1,COM7
2,144460,37,rpm,282,458,36.7,36.7,3915,497,0,362,0.352,1,COM7
2,144481,37,rpm,-388,458,36.7,36.7,3915,497,0,363,0.352,1,COM7
2,144502,37,rpm,18,458,36.7,36.7,3915,497,0,363,0.352,1,COM7
2,144522,37,rpm,299,458,36.7,36.7,3915,497,0,363,0.352,1,COM7
2,144543,37,rpm,680,458,36.7,36.7,3915,497,0,363,0.352,1,COM7
2,144563,37,rpm,721,458,36.7,36.7,3915,497,0,363,0.352,1,COM7
2,144584,37,rpm,894,458,36.7,36.7,3915,497,0,363,0.353,1,COM7
2,144605,37,rpm,792,458,36.7,36.7,3915,497,0,364,0.353,1,COM7
2,144625,37,rpm,602,458,36.7,36.7,3915,497,0,364,0.353,1,COM7
2,144646,37,rpm,591,458,36.7,36.7,3915,497,0,364,0.353,1,COM7
2,144667,37,rpm,581,458,36.7,36.7,3915,497,0,364,0.353,1,COM7
2,144687,37,rpm,410,458,36.7,36.7,3915,497,0,364,0.353,1,COM7
2,144708,37,rpm,306,458,36.7,36.7,3915,497,0,364,0.353,1,COM7
2,144729,37,rpm,-110,458,36.7,36.7,3915,497,0,365,0.354,1,COM7
2,144749,37,rpm,-173,458,36.7,36.7,3915,497,0,365,0.354,1,COM7
2,144770,37,rpm,138,458,36.7,36.7,3915,497,0,365,0.354,1,COM7
2,144791,37,rpm,640,458,36.7,36.7,3915,497,0,365,0.354,1,COM7
2,144811,37,rpm,840,458,36.7,36.7,3915,497,0,365,0.354,1,COM7
2,144832,37,rpm,845,458,36.7,36.7,3915,497,0,365,0.354,1,COM7
2,144853,37,rpm,764,458,36.7,36.7,3915,497,0,365,0.355,1,COM7
2,144873,37,rpm,718,458,36.7,36.7,3915,497,0,366,0.355,1,COM7
2,144894,37,rpm,648,458,36.7,36.7,3915,497,0,366,0.355,1,COM7
2,144915,37,rpm,512,458,36.7,36.7,3915,497,0,366,0.355,1,COM7
2,144935,37,rpm,463,458,36.7,36.7,3915,497,0,366,0.355,1,COM7
2,144956,37,rpm,319,458,36.7,36.7,3915,497,0,366,0.355,1,COM7
2,144977,37,rpm,8,458,36.7,36.7,3915,497,0,366,0.355,1,COM7
2,144997,37,rpm,-271,458,36.7,36.7,3915,497,0,367,0.356,1,COM7
2,145018,37,rpm,111,458,36.7,36.7,3915,497,0,367,0.356,1,COM7
2,145038,37,rpm,525,458,36.7,36.7,3915,497,0,367,0.356,1,COM7
2,145059,37,rpm,729,458,36.7,36.7,3915,497,0,367,0.356,1,COM7
2,145080,37,rpm,916,458,36.7,36.7,3915,497,0,367,0.356,1,COM7
2,145100,37,rpm,753,458,36.7,36.7,3915,497,0,367,0.356,1,COM7
2,145121,37,rpm,643,458,36.7,36.7,3915,497,0,368,0.356,1,COM7
2,145142,37,rpm,701,458,36.7,36.7,3915,497,0,368,0.357,1,COM7
2,145162,37,rpm,563,458,36.7,36.7,3915,497,0,368,0.357,1,COM7
2,145183,37,rpm,452,458,36.7,36.7,3915,497,0,368,0.357,1,COM7
2,145204,37,rpm,400,458,36.7,36.7,3915,497,0,368,0.357,1,COM7
2,145224,37,rpm,230,458,36.7,36.7,3915,497,0,368,0.357,1,COM7
2,145245,37,rpm,-380,458,36.7,36.7,3915,497,0,368,0.357,1,COM7
2,145266,37,rpm,42,458,36.7,36.7,3915,497,0,369,0.358,1,COM7
2,145286,37,rpm,429,458,36.7,36.7,3915,497,0,369,0.358,1,COM7
2,145307,37,rpm,584,458,36.7,36.7,3915,497,0,369,0.358,1,COM7
2,145328,37,rpm,823,458,36.7,36.7,3915,497,0,369,0.358,1,COM7
2,145348,37,rpm,906,458,36.7,36.7,3915,497,0,369,0.358,1,COM7
2,145369,37,rpm,651,458,36.7,36.7,3915,497,0,369,0.358,1,COM7
2,145390,37,rpm,646,458,36.7,36.7,3915,497,0,370,0.358,1,COM7
2,145410,37,rpm,675,458,36.7,36.7,3915,497,0,370,0.359,1,COM7
2,145431,37,rpm,508,458,36.7,36.7,3915,497,0,370,0.359,1,COM7
2,145452,37,rpm,393,458,36.7,36.7,3915,497,0,370,0.359,1,COM7
2,145472,37,rpm,330,458,36.7,36.7,3915,497,0,370,0.359,1,COM7
2,145493,37,rpm,-60,458,36.7,36.7,3915,497,0,370,0.359,1,COM7
2,145514,37,rpm,-216,458,36.7,36.7,3915,497,0,371,0.359,1,COM7
2,145534,37,rpm,127,458,36.7,36.7,3915,497,0,371,0.36,1,COM7
2,145555,37,rpm,606,458,36.7,36.7,3915,497,0,371,0.36,1,COM7
2,145576,37,rpm,675,458,36.7,36.7,3915,497,0,371,0.36,1,COM7
2,145596,37,rpm,896,458,36.7,36.7,3915,497,0,371,0.36,1,COM7
2,145617,37,rpm,843,458,36.7,36.7,3915,497,0,371,0.36,1,COM7
2,145638,37,rpm,624,458,36.7,36.7,3915,497,0,371,0.36,1,COM7
2,145658,37,rpm,646,458,36.7,36.7,3915,497,0,372,0.36,1,COM7
2,145679,37,rpm,558,458,36.7,36.7,3915,497,0,372,0.361,1,COM7
2,145700,37,rpm,509,458,36.7,36.7,3915,497,0,372,0.361,1,COM7
2,145720,37,rpm,333,458,36.7,36.7,3915,497,0,372,0.361,1,COM7
2,145741,37,rpm,244,458,36.7,36.7,3915,497,0,372,0.361,1,COM7
2,145762,37,rpm,-408,458,36.7,36.7,3915,497,0,372,0.361,1,COM7
2,145782,37,rpm,52,458,36.7,36.7,3915,497,0,373,0.361,1,COM7
2,145803,37,rpm,411,458,36.7,36.7,3915,497,0,373,0.362,1,COM7
2,145824,37,rpm,690,458,36.7,36.7,3915,497,0,373,0.362,1,COM7
2,145844,37,rpm,753,458,36.7,36.7,3915,497,0,373,0.362,1,COM7
2,145865,37,rpm,863,458,36.7,36.7,3915,497,0,373,0.362,1,COM7
2,145885,37,rpm,750,457,36.7,36.7,3915,497,0,373,0.362,1,COM7
2,145906,37,rpm,629,457,36.7,36.7,3915,497,0,374,0.362,1,COM7
2,145927,37,rpm,573,457,36.7,36.7,3915,497,0,374,0.362,1,COM7
2,145947,37,rpm,549,457,36.7,36.7,3915,497,0,374,0.363,1,COM7
2,145968,37,rpm,415,457,36.7,36.7,3915,497,0,374,0.363,1,COM7
2,145989,37,rpm,269,457,36.7,36.7,3915,497,0,374,0.363,1,COM7
2,146009,37,rpm,-144,457,36.7,36.7,3915,497,0,374,0.363,1,COM7
2,146030,37,rpm,-139,457,36.7,36.7,3915,497,0,374,0.363,1,COM7
2,146051,37,rpm,154,457,36.7,36.7,3915,497,0,375,0.363,1,COM7
2,146071,37,rpm,621,457,36.7,36.7,3915,497,0,375,0.364,1,COM7
2,146092,37,rpm,827,457,36.7,36.7,3915,497,0,375,0.364,1,COM7
2,146113,37,rpm,822,457,36.7,36.7,3915,497,0,375,0.364,1,COM7
2,146133,37,rpm,732,457,36.7,36.7,3915,497,0,375,0.364,1,COM7
2,146154,37,rpm,737,457,36.7,36.7,3915,497,0,375,0.364,1,COM7
2,146175,37,rpm,616,457,36.7,36.7,3915,497,0,376,0.364,1,COM7
2,146195,37,rpm,491,457,36.7,36.7,3915,497,0,376,0.364,1,COM7
2,146216,37,rpm,513,457,36.7,36.7,3915,497,0,376,0.365,1,COM7
2,146237,37,rpm,349,457,36.7,36.7,3915,497,0,376,0.365,1,COM7
2,146257,37,rpm,53,457,36.7,36.7,3915,497,0,376,0.365,1,COM7
2,146278,37,rpm,-298,457,36.7,36.7,3915,497,0,376,0.365,1,COM7
2,146299,37,rpm,108,457,36.7,36.7,3915,497,0,377,0.365,1,COM7
2,146319,37,rpm,495,457,36.7,36.7,3915,497,0,377,0.365,1,COM7
2,146340,37,rpm,760,457,36.7,36.7,3915,497,0,377,0.366,1,COM7
2,146361,37,rpm,955,457,36.7,36.7,3915,497,0,377,0.366,1,COM7
2,146381,37,rpm,772,457,36.7,36.7,3915,497,0,377,0.366,1,COM7
2,146402,37,rpm,683,457,36.7,36.7,3915,497,0,377,0.366,1,COM7
2,146422,37,rpm,734,457,36.7,36.7,3915,497,0,377,0.366,1,COM7
2,146443,37,rpm,550,457,36.7,36.7,3915,497,0,378,0.366,1,COM7
2,146464,37,rpm,446,457,36.7,36.7,3915,497,0,378,0.366,1,COM7
2,146484,37,rpm,365,457,36.7,36.7,3915,497,0,378,0.367,1,COM7
2,146505,37,rpm,172,457,36.7,36.7,3915,497,0,378,0.367,1,COM7
2,146526,37,rpm,-385,457,36.7,36.7,3915,497,0,378,0.367,1,COM7
2,146546,37,rpm,73,457,36.7,36.7,3915,497,0,378,0.367,1,COM7
2,146567,37,rpm,477,457,36.7,36.7,3915,497,0,379,0.367,1,COM7
2,146588,37,rpm,636,457,36.7,36.7,3915,497,0,379,0.367,1,COM7
2,146608,37,rpm,846,457,36.7,36.7,3915,497,0,379,0.367,1,COM7
2,146629,37,rpm,881,457,36.7,36.7,3915,497,0,379,0.368,1,COM7
2,146650,37,rpm,657,457,36.7,36.7,3915,497,0,379,0.368,1,COM7
2,146670,37,rpm,647,457,36.7,36.7,3915,497,0,379,0.368,1,COM7
2,146691,37,rpm,624,457,36.7,36.7,3915,497,0,379,0.368,1,COM7
2,146712,37,rpm,514,457,36.7,36.7,3915,497,0,380,0.368,1,COM7
2,146732,37,rpm,364,457,36.7,36.7,3915,497,0,380,0.368,1,COM7
2,146753,37,rpm,306,457,36.7,36.7,3915,497,0,380,0.369,1,COM7
2,146774,37,rpm,-257,457,36.7,36.7,3915,497,0,380,0.369,1,COM7
2,146794,37,rpm,-46,457,36.7,36.7,3915,497,0,380,0.369,1,COM7
2,146815,37,rpm,217,457,36.7,36.7,3915,497,0,380,0.369,1,COM7
2,146836,37,rpm,675,457,36.7,36.7,3915,497,0,381,0.369,1,COM7
2,146856,37,rpm,702,457,36.7,36.7,3915,497,0,381,0.369,1,COM7
2,146877,37,rpm,800,457,36.7,36.7,3915,497,0,381,0.369,1,COM7
2,146898,37,rpm,876,457,36.7,36.7,3915,497,0,381,0.37,1,COM7
2,146918,37,rpm,630,457,36.7,36.7,3915,497,0,381,0.37,1,COM7
2,146939,37,rpm,567,457,36.7,36.7,3915,497,0,381,0.37,1,COM7
2,146960,37,rpm,615,457,36.7,36.7,3915,497,0,382,0.37,1,COM7
2,146980,37,rpm,451,457,36.7,36.7,3915,497,0,382,0.37,1,COM7
2,147001,37,rpm,308,457,36.7,36.7,3915,497,0,382,0.37,1,COM7
2,147022,37,rpm,111,457,36.7,36.7,3915,497,0,382,0.371,1,COM7
2,147042,37,rpm,-325,457,36.7,36.7,3915,497,0,382,0.371,1,COM7
2,147063,37,rpm,75,457,36.7,36.7,3915,497,0,382,0.371,1,COM7
2,147084,37,rpm,508,457,36.7,36.7,3915,497,0,382,0.371,1,COM7
2,147104,37,rpm,713,457,36.7,36.7,3915,497,0,383,0.371,1,COM7
2,147125,37,rpm,746,457,36.7,36.7,3915,497,0,383,0.371,1,COM7
2,147146,37,rpm,825,457,36.7,36.7,3915,497,0,383,0.371,1,COM7
2,147166,37,rpm,767,457,36.7,36.7,3915,497,0,383,0.372,1,COM7
2,147187,37,rpm,623,457,36.7,36.7,3915,497,0,383,0.372,1,COM7
2,147207,37,rpm,539,457,36.7,36.7,3915,497,0,383,0.372,1,COM7
2,147228,37,rpm,570,457,36.7,36.7,3915,497,0,384,0.372,1,COM7
2,147249,37,rpm,375,457,36.7,36.7,3915,497,0,384,0.372,1,COM7
2,147269,37,rpm,258,457,36.7,36.7,3915,497,0,384,0.372,1,COM7
2,147290,37,rpm,-355,457,36.7,36.7,3915,497,0,384,0.373,1,COM7
2,147311,37,rpm,16,457,36.7,36.7,3915,497,0,384,0.373,1,COM7
2,147331,37,rpm,233,457,36.7,36.7,3915,497,0,384,0.373,1,COM7
2,147352,37,rpm,706,457,36.7,36.7,3915,497,0,385,0.373,1,COM7
2,147373,37,rpm,824,457,36.7,36.7,3915,497,0,385,0.373,1,COM7
2,147393,37,rpm,803,457,36.7,36.7,3915,497,0,385,0.373,1,COM7
2,147414,37,rpm,744,457,36.7,36.7,3915,497,0,385,0.373,1,COM7
2,147435,37,rpm,712,457,36.7,36.7,3915,497,0,385,0.374,1,COM7
2,147456,37,rpm,575,457,36.7,36.7,3915,497,0,385,0.374,1,COM7
2,147476,37,rpm,508,457,36.7,36.7,3915,497,0,385,0.374,1,COM7
2,147497,37,rpm,486,457,36.7,36.7,3915,497,0,386,0.374,1,COM7
2,147517,37,rpm,295,457,36.7,36.7,3915,497,0,386,0.374,1,COM7
2,147538,37,rpm,41,457,36.7,36.7,3915,497,0,386,0.374,1,COM7
2,147559,37,rpm,-291,457,36.7,36.7,3915,497,0,386,0.375,1,COM7
2,147579,37,rpm,113,457,36.7,36.7,3915,497,0,386,0.375,1,COM7
2,147600,37,rpm,527,457,36.7,36.7,3915,497,0,386,0.375,1,COM7
2,147621,37,rpm,745,457,36.7,36.7,3915,497,0,387,0.375,1,COM7
2,147641,37,rpm,885,457,36.7,36.7,3915,497,0,387,0.375,1,COM7
2,147662,37,rpm,758,457,36.7,36.7,3915,497,0,387,0.375,1,COM7
2,147683,37,rpm,669,457,36.7,36.7,3915,497,0,387,0.375,1,COM7
2,147703,37,rpm,677,457,36.7,36.7,3915,497,0,387,0.376,1,COM7
2,147724,37,rpm,566,457,36.7,36.7,3915,497,0,387,0.376,1,COM7
2,147745,37,rpm,470,457,36.7,36.7,3915,497,0,388,0.376,1,COM7
2,147765,37,rpm,359,457,36.7,36.7,3915,497,0,388,0.376,1,COM7
2,147786,37,rpm,242,457,36.7,36.7,3915,497,0,388,0.376,1,COM7
2,147807,37,rpm,-400,457,36.7,36.7,3915,497,0,388,0.376,1,COM7
2,147827,37,rpm,51,457,36.7,36.7,3915,497,0,388,0.376,1,COM7
2,147848,37,rpm,423,457,36.7,36.7,3915,497,0,388,0.377,1,COM7
2,147869,37,rpm,669,457,36.7,36.7,3915,497,0,388,0.377,1,COM7
2,147889,37,rpm,883,457,36.7,36.7,3915,497,0,389,0.377,1,COM7
2,147910,37,rpm,888,457,36.7,36.7,3915,497,0,389,0.377,1,COM7
2,147931,37,rpm,709,457,36.7,36.7,3915,497,0,389,0.377,1,COM7
2,147951,37,rpm,635,457,36.7,36.7,3915,497,0,389,0.377,1,COM7
2,147972,37,rpm,624,457,36.7,36.7,3915,497,0,389,0.378,1,COM7
2,147993,37,rpm,520,457,36.7,36.7,3915,497,0,389,0.378,1,COM7
2,148013,37,rpm,341,457,36.7,36.7,3915,497,0,390,0.378,1,COM7
2,148034,37,rpm,268,457,36.7,36.7,3915,497,0,390,0.378,1,COM7
2,148055,37,rpm,-351,457,36.7,36.7,3915,497,0,390,0.378,1,COM7
2,148075,37,rpm,31,457,36.7,36.7,3915,497,0,390,0.378,1,COM7
2,148096,37,rpm,312,457,36.7,36.7,3915,497,0,390,0.378,1,COM7
2,148117,37,rpm,728,457,36.7,36.7,3915,497,0,390,0.379,1,COM7
2,148137,37,rpm,748,457,36.7,36.7,3915,497,0,390,0.379,1,COM7
2,148158,37,rpm,804,457,36.7,36.7,3915,497,0,391,0.379,1,COM7
2,148179,37,rpm,839,457,36.7,36.7,3915,497,0,391,0.379,1,COM7
2,148199,37,rpm,667,457,36.7,36.7,3915,497,0,391,0.379,1,COM7
2,148220,37,rpm,548,457,36.7,36.7,3915,497,0,391,0.379,1,COM7
2,148241,37,rpm,552,457,36.7,36.7,3915,497,0,391,0.38,1,COM7
2,148261,37,rpm,424,457,36.7,36.7,3915,497,0,391,0.38,1,COM7
2,148282,37,rpm,265,457,36.7,36.7,3915,497,0,392,0.38,1,COM7
2,148303,37,rpm,-54,457,36.7,36.7,3915,497,0,392,0.38,1,COM7
2,148323,37,rpm,-210,457,36.7,36.7,3915,497,0,392,0.38,1,COM7
2,148344,37,rpm,106,457,36.7,36.7,3915,497,0,392,0.38,1,COM7
2,148364,37,rpm,629,457,36.7,36.7,3915,497,0,392,0.38,1,COM7
2,148385,37,rpm,792,457,36.7,36.7,3915,497,0,392,0.381,1,COM7
2,148406,37,rpm,764,457,36.7,36.7,3915,497,0,393,0.381,1,COM7
2,148426,37,rpm,810,457,36.7,36.7,3915,497,0,393,0.381,1,COM7
2,148447,37,rpm,764,457,36.7,36.7,3915,497,0,393,0.381,1,COM7
2,148468,37,rpm,585,457,36.7,36.7,3915,497,0,393,0.381,1,COM7
2,148488,37,rpm,519,457,36.7,36.7,3915,497,0,393,0.381,1,COM7
2,148509,37,rpm,531,457,36.7,36.7,3915,497,0,393,0.382,1,COM7
2,148530,37,rpm,338,457,36.7,36.7,3915,497,0,393,0.382,1,COM7
2,148551,37,rpm,237,456,36.7,36.7,3915,497,0,394,0.382,1,COM7
2,148571,37,rpm,-390,456,36.7,36.7,3915,497,0,394,0.382,1,COM7
2,148592,37,rpm,50,456,36.7,36.7,3915,497,0,394,0.382,1,COM7
2,148613,37,rpm,357,456,36.7,36.7,3915,497,0,394,0.382,1,COM7
2,148633,37,rpm,695,456,36.7,36.7,3915,497,0,394,0.382,1,COM7
2,148654,37,rpm,817,456,36.7,36.7,3915,497,0,394,0.383,1,COM7
2,148675,37,rpm,809,456,36.7,36.7,3915,497,0,395,0.383,1,COM7
2,148695,37,rpm,740,456,36.7,36.7,3915,497,0,395,0.383,1,COM7
2,148716,37,rpm,677,456,36.7,36.7,3915,497,0,395,0.383,1,COM7
2,148737,37,rpm,578,456,36.7,36.7,3915,497,0,395,0.383,1,COM7
2,148757,37,rpm,510,456,36.7,36.7,3915,497,0,395,0.383,1,COM7
2,148778,37,rpm,431,456,36.7,36.7,3915,497,0,395,0.384,1,COM7
2,148799,37,rpm,309,456,36.7,36.7,3915,497,0,396,0.384,1,COM7
2,148819,37,rpm,-141,456,36.7,36.7,3915,497,0,396,0.384,1,COM7
2,148840,37,rpm,-172,456,36.7,36.7,3915,497,0,396,0.384,1,COM7
2,148861,37,rpm,176,456,36.7,36.7,3915,497,0,396,0.384,1,COM7
2,148881,37,rpm,623,456,36.7,36.7,3915,497,0,396,0.384,1,COM7
2,148902,37,rpm,676,456,36.7,36.7,3915,497,0,396,0.384,1,COM7
2,148923,37,rpm,932,456,36.7,36.7,3915,497,0,396,0.385,1,COM7
2,148943,37,rpm,791,456,36.7,36.7,3915,497,0,397,0.385,1,COM7
2,148964,37,rpm,645,456,36.7,36.7,3915,497,0,397,0.385,1,COM7
2,148985,37,rpm,639,456,36.7,36.7,3915,497,0,397,0.385,1,COM7
2,149005,37,rpm,587,456,36.7,36.7,3915,497,0,397,0.385,1,COM7
2,149026,37,rpm,437,456,36.7,36.7,3915,497,0,397,0.385,1,COM7
2,149047,37,rpm,342,456,36.7,36.7,3915,497,0,397,0.385,1,COM7
2,149067,37,rpm,204,456,36.7,36.7,3915,497,0,398,0.386,1,COM7
2,149088,37,rpm,-417,456,36.7,36.7,3915,497,0,398,0.386,1,COM7
2,149109,37,rpm,66,456,36.7,36.7,3915,497,0,398,0.386,1,COM7
2,149129,37,rpm,473,456,36.7,36.7,3915,497,0,398,0.386,1,COM7
2,149150,37,rpm,659,456,36.7,36.7,3915,497,0,398,0.386,1,COM7
2,149171,37,rpm,745,456,36.7,36.7,3915,497,0,398,0.386,1,COM7
2,149191,37,rpm,926,456,36.7,36.7,3915,497,0,399,0.387,1,COM7
2,149212,37,rpm,744,456,36.7,36.7,3915,497,0,399,0.387,1,COM7
2,149232,37,rpm,578,456,36.7,36.7,3915,497,0,399,0.387,1,COM7
2,149253,37,rpm,599,456,36.7,36.7,3915,497,0,399,0.387,1,COM7
2,149274,37,rpm,559,456,36.7,36.7,3915,497,0,399,0.387,1,COM7
2,149295,37,rpm,325,456,36.7,36.7,3915,497,0,399,0.387,1,COM7
2,149315,37,rpm,298,456,36.7,36.7,3915,497,0,399,0.387,1,COM7
2,149336,37,rpm,-363,456,36.7,36.7,3915,497,0,400,0.388,1,COM7
2,149357,37,rpm,15,456,36.7,36.7,3915,497,0,400,0.388,1,COM7
2,149377,37,rpm,262,456,36.7,36.7,3915,497,0,400,0.388,1,COM7
2,149398,37,rpm,772,456,36.7,36.7,3915,497,0,400,0.388,1,COM7
2,149419,37,rpm,825,456,36.7,36.7,3915,497,0,400,0.388,1,COM7
2,149439,37,rpm,809,456,36.7,36.7,3915,497,0,400,0.388,1,COM7
2,149460,37,rpm,831,456,36.7,36.7,3915,497,0,401,0.389,1,COM7
2,149481,37,rpm,680,456,36.7,36.7,3915,497,0,401,0.389,1,COM7
2,149502,37,rpm,558,456,36.7,36.7,3915,497,0,401,0.389,1,COM7
2,149522,37,rpm,540,456,36.7,36.7,3915,497,0,401,0.389,1,COM7
2,149543,37,rpm,411,456,36.7,36.7,3915,497,0,401,0.389,1,COM7
2,149564,37,rpm,256,456,36.7,36.7,3915,497,0,401,0.389,1,COM7
2,149584,37,rpm,-246,456,36.7,36.7,3915,497,0,402,0.389,1,COM7
2,149605,37,rpm,-36,456,36.7,36.7,3915,497,0,402,0.39,1,COM7
2,149625,37,rpm,216,456,36.7,36.7,3915,497,0,402,0.39,1,COM7
2,149646,37,rpm,640,456,36.7,36.7,3915,497,0,402,0.39,1,COM7
2,149667,37,rpm,777,456,36.7,36.7,3915,497,0,402,0.39,1,COM7
2,149687,37,rpm,847,456,36.7,36.7,3915,497,0,402,0.39,1,COM7
2,149708,37,rpm,722,456,36.7,36.7,3915,497,0,402,0.39,1,COM7
2,149729,37,rpm,696,456,36.7,36.7,3915,497,0,403,0.391,1,COM7
2,149749,37,rpm,633,456,36.7,36.7,3915,497,0,403,0.391,1,COM7
2,149770,37,rpm,530,456,36.7,36.7,3915,497,0,403,0.391,1,COM7
2,149791,37,rpm,459,456,36.7,36.7,3915,497,0,403,0.391,1,COM7
2,149811,37,rpm,332,456,36.7,36.7,3915,497,0,403,0.391,1,COM7
2,149832,37,rpm,46,456,36.7,36.7,3915,497,0,403,0.391,1,COM7
2,149853,37,rpm,-297,456,36.7,36.7,3915,497,0,404,0.391,1,COM7
2,149874,37,rpm,93,456,36.7,36.7,3915,497,0,404,0.392,1,COM7
2,149894,37,rpm,566,456,36.7,36.7,3915,497,0,404,0.392,1,COM7
2,149915,37,rpm,648,456,36.7,36.7,3915,497,0,404,0.392,1,COM7
2,149936,37,rpm,860,456,36.7,36.7,3915,497,0,404,0.392,1,COM7
2,149956,37,rpm,872,456,36.7,36.7,3915,497,0,404,0.392,1,COM7
2,149977,37,rpm,614,456,36.7,36.7,3915,497,0,404,0.392,1,COM7
2,149998,37,rpm,647,456,36.7,36.7,3915,497,0,405,0.393,1,COM7
2,150018,37,rpm,625,456,36.7,36.7,3915,497,0,405,0.393,1,COM7
2,150039,37,rpm,488,456,36.7,36.7,3915,497,0,405,0.393,1,COM7
2,150060,37,rpm,352,456,36.7,36.7,3915,497,0,405,0.393,1,COM7
2,150080,37,rpm,299,456,36.7,36.7,3915,497,0,405,0.393,1,COM7
2,150101,37,rpm,-363,456,36.7,36.7,3915,497,0,405,0.393,1,COM7
2,150122,37,rpm,16,457,36.7,36.7,3915,497,0,406,0.393,1,COM7
2,150142,37,rpm,292,457,36.7,36.7,3915,497,0,406,0.394,1,COM7
2,150163,37,rpm,664,457,36.7,36.7,3915,497,0,406,0.394,1,COM7
2,150184,37,rpm,661,457,36.7,36.7,3915,497,0,406,0.394,1,COM7
2,150204,37,rpm,948,457,36.7,36.7,3915,497,0,406,0.394,1,COM7
2,150225,37,rpm,783,457,36.7,36.7,3915,497,0,406,0.394,1,COM7
2,150246,37,rpm,551,457,36.7,36.7,3915,497,0,407,0.394,1,COM7
2,150266,37,rpm,654,457,36.7,36.7,3915,497,0,407,0.394,1,COM7
2,150287,37,rpm,581,457,36.7,36.7,3915,497,0,407,0.395,1,COM7
2,150308,37,rpm,408,457,36.7,36.7,3915,497,0,407,0.395,1,COM7
2,150328,37,rpm,319,457,36.7,36.7,3915,497,0,407,0.395,1,COM7
2,150349,37,rpm,-16,457,36.7,36.7,3915,497,0,407,0.395,1,COM7
2,150370,37,rpm,-250,457,36.7,36.7,3915,497,0,407,0.395,1,COM7
2,150390,37,rpm,103,457,36.7,36.7,3915,497,0,408,0.395,1,COM7
2,150411,37,rpm,639,457,36.7,36.7,3915,497,0,408,0.396,1,COM7
2,150431,37,rpm,691,457,36.7,36.7,3915,497,0,408,0.396,1,COM7
2,150452,37,rpm,787,457,36.7,36.7,3915,497,0,408,0.396,1,COM7
2,150473,37,rpm,904,457,36.7,36.7,3915,497,0,408,0.396,1,COM7
2,150493,37,rpm,691,457,36.7,36.7,3915,497,0,408,0.396,1,COM7
2,150514,37,rpm,560,457,36.7,36.7,3915,497,0,409,0.396,1,COM7
2,150535,37,rpm,601,457,36.7,36.7,3915,497,0,409,0.396,1,COM7
2,150556,37,rpm,510,457,36.7,36.7,3915,497,0,409,0.397,1,COM7
2,150576,37,rpm,341,457,36.7,36.7,3915,497,0,409,0.397,1,COM7
2,150597,37,rpm,254,457,36.7,36.7,3915,497,0,409,0.397,1,COM7
2,150617,37,rpm,-395,457,36.7,36.7,3915,497,0,409,0.397,1,COM7
2,150638,37,rpm,44,457,36.7,36.7,3915,497,0,410,0.397,1,COM7
2,150659,37,rpm,309,457,36.7,36.7,3915,497,0,410,0.397,1,COM7
2,150679,37,rpm,717,457,36.7,36.7,3915,497,0,410,0.398,1,COM7
2,150700,37,rpm,820,457,36.7,36.7,3915,497,0,410,0.398,1,COM7
2,150721,37,rpm,816,457,36.7,36.7,3915,497,0,410,0.398,1,COM7
2,150741,37,rpm,755,457,36.7,36.7,3915,497,0,410,0.398,1,COM7
2,150762,37,rpm,658,457,36.7,36.7,3915,497,0,410,0.398,1,COM7
2,150783,37,rpm,604,457,36.7,36.7,3915,497,0,411,0.398,1,COM7
2,150803,37,rpm,498,457,36.7,36.7,3915,497,0,411,0.398,1,COM7
2,150824,37,rpm,436,457,36.7,36.7,3915,497,0,411,0.399,1,COM7
2,150845,37,rpm,309,457,36.7,36.7,3915,497,0,411,0.399,1,COM7
2,150866,37,rpm,-202,457,36.7,36.7,3915,497,0,411,0.399,1,COM7
2,150886,37,rpm,-94,457,36.7,36.7,3915,497,0,411,0.399,1,COM7
2,150907,37,rpm,203,457,36.7,36.7,3915,497,0,412,0.399,1,COM7
2,150928,37,rpm,609,457,36.7,36.7,3915,497,0,412,0.399,1,COM7
2,150948,37,rpm,810,457,36.7,36.7,3915,497,0,412,0.4,1,COM7
2,150969,37,rpm,912,457,36.7,36.7,3915,497,0,412,0.4,1,COM7
2,150990,37,rpm,713,457,36.7,36.7,3915,497,0,412,0.4,1,COM7
2,151010,37,rpm,706,457,36.7,36.7,3915,497,0,412,0.4,1,COM7
2,151031,37,rpm,650,457,36.7,36.7,3915,497,0,413,0.4,1,COM7
2,151051,37,rpm,537,457,36.7,36.7,3915,497,0,413,0.4,1,COM7
2,151072,37,rpm,387,457,36.7,36.7,3915,497,0,413,0.4,1,COM7
2,151093,37,rpm,327,457,36.7,36.7,3915,497,0,413,0.401,1,COM7
2,151113,37,rpm,-77,457,36.7,36.7,3915,497,0,413,0.401,1,COM7
2,151134,37,rpm,-220,457,36.7,36.7,3915,497,0,413,0.401,1,COM7
2,151154,37,rpm,142,457,36.7,36.7,3915,497,0,413,0.401,1,COM7
2,151175,37,rpm,669,457,36.7,36.7,3915,497,0,414,0.401,1,COM7
2,151196,37,rpm,608,457,36.7,36.7,3915,497,0,414,0.401,1,COM7
2,151216,37,rpm,894,457,36.7,36.7,3915,497,0,414,0.402,1,COM7
2,151237,37,rpm,908,457,36.7,36.7,3915,497,0,414,0.402,1,COM7
2,151258,37,rpm,561,457,36.7,36.7,3915,497,0,414,0.402,1,COM7
2,151278,37,rpm,659,457,36.7,36.7,3915,497,0,414,0.402,1,COM7
2,151299,37,rpm,624,457,36.7,36.7,3915,497,0,415,0.402,1,COM7
2,151320,37,rpm,459,457,36.7,36.7,3915,497,0,415,0.402,1,COM7
2,151340,37,rpm,335,457,36.7,36.7,3915,497,0,415,0.402,1,COM7
2,151361,37,rpm,230,457,36.7,36.7,3915,497,0,415,0.403,1,COM7
2,151381,37,rpm,-375,457,36.7,36.7,3915,497,0,415,0.403,1,COM7
2,151402,37,rpm,46,457,36.7,36.7,3915,497,0,415,0.403,1,COM7
2,151423,37,rpm,449,457,36.7,36.7,3915,497,0,415,0.403,1,COM7
2,151444,37,rpm,674,457,36.7,36.7,3915,497,0,416,0.403,1,COM7
2,151464,37,rpm,727,457,36.7,36.7,3915,497,0,416,0.403,1,COM7
2,151485,37,rpm,902,457,36.7,36.7,3915,497,0,416,0.403,1,COM7
2,151506,37,rpm,744,457,36.7,36.7,3915,497,0,416,0.404,1,COM7
2,151526,37,rpm,578,457,36.7,36.7,3915,497,0,416,0.404,1,COM7
2,151547,37,rpm,617,457,36.7,36.7,3915,497,0,416,0.404,1,COM7
2,151568,37,rpm,549,457,36.7,36.7,3915,497,0,417,0.404,1,COM7
2,151588,37,rpm,374,457,36.7,36.7,3915,497,0,417,0.404,1,COM7
2,151609,37,rpm,304,457,36.7,36.7,3915,497,0,417,0.404,1,COM7
2,151630,37,rpm,-109,457,36.7,36.7,3915,497,0,417,0.405,1,COM7
2,151650,37,rpm,-156,457,36.7,36.7,3915,497,0,417,0.405,1,COM7
2,151671,37,rpm,136,457,36.7,36.7,3915,497,0,417,0.405,1,COM7
2,151692,37,rpm,652,457,36.7,36.7,3915,497,0,418,0.405,1,COM7
2,151712,37,rpm,730,457,36.7,36.7,3915,497,0,418,0.405,1,COM7
2,151733,37,rpm,813,457,36.7,36.7,3915,497,0,418,0.405,1,COM7
2,151754,37,rpm,830,457,36.7,36.7,3915,497,0,418,0.405,1,COM7
2,151774,37,rpm,684,457,36.7,36.7,3915,497,0,418,0.406,1,COM7
2,151795,37,rpm,598,457,36.7,36.7,3915,497,0,418,0.406,1,COM7
2,151815,37,rpm,530,457,36.7,36.7,3915,497,0,418,0.406,1,COM7
2,151836,37,rpm,541,457,36.7,36.7,3915,497,0,419,0.406,1,COM7
2,151857,37,rpm,330,457,36.7,36.7,3915,497,0,419,0.406,1,COM7
2,151877,37,rpm,195,457,36.7,36.7,3915,497,0,419,0.406,1,COM7
2,151898,37,rpm,-417,457,36.7,36.7,3915,497,0,419,0.407,1,COM7
2,151919,37,rpm,74,457,36.7,36.7,3915,497,0,419,0.407,1,COM7
2,151939,37,rpm,433,457,36.7,36.7,3915,497,0,419,0.407,1,COM7
2,151960,37,rpm,719,457,36.7,36.7,3915,497,0,420,0.407,1,COM7
2,151981,37,rpm,842,457,36.7,36.7,3915,497,0,420,0.407,1,COM7
2,152001,37,rpm,774,457,36.7,36.7,3915,497,0,420,0.407,1,COM7
2,152022,37,rpm,704,457,36.7,36.7,3915,497,0,420,0.407,1,COM7
2,152043,37,rpm,698,457,36.7,36.7,3915,497,0,420,0.408,1,COM7
2,152063,37,rpm,559,457,36.7,36.7,3915,497,0,420,0.408,1,COM7
2,152084,37,rpm,484,457,36.7,36.7,3915,497,0,421,0.408,1,COM7
2,152105,37,rpm,429,457,36.7,36.7,3915,497,0,421,0.408,1,COM7
2,152125,37,rpm,268,457,36.7,36.7,3915,497,0,421,0.408,1,COM7
2,152146,37,rpm,-251,457,36.7,36.7,3915,497,0,421,0.408,1,COM7
2,152167,37,rpm,-59,457,36.7,36.7,3915,497,0,421,0.409,1,COM7
2,152187,37,rpm,219,457,36.7,36.7,3915,497,0,421,0.409,1,COM7
2,152208,37,rpm,583,457,36.7,36.7,3915,497,0,421,0.409,1,COM7
2,152229,37,rpm,810,457,36.7,36.7,3915,497,0,422,0.409,1,COM7
2,152249,37,rpm,914,457,36.7,36.7,3915,497,0,422,0.409,1,COM7
2,152270,37,rpm,701,457,36.7,36.7,3915,497,0,422,0.409,1,COM7
2,152291,37,rpm,659,457,36.7,36.7,3915,497,0,422,0.409,1,COM7
2,152311,37,rpm,687,457,36.7,36.7,3915,497,0,422,0.41,1,COM7
2,152332,37,rpm,527,457,36.7,36.7,3915,497,0,422,0.41,1,COM7
2,152353,37,rpm,414,457,36.7,36.7,3915,497,0,423,0.41,1,COM7
2,152373,37,rpm,359,457,36.7,36.7,3915,497,0,423,0.41,1,COM7
2,152394,37,rpm,-11,457,36.7,36.7,3915,497,0,423,0.41,1,COM7
2,152415,37,rpm,-263,457,36.7,36.7,3915,497,0,423,0.41,1,COM7
2,152435,37,rpm,107,457,36.7,36.7,3915,497,0,423,0.411,1,COM7
2,152456,37,rpm,609,457,36.7,36.7,3915,497,0,423,0.411,1,COM7
2,152477,37,rpm,687,457,36.7,36.7,3915,497,0,424,0.411,1,COM7
2,152497,37,rpm,957,457,36.7,36.7,3915,497,0,424,0.411,1,COM7
2,152518,37,rpm,769,457,36.7,36.7,3915,497,0,424,0.411,1,COM7
2,152539,37,rpm,685,457,36.7,36.7,3915,497,0,424,0.411,1,COM7
2,152559,37,rpm,674,457,36.7,36.7,3915,497,0,424,0.411,1,COM7
2,152580,37,rpm,566,457,36.7,36.7,3915,497,0,424,0.412,1,COM7
2,152601,37,rpm,465,457,36.7,36.7,3915,497,0,424,0.412,1,COM7
2,152621,37,rpm,320,457,36.7,36.7,3915,497,0,425,0.412,1,COM7
2,152642,37,rpm,133,457,36.7,36.7,3915,497,0,425,0.412,1,COM7
2,152663,37,rpm,-334,457,36.7,36.7,3915,497,0,425,0.412,1,COM7
2,152683,37,rpm,79,457,36.7,36.7,3915,497,0,425,0.412,1,COM7
2,152704,37,rpm,530,457,36.7,36.7,3915,497,0,425,0.412,1,COM7
2,152725,37,rpm,698,457,36.7,36.7,3915,497,0,425,0.413,1,COM7
2,152745,37,rpm,782,457,36.7,36.7,3915,497,0,426,0.413,1,COM7
2,152766,37,rpm,859,457,36.7,36.7,3915,497,0,426,0.413,1,COM7
2,152787,37,rpm,730,457,36.7,36.7,3915,497,0,426,0.413,1,COM7
2,152807,37,rpm,623,457,36.7,36.7,3915,497,0,426,0.413,1,COM7
2,152828,37,rpm,543,457,36.7,36.7,3915,497,0,426,0.413,1,COM7
2,152849,37,rpm,584,457,36.7,36.7,3915,497,0,426,0.414,1,COM7
2,152869,37,rpm,363,457,36.7,36.7,3915,497,0,427,0.414,1,COM7
2,152890,37,rpm,261,457,36.7,36.7,3915,497,0,427,0.414,1,COM7
2,152911,37,rpm,-316,457,36.7,36.7,3915,497,0,427,0.414,1,COM7
2,152931,37,rpm,6,457,36.7,36.7,3915,497,0,427,0.414,1,COM7
2,152952,37,rpm,229,457,36.7,36.7,3915,497,0,427,0.414,1,COM7
2,152973,37,rpm,681,457,36.7,36.7,3915,497,0,427,0.414,1,COM7
2,152993,37,rpm,816,457,36.7,36.7,3915,497,0,427,0.415,1,COM7
2,153014,37,rpm,792,457,36.7,36.7,3915,497,0,428,0.415,1,COM7
2,153035,37,rpm,753,457,36.7,36.7,3915,497,0,428,0.415,1,COM7
2,153055,37,rpm,715,457,36.7,36.7,3915,497,0,428,0.415,1,COM7
2,153076,37,rpm,590,457,36.7,36.7,3915,497,0,428,0.415,1,COM7
2,153097,37,rpm,497,457,36.7,36.7,3915,497,0,428,0.415,1,COM7
2,153117,37,rpm,483,457,36.7,36.7,3915,497,0,428,0.416,1,COM7
2,153138,37,rpm,311,457,36.7,36.7,3915,497,0,429,0.416,1,COM7
2,153159,37,rpm,15,457,36.7,36.7,3915,497,0,429,0.416,1,COM7
2,153179,37,rpm,-266,457,36.7,36.7,3915,497,0,429,0.416,1,COM7
2,153200,37,rpm,107,457,36.7,36.7,3915,497,0,429,0.416,1,COM7
2,153221,37,rpm,502,457,36.7,36.7,3915,497,0,429,0.416,1,COM7
2,153241,37,rpm,750,457,36.7,36.7,3915,497,0,429,0.416,1,COM7
2,153262,37,rpm,877,457,36.7,36.7,3915,497,0,429,0.417,1,COM7
2,153283,37,rpm,772,457,36.7,36.7,3915,497,0,430,0.417,1,COM7
2,153303,37,rpm,707,457,36.7,36.7,3915,497,0,430,0.417,1,COM7
2,153324,37,rpm,678,457,36.7,36.7,3915,497,0,430,0.417,1,COM7
2,153345,37,rpm,523,457,36.7,36.7,3915,497,0,430,0.417,1,COM7
2,153365,37,rpm,485,457,36.7,36.7,3915,497,0,430,0.417,1,COM7
2,153386,37,rpm,424,457,36.7,36.7,3915,497,0,430,0.418,1,COM7
2,153407,37,rpm,239,457,36.7,36.7,3915,497,0,431,0.418,1,COM7
2,153427,37,rpm,-404,457,36.7,36.7,3915,497,0,431,0.418,1,COM7
2,153448,37,rpm,44,457,36.7,36.7,3915,497,0,431,0.418,1,COM7
2,153469,37,rpm,355,457,36.7,36.7,3915,497,0,431,0.418,1,COM7
2,153489,37,rpm,626,457,36.7,36.7,3915,497,0,431,0.418,1,COM7
2,153510,37,rpm,821,457,36.7,36.7,3915,497,0,431,0.418,1,COM7
2,153531,37,rpm,889,457,36.7,36.7,3915,497,0,432,0.419,1,COM7
2,153551,37,rpm,668,457,36.7,36.7,3915,497,0,432,0.419,1,COM7
2,153572,37,rpm,682,457,36.7,36.7,3915,497,0,432,0.419,1,COM7
2,153593,37,rpm,614,457,36.7,36.7,3915,497,0,432,0.419,1,COM7
2,153613,37,rpm,518,457,36.7,36.7,3915,497,0,432,0.419,1,COM7
2,153634,37,rpm,409,457,36.7,36.7,3915,497,0,432,0.419,1,COM7
2,153655,37,rpm,312,457,36.7,36.7,3915,497,0,432,0.42,1,COM7
2,153675,37,rpm,-51,457,36.7,36.7,3915,497,0,433,0.42,1,COM7
2,153696,37,rpm,-234,457,36.7,36.7,3915,497,0,433,0.42,1,COM7
2,153717,37,rpm,126,457,36.7,36.7,3915,497,0,433,0.42,1,COM7
2,153737,37,rpm,623,457,36.7,36.7,3915,497,0,433,0.42,1,COM7
2,153758,37,rpm,685,457,36.7,36.7,3915,497,0,433,0.42,1,COM7
2,153779,37,rpm,802,457,36.7,36.7,3915,497,0,433,0.42,1,COM7
2,153799,37,rpm,895,457,36.7,36.7,3915,497,0,434,0.421,1,COM7
2,153820,37,rpm,674,457,36.7,36.7,3915,497,0,434,0.421,1,COM7
2,153841,37,rpm,579,457,36.7,36.7,3915,497,0,434,0.421,1,COM7
2,153861,37,rpm,594,457,36.7,36.7,3915,497,0,434,0.421,1,COM7
2,153882,37,rpm,499,457,36.7,36.7,3915,497,0,434,0.421,1,COM7
2,153903,37,rpm,309,457,36.7,36.7,3915,497,0,434,0.421,1,COM7
2,153923,37,rpm,196,457,36.7,36.7,3915,497,0,435,0.421,1,COM7
2,153944,37,rpm,-389,457,36.7,36.7,3915,497,0,435,0.422,1,COM7
2,153965,37,rpm,73,457,36.7,36.7,3915,497,0,435,0.422,1,COM7
2,153985,37,rpm,482,457,36.7,36.7,3915,497,0,435,0.422,1,COM7
2,154006,37,rpm,783,457,36.7,36.7,3915,497,0,435,0.422,1,COM7
2,154027,37,rpm,834,457,36.7,36.7,3915,497,0,435,0.422,1,COM7
2,154047,37,rpm,767,457,36.7,36.7,3915,497,0,435,0.422,1,COM7
2,154068,37,rpm,812,457,36.7,36.7,3915,497,0,436,0.423,1,COM7
2,154089,37,rpm,642,457,36.7,36.7,3915,497,0,436,0.423,1,COM7
2,154109,37,rpm,510,457,36.7,36.7,3915,497,0,436,0.423,1,COM7
2,154130,37,rpm,546,457,36.7,36.7,3915,497,0,436,0.423,1,COM7
2,154151,37,rpm,358,457,36.7,36.7,3915,497,0,436,0.423,1,COM7
2,154171,37,rpm,214,457,36.7,36.7,3915,497,0,436,0.423,1,COM7
2,154192,37,rpm,-364,457,36.7,36.7,3915,497,0,437,0.423,1,COM7
2,154212,37,rpm,57,457,36.7,36.7,3915,497,0,437,0.424,1,COM7
2,154233,37,rpm,347,457,36.7,36.7,3915,497,0,437,0.424,1,COM7
2,154254,37,rpm,719,457,36.7,36.7,3915,497,0,437,0.424,1,COM7
2,154274,37,rpm,872,457,36.7,36.7,3915,497,0,437,0.424,1,COM7
2,154295,37,rpm,710,457,36.7,36.7,3915,497,0,437,0.424,1,COM7
2,154316,37,rpm,760,457,36.7,36.7,3915,497,0,438,0.424,1,COM7
2,154336,37,rpm,706,457,36.7,36.7,3915,497,0,438,0.425,1,COM7
2,154357,37,rpm,547,457,36.7,36.7,3915,497,0,438,0.425,1,COM7
2,154378,37,rpm,490,457,36.7,36.7,3915,497,0,438,0.425,1,COM7
2,154398,37,rpm,450,457,36.7,36.7,3915,497,0,438,0.425,1,COM7
2,154419,37,rpm,283,457,36.7,36.7,3915,497,0,438,0.425,1,COM7
2,154440,37,rpm,-202,457,36.7,36.7,3915,497,0,438,0.425,1,COM7
2,154460,37,rpm,-92,457,36.7,36.7,3915,497,0,439,0.425,1,COM7
2,154481,37,rpm,196,457,36.7,36.7,3915,497,0,439,0.426,1,COM7
2,154501,37,rpm,614,457,36.7,36.7,3915,497,0,439,0.426,1,COM7
2,154522,37,rpm,764,457,36.7,36.7,3915,497,0,439,0.426,1,COM7
2,154543,37,rpm,859,457,36.7,36.7,3915,497,0,439,0.426,1,COM7
2,154563,37,rpm,772,457,36.7,36.7,3915,497,0,439,0.426,1,COM7
2,154584,37,rpm,686,457,36.7,36.7,3915,497,0,440,0.426,1,COM7
2,154605,37,rpm,673,457,36.7,36.7,3915,497,0,440,0.427,1,COM7
2,154625,37,rpm,515,457,36.7,36.7,3915,497,0,440,0.427,1,COM7
2,154646,37,rpm,464,457,36.7,36.7,3915,497,0,440,0.427,1,COM7
2,154667,37,rpm,356,457,36.7,36.7,3915,497,0,440,0.427,1,COM7
2,154687,37,rpm,201,457,36.7,36.7,3915,497,0,440,0.427,1,COM7
2,154708,37,rpm,-379,457,36.7,36.7,3915,497,0,441,0.427,1,COM7
2,154729,37,rpm,60,457,36.7,36.7,3915,497,0,441,0.427,1,COM7
2,154749,37,rpm,438,457,36.7,36.7,3915,497,0,441,0.428,1,COM7
2,154770,37,rpm,654,457,36.7,36.7,3915,497,0,441,0.428,1,COM7
2,154790,37,rpm,832,457,36.7,36.7,3915,497,0,441,0.428,1,COM7
2,154811,37,rpm,873,457,36.7,36.7,3915,497,0,441,0.428,1,COM7
2,154832,37,rpm,691,457,36.7,36.7,3915,497,0,441,0.428,1,COM7
2,154852,37,rpm,632,457,36.7,36.7,3915,497,0,442,0.428,1,COM7
2,154873,37,rpm,614,457,36.7,36.7,3915,497,0,442,0.429,1,COM7
2,154894,37,rpm,517,457,36.7,36.7,3915,497,0,442,0.429,1,COM7
2,154914,37,rpm,381,457,36.7,36.7,3915,497,0,442,0.429,1,COM7
2,154935,37,rpm,309,457,36.7,36.7,3915,497,0,442,0.429,1,COM7
2,154956,37,rpm,-231,457,36.7,36.7,3915,497,0,442,0.429,1,COM7
2,154976,37,rpm,-94,457,36.7,36.7,3915,497,0,443,0.429,1,COM7
2,154997,37,rpm,198,457,36.7,36.7,3915,497,0,443,0.429,1,COM7
2,155018,37,rpm,696,457,36.7,36.7,3915,497,0,443,0.43,1,COM7
2,155038,37,rpm,700,457,36.7,36.7,3915,497,0,443,0.43,1,COM7
2,155059,37,rpm,806,457,36.7,36.7,3915,497,0,443,0.43,1,COM7
2,155080,37,rpm,860,457,36.7,36.7,3915,497,0,443,0.43,1,COM7
2,155100,37,rpm,635,457,36.7,36.7,3915,497,0,443,0.43,1,COM7
2,155121,37,rpm,567,457,36.7,36.7,3915,497,0,444,0.43,1,COM7
2,155142,37,rpm,606,457,36.7,36.7,3915,497,0,444,0.43,1,COM7
2,155162,37,rpm,462,457,36.7,36.7,3915,497,0,444,0.431,1,COM7
2,155183,37,rpm,287,457,36.7,36.7,3915,497,0,444,0.431,1,COM7
2,155204,37,rpm,162,457,36.7,36.7,3915,497,0,444,0.431,1,COM7
2,155224,37,rpm,-359,457,36.7,36.7,3915,497,0,444,0.431,1,COM7
2,155245,37,rpm,74,457,36.7,36.7,3915,497,0,445,0.431,1,COM7
2,155266,37,rpm,500,457,36.7,36.7,3915,497,0,445,0.431,1,COM7
2,155286,37,rpm,754,457,36.7,36.7,3915,497,0,445,0.432,1,COM7
2,155307,37,rpm,721,457,36.7,36.7,3915,497,0,445,0.432,1,COM7
2,155328,37,rpm,885,457,36.7,36.7,3915,497,0,445,0.432,1,COM7
2,155348,37,rpm,768,457,36.7,36.7,3915,497,0,445,0.432,1,COM7
2,155369,37,rpm,560,457,36.7,36.7,3915,497,0,446,0.432,1,COM7
2,155389,37,rpm,560,457,36.7,36.7,3915,497,0,446,0.432,1,COM7
2,155410,37,rpm,567,457,36.7,36.7,3915,497,0,446,0.432,1,COM7
2,155431,37,rpm,360,457,36.7,36.7,3915,497,0,446,0.433,1,COM7
2,155452,37,rpm,264,457,36.7,36.7,3915,497,0,446,0.433,1,COM7
2,155472,37,rpm,-378,457,36.7,36.7,3915,497,0,446,0.433,1,COM7
2,155493,37,rpm,38,457,36.7,36.7,3915,497,0,446,0.433,1,COM7
2,155514,37,rpm,303,457,36.7,36.7,3915,497,0,447,0.433,1,COM7
2,155534,37,rpm,732,457,36.7,36.7,3915,497,0,447,0.433,1,COM7
2,155555,37,rpm,918,457,36.7,36.7,3915,497,0,447,0.434,1,COM7
2,155576,37,rpm,772,457,36.7,36.7,3915,497,0,447,0.434,1,COM7
2,155596,37,rpm,755,457,36.7,36.7,3915,497,0,447,0.434,1,COM7
2,155617,37,rpm,690,457,36.7,36.7,3915,497,0,447,0.434,1,COM7
2,155638,37,rpm,595,457,36.7,36.7,3915,497,0,448,0.434,1,COM7
2,155658,37,rpm,493,457,36.7,36.7,3915,497,0,448,0.434,1,COM7
2,155679,37,rpm,409,457,36.7,36.7,3915,497,0,448,0.434,1,COM7
2,155700,37,rpm,269,457,36.7,36.7,3915,497,0,448,0.435,1,COM7
2,155720,37,rpm,-320,457,36.7,36.7,3915,497,0,448,0.435,1,COM7
2,155741,37,rpm,-8,457,36.7,36.7,3915,497,0,448,0.435,1,COM7
2,155762,37,rpm,253,457,36.7,36.7,3915,497,0,449,0.435,1,COM7
2,155782,37,rpm,632,457,36.7,36.7,3915,497,0,449,0.435,1,COM7
2,155803,37,rpm,776,457,36.7,36.7,3915,497,0,449,0.435,1,COM7
2,155824,37,rpm,906,457,36.7,36.7,3915,497,0,449,0.436,1,COM7
2,155844,37,rpm,745,457,36.7,36.7,3915,497,0,449,0.436,1,COM7
2,155865,37,rpm,633,457,36.7,36.7,3915,497,0,449,0.436,1,COM7
2,155886,37,rpm,639,457,36.7,36.7,3915,497,0,449,0.436,1,COM7
2,155906,37,rpm,563,457,36.7,36.7,3915,497,0,450,0.436,1,COM7
2,155927,37,rpm,408,457,36.7,36.7,3915,497,0,450,0.436,1,COM7
2,155948,37,rpm,336,457,36.7,36.7,3915,497,0,450,0.436,1,COM7
2,155968,37,rpm,-6,457,36.7,36.7,3915,497,0,450,0.437,1,COM7
2,155989,37,rpm,-251,457,36.7,36.7,3915,497,0,450,0.437,1,COM7
2,156010,37,rpm,105,457,36.7,36.7,3915,497,0,450,0.437,1,COM7
2,156030,37,rpm,609,457,36.7,36.7,3915,497,0,451,0.437,1,COM7
2,156051,37,rpm,677,457,36.7,36.7,3915,497,0,451,0.437,1,COM7
2,156072,37,rpm,786,457,36.7,36.7,3915,497,0,451,0.437,1,COM7
2,156092,37,rpm,903,457,36.7,36.7,3915,497,0,451,0.438,1,COM7
2,156113,37,rpm,678,457,36.7,36.7,3915,497,0,451,0.438,1,COM7
2,156134,37,rpm,555,457,36.7,36.7,3915,497,0,451,0.438,1,COM7
2,156154,37,rpm,649,457,36.7,36.7,3915,497,0,452,0.438,1,COM7
2,156175,37,rpm,504,457,36.7,36.7,3915,497,0,452,0.438,1,COM7
2,156196,37,rpm,321,457,36.7,36.7,3915,497,0,452,0.438,1,COM7
2,156216,37,rpm,291,457,36.7,36.7,3915,497,0,452,0.438,1,COM7
2,156237,37,rpm,-384,457,36.7,36.7,3915,497,0,452,0.439,1,COM7
2,156258,37,rpm,27,457,36.7,36.7,3915,497,0,452,0.439,1,COM7
2,156278,37,rpm,305,457,36.7,36.7,3915,497,0,452,0.439,1,COM7
2,156299,37,rpm,712,457,36.7,36.7,3915,497,0,453,0.439,1,COM7
2,156319,37,rpm,720,457,36.7,36.7,3915,497,0,453,0.439,1,COM7
2,156340,37,rpm,869,457,36.7,36.7,3915,497,0,453,0.439,1,COM7
2,156361,37,rpm,818,457,36.7,36.7,3915,497,0,453,0.439,1,COM7
2,156381,37,rpm,579,457,36.7,36.7,3915,497,0,453,0.44,1,COM7
2,156402,37,rpm,592,457,36.7,36.7,3915,497,0,453,0.44,1,COM7
2,156423,37,rpm,593,457,36.7,36.7,3915,497,0,454,0.44,1,COM7
2,156444,37,rpm,408,457,36.7,36.7,3915,497,0,454,0.44,1,COM7
2,156464,37,rpm,302,457,36.7,36.7,3915,497,0,454,0.44,1,COM7
2,156485,37,rpm,-51,457,36.7,36.7,3915,497,0,454,0.44,1,COM7
2,156505,37,rpm,-240,457,36.7,36.7,3915,497,0,454,0.441,1,COM7
2,156526,37,rpm,107,457,36.7,36.7,3915,497,0,454,0.441,1,COM7
2,156547,37,rpm,643,457,36.7,36.7,3915,497,0,455,0.441,1,COM7
2,156567,37,rpm,736,457,36.7,36.7,3915,497,0,455,0.441,1,COM7
2,156588,37,rpm,770,457,36.7,36.7,3915,497,0,455,0.441,1,COM7
2,156609,37,rpm,823,457,36.7,36.7,3915,497,0,455,0.441,1,COM7
2,156629,37,rpm,690,457,36.7,36.7,3915,497,0,455,0.441,1,COM7
2,156650,37,rpm,641,457,36.7,36.7,3915,497,0,455,0.442,1,COM7
2,156671,37,rpm,544,457,36.7,36.7,3915,497,0,455,0.442,1,COM7
2,156691,37,rpm,517,457,36.7,36.7,3915,497,0,456,0.442,1,COM7
2,156712,37,rpm,346,457,36.7,36.7,3915,497,0,456,0.442,1,COM7
2,156733,37,rpm,240,457,36.7,36.7,3915,497,0,456,0.442,1,COM7
2,156753,37,rpm,-402,457,36.7,36.7,3915,497,0,456,0.442,1,COM7
2,156774,37,rpm,54,457,36.7,36.7,3915,497,0,456,0.443,1,COM7
2,156795,37,rpm,348,457,36.7,36.7,3915,497,0,456,0.443,1,COM7
2,156815,37,rpm,656,457,36.7,36.7,3915,497,0,457,0.443,1,COM7
2,156836,37,rpm,871,457,36.7,36.7,3915,497,0,457,0.443,1,COM7
2,156857,37,rpm,864,457,36.7,36.7,3915,497,0,457,0.443,1,COM7
2,156877,37,rpm,679,457,36.7,36.7,3915,497,0,457,0.443,1,COM7
2,156898,37,rpm,682,457,36.7,36.7,3915,497,0,457,0.443,1,COM7
2,156919,37,rpm,614,457,36.7,36.7,3915,497,0,457,0.444,1,COM7
2,156939,37,rpm,496,457,36.7,36.7,3915,497,0,457,0.444,1,COM7
2,156960,37,rpm,409,457,36.7,36.7,3915,497,0,458,0.444,1,COM7
2,156981,37,rpm,308,457,36.7,36.7,3915,497,0,458,0.444,1,COM7
2,157001,37,rpm,-244,457,36.7,36.7,3915,497,0,458,0.444,1,COM7
2,157022,37,rpm,-89,457,36.7,36.7,3915,497,0,458,0.444,1,COM7
2,157042,37,rpm,206,457,36.7,36.7,3915,497,0,458,0.445,1,COM7
2,157063,37,rpm,650,457,36.7,36.7,3915,497,0,458,0.445,1,COM7
2,157084,37,rpm,766,457,36.7,36.7,3915,497,0,459,0.445,1,COM7
2,157104,37,rpm,978,457,36.7,36.7,3915,497,0,459,0.445,1,COM7
2,157125,37,rpm,769,457,36.7,36.7,3915,497,0,459,0.445,1,COM7
2,157146,37,rpm,596,457,36.7,36.7,3915,497,0,459,0.445,1,COM7
2,157166,37,rpm,707,457,36.7,36.7,3915,497,0,459,0.445,1,COM7
2,157187,37,rpm,550,457,36.7,36.7,3915,497,0,459,0.446,1,COM7
2,157208,37,rpm,359,457,36.7,36.7,3915,497,0,460,0.446,1,COM7
2,157228,37,rpm,332,457,36.7,36.7,3915,497,0,460,0.446,1,COM7
2,157249,37,rpm,-87,457,36.7,36.7,3915,497,0,460,0.446,1,COM7
2,157270,37,rpm,-199,457,36.7,36.7,3915,497,0,460,0.446,1,COM7
2,157290,37,rpm,143,457,36.7,36.7,3915,497,0,460,0.446,1,COM7
2,157311,37,rpm,668,457,36.7,36.7,3915,497,0,460,0.447,1,COM7
2,157332,37,rpm,637,457,36.7,36.7,3915,497,0,460,0.447,1,COM7
2,157352,37,rpm,861,457,36.7,36.7,3915,497,0,461,0.447,1,COM7
2,157373,37,rpm,871,457,36.7,36.7,3915,497,0,461,0.447,1,COM7
2,157394,37,rpm,612,457,36.7,36.7,3915,497,0,461,0.447,1,COM7
2,157414,37,rpm,593,457,36.7,36.7,3915,497,0,461,0.447,1,COM7
2,157435,37,rpm,620,457,36.7,36.7,3915,497,0,461,0.447,1,COM7
2,157456,37,rpm,455,457,36.7,36.7,3915,497,0,461,0.448,1,COM7
2,157476,37,rpm,328,457,36.7,36.7,3915,497,0,462,0.448,1,COM7
2,157497,37,rpm,212,457,36.7,36.7,3915,497,0,462,0.448,1,COM7
2,157518,37,rpm,-384,457,36.7,36.7,3915,497,0,462,0.448,1,COM7
2,157538,37,rpm,53,457,36.7,36.7,3915,497,0,462,0.448,1,COM7
2,157559,37,rpm,443,457,36.7,36.7,3915,497,0,462,0.448,1,COM7
2,157580,37,rpm,712,457,36.7,36.7,3915,497,0,462,0.448,1,COM7
2,157600,37,rpm,755,457,36.7,36.7,3915,497,0,463,0.449,1,COM7
2,157621,37,rpm,842,457,36.7,36.7,3915,497,0,463,0.449,1,COM7
2,157642,37,rpm,795,457,36.7,36.7,3915,497,0,463,0.449,1,COM7
2,157662,37,rpm,598,457,36.7,36.7,3915,497,0,463,0.449,1,COM7
2,157683,37,rpm,565,457,36.7,36.7,3915,497,0,463,0.449,1,COM7
2,157704,37,rpm,548,457,36.7,36.7,3915,497,0,463,0.449,1,COM7
2,157724,37,rpm,391,457,36.7,36.7,3915,497,0,463,0.45,1,COM7
2,157745,37,rpm,277,457,36.7,36.7,3915,497,0,464,0.45,1,COM7
2,157766,37,rpm,-174,457,36.7,36.7,3915,497,0,464,0.45,1,COM7
2,157786,37,rpm,-108,457,36.7,36.7,3915,497,0,464,0.45,1,COM7
2,157807,37,rpm,158,457,36.7,36.7,3915,497,0,464,0.45,1,COM7
2,157828,37,rpm,645,457,36.7,36.7,3915,497,0,464,0.45,1,COM7
2,157848,37,rpm,769,457,36.7,36.7,3915,497,0,464,0.45,1,COM7
2,157869,37,rpm,834,457,36.7,36.7,3915,497,0,465,0.451,1,COM7
2,157890,37,rpm,766,457,36.7,36.7,3915,497,0,465,0.451,1,COM7
2,157910,37,rpm,694,457,36.7,36.7,3915,497,0,465,0.451,1,COM7
2,157931,37,rpm,635,457,36.7,36.7,3915,497,0,465,0.451,1,COM7
2,157952,37,rpm,511,457,36.7,36.7,3915,497,0,465,0.451,1,COM7
2,157972,37,rpm,482,457,36.7,36.7,3915,497,0,465,0.451,1,COM7
2,157993,37,rpm,352,457,36.7,36.7,3915,497,0,466,0.452,1,COM7
2,158014,37,rpm,164,457,36.7,36.7,3915,497,0,466,0.452,1,COM7
2,158034,37,rpm,-400,457,36.7,36.7,3915,497,0,466,0.452,1,COM7
2,158055,37,rpm,82,457,36.7,36.7,3915,497,0,466,0.452,1,COM7
2,158075,37,rpm,454,457,36.7,36.7,3915,497,0,466,0.452,1,COM7
2,158096,37,rpm,667,457,36.7,36.7,3915,497,0,466,0.452,1,COM7
2,158117,37,rpm,873,457,36.7,36.7,3915,497,0,466,0.452,1,COM7
2,158137,37,rpm,821,457,36.7,36.7,3915,497,0,467,0.453,1,COM7
2,158158,37,rpm,628,457,36.7,36.7,3915,497,0,467,0.453,1,COM7
2,158179,37,rpm,710,457,36.7,36.7,3915,497,0,467,0.453,1,COM7
2,158199,37,rpm,600,457,36.7,36.7,3915,497,0,467,0.453,1,COM7
2,158220,37,rpm,453,457,36.7,36.7,3915,497,0,467,0.453,1,COM7
2,158241,37,rpm,423,457,36.7,36.7,3915,497,0,467,0.453,1,COM7
2,158261,37,rpm,277,457,36.7,36.7,3915,497,0,468,0.454,1,COM7
2,158282,37,rpm,-324,457,36.7,36.7,3915,497,0,468,0.454,1,COM7
2,158303,37,rpm,-21,457,36.7,36.7,3915,497,0,468,0.454,1,COM7
2,158323,37,rpm,264,457,36.7,36.7,3915,497,0,468,0.454,1,COM7
2,158344,37,rpm,596,457,36.7,36.7,3915,497,0,468,0.454,1,COM7
2,158365,37,rpm,758,457,36.7,36.7,3915,497,0,468,0.454,1,COM7
2,158385,37,rpm,964,457,36.7,36.7,3915,497,0,468,0.454,1,COM7
2,158406,37,rpm,689,457,36.7,36.7,3915,497,0,469,0.455,1,COM7
2,158427,37,rpm,626,457,36.7,36.7,3915,497,0,469,0.455,1,COM7
2,158447,37,rpm,660,457,36.7,36.7,3915,497,0,469,0.455,1,COM7
2,158468,37,rpm,556,457,36.7,36.7,3915,497,0,469,0.455,1,COM7
2,158489,37,rpm,401,457,36.7,36.7,3915,497,0,469,0.455,1,COM7
2,158509,37,rpm,327,457,36.7,36.7,3915,497,0,469,0.455,1,COM7
2,158530,37,rpm,-31,457,36.7,36.7,3915,497,0,470,0.456,1,COM7
2,158550,37,rpm,-247,457,36.7,36.7,3915,497,0,470,0.456,1,COM7
2,158571,37,rpm,122,457,36.7,36.7,3915,497,0,470,0.456,1,COM7
2,158592,37,rpm,650,457,36.7,36.7,3915,497,0,470,0.456,1,COM7
2,158612,37,rpm,714,457,36.7,36.7,3915,497,0,470,0.456,1,COM7
2,158633,37,rpm,888,457,36.7,36.7,3915,497,0,470,0.456,1,COM7
2,158654,37,rpm,867,457,36.7,36.7,3915,497,0,471,0.456,1,COM7
2,158674,37,rpm,669,457,36.7,36.7,3915,497,0,471,0.457,1,COM7
2,158695,37,rpm,612,457,36.7,36.7,3915,497,0,471,0.457,1,COM7
2,158716,37,rpm,595,457,36.7,36.7,3915,497,0,471,0.457,1,COM7
2,158736,37,rpm,455,457,36.7,36.7,3915,497,0,471,0.457,1,COM7
2,158757,37,rpm,310,457,36.7,36.7,3915,497,0,471,0.457,1,COM7
2,158777,37,rpm,99,457,36.7,36.7,3915,497,0,471,0.457,1,COM7
2,158798,37,rpm,-307,457,36.7,36.7,3915,497,0,472,0.457,1,COM7
2,158819,37,rpm,83,457,36.7,36.7,3915,497,0,472,0.458,1,COM7
2,158839,37,rpm,542,457,36.7,36.7,3915,497,0,472,0.458,1,COM7
2,158860,37,rpm,723,457,36.7,36.7,3915,497,0,472,0.458,1,COM7
2,158881,37,rpm,790,457,36.7,36.7,3915,497,0,472,0.458,1,COM7
2,158901,37,rpm,822,457,36.7,36.7,3915,497,0,472,0.458,1,COM7
2,158922,37,rpm,731,457,36.7,36.7,3915,497,0,473,0.458,1,COM7
2,158943,37,rpm,631,457,36.7,36.7,3915,497,0,473,0.459,1,COM7
2,158963,37,rpm,550,457,36.7,36.7,3915,497,0,473,0.459,1,COM7
2,158984,37,rpm,536,457,36.7,36.7,3915,497,0,473,0.459,1,COM7
2,159004,37,rpm,381,457,36.7,36.7,3915,497,0,473,0.459,1,COM7
2,159025,37,rpm,246,457,36.7,36.7,3915,497,0,473,0.459,1,COM7
2,159046,37,rpm,-320,457,36.7,36.7,3915,497,0,474,0.459,1,COM7
2,159066,37,rpm,0,457,36.7,36.7,3915,497,0,474,0.459,1,COM7
2,159087,37,rpm,243,457,36.7,36.7,3915,497,0,474,0.46,1,COM7
2,159108,37,rpm,674,457,36.7,36.7,3915,497,0,474,0.46,1,COM7
2,159128,37,rpm,827,457,36.7,36.7,3915,497,0,474,0.46,1,COM7
2,159149,37,rpm,792,457,36.7,36.7,3915,497,0,474,0.46,1,COM7
2,159169,37,rpm,711,457,36.7,36.7,3915,497,0,474,0.46,1,COM7
2,159190,37,rpm,697,457,36.7,36.7,3915,497,0,475,0.46,1,COM7
2,159211,37,rpm,616,457,36.7,36.7,3915,497,0,475,0.461,1,COM7
2,159231,37,rpm,494,457,36.7,36.7,3915,497,0,475,0.461,1,COM7
2,159252,37,rpm,488,457,36.7,36.7,3915,497,0,475,0.461,1,COM7
2,159273,37,rpm,315,457,36.7,36.7,3915,497,0,475,0.461,1,COM7
2,159293,37,rpm,32,457,36.7,36.7,3915,497,0,475,0.461,1,COM7
2,159314,37,rpm,-306,457,36.7,36.7,3915,497,0,476,0.461,1,COM7
2,159335,37,rpm,106,457,36.7,36.7,3915,497,0,476,0.461,1,COM7
2,159355,37,rpm,495,456,36.7,36.7,3915,497,0,476,0.462,1,COM7
2,159376,37,rpm,728,456,36.7,36.7,3915,497,0,476,0.462,1,COM7
2,159397,37,rpm,903,456,36.7,36.7,3915,497,0,476,0.462,1,COM7
2,159417,37,rpm,699,456,36.7,36.7,3915,497,0,476,0.462,1,COM7
2,159438,37,rpm,765,456,36.7,36.7,3915,497,0,477,0.462,1,COM7
2,159459,37,rpm,696,456,36.7,36.7,3915,497,0,477,0.462,1,COM7
2,159479,37,rpm,510,456,36.7,36.7,3915,497,0,477,0.463,1,COM7
2,159500,37,rpm,498,456,36.7,36.7,3915,497,0,477,0.463,1,COM7
2,159520,37,rpm,403,456,36.7,36.7,3915,497,0,477,0.463,1,COM7
2,159541,37,rpm,251,456,36.7,36.7,3915,497,0,477,0.463,1,COM7
2,159562,37,rpm,-409,456,36.7,36.7,3915,497,0,477,0.463,1,COM7
2,159582,37,rpm,41,456,36.7,36.7,3915,497,0,478,0.463,1,COM7
2,159603,37,rpm,323,456,36.7,36.7,3915,497,0,478,0.463,1,COM7
2,159624,37,rpm,636,456,36.7,36.7,3915,497,0,478,0.464,1,COM7
2,159644,37,rpm,859,456,36.7,36.7,3915,497,0,478,0.464,1,COM7
2,159665,37,rpm,875,456,36.7,36.7,3915,497,0,478,0.464,1,COM7
2,159686,37,rpm,668,456,36.7,36.7,3915,497,0,478,0.464,1,COM7
2,159706,37,rpm,689,456,36.7,36.7,3915,497,0,479,0.464,1,COM7
2,159727,37,rpm,628,456,36.7,36.7,3915,497,0,479,0.464,1,COM7
2,159747,37,rpm,492,456,36.7,36.7,3915,497,0,479,0.464,1,COM7
2,159768,37,rpm,429,456,36.7,36.7,3915,497,0,479,0.465,1,COM7
2,159789,37,rpm,312,456,36.7,36.7,3915,497,0,479,0.465,1,COM7
2,159809,37,rpm,-31,456,36.7,36.7,3915,497,0,479,0.465,1,COM7
2,159830,37,rpm,-246,456,36.7,36.7,3915,497,0,479,0.465,1,COM7
2,159851,37,rpm,127,456,36.7,36.7,3915,497,0,480,0.465,1,COM7
2,159871,37,rpm,580,456,36.7,36.7,3915,497,0,480,0.465,1,COM7
2,159892,37,rpm,699,456,36.7,36.7,3915,497,0,480,0.466,1,COM7
2,159913,37,rpm,890,456,36.7,36.7,3915,497,0,480,0.466,1,COM7
2,159933,37,rpm,842,456,36.7,36.7,3915,497,0,480,0.466,1,COM7
2,159954,37,rpm,670,456,36.7,36.7,3915,497,0,480,0.466,1,COM7
2,159975,37,rpm,589,456,36.7,36.7,3915,497,0,481,0.466,1,COM7
2,159995,37,rpm,595,456,36.7,36.7,3915,497,0,481,0.466,1,COM7
2,160016,37,rpm,485,456,36.7,36.7,3915,497,0,481,0.466,1,COM7
2,160037,37,rpm,321,456,36.7,36.7,3915,497,0,481,0.467,1,COM7
2,160057,37,rpm,217,456,36.7,36.7,3915,497,0,481,0.467,1,COM7
2,160078,37,rpm,-390,456,36.7,36.7,3915,497,0,481,0.467,1,COM7
2,160099,37,rpm,66,456,36.7,36.7,3915,497,0,482,0.467,1,COM7
2,160119,37,rpm,466,456,36.7,36.7,3915,497,0,482,0.467,1,COM7
2,160140,37,rpm,762,456,36.7,36.7,3915,497,0,482,0.467,1,COM7
2,160161,37,rpm,816,456,36.7,36.7,3915,497,0,482,0.468,1,COM7
2,160181,37,rpm,818,456,36.7,36.7,3915,497,0,482,0.468,1,COM7
2,160202,37,rpm,785,456,36.7,36.7,3915,497,0,482,0.468,1,COM7
2,160222,37,rpm,624,456,36.7,36.7,3915,497,0,482,0.468,1,COM7
2,160243,37,rpm,552,456,36.7,36.7,3915,497,0,483,0.468,1,COM7
2,160264,37,rpm,547,456,36.7,36.7,3915,497,0,483,0.468,1,COM7
2,160284,37,rpm,350,456,36.7,36.7,3915,497,0,483,0.468,1,COM7
2,160305,37,rpm,229,456,36.7,36.7,3915,497,0,483,0.469,1,COM7
2,160326,37,rpm,-370,456,36.7,36.7,3915,497,0,483,0.469,1,COM7
2,160346,37,rpm,47,456,36.7,36.7,3915,497,0,483,0.469,1,COM7
2,160367,37,rpm,319,456,36.7,36.7,3915,497,0,484,0.469,1,COM7
2,160388,37,rpm,741,456,36.7,36.7,3915,497,0,484,0.469,1,COM7
2,160408,37,rpm,890,456,36.7,36.7,3915,497,0,484,0.469,1,COM7
2,160429,37,rpm,693,456,36.7,36.7,3915,497,0,484,0.47,1,COM7
2,160450,37,rpm,768,456,36.7,36.7,3915,497,0,484,0.47,1,COM7
2,160470,37,rpm,702,456,36.7,36.7,3915,497,0,484,0.47,1,COM7
2,160491,37,rpm,521,456,36.7,36.7,3915,497,0,485,0.47,1,COM7
2,160512,37,rpm,551,456,36.7,36.7,3915,497,0,485,0.47,1,COM7
2,160532,37,rpm,448,456,36.7,36.7,3915,497,0,485,0.47,1,COM7
2,160553,37,rpm,276,456,36.7,36.7,3915,497,0,485,0.47,1,COM7
2,160574,37,rpm,-188,456,36.7,36.7,3915,497,0,485,0.471,1,COM7
2,160594,37,rpm,-115,456,36.7,36.7,3915,497,0,485,0.471,1,COM7
2,160615,37,rpm,177,456,36.7,36.7,3915,497,0,485,0.471,1,COM7
2,160636,37,rpm,605,456,36.7,36.7,3915,497,0,486,0.471,1,COM7
2,160656,37,rpm,777,456,36.7,36.7,3915,497,0,486,0.471,1,COM7
2,160677,37,rpm,873,456,36.7,36.7,3915,497,0,486,0.471,1,COM7
2,160698,37,rpm,712,456,36.7,36.7,3915,497,0,486,0.472,1,COM7
2,160718,37,rpm,704,456,36.7,36.7,3915,497,0,486,0.472,1,COM7
2,160739,37,rpm,644,456,36.7,36.7,3915,497,0,486,0.472,1,COM7
2,160760,37,rpm,521,456,36.7,36.7,3915,497,0,487,0.472,1,COM7
2,160780,37,rpm,470,456,36.7,36.7,3915,497,0,487,0.472,1,COM7
2,160801,37,rpm,334,456,36.7,36.7,3915,497,0,487,0.472,1,COM7
2,160822,37,rpm,221,456,36.7,36.7,3915,497,0,487,0.472,1,COM7
2,160842,37,rpm,-392,456,36.7,36.7,3915,497,0,487,0.473,1,COM7
2,160863,37,rpm,59,456,36.7,36.7,3915,497,0,487,0.473,1,COM7
2,160884,37,rpm,432,456,36.7,36.7,3915,497,0,488,0.473,1,COM7
2,160904,37,rpm,654,456,36.7,36.7,3915,497,0,488,0.473,1,COM7
2,160925,37,rpm,820,456,36.7,36.7,3915,497,0,488,0.473,1,COM7
2,160946,37,rpm,881,456,36.7,36.7,3915,497,0,488,0.473,1,COM7
2,160966,37,rpm,690,456,36.7,36.7,3915,497,0,488,0.473,1,COM7
2,160987,37,rpm,638,456,36.7,36.7,3915,497,0,488,0.474,1,COM7
2,161008,37,rpm,613,456,36.7,36.7,3915,497,0,488,0.474,1,COM7
2,161028,37,rpm,519,456,36.7,36.7,3915,497,0,489,0.474,1,COM7
2,161049,37,rpm,364,456,36.7,36.7,3915,497,0,489,0.474,1,COM7
2,161070,37,rpm,334,456,36.7,36.7,3915,497,0,489,0.474,1,COM7
2,161090,37,rpm,-223,456,36.7,36.7,3915,497,0,489,0.474,1,COM7
2,161111,37,rpm,-95,456,36.7,36.7,3915,497,0,489,0.475,1,COM7
2,161132,37,rpm,194,456,36.7,36.7,3915,497,0,489,0.475,1,COM7
2,161152,37,rpm,690,456,36.7,36.7,3915,497,0,490,0.475,1,COM7
2,161173,37,rpm,682,456,36.7,36.7,3915,497,0,490,0.475,1,COM7
2,161194,37,rpm,839,456,36.7,36.7,3915,497,0,490,0.475,1,COM7
2,161214,37,rpm,854,456,36.7,36.7,3915,497,0,490,0.475,1,COM7
2,161235,37,rpm,639,456,36.7,36.7,3915,497,0,490,0.475,1,COM7
2,161256,37,rpm,566,456,36.7,36.7,3915,497,0,490,0.476,1,COM7
2,161276,37,rpm,598,456,36.7,36.7,3915,497,0,490,0.476,1,COM7
2,161297,37,rpm,488,456,36.7,36.7,3915,497,0,491,0.476,1,COM7
2,161318,37,rpm,302,456,36.7,36.7,3915,497,0,491,0.476,1,COM7
2,161338,37,rpm,139,456,36.7,36.7,3915,497,0,491,0.476,1,COM7
2,161359,37,rpm,-359,456,36.7,36.7,3915,497,0,491,0.476,1,COM7
2,161380,37,rpm,81,456,36.7,36.7,3915,497,0,491,0.477,1,COM7
2,161400,37,rpm,509,456,36.7,36.7,3915,497,0,491,0.477,1,COM7
2,161421,37,rpm,745,456,36.7,36.7,3915,497,0,492,0.477,1,COM7
2,161442,37,rpm,719,456,36.7,36.7,3915,497,0,492,0.477,1,COM7
2,161462,37,rpm,869,456,36.7,36.7,3915,497,0,492,0.477,1,COM7
2,161483,37,rpm,776,456,36.7,36.7,3915,497,0,492,0.477,1,COM7
2,161504,37,rpm,577,456,36.7,36.7,3915,497,0,492,0.477,1,COM7
2,161524,37,rpm,563,456,36.7,36.7,3915,497,0,492,0.478,1,COM7
2,161545,37,rpm,555,456,36.7,36.7,3915,497,0,493,0.478,1,COM7
2,161566,37,rpm,355,456,36.7,36.7,3915,497,0,493,0.478,1,COM7
2,161586,37,rpm,264,456,36.7,36.7,3915,497,0,493,0.478,1,COM7
2,161607,37,rpm,-387,456,36.7,36.7,3915,497,0,493,0.478,1,COM7
2,161628,37,rpm,31,456,36.7,36.7,3915,497,0,493,0.478,1,COM7
2,161648,37,rpm,282,456,36.7,36.7,3915,497,0,493,0.479,1,COM7
2,161669,37,rpm,727,456,36.7,36.7,3915,497,0,493,0.479,1,COM7
2,161690,37,rpm,921,456,36.7,36.7,3915,497,0,494,0.479,1,COM7
2,161710,37,rpm,800,456,36.7,36.7,3915,497,0,494,0.479,1,COM7
2,161731,37,rpm,722,456,36.7,36.7,3915,497,0,494,0.479,1,COM7
2,161752,37,rpm,714,456,36.7,36.7,3915,497,0,494,0.479,1,COM7
2,161772,37,rpm,609,456,36.7,36.7,3915,497,0,494,0.479,1,COM7
2,161793,37,rpm,483,456,36.7,36.7,3915,497,0,494,0.48,1,COM7
2,161814,37,rpm,408,456,36.7,36.7,3915,497,0,495,0.48,1,COM7
2,161834,37,rpm,266,456,36.7,36.7,3915,497,0,495,0.48,1,COM7
2,161855,37,rpm,-328,456,36.7,36.7,3915,497,0,495,0.48,1,COM7
2,161876,37,rpm,-5,456,36.7,36.7,3915,497,0,495,0.48,1,COM7
2,161896,37,rpm,242,456,36.7,36.7,3915,497,0,495,0.48,1,COM7
2,161917,37,rpm,648,456,36.7,36.7,3915,497,0,495,0.48,1,COM7
2,161938,37,rpm,778,456,36.7,36.7,3915,497,0,496,0.481,1,COM7
2,161958,37,rpm,899,456,36.7,36.7,3915,497,0,496,0.481,1,COM7
2,161979,37,rpm,771,456,36.7,36.7,3915,497,0,496,0.481,1,COM7
2,162000,37,rpm,612,456,36.7,36.7,3915,497,0,496,0.481,1,COM7
2,162020,37,rpm,641,456,36.7,36.7,3915,497,0,496,0.481,1,COM7
2,162041,37,rpm,572,456,36.7,36.7,3915,497,0,496,0.481,1,COM7
2,162062,37,rpm,412,456,36.7,36.7,3915,497,0,496,0.482,1,COM7
2,162082,37,rpm,331,456,36.7,36.7,3915,497,0,497,0.482,1,COM7
2,162103,37,rpm,14,456,36.7,36.7,3915,497,0,497,0.482,1,COM7
2,162124,37,rpm,-262,456,36.7,36.7,3915,497,0,497,0.482,1,COM7
2,162144,37,rpm,96,456,36.7,36.7,3915,497,0,497,0.482,1,COM7
2,162165,37,rpm,592,456,36.7,36.7,3915,497,0,497,0.482,1,COM7
2,162186,37,rpm,658,456,36.7,36.7,3915,497,0,497,0.482,1,COM7
2,162206,37,rpm,790,456,36.7,36.7,3915,497,0,498,0.483,1,COM7
2,162227,37,rpm,900,456,36.7,36.7,3915,497,0,498,0.483,1,COM7
2,162248,37,rpm,661,456,36.7,36.7,3915,497,0,498,0.483,1,COM7
2,162268,37,rpm,572,456,36.7,36.7,3915,497,0,498,0.483,1,COM7
2,162289,37,rpm,647,456,36.7,36.7,3915,497,0,498,0.483,1,COM7
2,162310,37,rpm,506,456,36.7,36.7,3915,497,0,498,0.483,1,COM7
2,162330,37,rpm,322,456,36.7,36.7,3915,497,0,498,0.484,1,COM7
2,162351,37,rpm,290,456,36.7,36.7,3915,497,0,499,0.484,1,COM7
2,162372,37,rpm,-365,456,36.7,36.7,3915,497,0,499,0.484,1,COM7
2,162392,37,rpm,28,456,36.7,36.7,3915,497,0,499,0.484,1,COM7
2,162413,37,rpm,306,456,36.7,36.7,3915,497,0,499,0.484,1,COM7
2,162434,37,rpm,714,456,36.7,36.7,3915,497,0,499,0.484,1,COM7
2,162454,37,rpm,719,456,36.7,36.7,3915,497,0,499,0.484,1,COM7
2,162475,37,rpm,880,456,36.7,36.7,3915,497,0,500,0.485,1,COM7
2,162496,37,rpm,807,456,36.7,36.7,3915,497,0,500,0.485,1,COM7
2,162516,37,rpm,612,456,36.7,36.7,3915,497,0,500,0.485,1,COM7
2,162537,37,rpm,598,456,36.7,36.7,3915,497,0,500,0.485,1,COM7
2,162558,37,rpm,577,456,36.7,36.7,3915,497,0,500,0.485,1,COM7
2,162578,37,rpm,414,456,36.7,36.7,3915,497,0,500,0.485,1,COM7
2,162599,37,rpm,301,456,36.7,36.7,3915,497,0,501,0.486,1,COM7
2,162620,37,rpm,-56,456,36.7,36.7,3915,497,0,501,0.486,1,COM7
2,162641,37,rpm,-232,456,36.7,36.7,3915,497,0,501,0.486,1,COM7
2,162661,37,rpm,120,456,36.7,36.7,3915,497,0,501,0.486,1,COM7
2,162682,37,rpm,624,456,36.7,36.7,3915,497,0,501,0.486,1,COM7
2,162703,37,rpm,748,456,36.7,36.7,3915,497,0,501,0.486,1,COM7
2,162723,37,rpm,775,456,36.7,36.7,3915,497,0,501,0.486,1,COM7
2,162744,37,rpm,801,456,36.7,36.7,3915,497,0,502,0.487,1,COM7
2,162765,37,rpm,721,456,36.7,36.7,3915,497,0,502,0.487,1,COM7
2,162785,37,rpm,616,456,36.7,36.7,3915,497,0,502,0.487,1,COM7
2,162806,37,rpm,535,456,36.7,36.7,3915,497,0,502,0.487,1,COM7
2,162827,37,rpm,515,456,36.7,36.7,3915,497,0,502,0.487,1,COM7
2,162847,37,rpm,351,456,36.7,36.7,3915,497,0,502,0.487,1,COM7
2,162868,37,rpm,232,456,36.7,36.7,3915,497,0,503,0.487,1,COM7
2,162889,37,rpm,-408,456,36.7,36.7,3915,497,0,503,0.488,1,COM7
2,162909,37,rpm,55,456,36.7,36.7,3915,497,0,503,0.488,1,COM7
2,162930,37,rpm,361,456,36.7,36.7,3915,497,0,503,0.488,1,COM7
2,162951,37,rpm,672,456,36.7,36.7,3915,497,0,503,0.488,1,COM7
2,162971,37,rpm,849,456,36.7,36.7,3915,497,0,503,0.488,1,COM7
2,162992,37,rpm,865,456,36.7,36.7,3915,497,0,504,0.488,1,COM7
2,163013,37,rpm,682,456,36.7,36.7,3915,497,0,504,0.489,1,COM7
2,163033,37,rpm,646,456,36.7,36.7,3915,497,0,504,0.489,1,COM7
2,163054,37,rpm,632,456,36.7,36.7,3915,497,0,504,0.489,1,COM7
2,163075,37,rpm,504,456,36.7,36.7,3915,497,0,504,0.489,1,COM7
2,163095,37,rpm,384,456,36.7,36.7,3915,497,0,504,0.489,1,COM7
2,163116,37,rpm,317,456,36.7,36.7,3915,497,0,504,0.489,1,COM7
2,163137,37,rpm,-282,456,36.7,36.7,3915,497,0,505,0.489,1,COM7
2,163157,37,rpm,-47,456,36.7,36.7,3915,497,0,505,0.49,1,COM7
2,163178,37,rpm,232,456,36.7,36.7,3915,497,0,505,0.49,1,COM7
2,163199,37,rpm,718,456,36.7,36.7,3915,497,0,505,0.49,1,COM7
2,163219,37,rpm,718,456,36.7,36.7,3915,497,0,505,0.49,1,COM7
2,163240,37,rpm,927,456,36.7,36.7,3915,497,0,505,0.49,1,COM7
2,163261,37,rpm,794,456,36.7,36.7,3915,497,0,506,0.49,1,COM7
2,163281,37,rpm,631,456,36.7,36.7,3915,497,0,506,0.491,1,COM7
2,163302,37,rpm,622,456,36.7,36.7,3915,497,0,506,0.491,1,COM7
2,163323,37,rpm,568,456,36.7,36.7,3915,497,0,506,0.491,1,COM7
2,163343,37,rpm,357,456,36.7,36.7,3915,497,0,506,0.491,1,COM7
2,163364,37,rpm,303,456,36.7,36.7,3915,497,0,506,0.491,1,COM7
2,163385,37,rpm,-100,456,36.7,36.7,3915,497,0,506,0.491,1,COM7
2,163405,37,rpm,-180,456,36.7,36.7,3915,497,0,507,0.491,1,COM7
2,163426,37,rpm,148,456,36.7,36.7,3915,497,0,507,0.492,1,COM7
2,163447,37,rpm,685,456,36.7,36.7,3915,497,0,507,0.492,1,COM7
2,163467,37,rpm,679,456,36.7,36.7,3915,497,0,507,0.492,1,COM7
2,163488,37,rpm,792,456,36.7,36.7,3915,497,0,507,0.492,1,COM7
2,163509,37,rpm,908,456,36.7,36.7,3915,497,0,507,0.492,1,COM7
2,163529,37,rpm,651,456,36.7,36.7,3915,497,0,508,0.492,1,COM7
2,163550,37,rpm,571,456,36.7,36.7,3915,497,0,508,0.493,1,COM7
2,163571,37,rpm,607,456,36.7,36.7,3915,497,0,508,0.493,1,COM7
2,163591,37,rpm,491,456,36.7,36.7,3915,497,0,508,0.493,1,COM7
2,163612,37,rpm,310,456,36.7,36.7,3915,497,0,508,0.493,1,COM7
2,163633,37,rpm,191,456,36.7,36.7,3915,497,0,508,0.493,1,COM7
2,163653,37,rpm,-372,456,36.7,36.7,3915,497,0,509,0.493,1,COM7
2,163674,37,rpm,65,456,36.7,36.7,3915,497,0,509,0.493,1,COM7
2,163695,37,rpm,473,456,36.7,36.7,3915,497,0,509,0.494,1,COM7
2,163715,37,rpm,692,456,36.7,36.7,3915,497,0,509,0.494,1,COM7
2,163736,37,rpm,813,456,36.7,36.7,3915,497,0,509,0.494,1,COM7
2,163757,37,rpm,834,456,36.7,36.7,3915,497,0,509,0.494,1,COM7
2,163777,37,rpm,725,456,36.7,36.7,3915,497,0,509,0.494,1,COM7
2,163798,37,rpm,638,456,36.7,36.7,3915,497,0,510,0.494,1,COM7
2,163819,37,rpm,590,456,36.7,36.7,3915,497,0,510,0.495,1,COM7
2,163839,37,rpm,500,456,36.7,36.7,3915,497,0,510,0.495,1,COM7
2,163860,37,rpm,404,456,36.7,36.7,3915,497,0,510,0.495,1,COM7
2,163881,37,rpm,278,456,36.7,36.7,3915,497,0,510,0.495,1,COM7
2,163901,37,rpm,-220,456,36.7,36.7,3915,497,0,510,0.495,1,COM7
2,163922,37,rpm,-57,456,36.7,36.7,3915,497,0,511,0.495,1,COM7
2,163942,37,rpm,179,456,36.7,36.7,3915,497,0,511,0.495,1,COM7
2,163963,37,rpm,628,456,36.7,36.7,3915,497,0,511,0.496,1,COM7
2,163984,37,rpm,768,456,36.7,36.7,3915,497,0,511,0.496,1,COM7
2,164005,37,rpm,899,456,36.7,36.7,3915,497,0,511,0.496,1,COM7
2,164025,37,rpm,715,456,36.7,36.7,3915,497,0,511,0.496,1,COM7
2,164046,37,rpm,679,456,36.7,36.7,3915,497,0,512,0.496,1,COM7
2,164067,37,rpm,666,456,36.7,36.7,3915,497,0,512,0.496,1,COM7
2,164087,37,rpm,506,456,36.7,36.7,3915,497,0,512,0.496,1,COM7
2,164108,37,rpm,465,456,36.7,36.7,3915,497,0,512,0.497,1,COM7
2,164128,37,rpm,351,456,36.7,36.7,3915,497,0,512,0.497,1,COM7
2,164149,37,rpm,121,456,36.7,36.7,3915,497,0,512,0.497,1,COM7
2,164170,37,rpm,-336,456,36.7,36.7,3915,497,0,512,0.497,1,COM7
2,164190,37,rpm,89,456,36.7,36.7,3915,497,0,513,0.497,1,COM7
2,164211,37,rpm,515,456,36.7,36.7,3915,497,0,513,0.497,1,COM7
2,164232,37,rpm,618,456,36.7,36.7,3915,497,0,513,0.498,1,COM7
2,164252,37,rpm,884,456,36.7,36.7,3915,497,0,513,0.498,1,COM7
2,164273,37,rpm,859,456,36.7,36.7,3915,497,0,513,0.498,1,COM7
2,164294,37,rpm,646,456,36.7,36.7,3915,497,0,513,0.498,1,COM7
2,164314,37,rpm,654,456,36.7,36.7,3915,497,0,514,0.498,1,COM7
2,164335,37,rpm,622,456,36.7,36.7,3915,497,0,514,0.498,1,COM7
2,164356,37,rpm,452,456,36.7,36.7,3915,497,0,514,0.498,1,COM7
2,164376,37,rpm,403,456,36.7,36.7,3915,497,0,514,0.499,1,COM7
2,164397,37,rpm,287,456,36.7,36.7,3915,497,0,514,0.499,1,COM7
2,164418,37,rpm,-345,456,36.7,36.7,3915,497,0,514,0.499,1,COM7
2,164439,37,rpm,0,456,36.7,36.7,3915,497,0,515,0.499,1,COM7
2,164459,37,rpm,285,456,36.7,36.7,3915,497,0,515,0.499,1,COM7
2,164480,37,rpm,649,456,36.7,36.7,3915,497,0,515,0.499,1,COM7
2,164501,37,rpm,714,456,36.7,36.7,3915,497,0,515,0.5,1,COM7
2,164521,37,rpm,984,456,36.7,36.7,3915,497,0,515,0.5,1,COM7
2,164542,37,rpm,735,456,36.7,36.7,3915,497,0,515,0.5,1,COM7
2,164563,37,rpm,596,456,36.7,36.7,3915,497,0,515,0.5,1,COM7
2,164583,37,rpm,641,456,36.7,36.7,3915,497,0,516,0.5,1,COM7
2,164604,37,rpm,554,456,36.7,36.7,3915,497,0,516,0.5,1,COM7
2,164624,37,rpm,411,456,36.7,36.7,3915,497,0,516,0.5,1,COM7
2,164645,37,rpm,306,456,36.7,36.7,3915,497,0,516,0.501,1,COM7
2,164666,37,rpm,-57,456,36.7,36.7,3915,497,0,516,0.501,1,COM7
2,164686,37,rpm,-193,456,36.7,36.7,3915,497,0,516,0.501,1,COM7
2,164707,37,rpm,124,456,36.7,36.7,3915,497,0,517,0.501,1,COM7
2,164728,37,rpm,655,456,36.7,36.7,3915,497,0,517,0.501,1,COM7
2,164748,37,rpm,791,456,36.7,36.7,3915,497,0,517,0.501,1,COM7
2,164769,37,rpm,816,456,36.7,36.7,3915,497,0,517,0.502,1,COM7
2,164790,37,rpm,856,456,36.7,36.7,3915,497,0,517,0.502,1,COM7
2,164810,37,rpm,715,456,36.7,36.7,3915,497,0,517,0.502,1,COM7
2,164831,37,rpm,612,456,36.7,36.7,3915,497,0,517,0.502,1,COM7
2,164852,37,rpm,530,456,36.7,36.7,3915,497,0,518,0.502,1,COM7
2,164872,37,rpm,486,456,36.7,36.7,3915,497,0,518,0.502,1,COM7
2,164893,37,rpm,306,456,36.7,36.7,3915,497,0,518,0.502,1,COM7
2,164913,37,rpm,58,456,36.7,36.7,3915,497,0,518,0.503,1,COM7
2,164934,37,rpm,-299,456,36.7,36.7,3915,497,0,518,0.503,1,COM7
2,164955,37,rpm,108,456,36.7,36.7,3915,497,0,518,0.503,1,COM7
2,164975,37,rpm,499,456,36.7,36.7,3915,497,0,519,0.503,1,COM7
2,164996,37,rpm,775,456,36.7,36.7,3915,497,0,519,0.503,1,COM7
2,165017,37,rpm,852,456,36.7,36.7,3915,497,0,519,0.503,1,COM7
2,165037,37,rpm,752,456,36.7,36.7,3915,497,0,519,0.503,1,COM7
2,165058,37,rpm,716,456,36.7,36.7,3915,497,0,519,0.504,1,COM7
2,165078,37,rpm,693,456,36.7,36.7,3915,497,0,519,0.504,1,COM7
2,165099,37,rpm,511,456,36.7,36.7,3915,497,0,520,0.504,1,COM7
2,165120,37,rpm,504,456,36.7,36.7,3915,497,0,520,0.504,1,COM7
2,165140,37,rpm,376,456,36.7,36.7,3915,497,0,520,0.504,1,COM7
2,165161,37,rpm,250,456,36.7,36.7,3915,497,0,520,0.504,1,COM7
2,165182,37,rpm,-356,456,36.7,36.7,3915,497,0,520,0.505,1,COM7
2,165202,37,rpm,28,456,36.7,36.7,3915,497,0,520,0.505,1,COM7
2,165223,37,rpm,330,456,36.7,36.7,3915,497,0,520,0.505,1,COM7
2,165244,37,rpm,647,456,36.7,36.7,3915,497,0,521,0.505,1,COM7
2,165265,37,rpm,816,456,36.7,36.7,3915,497,0,521,0.505,1,COM7
2,165285,37,rpm,868,456,36.7,36.7,3915,497,0,521,0.505,1,COM7
2,165306,37,rpm,630,456,36.7,36.7,3915,497,0,521,0.505,1,COM7
2,165327,37,rpm,713,456,36.7,36.7,3915,497,0,521,0.506,1,COM7
2,165347,37,rpm,644,456,36.7,36.7,3915,497,0,521,0.506,1,COM7
2,165368,37,rpm,472,456,36.7,36.7,3915,497,0,522,0.506,1,COM7
2,165388,37,rpm,442,456,36.7,36.7,3915,497,0,522,0.506,1,COM7
2,165409,37,rpm,333,456,36.7,36.7,3915,497,0,522,0.506,1,COM7
2,165430,37,rpm,-43,456,36.7,36.7,3915,497,0,522,0.506,1,COM7
2,165451,37,rpm,-251,456,36.7,36.7,3915,497,0,522,0.507,1,COM7
2,165471,37,rpm,137,456,36.7,36.7,3915,497,0,522,0.507,1,COM7
2,165492,37,rpm,560,456,36.7,36.7,3915,497,0,523,0.507,1,COM7
2,165513,37,rpm,667,456,36.7,36.7,3915,497,0,523,0.507,1,COM7
2,165533,37,rpm,913,456,36.7,36.7,3915,497,0,523,0.507,1,COM7
2,165554,37,rpm,799,456,36.7,36.7,3915,497,0,523,0.507,1,COM7
2,165574,37,rpm,634,456,36.7,36.7,3915,497,0,523,0.507,1,COM7
2,165595,37,rpm,676,456,36.7,36.7,3915,497,0,523,0.508,1,COM7
2,165616,37,rpm,566,456,36.7,36.7,3915,497,0,523,0.508,1,COM7
2,165636,37,rpm,464,456,36.7,36.7,3915,497,0,524,0.508,1,COM7
2,165657,37,rpm,370,456,36.7,36.7,3915,497,0,524,0.508,1,COM7
2,165678,37,rpm,253,456,36.7,36.7,3915,497,0,524,0.508,1,COM7
2,165698,37,rpm,-409,456,36.7,36.7,3915,497,0,524,0.508,1,COM7
2,165719,37,rpm,55,456,36.7,36.7,3915,497,0,524,0.509,1,COM7
2,165740,37,rpm,400,456,36.7,36.7,3915,497,0,524,0.509,1,COM7
2,165760,37,rpm,659,456,36.7,36.7,3915,497,0,525,0.509,1,COM7
2,165781,37,rpm,748,456,36.7,36.7,3915,497,0,525,0.509,1,COM7
2,165802,37,rpm,895,456,36.7,36.7,3915,497,0,525,0.509,1,COM7
2,165822,37,rpm,724,456,36.7,36.7,3915,497,0,525,0.509,1,COM7
2,165843,37,rpm,613,457,36.7,36.7,3915,497,0,525,0.509,1,COM7
2,165864,37,rpm,622,457,36.7,36.7,3915,497,0,525,0.51,1,COM7
2,165884,37,rpm,557,457,36.7,36.7,3915,497,0,525,0.51,1,COM7
2,165905,37,rpm,402,457,36.7,36.7,3915,497,0,526,0.51,1,COM7
2,165926,37,rpm,274,457,36.7,36.7,3915,497,0,526,0.51,1,COM7
2,165946,37,rpm,-90,457,36.7,36.7,3915,497,0,526,0.51,1,COM7
2,165967,37,rpm,-176,457,36.7,36.7,3915,497,0,526,0.51,1,COM7
2,165988,37,rpm,141,457,36.7,36.7,3915,497,0,526,0.51,1,COM7
2,166008,37,rpm,649,457,36.7,36.7,3915,497,0,526,0.511,1,COM7
2,166029,37,rpm,763,457,36.7,36.7,3915,497,0,527,0.511,1,COM7
2,166050,37,rpm,753,457,36.7,36.7,3915,497,0,527,0.511,1,COM7
2,166070,37,rpm,850,457,36.7,36.7,3915,497,0,527,0.511,1,COM7
2,166091,37,rpm,711,457,36.7,36.7,3915,497,0,527,0.511,1,COM7
2,166112,37,rpm,600,457,36.7,36.7,3915,497,0,527,0.511,1,COM7
2,166132,37,rpm,532,457,36.7,36.7,3915,497,0,527,0.512,1,COM7
2,166153,37,rpm,523,457,36.7,36.7,3915,497,0,528,0.512,1,COM7
2,166174,37,rpm,319,457,36.7,36.7,3915,497,0,528,0.512,1,COM7
2,166194,37,rpm,161,457,36.7,36.7,3915,497,0,528,0.512,1,COM7
2,166215,37,rpm,-372,457,36.7,36.7,3915,497,0,528,0.512,1,COM7
2,166236,37,rpm,84,457,36.7,36.7,3915,497,0,528,0.512,1,COM7
2,166256,37,rpm,447,457,36.7,36.7,3915,497,0,528,0.512,1,COM7
2,166277,37,rpm,780,457,36.7,36.7,3915,497,0,528,0.513,1,COM7
2,166298,37,rpm,983,457,36.7,36.7,3915,497,0,529,0.513,1,COM7
2,166318,37,rpm,685,457,36.7,36.7,3915,497,0,529,0.513,1,COM7
2,166339,37,rpm,741,457,36.7,36.7,3915,497,0,529,0.513,1,COM7
2,166360,37,rpm,730,457,36.7,36.7,3915,497,0,529,0.513,1,COM7
2,166380,37,rpm,539,457,36.7,36.7,3915,497,0,529,0.513,1,COM7
2,166401,37,rpm,450,457,36.7,36.7,3915,497,0,529,0.514,1,COM7
2,166422,37,rpm,387,457,36.7,36.7,3915,497,0,530,0.514,1,COM7
2,166442,37,rpm,169,457,36.7,36.7,3915,497,0,530,0.514,1,COM7
2,166463,37,rpm,-347,457,36.7,36.7,3915,497,0,530,0.514,1,COM7
2,166484,37,rpm,61,457,36.7,36.7,3915,497,0,530,0.514,1,COM7
2,166504,37,rpm,439,457,36.7,36.7,3915,497,0,530,0.514,1,COM7
2,166525,37,rpm,623,457,36.7,36.7,3915,497,0,530,0.514,1,COM7
2,166546,37,rpm,914,457,36.7,36.7,3915,497,0,531,0.515,1,COM7
2,166566,37,rpm,799,457,36.7,36.7,3915,497,0,531,0.515,1,COM7
2,166587,37,rpm,693,457,36.7,36.7,3915,497,0,531,0.515,1,COM7
2,166608,37,rpm,671,457,36.7,36.7,3915,497,0,531,0.515,1,COM7
2,166628,37,rpm,621,457,36.7,36.7,3915,497,0,531,0.515,1,COM7
2,166649,37,rpm,495,457,36.7,36.7,3915,497,0,531,0.515,1,COM7
2,166670,37,rpm,387,457,36.7,36.7,3915,497,0,531,0.516,1,COM7
2,166690,37,rpm,294,457,36.7,36.7,3915,497,0,532,0.516,1,COM7
2,166711,37,rpm,-305,457,36.7,36.7,3915,497,0,532,0.516,1,COM7
2,166732,37,rpm,-28,457,36.7,36.7,3915,497,0,532,0.516,1,COM7
2,166752,37,rpm,229,457,36.7,36.7,3915,497,0,532,0.516,1,COM7
2,166773,37,rpm,680,457,36.7,36.7,3915,497,0,532,0.516,1,COM7
2,166794,37,rpm,698,457,36.7,36.7,3915,497,0,532,0.516,1,COM7
2,166814,37,rpm,879,457,36.7,36.7,3915,497,0,533,0.517,1,COM7
2,166835,37,rpm,820,457,36.7,36.7,3915,497,0,533,0.517,1,COM7
2,166856,37,rpm,626,457,36.7,36.7,3915,497,0,533,0.517,1,COM7
2,166876,37,rpm,607,457,36.7,36.7,3915,497,0,533,0.517,1,COM7
2,166897,37,rpm,575,457,36.7,36.7,3915,497,0,533,0.517,1,COM7
2,166918,37,rpm,444,457,36.7,36.7,3915,497,0,533,0.517,1,COM7
2,166938,37,rpm,320,457,36.7,36.7,3915,497,0,534,0.518,1,COM7
2,166959,37,rpm,139,457,36.7,36.7,3915,497,0,534,0.518,1,COM7
2,166980,37,rpm,-338,457,36.7,36.7,3915,497,0,534,0.518,1,COM7
2,167000,37,rpm,68,457,36.7,36.7,3915,497,0,534,0.518,1,COM7
2,167021,37,rpm,499,457,36.7,36.7,3915,497,0,534,0.518,1,COM7
2,167042,37,rpm,716,457,36.7,36.7,3915,497,0,534,0.518,1,COM7
2,167062,37,rpm,697,457,36.7,36.7,3915,497,0,534,0.518,1,COM7
2,167083,37,rpm,905,457,36.7,36.7,3915,497,0,535,0.519,1,COM7
2,167104,37,rpm,743,457,36.7,36.7,3915,497,0,535,0.519,1,COM7
2,167124,37,rpm,621,457,36.7,36.7,3915,497,0,535,0.519,1,COM7
2,167145,37,rpm,564,457,36.7,36.7,3915,497,0,535,0.519,1,COM7
2,167165,37,rpm,571,457,36.7,36.7,3915,497,0,535,0.519,1,COM7
2,167186,37,rpm,364,457,36.7,36.7,3915,497,0,535,0.519,1,COM7
2,167207,37,rpm,270,457,36.7,36.7,3915,497,0,536,0.519,1,COM7
2,167228,37,rpm,-325,457,36.7,36.7,3915,497,0,536,0.52,1,COM7
2,167248,37,rpm,-7,457,36.7,36.7,3915,497,0,536,0.52,1,COM7
2,167269,37,rpm,246,457,36.7,36.7,3915,497,0,536,0.52,1,COM7
2,167290,37,rpm,692,457,36.7,36.7,3915,497,0,536,0.52,1,COM7
2,167310,37,rpm,856,457,36.7,36.7,3915,497,0,536,0.52,1,COM7
2,167331,37,rpm,784,457,36.7,36.7,3915,497,0,537,0.52,1,COM7
2,167352,37,rpm,716,457,36.7,36.7,3915,497,0,537,0.521,1,COM7
2,167372,37,rpm,754,457,36.7,36.7,3915,497,0,537,0.521,1,COM7
2,167393,37,rpm,567,457,36.7,36.7,3915,497,0,537,0.521,1,COM7
2,167414,37,rpm,548,457,36.7,36.7,3915,497,0,537,0.521,1,COM7
2,167434,37,rpm,484,457,36.7,36.7,3915,497,0,537,0.521,1,COM7
2,167455,37,rpm,291,457,36.7,36.7,3915,497,0,537,0.521,1,COM7
2,167476,37,rpm,60,457,36.7,36.7,3915,497,0,538,0.521,1,COM7
2,167496,37,rpm,-323,457,36.7,36.7,3915,497,0,538,0.522,1,COM7
2,167517,37,rpm,101,457,36.7,36.7,3915,497,0,538,0.522,1,COM7
2,167538,37,rpm,511,457,36.7,36.7,3915,497,0,538,0.522,1,COM7
2,167558,37,rpm,760,457,36.7,36.7,3915,497,0,538,0.522,1,COM7
2,167579,37,rpm,848,457,36.7,36.7,3915,497,0,538,0.522,1,COM7
2,167600,37,rpm,786,457,36.7,36.7,3915,497,0,539,0.522,1,COM7
2,167620,37,rpm,708,457,36.7,36.7,3915,497,0,539,0.523,1,COM7
2,167641,37,rpm,666,457,36.7,36.7,3915,497,0,539,0.523,1,COM7
2,167662,37,rpm,559,457,36.7,36.7,3915,497,0,539,0.523,1,COM7
2,167682,37,rpm,466,457,36.7,36.7,3915,497,0,539,0.523,1,COM7
2,167703,37,rpm,367,457,36.7,36.7,3915,497,0,539,0.523,1,COM7
2,167724,37,rpm,235,457,36.7,36.7,3915,497,0,540,0.523,1,COM7
2,167744,37,rpm,-421,457,36.7,36.7,3915,497,0,540,0.523,1,COM7
2,167765,37,rpm,58,457,36.7,36.7,3915,497,0,540,0.524,1,COM7
2,167786,37,rpm,435,457,36.7,36.7,3915,497,0,540,0.524,1,COM7
2,167806,37,rpm,664,457,36.7,36.7,3915,497,0,540,0.524,1,COM7
2,167827,37,rpm,866,457,36.7,36.7,3915,497,0,540,0.524,1,COM7
2,167848,37,rpm,895,457,36.7,36.7,3915,497,0,540,0.524,1,COM7
2,167868,37,rpm,710,457,36.7,36.7,3915,497,0,541,0.524,1,COM7
2,167889,37,rpm,604,457,36.7,36.7,3915,497,0,541,0.525,1,COM7
2,167910,37,rpm,670,457,36.7,36.7,3915,497,0,541,0.525,1,COM7
2,167930,37,rpm,502,457,36.7,36.7,3915,497,0,541,0.525,1,COM7
2,167951,37,rpm,329,457,36.7,36.7,3915,497,0,541,0.525,1,COM7
2,167972,37,rpm,280,457,36.7,36.7,3915,497,0,541,0.525,1,COM7
2,167992,37,rpm,-392,457,36.7,36.7,3915,497,0,542,0.525,1,COM7
2,168013,37,rpm,27,457,36.7,36.7,3915,497,0,542,0.525,1,COM7
2,168034,37,rpm,300,457,36.7,36.7,3915,497,0,542,0.526,1,COM7
2,168054,37,rpm,722,457,36.7,36.7,3915,497,0,542,0.526,1,COM7
2,168075,37,rpm,726,457,36.7,36.7,3915,497,0,542,0.526,1,COM7
2,168096,37,rpm,817,457,36.7,36.7,3915,497,0,542,0.526,1,COM7
2,168116,37,rpm,833,457,36.7,36.7,3915,497,0,542,0.526,1,COM7
2,168137,37,rpm,622,457,36.7,36.7,3915,497,0,543,0.526,1,COM7
2,168158,37,rpm,548,457,36.7,36.7,3915,497,0,543,0.527,1,COM7
2,168178,37,rpm,611,457,36.7,36.7,3915,497,0,543,0.527,1,COM7
2,168199,37,rpm,429,457,36.7,36.7,3915,497,0,543,0.527,1,COM7
2,168220,37,rpm,264,457,36.7,36.7,3915,497,0,543,0.527,1,COM7
2,168240,37,rpm,-44,457,36.7,36.7,3915,497,0,543,0.527,1,COM7
2,168261,37,rpm,-204,457,36.7,36.7,3915,497,0,544,0.527,1,COM7
2,168282,37,rpm,107,457,36.7,36.7,3915,497,0,544,0.527,1,COM7
2,168302,37,rpm,606,457,36.7,36.7,3915,497,0,544,0.528,1,COM7
2,168323,37,rpm,793,457,36.7,36.7,3915,497,0,544,0.528,1,COM7
2,168344,37,rpm,725,457,36.7,36.7,3915,497,0,544,0.528,1,COM7
2,168364,37,rpm,826,457,36.7,36.7,3915,497,0,544,0.528,1,COM7
2,168385,37,rpm,765,457,36.7,36.7,3915,497,0,545,0.528,1,COM7
2,168406,37,rpm,582,457,36.7,36.7,3915,497,0,545,0.528,1,COM7
2,168426,37,rpm,539,457,36.7,36.7,3915,497,0,545,0.529,1,COM7
2,168447,37,rpm,536,457,36.7,36.7,3915,497,0,545,0.529,1,COM7
2,168468,37,rpm,330,457,36.7,36.7,3915,497,0,545,0.529,1,COM7
2,168488,37,rpm,243,457,36.7,36.7,3915,497,0,545,0.529,1,COM7
2,168509,37,rpm,-384,457,36.7,36.7,3915,497,0,545,0.529,1,COM7
2,168530,37,rpm,47,457,36.7,36.7,3915,497,0,546,0.529,1,COM7
2,168550,37,rpm,334,457,36.7,36.7,3915,497,0,546,0.529,1,COM7
2,168571,37,rpm,728,457,36.7,36.7,3915,497,0,546,0.53,1,COM7
2,168592,37,rpm,799,457,36.7,36.7,3915,497,0,546,0.53,1,COM7
2,168612,37,rpm,809,457,36.7,36.7,3915,497,0,546,0.53,1,COM7
2,168633,37,rpm,781,457,36.7,36.7,3915,497,0,546,0.53,1,COM7
2,168654,37,rpm,648,457,36.7,36.7,3915,497,0,547,0.53,1,COM7
2,168674,37,rpm,572,457,36.7,36.7,3915,497,0,547,0.53,1,COM7
2,168695,37,rpm,513,457,36.7,36.7,3915,497,0,547,0.53,1,COM7
2,168716,37,rpm,413,457,36.7,36.7,3915,497,0,547,0.531,1,COM7
2,168736,37,rpm,329,457,36.7,36.7,3915,497,0,547,0.531,1,COM7
2,168757,37,rpm,-146,457,36.7,36.7,3915,497,0,547,0.531,1,COM7
2,168778,37,rpm,-171,457,36.7,36.7,3915,497,0,548,0.531,1,COM7
2,168798,37,rpm,167,457,36.7,36.7,3915,497,0,548,0.531,1,COM7
2,168819,37,rpm,673,457,36.7,36.7,3915,497,0,548,0.531,1,COM7
2,168840,37,rpm,706,457,36.7,36.7,3915,497,0,548,0.532,1,COM7
2,168860,37,rpm,863,457,36.7,36.7,3915,497,0,548,0.532,1,COM7
2,168881,37,rpm,789,457,36.7,36.7,3915,497,0,548,0.532,1,COM7
2,168902,37,rpm,631,457,36.7,36.7,3915,497,0,548,0.532,1,COM7
2,168922,37,rpm,640,457,36.7,36.7,3915,497,0,549,0.532,1,COM7
2,168943,37,rpm,580,457,36.7,36.7,3915,497,0,549,0.532,1,COM7
2,168964,37,rpm,453,457,36.7,36.7,3915,497,0,549,0.532,1,COM7
2,168984,37,rpm,337,457,36.7,36.7,3915,497,0,549,0.533,1,COM7
2,169005,37,rpm,214,457,36.7,36.7,3915,497,0,549,0.533,1,COM7
2,169026,37,rpm,-385,457,36.7,36.7,3915,497,0,549,0.533,1,COM7
2,169046,37,rpm,64,457,36.7,36.7,3915,497,0,550,0.533,1,COM7
2,169067,37,rpm,461,457,36.7,36.7,3915,497,0,550,0.533,1,COM7
2,169088,37,rpm,673,457,36.7,36.7,3915,497,0,550,0.533,1,COM7
2,169108,37,rpm,760,457,36.7,36.7,3915,497,0,550,0.534,1,COM7
2,169129,37,rpm,945,457,36.7,36.7,3915,497,0,550,0.534,1,COM7
2,169150,37,rpm,704,457,36.7,36.7,3915,497,0,550,0.534,1,COM7
2,169170,37,rpm,592,457,36.7,36.7,3915,497,0,551,0.534,1,COM7
2,169191,37,rpm,605,457,36.7,36.7,3915,497,0,551,0.534,1,COM7
2,169212,37,rpm,551,457,36.7,36.7,3915,497,0,551,0.534,1,COM7
2,169232,37,rpm,334,457,36.7,36.7,3915,497,0,551,0.534,1,COM7
2,169253,37,rpm,311,457,36.7,36.7,3915,497,0,551,0.535,1,COM7
2,169274,37,rpm,-336,457,36.7,36.7,3915,497,0,551,0.535,1,COM7
2,169294,37,rpm,15,457,36.7,36.7,3915,497,0,551,0.535,1,COM7
2,169315,37,rpm,257,457,36.7,36.7,3915,497,0,552,0.535,1,COM7
2,169336,37,rpm,763,457,36.7,36.7,3915,497,0,552,0.535,1,COM7
2,169356,37,rpm,760,457,36.7,36.7,3915,497,0,552,0.535,1,COM7
2,169377,37,rpm,784,457,36.7,36.7,3915,497,0,552,0.536,1,COM7
2,169398,37,rpm,871,457,36.7,36.7,3915,497,0,552,0.536,1,COM7
2,169418,37,rpm,632,457,36.7,36.7,3915,497,0,552,0.536,1,COM7
2,169439,37,rpm,603,457,36.7,36.7,3915,497,0,553,0.536,1,COM7
2,169460,37,rpm,566,457,36.7,36.7,3915,497,0,553,0.536,1,COM7
2,169480,37,rpm,402,457,36.7,36.7,3915,497,0,553,0.536,1,COM7
2,169501,37,rpm,261,457,36.7,36.7,3915,497,0,553,0.536,1,COM7
2,169522,37,rpm,-230,457,36.7,36.7,3915,497,0,553,0.537,1,COM7
2,169542,37,rpm,-59,457,36.7,36.7,3915,497,0,553,0.537,1,COM7
2,169563,37,rpm,184,457,36.7,36.7,3915,497,0,554,0.537,1,COM7
2,169584,37,rpm,674,457,36.7,36.7,3915,497,0,554,0.537,1,COM7
2,169604,37,rpm,788,457,36.7,36.7,3915,497,0,554,0.537,1,COM7
2,169625,37,rpm,830,457,36.7,36.7,3915,497,0,554,0.537,1,COM7
2,169646,37,rpm,752,457,36.7,36.7,3915,497,0,554,0.538,1,COM7
2,169666,37,rpm,715,457,36.7,36.7,3915,497,0,554,0.538,1,COM7
2,169687,37,rpm,608,457,36.7,36.7,3915,497,0,554,0.538,1,COM7
2,169708,37,rpm,525,457,36.7,36.7,3915,497,0,555,0.538,1,COM7
2,169728,37,rpm,475,457,36.7,36.7,3915,497,0,555,0.538,1,COM7
2,169749,37,rpm,333,457,36.7,36.7,3915,497,0,555,0.538,1,COM7
2,169770,37,rpm,143,457,36.7,36.7,3915,497,0,555,0.538,1,COM7
2,169790,37,rpm,-350,457,36.7,36.7,3915,497,0,555,0.539,1,COM7
2,169811,37,rpm,87,457,36.7,36.7,3915,497,0,555,0.539,1,COM7
2,169832,37,rpm,468,457,36.7,36.7,3915,497,0,556,0.539,1,COM7
2,169852,37,rpm,668,457,36.7,36.7,3915,497,0,556,0.539,1,COM7
2,169873,37,rpm,880,457,36.7,36.7,3915,497,0,556,0.539,1,COM7
2,169894,37,rpm,848,457,36.7,36.7,3915,497,0,556,0.539,1,COM7
2,169914,37,rpm,640,457,36.7,36.7,3915,497,0,556,0.539,1,COM7
2,169935,37,rpm,645,457,36.7,36.7,3915,497,0,556,0.54,1,COM7
2,169956,37,rpm,608,457,36.7,36.7,3915,497,0,557,0.54,1,COM7
2,169976,37,rpm,471,457,36.7,36.7,3915,497,0,557,0.54,1,COM7
2,169997,37,rpm,361,457,36.7,36.7,3915,497,0,557,0.54,1,COM7
2,170018,37,rpm,304,457,36.7,36.7,3915,497,0,557,0.54,1,COM7
2,170038,37,rpm,-330,457,36.7,36.7,3915,497,0,557,0.54,1,COM7
2,170059,37,rpm,1,457,36.7,36.7,3915,497,0,557,0.541,1,COM7
2,170080,37,rpm,268,457,36.7,36.7,3915,497,0,557,0.541,1,COM7
2,170100,37,rpm,646,457,36.7,36.7,3915,497,0,558,0.541,1,COM7
2,170121,37,rpm,687,457,36.7,36.7,3915,497,0,558,0.541,1,COM7
2,170142,37,rpm,964,457,36.7,36.7,3915,497,0,558,0.541,1,COM7
2,170162,37,rpm,753,457,36.7,36.7,3915,497,0,558,0.541,1,COM7
2,170183,37,rpm,569,457,36.7,36.7,3915,497,0,558,0.541,1,COM7
2,170204,37,rpm,675,457,36.7,36.7,3915,497,0,558,0.542,1,COM7
2,170224,37,rpm,572,457,36.7,36.7,3915,497,0,559,0.542,1,COM7
2,170245,37,rpm,384,457,36.7,36.7,3915,497,0,559,0.542,1,COM7
2,170265,37,rpm,348,457,36.7,36.7,3915,497,0,559,0.542,1,COM7
2,170286,37,rpm,12,457,36.7,36.7,3915,497,0,559,0.542,1,COM7
2,170307,37,rpm,-284,457,36.7,36.7,3915,497,0,559,0.542,1,COM7
2,170328,37,rpm,97,457,36.7,36.7,3915,497,0,559,0.543,1,COM7
2,170348,37,rpm,622,457,36.7,36.7,3915,497,0,559,0.543,1,COM7
2,170369,37,rpm,683,457,36.7,36.7,3915,497,0,560,0.543,1,COM7
2,170390,37,rpm,789,457,36.7,36.7,3915,497,0,560,0.543,1,COM7
2,170410,37,rpm,914,457,36.7,36.7,3915,497,0,560,0.543,1,COM7
2,170431,37,rpm,675,457,36.7,36.7,3915,497,0,560,0.543,1,COM7
2,170452,37,rpm,564,457,36.7,36.7,3915,497,0,560,0.543,1,COM7
2,170472,37,rpm,610,457,36.7,36.7,3915,497,0,560,0.544,1,COM7
2,170493,37,rpm,511,457,36.7,36.7,3915,497,0,561,0.544,1,COM7
2,170514,37,rpm,342,457,36.7,36.7,3915,497,0,561,0.544,1,COM7
2,170534,37,rpm,265,457,36.7,36.7,3915,497,0,561,0.544,1,COM7
2,170555,37,rpm,-388,457,36.7,36.7,3915,497,0,561,0.544,1,COM7
2,170576,37,rpm,40,457,36.7,36.7,3915,497,0,561,0.544,1,COM7
2,170596,37,rpm,339,457,36.7,36.7,3915,497,0,561,0.545,1,COM7
2,170617,37,rpm,683,457,36.7,36.7,3915,497,0,562,0.545,1,COM7
2,170638,37,rpm,780,457,36.7,36.7,3915,497,0,562,0.545,1,COM7
2,170658,37,rpm,808,457,36.7,36.7,3915,497,0,562,0.545,1,COM7
2,170679,37,rpm,774,457,36.7,36.7,3915,497,0,562,0.545,1,COM7
2,170700,37,rpm,665,457,36.7,36.7,3915,497,0,562,0.545,1,COM7
2,170720,37,rpm,563,457,36.7,36.7,3915,497,0,562,0.545,1,COM7
2,170741,37,rpm,555,457,36.7,36.7,3915,497,0,562,0.546,1,COM7
2,170762,37,rpm,414,457,36.7,36.7,3915,497,0,563,0.546,1,COM7
2,170782,37,rpm,311,457,36.7,36.7,3915,497,0,563,0.546,1,COM7
2,170803,37,rpm,-164,457,36.7,36.7,3915,497,0,563,0.546,1,COM7
2,170824,37,rpm,-140,457,36.7,36.7,3915,497,0,563,0.546,1,COM7
2,170844,37,rpm,177,457,36.7,36.7,3915,497,0,563,0.546,1,COM7
2,170865,37,rpm,605,457,36.7,36.7,3915,497,0,563,0.547,1,COM7
2,170886,37,rpm,816,457,36.7,36.7,3915,497,0,564,0.547,1,COM7
2,170906,37,rpm,954,457,36.7,36.7,3915,497,0,564,0.547,1,COM7
2,170927,37,rpm,705,457,36.7,36.7,3915,497,0,564,0.547,1,COM7
2,170948,37,rpm,697,457,36.7,36.7,3915,497,0,564,0.547,1,COM7
2,170968,37,rpm,664,457,36.7,36.7,3915,497,0,564,0.547,1,COM7
2,170989,37,rpm,528,457,36.7,36.7,3915,497,0,564,0.547,1,COM7
2,171010,37,rpm,396,457,36.7,36.7,3915,497,0,565,0.548,1,COM7
2,171030,37,rpm,334,457,36.7,36.7,3915,497,0,565,0.548,1,COM7
2,171051,37,rpm,-52,457,36.7,36.7,3915,497,0,565,0.548,1,COM7
2,171072,37,rpm,-205,457,36.7,36.7,3915,497,0,565,0.548,1,COM7
2,171092,37,rpm,143,457,36.7,36.7,3915,497,0,565,0.548,1,COM7
2,171113,37,rpm,665,457,36.7,36.7,3915,497,0,565,0.548,1,COM7
2,171134,37,rpm,611,457,36.7,36.7,3915,497,0,565,0.549,1,COM7
2,171155,37,rpm,916,457,36.7,36.7,3915,497,0,566,0.549,1,COM7
2,171175,37,rpm,861,457,36.7,36.7,3915,497,0,566,0.549,1,COM7
2,171196,37,rpm,563,457,36.7,36.7,3915,497,0,566,0.549,1,COM7
2,171216,37,rpm,614,457,36.7,36.7,3915,497,0,566,0.549,1,COM7
2,171237,37,rpm,663,457,36.7,36.7,3915,497,0,566,0.549,1,COM7
2,171258,37,rpm,430,457,36.7,36.7,3915,497,0,566,0.549,1,COM7
2,171278,37,rpm,339,457,36.7,36.7,3915,497,0,567,0.55,1,COM7
2,171299,37,rpm,212,457,36.7,36.7,3915,497,0,567,0.55,1,COM7
2,171320,37,rpm,-375,457,36.7,36.7,3915,497,0,567,0.55,1,COM7
2,171340,37,rpm,52,457,36.7,36.7,3915,497,0,567,0.55,1,COM7
2,171361,37,rpm,466,457,36.7,36.7,3915,497,0,567,0.55,1,COM7
2,171382,37,rpm,661,457,36.7,36.7,3915,497,0,567,0.55,1,COM7
2,171402,37,rpm,727,457,36.7,36.7,3915,497,0,568,0.55,1,COM7
2,171423,37,rpm,909,457,36.7,36.7,3915,497,0,568,0.551,1,COM7
2,171444,37,rpm,744,457,36.7,36.7,3915,497,0,568,0.551,1,COM7
2,171464,37,rpm,586,457,36.7,36.7,3915,497,0,568,0.551,1,COM7
2,171485,37,rpm,610,457,36.7,36.7,3915,497,0,568,0.551,1,COM7
2,171506,37,rpm,532,457,36.7,36.7,3915,497,0,568,0.551,1,COM7
2,171526,37,rpm,395,457,36.7,36.7,3915,497,0,568,0.551,1,COM7
2,171547,37,rpm,308,457,36.7,36.7,3915,497,0,569,0.552,1,COM7
2,171568,37,rpm,-166,457,36.7,36.7,3915,497,0,569,0.552,1,COM7
2,171588,37,rpm,-123,457,36.7,36.7,3915,497,0,569,0.552,1,COM7
2,171609,37,rpm,177,457,36.7,36.7,3915,497,0,569,0.552,1,COM7
2,171630,37,rpm,603,457,36.7,36.7,3915,497,0,569,0.552,1,COM7
2,171650,37,rpm,767,457,36.7,36.7,3915,497,0,569,0.552,1,COM7
2,171671,37,rpm,872,457,36.7,36.7,3915,497,0,570,0.552,1,COM7
2,171692,37,rpm,710,457,36.7,36.7,3915,497,0,570,0.553,1,COM7
2,171713,37,rpm,757,457,36.7,36.7,3915,497,0,570,0.553,1,COM7
2,171733,37,rpm,594,457,36.7,36.7,3915,497,0,570,0.553,1,COM7
2,171754,37,rpm,538,457,36.7,36.7,3915,497,0,570,0.553,1,COM7
2,171774,37,rpm,500,457,36.7,36.7,3915,497,0,570,0.553,1,COM7
2,171795,37,rpm,350,457,36.7,36.7,3915,497,0,571,0.553,1,COM7
2,171816,37,rpm,179,457,36.7,36.7,3915,497,0,571,0.554,1,COM7
2,171836,37,rpm,-413,457,36.7,36.7,3915,497,0,571,0.554,1,COM7
2,171857,37,rpm,71,457,36.7,36.7,3915,497,0,571,0.554,1,COM7
2,171878,37,rpm,437,457,36.7,36.7,3915,497,0,571,0.554,1,COM7
2,171898,37,rpm,719,457,36.7,36.7,3915,497,0,571,0.554,1,COM7
2,171919,37,rpm,860,457,36.7,36.7,3915,497,0,571,0.554,1,COM7
2,171940,37,rpm,778,457,36.7,36.7,3915,497,0,572,0.554,1,COM7
2,171960,37,rpm,699,457,36.7,36.7,3915,497,0,572,0.555,1,COM7
2,171981,37,rpm,697,457,36.7,36.7,3915,497,0,572,0.555,1,COM7
2,172001,37,rpm,555,457,36.7,36.7,3915,497,0,572,0.555,1,COM7
2,172022,37,rpm,482,457,36.7,36.7,3915,497,0,572,0.555,1,COM7
2,172043,37,rpm,441,457,36.7,36.7,3915,497,0,572,0.555,1,COM7
2,172064,37,rpm,270,457,36.7,36.7,3915,497,0,573,0.555,1,COM7
2,172084,37,rpm,-286,457,36.7,36.7,3915,497,0,573,0.556,1,COM7
2,172105,37,rpm,-55,457,36.7,36.7,3915,497,0,573,0.556,1,COM7
2,172125,37,rpm,233,457,36.7,36.7,3915,497,0,573,0.556,1,COM7
2,172146,37,rpm,618,457,36.7,36.7,3915,497,0,573,0.556,1,COM7
2,172167,37,rpm,726,457,36.7,36.7,3915,497,0,573,0.556,1,COM7
2,172187,37,rpm,976,457,36.7,36.7,3915,497,0,573,0.556,1,COM7
2,172208,37,rpm,643,457,36.7,36.7,3915,497,0,574,0.556,1,COM7
2,172229,37,rpm,701,457,36.7,36.7,3915,497,0,574,0.557,1,COM7
2,172249,37,rpm,657,457,36.7,36.7,3915,497,0,574,0.557,1,COM7
2,172270,37,rpm,514,457,36.7,36.7,3915,497,0,574,0.557,1,COM7
2,172291,37,rpm,426,457,36.7,36.7,3915,497,0,574,0.557,1,COM7
2,172312,37,rpm,334,457,36.7,36.7,3915,497,0,574,0.557,1,COM7
2,172332,37,rpm,6,457,36.7,36.7,3915,497,0,575,0.557,1,COM7
2,172353,37,rpm,-263,457,36.7,36.7,3915,497,0,575,0.558,1,COM7
2,172374,37,rpm,117,457,36.7,36.7,3915,497,0,575,0.558,1,COM7
2,172394,37,rpm,613,457,36.7,36.7,3915,497,0,575,0.558,1,COM7
2,172415,37,rpm,697,457,36.7,36.7,3915,497,0,575,0.558,1,COM7
2,172435,37,rpm,955,457,36.7,36.7,3915,497,0,575,0.558,1,COM7
2,172456,37,rpm,795,457,36.7,36.7,3915,497,0,576,0.558,1,COM7
2,172477,37,rpm,673,457,36.7,36.7,3915,497,0,576,0.558,1,COM7
2,172497,37,rpm,664,457,36.7,36.7,3915,497,0,576,0.559,1,COM7
2,172518,37,rpm,570,457,36.7,36.7,3915,497,0,576,0.559,1,COM7
2,172539,37,rpm,466,457,36.7,36.7,3915,497,0,576,0.559,1,COM7
2,172559,37,rpm,330,457,36.7,36.7,3915,497,0,576,0.559,1,COM7
2,172580,37,rpm,124,457,36.7,36.7,3915,497,0,576,0.559,1,COM7
2,172601,37,rpm,-349,457,36.7,36.7,3915,497,0,577,0.559,1,COM7
2,172621,37,rpm,81,457,36.7,36.7,3915,497,0,577,0.559,1,COM7
2,172642,37,rpm,474,457,36.7,36.7,3915,497,0,577,0.56,1,COM7
2,172663,37,rpm,742,457,36.7,36.7,3915,497,0,577,0.56,1,COM7
2,172683,37,rpm,786,457,36.7,36.7,3915,497,0,577,0.56,1,COM7
2,172704,37,rpm,793,457,36.7,36.7,3915,497,0,577,0.56,1,COM7
2,172724,37,rpm,804,457,36.7,36.7,3915,497,0,578,0.56,1,COM7
2,172745,37,rpm,595,457,36.7,36.7,3915,497,0,578,0.56,1,COM7
2,172766,37,rpm,571,457,36.7,36.7,3915,497,0,578,0.561,1,COM7
2,172786,37,rpm,550,457,36.7,36.7,3915,497,0,578,0.561,1,COM7
2,172807,37,rpm,369,457,36.7,36.7,3915,497,0,578,0.561,1,COM7
2,172828,37,rpm,270,457,36.7,36.7,3915,497,0,578,0.561,1,COM7
2,172848,37,rpm,-380,457,36.7,36.7,3915,497,0,579,0.561,1,COM7
2,172869,37,rpm,27,457,36.7,36.7,3915,497,0,579,0.561,1,COM7
2,172890,37,rpm,262,457,36.7,36.7,3915,497,0,579,0.561,1,COM7
2,172910,37,rpm,698,457,36.7,36.7,3915,497,0,579,0.562,1,COM7
2,172931,37,rpm,794,457,36.7,36.7,3915,497,0,579,0.562,1,COM7
2,172952,37,rpm,798,457,36.7,36.7,3915,497,0,579,0.562,1,COM7
2,172972,37,rpm,752,456,36.7,36.7,3915,497,0,579,0.562,1,COM7
2,172993,37,rpm,699,456,36.7,36.7,3915,497,0,580,0.562,1,COM7
2,173014,37,rpm,584,456,36.7,36.7,3915,497,0,580,0.562,1,COM7
2,173034,37,rpm,507,456,36.7,36.7,3915,497,0,580,0.563,1,COM7
2,173055,37,rpm,478,456,36.7,36.7,3915,497,0,580,0.563,1,COM7
2,173076,37,rpm,312,456,36.7,36.7,3915,497,0,580,0.563,1,COM7
2,173096,37,rpm,34,456,36.7,36.7,3915,497,0,580,0.563,1,COM7
2,173117,37,rpm,-301,456,36.7,36.7,3915,497,0,581,0.563,1,COM7
2,173138,37,rpm,105,456,36.7,36.7,3915,497,0,581,0.563,1,COM7
2,173158,37,rpm,546,456,36.7,36.7,3915,497,0,581,0.563,1,COM7
2,173179,37,rpm,690,456,36.7,36.7,3915,497,0,581,0.564,1,COM7
2,173200,37,rpm,915,456,36.7,36.7,3915,497,0,581,0.564,1,COM7
2,173221,37,rpm,709,456,36.7,36.7,3915,497,0,581,0.564,1,COM7
2,173241,37,rpm,724,456,36.7,36.7,3915,497,0,582,0.564,1,COM7
2,173262,37,rpm,721,456,36.7,36.7,3915,497,0,582,0.564,1,COM7
2,173282,37,rpm,513,456,36.7,36.7,3915,497,0,582,0.564,1,COM7
2,173303,37,rpm,523,456,36.7,36.7,3915,497,0,582,0.565,1,COM7
2,173324,37,rpm,396,456,36.7,36.7,3915,497,0,582,0.565,1,COM7
2,173344,37,rpm,244,456,36.7,36.7,3915,497,0,582,0.565,1,COM7
2,173365,37,rpm,-387,456,36.7,36.7,3915,497,0,582,0.565,1,COM7
2,173386,37,rpm,40,456,36.7,36.7,3915,497,0,583,0.565,1,COM7
2,173406,37,rpm,335,456,36.7,36.7,3915,497,0,583,0.565,1,COM7
2,173427,37,rpm,646,456,36.7,36.7,3915,497,0,583,0.565,1,COM7
2,173448,37,rpm,860,456,36.7,36.7,3915,497,0,583,0.566,1,COM7
2,173468,37,rpm,871,456,36.7,36.7,3915,497,0,583,0.566,1,COM7
2,173489,37,rpm,674,456,36.7,36.7,3915,497,0,583,0.566,1,COM7
2,173510,37,rpm,663,456,36.7,36.7,3915,497,0,584,0.566,1,COM7
2,173530,37,rpm,637,456,36.7,36.7,3915,497,0,584,0.566,1,COM7
2,173551,37,rpm,510,456,36.7,36.7,3915,497,0,584,0.566,1,COM7
2,173572,37,rpm,412,456,36.7,36.7,3915,497,0,584,0.567,1,COM7
2,173592,37,rpm,310,456,36.7,36.7,3915,497,0,584,0.567,1,COM7
2,173613,37,rpm,-43,456,36.7,36.7,3915,497,0,584,0.567,1,COM7
2,173634,37,rpm,-237,456,36.7,36.7,3915,497,0,585,0.567,1,COM7
2,173654,37,rpm,128,456,36.7,36.7,3915,497,0,585,0.567,1,COM7
2,173675,37,rpm,612,456,36.7,36.7,3915,497,0,585,0.567,1,COM7
2,173696,37,rpm,715,456,36.7,36.7,3915,497,0,585,0.567,1,COM7
2,173717,37,rpm,825,456,36.7,36.7,3915,497,0,585,0.568,1,COM7
2,173737,37,rpm,908,456,36.7,36.7,3915,497,0,585,0.568,1,COM7
2,173758,37,rpm,649,456,36.7,36.7,3915,497,0,585,0.568,1,COM7
2,173779,37,rpm,552,456,36.7,36.7,3915,497,0,586,0.568,1,COM7
2,173799,37,rpm,626,456,36.7,36.7,3915,497,0,586,0.568,1,COM7
2,173820,37,rpm,488,456,36.7,36.7,3915,497,0,586,0.568,1,COM7
2,173841,37,rpm,320,456,36.7,36.7,3915,497,0,586,0.568,1,COM7
2,173861,37,rpm,192,456,36.7,36.7,3915,497,0,586,0.569,1,COM7
2,173882,37,rpm,-371,456,36.7,36.7,3915,497,0,586,0.569,1,COM7
2,173903,37,rpm,77,456,36.7,36.7,3915,497,0,587,0.569,1,COM7
2,173923,37,rpm,469,456,36.7,36.7,3915,497,0,587,0.569,1,COM7
2,173944,37,rpm,776,456,36.7,36.7,3915,497,0,587,0.569,1,COM7
2,173965,37,rpm,882,456,36.7,36.7,3915,497,0,587,0.569,1,COM7
2,173985,37,rpm,743,456,36.7,36.7,3915,497,0,587,0.57,1,COM7
2,174006,37,rpm,805,456,36.7,36.7,3915,497,0,587,0.57,1,COM7
2,174027,37,rpm,662,456,36.7,36.7,3915,497,0,587,0.57,1,COM7
2,174047,37,rpm,510,456,36.7,36.7,3915,497,0,588,0.57,1,COM7
2,174068,37,rpm,543,456,36.7,36.7,3915,497,0,588,0.57,1,COM7
2,174089,37,rpm,360,456,36.7,36.7,3915,497,0,588,0.57,1,COM7
2,174109,37,rpm,209,456,36.7,36.7,3915,497,0,588,0.57,1,COM7
2,174130,37,rpm,-401,456,36.7,36.7,3915,497,0,588,0.571,1,COM7
2,174151,37,rpm,58,456,36.7,36.7,3915,497,0,588,0.571,1,COM7
2,174171,37,rpm,378,456,36.7,36.7,3915,497,0,589,0.571,1,COM7
2,174192,37,rpm,682,456,36.7,36.7,3915,497,0,589,0.571,1,COM7
2,174213,37,rpm,876,456,36.7,36.7,3915,497,0,589,0.571,1,COM7
2,174233,37,rpm,750,456,36.7,36.7,3915,497,0,589,0.571,1,COM7
2,174254,37,rpm,720,456,36.7,36.7,3915,497,0,589,0.572,1,COM7
2,174275,37,rpm,720,456,36.7,36.7,3915,497,0,589,0.572,1,COM7
2,174295,37,rpm,578,456,36.7,36.7,3915,497,0,590,0.572,1,COM7
2,174316,37,rpm,504,456,36.7,36.7,3915,497,0,590,0.572,1,COM7
2,174337,37,rpm,437,456,36.7,36.7,3915,497,0,590,0.572,1,COM7
2,174357,37,rpm,290,456,36.7,36.7,3915,497,0,590,0.572,1,COM7
2,174378,37,rpm,-175,456,36.7,36.7,3915,497,0,590,0.572,1,COM7
2,174399,37,rpm,-121,456,36.7,36.7,3915,497,0,590,0.573,1,COM7
2,174419,37,rpm,178,456,36.7,36.7,3915,497,0,590,0.573,1,COM7
2,174440,37,rpm,611,456,36.7,36.7,3915,497,0,591,0.573,1,COM7
2,174461,37,rpm,749,456,36.7,36.7,3915,497,0,591,0.573,1,COM7
2,174482,37,rpm,865,456,36.7,36.7,3915,497,0,591,0.573,1,COM7
2,174502,37,rpm,794,456,36.7,36.7,3915,497,0,591,0.573,1,COM7
2,174523,37,rpm,656,456,36.7,36.7,3915,497,0,591,0.574,1,COM7
2,174543,37,rpm,610,456,36.7,36.7,3915,497,0,591,0.574,1,COM7
2,174564,37,rpm,561,456,36.7,36.7,3915,497,0,592,0.574,1,COM7
2,174585,37,rpm,465,456,36.7,36.7,3915,497,0,592,0.574,1,COM7
2,174605,37,rpm,326,456,36.7,36.7,3915,497,0,592,0.574,1,COM7
2,174626,37,rpm,191,456,36.7,36.7,3915,497,0,592,0.574,1,COM7
2,174647,37,rpm,-364,456,36.7,36.7,3915,497,0,592,0.574,1,COM7
2,174667,37,rpm,63,456,36.7,36.7,3915,497,0,592,0.575,1,COM7
2,174688,37,rpm,462,456,36.7,36.7,3915,497,0,593,0.575,1,COM7
2,174709,37,rpm,674,456,36.7,36.7,3915,497,0,593,0.575,1,COM7
2,174729,37,rpm,778,456,36.7,36.7,3915,497,0,593,0.575,1,COM7
2,174750,37,rpm,888,456,36.7,36.7,3915,497,0,593,0.575,1,COM7
2,174771,37,rpm,727,456,36.7,36.7,3915,497,0,593,0.575,1,COM7
2,174792,37,rpm,555,456,36.7,36.7,3915,497,0,593,0.576,1,COM7
2,174812,37,rpm,658,456,36.7,36.7,3915,497,0,593,0.576,1,COM7
2,174833,37,rpm,536,456,36.7,36.7,3915,497,0,594,0.576,1,COM7
2,174854,37,rpm,358,456,36.7,36.7,3915,497,0,594,0.576,1,COM7
2,174874,37,rpm,296,456,36.7,36.7,3915,497,0,594,0.576,1,COM7
2,174895,37,rpm,-288,456,36.7,36.7,3915,497,0,594,0.576,1,COM7
2,174916,37,rpm,-34,456,36.7,36.7,3915,497,0,594,0.576,1,COM7
2,174936,37,rpm,222,456,36.7,36.7,3915,497,0,594,0.577,1,COM7
2,174957,37,rpm,719,456,36.7,36.7,3915,497,0,595,0.577,1,COM7
2,174978,37,rpm,745,456,36.7,36.7,3915,497,0,595,0.577,1,COM7
2,174998,37,rpm,745,456,36.7,36.7,3915,497,0,595,0.577,1,COM7
2,175019,37,rpm,846,456,36.7,36.7,3915,497,0,595,0.577,1,COM7
2,175040,37,rpm,724,456,36.7,36.7,3915,497,0,595,0.577,1,COM7
2,175060,37,rpm,567,456,36.7,36.7,3915,497,0,595,0.577,1,COM7
2,175081,37,rpm,559,456,36.7,36.7,3915,497,0,596,0.578,1,COM7
2,175102,37,rpm,478,456,36.7,36.7,3915,497,0,596,0.578,1,COM7
2,175122,37,rpm,290,456,36.7,36.7,3915,497,0,596,0.578,1,COM7
2,175143,37,rpm,105,456,36.7,36.7,3915,497,0,596,0.578,1,COM7
2,175164,37,rpm,-348,456,36.7,36.7,3915,497,0,596,0.578,1,COM7
2,175184,37,rpm,95,456,36.7,36.7,3915,497,0,596,0.578,1,COM7
2,175205,37,rpm,505,456,36.7,36.7,3915,497,0,596,0.579,1,COM7
2,175226,37,rpm,797,456,36.7,36.7,3915,497,0,597,0.579,1,COM7
2,175246,37,rpm,810,456,36.7,36.7,3915,497,0,597,0.579,1,COM7
2,175267,37,rpm,737,456,36.7,36.7,3915,497,0,597,0.579,1,COM7
2,175288,37,rpm,794,456,36.7,36.7,3915,497,0,597,0.579,1,COM7
2,175308,37,rpm,630,456,36.7,36.7,3915,497,0,597,0.579,1,COM7
2,175329,37,rpm,544,456,36.7,36.7,3915,497,0,597,0.579,1,COM7
2,175350,37,rpm,512,456,36.7,36.7,3915,497,0,598,0.58,1,COM7
2,175370,37,rpm,374,456,36.7,36.7,3915,497,0,598,0.58,1,COM7
2,175391,37,rpm,247,456,36.7,36.7,3915,497,0,598,0.58,1,COM7
2,175412,37,rpm,-409,456,36.7,36.7,3915,497,0,598,0.58,1,COM7
2,175432,37,rpm,48,457,36.7,36.7,3915,497,0,598,0.58,1,COM7
2,175453,37,rpm,354,457,36.7,36.7,3915,497,0,598,0.58,1,COM7
2,175474,37,rpm,719,457,36.7,36.7,3915,497,0,598,0.581,1,COM7
2,175494,37,rpm,779,457,36.7,36.7,3915,497,0,599,0.581,1,COM7
2,175515,37,rpm,918,457,36.7,36.7,3915,497,0,599,0.581,1,COM7
2,175536,37,rpm,673,457,36.7,36.7,3915,497,0,599,0.581,1,COM7
2,175556,37,rpm,717,457,36.7,36.7,3915,497,0,599,0.581,1,COM7
2,175577,37,rpm,614,457,36.7,36.7,3915,497,0,599,0.581,1,COM7
2,175598,37,rpm,511,457,36.7,36.7,3915,497,0,599,0.581,1,COM7
2,175618,37,rpm,338,457,36.7,36.7,3915,497,0,600,0.582,1,COM7
2,175639,37,rpm,283,457,36.7,36.7,3915,497,0,600,0.582,1,COM7
2,175660,37,rpm,-340,457,36.7,36.7,3915,497,0,600,0.582,1,COM7
2,175680,37,rpm,17,457,36.7,36.7,3915,497,0,600,0.582,1,COM7
2,175701,37,rpm,315,457,36.7,36.7,3915,497,0,600,0.582,1,COM7
2,175722,37,rpm,703,457,36.7,36.7,3915,497,0,600,0.582,1,COM7
2,175742,37,rpm,672,457,36.7,36.7,3915,497,0,601,0.583,1,COM7
2,175763,37,rpm,939,457,36.7,36.7,3915,497,0,601,0.583,1,COM7
2,175784,37,rpm,786,457,36.7,36.7,3915,497,0,601,0.583,1,COM7
2,175804,37,rpm,606,457,36.7,36.7,3915,497,0,601,0.583,1,COM7
2,175825,37,rpm,588,457,36.7,36.7,3915,497,0,601,0.583,1,COM7
2,175846,37,rpm,612,457,36.7,36.7,3915,497,0,601,0.583,1,COM7
2,175867,37,rpm,400,457,36.7,36.7,3915,497,0,601,0.583,1,COM7
2,175887,37,rpm,289,457,36.7,36.7,3915,497,0,602,0.584,1,COM7
2,175908,37,rpm,-10,457,36.7,36.7,3915,497,0,602,0.584,1,COM7
2,175929,37,rpm,-244,457,36.7,36.7,3915,497,0,602,0.584,1,COM7
2,175949,37,rpm,94,457,36.7,36.7,3915,497,0,602,0.584,1,COM7
2,175970,37,rpm,621,457,36.7,36.7,3915,497,0,602,0.584,1,COM7
2,175991,37,rpm,771,457,36.7,36.7,3915,497,0,602,0.584,1,COM7
2,176011,37,rpm,729,457,36.7,36.7,3915,497,0,603,0.585,1,COM7
2,176032,37,rpm,832,457,36.7,36.7,3915,497,0,603,0.585,1,COM7
2,176053,37,rpm,761,457,36.7,36.7,3915,497,0,603,0.585,1,COM7
2,176073,37,rpm,525,457,36.7,36.7,3915,497,0,603,0.585,1,COM7
2,176094,37,rpm,566,457,36.7,36.7,3915,497,0,603,0.585,1,COM7
2,176114,37,rpm,556,457,36.7,36.7,3915,497,0,603,0.585,1,COM7
2,176135,37,rpm,306,457,36.7,36.7,3915,497,0,604,0.585,1,COM7
2,176156,37,rpm,275,457,36.7,36.7,3915,497,0,604,0.586,1,COM7
2,176176,37,rpm,-383,457,36.7,36.7,3915,497,0,604,0.586,1,COM7
2,176197,37,rpm,37,457,36.7,36.7,3915,497,0,604,0.586,1,COM7
2,176218,37,rpm,326,457,36.7,36.7,3915,497,0,604,0.586,1,COM7
2,176239,37,rpm,729,457,36.7,36.7,3915,497,0,604,0.586,1,COM7
2,176259,37,rpm,770,457,36.7,36.7,3915,497,0,604,0.586,1,COM7
2,176280,37,rpm,798,457,36.7,36.7,3915,497,0,605,0.586,1,COM7
2,176300,37,rpm,794,457,36.7,36.7,3915,497,0,605,0.587,1,COM7
2,176321,37,rpm,630,457,36.7,36.7,3915,497,0,605,0.587,1,COM7
2,176342,37,rpm,606,457,36.7,36.7,3915,497,0,605,0.587,1,COM7
2,176362,37,rpm,543,457,36.7,36.7,3915,497,0,605,0.587,1,COM7
2,176383,37,rpm,416,457,36.7,36.7,3915,497,0,605,0.587,1,COM7
2,176404,37,rpm,316,457,36.7,36.7,3915,497,0,606,0.587,1,COM7
2,176424,37,rpm,-79,457,36.7,36.7,3915,497,0,606,0.588,1,COM7
2,176445,37,rpm,-226,457,36.7,36.7,3915,497,0,606,0.588,1,COM7
2,176466,37,rpm,136,457,36.7,36.7,3915,497,0,606,0.588,1,COM7
2,176486,37,rpm,617,457,36.7,36.7,3915,497,0,606,0.588,1,COM7
2,176507,37,rpm,748,457,36.7,36.7,3915,497,0,606,0.588,1,COM7
2,176528,37,rpm,885,457,36.7,36.7,3915,497,0,607,0.588,1,COM7
2,176548,37,rpm,796,457,36.7,36.7,3915,497,0,607,0.588,1,COM7
2,176569,37,rpm,618,457,36.7,36.7,3915,497,0,607,0.589,1,COM7
2,176590,37,rpm,699,457,36.7,36.7,3915,497,0,607,0.589,1,COM7
2,176610,37,rpm,542,457,36.7,36.7,3915,497,0,607,0.589,1,COM7
2,176631,37,rpm,461,457,36.7,36.7,3915,497,0,607,0.589,1,COM7
2,176652,37,rpm,358,457,36.7,36.7,3915,497,0,607,0.589,1,COM7
2,176672,37,rpm,226,457,36.7,36.7,3915,497,0,608,0.589,1,COM7
2,176693,37,rpm,-432,457,36.7,36.7,3915,497,0,608,0.59,1,COM7
2,176714,37,rpm,65,457,36.7,36.7,3915,497,0,608,0.59,1,COM7
2,176734,37,rpm,410,457,36.7,36.7,3915,497,0,608,0.59,1,COM7
2,176755,37,rpm,633,457,36.7,36.7,3915,497,0,608,0.59,1,COM7
2,176776,37,rpm,829,457,36.7,36.7,3915,497,0,608,0.59,1,COM7
2,176796,37,rpm,911,457,36.7,36.7,3915,497,0,609,0.59,1,COM7
2,176817,37,rpm,677,457,36.7,36.7,3915,497,0,609,0.59,1,COM7
2,176838,37,rpm,597,457,36.7,36.7,3915,497,0,609,0.591,1,COM7
2,176858,37,rpm,648,457,36.7,36.7,3915,497,0,609,0.591,1,COM7
2,176879,37,rpm,532,457,36.7,36.7,3915,497,0,609,0.591,1,COM7
2,176900,37,rpm,326,457,36.7,36.7,3915,497,0,609,0.591,1,COM7
2,176920,37,rpm,315,457,36.7,36.7,3915,497,0,610,0.591,1,COM7
2,176941,37,rpm,-328,457,36.7,36.7,3915,497,0,610,0.591,1,COM7
2,176962,37,rpm,-11,457,36.7,36.7,3915,497,0,610,0.592,1,COM7
2,176982,37,rpm,255,457,36.7,36.7,3915,497,0,610,0.592,1,COM7
2,177003,37,rpm,745,457,36.7,36.7,3915,497,0,610,0.592,1,COM7
2,177024,37,rpm,782,457,36.7,36.7,3915,497,0,610,0.592,1,COM7
2,177044,37,rpm,852,457,36.7,36.7,3915,497,0,610,0.592,1,COM7
2,177065,37,rpm,827,457,36.7,36.7,3915,497,0,611,0.592,1,COM7
2,177086,37,rpm,624,457,36.7,36.7,3915,497,0,611,0.592,1,COM7
2,177106,37,rpm,606,457,36.7,36.7,3915,497,0,611,0.593,1,COM7
2,177127,37,rpm,587,457,36.7,36.7,3915,497,0,611,0.593,1,COM7
2,177148,37,rpm,379,457,36.7,36.7,3915,497,0,611,0.593,1,COM7
2,177168,37,rpm,274,457,36.7,36.7,3915,497,0,611,0.593,1,COM7
2,177189,37,rpm,-132,457,36.7,36.7,3915,497,0,612,0.593,1,COM7
2,177210,37,rpm,-144,457,36.7,36.7,3915,497,0,612,0.593,1,COM7
2,177230,37,rpm,152,457,36.7,36.7,3915,497,0,612,0.594,1,COM7
2,177251,37,rpm,690,457,36.7,36.7,3915,497,0,612,0.594,1,COM7
2,177272,37,rpm,737,457,36.7,36.7,3915,497,0,612,0.594,1,COM7
2,177292,37,rpm,779,457,36.7,36.7,3915,497,0,612,0.594,1,COM7
2,177313,37,rpm,822,457,36.7,36.7,3915,497,0,612,0.594,1,COM7
2,177334,37,rpm,674,457,36.7,36.7,3915,497,0,613,0.594,1,COM7
2,177354,37,rpm,584,457,36.7,36.7,3915,497,0,613,0.594,1,COM7
2,177375,37,rpm,572,457,36.7,36.7,3915,497,0,613,0.595,1,COM7
2,177396,37,rpm,476,457,36.7,36.7,3915,497,0,613,0.595,1,COM7
2,177416,37,rpm,323,457,36.7,36.7,3915,497,0,613,0.595,1,COM7
2,177437,37,rpm,127,457,36.7,36.7,3915,497,0,613,0.595,1,COM7
2,177458,37,rpm,-342,457,36.7,36.7,3915,497,0,614,0.595,1,COM7
2,177478,37,rpm,81,457,36.7,36.7,3915,497,0,614,0.595,1,COM7
2,177499,37,rpm,467,457,36.7,36.7,3915,497,0,614,0.595,1,COM7
2,177520,37,rpm,735,457,36.7,36.7,3915,497,0,614,0.596,1,COM7
2,177540,37,rpm,841,457,36.7,36.7,3915,497,0,614,0.596,1,COM7
2,177561,37,rpm,796,457,36.7,36.7,3915,497,0,614,0.596,1,COM7
2,177581,37,rpm,687,457,36.7,36.7,3915,497,0,615,0.596,1,COM7
2,177602,37,rpm,717,457,36.7,36.7,3915,497,0,615,0.596,1,COM7
2,177623,37,rpm,579,457,36.7,36.7,3915,497,0,615,0.596,1,COM7
2,177643,37,rpm,458,457,36.7,36.7,3915,497,0,615,0.597,1,COM7
2,177664,37,rpm,432,457,36.7,36.7,3915,497,0,615,0.597,1,COM7
2,177685,37,rpm,278,457,36.7,36.7,3915,497,0,615,0.597,1,COM7
2,177705,37,rpm,-316,457,36.7,36.7,3915,497,0,615,0.597,1,COM7
2,177726,37,rpm,-15,457,36.7,36.7,3915,497,0,616,0.597,1,COM7
2,177747,37,rpm,231,457,36.7,36.7,3915,497,0,616,0.597,1,COM7
2,177767,37,rpm,604,457,36.7,36.7,3915,497,0,616,0.597,1,COM7
2,177788,37,rpm,750,457,36.7,36.7,3915,497,0,616,0.598,1,COM7
2,177809,37,rpm,923,457,36.7,36.7,3915,497,0,616,0.598,1,COM7
2,177829,37,rpm,699,457,36.7,36.7,3915,497,0,616,0.598,1,COM7
2,177850,37,rpm,652,457,36.7,36.7,3915,497,0,617,0.598,1,COM7
2,177871,37,rpm,680,457,36.7,36.7,3915,497,0,617,0.598,1,COM7
2,177891,37,rpm,544,457,36.7,36.7,3915,497,0,617,0.598,1,COM7
2,177912,37,rpm,415,457,36.7,36.7,3915,497,0,617,0.599,1,COM7
2,177932,37,rpm,359,457,36.7,36.7,3915,497,0,617,0.599,1,COM7
2,177953,37,rpm,62,457,36.7,36.7,3915,497,0,617,0.599,1,COM7
2,177974,37,rpm,-314,457,36.7,36.7,3915,497,0,618,0.599,1,COM7
2,177994,37,rpm,96,457,36.7,36.7,3915,497,0,618,0.599,1,COM7
2,178015,37,rpm,560,457,36.7,36.7,3915,497,0,618,0.599,1,COM7
2,178036,37,rpm,656,457,36.7,36.7,3915,497,0,618,0.599,1,COM7
2,178056,37,rpm,837,457,36.7,36.7,3915,497,0,618,0.6,1,COM7
2,178077,37,rpm,930,457,36.7,36.7,3915,497,0,618,0.6,1,COM7
2,178098,37,rpm,580,457,36.7,36.7,3915,497,0,618,0.6,1,COM7
2,178118,37,rpm,649,457,36.7,36.7,3915,497,0,619,0.6,1,COM7
2,178139,37,rpm,658,457,36.7,36.7,3915,497,0,619,0.6,1,COM7
2,178159,37,rpm,480,457,36.7,36.7,3915,497,0,619,0.6,1,COM7
2,178180,37,rpm,352,457,36.7,36.7,3915,497,0,619,0.601,1,COM7
2,178201,37,rpm,290,457,36.7,36.7,3915,497,0,619,0.601,1,COM7
2,178221,37,rpm,-355,457,36.7,36.7,3915,497,0,619,0.601,1,COM7
2,178242,37,rpm,9,457,36.7,36.7,3915,497,0,620,0.601,1,COM7
2,178263,37,rpm,283,457,36.7,36.7,3915,497,0,620,0.601,1,COM7
2,178283,37,rpm,672,457,36.7,36.7,3915,497,0,620,0.601,1,COM7
2,178304,37,rpm,730,457,36.7,36.7,3915,497,0,620,0.601,1,COM7
2,178325,37,rpm,962,457,36.7,36.7,3915,497,0,620,0.602,1,COM7
2,178345,37,rpm,750,457,36.7,36.7,3915,497,0,620,0.602,1,COM7
2,178366,37,rpm,582,457,36.7,36.7,3915,497,0,621,0.602,1,COM7
2,178387,37,rpm,631,457,36.7,36.7,3915,497,0,621,0.602,1,COM7
2,178408,37,rpm,509,457,36.7,36.7,3915,497,0,621,0.602,1,COM7
2,178428,37,rpm,445,457,36.7,36.7,3915,497,0,621,0.602,1,COM7
2,178449,37,rpm,311,457,36.7,36.7,3915,497,0,621,0.603,1,COM7
2,178469,37,rpm,-82,457,36.7,36.7,3915,497,0,621,0.603,1,COM7
2,178490,37,rpm,-194,457,36.7,36.7,3915,497,0,621,0.603,1,COM7
2,178511,37,rpm,127,457,36.7,36.7,3915,497,0,622,0.603,1,COM7
2,178531,37,rpm,661,457,36.7,36.7,3915,497,0,622,0.603,1,COM7
2,178552,37,rpm,788,457,36.7,36.7,3915,497,0,622,0.603,1,COM7
2,178573,37,rpm,824,457,36.7,36.7,3915,497,0,622,0.603,1,COM7
2,178593,37,rpm,806,457,36.7,36.7,3915,497,0,622,0.604,1,COM7
2,178614,37,rpm,712,457,36.7,36.7,3915,497,0,622,0.604,1,COM7
2,178635,37,rpm,622,457,36.7,36.7,3915,497,0,623,0.604,1,COM7
2,178655,37,rpm,539,457,36.7,36.7,3915,497,0,623,0.604,1,COM7
2,178676,37,rpm,466,457,36.7,36.7,3915,497,0,623,0.604,1,COM7
2,178697,37,rpm,311,457,36.7,36.7,3915,497,0,623,0.604,1,COM7
2,178717,37,rpm,27,457,36.7,36.7,3915,497,0,623,0.604,1,COM7
2,178738,37,rpm,-287,457,36.7,36.7,3915,497,0,623,0.605,1,COM7
2,178758,37,rpm,103,457,36.7,36.7,3915,497,0,624,0.605,1,COM7
2,178779,37,rpm,534,457,36.7,36.7,3915,497,0,624,0.605,1,COM7
2,178800,37,rpm,725,457,36.7,36.7,3915,497,0,624,0.605,1,COM7
2,178820,37,rpm,892,457,36.7,36.7,3915,497,0,624,0.605,1,COM7
2,178841,37,rpm,720,457,36.7,36.7,3915,497,0,624,0.605,1,COM7
2,178862,37,rpm,742,457,36.7,36.7,3915,497,0,624,0.606,1,COM7
2,178882,37,rpm,685,457,36.7,36.7,3915,497,0,624,0.606,1,COM7
2,178903,37,rpm,549,457,36.7,36.7,3915,497,0,625,0.606,1,COM7
2,178924,37,rpm,487,457,36.7,36.7,3915,497,0,625,0.606,1,COM7
2,178944,37,rpm,382,457,36.7,36.7,3915,497,0,625,0.606,1,COM7
2,178965,37,rpm,245,457,36.7,36.7,3915,497,0,625,0.606,1,COM7
2,178986,37,rpm,-374,457,36.7,36.7,3915,497,0,625,0.606,1,COM7
2,179006,37,rpm,41,457,36.7,36.7,3915,497,0,625,0.607,1,COM7
2,179027,37,rpm,365,457,36.7,36.7,3915,497,0,626,0.607,1,COM7
2,179048,37,rpm,627,457,36.7,36.7,3915,497,0,626,0.607,1,COM7
2,179068,37,rpm,787,457,36.7,36.7,3915,497,0,626,0.607,1,COM7
2,179089,37,rpm,926,457,36.7,36.7,3915,497,0,626,0.607,1,COM7
2,179110,37,rpm,674,457,36.7,36.7,3915,497,0,626,0.607,1,COM7
2,179130,37,rpm,668,457,36.7,36.7,3915,497,0,626,0.608,1,COM7
2,179151,37,rpm,660,457,36.7,36.7,3915,497,0,626,0.608,1,COM7
2,179172,37,rpm,501,457,36.7,36.7,3915,497,0,627,0.608,1,COM7
2,179192,37,rpm,404,457,36.7,36.7,3915,497,0,627,0.608,1,COM7
2,179213,37,rpm,338,457,36.7,36.7,3915,497,0,627,0.608,1,COM7
2,179234,37,rpm,-56,457,36.7,36.7,3915,497,0,627,0.608,1,COM7
2,179254,37,rpm,-235,457,36.7,36.7,3915,497,0,627,0.608,1,COM7
2,179275,37,rpm,134,457,36.7,36.7,3915,497,0,627,0.609,1,COM7
2,179296,37,rpm,581,457,36.7,36.7,3915,497,0,628,0.609,1,COM7
2,179316,37,rpm,676,457,36.7,36.7,3915,497,0,628,0.609,1,COM7
2,179337,37,rpm,900,457,36.7,36.7,3915,497,0,628,0.609,1,COM7
2,179357,37,rpm,809,457,36.7,36.7,3915,497,0,628,0.609,1,COM7
2,179378,37,rpm,635,457,36.7,36.7,3915,497,0,628,0.609,1,COM7
2,179399,37,rpm,653,457,36.7,36.7,3915,497,0,628,0.61,1,COM7
2,179419,37,rpm,558,457,36.7,36.7,3915,497,0,629,0.61,1,COM7
2,179440,37,rpm,489,457,36.7,36.7,3915,497,0,629,0.61,1,COM7
2,179461,37,rpm,363,457,36.7,36.7,3915,497,0,629,0.61,1,COM7
2,179481,37,rpm,237,457,36.7,36.7,3915,497,0,629,0.61,1,COM7
2,179502,37,rpm,-414,457,36.7,36.7,3915,497,0,629,0.61,1,COM7
2,179523,37,rpm,53,457,36.7,36.7,3915,497,0,629,0.61,1,COM7
2,179543,37,rpm,386,457,36.7,36.7,3915,497,0,629,0.611,1,COM7
2,179564,37,rpm,709,457,36.7,36.7,3915,497,0,630,0.611,1,COM7
2,179585,37,rpm,810,457,36.7,36.7,3915,497,0,630,0.611,1,COM7
2,179605,37,rpm,769,457,36.7,36.7,3915,497,0,630,0.611,1,COM7
2,179626,37,rpm,818,457,36.7,36.7,3915,497,0,630,0.611,1,COM7
2,179647,37,rpm,652,457,36.7,36.7,3915,497,0,630,0.611,1,COM7
2,179667,37,rpm,544,457,36.7,36.7,3915,497,0,630,0.612,1,COM7
2,179688,37,rpm,602,457,36.7,36.7,3915,497,0,631,0.612,1,COM7
2,179709,37,rpm,393,457,36.7,36.7,3915,497,0,631,0.612,1,COM7
2,179729,37,rpm,281,457,36.7,36.7,3915,497,0,631,0.612,1,COM7
2,179750,37,rpm,-115,457,36.7,36.7,3915,497,0,631,0.612,1,COM7
2,179771,37,rpm,-173,457,36.7,36.7,3915,497,0,631,0.612,1,COM7
2,179791,37,rpm,142,457,36.7,36.7,3915,497,0,631,0.612,1,COM7
2,179812,37,rpm,660,457,36.7,36.7,3915,497,0,632,0.613,1,COM7
2,179832,37,rpm,775,457,36.7,36.7,3915,497,0,632,0.613,1,COM7
2,179853,37,rpm,784,457,36.7,36.7,3915,497,0,632,0.613,1,COM7
2,179874,37,rpm,808,457,36.7,36.7,3915,497,0,632,0.613,1,COM7
2,179894,37,rpm,712,457,36.7,36.7,3915,497,0,632,0.613,1,COM7
2,179915,37,rpm,601,457,36.7,36.7,3915,497,0,632,0.613,1,COM7
2,179936,37,rpm,537,457,36.7,36.7,3915,497,0,632,0.613,1,COM7
2,179956,37,rpm,471,457,36.7,36.7,3915,497,0,633,0.614,1,COM7
2,179977,37,rpm,332,457,36.7,36.7,3915,497,0,633,0.614,1,COM7
2,179998,37,rpm,118,457,36.7,36.7,3915,497,0,633,0.614,1,COM7
2,180018,37,rpm,-357,457,36.7,36.7,3915,497,0,633,0.614,1,COM7
2,180039,37,rpm,85,457,36.7,36.7,3915,497,0,633,0.614,1,COM7
2,180060,37,rpm,463,457,36.7,36.7,3915,497,0,633,0.614,1,COM7
2,180080,37,rpm,787,457,36.7,36.7,3915,497,0,634,0.615,1,COM7
2,180101,37,rpm,947,457,36.7,36.7,3915,497,0,634,0.615,1,COM7
2,180122,37,rpm,694,457,36.7,36.7,3915,497,0,634,0.615,1,COM7
2,180142,37,rpm,779,457,36.7,36.7,3915,497,0,634,0.615,1,COM7
2,180163,37,rpm,711,457,36.7,36.7,3915,497,0,634,0.615,1,COM7
2,180184,37,rpm,551,457,36.7,36.7,3915,497,0,634,0.615,1,COM7
2,180204,37,rpm,434,457,36.7,36.7,3915,497,0,635,0.615,1,COM7
2,180225,37,rpm,394,457,36.7,36.7,3915,497,0,635,0.616,1,COM7
2,180246,37,rpm,168,457,36.7,36.7,3915,497,0,635,0.616,1,COM7
2,180266,37,rpm,-361,457,36.7,36.7,3915,497,0,635,0.616,1,COM7
2,180287,37,rpm,70,457,36.7,36.7,3915,497,0,635,0.616,1,COM7
2,180308,37,rpm,470,457,36.7,36.7,3915,497,0,635,0.616,1,COM7
2,180328,37,rpm,640,457,36.7,36.7,3915,497,0,635,0.616,1,COM7
2,180349,37,rpm,877,457,36.7,36.7,3915,497,0,636,0.617,1,COM7
2,180370,37,rpm,816,457,36.7,36.7,3915,497,0,636,0.617,1,COM7
2,180390,37,rpm,686,457,36.7,36.7,3915,497,0,636,0.617,1,COM7
2,180411,37,rpm,675,457,36.7,36.7,3915,497,0,636,0.617,1,COM7
2,180432,37,rpm,589,457,36.7,36.7,3915,497,0,636,0.617,1,COM7
2,180452,37,rpm,535,457,36.7,36.7,3915,497,0,636,0.617,1,COM7
2,180473,37,rpm,382,457,36.7,36.7,3915,497,0,637,0.617,1,COM7
2,180494,37,rpm,295,457,36.7,36.7,3915,497,0,637,0.618,1,COM7
2,180514,37,rpm,-230,457,36.7,36.7,3915,497,0,637,0.618,1,COM7
2,180535,37,rpm,-56,457,36.7,36.7,3915,497,0,637,0.618,1,COM7
2,180556,37,rpm,183,457,36.7,36.7,3915,497,0,637,0.618,1,COM7
2,180576,37,rpm,667,457,36.7,36.7,3915,497,0,637,0.618,1,COM7
2,180597,37,rpm,761,457,36.7,36.7,3915,497,0,638,0.618,1,COM7
2,180618,37,rpm,799,457,36.7,36.7,3915,497,0,638,0.619,1,COM7
2,180638,37,rpm,867,457,36.7,36.7,3915,497,0,638,0.619,1,COM7
2,180659,37,rpm,621,457,36.7,36.7,3915,497,0,638,0.619,1,COM7
2,180680,37,rpm,614,457,36.7,36.7,3915,497,0,638,0.619,1,COM7
2,180700,37,rpm,579,457,36.7,36.7,3915,497,0,638,0.619,1,COM7
2,180721,37,rpm,453,457,36.7,36.7,3915,497,0,638,0.619,1,COM7
2,180742,37,rpm,295,457,36.7,36.7,3915,497,0,639,0.619,1,COM7
2,180762,37,rpm,168,457,36.7,36.7,3915,497,0,639,0.62,1,COM7
2,180783,37,rpm,-356,457,36.7,36.7,3915,497,0,639,0.62,1,COM7
2,180804,37,rpm,63,457,36.7,36.7,3915,497,0,639,0.62,1,COM7
2,180824,37,rpm,474,457,36.7,36.7,3915,497,0,639,0.62,1,COM7
2,180845,37,rpm,715,457,36.7,36.7,3915,497,0,639,0.62,1,COM7
2,180866,37,rpm,705,457,36.7,36.7,3915,497,0,640,0.62,1,COM7
2,180886,37,rpm,896,457,36.7,36.7,3915,497,0,640,0.621,1,COM7
2,180907,37,rpm,760,457,36.7,36.7,3915,497,0,640,0.621,1,COM7
2,180928,37,rpm,579,457,36.7,36.7,3915,497,0,640,0.621,1,COM7
2,180948,37,rpm,566,457,36.7,36.7,3915,497,0,640,0.621,1,COM7
2,180969,37,rpm,561,457,36.7,36.7,3915,497,0,640,0.621,1,COM7
2,180990,37,rpm,366,457,36.7,36.7,3915,497,0,640,0.621,1,COM7
2,181010,37,rpm,265,457,36.7,36.7,3915,497,0,641,0.621,1,COM7
2,181031,37,rpm,-335,457,36.7,36.7,3915,497,0,641,0.622,1,COM7
2,181051,37,rpm,3,457,36.7,36.7,3915,497,0,641,0.622,1,COM7
2,181072,37,rpm,245,457,36.7,36.7,3915,497,0,641,0.622,1,COM7
2,181093,37,rpm,694,457,36.7,36.7,3915,497,0,641,0.622,1,COM7
2,181113,37,rpm,843,457,36.7,36.7,3915,497,0,641,0.622,1,COM7
2,181134,37,rpm,699,457,36.7,36.7,3915,497,0,642,0.622,1,COM7
2,181155,37,rpm,804,457,36.7,36.7,3915,497,0,642,0.622,1,COM7
2,181175,37,rpm,744,457,36.7,36.7,3915,497,0,642,0.623,1,COM7
2,181196,37,rpm,529,457,36.7,36.7,3915,497,0,642,0.623,1,COM7
2,181217,37,rpm,543,457,36.7,36.7,3915,497,0,642,0.623,1,COM7
2,181237,37,rpm,489,457,36.7,36.7,3915,497,0,642,0.623,1,COM7
2,181258,37,rpm,289,457,36.7,36.7,3915,497,0,643,0.623,1,COM7
2,181279,37,rpm,73,457,36.7,36.7,3915,497,0,643,0.623,1,COM7
2,181299,37,rpm,-326,457,36.7,36.7,3915,497,0,643,0.624,1,COM7
2,181320,37,rpm,91,457,36.7,36.7,3915,497,0,643,0.624,1,COM7
2,181341,37,rpm,508,457,36.7,36.7,3915,497,0,643,0.624,1,COM7
2,181361,37,rpm,773,457,36.7,36.7,3915,497,0,643,0.624,1,COM7
2,181382,37,rpm,855,457,36.7,36.7,3915,497,0,643,0.624,1,COM7
2,181403,37,rpm,741,457,36.7,36.7,3915,497,0,644,0.624,1,COM7
2,181423,37,rpm,722,457,36.7,36.7,3915,497,0,644,0.624,1,COM7
2,181444,37,rpm,641,457,36.7,36.7,3915,497,0,644,0.625,1,COM7
2,181465,37,rpm,557,457,36.7,36.7,3915,497,0,644,0.625,1,COM7
2,181485,37,rpm,490,457,36.7,36.7,3915,497,0,644,0.625,1,COM7
2,181506,37,rpm,368,457,36.7,36.7,3915,497,0,644,0.625,1,COM7
2,181527,37,rpm,244,457,36.7,36.7,3915,497,0,645,0.625,1,COM7
2,181547,37,rpm,-406,457,36.7,36.7,3915,497,0,645,0.625,1,COM7
2,181568,37,rpm,57,457,36.7,36.7,3915,497,0,645,0.626,1,COM7
2,181589,37,rpm,410,457,36.7,36.7,3915,497,0,645,0.626,1,COM7
2,181609,37,rpm,705,457,36.7,36.7,3915,497,0,645,0.626,1,COM7
2,181630,37,rpm,848,457,36.7,36.7,3915,497,0,645,0.626,1,COM7
2,181651,37,rpm,905,457,36.7,36.7,3915,497,0,646,0.626,1,COM7
2,181671,37,rpm,700,457,36.7,36.7,3915,497,0,646,0.626,1,COM7
2,181692,37,rpm,650,457,36.7,36.7,3915,497,0,646,0.626,1,COM7
2,181713,37,rpm,640,457,36.7,36.7,3915,497,0,646,0.627,1,COM7
2,181733,37,rpm,512,457,36.7,36.7,3915,497,0,646,0.627,1,COM7
2,181754,37,rpm,342,457,36.7,36.7,3915,497,0,646,0.627,1,COM7
2,181775,37,rpm,277,457,36.7,36.7,3915,497,0,646,0.627,1,COM7
2,181796,37,rpm,-353,457,36.7,36.7,3915,497,0,647,0.627,1,COM7
2,181816,37,rpm,28,457,36.7,36.7,3915,497,0,647,0.627,1,COM7
2,181837,37,rpm,310,457,36.7,36.7,3915,497,0,647,0.628,1,COM7
2,181858,37,rpm,721,457,36.7,36.7,3915,497,0,647,0.628,1,COM7
2,181878,37,rpm,723,457,36.7,36.7,3915,497,0,647,0.628,1,COM7
2,181899,37,rpm,801,457,36.7,36.7,3915,497,0,647,0.628,1,COM7
2,181920,37,rpm,828,457,36.7,36.7,3915,497,0,648,0.628,1,COM7
2,181940,37,rpm,643,457,36.7,36.7,3915,497,0,648,0.628,1,COM7
2,181961,37,rpm,548,457,36.7,36.7,3915,497,0,648,0.628,1,COM7
2,181981,37,rpm,562,457,36.7,36.7,3915,497,0,648,0.629,1,COM7
2,182002,37,rpm,426,457,36.7,36.7,3915,497,0,648,0.629,1,COM7
2,182023,37,rpm,290,457,36.7,36.7,3915,497,0,648,0.629,1,COM7
2,182043,37,rpm,-67,457,36.7,36.7,3915,497,0,649,0.629,1,COM7
2,182064,37,rpm,-188,457,36.7,36.7,3915,497,0,649,0.629,1,COM7
2,182085,37,rpm,111,457,36.7,36.7,3915,497,0,649,0.629,1,COM7
2,182105,37,rpm,651,457,36.7,36.7,3915,497,0,649,0.63,1,COM7
2,182126,37,rpm,773,457,36.7,36.7,3915,497,0,649,0.63,1,COM7
2,182147,37,rpm,718,457,36.7,36.7,3915,497,0,649,0.63,1,COM7
2,182167,37,rpm,829,457,36.7,36.7,3915,497,0,649,0.63,1,COM7
2,182188,37,rpm,742,457,36.7,36.7,3915,497,0,650,0.63,1,COM7
2,182208,37,rpm,578,457,36.7,36.7,3915,497,0,650,0.63,1,COM7
2,182229,37,rpm,544,457,36.7,36.7,3915,497,0,650,0.63,1,COM7
2,182250,37,rpm,537,457,36.7,36.7,3915,497,0,650,0.631,1,COM7
2,182270,37,rpm,335,457,36.7,36.7,3915,497,0,650,0.631,1,COM7
2,182291,37,rpm,245,457,36.7,36.7,3915,497,0,650,0.631,1,COM7
2,182312,37,rpm,-383,457,36.7,36.7,3915,497,0,651,0.631,1,COM7
2,182332,37,rpm,47,457,36.7,36.7,3915,497,0,651,0.631,1,COM7
2,182353,37,rpm,336,457,36.7,36.7,3915,497,0,651,0.631,1,COM7
2,182374,37,rpm,725,457,36.7,36.7,3915,497,0,651,0.631,1,COM7
2,182394,37,rpm,772,457,36.7,36.7,3915,497,0,651,0.632,1,COM7
2,182415,37,rpm,850,457,36.7,36.7,3915,497,0,651,0.632,1,COM7
2,182436,37,rpm,771,457,36.7,36.7,3915,497,0,652,0.632,1,COM7
2,182456,37,rpm,661,457,36.7,36.7,3915,497,0,652,0.632,1,COM7
2,182477,37,rpm,583,457,36.7,36.7,3915,497,0,652,0.632,1,COM7
2,182498,37,rpm,523,457,36.7,36.7,3915,497,0,652,0.632,1,COM7
2,182518,37,rpm,435,457,36.7,36.7,3915,497,0,652,0.633,1,COM7
2,182539,37,rpm,299,457,36.7,36.7,3915,497,0,652,0.633,1,COM7
2,182560,37,rpm,-100,457,36.7,36.7,3915,497,0,652,0.633,1,COM7
2,182580,37,rpm,-196,457,36.7,36.7,3915,497,0,653,0.633,1,COM7
2,182601,37,rpm,164,457,36.7,36.7,3915,497,0,653,0.633,1,COM7
2,182622,37,rpm,604,457,36.7,36.7,3915,497,0,653,0.633,1,COM7
2,182642,37,rpm,735,457,36.7,36.7,3915,497,0,653,0.633,1,COM7
2,182663,37,rpm,858,457,36.7,36.7,3915,497,0,653,0.634,1,COM7
2,182684,37,rpm,774,457,36.7,36.7,3915,497,0,653,0.634,1,COM7
2,182704,37,rpm,670,457,36.7,36.7,3915,497,0,654,0.634,1,COM7
2,182725,37,rpm,653,457,36.7,36.7,3915,497,0,654,0.634,1,COM7
2,182746,37,rpm,570,457,36.7,36.7,3915,497,0,654,0.634,1,COM7
2,182766,37,rpm,454,457,36.7,36.7,3915,497,0,654,0.634,1,COM7
2,182787,37,rpm,347,457,36.7,36.7,3915,497,0,654,0.635,1,COM7
2,182808,37,rpm,210,457,36.7,36.7,3915,497,0,654,0.635,1,COM7
2,182828,37,rpm,-405,457,36.7,36.7,3915,497,0,654,0.635,1,COM7
2,182849,37,rpm,63,457,36.7,36.7,3915,497,0,655,0.635,1,COM7
2,182870,37,rpm,434,457,36.7,36.7,3915,497,0,655,0.635,1,COM7
2,182890,37,rpm,643,457,36.7,36.7,3915,497,0,655,0.635,1,COM7
2,182911,37,rpm,815,457,36.7,36.7,3915,497,0,655,0.635,1,COM7
2,182932,37,rpm,947,457,36.7,36.7,3915,497,0,655,0.636,1,COM7
2,182952,37,rpm,662,457,36.7,36.7,3915,497,0,655,0.636,1,COM7
2,182973,37,rpm,561,457,36.7,36.7,3915,497,0,656,0.636,1,COM7
2,182994,37,rpm,674,457,36.7,36.7,3915,497,0,656,0.636,1,COM7
2,183014,37,rpm,526,457,36.7,36.7,3915,497,0,656,0.636,1,COM7
2,183035,37,rpm,337,457,36.7,36.7,3915,497,0,656,0.636,1,COM7
2,183056,37,rpm,324,457,36.7,36.7,3915,497,0,656,0.637,1,COM7
2,183076,37,rpm,-334,457,36.7,36.7,3915,497,0,656,0.637,1,COM7
2,183097,37,rpm,7,457,36.7,36.7,3915,497,0,657,0.637,1,COM7
2,183118,37,rpm,246,457,36.7,36.7,3915,497,0,657,0.637,1,COM7
2,183138,37,rpm,749,457,36.7,36.7,3915,497,0,657,0.637,1,COM7
2,183159,37,rpm,788,457,36.7,36.7,3915,497,0,657,0.637,1,COM7
2,183180,37,rpm,829,457,36.7,36.7,3915,497,0,657,0.637,1,COM7
2,183200,37,rpm,856,457,36.7,36.7,3915,497,0,657,0.638,1,COM7
2,183221,37,rpm,645,457,36.7,36.7,3915,497,0,657,0.638,1,COM7
2,183242,37,rpm,540,457,36.7,36.7,3915,497,0,658,0.638,1,COM7
2,183262,37,rpm,602,457,36.7,36.7,3915,497,0,658,0.638,1,COM7
2,183283,37,rpm,389,457,36.7,36.7,3915,497,0,658,0.638,1,COM7
2,183304,37,rpm,266,457,36.7,36.7,3915,497,0,658,0.638,1,COM7
2,183324,37,rpm,-216,457,36.7,36.7,3915,497,0,658,0.639,1,COM7
2,183345,37,rpm,-52,457,36.7,36.7,3915,497,0,658,0.639,1,COM7
2,183366,37,rpm,176,457,36.7,36.7,3915,497,0,659,0.639,1,COM7
2,183386,37,rpm,667,457,36.7,36.7,3915,497,0,659,0.639,1,COM7
2,183407,37,rpm,745,457,36.7,36.7,3915,497,0,659,0.639,1,COM7
2,183428,37,rpm,866,457,36.7,36.7,3915,497,0,659,0.639,1,COM7
2,183448,37,rpm,812,457,36.7,36.7,3915,497,0,659,0.639,1,COM7
2,183469,37,rpm,688,457,36.7,36.7,3915,497,0,659,0.64,1,COM7
2,183490,37,rpm,594,457,36.7,36.7,3915,497,0,660,0.64,1,COM7
2,183510,37,rpm,523,457,36.7,36.7,3915,497,0,660,0.64,1,COM7
2,183531,37,rpm,495,457,36.7,36.7,3915,497,0,660,0.64,1,COM7
2,183552,37,rpm,327,457,36.7,36.7,3915,497,0,660,0.64,1,COM7
2,183572,37,rpm,102,457,36.7,36.7,3915,497,0,660,0.64,1,COM7
2,183593,37,rpm,-324,457,36.7,36.7,3915,497,0,660,0.641,1,COM7
2,183614,37,rpm,90,457,36.7,36.7,3915,497,0,660,0.641,1,COM7
2,183634,37,rpm,507,457,36.7,36.7,3915,497,0,661,0.641,1,COM7
2,183655,37,rpm,703,457,36.7,36.7,3915,497,0,661,0.641,1,COM7
2,183676,37,rpm,877,457,36.7,36.7,3915,497,0,661,0.641,1,COM7
2,183696,37,rpm,826,457,36.7,36.7,3915,497,0,661,0.641,1,COM7
2,183717,37,rpm,627,457,36.7,36.7,3915,497,0,661,0.641,1,COM7
2,183738,37,rpm,708,457,36.7,36.7,3915,497,0,661,0.642,1,COM7
2,183758,37,rpm,591,457,36.7,36.7,3915,497,0,662,0.642,1,COM7
2,183779,37,rpm,479,457,36.7,36.7,3915,497,0,662,0.642,1,COM7
2,183800,37,rpm,386,457,36.7,36.7,3915,497,0,662,0.642,1,COM7
2,183820,37,rpm,275,457,36.7,36.7,3915,497,0,662,0.642,1,COM7
2,183841,37,rpm,-338,457,36.7,36.7,3915,497,0,662,0.642,1,COM7
2,183862,37,rpm,7,457,36.7,36.7,3915,497,0,662,0.642,1,COM7
2,183882,37,rpm,264,457,36.7,36.7,3915,497,0,663,0.643,1,COM7
2,183903,37,rpm,616,457,36.7,36.7,3915,497,0,663,0.643,1,COM7
2,183924,37,rpm,730,457,36.7,36.7,3915,497,0,663,0.643,1,COM7
2,183944,37,rpm,968,457,36.7,36.7,3915,497,0,663,0.643,1,COM7
2,183965,37,rpm,729,457,36.7,36.7,3915,497,0,663,0.643,1,COM7
2,183985,37,rpm,638,457,36.7,36.7,3915,497,0,663,0.643,1,COM7
2,184006,37,rpm,663,457,36.7,36.7,3915,497,0,663,0.644,1,COM7
2,184027,37,rpm,546,457,36.7,36.7,3915,497,0,664,0.644,1,COM7
2,184047,37,rpm,392,457,36.7,36.7,3915,497,0,664,0.644,1,COM7
2,184068,37,rpm,375,457,36.7,36.7,3915,497,0,664,0.644,1,COM7
2,184089,37,rpm,24,457,36.7,36.7,3915,497,0,664,0.644,1,COM7
2,184109,37,rpm,-293,457,36.7,36.7,3915,497,0,664,0.644,1,COM7
2,184130,37,rpm,99,457,36.7,36.7,3915,497,0,664,0.644,1,COM7
2,184151,37,rpm,593,457,36.7,36.7,3915,497,0,665,0.645,1,COM7
2,184171,37,rpm,607,457,36.7,36.7,3915,497,0,665,0.645,1,COM7
2,184192,37,rpm,842,457,36.7,36.7,3915,497,0,665,0.645,1,COM7
2,184213,37,rpm,944,457,36.7,36.7,3915,497,0,665,0.645,1,COM7
2,184233,37,rpm,627,457,36.7,36.7,3915,497,0,665,0.645,1,COM7
2,184254,37,rpm,608,457,36.7,36.7,3915,497,0,665,0.645,1,COM7
2,184275,37,rpm,636,457,36.7,36.7,3915,497,0,666,0.646,1,COM7
2,184295,37,rpm,507,457,36.7,36.7,3915,497,0,666,0.646,1,COM7
2,184316,37,rpm,331,457,36.7,36.7,3915,497,0,666,0.646,1,COM7
2,184337,37,rpm,289,457,36.7,36.7,3915,497,0,666,0.646,1,COM7
2,184357,37,rpm,-378,457,36.7,36.7,3915,497,0,666,0.646,1,COM7
2,184378,37,rpm,23,457,36.7,36.7,3915,497,0,666,0.646,1,COM7
2,184399,37,rpm,312,457,36.7,36.7,3915,497,0,666,0.646,1,COM7
2,184419,37,rpm,705,457,36.7,36.7,3915,497,0,667,0.647,1,COM7
2,184440,37,rpm,737,457,36.7,36.7,3915,497,0,667,0.647,1,COM7
2,184460,37,rpm,859,457,36.7,36.7,3915,497,0,667,0.647,1,COM7
2,184481,37,rpm,777,457,36.7,36.7,3915,497,0,667,0.647,1,COM7
2,184502,37,rpm,630,457,36.7,36.7,3915,497,0,667,0.647,1,COM7
2,184523,37,rpm,581,457,36.7,36.7,3915,497,0,667,0.647,1,COM7
2,184543,37,rpm,553,457,36.7,36.7,3915,497,0,668,0.648,1,COM7
2,184564,37,rpm,442,457,36.7,36.7,3915,497,0,668,0.648,1,COM7
2,184584,37,rpm,304,457,36.7,36.7,3915,497,0,668,0.648,1,COM7
2,184605,37,rpm,-110,457,36.7,36.7,3915,497,0,668,0.648,1,COM7
2,184626,37,rpm,-184,457,36.7,36.7,3915,497,0,668,0.648,1,COM7
2,184646,37,rpm,137,457,36.7,36.7,3915,497,0,668,0.648,1,COM7
2,184667,37,rpm,643,457,36.7,36.7,3915,497,0,668,0.648,1,COM7
2,184688,37,rpm,831,457,36.7,36.7,3915,497,0,669,0.649,1,COM7
2,184709,37,rpm,847,457,36.7,36.7,3915,497,0,669,0.649,1,COM7
2,184729,37,rpm,753,457,36.7,36.7,3915,497,0,669,0.649,1,COM7
2,184750,37,rpm,730,457,36.7,36.7,3915,497,0,669,0.649,1,COM7
2,184771,37,rpm,645,457,36.7,36.7,3915,497,0,669,0.649,1,COM7
2,184791,37,rpm,518,457,36.7,36.7,3915,497,0,669,0.649,1,COM7
2,184812,37,rpm,439,457,36.7,36.7,3915,497,0,670,0.65,1,COM7
2,184833,37,rpm,323,457,36.7,36.7,3915,497,0,670,0.65,1,COM7
2,184853,37,rpm,-25,457,36.7,36.7,3915,497,0,670,0.65,1,COM7
2,184874,37,rpm,-264,457,36.7,36.7,3915,497,0,670,0.65,1,COM7
2,184895,37,rpm,127,457,36.7,36.7,3915,497,0,670,0.65,1,COM7
2,184915,37,rpm,576,457,36.7,36.7,3915,497,0,670,0.65,1,COM7
2,184936,37,rpm,668,457,36.7,36.7,3915,497,0,671,0.65,1,COM7
2,184957,37,rpm,929,457,36.7,36.7,3915,497,0,671,0.651,1,COM7
2,184977,37,rpm,787,457,36.7,36.7,3915,497,0,671,0.651,1,COM7
2,184998,37,rpm,613,457,36.7,36.7,3915,497,0,671,0.651,1,COM7
2,185018,37,rpm,719,457,36.7,36.7,3915,497,0,671,0.651,1,COM7
2,185039,37,rpm,589,457,36.7,36.7,3915,497,0,671,0.651,1,COM7
2,185060,37,rpm,460,457,36.7,36.7,3915,497,0,671,0.651,1,COM7
2,185080,37,rpm,349,457,36.7,36.7,3915,497,0,672,0.651,1,COM7
2,185101,37,rpm,239,457,36.7,36.7,3915,497,0,672,0.652,1,COM7
2,185122,37,rpm,-381,457,36.7,36.7,3915,497,0,672,0.652,1,COM7
2,185142,37,rpm,42,457,36.7,36.7,3915,497,0,672,0.652,1,COM7
2,185163,37,rpm,426,457,36.7,36.7,3915,497,0,672,0.652,1,COM7
2,185184,37,rpm,631,457,36.7,36.7,3915,497,0,672,0.652,1,COM7
2,185204,37,rpm,767,457,36.7,36.7,3915,497,0,673,0.652,1,COM7
2,185225,37,rpm,949,457,36.7,36.7,3915,497,0,673,0.653,1,COM7
2,185245,37,rpm,670,457,36.7,36.7,3915,497,0,673,0.653,1,COM7
2,185266,37,rpm,603,457,36.7,36.7,3915,497,0,673,0.653,1,COM7
2,185287,37,rpm,657,457,36.7,36.7,3915,497,0,673,0.653,1,COM7
2,185308,37,rpm,525,457,36.7,36.7,3915,497,0,673,0.653,1,COM7
2,185328,37,rpm,374,457,36.7,36.7,3915,497,0,674,0.653,1,COM7
2,185349,37,rpm,331,457,36.7,36.7,3915,497,0,674,0.653,1,COM7
2,185369,37,rpm,-89,457,36.7,36.7,3915,497,0,674,0.654,1,COM7
2,185390,37,rpm,-189,457,36.7,36.7,3915,497,0,674,0.654,1,COM7
2,185411,37,rpm,141,457,36.7,36.7,3915,497,0,674,0.654,1,COM7
2,185432,37,rpm,639,457,36.7,36.7,3915,497,0,674,0.654,1,COM7
2,185452,37,rpm,680,457,36.7,36.7,3915,497,0,674,0.654,1,COM7
2,185473,37,rpm,890,457,36.7,36.7,3915,497,0,675,0.654,1,COM7
2,185493,37,rpm,745,457,36.7,36.7,3915,497,0,675,0.655,1,COM7
2,185514,37,rpm,725,457,36.7,36.7,3915,497,0,675,0.655,1,COM7
2,185535,37,rpm,645,457,36.7,36.7,3915,497,0,675,0.655,1,COM7
2,185555,37,rpm,508,457,36.7,36.7,3915,497,0,675,0.655,1,COM7
2,185576,37,rpm,531,457,36.7,36.7,3915,497,0,675,0.655,1,COM7
2,185597,37,rpm,334,457,36.7,36.7,3915,497,0,676,0.655,1,COM7
2,185617,37,rpm,229,457,36.7,36.7,3915,497,0,676,0.655,1,COM7
2,185638,37,rpm,-411,457,36.7,36.7,3915,497,0,676,0.656,1,COM7
2,185659,37,rpm,59,457,36.7,36.7,3915,497,0,676,0.656,1,COM7
2,185679,37,rpm,419,457,36.7,36.7,3915,497,0,676,0.656,1,COM7
2,185700,37,rpm,713,457,36.7,36.7,3915,497,0,676,0.656,1,COM7
2,185721,37,rpm,785,457,36.7,36.7,3915,497,0,677,0.656,1,COM7
2,185741,37,rpm,820,457,36.7,36.7,3915,497,0,677,0.656,1,COM7
2,185762,37,rpm,741,457,36.7,36.7,3915,497,0,677,0.657,1,COM7
2,185783,37,rpm,659,457,36.7,36.7,3915,497,0,677,0.657,1,COM7
2,185803,37,rpm,521,457,36.7,36.7,3915,497,0,677,0.657,1,COM7
2,185824,37,rpm,564,457,36.7,36.7,3915,497,0,677,0.657,1,COM7
2,185845,37,rpm,414,457,36.7,36.7,3915,497,0,677,0.657,1,COM7
2,185866,37,rpm,265,457,36.7,36.7,3915,497,0,678,0.657,1,COM7
2,185886,37,rpm,-214,457,36.7,36.7,3915,497,0,678,0.657,1,COM7
2,185907,37,rpm,-93,457,36.7,36.7,3915,497,0,678,0.658,1,COM7
2,185927,37,rpm,171,457,36.7,36.7,3915,497,0,678,0.658,1,COM7
2,185948,37,rpm,631,457,36.7,36.7,3915,497,0,678,0.658,1,COM7
2,185969,37,rpm,781,457,36.7,36.7,3915,497,0,678,0.658,1,COM7
2,185990,37,rpm,900,457,36.7,36.7,3915,497,0,679,0.658,1,COM7
2,186010,37,rpm,700,457,36.7,36.7,3915,497,0,679,0.658,1,COM7
2,186031,37,rpm,689,457,36.7,36.7,3915,497,0,679,0.659,1,COM7
2,186052,37,rpm,674,457,36.7,36.7,3915,497,0,679,0.659,1,COM7
2,186072,37,rpm,518,457,36.7,36.7,3915,497,0,679,0.659,1,COM7
2,186093,37,rpm,421,457,36.7,36.7,3915,497,0,679,0.659,1,COM7
2,186114,37,rpm,355,457,36.7,36.7,3915,497,0,680,0.659,1,COM7
2,186134,37,rpm,64,457,36.7,36.7,3915,497,0,680,0.659,1,COM7
2,186155,37,rpm,-304,457,36.7,36.7,3915,497,0,680,0.659,1,COM7
2,186176,37,rpm,111,457,36.7,36.7,3915,497,0,680,0.66,1,COM7
2,186196,37,rpm,541,457,36.7,36.7,3915,497,0,680,0.66,1,COM7
2,186217,37,rpm,700,457,36.7,36.7,3915,497,0,680,0.66,1,COM7
2,186238,37,rpm,1001,457,36.7,36.7,3915,497,0,680,0.66,1,COM7
2,186258,37,rpm,771,457,36.7,36.7,3915,497,0,681,0.66,1,COM7
2,186279,37,rpm,643,457,36.7,36.7,3915,497,0,681,0.66,1,COM7
2,186300,37,rpm,702,457,36.7,36.7,3915,497,0,681,0.661,1,COM7
2,186320,37,rpm,583,457,36.7,36.7,3915,497,0,681,0.661,1,COM7
2,186341,37,rpm,425,457,36.7,36.7,3915,497,0,681,0.661,1,COM7
2,186362,37,rpm,351,457,36.7,36.7,3915,497,0,681,0.661,1,COM7
2,186382,37,rpm,141,457,36.7,36.7,3915,497,0,682,0.661,1,COM7
2,186403,37,rpm,-349,457,36.7,36.7,3915,497,0,682,0.661,1,COM7
2,186424,37,rpm,79,457,36.7,36.7,3915,497,0,682,0.661,1,COM7
2,186444,37,rpm,509,457,36.7,36.7,3915,497,0,682,0.662,1,COM7
2,186465,37,rpm,662,457,36.7,36.7,3915,497,0,682,0.662,1,COM7
2,186486,37,rpm,809,457,36.7,36.7,3915,497,0,682,0.662,1,COM7
2,186506,37,rpm,878,457,36.7,36.7,3915,497,0,683,0.662,1,COM7
2,186527,37,rpm,707,457,36.7,36.7,3915,497,0,683,0.662,1,COM7
2,186548,37,rpm,645,457,36.7,36.7,3915,497,0,683,0.662,1,COM7
2,186568,37,rpm,532,457,36.7,36.7,3915,497,0,683,0.662,1,COM7
2,186589,37,rpm,584,457,36.7,36.7,3915,497,0,683,0.663,1,COM7
2,186610,37,rpm,364,457,36.7,36.7,3915,497,0,683,0.663,1,COM7
2,186630,37,rpm,253,457,36.7,36.7,3915,497,0,683,0.663,1,COM7
2,186651,37,rpm,-300,457,36.7,36.7,3915,497,0,684,0.663,1,COM7
2,186672,37,rpm,-10,457,36.7,36.7,3915,497,0,684,0.663,1,COM7
2,186692,37,rpm,215,457,36.7,36.7,3915,497,0,684,0.663,1,COM7
2,186713,37,rpm,718,457,36.7,36.7,3915,497,0,684,0.664,1,COM7
2,186734,37,rpm,787,457,36.7,36.7,3915,497,0,684,0.664,1,COM7
2,186754,37,rpm,726,457,36.7,36.7,3915,497,0,684,0.664,1,COM7
2,186775,37,rpm,843,457,36.7,36.7,3915,497,0,685,0.664,1,COM7
2,186796,37,rpm,690,457,36.7,36.7,3915,497,0,685,0.664,1,COM7
2,186816,37,rpm,560,457,36.7,36.7,3915,497,0,685,0.664,1,COM7
2,186837,37,rpm,541,457,36.7,36.7,3915,497,0,685,0.664,1,COM7
2,186858,37,rpm,460,457,36.7,36.7,3915,497,0,685,0.665,1,COM7
2,186878,37,rpm,310,457,36.7,36.7,3915,497,0,685,0.665,1,COM7
2,186899,37,rpm,79,457,36.7,36.7,3915,497,0,685,0.665,1,COM7
2,186920,37,rpm,-290,457,36.7,36.7,3915,497,0,686,0.665,1,COM7
2,186940,37,rpm,89,457,36.7,36.7,3915,497,0,686,0.665,1,COM7
2,186961,37,rpm,506,457,36.7,36.7,3915,497,0,686,0.665,1,COM7
2,186982,37,rpm,716,457,36.7,36.7,3915,497,0,686,0.666,1,COM7
2,187002,37,rpm,865,457,36.7,36.7,3915,497,0,686,0.666,1,COM7
2,187023,37,rpm,733,457,36.7,36.7,3915,497,0,686,0.666,1,COM7
2,187044,37,rpm,790,457,36.7,36.7,3915,497,0,687,0.666,1,COM7
2,187064,37,rpm,680,457,36.7,36.7,3915,497,0,687,0.666,1,COM7
2,187085,37,rpm,489,457,36.7,36.7,3915,497,0,687,0.666,1,COM7
2,187106,37,rpm,504,457,36.7,36.7,3915,497,0,687,0.666,1,COM7
2,187126,37,rpm,425,457,36.7,36.7,3915,497,0,687,0.667,1,COM7
2,187147,37,rpm,242,457,36.7,36.7,3915,497,0,687,0.667,1,COM7
2,187168,37,rpm,-394,457,36.7,36.7,3915,497,0,688,0.667,1,COM7
2,187188,37,rpm,33,457,36.7,36.7,3915,497,0,688,0.667,1,COM7
2,187209,37,rpm,290,457,36.7,36.7,3915,497,0,688,0.667,1,COM7
2,187230,37,rpm,656,457,36.7,36.7,3915,497,0,688,0.667,1,COM7
2,187250,37,rpm,842,457,36.7,36.7,3915,497,0,688,0.668,1,COM7
2,187271,37,rpm,831,457,36.7,36.7,3915,497,0,688,0.668,1,COM7
2,187292,37,rpm,675,457,36.7,36.7,3915,497,0,688,0.668,1,COM7
2,187312,37,rpm,724,457,36.7,36.7,3915,497,0,689,0.668,1,COM7
2,187333,37,rpm,594,457,36.7,36.7,3915,497,0,689,0.668,1,COM7
2,187354,37,rpm,534,457,36.7,36.7,3915,497,0,689,0.668,1,COM7
2,187374,37,rpm,448,457,36.7,36.7,3915,497,0,689,0.668,1,COM7
2,187395,37,rpm,301,457,36.7,36.7,3915,497,0,689,0.669,1,COM7
2,187416,37,rpm,-18,457,36.7,36.7,3915,497,0,689,0.669,1,COM7
2,187436,37,rpm,-255,457,36.7,36.7,3915,497,0,690,0.669,1,COM7
2,187457,37,rpm,126,457,36.7,36.7,3915,497,0,690,0.669,1,COM7
2,187478,37,rpm,576,457,36.7,36.7,3915,497,0,690,0.669,1,COM7
2,187498,37,rpm,697,457,36.7,36.7,3915,497,0,690,0.669,1,COM7
2,187519,37,rpm,886,457,36.7,36.7,3915,497,0,690,0.67,1,COM7
2,187540,37,rpm,831,457,36.7,36.7,3915,497,0,690,0.67,1,COM7
2,187560,37,rpm,625,457,36.7,36.7,3915,497,0,691,0.67,1,COM7
2,187581,37,rpm,592,457,36.7,36.7,3915,497,0,691,0.67,1,COM7
2,187602,37,rpm,633,457,36.7,36.7,3915,497,0,691,0.67,1,COM7
2,187622,37,rpm,476,457,36.7,36.7,3915,497,0,691,0.67,1,COM7
2,187643,37,rpm,326,457,36.7,36.7,3915,497,0,691,0.67,1,COM7
2,187664,37,rpm,217,457,36.7,36.7,3915,497,0,691,0.671,1,COM7
2,187684,37,rpm,-402,457,36.7,36.7,3915,497,0,691,0.671,1,COM7
2,187705,37,rpm,66,457,36.7,36.7,3915,497,0,692,0.671,1,COM7
2,187726,37,rpm,474,457,36.7,36.7,3915,497,0,692,0.671,1,COM7
2,187746,37,rpm,730,457,36.7,36.7,3915,497,0,692,0.671,1,COM7
2,187767,37,rpm,796,457,36.7,36.7,3915,497,0,692,0.671,1,COM7
2,187787,37,rpm,864,457,36.7,36.7,3915,497,0,692,0.671,1,COM7
2,187808,37,rpm,781,457,36.7,36.7,3915,497,0,692,0.672,1,COM7
2,187829,37,rpm,595,457,36.7,36.7,3915,497,0,693,0.672,1,COM7
2,187849,37,rpm,550,457,36.7,36.7,3915,497,0,693,0.672,1,COM7
2,187870,37,rpm,543,457,36.7,36.7,3915,497,0,693,0.672,1,COM7
2,187891,37,rpm,348,457,36.7,36.7,3915,497,0,693,0.672,1,COM7
2,187911,37,rpm,237,457,36.7,36.7,3915,497,0,693,0.672,1,COM7
2,187932,37,rpm,-346,457,36.7,36.7,3915,497,0,693,0.673,1,COM7
2,187953,37,rpm,45,457,36.7,36.7,3915,497,0,694,0.673,1,COM7
2,187973,37,rpm,329,457,36.7,36.7,3915,497,0,694,0.673,1,COM7
2,187994,37,rpm,732,457,36.7,36.7,3915,497,0,694,0.673,1,COM7
2,188015,37,rpm,841,457,36.7,36.7,3915,497,0,694,0.673,1,COM7
2,188035,37,rpm,718,457,36.7,36.7,3915,497,0,694,0.673,1,COM7
2,188056,37,rpm,772,457,36.7,36.7,3915,497,0,694,0.673,1,COM7
2,188077,37,rpm,749,457,36.7,36.7,3915,497,0,694,0.674,1,COM7
2,188097,37,rpm,550,457,36.7,36.7,3915,497,0,695,0.674,1,COM7
2,188118,37,rpm,528,457,36.7,36.7,3915,497,0,695,0.674,1,COM7
2,188139,37,rpm,455,457,36.7,36.7,3915,497,0,695,0.674,1,COM7
2,188159,37,rpm,271,457,36.7,36.7,3915,497,0,695,0.674,1,COM7
2,188180,37,rpm,-155,457,36.7,36.7,3915,497,0,695,0.674,1,COM7
2,188201,37,rpm,-119,457,36.7,36.7,3915,497,0,695,0.675,1,COM7
2,188221,37,rpm,172,457,36.7,36.7,3915,497,0,696,0.675,1,COM7
2,188242,37,rpm,590,457,36.7,36.7,3915,497,0,696,0.675,1,COM7
2,188263,37,rpm,799,457,36.7,36.7,3915,497,0,696,0.675,1,COM7
2,188283,37,rpm,820,457,36.7,36.7,3915,497,0,696,0.675,1,COM7
2,188304,37,rpm,757,457,36.7,36.7,3915,497,0,696,0.675,1,COM7
2,188325,37,rpm,716,457,36.7,36.7,3915,497,0,696,0.675,1,COM7
2,188345,37,rpm,645,457,36.7,36.7,3915,497,0,697,0.676,1,COM7
2,188366,37,rpm,516,457,36.7,36.7,3915,497,0,697,0.676,1,COM7
2,188387,37,rpm,484,457,36.7,36.7,3915,497,0,697,0.676,1,COM7
2,188407,37,rpm,337,457,36.7,36.7,3915,497,0,697,0.676,1,COM7
2,188428,37,rpm,216,457,36.7,36.7,3915,497,0,697,0.676,1,COM7
2,188449,37,rpm,-390,457,36.7,36.7,3915,497,0,697,0.676,1,COM7
2,188469,37,rpm,58,457,36.7,36.7,3915,497,0,697,0.677,1,COM7
2,188490,37,rpm,414,457,36.7,36.7,3915,497,0,698,0.677,1,COM7
2,188511,37,rpm,654,457,36.7,36.7,3915,497,0,698,0.677,1,COM7
2,188531,37,rpm,818,457,36.7,36.7,3915,497,0,698,0.677,1,COM7
2,188552,37,rpm,879,457,36.7,36.7,3915,497,0,698,0.677,1,COM7
2,188573,37,rpm,684,457,36.7,36.7,3915,497,0,698,0.677,1,COM7
2,188593,37,rpm,609,457,36.7,36.7,3915,497,0,698,0.677,1,COM7
2,188614,37,rpm,684,457,36.7,36.7,3915,497,0,699,0.678,1,COM7
2,188635,37,rpm,525,457,36.7,36.7,3915,497,0,699,0.678,1,COM7
2,188655,37,rpm,367,457,36.7,36.7,3915,497,0,699,0.678,1,COM7
2,188676,37,rpm,317,457,36.7,36.7,3915,497,0,699,0.678,1,COM7
2,188697,37,rpm,-189,457,36.7,36.7,3915,497,0,699,0.678,1,COM7
2,188717,37,rpm,-137,457,36.7,36.7,3915,497,0,699,0.678,1,COM7
2,188738,37,rpm,189,457,36.7,36.7,3915,497,0,700,0.679,1,COM7
2,188759,37,rpm,694,457,36.7,36.7,3915,497,0,700,0.679,1,COM7
2,188779,37,rpm,683,457,36.7,36.7,3915,497,0,700,0.679,1,COM7
2,188800,37,rpm,838,457,36.7,36.7,3915,497,0,700,0.679,1,COM7
2,188821,37,rpm,851,457,36.7,36.7,3915,497,0,700,0.679,1,COM7
2,188841,37,rpm,634,457,36.7,36.7,3915,497,0,700,0.679,1,COM7
2,188862,37,rpm,598,457,36.7,36.7,3915,497,0,700,0.679,1,COM7
2,188883,37,rpm,588,457,36.7,36.7,3915,497,0,701,0.68,1,COM7
2,188903,37,rpm,471,457,36.7,36.7,3915,497,0,701,0.68,1,COM7
2,188924,37,rpm,306,457,36.7,36.7,3915,497,0,701,0.68,1,COM7
2,188945,37,rpm,154,457,36.7,36.7,3915,497,0,701,0.68,1,COM7
2,188965,37,rpm,-358,457,36.7,36.7,3915,497,0,701,0.68,1,COM7
2,188986,37,rpm,78,457,36.7,36.7,3915,497,0,701,0.68,1,COM7
2,189006,37,rpm,507,457,36.7,36.7,3915,497,0,702,0.681,1,COM7
2,189027,37,rpm,743,457,36.7,36.7,3915,497,0,702,0.681,1,COM7
2,189048,37,rpm,700,457,36.7,36.7,3915,497,0,702,0.681,1,COM7
2,189068,37,rpm,892,457,36.7,36.7,3915,497,0,702,0.681,1,COM7
2,189089,37,rpm,785,457,36.7,36.7,3915,497,0,702,0.681,1,COM7
2,189110,37,rpm,561,457,36.7,36.7,3915,497,0,702,0.681,1,COM7
2,189130,37,rpm,583,457,36.7,36.7,3915,497,0,703,0.681,1,COM7
2,189151,37,rpm,565,457,36.7,36.7,3915,497,0,703,0.682,1,COM7
2,189172,37,rpm,353,457,36.7,36.7,3915,497,0,703,0.682,1,COM7
2,189193,37,rpm,265,457,36.7,36.7,3915,497,0,703,0.682,1,COM7
2,189213,37,rpm,-369,457,36.7,36.7,3915,497,0,703,0.682,1,COM7
2,189234,37,rpm,25,457,36.7,36.7,3915,497,0,703,0.682,1,COM7
2,189255,37,rpm,262,457,36.7,36.7,3915,497,0,703,0.682,1,COM7
2,189275,37,rpm,741,457,36.7,36.7,3915,497,0,704,0.682,1,COM7
2,189296,37,rpm,886,457,36.7,36.7,3915,497,0,704,0.683,1,COM7
2,189316,37,rpm,786,457,36.7,36.7,3915,497,0,704,0.683,1,COM7
2,189337,37,rpm,776,457,36.7,36.7,3915,497,0,704,0.683,1,COM7
2,189358,37,rpm,636,457,36.7,36.7,3915,497,0,704,0.683,1,COM7
2,189378,37,rpm,642,457,36.7,36.7,3915,497,0,704,0.683,1,COM7
2,189399,37,rpm,524,457,36.7,36.7,3915,497,0,705,0.683,1,COM7
2,189420,37,rpm,370,457,36.7,36.7,3915,497,0,705,0.684,1,COM7
2,189440,37,rpm,271,457,36.7,36.7,3915,497,0,705,0.684,1,COM7
2,189461,37,rpm,-296,457,36.7,36.7,3915,497,0,705,0.684,1,COM7
2,189482,37,rpm,-23,457,36.7,36.7,3915,497,0,705,0.684,1,COM7
2,189502,37,rpm,232,457,36.7,36.7,3915,497,0,705,0.684,1,COM7
2,189523,37,rpm,687,457,36.7,36.7,3915,497,0,705,0.684,1,COM7
2,189544,37,rpm,741,457,36.7,36.7,3915,497,0,706,0.684,1,COM7
2,189564,37,rpm,924,457,36.7,36.7,3915,497,0,706,0.685,1,COM7
2,189585,37,rpm,759,457,36.7,36.7,3915,497,0,706,0.685,1,COM7
2,189606,37,rpm,605,457,36.7,36.7,3915,497,0,706,0.685,1,COM7
2,189626,37,rpm,643,457,36.7,36.7,3915,497,0,706,0.685,1,COM7
2,189647,37,rpm,549,457,36.7,36.7,3915,497,0,706,0.685,1,COM7
2,189668,37,rpm,420,457,36.7,36.7,3915,497,0,707,0.685,1,COM7
2,189688,37,rpm,340,457,36.7,36.7,3915,497,0,707,0.686,1,COM7
2,189709,37,rpm,18,457,36.7,36.7,3915,497,0,707,0.686,1,COM7
2,189730,37,rpm,-271,457,36.7,36.7,3915,497,0,707,0.686,1,COM7
2,189750,37,rpm,94,457,36.7,36.7,3915,497,0,707,0.686,1,COM7
2,189771,37,rpm,591,457,36.7,36.7,3915,497,0,707,0.686,1,COM7
2,189792,37,rpm,647,457,36.7,36.7,3915,497,0,708,0.686,1,COM7
2,189812,37,rpm,830,457,36.7,36.7,3915,497,0,708,0.686,1,COM7
2,189833,37,rpm,892,457,36.7,36.7,3915,497,0,708,0.687,1,COM7
2,189854,37,rpm,665,457,36.7,36.7,3915,497,0,708,0.687,1,COM7
2,189874,37,rpm,571,457,36.7,36.7,3915,497,0,708,0.687,1,COM7
2,189895,37,rpm,623,457,36.7,36.7,3915,497,0,708,0.687,1,COM7
2,189916,37,rpm,503,457,36.7,36.7,3915,497,0,708,0.687,1,COM7
2,189936,37,rpm,325,457,36.7,36.7,3915,497,0,709,0.687,1,COM7
2,189957,37,rpm,288,457,36.7,36.7,3915,497,0,709,0.688,1,COM7
2,189978,37,rpm,-364,457,36.7,36.7,3915,497,0,709,0.688,1,COM7
2,189998,37,rpm,21,457,36.7,36.7,3915,497,0,709,0.688,1,COM7
2,190019,37,rpm,300,457,36.7,36.7,3915,497,0,709,0.688,1,COM7
2,190040,37,rpm,696,457,36.7,36.7,3915,497,0,709,0.688,1,COM7
2,190060,37,rpm,649,457,36.7,36.7,3915,497,0,710,0.688,1,COM7
2,190081,37,rpm,919,457,36.7,36.7,3915,497,0,710,0.688,1,COM7
2,190102,37,rpm,818,457,36.7,36.7,3915,497,0,710,0.689,1,COM7
2,190122,37,rpm,604,457,36.7,36.7,3915,497,0,710,0.689,1,COM7
2,190143,37,rpm,604,457,36.7,36.7,3915,497,0,710,0.689,1,COM7
2,190164,37,rpm,579,457,36.7,36.7,3915,497,0,710,0.689,1,COM7
2,190184,37,rpm,406,457,36.7,36.7,3915,497,0,711,0.689,1,COM7
2,190205,37,rpm,306,457,36.7,36.7,3915,497,0,711,0.689,1,COM7
2,190226,37,rpm,-38,457,36.7,36.7,3915,497,0,711,0.69,1,COM7
2,190246,37,rpm,-241,457,36.7,36.7,3915,497,0,711,0.69,1,COM7
2,190267,37,rpm,110,457,36.7,36.7,3915,497,0,711,0.69,1,COM7
2,190288,37,rpm,652,457,36.7,36.7,3915,497,0,711,0.69,1,COM7
2,190308,37,rpm,717,457,36.7,36.7,3915,497,0,711,0.69,1,COM7
2,190329,37,rpm,756,457,36.7,36.7,3915,497,0,712,0.69,1,COM7
2,190350,37,rpm,876,457,36.7,36.7,3915,497,0,712,0.69,1,COM7
2,190370,37,rpm,694,457,36.7,36.7,3915,497,0,712,0.691,1,COM7
2,190391,37,rpm,584,457,36.7,36.7,3915,497,0,712,0.691,1,COM7
2,190412,37,rpm,579,457,36.7,36.7,3915,497,0,712,0.691,1,COM7
2,190432,37,rpm,503,457,36.7,36.7,3915,497,0,712,0.691,1,COM7
2,190453,37,rpm,344,457,36.7,36.7,3915,497,0,713,0.691,1,COM7
2,190474,37,rpm,238,457,36.7,36.7,3915,497,0,713,0.691,1,COM7
2,190494,37,rpm,-435,457,36.7,36.7,3915,497,0,713,0.691,1,COM7
2,190515,37,rpm,51,457,36.7,36.7,3915,497,0,713,0.692,1,COM7
2,190536,37,rpm,330,457,36.7,36.7,3915,497,0,713,0.692,1,COM7
2,190556,37,rpm,693,457,36.7,36.7,3915,497,0,713,0.692,1,COM7
2,190577,37,rpm,869,457,36.7,36.7,3915,497,0,714,0.692,1,COM7
2,190597,37,rpm,818,457,36.7,36.7,3915,497,0,714,0.692,1,COM7
2,190618,37,rpm,682,457,36.7,36.7,3915,497,0,714,0.692,1,COM7
2,190639,37,rpm,732,457,36.7,36.7,3915,497,0,714,0.693,1,COM7
2,190659,37,rpm,581,457,36.7,36.7,3915,497,0,714,0.693,1,COM7
2,190680,37,rpm,490,457,36.7,36.7,3915,497,0,714,0.693,1,COM7
2,190701,37,rpm,438,457,36.7,36.7,3915,497,0,714,0.693,1,COM7
2,190721,37,rpm,306,457,36.7,36.7,3915,497,0,715,0.693,1,COM7
2,190742,37,rpm,-243,457,36.7,36.7,3915,497,0,715,0.693,1,COM7
2,190763,37,rpm,-78,457,36.7,36.7,3915,497,0,715,0.693,1,COM7
2,190783,37,rpm,209,457,36.7,36.7,3915,497,0,715,0.694,1,COM7
2,190804,37,rpm,632,457,36.7,36.7,3915,497,0,715,0.694,1,COM7
2,190825,37,rpm,782,457,36.7,36.7,3915,497,0,715,0.694,1,COM7
2,190845,37,rpm,961,457,36.7,36.7,3915,497,0,716,0.694,1,COM7
2,190866,37,rpm,725,457,36.7,36.7,3915,497,0,716,0.694,1,COM7
2,190886,37,rpm,636,457,36.7,36.7,3915,497,0,716,0.694,1,COM7
2,190907,37,rpm,699,457,36.7,36.7,3915,497,0,716,0.695,1,COM7
2,190928,37,rpm,529,457,36.7,36.7,3915,497,0,716,0.695,1,COM7
2,190948,37,rpm,365,457,36.7,36.7,3915,497,0,716,0.695,1,COM7
2,190969,37,rpm,336,457,36.7,36.7,3915,497,0,717,0.695,1,COM7
2,190990,37,rpm,-84,457,36.7,36.7,3915,497,0,717,0.695,1,COM7
2,191010,37,rpm,-183,457,36.7,36.7,3915,497,0,717,0.695,1,COM7
2,191031,37,rpm,146,457,36.7,36.7,3915,497,0,717,0.695,1,COM7
2,191052,37,rpm,663,457,36.7,36.7,3915,497,0,717,0.696,1,COM7
2,191072,37,rpm,613,457,36.7,36.7,3915,497,0,717,0.696,1,COM7
2,191093,37,rpm,925,457,36.7,36.7,3915,497,0,717,0.696,1,COM7
2,191114,37,rpm,850,457,36.7,36.7,3915,497,0,718,0.696,1,COM7
2,191134,37,rpm,622,457,36.7,36.7,3915,497,0,718,0.696,1,COM7
2,191155,37,rpm,633,457,36.7,36.7,3915,497,0,718,0.696,1,COM7
2,191176,37,rpm,610,457,36.7,36.7,3915,497,0,718,0.697,1,COM7
2,191196,37,rpm,460,457,36.7,36.7,3915,497,0,718,0.697,1,COM7
2,191217,37,rpm,328,457,36.7,36.7,3915,497,0,718,0.697,1,COM7
2,191238,37,rpm,234,457,36.7,36.7,3915,497,0,719,0.697,1,COM7
2,191258,37,rpm,-373,457,36.7,36.7,3915,497,0,719,0.697,1,COM7
2,191279,37,rpm,47,457,36.7,36.7,3915,497,0,719,0.697,1,COM7
2,191300,37,rpm,431,457,36.7,36.7,3915,497,0,719,0.697,1,COM7
2,191320,37,rpm,671,457,36.7,36.7,3915,497,0,719,0.698,1,COM7
2,191341,37,rpm,770,457,36.7,36.7,3915,497,0,719,0.698,1,COM7
2,191362,37,rpm,873,457,36.7,36.7,3915,497,0,719,0.698,1,COM7
2,191382,37,rpm,717,457,36.7,36.7,3915,497,0,720,0.698,1,COM7
2,191403,37,rpm,639,457,36.7,36.7,3915,497,0,720,0.698,1,COM7
2,191424,37,rpm,581,457,36.7,36.7,3915,497,0,720,0.698,1,COM7
2,191444,37,rpm,580,457,36.7,36.7,3915,497,0,720,0.699,1,COM7
2,191465,37,rpm,372,457,36.7,36.7,3915,497,0,720,0.699,1,COM7
2,191486,37,rpm,295,457,36.7,36.7,3915,497,0,720,0.699,1,COM7
2,191506,37,rpm,-179,457,36.7,36.7,3915,497,0,721,0.699,1,COM7
2,191527,37,rpm,-100,457,36.7,36.7,3915,497,0,721,0.699,1,COM7
2,191548,37,rpm,152,457,36.7,36.7,3915,497,0,721,0.699,1,COM7
2,191568,37,rpm,631,457,36.7,36.7,3915,497,0,721,0.699,1,COM7
2,191589,37,rpm,784,456,36.7,36.7,3915,497,0,721,0.7,1,COM7
2,191610,37,rpm,874,456,36.7,36.7,3915,497,0,721,0.7,1,COM7
2,191630,37,rpm,753,456,36.7,36.7,3915,497,0,722,0.7,1,COM7
2,191651,37,rpm,713,456,36.7,36.7,3915,497,0,722,0.7,1,COM7
2,191672,37,rpm,642,456,36.7,36.7,3915,497,0,722,0.7,1,COM7
2,191692,37,rpm,510,456,36.7,36.7,3915,497,0,722,0.7,1,COM7
2,191713,37,rpm,496,456,36.7,36.7,3915,497,0,722,0.7,1,COM7
2,191734,37,rpm,347,456,36.7,36.7,3915,497,0,722,0.701,1,COM7
2,191754,37,rpm,173,456,36.7,36.7,3915,497,0,722,0.701,1,COM7
2,191775,37,rpm,-401,456,36.7,36.7,3915,497,0,723,0.701,1,COM7
2,191796,37,rpm,76,456,36.7,36.7,3915,497,0,723,0.701,1,COM7
2,191816,37,rpm,456,456,36.7,36.7,3915,497,0,723,0.701,1,COM7
2,191837,37,rpm,695,456,36.7,36.7,3915,497,0,723,0.701,1,COM7
2,191858,37,rpm,857,456,36.7,36.7,3915,497,0,723,0.702,1,COM7
2,191878,37,rpm,834,456,36.7,36.7,3915,497,0,723,0.702,1,COM7
2,191899,37,rpm,679,456,36.7,36.7,3915,497,0,724,0.702,1,COM7
2,191920,37,rpm,705,456,36.7,36.7,3915,497,0,724,0.702,1,COM7
2,191940,37,rpm,585,456,36.7,36.7,3915,497,0,724,0.702,1,COM7
2,191961,37,rpm,481,456,36.7,36.7,3915,497,0,724,0.702,1,COM7
2,191982,37,rpm,410,456,36.7,36.7,3915,497,0,724,0.702,1,COM7
2,192002,37,rpm,278,456,36.7,36.7,3915,497,0,724,0.703,1,COM7
2,192023,37,rpm,-298,456,36.7,36.7,3915,497,0,725,0.703,1,COM7
2,192043,37,rpm,-32,456,36.7,36.7,3915,497,0,725,0.703,1,COM7
2,192064,37,rpm,232,456,36.7,36.7,3915,497,0,725,0.703,1,COM7
2,192085,37,rpm,585,456,36.7,36.7,3915,497,0,725,0.703,1,COM7
2,192105,37,rpm,772,456,36.7,36.7,3915,497,0,725,0.703,1,COM7
2,192126,37,rpm,1011,456,36.7,36.7,3915,497,0,725,0.704,1,COM7
2,192147,37,rpm,689,456,36.7,36.7,3915,497,0,725,0.704,1,COM7
2,192167,37,rpm,599,456,36.7,36.7,3915,497,0,726,0.704,1,COM7
2,192188,37,rpm,691,456,36.7,36.7,3915,497,0,726,0.704,1,COM7
2,192209,37,rpm,532,456,36.7,36.7,3915,497,0,726,0.704,1,COM7
2,192230,37,rpm,406,456,36.7,36.7,3915,497,0,726,0.704,1,COM7
2,192250,37,rpm,347,456,36.7,36.7,3915,497,0,726,0.704,1,COM7
2,192271,37,rpm,-19,456,36.7,36.7,3915,497,0,726,0.705,1,COM7
2,192292,37,rpm,-235,456,36.7,36.7,3915,497,0,727,0.705,1,COM7
2,192312,37,rpm,126,456,36.7,36.7,3915,497,0,727,0.705,1,COM7
2,192333,37,rpm,632,456,36.7,36.7,3915,497,0,727,0.705,1,COM7
2,192353,37,rpm,707,456,36.7,36.7,3915,497,0,727,0.705,1,COM7
2,192374,37,rpm,890,456,36.7,36.7,3915,497,0,727,0.705,1,COM7
2,192395,37,rpm,832,456,36.7,36.7,3915,497,0,727,0.706,1,COM7
2,192415,37,rpm,673,456,36.7,36.7,3915,497,0,728,0.706,1,COM7
2,192436,37,rpm,651,456,36.7,36.7,3915,497,0,728,0.706,1,COM7
2,192457,37,rpm,550,456,36.7,36.7,3915,497,0,728,0.706,1,COM7
2,192477,37,rpm,460,456,36.7,36.7,3915,497,0,728,0.706,1,COM7
2,192498,37,rpm,303,456,36.7,36.7,3915,497,0,728,0.706,1,COM7
2,192519,37,rpm,112,456,36.7,36.7,3915,497,0,728,0.706,1,COM7
2,192539,37,rpm,-319,456,36.7,36.7,3915,497,0,728,0.707,1,COM7
2,192560,37,rpm,84,456,36.7,36.7,3915,497,0,729,0.707,1,COM7
2,192581,37,rpm,537,456,36.7,36.7,3915,497,0,729,0.707,1,COM7
2,192601,37,rpm,715,456,36.7,36.7,3915,497,0,729,0.707,1,COM7
2,192622,37,rpm,794,456,36.7,36.7,3915,497,0,729,0.707,1,COM7
2,192642,37,rpm,777,456,36.7,36.7,3915,497,0,729,0.707,1,COM7
2,192663,37,rpm,798,456,36.7,36.7,3915,497,0,729,0.708,1,COM7
2,192684,37,rpm,635,456,36.7,36.7,3915,497,0,730,0.708,1,COM7
2,192704,37,rpm,547,456,36.7,36.7,3915,497,0,730,0.708,1,COM7
2,192725,37,rpm,538,456,36.7,36.7,3915,497,0,730,0.708,1,COM7
2,192746,37,rpm,366,456,36.7,36.7,3915,497,0,730,0.708,1,COM7
2,192766,37,rpm,260,456,36.7,36.7,3915,497,0,730,0.708,1,COM7
2,192787,37,rpm,-364,456,36.7,36.7,3915,497,0,730,0.708,1,COM7
2,192808,37,rpm,24,456,36.7,36.7,3915,497,0,730,0.709,1,COM7
2,192828,37,rpm,253,456,36.7,36.7,3915,497,0,731,0.709,1,COM7
2,192849,37,rpm,702,456,36.7,36.7,3915,497,0,731,0.709,1,COM7
2,192870,37,rpm,833,456,36.7,36.7,3915,497,0,731,0.709,1,COM7
2,192890,37,rpm,817,456,36.7,36.7,3915,497,0,731,0.709,1,COM7
2,192911,37,rpm,684,456,36.7,36.7,3915,497,0,731,0.709,1,COM7
2,192932,37,rpm,714,456,36.7,36.7,3915,497,0,731,0.709,1,COM7
2,192952,37,rpm,618,456,36.7,36.7,3915,497,0,732,0.71,1,COM7
2,192973,37,rpm,474,456,36.7,36.7,3915,497,0,732,0.71,1,COM7
2,192993,37,rpm,470,456,36.7,36.7,3915,497,0,732,0.71,1,COM7
2,193014,37,rpm,324,457,36.7,36.7,3915,497,0,732,0.71,1,COM7
2,193035,37,rpm,37,457,36.7,36.7,3915,497,0,732,0.71,1,COM7
2,193055,37,rpm,-297,457,36.7,36.7,3915,497,0,732,0.71,1,COM7
2,193076,37,rpm,99,457,36.7,36.7,3915,497,0,733,0.711,1,COM7
2,193097,37,rpm,531,457,36.7,36.7,3915,497,0,733,0.711,1,COM7
2,193117,37,rpm,733,457,36.7,36.7,3915,497,0,733,0.711,1,COM7
2,193138,37,rpm,928,457,36.7,36.7,3915,497,0,733,0.711,1,COM7
2,193159,37,rpm,679,457,36.7,36.7,3915,497,0,733,0.711,1,COM7
2,193179,37,rpm,713,457,36.7,36.7,3915,497,0,733,0.711,1,COM7
2,193200,37,rpm,734,457,36.7,36.7,3915,497,0,733,0.711,1,COM7
2,193221,37,rpm,498,457,36.7,36.7,3915,497,0,734,0.712,1,COM7
2,193241,37,rpm,498,457,36.7,36.7,3915,497,0,734,0.712,1,COM7
2,193262,37,rpm,399,457,36.7,36.7,3915,497,0,734,0.712,1,COM7
2,193282,37,rpm,242,457,36.7,36.7,3915,497,0,734,0.712,1,COM7
2,193303,37,rpm,-413,457,36.7,36.7,3915,497,0,734,0.712,1,COM7
2,193324,37,rpm,40,457,36.7,36.7,3915,497,0,734,0.712,1,COM7
2,193344,37,rpm,339,457,36.7,36.7,3915,497,0,735,0.713,1,COM7
2,193365,37,rpm,626,457,36.7,36.7,3915,497,0,735,0.713,1,COM7
2,193386,37,rpm,842,457,36.7,36.7,3915,497,0,735,0.713,1,COM7
2,193406,37,rpm,867,457,36.7,36.7,3915,497,0,735,0.713,1,COM7
2,193427,37,rpm,672,457,36.7,36.7,3915,497,0,735,0.713,1,COM7
2,193448,37,rpm,674,457,36.7,36.7,3915,497,0,735,0.713,1,COM7
2,193468,37,rpm,627,457,36.7,36.7,3915,497,0,736,0.713,1,COM7
2,193489,37,rpm,526,457,36.7,36.7,3915,497,0,736,0.714,1,COM7
2,193510,37,rpm,415,457,36.7,36.7,3915,497,0,736,0.714,1,COM7
2,193530,37,rpm,303,457,36.7,36.7,3915,497,0,736,0.714,1,COM7
2,193551,37,rpm,-36,457,36.7,36.7,3915,497,0,736,0.714,1,COM7
2,193572,37,rpm,-241,457,36.7,36.7,3915,497,0,736,0.714,1,COM7
2,193592,37,rpm,131,457,36.7,36.7,3915,497,0,736,0.714,1,COM7
2,193613,37,rpm,610,457,36.7,36.7,3915,497,0,737,0.715,1,COM7
2,193634,37,rpm,692,457,36.7,36.7,3915,497,0,737,0.715,1,COM7
2,193654,37,rpm,831,457,36.7,36.7,3915,497,0,737,0.715,1,COM7
2,193675,37,rpm,882,457,36.7,36.7,3915,497,0,737,0.715,1,COM7
2,193695,37,rpm,640,457,36.7,36.7,3915,497,0,737,0.715,1,COM7
2,193716,37,rpm,585,457,36.7,36.7,3915,497,0,737,0.715,1,COM7
2,193737,37,rpm,644,457,36.7,36.7,3915,497,0,738,0.715,1,COM7
2,193757,37,rpm,461,457,36.7,36.7,3915,497,0,738,0.716,1,COM7
2,193778,37,rpm,332,457,36.7,36.7,3915,497,0,738,0.716,1,COM7
2,193799,37,rpm,216,457,36.7,36.7,3915,497,0,738,0.716,1,COM7
2,193819,37,rpm,-394,457,36.7,36.7,3915,497,0,738,0.716,1,COM7
2,193840,37,rpm,60,457,36.7,36.7,3915,497,0,738,0.716,1,COM7
2,193861,37,rpm,453,457,36.7,36.7,3915,497,0,739,0.716,1,COM7
2,193881,37,rpm,750,457,36.7,36.7,3915,497,0,739,0.716,1,COM7
2,193902,37,rpm,806,457,36.7,36.7,3915,497,0,739,0.717,1,COM7
2,193923,37,rpm,862,457,36.7,36.7,3915,497,0,739,0.717,1,COM7
2,193943,37,rpm,789,457,36.7,36.7,3915,497,0,739,0.717,1,COM7
2,193964,37,rpm,629,457,36.7,36.7,3915,497,0,739,0.717,1,COM7
2,193985,37,rpm,546,457,36.7,36.7,3915,497,0,739,0.717,1,COM7
2,194005,37,rpm,515,457,36.7,36.7,3915,497,0,740,0.717,1,COM7
2,194026,37,rpm,353,457,36.7,36.7,3915,497,0,740,0.718,1,COM7
2,194046,37,rpm,226,457,36.7,36.7,3915,497,0,740,0.718,1,COM7
2,194067,37,rpm,-362,457,36.7,36.7,3915,497,0,740,0.718,1,COM7
2,194088,37,rpm,44,457,36.7,36.7,3915,497,0,740,0.718,1,COM7
2,194108,37,rpm,322,457,36.7,36.7,3915,497,0,740,0.718,1,COM7
2,194129,37,rpm,723,457,36.7,36.7,3915,497,0,741,0.718,1,COM7
2,194150,37,rpm,904,457,36.7,36.7,3915,497,0,741,0.718,1,COM7
2,194170,37,rpm,684,457,36.7,36.7,3915,497,0,741,0.719,1,COM7
2,194191,37,rpm,800,457,36.7,36.7,3915,497,0,741,0.719,1,COM7
2,194212,37,rpm,701,457,36.7,36.7,3915,497,0,741,0.719,1,COM7
2,194232,37,rpm,563,457,36.7,36.7,3915,497,0,741,0.719,1,COM7
2,194253,37,rpm,529,457,36.7,36.7,3915,497,0,741,0.719,1,COM7
2,194274,37,rpm,446,457,36.7,36.7,3915,497,0,742,0.719,1,COM7
2,194294,37,rpm,284,457,36.7,36.7,3915,497,0,742,0.72,1,COM7
2,194315,37,rpm,-160,457,36.7,36.7,3915,497,0,742,0.72,1,COM7
2,194336,37,rpm,-130,457,36.7,36.7,3915,497,0,742,0.72,1,COM7
2,194356,37,rpm,168,457,36.7,36.7,3915,497,0,742,0.72,1,COM7
2,194377,37,rpm,604,457,36.7,36.7,3915,497,0,742,0.72,1,COM7
2,194398,37,rpm,802,457,36.7,36.7,3915,497,0,743,0.72,1,COM7
2,194418,37,rpm,856,457,36.7,36.7,3915,497,0,743,0.72,1,COM7
2,194439,37,rpm,710,457,36.7,36.7,3915,497,0,743,0.721,1,COM7
2,194460,37,rpm,726,457,36.7,36.7,3915,497,0,743,0.721,1,COM7
2,194480,37,rpm,596,457,36.7,36.7,3915,497,0,743,0.721,1,COM7
2,194501,37,rpm,565,457,36.7,36.7,3915,497,0,743,0.721,1,COM7
2,194522,37,rpm,476,457,36.7,36.7,3915,497,0,744,0.721,1,COM7
2,194542,37,rpm,338,457,36.7,36.7,3915,497,0,744,0.721,1,COM7
2,194563,37,rpm,216,457,36.7,36.7,3915,497,0,744,0.722,1,COM7
2,194583,37,rpm,-400,457,36.7,36.7,3915,497,0,744,0.722,1,COM7
2,194604,37,rpm,58,457,36.7,36.7,3915,497,0,744,0.722,1,COM7
2,194625,37,rpm,431,457,36.7,36.7,3915,497,0,744,0.722,1,COM7
2,194645,37,rpm,646,457,36.7,36.7,3915,497,0,744,0.722,1,COM7
2,194666,37,rpm,838,457,36.7,36.7,3915,497,0,745,0.722,1,COM7
2,194687,37,rpm,901,457,36.7,36.7,3915,497,0,745,0.722,1,COM7
2,194707,37,rpm,677,457,36.7,36.7,3915,497,0,745,0.723,1,COM7
2,194728,37,rpm,624,457,36.7,36.7,3915,497,0,745,0.723,1,COM7
2,194749,37,rpm,676,457,36.7,36.7,3915,497,0,745,0.723,1,COM7
2,194769,37,rpm,500,457,36.7,36.7,3915,497,0,745,0.723,1,COM7
2,194790,37,rpm,402,457,36.7,36.7,3915,497,0,746,0.723,1,COM7
2,194810,37,rpm,310,457,36.7,36.7,3915,497,0,746,0.723,1,COM7
2,194831,37,rpm,-170,457,36.7,36.7,3915,497,0,746,0.724,1,COM7
2,194852,37,rpm,-157,457,36.7,36.7,3915,497,0,746,0.724,1,COM7
2,194872,37,rpm,190,457,36.7,36.7,3915,497,0,746,0.724,1,COM7
2,194893,37,rpm,681,457,36.7,36.7,3915,497,0,746,0.724,1,COM7
2,194914,37,rpm,635,457,36.7,36.7,3915,497,0,747,0.724,1,COM7
2,194934,37,rpm,904,457,36.7,36.7,3915,497,0,747,0.724,1,COM7
2,194955,37,rpm,846,457,36.7,36.7,3915,497,0,747,0.724,1,COM7
2,194976,37,rpm,598,457,36.7,36.7,3915,497,0,747,0.725,1,COM7
2,194996,37,rpm,634,457,36.7,36.7,3915,497,0,747,0.725,1,COM7
2,195017,37,rpm,593,457,36.7,36.7,3915,497,0,747,0.725,1,COM7
2,195038,37,rpm,447,457,36.7,36.7,3915,497,0,747,0.725,1,COM7
2,195058,37,rpm,304,457,36.7,36.7,3915,497,0,748,0.725,1,COM7
2,195079,37,rpm,186,457,36.7,36.7,3915,497,0,748,0.725,1,COM7
2,195100,37,rpm,-415,457,36.7,36.7,3915,497,0,748,0.726,1,COM7
2,195120,37,rpm,67,457,36.7,36.7,3915,497,0,748,0.726,1,COM7
2,195141,37,rpm,487,457,36.7,36.7,3915,497,0,748,0.726,1,COM7
2,195162,37,rpm,754,457,36.7,36.7,3915,497,0,748,0.726,1,COM7
2,195182,37,rpm,769,457,36.7,36.7,3915,497,0,749,0.726,1,COM7
2,195203,37,rpm,839,457,36.7,36.7,3915,497,0,749,0.726,1,COM7
2,195224,37,rpm,765,457,36.7,36.7,3915,497,0,749,0.726,1,COM7
2,195244,37,rpm,585,457,36.7,36.7,3915,497,0,749,0.727,1,COM7
2,195265,37,rpm,534,457,36.7,36.7,3915,497,0,749,0.727,1,COM7
2,195286,37,rpm,583,457,36.7,36.7,3915,497,0,749,0.727,1,COM7
2,195306,37,rpm,347,457,36.7,36.7,3915,497,0,750,0.727,1,COM7
2,195327,37,rpm,260,457,36.7,36.7,3915,497,0,750,0.727,1,COM7
2,195347,37,rpm,-381,457,36.7,36.7,3915,497,0,750,0.727,1,COM7
2,195368,37,rpm,26,457,36.7,36.7,3915,497,0,750,0.727,1,COM7
2,195389,37,rpm,261,457,36.7,36.7,3915,497,0,750,0.728,1,COM7
2,195409,37,rpm,760,457,36.7,36.7,3915,497,0,750,0.728,1,COM7
2,195430,37,rpm,857,457,36.7,36.7,3915,497,0,750,0.728,1,COM7
2,195451,37,rpm,788,457,36.7,36.7,3915,497,0,751,0.728,1,COM7
2,195471,37,rpm,799,457,36.7,36.7,3915,497,0,751,0.728,1,COM7
2,195492,37,rpm,672,457,36.7,36.7,3915,497,0,751,0.728,1,COM7
2,195513,37,rpm,592,457,36.7,36.7,3915,497,0,751,0.729,1,COM7
2,195533,37,rpm,525,457,36.7,36.7,3915,497,0,751,0.729,1,COM7
2,195554,37,rpm,394,457,36.7,36.7,3915,497,0,751,0.729,1,COM7
2,195575,37,rpm,262,457,36.7,36.7,3915,497,0,752,0.729,1,COM7
2,195595,37,rpm,-297,457,36.7,36.7,3915,497,0,752,0.729,1,COM7
2,195616,37,rpm,-29,457,36.7,36.7,3915,497,0,752,0.729,1,COM7
2,195637,37,rpm,214,457,36.7,36.7,3915,497,0,752,0.729,1,COM7
2,195657,37,rpm,650,457,36.7,36.7,3915,497,0,752,0.73,1,COM7
2,195678,37,rpm,759,457,36.7,36.7,3915,497,0,752,0.73,1,COM7
2,195698,37,rpm,914,457,36.7,36.7,3915,497,0,752,0.73,1,COM7
2,195719,37,rpm,771,457,36.7,36.7,3915,497,0,753,0.73,1,COM7
2,195740,37,rpm,617,457,36.7,36.7,3915,497,0,753,0.73,1,COM7
2,195760,37,rpm,696,457,36.7,36.7,3915,497,0,753,0.73,1,COM7
2,195781,37,rpm,521,457,36.7,36.7,3915,497,0,753,0.731,1,COM7
2,195802,37,rpm,425,457,36.7,36.7,3915,497,0,753,0.731,1,COM7
2,195822,37,rpm,355,457,36.7,36.7,3915,497,0,753,0.731,1,COM7
2,195843,37,rpm,33,457,36.7,36.7,3915,497,0,754,0.731,1,COM7
2,195864,37,rpm,-280,457,36.7,36.7,3915,497,0,754,0.731,1,COM7
2,195884,37,rpm,92,457,36.7,36.7,3915,497,0,754,0.731,1,COM7
2,195905,37,rpm,549,457,36.7,36.7,3915,497,0,754,0.731,1,COM7
2,195926,37,rpm,620,457,36.7,36.7,3915,497,0,754,0.732,1,COM7
2,195946,37,rpm,908,457,36.7,36.7,3915,497,0,754,0.732,1,COM7
2,195967,37,rpm,849,457,36.7,36.7,3915,497,0,755,0.732,1,COM7
2,195987,37,rpm,648,457,36.7,36.7,3915,497,0,755,0.732,1,COM7
2,196008,37,rpm,621,457,36.7,36.7,3915,497,0,755,0.732,1,COM7
2,196029,37,rpm,618,457,36.7,36.7,3915,497,0,755,0.732,1,COM7
2,196049,37,rpm,482,457,36.7,36.7,3915,497,0,755,0.733,1,COM7
2,196070,37,rpm,379,457,36.7,36.7,3915,497,0,755,0.733,1,COM7
2,196091,37,rpm,289,457,36.7,36.7,3915,497,0,755,0.733,1,COM7
2,196111,37,rpm,-357,457,36.7,36.7,3915,497,0,756,0.733,1,COM7
2,196132,37,rpm,10,457,36.7,36.7,3915,497,0,756,0.733,1,COM7
2,196153,37,rpm,266,457,36.7,36.7,3915,497,0,756,0.733,1,COM7
2,196173,37,rpm,693,457,36.7,36.7,3915,497,0,756,0.733,1,COM7
2,196194,37,rpm,715,457,36.7,36.7,3915,497,0,756,0.734,1,COM7
2,196215,37,rpm,921,457,36.7,36.7,3915,497,0,756,0.734,1,COM7
2,196235,37,rpm,763,457,36.7,36.7,3915,497,0,757,0.734,1,COM7
2,196256,37,rpm,612,457,36.7,36.7,3915,497,0,757,0.734,1,COM7
2,196276,37,rpm,603,457,36.7,36.7,3915,497,0,757,0.734,1,COM7
2,196297,37,rpm,625,457,36.7,36.7,3915,497,0,757,0.734,1,COM7
2,196318,37,rpm,379,457,36.7,36.7,3915,497,0,757,0.735,1,COM7
2,196338,37,rpm,341,457,36.7,36.7,3915,497,0,757,0.735,1,COM7
2,196359,37,rpm,10,457,36.7,36.7,3915,497,0,758,0.735,1,COM7
2,196380,37,rpm,-281,457,36.7,36.7,3915,497,0,758,0.735,1,COM7
2,196400,37,rpm,99,457,36.7,36.7,3915,497,0,758,0.735,1,COM7
2,196421,37,rpm,620,457,36.7,36.7,3915,497,0,758,0.735,1,COM7
2,196441,37,rpm,670,457,36.7,36.7,3915,497,0,758,0.735,1,COM7
2,196462,37,rpm,754,457,36.7,36.7,3915,497,0,758,0.736,1,COM7
2,196483,37,rpm,961,457,36.7,36.7,3915,497,0,758,0.736,1,COM7
2,196504,37,rpm,654,457,36.7,36.7,3915,497,0,759,0.736,1,COM7
2,196524,37,rpm,585,457,36.7,36.7,3915,497,0,759,0.736,1,COM7
2,196545,37,rpm,620,457,36.7,36.7,3915,497,0,759,0.736,1,COM7
2,196565,37,rpm,492,457,36.7,36.7,3915,497,0,759,0.736,1,COM7
2,196586,37,rpm,346,457,36.7,36.7,3915,497,0,759,0.736,1,COM7
2,196607,37,rpm,268,457,36.7,36.7,3915,497,0,759,0.737,1,COM7
2,196627,37,rpm,-388,457,36.7,36.7,3915,497,0,760,0.737,1,COM7
2,196648,37,rpm,33,457,36.7,36.7,3915,497,0,760,0.737,1,COM7
2,196669,37,rpm,297,457,36.7,36.7,3915,497,0,760,0.737,1,COM7
2,196689,37,rpm,695,457,36.7,36.7,3915,497,0,760,0.737,1,COM7
2,196710,37,rpm,824,457,36.7,36.7,3915,497,0,760,0.737,1,COM7
2,196731,37,rpm,880,457,36.7,36.7,3915,497,0,760,0.738,1,COM7
2,196751,37,rpm,704,457,36.7,36.7,3915,497,0,761,0.738,1,COM7
2,196772,37,rpm,646,457,36.7,36.7,3915,497,0,761,0.738,1,COM7
2,196793,37,rpm,606,457,36.7,36.7,3915,497,0,761,0.738,1,COM7
2,196813,37,rpm,485,457,36.7,36.7,3915,497,0,761,0.738,1,COM7
2,196834,37,rpm,465,457,36.7,36.7,3915,497,0,761,0.738,1,COM7
2,196855,37,rpm,300,457,36.7,36.7,3915,497,0,761,0.738,1,COM7
2,196875,37,rpm,-153,457,36.7,36.7,3915,497,0,761,0.739,1,COM7
2,196896,37,rpm,-148,457,36.7,36.7,3915,497,0,762,0.739,1,COM7
2,196917,37,rpm,185,457,36.7,36.7,3915,497,0,762,0.739,1,COM7
2,196937,37,rpm,626,457,36.7,36.7,3915,497,0,762,0.739,1,COM7
2,196958,37,rpm,832,457,36.7,36.7,3915,497,0,762,0.739,1,COM7
2,196979,37,rpm,897,457,36.7,36.7,3915,497,0,762,0.739,1,COM7
2,196999,37,rpm,722,457,36.7,36.7,3915,497,0,762,0.74,1,COM7
2,197020,37,rpm,709,457,36.7,36.7,3915,497,0,763,0.74,1,COM7
2,197041,37,rpm,689,457,36.7,36.7,3915,497,0,763,0.74,1,COM7
2,197061,37,rpm,495,457,36.7,36.7,3915,497,0,763,0.74,1,COM7
2,197082,37,rpm,417,457,36.7,36.7,3915,497,0,763,0.74,1,COM7
2,197103,37,rpm,324,457,36.7,36.7,3915,497,0,763,0.74,1,COM7
2,197123,37,rpm,-1,457,36.7,36.7,3915,497,0,763,0.74,1,COM7
2,197144,37,rpm,-242,457,36.7,36.7,3915,497,0,764,0.741,1,COM7
2,197164,37,rpm,128,457,36.7,36.7,3915,497,0,764,0.741,1,COM7
2,197185,37,rpm,616,457,36.7,36.7,3915,497,0,764,0.741,1,COM7
2,197206,37,rpm,660,457,36.7,36.7,3915,497,0,764,0.741,1,COM7
2,197226,37,rpm,872,457,36.7,36.7,3915,497,0,764,0.741,1,COM7
2,197247,37,rpm,871,457,36.7,36.7,3915,497,0,764,0.741,1,COM7
2,197268,37,rpm,597,457,36.7,36.7,3915,497,0,764,0.742,1,COM7
2,197288,37,rpm,638,457,36.7,36.7,3915,497,0,765,0.742,1,COM7
2,197309,37,rpm,630,457,36.7,36.7,3915,497,0,765,0.742,1,COM7
2,197330,37,rpm,440,457,36.7,36.7,3915,497,0,765,0.742,1,COM7
2,197350,37,rpm,351,457,36.7,36.7,3915,497,0,765,0.742,1,COM7
2,197371,37,rpm,250,457,36.7,36.7,3915,497,0,765,0.742,1,COM7
2,197392,37,rpm,-386,457,36.7,36.7,3915,497,0,765,0.742,1,COM7
2,197412,37,rpm,40,457,36.7,36.7,3915,497,0,766,0.743,1,COM7
2,197433,37,rpm,378,457,36.7,36.7,3915,497,0,766,0.743,1,COM7
2,197453,37,rpm,656,457,36.7,36.7,3915,497,0,766,0.743,1,COM7
2,197474,37,rpm,712,457,36.7,36.7,3915,497,0,766,0.743,1,COM7
2,197495,37,rpm,972,457,36.7,36.7,3915,497,0,766,0.743,1,COM7
2,197515,37,rpm,697,457,36.7,36.7,3915,497,0,766,0.743,1,COM7
2,197536,37,rpm,614,457,36.7,36.7,3915,497,0,766,0.744,1,COM7
2,197557,37,rpm,655,457,36.7,36.7,3915,497,0,767,0.744,1,COM7
2,197577,37,rpm,526,457,36.7,36.7,3915,497,0,767,0.744,1,COM7
2,197598,37,rpm,379,457,36.7,36.7,3915,497,0,767,0.744,1,COM7
2,197619,37,rpm,329,457,36.7,36.7,3915,497,0,767,0.744,1,COM7
2,197639,37,rpm,-104,457,36.7,36.7,3915,497,0,767,0.744,1,COM7
2,197660,37,rpm,-179,457,36.7,36.7,3915,497,0,767,0.744,1,COM7
2,197681,37,rpm,141,457,36.7,36.7,3915,497,0,768,0.745,1,COM7
2,197701,37,rpm,637,457,36.7,36.7,3915,497,0,768,0.745,1,COM7
2,197722,37,rpm,678,457,36.7,36.7,3915,497,0,768,0.745,1,COM7
2,197743,37,rpm,888,457,36.7,36.7,3915,497,0,768,0.745,1,COM7
2,197763,37,rpm,743,457,36.7,36.7,3915,497,0,768,0.745,1,COM7
2,197784,37,rpm,729,457,36.7,36.7,3915,497,0,768,0.745,1,COM7
2,197804,37,rpm,592,457,36.7,36.7,3915,497,0,769,0.745,1,COM7
2,197825,37,rpm,548,457,36.7,36.7,3915,497,0,769,0.746,1,COM7
2,197846,37,rpm,534,457,36.7,36.7,3915,497,0,769,0.746,1,COM7
2,197866,37,rpm,352,457,36.7,36.7,3915,497,0,769,0.746,1,COM7
2,197887,37,rpm,212,457,36.7,36.7,3915,497,0,769,0.746,1,COM7
2,197908,37,rpm,-412,457,36.7,36.7,3915,497,0,769,0.746,1,COM7
2,197928,37,rpm,60,457,36.7,36.7,3915,497,0,769,0.746,1,COM7
2,197949,37,rpm,412,457,36.7,36.7,3915,497,0,770,0.747,1,COM7
2,197970,37,rpm,711,457,36.7,36.7,3915,497,0,770,0.747,1,COM7
2,197990,37,rpm,824,457,36.7,36.7,3915,497,0,770,0.747,1,COM7
2,198011,37,rpm,821,457,36.7,36.7,3915,497,0,770,0.747,1,COM7
2,198031,37,rpm,745,457,36.7,36.7,3915,497,0,770,0.747,1,COM7
2,198052,37,rpm,655,457,36.7,36.7,3915,497,0,770,0.747,1,COM7
2,198073,37,rpm,536,457,36.7,36.7,3915,497,0,771,0.747,1,COM7
2,198093,37,rpm,578,457,36.7,36.7,3915,497,0,771,0.748,1,COM7
2,198114,37,rpm,409,457,36.7,36.7,3915,497,0,771,0.748,1,COM7
2,198135,37,rpm,261,457,36.7,36.7,3915,497,0,771,0.748,1,COM7
2,198155,37,rpm,-158,457,36.7,36.7,3915,497,0,771,0.748,1,COM7
2,198176,37,rpm,-132,457,36.7,36.7,3915,497,0,771,0.748,1,COM7
2,198197,37,rpm,174,457,36.7,36.7,3915,497,0,772,0.748,1,COM7
2,198217,37,rpm,637,457,36.7,36.7,3915,497,0,772,0.749,1,COM7
2,198238,37,rpm,807,457,36.7,36.7,3915,497,0,772,0.749,1,COM7
2,198258,37,rpm,843,457,36.7,36.7,3915,497,0,772,0.749,1,COM7
2,198279,37,rpm,691,457,36.7,36.7,3915,497,0,772,0.749,1,COM7
2,198300,37,rpm,729,457,36.7,36.7,3915,497,0,772,0.749,1,COM7
2,198320,37,rpm,672,457,36.7,36.7,3915,497,0,772,0.749,1,COM7
2,198341,37,rpm,506,457,36.7,36.7,3915,497,0,773,0.749,1,COM7
2,198362,37,rpm,446,457,36.7,36.7,3915,497,0,773,0.75,1,COM7
2,198382,37,rpm,355,457,36.7,36.7,3915,497,0,773,0.75,1,COM7
2,198403,37,rpm,93,457,36.7,36.7,3915,497,0,773,0.75,1,COM7
2,198424,37,rpm,-351,457,36.7,36.7,3915,497,0,773,0.75,1,COM7
2,198444,37,rpm,99,457,36.7,36.7,3915,497,0,773,0.75,1,COM7
2,198465,37,rpm,541,457,36.7,36.7,3915,497,0,774,0.75,1,COM7
2,198485,37,rpm,697,457,36.7,36.7,3915,497,0,774,0.751,1,COM7
2,198506,37,rpm,997,457,36.7,36.7,3915,497,0,774,0.751,1,COM7
2,198527,37,rpm,758,457,36.7,36.7,3915,497,0,774,0.751,1,COM7
2,198547,37,rpm,690,457,36.7,36.7,3915,497,0,774,0.751,1,COM7
2,198568,37,rpm,728,457,36.7,36.7,3915,497,0,774,0.751,1,COM7
2,198589,37,rpm,560,457,36.7,36.7,3915,497,0,775,0.751,1,COM7
2,198609,37,rpm,433,457,36.7,36.7,3915,497,0,775,0.751,1,COM7
2,198630,37,rpm,383,457,36.7,36.7,3915,497,0,775,0.752,1,COM7
2,198651,37,rpm,160,457,36.7,36.7,3915,497,0,775,0.752,1,COM7
2,198671,37,rpm,-352,457,36.7,36.7,3915,497,0,775,0.752,1,COM7
2,198692,37,rpm,68,457,36.7,36.7,3915,497,0,775,0.752,1,COM7
2,198713,37,rpm,482,457,36.7,36.7,3915,497,0,775,0.752,1,COM7
2,198733,37,rpm,642,457,36.7,36.7,3915,497,0,776,0.752,1,COM7
2,198754,37,rpm,870,457,36.7,36.7,3915,497,0,776,0.753,1,COM7
2,198775,37,rpm,836,457,36.7,36.7,3915,497,0,776,0.753,1,COM7
2,198795,37,rpm,673,457,36.7,36.7,3915,497,0,776,0.753,1,COM7
2,198816,37,rpm,613,457,36.7,36.7,3915,497,0,776,0.753,1,COM7
2,198837,37,rpm,581,457,36.7,36.7,3915,497,0,776,0.753,1,COM7
2,198857,37,rpm,562,457,36.7,36.7,3915,497,0,777,0.753,1,COM7
2,198878,37,rpm,375,457,36.7,36.7,3915,497,0,777,0.753,1,COM7
2,198899,37,rpm,276,457,36.7,36.7,3915,497,0,777,0.754,1,COM7
2,198919,37,rpm,-315,457,36.7,36.7,3915,497,0,777,0.754,1,COM7
2,198940,37,rpm,-13,457,36.7,36.7,3915,497,0,777,0.754,1,COM7
2,198960,37,rpm,244,457,36.7,36.7,3915,497,0,777,0.754,1,COM7
2,198981,37,rpm,705,457,36.7,36.7,3915,497,0,778,0.754,1,COM7
2,199002,37,rpm,691,457,36.7,36.7,3915,497,0,778,0.754,1,COM7
2,199022,37,rpm,795,457,36.7,36.7,3915,497,0,778,0.754,1,COM7
2,199043,37,rpm,893,457,36.7,36.7,3915,497,0,778,0.755,1,COM7
2,199064,37,rpm,628,457,36.7,36.7,3915,497,0,778,0.755,1,COM7
2,199084,37,rpm,562,457,36.7,36.7,3915,497,0,778,0.755,1,COM7
2,199105,37,rpm,618,457,36.7,36.7,3915,497,0,778,0.755,1,COM7
2,199126,37,rpm,457,457,36.7,36.7,3915,497,0,779,0.755,1,COM7
2,199146,37,rpm,302,457,36.7,36.7,3915,497,0,779,0.755,1,COM7
2,199167,37,rpm,150,457,36.7,36.7,3915,497,0,779,0.756,1,COM7
2,199188,37,rpm,-318,457,36.7,36.7,3915,497,0,779,0.756,1,COM7
2,199208,37,rpm,53,457,36.7,36.7,3915,497,0,779,0.756,1,COM7
2,199229,37,rpm,504,457,36.7,36.7,3915,497,0,779,0.756,1,COM7
2,199249,37,rpm,728,457,36.7,36.7,3915,497,0,780,0.756,1,COM7
2,199270,37,rpm,740,457,36.7,36.7,3915,497,0,780,0.756,1,COM7
2,199291,37,rpm,854,457,36.7,36.7,3915,497,0,780,0.756,1,COM7
2,199311,37,rpm,778,457,36.7,36.7,3915,497,0,780,0.757,1,COM7
2,199332,37,rpm,589,457,36.7,36.7,3915,497,0,780,0.757,1,COM7
2,199353,37,rpm,545,457,36.7,36.7,3915,497,0,780,0.757,1,COM7
2,199373,37,rpm,570,457,36.7,36.7,3915,497,0,780,0.757,1,COM7
2,199394,37,rpm,370,457,36.7,36.7,3915,497,0,781,0.757,1,COM7
2,199415,37,rpm,275,457,36.7,36.7,3915,497,0,781,0.757,1,COM7
2,199435,37,rpm,-338,457,36.7,36.7,3915,497,0,781,0.758,1,COM7
2,199456,37,rpm,-7,457,36.7,36.7,3915,497,0,781,0.758,1,COM7
2,199477,37,rpm,254,457,36.7,36.7,3915,497,0,781,0.758,1,COM7
2,199497,37,rpm,697,457,36.7,36.7,3915,497,0,781,0.758,1,COM7
2,199518,37,rpm,803,457,36.7,36.7,3915,497,0,782,0.758,1,COM7
2,199539,37,rpm,806,457,36.7,36.7,3915,497,0,782,0.758,1,COM7
2,199559,37,rpm,758,457,36.7,36.7,3915,497,0,782,0.758,1,COM7
2,199580,37,rpm,727,457,36.7,36.7,3915,497,0,782,0.759,1,COM7
2,199600,37,rpm,576,457,36.7,36.7,3915,497,0,782,0.759,1,COM7
2,199621,37,rpm,495,457,36.7,36.7,3915,497,0,782,0.759,1,COM7
2,199642,37,rpm,520,457,36.7,36.7,3915,497,0,783,0.759,1,COM7
2,199662,37,rpm,296,457,36.7,36.7,3915,497,0,783,0.759,1,COM7
2,199683,37,rpm,65,457,36.7,36.7,3915,497,0,783,0.759,1,COM7
2,199704,37,rpm,-331,457,36.7,36.7,3915,497,0,783,0.76,1,COM7
2,199724,37,rpm,103,457,36.7,36.7,3915,497,0,783,0.76,1,COM7
2,199745,37,rpm,504,457,36.7,36.7,3915,497,0,783,0.76,1,COM7
2,199766,37,rpm,779,457,36.7,36.7,3915,497,0,783,0.76,1,COM7
2,199786,37,rpm,844,457,36.7,36.7,3915,497,0,784,0.76,1,COM7
2,199807,37,rpm,788,457,36.7,36.7,3915,497,0,784,0.76,1,COM7
2,199828,37,rpm,734,457,36.7,36.7,3915,497,0,784,0.76,1,COM7
2,199848,37,rpm,663,457,36.7,36.7,3915,497,0,784,0.761,1,COM7
2,199869,37,rpm,557,457,36.7,36.7,3915,497,0,784,0.761,1,COM7
2,199890,37,rpm,497,457,36.7,36.7,3915,497,0,784,0.761,1,COM7
2,199910,37,rpm,325,457,36.7,36.7,3915,497,0,785,0.761,1,COM7
2,199931,37,rpm,252,457,36.7,36.7,3915,497,0,785,0.761,1,COM7
2,199952,37,rpm,-401,457,36.7,36.7,3915,497,0,785,0.761,1,COM7
2,199972,37,rpm,57,457,36.7,36.7,3915,497,0,785,0.761,1,COM7
2,199993,37,rpm,437,457,36.7,36.7,3915,497,0,785,0.762,1,COM7
2,200013,37,rpm,625,457,36.7,36.7,3915,497,0,785,0.762,1,COM7
2,200034,37,rpm,899,457,36.7,36.7,3915,497,0,786,0.762,1,COM7
2,200055,37,rpm,894,457,36.7,36.7,3915,497,0,786,0.762,1,COM7
2,200075,37,rpm,718,457,36.7,36.7,3915,497,0,786,0.762,1,COM7
2,200096,37,rpm,588,457,36.7,36.7,3915,497,0,786,0.762,1,COM7
2,200117,37,rpm,672,457,36.7,36.7,3915,497,0,786,0.763,1,COM7
2,200137,37,rpm,511,457,36.7,36.7,3915,497,0,786,0.763,1,COM7
2,200158,37,rpm,338,457,36.7,36.7,3915,497,0,786,0.763,1,COM7
2,200179,37,rpm,282,457,36.7,36.7,3915,497,0,787,0.763,1,COM7
2,200199,37,rpm,-368,457,36.7,36.7,3915,497,0,787,0.763,1,COM7
2,200220,37,rpm,24,457,36.7,36.7,3915,497,0,787,0.763,1,COM7
2,200240,37,rpm,299,457,36.7,36.7,3915,497,0,787,0.763,1,COM7
2,200261,37,rpm,706,457,36.7,36.7,3915,497,0,787,0.764,1,COM7
2,200282,37,rpm,668,457,36.7,36.7,3915,497,0,787,0.764,1,COM7
2,200302,37,rpm,941,457,36.7,36.7,3915,497,0,788,0.764,1,COM7
2,200323,37,rpm,771,457,36.7,36.7,3915,497,0,788,0.764,1,COM7
2,200344,37,rpm,627,457,36.7,36.7,3915,497,0,788,0.764,1,COM7
2,200364,37,rpm,590,457,36.7,36.7,3915,497,0,788,0.764,1,COM7
2,200385,37,rpm,594,457,36.7,36.7,3915,497,0,788,0.765,1,COM7
2,200406,37,rpm,414,457,36.7,36.7,3915,497,0,788,0.765,1,COM7
2,200426,37,rpm,297,457,36.7,36.7,3915,497,0,789,0.765,1,COM7
2,200447,37,rpm,-57,457,36.7,36.7,3915,497,0,789,0.765,1,COM7
2,200468,37,rpm,-201,457,36.7,36.7,3915,497,0,789,0.765,1,COM7
2,200488,37,rpm,117,457,36.7,36.7,3915,497,0,789,0.765,1,COM7
2,200509,37,rpm,631,457,36.7,36.7,3915,497,0,789,0.765,1,COM7
2,200530,37,rpm,745,457,36.7,36.7,3915,497,0,789,0.766,1,COM7
2,200550,37,rpm,768,457,36.7,36.7,3915,497,0,789,0.766,1,COM7
2,200571,37,rpm,816,457,36.7,36.7,3915,497,0,790,0.766,1,COM7
2,200592,37,rpm,749,457,36.7,36.7,3915,497,0,790,0.766,1,COM7
2,200612,37,rpm,583,457,36.7,36.7,3915,497,0,790,0.766,1,COM7
2,200633,37,rpm,523,457,36.7,36.7,3915,497,0,790,0.766,1,COM7
2,200654,37,rpm,568,457,36.7,36.7,3915,497,0,790,0.767,1,COM7
2,200674,37,rpm,319,457,36.7,36.7,3915,497,0,790,0.767,1,COM7
2,200695,37,rpm,251,457,36.7,36.7,3915,497,0,791,0.767,1,COM7
2,200716,37,rpm,-400,457,36.7,36.7,3915,497,0,791,0.767,1,COM7
2,200736,37,rpm,42,457,36.7,36.7,3915,497,0,791,0.767,1,COM7
2,200757,37,rpm,303,457,36.7,36.7,3915,497,0,791,0.767,1,COM7
2,200778,37,rpm,751,457,36.7,36.7,3915,497,0,791,0.767,1,COM7
2,200798,37,rpm,776,457,36.7,36.7,3915,497,0,791,0.768,1,COM7
2,200819,37,rpm,783,457,36.7,36.7,3915,497,0,791,0.768,1,COM7
2,200840,37,rpm,821,457,36.7,36.7,3915,497,0,792,0.768,1,COM7
2,200860,37,rpm,639,457,36.7,36.7,3915,497,0,792,0.768,1,COM7
2,200881,37,rpm,560,457,36.7,36.7,3915,497,0,792,0.768,1,COM7
2,200902,37,rpm,568,457,36.7,36.7,3915,497,0,792,0.768,1,COM7
2,200922,37,rpm,396,457,36.7,36.7,3915,497,0,792,0.769,1,COM7
2,200943,37,rpm,306,457,36.7,36.7,3915,497,0,792,0.769,1,COM7
2,200964,37,rpm,-98,457,36.7,36.7,3915,497,0,793,0.769,1,COM7
2,200984,37,rpm,-224,457,36.7,36.7,3915,497,0,793,0.769,1,COM7
2,201005,37,rpm,149,457,36.7,36.7,3915,497,0,793,0.769,1,COM7
2,201026,37,rpm,608,457,36.7,36.7,3915,497,0,793,0.769,1,COM7
2,201046,37,rpm,710,457,36.7,36.7,3915,497,0,793,0.769,1,COM7
2,201067,37,rpm,941,457,36.7,36.7,3915,497,0,793,0.77,1,COM7
2,201088,37,rpm,803,457,36.7,36.7,3915,497,0,794,0.77,1,COM7
2,201108,37,rpm,642,457,36.7,36.7,3915,497,0,794,0.77,1,COM7
2,201129,37,rpm,654,457,36.7,36.7,3915,497,0,794,0.77,1,COM7
2,201150,37,rpm,558,457,36.7,36.7,3915,497,0,794,0.77,1,COM7
2,201170,37,rpm,448,457,36.7,36.7,3915,497,0,794,0.77,1,COM7
2,201191,37,rpm,360,457,36.7,36.7,3915,497,0,794,0.771,1,COM7
2,201212,37,rpm,216,457,36.7,36.7,3915,497,0,794,0.771,1,COM7
2,201232,37,rpm,-405,457,36.7,36.7,3915,497,0,795,0.771,1,COM7
2,201253,37,rpm,64,457,36.7,36.7,3915,497,0,795,0.771,1,COM7
2,201274,37,rpm,424,457,36.7,36.7,3915,497,0,795,0.771,1,COM7
2,201294,37,rpm,639,457,36.7,36.7,3915,497,0,795,0.771,1,COM7
2,201315,37,rpm,827,457,36.7,36.7,3915,497,0,795,0.771,1,COM7
2,201336,37,rpm,940,457,36.7,36.7,3915,497,0,795,0.772,1,COM7
2,201356,37,rpm,672,457,36.7,36.7,3915,497,0,796,0.772,1,COM7
2,201377,37,rpm,614,457,36.7,36.7,3915,497,0,796,0.772,1,COM7
2,201398,37,rpm,590,457,36.7,36.7,3915,497,0,796,0.772,1,COM7
2,201418,37,rpm,554,457,36.7,36.7,3915,497,0,796,0.772,1,COM7
2,201439,37,rpm,356,457,36.7,36.7,3915,497,0,796,0.772,1,COM7
2,201460,37,rpm,301,457,36.7,36.7,3915,497,0,796,0.772,1,COM7
2,201480,37,rpm,-334,457,36.7,36.7,3915,497,0,797,0.773,1,COM7
2,201501,37,rpm,-6,457,36.7,36.7,3915,497,0,797,0.773,1,COM7
2,201522,37,rpm,258,457,36.7,36.7,3915,497,0,797,0.773,1,COM7
2,201542,37,rpm,755,457,36.7,36.7,3915,497,0,797,0.773,1,COM7
2,201563,37,rpm,769,457,36.7,36.7,3915,497,0,797,0.773,1,COM7
2,201583,37,rpm,813,457,36.7,36.7,3915,497,0,797,0.773,1,COM7
2,201604,37,rpm,877,457,36.7,36.7,3915,497,0,797,0.774,1,COM7
2,201625,37,rpm,622,457,36.7,36.7,3915,497,0,798,0.774,1,COM7
2,201645,37,rpm,604,457,36.7,36.7,3915,497,0,798,0.774,1,COM7
2,201666,37,rpm,583,457,36.7,36.7,3915,497,0,798,0.774,1,COM7
2,201687,37,rpm,394,457,36.7,36.7,3915,497,0,798,0.774,1,COM7
2,201707,37,rpm,259,457,36.7,36.7,3915,497,0,798,0.774,1,COM7
2,201728,37,rpm,-137,457,36.7,36.7,3915,497,0,798,0.774,1,COM7
2,201749,37,rpm,-136,457,36.7,36.7,3915,497,0,799,0.775,1,COM7
2,201769,37,rpm,150,457,36.7,36.7,3915,497,0,799,0.775,1,COM7
2,201790,37,rpm,699,457,36.7,36.7,3915,497,0,799,0.775,1,COM7
2,201811,37,rpm,741,457,36.7,36.7,3915,497,0,799,0.775,1,COM7
2,201831,37,rpm,788,457,36.7,36.7,3915,497,0,799,0.775,1,COM7
2,201852,37,rpm,843,457,36.7,36.7,3915,497,0,799,0.775,1,COM7
2,201873,37,rpm,644,457,36.7,36.7,3915,497,0,800,0.776,1,COM7
2,201893,37,rpm,626,457,36.7,36.7,3915,497,0,800,0.776,1,COM7
2,201914,37,rpm,563,457,36.7,36.7,3915,497,0,800,0.776,1,COM7
2,201935,37,rpm,460,457,36.7,36.7,3915,497,0,800,0.776,1,COM7
2,201955,37,rpm,329,457,36.7,36.7,3915,497,0,800,0.776,1,COM7
2,201976,37,rpm,160,457,36.7,36.7,3915,497,0,800,0.776,1,COM7
2,201997,37,rpm,-373,457,36.7,36.7,3915,497,0,800,0.776,1,COM7
2,202017,37,rpm,77,457,36.7,36.7,3915,497,0,801,0.777,1,COM7
2,202038,37,rpm,460,457,36.7,36.7,3915,497,0,801,0.777,1,COM7
2,202059,37,rpm,719,457,36.7,36.7,3915,497,0,801,0.777,1,COM7
2,202079,37,rpm,872,457,36.7,36.7,3915,497,0,801,0.777,1,COM7
2,202100,37,rpm,826,457,36.7,36.7,3915,497,0,801,0.777,1,COM7
2,202120,37,rpm,670,457,36.7,36.7,3915,497,0,801,0.777,1,COM7
2,202141,37,rpm,666,457,36.7,36.7,3915,497,0,802,0.778,1,COM7
2,202162,37,rpm,577,457,36.7,36.7,3915,497,0,802,0.778,1,COM7
2,202182,37,rpm,493,457,36.7,36.7,3915,497,0,802,0.778,1,COM7
2,202203,37,rpm,395,457,36.7,36.7,3915,497,0,802,0.778,1,COM7
2,202224,37,rpm,284,457,36.7,36.7,3915,497,0,802,0.778,1,COM7
2,202244,37,rpm,-287,457,36.7,36.7,3915,497,0,802,0.778,1,COM7
2,202265,37,rpm,-25,457,36.7,36.7,3915,497,0,803,0.778,1,COM7
2,202286,37,rpm,216,457,36.7,36.7,3915,497,0,803,0.779,1,COM7
2,202306,37,rpm,598,457,36.7,36.7,3915,497,0,803,0.779,1,COM7
2,202327,37,rpm,789,457,36.7,36.7,3915,497,0,803,0.779,1,COM7
2,202348,37,rpm,929,457,36.7,36.7,3915,497,0,803,0.779,1,COM7
2,202368,37,rpm,697,457,36.7,36.7,3915,497,0,803,0.779,1,COM7
2,202389,37,rpm,653,457,36.7,36.7,3915,497,0,803,0.779,1,COM7
2,202410,37,rpm,687,458,36.7,36.7,3915,497,0,804,0.78,1,COM7
2,202430,37,rpm,539,458,36.7,36.7,3915,497,0,804,0.78,1,COM7
2,202451,37,rpm,432,458,36.7,36.7,3915,497,0,804,0.78,1,COM7
2,202471,37,rpm,355,458,36.7,36.7,3915,497,0,804,0.78,1,COM7
2,202492,37,rpm,77,458,36.7,36.7,3915,497,0,804,0.78,1,COM7
2,202513,37,rpm,-329,458,36.7,36.7,3915,497,0,804,0.78,1,COM7
2,202534,37,rpm,95,458,36.7,36.7,3915,497,0,805,0.78,1,COM7
2,202554,37,rpm,558,458,36.7,36.7,3915,497,0,805,0.781,1,COM7
2,202575,37,rpm,597,458,36.7,36.7,3915,497,0,805,0.781,1,COM7
2,202596,37,rpm,887,458,36.7,36.7,3915,497,0,805,0.781,1,COM7
2,202616,37,rpm,934,458,36.7,36.7,3915,497,0,805,0.781,1,COM7
2,202637,37,rpm,583,458,36.7,36.7,3915,497,0,805,0.781,1,COM7
2,202658,37,rpm,650,458,36.7,36.7,3915,497,0,806,0.781,1,COM7
2,202678,37,rpm,640,458,36.7,36.7,3915,497,0,806,0.781,1,COM7
2,202699,37,rpm,488,458,36.7,36.7,3915,497,0,806,0.782,1,COM7
2,202720,37,rpm,351,458,36.7,36.7,3915,497,0,806,0.782,1,COM7
2,202740,37,rpm,289,458,36.7,36.7,3915,497,0,806,0.782,1,COM7
2,202761,37,rpm,-361,458,36.7,36.7,3915,497,0,806,0.782,1,COM7
2,202782,37,rpm,18,458,36.7,36.7,3915,497,0,806,0.782,1,COM7
2,202802,37,rpm,316,458,36.7,36.7,3915,497,0,807,0.782,1,COM7
2,202823,37,rpm,680,458,36.7,36.7,3915,497,0,807,0.783,1,COM7
2,202844,37,rpm,736,458,36.7,36.7,3915,497,0,807,0.783,1,COM7
2,202864,37,rpm,915,458,36.7,36.7,3915,497,0,807,0.783,1,COM7
2,202885,37,rpm,789,458,36.7,36.7,3915,497,0,807,0.783,1,COM7
2,202906,37,rpm,607,458,36.7,36.7,3915,497,0,807,0.783,1,COM7
2,202926,37,rpm,592,458,36.7,36.7,3915,497,0,808,0.783,1,COM7
2,202947,37,rpm,560,458,36.7,36.7,3915,497,0,808,0.783,1,COM7
2,202968,37,rpm,433,458,36.7,36.7,3915,497,0,808,0.784,1,COM7
2,202988,37,rpm,295,458,36.7,36.7,3915,497,0,808,0.784,1,COM7
2,203009,37,rpm,-96,458,36.7,36.7,3915,497,0,808,0.784,1,COM7
2,203030,37,rpm,-188,458,36.7,36.7,3915,497,0,808,0.784,1,COM7
2,203050,37,rpm,127,458,36.7,36.7,3915,497,0,809,0.784,1,COM7
2,203071,37,rpm,621,458,36.7,36.7,3915,497,0,809,0.784,1,COM7
2,203092,37,rpm,829,458,36.7,36.7,3915,497,0,809,0.785,1,COM7
2,203112,37,rpm,889,458,36.7,36.7,3915,497,0,809,0.785,1,COM7
2,203133,37,rpm,681,458,36.7,36.7,3915,497,0,809,0.785,1,COM7
2,203154,37,rpm,807,458,36.7,36.7,3915,497,0,809,0.785,1,COM7
2,203174,37,rpm,627,458,36.7,36.7,3915,497,0,809,0.785,1,COM7
2,203195,37,rpm,526,458,36.7,36.7,3915,497,0,810,0.785,1,COM7
2,203216,37,rpm,451,458,36.7,36.7,3915,497,0,810,0.785,1,COM7
2,203236,37,rpm,320,458,36.7,36.7,3915,497,0,810,0.786,1,COM7
2,203257,37,rpm,7,458,36.7,36.7,3915,497,0,810,0.786,1,COM7
2,203278,37,rpm,-273,458,36.7,36.7,3915,497,0,810,0.786,1,COM7
2,203298,37,rpm,124,458,36.7,36.7,3915,497,0,810,0.786,1,COM7
2,203319,37,rpm,549,458,36.7,36.7,3915,497,0,811,0.786,1,COM7
2,203340,37,rpm,724,458,36.7,36.7,3915,497,0,811,0.786,1,COM7
2,203360,37,rpm,896,458,36.7,36.7,3915,497,0,811,0.787,1,COM7
2,203381,37,rpm,781,458,36.7,36.7,3915,497,0,811,0.787,1,COM7
2,203401,37,rpm,654,458,36.7,36.7,3915,497,0,811,0.787,1,COM7
2,203422,37,rpm,674,458,36.7,36.7,3915,497,0,811,0.787,1,COM7
2,203443,37,rpm,588,458,36.7,36.7,3915,497,0,812,0.787,1,COM7
2,203464,37,rpm,440,458,36.7,36.7,3915,497,0,812,0.787,1,COM7
2,203484,37,rpm,383,458,36.7,36.7,3915,497,0,812,0.787,1,COM7
2,203505,37,rpm,247,458,36.7,36.7,3915,497,0,812,0.788,1,COM7
2,203525,37,rpm,-393,458,36.7,36.7,3915,497,0,812,0.788,1,COM7
2,203546,37,rpm,39,458,36.7,36.7,3915,497,0,812,0.788,1,COM7
2,203567,37,rpm,361,458,36.7,36.7,3915,497,0,812,0.788,1,COM7
2,203587,37,rpm,642,458,36.7,36.7,3915,497,0,813,0.788,1,COM7
2,203608,37,rpm,808,458,36.7,36.7,3915,497,0,813,0.788,1,COM7
2,203629,37,rpm,902,458,36.7,36.7,3915,497,0,813,0.789,1,COM7
2,203649,37,rpm,648,458,36.7,36.7,3915,497,0,813,0.789,1,COM7
2,203670,37,rpm,643,458,36.7,36.7,3915,497,0,813,0.789,1,COM7
2,203691,37,rpm,672,458,36.7,36.7,3915,497,0,813,0.789,1,COM7
2,203711,37,rpm,498,458,36.7,36.7,3915,497,0,814,0.789,1,COM7
2,203732,37,rpm,402,458,36.7,36.7,3915,497,0,814,0.789,1,COM7
2,203753,37,rpm,334,458,36.7,36.7,3915,497,0,814,0.789,1,COM7
2,203773,37,rpm,-68,458,36.7,36.7,3915,497,0,814,0.79,1,COM7
2,203794,37,rpm,-221,458,36.7,36.7,3915,497,0,814,0.79,1,COM7
2,203814,37,rpm,140,458,36.7,36.7,3915,497,0,814,0.79,1,COM7
2,203835,37,rpm,597,458,36.7,36.7,3915,497,0,814,0.79,1,COM7
2,203856,37,rpm,665,458,36.7,36.7,3915,497,0,815,0.79,1,COM7
2,203876,37,rpm,889,458,36.7,36.7,3915,497,0,815,0.79,1,COM7
2,203897,37,rpm,798,458,36.7,36.7,3915,497,0,815,0.791,1,COM7
2,203918,37,rpm,683,458,36.7,36.7,3915,497,0,815,0.791,1,COM7
2,203938,37,rpm,642,458,36.7,36.7,3915,497,0,815,0.791,1,COM7
2,203959,37,rpm,570,458,36.7,36.7,3915,497,0,815,0.791,1,COM7
2,203980,37,rpm,502,458,36.7,36.7,3915,497,0,816,0.791,1,COM7
2,204000,37,rpm,350,458,36.7,36.7,3915,497,0,816,0.791,1,COM7
2,204021,37,rpm,242,458,36.7,36.7,3915,497,0,816,0.791,1,COM7
2,204042,37,rpm,-412,458,36.7,36.7,3915,497,0,816,0.792,1,COM7
2,204062,37,rpm,53,458,36.7,36.7,3915,497,0,816,0.792,1,COM7
2,204083,37,rpm,387,458,36.7,36.7,3915,497,0,816,0.792,1,COM7
2,204104,37,rpm,729,458,36.7,36.7,3915,497,0,817,0.792,1,COM7
2,204124,37,rpm,768,458,36.7,36.7,3915,497,0,817,0.792,1,COM7
2,204145,37,rpm,886,458,36.7,36.7,3915,497,0,817,0.792,1,COM7
2,204166,37,rpm,740,458,36.7,36.7,3915,497,0,817,0.793,1,COM7
2,204186,37,rpm,652,458,36.7,36.7,3915,497,0,817,0.793,1,COM7
2,204207,37,rpm,565,458,36.7,36.7,3915,497,0,817,0.793,1,COM7
2,204228,37,rpm,558,458,36.7,36.7,3915,497,0,817,0.793,1,COM7
2,204248,37,rpm,405,458,36.7,36.7,3915,497,0,818,0.793,1,COM7
2,204269,37,rpm,271,458,36.7,36.7,3915,497,0,818,0.793,1,COM7
2,204290,37,rpm,-154,458,36.7,36.7,3915,497,0,818,0.793,1,COM7
2,204310,37,rpm,-176,458,36.7,36.7,3915,497,0,818,0.794,1,COM7
2,204331,37,rpm,143,458,36.7,36.7,3915,497,0,818,0.794,1,COM7
2,204352,37,rpm,643,458,36.7,36.7,3915,497,0,818,0.794,1,COM7
2,204372,37,rpm,791,458,36.7,36.7,3915,497,0,819,0.794,1,COM7
2,204393,37,rpm,824,458,36.7,36.7,3915,497,0,819,0.794,1,COM7
2,204414,37,rpm,743,458,36.7,36.7,3915,497,0,819,0.794,1,COM7
2,204434,37,rpm,745,458,36.7,36.7,3915,497,0,819,0.794,1,COM7
2,204455,37,rpm,620,458,36.7,36.7,3915,497,0,819,0.795,1,COM7
2,204475,37,rpm,484,458,36.7,36.7,3915,497,0,819,0.795,1,COM7
2,204496,37,rpm,525,458,36.7,36.7,3915,497,0,820,0.795,1,COM7
2,204517,37,rpm,332,458,36.7,36.7,3915,497,0,820,0.795,1,COM7
2,204537,37,rpm,54,458,36.7,36.7,3915,497,0,820,0.795,1,COM7
2,204558,37,rpm,-311,458,36.7,36.7,3915,497,0,820,0.795,1,COM7
2,204579,37,rpm,112,458,36.7,36.7,3915,497,0,820,0.796,1,COM7
2,204600,37,rpm,488,458,36.7,36.7,3915,497,0,820,0.796,1,COM7
2,204620,37,rpm,733,458,36.7,36.7,3915,497,0,820,0.796,1,COM7
2,204641,37,rpm,988,458,36.7,36.7,3915,497,0,821,0.796,1,COM7
2,204662,37,rpm,752,458,36.7,36.7,3915,497,0,821,0.796,1,COM7
2,204682,37,rpm,665,458,36.7,36.7,3915,497,0,821,0.796,1,COM7
2,204703,37,rpm,751,458,36.7,36.7,3915,497,0,821,0.796,1,COM7
2,204724,37,rpm,551,458,36.7,36.7,3915,497,0,821,0.797,1,COM7
2,204744,37,rpm,431,458,36.7,36.7,3915,497,0,821,0.797,1,COM7
2,204765,37,rpm,358,458,36.7,36.7,3915,497,0,822,0.797,1,COM7
2,204785,37,rpm,156,458,36.7,36.7,3915,497,0,822,0.797,1,COM7
2,204806,37,rpm,-338,458,36.7,36.7,3915,497,0,822,0.797,1,COM7
2,204827,37,rpm,69,458,36.7,36.7,3915,497,0,822,0.797,1,COM7
2,204848,37,rpm,495,458,36.7,36.7,3915,497,0,822,0.798,1,COM7
2,204868,37,rpm,642,458,36.7,36.7,3915,497,0,822,0.798,1,COM7
2,204889,37,rpm,827,458,36.7,36.7,3915,497,0,823,0.798,1,COM7
2,204910,37,rpm,813,458,36.7,36.7,3915,497,0,823,0.798,1,COM7
2,204930,37,rpm,727,458,36.7,36.7,3915,497,0,823,0.798,1,COM7
2,204951,37,rpm,650,458,36.7,36.7,3915,497,0,823,0.798,1,COM7
2,204972,37,rpm,549,458,36.7,36.7,3915,497,0,823,0.798,1,COM7
2,204992,37,rpm,565,458,36.7,36.7,3915,497,0,823,0.799,1,COM7
2,205013,37,rpm,366,458,36.7,36.7,3915,497,0,823,0.799,1,COM7
2,205033,37,rpm,264,458,36.7,36.7,3915,497,0,824,0.799,1,COM7
2,205054,37,rpm,-340,458,36.7,36.7,3915,497,0,824,0.799,1,COM7
2,205075,37,rpm,0,458,36.7,36.7,3915,497,0,824,0.799,1,COM7
2,205095,37,rpm,232,458,36.7,36.7,3915,497,0,824,0.799,1,COM7
2,205116,37,rpm,683,458,36.7,36.7,3915,497,0,824,0.8,1,COM7
2,205137,37,rpm,730,458,36.7,36.7,3915,497,0,824,0.8,1,COM7
2,205158,37,rpm,801,458,36.7,36.7,3915,497,0,825,0.8,1,COM7
2,205178,37,rpm,868,458,36.7,36.7,3915,497,0,825,0.8,1,COM7
2,205199,37,rpm,654,458,36.7,36.7,3915,497,0,825,0.8,1,COM7
2,205220,37,rpm,544,458,36.7,36.7,3915,497,0,825,0.8,1,COM7
2,205240,37,rpm,607,458,36.7,36.7,3915,497,0,825,0.8,1,COM7
2,205261,37,rpm,447,458,36.7,36.7,3915,497,0,825,0.801,1,COM7
2,205282,37,rpm,303,458,36.7,36.7,3915,497,0,826,0.801,1,COM7
2,205302,37,rpm,112,458,36.7,36.7,3915,497,0,826,0.801,1,COM7
2,205323,37,rpm,-322,458,36.7,36.7,3915,497,0,826,0.801,1,COM7
2,205344,37,rpm,72,458,36.7,36.7,3915,497,0,826,0.801,1,COM7
2,205364,37,rpm,503,458,36.7,36.7,3915,497,0,826,0.801,1,COM7
2,205385,37,rpm,731,458,36.7,36.7,3915,497,0,826,0.802,1,COM7
2,205406,37,rpm,764,458,36.7,36.7,3915,497,0,826,0.802,1,COM7
2,205426,37,rpm,844,458,36.7,36.7,3915,497,0,827,0.802,1,COM7
2,205447,37,rpm,714,458,36.7,36.7,3915,497,0,827,0.802,1,COM7
2,205467,37,rpm,671,458,36.7,36.7,3915,497,0,827,0.802,1,COM7
2,205488,37,rpm,533,457,36.7,36.7,3915,497,0,827,0.802,1,COM7
2,205509,37,rpm,509,457,36.7,36.7,3915,497,0,827,0.802,1,COM7
2,205529,37,rpm,411,457,36.7,36.7,3915,497,0,827,0.803,1,COM7
2,205550,37,rpm,251,457,36.7,36.7,3915,497,0,828,0.803,1,COM7
2,205571,37,rpm,-368,457,36.7,36.7,3915,497,0,828,0.803,1,COM7
2,205592,37,rpm,21,457,36.7,36.7,3915,497,0,828,0.803,1,COM7
2,205612,37,rpm,269,457,36.7,36.7,3915,497,0,828,0.803,1,COM7
2,205633,37,rpm,685,457,36.7,36.7,3915,497,0,828,0.803,1,COM7
2,205653,37,rpm,873,457,36.7,36.7,3915,497,0,828,0.804,1,COM7
2,205674,37,rpm,753,457,36.7,36.7,3915,497,0,829,0.804,1,COM7
2,205695,37,rpm,727,457,36.7,36.7,3915,497,0,829,0.804,1,COM7
2,205715,37,rpm,739,457,36.7,36.7,3915,497,0,829,0.804,1,COM7
2,205736,37,rpm,583,457,36.7,36.7,3915,497,0,829,0.804,1,COM7
2,205757,37,rpm,477,457,36.7,36.7,3915,497,0,829,0.804,1,COM7
2,205777,37,rpm,483,457,36.7,36.7,3915,497,0,829,0.804,1,COM7
2,205798,37,rpm,306,457,36.7,36.7,3915,497,0,829,0.805,1,COM7
2,205819,37,rpm,26,457,36.7,36.7,3915,497,0,830,0.805,1,COM7
2,205840,37,rpm,-281,457,36.7,36.7,3915,497,0,830,0.805,1,COM7
2,205860,37,rpm,111,457,36.7,36.7,3915,497,0,830,0.805,1,COM7
2,205881,37,rpm,543,457,36.7,36.7,3915,497,0,830,0.805,1,COM7
2,205902,37,rpm,726,457,36.7,36.7,3915,497,0,830,0.805,1,COM7
2,205922,37,rpm,875,457,36.7,36.7,3915,497,0,830,0.805,1,COM7
2,205943,37,rpm,857,457,36.7,36.7,3915,497,0,831,0.806,1,COM7
2,205963,37,rpm,621,457,36.7,36.7,3915,497,0,831,0.806,1,COM7
2,205984,37,rpm,671,457,36.7,36.7,3915,497,0,831,0.806,1,COM7
2,206005,37,rpm,572,457,36.7,36.7,3915,497,0,831,0.806,1,COM7
2,206025,37,rpm,482,457,36.7,36.7,3915,497,0,831,0.806,1,COM7
2,206046,37,rpm,334,457,36.7,36.7,3915,497,0,831,0.806,1,COM7
2,206067,37,rpm,239,457,36.7,36.7,3915,497,0,832,0.807,1,COM7
2,206087,37,rpm,-407,457,36.7,36.7,3915,497,0,832,0.807,1,COM7
2,206108,37,rpm,60,457,36.7,36.7,3915,497,0,832,0.807,1,COM7
2,206129,37,rpm,450,457,36.7,36.7,3915,497,0,832,0.807,1,COM7
2,206149,37,rpm,728,457,36.7,36.7,3915,497,0,832,0.807,1,COM7
2,206170,37,rpm,798,457,36.7,36.7,3915,497,0,832,0.807,1,COM7
2,206191,37,rpm,901,457,36.7,36.7,3915,497,0,832,0.807,1,COM7
2,206211,37,rpm,728,457,36.7,36.7,3915,497,0,833,0.808,1,COM7
2,206232,37,rpm,590,457,36.7,36.7,3915,497,0,833,0.808,1,COM7
2,206252,37,rpm,663,457,36.7,36.7,3915,497,0,833,0.808,1,COM7
2,206273,37,rpm,513,457,36.7,36.7,3915,497,0,833,0.808,1,COM7
2,206294,37,rpm,342,457,36.7,36.7,3915,497,0,833,0.808,1,COM7
2,206315,37,rpm,259,457,36.7,36.7,3915,497,0,833,0.808,1,COM7
2,206335,37,rpm,-385,457,36.7,36.7,3915,497,0,834,0.809,1,COM7
2,206356,37,rpm,30,457,36.7,36.7,3915,497,0,834,0.809,1,COM7
2,206377,37,rpm,311,457,36.7,36.7,3915,497,0,834,0.809,1,COM7
2,206397,37,rpm,704,457,36.7,36.7,3915,497,0,834,0.809,1,COM7
2,206418,37,rpm,781,457,36.7,36.7,3915,497,0,834,0.809,1,COM7
2,206438,37,rpm,824,457,36.7,36.7,3915,497,0,834,0.809,1,COM7
2,206459,37,rpm,764,457,36.7,36.7,3915,497,0,835,0.809,1,COM7
2,206480,37,rpm,683,457,36.7,36.7,3915,497,0,835,0.81,1,COM7
2,206500,37,rpm,521,457,36.7,36.7,3915,497,0,835,0.81,1,COM7
2,206521,37,rpm,601,457,36.7,36.7,3915,497,0,835,0.81,1,COM7
2,206542,37,rpm,449,457,36.7,36.7,3915,497,0,835,0.81,1,COM7
2,206562,37,rpm,265,457,36.7,36.7,3915,497,0,835,0.81,1,COM7
2,206583,37,rpm,-62,457,36.7,36.7,3915,497,0,835,0.81,1,COM7
2,206604,37,rpm,-190,457,36.7,36.7,3915,497,0,836,0.811,1,COM7
2,206624,37,rpm,136,457,36.7,36.7,3915,497,0,836,0.811,1,COM7
2,206645,37,rpm,615,457,36.7,36.7,3915,497,0,836,0.811,1,COM7
2,206666,37,rpm,807,457,36.7,36.7,3915,497,0,836,0.811,1,COM7
2,206686,37,rpm,765,457,36.7,36.7,3915,497,0,836,0.811,1,COM7
2,206707,37,rpm,782,457,36.7,36.7,3915,497,0,836,0.811,1,COM7
2,206728,37,rpm,774,457,36.7,36.7,3915,497,0,837,0.811,1,COM7
2,206748,37,rpm,592,457,36.7,36.7,3915,497,0,837,0.812,1,COM7
2,206769,37,rpm,521,457,36.7,36.7,3915,497,0,837,0.812,1,COM7
2,206790,37,rpm,526,457,36.7,36.7,3915,497,0,837,0.812,1,COM7
2,206810,37,rpm,339,457,36.7,36.7,3915,497,0,837,0.812,1,COM7
2,206831,37,rpm,230,457,36.7,36.7,3915,497,0,837,0.812,1,COM7
2,206851,37,rpm,-400,457,36.7,36.7,3915,497,0,837,0.812,1,COM7
2,206872,37,rpm,52,457,36.7,36.7,3915,497,0,838,0.813,1,COM7
2,206893,37,rpm,342,457,36.7,36.7,3915,497,0,838,0.813,1,COM7
2,206913,37,rpm,705,457,36.7,36.7,3915,497,0,838,0.813,1,COM7
2,206934,37,rpm,785,457,36.7,36.7,3915,497,0,838,0.813,1,COM7
2,206955,37,rpm,866,457,36.7,36.7,3915,497,0,838,0.813,1,COM7
2,206975,37,rpm,763,457,36.7,36.7,3915,497,0,838,0.813,1,COM7
2,206996,37,rpm,617,457,36.7,36.7,3915,497,0,839,0.813,1,COM7
2,207017,37,rpm,649,457,36.7,36.7,3915,497,0,839,0.814,1,COM7
2,207037,37,rpm,525,457,36.7,36.7,3915,497,0,839,0.814,1,COM7
2,207058,37,rpm,384,457,36.7,36.7,3915,497,0,839,0.814,1,COM7
2,207079,37,rpm,325,457,36.7,36.7,3915,497,0,839,0.814,1,COM7
2,207099,37,rpm,-121,457,36.7,36.7,3915,497,0,839,0.814,1,COM7
2,207120,37,rpm,-187,457,36.7,36.7,3915,497,0,840,0.814,1,COM7
2,207141,37,rpm,173,457,36.7,36.7,3915,497,0,840,0.815,1,COM7
2,207161,37,rpm,657,457,36.7,36.7,3915,497,0,840,0.815,1,COM7
2,207182,37,rpm,693,457,36.7,36.7,3915,497,0,840,0.815,1,COM7
2,207203,37,rpm,867,457,36.7,36.7,3915,497,0,840,0.815,1,COM7
2,207224,37,rpm,820,457,36.7,36.7,3915,497,0,840,0.815,1,COM7
2,207244,37,rpm,629,457,36.7,36.7,3915,497,0,840,0.815,1,COM7
2,207265,37,rpm,645,457,36.7,36.7,3915,497,0,841,0.815,1,COM7
2,207285,37,rpm,582,457,36.7,36.7,3915,497,0,841,0.816,1,COM7
2,207306,37,rpm,438,457,36.7,36.7,3915,497,0,841,0.816,1,COM7
2,207327,37,rpm,348,457,36.7,36.7,3915,497,0,841,0.816,1,COM7
2,207347,37,rpm,218,457,36.7,36.7,3915,497,0,841,0.816,1,COM7
2,207368,37,rpm,-413,457,36.7,36.7,3915,497,0,841,0.816,1,COM7
2,207389,37,rpm,70,457,36.7,36.7,3915,497,0,842,0.816,1,COM7
2,207409,37,rpm,471,457,36.7,36.7,3915,497,0,842,0.816,1,COM7
2,207430,37,rpm,662,457,36.7,36.7,3915,497,0,842,0.817,1,COM7
2,207450,37,rpm,757,457,36.7,36.7,3915,497,0,842,0.817,1,COM7
2,207471,37,rpm,922,457,36.7,36.7,3915,497,0,842,0.817,1,COM7
2,207492,37,rpm,739,457,36.7,36.7,3915,497,0,842,0.817,1,COM7
2,207512,37,rpm,534,457,36.7,36.7,3915,497,0,843,0.817,1,COM7
2,207533,37,rpm,663,457,36.7,36.7,3915,497,0,843,0.817,1,COM7
2,207554,37,rpm,549,457,36.7,36.7,3915,497,0,843,0.818,1,COM7
2,207574,37,rpm,336,457,36.7,36.7,3915,497,0,843,0.818,1,COM7
2,207595,37,rpm,289,457,36.7,36.7,3915,497,0,843,0.818,1,COM7
2,207616,37,rpm,-331,457,36.7,36.7,3915,497,0,843,0.818,1,COM7
2,207636,37,rpm,-12,457,36.7,36.7,3915,497,0,843,0.818,1,COM7
2,207657,37,rpm,243,457,36.7,36.7,3915,497,0,844,0.818,1,COM7
2,207678,37,rpm,759,457,36.7,36.7,3915,497,0,844,0.818,1,COM7
2,207698,37,rpm,753,457,36.7,36.7,3915,497,0,844,0.819,1,COM7
2,207719,37,rpm,847,457,36.7,36.7,3915,497,0,844,0.819,1,COM7
2,207740,37,rpm,820,457,36.7,36.7,3915,497,0,844,0.819,1,COM7
2,207760,37,rpm,645,457,36.7,36.7,3915,497,0,844,0.819,1,COM7
2,207781,37,rpm,562,457,36.7,36.7,3915,497,0,845,0.819,1,COM7
2,207802,37,rpm,596,457,36.7,36.7,3915,497,0,845,0.819,1,COM7
2,207822,37,rpm,385,457,36.7,36.7,3915,497,0,845,0.82,1,COM7
2,207843,37,rpm,268,457,36.7,36.7,3915,497,0,845,0.82,1,COM7
2,207864,37,rpm,-216,457,36.7,36.7,3915,497,0,845,0.82,1,COM7
2,207884,37,rpm,-85,457,36.7,36.7,3915,497,0,845,0.82,1,COM7
2,207905,37,rpm,181,457,36.7,36.7,3915,497,0,846,0.82,1,COM7
2,207926,37,rpm,680,457,36.7,36.7,3915,497,0,846,0.82,1,COM7
2,207946,37,rpm,775,457,36.7,36.7,3915,497,0,846,0.82,1,COM7
2,207967,37,rpm,824,457,36.7,36.7,3915,497,0,846,0.821,1,COM7
2,207987,37,rpm,787,457,36.7,36.7,3915,497,0,846,0.821,1,COM7
2,208008,37,rpm,677,457,36.7,36.7,3915,497,0,846,0.821,1,COM7
2,208029,37,rpm,627,457,36.7,36.7,3915,497,0,846,0.821,1,COM7
2,208049,37,rpm,560,457,36.7,36.7,3915,497,0,847,0.821,1,COM7
2,208070,37,rpm,413,457,36.7,36.7,3915,497,0,847,0.821,1,COM7
2,208091,37,rpm,359,457,36.7,36.7,3915,497,0,847,0.822,1,COM7
2,208111,37,rpm,155,457,36.7,36.7,3915,497,0,847,0.822,1,COM7
2,208132,37,rpm,-376,457,36.7,36.7,3915,497,0,847,0.822,1,COM7
2,208153,37,rpm,78,457,36.7,36.7,3915,497,0,847,0.822,1,COM7
2,208173,37,rpm,494,457,36.7,36.7,3915,497,0,848,0.822,1,COM7
2,208194,37,rpm,646,457,36.7,36.7,3915,497,0,848,0.822,1,COM7
2,208214,37,rpm,861,457,36.7,36.7,3915,497,0,848,0.822,1,COM7
2,208235,37,rpm,832,457,36.7,36.7,3915,497,0,848,0.823,1,COM7
2,208256,37,rpm,617,457,36.7,36.7,3915,497,0,848,0.823,1,COM7
2,208277,37,rpm,720,457,36.7,36.7,3915,497,0,848,0.823,1,COM7
2,208297,37,rpm,595,457,36.7,36.7,3915,497,0,848,0.823,1,COM7
2,208318,37,rpm,480,457,36.7,36.7,3915,497,0,849,0.823,1,COM7
2,208339,37,rpm,388,457,36.7,36.7,3915,497,0,849,0.823,1,COM7
2,208359,37,rpm,286,457,36.7,36.7,3915,497,0,849,0.824,1,COM7
2,208380,37,rpm,-329,457,36.7,36.7,3915,497,0,849,0.824,1,COM7
2,208401,37,rpm,-5,457,36.7,36.7,3915,497,0,849,0.824,1,COM7
2,208421,37,rpm,251,457,36.7,36.7,3915,497,0,849,0.824,1,COM7
2,208442,37,rpm,620,457,36.7,36.7,3915,497,0,850,0.824,1,COM7
2,208463,37,rpm,731,457,36.7,36.7,3915,497,0,850,0.824,1,COM7
2,208483,37,rpm,950,457,36.7,36.7,3915,497,0,850,0.824,1,COM7
2,208504,37,rpm,713,457,36.7,36.7,3915,497,0,850,0.825,1,COM7
2,208525,37,rpm,636,457,36.7,36.7,3915,497,0,850,0.825,1,COM7
2,208545,37,rpm,623,457,36.7,36.7,3915,497,0,850,0.825,1,COM7
2,208566,37,rpm,608,457,36.7,36.7,3915,497,0,851,0.825,1,COM7
2,208587,37,rpm,390,457,36.7,36.7,3915,497,0,851,0.825,1,COM7
2,208607,37,rpm,333,457,36.7,36.7,3915,497,0,851,0.825,1,COM7
2,208628,37,rpm,19,457,36.7,36.7,3915,497,0,851,0.825,1,COM7
2,208649,37,rpm,-279,457,36.7,36.7,3915,497,0,851,0.826,1,COM7
2,208669,37,rpm,100,457,36.7,36.7,3915,497,0,851,0.826,1,COM7
2,208690,37,rpm,639,457,36.7,36.7,3915,497,0,851,0.826,1,COM7
2,208711,37,rpm,639,457,36.7,36.7,3915,497,0,852,0.826,1,COM7
2,208731,37,rpm,777,457,36.7,36.7,3915,497,0,852,0.826,1,COM7
2,208752,37,rpm,960,457,36.7,36.7,3915,497,0,852,0.826,1,COM7
2,208773,37,rpm,634,457,36.7,36.7,3915,497,0,852,0.827,1,COM7
2,208793,37,rpm,592,457,36.7,36.7,3915,497,0,852,0.827,1,COM7
2,208814,37,rpm,637,457,36.7,36.7,3915,497,0,852,0.827,1,COM7
2,208835,37,rpm,503,457,36.7,36.7,3915,497,0,853,0.827,1,COM7
2,208855,37,rpm,335,457,36.7,36.7,3915,497,0,853,0.827,1,COM7
2,208876,37,rpm,274,457,36.7,36.7,3915,497,0,853,0.827,1,COM7
2,208897,37,rpm,-415,457,36.7,36.7,3915,497,0,853,0.827,1,COM7
2,208917,37,rpm,28,457,36.7,36.7,3915,497,0,853,0.828,1,COM7
2,208938,37,rpm,317,457,36.7,36.7,3915,497,0,853,0.828,1,COM7
2,208959,37,rpm,660,457,36.7,36.7,3915,497,0,854,0.828,1,COM7
2,208979,37,rpm,798,457,36.7,36.7,3915,497,0,854,0.828,1,COM7
2,209000,37,rpm,879,457,36.7,36.7,3915,497,0,854,0.828,1,COM7
2,209021,37,rpm,738,457,36.7,36.7,3915,497,0,854,0.828,1,COM7
2,209041,37,rpm,649,457,36.7,36.7,3915,497,0,854,0.829,1,COM7
2,209062,37,rpm,561,457,36.7,36.7,3915,497,0,854,0.829,1,COM7
2,209083,37,rpm,536,457,36.7,36.7,3915,497,0,854,0.829,1,COM7
2,209103,37,rpm,446,457,36.7,36.7,3915,497,0,855,0.829,1,COM7
2,209124,37,rpm,303,457,36.7,36.7,3915,497,0,855,0.829,1,COM7
2,209145,37,rpm,-165,457,36.7,36.7,3915,497,0,855,0.829,1,COM7
2,209165,37,rpm,-140,457,36.7,36.7,3915,497,0,855,0.829,1,COM7
2,209186,37,rpm,167,457,36.7,36.7,3915,497,0,855,0.83,1,COM7
2,209207,37,rpm,645,457,36.7,36.7,3915,497,0,855,0.83,1,COM7
2,209228,37,rpm,841,457,36.7,36.7,3915,497,0,856,0.83,1,COM7
2,209248,37,rpm,875,457,36.7,36.7,3915,497,0,856,0.83,1,COM7
2,209269,37,rpm,717,457,36.7,36.7,3915,497,0,856,0.83,1,COM7
2,209290,37,rpm,724,457,36.7,36.7,3915,497,0,856,0.83,1,COM7
2,209310,37,rpm,680,457,36.7,36.7,3915,497,0,856,0.831,1,COM7
2,209331,37,rpm,494,457,36.7,36.7,3915,497,0,856,0.831,1,COM7
2,209352,37,rpm,403,457,36.7,36.7,3915,497,0,857,0.831,1,COM7
2,209372,37,rpm,332,457,36.7,36.7,3915,497,0,857,0.831,1,COM7
2,209393,37,rpm,-37,457,36.7,36.7,3915,497,0,857,0.831,1,COM7
2,209413,37,rpm,-230,457,36.7,36.7,3915,497,0,857,0.831,1,COM7
2,209434,37,rpm,137,457,36.7,36.7,3915,497,0,857,0.831,1,COM7
2,209455,37,rpm,633,457,36.7,36.7,3915,497,0,857,0.832,1,COM7
2,209476,37,rpm,652,457,36.7,36.7,3915,497,0,857,0.832,1,COM7
2,209496,37,rpm,910,457,36.7,36.7,3915,497,0,858,0.832,1,COM7
2,209517,37,rpm,855,457,36.7,36.7,3915,497,0,858,0.832,1,COM7
2,209538,37,rpm,546,457,36.7,36.7,3915,497,0,858,0.832,1,COM7
2,209558,37,rpm,662,457,36.7,36.7,3915,497,0,858,0.832,1,COM7
2,209579,37,rpm,627,457,36.7,36.7,3915,497,0,858,0.833,1,COM7
2,209600,37,rpm,425,457,36.7,36.7,3915,497,0,858,0.833,1,COM7
2,209620,37,rpm,370,457,36.7,36.7,3915,497,0,859,0.833,1,COM7
2,209641,37,rpm,225,457,36.7,36.7,3915,497,0,859,0.833,1,COM7
2,209661,37,rpm,-390,457,36.7,36.7,3915,497,0,859,0.833,1,COM7
2,209682,37,rpm,49,457,36.7,36.7,3915,497,0,859,0.833,1,COM7
2,209703,37,rpm,468,457,36.7,36.7,3915,497,0,859,0.833,1,COM7
2,209723,37,rpm,649,457,36.7,36.7,3915,497,0,859,0.834,1,COM7
2,209744,37,rpm,717,456,36.7,36.7,3915,497,0,860,0.834,1,COM7
2,209765,37,rpm,951,456,36.7,36.7,3915,497,0,860,0.834,1,COM7
2,209785,37,rpm,702,456,36.7,36.7,3915,497,0,860,0.834,1,COM7
2,209806,37,rpm,604,456,36.7,36.7,3915,497,0,860,0.834,1,COM7
2,209827,37,rpm,649,456,36.7,36.7,3915,497,0,860,0.834,1,COM7
2,209847,37,rpm,519,456,36.7,36.7,3915,497,0,860,0.834,1,COM7
2,209868,37,rpm,396,456,36.7,36.7,3915,497,0,860,0.835,1,COM7
2,209889,37,rpm,318,456,36.7,36.7,3915,497,0,861,0.835,1,COM7
2,209909,37,rpm,-118,456,36.7,36.7,3915,497,0,861,0.835,1,COM7
2,209930,37,rpm,-173,456,36.7,36.7,3915,497,0,861,0.835,1,COM7
2,209951,37,rpm,144,456,36.7,36.7,3915,497,0,861,0.835,1,COM7
2,209971,37,rpm,608,456,36.7,36.7,3915,497,0,861,0.835,1,COM7
2,209992,37,rpm,755,456,36.7,36.7,3915,497,0,861,0.836,1,COM7
2,210013,37,rpm,868,456,36.7,36.7,3915,497,0,862,0.836,1,COM7
2,210033,37,rpm,799,456,36.7,36.7,3915,497,0,862,0.836,1,COM7
2,210054,37,rpm,668,456,36.7,36.7,3915,497,0,862,0.836,1,COM7
2,210075,37,rpm,627,456,36.7,36.7,3915,497,0,862,0.836,1,COM7
2,210095,37,rpm,514,456,36.7,36.7,3915,497,0,862,0.836,1,COM7
2,210116,37,rpm,530,456,36.7,36.7,3915,497,0,862,0.836,1,COM7
2,210137,37,rpm,336,456,36.7,36.7,3915,497,0,862,0.837,1,COM7
2,210157,37,rpm,207,456,36.7,36.7,3915,497,0,863,0.837,1,COM7
2,210178,37,rpm,-406,456,36.7,36.7,3915,497,0,863,0.837,1,COM7
2,210199,37,rpm,67,456,36.7,36.7,3915,497,0,863,0.837,1,COM7
2,210219,37,rpm,401,456,36.7,36.7,3915,497,0,863,0.837,1,COM7
2,210240,37,rpm,753,456,36.7,36.7,3915,497,0,863,0.837,1,COM7
2,210261,37,rpm,833,456,36.7,36.7,3915,497,0,863,0.838,1,COM7
2,210281,37,rpm,740,456,36.7,36.7,3915,497,0,864,0.838,1,COM7
2,210302,37,rpm,790,456,36.7,36.7,3915,497,0,864,0.838,1,COM7
2,210323,37,rpm,676,456,36.7,36.7,3915,497,0,864,0.838,1,COM7
2,210343,37,rpm,562,456,36.7,36.7,3915,497,0,864,0.838,1,COM7
2,210364,37,rpm,520,456,36.7,36.7,3915,497,0,864,0.838,1,COM7
2,210385,37,rpm,413,456,36.7,36.7,3915,497,0,864,0.838,1,COM7
2,210405,37,rpm,271,456,36.7,36.7,3915,497,0,865,0.839,1,COM7
2,210426,37,rpm,-224,456,36.7,36.7,3915,497,0,865,0.839,1,COM7
2,210447,37,rpm,-84,456,36.7,36.7,3915,497,0,865,0.839,1,COM7
2,210467,37,rpm,214,456,36.7,36.7,3915,497,0,865,0.839,1,COM7
2,210488,37,rpm,562,456,36.7,36.7,3915,497,0,865,0.839,1,COM7
2,210509,37,rpm,844,456,36.7,36.7,3915,497,0,865,0.839,1,COM7
2,210529,37,rpm,910,456,36.7,36.7,3915,497,0,865,0.84,1,COM7
2,210550,37,rpm,657,456,36.7,36.7,3915,497,0,866,0.84,1,COM7
2,210571,37,rpm,689,456,36.7,36.7,3915,497,0,866,0.84,1,COM7
2,210591,37,rpm,688,456,36.7,36.7,3915,497,0,866,0.84,1,COM7
2,210612,37,rpm,506,456,36.7,36.7,3915,497,0,866,0.84,1,COM7
2,210633,37,rpm,435,456,36.7,36.7,3915,497,0,866,0.84,1,COM7
2,210653,37,rpm,364,456,36.7,36.7,3915,497,0,866,0.84,1,COM7
2,210674,37,rpm,-8,456,36.7,36.7,3915,497,0,867,0.841,1,COM7
2,210695,37,rpm,-247,456,36.7,36.7,3915,497,0,867,0.841,1,COM7
2,210715,37,rpm,119,456,36.7,36.7,3915,497,0,867,0.841,1,COM7
2,210736,37,rpm,577,456,36.7,36.7,3915,497,0,867,0.841,1,COM7
2,210757,37,rpm,685,456,36.7,36.7,3915,497,0,867,0.841,1,COM7
2,210777,37,rpm,973,456,36.7,36.7,3915,497,0,867,0.841,1,COM7
2,210798,37,rpm,814,456,36.7,36.7,3915,497,0,868,0.842,1,COM7
2,210819,37,rpm,637,456,36.7,36.7,3915,497,0,868,0.842,1,COM7
2,210839,37,rpm,655,456,36.7,36.7,3915,497,0,868,0.842,1,COM7
2,210860,37,rpm,592,456,36.7,36.7,3915,497,0,868,0.842,1,COM7
2,210881,37,rpm,458,456,36.7,36.7,3915,497,0,868,0.842,1,COM7
2,210901,37,rpm,313,456,36.7,36.7,3915,497,0,868,0.842,1,COM7
2,210922,37,rpm,136,456,36.7,36.7,3915,497,0,868,0.842,1,COM7
2,210943,37,rpm,-328,456,36.7,36.7,3915,497,0,869,0.843,1,COM7
2,210963,37,rpm,77,456,36.7,36.7,3915,497,0,869,0.843,1,COM7
2,210984,37,rpm,514,456,36.7,36.7,3915,497,0,869,0.843,1,COM7
2,211005,37,rpm,683,456,36.7,36.7,3915,497,0,869,0.843,1,COM7
2,211025,37,rpm,855,456,36.7,36.7,3915,497,0,869,0.843,1,COM7
2,211046,37,rpm,766,456,36.7,36.7,3915,497,0,869,0.843,1,COM7
2,211067,37,rpm,795,456,36.7,36.7,3915,497,0,870,0.843,1,COM7
2,211087,37,rpm,590,456,36.7,36.7,3915,497,0,870,0.844,1,COM7
2,211108,37,rpm,557,456,36.7,36.7,3915,497,0,870,0.844,1,COM7
2,211129,37,rpm,583,456,36.7,36.7,3915,497,0,870,0.844,1,COM7
2,211149,37,rpm,356,456,36.7,36.7,3915,497,0,870,0.844,1,COM7
2,211170,37,rpm,273,456,36.7,36.7,3915,497,0,870,0.844,1,COM7
2,211191,37,rpm,-356,456,36.7,36.7,3915,497,0,871,0.844,1,COM7
2,211211,37,rpm,25,456,36.7,36.7,3915,497,0,871,0.845,1,COM7
2,211232,37,rpm,252,456,36.7,36.7,3915,497,0,871,0.845,1,COM7
2,211253,37,rpm,698,456,36.7,36.7,3915,497,0,871,0.845,1,COM7
2,211273,37,rpm,824,456,36.7,36.7,3915,497,0,871,0.845,1,COM7
2,211294,37,rpm,740,456,36.7,36.7,3915,497,0,871,0.845,1,COM7
2,211314,37,rpm,787,456,36.7,36.7,3915,497,0,871,0.845,1,COM7
2,211335,37,rpm,668,456,36.7,36.7,3915,497,0,872,0.845,1,COM7
2,211356,37,rpm,593,456,36.7,36.7,3915,497,0,872,0.846,1,COM7
2,211377,37,rpm,511,456,36.7,36.7,3915,497,0,872,0.846,1,COM7
2,211397,37,rpm,475,456,36.7,36.7,3915,497,0,872,0.846,1,COM7
2,211418,37,rpm,304,456,36.7,36.7,3915,497,0,872,0.846,1,COM7
2,211439,37,rpm,24,456,36.7,36.7,3915,497,0,872,0.846,1,COM7
2,211459,37,rpm,-269,456,36.7,36.7,3915,497,0,873,0.846,1,COM7
2,211480,37,rpm,100,456,36.7,36.7,3915,497,0,873,0.847,1,COM7
2,211500,37,rpm,526,456,36.7,36.7,3915,497,0,873,0.847,1,COM7
2,211521,37,rpm,703,456,36.7,36.7,3915,497,0,873,0.847,1,COM7
2,211542,37,rpm,901,456,36.7,36.7,3915,497,0,873,0.847,1,COM7
2,211562,37,rpm,758,456,36.7,36.7,3915,497,0,873,0.847,1,COM7
2,211583,37,rpm,727,456,36.7,36.7,3915,497,0,873,0.847,1,COM7
2,211604,37,rpm,658,456,36.7,36.7,3915,497,0,874,0.847,1,COM7
2,211624,37,rpm,536,456,36.7,36.7,3915,497,0,874,0.848,1,COM7
2,211645,37,rpm,478,456,36.7,36.7,3915,497,0,874,0.848,1,COM7
2,211666,37,rpm,428,456,36.7,36.7,3915,497,0,874,0.848,1,COM7
2,211686,37,rpm,240,456,36.7,36.7,3915,497,0,874,0.848,1,COM7
2,211707,37,rpm,-386,456,36.7,36.7,3915,497,0,874,0.848,1,COM7
2,211728,37,rpm,40,456,36.7,36.7,3915,497,0,875,0.848,1,COM7
2,211748,37,rpm,336,456,36.7,36.7,3915,497,0,875,0.849,1,COM7
2,211769,37,rpm,647,456,36.7,36.7,3915,497,0,875,0.849,1,COM7
2,211790,37,rpm,861,456,36.7,36.7,3915,497,0,875,0.849,1,COM7
2,211810,37,rpm,843,456,36.7,36.7,3915,497,0,875,0.849,1,COM7
2,211831,37,rpm,686,456,36.7,36.7,3915,497,0,875,0.849,1,COM7
2,211852,37,rpm,695,456,36.7,36.7,3915,497,0,876,0.849,1,COM7
2,211872,37,rpm,606,456,36.7,36.7,3915,497,0,876,0.849,1,COM7
2,211893,37,rpm,543,456,36.7,36.7,3915,497,0,876,0.85,1,COM7
2,211914,37,rpm,413,456,36.7,36.7,3915,497,0,876,0.85,1,COM7
2,211934,37,rpm,308,456,36.7,36.7,3915,497,0,876,0.85,1,COM7
2,211955,37,rpm,-36,456,36.7,36.7,3915,497,0,876,0.85,1,COM7
2,211976,37,rpm,-250,456,36.7,36.7,3915,497,0,876,0.85,1,COM7
2,211997,37,rpm,131,456,36.7,36.7,3915,497,0,877,0.85,1,COM7
2,212017,37,rpm,633,456,36.7,36.7,3915,497,0,877,0.85,1,COM7
2,212038,37,rpm,667,456,36.7,36.7,3915,497,0,877,0.851,1,COM7
2,212058,37,rpm,840,456,36.7,36.7,3915,497,0,877,0.851,1,COM7
2,212079,37,rpm,886,456,36.7,36.7,3915,497,0,877,0.851,1,COM7
2,212100,37,rpm,646,456,36.7,36.7,3915,497,0,877,0.851,1,COM7
2,212120,37,rpm,598,456,36.7,36.7,3915,497,0,878,0.851,1,COM7
2,212141,37,rpm,606,456,36.7,36.7,3915,497,0,878,0.851,1,COM7
2,212162,37,rpm,472,456,36.7,36.7,3915,497,0,878,0.852,1,COM7
2,212182,37,rpm,321,456,36.7,36.7,3915,497,0,878,0.852,1,COM7
2,212203,37,rpm,224,456,36.7,36.7,3915,497,0,878,0.852,1,COM7
2,212224,37,rpm,-404,457,36.7,36.7,3915,497,0,878,0.852,1,COM7
2,212244,37,rpm,61,457,36.7,36.7,3915,497,0,879,0.852,1,COM7
2,212265,37,rpm,460,457,36.7,36.7,3915,497,0,879,0.852,1,COM7
2,212286,37,rpm,751,457,36.7,36.7,3915,497,0,879,0.852,1,COM7
2,212306,37,rpm,808,457,36.7,36.7,3915,497,0,879,0.853,1,COM7
2,212327,37,rpm,860,457,36.7,36.7,3915,497,0,879,0.853,1,COM7
2,212347,37,rpm,777,457,36.7,36.7,3915,497,0,879,0.853,1,COM7
2,212368,37,rpm,612,457,36.7,36.7,3915,497,0,879,0.853,1,COM7
2,212389,37,rpm,568,457,36.7,36.7,3915,497,0,880,0.853,1,COM7
2,212409,37,rpm,502,457,36.7,36.7,3915,497,0,880,0.853,1,COM7
2,212430,37,rpm,368,457,36.7,36.7,3915,497,0,880,0.854,1,COM7
2,212451,37,rpm,220,457,36.7,36.7,3915,497,0,880,0.854,1,COM7
2,212471,37,rpm,-398,457,36.7,36.7,3915,497,0,880,0.854,1,COM7
2,212492,37,rpm,52,457,36.7,36.7,3915,497,0,880,0.854,1,COM7
2,212513,37,rpm,351,457,36.7,36.7,3915,497,0,881,0.854,1,COM7
2,212533,37,rpm,706,457,36.7,36.7,3915,497,0,881,0.854,1,COM7
2,212554,37,rpm,862,457,36.7,36.7,3915,497,0,881,0.854,1,COM7
2,212575,37,rpm,704,457,36.7,36.7,3915,497,0,881,0.855,1,COM7
2,212595,37,rpm,773,457,36.7,36.7,3915,497,0,881,0.855,1,COM7
2,212616,37,rpm,732,457,36.7,36.7,3915,497,0,881,0.855,1,COM7
2,212637,37,rpm,528,457,36.7,36.7,3915,497,0,882,0.855,1,COM7
2,212657,37,rpm,550,457,36.7,36.7,3915,497,0,882,0.855,1,COM7
2,212678,37,rpm,446,457,36.7,36.7,3915,497,0,882,0.855,1,COM7
2,212699,37,rpm,288,457,36.7,36.7,3915,497,0,882,0.856,1,COM7
2,212719,37,rpm,-98,457,36.7,36.7,3915,497,0,882,0.856,1,COM7
2,212740,37,rpm,-164,457,36.7,36.7,3915,497,0,882,0.856,1,COM7
2,212761,37,rpm,152,457,36.7,36.7,3915,497,0,882,0.856,1,COM7
2,212781,37,rpm,577,457,36.7,36.7,3915,497,0,883,0.856,1,COM7
2,212802,37,rpm,800,457,36.7,36.7,3915,497,0,883,0.856,1,COM7
2,212822,37,rpm,858,457,36.7,36.7,3915,497,0,883,0.856,1,COM7
2,212843,37,rpm,731,457,36.7,36.7,3915,497,0,883,0.857,1,COM7
2,212864,37,rpm,710,457,36.7,36.7,3915,497,0,883,0.857,1,COM7
2,212884,37,rpm,627,457,36.7,36.7,3915,497,0,883,0.857,1,COM7
2,212905,37,rpm,536,457,36.7,36.7,3915,497,0,884,0.857,1,COM7
2,212926,37,rpm,470,457,36.7,36.7,3915,497,0,884,0.857,1,COM7
2,212946,37,rpm,366,457,36.7,36.7,3915,497,0,884,0.857,1,COM7
2,212967,37,rpm,205,457,36.7,36.7,3915,497,0,884,0.858,1,COM7
2,212988,37,rpm,-391,457,36.7,36.7,3915,497,0,884,0.858,1,COM7
2,213008,37,rpm,60,457,36.7,36.7,3915,497,0,884,0.858,1,COM7
2,213029,37,rpm,422,457,36.7,36.7,3915,497,0,884,0.858,1,COM7
2,213050,37,rpm,697,457,36.7,36.7,3915,497,0,885,0.858,1,COM7
2,213070,37,rpm,803,457,36.7,36.7,3915,497,0,885,0.858,1,COM7
2,213091,37,rpm,872,457,36.7,36.7,3915,497,0,885,0.858,1,COM7
2,213112,37,rpm,692,457,36.7,36.7,3915,497,0,885,0.859,1,COM7
2,213132,37,rpm,651,457,36.7,36.7,3915,497,0,885,0.859,1,COM7
2,213153,37,rpm,611,457,36.7,36.7,3915,497,0,885,0.859,1,COM7
2,213174,37,rpm,533,457,36.7,36.7,3915,497,0,886,0.859,1,COM7
2,213194,37,rpm,370,457,36.7,36.7,3915,497,0,886,0.859,1,COM7
2,213215,37,rpm,315,457,36.7,36.7,3915,497,0,886,0.859,1,COM7
2,213236,37,rpm,-191,457,36.7,36.7,3915,497,0,886,0.859,1,COM7
2,213256,37,rpm,-120,457,36.7,36.7,3915,497,0,886,0.86,1,COM7
2,213277,37,rpm,188,457,36.7,36.7,3915,497,0,886,0.86,1,COM7
2,213298,37,rpm,696,457,36.7,36.7,3915,497,0,887,0.86,1,COM7
2,213318,37,rpm,688,457,36.7,36.7,3915,497,0,887,0.86,1,COM7
2,213339,37,rpm,835,457,36.7,36.7,3915,497,0,887,0.86,1,COM7
2,213360,37,rpm,852,457,36.7,36.7,3915,497,0,887,0.86,1,COM7
2,213380,37,rpm,621,457,36.7,36.7,3915,497,0,887,0.861,1,COM7
2,213401,37,rpm,600,457,36.7,36.7,3915,497,0,887,0.861,1,COM7
2,213422,37,rpm,580,457,36.7,36.7,3915,497,0,887,0.861,1,COM7
2,213442,37,rpm,477,457,36.7,36.7,3915,497,0,888,0.861,1,COM7
2,213463,37,rpm,302,457,36.7,36.7,3915,497,0,888,0.861,1,COM7
2,213483,37,rpm,171,457,36.7,36.7,3915,497,0,888,0.861,1,COM7
2,213504,37,rpm,-404,457,36.7,36.7,3915,497,0,888,0.861,1,COM7
2,213525,37,rpm,65,457,36.7,36.7,3915,497,0,888,0.862,1,COM7
2,213545,37,rpm,495,457,36.7,36.7,3915,497,0,888,0.862,1,COM7
2,213566,37,rpm,762,457,36.7,36.7,3915,497,0,889,0.862,1,COM7
2,213587,37,rpm,698,457,36.7,36.7,3915,497,0,889,0.862,1,COM7
2,213607,37,rpm,882,457,36.7,36.7,3915,497,0,889,0.862,1,COM7
2,213628,37,rpm,776,457,36.7,36.7,3915,497,0,889,0.862,1,COM7
2,213649,37,rpm,581,457,36.7,36.7,3915,497,0,889,0.863,1,COM7
2,213669,37,rpm,559,457,36.7,36.7,3915,497,0,889,0.863,1,COM7
2,213690,37,rpm,565,457,36.7,36.7,3915,497,0,890,0.863,1,COM7
2,213711,37,rpm,343,457,36.7,36.7,3915,497,0,890,0.863,1,COM7
2,213731,37,rpm,265,457,36.7,36.7,3915,497,0,890,0.863,1,COM7
2,213752,37,rpm,-392,457,36.7,36.7,3915,497,0,890,0.863,1,COM7
2,213773,37,rpm,40,457,36.7,36.7,3915,497,0,890,0.863,1,COM7
2,213793,37,rpm,278,457,36.7,36.7,3915,497,0,890,0.864,1,COM7
2,213814,37,rpm,775,457,36.7,36.7,3915,497,0,890,0.864,1,COM7
2,213835,37,rpm,801,457,36.7,36.7,3915,497,0,891,0.864,1,COM7
2,213855,37,rpm,823,457,36.7,36.7,3915,497,0,891,0.864,1,COM7
2,213876,37,rpm,790,457,36.7,36.7,3915,497,0,891,0.864,1,COM7
2,213897,37,rpm,693,457,36.7,36.7,3915,497,0,891,0.864,1,COM7
2,213917,37,rpm,598,457,36.7,36.7,3915,497,0,891,0.865,1,COM7
2,213938,37,rpm,506,457,36.7,36.7,3915,497,0,891,0.865,1,COM7
2,213959,37,rpm,367,457,36.7,36.7,3915,497,0,892,0.865,1,COM7
2,213979,37,rpm,275,457,36.7,36.7,3915,497,0,892,0.865,1,COM7
2,214000,37,rpm,-294,457,36.7,36.7,3915,497,0,892,0.865,1,COM7
2,214021,37,rpm,-18,457,36.7,36.7,3915,497,0,892,0.865,1,COM7
2,214041,37,rpm,264,457,36.7,36.7,3915,497,0,892,0.865,1,COM7
2,214062,37,rpm,629,457,36.7,36.7,3915,497,0,892,0.866,1,COM7
2,214083,37,rpm,771,457,36.7,36.7,3915,497,0,893,0.866,1,COM7
2,214103,37,rpm,919,457,36.7,36.7,3915,497,0,893,0.866,1,COM7
2,214124,37,rpm,722,457,36.7,36.7,3915,497,0,893,0.866,1,COM7
2,214145,37,rpm,641,457,36.7,36.7,3915,497,0,893,0.866,1,COM7
2,214165,37,rpm,648,457,36.7,36.7,3915,497,0,893,0.866,1,COM7
2,214186,37,rpm,555,457,36.7,36.7,3915,497,0,893,0.867,1,COM7
2,214207,37,rpm,409,457,36.7,36.7,3915,497,0,893,0.867,1,COM7
2,214227,37,rpm,331,457,36.7,36.7,3915,497,0,894,0.867,1,COM7
2,214248,37,rpm,89,457,36.7,36.7,3915,497,0,894,0.867,1,COM7
2,214269,37,rpm,-312,457,36.7,36.7,3915,497,0,894,0.867,1,COM7
2,214289,37,rpm,88,457,36.7,36.7,3915,497,0,894,0.867,1,COM7
2,214310,37,rpm,556,457,36.7,36.7,3915,497,0,894,0.867,1,COM7
2,214331,37,rpm,640,457,36.7,36.7,3915,497,0,894,0.868,1,COM7
2,214351,37,rpm,844,457,36.7,36.7,3915,497,0,895,0.868,1,COM7
2,214372,37,rpm,884,457,36.7,36.7,3915,497,0,895,0.868,1,COM7
2,214393,37,rpm,658,457,36.7,36.7,3915,497,0,895,0.868,1,COM7
2,214413,37,rpm,581,457,36.7,36.7,3915,497,0,895,0.868,1,COM7
2,214434,37,rpm,606,457,36.7,36.7,3915,497,0,895,0.868,1,COM7
2,214455,37,rpm,516,457,36.7,36.7,3915,497,0,895,0.868,1,COM7
2,214475,37,rpm,329,457,36.7,36.7,3915,497,0,896,0.869,1,COM7
2,214496,37,rpm,301,457,36.7,36.7,3915,497,0,896,0.869,1,COM7
2,214517,37,rpm,-368,457,36.7,36.7,3915,497,0,896,0.869,1,COM7
2,214537,37,rpm,23,457,36.7,36.7,3915,497,0,896,0.869,1,COM7
2,214558,37,rpm,311,457,36.7,36.7,3915,497,0,896,0.869,1,COM7
2,214578,37,rpm,682,457,36.7,36.7,3915,497,0,896,0.869,1,COM7
2,214599,37,rpm,644,457,36.7,36.7,3915,497,0,896,0.87,1,COM7
2,214620,37,rpm,938,457,36.7,36.7,3915,497,0,897,0.87,1,COM7
2,214641,37,rpm,798,457,36.7,36.7,3915,497,0,897,0.87,1,COM7
2,214661,37,rpm,564,457,36.7,36.7,3915,497,0,897,0.87,1,COM7
2,214682,37,rpm,592,457,36.7,36.7,3915,497,0,897,0.87,1,COM7
2,214703,37,rpm,630,457,36.7,36.7,3915,497,0,897,0.87,1,COM7
2,214723,37,rpm,396,457,36.7,36.7,3915,497,0,897,0.87,1,COM7
2,214744,37,rpm,316,457,36.7,36.7,3915,497,0,898,0.871,1,COM7
2,214765,37,rpm,-23,457,36.7,36.7,3915,497,0,898,0.871,1,COM7
2,214785,37,rpm,-246,457,36.7,36.7,3915,497,0,898,0.871,1,COM7
2,214806,37,rpm,106,457,36.7,36.7,3915,497,0,898,0.871,1,COM7
2,214826,37,rpm,631,457,36.7,36.7,3915,497,0,898,0.871,1,COM7
2,214847,37,rpm,704,457,36.7,36.7,3915,497,0,898,0.871,1,COM7
2,214868,37,rpm,795,457,36.7,36.7,3915,497,0,899,0.872,1,COM7
2,214888,37,rpm,865,457,36.7,36.7,3915,497,0,899,0.872,1,COM7
2,214909,37,rpm,656,457,36.7,36.7,3915,497,0,899,0.872,1,COM7
2,214930,37,rpm,636,457,36.7,36.7,3915,497,0,899,0.872,1,COM7
2,214951,37,rpm,556,457,36.7,36.7,3915,497,0,899,0.872,1,COM7
2,214971,37,rpm,514,457,36.7,36.7,3915,497,0,899,0.872,1,COM7
2,214992,37,rpm,348,457,36.7,36.7,3915,497,0,899,0.872,1,COM7
2,215013,37,rpm,246,457,36.7,36.7,3915,497,0,900,0.873,1,COM7
2,215033,37,rpm,-407,457,36.7,36.7,3915,497,0,900,0.873,1,COM7
2,215054,37,rpm,52,457,36.7,36.7,3915,497,0,900,0.873,1,COM7
2,215075,37,rpm,318,457,36.7,36.7,3915,497,0,900,0.873,1,COM7
2,215095,37,rpm,665,457,36.7,36.7,3915,497,0,900,0.873,1,COM7
2,215116,37,rpm,894,457,36.7,36.7,3915,497,0,900,0.873,1,COM7
2,215137,37,rpm,879,457,36.7,36.7,3915,497,0,901,0.874,1,COM7
2,215157,37,rpm,692,457,36.7,36.7,3915,497,0,901,0.874,1,COM7
2,215178,37,rpm,667,457,36.7,36.7,3915,497,0,901,0.874,1,COM7
2,215199,37,rpm,612,457,36.7,36.7,3915,497,0,901,0.874,1,COM7
2,215219,37,rpm,466,457,36.7,36.7,3915,497,0,901,0.874,1,COM7
2,215240,37,rpm,432,457,36.7,36.7,3915,497,0,901,0.874,1,COM7
2,215261,37,rpm,310,457,36.7,36.7,3915,497,0,901,0.874,1,COM7
2,215281,37,rpm,-236,457,36.7,36.7,3915,497,0,902,0.875,1,COM7
2,215302,37,rpm,-75,457,36.7,36.7,3915,497,0,902,0.875,1,COM7
2,215323,37,rpm,217,457,36.7,36.7,3915,497,0,902,0.875,1,COM7
2,215343,37,rpm,647,457,36.7,36.7,3915,497,0,902,0.875,1,COM7
2,215364,37,rpm,776,457,36.7,36.7,3915,497,0,902,0.875,1,COM7
2,215385,37,rpm,897,457,36.7,36.7,3915,497,0,902,0.875,1,COM7
2,215405,37,rpm,767,457,36.7,36.7,3915,497,0,903,0.876,1,COM7
2,215426,37,rpm,595,457,36.7,36.7,3915,497,0,903,0.876,1,COM7
2,215447,37,rpm,732,457,36.7,36.7,3915,497,0,903,0.876,1,COM7
2,215467,37,rpm,553,457,36.7,36.7,3915,497,0,903,0.876,1,COM7
2,215488,37,rpm,356,457,36.7,36.7,3915,497,0,903,0.876,1,COM7
2,215509,37,rpm,321,457,36.7,36.7,3915,497,0,903,0.876,1,COM7
2,215529,37,rpm,-63,457,36.7,36.7,3915,497,0,904,0.876,1,COM7
2,215550,37,rpm,-173,457,36.7,36.7,3915,497,0,904,0.877,1,COM7
2,215571,37,rpm,133,457,36.7,36.7,3915,497,0,904,0.877,1,COM7
2,215591,37,rpm,688,457,36.7,36.7,3915,497,0,904,0.877,1,COM7
2,215612,37,rpm,621,457,36.7,36.7,3915,497,0,904,0.877,1,COM7
2,215633,37,rpm,876,457,36.7,36.7,3915,497,0,904,0.877,1,COM7
2,215653,37,rpm,863,457,36.7,36.7,3915,497,0,904,0.877,1,COM7
2,215674,37,rpm,612,457,36.7,36.7,3915,497,0,905,0.878,1,COM7
2,215695,37,rpm,580,457,36.7,36.7,3915,497,0,905,0.878,1,COM7
2,215715,37,rpm,627,457,36.7,36.7,3915,497,0,905,0.878,1,COM7
2,215736,37,rpm,466,457,36.7,36.7,3915,497,0,905,0.878,1,COM7
2,215757,37,rpm,321,457,36.7,36.7,3915,497,0,905,0.878,1,COM7
2,215777,37,rpm,194,457,36.7,36.7,3915,497,0,905,0.878,1,COM7
2,215798,37,rpm,-374,457,36.7,36.7,3915,497,0,906,0.878,1,COM7
2,215818,37,rpm,55,457,36.7,36.7,3915,497,0,906,0.879,1,COM7
2,215839,37,rpm,462,457,36.7,36.7,3915,497,0,906,0.879,1,COM7
2,215860,37,rpm,716,457,36.7,36.7,3915,497,0,906,0.879,1,COM7
2,215880,37,rpm,760,457,36.7,36.7,3915,497,0,906,0.879,1,COM7
2,215901,37,rpm,864,457,36.7,36.7,3915,497,0,906,0.879,1,COM7
2,215922,37,rpm,730,457,36.7,36.7,3915,497,0,907,0.879,1,COM7
2,215942,37,rpm,609,457,36.7,36.7,3915,497,0,907,0.879,1,COM7
2,215963,37,rpm,578,457,36.7,36.7,3915,497,0,907,0.88,1,COM7
2,215984,37,rpm,557,457,36.7,36.7,3915,497,0,907,0.88,1,COM7
2,216004,37,rpm,385,457,36.7,36.7,3915,497,0,907,0.88,1,COM7
2,216025,37,rpm,285,457,36.7,36.7,3915,497,0,907,0.88,1,COM7
2,216045,37,rpm,-156,457,36.7,36.7,3915,497,0,907,0.88,1,COM7
2,216066,37,rpm,-125,457,36.7,36.7,3915,497,0,908,0.88,1,COM7
2,216087,37,rpm,147,457,36.7,36.7,3915,497,0,908,0.881,1,COM7
2,216107,37,rpm,617,457,36.7,36.7,3915,497,0,908,0.881,1,COM7
2,216128,37,rpm,798,457,36.7,36.7,3915,497,0,908,0.881,1,COM7
2,216149,37,rpm,880,457,36.7,36.7,3915,497,0,908,0.881,1,COM7
2,216169,37,rpm,753,457,36.7,36.7,3915,497,0,908,0.881,1,COM7
2,216190,37,rpm,689,457,36.7,36.7,3915,497,0,909,0.881,1,COM7
2,216211,37,rpm,618,457,36.7,36.7,3915,497,0,909,0.881,1,COM7
2,216232,37,rpm,515,457,36.7,36.7,3915,497,0,909,0.882,1,COM7
2,216252,37,rpm,493,457,36.7,36.7,3915,497,0,909,0.882,1,COM7
2,216273,37,rpm,350,457,36.7,36.7,3915,497,0,909,0.882,1,COM7
2,216293,37,rpm,177,457,36.7,36.7,3915,497,0,909,0.882,1,COM7
2,216314,37,rpm,-400,457,36.7,36.7,3915,497,0,910,0.882,1,COM7
2,216335,37,rpm,80,457,36.7,36.7,3915,497,0,910,0.882,1,COM7
2,216356,37,rpm,458,457,36.7,36.7,3915,497,0,910,0.883,1,COM7
2,216376,37,rpm,700,457,36.7,36.7,3915,497,0,910,0.883,1,COM7
2,216397,37,rpm,881,457,36.7,36.7,3915,497,0,910,0.883,1,COM7
2,216417,37,rpm,780,457,36.7,36.7,3915,497,0,910,0.883,1,COM7
2,216438,37,rpm,671,457,36.7,36.7,3915,497,0,910,0.883,1,COM7
2,216459,37,rpm,680,457,36.7,36.7,3915,497,0,911,0.883,1,COM7
2,216479,37,rpm,583,457,36.7,36.7,3915,497,0,911,0.883,1,COM7
2,216500,37,rpm,472,457,36.7,36.7,3915,497,0,911,0.884,1,COM7
2,216521,37,rpm,398,457,36.7,36.7,3915,497,0,911,0.884,1,COM7
2,216541,37,rpm,283,457,36.7,36.7,3915,497,0,911,0.884,1,COM7
2,216562,37,rpm,-314,457,36.7,36.7,3915,497,0,911,0.884,1,COM7
2,216583,37,rpm,-11,457,36.7,36.7,3915,497,0,912,0.884,1,COM7
2,216603,37,rpm,286,457,36.7,36.7,3915,497,0,912,0.884,1,COM7
2,216624,37,rpm,576,457,36.7,36.7,3915,497,0,912,0.885,1,COM7
2,216644,37,rpm,770,457,36.7,36.7,3915,497,0,912,0.885,1,COM7
2,216665,37,rpm,952,457,36.7,36.7,3915,497,0,912,0.885,1,COM7
2,216686,37,rpm,657,457,36.7,36.7,3915,497,0,912,0.885,1,COM7
2,216706,37,rpm,645,457,36.7,36.7,3915,497,0,913,0.885,1,COM7
2,216727,37,rpm,696,457,36.7,36.7,3915,497,0,913,0.885,1,COM7
2,216748,37,rpm,522,457,36.7,36.7,3915,497,0,913,0.885,1,COM7
2,216768,37,rpm,413,457,36.7,36.7,3915,497,0,913,0.886,1,COM7
2,216789,37,rpm,345,457,36.7,36.7,3915,497,0,913,0.886,1,COM7
2,216810,37,rpm,-27,457,36.7,36.7,3915,497,0,913,0.886,1,COM7
2,216830,37,rpm,-258,456,36.7,36.7,3915,497,0,913,0.886,1,COM7
2,216851,37,rpm,110,456,36.7,36.7,3915,497,0,914,0.886,1,COM7
2,216871,37,rpm,608,456,36.7,36.7,3915,497,0,914,0.886,1,COM7
2,216892,37,rpm,680,456,36.7,36.7,3915,497,0,914,0.886,1,COM7
2,216913,37,rpm,951,456,36.7,36.7,3915,497,0,914,0.887,1,COM7
2,216933,37,rpm,831,456,36.7,36.7,3915,497,0,914,0.887,1,COM7
2,216954,37,rpm,657,456,36.7,36.7,3915,497,0,914,0.887,1,COM7
2,216975,37,rpm,622,456,36.7,36.7,3915,497,0,915,0.887,1,COM7
2,216995,37,rpm,566,456,36.7,36.7,3915,497,0,915,0.887,1,COM7
2,217016,37,rpm,483,456,36.7,36.7,3915,497,0,915,0.887,1,COM7
2,217037,37,rpm,307,456,36.7,36.7,3915,497,0,915,0.888,1,COM7
2,217057,37,rpm,111,456,36.7,36.7,3915,497,0,915,0.888,1,COM7
2,217078,37,rpm,-321,456,36.7,36.7,3915,497,0,915,0.888,1,COM7
2,217099,37,rpm,85,456,36.7,36.7,3915,497,0,915,0.888,1,COM7
2,217119,37,rpm,507,456,36.7,36.7,3915,497,0,916,0.888,1,COM7
2,217140,37,rpm,742,456,36.7,36.7,3915,497,0,916,0.888,1,COM7
2,217161,37,rpm,807,456,36.7,36.7,3915,497,0,916,0.888,1,COM7
2,217181,37,rpm,845,456,36.7,36.7,3915,497,0,916,0.889,1,COM7
2,217202,37,rpm,739,456,36.7,36.7,3915,497,0,916,0.889,1,COM7
2,217222,37,rpm,618,456,36.7,36.7,3915,497,0,916,0.889,1,COM7
2,217243,37,rpm,544,456,36.7,36.7,3915,497,0,917,0.889,1,COM7
2,217264,37,rpm,584,456,36.7,36.7,3915,497,0,917,0.889,1,COM7
2,217284,37,rpm,367,456,36.7,36.7,3915,497,0,917,0.889,1,COM7
2,217305,37,rpm,251,456,36.7,36.7,3915,497,0,917,0.89,1,COM7
2,217326,37,rpm,-345,456,36.7,36.7,3915,497,0,917,0.89,1,COM7
2,217346,37,rpm,17,456,36.7,36.7,3915,497,0,917,0.89,1,COM7
2,217367,37,rpm,230,456,36.7,36.7,3915,497,0,918,0.89,1,COM7
2,217388,37,rpm,706,456,36.7,36.7,3915,497,0,918,0.89,1,COM7
2,217408,37,rpm,810,456,36.7,36.7,3915,497,0,918,0.89,1,COM7
2,217429,37,rpm,778,456,36.7,36.7,3915,497,0,918,0.89,1,COM7
2,217450,37,rpm,743,456,36.7,36.7,3915,497,0,918,0.891,1,COM7
2,217470,37,rpm,706,456,36.7,36.7,3915,497,0,918,0.891,1,COM7
2,217491,37,rpm,599,456,36.7,36.7,3915,497,0,918,0.891,1,COM7
2,217512,37,rpm,499,456,36.7,36.7,3915,497,0,919,0.891,1,COM7
2,217532,37,rpm,462,456,36.7,36.7,3915,497,0,919,0.891,1,COM7
2,217553,37,rpm,328,456,36.7,36.7,3915,497,0,919,0.891,1,COM7
2,217574,37,rpm,23,456,36.7,36.7,3915,497,0,919,0.892,1,COM7
2,217594,37,rpm,-272,456,36.7,36.7,3915,497,0,919,0.892,1,COM7
2,217615,37,rpm,104,456,36.7,36.7,3915,497,0,919,0.892,1,COM7
2,217635,37,rpm,493,456,36.7,36.7,3915,497,0,920,0.892,1,COM7
2,217656,37,rpm,748,456,36.7,36.7,3915,497,0,920,0.892,1,COM7
2,217677,37,rpm,932,456,36.7,36.7,3915,497,0,920,0.892,1,COM7
2,217697,37,rpm,748,456,36.7,36.7,3915,497,0,920,0.892,1,COM7
2,217718,37,rpm,701,456,36.7,36.7,3915,497,0,920,0.893,1,COM7
2,217739,37,rpm,668,456,36.7,36.7,3915,497,0,920,0.893,1,COM7
2,217759,37,rpm,515,456,36.7,36.7,3915,497,0,921,0.893,1,COM7
2,217780,37,rpm,524,456,36.7,36.7,3915,497,0,921,0.893,1,COM7
2,217801,37,rpm,396,456,36.7,36.7,3915,497,0,921,0.893,1,COM7
2,217821,37,rpm,244,456,36.7,36.7,3915,497,0,921,0.893,1,COM7
2,217842,37,rpm,-400,456,36.7,36.7,3915,497,0,921,0.894,1,COM7
2,217863,37,rpm,39,456,36.7,36.7,3915,497,0,921,0.894,1,COM7
2,217884,37,rpm,331,456,36.7,36.7,3915,497,0,921,0.894,1,COM7
2,217904,37,rpm,618,456,36.7,36.7,3915,497,0,922,0.894,1,COM7
2,217925,37,rpm,853,456,36.7,36.7,3915,497,0,922,0.894,1,COM7
2,217945,37,rpm,837,456,36.7,36.7,3915,497,0,922,0.894,1,COM7
2,217966,37,rpm,735,456,36.7,36.7,3915,497,0,922,0.894,1,COM7
2,217987,37,rpm,683,456,36.7,36.7,3915,497,0,922,0.895,1,COM7
2,218007,37,rpm,619,456,36.7,36.7,3915,497,0,922,0.895,1,COM7
2,218028,37,rpm,512,456,36.7,36.7,3915,497,0,923,0.895,1,COM7
2,218049,37,rpm,430,456,36.7,36.7,3915,497,0,923,0.895,1,COM7
2,218069,37,rpm,286,456,36.7,36.7,3915,497,0,923,0.895,1,COM7
2,218090,37,rpm,-51,456,36.7,36.7,3915,497,0,923,0.895,1,COM7
2,218111,37,rpm,-255,456,36.7,36.7,3915,497,0,923,0.895,1,COM7
2,218131,37,rpm,125,456,36.7,36.7,3915,497,0,923,0.896,1,COM7
2,218152,37,rpm,611,456,36.7,36.7,3915,497,0,923,0.896,1,COM7
2,218173,37,rpm,686,456,36.7,36.7,3915,497,0,924,0.896,1,COM7
2,218193,37,rpm,865,456,36.7,36.7,3915,497,0,924,0.896,1,COM7
2,218214,37,rpm,841,456,36.7,36.7,3915,497,0,924,0.896,1,COM7
2,218235,37,rpm,662,456,36.7,36.7,3915,497,0,924,0.896,1,COM7
2,218255,37,rpm,574,456,36.7,36.7,3915,497,0,924,0.897,1,COM7
2,218276,37,rpm,606,456,36.7,36.7,3915,497,0,924,0.897,1,COM7
2,218297,37,rpm,498,456,36.7,36.7,3915,497,0,925,0.897,1,COM7
2,218318,37,rpm,308,456,36.7,36.7,3915,497,0,925,0.897,1,COM7
2,218338,37,rpm,202,456,36.7,36.7,3915,497,0,925,0.897,1,COM7
2,218359,37,rpm,-395,456,36.7,36.7,3915,497,0,925,0.897,1,COM7
2,218379,37,rpm,70,456,36.7,36.7,3915,497,0,925,0.897,1,COM7
2,218400,37,rpm,470,456,36.7,36.7,3915,497,0,925,0.898,1,COM7
2,218421,37,rpm,781,456,36.7,36.7,3915,497,0,926,0.898,1,COM7
2,218441,37,rpm,859,456,36.7,36.7,3915,497,0,926,0.898,1,COM7
2,218462,37,rpm,727,456,36.7,36.7,3915,497,0,926,0.898,1,COM7
2,218483,37,rpm,778,456,36.7,36.7,3915,497,0,926,0.898,1,COM7
2,218504,37,rpm,652,456,36.7,36.7,3915,497,0,926,0.898,1,COM7
2,218524,37,rpm,537,456,36.7,36.7,3915,497,0,926,0.899,1,COM7
2,218545,37,rpm,498,456,36.7,36.7,3915,497,0,926,0.899,1,COM7
2,218565,37,rpm,374,456,36.7,36.7,3915,497,0,927,0.899,1,COM7
2,218586,37,rpm,203,456,36.7,36.7,3915,497,0,927,0.899,1,COM7
2,218607,37,rpm,-399,456,36.7,36.7,3915,497,0,927,0.899,1,COM7
2,218628,37,rpm,57,456,36.7,36.7,3915,497,0,927,0.899,1,COM7
2,218648,37,rpm,339,456,36.7,36.7,3915,497,0,927,0.899,1,COM7
2,218669,37,rpm,719,456,36.7,36.7,3915,497,0,927,0.9,1,COM7
2,218690,37,rpm,886,456,36.7,36.7,3915,497,0,928,0.9,1,COM7
2,218710,37,rpm,731,456,36.7,36.7,3915,497,0,928,0.9,1,COM7
2,218731,37,rpm,704,456,36.7,36.7,3915,497,0,928,0.9,1,COM7
2,218752,37,rpm,743,456,36.7,36.7,3915,497,0,928,0.9,1,COM7
2,218772,37,rpm,556,456,36.7,36.7,3915,497,0,928,0.9,1,COM7
2,218793,37,rpm,503,456,36.7,36.7,3915,497,0,928,0.901,1,COM7
2,218814,37,rpm,432,456,36.7,36.7,3915,497,0,929,0.901,1,COM7
2,218834,37,rpm,284,456,36.7,36.7,3915,497,0,929,0.901,1,COM7
2,218855,37,rpm,-122,456,36.7,36.7,3915,497,0,929,0.901,1,COM7
2,218876,37,rpm,-155,456,36.7,36.7,3915,497,0,929,0.901,1,COM7
2,218896,37,rpm,158,456,36.7,36.7,3915,497,0,929,0.901,1,COM7
2,218917,37,rpm,611,456,36.7,36.7,3915,497,0,929,0.901,1,COM7
2,218938,37,rpm,775,456,36.7,36.7,3915,497,0,929,0.902,1,COM7
2,218958,37,rpm,835,456,36.7,36.7,3915,497,0,930,0.902,1,COM7
2,218979,37,rpm,807,456,36.7,36.7,3915,497,0,930,0.902,1,COM7
2,219000,37,rpm,650,456,36.7,36.7,3915,497,0,930,0.902,1,COM7
2,219020,37,rpm,623,456,36.7,36.7,3915,497,0,930,0.902,1,COM7
2,219041,37,rpm,547,456,36.7,36.7,3915,497,0,930,0.902,1,COM7
2,219062,37,rpm,445,456,36.7,36.7,3915,497,0,930,0.903,1,COM7
2,219082,37,rpm,346,456,36.7,36.7,3915,497,0,931,0.903,1,COM7
2,219103,37,rpm,172,456,36.7,36.7,3915,497,0,931,0.903,1,COM7
2,219124,37,rpm,-365,456,36.7,36.7,3915,497,0,931,0.903,1,COM7
2,219144,37,rpm,62,456,36.7,36.7,3915,497,0,931,0.903,1,COM7
2,219165,37,rpm,481,456,36.7,36.7,3915,497,0,931,0.903,1,COM7
2,219186,37,rpm,663,456,36.7,36.7,3915,497,0,931,0.903,1,COM7
2,219206,37,rpm,770,456,36.7,36.7,3915,497,0,932,0.904,1,COM7
2,219227,37,rpm,906,456,36.7,36.7,3915,497,0,932,0.904,1,COM7
2,219248,37,rpm,728,456,36.7,36.7,3915,497,0,932,0.904,1,COM7
2,219268,37,rpm,561,456,36.7,36.7,3915,497,0,932,0.904,1,COM7
2,219289,37,rpm,670,456,36.7,36.7,3915,497,0,932,0.904,1,COM7
2,219310,37,rpm,537,456,36.7,36.7,3915,497,0,932,0.904,1,COM7
2,219330,37,rpm,351,456,36.7,36.7,3915,497,0,932,0.904,1,COM7
2,219351,37,rpm,304,456,36.7,36.7,3915,497,0,933,0.905,1,COM7
2,219372,37,rpm,-263,456,36.7,36.7,3915,497,0,933,0.905,1,COM7
2,219393,37,rpm,-62,456,36.7,36.7,3915,497,0,933,0.905,1,COM7
2,219413,37,rpm,190,456,36.7,36.7,3915,497,0,933,0.905,1,COM7
2,219434,37,rpm,720,456,36.7,36.7,3915,497,0,933,0.905,1,COM7
2,219455,37,rpm,754,456,36.7,36.7,3915,497,0,933,0.905,1,COM7
2,219475,37,rpm,733,456,36.7,36.7,3915,497,0,934,0.906,1,COM7
2,219496,37,rpm,836,456,36.7,36.7,3915,497,0,934,0.906,1,COM7
2,219517,37,rpm,720,456,36.7,36.7,3915,497,0,934,0.906,1,COM7
2,219537,37,rpm,519,456,36.7,36.7,3915,497,0,934,0.906,1,COM7
2,219558,37,rpm,581,456,36.7,36.7,3915,497,0,934,0.906,1,COM7
2,219579,37,rpm,505,456,36.7,36.7,3915,497,0,934,0.906,1,COM7
2,219599,37,rpm,283,456,36.7,36.7,3915,497,0,934,0.906,1,COM7
2,219620,37,rpm,107,456,36.7,36.7,3915,497,0,935,0.907,1,COM7
2,219641,37,rpm,-341,456,36.7,36.7,3915,497,0,935,0.907,1,COM7
2,219661,37,rpm,85,456,36.7,36.7,3915,497,0,935,0.907,1,COM7
2,219682,37,rpm,499,456,36.7,36.7,3915,497,0,935,0.907,1,COM7
2,219703,37,rpm,812,456,36.7,36.7,3915,497,0,935,0.907,1,COM7
2,219723,37,rpm,825,456,36.7,36.7,3915,497,0,935,0.907,1,COM7
2,219744,37,rpm,750,456,36.7,36.7,3915,497,0,936,0.908,1,COM7
2,219765,37,rpm,789,456,36.7,36.7,3915,497,0,936,0.908,1,COM7
2,219785,37,rpm,610,456,36.7,36.7,3915,497,0,936,0.908,1,COM7
2,219806,37,rpm,546,456,36.7,36.7,3915,497,0,936,0.908,1,COM7
2,219827,37,rpm,520,456,36.7,36.7,3915,497,0,936,0.908,1,COM7
2,219847,37,rpm,363,456,36.7,36.7,3915,497,0,936,0.908,1,COM7
2,219868,37,rpm,255,456,36.7,36.7,3915,497,0,937,0.908,1,COM7
2,219889,37,rpm,-405,456,36.7,36.7,3915,497,0,937,0.909,1,COM7
2,219909,37,rpm,54,456,36.7,36.7,3915,497,0,937,0.909,1,COM7
2,219930,37,rpm,395,456,36.7,36.7,3915,497,0,937,0.909,1,COM7
2,219951,37,rpm,682,456,36.7,36.7,3915,497,0,937,0.909,1,COM7
2,219971,37,rpm,849,456,36.7,36.7,3915,497,0,937,0.909,1,COM7
2,219992,37,rpm,873,456,36.7,36.7,3915,497,0,937,0.909,1,COM7
2,220013,37,rpm,741,456,36.7,36.7,3915,497,0,938,0.91,1,COM7
2,220033,37,rpm,593,456,36.7,36.7,3915,497,0,938,0.91,1,COM7
2,220054,37,rpm,669,456,36.7,36.7,3915,497,0,938,0.91,1,COM7
2,220075,37,rpm,471,456,36.7,36.7,3915,497,0,938,0.91,1,COM7
2,220095,37,rpm,380,456,36.7,36.7,3915,497,0,938,0.91,1,COM7
2,220116,37,rpm,271,456,36.7,36.7,3915,497,0,938,0.91,1,COM7
2,220136,37,rpm,-338,456,36.7,36.7,3915,497,0,939,0.91,1,COM7
2,220157,37,rpm,15,456,36.7,36.7,3915,497,0,939,0.911,1,COM7
2,220178,37,rpm,294,456,36.7,36.7,3915,497,0,939,0.911,1,COM7
2,220198,37,rpm,698,456,36.7,36.7,3915,497,0,939,0.911,1,COM7
2,220219,37,rpm,697,456,36.7,36.7,3915,497,0,939,0.911,1,COM7
2,220240,37,rpm,919,456,36.7,36.7,3915,497,0,939,0.911,1,COM7
2,220260,37,rpm,786,456,36.7,36.7,3915,497,0,940,0.911,1,COM7
2,220281,37,rpm,578,456,36.7,36.7,3915,497,0,940,0.911,1,COM7
2,220302,37,rpm,648,456,36.7,36.7,3915,497,0,940,0.912,1,COM7
2,220322,37,rpm,584,456,36.7,36.7,3915,497,0,940,0.912,1,COM7
2,220343,37,rpm,395,456,36.7,36.7,3915,497,0,940,0.912,1,COM7
2,220364,37,rpm,289,456,36.7,36.7,3915,497,0,940,0.912,1,COM7
2,220384,37,rpm,-1,456,36.7,36.7,3915,497,0,940,0.912,1,COM7
2,220405,37,rpm,-246,456,36.7,36.7,3915,497,0,941,0.912,1,COM7
2,220426,37,rpm,98,456,36.7,36.7,3915,497,0,941,0.913,1,COM7
2,220446,37,rpm,633,456,36.7,36.7,3915,497,0,941,0.913,1,COM7
2,220467,37,rpm,727,456,36.7,36.7,3915,497,0,941,0.913,1,COM7
2,220488,37,rpm,777,456,36.7,36.7,3915,497,0,941,0.913,1,COM7
2,220508,37,rpm,837,456,36.7,36.7,3915,497,0,941,0.913,1,COM7
2,220529,37,rpm,737,456,36.7,36.7,3915,497,0,942,0.913,1,COM7
2,220550,37,rpm,555,456,36.7,36.7,3915,497,0,942,0.913,1,COM7
2,220570,37,rpm,576,456,36.7,36.7,3915,497,0,942,0.914,1,COM7
2,220591,37,rpm,529,456,36.7,36.7,3915,497,0,942,0.914,1,COM7
2,220612,37,rpm,316,456,36.7,36.7,3915,497,0,942,0.914,1,COM7
2,220632,37,rpm,277,456,36.7,36.7,3915,497,0,942,0.914,1,COM7
2,220653,37,rpm,-383,456,36.7,36.7,3915,497,0,942,0.914,1,COM7
2,220674,37,rpm,41,456,36.7,36.7,3915,497,0,943,0.914,1,COM7
2,220694,37,rpm,320,456,36.7,36.7,3915,497,0,943,0.915,1,COM7
2,220715,37,rpm,723,456,36.7,36.7,3915,497,0,943,0.915,1,COM7
2,220736,37,rpm,737,456,36.7,36.7,3915,497,0,943,0.915,1,COM7
2,220756,37,rpm,807,456,36.7,36.7,3915,497,0,943,0.915,1,COM7
2,220777,37,rpm,840,456,36.7,36.7,3915,497,0,943,0.915,1,COM7
2,220798,37,rpm,623,456,36.7,36.7,3915,497,0,944,0.915,1,COM7
2,220818,37,rpm,561,456,36.7,36.7,3915,497,0,944,0.915,1,COM7
2,220839,37,rpm,582,456,36.7,36.7,3915,497,0,944,0.916,1,COM7
2,220860,37,rpm,419,456,36.7,36.7,3915,497,0,944,0.916,1,COM7
2,220880,37,rpm,299,456,36.7,36.7,3915,497,0,944,0.916,1,COM7
2,220901,37,rpm,-92,456,36.7,36.7,3915,497,0,944,0.916,1,COM7
2,220922,37,rpm,-201,456,36.7,36.7,3915,497,0,945,0.916,1,COM7
2,220942,37,rpm,140,456,36.7,36.7,3915,497,0,945,0.916,1,COM7
2,220963,37,rpm,618,456,36.7,36.7,3915,497,0,945,0.917,1,COM7
2,220984,37,rpm,749,456,36.7,36.7,3915,497,0,945,0.917,1,COM7
2,221004,37,rpm,869,456,36.7,36.7,3915,497,0,945,0.917,1,COM7
2,221025,37,rpm,815,456,36.7,36.7,3915,497,0,945,0.917,1,COM7
2,221046,37,rpm,604,456,36.7,36.7,3915,497,0,945,0.917,1,COM7
2,221066,37,rpm,708,456,36.7,36.7,3915,497,0,946,0.917,1,COM7
2,221087,37,rpm,524,456,36.7,36.7,3915,497,0,946,0.917,1,COM7
2,221108,37,rpm,452,456,36.7,36.7,3915,497,0,946,0.918,1,COM7
2,221128,37,rpm,388,456,36.7,36.7,3915,497,0,946,0.918,1,COM7
2,221149,37,rpm,214,456,36.7,36.7,3915,497,0,946,0.918,1,COM7
2,221170,37,rpm,-392,456,36.7,36.7,3915,497,0,946,0.918,1,COM7
2,221190,37,rpm,56,456,36.7,36.7,3915,497,0,947,0.918,1,COM7
2,221211,37,rpm,433,456,36.7,36.7,3915,497,0,947,0.918,1,COM7
2,221232,37,rpm,614,456,36.7,36.7,3915,497,0,947,0.918,1,COM7
2,221252,37,rpm,860,456,36.7,36.7,3915,497,0,947,0.919,1,COM7
2,221273,37,rpm,878,456,36.7,36.7,3915,497,0,947,0.919,1,COM7
2,221294,37,rpm,673,456,36.7,36.7,3915,497,0,947,0.919,1,COM7
2,221314,37,rpm,644,456,36.7,36.7,3915,497,0,948,0.919,1,COM7
2,221335,37,rpm,628,456,36.7,36.7,3915,497,0,948,0.919,1,COM7
2,221356,37,rpm,525,456,36.7,36.7,3915,497,0,948,0.919,1,COM7
2,221376,37,rpm,365,456,36.7,36.7,3915,497,0,948,0.92,1,COM7
2,221397,37,rpm,303,456,36.7,36.7,3915,497,0,948,0.92,1,COM7
2,221418,37,rpm,-293,456,36.7,36.7,3915,497,0,948,0.92,1,COM7
2,221438,37,rpm,-41,456,36.7,36.7,3915,497,0,948,0.92,1,COM7
2,221459,37,rpm,219,456,36.7,36.7,3915,497,0,949,0.92,1,COM7
2,221480,37,rpm,764,456,36.7,36.7,3915,497,0,949,0.92,1,COM7
2,221500,37,rpm,758,456,36.7,36.7,3915,497,0,949,0.92,1,COM7
2,221521,37,rpm,827,456,36.7,36.7,3915,497,0,949,0.921,1,COM7
2,221542,37,rpm,871,456,36.7,36.7,3915,497,0,949,0.921,1,COM7
2,221562,37,rpm,584,456,36.7,36.7,3915,497,0,949,0.921,1,COM7
2,221583,37,rpm,607,456,36.7,36.7,3915,497,0,950,0.921,1,COM7
2,221604,37,rpm,588,456,36.7,36.7,3915,497,0,950,0.921,1,COM7
2,221625,37,rpm,382,456,36.7,36.7,3915,497,0,950,0.921,1,COM7
2,221645,37,rpm,280,456,36.7,36.7,3915,497,0,950,0.922,1,COM7
2,221666,37,rpm,-143,456,36.7,36.7,3915,497,0,950,0.922,1,COM7
2,221687,37,rpm,-113,456,36.7,36.7,3915,497,0,950,0.922,1,COM7
2,221707,37,rpm,154,456,36.7,36.7,3915,497,0,951,0.922,1,COM7
2,221728,37,rpm,693,456,36.7,36.7,3915,497,0,951,0.922,1,COM7
2,221749,37,rpm,726,456,36.7,36.7,3915,497,0,951,0.922,1,COM7
2,221769,37,rpm,777,456,36.7,36.7,3915,497,0,951,0.922,1,COM7
2,221790,37,rpm,819,456,36.7,36.7,3915,497,0,951,0.923,1,COM7
2,221811,37,rpm,650,456,36.7,36.7,3915,497,0,951,0.923,1,COM7
2,221831,37,rpm,632,456,36.7,36.7,3915,497,0,951,0.923,1,COM7
2,221852,37,rpm,543,456,36.7,36.7,3915,497,0,952,0.923,1,COM7
2,221873,37,rpm,503,456,36.7,36.7,3915,497,0,952,0.923,1,COM7
2,221893,37,rpm,315,456,36.7,36.7,3915,497,0,952,0.923,1,COM7
2,221914,37,rpm,119,456,36.7,36.7,3915,497,0,952,0.924,1,COM7
2,221935,37,rpm,-356,456,36.7,36.7,3915,497,0,952,0.924,1,COM7
2,221955,37,rpm,80,456,36.7,36.7,3915,497,0,952,0.924,1,COM7
2,221976,37,rpm,487,456,36.7,36.7,3915,497,0,953,0.924,1,COM7
2,221997,37,rpm,716,456,36.7,36.7,3915,497,0,953,0.924,1,COM7
2,222018,37,rpm,876,456,36.7,36.7,3915,497,0,953,0.924,1,COM7
2,222038,37,rpm,785,456,36.7,36.7,3915,497,0,953,0.924,1,COM7
2,222059,37,rpm,679,456,36.7,36.7,3915,497,0,953,0.925,1,COM7
2,222080,37,rpm,655,456,36.7,36.7,3915,497,0,953,0.925,1,COM7
2,222100,37,rpm,606,456,36.7,36.7,3915,497,0,953,0.925,1,COM7
2,222121,37,rpm,474,456,36.7,36.7,3915,497,0,954,0.925,1,COM7
2,222142,37,rpm,384,456,36.7,36.7,3915,497,0,954,0.925,1,COM7
2,222162,37,rpm,287,456,36.7,36.7,3915,497,0,954,0.925,1,COM7
2,222183,37,rpm,-316,456,36.7,36.7,3915,497,0,954,0.925,1,COM7
2,222204,37,rpm,-21,456,36.7,36.7,3915,497,0,954,0.926,1,COM7
2,222225,37,rpm,237,456,36.7,36.7,3915,497,0,954,0.926,1,COM7
2,222245,37,rpm,614,456,36.7,36.7,3915,497,0,955,0.926,1,COM7
2,222266,37,rpm,732,456,36.7,36.7,3915,497,0,955,0.926,1,COM7
2,222286,37,rpm,966,456,36.7,36.7,3915,497,0,955,0.926,1,COM7
2,222307,37,rpm,724,456,36.7,36.7,3915,497,0,955,0.926,1,COM7
2,222328,37,rpm,608,456,36.7,36.7,3915,497,0,955,0.927,1,COM7
2,222348,37,rpm,683,456,36.7,36.7,3915,497,0,955,0.927,1,COM7
2,222369,37,rpm,551,456,36.7,36.7,3915,497,0,956,0.927,1,COM7
2,222390,37,rpm,409,456,36.7,36.7,3915,497,0,956,0.927,1,COM7
2,222410,37,rpm,341,456,36.7,36.7,3915,497,0,956,0.927,1,COM7
2,222431,37,rpm,32,456,36.7,36.7,3915,497,0,956,0.927,1,COM7
2,222452,37,rpm,-275,456,36.7,36.7,3915,497,0,956,0.927,1,COM7
2,222473,37,rpm,94,456,36.7,36.7,3915,497,0,956,0.928,1,COM7
2,222493,37,rpm,595,456,36.7,36.7,3915,497,0,956,0.928,1,COM7
2,222514,37,rpm,623,456,36.7,36.7,3915,497,0,957,0.928,1,COM7
2,222535,37,rpm,777,456,36.7,36.7,3915,497,0,957,0.928,1,COM7
2,222555,37,rpm,971,456,36.7,36.7,3915,497,0,957,0.928,1,COM7
2,222576,37,rpm,642,456,36.7,36.7,3915,497,0,957,0.928,1,COM7
2,222597,37,rpm,603,456,36.7,36.7,3915,497,0,957,0.929,1,COM7
2,222617,37,rpm,629,456,36.7,36.7,3915,497,0,957,0.929,1,COM7
2,222638,37,rpm,517,456,36.7,36.7,3915,497,0,958,0.929,1,COM7
2,222659,37,rpm,330,456,36.7,36.7,3915,497,0,958,0.929,1,COM7
2,222679,37,rpm,279,456,36.7,36.7,3915,497,0,958,0.929,1,COM7
2,222700,37,rpm,-402,456,36.7,36.7,3915,497,0,958,0.929,1,COM7
2,222721,37,rpm,30,456,36.7,36.7,3915,497,0,958,0.929,1,COM7
2,222741,37,rpm,317,456,36.7,36.7,3915,497,0,958,0.93,1,COM7
2,222762,37,rpm,659,456,36.7,36.7,3915,497,0,959,0.93,1,COM7
2,222783,37,rpm,808,456,36.7,36.7,3915,497,0,959,0.93,1,COM7
2,222803,37,rpm,846,456,36.7,36.7,3915,497,0,959,0.93,1,COM7
2,222824,37,rpm,799,456,36.7,36.7,3915,497,0,959,0.93,1,COM7
2,222845,37,rpm,641,456,36.7,36.7,3915,497,0,959,0.93,1,COM7
2,222865,37,rpm,601,456,36.7,36.7,3915,497,0,959,0.931,1,COM7
2,222886,37,rpm,519,456,36.7,36.7,3915,497,0,959,0.931,1,COM7
2,222907,37,rpm,424,456,36.7,36.7,3915,497,0,960,0.931,1,COM7
2,222928,37,rpm,297,456,36.7,36.7,3915,497,0,960,0.931,1,COM7
2,222948,37,rpm,-166,456,36.7,36.7,3915,497,0,960,0.931,1,COM7
2,222969,37,rpm,-137,456,36.7,36.7,3915,497,0,960,0.931,1,COM7
2,222990,37,rpm,172,456,36.7,36.7,3915,497,0,960,0.931,1,COM7
2,223010,37,rpm,637,456,36.7,36.7,3915,497,0,960,0.932,1,COM7
2,223031,37,rpm,825,456,36.7,36.7,3915,497,0,961,0.932,1,COM7
2,223052,37,rpm,901,456,36.7,36.7,3915,497,0,961,0.932,1,COM7
2,223072,37,rpm,692,456,36.7,36.7,3915,497,0,961,0.932,1,COM7
2,223093,37,rpm,753,456,36.7,36.7,3915,497,0,961,0.932,1,COM7
2,223114,37,rpm,636,456,36.7,36.7,3915,497,0,961,0.932,1,COM7
2,223134,37,rpm,530,456,36.7,36.7,3915,497,0,961,0.933,1,COM7
2,223155,37,rpm,408,456,36.7,36.7,3915,497,0,962,0.933,1,COM7
2,223176,37,rpm,325,456,36.7,36.7,3915,497,0,962,0.933,1,COM7
2,223196,37,rpm,-42,456,36.7,36.7,3915,497,0,962,0.933,1,COM7
2,223217,37,rpm,-230,456,36.7,36.7,3915,497,0,962,0.933,1,COM7
2,223238,37,rpm,128,456,36.7,36.7,3915,497,0,962,0.933,1,COM7
2,223258,37,rpm,624,456,36.7,36.7,3915,497,0,962,0.933,1,COM7
2,223279,37,rpm,675,456,36.7,36.7,3915,497,0,962,0.934,1,COM7
2,223300,37,rpm,920,456,36.7,36.7,3915,497,0,963,0.934,1,COM7
2,223320,37,rpm,872,456,36.7,36.7,3915,497,0,963,0.934,1,COM7
2,223341,37,rpm,597,456,36.7,36.7,3915,497,0,963,0.934,1,COM7
2,223362,37,rpm,628,456,36.7,36.7,3915,497,0,963,0.934,1,COM7
2,223383,37,rpm,629,456,36.7,36.7,3915,497,0,963,0.934,1,COM7
2,223403,37,rpm,442,456,36.7,36.7,3915,497,0,963,0.934,1,COM7
2,223424,37,rpm,337,456,36.7,36.7,3915,497,0,964,0.935,1,COM7
2,223445,37,rpm,229,456,36.7,36.7,3915,497,0,964,0.935,1,COM7
2,223465,37,rpm,-371,456,36.7,36.7,3915,497,0,964,0.935,1,COM7
2,223486,37,rpm,50,456,36.7,36.7,3915,497,0,964,0.935,1,COM7
2,223506,37,rpm,438,456,36.7,36.7,3915,497,0,964,0.935,1,COM7
2,223527,37,rpm,659,456,36.7,36.7,3915,497,0,964,0.935,1,COM7
2,223548,37,rpm,711,456,36.7,36.7,3915,497,0,964,0.936,1,COM7
2,223568,37,rpm,930,456,36.7,36.7,3915,497,0,965,0.936,1,COM7
2,223589,37,rpm,719,456,36.7,36.7,3915,497,0,965,0.936,1,COM7
2,223610,37,rpm,588,456,36.7,36.7,3915,497,0,965,0.936,1,COM7
2,223631,37,rpm,599,456,36.7,36.7,3915,497,0,965,0.936,1,COM7
2,223651,37,rpm,541,456,36.7,36.7,3915,497,0,965,0.936,1,COM7
2,223672,37,rpm,392,456,36.7,36.7,3915,497,0,965,0.936,1,COM7
2,223693,37,rpm,296,456,36.7,36.7,3915,497,0,966,0.937,1,COM7
2,223713,37,rpm,-149,456,36.7,36.7,3915,497,0,966,0.937,1,COM7
2,223734,37,rpm,-142,456,36.7,36.7,3915,497,0,966,0.937,1,COM7
2,223755,37,rpm,146,456,36.7,36.7,3915,497,0,966,0.937,1,COM7
2,223775,37,rpm,641,456,36.7,36.7,3915,497,0,966,0.937,1,COM7
2,223796,37,rpm,754,456,36.7,36.7,3915,497,0,966,0.937,1,COM7
2,223817,37,rpm,881,456,36.7,36.7,3915,497,0,967,0.938,1,COM7
2,223837,37,rpm,767,456,36.7,36.7,3915,497,0,967,0.938,1,COM7
2,223858,37,rpm,701,456,36.7,36.7,3915,497,0,967,0.938,1,COM7
2,223879,37,rpm,604,456,36.7,36.7,3915,497,0,967,0.938,1,COM7
2,223899,37,rpm,522,456,36.7,36.7,3915,497,0,967,0.938,1,COM7
2,223920,37,rpm,539,456,36.7,36.7,3915,497,0,967,0.938,1,COM7
2,223940,37,rpm,332,456,36.7,36.7,3915,497,0,967,0.938,1,COM7
2,223961,37,rpm,189,456,36.7,36.7,3915,497,0,968,0.939,1,COM7
2,223982,37,rpm,-411,456,36.7,36.7,3915,497,0,968,0.939,1,COM7
2,224002,37,rpm,78,456,36.7,36.7,3915,497,0,968,0.939,1,COM7
2,224023,37,rpm,441,456,36.7,36.7,3915,497,0,968,0.939,1,COM7
2,224044,37,rpm,725,456,36.7,36.7,3915,497,0,968,0.939,1,COM7
2,224064,37,rpm,851,456,36.7,36.7,3915,497,0,968,0.939,1,COM7
2,224085,37,rpm,767,456,36.7,36.7,3915,497,0,969,0.94,1,COM7
2,224106,37,rpm,699,456,36.7,36.7,3915,497,0,969,0.94,1,COM7
2,224127,37,rpm,686,456,36.7,36.7,3915,497,0,969,0.94,1,COM7
2,224147,37,rpm,606,456,36.7,36.7,3915,497,0,969,0.94,1,COM7
2,224168,37,rpm,490,456,36.7,36.7,3915,497,0,969,0.94,1,COM7
2,224189,37,rpm,394,456,36.7,36.7,3915,497,0,969,0.94,1,COM7
2,224209,37,rpm,281,456,36.7,36.7,3915,497,0,970,0.94,1,COM7
2,224230,37,rpm,-301,456,36.7,36.7,3915,497,0,970,0.941,1,COM7
2,224251,37,rpm,-41,456,36.7,36.7,3915,497,0,970,0.941,1,COM7
2,224271,37,rpm,232,456,36.7,36.7,3915,497,0,970,0.941,1,COM7
2,224292,37,rpm,576,456,36.7,36.7,3915,497,0,970,0.941,1,COM7
2,224313,37,rpm,827,456,36.7,36.7,3915,497,0,970,0.941,1,COM7
2,224333,37,rpm,977,456,36.7,36.7,3915,497,0,970,0.941,1,COM7
2,224354,37,rpm,659,456,36.7,36.7,3915,497,0,971,0.942,1,COM7
2,224375,37,rpm,642,456,36.7,36.7,3915,497,0,971,0.942,1,COM7
2,224395,37,rpm,676,456,36.7,36.7,3915,497,0,971,0.942,1,COM7
2,224416,37,rpm,522,456,36.7,36.7,3915,497,0,971,0.942,1,COM7
2,224437,37,rpm,414,456,36.7,36.7,3915,497,0,971,0.942,1,COM7
2,224457,37,rpm,353,456,36.7,36.7,3915,497,0,971,0.942,1,COM7
2,224478,37,rpm,-27,456,36.7,36.7,3915,497,0,972,0.942,1,COM7
2,224499,37,rpm,-237,456,36.7,36.7,3915,497,0,972,0.943,1,COM7
2,224519,37,rpm,123,456,36.7,36.7,3915,497,0,972,0.943,1,COM7
2,224540,37,rpm,614,456,36.7,36.7,3915,497,0,972,0.943,1,COM7
2,224561,37,rpm,677,456,36.7,36.7,3915,497,0,972,0.943,1,COM7
2,224581,37,rpm,913,456,36.7,36.7,3915,497,0,972,0.943,1,COM7
2,224602,37,rpm,861,456,36.7,36.7,3915,497,0,973,0.943,1,COM7
2,224622,37,rpm,672,456,36.7,36.7,3915,497,0,973,0.943,1,COM7
2,224643,37,rpm,622,456,36.7,36.7,3915,497,0,973,0.944,1,COM7
2,224664,37,rpm,598,456,36.7,36.7,3915,497,0,973,0.944,1,COM7
2,224685,37,rpm,462,456,36.7,36.7,3915,497,0,973,0.944,1,COM7
2,224705,37,rpm,297,456,36.7,36.7,3915,497,0,973,0.944,1,COM7
2,224726,37,rpm,109,456,36.7,36.7,3915,497,0,973,0.944,1,COM7
2,224747,37,rpm,-314,456,36.7,36.7,3915,497,0,974,0.944,1,COM7
2,224767,37,rpm,89,456,36.7,36.7,3915,497,0,974,0.945,1,COM7
2,224788,37,rpm,535,456,36.7,36.7,3915,497,0,974,0.945,1,COM7
2,224809,37,rpm,746,456,36.7,36.7,3915,497,0,974,0.945,1,COM7
2,224829,37,rpm,792,456,36.7,36.7,3915,497,0,974,0.945,1,COM7
2,224850,37,rpm,774,456,36.7,36.7,3915,497,0,974,0.945,1,COM7
2,224871,37,rpm,807,456,36.7,36.7,3915,497,0,975,0.945,1,COM7
2,224891,37,rpm,618,456,36.7,36.7,3915,497,0,975,0.945,1,COM7
2,224912,37,rpm,534,456,36.7,36.7,3915,497,0,975,0.946,1,COM7
2,224933,37,rpm,554,456,36.7,36.7,3915,497,0,975,0.946,1,COM7
2,224953,37,rpm,374,456,36.7,36.7,3915,497,0,975,0.946,1,COM7
2,224974,37,rpm,243,456,36.7,36.7,3915,497,0,975,0.946,1,COM7
2,224995,37,rpm,-334,457,36.7,36.7,3915,497,0,975,0.946,1,COM7
2,225015,37,rpm,15,457,36.7,36.7,3915,497,0,976,0.946,1,COM7
2,225036,37,rpm,226,457,36.7,36.7,3915,497,0,976,0.947,1,COM7
2,225057,37,rpm,667,457,36.7,36.7,3915,497,0,976,0.947,1,COM7
2,225077,37,rpm,837,457,36.7,36.7,3915,497,0,976,0.947,1,COM7
2,225098,37,rpm,809,457,36.7,36.7,3915,497,0,976,0.947,1,COM7
2,225119,37,rpm,669,457,36.7,36.7,3915,497,0,976,0.947,1,COM7
2,225139,37,rpm,713,457,36.7,36.7,3915,497,0,977,0.947,1,COM7
2,225160,37,rpm,612,457,36.7,36.7,3915,497,0,977,0.947,1,COM7
2,225180,37,rpm,510,457,36.7,36.7,3915,497,0,977,0.948,1,COM7
2,225201,37,rpm,432,457,36.7,36.7,3915,497,0,977,0.948,1,COM7
2,225222,37,rpm,333,457,36.7,36.7,3915,497,0,977,0.948,1,COM7
2,225242,37,rpm,25,457,36.7,36.7,3915,497,0,977,0.948,1,COM7
2,225263,37,rpm,-269,457,36.7,36.7,3915,497,0,978,0.948,1,COM7
2,225284,37,rpm,112,457,36.7,36.7,3915,497,0,978,0.948,1,COM7
2,225304,37,rpm,488,457,36.7,36.7,3915,497,0,978,0.949,1,COM7
2,225325,37,rpm,728,457,36.7,36.7,3915,497,0,978,0.949,1,COM7
2,225346,37,rpm,934,457,36.7,36.7,3915,497,0,978,0.949,1,COM7
2,225366,37,rpm,758,457,36.7,36.7,3915,497,0,978,0.949,1,COM7
2,225387,37,rpm,714,457,36.7,36.7,3915,497,0,978,0.949,1,COM7
2,225408,37,rpm,677,457,36.7,36.7,3915,497,0,979,0.949,1,COM7
2,225428,37,rpm,537,457,36.7,36.7,3915,497,0,979,0.949,1,COM7
2,225449,37,rpm,481,457,36.7,36.7,3915,497,0,979,0.95,1,COM7
2,225470,37,rpm,415,457,36.7,36.7,3915,497,0,979,0.95,1,COM7
2,225490,37,rpm,239,457,36.7,36.7,3915,497,0,979,0.95,1,COM7
2,225511,37,rpm,-403,457,36.7,36.7,3915,497,0,979,0.95,1,COM7
2,225532,37,rpm,43,457,36.7,36.7,3915,497,0,980,0.95,1,COM7
2,225552,37,rpm,329,457,36.7,36.7,3915,497,0,980,0.95,1,COM7
2,225573,37,rpm,642,457,36.7,36.7,3915,497,0,980,0.95,1,COM7
2,225594,37,rpm,853,457,36.7,36.7,3915,497,0,980,0.951,1,COM7
2,225614,37,rpm,809,457,36.7,36.7,3915,497,0,980,0.951,1,COM7
2,225635,37,rpm,751,457,36.7,36.7,3915,497,0,980,0.951,1,COM7
2,225656,37,rpm,643,457,36.7,36.7,3915,497,0,981,0.951,1,COM7
2,225676,37,rpm,610,457,36.7,36.7,3915,497,0,981,0.951,1,COM7
2,225697,37,rpm,561,457,36.7,36.7,3915,497,0,981,0.951,1,COM7
2,225718,37,rpm,395,457,36.7,36.7,3915,497,0,981,0.952,1,COM7
2,225738,37,rpm,320,457,36.7,36.7,3915,497,0,981,0.952,1,COM7
2,225759,37,rpm,-52,457,36.7,36.7,3915,497,0,981,0.952,1,COM7
2,225780,37,rpm,-229,457,36.7,36.7,3915,497,0,981,0.952,1,COM7
2,225800,37,rpm,124,457,36.7,36.7,3915,497,0,982,0.952,1,COM7
2,225821,37,rpm,623,457,36.7,36.7,3915,497,0,982,0.952,1,COM7
2,225841,37,rpm,697,457,36.7,36.7,3915,497,0,982,0.952,1,COM7
2,225862,37,rpm,805,457,36.7,36.7,3915,497,0,982,0.953,1,COM7
2,225883,37,rpm,889,457,36.7,36.7,3915,497,0,982,0.953,1,COM7
2,225903,37,rpm,660,457,36.7,36.7,3915,497,0,982,0.953,1,COM7
2,225924,37,rpm,591,457,36.7,36.7,3915,497,0,983,0.953,1,COM7
2,225945,37,rpm,595,457,36.7,36.7,3915,497,0,983,0.953,1,COM7
2,225966,37,rpm,480,457,36.7,36.7,3915,497,0,983,0.953,1,COM7
2,225986,37,rpm,317,457,36.7,36.7,3915,497,0,983,0.954,1,COM7
2,226007,37,rpm,196,457,36.7,36.7,3915,497,0,983,0.954,1,COM7
2,226028,37,rpm,-412,457,36.7,36.7,3915,497,0,983,0.954,1,COM7
2,226048,37,rpm,68,457,36.7,36.7,3915,497,0,984,0.954,1,COM7
2,226069,37,rpm,450,457,36.7,36.7,3915,497,0,984,0.954,1,COM7
2,226089,37,rpm,766,457,36.7,36.7,3915,497,0,984,0.954,1,COM7
2,226110,37,rpm,867,457,36.7,36.7,3915,497,0,984,0.954,1,COM7
2,226131,37,rpm,795,457,36.7,36.7,3915,497,0,984,0.955,1,COM7
2,226151,37,rpm,795,457,36.7,36.7,3915,497,0,984,0.955,1,COM7
2,226172,37,rpm,646,457,36.7,36.7,3915,497,0,984,0.955,1,COM7
2,226193,37,rpm,542,457,36.7,36.7,3915,497,0,985,0.955,1,COM7
2,226213,37,rpm,475,457,36.7,36.7,3915,497,0,985,0.955,1,COM7
2,226234,37,rpm,373,457,36.7,36.7,3915,497,0,985,0.955,1,COM7
2,226255,37,rpm,202,457,36.7,36.7,3915,497,0,985,0.956,1,COM7
2,226275,37,rpm,-364,457,36.7,36.7,3915,497,0,985,0.956,1,COM7
2,226296,37,rpm,53,457,36.7,36.7,3915,497,0,985,0.956,1,COM7
2,226317,37,rpm,346,457,36.7,36.7,3915,497,0,986,0.956,1,COM7
2,226337,37,rpm,694,457,36.7,36.7,3915,497,0,986,0.956,1,COM7
2,226358,37,rpm,874,457,36.7,36.7,3915,497,0,986,0.956,1,COM7
2,226379,37,rpm,801,457,36.7,36.7,3915,497,0,986,0.956,1,COM7
2,226399,37,rpm,675,457,36.7,36.7,3915,497,0,986,0.957,1,COM7
2,226420,37,rpm,751,457,36.7,36.7,3915,497,0,986,0.957,1,COM7
2,226441,37,rpm,562,457,36.7,36.7,3915,497,0,987,0.957,1,COM7
2,226461,37,rpm,500,457,36.7,36.7,3915,497,0,987,0.957,1,COM7
2,226482,37,rpm,438,457,36.7,36.7,3915,497,0,987,0.957,1,COM7
2,226503,37,rpm,296,457,36.7,36.7,3915,497,0,987,0.957,1,COM7
2,226523,37,rpm,-223,457,36.7,36.7,3915,497,0,987,0.958,1,COM7
2,226544,37,rpm,-80,457,36.7,36.7,3915,497,0,987,0.958,1,COM7
2,226565,37,rpm,198,457,36.7,36.7,3915,497,0,987,0.958,1,COM7
2,226585,37,rpm,612,457,36.7,36.7,3915,497,0,988,0.958,1,COM7
2,226606,37,rpm,753,457,36.7,36.7,3915,497,0,988,0.958,1,COM7
2,226627,37,rpm,909,457,36.7,36.7,3915,497,0,988,0.958,1,COM7
2,226647,37,rpm,740,457,36.7,36.7,3915,497,0,988,0.958,1,COM7
2,226668,37,rpm,687,457,36.7,36.7,3915,497,0,988,0.959,1,COM7
2,226689,37,rpm,594,457,36.7,36.7,3915,497,0,988,0.959,1,COM7
2,226709,37,rpm,559,457,36.7,36.7,3915,497,0,989,0.959,1,COM7
2,226730,37,rpm,442,457,36.7,36.7,3915,497,0,989,0.959,1,COM7
2,226751,37,rpm,343,457,36.7,36.7,3915,497,0,989,0.959,1,COM7
2,226771,37,rpm,204,457,36.7,36.7,3915,497,0,989,0.959,1,COM7
2,226792,37,rpm,-389,457,36.7,36.7,3915,497,0,989,0.959,1,COM7
2,226812,37,rpm,66,457,36.7,36.7,3915,497,0,989,0.96,1,COM7
2,226833,37,rpm,456,457,36.7,36.7,3915,497,0,989,0.96,1,COM7
2,226854,37,rpm,688,457,36.7,36.7,3915,497,0,990,0.96,1,COM7
2,226874,37,rpm,702,457,36.7,36.7,3915,497,0,990,0.96,1,COM7
2,226895,37,rpm,990,457,36.7,36.7,3915,497,0,990,0.96,1,COM7
2,226916,37,rpm,720,457,36.7,36.7,3915,497,0,990,0.96,1,COM7
2,226936,37,rpm,555,457,36.7,36.7,3915,497,0,990,0.961,1,COM7
2,226957,37,rpm,674,457,36.7,36.7,3915,497,0,990,0.961,1,COM7
2,226978,37,rpm,537,457,36.7,36.7,3915,497,0,991,0.961,1,COM7
2,226998,37,rpm,349,457,36.7,36.7,3915,497,0,991,0.961,1,COM7
2,227019,37,rpm,327,457,36.7,36.7,3915,497,0,991,0.961,1,COM7
2,227040,37,rpm,-252,457,36.7,36.7,3915,497,0,991,0.961,1,COM7
2,227060,37,rpm,-79,457,36.7,36.7,3915,497,0,991,0.961,1,COM7
2,227081,37,rpm,199,457,36.7,36.7,3915,497,0,991,0.962,1,COM7
2,227102,37,rpm,706,457,36.7,36.7,3915,497,0,992,0.962,1,COM7
2,227122,37,rpm,717,457,36.7,36.7,3915,497,0,992,0.962,1,COM7
2,227143,37,rpm,789,457,36.7,36.7,3915,497,0,992,0.962,1,COM7
2,227164,37,rpm,848,457,36.7,36.7,3915,497,0,992,0.962,1,COM7
2,227184,37,rpm,687,457,36.7,36.7,3915,497,0,992,0.962,1,COM7
2,227205,37,rpm,579,457,36.7,36.7,3915,497,0,992,0.963,1,COM7
2,227226,37,rpm,589,457,36.7,36.7,3915,497,0,992,0.963,1,COM7
2,227246,37,rpm,478,457,36.7,36.7,3915,497,0,993,0.963,1,COM7
2,227267,37,rpm,284,457,36.7,36.7,3915,497,0,993,0.963,1,COM7
2,227288,37,rpm,134,457,36.7,36.7,3915,497,0,993,0.963,1,COM7
2,227309,37,rpm,-365,457,36.7,36.7,3915,497,0,993,0.963,1,COM7
2,227329,37,rpm,84,457,36.7,36.7,3915,497,0,993,0.963,1,COM7
2,227350,37,rpm,508,457,36.7,36.7,3915,497,0,993,0.964,1,COM7
2,227370,37,rpm,756,457,36.7,36.7,3915,497,0,994,0.964,1,COM7
2,227391,37,rpm,810,457,36.7,36.7,3915,497,0,994,0.964,1,COM7
2,227412,37,rpm,786,457,36.7,36.7,3915,497,0,994,0.964,1,COM7
2,227432,37,rpm,776,457,36.7,36.7,3915,497,0,994,0.964,1,COM7
2,227453,37,rpm,595,457,36.7,36.7,3915,497,0,994,0.964,1,COM7
2,227474,37,rpm,534,457,36.7,36.7,3915,497,0,994,0.965,1,COM7
2,227494,37,rpm,542,457,36.7,36.7,3915,497,0,995,0.965,1,COM7
2,227515,37,rpm,358,457,36.7,36.7,3915,497,0,995,0.965,1,COM7
2,227536,37,rpm,259,457,36.7,36.7,3915,497,0,995,0.965,1,COM7
2,227556,37,rpm,-375,457,36.7,36.7,3915,497,0,995,0.965,1,COM7
2,227577,37,rpm,47,457,36.7,36.7,3915,497,0,995,0.965,1,COM7
2,227598,37,rpm,315,457,36.7,36.7,3915,497,0,995,0.965,1,COM7
2,227618,37,rpm,725,457,36.7,36.7,3915,497,0,995,0.966,1,COM7
2,227639,37,rpm,830,457,36.7,36.7,3915,497,0,996,0.966,1,COM7
2,227660,37,rpm,875,457,36.7,36.7,3915,497,0,996,0.966,1,COM7
2,227680,37,rpm,705,457,36.7,36.7,3915,497,0,996,0.966,1,COM7
2,227701,37,rpm,677,457,36.7,36.7,3915,497,0,996,0.966,1,COM7
2,227722,37,rpm,659,457,36.7,36.7,3915,497,0,996,0.966,1,COM7
2,227742,37,rpm,456,457,36.7,36.7,3915,497,0,996,0.967,1,COM7
2,227763,37,rpm,400,457,36.7,36.7,3915,497,0,997,0.967,1,COM7
2,227783,37,rpm,276,457,36.7,36.7,3915,497,0,997,0.967,1,COM7
2,227804,37,rpm,-347,457,36.7,36.7,3915,497,0,997,0.967,1,COM7
2,227825,37,rpm,5,457,36.7,36.7,3915,497,0,997,0.967,1,COM7
2,227845,37,rpm,258,457,36.7,36.7,3915,497,0,997,0.967,1,COM7
2,227866,37,rpm,689,457,36.7,36.7,3915,497,0,997,0.967,1,COM7
2,227887,37,rpm,685,457,36.7,36.7,3915,497,0,998,0.968,1,COM7
2,227907,37,rpm,987,457,36.7,36.7,3915,497,0,998,0.968,1,COM7
2,227928,37,rpm,756,457,36.7,36.7,3915,497,0,998,0.968,1,COM7
2,227949,37,rpm,593,457,36.7,36.7,3915,497,0,998,0.968,1,COM7
2,227969,37,rpm,669,457,36.7,36.7,3915,497,0,998,0.968,1,COM7
2,227990,37,rpm,577,457,36.7,36.7,3915,497,0,998,0.968,1,COM7
2,228011,37,rpm,387,457,36.7,36.7,3915,497,0,998,0.968,1,COM7
2,228031,37,rpm,333,457,36.7,36.7,3915,497,0,999,0.969,1,COM7
2,228052,37,rpm,-22,457,36.7,36.7,3915,497,0,999,0.969,1,COM7
2,228073,37,rpm,-240,457,36.7,36.7,3915,497,0,999,0.969,1,COM7
2,228093,37,rpm,101,457,36.7,36.7,3915,497,0,999,0.969,1,COM7
2,228114,37,rpm,639,457,36.7,36.7,3915,497,0,999,0.969,1,COM7
2,228135,37,rpm,680,457,36.7,36.7,3915,497,0,999,0.969,1,COM7
2,228155,37,rpm,786,457,36.7,36.7,3915,497,0,1000,0.97,1,COM7
2,228176,37,rpm,839,457,36.7,36.7,3915,497,0,1000,0.97,1,COM7
2,228197,37,rpm,746,457,36.7,36.7,3915,497,0,1000,0.97,1,COM7
2,228217,37,rpm,526,457,36.7,36.7,3915,497,0,1000,0.97,1,COM7
2,228238,37,rpm,623,457,36.7,36.7,3915,497,0,1000,0.97,1,COM7
2,228259,37,rpm,536,457,36.7,36.7,3915,497,0,1000,0.97,1,COM7
2,228280,37,rpm,317,457,36.7,36.7,3915,497,0,1001,0.97,1,COM7
2,228300,37,rpm,269,457,36.7,36.7,3915,497,0,1001,0.971,1,COM7
2,228321,37,rpm,-377,457,36.7,36.7,3915,497,0,1001,0.971,1,COM7
2,228342,37,rpm,27,457,36.7,36.7,3915,497,0,1001,0.971,1,COM7
2,228362,37,rpm,282,457,36.7,36.7,3915,497,0,1001,0.971,1,COM7
2,228383,37,rpm,758,457,36.7,36.7,3915,497,0,1001,0.971,1,COM7
2,228404,37,rpm,732,457,36.7,36.7,3915,497,0,1001,0.971,1,COM7
2,228424,37,rpm,851,457,36.7,36.7,3915,497,0,1002,0.972,1,COM7
2,228445,37,rpm,818,457,36.7,36.7,3915,497,0,1002,0.972,1,COM7
2,228466,37,rpm,630,457,36.7,36.7,3915,497,0,1002,0.972,1,COM7
2,228486,37,rpm,581,457,36.7,36.7,3915,497,0,1002,0.972,1,COM7
2,228507,37,rpm,579,457,36.7,36.7,3915,497,0,1002,0.972,1,COM7
2,228528,37,rpm,416,457,36.7,36.7,3915,497,0,1002,0.972,1,COM7
2,228549,37,rpm,306,457,36.7,36.7,3915,497,0,1003,0.972,1,COM7
2,228569,37,rpm,-80,457,36.7,36.7,3915,497,0,1003,0.973,1,COM7
2,228590,37,rpm,-217,457,36.7,36.7,3915,497,0,1003,0.973,1,COM7
2,228611,37,rpm,132,457,36.7,36.7,3915,497,0,1003,0.973,1,COM7
2,228632,37,rpm,610,457,36.7,36.7,3915,497,0,1003,0.973,1,COM7
2,228652,37,rpm,715,457,36.7,36.7,3915,497,0,1003,0.973,1,COM7
2,228673,37,rpm,919,457,36.7,36.7,3915,497,0,1003,0.973,1,COM7
2,228694,37,rpm,799,457,36.7,36.7,3915,497,0,1004,0.974,1,COM7
2,228714,37,rpm,595,457,36.7,36.7,3915,497,0,1004,0.974,1,COM7
2,228735,37,rpm,700,457,36.7,36.7,3915,497,0,1004,0.974,1,COM7
2,228756,37,rpm,566,457,36.7,36.7,3915,497,0,1004,0.974,1,COM7
2,228777,37,rpm,432,457,36.7,36.7,3915,497,0,1004,0.974,1,COM7
2,228797,37,rpm,383,457,36.7,36.7,3915,497,0,1004,0.974,1,COM7
2,228818,37,rpm,217,457,36.7,36.7,3915,497,0,1005,0.974,1,COM7
2,228839,37,rpm,-409,457,36.7,36.7,3915,497,0,1005,0.975,1,COM7
2,228859,37,rpm,64,457,36.7,36.7,3915,497,0,1005,0.975,1,COM7
2,228880,37,rpm,422,457,36.7,36.7,3915,497,0,1005,0.975,1,COM7
2,228901,37,rpm,649,457,36.7,36.7,3915,497,0,1005,0.975,1,COM7
2,228922,37,rpm,808,457,36.7,36.7,3915,497,0,1005,0.975,1,COM7
2,228942,37,rpm,945,457,36.7,36.7,3915,497,0,1006,0.975,1,COM7
2,228963,37,rpm,692,457,36.7,36.7,3915,497,0,1006,0.976,1,COM7
2,228984,37,rpm,574,457,36.7,36.7,3915,497,0,1006,0.976,1,COM7
2,229004,37,rpm,611,457,36.7,36.7,3915,497,0,1006,0.976,1,COM7
2,229025,37,rpm,550,457,36.7,36.7,3915,497,0,1006,0.976,1,COM7
2,229046,37,rpm,343,457,36.7,36.7,3915,497,0,1006,0.976,1,COM7
2,229066,37,rpm,290,457,36.7,36.7,3915,497,0,1006,0.976,1,COM7
2,229087,37,rpm,-352,457,36.7,36.7,3915,497,0,1007,0.976,1,COM7
2,229108,37,rpm,15,457,36.7,36.7,3915,497,0,1007,0.977,1,COM7
2,229129,37,rpm,247,457,36.7,36.7,3915,497,0,1007,0.977,1,COM7
2,229149,37,rpm,763,457,36.7,36.7,3915,497,0,1007,0.977,1,COM7
2,229170,37,rpm,772,457,36.7,36.7,3915,497,0,1007,0.977,1,COM7
2,229191,37,rpm,833,457,36.7,36.7,3915,497,0,1007,0.977,1,COM7
2,229211,37,rpm,838,457,36.7,36.7,3915,497,0,1008,0.977,1,COM7
2,229232,37,rpm,656,457,36.7,36.7,3915,497,0,1008,0.978,1,COM7
2,229253,37,rpm,566,457,36.7,36.7,3915,497,0,1008,0.978,1,COM7
2,229273,37,rpm,565,457,36.7,36.7,3915,497,0,1008,0.978,1,COM7
2,229294,37,rpm,403,457,36.7,36.7,3915,497,0,1008,0.978,1,COM7
2,229315,37,rpm,255,457,36.7,36.7,3915,497,0,1008,0.978,1,COM7
2,229336,37,rpm,-266,457,36.7,36.7,3915,497,0,1009,0.978,1,COM7
2,229356,37,rpm,-39,457,36.7,36.7,3915,497,0,1009,0.978,1,COM7
2,229377,37,rpm,199,457,36.7,36.7,3915,497,0,1009,0.979,1,COM7
2,229398,37,rpm,651,457,36.7,36.7,3915,497,0,1009,0.979,1,COM7
2,229419,37,rpm,755,457,36.7,36.7,3915,497,0,1009,0.979,1,COM7
2,229439,37,rpm,925,457,36.7,36.7,3915,497,0,1009,0.979,1,COM7
2,229460,37,rpm,708,457,36.7,36.7,3915,497,0,1009,0.979,1,COM7
2,229481,37,rpm,701,457,36.7,36.7,3915,497,0,1010,0.979,1,COM7
2,229501,37,rpm,623,457,36.7,36.7,3915,497,0,1010,0.98,1,COM7
2,229522,37,rpm,535,457,36.7,36.7,3915,497,0,1010,0.98,1,COM7
2,229543,37,rpm,440,457,36.7,36.7,3915,497,0,1010,0.98,1,COM7
2,229564,37,rpm,349,457,36.7,36.7,3915,497,0,1010,0.98,1,COM7
2,229584,37,rpm,58,457,36.7,36.7,3915,497,0,1010,0.98,1,COM7
2,229605,37,rpm,-274,457,36.7,36.7,3915,497,0,1011,0.98,1,COM7
2,229626,37,rpm,89,457,36.7,36.7,3915,497,0,1011,0.98,1,COM7
2,229646,37,rpm,537,457,36.7,36.7,3915,497,0,1011,0.981,1,COM7
2,229667,37,rpm,644,457,36.7,36.7,3915,497,0,1011,0.981,1,COM7
2,229688,37,rpm,851,457,36.7,36.7,3915,497,0,1011,0.981,1,COM7
2,229708,37,rpm,871,457,36.7,36.7,3915,497,0,1011,0.981,1,COM7
2,229729,37,rpm,628,457,36.7,36.7,3915,497,0,1012,0.981,1,COM7
2,229750,37,rpm,610,457,36.7,36.7,3915,497,0,1012,0.981,1,COM7
2,229770,37,rpm,613,457,36.7,36.7,3915,497,0,1012,0.981,1,COM7
2,229791,37,rpm,510,457,36.7,36.7,3915,497,0,1012,0.982,1,COM7
2,229812,37,rpm,347,457,36.7,36.7,3915,497,0,1012,0.982,1,COM7
2,229833,37,rpm,272,457,36.7,36.7,3915,497,0,1012,0.982,1,COM7
2,229853,37,rpm,-376,457,36.7,36.7,3915,497,0,1012,0.982,1,COM7
2,229874,37,rpm,18,457,36.7,36.7,3915,497,0,1013,0.982,1,COM7
2,229895,37,rpm,294,457,36.7,36.7,3915,497,0,1013,0.982,1,COM7
2,229915,37,rpm,688,457,36.7,36.7,3915,497,0,1013,0.983,1,COM7
2,229936,37,rpm,660,457,36.7,36.7,3915,497,0,1013,0.983,1,COM7
2,229957,37,rpm,902,457,36.7,36.7,3915,497,0,1013,0.983,1,COM7
2,229977,37,rpm,855,457,36.7,36.7,3915,497,0,1013,0.983,1,COM7
2,229998,37,rpm,563,457,36.7,36.7,3915,497,0,1014,0.983,1,COM7
2,230019,37,rpm,629,457,36.7,36.7,3915,497,0,1014,0.983,1,COM7
2,230040,37,rpm,585,457,36.7,36.7,3915,497,0,1014,0.983,1,COM7
2,230060,37,rpm,396,457,36.7,36.7,3915,497,0,1014,0.984,1,COM7
2,230081,37,rpm,325,457,36.7,36.7,3915,497,0,1014,0.984,1,COM7
2,230102,37,rpm,-36,457,36.7,36.7,3915,497,0,1014,0.984,1,COM7
2,230122,37,rpm,-238,457,36.7,36.7,3915,497,0,1015,0.984,1,COM7
2,230143,37,rpm,107,457,36.7,36.7,3915,497,0,1015,0.984,1,COM7
2,230164,37,rpm,652,457,36.7,36.7,3915,497,0,1015,0.984,1,COM7
2,230184,37,rpm,712,457,36.7,36.7,3915,497,0,1015,0.985,1,COM7
2,230205,37,rpm,794,457,36.7,36.7,3915,497,0,1015,0.985,1,COM7
2,230226,37,rpm,850,457,36.7,36.7,3915,497,0,1015,0.985,1,COM7
2,230246,37,rpm,680,457,36.7,36.7,3915,497,0,1015,0.985,1,COM7
2,230267,37,rpm,609,457,36.7,36.7,3915,497,0,1016,0.985,1,COM7
2,230288,37,rpm,566,457,36.7,36.7,3915,497,0,1016,0.985,1,COM7
2,230308,37,rpm,470,457,36.7,36.7,3915,497,0,1016,0.985,1,COM7
2,230329,37,rpm,369,457,36.7,36.7,3915,497,0,1016,0.986,1,COM7
2,230350,37,rpm,236,457,36.7,36.7,3915,497,0,1016,0.986,1,COM7
2,230371,37,rpm,-391,457,36.7,36.7,3915,497,0,1016,0.986,1,COM7
2,230391,37,rpm,49,457,36.7,36.7,3915,497,0,1017,0.986,1,COM7
2,230412,37,rpm,347,457,36.7,36.7,3915,497,0,1017,0.986,1,COM7
2,230433,37,rpm,679,457,36.7,36.7,3915,497,0,1017,0.986,1,COM7
2,230453,37,rpm,838,457,36.7,36.7,3915,497,0,1017,0.987,1,COM7
2,230474,37,rpm,858,457,36.7,36.7,3915,497,0,1017,0.987,1,COM7
2,230495,37,rpm,694,457,36.7,36.7,3915,497,0,1017,0.987,1,COM7
2,230515,37,rpm,670,457,36.7,36.7,3915,497,0,1018,0.987,1,COM7
2,230536,37,rpm,635,457,36.7,36.7,3915,497,0,1018,0.987,1,COM7
2,230557,37,rpm,489,457,36.7,36.7,3915,497,0,1018,0.987,1,COM7
2,230577,37,rpm,396,457,36.7,36.7,3915,497,0,1018,0.987,1,COM7
2,230598,37,rpm,313,457,36.7,36.7,3915,497,0,1018,0.988,1,COM7
2,230619,37,rpm,-259,457,36.7,36.7,3915,497,0,1018,0.988,1,COM7
2,230639,37,rpm,-76,457,36.7,36.7,3915,497,0,1018,0.988,1,COM7
2,230660,37,rpm,217,457,36.7,36.7,3915,497,0,1019,0.988,1,COM7
2,230681,37,rpm,682,457,36.7,36.7,3915,497,0,1019,0.988,1,COM7
2,230702,37,rpm,724,457,36.7,36.7,3915,497,0,1019,0.988,1,COM7
2,230722,37,rpm,936,457,36.7,36.7,3915,497,0,1019,0.989,1,COM7
2,230743,37,rpm,841,457,36.7,36.7,3915,497,0,1019,0.989,1,COM7
2,230764,37,rpm,628,457,36.7,36.7,3915,497,0,1019,0.989,1,COM7
2,230784,37,rpm,621,457,36.7,36.7,3915,497,0,1020,0.989,1,COM7
2,230805,37,rpm,585,457,36.7,36.7,3915,497,0,1020,0.989,1,COM7
2,230826,37,rpm,348,457,36.7,36.7,3915,497,0,1020,0.989,1,COM7
2,230846,37,rpm,299,457,36.7,36.7,3915,497,0,1020,0.989,1,COM7
2,230867,37,rpm,-116,457,36.7,36.7,3915,497,0,1020,0.99,1,COM7
2,230888,37,rpm,-130,457,36.7,36.7,3915,497,0,1020,0.99,1,COM7
2,230909,37,rpm,147,457,36.7,36.7,3915,497,0,1021,0.99,1,COM7
2,230929,37,rpm,728,457,36.7,36.7,3915,497,0,1021,0.99,1,COM7
2,230950,37,rpm,686,457,36.7,36.7,3915,497,0,1021,0.99,1,COM7
2,230971,37,rpm,802,457,36.7,36.7,3915,497,0,1021,0.99,1,COM7
2,230991,37,rpm,860,457,36.7,36.7,3915,497,0,1021,0.991,1,COM7
2,231012,37,rpm,663,457,36.7,36.7,3915,497,0,1021,0.991,1,COM7
2,231033,37,rpm,574,457,36.7,36.7,3915,497,0,1021,0.991,1,COM7
2,231053,37,rpm,596,457,36.7,36.7,3915,497,0,1022,0.991,1,COM7
2,231074,37,rpm,475,457,36.7,36.7,3915,497,0,1022,0.991,1,COM7
2,231095,37,rpm,316,457,36.7,36.7,3915,497,0,1022,0.991,1,COM7
2,231115,37,rpm,193,457,36.7,36.7,3915,497,0,1022,0.991,1,COM7
2,231136,37,rpm,-383,457,36.7,36.7,3915,497,0,1022,0.992,1,COM7
2,231157,37,rpm,68,457,36.7,36.7,3915,497,0,1022,0.992,1,COM7
2,231178,37,rpm,487,457,36.7,36.7,3915,497,0,1023,0.992,1,COM7
2,231198,37,rpm,664,457,36.7,36.7,3915,497,0,1023,0.992,1,COM7
2,231219,37,rpm,887,457,36.7,36.7,3915,497,0,1023,0.992,1,COM7
2,231240,37,rpm,824,457,36.7,36.7,3915,497,0,1023,0.992,1,COM7
2,231260,37,rpm,660,457,36.7,36.7,3915,497,0,1023,0.992,1,COM7
2,231281,37,rpm,698,457,36.7,36.7,3915,497,0,1023,0.993,1,COM7
2,231302,37,rpm,560,457,36.7,36.7,3915,497,0,1024,0.993,1,COM7
2,231322,37,rpm,511,457,36.7,36.7,3915,497,0,1024,0.993,1,COM7
2,231343,37,rpm,394,457,36.7,36.7,3915,497,0,1024,0.993,1,COM7
2,231364,37,rpm,291,457,36.7,36.7,3915,497,0,1024,0.993,1,COM7
2,231385,37,rpm,-293,457,36.7,36.7,3915,497,0,1024,0.993,1,COM7
2,231405,37,rpm,-23,457,36.7,36.7,3915,497,0,1024,0.994,1,COM7
2,231426,37,rpm,228,457,36.7,36.7,3915,497,0,1024,0.994,1,COM7
2,231447,37,rpm,598,457,36.7,36.7,3915,497,0,1025,0.994,1,COM7
2,231467,37,rpm,783,457,36.7,36.7,3915,497,0,1025,0.994,1,COM7
2,231488,37,rpm,931,457,36.7,36.7,3915,497,0,1025,0.994,1,COM7
2,231509,37,rpm,721,457,36.7,36.7,3915,497,0,1025,0.994,1,COM7
2,231529,37,rpm,637,457,36.7,36.7,3915,497,0,1025,0.994,1,COM7
2,231550,37,rpm,670,457,36.7,36.7,3915,497,0,1025,0.995,1,COM7
2,231571,37,rpm,564,457,36.7,36.7,3915,497,0,1026,0.995,1,COM7
2,231591,37,rpm,406,457,36.7,36.7,3915,497,0,1026,0.995,1,COM7
2,231612,37,rpm,368,457,36.7,36.7,3915,497,0,1026,0.995,1,COM7
2,231633,37,rpm,58,457,36.7,36.7,3915,497,0,1026,0.995,1,COM7
2,231653,37,rpm,-327,457,36.7,36.7,3915,497,0,1026,0.995,1,COM7
2,231674,37,rpm,94,457,36.7,36.7,3915,497,0,1026,0.996,1,COM7
2,231695,37,rpm,610,457,36.7,36.7,3915,497,0,1027,0.996,1,COM7
2,231716,37,rpm,597,457,36.7,36.7,3915,497,0,1027,0.996,1,COM7
2,231736,37,rpm,808,457,36.7,36.7,3915,497,0,1027,0.996,1,COM7
2,231757,37,rpm,990,457,36.7,36.7,3915,497,0,1027,0.996,1,COM7
2,231778,37,rpm,632,457,36.7,36.7,3915,497,0,1027,0.996,1,COM7
2,231798,37,rpm,597,457,36.7,36.7,3915,497,0,1027,0.996,1,COM7
2,231819,37,rpm,643,457,36.7,36.7,3915,497,0,1027,0.997,1,COM7
2,231840,37,rpm,492,457,36.7,36.7,3915,497,0,1028,0.997,1,COM7
2,231860,37,rpm,337,457,36.7,36.7,3915,497,0,1028,0.997,1,COM7
2,231881,37,rpm,278,457,36.7,36.7,3915,497,0,1028,0.997,1,COM7
2,231902,37,rpm,-387,457,36.7,36.7,3915,497,0,1028,0.997,1,COM7
2,231923,37,rpm,27,457,36.7,36.7,3915,497,0,1028,0.997,1,COM7
2,231943,37,rpm,326,457,36.7,36.7,3915,497,0,1028,0.998,1,COM7
2,231964,37,rpm,660,457,36.7,36.7,3915,497,0,1029,0.998,1,COM7
2,231985,37,rpm,800,457,36.7,36.7,3915,497,0,1029,0.998,1,COM7
2,232005,37,rpm,827,457,36.7,36.7,3915,497,0,1029,0.998,1,COM7
2,232026,37,rpm,795,457,36.7,36.7,3915,497,0,1029,0.998,1,COM7
2,232047,37,rpm,641,457,36.7,36.7,3915,497,0,1029,0.998,1,COM7
2,232067,37,rpm,560,457,36.7,36.7,3915,497,0,1029,0.998,1,COM7
2,232088,37,rpm,539,457,36.7,36.7,3915,497,0,1029,0.999,1,COM7
2,232109,37,rpm,443,457,36.7,36.7,3915,497,0,1030,0.999,1,COM7
2,232129,37,rpm,285,457,36.7,36.7,3915,497,0,1030,0.999,1,COM7
2,232150,37,rpm,-143,457,36.7,36.7,3915,497,0,1030,0.999,1,COM7
2,232171,37,rpm,-143,457,36.7,36.7,3915,497,0,1030,0.999,1,COM7
2,232192,37,rpm,178,457,36.7,36.7,3915,497,0,1030,0.999,1,COM7
2,232212,37,rpm,628,457,36.7,36.7,3915,497,0,1030,1.0,1,COM7
2,232233,37,rpm,830,457,36.7,36.7,3915,497,0,1031,1.0,1,COM7
2,232254,37,rpm,910,457,36.7,36.7,3915,497,0,1031,1.0,1,COM7
2,232274,37,rpm,706,457,36.7,36.7,3915,497,0,1031,1.0,1,COM7
2,232295,37,rpm,682,457,36.7,36.7,3915,497,0,1031,1.0,1,COM7
2,232316,37,rpm,706,457,36.7,36.7,3915,497,0,1031,1.0,1,COM7
2,232337,37,rpm,510,457,36.7,36.7,3915,497,0,1031,1.0,1,COM7
2,232357,37,rpm,397,457,36.7,36.7,3915,497,0,1032,1.001,1,COM7
2,232378,37,rpm,317,457,36.7,36.7,3915,497,0,1032,1.001,1,COM7
2,232399,37,rpm,-30,457,36.7,36.7,3915,497,0,1032,1.001,1,COM7
2,232419,37,rpm,-240,457,36.7,36.7,3915,497,0,1032,1.001,1,COM7
2,232440,37,rpm,133,457,36.7,36.7,3915,497,0,1032,1.001,1,COM7
2,232461,37,rpm,633,457,36.7,36.7,3915,497,0,1032,1.001,1,COM7
2,232481,37,rpm,619,457,36.7,36.7,3915,497,0,1032,1.002,1,COM7
2,232502,37,rpm,943,457,36.7,36.7,3915,497,0,1033,1.002,1,COM7
2,232523,37,rpm,821,457,36.7,36.7,3915,497,0,1033,1.002,1,COM7
2,232544,37,rpm,583,457,36.7,36.7,3915,497,0,1033,1.002,1,COM7
2,232564,37,rpm,670,457,36.7,36.7,3915,497,0,1033,1.002,1,COM7
2,232585,37,rpm,635,457,36.7,36.7,3915,497,0,1033,1.002,1,COM7
2,232606,37,rpm,460,457,36.7,36.7,3915,497,0,1033,1.002,1,COM7
2,232626,37,rpm,322,457,36.7,36.7,3915,497,0,1034,1.003,1,COM7
2,232647,37,rpm,221,457,36.7,36.7,3915,497,0,1034,1.003,1,COM7
2,232668,37,rpm,-403,457,36.7,36.7,3915,497,0,1034,1.003,1,COM7
2,232689,37,rpm,53,457,36.7,36.7,3915,497,0,1034,1.003,1,COM7
2,232709,37,rpm,469,457,36.7,36.7,3915,497,0,1034,1.003,1,COM7
2,232730,37,rpm,694,457,36.7,36.7,3915,497,0,1034,1.003,1,COM7
2,232751,37,rpm,740,457,36.7,36.7,3915,497,0,1035,1.004,1,COM7
2,232771,37,rpm,863,457,36.7,36.7,3915,497,0,1035,1.004,1,COM7
2,232792,37,rpm,713,457,36.7,36.7,3915,497,0,1035,1.004,1,COM7
2,232813,37,rpm,646,457,36.7,36.7,3915,497,0,1035,1.004,1,COM7
2,232834,37,rpm,608,457,36.7,36.7,3915,497,0,1035,1.004,1,COM7
2,232854,37,rpm,494,457,36.7,36.7,3915,497,0,1035,1.004,1,COM7
2,232875,37,rpm,419,457,36.7,36.7,3915,497,0,1035,1.004,1,COM7
2,232896,37,rpm,290,457,36.7,36.7,3915,497,0,1036,1.005,1,COM7
2,232916,37,rpm,-219,457,36.7,36.7,3915,497,0,1036,1.005,1,COM7
2,232937,37,rpm,-95,457,36.7,36.7,3915,497,0,1036,1.005,1,COM7
2,232958,37,rpm,160,457,36.7,36.7,3915,497,0,1036,1.005,1,COM7
2,232979,37,rpm,645,457,36.7,36.7,3915,497,0,1036,1.005,1,COM7
2,232999,37,rpm,767,457,36.7,36.7,3915,497,0,1036,1.005,1,COM7
2,233020,37,rpm,838,457,36.7,36.7,3915,497,0,1037,1.005,1,COM7
2,233041,37,rpm,741,457,36.7,36.7,3915,497,0,1037,1.006,1,COM7
2,233061,37,rpm,702,457,36.7,36.7,3915,497,0,1037,1.006,1,COM7
2,233082,37,rpm,638,457,36.7,36.7,3915,497,0,1037,1.006,1,COM7
2,233103,37,rpm,491,457,36.7,36.7,3915,497,0,1037,1.006,1,COM7
2,233123,37,rpm,496,457,36.7,36.7,3915,497,0,1037,1.006,1,COM7
2,233144,37,rpm,356,457,36.7,36.7,3915,497,0,1038,1.006,1,COM7
2,233165,37,rpm,139,457,36.7,36.7,3915,497,0,1038,1.007,1,COM7
2,233185,37,rpm,-355,457,36.7,36.7,3915,497,0,1038,1.007,1,COM7
2,233206,37,rpm,88,457,36.7,36.7,3915,497,0,1038,1.007,1,COM7
2,233227,37,rpm,503,457,36.7,36.7,3915,497,0,1038,1.007,1,COM7
2,233248,37,rpm,669,457,36.7,36.7,3915,497,0,1038,1.007,1,COM7
2,233268,37,rpm,870,457,36.7,36.7,3915,497,0,1038,1.007,1,COM7
2,233289,37,rpm,850,457,36.7,36.7,3915,497,0,1039,1.007,1,COM7
2,233310,37,rpm,598,457,36.7,36.7,3915,497,0,1039,1.008,1,COM7
2,233330,37,rpm,707,457,36.7,36.7,3915,497,0,1039,1.008,1,COM7
2,233351,37,rpm,635,457,36.7,36.7,3915,497,0,1039,1.008,1,COM7
2,233372,37,rpm,443,457,36.7,36.7,3915,497,0,1039,1.008,1,COM7
2,233392,37,rpm,379,457,36.7,36.7,3915,497,0,1039,1.008,1,COM7
2,233413,37,rpm,297,457,36.7,36.7,3915,497,0,1040,1.008,1,COM7
2,233434,37,rpm,-353,457,36.7,36.7,3915,497,0,1040,1.009,1,COM7
2,233455,37,rpm,3,457,36.7,36.7,3915,497,0,1040,1.009,1,COM7
2,233475,37,rpm,295,457,36.7,36.7,3915,497,0,1040,1.009,1,COM7
2,233496,37,rpm,639,457,36.7,36.7,3915,497,0,1040,1.009,1,COM7
2,233517,37,rpm,721,457,36.7,36.7,3915,497,0,1040,1.009,1,COM7
2,233537,37,rpm,961,457,36.7,36.7,3915,497,0,1041,1.009,1,COM7
2,233558,37,rpm,750,457,36.7,36.7,3915,497,0,1041,1.009,1,COM7
2,233579,37,rpm,602,457,36.7,36.7,3915,497,0,1041,1.01,1,COM7
2,233600,37,rpm,628,457,36.7,36.7,3915,497,0,1041,1.01,1,COM7
2,233620,37,rpm,553,457,36.7,36.7,3915,497,0,1041,1.01,1,COM7
2,233641,37,rpm,424,457,36.7,36.7,3915,497,0,1041,1.01,1,COM7
2,233661,37,rpm,289,457,36.7,36.7,3915,497,0,1041,1.01,1,COM7
2,233682,37,rpm,-77,457,36.7,36.7,3915,497,0,1042,1.01,1,COM7
2,233703,37,rpm,-197,457,36.7,36.7,3915,497,0,1042,1.011,1,COM7
2,233724,37,rpm,128,457,36.7,36.7,3915,497,0,1042,1.011,1,COM7
2,233744,37,rpm,648,457,36.7,36.7,3915,497,0,1042,1.011,1,COM7
2,233765,37,rpm,816,457,36.7,36.7,3915,497,0,1042,1.011,1,COM7
2,233786,37,rpm,814,457,36.7,36.7,3915,497,0,1042,1.011,1,COM7
2,233806,37,rpm,781,457,36.7,36.7,3915,497,0,1043,1.011,1,COM7
2,233827,37,rpm,767,457,36.7,36.7,3915,497,0,1043,1.011,1,COM7
2,233848,37,rpm,620,457,36.7,36.7,3915,497,0,1043,1.012,1,COM7
2,233868,37,rpm,511,457,36.7,36.7,3915,497,0,1043,1.012,1,COM7
2,233889,37,rpm,475,457,36.7,36.7,3915,497,0,1043,1.012,1,COM7
2,233910,37,rpm,307,457,36.7,36.7,3915,497,0,1043,1.012,1,COM7
2,233930,37,rpm,25,457,36.7,36.7,3915,497,0,1044,1.012,1,COM7
2,233951,37,rpm,-295,457,36.7,36.7,3915,497,0,1044,1.012,1,COM7
2,233972,37,rpm,111,457,36.7,36.7,3915,497,0,1044,1.013,1,COM7
2,233992,37,rpm,532,457,36.7,36.7,3915,497,0,1044,1.013,1,COM7
2,234013,37,rpm,730,457,36.7,36.7,3915,497,0,1044,1.013,1,COM7
2,234034,37,rpm,913,457,36.7,36.7,3915,497,0,1044,1.013,1,COM7
2,234055,37,rpm,762,457,36.7,36.7,3915,497,0,1044,1.013,1,COM7
2,234075,37,rpm,651,457,36.7,36.7,3915,497,0,1045,1.013,1,COM7
2,234096,37,rpm,699,457,36.7,36.7,3915,497,0,1045,1.013,1,COM7
2,234117,37,rpm,576,457,36.7,36.7,3915,497,0,1045,1.014,1,COM7
2,234137,37,rpm,429,457,36.7,36.7,3915,497,0,1045,1.014,1,COM7
2,234158,37,rpm,400,457,36.7,36.7,3915,497,0,1045,1.014,1,COM7
2,234179,37,rpm,230,457,36.7,36.7,3915,497,0,1045,1.014,1,COM7
2,234200,37,rpm,-392,457,36.7,36.7,3915,497,0,1046,1.014,1,COM7
2,234220,37,rpm,44,457,36.7,36.7,3915,497,0,1046,1.014,1,COM7
2,234241,37,rpm,434,457,36.7,36.7,3915,497,0,1046,1.015,1,COM7
2,234262,37,rpm,644,457,36.7,36.7,3915,497,0,1046,1.015,1,COM7
2,234282,37,rpm,765,457,36.7,36.7,3915,497,0,1046,1.015,1,COM7
2,234303,37,rpm,942,457,36.7,36.7,3915,497,0,1046,1.015,1,COM7
2,234324,37,rpm,679,457,36.7,36.7,3915,497,0,1047,1.015,1,COM7
2,234344,37,rpm,611,457,36.7,36.7,3915,497,0,1047,1.015,1,COM7
2,234365,37,rpm,663,457,36.7,36.7,3915,497,0,1047,1.015,1,COM7
2,234386,37,rpm,530,457,36.7,36.7,3915,497,0,1047,1.016,1,COM7
2,234406,37,rpm,369,457,36.7,36.7,3915,497,0,1047,1.016,1,COM7
2,234427,37,rpm,327,457,36.7,36.7,3915,497,0,1047,1.016,1,COM7
2,234448,37,rpm,-83,457,36.7,36.7,3915,497,0,1047,1.016,1,COM7
2,234469,37,rpm,-192,457,36.7,36.7,3915,497,0,1048,1.016,1,COM7
2,234489,37,rpm,141,457,36.7,36.7,3915,497,0,1048,1.016,1,COM7
2,234510,37,rpm,614,457,36.7,36.7,3915,497,0,1048,1.016,1,COM7
2,234531,37,rpm,729,457,36.7,36.7,3915,497,0,1048,1.017,1,COM7
2,234551,37,rpm,852,457,36.7,36.7,3915,497,0,1048,1.017,1,COM7
2,234572,37,rpm,836,457,36.7,36.7,3915,497,0,1048,1.017,1,COM7
2,234593,37,rpm,664,457,36.7,36.7,3915,497,0,1049,1.017,1,COM7
2,234613,37,rpm,626,457,36.7,36.7,3915,497,0,1049,1.017,1,COM7
2,234634,37,rpm,527,457,36.7,36.7,3915,497,0,1049,1.017,1,COM7
2,234655,37,rpm,528,457,36.7,36.7,3915,497,0,1049,1.018,1,COM7
2,234676,37,rpm,342,457,36.7,36.7,3915,497,0,1049,1.018,1,COM7
2,234696,37,rpm,200,457,36.7,36.7,3915,497,0,1049,1.018,1,COM7
2,234717,37,rpm,-420,457,36.7,36.7,3915,497,0,1050,1.018,1,COM7
2,234738,37,rpm,72,457,36.7,36.7,3915,497,0,1050,1.018,1,COM7
2,234758,37,rpm,418,457,36.7,36.7,3915,497,0,1050,1.018,1,COM7
2,234779,37,rpm,712,457,36.7,36.7,3915,497,0,1050,1.018,1,COM7
2,234800,37,rpm,840,457,36.7,36.7,3915,497,0,1050,1.019,1,COM7
2,234820,37,rpm,741,457,36.7,36.7,3915,497,0,1050,1.019,1,COM7
2,234841,37,rpm,766,457,36.7,36.7,3915,497,0,1050,1.019,1,COM7
2,234862,37,rpm,665,457,36.7,36.7,3915,497,0,1051,1.019,1,COM7
2,234883,37,rpm,585,457,36.7,36.7,3915,497,0,1051,1.019,1,COM7
2,234903,37,rpm,484,457,36.7,36.7,3915,497,0,1051,1.019,1,COM7
2,234924,37,rpm,406,457,36.7,36.7,3915,497,0,1051,1.02,1,COM7
2,234945,37,rpm,274,457,36.7,36.7,3915,497,0,1051,1.02,1,COM7
2,234966,37,rpm,-246,457,36.7,36.7,3915,497,0,1051,1.02,1,COM7
2,234986,37,rpm,-53,457,36.7,36.7,3915,497,0,1052,1.02,1,COM7
2,235007,37,rpm,227,457,36.7,36.7,3915,497,0,1052,1.02,1,COM7
2,235028,37,rpm,590,457,36.7,36.7,3915,497,0,1052,1.02,1,COM7
2,235048,37,rpm,802,457,36.7,36.7,3915,497,0,1052,1.02,1,COM7
2,235069,37,rpm,962,457,36.7,36.7,3915,497,0,1052,1.021,1,COM7
2,235090,37,rpm,688,457,36.7,36.7,3915,497,0,1052,1.021,1,COM7
2,235110,37,rpm,613,457,36.7,36.7,3915,497,0,1053,1.021,1,COM7
2,235131,37,rpm,706,457,36.7,36.7,3915,497,0,1053,1.021,1,COM7
2,235152,37,rpm,516,457,36.7,36.7,3915,497,0,1053,1.021,1,COM7
2,235172,37,rpm,416,457,36.7,36.7,3915,497,0,1053,1.021,1,COM7
2,235193,37,rpm,340,457,36.7,36.7,3915,497,0,1053,1.022,1,COM7
2,235214,37,rpm,-3,457,36.7,36.7,3915,497,0,1053,1.022,1,COM7
2,235235,37,rpm,-272,457,36.7,36.7,3915,497,0,1053,1.022,1,COM7
2,235255,37,rpm,111,457,36.7,36.7,3915,497,0,1054,1.022,1,COM7
2,235276,37,rpm,596,457,36.7,36.7,3915,497,0,1054,1.022,1,COM7
2,235297,37,rpm,736,457,36.7,36.7,3915,497,0,1054,1.022,1,COM7
2,235317,37,rpm,895,457,36.7,36.7,3915,497,0,1054,1.022,1,COM7
2,235338,37,rpm,809,457,36.7,36.7,3915,497,0,1054,1.023,1,COM7
2,235359,37,rpm,714,457,36.7,36.7,3915,497,0,1054,1.023,1,COM7
2,235379,37,rpm,658,457,36.7,36.7,3915,497,0,1055,1.023,1,COM7
2,235400,37,rpm,556,457,36.7,36.7,3915,497,0,1055,1.023,1,COM7
2,235421,37,rpm,460,457,36.7,36.7,3915,497,0,1055,1.023,1,COM7
2,235442,37,rpm,312,457,36.7,36.7,3915,497,0,1055,1.023,1,COM7
2,235462,37,rpm,93,457,36.7,36.7,3915,497,0,1055,1.024,1,COM7
2,235483,37,rpm,-328,457,36.7,36.7,3915,497,0,1055,1.024,1,COM7
2,235504,37,rpm,96,457,36.7,36.7,3915,497,0,1056,1.024,1,COM7
2,235524,37,rpm,482,457,36.7,36.7,3915,497,0,1056,1.024,1,COM7
2,235545,37,rpm,767,457,36.7,36.7,3915,497,0,1056,1.024,1,COM7
2,235566,37,rpm,840,457,36.7,36.7,3915,497,0,1056,1.024,1,COM7
2,235586,37,rpm,711,457,36.7,36.7,3915,497,0,1056,1.024,1,COM7
2,235607,37,rpm,811,457,36.7,36.7,3915,497,0,1056,1.025,1,COM7
2,235628,37,rpm,639,457,36.7,36.7,3915,497,0,1056,1.025,1,COM7
2,235649,37,rpm,532,457,36.7,36.7,3915,497,0,1057,1.025,1,COM7
2,235669,37,rpm,535,457,36.7,36.7,3915,497,0,1057,1.025,1,COM7
2,235690,37,rpm,383,457,36.7,36.7,3915,497,0,1057,1.025,1,COM7
2,235711,37,rpm,247,457,36.7,36.7,3915,497,0,1057,1.025,1,COM7
2,235731,37,rpm,-348,457,36.7,36.7,3915,497,0,1057,1.026,1,COM7
2,235752,37,rpm,29,457,36.7,36.7,3915,497,0,1057,1.026,1,COM7
2,235773,37,rpm,295,457,36.7,36.7,3915,497,0,1058,1.026,1,COM7
2,235793,37,rpm,641,457,36.7,36.7,3915,497,0,1058,1.026,1,COM7
2,235814,37,rpm,777,457,36.7,36.7,3915,497,0,1058,1.026,1,COM7
2,235835,37,rpm,937,457,36.7,36.7,3915,497,0,1058,1.026,1,COM7
2,235855,37,rpm,647,457,36.7,36.7,3915,497,0,1058,1.026,1,COM7
2,235876,37,rpm,652,457,36.7,36.7,3915,497,0,1058,1.027,1,COM7
2,235897,37,rpm,683,457,36.7,36.7,3915,497,0,1059,1.027,1,COM7
2,235917,37,rpm,454,457,36.7,36.7,3915,497,0,1059,1.027,1,COM7
2,235938,37,rpm,434,457,36.7,36.7,3915,497,0,1059,1.027,1,COM7
2,235959,37,rpm,342,457,36.7,36.7,3915,497,0,1059,1.027,1,COM7
2,235980,37,rpm,-53,457,36.7,36.7,3915,497,0,1059,1.027,1,COM7
2,236000,37,rpm,-235,457,36.7,36.7,3915,497,0,1059,1.028,1,COM7
2,236021,37,rpm,134,457,36.7,36.7,3915,497,0,1059,1.028,1,COM7
2,236042,37,rpm,577,457,36.7,36.7,3915,497,0,1060,1.028,1,COM7
2,236063,37,rpm,656,457,36.7,36.7,3915,497,0,1060,1.028,1,COM7
2,236083,37,rpm,970,457,36.7,36.7,3915,497,0,1060,1.028,1,COM7
2,236104,37,rpm,760,457,36.7,36.7,3915,497,0,1060,1.028,1,COM7
2,236125,37,rpm,641,457,36.7,36.7,3915,497,0,1060,1.028,1,COM7
2,236145,37,rpm,693,457,36.7,36.7,3915,497,0,1060,1.029,1,COM7
2,236166,37,rpm,530,457,36.7,36.7,3915,497,0,1061,1.029,1,COM7
2,236187,37,rpm,502,457,36.7,36.7,3915,497,0,1061,1.029,1,COM7
2,236207,37,rpm,360,457,36.7,36.7,3915,497,0,1061,1.029,1,COM7
2,236228,37,rpm,221,457,36.7,36.7,3915,497,0,1061,1.029,1,COM7
2,236249,37,rpm,-417,457,36.7,36.7,3915,497,0,1061,1.029,1,COM7
2,236270,37,rpm,51,457,36.7,36.7,3915,497,0,1061,1.03,1,COM7
2,236290,37,rpm,389,457,36.7,36.7,3915,497,0,1061,1.03,1,COM7
2,236311,37,rpm,741,457,36.7,36.7,3915,497,0,1062,1.03,1,COM7
2,236332,37,rpm,746,457,36.7,36.7,3915,497,0,1062,1.03,1,COM7
2,236352,37,rpm,868,457,36.7,36.7,3915,497,0,1062,1.03,1,COM7
2,236373,37,rpm,748,457,36.7,36.7,3915,497,0,1062,1.03,1,COM7
2,236394,37,rpm,621,457,36.7,36.7,3915,497,0,1062,1.03,1,COM7
2,236414,37,rpm,588,457,36.7,36.7,3915,497,0,1062,1.031,1,COM7
2,236435,37,rpm,554,457,36.7,36.7,3915,497,0,1063,1.031,1,COM7
2,236456,37,rpm,421,457,36.7,36.7,3915,497,0,1063,1.031,1,COM7
2,236476,37,rpm,252,457,36.7,36.7,3915,497,0,1063,1.031,1,COM7
2,236497,37,rpm,-137,457,36.7,36.7,3915,497,0,1063,1.031,1,COM7
2,236518,37,rpm,-152,457,36.7,36.7,3915,497,0,1063,1.031,1,COM7
2,236538,37,rpm,143,457,36.7,36.7,3915,497,0,1063,1.031,1,COM7
2,236559,37,rpm,645,457,36.7,36.7,3915,497,0,1064,1.032,1,COM7
2,236580,37,rpm,774,457,36.7,36.7,3915,497,0,1064,1.032,1,COM7
2,236601,37,rpm,857,457,36.7,36.7,3915,497,0,1064,1.032,1,COM7
2,236621,37,rpm,739,457,36.7,36.7,3915,497,0,1064,1.032,1,COM7
2,236642,37,rpm,693,457,36.7,36.7,3915,497,0,1064,1.032,1,COM7
2,236663,37,rpm,642,457,36.7,36.7,3915,497,0,1064,1.032,1,COM7
2,236683,37,rpm,486,457,36.7,36.7,3915,497,0,1064,1.033,1,COM7
2,236704,37,rpm,490,457,36.7,36.7,3915,497,0,1065,1.033,1,COM7
2,236725,37,rpm,339,457,36.7,36.7,3915,497,0,1065,1.033,1,COM7
2,236746,37,rpm,36,457,36.7,36.7,3915,497,0,1065,1.033,1,COM7
2,236766,37,rpm,-288,457,36.7,36.7,3915,497,0,1065,1.033,1,COM7
2,236787,37,rpm,109,457,36.7,36.7,3915,497,0,1065,1.033,1,COM7
2,236808,37,rpm,521,457,36.7,36.7,3915,497,0,1065,1.033,1,COM7
2,236828,37,rpm,719,457,36.7,36.7,3915,497,0,1066,1.034,1,COM7
2,236849,37,rpm,972,457,36.7,36.7,3915,497,0,1066,1.034,1,COM7
2,236870,37,rpm,744,457,36.7,36.7,3915,497,0,1066,1.034,1,COM7
2,236890,37,rpm,649,457,36.7,36.7,3915,497,0,1066,1.034,1,COM7
2,236911,37,rpm,751,457,36.7,36.7,3915,497,0,1066,1.034,1,COM7
2,236932,37,rpm,559,457,36.7,36.7,3915,497,0,1066,1.034,1,COM7
2,236952,37,rpm,432,457,36.7,36.7,3915,497,0,1067,1.035,1,COM7
2,236973,37,rpm,352,457,36.7,36.7,3915,497,0,1067,1.035,1,COM7
2,236994,37,rpm,163,457,36.7,36.7,3915,497,0,1067,1.035,1,COM7
2,237015,37,rpm,-326,457,36.7,36.7,3915,497,0,1067,1.035,1,COM7
2,237035,37,rpm,72,457,36.7,36.7,3915,497,0,1067,1.035,1,COM7
2,237056,37,rpm,511,457,36.7,36.7,3915,497,0,1067,1.035,1,COM7
2,237077,37,rpm,670,457,36.7,36.7,3915,497,0,1067,1.035,1,COM7
2,237097,37,rpm,860,457,36.7,36.7,3915,497,0,1068,1.036,1,COM7
2,237118,37,rpm,779,457,36.7,36.7,3915,497,0,1068,1.036,1,COM7
2,237139,37,rpm,760,457,36.7,36.7,3915,497,0,1068,1.036,1,COM7
2,237159,37,rpm,590,457,36.7,36.7,3915,497,0,1068,1.036,1,COM7
2,237180,37,rpm,609,457,36.7,36.7,3915,497,0,1068,1.036,1,COM7
2,237201,37,rpm,523,457,36.7,36.7,3915,497,0,1068,1.036,1,COM7
2,237222,37,rpm,380,457,36.7,36.7,3915,497,0,1069,1.037,1,COM7
2,237242,37,rpm,249,457,36.7,36.7,3915,497,0,1069,1.037,1,COM7
2,237263,37,rpm,-339,457,36.7,36.7,3915,497,0,1069,1.037,1,COM7
2,237284,37,rpm,17,457,36.7,36.7,3915,497,0,1069,1.037,1,COM7
2,237304,37,rpm,238,457,36.7,36.7,3915,497,0,1069,1.037,1,COM7
2,237325,37,rpm,724,457,36.7,36.7,3915,497,0,1069,1.037,1,COM7
2,237346,37,rpm,783,457,36.7,36.7,3915,497,0,1070,1.037,1,COM7
2,237366,37,rpm,751,457,36.7,36.7,3915,497,0,1070,1.038,1,COM7
2,237387,37,rpm,807,457,36.7,36.7,3915,497,0,1070,1.038,1,COM7
2,237408,37,rpm,692,457,36.7,36.7,3915,497,0,1070,1.038,1,COM7
2,237429,37,rpm,579,457,36.7,36.7,3915,497,0,1070,1.038,1,COM7
2,237449,37,rpm,515,457,36.7,36.7,3915,497,0,1070,1.038,1,COM7
2,237470,37,rpm,484,457,36.7,36.7,3915,497,0,1070,1.038,1,COM7
2,237491,37,rpm,312,457,36.7,36.7,3915,497,0,1071,1.039,1,COM7
2,237511,37,rpm,30,457,36.7,36.7,3915,497,0,1071,1.039,1,COM7
2,237532,37,rpm,-273,457,36.7,36.7,3915,497,0,1071,1.039,1,COM7
2,237553,37,rpm,102,457,36.7,36.7,3915,497,0,1071,1.039,1,COM7
2,237573,37,rpm,486,457,36.7,36.7,3915,497,0,1071,1.039,1,COM7
2,237594,37,rpm,772,457,36.7,36.7,3915,497,0,1071,1.039,1,COM7
2,237615,37,rpm,931,457,36.7,36.7,3915,497,0,1072,1.039,1,COM7
2,237635,37,rpm,746,457,36.7,36.7,3915,497,0,1072,1.04,1,COM7
2,237656,37,rpm,700,457,36.7,36.7,3915,497,0,1072,1.04,1,COM7
2,237677,37,rpm,676,457,36.7,36.7,3915,497,0,1072,1.04,1,COM7
2,237697,37,rpm,534,457,36.7,36.7,3915,497,0,1072,1.04,1,COM7
2,237718,37,rpm,485,457,36.7,36.7,3915,497,0,1072,1.04,1,COM7
2,237739,37,rpm,413,457,36.7,36.7,3915,497,0,1073,1.04,1,COM7
2,237759,37,rpm,253,457,36.7,36.7,3915,497,0,1073,1.04,1,COM7
2,237780,37,rpm,-397,457,36.7,36.7,3915,497,0,1073,1.041,1,COM7
2,237801,37,rpm,37,457,36.7,36.7,3915,497,0,1073,1.041,1,COM7
2,237822,37,rpm,325,457,36.7,36.7,3915,497,0,1073,1.041,1,COM7
2,237842,37,rpm,655,457,36.7,36.7,3915,497,0,1073,1.041,1,COM7
2,237863,37,rpm,849,457,36.7,36.7,3915,497,0,1073,1.041,1,COM7
2,237884,37,rpm,852,457,36.7,36.7,3915,497,0,1074,1.041,1,COM7
2,237904,37,rpm,734,457,36.7,36.7,3915,497,0,1074,1.042,1,COM7
2,237925,37,rpm,641,457,36.7,36.7,3915,497,0,1074,1.042,1,COM7
2,237946,37,rpm,619,457,36.7,36.7,3915,497,0,1074,1.042,1,COM7
2,237966,37,rpm,553,457,36.7,36.7,3915,497,0,1074,1.042,1,COM7
2,237987,37,rpm,401,457,36.7,36.7,3915,497,0,1074,1.042,1,COM7
2,238008,37,rpm,310,457,36.7,36.7,3915,497,0,1075,1.042,1,COM7
2,238028,37,rpm,-48,457,36.7,36.7,3915,497,0,1075,1.042,1,COM7
2,238049,37,rpm,-231,457,36.7,36.7,3915,497,0,1075,1.043,1,COM7
2,238070,37,rpm,121,457,36.7,36.7,3915,497,0,1075,1.043,1,COM7
2,238091,37,rpm,626,457,36.7,36.7,3915,497,0,1075,1.043,1,COM7
2,238111,37,rpm,748,457,36.7,36.7,3915,497,0,1075,1.043,1,COM7
2,238132,37,rpm,766,457,36.7,36.7,3915,497,0,1076,1.043,1,COM7
2,238153,37,rpm,912,457,36.7,36.7,3915,497,0,1076,1.043,1,COM7
2,238173,37,rpm,655,457,36.7,36.7,3915,497,0,1076,1.044,1,COM7
2,238194,37,rpm,557,457,36.7,36.7,3915,497,0,1076,1.044,1,COM7
2,238215,37,rpm,608,457,36.7,36.7,3915,497,0,1076,1.044,1,COM7
2,238235,37,rpm,491,457,36.7,36.7,3915,497,0,1076,1.044,1,COM7
2,238256,37,rpm,321,457,36.7,36.7,3915,497,0,1076,1.044,1,COM7
2,238277,37,rpm,175,457,36.7,36.7,3915,497,0,1077,1.044,1,COM7
2,238297,37,rpm,-375,457,36.7,36.7,3915,497,0,1077,1.044,1,COM7
2,238318,37,rpm,79,457,36.7,36.7,3915,497,0,1077,1.045,1,COM7
2,238339,37,rpm,485,457,36.7,36.7,3915,497,0,1077,1.045,1,COM7
2,238359,37,rpm,721,457,36.7,36.7,3915,497,0,1077,1.045,1,COM7
2,238380,37,rpm,917,457,36.7,36.7,3915,497,0,1077,1.045,1,COM7
2,238401,37,rpm,742,457,36.7,36.7,3915,497,0,1078,1.045,1,COM7
2,238421,37,rpm,738,457,36.7,36.7,3915,497,0,1078,1.045,1,COM7
2,238442,37,rpm,704,457,36.7,36.7,3915,497,0,1078,1.046,1,COM7
2,238463,37,rpm,521,457,36.7,36.7,3915,497,0,1078,1.046,1,COM7
2,238483,37,rpm,481,457,36.7,36.7,3915,497,0,1078,1.046,1,COM7
2,238504,37,rpm,370,457,36.7,36.7,3915,497,0,1078,1.046,1,COM7
2,238525,37,rpm,199,457,36.7,36.7,3915,497,0,1079,1.046,1,COM7
2,238545,37,rpm,-390,457,36.7,36.7,3915,497,0,1079,1.046,1,COM7
2,238566,37,rpm,62,457,36.7,36.7,3915,497,0,1079,1.046,1,COM7
2,238587,37,rpm,406,457,36.7,36.7,3915,497,0,1079,1.047,1,COM7
2,238608,37,rpm,629,457,36.7,36.7,3915,497,0,1079,1.047,1,COM7
2,238628,37,rpm,933,457,36.7,36.7,3915,497,0,1079,1.047,1,COM7
2,238649,37,rpm,789,457,36.7,36.7,3915,497,0,1079,1.047,1,COM7
2,238670,37,rpm,680,457,36.7,36.7,3915,497,0,1080,1.047,1,COM7
2,238690,37,rpm,713,457,36.7,36.7,3915,497,0,1080,1.047,1,COM7
2,238711,37,rpm,577,456,36.7,36.7,3915,497,0,1080,1.048,1,COM7
2,238732,37,rpm,511,456,36.7,36.7,3915,497,0,1080,1.048,1,COM7
2,238753,37,rpm,420,456,36.7,36.7,3915,497,0,1080,1.048,1,COM7
2,238773,37,rpm,298,456,36.7,36.7,3915,497,0,1080,1.048,1,COM7
2,238794,37,rpm,-283,456,36.7,36.7,3915,497,0,1081,1.048,1,COM7
2,238815,37,rpm,-31,456,36.7,36.7,3915,497,0,1081,1.048,1,COM7
2,238835,37,rpm,207,456,36.7,36.7,3915,497,0,1081,1.048,1,COM7
2,238856,37,rpm,689,456,36.7,36.7,3915,497,0,1081,1.049,1,COM7
2,238877,37,rpm,733,457,36.7,36.7,3915,497,0,1081,1.049,1,COM7
2,238897,37,rpm,784,457,36.7,36.7,3915,497,0,1081,1.049,1,COM7
2,238918,37,rpm,856,457,36.7,36.7,3915,497,0,1081,1.049,1,COM7
2,238939,37,rpm,669,457,36.7,36.7,3915,497,0,1082,1.049,1,COM7
2,238959,37,rpm,545,457,36.7,36.7,3915,497,0,1082,1.049,1,COM7
2,238980,37,rpm,630,457,36.7,36.7,3915,497,0,1082,1.05,1,COM7
2,239001,37,rpm,433,457,36.7,36.7,3915,497,0,1082,1.05,1,COM7
2,239021,37,rpm,316,457,36.7,36.7,3915,497,0,1082,1.05,1,COM7
2,239042,37,rpm,159,457,36.7,36.7,3915,497,0,1082,1.05,1,COM7
2,239063,37,rpm,-348,457,36.7,36.7,3915,497,0,1083,1.05,1,COM7
2,239084,37,rpm,65,457,36.7,36.7,3915,497,0,1083,1.05,1,COM7
2,239104,37,rpm,500,457,36.7,36.7,3915,497,0,1083,1.05,1,COM7
2,239125,37,rpm,703,457,36.7,36.7,3915,497,0,1083,1.051,1,COM7
2,239146,37,rpm,691,457,36.7,36.7,3915,497,0,1083,1.051,1,COM7
2,239166,37,rpm,944,457,36.7,36.7,3915,497,0,1083,1.051,1,COM7
2,239187,37,rpm,757,457,36.7,36.7,3915,497,0,1084,1.051,1,COM7
2,239208,37,rpm,588,457,36.7,36.7,3915,497,0,1084,1.051,1,COM7
2,239228,37,rpm,565,457,36.7,36.7,3915,497,0,1084,1.051,1,COM7
2,239249,37,rpm,562,457,36.7,36.7,3915,497,0,1084,1.051,1,COM7
2,239270,37,rpm,365,457,36.7,36.7,3915,497,0,1084,1.052,1,COM7
2,239290,37,rpm,277,457,36.7,36.7,3915,497,0,1084,1.052,1,COM7
2,239311,37,rpm,-338,457,36.7,36.7,3915,497,0,1084,1.052,1,COM7
2,239332,37,rpm,-2,457,36.7,36.7,3915,497,0,1085,1.052,1,COM7
2,239352,37,rpm,243,457,36.7,36.7,3915,497,0,1085,1.052,1,COM7
2,239373,37,rpm,663,457,36.7,36.7,3915,497,0,1085,1.052,1,COM7
2,239394,37,rpm,868,457,36.7,36.7,3915,497,0,1085,1.053,1,COM7
2,239415,37,rpm,781,457,36.7,36.7,3915,497,0,1085,1.053,1,COM7
2,239435,37,rpm,758,457,36.7,36.7,3915,497,0,1085,1.053,1,COM7
2,239456,37,rpm,705,457,36.7,36.7,3915,497,0,1086,1.053,1,COM7
2,239477,37,rpm,575,457,36.7,36.7,3915,497,0,1086,1.053,1,COM7
2,239497,37,rpm,511,457,36.7,36.7,3915,497,0,1086,1.053,1,COM7
2,239518,37,rpm,502,457,36.7,36.7,3915,497,0,1086,1.053,1,COM7
2,239539,37,rpm,304,457,36.7,36.7,3915,497,0,1086,1.054,1,COM7
2,239560,37,rpm,41,457,36.7,36.7,3915,497,0,1086,1.054,1,COM7
2,239580,37,rpm,-301,457,36.7,36.7,3915,497,0,1087,1.054,1,COM7
2,239601,37,rpm,111,457,36.7,36.7,3915,497,0,1087,1.054,1,COM7
2,239622,37,rpm,527,457,36.7,36.7,3915,497,0,1087,1.054,1,COM7
2,239642,37,rpm,735,457,36.7,36.7,3915,497,0,1087,1.054,1,COM7
2,239663,37,rpm,861,457,36.7,36.7,3915,497,0,1087,1.055,1,COM7
2,239684,37,rpm,794,457,36.7,36.7,3915,497,0,1087,1.055,1,COM7
2,239704,37,rpm,673,457,36.7,36.7,3915,497,0,1087,1.055,1,COM7
2,239725,37,rpm,652,457,36.7,36.7,3915,497,0,1088,1.055,1,COM7
2,239746,37,rpm,609,457,36.7,36.7,3915,497,0,1088,1.055,1,COM7
2,239766,37,rpm,485,457,36.7,36.7,3915,497,0,1088,1.055,1,COM7
2,239787,37,rpm,327,457,36.7,36.7,3915,497,0,1088,1.055,1,COM7
2,239808,37,rpm,252,457,36.7,36.7,3915,497,0,1088,1.056,1,COM7
2,239829,37,rpm,-413,457,36.7,36.7,3915,497,0,1088,1.056,1,COM7
2,239849,37,rpm,53,457,36.7,36.7,3915,497,0,1089,1.056,1,COM7
2,239870,37,rpm,428,457,36.7,36.7,3915,497,0,1089,1.056,1,COM7
2,239891,37,rpm,739,457,36.7,36.7,3915,497,0,1089,1.056,1,COM7
2,239911,37,rpm,811,457,36.7,36.7,3915,497,0,1089,1.056,1,COM7
2,239932,37,rpm,897,457,36.7,36.7,3915,497,0,1089,1.057,1,COM7
2,239953,37,rpm,727,457,36.7,36.7,3915,497,0,1089,1.057,1,COM7
2,239974,37,rpm,594,457,36.7,36.7,3915,497,0,1090,1.057,1,COM7
2,239994,37,rpm,626,457,36.7,36.7,3915,497,0,1090,1.057,1,COM7
2,240015,37,rpm,522,457,36.7,36.7,3915,497,0,1090,1.057,1,COM7
2,240036,37,rpm,348,457,36.7,36.7,3915,497,0,1090,1.057,1,COM7
2,240056,37,rpm,237,457,36.7,36.7,3915,497,0,1090,1.057,1,COM7
2,240077,37,rpm,-389,457,36.7,36.7,3915,497,0,1090,1.058,1,COM7
2,240098,37,rpm,43,457,36.7,36.7,3915,497,0,1090,1.058,1,COM7
2,240119,37,rpm,306,457,36.7,36.7,3915,497,0,1091,1.058,1,COM7
2,240139,37,rpm,751,457,36.7,36.7,3915,497,0,1091,1.058,1,COM7
2,240160,37,rpm,864,457,36.7,36.7,3915,497,0,1091,1.058,1,COM7
2,240181,37,rpm,705,457,36.7,36.7,3915,497,0,1091,1.058,1,COM7
2,240201,37,rpm,774,457,36.7,36.7,3915,497,0,1091,1.059,1,COM7
2,240222,37,rpm,731,457,36.7,36.7,3915,497,0,1091,1.059,1,COM7
2,240243,37,rpm,544,457,36.7,36.7,3915,497,0,1092,1.059,1,COM7
2,240263,37,rpm,535,457,36.7,36.7,3915,497,0,1092,1.059,1,COM7
2,240284,37,rpm,456,457,36.7,36.7,3915,497,0,1092,1.059,1,COM7
2,240305,37,rpm,275,457,36.7,36.7,3915,497,0,1092,1.059,1,COM7
2,240325,37,rpm,-91,457,36.7,36.7,3915,497,0,1092,1.059,1,COM7
2,240346,37,rpm,-180,457,36.7,36.7,3915,497,0,1092,1.06,1,COM7
2,240367,37,rpm,155,457,36.7,36.7,3915,497,0,1093,1.06,1,COM7
2,240388,37,rpm,575,457,36.7,36.7,3915,497,0,1093,1.06,1,COM7
2,240408,37,rpm,806,457,36.7,36.7,3915,497,0,1093,1.06,1,COM7
2,240429,37,rpm,863,457,36.7,36.7,3915,497,0,1093,1.06,1,COM7
2,240450,37,rpm,720,457,36.7,36.7,3915,497,0,1093,1.06,1,COM7
2,240470,37,rpm,733,457,36.7,36.7,3915,497,0,1093,1.061,1,COM7
2,240491,37,rpm,581,457,36.7,36.7,3915,497,0,1093,1.061,1,COM7
2,240512,37,rpm,575,457,36.7,36.7,3915,497,0,1094,1.061,1,COM7
2,240532,37,rpm,470,457,36.7,36.7,3915,497,0,1094,1.061,1,COM7
2,240553,37,rpm,334,457,36.7,36.7,3915,497,0,1094,1.061,1,COM7
2,240574,37,rpm,221,457,36.7,36.7,3915,497,0,1094,1.061,1,COM7
2,240595,37,rpm,-397,457,36.7,36.7,3915,497,0,1094,1.061,1,COM7
2,240615,37,rpm,56,457,36.7,36.7,3915,497,0,1094,1.062,1,COM7
2,240636,37,rpm,451,457,36.7,36.7,3915,497,0,1095,1.062,1,COM7
2,240657,37,rpm,647,457,36.7,36.7,3915,497,0,1095,1.062,1,COM7
2,240677,37,rpm,755,457,36.7,36.7,3915,497,0,1095,1.062,1,COM7
2,240698,37,rpm,955,457,36.7,36.7,3915,497,0,1095,1.062,1,COM7
2,240719,37,rpm,683,457,36.7,36.7,3915,497,0,1095,1.062,1,COM7
2,240739,37,rpm,611,457,36.7,36.7,3915,497,0,1095,1.062,1,COM7
2,240760,37,rpm,631,457,36.7,36.7,3915,497,0,1096,1.063,1,COM7
2,240781,37,rpm,540,457,36.7,36.7,3915,497,0,1096,1.063,1,COM7
2,240802,37,rpm,349,457,36.7,36.7,3915,497,0,1096,1.063,1,COM7
2,240822,37,rpm,324,457,36.7,36.7,3915,497,0,1096,1.063,1,COM7
2,240843,37,rpm,-251,457,36.7,36.7,3915,497,0,1096,1.063,1,COM7
2,240864,37,rpm,-79,457,36.7,36.7,3915,497,0,1096,1.063,1,COM7
2,240884,37,rpm,201,457,36.7,36.7,3915,497,0,1096,1.064,1,COM7
2,240905,37,rpm,716,457,36.7,36.7,3915,497,0,1097,1.064,1,COM7
2,240926,37,rpm,715,457,36.7,36.7,3915,497,0,1097,1.064,1,COM7
2,240947,37,rpm,821,457,36.7,36.7,3915,497,0,1097,1.064,1,COM7
2,240967,37,rpm,800,457,36.7,36.7,3915,497,0,1097,1.064,1,COM7
2,240988,37,rpm,700,457,36.7,36.7,3915,497,0,1097,1.064,1,COM7
2,241009,37,rpm,536,457,36.7,36.7,3915,497,0,1097,1.064,1,COM7
2,241029,37,rpm,617,457,36.7,36.7,3915,497,0,1098,1.065,1,COM7
2,241050,37,rpm,477,457,36.7,36.7,3915,497,0,1098,1.065,1,COM7
2,241071,37,rpm,287,457,36.7,36.7,3915,497,0,1098,1.065,1,COM7
2,241091,37,rpm,116,457,36.7,36.7,3915,497,0,1098,1.065,1,COM7
2,241112,37,rpm,-375,457,36.7,36.7,3915,497,0,1098,1.065,1,COM7
2,241133,37,rpm,91,457,36.7,36.7,3915,497,0,1098,1.065,1,COM7
2,241154,37,rpm,475,457,36.7,36.7,3915,497,0,1099,1.066,1,COM7
2,241174,37,rpm,778,457,36.7,36.7,3915,497,0,1099,1.066,1,COM7
2,241195,37,rpm,805,457,36.7,36.7,3915,497,0,1099,1.066,1,COM7
2,241216,37,rpm,794,457,36.7,36.7,3915,497,0,1099,1.066,1,COM7
2,241236,37,rpm,772,457,36.7,36.7,3915,497,0,1099,1.066,1,COM7
2,241257,37,rpm,644,457,36.7,36.7,3915,497,0,1099,1.066,1,COM7
2,241278,37,rpm,520,457,36.7,36.7,3915,497,0,1099,1.066,1,COM7
2,241298,37,rpm,515,457,36.7,36.7,3915,497,0,1100,1.067,1,COM7
2,241319,37,rpm,353,457,36.7,36.7,3915,497,0,1100,1.067,1,COM7
2,241340,37,rpm,247,457,36.7,36.7,3915,497,0,1100,1.067,1,COM7
2,241361,37,rpm,-393,457,36.7,36.7,3915,497,0,1100,1.067,1,COM7
2,241381,37,rpm,54,457,36.7,36.7,3915,497,0,1100,1.067,1,COM7
2,241402,37,rpm,419,457,36.7,36.7,3915,497,0,1100,1.067,1,COM7
2,241423,37,rpm,635,457,36.7,36.7,3915,497,0,1101,1.068,1,COM7
2,241443,37,rpm,867,457,36.7,36.7,3915,497,0,1101,1.068,1,COM7
2,241464,37,rpm,932,457,36.7,36.7,3915,497,0,1101,1.068,1,COM7
2,241485,37,rpm,682,457,36.7,36.7,3915,497,0,1101,1.068,1,COM7
2,241505,37,rpm,631,457,36.7,36.7,3915,497,0,1101,1.068,1,COM7
2,241526,37,rpm,682,457,36.7,36.7,3915,497,0,1101,1.068,1,COM7
2,241547,37,rpm,498,457,36.7,36.7,3915,497,0,1102,1.068,1,COM7
2,241567,37,rpm,348,457,36.7,36.7,3915,497,0,1102,1.069,1,COM7
2,241588,37,rpm,284,457,36.7,36.7,3915,497,0,1102,1.069,1,COM7
2,241609,37,rpm,-349,457,36.7,36.7,3915,497,0,1102,1.069,1,COM7
2,241629,37,rpm,21,457,36.7,36.7,3915,497,0,1102,1.069,1,COM7
2,241650,37,rpm,314,457,36.7,36.7,3915,497,0,1102,1.069,1,COM7
2,241671,37,rpm,711,457,36.7,36.7,3915,497,0,1102,1.069,1,COM7
2,241691,37,rpm,673,457,36.7,36.7,3915,497,0,1103,1.07,1,COM7
2,241712,37,rpm,917,457,36.7,36.7,3915,497,0,1103,1.07,1,COM7
2,241733,37,rpm,804,457,36.7,36.7,3915,497,0,1103,1.07,1,COM7
2,241753,37,rpm,577,457,36.7,36.7,3915,497,0,1103,1.07,1,COM7
2,241774,37,rpm,600,457,36.7,36.7,3915,497,0,1103,1.07,1,COM7
2,241795,37,rpm,579,457,36.7,36.7,3915,497,0,1103,1.07,1,COM7
2,241816,37,rpm,431,457,36.7,36.7,3915,497,0,1104,1.07,1,COM7
2,241836,37,rpm,272,457,36.7,36.7,3915,497,0,1104,1.071,1,COM7
2,241857,37,rpm,6,457,36.7,36.7,3915,497,0,1104,1.071,1,COM7
2,241878,37,rpm,-253,457,36.7,36.7,3915,497,0,1104,1.071,1,COM7
2,241898,37,rpm,105,457,36.7,36.7,3915,497,0,1104,1.071,1,COM7
2,241919,37,rpm,603,457,36.7,36.7,3915,497,0,1104,1.071,1,COM7
2,241940,37,rpm,784,457,36.7,36.7,3915,497,0,1105,1.071,1,COM7
2,241960,37,rpm,765,457,36.7,36.7,3915,497,0,1105,1.072,1,COM7
2,241981,37,rpm,812,457,36.7,36.7,3915,497,0,1105,1.072,1,COM7
2,242002,37,rpm,742,457,36.7,36.7,3915,497,0,1105,1.072,1,COM7
2,242022,37,rpm,580,457,36.7,36.7,3915,497,0,1105,1.072,1,COM7
2,242043,37,rpm,570,457,36.7,36.7,3915,497,0,1105,1.072,1,COM7
2,242064,37,rpm,523,457,36.7,36.7,3915,497,0,1105,1.072,1,COM7
2,242084,37,rpm,341,457,36.7,36.7,3915,497,0,1106,1.072,1,COM7
2,242105,37,rpm,238,457,36.7,36.7,3915,497,0,1106,1.073,1,COM7
2,242126,37,rpm,-407,457,36.7,36.7,3915,497,0,1106,1.073,1,COM7
2,242146,37,rpm,42,457,36.7,36.7,3915,497,0,1106,1.073,1,COM7
2,242167,37,rpm,313,457,36.7,36.7,3915,497,0,1106,1.073,1,COM7
2,242188,37,rpm,744,457,36.7,36.7,3915,497,0,1106,1.073,1,COM7
2,242208,37,rpm,761,457,36.7,36.7,3915,497,0,1107,1.073,1,COM7
2,242229,37,rpm,825,457,36.7,36.7,3915,497,0,1107,1.074,1,COM7
2,242250,37,rpm,805,457,36.7,36.7,3915,497,0,1107,1.074,1,COM7
2,242270,37,rpm,634,457,36.7,36.7,3915,497,0,1107,1.074,1,COM7
2,242291,37,rpm,571,457,36.7,36.7,3915,497,0,1107,1.074,1,COM7
2,242312,37,rpm,526,457,36.7,36.7,3915,497,0,1107,1.074,1,COM7
2,242332,37,rpm,415,457,36.7,36.7,3915,497,0,1107,1.074,1,COM7
2,242353,37,rpm,324,457,36.7,36.7,3915,497,0,1108,1.074,1,COM7
2,242374,37,rpm,-132,457,36.7,36.7,3915,497,0,1108,1.075,1,COM7
2,242394,37,rpm,-155,457,36.7,36.7,3915,497,0,1108,1.075,1,COM7
2,242415,37,rpm,174,457,36.7,36.7,3915,497,0,1108,1.075,1,COM7
2,242436,37,rpm,616,457,36.7,36.7,3915,497,0,1108,1.075,1,COM7
2,242456,37,rpm,733,457,36.7,36.7,3915,497,0,1108,1.075,1,COM7
2,242477,37,rpm,856,457,36.7,36.7,3915,497,0,1109,1.075,1,COM7
2,242498,37,rpm,786,457,36.7,36.7,3915,497,0,1109,1.075,1,COM7
2,242518,37,rpm,620,457,36.7,36.7,3915,497,0,1109,1.076,1,COM7
2,242539,37,rpm,698,457,36.7,36.7,3915,497,0,1109,1.076,1,COM7
2,242560,37,rpm,566,457,36.7,36.7,3915,497,0,1109,1.076,1,COM7
2,242581,37,rpm,438,457,36.7,36.7,3915,497,0,1109,1.076,1,COM7
2,242601,37,rpm,360,457,36.7,36.7,3915,497,0,1110,1.076,1,COM7
2,242622,37,rpm,206,457,36.7,36.7,3915,497,0,1110,1.076,1,COM7
2,242643,37,rpm,-385,457,36.7,36.7,3915,497,0,1110,1.077,1,COM7
2,242663,37,rpm,63,457,36.7,36.7,3915,497,0,1110,1.077,1,COM7
2,242684,37,rpm,470,457,36.7,36.7,3915,497,0,1110,1.077,1,COM7
2,242705,37,rpm,653,457,36.7,36.7,3915,497,0,1110,1.077,1,COM7
2,242725,37,rpm,805,457,36.7,36.7,3915,497,0,1110,1.077,1,COM7
2,242746,37,rpm,930,457,36.7,36.7,3915,497,0,1111,1.077,1,COM7
2,242767,37,rpm,716,457,36.7,36.7,3915,497,0,1111,1.077,1,COM7
2,242788,37,rpm,527,457,36.7,36.7,3915,497,0,1111,1.078,1,COM7
2,242808,37,rpm,623,457,36.7,36.7,3915,497,0,1111,1.078,1,COM7
2,242829,37,rpm,566,457,36.7,36.7,3915,497,0,1111,1.078,1,COM7
2,242850,37,rpm,345,457,36.7,36.7,3915,497,0,1111,1.078,1,COM7
2,242870,37,rpm,282,457,36.7,36.7,3915,497,0,1112,1.078,1,COM7
2,242891,37,rpm,-345,457,36.7,36.7,3915,497,0,1112,1.078,1,COM7
2,242912,37,rpm,18,457,36.7,36.7,3915,497,0,1112,1.079,1,COM7
2,242932,37,rpm,247,457,36.7,36.7,3915,497,0,1112,1.079,1,COM7
2,242953,37,rpm,776,457,36.7,36.7,3915,497,0,1112,1.079,1,COM7
2,242974,37,rpm,805,457,36.7,36.7,3915,497,0,1112,1.079,1,COM7
2,242994,37,rpm,773,457,36.7,36.7,3915,497,0,1113,1.079,1,COM7
2,243015,37,rpm,849,457,36.7,36.7,3915,497,0,1113,1.079,1,COM7
2,243036,37,rpm,661,457,36.7,36.7,3915,497,0,1113,1.079,1,COM7
2,243056,37,rpm,561,457,36.7,36.7,3915,497,0,1113,1.08,1,COM7
2,243077,37,rpm,545,457,36.7,36.7,3915,497,0,1113,1.08,1,COM7
2,243098,37,rpm,383,457,36.7,36.7,3915,497,0,1113,1.08,1,COM7
2,243118,37,rpm,264,457,36.7,36.7,3915,497,0,1113,1.08,1,COM7
2,243139,37,rpm,-233,457,36.7,36.7,3915,497,0,1114,1.08,1,COM7
2,243160,37,rpm,-39,457,36.7,36.7,3915,497,0,1114,1.08,1,COM7
2,243180,37,rpm,209,457,36.7,36.7,3915,497,0,1114,1.081,1,COM7
2,243201,37,rpm,674,457,36.7,36.7,3915,497,0,1114,1.081,1,COM7
2,243222,37,rpm,708,457,36.7,36.7,3915,497,0,1114,1.081,1,COM7
2,243243,37,rpm,897,457,36.7,36.7,3915,497,0,1114,1.081,1,COM7
2,243263,37,rpm,758,457,36.7,36.7,3915,497,0,1115,1.081,1,COM7
2,243284,37,rpm,626,457,36.7,36.7,3915,497,0,1115,1.081,1,COM7
2,243305,37,rpm,672,457,36.7,36.7,3915,497,0,1115,1.081,1,COM7
2,243325,37,rpm,555,457,36.7,36.7,3915,497,0,1115,1.082,1,COM7
2,243346,37,rpm,427,457,36.7,36.7,3915,497,0,1115,1.082,1,COM7
2,243367,37,rpm,345,457,36.7,36.7,3915,497,0,1115,1.082,1,COM7
2,243387,37,rpm,16,457,36.7,36.7,3915,497,0,1116,1.082,1,COM7
2,243408,37,rpm,-282,457,36.7,36.7,3915,497,0,1116,1.082,1,COM7
2,243429,37,rpm,97,457,36.7,36.7,3915,497,0,1116,1.082,1,COM7
2,243449,37,rpm,578,457,36.7,36.7,3915,497,0,1116,1.083,1,COM7
2,243470,37,rpm,609,457,36.7,36.7,3915,497,0,1116,1.083,1,COM7
2,243491,37,rpm,909,457,36.7,36.7,3915,497,0,1116,1.083,1,COM7
2,243511,37,rpm,840,457,36.7,36.7,3915,497,0,1116,1.083,1,COM7
2,243532,37,rpm,658,457,36.7,36.7,3915,497,0,1117,1.083,1,COM7
2,243553,37,rpm,617,457,36.7,36.7,3915,497,0,1117,1.083,1,COM7
2,243573,37,rpm,634,457,36.7,36.7,3915,497,0,1117,1.083,1,COM7
2,243594,37,rpm,474,457,36.7,36.7,3915,497,0,1117,1.084,1,COM7
2,243615,37,rpm,368,457,36.7,36.7,3915,497,0,1117,1.084,1,COM7
2,243635,37,rpm,280,457,36.7,36.7,3915,497,0,1117,1.084,1,COM7
2,243656,37,rpm,-350,457,36.7,36.7,3915,497,0,1118,1.084,1,COM7
2,243677,37,rpm,9,457,36.7,36.7,3915,497,0,1118,1.084,1,COM7
2,243697,37,rpm,280,457,36.7,36.7,3915,497,0,1118,1.084,1,COM7
2,243718,37,rpm,695,457,36.7,36.7,3915,497,0,1118,1.085,1,COM7
2,243739,37,rpm,654,457,36.7,36.7,3915,497,0,1118,1.085,1,COM7
2,243759,37,rpm,903,457,36.7,36.7,3915,497,0,1118,1.085,1,COM7
2,243780,37,rpm,856,457,36.7,36.7,3915,497,0,1119,1.085,1,COM7
2,243801,37,rpm,537,457,36.7,36.7,3915,497,0,1119,1.085,1,COM7
2,243821,37,rpm,617,457,36.7,36.7,3915,497,0,1119,1.085,1,COM7
2,243842,37,rpm,634,457,36.7,36.7,3915,497,0,1119,1.085,1,COM7
2,243863,37,rpm,394,457,36.7,36.7,3915,497,0,1119,1.086,1,COM7
2,243883,37,rpm,313,457,36.7,36.7,3915,497,0,1119,1.086,1,COM7
2,243904,37,rpm,0,457,36.7,36.7,3915,497,0,1119,1.086,1,COM7
2,243925,37,rpm,-272,457,36.7,36.7,3915,497,0,1120,1.086,1,COM7
2,243945,37,rpm,99,457,36.7,36.7,3915,497,0,1120,1.086,1,COM7
2,243966,37,rpm,643,457,36.7,36.7,3915,497,0,1120,1.086,1,COM7
2,243987,37,rpm,695,457,36.7,36.7,3915,497,0,1120,1.087,1,COM7
2,244008,37,rpm,788,457,36.7,36.7,3915,497,0,1120,1.087,1,COM7
2,244028,37,rpm,888,457,36.7,36.7,3915,497,0,1120,1.087,1,COM7
2,244049,37,rpm,702,457,36.7,36.7,3915,497,0,1121,1.087,1,COM7
2,244070,37,rpm,582,457,36.7,36.7,3915,497,0,1121,1.087,1,COM7
2,244090,37,rpm,572,457,36.7,36.7,3915,497,0,1121,1.087,1,COM7
2,244111,37,rpm,522,457,36.7,36.7,3915,497,0,1121,1.087,1,COM7
2,244132,37,rpm,337,457,36.7,36.7,3915,497,0,1121,1.088,1,COM7
2,244152,37,rpm,257,457,36.7,36.7,3915,497,0,1121,1.088,1,COM7
2,244173,37,rpm,-384,457,36.7,36.7,3915,497,0,1122,1.088,1,COM7
2,244194,37,rpm,41,457,36.7,36.7,3915,497,0,1122,1.088,1,COM7
2,244214,37,rpm,359,457,36.7,36.7,3915,497,0,1122,1.088,1,COM7
2,244235,37,rpm,636,457,36.7,36.7,3915,497,0,1122,1.088,1,COM7
2,244256,37,rpm,877,457,36.7,36.7,3915,497,0,1122,1.088,1,COM7
2,244276,37,rpm,803,457,36.7,36.7,3915,497,0,1122,1.089,1,COM7
2,244297,37,rpm,725,457,36.7,36.7,3915,497,0,1122,1.089,1,COM7
2,244318,37,rpm,685,457,36.7,36.7,3915,497,0,1123,1.089,1,COM7
2,244338,37,rpm,609,457,36.7,36.7,3915,497,0,1123,1.089,1,COM7
2,244359,37,rpm,472,457,36.7,36.7,3915,497,0,1123,1.089,1,COM7
2,244380,37,rpm,439,457,36.7,36.7,3915,497,0,1123,1.089,1,COM7
2,244400,37,rpm,308,457,36.7,36.7,3915,497,0,1123,1.09,1,COM7
2,244421,37,rpm,-206,457,36.7,36.7,3915,497,0,1123,1.09,1,COM7
2,244442,37,rpm,-110,457,36.7,36.7,3915,497,0,1124,1.09,1,COM7
2,244462,37,rpm,191,457,36.7,36.7,3915,497,0,1124,1.09,1,COM7
2,244483,37,rpm,619,457,36.7,36.7,3915,497,0,1124,1.09,1,COM7
2,244504,37,rpm,806,457,36.7,36.7,3915,497,0,1124,1.09,1,COM7
2,244524,37,rpm,913,457,36.7,36.7,3915,497,0,1124,1.09,1,COM7
2,244545,37,rpm,758,457,36.7,36.7,3915,497,0,1124,1.091,1,COM7
2,244566,37,rpm,629,457,36.7,36.7,3915,497,0,1125,1.091,1,COM7
2,244586,37,rpm,722,457,36.7,36.7,3915,497,0,1125,1.091,1,COM7
2,244607,37,rpm,528,457,36.7,36.7,3915,497,0,1125,1.091,1,COM7
2,244628,37,rpm,361,457,36.7,36.7,3915,497,0,1125,1.091,1,COM7
2,244648,37,rpm,338,457,36.7,36.7,3915,497,0,1125,1.091,1,COM7
2,244669,37,rpm,-86,457,36.7,36.7,3915,497,0,1125,1.092,1,COM7
2,244690,37,rpm,-198,457,36.7,36.7,3915,497,0,1125,1.092,1,COM7
2,244710,37,rpm,131,457,36.7,36.7,3915,497,0,1126,1.092,1,COM7
2,244731,37,rpm,664,457,36.7,36.7,3915,497,0,1126,1.092,1,COM7
2,244752,37,rpm,618,457,36.7,36.7,3915,497,0,1126,1.092,1,COM7
2,244772,37,rpm,910,457,36.7,36.7,3915,497,0,1126,1.092,1,COM7
2,244793,37,rpm,885,457,36.7,36.7,3915,497,0,1126,1.092,1,COM7
2,244814,37,rpm,607,457,36.7,36.7,3915,497,0,1126,1.093,1,COM7
2,244834,37,rpm,582,457,36.7,36.7,3915,497,0,1127,1.093,1,COM7
2,244855,37,rpm,662,457,36.7,36.7,3915,497,0,1127,1.093,1,COM7
2,244876,37,rpm,450,457,36.7,36.7,3915,497,0,1127,1.093,1,COM7
2,244896,37,rpm,324,457,36.7,36.7,3915,497,0,1127,1.093,1,COM7
2,244917,37,rpm,206,457,36.7,36.7,3915,497,0,1127,1.093,1,COM7
2,244938,37,rpm,-374,457,36.7,36.7,3915,497,0,1127,1.094,1,COM7
2,244958,37,rpm,54,457,36.7,36.7,3915,497,0,1128,1.094,1,COM7
2,244979,37,rpm,450,457,36.7,36.7,3915,497,0,1128,1.094,1,COM7
2,245000,37,rpm,691,457,36.7,36.7,3915,497,0,1128,1.094,1,COM7
2,245020,37,rpm,784,457,36.7,36.7,3915,497,0,1128,1.094,1,COM7
2,245041,37,rpm,847,457,36.7,36.7,3915,497,0,1128,1.094,1,COM7
2,245062,37,rpm,772,457,36.7,36.7,3915,497,0,1128,1.094,1,COM7
2,245083,37,rpm,614,457,36.7,36.7,3915,497,0,1128,1.095,1,COM7
2,245103,37,rpm,601,457,36.7,36.7,3915,497,0,1129,1.095,1,COM7
2,245124,37,rpm,514,457,36.7,36.7,3915,497,0,1129,1.095,1,COM7
2,245145,37,rpm,398,457,36.7,36.7,3915,497,0,1129,1.095,1,COM7
2,245165,37,rpm,287,457,36.7,36.7,3915,497,0,1129,1.095,1,COM7
2,245186,37,rpm,-186,457,36.7,36.7,3915,497,0,1129,1.095,1,COM7
2,245207,37,rpm,-93,457,36.7,36.7,3915,497,0,1129,1.096,1,COM7
2,245227,37,rpm,170,457,36.7,36.7,3915,497,0,1130,1.096,1,COM7
2,245248,37,rpm,631,457,36.7,36.7,3915,497,0,1130,1.096,1,COM7
2,245269,37,rpm,777,457,36.7,36.7,3915,497,0,1130,1.096,1,COM7
2,245289,37,rpm,855,457,36.7,36.7,3915,497,0,1130,1.096,1,COM7
2,245310,37,rpm,707,457,36.7,36.7,3915,497,0,1130,1.096,1,COM7
2,245331,37,rpm,773,457,36.7,36.7,3915,497,0,1130,1.096,1,COM7
2,245352,37,rpm,621,457,36.7,36.7,3915,497,0,1131,1.097,1,COM7
2,245372,37,rpm,496,457,36.7,36.7,3915,497,0,1131,1.097,1,COM7
2,245393,37,rpm,496,457,36.7,36.7,3915,497,0,1131,1.097,1,COM7
2,245414,37,rpm,340,457,36.7,36.7,3915,497,0,1131,1.097,1,COM7
2,245434,37,rpm,143,457,36.7,36.7,3915,497,0,1131,1.097,1,COM7
2,245455,37,rpm,-358,457,36.7,36.7,3915,497,0,1131,1.097,1,COM7
2,245476,37,rpm,86,457,36.7,36.7,3915,497,0,1131,1.098,1,COM7
2,245497,37,rpm,501,457,36.7,36.7,3915,497,0,1132,1.098,1,COM7
2,245517,37,rpm,647,457,36.7,36.7,3915,497,0,1132,1.098,1,COM7
2,245538,37,rpm,883,457,36.7,36.7,3915,497,0,1132,1.098,1,COM7
2,245559,37,rpm,924,457,36.7,36.7,3915,497,0,1132,1.098,1,COM7
2,245579,37,rpm,601,457,36.7,36.7,3915,497,0,1132,1.098,1,COM7
2,245600,37,rpm,628,457,36.7,36.7,3915,497,0,1132,1.098,1,COM7
2,245621,37,rpm,652,457,36.7,36.7,3915,497,0,1133,1.099,1,COM7
2,245641,37,rpm,469,457,36.7,36.7,3915,497,0,1133,1.099,1,COM7
2,245662,37,rpm,374,457,36.7,36.7,3915,497,0,1133,1.099,1,COM7
2,245683,37,rpm,293,457,36.7,36.7,3915,497,0,1133,1.099,1,COM7
2,245703,37,rpm,-376,457,36.7,36.7,3915,497,0,1133,1.099,1,COM7
2,245724,37,rpm,4,457,36.7,36.7,3915,497,0,1133,1.099,1,COM7
2,245745,37,rpm,294,457,36.7,36.7,3915,497,0,1133,1.099,1,COM7
2,245765,37,rpm,651,457,36.7,36.7,3915,497,0,1134,1.1,1,COM7
2,245786,37,rpm,683,457,36.7,36.7,3915,497,0,1134,1.1,1,COM7
2,245807,37,rpm,1006,457,36.7,36.7,3915,497,0,1134,1.1,1,COM7
2,245827,37,rpm,713,457,36.7,36.7,3915,497,0,1134,1.1,1,COM7
2,245848,37,rpm,633,457,36.7,36.7,3915,497,0,1134,1.1,1,COM7
2,245869,37,rpm,643,457,36.7,36.7,3915,497,0,1134,1.1,1,COM7
2,245889,37,rpm,570,457,36.7,36.7,3915,497,0,1135,1.101,1,COM7
2,245910,37,rpm,408,457,36.7,36.7,3915,497,0,1135,1.101,1,COM7
2,245931,37,rpm,298,457,36.7,36.7,3915,497,0,1135,1.101,1,COM7
2,245951,37,rpm,-82,457,36.7,36.7,3915,497,0,1135,1.101,1,COM7
2,245972,37,rpm,-205,457,36.7,36.7,3915,497,0,1135,1.101,1,COM7
2,245993,37,rpm,123,457,36.7,36.7,3915,497,0,1135,1.101,1,COM7
2,246014,37,rpm,649,457,36.7,36.7,3915,497,0,1136,1.101,1,COM7
2,246034,37,rpm,803,457,36.7,36.7,3915,497,0,1136,1.102,1,COM7
2,246055,37,rpm,903,457,36.7,36.7,3915,497,0,1136,1.102,1,COM7
2,246076,37,rpm,696,457,36.7,36.7,3915,497,0,1136,1.102,1,COM7
2,246096,37,rpm,789,457,36.7,36.7,3915,497,0,1136,1.102,1,COM7
2,246117,37,rpm,627,457,36.7,36.7,3915,497,0,1136,1.102,1,COM7
2,246138,37,rpm,516,457,36.7,36.7,3915,497,0,1136,1.102,1,COM7
2,246158,37,rpm,467,457,36.7,36.7,3915,497,0,1137,1.103,1,COM7
2,246179,37,rpm,327,457,36.7,36.7,3915,497,0,1137,1.103,1,COM7
2,246200,37,rpm,25,457,36.7,36.7,3915,497,0,1137,1.103,1,COM7
2,246220,37,rpm,-271,457,36.7,36.7,3915,497,0,1137,1.103,1,COM7
2,246241,37,rpm,112,457,36.7,36.7,3915,497,0,1137,1.103,1,COM7
2,246262,37,rpm,522,457,36.7,36.7,3915,497,0,1137,1.103,1,COM7
2,246282,37,rpm,743,457,36.7,36.7,3915,497,0,1138,1.103,1,COM7
2,246303,37,rpm,893,457,36.7,36.7,3915,497,0,1138,1.104,1,COM7
2,246324,37,rpm,761,457,36.7,36.7,3915,497,0,1138,1.104,1,COM7
2,246344,37,rpm,721,457,36.7,36.7,3915,497,0,1138,1.104,1,COM7
2,246365,37,rpm,648,457,36.7,36.7,3915,497,0,1138,1.104,1,COM7
2,246386,37,rpm,603,457,36.7,36.7,3915,497,0,1138,1.104,1,COM7
2,246407,37,rpm,444,457,36.7,36.7,3915,497,0,1139,1.104,1,COM7
2,246427,37,rpm,383,457,36.7,36.7,3915,497,0,1139,1.105,1,COM7
2,246448,37,rpm,249,457,36.7,36.7,3915,497,0,1139,1.105,1,COM7
2,246469,37,rpm,-368,457,36.7,36.7,3915,497,0,1139,1.105,1,COM7
2,246489,37,rpm,35,457,36.7,36.7,3915,497,0,1139,1.105,1,COM7
2,246510,37,rpm,373,457,36.7,36.7,3915,497,0,1139,1.105,1,COM7
2,246531,37,rpm,634,457,36.7,36.7,3915,497,0,1139,1.105,1,COM7
2,246551,37,rpm,749,457,36.7,36.7,3915,497,0,1140,1.105,1,COM7
2,246572,37,rpm,961,457,36.7,36.7,3915,497,0,1140,1.106,1,COM7
2,246593,37,rpm,675,457,36.7,36.7,3915,497,0,1140,1.106,1,COM7
2,246613,37,rpm,637,457,36.7,36.7,3915,497,0,1140,1.106,1,COM7
2,246634,37,rpm,657,457,36.7,36.7,3915,497,0,1140,1.106,1,COM7
2,246655,37,rpm,518,457,36.7,36.7,3915,497,0,1140,1.106,1,COM7
2,246675,37,rpm,385,457,36.7,36.7,3915,497,0,1141,1.106,1,COM7
2,246696,37,rpm,329,457,36.7,36.7,3915,497,0,1141,1.107,1,COM7
2,246717,37,rpm,-80,457,36.7,36.7,3915,497,0,1141,1.107,1,COM7
2,246738,37,rpm,-204,457,36.7,36.7,3915,497,0,1141,1.107,1,COM7
2,246758,37,rpm,145,457,36.7,36.7,3915,497,0,1141,1.107,1,COM7
2,246779,37,rpm,622,457,36.7,36.7,3915,497,0,1141,1.107,1,COM7
2,246800,37,rpm,690,457,36.7,36.7,3915,497,0,1142,1.107,1,COM7
2,246820,37,rpm,905,457,36.7,36.7,3915,497,0,1142,1.107,1,COM7
2,246841,37,rpm,767,457,36.7,36.7,3915,497,0,1142,1.108,1,COM7
2,246862,37,rpm,703,457,36.7,36.7,3915,497,0,1142,1.108,1,COM7
2,246882,37,rpm,637,457,36.7,36.7,3915,497,0,1142,1.108,1,COM7
2,246903,37,rpm,537,457,36.7,36.7,3915,497,0,1142,1.108,1,COM7
2,246924,37,rpm,527,457,36.7,36.7,3915,497,0,1142,1.108,1,COM7
2,246944,37,rpm,336,457,36.7,36.7,3915,497,0,1143,1.108,1,COM7
2,246965,37,rpm,228,457,36.7,36.7,3915,497,0,1143,1.109,1,COM7
2,246986,37,rpm,-407,457,36.7,36.7,3915,497,0,1143,1.109,1,COM7
2,247006,37,rpm,63,457,36.7,36.7,3915,497,0,1143,1.109,1,COM7
2,247027,37,rpm,403,457,36.7,36.7,3915,497,0,1143,1.109,1,COM7
2,247048,37,rpm,750,457,36.7,36.7,3915,497,0,1143,1.109,1,COM7
2,247068,37,rpm,825,457,36.7,36.7,3915,497,0,1144,1.109,1,COM7
2,247089,37,rpm,725,457,36.7,36.7,3915,497,0,1144,1.109,1,COM7
2,247110,37,rpm,820,457,36.7,36.7,3915,497,0,1144,1.11,1,COM7
2,247130,37,rpm,647,457,36.7,36.7,3915,497,0,1144,1.11,1,COM7
2,247151,37,rpm,532,457,36.7,36.7,3915,497,0,1144,1.11,1,COM7
2,247172,37,rpm,566,457,36.7,36.7,3915,497,0,1144,1.11,1,COM7
2,247193,37,rpm,424,457,36.7,36.7,3915,497,0,1145,1.11,1,COM7
2,247213,37,rpm,265,457,36.7,36.7,3915,497,0,1145,1.11,1,COM7
2,247234,37,rpm,-198,457,36.7,36.7,3915,497,0,1145,1.11,1,COM7
2,247255,37,rpm,-99,457,36.7,36.7,3915,497,0,1145,1.111,1,COM7
2,247275,37,rpm,169,457,36.7,36.7,3915,497,0,1145,1.111,1,COM7
2,247296,37,rpm,601,457,36.7,36.7,3915,497,0,1145,1.111,1,COM7
2,247317,37,rpm,828,457,36.7,36.7,3915,497,0,1145,1.111,1,COM7
2,247337,37,rpm,944,457,36.7,36.7,3915,497,0,1146,1.111,1,COM7
2,247358,37,rpm,671,457,36.7,36.7,3915,497,0,1146,1.111,1,COM7
2,247379,37,rpm,672,457,36.7,36.7,3915,497,0,1146,1.112,1,COM7
2,247399,37,rpm,641,457,36.7,36.7,3915,497,0,1146,1.112,1,COM7
2,247420,37,rpm,520,457,36.7,36.7,3915,497,0,1146,1.112,1,COM7
2,247441,37,rpm,424,457,36.7,36.7,3915,497,0,1146,1.112,1,COM7
2,247461,37,rpm,366,457,36.7,36.7,3915,497,0,1147,1.112,1,COM7
2,247482,37,rpm,28,457,36.7,36.7,3915,497,0,1147,1.112,1,COM7
2,247503,37,rpm,-284,457,36.7,36.7,3915,497,0,1147,1.112,1,COM7
2,247524,37,rpm,120,457,36.7,36.7,3915,497,0,1147,1.113,1,COM7
2,247544,37,rpm,575,457,36.7,36.7,3915,497,0,1147,1.113,1,COM7
2,247565,37,rpm,676,457,36.7,36.7,3915,497,0,1147,1.113,1,COM7
2,247586,37,rpm,974,457,36.7,36.7,3915,497,0,1148,1.113,1,COM7
2,247606,37,rpm,793,457,36.7,36.7,3915,497,0,1148,1.113,1,COM7
2,247627,37,rpm,631,457,36.7,36.7,3915,497,0,1148,1.113,1,COM7
2,247648,37,rpm,709,457,36.7,36.7,3915,497,0,1148,1.114,1,COM7
2,247668,37,rpm,546,457,36.7,36.7,3915,497,0,1148,1.114,1,COM7
2,247689,37,rpm,451,457,36.7,36.7,3915,497,0,1148,1.114,1,COM7
2,247710,37,rpm,342,457,36.7,36.7,3915,497,0,1148,1.114,1,COM7
2,247730,37,rpm,116,457,36.7,36.7,3915,497,0,1149,1.114,1,COM7
2,247751,37,rpm,-325,457,36.7,36.7,3915,497,0,1149,1.114,1,COM7
2,247772,37,rpm,77,457,36.7,36.7,3915,497,0,1149,1.114,1,COM7
2,247792,37,rpm,513,457,36.7,36.7,3915,497,0,1149,1.115,1,COM7
2,247813,37,rpm,718,457,36.7,36.7,3915,497,0,1149,1.115,1,COM7
2,247834,37,rpm,801,457,36.7,36.7,3915,497,0,1149,1.115,1,COM7
2,247855,37,rpm,812,457,36.7,36.7,3915,497,0,1150,1.115,1,COM7
2,247875,37,rpm,795,457,36.7,36.7,3915,497,0,1150,1.115,1,COM7
2,247896,37,rpm,618,457,36.7,36.7,3915,497,0,1150,1.115,1,COM7
2,247917,37,rpm,554,457,36.7,36.7,3915,497,0,1150,1.116,1,COM7
2,247937,37,rpm,532,457,36.7,36.7,3915,497,0,1150,1.116,1,COM7
2,247958,37,rpm,378,457,36.7,36.7,3915,497,0,1150,1.116,1,COM7
2,247979,37,rpm,253,457,36.7,36.7,3915,497,0,1151,1.116,1,COM7
2,247999,37,rpm,-342,457,36.7,36.7,3915,497,0,1151,1.116,1,COM7
2,248020,37,rpm,18,457,36.7,36.7,3915,497,0,1151,1.116,1,COM7
2,248041,37,rpm,250,457,36.7,36.7,3915,497,0,1151,1.116,1,COM7
2,248062,37,rpm,700,457,36.7,36.7,3915,497,0,1151,1.117,1,COM7
2,248082,37,rpm,824,457,36.7,36.7,3915,497,0,1151,1.117,1,COM7
2,248103,37,rpm,806,457,36.7,36.7,3915,497,0,1151,1.117,1,COM7
2,248124,37,rpm,768,457,36.7,36.7,3915,497,0,1152,1.117,1,COM7
2,248144,37,rpm,682,457,36.7,36.7,3915,497,0,1152,1.117,1,COM7
2,248165,37,rpm,616,457,36.7,36.7,3915,497,0,1152,1.117,1,COM7
2,248186,37,rpm,486,457,36.7,36.7,3915,497,0,1152,1.118,1,COM7
2,248206,37,rpm,460,457,36.7,36.7,3915,497,0,1152,1.118,1,COM7
2,248227,37,rpm,318,457,36.7,36.7,3915,497,0,1152,1.118,1,COM7
2,248248,37,rpm,-5,457,36.7,36.7,3915,497,0,1153,1.118,1,COM7
2,248268,37,rpm,-248,457,36.7,36.7,3915,497,0,1153,1.118,1,COM7
2,248289,37,rpm,116,457,36.7,36.7,3915,497,0,1153,1.118,1,COM7
2,248310,37,rpm,538,457,36.7,36.7,3915,497,0,1153,1.118,1,COM7
2,248330,37,rpm,679,457,36.7,36.7,3915,497,0,1153,1.119,1,COM7
2,248351,37,rpm,974,458,36.7,36.7,3915,497,0,1153,1.119,1,COM7
2,248372,37,rpm,733,458,36.7,36.7,3915,497,0,1154,1.119,1,COM7
2,248392,37,rpm,656,458,36.7,36.7,3915,497,0,1154,1.119,1,COM7
2,248413,37,rpm,718,458,36.7,36.7,3915,497,0,1154,1.119,1,COM7
2,248434,37,rpm,521,458,36.7,36.7,3915,497,0,1154,1.119,1,COM7
2,248455,37,rpm,474,458,36.7,36.7,3915,497,0,1154,1.12,1,COM7
2,248475,37,rpm,407,458,36.7,36.7,3915,497,0,1154,1.12,1,COM7
2,248496,37,rpm,237,458,36.7,36.7,3915,497,0,1154,1.12,1,COM7
2,248517,37,rpm,-415,458,36.7,36.7,3915,497,0,1155,1.12,1,COM7
2,248537,37,rpm,44,458,36.7,36.7,3915,497,0,1155,1.12,1,COM7
2,248558,37,rpm,358,458,36.7,36.7,3915,497,0,1155,1.12,1,COM7
2,248579,37,rpm,668,458,36.7,36.7,3915,497,0,1155,1.12,1,COM7
2,248600,37,rpm,822,458,36.7,36.7,3915,497,0,1155,1.121,1,COM7
2,248620,37,rpm,819,458,36.7,36.7,3915,497,0,1155,1.121,1,COM7
2,248641,37,rpm,788,458,36.7,36.7,3915,497,0,1156,1.121,1,COM7
2,248662,37,rpm,632,458,36.7,36.7,3915,497,0,1156,1.121,1,COM7
2,248682,37,rpm,567,458,36.7,36.7,3915,497,0,1156,1.121,1,COM7
2,248703,37,rpm,586,458,36.7,36.7,3915,497,0,1156,1.121,1,COM7
2,248724,37,rpm,379,458,36.7,36.7,3915,497,0,1156,1.122,1,COM7
2,248744,37,rpm,309,458,36.7,36.7,3915,497,0,1156,1.122,1,COM7
2,248765,37,rpm,-82,458,36.7,36.7,3915,497,0,1157,1.122,1,COM7
2,248786,37,rpm,-179,458,36.7,36.7,3915,497,0,1157,1.122,1,COM7
2,248806,37,rpm,139,458,36.7,36.7,3915,497,0,1157,1.122,1,COM7
2,248827,37,rpm,665,458,36.7,36.7,3915,497,0,1157,1.122,1,COM7
2,248848,37,rpm,729,458,36.7,36.7,3915,497,0,1157,1.122,1,COM7
2,248868,37,rpm,808,458,36.7,36.7,3915,497,0,1157,1.123,1,COM7
2,248889,37,rpm,842,458,36.7,36.7,3915,497,0,1157,1.123,1,COM7
2,248910,37,rpm,711,458,36.7,36.7,3915,497,0,1158,1.123,1,COM7
2,248930,37,rpm,559,458,36.7,36.7,3915,497,0,1158,1.123,1,COM7
2,248951,37,rpm,589,458,36.7,36.7,3915,497,0,1158,1.123,1,COM7
2,248972,37,rpm,479,458,36.7,36.7,3915,497,0,1158,1.123,1,COM7
2,248993,37,rpm,323,458,36.7,36.7,3915,497,0,1158,1.123,1,COM7
2,249013,37,rpm,171,458,36.7,36.7,3915,497,0,1158,1.124,1,COM7
2,249034,37,rpm,-391,458,36.7,36.7,3915,497,0,1159,1.124,1,COM7
2,249055,37,rpm,79,458,36.7,36.7,3915,497,0,1159,1.124,1,COM7
2,249075,37,rpm,476,458,36.7,36.7,3915,497,0,1159,1.124,1,COM7
2,249096,37,rpm,748,458,36.7,36.7,3915,497,0,1159,1.124,1,COM7
2,249117,37,rpm,961,458,36.7,36.7,3915,497,0,1159,1.124,1,COM7
2,249137,37,rpm,721,458,36.7,36.7,3915,497,0,1159,1.125,1,COM7
2,249158,37,rpm,702,458,36.7,36.7,3915,497,0,1160,1.125,1,COM7
2,249179,37,rpm,735,458,36.7,36.7,3915,497,0,1160,1.125,1,COM7
2,249200,37,rpm,502,458,36.7,36.7,3915,497,0,1160,1.125,1,COM7
2,249220,37,rpm,474,458,36.7,36.7,3915,497,0,1160,1.125,1,COM7
2,249241,37,rpm,373,458,36.7,36.7,3915,497,0,1160,1.125,1,COM7
2,249262,37,rpm,174,458,36.7,36.7,3915,497,0,1160,1.125,1,COM7
2,249282,37,rpm,-365,458,36.7,36.7,3915,497,0,1160,1.126,1,COM7
2,249303,37,rpm,65,458,36.7,36.7,3915,497,0,1161,1.126,1,COM7
2,249324,37,rpm,453,458,36.7,36.7,3915,497,0,1161,1.126,1,COM7
2,249345,37,rpm,630,458,36.7,36.7,3915,497,0,1161,1.126,1,COM7
2,249365,37,rpm,887,458,36.7,36.7,3915,497,0,1161,1.126,1,COM7
2,249386,37,rpm,808,458,36.7,36.7,3915,497,0,1161,1.126,1,COM7
2,249406,37,rpm,707,458,36.7,36.7,3915,497,0,1161,1.127,1,COM7
2,249427,37,rpm,662,458,36.7,36.7,3915,497,0,1162,1.127,1,COM7
2,249448,37,rpm,595,458,36.7,36.7,3915,497,0,1162,1.127,1,COM7
2,249469,37,rpm,529,458,36.7,36.7,3915,497,0,1162,1.127,1,COM7
2,249489,37,rpm,368,458,36.7,36.7,3915,497,0,1162,1.127,1,COM7
2,249510,37,rpm,308,458,36.7,36.7,3915,497,0,1162,1.127,1,COM7
2,249531,37,rpm,-314,458,36.7,36.7,3915,497,0,1162,1.127,1,COM7
2,249551,37,rpm,-15,458,36.7,36.7,3915,497,0,1163,1.128,1,COM7
2,249572,37,rpm,213,458,36.7,36.7,3915,497,0,1163,1.128,1,COM7
2,249593,37,rpm,721,458,36.7,36.7,3915,497,0,1163,1.128,1,COM7
2,249613,37,rpm,750,458,36.7,36.7,3915,497,0,1163,1.128,1,COM7
2,249634,37,rpm,757,458,36.7,36.7,3915,497,0,1163,1.128,1,COM7
2,249655,37,rpm,867,458,36.7,36.7,3915,497,0,1163,1.128,1,COM7
2,249676,37,rpm,660,458,36.7,36.7,3915,497,0,1163,1.129,1,COM7
2,249696,37,rpm,577,458,36.7,36.7,3915,497,0,1164,1.129,1,COM7
2,249717,37,rpm,575,458,36.7,36.7,3915,497,0,1164,1.129,1,COM7
2,249738,37,rpm,455,458,36.7,36.7,3915,497,0,1164,1.129,1,COM7
2,249758,37,rpm,305,458,36.7,36.7,3915,497,0,1164,1.129,1,COM7
2,249779,37,rpm,115,458,36.7,36.7,3915,497,0,1164,1.129,1,COM7
2,249800,37,rpm,-305,458,36.7,36.7,3915,497,0,1164,1.129,1,COM7
2,249820,37,rpm,73,458,36.7,36.7,3915,497,0,1165,1.13,1,COM7
2,249841,37,rpm,516,458,36.7,36.7,3915,497,0,1165,1.13,1,COM7
2,249862,37,rpm,744,458,36.7,36.7,3915,497,0,1165,1.13,1,COM7
2,249882,37,rpm,749,458,36.7,36.7,3915,497,0,1165,1.13,1,COM7
2,249903,37,rpm,830,458,36.7,36.7,3915,497,0,1165,1.13,1,COM7
2,249924,37,rpm,773,458,36.7,36.7,3915,497,0,1165,1.13,1,COM7
2,249945,37,rpm,639,458,36.7,36.7,3915,497,0,1166,1.131,1,COM7
2,249965,37,rpm,529,458,36.7,36.7,3915,497,0,1166,1.131,1,COM7
2,249986,37,rpm,516,458,36.7,36.7,3915,497,0,1166,1.131,1,COM7
2,250007,37,rpm,402,458,36.7,36.7,3915,497,0,1166,1.131,1,COM7
2,250027,37,rpm,243,458,36.7,36.7,3915,497,0,1166,1.131,1,COM7
2,250048,37,rpm,-347,458,36.7,36.7,3915,497,0,1166,1.131,1,COM7
2,250069,37,rpm,13,458,36.7,36.7,3915,497,0,1166,1.131,1,COM7
2,250089,37,rpm,266,458,36.7,36.7,3915,497,0,1167,1.132,1,COM7
2,250110,37,rpm,679,458,36.7,36.7,3915,497,0,1167,1.132,1,COM7
2,250131,37,rpm,829,458,36.7,36.7,3915,497,0,1167,1.132,1,COM7
2,250151,37,rpm,818,458,36.7,36.7,3915,497,0,1167,1.132,1,COM7
2,250172,37,rpm,724,458,36.7,36.7,3915,497,0,1167,1.132,1,COM7
2,250193,37,rpm,730,458,36.7,36.7,3915,497,0,1167,1.132,1,COM7
2,250213,37,rpm,602,458,36.7,36.7,3915,497,0,1168,1.133,1,COM7
2,250234,37,rpm,488,458,36.7,36.7,3915,497,0,1168,1.133,1,COM7
2,250255,37,rpm,471,458,36.7,36.7,3915,497,0,1168,1.133,1,COM7
2,250276,37,rpm,312,458,36.7,36.7,3915,497,0,1168,1.133,1,COM7
2,250296,37,rpm,-1,458,36.7,36.7,3915,497,0,1168,1.133,1,COM7
2,250317,37,rpm,-283,458,36.7,36.7,3915,497,0,1168,1.133,1,COM7
2,250338,37,rpm,115,458,36.7,36.7,3915,497,0,1169,1.133,1,COM7
2,250358,37,rpm,585,458,36.7,36.7,3915,497,0,1169,1.134,1,COM7
2,250379,37,rpm,688,458,36.7,36.7,3915,497,0,1169,1.134,1,COM7
2,250400,37,rpm,903,458,36.7,36.7,3915,497,0,1169,1.134,1,COM7
2,250420,37,rpm,800,458,36.7,36.7,3915,497,0,1169,1.134,1,COM7
2,250441,37,rpm,698,458,36.7,36.7,3915,497,0,1169,1.134,1,COM7
2,250462,37,rpm,587,458,36.7,36.7,3915,497,0,1169,1.134,1,COM7
2,250483,37,rpm,597,458,36.7,36.7,3915,497,0,1170,1.135,1,COM7
2,250503,37,rpm,469,458,36.7,36.7,3915,497,0,1170,1.135,1,COM7
2,250524,37,rpm,319,458,36.7,36.7,3915,497,0,1170,1.135,1,COM7
2,250545,37,rpm,225,458,36.7,36.7,3915,497,0,1170,1.135,1,COM7
2,250566,37,rpm,-400,458,36.7,36.7,3915,497,0,1170,1.135,1,COM7
2,250586,37,rpm,64,458,36.7,36.7,3915,497,0,1170,1.135,1,COM7
2,250607,37,rpm,468,458,36.7,36.7,3915,497,0,1171,1.135,1,COM7
2,250628,37,rpm,724,458,36.7,36.7,3915,497,0,1171,1.136,1,COM7
2,250648,37,rpm,791,458,36.7,36.7,3915,497,0,1171,1.136,1,COM7
2,250669,37,rpm,906,458,36.7,36.7,3915,497,0,1171,1.136,1,COM7
2,250690,37,rpm,740,458,36.7,36.7,3915,497,0,1171,1.136,1,COM7
2,250710,37,rpm,634,458,36.7,36.7,3915,497,0,1171,1.136,1,COM7
2,250731,37,rpm,551,458,36.7,36.7,3915,497,0,1172,1.136,1,COM7
2,250752,37,rpm,497,458,36.7,36.7,3915,497,0,1172,1.137,1,COM7
2,250772,37,rpm,367,458,36.7,36.7,3915,497,0,1172,1.137,1,COM7
2,250793,37,rpm,212,458,36.7,36.7,3915,497,0,1172,1.137,1,COM7
2,250814,37,rpm,-398,458,36.7,36.7,3915,497,0,1172,1.137,1,COM7
2,250835,37,rpm,52,458,36.7,36.7,3915,497,0,1172,1.137,1,COM7
2,250855,37,rpm,313,458,36.7,36.7,3915,497,0,1172,1.137,1,COM7
2,250876,37,rpm,714,458,36.7,36.7,3915,497,0,1173,1.137,1,COM7
2,250897,37,rpm,907,458,36.7,36.7,3915,497,0,1173,1.138,1,COM7
2,250917,37,rpm,718,458,36.7,36.7,3915,497,0,1173,1.138,1,COM7
2,250938,37,rpm,752,458,36.7,36.7,3915,497,0,1173,1.138,1,COM7
2,250959,37,rpm,700,458,36.7,36.7,3915,497,0,1173,1.138,1,COM7
2,250979,37,rpm,562,458,36.7,36.7,3915,497,0,1173,1.138,1,COM7
2,251000,37,rpm,530,458,36.7,36.7,3915,497,0,1174,1.138,1,COM7
2,251021,37,rpm,436,458,36.7,36.7,3915,497,0,1174,1.139,1,COM7
2,251041,37,rpm,282,458,36.7,36.7,3915,497,0,1174,1.139,1,COM7
2,251062,37,rpm,-125,458,36.7,36.7,3915,497,0,1174,1.139,1,COM7
2,251083,37,rpm,-151,458,36.7,36.7,3915,497,0,1174,1.139,1,COM7
2,251104,37,rpm,166,458,36.7,36.7,3915,497,0,1174,1.139,1,COM7
2,251124,37,rpm,605,458,36.7,36.7,3915,497,0,1175,1.139,1,COM7
2,251145,37,rpm,778,458,36.7,36.7,3915,497,0,1175,1.139,1,COM7
2,251166,37,rpm,839,458,36.7,36.7,3915,497,0,1175,1.14,1,COM7
2,251186,37,rpm,803,458,36.7,36.7,3915,497,0,1175,1.14,1,COM7
2,251207,37,rpm,631,458,36.7,36.7,3915,497,0,1175,1.14,1,COM7
2,251228,37,rpm,665,458,36.7,36.7,3915,497,0,1175,1.14,1,COM7
2,251249,37,rpm,570,458,36.7,36.7,3915,497,0,1175,1.14,1,COM7
2,251269,37,rpm,444,458,36.7,36.7,3915,497,0,1176,1.14,1,COM7
2,251290,37,rpm,329,458,36.7,36.7,3915,497,0,1176,1.141,1,COM7
2,251311,37,rpm,207,458,36.7,36.7,3915,497,0,1176,1.141,1,COM7
2,251331,37,rpm,-372,458,36.7,36.7,3915,497,0,1176,1.141,1,COM7
2,251352,37,rpm,58,458,36.7,36.7,3915,497,0,1176,1.141,1,COM7
2,251373,37,rpm,459,458,36.7,36.7,3915,497,0,1176,1.141,1,COM7
2,251393,37,rpm,687,458,36.7,36.7,3915,497,0,1177,1.141,1,COM7
2,251414,37,rpm,751,458,36.7,36.7,3915,497,0,1177,1.141,1,COM7
2,251435,37,rpm,921,458,36.7,36.7,3915,497,0,1177,1.142,1,COM7
2,251456,37,rpm,737,458,36.7,36.7,3915,497,0,1177,1.142,1,COM7
2,251476,37,rpm,591,458,36.7,36.7,3915,497,0,1177,1.142,1,COM7
2,251497,37,rpm,607,458,36.7,36.7,3915,497,0,1177,1.142,1,COM7
2,251518,37,rpm,547,458,36.7,36.7,3915,497,0,1178,1.142,1,COM7
2,251538,37,rpm,358,458,36.7,36.7,3915,497,0,1178,1.142,1,COM7
2,251559,37,rpm,300,458,36.7,36.7,3915,497,0,1178,1.143,1,COM7
2,251580,37,rpm,-302,458,36.7,36.7,3915,497,0,1178,1.143,1,COM7
2,251600,37,rpm,-23,458,36.7,36.7,3915,497,0,1178,1.143,1,COM7
2,251621,37,rpm,207,458,36.7,36.7,3915,497,0,1178,1.143,1,COM7
2,251642,37,rpm,707,458,36.7,36.7,3915,497,0,1178,1.143,1,COM7
2,251663,37,rpm,825,458,36.7,36.7,3915,497,0,1179,1.143,1,COM7
2,251683,37,rpm,775,458,36.7,36.7,3915,497,0,1179,1.143,1,COM7
2,251704,37,rpm,770,458,36.7,36.7,3915,497,0,1179,1.144,1,COM7
2,251725,37,rpm,728,458,36.7,36.7,3915,497,0,1179,1.144,1,COM7
2,251745,37,rpm,567,458,36.7,36.7,3915,497,0,1179,1.144,1,COM7
2,251766,37,rpm,555,458,36.7,36.7,3915,497,0,1179,1.144,1,COM7
2,251787,37,rpm,482,458,36.7,36.7,3915,497,0,1180,1.144,1,COM7
2,251807,37,rpm,303,458,36.7,36.7,3915,497,0,1180,1.144,1,COM7
2,251828,37,rpm,73,458,36.7,36.7,3915,497,0,1180,1.144,1,COM7
2,251849,37,rpm,-331,458,36.7,36.7,3915,497,0,1180,1.145,1,COM7
2,251870,37,rpm,99,458,36.7,36.7,3915,497,0,1180,1.145,1,COM7
2,251890,37,rpm,484,458,36.7,36.7,3915,497,0,1180,1.145,1,COM7
2,251911,37,rpm,787,458,36.7,36.7,3915,497,0,1181,1.145,1,COM7
2,251932,37,rpm,844,458,36.7,36.7,3915,497,0,1181,1.145,1,COM7
2,251952,37,rpm,785,458,36.7,36.7,3915,497,0,1181,1.145,1,COM7
2,251973,37,rpm,700,458,36.7,36.7,3915,497,0,1181,1.146,1,COM7
2,251994,37,rpm,628,458,36.7,36.7,3915,497,0,1181,1.146,1,COM7
2,252015,37,rpm,587,458,36.7,36.7,3915,497,0,1181,1.146,1,COM7
2,252035,37,rpm,473,458,36.7,36.7,3915,497,0,1181,1.146,1,COM7
2,252056,37,rpm,345,458,36.7,36.7,3915,497,0,1182,1.146,1,COM7
2,252077,37,rpm,245,458,36.7,36.7,3915,497,0,1182,1.146,1,COM7
2,252097,37,rpm,-389,458,36.7,36.7,3915,497,0,1182,1.146,1,COM7
2,252118,37,rpm,57,458,36.7,36.7,3915,497,0,1182,1.147,1,COM7
2,252139,37,rpm,423,458,36.7,36.7,3915,497,0,1182,1.147,1,COM7
2,252159,37,rpm,708,458,36.7,36.7,3915,497,0,1182,1.147,1,COM7
2,252180,37,rpm,770,458,36.7,36.7,3915,497,0,1183,1.147,1,COM7
2,252201,37,rpm,935,458,36.7,36.7,3915,497,0,1183,1.147,1,COM7
2,252222,37,rpm,718,458,36.7,36.7,3915,497,0,1183,1.147,1,COM7
2,252242,37,rpm,617,458,36.7,36.7,3915,497,0,1183,1.148,1,COM7
2,252263,37,rpm,611,458,36.7,36.7,3915,497,0,1183,1.148,1,COM7
2,252284,37,rpm,507,458,36.7,36.7,3915,497,0,1183,1.148,1,COM7
2,252305,37,rpm,332,458,36.7,36.7,3915,497,0,1184,1.148,1,COM7
2,252325,37,rpm,257,458,36.7,36.7,3915,497,0,1184,1.148,1,COM7
2,252346,37,rpm,-357,458,36.7,36.7,3915,497,0,1184,1.148,1,COM7
2,252367,37,rpm,31,458,36.7,36.7,3915,497,0,1184,1.148,1,COM7
2,252387,37,rpm,329,458,36.7,36.7,3915,497,0,1184,1.149,1,COM7
2,252408,37,rpm,742,458,36.7,36.7,3915,497,0,1184,1.149,1,COM7
2,252429,37,rpm,831,458,36.7,36.7,3915,497,0,1184,1.149,1,COM7
2,252449,37,rpm,780,458,36.7,36.7,3915,497,0,1185,1.149,1,COM7
2,252470,37,rpm,751,458,36.7,36.7,3915,497,0,1185,1.149,1,COM7
2,252491,37,rpm,721,458,36.7,36.7,3915,497,0,1185,1.149,1,COM7
2,252512,37,rpm,544,458,36.7,36.7,3915,497,0,1185,1.15,1,COM7
2,252532,37,rpm,515,458,36.7,36.7,3915,497,0,1185,1.15,1,COM7
2,252553,37,rpm,470,458,36.7,36.7,3915,497,0,1185,1.15,1,COM7
2,252574,37,rpm,275,458,36.7,36.7,3915,497,0,1186,1.15,1,COM7
