id,t,sp,unit,r_flw,f_flw,rpm_cmd,rpm_sp,sps,top,cal%,vol_uL,mass_g,pumpOn
3,835602,37,rpm,0,0,0.0,36.5,0,0,0,2,0.002,0
3,835622,37,rpm,0,0,36.5,36.5,3893,500,0,0,0.0,1
3,835643,37,rpm,83,0,36.5,36.5,3893,500,0,0,0.0,1
3,835663,37,rpm,199,0,36.5,36.5,3893,500,0,0,0.0,1
3,835684,37,rpm,51,0,36.5,36.5,3893,500,0,0,0.0,1
3,835705,37,rpm,39,0,36.5,36.5,3893,500,0,0,0.0,1
3,835725,37,rpm,18,0,36.5,36.5,3893,500,0,0,0.0,1
3,835746,37,rpm,10,0,36.5,36.5,3893,500,0,0,0.0,1
3,835766,37,rpm,8,0,36.5,36.5,3893,500,0,0,0.0,1
3,835786,37,rpm,20,0,36.5,36.5,3893,500,0,0,0.0,1
3,835807,37,rpm,120,0,36.5,36.5,3893,500,0,0,0.0,1
3,835827,37,rpm,525,0,36.5,36.5,3893,500,0,0,0.0,1
3,835848,37,rpm,861,0,36.5,36.5,3893,500,0,0,0.0,1
3,835868,37,rpm,938,0,36.5,36.5,3893,500,0,0,0.0,1
3,835889,37,rpm,825,0,36.5,36.5,3893,500,0,0,0.0,1
3,835909,37,rpm,562,0,36.5,36.5,3893,500,0,0,0.0,1
3,835929,37,rpm,388,0,36.5,36.5,3893,500,0,0,0.0,1
3,835950,37,rpm,283,0,36.5,36.5,3893,500,0,0,0.0,1
3,835970,37,rpm,86,0,36.5,36.5,3893,500,0,0,0.0,1
3,835991,37,rpm,19,0,36.5,36.5,3893,500,0,0,0.0,1
3,836011,37,rpm,12,0,36.5,36.5,3893,500,0,0,0.0,1
3,836032,37,rpm,21,0,36.5,36.5,3893,500,0,0,0.0,1
3,836052,37,rpm,128,0,36.5,36.5,3893,500,0,0,0.0,1
3,836073,37,rpm,480,0,36.5,36.5,3893,500,0,0,0.0,1
3,836093,37,rpm,683,0,36.5,36.5,3893,500,0,0,0.0,1
3,836113,37,rpm,858,0,36.5,36.5,3893,500,0,0,0.0,1
3,836134,37,rpm,817,0,36.5,36.5,3893,500,0,0,0.0,1
3,836154,37,rpm,665,0,36.5,36.5,3893,500,0,0,0.0,1
3,836175,37,rpm,507,0,36.5,36.5,3893,500,0,0,0.0,1
3,836195,37,rpm,401,0,36.5,36.5,3893,500,0,0,0.0,1
3,836215,37,rpm,214,0,36.5,36.5,3893,500,0,0,0.0,1
3,836236,37,rpm,28,0,36.5,36.5,3893,500,0,0,0.0,1
3,836256,37,rpm,16,0,36.5,36.5,3893,500,0,0,0.0,1
3,836277,37,rpm,22,1,36.5,36.5,3893,500,0,0,0.0,1
3,836297,37,rpm,111,1,36.5,36.5,3893,500,0,0,0.0,1
3,836318,37,rpm,465,1,36.5,36.5,3893,500,0,0,0.0,1
3,836338,37,rpm,685,1,36.5,36.5,3893,500,0,0,0.0,1
3,836358,37,rpm,807,1,36.5,36.5,3893,500,0,0,0.0,1
3,836379,37,rpm,790,1,36.5,36.5,3893,500,0,0,0.0,1
3,836399,37,rpm,720,1,36.5,36.5,3893,500,0,0,0.0,1
3,836420,37,rpm,573,1,36.5,36.5,3893,500,0,0,0.0,1
3,836440,37,rpm,462,1,36.5,36.5,3893,500,0,0,0.0,1
3,836461,37,rpm,364,1,36.5,36.5,3893,500,0,0,0.0,1
3,836481,37,rpm,80,1,36.5,36.5,3893,500,0,0,0.0,1
3,836501,37,rpm,19,2,36.5,36.5,3893,500,0,0,0.0,1
3,836522,37,rpm,16,2,36.5,36.5,3893,500,0,0,0.0,1
3,836542,37,rpm,43,2,36.5,36.5,3893,500,0,0,0.0,1
3,836563,37,rpm,245,2,36.5,36.5,3893,500,0,0,0.0,1
3,836583,37,rpm,587,2,36.5,36.5,3893,500,0,0,0.0,1
3,836604,37,rpm,697,2,36.5,36.5,3893,500,0,0,0.0,1
3,836624,37,rpm,738,3,36.5,36.5,3893,500,0,0,0.0,1
3,836645,37,rpm,709,3,36.5,36.5,3893,500,0,0,0.0,1
3,836665,37,rpm,591,3,36.5,36.5,3893,500,0,0,0.0,1
3,836685,37,rpm,479,3,36.5,36.5,3893,500,0,0,0.0,1
3,836706,37,rpm,392,3,36.5,36.5,3893,500,0,0,0.0,1
3,836726,37,rpm,191,4,36.5,36.5,3893,500,0,0,0.0,1
3,836747,37,rpm,25,4,36.5,36.5,3893,500,0,0,0.0,1
3,836767,37,rpm,14,4,36.5,36.5,3893,500,0,0,0.0,1
3,836788,37,rpm,20,5,36.5,36.5,3893,500,0,0,0.0,1
3,836808,37,rpm,91,5,36.5,36.5,3893,500,0,0,0.0,1
3,836829,37,rpm,353,5,36.5,36.5,3893,500,0,0,0.0,1
3,836849,37,rpm,620,6,36.5,36.5,3893,500,0,0,0.0,1
3,836869,37,rpm,838,6,36.5,36.5,3893,500,0,0,0.0,1
3,836909,37,rpm,782,6,36.5,36.5,3893,500,0,0,0.0,1
3,836930,37,rpm,553,7,36.5,36.5,3893,500,0,0,0.0,1
3,836950,37,rpm,388,7,36.5,36.5,3893,500,0,0,0.0,1
3,836971,37,rpm,309,8,36.5,36.5,3893,500,0,0,0.0,1
3,836991,37,rpm,159,8,36.5,36.5,3893,500,0,0,0.0,1
3,837012,37,rpm,23,8,36.5,36.5,3893,500,0,0,0.0,1
3,837032,37,rpm,13,9,36.5,36.5,3893,500,0,0,0.0,1
3,837053,37,rpm,17,9,36.5,36.5,3893,500,0,0,0.0,1
3,837073,37,rpm,83,10,36.5,36.5,3893,500,0,0,0.0,1
3,837094,37,rpm,342,10,36.5,36.5,3893,500,0,0,0.0,1
3,837114,37,rpm,598,11,36.5,36.5,3893,500,0,0,0.0,1
3,837134,37,rpm,791,12,36.5,36.5,3893,500,0,0,0.0,1
3,837155,37,rpm,775,12,36.5,36.5,3893,500,0,0,0.0,1
3,837175,37,rpm,672,13,36.5,36.5,3893,500,0,0,0.0,1
3,837196,37,rpm,501,13,36.5,36.5,3893,500,0,0,0.0,1
3,837216,37,rpm,369,14,36.5,36.5,3893,500,0,0,0.0,1
3,837237,37,rpm,308,15,36.5,36.5,3893,500,0,0,0.0,1
3,837257,37,rpm,86,15,36.5,36.5,3893,500,0,0,0.0,1
3,837278,37,rpm,19,16,36.5,36.5,3893,500,0,0,0.0,1
3,837298,37,rpm,13,17,36.5,36.5,3893,500,0,0,0.0,1
3,837319,37,rpm,32,18,36.5,36.5,3893,500,0,0,0.0,1
3,837339,37,rpm,190,18,36.5,36.5,3893,500,0,0,0.0,1
3,837360,37,rpm,535,19,36.5,36.5,3893,500,0,0,0.0,1
3,837380,37,rpm,814,20,36.5,36.5,3893,500,0,0,0.0,1
3,837400,37,rpm,856,21,36.5,36.5,3893,500,0,0,0.0,1
3,837421,37,rpm,775,22,36.5,36.5,3893,500,0,0,0.0,1
3,837441,37,rpm,582,22,36.5,36.5,3893,500,0,0,0.0,1
3,837462,37,rpm,417,23,36.5,36.5,3893,500,0,0,0.0,1
3,837482,37,rpm,293,24,36.5,36.5,3893,500,0,0,0.0,1
3,837503,37,rpm,200,25,36.5,36.5,3893,500,0,0,0.0,1
3,837523,37,rpm,33,26,36.5,36.5,3893,500,0,0,0.0,1
3,837544,37,rpm,14,27,36.5,36.5,3893,500,0,0,0.0,1
3,837564,37,rpm,15,28,36.5,36.5,3893,500,0,0,0.0,1
3,837585,37,rpm,61,29,36.5,36.5,3893,500,0,0,0.0,1
3,837605,37,rpm,358,30,36.5,36.5,3893,500,0,0,0.0,1
3,837626,37,rpm,633,31,36.5,36.5,3893,500,0,0,0.0,1
3,837646,37,rpm,711,32,36.5,36.5,3893,500,0,0,0.0,1
3,837667,37,rpm,813,33,36.5,36.5,3893,500,0,0,0.0,1
3,837687,37,rpm,673,34,36.5,36.5,3893,500,0,0,0.0,1
3,837707,37,rpm,542,35,36.5,36.5,3893,500,0,0,0.0,1
3,837728,37,rpm,411,37,36.5,36.5,3893,500,0,0,0.0,1
3,837748,37,rpm,329,38,36.5,36.5,3893,500,0,0,0.0,1
3,837769,37,rpm,70,39,36.5,36.5,3893,500,0,0,0.0,1
3,837789,37,rpm,19,40,36.5,36.5,3893,500,0,0,0.0,1
3,837810,37,rpm,15,41,36.5,36.5,3893,500,0,0,0.0,1
3,837830,37,rpm,42,43,36.5,36.5,3893,500,0,0,0.0,1
3,837851,37,rpm,282,44,36.5,36.5,3893,500,0,0,0.0,1
3,837871,37,rpm,588,45,36.5,36.5,3893,500,0,0,0.0,1
3,837891,37,rpm,714,47,36.5,36.5,3893,500,0,0,0.0,1
3,837912,37,rpm,763,48,36.5,36.5,3893,500,0,0,0.0,1
3,837932,37,rpm,736,49,36.5,36.5,3893,500,0,0,0.0,1
3,837953,37,rpm,611,51,36.5,36.5,3893,500,0,0,0.0,1
3,837973,37,rpm,488,52,36.5,36.5,3893,500,0,0,0.0,1
3,837994,37,rpm,398,53,36.5,36.5,3893,500,0,0,0.0,1
3,838014,37,rpm,239,55,36.5,36.5,3893,500,0,1,0.0,1
3,838035,37,rpm,30,56,36.5,36.5,3893,500,0,1,0.001,1
3,838055,37,rpm,14,58,36.5,36.5,3893,500,0,1,0.001,1
3,838076,37,rpm,19,59,36.5,36.5,3893,500,0,1,0.001,1
3,838096,37,rpm,104,61,36.5,36.5,3893,500,0,1,0.001,1
3,838117,37,rpm,433,62,36.5,36.5,3893,500,0,1,0.001,1
3,838137,37,rpm,636,64,36.5,36.5,3893,500,0,1,0.001,1
3,838157,37,rpm,691,66,36.5,36.5,3893,500,0,1,0.001,1
3,838178,37,rpm,706,67,36.5,36.5,3893,500,0,1,0.001,1
3,838198,37,rpm,627,69,36.5,36.5,3893,500,0,1,0.001,1
3,838219,37,rpm,508,70,36.5,36.5,3893,500,0,1,0.001,1
3,838239,37,rpm,425,72,36.5,36.5,3893,500,0,1,0.001,1
3,838260,37,rpm,327,74,36.5,36.5,3893,500,0,1,0.001,1
3,838280,37,rpm,55,75,36.5,36.5,3893,500,0,1,0.001,1
3,838301,37,rpm,16,77,36.5,36.5,3893,500,0,1,0.001,1
3,838321,37,rpm,14,79,36.5,36.5,3893,500,0,1,0.001,1
3,838342,37,rpm,38,81,36.5,36.5,3893,500,0,1,0.001,1
3,838362,37,rpm,209,82,36.5,36.5,3893,500,0,1,0.001,1
3,838382,37,rpm,529,84,36.5,36.5,3893,500,0,1,0.001,1
3,838403,37,rpm,753,86,36.5,36.5,3893,500,0,1,0.001,1
3,838423,37,rpm,851,88,36.5,36.5,3893,500,0,1,0.001,1
3,838444,37,rpm,760,89,36.5,36.5,3893,500,0,1,0.001,1
3,838464,37,rpm,594,91,36.5,36.5,3893,500,0,1,0.001,1
3,838485,37,rpm,446,93,36.5,36.5,3893,500,0,1,0.001,1
3,838505,37,rpm,317,95,36.5,36.5,3893,500,0,1,0.001,1
3,838526,37,rpm,257,97,36.5,36.5,3893,500,0,1,0.001,1
3,838546,37,rpm,41,99,36.5,36.5,3893,500,0,1,0.001,1
3,838566,37,rpm,15,101,36.5,36.5,3893,500,0,1,0.001,1
3,838587,37,rpm,12,103,36.5,36.5,3893,500,0,1,0.001,1
3,838607,37,rpm,40,105,36.5,36.5,3893,500,0,1,0.001,1
3,838628,37,rpm,227,106,36.5,36.5,3893,500,0,1,0.001,1
3,838648,37,rpm,516,108,36.5,36.5,3893,500,0,1,0.001,1
3,838669,37,rpm,738,110,36.5,36.5,3893,500,0,1,0.001,1
3,838689,37,rpm,786,112,36.5,36.5,3893,500,0,1,0.001,1
3,838710,37,rpm,709,114,36.5,36.5,3893,500,0,1,0.001,1
3,838730,37,rpm,542,116,36.5,36.5,3893,500,0,2,0.001,1
3,838751,37,rpm,385,118,36.5,36.5,3893,500,0,2,0.002,1
3,838771,37,rpm,311,120,36.5,36.5,3893,500,0,2,0.002,1
3,838792,37,rpm,194,123,36.5,36.5,3893,500,0,2,0.002,1
3,838812,37,rpm,27,125,36.5,36.5,3893,500,0,2,0.002,1
3,838833,37,rpm,13,127,36.5,36.5,3893,500,0,2,0.002,1
3,838853,37,rpm,16,129,36.5,36.5,3893,500,0,2,0.002,1
3,838874,37,rpm,92,131,36.5,36.5,3893,500,0,2,0.002,1
3,838894,37,rpm,389,133,36.5,36.5,3893,500,0,2,0.002,1
3,838915,37,rpm,700,135,36.5,36.5,3893,500,0,2,0.002,1
3,838935,37,rpm,864,137,36.5,36.5,3893,500,0,2,0.002,1
3,838955,37,rpm,797,139,36.5,36.5,3893,500,0,2,0.002,1
3,838976,37,rpm,651,141,36.5,36.5,3893,500,0,2,0.002,1
3,838996,37,rpm,473,144,36.5,36.5,3893,500,0,2,0.002,1
3,839017,37,rpm,330,146,36.5,36.5,3893,500,0,2,0.002,1
3,839037,37,rpm,258,148,36.5,36.5,3893,500,0,2,0.002,1
3,839058,37,rpm,79,150,36.5,36.5,3893,500,0,2,0.002,1
3,839078,37,rpm,17,152,36.5,36.5,3893,500,0,2,0.002,1
3,839099,37,rpm,12,154,36.5,36.5,3893,500,0,2,0.002,1
3,839119,37,rpm,30,157,36.5,36.5,3893,500,0,2,0.002,1
3,839140,37,rpm,219,159,36.5,36.5,3893,500,0,2,0.002,1
3,839160,37,rpm,559,161,36.5,36.5,3893,500,0,3,0.002,1
3,839181,37,rpm,668,163,36.5,36.5,3893,500,0,3,0.003,1
3,839201,37,rpm,777,165,36.5,36.5,3893,500,0,3,0.003,1
3,839222,37,rpm,740,168,36.5,36.5,3893,500,0,3,0.003,1
3,839242,37,rpm,591,170,36.5,36.5,3893,500,0,3,0.003,1
3,839263,37,rpm,454,172,36.5,36.5,3893,500,0,3,0.003,1
3,839283,37,rpm,367,174,36.5,36.5,3893,500,0,3,0.003,1
3,839304,37,rpm,191,177,36.5,36.5,3893,500,0,3,0.003,1
3,839324,37,rpm,25,179,36.5,36.5,3893,500,0,3,0.003,1
3,839345,37,rpm,13,181,36.5,36.5,3893,500,0,3,0.003,1
3,839365,37,rpm,20,183,36.5,36.5,3893,500,0,3,0.003,1
3,839386,37,rpm,130,185,36.5,36.5,3893,500,0,3,0.003,1
3,839406,37,rpm,505,188,36.5,36.5,3893,500,0,3,0.003,1
3,839427,37,rpm,650,190,36.5,36.5,3893,500,0,3,0.003,1
3,839447,37,rpm,754,192,36.5,36.5,3893,500,0,3,0.003,1
3,839467,37,rpm,735,194,36.5,36.5,3893,500,0,3,0.003,1
3,839488,37,rpm,668,197,36.5,36.5,3893,500,0,4,0.003,1
3,839508,37,rpm,534,199,36.5,36.5,3893,500,0,4,0.003,1
3,839529,37,rpm,429,201,36.5,36.5,3893,500,0,4,0.004,1
3,839549,37,rpm,332,203,36.5,36.5,3893,500,0,4,0.004,1
3,839570,37,rpm,54,206,36.5,36.5,3893,500,0,4,0.004,1
3,839590,37,rpm,16,208,36.5,36.5,3893,500,0,4,0.004,1
3,839611,37,rpm,16,210,36.5,36.5,3893,500,0,4,0.004,1
3,839631,37,rpm,56,212,36.5,36.5,3893,500,0,4,0.004,1
3,839652,37,rpm,315,215,36.5,36.5,3893,500,0,4,0.004,1
3,839672,37,rpm,572,217,36.5,36.5,3893,500,0,4,0.004,1
3,839693,37,rpm,694,219,36.5,36.5,3893,500,0,4,0.004,1
3,839713,37,rpm,706,221,36.5,36.5,3893,500,0,4,0.004,1
3,839734,37,rpm,678,223,36.5,36.5,3893,500,0,4,0.004,1
3,839754,37,rpm,551,226,36.5,36.5,3893,500,0,4,0.004,1
3,839775,37,rpm,453,228,36.5,36.5,3893,500,0,5,0.004,1
3,839795,37,rpm,368,230,36.5,36.5,3893,500,0,5,0.004,1
3,839816,37,rpm,156,232,36.5,36.5,3893,500,0,5,0.005,1
3,839836,37,rpm,22,235,36.5,36.5,3893,500,0,5,0.005,1
3,839857,37,rpm,13,237,36.5,36.5,3893,500,0,5,0.005,1
3,839877,37,rpm,22,239,36.5,36.5,3893,500,0,5,0.005,1
3,839898,37,rpm,120,241,36.5,36.5,3893,500,0,5,0.005,1
3,839918,37,rpm,417,243,36.5,36.5,3893,500,0,5,0.005,1
3,839939,37,rpm,639,245,36.5,36.5,3893,500,0,5,0.005,1
3,839959,37,rpm,842,248,36.5,36.5,3893,500,0,5,0.005,1
3,839980,37,rpm,797,250,36.5,36.5,3893,500,0,5,0.005,1
3,840000,37,rpm,664,252,36.5,36.5,3893,500,0,5,0.005,1
3,840021,37,rpm,496,254,36.5,36.5,3893,500,0,6,0.005,1
3,840041,37,rpm,344,256,36.5,36.5,3893,500,0,6,0.005,1
3,840062,37,rpm,289,258,36.5,36.5,3893,500,0,6,0.006,1
3,840082,37,rpm,111,260,36.5,36.5,3893,500,0,6,0.006,1
3,840103,37,rpm,19,263,36.5,36.5,3893,500,0,6,0.006,1
3,840123,37,rpm,11,265,36.5,36.5,3893,500,0,6,0.006,1
3,840144,37,rpm,22,267,36.5,36.5,3893,500,0,6,0.006,1
3,840164,37,rpm,133,269,36.5,36.5,3893,500,0,6,0.006,1
3,840185,37,rpm,429,271,36.5,36.5,3893,500,0,6,0.006,1
3,840205,37,rpm,668,273,36.5,36.5,3893,500,0,6,0.006,1
3,840226,37,rpm,813,275,36.5,36.5,3893,500,0,6,0.006,1
3,840246,37,rpm,753,277,36.5,36.5,3893,500,0,7,0.006,1
3,840267,37,rpm,610,279,36.5,36.5,3893,500,0,7,0.006,1
3,840287,37,rpm,443,281,36.5,36.5,3893,500,0,7,0.007,1
3,840308,37,rpm,326,283,36.5,36.5,3893,500,0,7,0.007,1
3,840328,37,rpm,271,285,36.5,36.5,3893,500,0,7,0.007,1
3,840349,37,rpm,43,287,36.5,36.5,3893,500,0,7,0.007,1
3,840369,37,rpm,15,289,36.5,36.5,3893,500,0,7,0.007,1
3,840390,37,rpm,13,291,36.5,36.5,3893,500,0,7,0.007,1
3,840410,37,rpm,47,293,36.5,36.5,3893,500,0,7,0.007,1
3,840431,37,rpm,271,295,36.5,36.5,3893,500,0,7,0.007,1
3,840451,37,rpm,624,297,36.5,36.5,3893,500,0,8,0.007,1
3,840472,37,rpm,827,299,36.5,36.5,3893,500,0,8,0.007,1
3,840492,37,rpm,823,301,36.5,36.5,3893,500,0,8,0.007,1
3,840512,37,rpm,709,303,36.5,36.5,3893,500,0,8,0.008,1
3,840533,37,rpm,515,304,36.5,36.5,3893,500,0,8,0.008,1
3,840553,37,rpm,367,306,36.5,36.5,3893,500,0,8,0.008,1
3,840574,37,rpm,267,308,36.5,36.5,3893,500,0,8,0.008,1
3,840594,37,rpm,145,310,36.5,36.5,3893,500,0,8,0.008,1
3,840615,37,rpm,23,312,36.5,36.5,3893,500,0,8,0.008,1
3,840635,37,rpm,12,314,36.5,36.5,3893,500,0,8,0.008,1
3,840656,37,rpm,18,315,36.5,36.5,3893,500,0,9,0.008,1
3,840676,37,rpm,119,317,36.5,36.5,3893,500,0,9,0.008,1
3,840697,37,rpm,484,319,36.5,36.5,3893,500,0,9,0.009,1
3,840717,37,rpm,632,321,36.5,36.5,3893,500,0,9,0.009,1
3,840738,37,rpm,770,322,36.5,36.5,3893,500,0,9,0.009,1
3,840758,37,rpm,780,324,36.5,36.5,3893,500,0,9,0.009,1
3,840779,37,rpm,626,326,36.5,36.5,3893,500,0,9,0.009,1
3,840799,37,rpm,487,328,36.5,36.5,3893,500,0,9,0.009,1
3,840820,37,rpm,370,329,36.5,36.5,3893,500,0,9,0.009,1
3,840840,37,rpm,263,331,36.5,36.5,3893,500,0,10,0.009,1
3,840861,37,rpm,32,333,36.5,36.5,3893,500,0,10,0.009,1
3,840881,37,rpm,15,334,36.5,36.5,3893,500,0,10,0.009,1
3,840902,37,rpm,16,336,36.5,36.5,3893,500,0,10,0.01,1
3,840922,37,rpm,72,337,36.5,36.5,3893,500,0,10,0.01,1
3,840943,37,rpm,405,339,36.5,36.5,3893,500,0,10,0.01,1
3,840963,37,rpm,628,341,36.5,36.5,3893,500,0,10,0.01,1
3,840984,37,rpm,742,342,36.5,36.5,3893,500,0,10,0.01,1
3,841005,37,rpm,739,344,36.5,36.5,3893,500,0,10,0.01,1
3,841025,37,rpm,701,345,36.5,36.5,3893,500,0,11,0.01,1
3,841046,37,rpm,567,347,36.5,36.5,3893,500,0,11,0.01,1
3,841066,37,rpm,457,348,36.5,36.5,3893,500,0,11,0.011,1
3,841087,37,rpm,356,350,36.5,36.5,3893,500,0,11,0.011,1
3,841107,37,rpm,142,351,36.5,36.5,3893,500,0,11,0.011,1
3,841128,37,rpm,21,352,36.5,36.5,3893,500,0,11,0.011,1
3,841148,37,rpm,13,354,36.5,36.5,3893,500,0,11,0.011,1
3,841169,37,rpm,30,355,36.5,36.5,3893,500,0,11,0.011,1
3,841189,37,rpm,200,357,36.5,36.5,3893,500,0,12,0.011,1
3,841210,37,rpm,534,358,36.5,36.5,3893,500,0,12,0.011,1
3,841230,37,rpm,661,359,36.5,36.5,3893,500,0,12,0.011,1
3,841251,37,rpm,715,361,36.5,36.5,3893,500,0,12,0.012,1
3,841271,37,rpm,677,362,36.5,36.5,3893,500,0,12,0.012,1
3,841292,37,rpm,587,363,36.5,36.5,3893,500,0,12,0.012,1
3,841312,37,rpm,468,365,36.5,36.5,3893,500,0,12,0.012,1
3,841333,37,rpm,384,366,36.5,36.5,3893,500,0,12,0.012,1
3,841353,37,rpm,230,367,36.5,36.5,3893,500,0,13,0.012,1
3,841374,37,rpm,26,368,36.5,36.5,3893,500,0,13,0.012,1
3,841394,37,rpm,13,369,36.5,36.5,3893,500,0,13,0.012,1
3,841415,37,rpm,17,371,36.5,36.5,3893,500,0,13,0.013,1
3,841435,37,rpm,79,372,36.5,36.5,3893,500,0,13,0.013,1
3,841456,37,rpm,349,373,36.5,36.5,3893,500,0,13,0.013,1
3,841476,37,rpm,609,374,36.5,36.5,3893,500,0,13,0.013,1
3,841497,37,rpm,820,375,36.5,36.5,3893,500,0,13,0.013,1
3,841518,37,rpm,809,376,36.5,36.5,3893,500,0,14,0.013,1
3,841538,37,rpm,687,377,36.5,36.5,3893,500,0,14,0.013,1
3,841559,37,rpm,526,379,36.5,36.5,3893,500,0,14,0.013,1
3,841579,37,rpm,376,380,36.5,36.5,3893,500,0,14,0.014,1
3,841600,37,rpm,297,381,36.5,36.5,3893,500,0,14,0.014,1
3,841620,37,rpm,164,382,36.5,36.5,3893,500,0,14,0.014,1
3,841641,37,rpm,23,383,36.5,36.5,3893,500,0,14,0.014,1
3,841661,37,rpm,11,384,36.5,36.5,3893,500,0,14,0.014,1
3,841682,37,rpm,17,385,36.5,36.5,3893,500,0,15,0.014,1
3,841702,37,rpm,90,385,36.5,36.5,3893,500,0,15,0.014,1
3,841723,37,rpm,364,386,36.5,36.5,3893,500,0,15,0.014,1
3,841744,37,rpm,601,387,36.5,36.5,3893,500,0,15,0.015,1
3,841764,37,rpm,776,388,36.5,36.5,3893,500,0,15,0.015,1
3,841785,37,rpm,740,389,36.5,36.5,3893,500,0,15,0.015,1
3,841805,37,rpm,641,390,36.5,36.5,3893,500,0,15,0.015,1
3,841826,37,rpm,465,391,36.5,36.5,3893,500,0,16,0.015,1
3,841846,37,rpm,343,392,36.5,36.5,3893,500,0,16,0.015,1
3,841867,37,rpm,290,392,36.5,36.5,3893,500,0,16,0.015,1
3,841887,37,rpm,75,393,36.5,36.5,3893,500,0,16,0.015,1
3,841908,37,rpm,16,394,36.5,36.5,3893,500,0,16,0.016,1
3,841928,37,rpm,12,395,36.5,36.5,3893,500,0,16,0.016,1
3,841949,37,rpm,37,395,36.5,36.5,3893,500,0,16,0.016,1
3,841969,37,rpm,229,396,36.5,36.5,3893,500,0,16,0.016,1
3,841990,37,rpm,574,397,36.5,36.5,3893,500,0,17,0.016,1
3,842011,37,rpm,807,398,36.5,36.5,3893,500,0,17,0.016,1
3,842031,37,rpm,833,398,36.5,36.5,3893,500,0,17,0.016,1
3,842052,37,rpm,739,399,36.5,36.5,3893,500,0,17,0.017,1
3,842072,37,rpm,549,400,36.5,36.5,3893,500,0,17,0.017,1
3,842093,37,rpm,393,400,36.5,36.5,3893,500,0,17,0.017,1
3,842113,37,rpm,282,401,36.5,36.5,3893,500,0,17,0.017,1
3,842134,37,rpm,182,401,36.5,36.5,3893,500,0,18,0.017,1
3,842154,37,rpm,25,402,36.5,36.5,3893,500,0,18,0.017,1
3,842175,37,rpm,12,402,36.5,36.5,3893,500,0,18,0.017,1
3,842195,37,rpm,15,403,36.5,36.5,3893,500,0,18,0.017,1
3,842216,37,rpm,85,403,36.5,36.5,3893,500,0,18,0.018,1
3,842236,37,rpm,425,404,36.5,36.5,3893,500,0,18,0.018,1
3,842257,37,rpm,618,404,36.5,36.5,3893,500,0,18,0.018,1
3,842277,37,rpm,727,405,36.5,36.5,3893,500,0,19,0.018,1
3,842298,37,rpm,768,405,36.5,36.5,3893,500,0,19,0.018,1
3,842318,37,rpm,647,406,36.5,36.5,3893,500,0,19,0.018,1
3,842339,37,rpm,508,406,36.5,36.5,3893,500,0,19,0.018,1
3,842359,37,rpm,401,407,36.5,36.5,3893,500,0,19,0.019,1
3,842380,37,rpm,318,407,36.5,36.5,3893,500,0,19,0.019,1
3,842400,37,rpm,50,407,36.5,36.5,3893,500,0,19,0.019,1
3,842421,37,rpm,15,408,36.5,36.5,3893,500,0,20,0.019,1
3,842441,37,rpm,13,408,36.5,36.5,3893,500,0,20,0.019,1
3,842462,37,rpm,48,409,36.5,36.5,3893,500,0,20,0.019,1
3,842482,37,rpm,333,409,36.5,36.5,3893,500,0,20,0.019,1
3,842503,37,rpm,617,409,36.5,36.5,3893,500,0,20,0.019,1
3,842523,37,rpm,723,409,36.5,36.5,3893,500,0,20,0.02,1
3,842544,37,rpm,740,410,36.5,36.5,3893,500,0,20,0.02,1
3,842564,37,rpm,703,410,36.5,36.5,3893,500,0,20,0.02,1
3,842585,37,rpm,579,410,36.5,36.5,3893,500,0,21,0.02,1
3,842605,37,rpm,468,411,36.5,36.5,3893,500,0,21,0.02,1
3,842626,37,rpm,375,411,36.5,36.5,3893,500,0,21,0.02,1
3,842646,37,rpm,183,411,36.5,36.5,3893,500,0,21,0.02,1
3,842667,37,rpm,23,411,36.5,36.5,3893,500,0,21,0.021,1
3,842687,37,rpm,12,411,36.5,36.5,3893,500,0,21,0.021,1
3,842707,37,rpm,23,411,36.5,36.5,3893,500,0,21,0.021,1
3,842728,37,rpm,143,412,36.5,36.5,3893,500,0,22,0.021,1
3,842749,37,rpm,491,412,36.5,36.5,3893,500,0,22,0.021,1
3,842769,37,rpm,637,412,36.5,36.5,3893,500,0,22,0.021,1
3,842790,37,rpm,713,412,36.5,36.5,3893,500,0,22,0.021,1
3,842810,37,rpm,687,412,36.5,36.5,3893,500,0,22,0.022,1
3,842831,37,rpm,606,412,36.5,36.5,3893,500,0,22,0.022,1
3,842851,37,rpm,485,412,36.5,36.5,3893,500,0,22,0.022,1
3,842872,37,rpm,400,412,36.5,36.5,3893,500,0,23,0.022,1
3,842892,37,rpm,289,412,36.5,36.5,3893,500,0,23,0.022,1
3,842913,37,rpm,32,413,36.5,36.5,3893,500,0,23,0.022,1
3,842933,37,rpm,14,413,36.5,36.5,3893,500,0,23,0.022,1
3,842954,37,rpm,14,413,36.5,36.5,3893,500,0,23,0.022,1
3,842974,37,rpm,51,413,36.5,36.5,3893,500,0,23,0.023,1
3,842995,37,rpm,274,413,36.5,36.5,3893,500,0,23,0.023,1
3,843015,37,rpm,559,413,36.5,36.5,3893,500,0,24,0.023,1
3,843036,37,rpm,788,413,36.5,36.5,3893,500,0,24,0.023,1
3,843057,37,rpm,824,413,36.5,36.5,3893,500,0,24,0.023,1
3,843077,37,rpm,721,412,36.5,36.5,3893,500,0,24,0.023,1
3,843097,37,rpm,559,412,36.5,36.5,3893,500,0,24,0.023,1
3,843118,37,rpm,395,412,36.5,36.5,3893,500,0,24,0.024,1
3,843139,37,rpm,296,412,36.5,36.5,3893,500,0,24,0.024,1
3,843159,37,rpm,208,412,36.5,36.5,3893,500,0,25,0.024,1
3,843180,37,rpm,26,412,36.5,36.5,3893,500,0,25,0.024,1
3,843200,37,rpm,12,412,36.5,36.5,3893,500,0,25,0.024,1
3,843221,37,rpm,13,412,36.5,36.5,3893,500,0,25,0.024,1
3,843241,37,rpm,61,412,36.5,36.5,3893,500,0,25,0.024,1
3,843262,37,rpm,311,412,36.5,36.5,3893,500,0,25,0.025,1
3,843282,37,rpm,585,411,36.5,36.5,3893,500,0,25,0.025,1
3,843303,37,rpm,790,411,36.5,36.5,3893,500,0,26,0.025,1
3,843323,37,rpm,773,411,36.5,36.5,3893,500,0,26,0.025,1
3,843344,37,rpm,673,411,36.5,36.5,3893,500,0,26,0.025,1
3,843364,37,rpm,496,411,36.5,36.5,3893,500,0,26,0.025,1
3,843385,37,rpm,350,411,36.5,36.5,3893,500,0,26,0.025,1
3,843405,37,rpm,285,410,36.5,36.5,3893,500,0,26,0.025,1
3,843426,37,rpm,137,410,36.5,36.5,3893,500,0,26,0.026,1
3,843446,37,rpm,21,410,36.5,36.5,3893,500,0,27,0.026,1
3,843467,37,rpm,11,410,36.5,36.5,3893,500,0,27,0.026,1
3,843487,37,rpm,21,410,36.5,36.5,3893,500,0,27,0.026,1
3,843508,37,rpm,142,409,36.5,36.5,3893,500,0,27,0.026,1
3,843529,37,rpm,483,409,36.5,36.5,3893,500,0,27,0.026,1
3,843549,37,rpm,760,409,36.5,36.5,3893,500,0,27,0.026,1
3,843570,37,rpm,844,409,36.5,36.5,3893,500,0,27,0.027,1
3,843590,37,rpm,756,408,36.5,36.5,3893,500,0,28,0.027,1
3,843611,37,rpm,578,408,36.5,36.5,3893,500,0,28,0.027,1
3,843631,37,rpm,418,408,36.5,36.5,3893,500,0,28,0.027,1
3,843652,37,rpm,292,408,36.5,36.5,3893,500,0,28,0.027,1
3,843672,37,rpm,224,407,36.5,36.5,3893,500,0,28,0.027,1
3,843693,37,rpm,33,407,36.5,36.5,3893,500,0,28,0.027,1
3,843713,37,rpm,13,407,36.5,36.5,3893,500,0,28,0.028,1
3,843734,37,rpm,13,406,36.5,36.5,3893,500,0,29,0.028,1
3,843755,37,rpm,56,406,36.5,36.5,3893,500,0,29,0.028,1
3,843775,37,rpm,354,406,36.5,36.5,3893,500,0,29,0.028,1
3,843796,37,rpm,600,406,36.5,36.5,3893,500,0,29,0.028,1
3,843816,37,rpm,741,405,36.5,36.5,3893,500,0,29,0.028,1
3,843837,37,rpm,787,405,36.5,36.5,3893,500,0,29,0.028,1
3,843857,37,rpm,672,405,36.5,36.5,3893,500,0,29,0.028,1
3,843878,37,rpm,524,404,36.5,36.5,3893,500,0,29,0.029,1
3,843898,37,rpm,394,404,36.5,36.5,3893,500,0,30,0.029,1
3,843919,37,rpm,318,404,36.5,36.5,3893,500,0,30,0.029,1
3,843939,37,rpm,100,403,36.5,36.5,3893,500,0,30,0.029,1
3,843960,37,rpm,17,403,36.5,36.5,3893,500,0,30,0.029,1
3,843980,37,rpm,12,402,36.5,36.5,3893,500,0,30,0.029,1
3,844001,37,rpm,33,402,36.5,36.5,3893,500,0,30,0.029,1
3,844021,37,rpm,253,402,36.5,36.5,3893,500,0,30,0.03,1
3,844042,37,rpm,594,401,36.5,36.5,3893,500,0,31,0.03,1
3,844063,37,rpm,702,401,36.5,36.5,3893,500,0,31,0.03,1
3,844083,37,rpm,737,401,36.5,36.5,3893,500,0,31,0.03,1
3,844104,37,rpm,716,400,36.5,36.5,3893,500,0,31,0.03,1
3,844124,37,rpm,602,400,36.5,36.5,3893,500,0,31,0.03,1
3,844145,37,rpm,476,399,36.5,36.5,3893,500,0,31,0.03,1
3,844165,37,rpm,385,399,36.5,36.5,3893,500,0,31,0.03,1
3,844186,37,rpm,236,399,36.5,36.5,3893,500,0,32,0.031,1
3,844207,37,rpm,25,398,36.5,36.5,3893,500,0,32,0.031,1
3,844227,37,rpm,12,398,36.5,36.5,3893,500,0,32,0.031,1
3,844248,37,rpm,18,397,36.5,36.5,3893,500,0,32,0.031,1
3,844268,37,rpm,108,397,36.5,36.5,3893,500,0,32,0.031,1
3,844289,37,rpm,452,397,36.5,36.5,3893,500,0,32,0.031,1
3,844309,37,rpm,625,396,36.5,36.5,3893,500,0,32,0.031,1
3,844330,37,rpm,708,396,36.5,36.5,3893,500,0,32,0.032,1
3,844350,37,rpm,682,395,36.5,36.5,3893,500,0,33,0.032,1
3,844371,37,rpm,624,395,36.5,36.5,3893,500,0,33,0.032,1
3,844391,37,rpm,493,395,36.5,36.5,3893,500,0,33,0.032,1
3,844412,37,rpm,407,394,36.5,36.5,3893,500,0,33,0.032,1
3,844432,37,rpm,315,394,36.5,36.5,3893,500,0,33,0.032,1
3,844453,37,rpm,49,393,36.5,36.5,3893,500,0,33,0.032,1
3,844473,37,rpm,14,393,36.5,36.5,3893,500,0,33,0.032,1
3,844494,37,rpm,13,393,36.5,36.5,3893,500,0,34,0.033,1
3,844514,37,rpm,41,392,36.5,36.5,3893,500,0,34,0.033,1
3,844535,37,rpm,237,392,36.5,36.5,3893,500,0,34,0.033,1
3,844555,37,rpm,534,391,36.5,36.5,3893,500,0,34,0.033,1
3,844576,37,rpm,749,391,36.5,36.5,3893,500,0,34,0.033,1
3,844596,37,rpm,821,390,36.5,36.5,3893,500,0,34,0.033,1
3,844617,37,rpm,728,390,36.5,36.5,3893,500,0,34,0.033,1
3,844638,37,rpm,573,390,36.5,36.5,3893,500,0,35,0.033,1
3,844658,37,rpm,421,389,36.5,36.5,3893,500,0,35,0.034,1
3,844678,37,rpm,307,389,36.5,36.5,3893,500,0,35,0.034,1
3,844699,37,rpm,245,388,36.5,36.5,3893,500,0,35,0.034,1
3,844720,37,rpm,33,388,36.5,36.5,3893,500,0,35,0.034,1
3,844740,37,rpm,13,387,36.5,36.5,3893,500,0,35,0.034,1
3,844761,37,rpm,11,387,36.5,36.5,3893,500,0,35,0.034,1
3,844781,37,rpm,43,387,36.5,36.5,3893,500,0,35,0.034,1
3,844802,37,rpm,249,386,36.5,36.5,3893,500,0,36,0.034,1
3,844822,37,rpm,517,386,36.5,36.5,3893,500,0,36,0.035,1
3,844843,37,rpm,728,385,36.5,36.5,3893,500,0,36,0.035,1
3,844863,37,rpm,765,385,36.5,36.5,3893,500,0,36,0.035,1
3,844884,37,rpm,681,385,36.5,36.5,3893,500,0,36,0.035,1
3,844904,37,rpm,519,384,36.5,36.5,3893,500,0,36,0.035,1
3,844925,37,rpm,375,384,36.5,36.5,3893,500,0,36,0.035,1
3,844946,37,rpm,314,383,36.5,36.5,3893,500,0,36,0.035,1
3,844966,37,rpm,149,383,36.5,36.5,3893,500,0,37,0.036,1
3,844987,37,rpm,22,383,36.5,36.5,3893,500,0,37,0.036,1
3,845007,37,rpm,11,382,36.5,36.5,3893,500,0,37,0.036,1
3,845028,37,rpm,20,382,36.5,36.5,3893,500,0,37,0.036,1
3,845048,37,rpm,132,381,36.5,36.5,3893,500,0,37,0.036,1
3,845069,37,rpm,462,381,36.5,36.5,3893,500,0,37,0.036,1
3,845089,37,rpm,741,381,36.5,36.5,3893,500,0,37,0.036,1
3,845110,37,rpm,852,380,36.5,36.5,3893,500,0,38,0.036,1
3,845130,37,rpm,763,380,36.5,36.5,3893,500,0,38,0.037,1
3,845151,37,rpm,607,379,36.5,36.5,3893,500,0,38,0.037,1
3,845171,37,rpm,438,379,36.5,36.5,3893,500,0,38,0.037,1
3,845192,37,rpm,306,379,36.5,36.5,3893,500,0,38,0.037,1
3,845212,37,rpm,239,378,36.5,36.5,3893,500,0,38,0.037,1
3,845233,37,rpm,51,378,36.5,36.5,3893,500,0,38,0.037,1
3,845253,37,rpm,14,377,36.5,36.5,3893,500,0,38,0.037,1
3,845274,37,rpm,11,377,36.5,36.5,3893,500,0,39,0.037,1
3,845295,37,rpm,39,377,36.5,36.5,3893,500,0,39,0.038,1
3,845315,37,rpm,280,376,36.5,36.5,3893,500,0,39,0.038,1
3,845336,37,rpm,583,376,36.5,36.5,3893,500,0,39,0.038,1
3,845356,37,rpm,685,376,36.5,36.5,3893,500,0,39,0.038,1
3,845377,37,rpm,750,375,36.5,36.5,3893,500,0,39,0.038,1
3,845397,37,rpm,692,375,36.5,36.5,3893,500,0,39,0.038,1
3,845418,37,rpm,548,374,36.5,36.5,3893,500,0,39,0.038,1
3,845438,37,rpm,422,374,36.5,36.5,3893,500,0,40,0.038,1
3,845459,37,rpm,342,374,36.5,36.5,3893,500,0,40,0.039,1
3,845479,37,rpm,135,373,36.5,36.5,3893,500,0,40,0.039,1
3,845500,37,rpm,20,373,36.5,36.5,3893,500,0,40,0.039,1
3,845520,37,rpm,12,373,36.5,36.5,3893,500,0,40,0.039,1
3,845541,37,rpm,25,372,36.5,36.5,3893,500,0,40,0.039,1
3,845561,37,rpm,185,372,36.5,36.5,3893,500,0,40,0.039,1
3,845582,37,rpm,574,372,36.5,36.5,3893,500,0,40,0.039,1
3,845602,37,rpm,685,371,36.5,36.5,3893,500,0,41,0.039,1
3,845623,37,rpm,742,371,36.5,36.5,3893,500,0,41,0.04,1
3,845643,37,rpm,709,371,36.5,36.5,3893,500,0,41,0.04,1
3,845664,37,rpm,622,370,36.5,36.5,3893,500,0,41,0.04,1
3,845684,37,rpm,498,370,36.5,36.5,3893,500,0,41,0.04,1
3,845705,37,rpm,403,370,36.5,36.5,3893,500,0,41,0.04,1
3,845725,37,rpm,286,369,36.5,36.5,3893,500,0,41,0.04,1
3,845746,37,rpm,30,369,36.5,36.5,3893,500,0,41,0.04,1
3,845766,37,rpm,13,369,36.5,36.5,3893,500,0,42,0.04,1
3,845787,37,rpm,15,368,36.5,36.5,3893,500,0,42,0.04,1
3,845807,37,rpm,76,368,36.5,36.5,3893,500,0,42,0.041,1
3,845828,37,rpm,386,368,36.5,36.5,3893,500,0,42,0.041,1
3,845848,37,rpm,605,368,36.5,36.5,3893,500,0,42,0.041,1
3,845869,37,rpm,696,367,36.5,36.5,3893,500,0,42,0.041,1
3,845890,37,rpm,681,367,36.5,36.5,3893,500,0,42,0.041,1
3,845910,37,rpm,646,367,36.5,36.5,3893,500,0,43,0.041,1
3,845931,37,rpm,514,366,36.5,36.5,3893,500,0,43,0.041,1
3,845951,37,rpm,419,366,36.5,36.5,3893,500,0,43,0.041,1
3,845972,37,rpm,336,366,36.5,36.5,3893,500,0,43,0.042,1
3,845992,37,rpm,88,366,36.5,36.5,3893,500,0,43,0.042,1
3,846013,37,rpm,15,365,36.5,36.5,3893,500,0,43,0.042,1
3,846033,37,rpm,12,365,36.5,36.5,3893,500,0,43,0.042,1
3,846054,37,rpm,29,365,36.5,36.5,3893,500,0,43,0.042,1
3,846074,37,rpm,178,365,36.5,36.5,3893,500,0,44,0.042,1
3,846095,37,rpm,502,364,36.5,36.5,3893,500,0,44,0.042,1
3,846116,37,rpm,735,364,36.5,36.5,3893,500,0,44,0.042,1
3,846136,37,rpm,832,364,36.5,36.5,3893,500,0,44,0.043,1
3,846157,37,rpm,753,364,36.5,36.5,3893,500,0,44,0.043,1
3,846177,37,rpm,595,363,36.5,36.5,3893,500,0,44,0.043,1
3,846198,37,rpm,440,363,36.5,36.5,3893,500,0,44,0.043,1
3,846218,37,rpm,310,363,36.5,36.5,3893,500,0,44,0.043,1
3,846239,37,rpm,259,363,36.5,36.5,3893,500,0,45,0.043,1
3,846259,37,rpm,58,362,36.5,36.5,3893,500,0,45,0.043,1
3,846280,37,rpm,14,362,36.5,36.5,3893,500,0,45,0.043,1
3,846300,37,rpm,11,362,36.5,36.5,3893,500,0,45,0.044,1
3,846321,37,rpm,33,362,36.5,36.5,3893,500,0,45,0.044,1
3,846341,37,rpm,203,362,36.5,36.5,3893,500,0,45,0.044,1
3,846362,37,rpm,516,361,36.5,36.5,3893,500,0,45,0.044,1
3,846382,37,rpm,732,361,36.5,36.5,3893,500,0,45,0.044,1
3,846403,37,rpm,785,361,36.5,36.5,3893,500,0,45,0.044,1
3,846423,37,rpm,697,361,36.5,36.5,3893,500,0,46,0.044,1
3,846444,37,rpm,544,361,36.5,36.5,3893,500,0,46,0.044,1
3,846464,37,rpm,386,361,36.5,36.5,3893,500,0,46,0.044,1
3,846485,37,rpm,295,360,36.5,36.5,3893,500,0,46,0.045,1
3,846505,37,rpm,204,360,36.5,36.5,3893,500,0,46,0.045,1
3,846526,37,rpm,25,360,36.5,36.5,3893,500,0,46,0.045,1
3,846546,37,rpm,12,360,36.5,36.5,3893,500,0,46,0.045,1
3,846567,37,rpm,14,360,36.5,36.5,3893,500,0,46,0.045,1
3,846587,37,rpm,81,360,36.5,36.5,3893,500,0,47,0.045,1
3,846608,37,rpm,376,359,36.5,36.5,3893,500,0,47,0.045,1
3,846629,37,rpm,701,359,36.5,36.5,3893,500,0,47,0.045,1
3,846649,37,rpm,843,359,36.5,36.5,3893,500,0,47,0.046,1
3,846670,37,rpm,772,359,36.5,36.5,3893,500,0,47,0.046,1
3,846690,37,rpm,632,359,36.5,36.5,3893,500,0,47,0.046,1
3,846711,37,rpm,457,359,36.5,36.5,3893,500,0,47,0.046,1
3,846731,37,rpm,317,359,36.5,36.5,3893,500,0,47,0.046,1
3,846752,37,rpm,246,358,36.5,36.5,3893,500,0,48,0.046,1
3,846772,37,rpm,81,358,36.5,36.5,3893,500,0,48,0.046,1
3,846793,37,rpm,16,358,36.5,36.5,3893,500,0,48,0.046,1
3,846813,37,rpm,11,358,36.5,36.5,3893,500,0,48,0.047,1
3,846834,37,rpm,30,358,36.5,36.5,3893,500,0,48,0.047,1
3,846854,37,rpm,228,358,36.5,36.5,3893,500,0,48,0.047,1
3,846875,37,rpm,566,358,36.5,36.5,3893,500,0,48,0.047,1
3,846896,37,rpm,675,358,36.5,36.5,3893,500,0,48,0.047,1
3,846916,37,rpm,766,358,36.5,36.5,3893,500,0,49,0.047,1
3,846937,37,rpm,714,357,36.5,36.5,3893,500,0,49,0.047,1
3,846957,37,rpm,568,357,36.5,36.5,3893,500,0,49,0.047,1
3,846978,37,rpm,431,357,36.5,36.5,3893,500,0,49,0.047,1
3,846998,37,rpm,344,357,36.5,36.5,3893,500,0,49,0.048,1
3,847019,37,rpm,176,357,36.5,36.5,3893,500,0,49,0.048,1
3,847039,37,rpm,23,357,36.5,36.5,3893,500,0,49,0.048,1
3,847060,37,rpm,12,357,36.5,36.5,3893,500,0,49,0.048,1
3,847080,37,rpm,20,357,36.5,36.5,3893,500,0,50,0.048,1
3,847101,37,rpm,143,357,36.5,36.5,3893,500,0,50,0.048,1
3,847121,37,rpm,526,357,36.5,36.5,3893,500,0,50,0.048,1
3,847142,37,rpm,656,357,36.5,36.5,3893,500,0,50,0.048,1
3,847162,37,rpm,736,357,36.5,36.5,3893,500,0,50,0.049,1
3,847183,37,rpm,707,357,36.5,36.5,3893,500,0,50,0.049,1
3,847203,37,rpm,644,357,36.5,36.5,3893,500,0,50,0.049,1
3,847224,37,rpm,505,356,36.5,36.5,3893,500,0,50,0.049,1
3,847244,37,rpm,410,356,36.5,36.5,3893,500,0,51,0.049,1
3,847265,37,rpm,315,356,36.5,36.5,3893,500,0,51,0.049,1
3,847285,37,rpm,50,356,36.5,36.5,3893,500,0,51,0.049,1
3,847306,37,rpm,13,356,36.5,36.5,3893,500,0,51,0.049,1
3,847326,37,rpm,13,356,36.5,36.5,3893,500,0,51,0.049,1
3,847347,37,rpm,55,356,36.5,36.5,3893,500,0,51,0.05,1
3,847367,37,rpm,333,356,36.5,36.5,3893,500,0,51,0.05,1
3,847388,37,rpm,599,356,36.5,36.5,3893,500,0,51,0.05,1
3,847409,37,rpm,692,356,36.5,36.5,3893,500,0,51,0.05,1
3,847429,37,rpm,681,356,36.5,36.5,3893,500,0,52,0.05,1
3,847450,37,rpm,651,356,36.5,36.5,3893,500,0,52,0.05,1
3,847470,37,rpm,528,356,36.5,36.5,3893,500,0,52,0.05,1
3,847491,37,rpm,430,356,36.5,36.5,3893,500,0,52,0.05,1
3,847511,37,rpm,350,356,36.5,36.5,3893,500,0,52,0.051,1
3,847532,37,rpm,131,356,36.5,36.5,3893,500,0,52,0.051,1
3,847552,37,rpm,19,356,36.5,36.5,3893,500,0,52,0.051,1
3,847573,37,rpm,11,356,36.5,36.5,3893,500,0,52,0.051,1
3,847593,37,rpm,23,356,36.5,36.5,3893,500,0,53,0.051,1
3,847614,37,rpm,138,356,36.5,36.5,3893,500,0,53,0.051,1
3,847634,37,rpm,446,356,36.5,36.5,3893,500,0,53,0.051,1
3,847655,37,rpm,669,356,36.5,36.5,3893,500,0,53,0.051,1
3,847675,37,rpm,821,356,36.5,36.5,3893,500,0,53,0.051,1
3,847696,37,rpm,759,356,36.5,36.5,3893,500,0,53,0.052,1
3,847716,37,rpm,624,356,36.5,36.5,3893,500,0,53,0.052,1
3,847737,37,rpm,466,356,36.5,36.5,3893,500,0,53,0.052,1
3,847757,37,rpm,327,356,36.5,36.5,3893,500,0,54,0.052,1
3,847778,37,rpm,284,356,36.5,36.5,3893,500,0,54,0.052,1
3,847798,37,rpm,92,356,36.5,36.5,3893,500,0,54,0.052,1
3,847819,37,rpm,16,356,36.5,36.5,3893,500,0,54,0.052,1
3,847840,37,rpm,10,356,36.5,36.5,3893,500,0,54,0.052,1
3,847860,37,rpm,23,356,36.5,36.5,3893,500,0,54,0.053,1
3,847881,37,rpm,148,356,36.5,36.5,3893,500,0,54,0.053,1
3,847901,37,rpm,453,356,36.5,36.5,3893,500,0,54,0.053,1
3,847922,37,rpm,661,356,36.5,36.5,3893,500,0,55,0.053,1
3,847942,37,rpm,788,357,36.5,36.5,3893,500,0,55,0.053,1
3,847963,37,rpm,719,357,36.5,36.5,3893,500,0,55,0.053,1
3,847983,37,rpm,569,357,36.5,36.5,3893,500,0,55,0.053,1
3,848004,37,rpm,421,357,36.5,36.5,3893,500,0,55,0.053,1
3,848024,37,rpm,321,357,36.5,36.5,3893,500,0,55,0.053,1
3,848045,37,rpm,251,357,36.5,36.5,3893,500,0,55,0.054,1
3,848065,37,rpm,30,357,36.5,36.5,3893,500,0,55,0.054,1
3,848086,37,rpm,13,357,36.5,36.5,3893,500,0,56,0.054,1
3,848107,37,rpm,13,357,36.5,36.5,3893,500,0,56,0.054,1
3,848127,37,rpm,63,357,36.5,36.5,3893,500,0,56,0.054,1
3,848148,37,rpm,326,357,36.5,36.5,3893,500,0,56,0.054,1
3,848168,37,rpm,662,357,36.5,36.5,3893,500,0,56,0.054,1
3,848189,37,rpm,832,357,36.5,36.5,3893,500,0,56,0.054,1
3,848209,37,rpm,786,357,36.5,36.5,3893,500,0,56,0.055,1
3,848230,37,rpm,668,357,36.5,36.5,3893,500,0,56,0.055,1
3,848250,37,rpm,485,357,36.5,36.5,3893,500,0,56,0.055,1
3,848271,37,rpm,342,357,36.5,36.5,3893,500,0,57,0.055,1
3,848291,37,rpm,254,357,36.5,36.5,3893,500,0,57,0.055,1
3,848312,37,rpm,113,358,36.5,36.5,3893,500,0,57,0.055,1
3,848332,37,rpm,19,358,36.5,36.5,3893,500,0,57,0.055,1
3,848353,37,rpm,10,358,36.5,36.5,3893,500,0,57,0.055,1
3,848374,37,rpm,21,358,36.5,36.5,3893,500,0,57,0.056,1
3,848394,37,rpm,151,358,36.5,36.5,3893,500,0,57,0.056,1
3,848415,37,rpm,526,358,36.5,36.5,3893,500,0,57,0.056,1
3,848435,37,rpm,646,358,36.5,36.5,3893,500,0,58,0.056,1
3,848456,37,rpm,735,358,36.5,36.5,3893,500,0,58,0.056,1
3,848476,37,rpm,727,358,36.5,36.5,3893,500,0,58,0.056,1
3,848497,37,rpm,588,358,36.5,36.5,3893,500,0,58,0.056,1
3,848517,37,rpm,459,358,36.5,36.5,3893,500,0,58,0.056,1
3,848538,37,rpm,358,358,36.5,36.5,3893,500,0,58,0.056,1
3,848559,37,rpm,212,358,36.5,36.5,3893,500,0,58,0.057,1
3,848579,37,rpm,25,359,36.5,36.5,3893,500,0,58,0.057,1
3,848600,37,rpm,12,359,36.5,36.5,3893,500,0,59,0.057,1
3,848620,37,rpm,16,359,36.5,36.5,3893,500,0,59,0.057,1
3,848641,37,rpm,99,359,36.5,36.5,3893,500,0,59,0.057,1
3,848661,37,rpm,488,359,36.5,36.5,3893,500,0,59,0.057,1
3,848682,37,rpm,650,359,36.5,36.5,3893,500,0,59,0.057,1
3,848702,37,rpm,741,359,36.5,36.5,3893,500,0,59,0.057,1
3,848723,37,rpm,715,359,36.5,36.5,3893,500,0,59,0.058,1
3,848743,37,rpm,663,359,36.5,36.5,3893,500,0,59,0.058,1
3,848764,37,rpm,526,359,36.5,36.5,3893,500,0,60,0.058,1
3,848784,37,rpm,424,359,36.5,36.5,3893,500,0,60,0.058,1
3,848805,37,rpm,335,359,36.5,36.5,3893,500,0,60,0.058,1
3,848825,37,rpm,87,360,36.5,36.5,3893,500,0,60,0.058,1
3,848846,37,rpm,15,360,36.5,36.5,3893,500,0,60,0.058,1
3,848866,37,rpm,12,360,36.5,36.5,3893,500,0,60,0.058,1
3,848887,37,rpm,38,360,36.5,36.5,3893,500,0,60,0.058,1
3,848907,37,rpm,258,360,36.5,36.5,3893,500,0,60,0.059,1
3,848928,37,rpm,569,360,36.5,36.5,3893,500,0,61,0.059,1
3,848949,37,rpm,676,360,36.5,36.5,3893,500,0,61,0.059,1
3,848969,37,rpm,696,360,36.5,36.5,3893,500,0,61,0.059,1
3,848990,37,rpm,655,360,36.5,36.5,3893,500,0,61,0.059,1
3,849010,37,rpm,545,360,36.5,36.5,3893,500,0,61,0.059,1
3,849031,37,rpm,441,360,36.5,36.5,3893,500,0,61,0.059,1
3,849051,37,rpm,363,360,36.5,36.5,3893,500,0,61,0.059,1
3,849072,37,rpm,171,361,36.5,36.5,3893,500,0,61,0.06,1
3,849092,37,rpm,22,361,36.5,36.5,3893,500,0,62,0.06,1
3,849113,37,rpm,11,361,36.5,36.5,3893,500,0,62,0.06,1
3,849133,37,rpm,18,361,36.5,36.5,3893,500,0,62,0.06,1
3,849154,37,rpm,102,361,36.5,36.5,3893,500,0,62,0.06,1
3,849174,37,rpm,412,361,36.5,36.5,3893,500,0,62,0.06,1
3,849195,37,rpm,671,361,36.5,36.5,3893,500,0,62,0.06,1
3,849215,37,rpm,826,361,36.5,36.5,3893,500,0,62,0.06,1
3,849236,37,rpm,765,361,36.5,36.5,3893,500,0,62,0.061,1
3,849256,37,rpm,644,361,36.5,36.5,3893,500,0,63,0.061,1
3,849277,37,rpm,486,361,36.5,36.5,3893,500,0,63,0.061,1
3,849298,37,rpm,339,362,36.5,36.5,3893,500,0,63,0.061,1
3,849318,37,rpm,278,362,36.5,36.5,3893,500,0,63,0.061,1
3,849339,37,rpm,119,362,36.5,36.5,3893,500,0,63,0.061,1
3,849359,37,rpm,18,362,36.5,36.5,3893,500,0,63,0.061,1
3,849380,37,rpm,10,362,36.5,36.5,3893,500,0,63,0.061,1
3,849400,37,rpm,20,362,36.5,36.5,3893,500,0,63,0.061,1
3,849421,37,rpm,127,362,36.5,36.5,3893,500,0,64,0.062,1
3,849441,37,rpm,433,362,36.5,36.5,3893,500,0,64,0.062,1
3,849462,37,rpm,674,362,36.5,36.5,3893,500,0,64,0.062,1
3,849482,37,rpm,776,362,36.5,36.5,3893,500,0,64,0.062,1
3,849503,37,rpm,710,362,36.5,36.5,3893,500,0,64,0.062,1
3,849523,37,rpm,589,363,36.5,36.5,3893,500,0,64,0.062,1
3,849544,37,rpm,421,363,36.5,36.5,3893,500,0,64,0.062,1
3,849565,37,rpm,313,363,36.5,36.5,3893,500,0,64,0.062,1
3,849585,37,rpm,261,363,36.5,36.5,3893,500,0,64,0.063,1
3,849606,37,rpm,39,363,36.5,36.5,3893,500,0,65,0.063,1
3,849626,37,rpm,13,363,36.5,36.5,3893,500,0,65,0.063,1
3,849647,37,rpm,11,363,36.5,36.5,3893,500,0,65,0.063,1
3,849667,37,rpm,47,363,36.5,36.5,3893,500,0,65,0.063,1
3,849688,37,rpm,279,363,36.5,36.5,3893,500,0,65,0.063,1
3,849708,37,rpm,635,363,36.5,36.5,3893,500,0,65,0.063,1
3,849729,37,rpm,822,363,36.5,36.5,3893,500,0,65,0.063,1
3,849749,37,rpm,795,363,36.5,36.5,3893,500,0,65,0.064,1
3,849770,37,rpm,688,363,36.5,36.5,3893,500,0,66,0.064,1
3,849790,37,rpm,502,364,36.5,36.5,3893,500,0,66,0.064,1
3,849811,37,rpm,356,364,36.5,36.5,3893,500,0,66,0.064,1
3,849831,37,rpm,265,364,36.5,36.5,3893,500,0,66,0.064,1
3,849852,37,rpm,136,364,36.5,36.5,3893,500,0,66,0.064,1
3,849872,37,rpm,21,364,36.5,36.5,3893,500,0,66,0.064,1
3,849893,37,rpm,11,364,36.5,36.5,3893,500,0,66,0.064,1
3,849913,37,rpm,17,364,36.5,36.5,3893,500,0,66,0.064,1
3,849934,37,rpm,124,364,36.5,36.5,3893,500,0,67,0.065,1
3,849954,37,rpm,502,364,36.5,36.5,3893,500,0,67,0.065,1
3,849975,37,rpm,631,364,36.5,36.5,3893,500,0,67,0.065,1
3,849995,37,rpm,738,364,36.5,36.5,3893,500,0,67,0.065,1
3,850016,37,rpm,741,364,36.5,36.5,3893,500,0,67,0.065,1
3,850036,37,rpm,606,364,36.5,36.5,3893,500,0,67,0.065,1
3,850057,37,rpm,471,365,36.5,36.5,3893,500,0,67,0.065,1
3,850078,37,rpm,368,365,36.5,36.5,3893,500,0,67,0.065,1
3,850098,37,rpm,258,365,36.5,36.5,3893,500,0,68,0.066,1
3,850119,37,rpm,28,365,36.5,36.5,3893,500,0,68,0.066,1
3,850139,37,rpm,13,365,36.5,36.5,3893,500,0,68,0.066,1
3,850160,37,rpm,14,365,36.5,36.5,3893,500,0,68,0.066,1
3,850180,37,rpm,73,365,36.5,36.5,3893,500,0,68,0.066,1
3,850201,37,rpm,422,365,36.5,36.5,3893,500,0,68,0.066,1
3,850221,37,rpm,630,365,36.5,36.5,3893,500,0,68,0.066,1
3,850242,37,rpm,726,365,36.5,36.5,3893,500,0,68,0.066,1
3,850262,37,rpm,710,365,36.5,36.5,3893,500,0,69,0.067,1
3,850283,37,rpm,668,365,36.5,36.5,3893,500,0,69,0.067,1
3,850303,37,rpm,544,365,36.5,36.5,3893,500,0,69,0.067,1
3,850324,37,rpm,440,365,36.5,36.5,3893,500,0,69,0.067,1
3,850344,37,rpm,349,365,36.5,36.5,3893,500,0,69,0.067,1
3,850365,37,rpm,113,365,36.5,36.5,3893,500,0,69,0.067,1
3,850385,37,rpm,17,365,36.5,36.5,3893,500,0,69,0.067,1
3,850406,37,rpm,11,366,36.5,36.5,3893,500,0,69,0.067,1
3,850426,37,rpm,30,366,36.5,36.5,3893,500,0,70,0.068,1
3,850447,37,rpm,211,366,36.5,36.5,3893,500,0,70,0.068,1
3,850467,37,rpm,546,366,36.5,36.5,3893,500,0,70,0.068,1
3,850488,37,rpm,657,366,36.5,36.5,3893,500,0,70,0.068,1
3,850509,37,rpm,700,366,36.5,36.5,3893,500,0,70,0.068,1
3,850529,37,rpm,670,366,36.5,36.5,3893,500,0,70,0.068,1
3,850549,37,rpm,568,366,36.5,36.5,3893,500,0,70,0.068,1
3,850570,37,rpm,458,366,36.5,36.5,3893,500,0,70,0.068,1
3,850590,37,rpm,378,366,36.5,36.5,3893,500,0,71,0.068,1
3,850611,37,rpm,214,366,36.5,36.5,3893,500,0,71,0.069,1
3,850632,37,rpm,24,366,36.5,36.5,3893,500,0,71,0.069,1
3,850652,37,rpm,12,366,36.5,36.5,3893,500,0,71,0.069,1
3,850672,37,rpm,15,366,36.5,36.5,3893,500,0,71,0.069,1
3,850693,37,rpm,74,366,36.5,36.5,3893,500,0,71,0.069,1
3,850713,37,rpm,350,366,36.5,36.5,3893,500,0,71,0.069,1
3,850734,37,rpm,590,366,36.5,36.5,3893,500,0,71,0.069,1
3,850754,37,rpm,804,366,36.5,36.5,3893,500,0,72,0.069,1
3,850775,37,rpm,778,366,36.5,36.5,3893,500,0,72,0.07,1
3,850795,37,rpm,681,366,36.5,36.5,3893,500,0,72,0.07,1
3,850816,37,rpm,522,366,36.5,36.5,3893,500,0,72,0.07,1
3,850836,37,rpm,363,366,36.5,36.5,3893,500,0,72,0.07,1
3,850857,37,rpm,292,366,36.5,36.5,3893,500,0,72,0.07,1
3,850877,37,rpm,160,366,36.5,36.5,3893,500,0,72,0.07,1
3,850898,37,rpm,22,366,36.5,36.5,3893,500,0,72,0.07,1
3,850918,37,rpm,10,366,36.5,36.5,3893,500,0,73,0.07,1
3,850939,37,rpm,14,366,36.5,36.5,3893,500,0,73,0.071,1
3,850959,37,rpm,82,367,36.5,36.5,3893,500,0,73,0.071,1
3,850980,37,rpm,369,367,36.5,36.5,3893,500,0,73,0.071,1
3,851000,37,rpm,615,367,36.5,36.5,3893,500,0,73,0.071,1
3,851021,37,rpm,790,367,36.5,36.5,3893,500,0,73,0.071,1
3,851041,37,rpm,738,367,36.5,36.5,3893,500,0,73,0.071,1
3,851062,37,rpm,637,367,36.5,36.5,3893,500,0,73,0.071,1
3,851083,37,rpm,458,367,36.5,36.5,3893,500,0,74,0.071,1
3,851103,37,rpm,334,367,36.5,36.5,3893,500,0,74,0.072,1
3,851124,37,rpm,283,367,36.5,36.5,3893,500,0,74,0.072,1
3,851144,37,rpm,83,367,36.5,36.5,3893,500,0,74,0.072,1
3,851165,37,rpm,15,367,36.5,36.5,3893,500,0,74,0.072,1
3,851185,37,rpm,11,367,36.5,36.5,3893,500,0,74,0.072,1
3,851206,37,rpm,28,367,36.5,36.5,3893,500,0,74,0.072,1
3,851226,37,rpm,192,367,36.5,36.5,3893,500,0,74,0.072,1
3,851247,37,rpm,561,367,36.5,36.5,3893,500,0,75,0.072,1
3,851267,37,rpm,792,367,36.5,36.5,3893,500,0,75,0.072,1
3,851288,37,rpm,813,367,36.5,36.5,3893,500,0,75,0.073,1
3,851308,37,rpm,718,367,36.5,36.5,3893,500,0,75,0.073,1
3,851329,37,rpm,536,367,36.5,36.5,3893,500,0,75,0.073,1
3,851349,37,rpm,385,367,36.5,36.5,3893,500,0,75,0.073,1
3,851370,37,rpm,273,367,36.5,36.5,3893,500,0,75,0.073,1
3,851390,37,rpm,179,367,36.5,36.5,3893,500,0,75,0.073,1
3,851410,37,rpm,24,367,36.5,36.5,3893,500,0,76,0.073,1
3,851431,37,rpm,11,367,36.5,36.5,3893,500,0,76,0.073,1
3,851452,37,rpm,13,367,36.5,36.5,3893,500,0,76,0.074,1
3,851472,37,rpm,71,367,36.5,36.5,3893,500,0,76,0.074,1
3,851493,37,rpm,412,367,36.5,36.5,3893,500,0,76,0.074,1
3,851513,37,rpm,619,367,36.5,36.5,3893,500,0,76,0.074,1
3,851534,37,rpm,729,367,36.5,36.5,3893,500,0,76,0.074,1
3,851554,37,rpm,766,367,36.5,36.5,3893,500,0,76,0.074,1
3,851575,37,rpm,640,367,36.5,36.5,3893,500,0,77,0.074,1
3,851595,37,rpm,500,367,36.5,36.5,3893,500,0,77,0.074,1
3,851616,37,rpm,379,367,36.5,36.5,3893,500,0,77,0.075,1
3,851636,37,rpm,302,367,36.5,36.5,3893,500,0,77,0.075,1
3,851657,37,rpm,55,367,36.5,36.5,3893,500,0,77,0.075,1
3,851677,37,rpm,14,367,36.5,36.5,3893,500,0,77,0.075,1
3,851698,37,rpm,12,367,36.5,36.5,3893,500,0,77,0.075,1
3,851718,37,rpm,40,367,36.5,36.5,3893,500,0,77,0.075,1
3,851739,37,rpm,305,367,36.5,36.5,3893,500,0,78,0.075,1
3,851759,37,rpm,619,367,36.5,36.5,3893,500,0,78,0.075,1
3,851780,37,rpm,708,367,36.5,36.5,3893,500,0,78,0.076,1
3,851800,37,rpm,726,367,36.5,36.5,3893,500,0,78,0.076,1
3,851821,37,rpm,691,367,36.5,36.5,3893,500,0,78,0.076,1
3,851841,37,rpm,573,367,36.5,36.5,3893,500,0,78,0.076,1
3,851862,37,rpm,462,367,36.5,36.5,3893,500,0,78,0.076,1
3,851882,37,rpm,371,367,36.5,36.5,3893,500,0,78,0.076,1
3,851903,37,rpm,187,367,36.5,36.5,3893,500,0,79,0.076,1
3,851924,37,rpm,23,367,36.5,36.5,3893,500,0,79,0.076,1
3,851944,37,rpm,11,367,36.5,36.5,3893,500,0,79,0.077,1
3,851964,37,rpm,19,367,36.5,36.5,3893,500,0,79,0.077,1
3,851985,37,rpm,133,367,36.5,36.5,3893,500,0,79,0.077,1
3,852006,37,rpm,493,367,36.5,36.5,3893,500,0,79,0.077,1
3,852026,37,rpm,633,367,36.5,36.5,3893,500,0,79,0.077,1
3,852047,37,rpm,701,367,36.5,36.5,3893,500,0,80,0.077,1
3,852067,37,rpm,660,367,36.5,36.5,3893,500,0,80,0.077,1
3,852088,37,rpm,599,367,36.5,36.5,3893,500,0,80,0.077,1
3,852108,37,rpm,476,367,36.5,36.5,3893,500,0,80,0.077,1
3,852129,37,rpm,392,367,36.5,36.5,3893,500,0,80,0.078,1
3,852149,37,rpm,286,367,36.5,36.5,3893,500,0,80,0.078,1
3,852170,37,rpm,32,366,36.5,36.5,3893,500,0,80,0.078,1
3,852190,37,rpm,13,366,36.5,36.5,3893,500,0,80,0.078,1
3,852211,37,rpm,13,366,36.5,36.5,3893,500,0,81,0.078,1
3,852231,37,rpm,48,366,36.5,36.5,3893,500,0,81,0.078,1
3,852252,37,rpm,278,366,36.5,36.5,3893,500,0,81,0.078,1
3,852272,37,rpm,567,366,36.5,36.5,3893,500,0,81,0.078,1
3,852293,37,rpm,775,366,36.5,36.5,3893,500,0,81,0.079,1
3,852313,37,rpm,796,366,36.5,36.5,3893,500,0,81,0.079,1
3,852334,37,rpm,697,366,36.5,36.5,3893,500,0,81,0.079,1
3,852354,37,rpm,544,366,36.5,36.5,3893,500,0,81,0.079,1
3,852375,37,rpm,395,366,36.5,36.5,3893,500,0,82,0.079,1
3,852395,37,rpm,297,366,36.5,36.5,3893,500,0,82,0.079,1
3,852416,37,rpm,215,366,36.5,36.5,3893,500,0,82,0.079,1
3,852436,37,rpm,26,366,36.5,36.5,3893,500,0,82,0.079,1
3,852457,37,rpm,11,366,36.5,36.5,3893,500,0,82,0.08,1
3,852477,37,rpm,12,366,36.5,36.5,3893,500,0,82,0.08,1
3,852498,37,rpm,55,366,36.5,36.5,3893,500,0,82,0.08,1
3,852518,37,rpm,293,366,36.5,36.5,3893,500,0,82,0.08,1
3,852539,37,rpm,555,366,36.5,36.5,3893,500,0,83,0.08,1
3,852560,37,rpm,745,366,36.5,36.5,3893,500,0,83,0.08,1
3,852580,37,rpm,733,366,36.5,36.5,3893,500,0,83,0.08,1
3,852601,37,rpm,657,366,36.5,36.5,3893,500,0,83,0.08,1
3,852621,37,rpm,489,366,36.5,36.5,3893,500,0,83,0.081,1
3,852642,37,rpm,354,366,36.5,36.5,3893,500,0,83,0.081,1
3,852662,37,rpm,299,366,36.5,36.5,3893,500,0,83,0.081,1
3,852683,37,rpm,121,366,36.5,36.5,3893,500,0,83,0.081,1
3,852703,37,rpm,18,366,36.5,36.5,3893,500,0,84,0.081,1
3,852724,37,rpm,10,366,36.5,36.5,3893,500,0,84,0.081,1
3,852744,37,rpm,22,366,36.5,36.5,3893,500,0,84,0.081,1
3,852765,37,rpm,156,366,36.5,36.5,3893,500,0,84,0.081,1
3,852785,37,rpm,500,366,36.5,36.5,3893,500,0,84,0.081,1
3,852806,37,rpm,766,366,36.5,36.5,3893,500,0,84,0.082,1
3,852826,37,rpm,830,366,36.5,36.5,3893,500,0,84,0.082,1
3,852847,37,rpm,732,366,36.5,36.5,3893,500,0,84,0.082,1
3,852868,37,rpm,574,365,36.5,36.5,3893,500,0,85,0.082,1
3,852888,37,rpm,414,365,36.5,36.5,3893,500,0,85,0.082,1
3,852909,37,rpm,291,365,36.5,36.5,3893,500,0,85,0.082,1
3,852929,37,rpm,224,365,36.5,36.5,3893,500,0,85,0.082,1
3,852950,37,rpm,32,365,36.5,36.5,3893,500,0,85,0.082,1
3,852970,37,rpm,13,365,36.5,36.5,3893,500,0,85,0.083,1
3,852991,37,rpm,11,365,36.5,36.5,3893,500,0,85,0.083,1
3,853011,37,rpm,48,365,36.5,36.5,3893,500,0,85,0.083,1
3,853032,37,rpm,332,365,36.5,36.5,3893,500,0,86,0.083,1
3,853052,37,rpm,603,365,36.5,36.5,3893,500,0,86,0.083,1
3,853073,37,rpm,695,365,36.5,36.5,3893,500,0,86,0.083,1
3,853093,37,rpm,739,365,36.5,36.5,3893,500,0,86,0.083,1
3,853114,37,rpm,669,365,36.5,36.5,3893,500,0,86,0.083,1
3,853134,37,rpm,526,365,36.5,36.5,3893,500,0,86,0.084,1
3,853155,37,rpm,407,365,36.5,36.5,3893,500,0,86,0.084,1
3,853175,37,rpm,331,365,36.5,36.5,3893,500,0,86,0.084,1
3,853196,37,rpm,98,365,36.5,36.5,3893,500,0,87,0.084,1
3,853216,37,rpm,16,365,36.5,36.5,3893,500,0,87,0.084,1
3,853237,37,rpm,11,365,36.5,36.5,3893,500,0,87,0.084,1
3,853257,37,rpm,29,365,36.5,36.5,3893,500,0,87,0.084,1
3,853278,37,rpm,232,365,36.5,36.5,3893,500,0,87,0.084,1
3,853298,37,rpm,596,365,36.5,36.5,3893,500,0,87,0.085,1
3,853319,37,rpm,690,365,36.5,36.5,3893,500,0,87,0.085,1
3,853340,37,rpm,727,365,36.5,36.5,3893,500,0,87,0.085,1
3,853360,37,rpm,693,365,36.5,36.5,3893,500,0,88,0.085,1
3,853381,37,rpm,595,365,36.5,36.5,3893,500,0,88,0.085,1
3,853401,37,rpm,476,365,36.5,36.5,3893,500,0,88,0.085,1
3,853422,37,rpm,385,364,36.5,36.5,3893,500,0,88,0.085,1
3,853442,37,rpm,235,364,36.5,36.5,3893,500,0,88,0.085,1
3,853463,37,rpm,25,364,36.5,36.5,3893,500,0,88,0.085,1
3,853483,37,rpm,12,364,36.5,36.5,3893,500,0,88,0.086,1
3,853504,37,rpm,16,364,36.5,36.5,3893,500,0,88,0.086,1
3,853524,37,rpm,98,364,36.5,36.5,3893,500,0,89,0.086,1
3,853545,37,rpm,438,364,36.5,36.5,3893,500,0,89,0.086,1
3,853565,37,rpm,622,364,36.5,36.5,3893,500,0,89,0.086,1
3,853586,37,rpm,697,364,36.5,36.5,3893,500,0,89,0.086,1
3,853606,37,rpm,669,364,36.5,36.5,3893,500,0,89,0.086,1
3,853627,37,rpm,619,364,36.5,36.5,3893,500,0,89,0.086,1
3,853648,37,rpm,491,364,36.5,36.5,3893,500,0,89,0.087,1
3,853668,37,rpm,405,364,36.5,36.5,3893,500,0,89,0.087,1
3,853689,37,rpm,318,364,36.5,36.5,3893,500,0,90,0.087,1
3,853709,37,rpm,52,364,36.5,36.5,3893,500,0,90,0.087,1
3,853730,37,rpm,14,364,36.5,36.5,3893,500,0,90,0.087,1
3,853750,37,rpm,11,364,36.5,36.5,3893,500,0,90,0.087,1
3,853771,37,rpm,34,364,36.5,36.5,3893,500,0,90,0.087,1
3,853791,37,rpm,210,364,36.5,36.5,3893,500,0,90,0.087,1
3,853812,37,rpm,525,364,36.5,36.5,3893,500,0,90,0.088,1
3,853832,37,rpm,739,364,36.5,36.5,3893,500,0,90,0.088,1
3,853853,37,rpm,816,364,36.5,36.5,3893,500,0,91,0.088,1
3,853873,37,rpm,728,364,36.5,36.5,3893,500,0,91,0.088,1
3,853894,37,rpm,572,364,36.5,36.5,3893,500,0,91,0.088,1
3,853914,37,rpm,416,364,36.5,36.5,3893,500,0,91,0.088,1
3,853935,37,rpm,300,364,36.5,36.5,3893,500,0,91,0.088,1
3,853955,37,rpm,243,363,36.5,36.5,3893,500,0,91,0.088,1
3,853976,37,rpm,34,363,36.5,36.5,3893,500,0,91,0.089,1
3,853996,37,rpm,12,363,36.5,36.5,3893,500,0,91,0.089,1
3,854017,37,rpm,11,363,36.5,36.5,3893,500,0,91,0.089,1
3,854038,37,rpm,40,363,36.5,36.5,3893,500,0,92,0.089,1
3,854058,37,rpm,245,363,36.5,36.5,3893,500,0,92,0.089,1
3,854079,37,rpm,540,363,36.5,36.5,3893,500,0,92,0.089,1
3,854099,37,rpm,752,363,36.5,36.5,3893,500,0,92,0.089,1
3,854120,37,rpm,769,363,36.5,36.5,3893,500,0,92,0.089,1
3,854140,37,rpm,676,363,36.5,36.5,3893,500,0,92,0.089,1
3,854161,37,rpm,519,363,36.5,36.5,3893,500,0,92,0.09,1
3,854181,37,rpm,368,363,36.5,36.5,3893,500,0,92,0.09,1
3,854202,37,rpm,286,363,36.5,36.5,3893,500,0,93,0.09,1
3,854222,37,rpm,171,363,36.5,36.5,3893,500,0,93,0.09,1
3,854243,37,rpm,23,363,36.5,36.5,3893,500,0,93,0.09,1
3,854263,37,rpm,11,363,36.5,36.5,3893,500,0,93,0.09,1
3,854284,37,rpm,15,363,36.5,36.5,3893,500,0,93,0.09,1
3,854304,37,rpm,97,363,36.5,36.5,3893,500,0,93,0.09,1
3,854325,37,rpm,411,363,36.5,36.5,3893,500,0,93,0.091,1
3,854345,37,rpm,719,363,36.5,36.5,3893,500,0,93,0.091,1
3,854366,37,rpm,835,363,36.5,36.5,3893,500,0,94,0.091,1
3,854386,37,rpm,752,363,36.5,36.5,3893,500,0,94,0.091,1
3,854407,37,rpm,602,363,36.5,36.5,3893,500,0,94,0.091,1
3,854427,37,rpm,437,363,36.5,36.5,3893,500,0,94,0.091,1
3,854448,37,rpm,304,363,36.5,36.5,3893,500,0,94,0.091,1
3,854468,37,rpm,239,363,36.5,36.5,3893,500,0,94,0.091,1
3,854489,37,rpm,52,363,36.5,36.5,3893,500,0,94,0.092,1
3,854509,37,rpm,14,363,36.5,36.5,3893,500,0,94,0.092,1
3,854530,37,rpm,11,363,36.5,36.5,3893,500,0,95,0.092,1
3,854550,37,rpm,34,362,36.5,36.5,3893,500,0,95,0.092,1
3,854571,37,rpm,261,362,36.5,36.5,3893,500,0,95,0.092,1
3,854592,37,rpm,586,362,36.5,36.5,3893,500,0,95,0.092,1
3,854612,37,rpm,699,362,36.5,36.5,3893,500,0,95,0.092,1
3,854633,37,rpm,765,362,36.5,36.5,3893,500,0,95,0.092,1
3,854653,37,rpm,697,362,36.5,36.5,3893,500,0,95,0.092,1
3,854674,37,rpm,545,362,36.5,36.5,3893,500,0,95,0.093,1
3,854694,37,rpm,409,362,36.5,36.5,3893,500,0,96,0.093,1
3,854715,37,rpm,324,362,36.5,36.5,3893,500,0,96,0.093,1
3,854735,37,rpm,138,362,36.5,36.5,3893,500,0,96,0.093,1
3,854756,37,rpm,20,362,36.5,36.5,3893,500,0,96,0.093,1
3,854776,37,rpm,11,362,36.5,36.5,3893,500,0,96,0.093,1
3,854797,37,rpm,22,362,36.5,36.5,3893,500,0,96,0.093,1
3,854817,37,rpm,173,362,36.5,36.5,3893,500,0,96,0.093,1
3,854838,37,rpm,563,362,36.5,36.5,3893,500,0,96,0.094,1
3,854858,37,rpm,674,362,36.5,36.5,3893,500,0,97,0.094,1
3,854879,37,rpm,730,362,36.5,36.5,3893,500,0,97,0.094,1
3,854899,37,rpm,697,362,36.5,36.5,3893,500,0,97,0.094,1
3,854920,37,rpm,625,362,36.5,36.5,3893,500,0,97,0.094,1
3,854941,37,rpm,490,362,36.5,36.5,3893,500,0,97,0.094,1
3,854961,37,rpm,398,362,36.5,36.5,3893,500,0,97,0.094,1
3,854982,37,rpm,291,362,36.5,36.5,3893,500,0,97,0.094,1
3,855002,37,rpm,33,362,36.5,36.5,3893,500,0,97,0.095,1
3,855023,37,rpm,13,362,36.5,36.5,3893,500,0,98,0.095,1
3,855043,37,rpm,13,362,36.5,36.5,3893,500,0,98,0.095,1
3,855064,37,rpm,66,362,36.5,36.5,3893,500,0,98,0.095,1
3,855084,37,rpm,367,362,36.5,36.5,3893,500,0,98,0.095,1
3,855105,37,rpm,602,362,36.5,36.5,3893,500,0,98,0.095,1
3,855125,37,rpm,688,362,36.5,36.5,3893,500,0,98,0.095,1
3,855146,37,rpm,670,362,36.5,36.5,3893,500,0,98,0.095,1
3,855166,37,rpm,638,362,36.5,36.5,3893,500,0,98,0.095,1
3,855187,37,rpm,512,362,36.5,36.5,3893,500,0,99,0.096,1
3,855207,37,rpm,416,362,36.5,36.5,3893,500,0,99,0.096,1
3,855228,37,rpm,336,362,36.5,36.5,3893,500,0,99,0.096,1
3,855248,37,rpm,94,362,36.5,36.5,3893,500,0,99,0.096,1
3,855269,37,rpm,16,362,36.5,36.5,3893,500,0,99,0.096,1
3,855289,37,rpm,11,362,36.5,36.5,3893,500,0,99,0.096,1
3,855310,37,rpm,26,362,36.5,36.5,3893,500,0,99,0.096,1
3,855331,37,rpm,163,362,36.5,36.5,3893,500,0,99,0.096,1
3,855351,37,rpm,479,361,36.5,36.5,3893,500,0,100,0.097,1
3,855372,37,rpm,691,361,36.5,36.5,3893,500,0,100,0.097,1
3,855392,37,rpm,810,361,36.5,36.5,3893,500,0,100,0.097,1
3,855413,37,rpm,738,361,36.5,36.5,3893,500,0,100,0.097,1
3,855433,37,rpm,600,361,36.5,36.5,3893,500,0,100,0.097,1
3,855454,37,rpm,449,361,36.5,36.5,3893,500,0,100,0.097,1
3,855474,37,rpm,315,361,36.5,36.5,3893,500,0,100,0.097,1
3,855495,37,rpm,268,361,36.5,36.5,3893,500,0,100,0.097,1
3,855515,37,rpm,62,361,36.5,36.5,3893,500,0,101,0.098,1
3,855536,37,rpm,13,361,36.5,36.5,3893,500,0,101,0.098,1
3,855556,37,rpm,10,361,36.5,36.5,3893,500,0,101,0.098,1
3,855577,37,rpm,28,361,36.5,36.5,3893,500,0,101,0.098,1
3,855597,37,rpm,183,361,36.5,36.5,3893,500,0,101,0.098,1
3,855618,37,rpm,478,361,36.5,36.5,3893,500,0,101,0.098,1
3,855639,37,rpm,679,361,36.5,36.5,3893,500,0,101,0.098,1
3,855659,37,rpm,764,361,36.5,36.5,3893,500,0,101,0.098,1
3,855680,37,rpm,688,361,36.5,36.5,3893,500,0,102,0.098,1
3,855700,37,rpm,542,361,36.5,36.5,3893,500,0,102,0.099,1
3,855721,37,rpm,398,361,36.5,36.5,3893,500,0,102,0.099,1
3,855741,37,rpm,315,361,36.5,36.5,3893,500,0,102,0.099,1
3,855762,37,rpm,204,361,36.5,36.5,3893,500,0,102,0.099,1
3,855782,37,rpm,25,361,36.5,36.5,3893,500,0,102,0.099,1
3,855803,37,rpm,12,361,36.5,36.5,3893,500,0,102,0.099,1
3,855824,37,rpm,14,361,36.5,36.5,3893,500,0,102,0.099,1
3,855844,37,rpm,87,361,36.5,36.5,3893,500,0,103,0.099,1
3,855865,37,rpm,395,361,36.5,36.5,3893,500,0,103,0.1,1
3,855885,37,rpm,700,361,36.5,36.5,3893,500,0,103,0.1,1
3,855906,37,rpm,837,361,36.5,36.5,3893,500,0,103,0.1,1
3,855927,37,rpm,758,361,36.5,36.5,3893,500,0,103,0.1,1
3,855947,37,rpm,633,361,36.5,36.5,3893,500,0,103,0.1,1
3,855968,37,rpm,459,361,36.5,36.5,3893,500,0,103,0.1,1
3,855988,37,rpm,321,361,36.5,36.5,3893,500,0,103,0.1,1
3,856009,37,rpm,247,361,36.5,36.5,3893,500,0,104,0.1,1
3,856029,37,rpm,78,361,36.5,36.5,3893,500,0,104,0.101,1
3,856050,37,rpm,15,361,36.5,36.5,3893,500,0,104,0.101,1
3,856070,37,rpm,10,361,36.5,36.5,3893,500,0,104,0.101,1
3,856091,37,rpm,26,361,36.5,36.5,3893,500,0,104,0.101,1
3,856112,37,rpm,202,361,36.5,36.5,3893,500,0,104,0.101,1
3,856132,37,rpm,562,361,36.5,36.5,3893,500,0,104,0.101,1
3,856153,37,rpm,657,361,36.5,36.5,3893,500,0,104,0.101,1
3,856173,37,rpm,729,361,36.5,36.5,3893,500,0,104,0.101,1
3,856194,37,rpm,701,361,36.5,36.5,3893,500,0,105,0.101,1
3,856214,37,rpm,560,361,36.5,36.5,3893,500,0,105,0.102,1
3,856235,37,rpm,431,361,36.5,36.5,3893,500,0,105,0.102,1
3,856255,37,rpm,348,361,36.5,36.5,3893,500,0,105,0.102,1
3,856276,37,rpm,171,361,36.5,36.5,3893,500,0,105,0.102,1
3,856296,37,rpm,23,361,36.5,36.5,3893,500,0,105,0.102,1
3,856317,37,rpm,11,361,36.5,36.5,3893,500,0,105,0.102,1
3,856338,37,rpm,18,361,36.5,36.5,3893,500,0,105,0.102,1
3,856358,37,rpm,136,361,36.5,36.5,3893,500,0,106,0.102,1
3,856379,37,rpm,536,361,36.5,36.5,3893,500,0,106,0.103,1
3,856399,37,rpm,664,361,36.5,36.5,3893,500,0,106,0.103,1
3,856420,37,rpm,732,361,36.5,36.5,3893,500,0,106,0.103,1
3,856440,37,rpm,693,361,36.5,36.5,3893,500,0,106,0.103,1
3,856461,37,rpm,634,361,36.5,36.5,3893,500,0,106,0.103,1
3,856482,37,rpm,504,361,36.5,36.5,3893,500,0,106,0.103,1
3,856502,37,rpm,409,361,36.5,36.5,3893,500,0,106,0.103,1
3,856523,37,rpm,309,361,36.5,36.5,3893,500,0,107,0.103,1
3,856543,37,rpm,42,361,36.5,36.5,3893,500,0,107,0.104,1
3,856564,37,rpm,13,361,36.5,36.5,3893,500,0,107,0.104,1
3,856584,37,rpm,13,361,36.5,36.5,3893,500,0,107,0.104,1
3,856605,37,rpm,55,361,36.5,36.5,3893,500,0,107,0.104,1
3,856626,37,rpm,336,361,36.5,36.5,3893,500,0,107,0.104,1
3,856646,37,rpm,596,361,36.5,36.5,3893,500,0,107,0.104,1
3,856667,37,rpm,682,361,36.5,36.5,3893,500,0,107,0.104,1
3,856687,37,rpm,671,361,36.5,36.5,3893,500,0,108,0.104,1
3,856708,37,rpm,645,361,36.5,36.5,3893,500,0,108,0.104,1
3,856728,37,rpm,521,361,36.5,36.5,3893,500,0,108,0.105,1
3,856749,37,rpm,422,361,36.5,36.5,3893,500,0,108,0.105,1
3,856770,37,rpm,342,361,36.5,36.5,3893,500,0,108,0.105,1
3,856790,37,rpm,113,361,36.5,36.5,3893,500,0,108,0.105,1
3,856811,37,rpm,17,361,36.5,36.5,3893,500,0,108,0.105,1
3,856831,37,rpm,11,361,36.5,36.5,3893,500,0,108,0.105,1
3,856852,37,rpm,23,361,36.5,36.5,3893,500,0,109,0.105,1
3,856872,37,rpm,142,361,36.5,36.5,3893,500,0,109,0.105,1
3,856893,37,rpm,468,361,36.5,36.5,3893,500,0,109,0.106,1
3,856913,37,rpm,708,361,36.5,36.5,3893,500,0,109,0.106,1
3,856934,37,rpm,814,361,36.5,36.5,3893,500,0,109,0.106,1
3,856954,37,rpm,749,361,36.5,36.5,3893,500,0,109,0.106,1
3,856975,37,rpm,606,361,36.5,36.5,3893,500,0,109,0.106,1
3,856995,37,rpm,450,361,36.5,36.5,3893,500,0,109,0.106,1
3,857016,37,rpm,316,361,36.5,36.5,3893,500,0,110,0.106,1
3,857037,37,rpm,263,361,36.5,36.5,3893,500,0,110,0.106,1
3,857057,37,rpm,73,361,36.5,36.5,3893,500,0,110,0.107,1
3,857078,37,rpm,14,361,36.5,36.5,3893,500,0,110,0.107,1
3,857098,37,rpm,10,361,36.5,36.5,3893,500,0,110,0.107,1
3,857119,37,rpm,27,361,36.5,36.5,3893,500,0,110,0.107,1
3,857140,37,rpm,178,361,36.5,36.5,3893,500,0,110,0.107,1
3,857160,37,rpm,491,361,36.5,36.5,3893,500,0,110,0.107,1
3,857181,37,rpm,714,361,36.5,36.5,3893,500,0,111,0.107,1
3,857201,37,rpm,773,361,36.5,36.5,3893,500,0,111,0.107,1
3,857222,37,rpm,686,361,36.5,36.5,3893,500,0,111,0.107,1
3,857242,37,rpm,550,361,36.5,36.5,3893,500,0,111,0.108,1
3,857263,37,rpm,390,361,36.5,36.5,3893,500,0,111,0.108,1
3,857283,37,rpm,293,361,36.5,36.5,3893,500,0,111,0.108,1
3,857304,37,rpm,216,361,36.5,36.5,3893,500,0,111,0.108,1
3,857325,37,rpm,26,361,36.5,36.5,3893,500,0,111,0.108,1
3,857345,37,rpm,12,361,36.5,36.5,3893,500,0,112,0.108,1
3,857366,37,rpm,13,361,36.5,36.5,3893,500,0,112,0.108,1
3,857386,37,rpm,68,361,36.5,36.5,3893,500,0,112,0.108,1
3,857407,37,rpm,348,361,36.5,36.5,3893,500,0,112,0.109,1
3,857427,37,rpm,683,361,36.5,36.5,3893,500,0,112,0.109,1
3,857448,37,rpm,825,361,36.5,36.5,3893,500,0,112,0.109,1
3,857468,37,rpm,761,361,36.5,36.5,3893,500,0,112,0.109,1
3,857489,37,rpm,639,361,36.5,36.5,3893,500,0,112,0.109,1
3,857510,37,rpm,460,361,36.5,36.5,3893,500,0,113,0.109,1
3,857530,37,rpm,323,361,36.5,36.5,3893,500,0,113,0.109,1
3,857551,37,rpm,245,361,36.5,36.5,3893,500,0,113,0.109,1
3,857571,37,rpm,82,361,36.5,36.5,3893,500,0,113,0.11,1
3,857592,37,rpm,15,361,36.5,36.5,3893,500,0,113,0.11,1
3,857612,37,rpm,10,361,36.5,36.5,3893,500,0,113,0.11,1
3,857633,37,rpm,25,361,36.5,36.5,3893,500,0,113,0.11,1
3,857653,37,rpm,203,361,36.5,36.5,3893,500,0,113,0.11,1
3,857674,37,rpm,562,361,36.5,36.5,3893,500,0,114,0.11,1
3,857695,37,rpm,663,361,36.5,36.5,3893,500,0,114,0.11,1
3,857715,37,rpm,752,361,36.5,36.5,3893,500,0,114,0.11,1
3,857736,37,rpm,711,361,36.5,36.5,3893,500,0,114,0.11,1
3,857756,37,rpm,563,361,36.5,36.5,3893,500,0,114,0.111,1
3,857777,37,rpm,428,361,36.5,36.5,3893,500,0,114,0.111,1
3,857797,37,rpm,338,361,36.5,36.5,3893,500,0,114,0.111,1
3,857818,37,rpm,182,361,36.5,36.5,3893,500,0,114,0.111,1
3,857839,37,rpm,24,361,36.5,36.5,3893,500,0,115,0.111,1
3,857859,37,rpm,12,361,36.5,36.5,3893,500,0,115,0.111,1
3,857880,37,rpm,18,361,36.5,36.5,3893,500,0,115,0.111,1
3,857900,37,rpm,131,361,36.5,36.5,3893,500,0,115,0.111,1
3,857921,37,rpm,524,361,36.5,36.5,3893,500,0,115,0.112,1
3,857941,37,rpm,654,361,36.5,36.5,3893,500,0,115,0.112,1
3,857962,37,rpm,725,361,36.5,36.5,3893,500,0,115,0.112,1
3,857983,37,rpm,694,361,36.5,36.5,3893,500,0,115,0.112,1
3,858003,37,rpm,640,361,36.5,36.5,3893,500,0,115,0.112,1
3,858024,37,rpm,501,361,36.5,36.5,3893,500,0,116,0.112,1
3,858044,37,rpm,405,361,36.5,36.5,3893,500,0,116,0.112,1
3,858065,37,rpm,310,361,36.5,36.5,3893,500,0,116,0.112,1
3,858085,37,rpm,46,361,36.5,36.5,3893,500,0,116,0.113,1
3,858106,37,rpm,13,361,36.5,36.5,3893,500,0,116,0.113,1
3,858126,37,rpm,12,361,36.5,36.5,3893,500,0,116,0.113,1
3,858147,37,rpm,51,361,36.5,36.5,3893,500,0,116,0.113,1
3,858168,37,rpm,326,361,36.5,36.5,3893,500,0,116,0.113,1
3,858188,37,rpm,594,361,36.5,36.5,3893,500,0,117,0.113,1
3,858209,37,rpm,683,361,36.5,36.5,3893,500,0,117,0.113,1
3,858229,37,rpm,672,361,36.5,36.5,3893,500,0,117,0.113,1
3,858250,37,rpm,644,361,36.5,36.5,3893,500,0,117,0.113,1
3,858270,37,rpm,522,361,36.5,36.5,3893,500,0,117,0.114,1
3,858291,37,rpm,421,361,36.5,36.5,3893,500,0,117,0.114,1
3,858311,37,rpm,344,361,36.5,36.5,3893,500,0,117,0.114,1
3,858332,37,rpm,120,361,36.5,36.5,3893,500,0,117,0.114,1
3,858353,37,rpm,18,361,36.5,36.5,3893,500,0,118,0.114,1
3,858373,37,rpm,11,361,36.5,36.5,3893,500,0,118,0.114,1
3,858394,37,rpm,23,361,36.5,36.5,3893,500,0,118,0.114,1
3,858414,37,rpm,140,361,36.5,36.5,3893,500,0,118,0.114,1
3,858435,37,rpm,453,361,36.5,36.5,3893,500,0,118,0.115,1
3,858455,37,rpm,665,360,36.5,36.5,3893,500,0,118,0.115,1
3,858476,37,rpm,803,360,36.5,36.5,3893,500,0,118,0.115,1
3,858496,37,rpm,743,360,36.5,36.5,3893,500,0,118,0.115,1
3,858517,37,rpm,612,360,36.5,36.5,3893,500,0,119,0.115,1
3,858538,37,rpm,458,360,36.5,36.5,3893,500,0,119,0.115,1
3,858558,37,rpm,322,360,36.5,36.5,3893,500,0,119,0.115,1
3,858579,37,rpm,279,360,36.5,36.5,3893,500,0,119,0.115,1
3,858599,37,rpm,78,360,36.5,36.5,3893,500,0,119,0.116,1
3,858620,37,rpm,14,360,36.5,36.5,3893,500,0,119,0.116,1
3,858640,37,rpm,10,360,36.5,36.5,3893,500,0,119,0.116,1
3,858661,37,rpm,24,360,36.5,36.5,3893,500,0,119,0.116,1
3,858682,37,rpm,161,360,36.5,36.5,3893,500,0,120,0.116,1
3,858702,37,rpm,467,360,36.5,36.5,3893,500,0,120,0.116,1
3,858723,37,rpm,665,360,36.5,36.5,3893,500,0,120,0.116,1
3,858743,37,rpm,774,360,36.5,36.5,3893,500,0,120,0.116,1
3,858764,37,rpm,703,360,36.5,36.5,3893,500,0,120,0.116,1
3,858784,37,rpm,559,360,36.5,36.5,3893,500,0,120,0.117,1
3,858805,37,rpm,413,360,36.5,36.5,3893,500,0,120,0.117,1
3,858825,37,rpm,314,360,36.5,36.5,3893,500,0,120,0.117,1
3,858846,37,rpm,230,360,36.5,36.5,3893,500,0,121,0.117,1
3,858867,37,rpm,27,360,36.5,36.5,3893,500,0,121,0.117,1
3,858887,37,rpm,12,360,36.5,36.5,3893,500,0,121,0.117,1
3,858908,37,rpm,13,360,36.5,36.5,3893,500,0,121,0.117,1
3,858928,37,rpm,66,360,36.5,36.5,3893,500,0,121,0.117,1
3,858949,37,rpm,339,360,36.5,36.5,3893,500,0,121,0.118,1
3,858969,37,rpm,671,360,36.5,36.5,3893,500,0,121,0.118,1
3,858990,37,rpm,825,360,36.5,36.5,3893,500,0,121,0.118,1
3,859011,37,rpm,767,360,36.5,36.5,3893,500,0,122,0.118,1
3,859031,37,rpm,649,360,36.5,36.5,3893,500,0,122,0.118,1
3,859052,37,rpm,470,360,36.5,36.5,3893,500,0,122,0.118,1
3,859072,37,rpm,329,360,36.5,36.5,3893,500,0,122,0.118,1
3,859093,37,rpm,247,360,36.5,36.5,3893,500,0,122,0.118,1
3,859113,37,rpm,94,360,36.5,36.5,3893,500,0,122,0.119,1
3,859134,37,rpm,17,360,36.5,36.5,3893,500,0,122,0.119,1
3,859154,37,rpm,10,360,36.5,36.5,3893,500,0,122,0.119,1
3,859175,37,rpm,22,360,36.5,36.5,3893,500,0,123,0.119,1
3,859196,37,rpm,172,360,36.5,36.5,3893,500,0,123,0.119,1
3,859216,37,rpm,540,360,36.5,36.5,3893,500,0,123,0.119,1
3,859237,37,rpm,649,360,36.5,36.5,3893,500,0,123,0.119,1
3,859257,37,rpm,722,360,36.5,36.5,3893,500,0,123,0.119,1
3,859278,37,rpm,707,360,36.5,36.5,3893,500,0,123,0.119,1
3,859299,37,rpm,567,360,36.5,36.5,3893,500,0,123,0.12,1
3,859319,37,rpm,444,360,36.5,36.5,3893,500,0,123,0.12,1
3,859340,37,rpm,351,360,36.5,36.5,3893,500,0,124,0.12,1
3,859360,37,rpm,187,360,36.5,36.5,3893,500,0,124,0.12,1
3,859381,37,rpm,23,360,36.5,36.5,3893,500,0,124,0.12,1
3,859401,37,rpm,11,360,36.5,36.5,3893,500,0,124,0.12,1
3,859422,37,rpm,17,360,36.5,36.5,3893,500,0,124,0.12,1
3,859443,37,rpm,117,360,36.5,36.5,3893,500,0,124,0.12,1
3,859463,37,rpm,514,360,36.5,36.5,3893,500,0,124,0.121,1
3,859484,37,rpm,657,360,36.5,36.5,3893,500,0,124,0.121,1
3,859504,37,rpm,730,360,36.5,36.5,3893,500,0,125,0.121,1
3,859525,37,rpm,696,360,36.5,36.5,3893,500,0,125,0.121,1
3,859545,37,rpm,644,360,36.5,36.5,3893,500,0,125,0.121,1
3,859566,37,rpm,512,360,36.5,36.5,3893,500,0,125,0.121,1
3,859587,37,rpm,409,360,36.5,36.5,3893,500,0,125,0.121,1
3,859607,37,rpm,318,360,36.5,36.5,3893,500,0,125,0.121,1
3,859628,37,rpm,54,360,36.5,36.5,3893,500,0,125,0.122,1
3,859648,37,rpm,13,360,36.5,36.5,3893,500,0,125,0.122,1
3,859669,37,rpm,12,360,36.5,36.5,3893,500,0,126,0.122,1
3,859690,37,rpm,47,360,36.5,36.5,3893,500,0,126,0.122,1
3,859710,37,rpm,304,360,36.5,36.5,3893,500,0,126,0.122,1
3,859731,37,rpm,587,360,36.5,36.5,3893,500,0,126,0.122,1
3,859751,37,rpm,678,360,36.5,36.5,3893,500,0,126,0.122,1
3,859772,37,rpm,675,360,36.5,36.5,3893,500,0,126,0.122,1
3,859793,37,rpm,641,360,36.5,36.5,3893,500,0,126,0.122,1
3,859813,37,rpm,524,360,36.5,36.5,3893,500,0,126,0.123,1
3,859834,37,rpm,424,360,36.5,36.5,3893,500,0,126,0.123,1
3,859854,37,rpm,348,360,36.5,36.5,3893,500,0,127,0.123,1
3,859875,37,rpm,126,360,36.5,36.5,3893,500,0,127,0.123,1
3,859895,37,rpm,18,360,36.5,36.5,3893,500,0,127,0.123,1
3,859916,37,rpm,11,360,36.5,36.5,3893,500,0,127,0.123,1
3,859937,37,rpm,22,360,36.5,36.5,3893,500,0,127,0.123,1
3,859957,37,rpm,134,360,36.5,36.5,3893,500,0,127,0.123,1
3,859978,37,rpm,462,360,36.5,36.5,3893,500,0,127,0.124,1
3,859998,37,rpm,701,360,36.5,36.5,3893,500,0,127,0.124,1
3,860019,37,rpm,811,360,36.5,36.5,3893,500,0,128,0.124,1
3,860039,37,rpm,742,360,36.5,36.5,3893,500,0,128,0.124,1
3,860060,37,rpm,607,360,36.5,36.5,3893,500,0,128,0.124,1
3,860081,37,rpm,455,360,36.5,36.5,3893,500,0,128,0.124,1
3,860101,37,rpm,317,360,36.5,36.5,3893,500,0,128,0.124,1
3,860122,37,rpm,268,360,36.5,36.5,3893,500,0,128,0.124,1
3,860142,37,rpm,78,360,36.5,36.5,3893,500,0,128,0.124,1
3,860163,37,rpm,15,360,36.5,36.5,3893,500,0,128,0.125,1
3,860184,37,rpm,10,360,36.5,36.5,3893,500,0,129,0.125,1
3,860204,37,rpm,26,360,36.5,36.5,3893,500,0,129,0.125,1
3,860225,37,rpm,170,360,36.5,36.5,3893,500,0,129,0.125,1
3,860245,37,rpm,482,360,36.5,36.5,3893,500,0,129,0.125,1
3,860266,37,rpm,699,360,36.5,36.5,3893,500,0,129,0.125,1
3,860287,37,rpm,762,360,36.5,36.5,3893,500,0,129,0.125,1
3,860307,37,rpm,685,360,36.5,36.5,3893,500,0,129,0.125,1
3,860328,37,rpm,547,360,36.5,36.5,3893,500,0,129,0.126,1
3,860348,37,rpm,390,360,36.5,36.5,3893,500,0,130,0.126,1
3,860369,37,rpm,301,360,36.5,36.5,3893,500,0,130,0.126,1
3,860390,37,rpm,214,360,36.5,36.5,3893,500,0,130,0.126,1
3,860410,37,rpm,26,360,36.5,36.5,3893,500,0,130,0.126,1
3,860431,37,rpm,12,360,36.5,36.5,3893,500,0,130,0.126,1
3,860451,37,rpm,13,360,36.5,36.5,3893,500,0,130,0.126,1
3,860472,37,rpm,70,360,36.5,36.5,3893,500,0,130,0.126,1
3,860492,37,rpm,350,360,36.5,36.5,3893,500,0,130,0.127,1
3,860513,37,rpm,685,360,36.5,36.5,3893,500,0,131,0.127,1
3,860534,37,rpm,832,360,36.5,36.5,3893,500,0,131,0.127,1
3,860554,37,rpm,759,360,36.5,36.5,3893,500,0,131,0.127,1
3,860575,37,rpm,638,360,36.5,36.5,3893,500,0,131,0.127,1
3,860595,37,rpm,463,360,36.5,36.5,3893,500,0,131,0.127,1
3,860616,37,rpm,323,360,36.5,36.5,3893,500,0,131,0.127,1
3,860637,37,rpm,247,360,36.5,36.5,3893,500,0,131,0.127,1
3,860657,37,rpm,83,360,36.5,36.5,3893,500,0,131,0.127,1
3,860678,37,rpm,15,360,36.5,36.5,3893,500,0,132,0.128,1
3,860698,37,rpm,10,360,36.5,36.5,3893,500,0,132,0.128,1
3,860719,37,rpm,25,360,36.5,36.5,3893,500,0,132,0.128,1
3,860739,37,rpm,194,360,36.5,36.5,3893,500,0,132,0.128,1
3,860760,37,rpm,561,360,36.5,36.5,3893,500,0,132,0.128,1
3,860781,37,rpm,656,360,36.5,36.5,3893,500,0,132,0.128,1
3,860801,37,rpm,735,360,36.5,36.5,3893,500,0,132,0.128,1
3,860822,37,rpm,705,360,36.5,36.5,3893,500,0,132,0.128,1
3,860842,37,rpm,563,360,36.5,36.5,3893,500,0,133,0.129,1
3,860863,37,rpm,433,360,36.5,36.5,3893,500,0,133,0.129,1
3,860883,37,rpm,346,360,36.5,36.5,3893,500,0,133,0.129,1
3,860904,37,rpm,178,360,36.5,36.5,3893,500,0,133,0.129,1
3,860924,37,rpm,23,360,36.5,36.5,3893,500,0,133,0.129,1
3,860945,37,rpm,12,360,36.5,36.5,3893,500,0,133,0.129,1
3,860966,37,rpm,18,360,36.5,36.5,3893,500,0,133,0.129,1
3,860986,37,rpm,129,360,36.5,36.5,3893,500,0,133,0.129,1
3,861007,37,rpm,518,360,36.5,36.5,3893,500,0,134,0.13,1
3,861027,37,rpm,651,360,36.5,36.5,3893,500,0,134,0.13,1
3,861048,37,rpm,722,360,36.5,36.5,3893,500,0,134,0.13,1
3,861069,37,rpm,684,360,36.5,36.5,3893,500,0,134,0.13,1
3,861089,37,rpm,631,360,36.5,36.5,3893,500,0,134,0.13,1
3,861110,37,rpm,503,360,36.5,36.5,3893,500,0,134,0.13,1
3,861130,37,rpm,407,360,36.5,36.5,3893,500,0,134,0.13,1
3,861151,37,rpm,307,360,36.5,36.5,3893,500,0,134,0.13,1
3,861172,37,rpm,42,360,36.5,36.5,3893,500,0,135,0.13,1
3,861192,37,rpm,13,360,36.5,36.5,3893,500,0,135,0.131,1
3,861213,37,rpm,13,360,36.5,36.5,3893,500,0,135,0.131,1
3,861233,37,rpm,55,360,36.5,36.5,3893,500,0,135,0.131,1
3,861254,37,rpm,333,360,36.5,36.5,3893,500,0,135,0.131,1
3,861275,37,rpm,592,360,36.5,36.5,3893,500,0,135,0.131,1
3,861295,37,rpm,680,360,36.5,36.5,3893,500,0,135,0.131,1
3,861316,37,rpm,672,360,36.5,36.5,3893,500,0,135,0.131,1
3,861336,37,rpm,642,360,36.5,36.5,3893,500,0,136,0.131,1
3,861357,37,rpm,516,360,36.5,36.5,3893,500,0,136,0.132,1
3,861378,37,rpm,422,360,36.5,36.5,3893,500,0,136,0.132,1
3,861398,37,rpm,342,360,36.5,36.5,3893,500,0,136,0.132,1
3,861419,37,rpm,111,360,36.5,36.5,3893,500,0,136,0.132,1
3,861439,37,rpm,17,360,36.5,36.5,3893,500,0,136,0.132,1
3,861460,37,rpm,11,360,36.5,36.5,3893,500,0,136,0.132,1
3,861480,37,rpm,23,360,36.5,36.5,3893,500,0,136,0.132,1
3,861501,37,rpm,143,360,36.5,36.5,3893,500,0,137,0.132,1
3,861522,37,rpm,462,360,36.5,36.5,3893,500,0,137,0.133,1
3,861542,37,rpm,673,360,36.5,36.5,3893,500,0,137,0.133,1
3,861563,37,rpm,807,360,36.5,36.5,3893,500,0,137,0.133,1
3,861583,37,rpm,737,360,36.5,36.5,3893,500,0,137,0.133,1
3,861604,37,rpm,608,360,36.5,36.5,3893,500,0,137,0.133,1
3,861624,37,rpm,450,360,36.5,36.5,3893,500,0,137,0.133,1
3,861645,37,rpm,318,360,36.5,36.5,3893,500,0,137,0.133,1
3,861666,37,rpm,270,360,36.5,36.5,3893,500,0,137,0.133,1
3,861686,37,rpm,68,359,36.5,36.5,3893,500,0,138,0.133,1
3,861707,37,rpm,14,359,36.5,36.5,3893,500,0,138,0.134,1
3,861727,37,rpm,10,359,36.5,36.5,3893,500,0,138,0.134,1
3,861748,37,rpm,26,359,36.5,36.5,3893,500,0,138,0.134,1
3,861768,37,rpm,174,359,36.5,36.5,3893,500,0,138,0.134,1
3,861789,37,rpm,478,359,36.5,36.5,3893,500,0,138,0.134,1
3,861809,37,rpm,698,359,36.5,36.5,3893,500,0,138,0.134,1
3,861830,37,rpm,776,359,36.5,36.5,3893,500,0,138,0.134,1
3,861851,37,rpm,694,359,36.5,36.5,3893,500,0,139,0.134,1
3,861871,37,rpm,549,359,36.5,36.5,3893,500,0,139,0.135,1
3,861892,37,rpm,400,359,36.5,36.5,3893,500,0,139,0.135,1
3,861912,37,rpm,304,359,36.5,36.5,3893,500,0,139,0.135,1
3,861933,37,rpm,223,359,36.5,36.5,3893,500,0,139,0.135,1
3,861953,37,rpm,26,359,36.5,36.5,3893,500,0,139,0.135,1
3,861974,37,rpm,12,359,36.5,36.5,3893,500,0,139,0.135,1
3,861995,37,rpm,13,359,36.5,36.5,3893,500,0,139,0.135,1
3,862015,37,rpm,68,359,36.5,36.5,3893,500,0,140,0.135,1
3,862036,37,rpm,346,359,36.5,36.5,3893,500,0,140,0.136,1
3,862056,37,rpm,683,359,36.5,36.5,3893,500,0,140,0.136,1
3,862077,37,rpm,822,359,36.5,36.5,3893,500,0,140,0.136,1
3,862097,37,rpm,751,359,36.5,36.5,3893,500,0,140,0.136,1
3,862118,37,rpm,631,359,36.5,36.5,3893,500,0,140,0.136,1
3,862139,37,rpm,457,359,36.5,36.5,3893,500,0,140,0.136,1
3,862159,37,rpm,317,359,36.5,36.5,3893,500,0,140,0.136,1
3,862180,37,rpm,243,359,36.5,36.5,3893,500,0,141,0.136,1
3,862200,37,rpm,80,359,36.5,36.5,3893,500,0,141,0.136,1
3,862221,37,rpm,15,359,36.5,36.5,3893,500,0,141,0.137,1
3,862242,37,rpm,10,359,36.5,36.5,3893,500,0,141,0.137,1
3,862262,37,rpm,25,359,36.5,36.5,3893,500,0,141,0.137,1
3,862283,37,rpm,192,359,36.5,36.5,3893,500,0,141,0.137,1
3,862303,37,rpm,561,359,36.5,36.5,3893,500,0,141,0.137,1
3,862324,37,rpm,660,359,36.5,36.5,3893,500,0,141,0.137,1
3,862344,37,rpm,739,359,36.5,36.5,3893,500,0,142,0.137,1
3,862365,37,rpm,707,359,36.5,36.5,3893,500,0,142,0.137,1
3,862386,37,rpm,563,359,36.5,36.5,3893,500,0,142,0.138,1
3,862406,37,rpm,431,359,36.5,36.5,3893,500,0,142,0.138,1
3,862427,37,rpm,339,359,36.5,36.5,3893,500,0,142,0.138,1
3,862447,37,rpm,173,359,36.5,36.5,3893,500,0,142,0.138,1
3,862468,37,rpm,23,359,36.5,36.5,3893,500,0,142,0.138,1
3,862488,37,rpm,11,359,36.5,36.5,3893,500,0,142,0.138,1
3,862509,37,rpm,18,359,36.5,36.5,3893,500,0,143,0.138,1
3,862530,37,rpm,129,359,36.5,36.5,3893,500,0,143,0.138,1
3,862550,37,rpm,528,359,36.5,36.5,3893,500,0,143,0.138,1
3,862571,37,rpm,661,359,36.5,36.5,3893,500,0,143,0.139,1
3,862591,37,rpm,728,359,36.5,36.5,3893,500,0,143,0.139,1
3,862612,37,rpm,690,359,36.5,36.5,3893,500,0,143,0.139,1
3,862632,37,rpm,634,359,36.5,36.5,3893,500,0,143,0.139,1
3,862653,37,rpm,501,359,36.5,36.5,3893,500,0,143,0.139,1
3,862674,37,rpm,405,359,36.5,36.5,3893,500,0,144,0.139,1
3,862694,37,rpm,311,359,36.5,36.5,3893,500,0,144,0.139,1
3,862715,37,rpm,45,359,36.5,36.5,3893,500,0,144,0.139,1
3,862735,37,rpm,13,359,36.5,36.5,3893,500,0,144,0.14,1
3,862756,37,rpm,13,359,36.5,36.5,3893,500,0,144,0.14,1
3,862777,37,rpm,54,359,36.5,36.5,3893,500,0,144,0.14,1
3,862797,37,rpm,329,359,36.5,36.5,3893,500,0,144,0.14,1
3,862818,37,rpm,598,359,36.5,36.5,3893,500,0,144,0.14,1
3,862838,37,rpm,680,359,36.5,36.5,3893,500,0,145,0.14,1
3,862859,37,rpm,664,359,36.5,36.5,3893,500,0,145,0.14,1
3,862879,37,rpm,630,359,36.5,36.5,3893,500,0,145,0.14,1
3,862900,37,rpm,516,359,36.5,36.5,3893,500,0,145,0.141,1
3,862921,37,rpm,418,359,36.5,36.5,3893,500,0,145,0.141,1
3,862941,37,rpm,340,359,36.5,36.5,3893,500,0,145,0.141,1
3,862962,37,rpm,114,359,36.5,36.5,3893,500,0,145,0.141,1
3,862982,37,rpm,17,359,36.5,36.5,3893,500,0,145,0.141,1
3,863003,37,rpm,11,359,36.5,36.5,3893,500,0,145,0.141,1
3,863023,37,rpm,24,359,36.5,36.5,3893,500,0,146,0.141,1
3,863044,37,rpm,149,359,36.5,36.5,3893,500,0,146,0.141,1
3,863065,37,rpm,469,359,36.5,36.5,3893,500,0,146,0.141,1
3,863085,37,rpm,699,359,36.5,36.5,3893,500,0,146,0.142,1
3,863106,37,rpm,798,359,36.5,36.5,3893,500,0,146,0.142,1
3,863126,37,rpm,737,359,36.5,36.5,3893,500,0,146,0.142,1
3,863147,37,rpm,597,359,36.5,36.5,3893,500,0,146,0.142,1
3,863168,37,rpm,448,359,36.5,36.5,3893,500,0,146,0.142,1
3,863188,37,rpm,316,359,36.5,36.5,3893,500,0,147,0.142,1
3,863209,37,rpm,271,359,36.5,36.5,3893,500,0,147,0.142,1
3,863229,37,rpm,70,359,36.5,36.5,3893,500,0,147,0.142,1
3,863250,37,rpm,14,359,36.5,36.5,3893,500,0,147,0.143,1
3,863271,37,rpm,10,359,36.5,36.5,3893,500,0,147,0.143,1
3,863291,37,rpm,27,359,36.5,36.5,3893,500,0,147,0.143,1
3,863312,37,rpm,175,359,36.5,36.5,3893,500,0,147,0.143,1
3,863332,37,rpm,475,359,36.5,36.5,3893,500,0,147,0.143,1
3,863353,37,rpm,685,359,36.5,36.5,3893,500,0,148,0.143,1
3,863373,37,rpm,753,359,36.5,36.5,3893,500,0,148,0.143,1
3,863394,37,rpm,679,359,36.5,36.5,3893,500,0,148,0.143,1
3,863415,37,rpm,538,359,36.5,36.5,3893,500,0,148,0.144,1
3,863435,37,rpm,390,359,36.5,36.5,3893,500,0,148,0.144,1
3,863456,37,rpm,307,359,36.5,36.5,3893,500,0,148,0.144,1
3,863476,37,rpm,201,359,36.5,36.5,3893,500,0,148,0.144,1
3,863497,37,rpm,24,359,36.5,36.5,3893,500,0,148,0.144,1
3,863518,37,rpm,11,359,36.5,36.5,3893,500,0,149,0.144,1
3,863538,37,rpm,14,359,36.5,36.5,3893,500,0,149,0.144,1
3,863559,37,rpm,83,359,36.5,36.5,3893,500,0,149,0.144,1
3,863579,37,rpm,384,359,36.5,36.5,3893,500,0,149,0.144,1
3,863600,37,rpm,705,359,36.5,36.5,3893,500,0,149,0.145,1
3,863620,37,rpm,832,359,36.5,36.5,3893,500,0,149,0.145,1
3,863641,37,rpm,749,359,36.5,36.5,3893,500,0,149,0.145,1
3,863662,37,rpm,625,359,36.5,36.5,3893,500,0,149,0.145,1
3,863682,37,rpm,453,359,36.5,36.5,3893,500,0,150,0.145,1
3,863703,37,rpm,317,359,36.5,36.5,3893,500,0,150,0.145,1
3,863723,37,rpm,246,359,36.5,36.5,3893,500,0,150,0.145,1
3,863744,37,rpm,78,358,36.5,36.5,3893,500,0,150,0.145,1
3,863765,37,rpm,15,358,36.5,36.5,3893,500,0,150,0.146,1
3,863785,37,rpm,10,358,36.5,36.5,3893,500,0,150,0.146,1
3,863806,37,rpm,26,358,36.5,36.5,3893,500,0,150,0.146,1
3,863826,37,rpm,212,358,36.5,36.5,3893,500,0,150,0.146,1
3,863847,37,rpm,566,358,36.5,36.5,3893,500,0,151,0.146,1
3,863868,37,rpm,659,358,36.5,36.5,3893,500,0,151,0.146,1
3,863888,37,rpm,728,358,36.5,36.5,3893,500,0,151,0.146,1
3,863909,37,rpm,697,358,36.5,36.5,3893,500,0,151,0.146,1
3,863929,37,rpm,557,358,36.5,36.5,3893,500,0,151,0.146,1
3,863950,37,rpm,430,358,36.5,36.5,3893,500,0,151,0.147,1
3,863970,37,rpm,347,358,36.5,36.5,3893,500,0,151,0.147,1
3,863991,37,rpm,166,358,36.5,36.5,3893,500,0,151,0.147,1
3,864012,37,rpm,22,358,36.5,36.5,3893,500,0,152,0.147,1
3,864032,37,rpm,11,358,36.5,36.5,3893,500,0,152,0.147,1
3,864053,37,rpm,19,358,36.5,36.5,3893,500,0,152,0.147,1
3,864073,37,rpm,142,358,36.5,36.5,3893,500,0,152,0.147,1
3,864094,37,rpm,532,358,36.5,36.5,3893,500,0,152,0.147,1
3,864114,37,rpm,656,358,36.5,36.5,3893,500,0,152,0.148,1
3,864135,37,rpm,723,358,36.5,36.5,3893,500,0,152,0.148,1
3,864155,37,rpm,687,358,36.5,36.5,3893,500,0,152,0.148,1
3,864176,37,rpm,626,358,36.5,36.5,3893,500,0,153,0.148,1
3,864197,37,rpm,497,358,36.5,36.5,3893,500,0,153,0.148,1
3,864217,37,rpm,401,358,36.5,36.5,3893,500,0,153,0.148,1
3,864238,37,rpm,300,358,36.5,36.5,3893,500,0,153,0.148,1
3,864258,37,rpm,36,358,36.5,36.5,3893,500,0,153,0.148,1
3,864279,37,rpm,13,358,36.5,36.5,3893,500,0,153,0.149,1
3,864300,37,rpm,13,358,36.5,36.5,3893,500,0,153,0.149,1
3,864320,37,rpm,60,358,36.5,36.5,3893,500,0,153,0.149,1
3,864341,37,rpm,347,358,36.5,36.5,3893,500,0,153,0.149,1
3,864361,37,rpm,601,358,36.5,36.5,3893,500,0,154,0.149,1
3,864382,37,rpm,683,358,36.5,36.5,3893,500,0,154,0.149,1
3,864402,37,rpm,661,358,36.5,36.5,3893,500,0,154,0.149,1
3,864423,37,rpm,642,358,36.5,36.5,3893,500,0,154,0.149,1
3,864443,37,rpm,511,358,36.5,36.5,3893,500,0,154,0.149,1
3,864464,37,rpm,416,358,36.5,36.5,3893,500,0,154,0.15,1
3,864485,37,rpm,338,358,36.5,36.5,3893,500,0,154,0.15,1
3,864505,37,rpm,104,358,36.5,36.5,3893,500,0,154,0.15,1
3,864526,37,rpm,16,358,36.5,36.5,3893,500,0,155,0.15,1
3,864546,37,rpm,11,358,36.5,36.5,3893,500,0,155,0.15,1
3,864567,37,rpm,24,358,36.5,36.5,3893,500,0,155,0.15,1
3,864587,37,rpm,146,358,36.5,36.5,3893,500,0,155,0.15,1
3,864608,37,rpm,479,358,36.5,36.5,3893,500,0,155,0.15,1
3,864629,37,rpm,694,358,36.5,36.5,3893,500,0,155,0.151,1
3,864649,37,rpm,806,358,36.5,36.5,3893,500,0,155,0.151,1
3,864670,37,rpm,738,358,36.5,36.5,3893,500,0,155,0.151,1
3,864690,37,rpm,602,358,36.5,36.5,3893,500,0,156,0.151,1
3,864711,37,rpm,442,358,36.5,36.5,3893,500,0,156,0.151,1
3,864732,37,rpm,310,358,36.5,36.5,3893,500,0,156,0.151,1
3,864752,37,rpm,263,358,36.5,36.5,3893,500,0,156,0.151,1
3,864773,37,rpm,63,358,36.5,36.5,3893,500,0,156,0.151,1
3,864793,37,rpm,14,358,36.5,36.5,3893,500,0,156,0.152,1
3,864814,37,rpm,10,358,36.5,36.5,3893,500,0,156,0.152,1
3,864834,37,rpm,28,358,36.5,36.5,3893,500,0,156,0.152,1
3,864855,37,rpm,191,358,36.5,36.5,3893,500,0,157,0.152,1
3,864876,37,rpm,496,358,36.5,36.5,3893,500,0,157,0.152,1
3,864896,37,rpm,720,358,36.5,36.5,3893,500,0,157,0.152,1
3,864917,37,rpm,772,358,36.5,36.5,3893,500,0,157,0.152,1
3,864937,37,rpm,685,358,36.5,36.5,3893,500,0,157,0.152,1
3,864958,37,rpm,538,358,36.5,36.5,3893,500,0,157,0.152,1
3,864978,37,rpm,385,358,36.5,36.5,3893,500,0,157,0.153,1
3,864999,37,rpm,287,358,36.5,36.5,3893,500,0,157,0.153,1
3,865020,37,rpm,204,358,36.5,36.5,3893,500,0,158,0.153,1
3,865040,37,rpm,25,358,36.5,36.5,3893,500,0,158,0.153,1
3,865061,37,rpm,12,358,36.5,36.5,3893,500,0,158,0.153,1
3,865081,37,rpm,13,358,36.5,36.5,3893,500,0,158,0.153,1
3,865102,37,rpm,75,358,36.5,36.5,3893,500,0,158,0.153,1
3,865123,37,rpm,361,358,36.5,36.5,3893,500,0,158,0.153,1
3,865143,37,rpm,692,358,36.5,36.5,3893,500,0,158,0.154,1
3,865164,37,rpm,820,358,36.5,36.5,3893,500,0,158,0.154,1
3,865184,37,rpm,753,358,36.5,36.5,3893,500,0,159,0.154,1
3,865205,37,rpm,619,358,36.5,36.5,3893,500,0,159,0.154,1
3,865226,37,rpm,448,358,36.5,36.5,3893,500,0,159,0.154,1
3,865246,37,rpm,313,358,36.5,36.5,3893,500,0,159,0.154,1
3,865267,37,rpm,242,358,36.5,36.5,3893,500,0,159,0.154,1
3,865287,37,rpm,72,358,36.5,36.5,3893,500,0,159,0.154,1
3,865308,37,rpm,14,358,36.5,36.5,3893,500,0,159,0.154,1
3,865328,37,rpm,10,358,36.5,36.5,3893,500,0,159,0.155,1
3,865349,37,rpm,27,358,36.5,36.5,3893,500,0,160,0.155,1
3,865369,37,rpm,217,358,36.5,36.5,3893,500,0,160,0.155,1
3,865390,37,rpm,575,358,36.5,36.5,3893,500,0,160,0.155,1
3,865411,37,rpm,672,358,36.5,36.5,3893,500,0,160,0.155,1
3,865431,37,rpm,751,358,36.5,36.5,3893,500,0,160,0.155,1
3,865452,37,rpm,702,358,36.5,36.5,3893,500,0,160,0.155,1
3,865472,37,rpm,554,358,36.5,36.5,3893,500,0,160,0.155,1
3,865493,37,rpm,417,358,36.5,36.5,3893,500,0,160,0.156,1
3,865514,37,rpm,327,358,36.5,36.5,3893,500,0,160,0.156,1
3,865534,37,rpm,159,358,36.5,36.5,3893,500,0,161,0.156,1
3,865555,37,rpm,22,358,36.5,36.5,3893,500,0,161,0.156,1
3,865575,37,rpm,11,358,36.5,36.5,3893,500,0,161,0.156,1
3,865596,37,rpm,20,358,36.5,36.5,3893,500,0,161,0.156,1
3,865617,37,rpm,146,358,36.5,36.5,3893,500,0,161,0.156,1
3,865637,37,rpm,543,358,36.5,36.5,3893,500,0,161,0.156,1
3,865658,37,rpm,665,358,36.5,36.5,3893,500,0,161,0.157,1
3,865678,37,rpm,725,358,36.5,36.5,3893,500,0,161,0.157,1
3,865699,37,rpm,689,358,36.5,36.5,3893,500,0,162,0.157,1
3,865719,37,rpm,627,358,36.5,36.5,3893,500,0,162,0.157,1
3,865740,37,rpm,493,358,36.5,36.5,3893,500,0,162,0.157,1
3,865761,37,rpm,397,358,36.5,36.5,3893,500,0,162,0.157,1
3,865781,37,rpm,299,358,36.5,36.5,3893,500,0,162,0.157,1
3,865802,37,rpm,38,358,36.5,36.5,3893,500,0,162,0.157,1
3,865822,37,rpm,13,358,36.5,36.5,3893,500,0,162,0.157,1
3,865843,37,rpm,13,358,36.5,36.5,3893,500,0,162,0.158,1
3,865863,37,rpm,59,358,36.5,36.5,3893,500,0,163,0.158,1
3,865884,37,rpm,348,358,36.5,36.5,3893,500,0,163,0.158,1
3,865905,37,rpm,603,358,36.5,36.5,3893,500,0,163,0.158,1
3,865925,37,rpm,680,358,36.5,36.5,3893,500,0,163,0.158,1
3,865946,37,rpm,662,358,36.5,36.5,3893,500,0,163,0.158,1
3,865966,37,rpm,630,358,36.5,36.5,3893,500,0,163,0.158,1
3,865987,37,rpm,510,358,36.5,36.5,3893,500,0,163,0.158,1
3,866008,37,rpm,414,358,36.5,36.5,3893,500,0,163,0.159,1
3,866028,37,rpm,333,358,36.5,36.5,3893,500,0,164,0.159,1
3,866049,37,rpm,97,358,36.5,36.5,3893,500,0,164,0.159,1
3,866069,37,rpm,16,358,36.5,36.5,3893,500,0,164,0.159,1
3,866090,37,rpm,11,358,36.5,36.5,3893,500,0,164,0.159,1
3,866111,37,rpm,26,358,36.5,36.5,3893,500,0,164,0.159,1
3,866131,37,rpm,161,358,36.5,36.5,3893,500,0,164,0.159,1
3,866152,37,rpm,480,358,36.5,36.5,3893,500,0,164,0.159,1
3,866172,37,rpm,693,358,36.5,36.5,3893,500,0,164,0.159,1
3,866193,37,rpm,796,358,36.5,36.5,3893,500,0,165,0.16,1
3,866214,37,rpm,728,358,36.5,36.5,3893,500,0,165,0.16,1
3,866234,37,rpm,592,358,36.5,36.5,3893,500,0,165,0.16,1
3,866255,37,rpm,441,358,36.5,36.5,3893,500,0,165,0.16,1
3,866275,37,rpm,309,358,36.5,36.5,3893,500,0,165,0.16,1
3,866296,37,rpm,263,358,36.5,36.5,3893,500,0,165,0.16,1
3,866316,37,rpm,52,358,36.5,36.5,3893,500,0,165,0.16,1
3,866337,37,rpm,13,358,36.5,36.5,3893,500,0,165,0.16,1
3,866358,37,rpm,10,358,36.5,36.5,3893,500,0,166,0.161,1
3,866378,37,rpm,30,358,36.5,36.5,3893,500,0,166,0.161,1
3,866399,37,rpm,196,358,36.5,36.5,3893,500,0,166,0.161,1
3,866419,37,rpm,488,358,36.5,36.5,3893,500,0,166,0.161,1
3,866440,37,rpm,686,358,36.5,36.5,3893,500,0,166,0.161,1
3,866461,37,rpm,752,358,36.5,36.5,3893,500,0,166,0.161,1
3,866481,37,rpm,677,358,36.5,36.5,3893,500,0,166,0.161,1
3,866502,37,rpm,531,358,36.5,36.5,3893,500,0,166,0.161,1
3,866522,37,rpm,386,358,36.5,36.5,3893,500,0,166,0.162,1
3,866543,37,rpm,309,358,36.5,36.5,3893,500,0,167,0.162,1
3,866564,37,rpm,186,358,36.5,36.5,3893,500,0,167,0.162,1
3,866584,37,rpm,24,358,36.5,36.5,3893,500,0,167,0.162,1
3,866605,37,rpm,11,358,36.5,36.5,3893,500,0,167,0.162,1
3,866625,37,rpm,15,358,36.5,36.5,3893,500,0,167,0.162,1
3,866646,37,rpm,95,358,36.5,36.5,3893,500,0,167,0.162,1
3,866666,37,rpm,410,358,36.5,36.5,3893,500,0,167,0.162,1
3,866687,37,rpm,706,358,36.5,36.5,3893,500,0,167,0.162,1
3,866708,37,rpm,829,358,36.5,36.5,3893,500,0,168,0.163,1
3,866728,37,rpm,743,358,36.5,36.5,3893,500,0,168,0.163,1
3,866749,37,rpm,617,358,36.5,36.5,3893,500,0,168,0.163,1
3,866769,37,rpm,446,358,36.5,36.5,3893,500,0,168,0.163,1
3,866790,37,rpm,310,358,36.5,36.5,3893,500,0,168,0.163,1
3,866811,37,rpm,242,358,36.5,36.5,3893,500,0,168,0.163,1
3,866831,37,rpm,67,358,36.5,36.5,3893,500,0,168,0.163,1
3,866852,37,rpm,14,358,36.5,36.5,3893,500,0,168,0.163,1
3,866872,37,rpm,10,358,36.5,36.5,3893,500,0,169,0.164,1
3,866893,37,rpm,28,358,36.5,36.5,3893,500,0,169,0.164,1
3,866913,37,rpm,220,358,36.5,36.5,3893,500,0,169,0.164,1
3,866934,37,rpm,572,358,36.5,36.5,3893,500,0,169,0.164,1
3,866955,37,rpm,663,358,36.5,36.5,3893,500,0,169,0.164,1
3,866975,37,rpm,720,358,36.5,36.5,3893,500,0,169,0.164,1
3,866996,37,rpm,684,358,36.5,36.5,3893,500,0,169,0.164,1
3,867016,37,rpm,544,358,36.5,36.5,3893,500,0,169,0.164,1
3,867037,37,rpm,419,358,36.5,36.5,3893,500,0,170,0.164,1
3,867058,37,rpm,340,358,36.5,36.5,3893,500,0,170,0.165,1
3,867078,37,rpm,148,358,36.5,36.5,3893,500,0,170,0.165,1
3,867099,37,rpm,21,358,36.5,36.5,3893,500,0,170,0.165,1
3,867119,37,rpm,11,358,36.5,36.5,3893,500,0,170,0.165,1
3,867140,37,rpm,21,358,36.5,36.5,3893,500,0,170,0.165,1
3,867160,37,rpm,160,358,36.5,36.5,3893,500,0,170,0.165,1
3,867181,37,rpm,560,358,36.5,36.5,3893,500,0,170,0.165,1
3,867202,37,rpm,670,358,36.5,36.5,3893,500,0,171,0.165,1
3,867222,37,rpm,722,358,36.5,36.5,3893,500,0,171,0.166,1
3,867243,37,rpm,682,358,36.5,36.5,3893,500,0,171,0.166,1
3,867263,37,rpm,617,358,36.5,36.5,3893,500,0,171,0.166,1
3,867284,37,rpm,490,358,36.5,36.5,3893,500,0,171,0.166,1
3,867304,37,rpm,395,358,36.5,36.5,3893,500,0,171,0.166,1
3,867325,37,rpm,284,358,36.5,36.5,3893,500,0,171,0.166,1
3,867346,37,rpm,30,358,36.5,36.5,3893,500,0,171,0.166,1
3,867366,37,rpm,13,358,36.5,36.5,3893,500,0,172,0.166,1
3,867387,37,rpm,14,358,36.5,36.5,3893,500,0,172,0.167,1
3,867407,37,rpm,66,358,36.5,36.5,3893,500,0,172,0.167,1
3,867428,37,rpm,362,358,36.5,36.5,3893,500,0,172,0.167,1
3,867449,37,rpm,604,358,36.5,36.5,3893,500,0,172,0.167,1
3,867469,37,rpm,682,358,36.5,36.5,3893,500,0,172,0.167,1
3,867490,37,rpm,662,358,36.5,36.5,3893,500,0,172,0.167,1
3,867510,37,rpm,631,358,36.5,36.5,3893,500,0,172,0.167,1
3,867531,37,rpm,506,358,36.5,36.5,3893,500,0,173,0.167,1
3,867551,37,rpm,412,358,36.5,36.5,3893,500,0,173,0.167,1
3,867572,37,rpm,330,358,36.5,36.5,3893,500,0,173,0.168,1
3,867593,37,rpm,85,358,36.5,36.5,3893,500,0,173,0.168,1
3,867613,37,rpm,15,358,36.5,36.5,3893,500,0,173,0.168,1
3,867634,37,rpm,11,358,36.5,36.5,3893,500,0,173,0.168,1
3,867654,37,rpm,26,358,36.5,36.5,3893,500,0,173,0.168,1
3,867675,37,rpm,165,358,36.5,36.5,3893,500,0,173,0.168,1
3,867695,37,rpm,492,358,36.5,36.5,3893,500,0,173,0.168,1
3,867716,37,rpm,724,358,36.5,36.5,3893,500,0,174,0.168,1
3,867736,37,rpm,805,358,36.5,36.5,3893,500,0,174,0.169,1
3,867757,37,rpm,733,358,36.5,36.5,3893,500,0,174,0.169,1
3,867778,37,rpm,583,358,36.5,36.5,3893,500,0,174,0.169,1
3,867798,37,rpm,432,358,36.5,36.5,3893,500,0,174,0.169,1
3,867819,37,rpm,304,358,36.5,36.5,3893,500,0,174,0.169,1
3,867839,37,rpm,254,358,36.5,36.5,3893,500,0,174,0.169,1
3,867860,37,rpm,52,358,36.5,36.5,3893,500,0,174,0.169,1
3,867880,37,rpm,13,358,36.5,36.5,3893,500,0,175,0.169,1
3,867901,37,rpm,10,358,36.5,36.5,3893,500,0,175,0.169,1
3,867921,37,rpm,32,358,36.5,36.5,3893,500,0,175,0.17,1
3,867942,37,rpm,206,358,36.5,36.5,3893,500,0,175,0.17,1
3,867962,37,rpm,517,358,36.5,36.5,3893,500,0,175,0.17,1
3,867983,37,rpm,728,358,36.5,36.5,3893,500,0,175,0.17,1
3,868004,37,rpm,760,358,36.5,36.5,3893,500,0,175,0.17,1
3,868024,37,rpm,671,358,36.5,36.5,3893,500,0,175,0.17,1
3,868045,37,rpm,529,358,36.5,36.5,3893,500,0,176,0.17,1
3,868065,37,rpm,373,358,36.5,36.5,3893,500,0,176,0.17,1
3,868086,37,rpm,286,358,36.5,36.5,3893,500,0,176,0.171,1
3,868106,37,rpm,188,358,36.5,36.5,3893,500,0,176,0.171,1
3,868127,37,rpm,24,358,36.5,36.5,3893,500,0,176,0.171,1
3,868148,37,rpm,11,358,36.5,36.5,3893,500,0,176,0.171,1
3,868168,37,rpm,13,358,36.5,36.5,3893,500,0,176,0.171,1
3,868189,37,rpm,80,358,36.5,36.5,3893,500,0,176,0.171,1
3,868209,37,rpm,376,358,36.5,36.5,3893,500,0,177,0.171,1
3,868230,37,rpm,700,358,36.5,36.5,3893,500,0,177,0.171,1
3,868250,37,rpm,821,358,36.5,36.5,3893,500,0,177,0.171,1
3,868271,37,rpm,741,358,36.5,36.5,3893,500,0,177,0.172,1
3,868291,37,rpm,619,358,36.5,36.5,3893,500,0,177,0.172,1
3,868312,37,rpm,444,358,36.5,36.5,3893,500,0,177,0.172,1
3,868333,37,rpm,308,358,36.5,36.5,3893,500,0,177,0.172,1
3,868353,37,rpm,240,358,36.5,36.5,3893,500,0,177,0.172,1
3,868374,37,rpm,65,358,36.5,36.5,3893,500,0,178,0.172,1
3,868394,37,rpm,14,357,36.5,36.5,3893,500,0,178,0.172,1
3,868415,37,rpm,10,357,36.5,36.5,3893,500,0,178,0.172,1
3,868435,37,rpm,29,357,36.5,36.5,3893,500,0,178,0.173,1
3,868456,37,rpm,236,357,36.5,36.5,3893,500,0,178,0.173,1
3,868477,37,rpm,581,357,36.5,36.5,3893,500,0,178,0.173,1
3,868497,37,rpm,679,357,36.5,36.5,3893,500,0,178,0.173,1
3,868518,37,rpm,744,357,36.5,36.5,3893,500,0,178,0.173,1
3,868538,37,rpm,694,357,36.5,36.5,3893,500,0,179,0.173,1
3,868559,37,rpm,549,357,36.5,36.5,3893,500,0,179,0.173,1
3,868579,37,rpm,409,357,36.5,36.5,3893,500,0,179,0.173,1
3,868600,37,rpm,324,357,36.5,36.5,3893,500,0,179,0.174,1
3,868621,37,rpm,150,357,36.5,36.5,3893,500,0,179,0.174,1
3,868641,37,rpm,21,357,36.5,36.5,3893,500,0,179,0.174,1
3,868662,37,rpm,11,357,36.5,36.5,3893,500,0,179,0.174,1
3,868682,37,rpm,20,357,36.5,36.5,3893,500,0,179,0.174,1
3,868703,37,rpm,153,357,36.5,36.5,3893,500,0,179,0.174,1
3,868723,37,rpm,551,357,36.5,36.5,3893,500,0,180,0.174,1
3,868744,37,rpm,664,357,36.5,36.5,3893,500,0,180,0.174,1
3,868765,37,rpm,719,357,36.5,36.5,3893,500,0,180,0.174,1
3,868785,37,rpm,684,357,36.5,36.5,3893,500,0,180,0.175,1
3,868806,37,rpm,626,357,36.5,36.5,3893,500,0,180,0.175,1
3,868826,37,rpm,488,357,36.5,36.5,3893,500,0,180,0.175,1
3,868847,37,rpm,395,357,36.5,36.5,3893,500,0,180,0.175,1
3,868867,37,rpm,289,357,36.5,36.5,3893,500,0,180,0.175,1
3,868888,37,rpm,33,357,36.5,36.5,3893,500,0,181,0.175,1
3,868909,37,rpm,13,357,36.5,36.5,3893,500,0,181,0.175,1
3,868929,37,rpm,13,357,36.5,36.5,3893,500,0,181,0.175,1
3,868950,37,rpm,60,357,36.5,36.5,3893,500,0,181,0.176,1
3,868970,37,rpm,351,357,36.5,36.5,3893,500,0,181,0.176,1
3,868991,37,rpm,602,357,36.5,36.5,3893,500,0,181,0.176,1
3,869011,37,rpm,680,357,36.5,36.5,3893,500,0,181,0.176,1
3,869032,37,rpm,659,357,36.5,36.5,3893,500,0,181,0.176,1
3,869053,37,rpm,631,357,36.5,36.5,3893,500,0,182,0.176,1
3,869073,37,rpm,506,357,36.5,36.5,3893,500,0,182,0.176,1
3,869094,37,rpm,412,357,36.5,36.5,3893,500,0,182,0.176,1
3,869114,37,rpm,332,357,36.5,36.5,3893,500,0,182,0.176,1
3,869135,37,rpm,92,357,36.5,36.5,3893,500,0,182,0.177,1
3,869155,37,rpm,15,357,36.5,36.5,3893,500,0,182,0.177,1
3,869176,37,rpm,11,357,36.5,36.5,3893,500,0,182,0.177,1
3,869196,37,rpm,27,357,36.5,36.5,3893,500,0,182,0.177,1
3,869217,37,rpm,165,357,36.5,36.5,3893,500,0,183,0.177,1
3,869238,37,rpm,478,357,36.5,36.5,3893,500,0,183,0.177,1
3,869258,37,rpm,688,357,36.5,36.5,3893,500,0,183,0.177,1
3,869279,37,rpm,794,357,36.5,36.5,3893,500,0,183,0.177,1
3,869299,37,rpm,726,357,36.5,36.5,3893,500,0,183,0.178,1
3,869320,37,rpm,590,357,36.5,36.5,3893,500,0,183,0.178,1
3,869341,37,rpm,436,357,36.5,36.5,3893,500,0,183,0.178,1
3,869361,37,rpm,313,357,36.5,36.5,3893,500,0,183,0.178,1
3,869382,37,rpm,268,357,36.5,36.5,3893,500,0,184,0.178,1
3,869402,37,rpm,55,357,36.5,36.5,3893,500,0,184,0.178,1
3,869423,37,rpm,13,357,36.5,36.5,3893,500,0,184,0.178,1
3,869443,37,rpm,10,357,36.5,36.5,3893,500,0,184,0.178,1
3,869464,37,rpm,29,357,36.5,36.5,3893,500,0,184,0.179,1
3,869485,37,rpm,191,357,36.5,36.5,3893,500,0,184,0.179,1
3,869505,37,rpm,487,357,36.5,36.5,3893,500,0,184,0.179,1
3,869526,37,rpm,684,357,36.5,36.5,3893,500,0,184,0.179,1
3,869546,37,rpm,763,357,36.5,36.5,3893,500,0,185,0.179,1
3,869567,37,rpm,687,357,36.5,36.5,3893,500,0,185,0.179,1
3,869587,37,rpm,535,357,36.5,36.5,3893,500,0,185,0.179,1
3,869608,37,rpm,392,357,36.5,36.5,3893,500,0,185,0.179,1
3,869629,37,rpm,307,357,36.5,36.5,3893,500,0,185,0.179,1
3,869649,37,rpm,197,357,36.5,36.5,3893,500,0,185,0.18,1
3,869670,37,rpm,24,357,36.5,36.5,3893,500,0,185,0.18,1
3,869690,37,rpm,12,357,36.5,36.5,3893,500,0,185,0.18,1
3,869711,37,rpm,14,357,36.5,36.5,3893,500,0,186,0.18,1
3,869731,37,rpm,83,357,36.5,36.5,3893,500,0,186,0.18,1
3,869752,37,rpm,385,357,36.5,36.5,3893,500,0,186,0.18,1
3,869772,37,rpm,696,357,36.5,36.5,3893,500,0,186,0.18,1
3,869793,37,rpm,827,357,36.5,36.5,3893,500,0,186,0.18,1
3,869814,37,rpm,745,357,36.5,36.5,3893,500,0,186,0.181,1
3,869834,37,rpm,624,357,36.5,36.5,3893,500,0,186,0.181,1
3,869855,37,rpm,449,357,36.5,36.5,3893,500,0,186,0.181,1
3,869875,37,rpm,309,357,36.5,36.5,3893,500,0,186,0.181,1
3,869896,37,rpm,238,357,36.5,36.5,3893,500,0,187,0.181,1
3,869916,37,rpm,71,357,36.5,36.5,3893,500,0,187,0.181,1
3,869937,37,rpm,14,357,36.5,36.5,3893,500,0,187,0.181,1
3,869957,37,rpm,10,357,36.5,36.5,3893,500,0,187,0.181,1
3,869978,37,rpm,26,357,36.5,36.5,3893,500,0,187,0.181,1
3,869999,37,rpm,206,357,36.5,36.5,3893,500,0,187,0.182,1
3,870019,37,rpm,562,357,36.5,36.5,3893,500,0,187,0.182,1
3,870040,37,rpm,658,357,36.5,36.5,3893,500,0,187,0.182,1
3,870060,37,rpm,718,357,36.5,36.5,3893,500,0,188,0.182,1
3,870081,37,rpm,688,357,36.5,36.5,3893,500,0,188,0.182,1
3,870101,37,rpm,552,357,36.5,36.5,3893,500,0,188,0.182,1
3,870122,37,rpm,424,357,36.5,36.5,3893,500,0,188,0.182,1
3,870142,37,rpm,340,357,36.5,36.5,3893,500,0,188,0.182,1
3,870163,37,rpm,155,357,36.5,36.5,3893,500,0,188,0.183,1
3,870184,37,rpm,21,357,36.5,36.5,3893,500,0,188,0.183,1
3,870204,37,rpm,11,357,36.5,36.5,3893,500,0,188,0.183,1
3,870225,37,rpm,19,357,36.5,36.5,3893,500,0,189,0.183,1
3,870245,37,rpm,142,357,36.5,36.5,3893,500,0,189,0.183,1
3,870266,37,rpm,543,357,36.5,36.5,3893,500,0,189,0.183,1
3,870286,37,rpm,665,357,36.5,36.5,3893,500,0,189,0.183,1
3,870307,37,rpm,722,357,36.5,36.5,3893,500,0,189,0.183,1
3,870327,37,rpm,683,357,36.5,36.5,3893,500,0,189,0.183,1
3,870348,37,rpm,628,357,36.5,36.5,3893,500,0,189,0.184,1
3,870369,37,rpm,498,357,36.5,36.5,3893,500,0,189,0.184,1
3,870389,37,rpm,401,357,36.5,36.5,3893,500,0,190,0.184,1
3,870410,37,rpm,297,357,36.5,36.5,3893,500,0,190,0.184,1
3,870430,37,rpm,37,357,36.5,36.5,3893,500,0,190,0.184,1
3,870451,37,rpm,13,357,36.5,36.5,3893,500,0,190,0.184,1
3,870472,37,rpm,13,357,36.5,36.5,3893,500,0,190,0.184,1
3,870492,37,rpm,56,357,36.5,36.5,3893,500,0,190,0.184,1
3,870513,37,rpm,334,357,36.5,36.5,3893,500,0,190,0.185,1
3,870533,37,rpm,596,357,36.5,36.5,3893,500,0,190,0.185,1
3,870554,37,rpm,679,357,36.5,36.5,3893,500,0,191,0.185,1
3,870574,37,rpm,662,357,36.5,36.5,3893,500,0,191,0.185,1
3,870595,37,rpm,633,357,36.5,36.5,3893,500,0,191,0.185,1
3,870615,37,rpm,512,357,36.5,36.5,3893,500,0,191,0.185,1
3,870636,37,rpm,414,357,36.5,36.5,3893,500,0,191,0.185,1
3,870656,37,rpm,336,357,36.5,36.5,3893,500,0,191,0.185,1
3,870677,37,rpm,102,357,36.5,36.5,3893,500,0,191,0.186,1
3,870697,37,rpm,16,357,36.5,36.5,3893,500,0,191,0.186,1
3,870718,37,rpm,11,357,36.5,36.5,3893,500,0,191,0.186,1
3,870739,37,rpm,24,357,36.5,36.5,3893,500,0,192,0.186,1
3,870759,37,rpm,146,357,36.5,36.5,3893,500,0,192,0.186,1
3,870780,37,rpm,480,357,36.5,36.5,3893,500,0,192,0.186,1
3,870800,37,rpm,714,357,36.5,36.5,3893,500,0,192,0.186,1
3,870821,37,rpm,803,357,36.5,36.5,3893,500,0,192,0.186,1
3,870841,37,rpm,728,357,36.5,36.5,3893,500,0,192,0.186,1
3,870862,37,rpm,591,357,36.5,36.5,3893,500,0,192,0.187,1
3,870883,37,rpm,442,357,36.5,36.5,3893,500,0,192,0.187,1
3,870903,37,rpm,310,357,36.5,36.5,3893,500,0,193,0.187,1
3,870924,37,rpm,262,357,36.5,36.5,3893,500,0,193,0.187,1
3,870944,37,rpm,60,357,36.5,36.5,3893,500,0,193,0.187,1
3,870965,37,rpm,13,357,36.5,36.5,3893,500,0,193,0.187,1
3,870985,37,rpm,10,357,36.5,36.5,3893,500,0,193,0.187,1
3,871006,37,rpm,28,357,36.5,36.5,3893,500,0,193,0.187,1
3,871026,37,rpm,183,357,36.5,36.5,3893,500,0,193,0.188,1
3,871047,37,rpm,488,357,36.5,36.5,3893,500,0,193,0.188,1
3,871068,37,rpm,700,357,36.5,36.5,3893,500,0,194,0.188,1
3,871088,37,rpm,754,357,36.5,36.5,3893,500,0,194,0.188,1
3,871109,37,rpm,673,357,36.5,36.5,3893,500,0,194,0.188,1
3,871129,37,rpm,537,357,36.5,36.5,3893,500,0,194,0.188,1
3,871150,37,rpm,382,357,36.5,36.5,3893,500,0,194,0.188,1
3,871170,37,rpm,296,357,36.5,36.5,3893,500,0,194,0.188,1
3,871191,37,rpm,202,357,36.5,36.5,3893,500,0,194,0.188,1
3,871212,37,rpm,25,357,36.5,36.5,3893,500,0,194,0.189,1
3,871232,37,rpm,11,357,36.5,36.5,3893,500,0,195,0.189,1
3,871253,37,rpm,13,357,36.5,36.5,3893,500,0,195,0.189,1
3,871273,37,rpm,74,357,36.5,36.5,3893,500,0,195,0.189,1
3,871294,37,rpm,367,357,36.5,36.5,3893,500,0,195,0.189,1
3,871314,37,rpm,694,357,36.5,36.5,3893,500,0,195,0.189,1
3,871335,37,rpm,828,357,36.5,36.5,3893,500,0,195,0.189,1
3,871355,37,rpm,750,357,36.5,36.5,3893,500,0,195,0.189,1
3,871376,37,rpm,632,357,36.5,36.5,3893,500,0,195,0.19,1
3,871396,37,rpm,456,357,36.5,36.5,3893,500,0,196,0.19,1
3,871417,37,rpm,316,357,36.5,36.5,3893,500,0,196,0.19,1
3,871437,37,rpm,242,357,36.5,36.5,3893,500,0,196,0.19,1
3,871458,37,rpm,79,357,36.5,36.5,3893,500,0,196,0.19,1
3,871478,37,rpm,15,357,36.5,36.5,3893,500,0,196,0.19,1
3,871499,37,rpm,10,357,36.5,36.5,3893,500,0,196,0.19,1
3,871520,37,rpm,25,357,36.5,36.5,3893,500,0,196,0.19,1
3,871540,37,rpm,198,357,36.5,36.5,3893,500,0,196,0.19,1
3,871561,37,rpm,561,357,36.5,36.5,3893,500,0,197,0.191,1
3,871581,37,rpm,656,357,36.5,36.5,3893,500,0,197,0.191,1
3,871602,37,rpm,733,357,36.5,36.5,3893,500,0,197,0.191,1
3,871622,37,rpm,701,357,36.5,36.5,3893,500,0,197,0.191,1
3,871643,37,rpm,558,357,36.5,36.5,3893,500,0,197,0.191,1
3,871664,37,rpm,427,357,36.5,36.5,3893,500,0,197,0.191,1
3,871684,37,rpm,339,357,36.5,36.5,3893,500,0,197,0.191,1
3,871705,37,rpm,169,357,36.5,36.5,3893,500,0,197,0.191,1
3,871725,37,rpm,23,357,36.5,36.5,3893,500,0,197,0.192,1
3,871746,37,rpm,11,357,36.5,36.5,3893,500,0,198,0.192,1
3,871766,37,rpm,18,357,36.5,36.5,3893,500,0,198,0.192,1
3,871787,37,rpm,130,357,36.5,36.5,3893,500,0,198,0.192,1
3,871808,37,rpm,516,357,36.5,36.5,3893,500,0,198,0.192,1
3,871828,37,rpm,655,357,36.5,36.5,3893,500,0,198,0.192,1
3,871849,37,rpm,717,357,36.5,36.5,3893,500,0,198,0.192,1
3,871869,37,rpm,677,357,36.5,36.5,3893,500,0,198,0.192,1
3,871890,37,rpm,627,357,36.5,36.5,3893,500,0,198,0.193,1
3,871910,37,rpm,497,356,36.5,36.5,3893,500,0,199,0.193,1
3,871931,37,rpm,402,356,36.5,36.5,3893,500,0,199,0.193,1
3,871952,37,rpm,303,356,36.5,36.5,3893,500,0,199,0.193,1
3,871972,37,rpm,41,356,36.5,36.5,3893,500,0,199,0.193,1
3,871993,37,rpm,13,356,36.5,36.5,3893,500,0,199,0.193,1
3,872013,37,rpm,12,356,36.5,36.5,3893,500,0,199,0.193,1
3,872034,37,rpm,54,356,36.5,36.5,3893,500,0,199,0.193,1
3,872054,37,rpm,328,356,36.5,36.5,3893,500,0,199,0.193,1
3,872075,37,rpm,599,356,36.5,36.5,3893,500,0,200,0.194,1
3,872096,37,rpm,678,356,36.5,36.5,3893,500,0,200,0.194,1
3,872116,37,rpm,661,356,36.5,36.5,3893,500,0,200,0.194,1
3,872137,37,rpm,631,356,36.5,36.5,3893,500,0,200,0.194,1
3,872157,37,rpm,517,356,36.5,36.5,3893,500,0,200,0.194,1
3,872178,37,rpm,421,356,36.5,36.5,3893,500,0,200,0.194,1
3,872198,37,rpm,340,356,36.5,36.5,3893,500,0,200,0.194,1
3,872219,37,rpm,113,356,36.5,36.5,3893,500,0,200,0.194,1
3,872240,37,rpm,17,356,36.5,36.5,3893,500,0,201,0.195,1
3,872260,37,rpm,11,356,36.5,36.5,3893,500,0,201,0.195,1
3,872281,37,rpm,23,356,36.5,36.5,3893,500,0,201,0.195,1
3,872301,37,rpm,138,356,36.5,36.5,3893,500,0,201,0.195,1
3,872322,37,rpm,454,356,36.5,36.5,3893,500,0,201,0.195,1
3,872342,37,rpm,668,356,36.5,36.5,3893,500,0,201,0.195,1
3,872363,37,rpm,803,356,36.5,36.5,3893,500,0,201,0.195,1
3,872384,37,rpm,734,356,36.5,36.5,3893,500,0,201,0.195,1
3,872404,37,rpm,610,356,36.5,36.5,3893,500,0,202,0.195,1
3,872425,37,rpm,449,356,36.5,36.5,3893,500,0,202,0.196,1
3,872445,37,rpm,316,356,36.5,36.5,3893,500,0,202,0.196,1
3,872466,37,rpm,268,356,36.5,36.5,3893,500,0,202,0.196,1
3,872487,37,rpm,69,356,36.5,36.5,3893,500,0,202,0.196,1
3,872507,37,rpm,14,356,36.5,36.5,3893,500,0,202,0.196,1
3,872528,37,rpm,10,356,36.5,36.5,3893,500,0,202,0.196,1
3,872548,37,rpm,26,356,36.5,36.5,3893,500,0,202,0.196,1
3,872569,37,rpm,173,356,36.5,36.5,3893,500,0,202,0.196,1
3,872590,37,rpm,479,356,36.5,36.5,3893,500,0,203,0.197,1
3,872610,37,rpm,699,356,36.5,36.5,3893,500,0,203,0.197,1
3,872631,37,rpm,772,356,36.5,36.5,3893,500,0,203,0.197,1
3,872651,37,rpm,684,356,36.5,36.5,3893,500,0,203,0.197,1
3,872672,37,rpm,545,356,36.5,36.5,3893,500,0,203,0.197,1
3,872692,37,rpm,396,356,36.5,36.5,3893,500,0,203,0.197,1
3,872713,37,rpm,300,356,36.5,36.5,3893,500,0,203,0.197,1
3,872734,37,rpm,215,356,36.5,36.5,3893,500,0,203,0.197,1
3,872754,37,rpm,26,356,36.5,36.5,3893,500,0,204,0.197,1
3,872775,37,rpm,12,356,36.5,36.5,3893,500,0,204,0.198,1
3,872795,37,rpm,13,356,36.5,36.5,3893,500,0,204,0.198,1
3,872816,37,rpm,68,356,36.5,36.5,3893,500,0,204,0.198,1
3,872837,37,rpm,349,356,36.5,36.5,3893,500,0,204,0.198,1
3,872857,37,rpm,685,356,36.5,36.5,3893,500,0,204,0.198,1
3,872878,37,rpm,816,356,36.5,36.5,3893,500,0,204,0.198,1
3,872898,37,rpm,743,356,36.5,36.5,3893,500,0,204,0.198,1
3,872919,37,rpm,626,356,36.5,36.5,3893,500,0,205,0.198,1
3,872940,37,rpm,453,356,36.5,36.5,3893,500,0,205,0.199,1
3,872960,37,rpm,314,356,36.5,36.5,3893,500,0,205,0.199,1
3,872981,37,rpm,238,356,36.5,36.5,3893,500,0,205,0.199,1
3,873001,37,rpm,77,356,36.5,36.5,3893,500,0,205,0.199,1
3,873022,37,rpm,15,356,36.5,36.5,3893,500,0,205,0.199,1
3,873042,37,rpm,10,356,36.5,36.5,3893,500,0,205,0.199,1
3,873063,37,rpm,25,356,36.5,36.5,3893,500,0,205,0.199,1
3,873084,37,rpm,196,356,36.5,36.5,3893,500,0,206,0.199,1
3,873104,37,rpm,561,356,36.5,36.5,3893,500,0,206,0.199,1
3,873125,37,rpm,658,356,36.5,36.5,3893,500,0,206,0.2,1
3,873145,37,rpm,722,356,36.5,36.5,3893,500,0,206,0.2,1
3,873166,37,rpm,698,356,36.5,36.5,3893,500,0,206,0.2,1
3,873187,37,rpm,558,356,36.5,36.5,3893,500,0,206,0.2,1
3,873207,37,rpm,430,356,36.5,36.5,3893,500,0,206,0.2,1
3,873228,37,rpm,338,356,36.5,36.5,3893,500,0,206,0.2,1
3,873248,37,rpm,161,356,36.5,36.5,3893,500,0,207,0.2,1
3,873269,37,rpm,22,356,36.5,36.5,3893,500,0,207,0.2,1
3,873290,37,rpm,11,356,36.5,36.5,3893,500,0,207,0.201,1
3,873310,37,rpm,19,356,36.5,36.5,3893,500,0,207,0.201,1
3,873331,37,rpm,132,356,36.5,36.5,3893,500,0,207,0.201,1
3,873351,37,rpm,538,356,36.5,36.5,3893,500,0,207,0.201,1
3,873372,37,rpm,664,356,36.5,36.5,3893,500,0,207,0.201,1
3,873392,37,rpm,724,356,36.5,36.5,3893,500,0,207,0.201,1
3,873413,37,rpm,683,356,36.5,36.5,3893,500,0,208,0.201,1
3,873433,37,rpm,628,356,36.5,36.5,3893,500,0,208,0.201,1
3,873454,37,rpm,497,356,36.5,36.5,3893,500,0,208,0.202,1
3,873474,37,rpm,402,356,36.5,36.5,3893,500,0,208,0.202,1
3,873495,37,rpm,303,356,36.5,36.5,3893,500,0,208,0.202,1
3,873516,37,rpm,42,356,36.5,36.5,3893,500,0,208,0.202,1
3,873536,37,rpm,13,356,36.5,36.5,3893,500,0,208,0.202,1
3,873557,37,rpm,13,356,36.5,36.5,3893,500,0,208,0.202,1
3,873577,37,rpm,54,356,36.5,36.5,3893,500,0,208,0.202,1
3,873598,37,rpm,331,356,36.5,36.5,3893,500,0,209,0.202,1
3,873619,37,rpm,600,356,36.5,36.5,3893,500,0,209,0.202,1
3,873639,37,rpm,676,356,36.5,36.5,3893,500,0,209,0.203,1
3,873660,37,rpm,658,356,36.5,36.5,3893,500,0,209,0.203,1
3,873680,37,rpm,624,356,36.5,36.5,3893,500,0,209,0.203,1
3,873701,37,rpm,513,356,36.5,36.5,3893,500,0,209,0.203,1
3,873722,37,rpm,414,356,36.5,36.5,3893,500,0,209,0.203,1
3,873742,37,rpm,338,356,36.5,36.5,3893,500,0,209,0.203,1
3,873763,37,rpm,103,356,36.5,36.5,3893,500,0,210,0.203,1
3,873783,37,rpm,16,356,36.5,36.5,3893,500,0,210,0.203,1
3,873804,37,rpm,11,356,36.5,36.5,3893,500,0,210,0.204,1
3,873824,37,rpm,24,356,36.5,36.5,3893,500,0,210,0.204,1
3,873845,37,rpm,151,356,36.5,36.5,3893,500,0,210,0.204,1
3,873866,37,rpm,472,356,36.5,36.5,3893,500,0,210,0.204,1
3,873886,37,rpm,702,356,36.5,36.5,3893,500,0,210,0.204,1
3,873907,37,rpm,791,356,36.5,36.5,3893,500,0,210,0.204,1
3,873927,37,rpm,728,356,36.5,36.5,3893,500,0,211,0.204,1
3,873948,37,rpm,591,356,36.5,36.5,3893,500,0,211,0.204,1
3,873968,37,rpm,445,356,36.5,36.5,3893,500,0,211,0.204,1
3,873989,37,rpm,313,356,36.5,36.5,3893,500,0,211,0.205,1
3,874010,37,rpm,268,356,36.5,36.5,3893,500,0,211,0.205,1
3,874030,37,rpm,62,356,36.5,36.5,3893,500,0,211,0.205,1
3,874051,37,rpm,14,356,36.5,36.5,3893,500,0,211,0.205,1
3,874071,37,rpm,10,356,36.5,36.5,3893,500,0,211,0.205,1
3,874092,37,rpm,27,356,36.5,36.5,3893,500,0,212,0.205,1
3,874112,37,rpm,177,356,36.5,36.5,3893,500,0,212,0.205,1
3,874133,37,rpm,476,356,36.5,36.5,3893,500,0,212,0.205,1
3,874153,37,rpm,683,356,36.5,36.5,3893,500,0,212,0.206,1
3,874174,37,rpm,751,356,36.5,36.5,3893,500,0,212,0.206,1
3,874194,37,rpm,673,356,36.5,36.5,3893,500,0,212,0.206,1
3,874215,37,rpm,536,356,36.5,36.5,3893,500,0,212,0.206,1
3,874236,37,rpm,387,356,36.5,36.5,3893,500,0,212,0.206,1
3,874256,37,rpm,305,356,36.5,36.5,3893,500,0,213,0.206,1
3,874277,37,rpm,199,356,36.5,36.5,3893,500,0,213,0.206,1
3,874297,37,rpm,25,356,36.5,36.5,3893,500,0,213,0.206,1
3,874318,37,rpm,12,356,36.5,36.5,3893,500,0,213,0.206,1
3,874338,37,rpm,14,356,36.5,36.5,3893,500,0,213,0.207,1
3,874359,37,rpm,78,356,36.5,36.5,3893,500,0,213,0.207,1
3,874380,37,rpm,377,356,36.5,36.5,3893,500,0,213,0.207,1
3,874400,37,rpm,703,356,36.5,36.5,3893,500,0,213,0.207,1
3,874421,37,rpm,829,356,36.5,36.5,3893,500,0,213,0.207,1
3,874441,37,rpm,744,356,36.5,36.5,3893,500,0,214,0.207,1
3,874462,37,rpm,626,356,36.5,36.5,3893,500,0,214,0.207,1
3,874482,37,rpm,454,356,36.5,36.5,3893,500,0,214,0.207,1
3,874503,37,rpm,316,356,36.5,36.5,3893,500,0,214,0.208,1
3,874523,37,rpm,244,356,36.5,36.5,3893,500,0,214,0.208,1
3,874544,37,rpm,80,356,36.5,36.5,3893,500,0,214,0.208,1
3,874565,37,rpm,15,356,36.5,36.5,3893,500,0,214,0.208,1
3,874585,37,rpm,10,356,36.5,36.5,3893,500,0,214,0.208,1
3,874606,37,rpm,25,356,36.5,36.5,3893,500,0,215,0.208,1
3,874626,37,rpm,196,356,36.5,36.5,3893,500,0,215,0.208,1
3,874647,37,rpm,560,356,36.5,36.5,3893,500,0,215,0.208,1
3,874667,37,rpm,650,356,36.5,36.5,3893,500,0,215,0.208,1
3,874688,37,rpm,719,356,36.5,36.5,3893,500,0,215,0.209,1
3,874709,37,rpm,695,356,36.5,36.5,3893,500,0,215,0.209,1
3,874729,37,rpm,556,356,36.5,36.5,3893,500,0,215,0.209,1
3,874750,37,rpm,428,356,36.5,36.5,3893,500,0,215,0.209,1
3,874770,37,rpm,342,356,36.5,36.5,3893,500,0,216,0.209,1
3,874791,37,rpm,170,356,36.5,36.5,3893,500,0,216,0.209,1
3,874812,37,rpm,22,356,36.5,36.5,3893,500,0,216,0.209,1
3,874832,37,rpm,12,356,36.5,36.5,3893,500,0,216,0.209,1
3,874853,37,rpm,19,356,36.5,36.5,3893,500,0,216,0.21,1
3,874873,37,rpm,134,356,36.5,36.5,3893,500,0,216,0.21,1
3,874894,37,rpm,525,356,36.5,36.5,3893,500,0,216,0.21,1
3,874914,37,rpm,651,356,36.5,36.5,3893,500,0,216,0.21,1
3,874935,37,rpm,716,356,36.5,36.5,3893,500,0,217,0.21,1
3,874955,37,rpm,679,356,36.5,36.5,3893,500,0,217,0.21,1
3,874976,37,rpm,628,356,36.5,36.5,3893,500,0,217,0.21,1
3,874997,37,rpm,498,356,36.5,36.5,3893,500,0,217,0.21,1
3,875017,37,rpm,401,356,36.5,36.5,3893,500,0,217,0.211,1
3,875038,37,rpm,302,356,36.5,36.5,3893,500,0,217,0.211,1
3,875058,37,rpm,38,356,36.5,36.5,3893,500,0,217,0.211,1
3,875079,37,rpm,13,356,36.5,36.5,3893,500,0,217,0.211,1
3,875099,37,rpm,13,356,36.5,36.5,3893,500,0,218,0.211,1
3,875120,37,rpm,53,356,36.5,36.5,3893,500,0,218,0.211,1
3,875140,37,rpm,319,356,36.5,36.5,3893,500,0,218,0.211,1
3,875161,37,rpm,592,356,36.5,36.5,3893,500,0,218,0.211,1
3,875182,37,rpm,679,356,36.5,36.5,3893,500,0,218,0.211,1
3,875202,37,rpm,665,356,36.5,36.5,3893,500,0,218,0.212,1
3,875223,37,rpm,637,356,36.5,36.5,3893,500,0,218,0.212,1
3,875243,37,rpm,515,356,36.5,36.5,3893,500,0,218,0.212,1
3,875264,37,rpm,417,356,36.5,36.5,3893,500,0,218,0.212,1
3,875284,37,rpm,341,356,36.5,36.5,3893,500,0,219,0.212,1
3,875305,37,rpm,109,356,36.5,36.5,3893,500,0,219,0.212,1
3,875326,37,rpm,17,356,36.5,36.5,3893,500,0,219,0.212,1
3,875346,37,rpm,11,356,36.5,36.5,3893,500,0,219,0.212,1
3,875367,37,rpm,22,356,36.5,36.5,3893,500,0,219,0.213,1
3,875387,37,rpm,137,356,36.5,36.5,3893,500,0,219,0.213,1
3,875408,37,rpm,459,356,36.5,36.5,3893,500,0,219,0.213,1
3,875428,37,rpm,685,356,36.5,36.5,3893,500,0,219,0.213,1
3,875449,37,rpm,805,356,36.5,36.5,3893,500,0,220,0.213,1
3,875470,37,rpm,730,356,36.5,36.5,3893,500,0,220,0.213,1
3,875490,37,rpm,606,356,36.5,36.5,3893,500,0,220,0.213,1
3,875511,37,rpm,445,356,36.5,36.5,3893,500,0,220,0.213,1
3,875531,37,rpm,309,356,36.5,36.5,3893,500,0,220,0.213,1
3,875552,37,rpm,264,356,36.5,36.5,3893,500,0,220,0.214,1
3,875572,37,rpm,69,356,36.5,36.5,3893,500,0,220,0.214,1
3,875593,37,rpm,14,356,36.5,36.5,3893,500,0,220,0.214,1
3,875614,37,rpm,10,356,36.5,36.5,3893,500,0,221,0.214,1
3,875634,37,rpm,27,356,36.5,36.5,3893,500,0,221,0.214,1
3,875655,37,rpm,177,356,36.5,36.5,3893,500,0,221,0.214,1
3,875675,37,rpm,486,356,36.5,36.5,3893,500,0,221,0.214,1
3,875696,37,rpm,712,356,36.5,36.5,3893,500,0,221,0.214,1
3,875716,37,rpm,768,356,36.5,36.5,3893,500,0,221,0.215,1
3,875737,37,rpm,682,356,36.5,36.5,3893,500,0,221,0.215,1
3,875758,37,rpm,545,356,36.5,36.5,3893,500,0,221,0.215,1
3,875778,37,rpm,387,356,36.5,36.5,3893,500,0,222,0.215,1
3,875799,37,rpm,287,356,36.5,36.5,3893,500,0,222,0.215,1
3,875819,37,rpm,211,356,36.5,36.5,3893,500,0,222,0.215,1
3,875840,37,rpm,26,356,36.5,36.5,3893,500,0,222,0.215,1
3,875860,37,rpm,12,356,36.5,36.5,3893,500,0,222,0.215,1
3,875881,37,rpm,12,356,36.5,36.5,3893,500,0,222,0.215,1
3,875901,37,rpm,64,356,36.5,36.5,3893,500,0,222,0.216,1
3,875922,37,rpm,330,356,36.5,36.5,3893,500,0,222,0.216,1
3,875942,37,rpm,679,356,36.5,36.5,3893,500,0,223,0.216,1
3,875963,37,rpm,811,356,36.5,36.5,3893,500,0,223,0.216,1
3,875984,37,rpm,749,356,36.5,36.5,3893,500,0,223,0.216,1
3,876004,37,rpm,628,356,36.5,36.5,3893,500,0,223,0.216,1
3,876025,37,rpm,457,356,36.5,36.5,3893,500,0,223,0.216,1
3,876045,37,rpm,318,356,36.5,36.5,3893,500,0,223,0.216,1
3,876066,37,rpm,244,356,36.5,36.5,3893,500,0,223,0.217,1
3,876086,37,rpm,82,356,36.5,36.5,3893,500,0,223,0.217,1
3,876107,37,rpm,16,356,36.5,36.5,3893,500,0,223,0.217,1
3,876128,37,rpm,10,356,36.5,36.5,3893,500,0,224,0.217,1
3,876148,37,rpm,24,356,36.5,36.5,3893,500,0,224,0.217,1
3,876169,37,rpm,187,356,36.5,36.5,3893,500,0,224,0.217,1
3,876189,37,rpm,562,356,36.5,36.5,3893,500,0,224,0.217,1
3,876210,37,rpm,655,356,36.5,36.5,3893,500,0,224,0.217,1
3,876230,37,rpm,737,356,36.5,36.5,3893,500,0,224,0.217,1
3,876251,37,rpm,704,356,36.5,36.5,3893,500,0,224,0.218,1
3,876272,37,rpm,559,356,36.5,36.5,3893,500,0,224,0.218,1
3,876292,37,rpm,428,356,36.5,36.5,3893,500,0,225,0.218,1
3,876313,37,rpm,332,356,36.5,36.5,3893,500,0,225,0.218,1
3,876333,37,rpm,175,356,36.5,36.5,3893,500,0,225,0.218,1
3,876354,37,rpm,23,356,36.5,36.5,3893,500,0,225,0.218,1
3,876374,37,rpm,11,356,36.5,36.5,3893,500,0,225,0.218,1
3,876395,37,rpm,17,356,36.5,36.5,3893,500,0,225,0.218,1
3,876416,37,rpm,120,356,36.5,36.5,3893,500,0,225,0.219,1
3,876436,37,rpm,518,356,36.5,36.5,3893,500,0,225,0.219,1
3,876457,37,rpm,655,356,36.5,36.5,3893,500,0,226,0.219,1
3,876477,37,rpm,723,356,36.5,36.5,3893,500,0,226,0.219,1
3,876498,37,rpm,685,356,36.5,36.5,3893,500,0,226,0.219,1
3,876519,37,rpm,633,356,36.5,36.5,3893,500,0,226,0.219,1
3,876539,37,rpm,498,355,36.5,36.5,3893,500,0,226,0.219,1
3,876560,37,rpm,403,355,36.5,36.5,3893,500,0,226,0.219,1
3,876580,37,rpm,310,355,36.5,36.5,3893,500,0,226,0.219,1
3,876601,37,rpm,47,355,36.5,36.5,3893,500,0,226,0.22,1
3,876621,37,rpm,14,355,36.5,36.5,3893,500,0,227,0.22,1
3,876642,37,rpm,13,355,36.5,36.5,3893,500,0,227,0.22,1
3,876663,37,rpm,49,355,36.5,36.5,3893,500,0,227,0.22,1
3,876683,37,rpm,313,355,36.5,36.5,3893,500,0,227,0.22,1
3,876704,37,rpm,594,355,36.5,36.5,3893,500,0,227,0.22,1
3,876724,37,rpm,669,355,36.5,36.5,3893,500,0,227,0.22,1
3,876745,37,rpm,659,355,36.5,36.5,3893,500,0,227,0.22,1
3,876765,37,rpm,629,355,36.5,36.5,3893,500,0,227,0.221,1
3,876786,37,rpm,519,355,36.5,36.5,3893,500,0,228,0.221,1
3,876806,37,rpm,419,355,36.5,36.5,3893,500,0,228,0.221,1
3,876827,37,rpm,339,355,36.5,36.5,3893,500,0,228,0.221,1
3,876848,37,rpm,114,355,36.5,36.5,3893,500,0,228,0.221,1
3,876868,37,rpm,17,355,36.5,36.5,3893,500,0,228,0.221,1
3,876889,37,rpm,11,355,36.5,36.5,3893,500,0,228,0.221,1
3,876909,37,rpm,23,355,36.5,36.5,3893,500,0,228,0.221,1
3,876930,37,rpm,139,355,36.5,36.5,3893,500,0,228,0.222,1
3,876951,37,rpm,457,355,36.5,36.5,3893,500,0,228,0.222,1
3,876971,37,rpm,672,355,36.5,36.5,3893,500,0,229,0.222,1
3,876992,37,rpm,792,355,36.5,36.5,3893,500,0,229,0.222,1
3,877012,37,rpm,730,355,36.5,36.5,3893,500,0,229,0.222,1
3,877033,37,rpm,605,355,36.5,36.5,3893,500,0,229,0.222,1
3,877053,37,rpm,451,355,36.5,36.5,3893,500,0,229,0.222,1
3,877074,37,rpm,315,355,36.5,36.5,3893,500,0,229,0.222,1
3,877094,37,rpm,271,355,36.5,36.5,3893,500,0,229,0.222,1
3,877115,37,rpm,72,355,36.5,36.5,3893,500,0,229,0.223,1
3,877136,37,rpm,14,355,36.5,36.5,3893,500,0,230,0.223,1
3,877156,37,rpm,10,355,36.5,36.5,3893,500,0,230,0.223,1
3,877177,37,rpm,25,355,36.5,36.5,3893,500,0,230,0.223,1
3,877198,37,rpm,166,355,36.5,36.5,3893,500,0,230,0.223,1
3,877218,37,rpm,463,355,36.5,36.5,3893,500,0,230,0.223,1
3,877239,37,rpm,663,355,36.5,36.5,3893,500,0,230,0.223,1
3,877259,37,rpm,753,355,36.5,36.5,3893,500,0,230,0.223,1
3,877280,37,rpm,683,355,36.5,36.5,3893,500,0,230,0.224,1
3,877300,37,rpm,545,355,36.5,36.5,3893,500,0,231,0.224,1
3,877321,37,rpm,401,355,36.5,36.5,3893,500,0,231,0.224,1
3,877341,37,rpm,312,355,36.5,36.5,3893,500,0,231,0.224,1
3,877362,37,rpm,211,355,36.5,36.5,3893,500,0,231,0.224,1
3,877383,37,rpm,25,355,36.5,36.5,3893,500,0,231,0.224,1
3,877403,37,rpm,12,355,36.5,36.5,3893,500,0,231,0.224,1
3,877424,37,rpm,14,355,36.5,36.5,3893,500,0,231,0.224,1
3,877444,37,rpm,75,355,36.5,36.5,3893,500,0,231,0.224,1
3,877465,37,rpm,362,355,36.5,36.5,3893,500,0,232,0.225,1
3,877485,37,rpm,683,355,36.5,36.5,3893,500,0,232,0.225,1
3,877506,37,rpm,820,355,36.5,36.5,3893,500,0,232,0.225,1
3,877527,37,rpm,743,355,36.5,36.5,3893,500,0,232,0.225,1
3,877547,37,rpm,633,355,36.5,36.5,3893,500,0,232,0.225,1
3,877568,37,rpm,462,355,36.5,36.5,3893,500,0,232,0.225,1
3,877588,37,rpm,321,355,36.5,36.5,3893,500,0,232,0.225,1
3,877609,37,rpm,246,355,36.5,36.5,3893,500,0,232,0.225,1
3,877630,37,rpm,83,355,36.5,36.5,3893,500,0,233,0.226,1
3,877650,37,rpm,16,355,36.5,36.5,3893,500,0,233,0.226,1
3,877671,37,rpm,10,355,36.5,36.5,3893,500,0,233,0.226,1
3,877691,37,rpm,23,355,36.5,36.5,3893,500,0,233,0.226,1
3,877712,37,rpm,177,355,36.5,36.5,3893,500,0,233,0.226,1
3,877732,37,rpm,548,355,36.5,36.5,3893,500,0,233,0.226,1
3,877753,37,rpm,651,355,36.5,36.5,3893,500,0,233,0.226,1
3,877774,37,rpm,716,355,36.5,36.5,3893,500,0,233,0.226,1
3,877794,37,rpm,691,355,36.5,36.5,3893,500,0,233,0.226,1
3,877815,37,rpm,555,355,36.5,36.5,3893,500,0,234,0.227,1
3,877835,37,rpm,430,355,36.5,36.5,3893,500,0,234,0.227,1
3,877856,37,rpm,347,355,36.5,36.5,3893,500,0,234,0.227,1
3,877876,37,rpm,178,355,36.5,36.5,3893,500,0,234,0.227,1
3,877897,37,rpm,23,355,36.5,36.5,3893,500,0,234,0.227,1
3,877917,37,rpm,12,355,36.5,36.5,3893,500,0,234,0.227,1
3,877938,37,rpm,18,355,36.5,36.5,3893,500,0,234,0.227,1
3,877959,37,rpm,124,355,36.5,36.5,3893,500,0,234,0.227,1
3,877979,37,rpm,520,355,36.5,36.5,3893,500,0,235,0.228,1
3,878000,37,rpm,656,355,36.5,36.5,3893,500,0,235,0.228,1
3,878020,37,rpm,721,355,36.5,36.5,3893,500,0,235,0.228,1
3,878041,37,rpm,678,355,36.5,36.5,3893,500,0,235,0.228,1
3,878061,37,rpm,629,355,36.5,36.5,3893,500,0,235,0.228,1
3,878082,37,rpm,502,355,36.5,36.5,3893,500,0,235,0.228,1
3,878103,37,rpm,403,355,36.5,36.5,3893,500,0,235,0.228,1
3,878123,37,rpm,306,355,36.5,36.5,3893,500,0,235,0.228,1
3,878144,37,rpm,41,355,36.5,36.5,3893,500,0,236,0.228,1
3,878164,37,rpm,13,355,36.5,36.5,3893,500,0,236,0.229,1
3,878185,37,rpm,13,355,36.5,36.5,3893,500,0,236,0.229,1
3,878206,37,rpm,53,355,36.5,36.5,3893,500,0,236,0.229,1
3,878226,37,rpm,318,355,36.5,36.5,3893,500,0,236,0.229,1
3,878247,37,rpm,594,355,36.5,36.5,3893,500,0,236,0.229,1
3,878267,37,rpm,672,355,36.5,36.5,3893,500,0,236,0.229,1
3,878288,37,rpm,661,355,36.5,36.5,3893,500,0,236,0.229,1
3,878309,37,rpm,634,355,36.5,36.5,3893,500,0,237,0.229,1
3,878329,37,rpm,517,355,36.5,36.5,3893,500,0,237,0.23,1
3,878350,37,rpm,420,355,36.5,36.5,3893,500,0,237,0.23,1
3,878370,37,rpm,340,355,36.5,36.5,3893,500,0,237,0.23,1
3,878391,37,rpm,112,355,36.5,36.5,3893,500,0,237,0.23,1
3,878411,37,rpm,17,355,36.5,36.5,3893,500,0,237,0.23,1
3,878432,37,rpm,11,355,36.5,36.5,3893,500,0,237,0.23,1
3,878452,37,rpm,22,355,36.5,36.5,3893,500,0,237,0.23,1
3,878473,37,rpm,135,355,36.5,36.5,3893,500,0,237,0.23,1
3,878494,37,rpm,460,355,36.5,36.5,3893,500,0,238,0.23,1
3,878514,37,rpm,703,355,36.5,36.5,3893,500,0,238,0.231,1
3,878535,37,rpm,804,355,36.5,36.5,3893,500,0,238,0.231,1
3,878555,37,rpm,736,355,36.5,36.5,3893,500,0,238,0.231,1
3,878576,37,rpm,597,355,36.5,36.5,3893,500,0,238,0.231,1
3,878596,37,rpm,449,355,36.5,36.5,3893,500,0,238,0.231,1
3,878617,37,rpm,311,355,36.5,36.5,3893,500,0,238,0.231,1
3,878638,37,rpm,259,355,36.5,36.5,3893,500,0,238,0.231,1
3,878658,37,rpm,69,355,36.5,36.5,3893,500,0,239,0.231,1
3,878679,37,rpm,14,355,36.5,36.5,3893,500,0,239,0.232,1
3,878699,37,rpm,10,355,36.5,36.5,3893,500,0,239,0.232,1
3,878720,37,rpm,27,355,36.5,36.5,3893,500,0,239,0.232,1
3,878741,37,rpm,177,355,36.5,36.5,3893,500,0,239,0.232,1
3,878761,37,rpm,490,355,36.5,36.5,3893,500,0,239,0.232,1
3,878782,37,rpm,710,355,36.5,36.5,3893,500,0,239,0.232,1
3,878802,37,rpm,759,355,36.5,36.5,3893,500,0,239,0.232,1
3,878823,37,rpm,673,355,36.5,36.5,3893,500,0,240,0.232,1
3,878843,37,rpm,545,355,36.5,36.5,3893,500,0,240,0.232,1
3,878864,37,rpm,387,355,36.5,36.5,3893,500,0,240,0.233,1
3,878884,37,rpm,290,355,36.5,36.5,3893,500,0,240,0.233,1
3,878905,37,rpm,210,355,36.5,36.5,3893,500,0,240,0.233,1
3,878926,37,rpm,26,355,36.5,36.5,3893,500,0,240,0.233,1
3,878946,37,rpm,12,355,36.5,36.5,3893,500,0,240,0.233,1
3,878967,37,rpm,12,355,36.5,36.5,3893,500,0,240,0.233,1
3,878987,37,rpm,66,355,36.5,36.5,3893,500,0,241,0.233,1
3,879008,37,rpm,338,355,36.5,36.5,3893,500,0,241,0.233,1
3,879028,37,rpm,678,355,36.5,36.5,3893,500,0,241,0.234,1
3,879049,37,rpm,814,355,36.5,36.5,3893,500,0,241,0.234,1
3,879070,37,rpm,742,355,36.5,36.5,3893,500,0,241,0.234,1
3,879090,37,rpm,630,355,36.5,36.5,3893,500,0,241,0.234,1
3,879111,37,rpm,459,355,36.5,36.5,3893,500,0,241,0.234,1
3,879131,37,rpm,318,355,36.5,36.5,3893,500,0,241,0.234,1
3,879152,37,rpm,245,355,36.5,36.5,3893,500,0,242,0.234,1
3,879172,37,rpm,82,355,36.5,36.5,3893,500,0,242,0.234,1
3,879193,37,rpm,15,355,36.5,36.5,3893,500,0,242,0.234,1
3,879213,37,rpm,10,355,36.5,36.5,3893,500,0,242,0.235,1
3,879234,37,rpm,23,355,36.5,36.5,3893,500,0,242,0.235,1
3,879254,37,rpm,189,355,36.5,36.5,3893,500,0,242,0.235,1
3,879275,37,rpm,567,355,36.5,36.5,3893,500,0,242,0.235,1
3,879296,37,rpm,662,355,36.5,36.5,3893,500,0,242,0.235,1
3,879316,37,rpm,744,355,36.5,36.5,3893,500,0,242,0.235,1
3,879337,37,rpm,706,355,36.5,36.5,3893,500,0,243,0.235,1
3,879357,37,rpm,558,355,36.5,36.5,3893,500,0,243,0.235,1
3,879378,37,rpm,421,355,36.5,36.5,3893,500,0,243,0.236,1
3,879398,37,rpm,328,355,36.5,36.5,3893,500,0,243,0.236,1
3,879419,37,rpm,172,355,36.5,36.5,3893,500,0,243,0.236,1
3,879440,37,rpm,23,355,36.5,36.5,3893,500,0,243,0.236,1
3,879460,37,rpm,12,355,36.5,36.5,3893,500,0,243,0.236,1
3,879481,37,rpm,17,355,36.5,36.5,3893,500,0,243,0.236,1
3,879501,37,rpm,124,355,36.5,36.5,3893,500,0,244,0.236,1
3,879522,37,rpm,516,355,36.5,36.5,3893,500,0,244,0.236,1
3,879543,37,rpm,655,355,36.5,36.5,3893,500,0,244,0.237,1
3,879563,37,rpm,718,355,36.5,36.5,3893,500,0,244,0.237,1
3,879584,37,rpm,680,355,36.5,36.5,3893,500,0,244,0.237,1
3,879604,37,rpm,636,355,36.5,36.5,3893,500,0,244,0.237,1
3,879625,37,rpm,500,355,36.5,36.5,3893,500,0,244,0.237,1
3,879645,37,rpm,402,355,36.5,36.5,3893,500,0,244,0.237,1
3,879666,37,rpm,311,355,36.5,36.5,3893,500,0,245,0.237,1
3,879686,37,rpm,48,355,36.5,36.5,3893,500,0,245,0.237,1
3,879707,37,rpm,13,355,36.5,36.5,3893,500,0,245,0.237,1
3,879728,37,rpm,12,355,36.5,36.5,3893,500,0,245,0.238,1
3,879748,37,rpm,48,355,36.5,36.5,3893,500,0,245,0.238,1
3,879769,37,rpm,306,355,36.5,36.5,3893,500,0,245,0.238,1
3,879789,37,rpm,590,355,36.5,36.5,3893,500,0,245,0.238,1
3,879810,37,rpm,672,355,36.5,36.5,3893,500,0,245,0.238,1
3,879830,37,rpm,660,355,36.5,36.5,3893,500,0,246,0.238,1
3,879851,37,rpm,631,355,36.5,36.5,3893,500,0,246,0.238,1
3,879872,37,rpm,519,355,36.5,36.5,3893,500,0,246,0.238,1
3,879892,37,rpm,418,355,36.5,36.5,3893,500,0,246,0.239,1
3,879913,37,rpm,341,355,36.5,36.5,3893,500,0,246,0.239,1
3,879933,37,rpm,115,355,36.5,36.5,3893,500,0,246,0.239,1
3,879954,37,rpm,17,355,36.5,36.5,3893,500,0,246,0.239,1
3,879975,37,rpm,11,355,36.5,36.5,3893,500,0,246,0.239,1
3,879995,37,rpm,23,355,36.5,36.5,3893,500,0,246,0.239,1
3,880016,37,rpm,138,355,36.5,36.5,3893,500,0,247,0.239,1
3,880036,37,rpm,451,355,36.5,36.5,3893,500,0,247,0.239,1
3,880057,37,rpm,660,355,36.5,36.5,3893,500,0,247,0.239,1
3,880077,37,rpm,790,355,36.5,36.5,3893,500,0,247,0.24,1
3,880098,37,rpm,732,355,36.5,36.5,3893,500,0,247,0.24,1
3,880118,37,rpm,608,355,36.5,36.5,3893,500,0,247,0.24,1
3,880139,37,rpm,452,355,36.5,36.5,3893,500,0,247,0.24,1
3,880160,37,rpm,320,355,36.5,36.5,3893,500,0,247,0.24,1
3,880180,37,rpm,275,355,36.5,36.5,3893,500,0,248,0.24,1
3,880201,37,rpm,73,355,36.5,36.5,3893,500,0,248,0.24,1
3,880221,37,rpm,14,355,36.5,36.5,3893,500,0,248,0.24,1
3,880242,37,rpm,10,355,36.5,36.5,3893,500,0,248,0.241,1
3,880262,37,rpm,23,355,36.5,36.5,3893,500,0,248,0.241,1
3,880283,37,rpm,159,355,36.5,36.5,3893,500,0,248,0.241,1
3,880303,37,rpm,457,355,36.5,36.5,3893,500,0,248,0.241,1
3,880324,37,rpm,659,355,36.5,36.5,3893,500,0,248,0.241,1
3,880345,37,rpm,764,355,36.5,36.5,3893,500,0,249,0.241,1
3,880365,37,rpm,690,355,36.5,36.5,3893,500,0,249,0.241,1
3,880386,37,rpm,551,355,36.5,36.5,3893,500,0,249,0.241,1
3,880406,37,rpm,404,355,36.5,36.5,3893,500,0,249,0.241,1
3,880427,37,rpm,311,355,36.5,36.5,3893,500,0,249,0.242,1
3,880448,37,rpm,221,355,36.5,36.5,3893,500,0,249,0.242,1
3,880468,37,rpm,26,355,36.5,36.5,3893,500,0,249,0.242,1
3,880489,37,rpm,12,355,36.5,36.5,3893,500,0,249,0.242,1
3,880509,37,rpm,13,355,36.5,36.5,3893,500,0,250,0.242,1
3,880530,37,rpm,68,355,36.5,36.5,3893,500,0,250,0.242,1
3,880551,37,rpm,351,355,36.5,36.5,3893,500,0,250,0.242,1
3,880571,37,rpm,675,355,36.5,36.5,3893,500,0,250,0.242,1
3,880592,37,rpm,818,355,36.5,36.5,3893,500,0,250,0.243,1
3,880612,37,rpm,745,355,36.5,36.5,3893,500,0,250,0.243,1
3,880633,37,rpm,634,355,36.5,36.5,3893,500,0,250,0.243,1
3,880654,37,rpm,458,355,36.5,36.5,3893,500,0,250,0.243,1
3,880674,37,rpm,317,355,36.5,36.5,3893,500,0,251,0.243,1
3,880695,37,rpm,242,355,36.5,36.5,3893,500,0,251,0.243,1
3,880715,37,rpm,83,355,36.5,36.5,3893,500,0,251,0.243,1
3,880736,37,rpm,16,355,36.5,36.5,3893,500,0,251,0.243,1
3,880756,37,rpm,10,355,36.5,36.5,3893,500,0,251,0.243,1
3,880777,37,rpm,23,355,36.5,36.5,3893,500,0,251,0.244,1
3,880798,37,rpm,180,355,36.5,36.5,3893,500,0,251,0.244,1
3,880818,37,rpm,548,355,36.5,36.5,3893,500,0,251,0.244,1
3,880839,37,rpm,646,355,36.5,36.5,3893,500,0,251,0.244,1
3,880859,37,rpm,716,355,36.5,36.5,3893,500,0,252,0.244,1
3,880880,37,rpm,694,355,36.5,36.5,3893,500,0,252,0.244,1
3,880900,37,rpm,557,355,36.5,36.5,3893,500,0,252,0.244,1
3,880921,37,rpm,431,355,36.5,36.5,3893,500,0,252,0.244,1
3,880942,37,rpm,346,355,36.5,36.5,3893,500,0,252,0.245,1
3,880962,37,rpm,171,355,36.5,36.5,3893,500,0,252,0.245,1
3,880983,37,rpm,23,355,36.5,36.5,3893,500,0,252,0.245,1
3,881003,37,rpm,12,355,36.5,36.5,3893,500,0,252,0.245,1
3,881024,37,rpm,18,355,36.5,36.5,3893,500,0,253,0.245,1
3,881044,37,rpm,123,355,36.5,36.5,3893,500,0,253,0.245,1
3,881065,37,rpm,519,355,36.5,36.5,3893,500,0,253,0.245,1
3,881085,37,rpm,658,355,36.5,36.5,3893,500,0,253,0.245,1
3,881106,37,rpm,724,355,36.5,36.5,3893,500,0,253,0.245,1
3,881127,37,rpm,680,355,36.5,36.5,3893,500,0,253,0.246,1
3,881147,37,rpm,631,355,36.5,36.5,3893,500,0,253,0.246,1
3,881168,37,rpm,502,355,36.5,36.5,3893,500,0,253,0.246,1
3,881188,37,rpm,406,355,36.5,36.5,3893,500,0,254,0.246,1
3,881209,37,rpm,308,355,36.5,36.5,3893,500,0,254,0.246,1
3,881230,37,rpm,43,355,36.5,36.5,3893,500,0,254,0.246,1
3,881250,37,rpm,13,355,36.5,36.5,3893,500,0,254,0.246,1
3,881271,37,rpm,13,355,36.5,36.5,3893,500,0,254,0.246,1
3,881291,37,rpm,51,355,36.5,36.5,3893,500,0,254,0.247,1
3,881312,37,rpm,309,355,36.5,36.5,3893,500,0,254,0.247,1
3,881333,37,rpm,588,355,36.5,36.5,3893,500,0,254,0.247,1
3,881353,37,rpm,672,355,36.5,36.5,3893,500,0,255,0.247,1
3,881374,37,rpm,661,355,36.5,36.5,3893,500,0,255,0.247,1
3,881394,37,rpm,635,355,36.5,36.5,3893,500,0,255,0.247,1
3,881415,37,rpm,516,355,36.5,36.5,3893,500,0,255,0.247,1
3,881435,37,rpm,417,355,36.5,36.5,3893,500,0,255,0.247,1
3,881456,37,rpm,338,355,36.5,36.5,3893,500,0,255,0.247,1
3,881477,37,rpm,110,355,36.5,36.5,3893,500,0,255,0.248,1
3,881497,37,rpm,17,355,36.5,36.5,3893,500,0,255,0.248,1
3,881518,37,rpm,11,355,36.5,36.5,3893,500,0,256,0.248,1
3,881538,37,rpm,22,355,36.5,36.5,3893,500,0,256,0.248,1
3,881559,37,rpm,138,355,36.5,36.5,3893,500,0,256,0.248,1
3,881579,37,rpm,465,355,36.5,36.5,3893,500,0,256,0.248,1
3,881600,37,rpm,706,355,36.5,36.5,3893,500,0,256,0.248,1
3,881621,37,rpm,799,355,36.5,36.5,3893,500,0,256,0.248,1
3,881641,37,rpm,727,355,36.5,36.5,3893,500,0,256,0.249,1
3,881662,37,rpm,597,355,36.5,36.5,3893,500,0,256,0.249,1
3,881682,37,rpm,450,355,36.5,36.5,3893,500,0,256,0.249,1
3,881703,37,rpm,313,355,36.5,36.5,3893,500,0,257,0.249,1
3,881724,37,rpm,263,355,36.5,36.5,3893,500,0,257,0.249,1
3,881744,37,rpm,67,355,36.5,36.5,3893,500,0,257,0.249,1
3,881765,37,rpm,14,355,36.5,36.5,3893,500,0,257,0.249,1
3,881785,37,rpm,10,355,36.5,36.5,3893,500,0,257,0.249,1
3,881806,37,rpm,27,355,36.5,36.5,3893,500,0,257,0.249,1
3,881826,37,rpm,173,355,36.5,36.5,3893,500,0,257,0.25,1
3,881847,37,rpm,482,355,36.5,36.5,3893,500,0,257,0.25,1
3,881868,37,rpm,693,355,36.5,36.5,3893,500,0,258,0.25,1
3,881888,37,rpm,749,355,36.5,36.5,3893,500,0,258,0.25,1
3,881909,37,rpm,673,355,36.5,36.5,3893,500,0,258,0.25,1
3,881929,37,rpm,539,355,36.5,36.5,3893,500,0,258,0.25,1
3,881950,37,rpm,385,355,36.5,36.5,3893,500,0,258,0.25,1
3,881970,37,rpm,296,355,36.5,36.5,3893,500,0,258,0.25,1
3,881991,37,rpm,204,355,36.5,36.5,3893,500,0,258,0.251,1
3,882012,37,rpm,25,355,36.5,36.5,3893,500,0,258,0.251,1
3,882032,37,rpm,12,355,36.5,36.5,3893,500,0,259,0.251,1
3,882053,37,rpm,13,355,36.5,36.5,3893,500,0,259,0.251,1
3,882073,37,rpm,70,355,36.5,36.5,3893,500,0,259,0.251,1
3,882094,37,rpm,350,355,36.5,36.5,3893,500,0,259,0.251,1
3,882114,37,rpm,688,355,36.5,36.5,3893,500,0,259,0.251,1
3,882135,37,rpm,823,355,36.5,36.5,3893,500,0,259,0.251,1
3,882155,37,rpm,750,355,36.5,36.5,3893,500,0,259,0.251,1
3,882176,37,rpm,632,355,36.5,36.5,3893,500,0,259,0.252,1
3,882197,37,rpm,457,355,36.5,36.5,3893,500,0,260,0.252,1
3,882217,37,rpm,318,355,36.5,36.5,3893,500,0,260,0.252,1
3,882238,37,rpm,241,355,36.5,36.5,3893,500,0,260,0.252,1
3,882258,37,rpm,80,355,36.5,36.5,3893,500,0,260,0.252,1
3,882279,37,rpm,15,355,36.5,36.5,3893,500,0,260,0.252,1
3,882300,37,rpm,10,355,36.5,36.5,3893,500,0,260,0.252,1
3,882320,37,rpm,24,355,36.5,36.5,3893,500,0,260,0.252,1
3,882341,37,rpm,193,355,36.5,36.5,3893,500,0,260,0.253,1
3,882361,37,rpm,556,355,36.5,36.5,3893,500,0,260,0.253,1
3,882382,37,rpm,656,355,36.5,36.5,3893,500,0,261,0.253,1
3,882403,37,rpm,728,355,36.5,36.5,3893,500,0,261,0.253,1
3,882423,37,rpm,697,355,36.5,36.5,3893,500,0,261,0.253,1
3,882444,37,rpm,556,355,36.5,36.5,3893,500,0,261,0.253,1
3,882464,37,rpm,424,355,36.5,36.5,3893,500,0,261,0.253,1
3,882485,37,rpm,336,355,36.5,36.5,3893,500,0,261,0.253,1
3,882505,37,rpm,172,355,36.5,36.5,3893,500,0,261,0.254,1
3,882526,37,rpm,23,355,36.5,36.5,3893,500,0,261,0.254,1
3,882546,37,rpm,12,355,36.5,36.5,3893,500,0,262,0.254,1
3,882567,37,rpm,18,355,36.5,36.5,3893,500,0,262,0.254,1
3,882588,37,rpm,127,355,36.5,36.5,3893,500,0,262,0.254,1
3,882608,37,rpm,521,355,36.5,36.5,3893,500,0,262,0.254,1
3,882629,37,rpm,649,355,36.5,36.5,3893,500,0,262,0.254,1
3,882649,37,rpm,716,355,36.5,36.5,3893,500,0,262,0.254,1
3,882670,37,rpm,676,355,36.5,36.5,3893,500,0,262,0.254,1
3,882690,37,rpm,632,355,36.5,36.5,3893,500,0,262,0.255,1
3,882711,37,rpm,496,355,36.5,36.5,3893,500,0,263,0.255,1
3,882731,37,rpm,400,355,36.5,36.5,3893,500,0,263,0.255,1
3,882752,37,rpm,301,355,36.5,36.5,3893,500,0,263,0.255,1
3,882773,37,rpm,40,355,36.5,36.5,3893,500,0,263,0.255,1
3,882793,37,rpm,13,355,36.5,36.5,3893,500,0,263,0.255,1
3,882814,37,rpm,13,355,36.5,36.5,3893,500,0,263,0.255,1
3,882834,37,rpm,50,355,36.5,36.5,3893,500,0,263,0.255,1
3,882855,37,rpm,314,355,36.5,36.5,3893,500,0,263,0.256,1
3,882875,37,rpm,596,355,36.5,36.5,3893,500,0,264,0.256,1
3,882896,37,rpm,675,355,36.5,36.5,3893,500,0,264,0.256,1
3,882916,37,rpm,658,355,36.5,36.5,3893,500,0,264,0.256,1
3,882937,37,rpm,632,355,36.5,36.5,3893,500,0,264,0.256,1
3,882958,37,rpm,518,355,36.5,36.5,3893,500,0,264,0.256,1
3,882978,37,rpm,420,355,36.5,36.5,3893,500,0,264,0.256,1
3,882999,37,rpm,341,355,36.5,36.5,3893,500,0,264,0.256,1
3,883019,37,rpm,115,355,36.5,36.5,3893,500,0,264,0.256,1
3,883040,37,rpm,17,355,36.5,36.5,3893,500,0,265,0.257,1
3,883060,37,rpm,11,355,36.5,36.5,3893,500,0,265,0.257,1
3,883081,37,rpm,22,355,36.5,36.5,3893,500,0,265,0.257,1
3,883102,37,rpm,133,355,36.5,36.5,3893,500,0,265,0.257,1
3,883122,37,rpm,446,355,36.5,36.5,3893,500,0,265,0.257,1
3,883143,37,rpm,667,355,36.5,36.5,3893,500,0,265,0.257,1
3,883163,37,rpm,798,355,36.5,36.5,3893,500,0,265,0.257,1
3,883184,37,rpm,732,355,36.5,36.5,3893,500,0,265,0.257,1
3,883204,37,rpm,609,355,36.5,36.5,3893,500,0,265,0.258,1
3,883225,37,rpm,449,355,36.5,36.5,3893,500,0,266,0.258,1
3,883245,37,rpm,316,355,36.5,36.5,3893,500,0,266,0.258,1
3,883266,37,rpm,270,355,36.5,36.5,3893,500,0,266,0.258,1
3,883287,37,rpm,72,355,36.5,36.5,3893,500,0,266,0.258,1
3,883307,37,rpm,14,355,36.5,36.5,3893,500,0,266,0.258,1
3,883328,37,rpm,10,355,36.5,36.5,3893,500,0,266,0.258,1
3,883348,37,rpm,25,355,36.5,36.5,3893,500,0,266,0.258,1
3,883369,37,rpm,169,355,36.5,36.5,3893,500,0,266,0.258,1
3,883390,37,rpm,475,355,36.5,36.5,3893,500,0,267,0.259,1
3,883410,37,rpm,691,355,36.5,36.5,3893,500,0,267,0.259,1
3,883431,37,rpm,766,355,36.5,36.5,3893,500,0,267,0.259,1
3,883452,37,rpm,683,355,36.5,36.5,3893,500,0,267,0.259,1
3,883472,37,rpm,549,355,36.5,36.5,3893,500,0,267,0.259,1
3,883493,37,rpm,400,355,36.5,36.5,3893,500,0,267,0.259,1
3,883513,37,rpm,300,355,36.5,36.5,3893,500,0,267,0.259,1
3,883534,37,rpm,220,355,36.5,36.5,3893,500,0,267,0.259,1
3,883554,37,rpm,26,355,36.5,36.5,3893,500,0,268,0.26,1
3,883575,37,rpm,12,355,36.5,36.5,3893,500,0,268,0.26,1
3,883595,37,rpm,12,355,36.5,36.5,3893,500,0,268,0.26,1
3,883616,37,rpm,63,355,36.5,36.5,3893,500,0,268,0.26,1
3,883636,37,rpm,332,355,36.5,36.5,3893,500,0,268,0.26,1
3,883657,37,rpm,673,355,36.5,36.5,3893,500,0,268,0.26,1
3,883678,37,rpm,809,355,36.5,36.5,3893,500,0,268,0.26,1
3,883698,37,rpm,744,355,36.5,36.5,3893,500,0,268,0.26,1
3,883719,37,rpm,636,355,36.5,36.5,3893,500,0,269,0.26,1
3,883739,37,rpm,461,355,36.5,36.5,3893,500,0,269,0.261,1
3,883760,37,rpm,319,355,36.5,36.5,3893,500,0,269,0.261,1
3,883780,37,rpm,242,355,36.5,36.5,3893,500,0,269,0.261,1
3,883801,37,rpm,83,355,36.5,36.5,3893,500,0,269,0.261,1
3,883822,37,rpm,16,355,36.5,36.5,3893,500,0,269,0.261,1
3,883842,37,rpm,10,355,36.5,36.5,3893,500,0,269,0.261,1
3,883863,37,rpm,23,355,36.5,36.5,3893,500,0,269,0.261,1
3,883883,37,rpm,180,355,36.5,36.5,3893,500,0,269,0.261,1
3,883904,37,rpm,548,355,36.5,36.5,3893,500,0,270,0.262,1
3,883925,37,rpm,650,355,36.5,36.5,3893,500,0,270,0.262,1
3,883945,37,rpm,711,355,36.5,36.5,3893,500,0,270,0.262,1
3,883966,37,rpm,697,355,36.5,36.5,3893,500,0,270,0.262,1
3,883986,37,rpm,562,355,36.5,36.5,3893,500,0,270,0.262,1
3,884007,37,rpm,437,355,36.5,36.5,3893,500,0,270,0.262,1
3,884027,37,rpm,345,355,36.5,36.5,3893,500,0,270,0.262,1
3,884048,37,rpm,176,355,36.5,36.5,3893,500,0,270,0.262,1
3,884068,37,rpm,23,355,36.5,36.5,3893,500,0,271,0.262,1
3,884089,37,rpm,12,355,36.5,36.5,3893,500,0,271,0.263,1
3,884109,37,rpm,17,355,36.5,36.5,3893,500,0,271,0.263,1
3,884130,37,rpm,117,355,36.5,36.5,3893,500,0,271,0.263,1
3,884150,37,rpm,514,355,36.5,36.5,3893,500,0,271,0.263,1
3,884171,37,rpm,655,355,36.5,36.5,3893,500,0,271,0.263,1
3,884192,37,rpm,723,355,36.5,36.5,3893,500,0,271,0.263,1
3,884212,37,rpm,684,355,36.5,36.5,3893,500,0,271,0.263,1
3,884233,37,rpm,636,355,36.5,36.5,3893,500,0,272,0.263,1
3,884253,37,rpm,504,355,36.5,36.5,3893,500,0,272,0.264,1
3,884274,37,rpm,404,355,36.5,36.5,3893,500,0,272,0.264,1
3,884294,37,rpm,312,355,36.5,36.5,3893,500,0,272,0.264,1
3,884315,37,rpm,51,355,36.5,36.5,3893,500,0,272,0.264,1
3,884335,37,rpm,14,355,36.5,36.5,3893,500,0,272,0.264,1
3,884356,37,rpm,12,355,36.5,36.5,3893,500,0,272,0.264,1
3,884377,37,rpm,46,355,36.5,36.5,3893,500,0,272,0.264,1
3,884397,37,rpm,295,355,36.5,36.5,3893,500,0,273,0.264,1
3,884418,37,rpm,584,355,36.5,36.5,3893,500,0,273,0.264,1
3,884438,37,rpm,670,355,36.5,36.5,3893,500,0,273,0.265,1
3,884459,37,rpm,662,355,36.5,36.5,3893,500,0,273,0.265,1
3,884479,37,rpm,629,355,36.5,36.5,3893,500,0,273,0.265,1
3,884500,37,rpm,521,355,36.5,36.5,3893,500,0,273,0.265,1
3,884521,37,rpm,420,355,36.5,36.5,3893,500,0,273,0.265,1
3,884541,37,rpm,345,354,36.5,36.5,3893,500,0,273,0.265,1
3,884562,37,rpm,124,354,36.5,36.5,3893,500,0,273,0.265,1
3,884582,37,rpm,18,354,36.5,36.5,3893,500,0,274,0.265,1
3,884603,37,rpm,11,354,36.5,36.5,3893,500,0,274,0.266,1
3,884624,37,rpm,22,354,36.5,36.5,3893,500,0,274,0.266,1
3,884644,37,rpm,130,354,36.5,36.5,3893,500,0,274,0.266,1
3,884665,37,rpm,448,354,36.5,36.5,3893,500,0,274,0.266,1
3,884685,37,rpm,682,354,36.5,36.5,3893,500,0,274,0.266,1
3,884706,37,rpm,791,354,36.5,36.5,3893,500,0,274,0.266,1
3,884726,37,rpm,730,354,36.5,36.5,3893,500,0,274,0.266,1
3,884747,37,rpm,603,354,36.5,36.5,3893,500,0,275,0.266,1
3,884767,37,rpm,457,354,36.5,36.5,3893,500,0,275,0.266,1
3,884788,37,rpm,317,354,36.5,36.5,3893,500,0,275,0.267,1
3,884808,37,rpm,272,354,36.5,36.5,3893,500,0,275,0.267,1
3,884829,37,rpm,79,354,36.5,36.5,3893,500,0,275,0.267,1
3,884850,37,rpm,15,354,36.5,36.5,3893,500,0,275,0.267,1
3,884870,37,rpm,10,354,36.5,36.5,3893,500,0,275,0.267,1
3,884891,37,rpm,23,354,36.5,36.5,3893,500,0,275,0.267,1
3,884911,37,rpm,154,354,36.5,36.5,3893,500,0,276,0.267,1
3,884932,37,rpm,455,354,36.5,36.5,3893,500,0,276,0.267,1
3,884953,37,rpm,671,354,36.5,36.5,3893,500,0,276,0.268,1
3,884973,37,rpm,750,354,36.5,36.5,3893,500,0,276,0.268,1
3,884994,37,rpm,676,354,36.5,36.5,3893,500,0,276,0.268,1
3,885014,37,rpm,550,354,36.5,36.5,3893,500,0,276,0.268,1
3,885035,37,rpm,395,354,36.5,36.5,3893,500,0,276,0.268,1
3,885055,37,rpm,307,354,36.5,36.5,3893,500,0,276,0.268,1
3,885076,37,rpm,216,354,36.5,36.5,3893,500,0,277,0.268,1
3,885096,37,rpm,25,354,36.5,36.5,3893,500,0,277,0.268,1
3,885117,37,rpm,12,354,36.5,36.5,3893,500,0,277,0.268,1
3,885138,37,rpm,13,354,36.5,36.5,3893,500,0,277,0.269,1
3,885158,37,rpm,68,354,36.5,36.5,3893,500,0,277,0.269,1
3,885179,37,rpm,347,354,36.5,36.5,3893,500,0,277,0.269,1
3,885199,37,rpm,685,354,36.5,36.5,3893,500,0,277,0.269,1
3,885220,37,rpm,821,354,36.5,36.5,3893,500,0,277,0.269,1
3,885240,37,rpm,749,354,36.5,36.5,3893,500,0,278,0.269,1
3,885261,37,rpm,637,354,36.5,36.5,3893,500,0,278,0.269,1
3,885281,37,rpm,464,354,36.5,36.5,3893,500,0,278,0.269,1
3,885302,37,rpm,323,354,36.5,36.5,3893,500,0,278,0.27,1
3,885322,37,rpm,247,354,36.5,36.5,3893,500,0,278,0.27,1
3,885343,37,rpm,92,354,36.5,36.5,3893,500,0,278,0.27,1
3,885364,37,rpm,17,354,36.5,36.5,3893,500,0,278,0.27,1
3,885384,37,rpm,10,354,36.5,36.5,3893,500,0,278,0.27,1
3,885405,37,rpm,22,354,36.5,36.5,3893,500,0,278,0.27,1
3,885425,37,rpm,166,354,36.5,36.5,3893,500,0,279,0.27,1
3,885446,37,rpm,542,354,36.5,36.5,3893,500,0,279,0.27,1
3,885466,37,rpm,642,354,36.5,36.5,3893,500,0,279,0.27,1
3,885487,37,rpm,719,354,36.5,36.5,3893,500,0,279,0.271,1
3,885508,37,rpm,703,354,36.5,36.5,3893,500,0,279,0.271,1
3,885528,37,rpm,562,354,36.5,36.5,3893,500,0,279,0.271,1
3,885549,37,rpm,435,354,36.5,36.5,3893,500,0,279,0.271,1
3,885569,37,rpm,343,354,36.5,36.5,3893,500,0,279,0.271,1
3,885590,37,rpm,185,354,36.5,36.5,3893,500,0,280,0.271,1
3,885611,37,rpm,24,354,36.5,36.5,3893,500,0,280,0.271,1
3,885631,37,rpm,12,354,36.5,36.5,3893,500,0,280,0.271,1
3,885652,37,rpm,17,354,36.5,36.5,3893,500,0,280,0.272,1
3,885672,37,rpm,115,354,36.5,36.5,3893,500,0,280,0.272,1
3,885693,37,rpm,499,354,36.5,36.5,3893,500,0,280,0.272,1
3,885713,37,rpm,644,354,36.5,36.5,3893,500,0,280,0.272,1
3,885734,37,rpm,713,354,36.5,36.5,3893,500,0,280,0.272,1
3,885754,37,rpm,676,354,36.5,36.5,3893,500,0,281,0.272,1
3,885775,37,rpm,634,354,36.5,36.5,3893,500,0,281,0.272,1
3,885796,37,rpm,506,354,36.5,36.5,3893,500,0,281,0.272,1
3,885816,37,rpm,409,354,36.5,36.5,3893,500,0,281,0.272,1
3,885837,37,rpm,313,354,36.5,36.5,3893,500,0,281,0.273,1
3,885857,37,rpm,46,354,36.5,36.5,3893,500,0,281,0.273,1
3,885878,37,rpm,13,354,36.5,36.5,3893,500,0,281,0.273,1
3,885899,37,rpm,13,354,36.5,36.5,3893,500,0,281,0.273,1
3,885919,37,rpm,46,354,36.5,36.5,3893,500,0,282,0.273,1
3,885940,37,rpm,289,354,36.5,36.5,3893,500,0,282,0.273,1
3,885960,37,rpm,582,354,36.5,36.5,3893,500,0,282,0.273,1
3,885981,37,rpm,671,354,36.5,36.5,3893,500,0,282,0.273,1
3,886001,37,rpm,666,354,36.5,36.5,3893,500,0,282,0.274,1
3,886022,37,rpm,640,354,36.5,36.5,3893,500,0,282,0.274,1
3,886042,37,rpm,524,354,36.5,36.5,3893,500,0,282,0.274,1
3,886063,37,rpm,422,354,36.5,36.5,3893,500,0,282,0.274,1
3,886083,37,rpm,345,354,36.5,36.5,3893,500,0,282,0.274,1
3,886104,37,rpm,127,354,36.5,36.5,3893,500,0,283,0.274,1
3,886125,37,rpm,19,354,36.5,36.5,3893,500,0,283,0.274,1
3,886145,37,rpm,11,354,36.5,36.5,3893,500,0,283,0.274,1
3,886166,37,rpm,20,354,36.5,36.5,3893,500,0,283,0.274,1
3,886186,37,rpm,120,354,36.5,36.5,3893,500,0,283,0.275,1
3,886207,37,rpm,435,354,36.5,36.5,3893,500,0,283,0.275,1
3,886227,37,rpm,670,354,36.5,36.5,3893,500,0,283,0.275,1
3,886248,37,rpm,804,354,36.5,36.5,3893,500,0,283,0.275,1
3,886269,37,rpm,731,354,36.5,36.5,3893,500,0,284,0.275,1
3,886289,37,rpm,621,354,36.5,36.5,3893,500,0,284,0.275,1
3,886310,37,rpm,459,354,36.5,36.5,3893,500,0,284,0.275,1
3,886330,37,rpm,315,354,36.5,36.5,3893,500,0,284,0.275,1
3,886351,37,rpm,266,354,36.5,36.5,3893,500,0,284,0.276,1
3,886371,37,rpm,82,354,36.5,36.5,3893,500,0,284,0.276,1
3,886392,37,rpm,15,354,36.5,36.5,3893,500,0,284,0.276,1
3,886413,37,rpm,10,354,36.5,36.5,3893,500,0,284,0.276,1
3,886433,37,rpm,24,354,36.5,36.5,3893,500,0,285,0.276,1
3,886454,37,rpm,153,354,36.5,36.5,3893,500,0,285,0.276,1
3,886474,37,rpm,465,354,36.5,36.5,3893,500,0,285,0.276,1
3,886495,37,rpm,700,354,36.5,36.5,3893,500,0,285,0.276,1
3,886516,37,rpm,767,354,36.5,36.5,3893,500,0,285,0.276,1
3,886536,37,rpm,689,354,36.5,36.5,3893,500,0,285,0.277,1
3,886557,37,rpm,555,354,36.5,36.5,3893,500,0,285,0.277,1
3,886577,37,rpm,398,354,36.5,36.5,3893,500,0,285,0.277,1
3,886598,37,rpm,291,354,36.5,36.5,3893,500,0,286,0.277,1
3,886619,37,rpm,226,354,36.5,36.5,3893,500,0,286,0.277,1
3,886639,37,rpm,28,354,36.5,36.5,3893,500,0,286,0.277,1
3,886660,37,rpm,12,354,36.5,36.5,3893,500,0,286,0.277,1
3,886680,37,rpm,12,354,36.5,36.5,3893,500,0,286,0.277,1
3,886701,37,rpm,57,354,36.5,36.5,3893,500,0,286,0.278,1
3,886721,37,rpm,310,354,36.5,36.5,3893,500,0,286,0.278,1
3,886742,37,rpm,663,354,36.5,36.5,3893,500,0,286,0.278,1
3,886763,37,rpm,804,354,36.5,36.5,3893,500,0,286,0.278,1
3,886783,37,rpm,750,354,36.5,36.5,3893,500,0,287,0.278,1
3,886804,37,rpm,640,354,36.5,36.5,3893,500,0,287,0.278,1
3,886824,37,rpm,465,354,36.5,36.5,3893,500,0,287,0.278,1
3,886845,37,rpm,322,354,36.5,36.5,3893,500,0,287,0.278,1
3,886866,37,rpm,246,354,36.5,36.5,3893,500,0,287,0.278,1
3,886886,37,rpm,87,354,36.5,36.5,3893,500,0,287,0.279,1
3,886907,37,rpm,16,354,36.5,36.5,3893,500,0,287,0.279,1
3,886927,37,rpm,10,354,36.5,36.5,3893,500,0,287,0.279,1
3,886948,37,rpm,22,354,36.5,36.5,3893,500,0,288,0.279,1
3,886968,37,rpm,168,354,36.5,36.5,3893,500,0,288,0.279,1
3,886989,37,rpm,552,354,36.5,36.5,3893,500,0,288,0.279,1
3,887010,37,rpm,646,354,36.5,36.5,3893,500,0,288,0.279,1
3,887030,37,rpm,727,354,36.5,36.5,3893,500,0,288,0.279,1
3,887051,37,rpm,707,354,36.5,36.5,3893,500,0,288,0.28,1
3,887071,37,rpm,565,354,36.5,36.5,3893,500,0,288,0.28,1
3,887092,37,rpm,438,354,36.5,36.5,3893,500,0,288,0.28,1
3,887112,37,rpm,340,354,36.5,36.5,3893,500,0,289,0.28,1
3,887133,37,rpm,185,354,36.5,36.5,3893,500,0,289,0.28,1
3,887153,37,rpm,24,354,36.5,36.5,3893,500,0,289,0.28,1
3,887174,37,rpm,12,354,36.5,36.5,3893,500,0,289,0.28,1
3,887194,37,rpm,16,354,36.5,36.5,3893,500,0,289,0.28,1
3,887215,37,rpm,104,354,36.5,36.5,3893,500,0,289,0.28,1
3,887236,37,rpm,496,354,36.5,36.5,3893,500,0,289,0.281,1
3,887256,37,rpm,649,354,36.5,36.5,3893,500,0,289,0.281,1
3,887277,37,rpm,719,354,36.5,36.5,3893,500,0,290,0.281,1
3,887297,37,rpm,679,354,36.5,36.5,3893,500,0,290,0.281,1
3,887318,37,rpm,637,354,36.5,36.5,3893,500,0,290,0.281,1
3,887338,37,rpm,508,354,36.5,36.5,3893,500,0,290,0.281,1
3,887359,37,rpm,409,354,36.5,36.5,3893,500,0,290,0.281,1
3,887380,37,rpm,316,354,36.5,36.5,3893,500,0,290,0.281,1
3,887400,37,rpm,57,354,36.5,36.5,3893,500,0,290,0.282,1
3,887421,37,rpm,14,354,36.5,36.5,3893,500,0,290,0.282,1
3,887441,37,rpm,12,354,36.5,36.5,3893,500,0,290,0.282,1
3,887462,37,rpm,44,354,36.5,36.5,3893,500,0,291,0.282,1
3,887483,37,rpm,286,354,36.5,36.5,3893,500,0,291,0.282,1
3,887503,37,rpm,584,354,36.5,36.5,3893,500,0,291,0.282,1
3,887524,37,rpm,666,354,36.5,36.5,3893,500,0,291,0.282,1
3,887544,37,rpm,659,354,36.5,36.5,3893,500,0,291,0.282,1
3,887565,37,rpm,626,354,36.5,36.5,3893,500,0,291,0.282,1
3,887586,37,rpm,527,354,36.5,36.5,3893,500,0,291,0.283,1
3,887606,37,rpm,424,354,36.5,36.5,3893,500,0,291,0.283,1
3,887627,37,rpm,343,354,36.5,36.5,3893,500,0,292,0.283,1
3,887647,37,rpm,126,354,36.5,36.5,3893,500,0,292,0.283,1
3,887668,37,rpm,19,354,36.5,36.5,3893,500,0,292,0.283,1
3,887688,37,rpm,11,354,36.5,36.5,3893,500,0,292,0.283,1
3,887709,37,rpm,21,354,36.5,36.5,3893,500,0,292,0.283,1
3,887729,37,rpm,125,354,36.5,36.5,3893,500,0,292,0.283,1
3,887750,37,rpm,435,354,36.5,36.5,3893,500,0,292,0.284,1
3,887771,37,rpm,653,354,36.5,36.5,3893,500,0,292,0.284,1
3,887791,37,rpm,789,354,36.5,36.5,3893,500,0,293,0.284,1
3,887812,37,rpm,731,354,36.5,36.5,3893,500,0,293,0.284,1
3,887832,37,rpm,612,354,36.5,36.5,3893,500,0,293,0.284,1
3,887853,37,rpm,458,354,36.5,36.5,3893,500,0,293,0.284,1
3,887873,37,rpm,318,354,36.5,36.5,3893,500,0,293,0.284,1
3,887894,37,rpm,275,354,36.5,36.5,3893,500,0,293,0.284,1
3,887915,37,rpm,79,354,36.5,36.5,3893,500,0,293,0.284,1
3,887935,37,rpm,15,354,36.5,36.5,3893,500,0,293,0.285,1
3,887956,37,rpm,10,354,36.5,36.5,3893,500,0,294,0.285,1
3,887976,37,rpm,23,354,36.5,36.5,3893,500,0,294,0.285,1
3,887997,37,rpm,149,354,36.5,36.5,3893,500,0,294,0.285,1
3,888017,37,rpm,448,354,36.5,36.5,3893,500,0,294,0.285,1
3,888038,37,rpm,647,354,36.5,36.5,3893,500,0,294,0.285,1
3,888059,37,rpm,750,354,36.5,36.5,3893,500,0,294,0.285,1
3,888079,37,rpm,685,354,36.5,36.5,3893,500,0,294,0.285,1
3,888100,37,rpm,556,354,36.5,36.5,3893,500,0,294,0.286,1
3,888120,37,rpm,406,354,36.5,36.5,3893,500,0,295,0.286,1
3,888141,37,rpm,317,354,36.5,36.5,3893,500,0,295,0.286,1
3,888161,37,rpm,226,354,36.5,36.5,3893,500,0,295,0.286,1
3,888182,37,rpm,26,354,36.5,36.5,3893,500,0,295,0.286,1
3,888202,37,rpm,12,354,36.5,36.5,3893,500,0,295,0.286,1
3,888223,37,rpm,13,354,36.5,36.5,3893,500,0,295,0.286,1
3,888243,37,rpm,66,354,36.5,36.5,3893,500,0,295,0.286,1
3,888264,37,rpm,336,354,36.5,36.5,3893,500,0,295,0.286,1
3,888285,37,rpm,672,354,36.5,36.5,3893,500,0,295,0.287,1
3,888305,37,rpm,812,354,36.5,36.5,3893,500,0,296,0.287,1
3,888326,37,rpm,750,354,36.5,36.5,3893,500,0,296,0.287,1
3,888346,37,rpm,646,354,36.5,36.5,3893,500,0,296,0.287,1
3,888367,37,rpm,470,354,36.5,36.5,3893,500,0,296,0.287,1
3,888388,37,rpm,328,354,36.5,36.5,3893,500,0,296,0.287,1
3,888408,37,rpm,248,354,36.5,36.5,3893,500,0,296,0.287,1
3,888429,37,rpm,94,354,36.5,36.5,3893,500,0,296,0.287,1
3,888449,37,rpm,17,354,36.5,36.5,3893,500,0,296,0.288,1
3,888470,37,rpm,10,354,36.5,36.5,3893,500,0,297,0.288,1
3,888491,37,rpm,21,354,36.5,36.5,3893,500,0,297,0.288,1
3,888511,37,rpm,152,354,36.5,36.5,3893,500,0,297,0.288,1
3,888532,37,rpm,531,354,36.5,36.5,3893,500,0,297,0.288,1
3,888552,37,rpm,640,354,36.5,36.5,3893,500,0,297,0.288,1
3,888573,37,rpm,714,354,36.5,36.5,3893,500,0,297,0.288,1
3,888593,37,rpm,700,354,36.5,36.5,3893,500,0,297,0.288,1
3,888614,37,rpm,563,354,36.5,36.5,3893,500,0,297,0.288,1
3,888634,37,rpm,438,354,36.5,36.5,3893,500,0,298,0.289,1
3,888655,37,rpm,351,354,36.5,36.5,3893,500,0,298,0.289,1
3,888675,37,rpm,194,354,36.5,36.5,3893,500,0,298,0.289,1
3,888696,37,rpm,24,354,36.5,36.5,3893,500,0,298,0.289,1
3,888717,37,rpm,12,354,36.5,36.5,3893,500,0,298,0.289,1
3,888737,37,rpm,17,354,36.5,36.5,3893,500,0,298,0.289,1
3,888758,37,rpm,105,354,36.5,36.5,3893,500,0,298,0.289,1
3,888778,37,rpm,489,354,36.5,36.5,3893,500,0,298,0.289,1
3,888799,37,rpm,645,354,36.5,36.5,3893,500,0,299,0.29,1
3,888820,37,rpm,719,354,36.5,36.5,3893,500,0,299,0.29,1
3,888840,37,rpm,679,354,36.5,36.5,3893,500,0,299,0.29,1
3,888861,37,rpm,635,354,36.5,36.5,3893,500,0,299,0.29,1
3,888881,37,rpm,506,354,36.5,36.5,3893,500,0,299,0.29,1
3,888902,37,rpm,408,354,36.5,36.5,3893,500,0,299,0.29,1
3,888922,37,rpm,316,354,36.5,36.5,3893,500,0,299,0.29,1
3,888943,37,rpm,51,354,36.5,36.5,3893,500,0,299,0.29,1
3,888964,37,rpm,14,354,36.5,36.5,3893,500,0,299,0.291,1
3,888984,37,rpm,13,354,36.5,36.5,3893,500,0,300,0.291,1
3,889005,37,rpm,45,354,36.5,36.5,3893,500,0,300,0.291,1
3,889025,37,rpm,288,354,36.5,36.5,3893,500,0,300,0.291,1
3,889046,37,rpm,582,354,36.5,36.5,3893,500,0,300,0.291,1
3,889066,37,rpm,667,354,36.5,36.5,3893,500,0,300,0.291,1
3,889087,37,rpm,663,354,36.5,36.5,3893,500,0,300,0.291,1
3,889108,37,rpm,635,354,36.5,36.5,3893,500,0,300,0.291,1
3,889128,37,rpm,526,354,36.5,36.5,3893,500,0,300,0.291,1
3,889149,37,rpm,425,354,36.5,36.5,3893,500,0,301,0.292,1
3,889169,37,rpm,347,354,36.5,36.5,3893,500,0,301,0.292,1
3,889190,37,rpm,128,354,36.5,36.5,3893,500,0,301,0.292,1
3,889211,37,rpm,19,354,36.5,36.5,3893,500,0,301,0.292,1
3,889231,37,rpm,11,354,36.5,36.5,3893,500,0,301,0.292,1
3,889252,37,rpm,20,354,36.5,36.5,3893,500,0,301,0.292,1
3,889272,37,rpm,119,354,36.5,36.5,3893,500,0,301,0.292,1
3,889293,37,rpm,436,354,36.5,36.5,3893,500,0,301,0.292,1
3,889313,37,rpm,689,354,36.5,36.5,3893,500,0,302,0.292,1
3,889334,37,rpm,806,354,36.5,36.5,3893,500,0,302,0.293,1
3,889355,37,rpm,735,354,36.5,36.5,3893,500,0,302,0.293,1
3,889375,37,rpm,612,354,36.5,36.5,3893,500,0,302,0.293,1
3,889396,37,rpm,461,354,36.5,36.5,3893,500,0,302,0.293,1
3,889416,37,rpm,319,354,36.5,36.5,3893,500,0,302,0.293,1
3,889437,37,rpm,263,354,36.5,36.5,3893,500,0,302,0.293,1
3,889457,37,rpm,84,354,36.5,36.5,3893,500,0,302,0.293,1
3,889478,37,rpm,15,354,36.5,36.5,3893,500,0,303,0.293,1
3,889498,37,rpm,10,354,36.5,36.5,3893,500,0,303,0.294,1
3,889519,37,rpm,23,354,36.5,36.5,3893,500,0,303,0.294,1
3,889540,37,rpm,150,354,36.5,36.5,3893,500,0,303,0.294,1
3,889560,37,rpm,465,354,36.5,36.5,3893,500,0,303,0.294,1
3,889581,37,rpm,700,354,36.5,36.5,3893,500,0,303,0.294,1
3,889601,37,rpm,759,354,36.5,36.5,3893,500,0,303,0.294,1
3,889622,37,rpm,676,354,36.5,36.5,3893,500,0,303,0.294,1
3,889642,37,rpm,555,354,36.5,36.5,3893,500,0,303,0.294,1
3,889663,37,rpm,392,354,36.5,36.5,3893,500,0,304,0.295,1
3,889684,37,rpm,292,354,36.5,36.5,3893,500,0,304,0.295,1
3,889704,37,rpm,222,354,36.5,36.5,3893,500,0,304,0.295,1
3,889725,37,rpm,27,354,36.5,36.5,3893,500,0,304,0.295,1
3,889745,37,rpm,12,354,36.5,36.5,3893,500,0,304,0.295,1
3,889766,37,rpm,12,354,36.5,36.5,3893,500,0,304,0.295,1
3,889786,37,rpm,57,354,36.5,36.5,3893,500,0,304,0.295,1
3,889807,37,rpm,313,354,36.5,36.5,3893,500,0,304,0.295,1
3,889828,37,rpm,661,354,36.5,36.5,3893,500,0,305,0.295,1
3,889848,37,rpm,808,354,36.5,36.5,3893,500,0,305,0.296,1
3,889869,37,rpm,747,354,36.5,36.5,3893,500,0,305,0.296,1
3,889889,37,rpm,645,354,36.5,36.5,3893,500,0,305,0.296,1
3,889910,37,rpm,466,354,36.5,36.5,3893,500,0,305,0.296,1
3,889930,37,rpm,327,354,36.5,36.5,3893,500,0,305,0.296,1
3,889951,37,rpm,247,354,36.5,36.5,3893,500,0,305,0.296,1
3,889972,37,rpm,92,354,36.5,36.5,3893,500,0,305,0.296,1
3,889992,37,rpm,17,354,36.5,36.5,3893,500,0,306,0.296,1
3,890013,37,rpm,10,354,36.5,36.5,3893,500,0,306,0.297,1
3,890033,37,rpm,21,354,36.5,36.5,3893,500,0,306,0.297,1
3,890054,37,rpm,163,354,36.5,36.5,3893,500,0,306,0.297,1
3,890074,37,rpm,549,354,36.5,36.5,3893,500,0,306,0.297,1
3,890095,37,rpm,648,354,36.5,36.5,3893,500,0,306,0.297,1
3,890116,37,rpm,742,354,36.5,36.5,3893,500,0,306,0.297,1
3,890136,37,rpm,716,354,36.5,36.5,3893,500,0,306,0.297,1
3,890157,37,rpm,566,354,36.5,36.5,3893,500,0,307,0.297,1
3,890177,37,rpm,432,354,36.5,36.5,3893,500,0,307,0.297,1
3,890198,37,rpm,331,354,36.5,36.5,3893,500,0,307,0.298,1
3,890218,37,rpm,186,354,36.5,36.5,3893,500,0,307,0.298,1
3,890239,37,rpm,24,354,36.5,36.5,3893,500,0,307,0.298,1
3,890260,37,rpm,12,354,36.5,36.5,3893,500,0,307,0.298,1
3,890280,37,rpm,16,354,36.5,36.5,3893,500,0,307,0.298,1
3,890301,37,rpm,106,354,36.5,36.5,3893,500,0,307,0.298,1
3,890321,37,rpm,499,354,36.5,36.5,3893,500,0,307,0.298,1
3,890342,37,rpm,648,354,36.5,36.5,3893,500,0,308,0.298,1
3,890363,37,rpm,717,354,36.5,36.5,3893,500,0,308,0.299,1
3,890383,37,rpm,684,354,36.5,36.5,3893,500,0,308,0.299,1
3,890404,37,rpm,640,354,36.5,36.5,3893,500,0,308,0.299,1
3,890424,37,rpm,505,354,36.5,36.5,3893,500,0,308,0.299,1
3,890445,37,rpm,406,354,36.5,36.5,3893,500,0,308,0.299,1
3,890465,37,rpm,316,354,36.5,36.5,3893,500,0,308,0.299,1
3,890486,37,rpm,56,354,36.5,36.5,3893,500,0,308,0.299,1
3,890507,37,rpm,14,354,36.5,36.5,3893,500,0,309,0.299,1
3,890527,37,rpm,12,354,36.5,36.5,3893,500,0,309,0.299,1
3,890548,37,rpm,43,354,36.5,36.5,3893,500,0,309,0.3,1
3,890568,37,rpm,283,354,36.5,36.5,3893,500,0,309,0.3,1
3,890589,37,rpm,585,354,36.5,36.5,3893,500,0,309,0.3,1
3,890609,37,rpm,670,354,36.5,36.5,3893,500,0,309,0.3,1
3,890630,37,rpm,661,354,36.5,36.5,3893,500,0,309,0.3,1
3,890651,37,rpm,628,354,36.5,36.5,3893,500,0,309,0.3,1
3,890671,37,rpm,527,354,36.5,36.5,3893,500,0,310,0.3,1
3,890692,37,rpm,421,354,36.5,36.5,3893,500,0,310,0.3,1
3,890712,37,rpm,343,354,36.5,36.5,3893,500,0,310,0.3,1
3,890733,37,rpm,123,354,36.5,36.5,3893,500,0,310,0.301,1
3,890753,37,rpm,18,354,36.5,36.5,3893,500,0,310,0.301,1
3,890774,37,rpm,11,354,36.5,36.5,3893,500,0,310,0.301,1
3,890795,37,rpm,21,354,36.5,36.5,3893,500,0,310,0.301,1
3,890815,37,rpm,122,354,36.5,36.5,3893,500,0,310,0.301,1
3,890836,37,rpm,436,354,36.5,36.5,3893,500,0,311,0.301,1
3,890856,37,rpm,647,354,36.5,36.5,3893,500,0,311,0.301,1
3,890877,37,rpm,787,354,36.5,36.5,3893,500,0,311,0.301,1
3,890897,37,rpm,729,354,36.5,36.5,3893,500,0,311,0.302,1
3,890918,37,rpm,619,354,36.5,36.5,3893,500,0,311,0.302,1
3,890939,37,rpm,462,354,36.5,36.5,3893,500,0,311,0.302,1
3,890959,37,rpm,323,354,36.5,36.5,3893,500,0,311,0.302,1
3,890980,37,rpm,277,354,36.5,36.5,3893,500,0,311,0.302,1
3,891000,37,rpm,83,354,36.5,36.5,3893,500,0,311,0.302,1
3,891021,37,rpm,15,354,36.5,36.5,3893,500,0,312,0.302,1
3,891041,37,rpm,10,354,36.5,36.5,3893,500,0,312,0.302,1
3,891062,37,rpm,22,354,36.5,36.5,3893,500,0,312,0.303,1
3,891082,37,rpm,146,354,36.5,36.5,3893,500,0,312,0.303,1
3,891103,37,rpm,450,354,36.5,36.5,3893,500,0,312,0.303,1
3,891123,37,rpm,651,354,36.5,36.5,3893,500,0,312,0.303,1
3,891144,37,rpm,762,354,36.5,36.5,3893,500,0,312,0.303,1
3,891165,37,rpm,692,354,36.5,36.5,3893,500,0,312,0.303,1
3,891185,37,rpm,561,354,36.5,36.5,3893,500,0,313,0.303,1
3,891206,37,rpm,410,354,36.5,36.5,3893,500,0,313,0.303,1
3,891226,37,rpm,314,354,36.5,36.5,3893,500,0,313,0.303,1
3,891247,37,rpm,236,354,36.5,36.5,3893,500,0,313,0.304,1
3,891267,37,rpm,27,354,36.5,36.5,3893,500,0,313,0.304,1
3,891288,37,rpm,12,354,36.5,36.5,3893,500,0,313,0.304,1
3,891309,37,rpm,12,354,36.5,36.5,3893,500,0,313,0.304,1
3,891329,37,rpm,57,354,36.5,36.5,3893,500,0,313,0.304,1
3,891350,37,rpm,319,354,36.5,36.5,3893,500,0,314,0.304,1
3,891370,37,rpm,659,354,36.5,36.5,3893,500,0,314,0.304,1
3,891391,37,rpm,807,354,36.5,36.5,3893,500,0,314,0.304,1
3,891411,37,rpm,749,354,36.5,36.5,3893,500,0,314,0.304,1
3,891432,37,rpm,647,354,36.5,36.5,3893,500,0,314,0.305,1
3,891453,37,rpm,469,354,36.5,36.5,3893,500,0,314,0.305,1
3,891473,37,rpm,327,354,36.5,36.5,3893,500,0,314,0.305,1
3,891494,37,rpm,247,354,36.5,36.5,3893,500,0,314,0.305,1
3,891514,37,rpm,95,354,36.5,36.5,3893,500,0,315,0.305,1
3,891535,37,rpm,17,354,36.5,36.5,3893,500,0,315,0.305,1
3,891555,37,rpm,10,354,36.5,36.5,3893,500,0,315,0.305,1
3,891576,37,rpm,21,354,36.5,36.5,3893,500,0,315,0.305,1
3,891596,37,rpm,153,354,36.5,36.5,3893,500,0,315,0.306,1
3,891617,37,rpm,533,354,36.5,36.5,3893,500,0,315,0.306,1
3,891638,37,rpm,638,354,36.5,36.5,3893,500,0,315,0.306,1
3,891658,37,rpm,711,354,36.5,36.5,3893,500,0,315,0.306,1
3,891679,37,rpm,704,354,36.5,36.5,3893,500,0,315,0.306,1
3,891699,37,rpm,567,354,36.5,36.5,3893,500,0,316,0.306,1
3,891720,37,rpm,442,354,36.5,36.5,3893,500,0,316,0.306,1
3,891740,37,rpm,352,354,36.5,36.5,3893,500,0,316,0.306,1
3,891761,37,rpm,195,354,36.5,36.5,3893,500,0,316,0.306,1
3,891782,37,rpm,24,354,36.5,36.5,3893,500,0,316,0.307,1
3,891802,37,rpm,12,354,36.5,36.5,3893,500,0,316,0.307,1
3,891823,37,rpm,16,354,36.5,36.5,3893,500,0,316,0.307,1
3,891843,37,rpm,101,354,36.5,36.5,3893,500,0,316,0.307,1
3,891864,37,rpm,494,354,36.5,36.5,3893,500,0,317,0.307,1
3,891885,37,rpm,649,354,36.5,36.5,3893,500,0,317,0.307,1
3,891905,37,rpm,717,354,36.5,36.5,3893,500,0,317,0.307,1
3,891926,37,rpm,681,354,36.5,36.5,3893,500,0,317,0.307,1
3,891946,37,rpm,637,354,36.5,36.5,3893,500,0,317,0.308,1
3,891967,37,rpm,510,354,36.5,36.5,3893,500,0,317,0.308,1
3,891987,37,rpm,411,354,36.5,36.5,3893,500,0,317,0.308,1
3,892008,37,rpm,318,354,36.5,36.5,3893,500,0,317,0.308,1
3,892029,37,rpm,55,354,36.5,36.5,3893,500,0,318,0.308,1
3,892049,37,rpm,14,354,36.5,36.5,3893,500,0,318,0.308,1
3,892070,37,rpm,12,354,36.5,36.5,3893,500,0,318,0.308,1
3,892090,37,rpm,41,354,36.5,36.5,3893,500,0,318,0.308,1
3,892111,37,rpm,270,354,36.5,36.5,3893,500,0,318,0.308,1
3,892131,37,rpm,575,354,36.5,36.5,3893,500,0,318,0.309,1
3,892152,37,rpm,663,354,36.5,36.5,3893,500,0,318,0.309,1
3,892172,37,rpm,666,354,36.5,36.5,3893,500,0,318,0.309,1
3,892193,37,rpm,638,354,36.5,36.5,3893,500,0,319,0.309,1
3,892213,37,rpm,528,354,36.5,36.5,3893,500,0,319,0.309,1
3,892234,37,rpm,425,354,36.5,36.5,3893,500,0,319,0.309,1
3,892255,37,rpm,347,354,36.5,36.5,3893,500,0,319,0.309,1
3,892275,37,rpm,137,354,36.5,36.5,3893,500,0,319,0.309,1
3,892296,37,rpm,20,354,36.5,36.5,3893,500,0,319,0.31,1
3,892316,37,rpm,11,354,36.5,36.5,3893,500,0,319,0.31,1
3,892337,37,rpm,19,354,36.5,36.5,3893,500,0,319,0.31,1
3,892357,37,rpm,114,354,36.5,36.5,3893,500,0,319,0.31,1
3,892378,37,rpm,427,354,36.5,36.5,3893,500,0,320,0.31,1
3,892398,37,rpm,679,354,36.5,36.5,3893,500,0,320,0.31,1
3,892419,37,rpm,801,354,36.5,36.5,3893,500,0,320,0.31,1
3,892440,37,rpm,734,354,36.5,36.5,3893,500,0,320,0.31,1
3,892460,37,rpm,613,354,36.5,36.5,3893,500,0,320,0.31,1
3,892481,37,rpm,465,354,36.5,36.5,3893,500,0,320,0.311,1
3,892501,37,rpm,323,354,36.5,36.5,3893,500,0,320,0.311,1
3,892522,37,rpm,270,354,36.5,36.5,3893,500,0,320,0.311,1
3,892542,37,rpm,88,354,36.5,36.5,3893,500,0,321,0.311,1
3,892563,37,rpm,16,354,36.5,36.5,3893,500,0,321,0.311,1
3,892584,37,rpm,10,354,36.5,36.5,3893,500,0,321,0.311,1
3,892604,37,rpm,22,354,36.5,36.5,3893,500,0,321,0.311,1
3,892625,37,rpm,143,354,36.5,36.5,3893,500,0,321,0.311,1
3,892645,37,rpm,447,354,36.5,36.5,3893,500,0,321,0.312,1
3,892666,37,rpm,674,354,36.5,36.5,3893,500,0,321,0.312,1
3,892687,37,rpm,753,354,36.5,36.5,3893,500,0,321,0.312,1
3,892707,37,rpm,679,354,36.5,36.5,3893,500,0,322,0.312,1
3,892728,37,rpm,562,354,36.5,36.5,3893,500,0,322,0.312,1
3,892748,37,rpm,402,354,36.5,36.5,3893,500,0,322,0.312,1
3,892769,37,rpm,300,354,36.5,36.5,3893,500,0,322,0.312,1
3,892789,37,rpm,232,354,36.5,36.5,3893,500,0,322,0.312,1
3,892810,37,rpm,28,354,36.5,36.5,3893,500,0,322,0.312,1
3,892830,37,rpm,12,354,36.5,36.5,3893,500,0,322,0.313,1
3,892851,37,rpm,12,354,36.5,36.5,3893,500,0,322,0.313,1
3,892871,37,rpm,54,354,36.5,36.5,3893,500,0,323,0.313,1
3,892892,37,rpm,307,354,36.5,36.5,3893,500,0,323,0.313,1
3,892913,37,rpm,661,354,36.5,36.5,3893,500,0,323,0.313,1
3,892933,37,rpm,818,354,36.5,36.5,3893,500,0,323,0.313,1
3,892954,37,rpm,757,354,36.5,36.5,3893,500,0,323,0.313,1
3,892974,37,rpm,656,354,36.5,36.5,3893,500,0,323,0.313,1
3,892995,37,rpm,474,354,36.5,36.5,3893,500,0,323,0.314,1
3,893015,37,rpm,332,354,36.5,36.5,3893,500,0,323,0.314,1
3,893036,37,rpm,247,354,36.5,36.5,3893,500,0,323,0.314,1
3,893057,37,rpm,99,354,36.5,36.5,3893,500,0,324,0.314,1
3,893077,37,rpm,18,354,36.5,36.5,3893,500,0,324,0.314,1
3,893098,37,rpm,10,354,36.5,36.5,3893,500,0,324,0.314,1
3,893118,37,rpm,20,354,36.5,36.5,3893,500,0,324,0.314,1
3,893139,37,rpm,151,354,36.5,36.5,3893,500,0,324,0.314,1
3,893159,37,rpm,538,354,36.5,36.5,3893,500,0,324,0.314,1
3,893180,37,rpm,640,354,36.5,36.5,3893,500,0,324,0.315,1
3,893200,37,rpm,733,354,36.5,36.5,3893,500,0,324,0.315,1
3,893221,37,rpm,711,354,36.5,36.5,3893,500,0,325,0.315,1
3,893242,37,rpm,572,354,36.5,36.5,3893,500,0,325,0.315,1
3,893262,37,rpm,438,354,36.5,36.5,3893,500,0,325,0.315,1
3,893283,37,rpm,339,354,36.5,36.5,3893,500,0,325,0.315,1
3,893303,37,rpm,200,354,36.5,36.5,3893,500,0,325,0.315,1
3,893324,37,rpm,24,354,36.5,36.5,3893,500,0,325,0.315,1
3,893344,37,rpm,12,354,36.5,36.5,3893,500,0,325,0.316,1
3,893365,37,rpm,16,354,36.5,36.5,3893,500,0,325,0.316,1
3,893386,37,rpm,95,354,36.5,36.5,3893,500,0,326,0.316,1
3,893406,37,rpm,475,354,36.5,36.5,3893,500,0,326,0.316,1
3,893427,37,rpm,640,354,36.5,36.5,3893,500,0,326,0.316,1
3,893447,37,rpm,714,354,36.5,36.5,3893,500,0,326,0.316,1
3,893468,37,rpm,684,354,36.5,36.5,3893,500,0,326,0.316,1
3,893489,37,rpm,642,354,36.5,36.5,3893,500,0,326,0.316,1
3,893509,37,rpm,509,354,36.5,36.5,3893,500,0,326,0.316,1
3,893530,37,rpm,412,354,36.5,36.5,3893,500,0,326,0.317,1
3,893550,37,rpm,320,354,36.5,36.5,3893,500,0,327,0.317,1
3,893571,37,rpm,65,354,36.5,36.5,3893,500,0,327,0.317,1
3,893591,37,rpm,14,354,36.5,36.5,3893,500,0,327,0.317,1
3,893612,37,rpm,12,354,36.5,36.5,3893,500,0,327,0.317,1
3,893632,37,rpm,40,354,36.5,36.5,3893,500,0,327,0.317,1
3,893653,37,rpm,266,354,36.5,36.5,3893,500,0,327,0.317,1
3,893674,37,rpm,576,354,36.5,36.5,3893,500,0,327,0.317,1
3,893694,37,rpm,663,354,36.5,36.5,3893,500,0,327,0.318,1
3,893715,37,rpm,666,354,36.5,36.5,3893,500,0,327,0.318,1
3,893735,37,rpm,636,354,36.5,36.5,3893,500,0,328,0.318,1
3,893756,37,rpm,531,354,36.5,36.5,3893,500,0,328,0.318,1
3,893776,37,rpm,428,354,36.5,36.5,3893,500,0,328,0.318,1
3,893797,37,rpm,350,354,36.5,36.5,3893,500,0,328,0.318,1
3,893818,37,rpm,140,354,36.5,36.5,3893,500,0,328,0.318,1
3,893838,37,rpm,20,354,36.5,36.5,3893,500,0,328,0.318,1
3,893859,37,rpm,11,354,36.5,36.5,3893,500,0,328,0.318,1
3,893879,37,rpm,19,354,36.5,36.5,3893,500,0,328,0.319,1
3,893900,37,rpm,108,354,36.5,36.5,3893,500,0,329,0.319,1
3,893920,37,rpm,413,354,36.5,36.5,3893,500,0,329,0.319,1
3,893941,37,rpm,635,354,36.5,36.5,3893,500,0,329,0.319,1
3,893961,37,rpm,794,354,36.5,36.5,3893,500,0,329,0.319,1
3,893982,37,rpm,736,354,36.5,36.5,3893,500,0,329,0.319,1
3,894002,37,rpm,629,354,36.5,36.5,3893,500,0,329,0.319,1
3,894023,37,rpm,472,354,36.5,36.5,3893,500,0,329,0.319,1
3,894044,37,rpm,327,354,36.5,36.5,3893,500,0,329,0.32,1
3,894064,37,rpm,275,354,36.5,36.5,3893,500,0,330,0.32,1
3,894085,37,rpm,96,354,36.5,36.5,3893,500,0,330,0.32,1
3,894105,37,rpm,16,354,36.5,36.5,3893,500,0,330,0.32,1
3,894126,37,rpm,10,354,36.5,36.5,3893,500,0,330,0.32,1
3,894147,37,rpm,20,354,36.5,36.5,3893,500,0,330,0.32,1
3,894167,37,rpm,133,354,36.5,36.5,3893,500,0,330,0.32,1
3,894188,37,rpm,442,354,36.5,36.5,3893,500,0,330,0.32,1
3,894208,37,rpm,664,354,36.5,36.5,3893,500,0,330,0.32,1
3,894229,37,rpm,769,354,36.5,36.5,3893,500,0,331,0.321,1
3,894249,37,rpm,694,354,36.5,36.5,3893,500,0,331,0.321,1
3,894270,37,rpm,571,354,36.5,36.5,3893,500,0,331,0.321,1
3,894290,37,rpm,417,354,36.5,36.5,3893,500,0,331,0.321,1
3,894311,37,rpm,306,354,36.5,36.5,3893,500,0,331,0.321,1
3,894332,37,rpm,245,354,36.5,36.5,3893,500,0,331,0.321,1
3,894352,37,rpm,32,354,36.5,36.5,3893,500,0,331,0.321,1
3,894373,37,rpm,13,354,36.5,36.5,3893,500,0,331,0.321,1
3,894393,37,rpm,11,354,36.5,36.5,3893,500,0,331,0.322,1
3,894414,37,rpm,48,354,36.5,36.5,3893,500,0,332,0.322,1
3,894435,37,rpm,280,354,36.5,36.5,3893,500,0,332,0.322,1
3,894455,37,rpm,634,354,36.5,36.5,3893,500,0,332,0.322,1
3,894476,37,rpm,800,354,36.5,36.5,3893,500,0,332,0.322,1
3,894496,37,rpm,756,354,36.5,36.5,3893,500,0,332,0.322,1
3,894517,37,rpm,659,354,36.5,36.5,3893,500,0,332,0.322,1
3,894537,37,rpm,479,354,36.5,36.5,3893,500,0,332,0.322,1
3,894558,37,rpm,333,354,36.5,36.5,3893,500,0,332,0.322,1
3,894578,37,rpm,248,354,36.5,36.5,3893,500,0,333,0.323,1
3,894599,37,rpm,103,354,36.5,36.5,3893,500,0,333,0.323,1
3,894620,37,rpm,18,354,36.5,36.5,3893,500,0,333,0.323,1
3,894640,37,rpm,10,354,36.5,36.5,3893,500,0,333,0.323,1
3,894661,37,rpm,19,354,36.5,36.5,3893,500,0,333,0.323,1
3,894681,37,rpm,140,354,36.5,36.5,3893,500,0,333,0.323,1
3,894702,37,rpm,525,354,36.5,36.5,3893,500,0,333,0.323,1
3,894723,37,rpm,636,354,36.5,36.5,3893,500,0,333,0.323,1
3,894743,37,rpm,706,354,36.5,36.5,3893,500,0,334,0.324,1
3,894764,37,rpm,705,354,36.5,36.5,3893,500,0,334,0.324,1
3,894784,37,rpm,575,354,36.5,36.5,3893,500,0,334,0.324,1
3,894805,37,rpm,451,354,36.5,36.5,3893,500,0,334,0.324,1
3,894825,37,rpm,355,354,36.5,36.5,3893,500,0,334,0.324,1
3,894846,37,rpm,202,354,36.5,36.5,3893,500,0,334,0.324,1
3,894867,37,rpm,24,354,36.5,36.5,3893,500,0,334,0.324,1
3,894887,37,rpm,12,354,36.5,36.5,3893,500,0,334,0.324,1
3,894908,37,rpm,15,354,36.5,36.5,3893,500,0,335,0.324,1
3,894928,37,rpm,92,354,36.5,36.5,3893,500,0,335,0.325,1
3,894949,37,rpm,472,354,36.5,36.5,3893,500,0,335,0.325,1
3,894970,37,rpm,647,354,36.5,36.5,3893,500,0,335,0.325,1
3,894990,37,rpm,718,354,36.5,36.5,3893,500,0,335,0.325,1
3,895011,37,rpm,686,354,36.5,36.5,3893,500,0,335,0.325,1
3,895031,37,rpm,646,354,36.5,36.5,3893,500,0,335,0.325,1
3,895052,37,rpm,518,354,36.5,36.5,3893,500,0,335,0.325,1
3,895072,37,rpm,416,354,36.5,36.5,3893,500,0,335,0.325,1
3,895093,37,rpm,324,354,36.5,36.5,3893,500,0,336,0.326,1
3,895114,37,rpm,66,354,36.5,36.5,3893,500,0,336,0.326,1
3,895134,37,rpm,14,354,36.5,36.5,3893,500,0,336,0.326,1
3,895155,37,rpm,12,354,36.5,36.5,3893,500,0,336,0.326,1
3,895175,37,rpm,38,354,36.5,36.5,3893,500,0,336,0.326,1
3,895196,37,rpm,257,354,36.5,36.5,3893,500,0,336,0.326,1
3,895216,37,rpm,572,354,36.5,36.5,3893,500,0,336,0.326,1
3,895237,37,rpm,660,354,36.5,36.5,3893,500,0,336,0.326,1
3,895257,37,rpm,667,354,36.5,36.5,3893,500,0,337,0.326,1
3,895278,37,rpm,633,354,36.5,36.5,3893,500,0,337,0.327,1
3,895298,37,rpm,535,354,36.5,36.5,3893,500,0,337,0.327,1
3,895319,37,rpm,429,354,36.5,36.5,3893,500,0,337,0.327,1
3,895340,37,rpm,352,354,36.5,36.5,3893,500,0,337,0.327,1
3,895360,37,rpm,148,354,36.5,36.5,3893,500,0,337,0.327,1
3,895381,37,rpm,20,354,36.5,36.5,3893,500,0,337,0.327,1
3,895401,37,rpm,11,354,36.5,36.5,3893,500,0,337,0.327,1
3,895422,37,rpm,19,354,36.5,36.5,3893,500,0,338,0.327,1
3,895442,37,rpm,107,354,36.5,36.5,3893,500,0,338,0.328,1
3,895463,37,rpm,415,354,36.5,36.5,3893,500,0,338,0.328,1
3,895484,37,rpm,656,354,36.5,36.5,3893,500,0,338,0.328,1
3,895504,37,rpm,798,354,36.5,36.5,3893,500,0,338,0.328,1
3,895525,37,rpm,732,354,36.5,36.5,3893,500,0,338,0.328,1
3,895545,37,rpm,621,354,36.5,36.5,3893,500,0,338,0.328,1
3,895566,37,rpm,472,354,36.5,36.5,3893,500,0,338,0.328,1
3,895587,37,rpm,326,354,36.5,36.5,3893,500,0,339,0.328,1
3,895607,37,rpm,278,354,36.5,36.5,3893,500,0,339,0.328,1
3,895628,37,rpm,98,354,36.5,36.5,3893,500,0,339,0.329,1
3,895648,37,rpm,16,354,36.5,36.5,3893,500,0,339,0.329,1
3,895669,37,rpm,10,354,36.5,36.5,3893,500,0,339,0.329,1
3,895690,37,rpm,20,354,36.5,36.5,3893,500,0,339,0.329,1
3,895710,37,rpm,130,354,36.5,36.5,3893,500,0,339,0.329,1
3,895731,37,rpm,430,354,36.5,36.5,3893,500,0,339,0.329,1
3,895751,37,rpm,650,354,36.5,36.5,3893,500,0,339,0.329,1
3,895772,37,rpm,748,354,36.5,36.5,3893,500,0,340,0.329,1
3,895793,37,rpm,676,354,36.5,36.5,3893,500,0,340,0.33,1
3,895813,37,rpm,566,354,36.5,36.5,3893,500,0,340,0.33,1
3,895834,37,rpm,409,354,36.5,36.5,3893,500,0,340,0.33,1
3,895854,37,rpm,313,354,36.5,36.5,3893,500,0,340,0.33,1
3,895875,37,rpm,234,354,36.5,36.5,3893,500,0,340,0.33,1
3,895895,37,rpm,27,354,36.5,36.5,3893,500,0,340,0.33,1
3,895916,37,rpm,13,354,36.5,36.5,3893,500,0,340,0.33,1
3,895937,37,rpm,12,354,36.5,36.5,3893,500,0,341,0.33,1
3,895957,37,rpm,59,354,36.5,36.5,3893,500,0,341,0.33,1
3,895978,37,rpm,318,354,36.5,36.5,3893,500,0,341,0.331,1
3,895998,37,rpm,666,354,36.5,36.5,3893,500,0,341,0.331,1
3,896019,37,rpm,815,354,36.5,36.5,3893,500,0,341,0.331,1
3,896039,37,rpm,754,354,36.5,36.5,3893,500,0,341,0.331,1
3,896060,37,rpm,652,354,36.5,36.5,3893,500,0,341,0.331,1
3,896080,37,rpm,472,354,36.5,36.5,3893,500,0,341,0.331,1
3,896101,37,rpm,332,354,36.5,36.5,3893,500,0,342,0.331,1
3,896122,37,rpm,249,354,36.5,36.5,3893,500,0,342,0.331,1
3,896142,37,rpm,104,354,36.5,36.5,3893,500,0,342,0.332,1
3,896163,37,rpm,18,354,36.5,36.5,3893,500,0,342,0.332,1
3,896183,37,rpm,10,354,36.5,36.5,3893,500,0,342,0.332,1
3,896204,37,rpm,19,354,36.5,36.5,3893,500,0,342,0.332,1
3,896224,37,rpm,136,354,36.5,36.5,3893,500,0,342,0.332,1
3,896245,37,rpm,518,354,36.5,36.5,3893,500,0,342,0.332,1
3,896265,37,rpm,633,354,36.5,36.5,3893,500,0,343,0.332,1
3,896286,37,rpm,717,354,36.5,36.5,3893,500,0,343,0.332,1
3,896307,37,rpm,707,354,36.5,36.5,3893,500,0,343,0.332,1
3,896327,37,rpm,572,354,36.5,36.5,3893,500,0,343,0.333,1
3,896348,37,rpm,443,354,36.5,36.5,3893,500,0,343,0.333,1
3,896368,37,rpm,349,354,36.5,36.5,3893,500,0,343,0.333,1
3,896389,37,rpm,208,354,36.5,36.5,3893,500,0,343,0.333,1
3,896409,37,rpm,24,354,36.5,36.5,3893,500,0,343,0.333,1
3,896430,37,rpm,12,354,36.5,36.5,3893,500,0,343,0.333,1
3,896451,37,rpm,16,354,36.5,36.5,3893,500,0,344,0.333,1
3,896471,37,rpm,95,354,36.5,36.5,3893,500,0,344,0.333,1
3,896492,37,rpm,472,354,36.5,36.5,3893,500,0,344,0.334,1
3,896512,37,rpm,635,354,36.5,36.5,3893,500,0,344,0.334,1
3,896533,37,rpm,710,354,36.5,36.5,3893,500,0,344,0.334,1
3,896553,37,rpm,679,354,36.5,36.5,3893,500,0,344,0.334,1
3,896574,37,rpm,640,354,36.5,36.5,3893,500,0,344,0.334,1
3,896594,37,rpm,515,354,36.5,36.5,3893,500,0,344,0.334,1
3,896615,37,rpm,416,354,36.5,36.5,3893,500,0,345,0.334,1
3,896636,37,rpm,325,354,36.5,36.5,3893,500,0,345,0.334,1
3,896656,37,rpm,64,354,36.5,36.5,3893,500,0,345,0.334,1
3,896677,37,rpm,14,354,36.5,36.5,3893,500,0,345,0.335,1
3,896697,37,rpm,12,354,36.5,36.5,3893,500,0,345,0.335,1
3,896718,37,rpm,39,354,36.5,36.5,3893,500,0,345,0.335,1
3,896739,37,rpm,262,354,36.5,36.5,3893,500,0,345,0.335,1
3,896759,37,rpm,570,354,36.5,36.5,3893,500,0,345,0.335,1
3,896780,37,rpm,664,354,36.5,36.5,3893,500,0,346,0.335,1
3,896800,37,rpm,670,354,36.5,36.5,3893,500,0,346,0.335,1
3,896821,37,rpm,641,354,36.5,36.5,3893,500,0,346,0.335,1
3,896841,37,rpm,534,354,36.5,36.5,3893,500,0,346,0.336,1
3,896862,37,rpm,428,354,36.5,36.5,3893,500,0,346,0.336,1
3,896882,37,rpm,351,354,36.5,36.5,3893,500,0,346,0.336,1
3,896903,37,rpm,148,354,36.5,36.5,3893,500,0,346,0.336,1
3,896924,37,rpm,20,354,36.5,36.5,3893,500,0,346,0.336,1
3,896944,37,rpm,11,354,36.5,36.5,3893,500,0,347,0.336,1
3,896965,37,rpm,18,354,36.5,36.5,3893,500,0,347,0.336,1
3,896985,37,rpm,101,354,36.5,36.5,3893,500,0,347,0.336,1
3,897006,37,rpm,407,354,36.5,36.5,3893,500,0,347,0.336,1
3,897026,37,rpm,649,354,36.5,36.5,3893,500,0,347,0.337,1
3,897047,37,rpm,806,354,36.5,36.5,3893,500,0,347,0.337,1
3,897067,37,rpm,734,354,36.5,36.5,3893,500,0,347,0.337,1
3,897088,37,rpm,633,354,36.5,36.5,3893,500,0,347,0.337,1
3,897109,37,rpm,471,354,36.5,36.5,3893,500,0,347,0.337,1
3,897129,37,rpm,325,354,36.5,36.5,3893,500,0,348,0.337,1
3,897150,37,rpm,270,354,36.5,36.5,3893,500,0,348,0.337,1
3,897170,37,rpm,100,354,36.5,36.5,3893,500,0,348,0.337,1
3,897191,37,rpm,17,354,36.5,36.5,3893,500,0,348,0.338,1
3,897211,37,rpm,10,354,36.5,36.5,3893,500,0,348,0.338,1
3,897232,37,rpm,20,354,36.5,36.5,3893,500,0,348,0.338,1
3,897252,37,rpm,128,354,36.5,36.5,3893,500,0,348,0.338,1
3,897273,37,rpm,436,354,36.5,36.5,3893,500,0,348,0.338,1
3,897294,37,rpm,686,354,36.5,36.5,3893,500,0,349,0.338,1
3,897314,37,rpm,770,354,36.5,36.5,3893,500,0,349,0.338,1
3,897335,37,rpm,692,354,36.5,36.5,3893,500,0,349,0.338,1
3,897355,37,rpm,575,354,36.5,36.5,3893,500,0,349,0.338,1
3,897376,37,rpm,408,354,36.5,36.5,3893,500,0,349,0.339,1
3,897397,37,rpm,297,353,36.5,36.5,3893,500,0,349,0.339,1
3,897417,37,rpm,244,353,36.5,36.5,3893,500,0,349,0.339,1
3,897438,37,rpm,33,353,36.5,36.5,3893,500,0,349,0.339,1
3,897458,37,rpm,13,353,36.5,36.5,3893,500,0,350,0.339,1
3,897479,37,rpm,11,353,36.5,36.5,3893,500,0,350,0.339,1
3,897499,37,rpm,45,353,36.5,36.5,3893,500,0,350,0.339,1
3,897520,37,rpm,271,353,36.5,36.5,3893,500,0,350,0.339,1
3,897540,37,rpm,631,353,36.5,36.5,3893,500,0,350,0.34,1
3,897561,37,rpm,796,353,36.5,36.5,3893,500,0,350,0.34,1
3,897582,37,rpm,757,353,36.5,36.5,3893,500,0,350,0.34,1
3,897602,37,rpm,659,353,36.5,36.5,3893,500,0,350,0.34,1
3,897623,37,rpm,481,353,36.5,36.5,3893,500,0,351,0.34,1
3,897643,37,rpm,336,353,36.5,36.5,3893,500,0,351,0.34,1
3,897664,37,rpm,251,353,36.5,36.5,3893,500,0,351,0.34,1
3,897685,37,rpm,105,353,36.5,36.5,3893,500,0,351,0.34,1
3,897705,37,rpm,18,353,36.5,36.5,3893,500,0,351,0.34,1
3,897726,37,rpm,10,353,36.5,36.5,3893,500,0,351,0.341,1
3,897746,37,rpm,18,353,36.5,36.5,3893,500,0,351,0.341,1
3,897767,37,rpm,129,353,36.5,36.5,3893,500,0,351,0.341,1
3,897787,37,rpm,515,353,36.5,36.5,3893,500,0,351,0.341,1
3,897808,37,rpm,635,353,36.5,36.5,3893,500,0,352,0.341,1
3,897828,37,rpm,713,353,36.5,36.5,3893,500,0,352,0.341,1
3,897849,37,rpm,715,353,36.5,36.5,3893,500,0,352,0.341,1
3,897870,37,rpm,581,353,36.5,36.5,3893,500,0,352,0.341,1
3,897890,37,rpm,453,353,36.5,36.5,3893,500,0,352,0.342,1
3,897911,37,rpm,351,353,36.5,36.5,3893,500,0,352,0.342,1
3,897931,37,rpm,208,353,36.5,36.5,3893,500,0,352,0.342,1
3,897952,37,rpm,24,353,36.5,36.5,3893,500,0,352,0.342,1
3,897972,37,rpm,12,353,36.5,36.5,3893,500,0,353,0.342,1
3,897993,37,rpm,15,353,36.5,36.5,3893,500,0,353,0.342,1
3,898014,37,rpm,84,353,36.5,36.5,3893,500,0,353,0.342,1
3,898034,37,rpm,461,353,36.5,36.5,3893,500,0,353,0.342,1
3,898055,37,rpm,643,353,36.5,36.5,3893,500,0,353,0.342,1
3,898075,37,rpm,717,353,36.5,36.5,3893,500,0,353,0.343,1
3,898096,37,rpm,688,353,36.5,36.5,3893,500,0,353,0.343,1
3,898116,37,rpm,644,353,36.5,36.5,3893,500,0,353,0.343,1
3,898137,37,rpm,518,353,36.5,36.5,3893,500,0,354,0.343,1
3,898158,37,rpm,418,353,36.5,36.5,3893,500,0,354,0.343,1
3,898178,37,rpm,327,353,36.5,36.5,3893,500,0,354,0.343,1
3,898199,37,rpm,74,353,36.5,36.5,3893,500,0,354,0.343,1
3,898219,37,rpm,15,353,36.5,36.5,3893,500,0,354,0.343,1
3,898240,37,rpm,12,353,36.5,36.5,3893,500,0,354,0.344,1
3,898261,37,rpm,36,353,36.5,36.5,3893,500,0,354,0.344,1
3,898281,37,rpm,253,353,36.5,36.5,3893,500,0,354,0.344,1
3,898302,37,rpm,573,353,36.5,36.5,3893,500,0,355,0.344,1
3,898322,37,rpm,659,353,36.5,36.5,3893,500,0,355,0.344,1
3,898343,37,rpm,665,353,36.5,36.5,3893,500,0,355,0.344,1
3,898364,37,rpm,626,353,36.5,36.5,3893,500,0,355,0.344,1
3,898384,37,rpm,534,353,36.5,36.5,3893,500,0,355,0.344,1
3,898405,37,rpm,430,353,36.5,36.5,3893,500,0,355,0.344,1
3,898425,37,rpm,354,353,36.5,36.5,3893,500,0,355,0.345,1
3,898446,37,rpm,148,353,36.5,36.5,3893,500,0,355,0.345,1
3,898467,37,rpm,21,353,36.5,36.5,3893,500,0,355,0.345,1
3,898487,37,rpm,11,353,36.5,36.5,3893,500,0,356,0.345,1
3,898508,37,rpm,19,353,36.5,36.5,3893,500,0,356,0.345,1
3,898528,37,rpm,107,353,36.5,36.5,3893,500,0,356,0.345,1
3,898549,37,rpm,407,353,36.5,36.5,3893,500,0,356,0.345,1
3,898569,37,rpm,628,353,36.5,36.5,3893,500,0,356,0.345,1
3,898590,37,rpm,790,353,36.5,36.5,3893,500,0,356,0.346,1
3,898611,37,rpm,734,353,36.5,36.5,3893,500,0,356,0.346,1
3,898631,37,rpm,629,353,36.5,36.5,3893,500,0,356,0.346,1
3,898652,37,rpm,472,353,36.5,36.5,3893,500,0,357,0.346,1
3,898672,37,rpm,326,353,36.5,36.5,3893,500,0,357,0.346,1
3,898693,37,rpm,281,353,36.5,36.5,3893,500,0,357,0.346,1
3,898713,37,rpm,95,353,36.5,36.5,3893,500,0,357,0.346,1
3,898734,37,rpm,16,353,36.5,36.5,3893,500,0,357,0.346,1
3,898755,37,rpm,10,353,36.5,36.5,3893,500,0,357,0.346,1
3,898775,37,rpm,20,353,36.5,36.5,3893,500,0,357,0.347,1
3,898796,37,rpm,128,353,36.5,36.5,3893,500,0,357,0.347,1
3,898816,37,rpm,428,353,36.5,36.5,3893,500,0,358,0.347,1
3,898837,37,rpm,631,353,36.5,36.5,3893,500,0,358,0.347,1
3,898857,37,rpm,750,353,36.5,36.5,3893,500,0,358,0.347,1
3,898878,37,rpm,686,353,36.5,36.5,3893,500,0,358,0.347,1
3,898898,37,rpm,574,353,36.5,36.5,3893,500,0,358,0.347,1
3,898919,37,rpm,420,353,36.5,36.5,3893,500,0,358,0.347,1
3,898940,37,rpm,321,353,36.5,36.5,3893,500,0,358,0.348,1
3,898960,37,rpm,248,353,36.5,36.5,3893,500,0,358,0.348,1
3,898981,37,rpm,29,353,36.5,36.5,3893,500,0,359,0.348,1
3,899001,37,rpm,13,353,36.5,36.5,3893,500,0,359,0.348,1
3,899022,37,rpm,12,353,36.5,36.5,3893,500,0,359,0.348,1
3,899042,37,rpm,56,353,36.5,36.5,3893,500,0,359,0.348,1
3,899063,37,rpm,305,353,36.5,36.5,3893,500,0,359,0.348,1
3,899084,37,rpm,655,353,36.5,36.5,3893,500,0,359,0.348,1
3,899104,37,rpm,807,353,36.5,36.5,3893,500,0,359,0.348,1
3,899125,37,rpm,757,353,36.5,36.5,3893,500,0,359,0.349,1
3,899145,37,rpm,661,353,36.5,36.5,3893,500,0,359,0.349,1
3,899166,37,rpm,482,353,36.5,36.5,3893,500,0,360,0.349,1
3,899186,37,rpm,336,353,36.5,36.5,3893,500,0,360,0.349,1
3,899207,37,rpm,250,353,36.5,36.5,3893,500,0,360,0.349,1
3,899227,37,rpm,111,353,36.5,36.5,3893,500,0,360,0.349,1
3,899248,37,rpm,19,353,36.5,36.5,3893,500,0,360,0.349,1
3,899269,37,rpm,10,353,36.5,36.5,3893,500,0,360,0.349,1
3,899289,37,rpm,18,353,36.5,36.5,3893,500,0,360,0.35,1
3,899310,37,rpm,130,353,36.5,36.5,3893,500,0,360,0.35,1
3,899330,37,rpm,510,353,36.5,36.5,3893,500,0,361,0.35,1
3,899351,37,rpm,629,353,36.5,36.5,3893,500,0,361,0.35,1
3,899371,37,rpm,710,353,36.5,36.5,3893,500,0,361,0.35,1
3,899392,37,rpm,710,353,36.5,36.5,3893,500,0,361,0.35,1
3,899413,37,rpm,574,353,36.5,36.5,3893,500,0,361,0.35,1
3,899433,37,rpm,450,353,36.5,36.5,3893,500,0,361,0.35,1
3,899454,37,rpm,355,353,36.5,36.5,3893,500,0,361,0.35,1
3,899474,37,rpm,216,353,36.5,36.5,3893,500,0,361,0.351,1
3,899495,37,rpm,25,353,36.5,36.5,3893,500,0,362,0.351,1
3,899515,37,rpm,12,353,36.5,36.5,3893,500,0,362,0.351,1
3,899536,37,rpm,15,353,36.5,36.5,3893,500,0,362,0.351,1
3,899556,37,rpm,89,353,36.5,36.5,3893,500,0,362,0.351,1
3,899577,37,rpm,456,353,36.5,36.5,3893,500,0,362,0.351,1
3,899598,37,rpm,636,353,36.5,36.5,3893,500,0,362,0.351,1
3,899618,37,rpm,715,353,36.5,36.5,3893,500,0,362,0.351,1
3,899639,37,rpm,688,353,36.5,36.5,3893,500,0,362,0.352,1
3,899659,37,rpm,643,353,36.5,36.5,3893,500,0,363,0.352,1
3,899680,37,rpm,516,353,36.5,36.5,3893,500,0,363,0.352,1
3,899700,37,rpm,418,353,36.5,36.5,3893,500,0,363,0.352,1
3,899721,37,rpm,329,353,36.5,36.5,3893,500,0,363,0.352,1
3,899741,37,rpm,72,353,36.5,36.5,3893,500,0,363,0.352,1
3,899762,37,rpm,15,353,36.5,36.5,3893,500,0,363,0.352,1
3,899783,37,rpm,12,353,36.5,36.5,3893,500,0,363,0.352,1
3,899803,37,rpm,36,353,36.5,36.5,3893,500,0,363,0.352,1
3,899824,37,rpm,248,353,36.5,36.5,3893,500,0,363,0.353,1
3,899844,37,rpm,568,353,36.5,36.5,3893,500,0,364,0.353,1
3,899865,37,rpm,661,353,36.5,36.5,3893,500,0,364,0.353,1
3,899885,37,rpm,671,353,36.5,36.5,3893,500,0,364,0.353,1
3,899906,37,rpm,638,353,36.5,36.5,3893,500,0,364,0.353,1
3,899926,37,rpm,540,353,36.5,36.5,3893,500,0,364,0.353,1
3,899947,37,rpm,435,353,36.5,36.5,3893,500,0,364,0.353,1
3,899967,37,rpm,357,353,36.5,36.5,3893,500,0,364,0.353,1
3,899988,37,rpm,158,353,36.5,36.5,3893,500,0,364,0.354,1
3,900009,37,rpm,21,353,36.5,36.5,3893,500,0,365,0.354,1
3,900029,37,rpm,11,353,36.5,36.5,3893,500,0,365,0.354,1
3,900050,37,rpm,17,353,36.5,36.5,3893,500,0,365,0.354,1
3,900070,37,rpm,94,353,36.5,36.5,3893,500,0,365,0.354,1
3,900091,37,rpm,393,353,36.5,36.5,3893,500,0,365,0.354,1
3,900112,37,rpm,663,353,36.5,36.5,3893,500,0,365,0.354,1
3,900132,37,rpm,806,353,36.5,36.5,3893,500,0,365,0.354,1
3,900153,37,rpm,738,353,36.5,36.5,3893,500,0,365,0.354,1
3,900173,37,rpm,629,353,36.5,36.5,3893,500,0,366,0.355,1
3,900194,37,rpm,479,353,36.5,36.5,3893,500,0,366,0.355,1
3,900214,37,rpm,329,353,36.5,36.5,3893,500,0,366,0.355,1
3,900235,37,rpm,267,353,36.5,36.5,3893,500,0,366,0.355,1
3,900256,37,rpm,104,353,36.5,36.5,3893,500,0,366,0.355,1
3,900276,37,rpm,17,353,36.5,36.5,3893,500,0,366,0.355,1
3,900297,37,rpm,10,353,36.5,36.5,3893,500,0,366,0.355,1
3,900317,37,rpm,19,353,36.5,36.5,3893,500,0,366,0.355,1
3,900338,37,rpm,124,353,36.5,36.5,3893,500,0,367,0.356,1
3,900358,37,rpm,429,353,36.5,36.5,3893,500,0,367,0.356,1
3,900379,37,rpm,674,353,36.5,36.5,3893,500,0,367,0.356,1
3,900399,37,rpm,758,353,36.5,36.5,3893,500,0,367,0.356,1
3,900420,37,rpm,683,353,36.5,36.5,3893,500,0,367,0.356,1
3,900441,37,rpm,576,353,36.5,36.5,3893,500,0,367,0.356,1
3,900461,37,rpm,409,353,36.5,36.5,3893,500,0,367,0.356,1
3,900482,37,rpm,299,353,36.5,36.5,3893,500,0,367,0.356,1
3,900502,37,rpm,245,353,36.5,36.5,3893,500,0,367,0.356,1
3,900523,37,rpm,34,353,36.5,36.5,3893,500,0,368,0.357,1
3,900544,37,rpm,13,353,36.5,36.5,3893,500,0,368,0.357,1
3,900564,37,rpm,11,353,36.5,36.5,3893,500,0,368,0.357,1
3,900585,37,rpm,45,353,36.5,36.5,3893,500,0,368,0.357,1
3,900605,37,rpm,268,353,36.5,36.5,3893,500,0,368,0.357,1
3,900626,37,rpm,632,353,36.5,36.5,3893,500,0,368,0.357,1
3,900646,37,rpm,799,353,36.5,36.5,3893,500,0,368,0.357,1
3,900667,37,rpm,761,353,36.5,36.5,3893,500,0,368,0.357,1
3,900687,37,rpm,667,353,36.5,36.5,3893,500,0,369,0.358,1
3,900708,37,rpm,489,353,36.5,36.5,3893,500,0,369,0.358,1
3,900729,37,rpm,342,353,36.5,36.5,3893,500,0,369,0.358,1
3,900749,37,rpm,253,353,36.5,36.5,3893,500,0,369,0.358,1
3,900770,37,rpm,116,353,36.5,36.5,3893,500,0,369,0.358,1
3,900790,37,rpm,19,353,36.5,36.5,3893,500,0,369,0.358,1
3,900811,37,rpm,10,353,36.5,36.5,3893,500,0,369,0.358,1
3,900831,37,rpm,17,353,36.5,36.5,3893,500,0,369,0.358,1
3,900852,37,rpm,121,353,36.5,36.5,3893,500,0,370,0.358,1
3,900872,37,rpm,512,353,36.5,36.5,3893,500,0,370,0.359,1
3,900893,37,rpm,630,353,36.5,36.5,3893,500,0,370,0.359,1
3,900914,37,rpm,728,353,36.5,36.5,3893,500,0,370,0.359,1
3,900934,37,rpm,721,353,36.5,36.5,3893,500,0,370,0.359,1
3,900955,37,rpm,586,353,36.5,36.5,3893,500,0,370,0.359,1
3,900975,37,rpm,452,353,36.5,36.5,3893,500,0,370,0.359,1
3,900996,37,rpm,343,353,36.5,36.5,3893,500,0,370,0.359,1
3,901016,37,rpm,223,353,36.5,36.5,3893,500,0,370,0.359,1
3,901037,37,rpm,25,353,36.5,36.5,3893,500,0,371,0.36,1
3,901057,37,rpm,12,353,36.5,36.5,3893,500,0,371,0.36,1
3,901078,37,rpm,14,353,36.5,36.5,3893,500,0,371,0.36,1
3,901099,37,rpm,77,353,36.5,36.5,3893,500,0,371,0.36,1
3,901119,37,rpm,439,353,36.5,36.5,3893,500,0,371,0.36,1
3,901140,37,rpm,637,353,36.5,36.5,3893,500,0,371,0.36,1
3,901160,37,rpm,715,353,36.5,36.5,3893,500,0,371,0.36,1
3,901181,37,rpm,691,353,36.5,36.5,3893,500,0,371,0.36,1
3,901201,37,rpm,652,353,36.5,36.5,3893,500,0,372,0.36,1
3,901222,37,rpm,523,353,36.5,36.5,3893,500,0,372,0.361,1
3,901242,37,rpm,421,353,36.5,36.5,3893,500,0,372,0.361,1
3,901263,37,rpm,332,353,36.5,36.5,3893,500,0,372,0.361,1
3,901284,37,rpm,90,353,36.5,36.5,3893,500,0,372,0.361,1
3,901304,37,rpm,16,353,36.5,36.5,3893,500,0,372,0.361,1
3,901325,37,rpm,12,353,36.5,36.5,3893,500,0,372,0.361,1
3,901345,37,rpm,32,353,36.5,36.5,3893,500,0,372,0.361,1
3,901366,37,rpm,224,353,36.5,36.5,3893,500,0,373,0.361,1
3,901386,37,rpm,559,353,36.5,36.5,3893,500,0,373,0.361,1
3,901407,37,rpm,657,353,36.5,36.5,3893,500,0,373,0.362,1
3,901428,37,rpm,670,353,36.5,36.5,3893,500,0,373,0.362,1
3,901448,37,rpm,631,353,36.5,36.5,3893,500,0,373,0.362,1
3,901469,37,rpm,545,353,36.5,36.5,3893,500,0,373,0.362,1
3,901489,37,rpm,435,353,36.5,36.5,3893,500,0,373,0.362,1
3,901510,37,rpm,357,353,36.5,36.5,3893,500,0,373,0.362,1
3,901531,37,rpm,162,353,36.5,36.5,3893,500,0,374,0.362,1
3,901551,37,rpm,22,353,36.5,36.5,3893,500,0,374,0.362,1
3,901572,37,rpm,11,353,36.5,36.5,3893,500,0,374,0.363,1
3,901592,37,rpm,17,353,36.5,36.5,3893,500,0,374,0.363,1
3,901613,37,rpm,95,353,36.5,36.5,3893,500,0,374,0.363,1
3,901633,37,rpm,392,353,36.5,36.5,3893,500,0,374,0.363,1
3,901654,37,rpm,611,353,36.5,36.5,3893,500,0,374,0.363,1
3,901674,37,rpm,786,353,36.5,36.5,3893,500,0,374,0.363,1
3,901695,37,rpm,733,353,36.5,36.5,3893,500,0,374,0.363,1
3,901716,37,rpm,644,353,36.5,36.5,3893,500,0,375,0.363,1
3,901736,37,rpm,487,353,36.5,36.5,3893,500,0,375,0.363,1
3,901757,37,rpm,336,353,36.5,36.5,3893,500,0,375,0.364,1
3,901777,37,rpm,286,353,36.5,36.5,3893,500,0,375,0.364,1
3,901798,37,rpm,111,353,36.5,36.5,3893,500,0,375,0.364,1
3,901818,37,rpm,18,353,36.5,36.5,3893,500,0,375,0.364,1
3,901839,37,rpm,10,353,36.5,36.5,3893,500,0,375,0.364,1
3,901860,37,rpm,18,353,36.5,36.5,3893,500,0,375,0.364,1
3,901880,37,rpm,114,353,36.5,36.5,3893,500,0,376,0.364,1
3,901901,37,rpm,415,353,36.5,36.5,3893,500,0,376,0.364,1
3,901921,37,rpm,627,353,36.5,36.5,3893,500,0,376,0.365,1
3,901942,37,rpm,766,353,36.5,36.5,3893,500,0,376,0.365,1
3,901962,37,rpm,699,353,36.5,36.5,3893,500,0,376,0.365,1
3,901983,37,rpm,588,353,36.5,36.5,3893,500,0,376,0.365,1
3,902004,37,rpm,428,353,36.5,36.5,3893,500,0,376,0.365,1
3,902024,37,rpm,320,353,36.5,36.5,3893,500,0,376,0.365,1
3,902045,37,rpm,263,353,36.5,36.5,3893,500,0,377,0.365,1
3,902065,37,rpm,38,353,36.5,36.5,3893,500,0,377,0.365,1
3,902086,37,rpm,13,353,36.5,36.5,3893,500,0,377,0.365,1
3,902106,37,rpm,11,353,36.5,36.5,3893,500,0,377,0.366,1
3,902127,37,rpm,42,353,36.5,36.5,3893,500,0,377,0.366,1
3,902147,37,rpm,260,353,36.5,36.5,3893,500,0,377,0.366,1
3,902168,37,rpm,623,353,36.5,36.5,3893,500,0,377,0.366,1
3,902188,37,rpm,792,353,36.5,36.5,3893,500,0,377,0.366,1
3,902209,37,rpm,761,353,36.5,36.5,3893,500,0,378,0.366,1
3,902229,37,rpm,669,353,36.5,36.5,3893,500,0,378,0.366,1
3,902250,37,rpm,494,353,36.5,36.5,3893,500,0,378,0.366,1
3,902270,37,rpm,349,353,36.5,36.5,3893,500,0,378,0.367,1
3,902291,37,rpm,255,353,36.5,36.5,3893,500,0,378,0.367,1
3,902312,37,rpm,126,353,36.5,36.5,3893,500,0,378,0.367,1
3,902332,37,rpm,20,353,36.5,36.5,3893,500,0,378,0.367,1
3,902353,37,rpm,10,353,36.5,36.5,3893,500,0,378,0.367,1
3,902373,37,rpm,16,353,36.5,36.5,3893,500,0,378,0.367,1
3,902394,37,rpm,109,353,36.5,36.5,3893,500,0,379,0.367,1
3,902414,37,rpm,488,353,36.5,36.5,3893,500,0,379,0.367,1
3,902435,37,rpm,625,353,36.5,36.5,3893,500,0,379,0.367,1
3,902455,37,rpm,706,353,36.5,36.5,3893,500,0,379,0.368,1
3,902476,37,rpm,714,353,36.5,36.5,3893,500,0,379,0.368,1
3,902497,37,rpm,586,353,36.5,36.5,3893,500,0,379,0.368,1
3,902517,37,rpm,461,353,36.5,36.5,3893,500,0,379,0.368,1
3,902538,37,rpm,364,353,36.5,36.5,3893,500,0,379,0.368,1
3,902558,37,rpm,242,353,36.5,36.5,3893,500,0,380,0.368,1
3,902579,37,rpm,26,353,36.5,36.5,3893,500,0,380,0.368,1
3,902600,37,rpm,13,353,36.5,36.5,3893,500,0,380,0.368,1
3,902620,37,rpm,14,353,36.5,36.5,3893,500,0,380,0.369,1
3,902641,37,rpm,70,353,36.5,36.5,3893,500,0,380,0.369,1
3,902661,37,rpm,418,353,36.5,36.5,3893,500,0,380,0.369,1
3,902682,37,rpm,636,353,36.5,36.5,3893,500,0,380,0.369,1
3,902702,37,rpm,714,353,36.5,36.5,3893,500,0,380,0.369,1
3,902723,37,rpm,692,353,36.5,36.5,3893,500,0,381,0.369,1
3,902744,37,rpm,650,353,36.5,36.5,3893,500,0,381,0.369,1
3,902764,37,rpm,529,353,36.5,36.5,3893,500,0,381,0.369,1
3,902785,37,rpm,426,353,36.5,36.5,3893,500,0,381,0.369,1
3,902805,37,rpm,335,353,36.5,36.5,3893,500,0,381,0.37,1
3,902826,37,rpm,88,353,36.5,36.5,3893,500,0,381,0.37,1
3,902846,37,rpm,16,353,36.5,36.5,3893,500,0,381,0.37,1
3,902867,37,rpm,12,353,36.5,36.5,3893,500,0,381,0.37,1
3,902887,37,rpm,31,353,36.5,36.5,3893,500,0,382,0.37,1
3,902908,37,rpm,212,353,36.5,36.5,3893,500,0,382,0.37,1
3,902928,37,rpm,550,353,36.5,36.5,3893,500,0,382,0.37,1
3,902949,37,rpm,649,353,36.5,36.5,3893,500,0,382,0.37,1
3,902970,37,rpm,677,353,36.5,36.5,3893,500,0,382,0.371,1
3,902990,37,rpm,643,353,36.5,36.5,3893,500,0,382,0.371,1
3,903011,37,rpm,551,353,36.5,36.5,3893,500,0,382,0.371,1
3,903031,37,rpm,441,353,36.5,36.5,3893,500,0,382,0.371,1
3,903052,37,rpm,361,353,36.5,36.5,3893,500,0,382,0.371,1
3,903072,37,rpm,179,353,36.5,36.5,3893,500,0,383,0.371,1
3,903093,37,rpm,22,353,36.5,36.5,3893,500,0,383,0.371,1
3,903114,37,rpm,11,353,36.5,36.5,3893,500,0,383,0.371,1
3,903134,37,rpm,16,353,36.5,36.5,3893,500,0,383,0.371,1
3,903155,37,rpm,85,353,36.5,36.5,3893,500,0,383,0.372,1
3,903175,37,rpm,378,353,36.5,36.5,3893,500,0,383,0.372,1
3,903196,37,rpm,646,353,36.5,36.5,3893,500,0,383,0.372,1
3,903216,37,rpm,801,353,36.5,36.5,3893,500,0,383,0.372,1
3,903237,37,rpm,743,353,36.5,36.5,3893,500,0,384,0.372,1
3,903258,37,rpm,639,353,36.5,36.5,3893,500,0,384,0.372,1
3,903278,37,rpm,488,353,36.5,36.5,3893,500,0,384,0.372,1
3,903299,37,rpm,338,353,36.5,36.5,3893,500,0,384,0.372,1
3,903319,37,rpm,274,353,36.5,36.5,3893,500,0,384,0.373,1
3,903340,37,rpm,121,353,36.5,36.5,3893,500,0,384,0.373,1
3,903361,37,rpm,19,353,36.5,36.5,3893,500,0,384,0.373,1
3,903381,37,rpm,10,353,36.5,36.5,3893,500,0,384,0.373,1
3,903402,37,rpm,18,353,36.5,36.5,3893,500,0,385,0.373,1
3,903422,37,rpm,106,353,36.5,36.5,3893,500,0,385,0.373,1
3,903443,37,rpm,404,353,36.5,36.5,3893,500,0,385,0.373,1
3,903463,37,rpm,642,353,36.5,36.5,3893,500,0,385,0.373,1
3,903484,37,rpm,753,353,36.5,36.5,3893,500,0,385,0.373,1
3,903505,37,rpm,688,353,36.5,36.5,3893,500,0,385,0.374,1
3,903525,37,rpm,590,353,36.5,36.5,3893,500,0,385,0.374,1
3,903546,37,rpm,421,353,36.5,36.5,3893,500,0,385,0.374,1
3,903566,37,rpm,308,353,36.5,36.5,3893,500,0,386,0.374,1
3,903587,37,rpm,257,353,36.5,36.5,3893,500,0,386,0.374,1
3,903607,37,rpm,38,353,36.5,36.5,3893,500,0,386,0.374,1
3,903628,37,rpm,13,353,36.5,36.5,3893,500,0,386,0.374,1
3,903649,37,rpm,11,353,36.5,36.5,3893,500,0,386,0.374,1
3,903669,37,rpm,41,353,36.5,36.5,3893,500,0,386,0.375,1
3,903690,37,rpm,256,353,36.5,36.5,3893,500,0,386,0.375,1
3,903710,37,rpm,624,353,36.5,36.5,3893,500,0,386,0.375,1
3,903731,37,rpm,806,353,36.5,36.5,3893,500,0,386,0.375,1
3,903751,37,rpm,768,353,36.5,36.5,3893,500,0,387,0.375,1
3,903772,37,rpm,673,353,36.5,36.5,3893,500,0,387,0.375,1
3,903792,37,rpm,496,353,36.5,36.5,3893,500,0,387,0.375,1
3,903813,37,rpm,351,353,36.5,36.5,3893,500,0,387,0.375,1
3,903834,37,rpm,254,353,36.5,36.5,3893,500,0,387,0.375,1
3,903854,37,rpm,128,353,36.5,36.5,3893,500,0,387,0.376,1
3,903875,37,rpm,20,353,36.5,36.5,3893,500,0,387,0.376,1
3,903895,37,rpm,10,353,36.5,36.5,3893,500,0,387,0.376,1
3,903916,37,rpm,16,353,36.5,36.5,3893,500,0,388,0.376,1
3,903936,37,rpm,107,353,36.5,36.5,3893,500,0,388,0.376,1
3,903957,37,rpm,491,353,36.5,36.5,3893,500,0,388,0.376,1
3,903978,37,rpm,625,353,36.5,36.5,3893,500,0,388,0.376,1
3,903998,37,rpm,733,353,36.5,36.5,3893,500,0,388,0.376,1
3,904019,37,rpm,722,353,36.5,36.5,3893,500,0,388,0.377,1
3,904039,37,rpm,592,353,36.5,36.5,3893,500,0,388,0.377,1
3,904060,37,rpm,454,353,36.5,36.5,3893,500,0,388,0.377,1
3,904080,37,rpm,346,353,36.5,36.5,3893,500,0,389,0.377,1
3,904101,37,rpm,240,353,36.5,36.5,3893,500,0,389,0.377,1
3,904122,37,rpm,27,353,36.5,36.5,3893,500,0,389,0.377,1
3,904142,37,rpm,13,353,36.5,36.5,3893,500,0,389,0.377,1
3,904163,37,rpm,14,353,36.5,36.5,3893,500,0,389,0.377,1
3,904183,37,rpm,69,353,36.5,36.5,3893,500,0,389,0.377,1
3,904204,37,rpm,421,353,36.5,36.5,3893,500,0,389,0.378,1
3,904225,37,rpm,630,353,36.5,36.5,3893,500,0,389,0.378,1
3,904245,37,rpm,709,353,36.5,36.5,3893,500,0,390,0.378,1
3,904266,37,rpm,689,353,36.5,36.5,3893,500,0,390,0.378,1
3,904286,37,rpm,652,353,36.5,36.5,3893,500,0,390,0.378,1
3,904307,37,rpm,528,353,36.5,36.5,3893,500,0,390,0.378,1
3,904328,37,rpm,425,353,36.5,36.5,3893,500,0,390,0.378,1
3,904348,37,rpm,335,353,36.5,36.5,3893,500,0,390,0.378,1
3,904369,37,rpm,92,353,36.5,36.5,3893,500,0,390,0.379,1
3,904389,37,rpm,16,353,36.5,36.5,3893,500,0,390,0.379,1
3,904410,37,rpm,12,353,36.5,36.5,3893,500,0,390,0.379,1
3,904431,37,rpm,31,353,36.5,36.5,3893,500,0,391,0.379,1
3,904451,37,rpm,216,353,36.5,36.5,3893,500,0,391,0.379,1
3,904472,37,rpm,556,353,36.5,36.5,3893,500,0,391,0.379,1
3,904492,37,rpm,655,353,36.5,36.5,3893,500,0,391,0.379,1
3,904513,37,rpm,671,353,36.5,36.5,3893,500,0,391,0.379,1
3,904534,37,rpm,633,353,36.5,36.5,3893,500,0,391,0.379,1
3,904554,37,rpm,546,353,36.5,36.5,3893,500,0,391,0.38,1
3,904575,37,rpm,440,353,36.5,36.5,3893,500,0,391,0.38,1
3,904595,37,rpm,359,353,36.5,36.5,3893,500,0,392,0.38,1
3,904616,37,rpm,168,353,36.5,36.5,3893,500,0,392,0.38,1
3,904636,37,rpm,22,353,36.5,36.5,3893,500,0,392,0.38,1
3,904657,37,rpm,11,353,36.5,36.5,3893,500,0,392,0.38,1
3,904677,37,rpm,16,353,36.5,36.5,3893,500,0,392,0.38,1
3,904698,37,rpm,85,353,36.5,36.5,3893,500,0,392,0.38,1
3,904719,37,rpm,376,353,36.5,36.5,3893,500,0,392,0.381,1
3,904739,37,rpm,613,353,36.5,36.5,3893,500,0,392,0.381,1
3,904760,37,rpm,797,353,36.5,36.5,3893,500,0,393,0.381,1
3,904780,37,rpm,744,353,36.5,36.5,3893,500,0,393,0.381,1
3,904801,37,rpm,648,353,36.5,36.5,3893,500,0,393,0.381,1
3,904821,37,rpm,491,353,36.5,36.5,3893,500,0,393,0.381,1
3,904842,37,rpm,338,353,36.5,36.5,3893,500,0,393,0.381,1
3,904863,37,rpm,279,353,36.5,36.5,3893,500,0,393,0.381,1
3,904883,37,rpm,118,353,36.5,36.5,3893,500,0,393,0.381,1
3,904904,37,rpm,19,353,36.5,36.5,3893,500,0,393,0.382,1
3,904924,37,rpm,10,353,36.5,36.5,3893,500,0,394,0.382,1
3,904945,37,rpm,17,353,36.5,36.5,3893,500,0,394,0.382,1
3,904965,37,rpm,106,353,36.5,36.5,3893,500,0,394,0.382,1
3,904986,37,rpm,407,353,36.5,36.5,3893,500,0,394,0.382,1
3,905007,37,rpm,643,353,36.5,36.5,3893,500,0,394,0.382,1
3,905027,37,rpm,766,353,36.5,36.5,3893,500,0,394,0.382,1
3,905048,37,rpm,702,353,36.5,36.5,3893,500,0,394,0.382,1
3,905068,37,rpm,595,353,36.5,36.5,3893,500,0,394,0.383,1
3,905089,37,rpm,431,353,36.5,36.5,3893,500,0,394,0.383,1
3,905109,37,rpm,313,353,36.5,36.5,3893,500,0,395,0.383,1
3,905130,37,rpm,259,353,36.5,36.5,3893,500,0,395,0.383,1
3,905151,37,rpm,44,353,36.5,36.5,3893,500,0,395,0.383,1
3,905171,37,rpm,13,353,36.5,36.5,3893,500,0,395,0.383,1
3,905192,37,rpm,11,353,36.5,36.5,3893,500,0,395,0.383,1
3,905212,37,rpm,39,353,36.5,36.5,3893,500,0,395,0.383,1
3,905233,37,rpm,241,353,36.5,36.5,3893,500,0,395,0.383,1
3,905253,37,rpm,600,353,36.5,36.5,3893,500,0,395,0.384,1
3,905274,37,rpm,788,353,36.5,36.5,3893,500,0,396,0.384,1
3,905294,37,rpm,768,353,36.5,36.5,3893,500,0,396,0.384,1
3,905315,37,rpm,676,353,36.5,36.5,3893,500,0,396,0.384,1
3,905336,37,rpm,493,353,36.5,36.5,3893,500,0,396,0.384,1
3,905356,37,rpm,349,353,36.5,36.5,3893,500,0,396,0.384,1
3,905377,37,rpm,254,353,36.5,36.5,3893,500,0,396,0.384,1
3,905397,37,rpm,125,353,36.5,36.5,3893,500,0,396,0.384,1
3,905418,37,rpm,20,353,36.5,36.5,3893,500,0,396,0.385,1
3,905438,37,rpm,10,353,36.5,36.5,3893,500,0,397,0.385,1
3,905459,37,rpm,16,353,36.5,36.5,3893,500,0,397,0.385,1
3,905479,37,rpm,106,353,36.5,36.5,3893,500,0,397,0.385,1
3,905500,37,rpm,481,353,36.5,36.5,3893,500,0,397,0.385,1
3,905521,37,rpm,624,353,36.5,36.5,3893,500,0,397,0.385,1
3,905541,37,rpm,701,353,36.5,36.5,3893,500,0,397,0.385,1
3,905562,37,rpm,714,353,36.5,36.5,3893,500,0,397,0.385,1
3,905582,37,rpm,589,353,36.5,36.5,3893,500,0,397,0.385,1
3,905603,37,rpm,464,353,36.5,36.5,3893,500,0,397,0.386,1
3,905623,37,rpm,365,353,36.5,36.5,3893,500,0,398,0.386,1
3,905644,37,rpm,243,353,36.5,36.5,3893,500,0,398,0.386,1
3,905665,37,rpm,26,353,36.5,36.5,3893,500,0,398,0.386,1
3,905685,37,rpm,13,353,36.5,36.5,3893,500,0,398,0.386,1
3,905706,37,rpm,14,353,36.5,36.5,3893,500,0,398,0.386,1
3,905726,37,rpm,69,353,36.5,36.5,3893,500,0,398,0.386,1
3,905747,37,rpm,417,353,36.5,36.5,3893,500,0,398,0.386,1
3,905768,37,rpm,637,353,36.5,36.5,3893,500,0,398,0.387,1
3,905788,37,rpm,712,353,36.5,36.5,3893,500,0,399,0.387,1
3,905809,37,rpm,689,353,36.5,36.5,3893,500,0,399,0.387,1
3,905829,37,rpm,649,353,36.5,36.5,3893,500,0,399,0.387,1
3,905850,37,rpm,531,353,36.5,36.5,3893,500,0,399,0.387,1
3,905871,37,rpm,428,353,36.5,36.5,3893,500,0,399,0.387,1
3,905891,37,rpm,337,353,36.5,36.5,3893,500,0,399,0.387,1
3,905912,37,rpm,91,353,36.5,36.5,3893,500,0,399,0.387,1
3,905932,37,rpm,16,353,36.5,36.5,3893,500,0,399,0.387,1
3,905953,37,rpm,12,353,36.5,36.5,3893,500,0,400,0.388,1
3,905974,37,rpm,32,353,36.5,36.5,3893,500,0,400,0.388,1
3,905994,37,rpm,222,353,36.5,36.5,3893,500,0,400,0.388,1
3,906015,37,rpm,555,353,36.5,36.5,3893,500,0,400,0.388,1
3,906035,37,rpm,651,353,36.5,36.5,3893,500,0,400,0.388,1
3,906056,37,rpm,674,353,36.5,36.5,3893,500,0,400,0.388,1
3,906077,37,rpm,636,353,36.5,36.5,3893,500,0,400,0.388,1
3,906097,37,rpm,544,353,36.5,36.5,3893,500,0,400,0.388,1
3,906118,37,rpm,436,353,36.5,36.5,3893,500,0,401,0.389,1
3,906138,37,rpm,358,353,36.5,36.5,3893,500,0,401,0.389,1
3,906159,37,rpm,170,353,36.5,36.5,3893,500,0,401,0.389,1
3,906179,37,rpm,22,353,36.5,36.5,3893,500,0,401,0.389,1
3,906200,37,rpm,11,353,36.5,36.5,3893,500,0,401,0.389,1
3,906220,37,rpm,17,353,36.5,36.5,3893,500,0,401,0.389,1
3,906241,37,rpm,90,353,36.5,36.5,3893,500,0,401,0.389,1
3,906262,37,rpm,382,353,36.5,36.5,3893,500,0,401,0.389,1
3,906282,37,rpm,629,353,36.5,36.5,3893,500,0,401,0.389,1
3,906303,37,rpm,793,353,36.5,36.5,3893,500,0,402,0.39,1
3,906323,37,rpm,736,353,36.5,36.5,3893,500,0,402,0.39,1
3,906344,37,rpm,637,353,36.5,36.5,3893,500,0,402,0.39,1
3,906365,37,rpm,487,353,36.5,36.5,3893,500,0,402,0.39,1
3,906385,37,rpm,339,353,36.5,36.5,3893,500,0,402,0.39,1
3,906406,37,rpm,283,353,36.5,36.5,3893,500,0,402,0.39,1
3,906426,37,rpm,117,353,36.5,36.5,3893,500,0,402,0.39,1
3,906447,37,rpm,19,353,36.5,36.5,3893,500,0,402,0.39,1
3,906467,37,rpm,10,353,36.5,36.5,3893,500,0,403,0.391,1
3,906488,37,rpm,18,353,36.5,36.5,3893,500,0,403,0.391,1
3,906509,37,rpm,108,353,36.5,36.5,3893,500,0,403,0.391,1
3,906529,37,rpm,403,353,36.5,36.5,3893,500,0,403,0.391,1
3,906550,37,rpm,631,353,36.5,36.5,3893,500,0,403,0.391,1
3,906570,37,rpm,749,353,36.5,36.5,3893,500,0,403,0.391,1
3,906591,37,rpm,679,353,36.5,36.5,3893,500,0,403,0.391,1
3,906611,37,rpm,589,353,36.5,36.5,3893,500,0,403,0.391,1
3,906632,37,rpm,422,353,36.5,36.5,3893,500,0,404,0.391,1
3,906653,37,rpm,317,353,36.5,36.5,3893,500,0,404,0.392,1
3,906673,37,rpm,257,353,36.5,36.5,3893,500,0,404,0.392,1
3,906694,37,rpm,33,353,36.5,36.5,3893,500,0,404,0.392,1
3,906714,37,rpm,13,353,36.5,36.5,3893,500,0,404,0.392,1
3,906735,37,rpm,12,353,36.5,36.5,3893,500,0,404,0.392,1
3,906756,37,rpm,48,353,36.5,36.5,3893,500,0,404,0.392,1
3,906776,37,rpm,280,353,36.5,36.5,3893,500,0,404,0.392,1
3,906797,37,rpm,641,353,36.5,36.5,3893,500,0,405,0.392,1
3,906817,37,rpm,806,353,36.5,36.5,3893,500,0,405,0.393,1
3,906838,37,rpm,764,353,36.5,36.5,3893,500,0,405,0.393,1
3,906858,37,rpm,670,353,36.5,36.5,3893,500,0,405,0.393,1
3,906879,37,rpm,489,353,36.5,36.5,3893,500,0,405,0.393,1
3,906900,37,rpm,347,353,36.5,36.5,3893,500,0,405,0.393,1
3,906920,37,rpm,254,353,36.5,36.5,3893,500,0,405,0.393,1
3,906941,37,rpm,122,353,36.5,36.5,3893,500,0,405,0.393,1
3,906961,37,rpm,20,353,36.5,36.5,3893,500,0,405,0.393,1
3,906982,37,rpm,10,353,36.5,36.5,3893,500,0,406,0.393,1
3,907003,37,rpm,17,353,36.5,36.5,3893,500,0,406,0.394,1
3,907023,37,rpm,114,353,36.5,36.5,3893,500,0,406,0.394,1
3,907044,37,rpm,494,353,36.5,36.5,3893,500,0,406,0.394,1
3,907064,37,rpm,622,353,36.5,36.5,3893,500,0,406,0.394,1
3,907085,37,rpm,718,353,36.5,36.5,3893,500,0,406,0.394,1
3,907105,37,rpm,715,353,36.5,36.5,3893,500,0,406,0.394,1
3,907126,37,rpm,582,353,36.5,36.5,3893,500,0,406,0.394,1
3,907147,37,rpm,453,353,36.5,36.5,3893,500,0,407,0.394,1
3,907167,37,rpm,350,353,36.5,36.5,3893,500,0,407,0.395,1
3,907188,37,rpm,227,353,36.5,36.5,3893,500,0,407,0.395,1
3,907208,37,rpm,25,353,36.5,36.5,3893,500,0,407,0.395,1
3,907229,37,rpm,13,353,36.5,36.5,3893,500,0,407,0.395,1
3,907249,37,rpm,15,353,36.5,36.5,3893,500,0,407,0.395,1
3,907270,37,rpm,78,353,36.5,36.5,3893,500,0,407,0.395,1
3,907290,37,rpm,435,353,36.5,36.5,3893,500,0,407,0.395,1
3,907311,37,rpm,631,353,36.5,36.5,3893,500,0,408,0.395,1
3,907332,37,rpm,709,353,36.5,36.5,3893,500,0,408,0.395,1
3,907352,37,rpm,686,353,36.5,36.5,3893,500,0,408,0.396,1
3,907373,37,rpm,644,353,36.5,36.5,3893,500,0,408,0.396,1
3,907393,37,rpm,522,353,36.5,36.5,3893,500,0,408,0.396,1
3,907414,37,rpm,421,353,36.5,36.5,3893,500,0,408,0.396,1
3,907435,37,rpm,335,353,36.5,36.5,3893,500,0,408,0.396,1
3,907455,37,rpm,84,353,36.5,36.5,3893,500,0,408,0.396,1
3,907476,37,rpm,15,353,36.5,36.5,3893,500,0,409,0.396,1
3,907496,37,rpm,12,353,36.5,36.5,3893,500,0,409,0.396,1
3,907517,37,rpm,33,353,36.5,36.5,3893,500,0,409,0.397,1
3,907537,37,rpm,228,353,36.5,36.5,3893,500,0,409,0.397,1
3,907558,37,rpm,561,353,36.5,36.5,3893,500,0,409,0.397,1
3,907578,37,rpm,657,353,36.5,36.5,3893,500,0,409,0.397,1
3,907599,37,rpm,670,353,36.5,36.5,3893,500,0,409,0.397,1
3,907620,37,rpm,638,353,36.5,36.5,3893,500,0,409,0.397,1
3,907640,37,rpm,546,353,36.5,36.5,3893,500,0,409,0.397,1
3,907661,37,rpm,436,353,36.5,36.5,3893,500,0,410,0.397,1
3,907681,37,rpm,358,353,36.5,36.5,3893,500,0,410,0.397,1
3,907702,37,rpm,168,353,36.5,36.5,3893,500,0,410,0.398,1
3,907722,37,rpm,22,353,36.5,36.5,3893,500,0,410,0.398,1
3,907743,37,rpm,11,353,36.5,36.5,3893,500,0,410,0.398,1
3,907764,37,rpm,16,353,36.5,36.5,3893,500,0,410,0.398,1
3,907784,37,rpm,89,353,36.5,36.5,3893,500,0,410,0.398,1
3,907805,37,rpm,384,353,36.5,36.5,3893,500,0,410,0.398,1
3,907825,37,rpm,632,353,36.5,36.5,3893,500,0,411,0.398,1
3,907846,37,rpm,806,353,36.5,36.5,3893,500,0,411,0.398,1
3,907867,37,rpm,737,353,36.5,36.5,3893,500,0,411,0.399,1
3,907887,37,rpm,644,353,36.5,36.5,3893,500,0,411,0.399,1
3,907908,37,rpm,485,353,36.5,36.5,3893,500,0,411,0.399,1
3,907928,37,rpm,334,353,36.5,36.5,3893,500,0,411,0.399,1
3,907949,37,rpm,272,353,36.5,36.5,3893,500,0,411,0.399,1
3,907969,37,rpm,114,353,36.5,36.5,3893,500,0,411,0.399,1
3,907990,37,rpm,18,353,36.5,36.5,3893,500,0,412,0.399,1
3,908010,37,rpm,10,353,36.5,36.5,3893,500,0,412,0.399,1
3,908031,37,rpm,18,353,36.5,36.5,3893,500,0,412,0.399,1
3,908051,37,rpm,110,353,36.5,36.5,3893,500,0,412,0.4,1
3,908072,37,rpm,409,353,36.5,36.5,3893,500,0,412,0.4,1
3,908093,37,rpm,672,353,36.5,36.5,3893,500,0,412,0.4,1
3,908113,37,rpm,768,353,36.5,36.5,3893,500,0,412,0.4,1
3,908134,37,rpm,690,353,36.5,36.5,3893,500,0,412,0.4,1
3,908154,37,rpm,586,353,36.5,36.5,3893,500,0,413,0.4,1
3,908175,37,rpm,418,353,36.5,36.5,3893,500,0,413,0.4,1
3,908195,37,rpm,302,353,36.5,36.5,3893,500,0,413,0.4,1
3,908216,37,rpm,257,353,36.5,36.5,3893,500,0,413,0.4,1
3,908236,37,rpm,42,353,36.5,36.5,3893,500,0,413,0.401,1
3,908257,37,rpm,13,353,36.5,36.5,3893,500,0,413,0.401,1
3,908277,37,rpm,11,353,36.5,36.5,3893,500,0,413,0.401,1
3,908298,37,rpm,38,353,36.5,36.5,3893,500,0,413,0.401,1
3,908319,37,rpm,236,353,36.5,36.5,3893,500,0,413,0.401,1
3,908339,37,rpm,606,353,36.5,36.5,3893,500,0,414,0.401,1
3,908360,37,rpm,785,353,36.5,36.5,3893,500,0,414,0.401,1
3,908380,37,rpm,766,353,36.5,36.5,3893,500,0,414,0.401,1
3,908401,37,rpm,678,353,36.5,36.5,3893,500,0,414,0.402,1
3,908421,37,rpm,496,353,36.5,36.5,3893,500,0,414,0.402,1
3,908442,37,rpm,350,353,36.5,36.5,3893,500,0,414,0.402,1
3,908463,37,rpm,257,353,36.5,36.5,3893,500,0,414,0.402,1
3,908483,37,rpm,125,353,36.5,36.5,3893,500,0,414,0.402,1
3,908504,37,rpm,20,353,36.5,36.5,3893,500,0,415,0.402,1
3,908524,37,rpm,10,353,36.5,36.5,3893,500,0,415,0.402,1
3,908545,37,rpm,16,353,36.5,36.5,3893,500,0,415,0.402,1
3,908565,37,rpm,106,353,36.5,36.5,3893,500,0,415,0.402,1
3,908586,37,rpm,480,353,36.5,36.5,3893,500,0,415,0.403,1
3,908606,37,rpm,623,353,36.5,36.5,3893,500,0,415,0.403,1
3,908627,37,rpm,702,353,36.5,36.5,3893,500,0,415,0.403,1
3,908648,37,rpm,716,353,36.5,36.5,3893,500,0,415,0.403,1
3,908668,37,rpm,593,353,36.5,36.5,3893,500,0,416,0.403,1
3,908689,37,rpm,466,353,36.5,36.5,3893,500,0,416,0.403,1
3,908709,37,rpm,362,353,36.5,36.5,3893,500,0,416,0.403,1
3,908730,37,rpm,240,353,36.5,36.5,3893,500,0,416,0.403,1
3,908750,37,rpm,26,353,36.5,36.5,3893,500,0,416,0.404,1
3,908771,37,rpm,13,353,36.5,36.5,3893,500,0,416,0.404,1
3,908791,37,rpm,14,353,36.5,36.5,3893,500,0,416,0.404,1
3,908812,37,rpm,67,353,36.5,36.5,3893,500,0,416,0.404,1
3,908833,37,rpm,412,353,36.5,36.5,3893,500,0,417,0.404,1
3,908853,37,rpm,638,353,36.5,36.5,3893,500,0,417,0.404,1
3,908874,37,rpm,716,353,36.5,36.5,3893,500,0,417,0.404,1
3,908895,37,rpm,694,353,36.5,36.5,3893,500,0,417,0.404,1
3,908915,37,rpm,651,353,36.5,36.5,3893,500,0,417,0.404,1
3,908936,37,rpm,529,353,36.5,36.5,3893,500,0,417,0.405,1
3,908956,37,rpm,426,353,36.5,36.5,3893,500,0,417,0.405,1
3,908977,37,rpm,336,353,36.5,36.5,3893,500,0,417,0.405,1
3,908997,37,rpm,96,353,36.5,36.5,3893,500,0,417,0.405,1
3,909018,37,rpm,16,353,36.5,36.5,3893,500,0,418,0.405,1
3,909039,37,rpm,12,353,36.5,36.5,3893,500,0,418,0.405,1
3,909059,37,rpm,30,353,36.5,36.5,3893,500,0,418,0.405,1
3,909080,37,rpm,214,353,36.5,36.5,3893,500,0,418,0.405,1
3,909100,37,rpm,552,353,36.5,36.5,3893,500,0,418,0.406,1
3,909121,37,rpm,653,353,36.5,36.5,3893,500,0,418,0.406,1
3,909141,37,rpm,673,353,36.5,36.5,3893,500,0,418,0.406,1
3,909162,37,rpm,629,353,36.5,36.5,3893,500,0,418,0.406,1
3,909182,37,rpm,550,353,36.5,36.5,3893,500,0,419,0.406,1
3,909203,37,rpm,441,353,36.5,36.5,3893,500,0,419,0.406,1
3,909224,37,rpm,364,353,36.5,36.5,3893,500,0,419,0.406,1
3,909244,37,rpm,175,353,36.5,36.5,3893,500,0,419,0.406,1
3,909265,37,rpm,22,353,36.5,36.5,3893,500,0,419,0.406,1
3,909286,37,rpm,11,353,36.5,36.5,3893,500,0,419,0.407,1
3,909306,37,rpm,17,353,36.5,36.5,3893,500,0,419,0.407,1
3,909327,37,rpm,88,353,36.5,36.5,3893,500,0,419,0.407,1
3,909347,37,rpm,378,353,36.5,36.5,3893,500,0,420,0.407,1
3,909368,37,rpm,605,353,36.5,36.5,3893,500,0,420,0.407,1
3,909389,37,rpm,785,353,36.5,36.5,3893,500,0,420,0.407,1
3,909409,37,rpm,738,353,36.5,36.5,3893,500,0,420,0.407,1
3,909430,37,rpm,646,353,36.5,36.5,3893,500,0,420,0.407,1
3,909450,37,rpm,487,353,36.5,36.5,3893,500,0,420,0.408,1
3,909471,37,rpm,336,353,36.5,36.5,3893,500,0,420,0.408,1
3,909492,37,rpm,288,353,36.5,36.5,3893,500,0,420,0.408,1
3,909512,37,rpm,116,353,36.5,36.5,3893,500,0,421,0.408,1
3,909533,37,rpm,18,353,36.5,36.5,3893,500,0,421,0.408,1
3,909553,37,rpm,10,353,36.5,36.5,3893,500,0,421,0.408,1
3,909574,37,rpm,18,353,36.5,36.5,3893,500,0,421,0.408,1
3,909594,37,rpm,108,353,36.5,36.5,3893,500,0,421,0.408,1
3,909615,37,rpm,401,353,36.5,36.5,3893,500,0,421,0.408,1
3,909636,37,rpm,614,353,36.5,36.5,3893,500,0,421,0.409,1
3,909656,37,rpm,746,353,36.5,36.5,3893,500,0,421,0.409,1
3,909677,37,rpm,694,353,36.5,36.5,3893,500,0,421,0.409,1
3,909697,37,rpm,588,353,36.5,36.5,3893,500,0,422,0.409,1
3,909718,37,rpm,430,353,36.5,36.5,3893,500,0,422,0.409,1
3,909739,37,rpm,325,353,36.5,36.5,3893,500,0,422,0.409,1
3,909759,37,rpm,263,353,36.5,36.5,3893,500,0,422,0.409,1
3,909780,37,rpm,33,353,36.5,36.5,3893,500,0,422,0.409,1
3,909800,37,rpm,13,353,36.5,36.5,3893,500,0,422,0.41,1
3,909821,37,rpm,12,353,36.5,36.5,3893,500,0,422,0.41,1
3,909842,37,rpm,47,353,36.5,36.5,3893,500,0,422,0.41,1
3,909862,37,rpm,274,353,36.5,36.5,3893,500,0,423,0.41,1
3,909883,37,rpm,636,353,36.5,36.5,3893,500,0,423,0.41,1
3,909903,37,rpm,804,353,36.5,36.5,3893,500,0,423,0.41,1
3,909924,37,rpm,767,353,36.5,36.5,3893,500,0,423,0.41,1
3,909944,37,rpm,671,353,36.5,36.5,3893,500,0,423,0.41,1
3,909965,37,rpm,491,353,36.5,36.5,3893,500,0,423,0.41,1
3,909986,37,rpm,343,353,36.5,36.5,3893,500,0,423,0.411,1
3,910006,37,rpm,252,353,36.5,36.5,3893,500,0,423,0.411,1
3,910027,37,rpm,121,353,36.5,36.5,3893,500,0,424,0.411,1
3,910047,37,rpm,20,353,36.5,36.5,3893,500,0,424,0.411,1
3,910068,37,rpm,10,353,36.5,36.5,3893,500,0,424,0.411,1
3,910088,37,rpm,16,353,36.5,36.5,3893,500,0,424,0.411,1
3,910109,37,rpm,111,353,36.5,36.5,3893,500,0,424,0.411,1
3,910130,37,rpm,485,353,36.5,36.5,3893,500,0,424,0.411,1
3,910150,37,rpm,623,353,36.5,36.5,3893,500,0,424,0.412,1
3,910171,37,rpm,708,353,36.5,36.5,3893,500,0,424,0.412,1
3,910191,37,rpm,719,353,36.5,36.5,3893,500,0,424,0.412,1
3,910212,37,rpm,583,353,36.5,36.5,3893,500,0,425,0.412,1
3,910232,37,rpm,458,353,36.5,36.5,3893,500,0,425,0.412,1
3,910253,37,rpm,361,353,36.5,36.5,3893,500,0,425,0.412,1
3,910274,37,rpm,229,353,36.5,36.5,3893,500,0,425,0.412,1
3,910294,37,rpm,25,353,36.5,36.5,3893,500,0,425,0.412,1
3,910315,37,rpm,13,353,36.5,36.5,3893,500,0,425,0.412,1
3,910335,37,rpm,15,353,36.5,36.5,3893,500,0,425,0.413,1
3,910356,37,rpm,77,353,36.5,36.5,3893,500,0,425,0.413,1
3,910376,37,rpm,431,353,36.5,36.5,3893,500,0,426,0.413,1
3,910397,37,rpm,629,353,36.5,36.5,3893,500,0,426,0.413,1
3,910418,37,rpm,707,353,36.5,36.5,3893,500,0,426,0.413,1
3,910438,37,rpm,688,353,36.5,36.5,3893,500,0,426,0.413,1
3,910459,37,rpm,650,353,36.5,36.5,3893,500,0,426,0.413,1
3,910479,37,rpm,524,353,36.5,36.5,3893,500,0,426,0.413,1
3,910500,37,rpm,423,353,36.5,36.5,3893,500,0,426,0.414,1
3,910520,37,rpm,333,353,36.5,36.5,3893,500,0,426,0.414,1
3,910541,37,rpm,81,353,36.5,36.5,3893,500,0,427,0.414,1
3,910562,37,rpm,15,353,36.5,36.5,3893,500,0,427,0.414,1
3,910582,37,rpm,12,353,36.5,36.5,3893,500,0,427,0.414,1
3,910603,37,rpm,33,353,36.5,36.5,3893,500,0,427,0.414,1
3,910623,37,rpm,224,353,36.5,36.5,3893,500,0,427,0.414,1
3,910644,37,rpm,552,353,36.5,36.5,3893,500,0,427,0.414,1
3,910664,37,rpm,655,353,36.5,36.5,3893,500,0,427,0.414,1
3,910685,37,rpm,673,353,36.5,36.5,3893,500,0,427,0.415,1
3,910705,37,rpm,644,353,36.5,36.5,3893,500,0,428,0.415,1
3,910726,37,rpm,544,353,36.5,36.5,3893,500,0,428,0.415,1
3,910746,37,rpm,440,353,36.5,36.5,3893,500,0,428,0.415,1
3,910767,37,rpm,363,353,36.5,36.5,3893,500,0,428,0.415,1
3,910788,37,rpm,171,353,36.5,36.5,3893,500,0,428,0.415,1
3,910808,37,rpm,22,353,36.5,36.5,3893,500,0,428,0.415,1
3,910829,37,rpm,11,353,36.5,36.5,3893,500,0,428,0.415,1
3,910849,37,rpm,16,353,36.5,36.5,3893,500,0,428,0.416,1
3,910870,37,rpm,85,353,36.5,36.5,3893,500,0,428,0.416,1
3,910890,37,rpm,376,353,36.5,36.5,3893,500,0,429,0.416,1
3,910911,37,rpm,655,353,36.5,36.5,3893,500,0,429,0.416,1
3,910932,37,rpm,808,353,36.5,36.5,3893,500,0,429,0.416,1
3,910952,37,rpm,741,353,36.5,36.5,3893,500,0,429,0.416,1
3,910973,37,rpm,637,353,36.5,36.5,3893,500,0,429,0.416,1
3,910993,37,rpm,485,353,36.5,36.5,3893,500,0,429,0.416,1
3,911014,37,rpm,336,353,36.5,36.5,3893,500,0,429,0.416,1
3,911034,37,rpm,270,353,36.5,36.5,3893,500,0,429,0.417,1
3,911055,37,rpm,114,353,36.5,36.5,3893,500,0,430,0.417,1
3,911076,37,rpm,18,353,36.5,36.5,3893,500,0,430,0.417,1
3,911096,37,rpm,10,353,36.5,36.5,3893,500,0,430,0.417,1
3,911117,37,rpm,18,353,36.5,36.5,3893,500,0,430,0.417,1
3,911137,37,rpm,111,353,36.5,36.5,3893,500,0,430,0.417,1
3,911158,37,rpm,411,353,36.5,36.5,3893,500,0,430,0.417,1
3,911178,37,rpm,662,353,36.5,36.5,3893,500,0,430,0.417,1
3,911199,37,rpm,756,353,36.5,36.5,3893,500,0,430,0.418,1
3,911220,37,rpm,686,353,36.5,36.5,3893,500,0,431,0.418,1
3,911240,37,rpm,586,353,36.5,36.5,3893,500,0,431,0.418,1
3,911261,37,rpm,418,353,36.5,36.5,3893,500,0,431,0.418,1
3,911282,37,rpm,303,353,36.5,36.5,3893,500,0,431,0.418,1
3,911302,37,rpm,249,353,36.5,36.5,3893,500,0,431,0.418,1
3,911323,37,rpm,37,353,36.5,36.5,3893,500,0,431,0.418,1
3,911343,37,rpm,13,353,36.5,36.5,3893,500,0,431,0.418,1
3,911364,37,rpm,11,353,36.5,36.5,3893,500,0,431,0.418,1
3,911384,37,rpm,41,353,36.5,36.5,3893,500,0,432,0.419,1
3,911405,37,rpm,253,353,36.5,36.5,3893,500,0,432,0.419,1
3,911425,37,rpm,616,353,36.5,36.5,3893,500,0,432,0.419,1
3,911446,37,rpm,795,353,36.5,36.5,3893,500,0,432,0.419,1
3,911467,37,rpm,765,353,36.5,36.5,3893,500,0,432,0.419,1
3,911487,37,rpm,670,353,36.5,36.5,3893,500,0,432,0.419,1
3,911508,37,rpm,494,353,36.5,36.5,3893,500,0,432,0.419,1
3,911528,37,rpm,347,353,36.5,36.5,3893,500,0,432,0.419,1
3,911549,37,rpm,255,353,36.5,36.5,3893,500,0,432,0.42,1
3,911569,37,rpm,121,353,36.5,36.5,3893,500,0,433,0.42,1
3,911590,37,rpm,20,353,36.5,36.5,3893,500,0,433,0.42,1
3,911611,37,rpm,10,353,36.5,36.5,3893,500,0,433,0.42,1
3,911631,37,rpm,16,353,36.5,36.5,3893,500,0,433,0.42,1
3,911652,37,rpm,109,353,36.5,36.5,3893,500,0,433,0.42,1
3,911672,37,rpm,497,353,36.5,36.5,3893,500,0,433,0.42,1
3,911693,37,rpm,628,353,36.5,36.5,3893,500,0,433,0.42,1
3,911713,37,rpm,719,353,36.5,36.5,3893,500,0,433,0.42,1
3,911734,37,rpm,722,353,36.5,36.5,3893,500,0,434,0.421,1
3,911755,37,rpm,589,353,36.5,36.5,3893,500,0,434,0.421,1
3,911775,37,rpm,458,353,36.5,36.5,3893,500,0,434,0.421,1
3,911796,37,rpm,349,353,36.5,36.5,3893,500,0,434,0.421,1
3,911816,37,rpm,229,353,36.5,36.5,3893,500,0,434,0.421,1
3,911837,37,rpm,26,353,36.5,36.5,3893,500,0,434,0.421,1
3,911857,37,rpm,13,353,36.5,36.5,3893,500,0,434,0.421,1
3,911878,37,rpm,14,353,36.5,36.5,3893,500,0,434,0.421,1
3,911898,37,rpm,68,353,36.5,36.5,3893,500,0,435,0.421,1
3,911919,37,rpm,417,353,36.5,36.5,3893,500,0,435,0.422,1
3,911940,37,rpm,634,353,36.5,36.5,3893,500,0,435,0.422,1
3,911960,37,rpm,711,353,36.5,36.5,3893,500,0,435,0.422,1
3,911981,37,rpm,692,353,36.5,36.5,3893,500,0,435,0.422,1
3,912001,37,rpm,651,353,36.5,36.5,3893,500,0,435,0.422,1
3,912022,37,rpm,528,353,36.5,36.5,3893,500,0,435,0.422,1
3,912042,37,rpm,426,353,36.5,36.5,3893,500,0,435,0.422,1
3,912063,37,rpm,337,353,36.5,36.5,3893,500,0,435,0.422,1
3,912083,37,rpm,95,353,36.5,36.5,3893,500,0,436,0.423,1
3,912104,37,rpm,16,353,36.5,36.5,3893,500,0,436,0.423,1
3,912125,37,rpm,12,353,36.5,36.5,3893,500,0,436,0.423,1
3,912145,37,rpm,30,353,36.5,36.5,3893,500,0,436,0.423,1
3,912166,37,rpm,212,353,36.5,36.5,3893,500,0,436,0.423,1
3,912186,37,rpm,555,353,36.5,36.5,3893,500,0,436,0.423,1
3,912207,37,rpm,655,353,36.5,36.5,3893,500,0,436,0.423,1
3,912227,37,rpm,673,353,36.5,36.5,3893,500,0,436,0.423,1
3,912248,37,rpm,627,353,36.5,36.5,3893,500,0,437,0.423,1
3,912269,37,rpm,551,353,36.5,36.5,3893,500,0,437,0.424,1
3,912289,37,rpm,440,353,36.5,36.5,3893,500,0,437,0.424,1
3,912310,37,rpm,360,353,36.5,36.5,3893,500,0,437,0.424,1
3,912330,37,rpm,173,353,36.5,36.5,3893,500,0,437,0.424,1
3,912351,37,rpm,22,353,36.5,36.5,3893,500,0,437,0.424,1
3,912372,37,rpm,11,353,36.5,36.5,3893,500,0,437,0.424,1
3,912392,37,rpm,16,353,36.5,36.5,3893,500,0,437,0.424,1
3,912413,37,rpm,88,353,36.5,36.5,3893,500,0,438,0.424,1
3,912433,37,rpm,376,353,36.5,36.5,3893,500,0,438,0.425,1
3,912454,37,rpm,602,353,36.5,36.5,3893,500,0,438,0.425,1
3,912474,37,rpm,783,353,36.5,36.5,3893,500,0,438,0.425,1
3,912495,37,rpm,734,353,36.5,36.5,3893,500,0,438,0.425,1
3,912515,37,rpm,651,353,36.5,36.5,3893,500,0,438,0.425,1
3,912536,37,rpm,493,353,36.5,36.5,3893,500,0,438,0.425,1
3,912557,37,rpm,339,353,36.5,36.5,3893,500,0,438,0.425,1
3,912577,37,rpm,288,353,36.5,36.5,3893,500,0,439,0.425,1
3,912598,37,rpm,116,353,36.5,36.5,3893,500,0,439,0.425,1
3,912618,37,rpm,18,353,36.5,36.5,3893,500,0,439,0.426,1
3,912639,37,rpm,10,353,36.5,36.5,3893,500,0,439,0.426,1
3,912659,37,rpm,17,353,36.5,36.5,3893,500,0,439,0.426,1
3,912680,37,rpm,106,353,36.5,36.5,3893,500,0,439,0.426,1
3,912701,37,rpm,400,353,36.5,36.5,3893,500,0,439,0.426,1
3,912721,37,rpm,619,353,36.5,36.5,3893,500,0,439,0.426,1
3,912742,37,rpm,766,353,36.5,36.5,3893,500,0,439,0.426,1
3,912762,37,rpm,698,353,36.5,36.5,3893,500,0,440,0.426,1
3,912783,37,rpm,595,353,36.5,36.5,3893,500,0,440,0.427,1
3,912804,37,rpm,436,353,36.5,36.5,3893,500,0,440,0.427,1
3,912824,37,rpm,324,353,36.5,36.5,3893,500,0,440,0.427,1
3,912845,37,rpm,267,353,36.5,36.5,3893,500,0,440,0.427,1
3,912865,37,rpm,38,353,36.5,36.5,3893,500,0,440,0.427,1
3,912886,37,rpm,13,353,36.5,36.5,3893,500,0,440,0.427,1
3,912906,37,rpm,11,353,36.5,36.5,3893,500,0,440,0.427,1
3,912927,37,rpm,40,353,36.5,36.5,3893,500,0,441,0.427,1
3,912948,37,rpm,253,353,36.5,36.5,3893,500,0,441,0.427,1
3,912968,37,rpm,616,353,36.5,36.5,3893,500,0,441,0.428,1
3,912989,37,rpm,788,353,36.5,36.5,3893,500,0,441,0.428,1
3,913009,37,rpm,758,353,36.5,36.5,3893,500,0,441,0.428,1
3,913030,37,rpm,666,353,36.5,36.5,3893,500,0,441,0.428,1
3,913050,37,rpm,494,353,36.5,36.5,3893,500,0,441,0.428,1
3,913071,37,rpm,349,353,36.5,36.5,3893,500,0,441,0.428,1
3,913091,37,rpm,256,353,36.5,36.5,3893,500,0,442,0.428,1
3,913112,37,rpm,127,353,36.5,36.5,3893,500,0,442,0.428,1
3,913133,37,rpm,20,353,36.5,36.5,3893,500,0,442,0.429,1
3,913153,37,rpm,10,353,36.5,36.5,3893,500,0,442,0.429,1
3,913174,37,rpm,16,353,36.5,36.5,3893,500,0,442,0.429,1
3,913194,37,rpm,108,353,36.5,36.5,3893,500,0,442,0.429,1
3,913215,37,rpm,485,353,36.5,36.5,3893,500,0,442,0.429,1
3,913235,37,rpm,625,353,36.5,36.5,3893,500,0,442,0.429,1
3,913256,37,rpm,705,353,36.5,36.5,3893,500,0,443,0.429,1
3,913277,37,rpm,716,353,36.5,36.5,3893,500,0,443,0.429,1
3,913297,37,rpm,586,353,36.5,36.5,3893,500,0,443,0.429,1
3,913318,37,rpm,459,353,36.5,36.5,3893,500,0,443,0.43,1
3,913338,37,rpm,366,353,36.5,36.5,3893,500,0,443,0.43,1
3,913359,37,rpm,241,353,36.5,36.5,3893,500,0,443,0.43,1
3,913379,37,rpm,26,353,36.5,36.5,3893,500,0,443,0.43,1
3,913400,37,rpm,13,353,36.5,36.5,3893,500,0,443,0.43,1
3,913421,37,rpm,14,353,36.5,36.5,3893,500,0,443,0.43,1
3,913441,37,rpm,70,353,36.5,36.5,3893,500,0,444,0.43,1
3,913462,37,rpm,414,353,36.5,36.5,3893,500,0,444,0.43,1
3,913482,37,rpm,633,353,36.5,36.5,3893,500,0,444,0.431,1
3,913503,37,rpm,713,353,36.5,36.5,3893,500,0,444,0.431,1
3,913523,37,rpm,690,353,36.5,36.5,3893,500,0,444,0.431,1
3,913544,37,rpm,651,353,36.5,36.5,3893,500,0,444,0.431,1
3,913565,37,rpm,530,353,36.5,36.5,3893,500,0,444,0.431,1
3,913585,37,rpm,429,353,36.5,36.5,3893,500,0,444,0.431,1
3,913606,37,rpm,337,353,36.5,36.5,3893,500,0,445,0.431,1
3,913626,37,rpm,92,353,36.5,36.5,3893,500,0,445,0.431,1
3,913647,37,rpm,16,353,36.5,36.5,3893,500,0,445,0.431,1
3,913667,37,rpm,12,353,36.5,36.5,3893,500,0,445,0.432,1
3,913688,37,rpm,31,353,36.5,36.5,3893,500,0,445,0.432,1
3,913708,37,rpm,213,353,36.5,36.5,3893,500,0,445,0.432,1
3,913729,37,rpm,548,353,36.5,36.5,3893,500,0,445,0.432,1
3,913749,37,rpm,649,353,36.5,36.5,3893,500,0,445,0.432,1
3,913770,37,rpm,676,353,36.5,36.5,3893,500,0,446,0.432,1
3,913791,37,rpm,643,353,36.5,36.5,3893,500,0,446,0.432,1
3,913811,37,rpm,549,353,36.5,36.5,3893,500,0,446,0.432,1
3,913832,37,rpm,441,353,36.5,36.5,3893,500,0,446,0.433,1
3,913852,37,rpm,362,353,36.5,36.5,3893,500,0,446,0.433,1
3,913873,37,rpm,180,353,36.5,36.5,3893,500,0,446,0.433,1
3,913893,37,rpm,22,353,36.5,36.5,3893,500,0,446,0.433,1
3,913914,37,rpm,11,353,36.5,36.5,3893,500,0,446,0.433,1
3,913934,37,rpm,16,353,36.5,36.5,3893,500,0,446,0.433,1
3,913955,37,rpm,81,353,36.5,36.5,3893,500,0,447,0.433,1
3,913975,37,rpm,365,353,36.5,36.5,3893,500,0,447,0.433,1
3,913996,37,rpm,637,353,36.5,36.5,3893,500,0,447,0.433,1
3,914017,37,rpm,799,353,36.5,36.5,3893,500,0,447,0.434,1
3,914037,37,rpm,742,353,36.5,36.5,3893,500,0,447,0.434,1
3,914058,37,rpm,641,353,36.5,36.5,3893,500,0,447,0.434,1
3,914078,37,rpm,492,353,36.5,36.5,3893,500,0,447,0.434,1
3,914099,37,rpm,343,353,36.5,36.5,3893,500,0,447,0.434,1
3,914119,37,rpm,277,353,36.5,36.5,3893,500,0,448,0.434,1
3,914140,37,rpm,125,353,36.5,36.5,3893,500,0,448,0.434,1
3,914161,37,rpm,19,353,36.5,36.5,3893,500,0,448,0.434,1
3,914181,37,rpm,10,353,36.5,36.5,3893,500,0,448,0.435,1
3,914202,37,rpm,17,353,36.5,36.5,3893,500,0,448,0.435,1
3,914222,37,rpm,100,353,36.5,36.5,3893,500,0,448,0.435,1
3,914243,37,rpm,391,353,36.5,36.5,3893,500,0,448,0.435,1
3,914263,37,rpm,635,353,36.5,36.5,3893,500,0,448,0.435,1
3,914284,37,rpm,751,353,36.5,36.5,3893,500,0,449,0.435,1
3,914305,37,rpm,688,353,36.5,36.5,3893,500,0,449,0.435,1
3,914325,37,rpm,595,353,36.5,36.5,3893,500,0,449,0.435,1
3,914346,37,rpm,425,353,36.5,36.5,3893,500,0,449,0.435,1
3,914366,37,rpm,310,353,36.5,36.5,3893,500,0,449,0.436,1
3,914387,37,rpm,262,353,36.5,36.5,3893,500,0,449,0.436,1
3,914407,37,rpm,41,353,36.5,36.5,3893,500,0,449,0.436,1
3,914428,37,rpm,13,353,36.5,36.5,3893,500,0,449,0.436,1
3,914448,37,rpm,11,353,36.5,36.5,3893,500,0,450,0.436,1
3,914469,37,rpm,38,353,36.5,36.5,3893,500,0,450,0.436,1
3,914490,37,rpm,246,353,36.5,36.5,3893,500,0,450,0.436,1
3,914510,37,rpm,613,353,36.5,36.5,3893,500,0,450,0.436,1
3,914531,37,rpm,801,353,36.5,36.5,3893,500,0,450,0.436,1
3,914551,37,rpm,774,353,36.5,36.5,3893,500,0,450,0.437,1
3,914572,37,rpm,676,353,36.5,36.5,3893,500,0,450,0.437,1
3,914592,37,rpm,501,353,36.5,36.5,3893,500,0,450,0.437,1
3,914613,37,rpm,356,353,36.5,36.5,3893,500,0,450,0.437,1
3,914633,37,rpm,257,353,36.5,36.5,3893,500,0,451,0.437,1
3,914654,37,rpm,134,353,36.5,36.5,3893,500,0,451,0.437,1
3,914675,37,rpm,21,353,36.5,36.5,3893,500,0,451,0.437,1
3,914695,37,rpm,10,353,36.5,36.5,3893,500,0,451,0.437,1
3,914716,37,rpm,15,353,36.5,36.5,3893,500,0,451,0.438,1
3,914736,37,rpm,97,353,36.5,36.5,3893,500,0,451,0.438,1
3,914757,37,rpm,473,353,36.5,36.5,3893,500,0,451,0.438,1
3,914777,37,rpm,622,353,36.5,36.5,3893,500,0,451,0.438,1
3,914798,37,rpm,728,353,36.5,36.5,3893,500,0,452,0.438,1
3,914819,37,rpm,728,353,36.5,36.5,3893,500,0,452,0.438,1
3,914839,37,rpm,595,353,36.5,36.5,3893,500,0,452,0.438,1
3,914860,37,rpm,458,353,36.5,36.5,3893,500,0,452,0.438,1
3,914880,37,rpm,349,353,36.5,36.5,3893,500,0,452,0.438,1
3,914901,37,rpm,244,353,36.5,36.5,3893,500,0,452,0.439,1
3,914922,37,rpm,28,353,36.5,36.5,3893,500,0,452,0.439,1
3,914942,37,rpm,13,353,36.5,36.5,3893,500,0,452,0.439,1
3,914963,37,rpm,14,353,36.5,36.5,3893,500,0,453,0.439,1
3,914983,37,rpm,65,353,36.5,36.5,3893,500,0,453,0.439,1
3,915004,37,rpm,404,353,36.5,36.5,3893,500,0,453,0.439,1
3,915024,37,rpm,627,353,36.5,36.5,3893,500,0,453,0.439,1
3,915045,37,rpm,709,353,36.5,36.5,3893,500,0,453,0.439,1
3,915066,37,rpm,692,353,36.5,36.5,3893,500,0,453,0.44,1
3,915086,37,rpm,653,353,36.5,36.5,3893,500,0,453,0.44,1
3,915107,37,rpm,533,353,36.5,36.5,3893,500,0,453,0.44,1
3,915127,37,rpm,431,353,36.5,36.5,3893,500,0,453,0.44,1
3,915148,37,rpm,341,353,36.5,36.5,3893,500,0,454,0.44,1
3,915168,37,rpm,105,353,36.5,36.5,3893,500,0,454,0.44,1
3,915189,37,rpm,17,353,36.5,36.5,3893,500,0,454,0.44,1
3,915209,37,rpm,11,353,36.5,36.5,3893,500,0,454,0.44,1
3,915230,37,rpm,28,353,36.5,36.5,3893,500,0,454,0.44,1
3,915251,37,rpm,191,353,36.5,36.5,3893,500,0,454,0.441,1
3,915271,37,rpm,542,353,36.5,36.5,3893,500,0,454,0.441,1
3,915292,37,rpm,648,353,36.5,36.5,3893,500,0,454,0.441,1
3,915312,37,rpm,673,353,36.5,36.5,3893,500,0,455,0.441,1
3,915333,37,rpm,632,353,36.5,36.5,3893,500,0,455,0.441,1
3,915353,37,rpm,555,353,36.5,36.5,3893,500,0,455,0.441,1
3,915374,37,rpm,446,353,36.5,36.5,3893,500,0,455,0.441,1
3,915394,37,rpm,366,353,36.5,36.5,3893,500,0,455,0.441,1
3,915415,37,rpm,189,353,36.5,36.5,3893,500,0,455,0.442,1
3,915436,37,rpm,23,353,36.5,36.5,3893,500,0,455,0.442,1
3,915456,37,rpm,12,353,36.5,36.5,3893,500,0,455,0.442,1
3,915477,37,rpm,15,353,36.5,36.5,3893,500,0,456,0.442,1
3,915497,37,rpm,76,353,36.5,36.5,3893,500,0,456,0.442,1
3,915518,37,rpm,352,353,36.5,36.5,3893,500,0,456,0.442,1
3,915539,37,rpm,602,353,36.5,36.5,3893,500,0,456,0.442,1
3,915559,37,rpm,790,353,36.5,36.5,3893,500,0,456,0.442,1
3,915580,37,rpm,748,353,36.5,36.5,3893,500,0,456,0.442,1
3,915600,37,rpm,656,353,36.5,36.5,3893,500,0,456,0.443,1
3,915621,37,rpm,500,353,36.5,36.5,3893,500,0,456,0.443,1
3,915642,37,rpm,344,353,36.5,36.5,3893,500,0,457,0.443,1
3,915662,37,rpm,281,353,36.5,36.5,3893,500,0,457,0.443,1
3,915683,37,rpm,129,353,36.5,36.5,3893,500,0,457,0.443,1
3,915703,37,rpm,20,353,36.5,36.5,3893,500,0,457,0.443,1
3,915724,37,rpm,10,353,36.5,36.5,3893,500,0,457,0.443,1
3,915744,37,rpm,16,353,36.5,36.5,3893,500,0,457,0.443,1
3,915765,37,rpm,96,353,36.5,36.5,3893,500,0,457,0.444,1
3,915785,37,rpm,388,353,36.5,36.5,3893,500,0,457,0.444,1
3,915806,37,rpm,631,353,36.5,36.5,3893,500,0,457,0.444,1
3,915827,37,rpm,769,353,36.5,36.5,3893,500,0,458,0.444,1
3,915847,37,rpm,702,353,36.5,36.5,3893,500,0,458,0.444,1
3,915868,37,rpm,604,353,36.5,36.5,3893,500,0,458,0.444,1
3,915888,37,rpm,436,353,36.5,36.5,3893,500,0,458,0.444,1
3,915909,37,rpm,317,353,36.5,36.5,3893,500,0,458,0.444,1
3,915930,37,rpm,263,353,36.5,36.5,3893,500,0,458,0.444,1
3,915950,37,rpm,50,353,36.5,36.5,3893,500,0,458,0.445,1
3,915971,37,rpm,13,353,36.5,36.5,3893,500,0,458,0.445,1
3,915991,37,rpm,11,353,36.5,36.5,3893,500,0,459,0.445,1
3,916012,37,rpm,35,353,36.5,36.5,3893,500,0,459,0.445,1
3,916033,37,rpm,221,353,36.5,36.5,3893,500,0,459,0.445,1
3,916053,37,rpm,588,353,36.5,36.5,3893,500,0,459,0.445,1
3,916074,37,rpm,783,353,36.5,36.5,3893,500,0,459,0.445,1
3,916094,37,rpm,767,353,36.5,36.5,3893,500,0,459,0.445,1
3,916115,37,rpm,679,353,36.5,36.5,3893,500,0,459,0.446,1
3,916135,37,rpm,500,353,36.5,36.5,3893,500,0,459,0.446,1
3,916156,37,rpm,355,353,36.5,36.5,3893,500,0,460,0.446,1
3,916177,37,rpm,257,353,36.5,36.5,3893,500,0,460,0.446,1
3,916197,37,rpm,132,353,36.5,36.5,3893,500,0,460,0.446,1
3,916218,37,rpm,21,353,36.5,36.5,3893,500,0,460,0.446,1
3,916238,37,rpm,11,353,36.5,36.5,3893,500,0,460,0.446,1
3,916259,37,rpm,16,353,36.5,36.5,3893,500,0,460,0.446,1
3,916279,37,rpm,100,353,36.5,36.5,3893,500,0,460,0.446,1
3,916300,37,rpm,468,353,36.5,36.5,3893,500,0,460,0.447,1
3,916321,37,rpm,618,353,36.5,36.5,3893,500,0,461,0.447,1
3,916341,37,rpm,698,353,36.5,36.5,3893,500,0,461,0.447,1
3,916362,37,rpm,715,353,36.5,36.5,3893,500,0,461,0.447,1
3,916382,37,rpm,593,353,36.5,36.5,3893,500,0,461,0.447,1
3,916403,37,rpm,466,353,36.5,36.5,3893,500,0,461,0.447,1
3,916423,37,rpm,369,353,36.5,36.5,3893,500,0,461,0.447,1
3,916444,37,rpm,251,353,36.5,36.5,3893,500,0,461,0.447,1
3,916465,37,rpm,27,353,36.5,36.5,3893,500,0,461,0.448,1
3,916485,37,rpm,13,353,36.5,36.5,3893,500,0,461,0.448,1
3,916506,37,rpm,13,353,36.5,36.5,3893,500,0,462,0.448,1
3,916526,37,rpm,65,353,36.5,36.5,3893,500,0,462,0.448,1
3,916547,37,rpm,404,353,36.5,36.5,3893,500,0,462,0.448,1
3,916567,37,rpm,635,353,36.5,36.5,3893,500,0,462,0.448,1
3,916588,37,rpm,711,353,36.5,36.5,3893,500,0,462,0.448,1
3,916609,37,rpm,694,353,36.5,36.5,3893,500,0,462,0.448,1
3,916629,37,rpm,653,353,36.5,36.5,3893,500,0,462,0.448,1
3,916650,37,rpm,534,353,36.5,36.5,3893,500,0,462,0.449,1
3,916670,37,rpm,431,353,36.5,36.5,3893,500,0,463,0.449,1
3,916691,37,rpm,343,353,36.5,36.5,3893,500,0,463,0.449,1
3,916711,37,rpm,102,353,36.5,36.5,3893,500,0,463,0.449,1
3,916732,37,rpm,17,353,36.5,36.5,3893,500,0,463,0.449,1
3,916752,37,rpm,12,353,36.5,36.5,3893,500,0,463,0.449,1
3,916773,37,rpm,29,353,36.5,36.5,3893,500,0,463,0.449,1
3,916794,37,rpm,197,353,36.5,36.5,3893,500,0,463,0.449,1
3,916814,37,rpm,541,353,36.5,36.5,3893,500,0,463,0.45,1
3,916835,37,rpm,644,353,36.5,36.5,3893,500,0,464,0.45,1
3,916855,37,rpm,675,353,36.5,36.5,3893,500,0,464,0.45,1
3,916876,37,rpm,640,353,36.5,36.5,3893,500,0,464,0.45,1
3,916896,37,rpm,551,353,36.5,36.5,3893,500,0,464,0.45,1
3,916917,37,rpm,443,353,36.5,36.5,3893,500,0,464,0.45,1
3,916938,37,rpm,365,353,36.5,36.5,3893,500,0,464,0.45,1
3,916958,37,rpm,190,353,36.5,36.5,3893,500,0,464,0.45,1
3,916979,37,rpm,23,353,36.5,36.5,3893,500,0,464,0.45,1
3,916999,37,rpm,12,353,36.5,36.5,3893,500,0,465,0.451,1
3,917020,37,rpm,16,353,36.5,36.5,3893,500,0,465,0.451,1
3,917040,37,rpm,79,353,36.5,36.5,3893,500,0,465,0.451,1
3,917061,37,rpm,359,353,36.5,36.5,3893,500,0,465,0.451,1
3,917081,37,rpm,613,353,36.5,36.5,3893,500,0,465,0.451,1
3,917102,37,rpm,789,353,36.5,36.5,3893,500,0,465,0.451,1
3,917123,37,rpm,742,353,36.5,36.5,3893,500,0,465,0.451,1
3,917143,37,rpm,649,353,36.5,36.5,3893,500,0,465,0.451,1
3,917164,37,rpm,499,353,36.5,36.5,3893,500,0,465,0.452,1
3,917184,37,rpm,348,353,36.5,36.5,3893,500,0,466,0.452,1
3,917205,37,rpm,287,353,36.5,36.5,3893,500,0,466,0.452,1
3,917225,37,rpm,131,353,36.5,36.5,3893,500,0,466,0.452,1
3,917246,37,rpm,20,353,36.5,36.5,3893,500,0,466,0.452,1
3,917266,37,rpm,10,353,36.5,36.5,3893,500,0,466,0.452,1
3,917287,37,rpm,16,353,36.5,36.5,3893,500,0,466,0.452,1
3,917308,37,rpm,94,353,36.5,36.5,3893,500,0,466,0.452,1
3,917328,37,rpm,378,353,36.5,36.5,3893,500,0,466,0.452,1
3,917349,37,rpm,614,353,36.5,36.5,3893,500,0,467,0.453,1
3,917369,37,rpm,749,353,36.5,36.5,3893,500,0,467,0.453,1
3,917390,37,rpm,683,353,36.5,36.5,3893,500,0,467,0.453,1
3,917411,37,rpm,599,353,36.5,36.5,3893,500,0,467,0.453,1
3,917431,37,rpm,435,353,36.5,36.5,3893,500,0,467,0.453,1
3,917451,37,rpm,322,353,36.5,36.5,3893,500,0,467,0.453,1
3,917472,37,rpm,269,353,36.5,36.5,3893,500,0,467,0.453,1
3,917493,37,rpm,41,353,36.5,36.5,3893,500,0,467,0.453,1
3,917513,37,rpm,13,353,36.5,36.5,3893,500,0,468,0.453,1
3,917534,37,rpm,11,353,36.5,36.5,3893,500,0,468,0.454,1
3,917554,37,rpm,40,353,36.5,36.5,3893,500,0,468,0.454,1
3,917575,37,rpm,246,353,36.5,36.5,3893,500,0,468,0.454,1
3,917596,37,rpm,608,353,36.5,36.5,3893,500,0,468,0.454,1
3,917616,37,rpm,798,353,36.5,36.5,3893,500,0,468,0.454,1
3,917637,37,rpm,774,353,36.5,36.5,3893,500,0,468,0.454,1
3,917657,37,rpm,682,353,36.5,36.5,3893,500,0,468,0.454,1
3,917678,37,rpm,505,353,36.5,36.5,3893,500,0,468,0.454,1
3,917698,37,rpm,360,353,36.5,36.5,3893,500,0,469,0.455,1
3,917719,37,rpm,259,353,36.5,36.5,3893,500,0,469,0.455,1
3,917740,37,rpm,141,353,36.5,36.5,3893,500,0,469,0.455,1
3,917760,37,rpm,21,353,36.5,36.5,3893,500,0,469,0.455,1
3,917781,37,rpm,11,353,36.5,36.5,3893,500,0,469,0.455,1
3,917801,37,rpm,15,353,36.5,36.5,3893,500,0,469,0.455,1
3,917822,37,rpm,93,353,36.5,36.5,3893,500,0,469,0.455,1
3,917842,37,rpm,458,353,36.5,36.5,3893,500,0,469,0.455,1
3,917863,37,rpm,616,353,36.5,36.5,3893,500,0,470,0.455,1
3,917883,37,rpm,716,353,36.5,36.5,3893,500,0,470,0.456,1
3,917904,37,rpm,725,353,36.5,36.5,3893,500,0,470,0.456,1
3,917925,37,rpm,596,353,36.5,36.5,3893,500,0,470,0.456,1
3,917945,37,rpm,461,353,36.5,36.5,3893,500,0,470,0.456,1
3,917966,37,rpm,355,353,36.5,36.5,3893,500,0,470,0.456,1
3,917986,37,rpm,253,353,36.5,36.5,3893,500,0,470,0.456,1
3,918007,37,rpm,28,353,36.5,36.5,3893,500,0,470,0.456,1
3,918027,37,rpm,13,353,36.5,36.5,3893,500,0,471,0.456,1
3,918048,37,rpm,14,353,36.5,36.5,3893,500,0,471,0.457,1
3,918069,37,rpm,61,353,36.5,36.5,3893,500,0,471,0.457,1
3,918089,37,rpm,389,353,36.5,36.5,3893,500,0,471,0.457,1
3,918110,37,rpm,626,353,36.5,36.5,3893,500,0,471,0.457,1
3,918130,37,rpm,703,353,36.5,36.5,3893,500,0,471,0.457,1
3,918151,37,rpm,693,353,36.5,36.5,3893,500,0,471,0.457,1
3,918171,37,rpm,656,353,36.5,36.5,3893,500,0,471,0.457,1
3,918192,37,rpm,533,353,36.5,36.5,3893,500,0,472,0.457,1
3,918212,37,rpm,432,353,36.5,36.5,3893,500,0,472,0.457,1
3,918233,37,rpm,344,353,36.5,36.5,3893,500,0,472,0.458,1
3,918253,37,rpm,109,353,36.5,36.5,3893,500,0,472,0.458,1
3,918274,37,rpm,17,353,36.5,36.5,3893,500,0,472,0.458,1
3,918295,37,rpm,11,353,36.5,36.5,3893,500,0,472,0.458,1
3,918315,37,rpm,27,352,36.5,36.5,3893,500,0,472,0.458,1
3,918336,37,rpm,186,352,36.5,36.5,3893,500,0,472,0.458,1
3,918356,37,rpm,538,352,36.5,36.5,3893,500,0,472,0.458,1
3,918377,37,rpm,647,352,36.5,36.5,3893,500,0,473,0.458,1
3,918397,37,rpm,675,352,36.5,36.5,3893,500,0,473,0.459,1
3,918418,37,rpm,644,352,36.5,36.5,3893,500,0,473,0.459,1
3,918438,37,rpm,558,352,36.5,36.5,3893,500,0,473,0.459,1
3,918459,37,rpm,447,352,36.5,36.5,3893,500,0,473,0.459,1
3,918480,37,rpm,368,352,36.5,36.5,3893,500,0,473,0.459,1
3,918500,37,rpm,202,352,36.5,36.5,3893,500,0,473,0.459,1
3,918521,37,rpm,23,352,36.5,36.5,3893,500,0,473,0.459,1
3,918541,37,rpm,12,352,36.5,36.5,3893,500,0,474,0.459,1
3,918562,37,rpm,14,352,36.5,36.5,3893,500,0,474,0.459,1
3,918582,37,rpm,70,352,36.5,36.5,3893,500,0,474,0.46,1
3,918603,37,rpm,340,352,36.5,36.5,3893,500,0,474,0.46,1
3,918623,37,rpm,609,352,36.5,36.5,3893,500,0,474,0.46,1
3,918644,37,rpm,800,352,36.5,36.5,3893,500,0,474,0.46,1
3,918664,37,rpm,753,352,36.5,36.5,3893,500,0,474,0.46,1
3,918685,37,rpm,659,352,36.5,36.5,3893,500,0,474,0.46,1
3,918706,37,rpm,510,352,36.5,36.5,3893,500,0,475,0.46,1
3,918726,37,rpm,351,352,36.5,36.5,3893,500,0,475,0.46,1
3,918747,37,rpm,277,352,36.5,36.5,3893,500,0,475,0.461,1
3,918767,37,rpm,142,352,36.5,36.5,3893,500,0,475,0.461,1
3,918788,37,rpm,21,352,36.5,36.5,3893,500,0,475,0.461,1
3,918808,37,rpm,10,352,36.5,36.5,3893,500,0,475,0.461,1
3,918829,37,rpm,15,352,36.5,36.5,3893,500,0,475,0.461,1
3,918849,37,rpm,87,352,36.5,36.5,3893,500,0,475,0.461,1
3,918870,37,rpm,370,352,36.5,36.5,3893,500,0,475,0.461,1
3,918891,37,rpm,644,352,36.5,36.5,3893,500,0,476,0.461,1
3,918911,37,rpm,769,352,36.5,36.5,3893,500,0,476,0.461,1
3,918932,37,rpm,694,352,36.5,36.5,3893,500,0,476,0.462,1
3,918952,37,rpm,609,352,36.5,36.5,3893,500,0,476,0.462,1
3,918973,37,rpm,439,352,36.5,36.5,3893,500,0,476,0.462,1
3,918993,37,rpm,310,352,36.5,36.5,3893,500,0,476,0.462,1
3,919014,37,rpm,267,352,36.5,36.5,3893,500,0,476,0.462,1
3,919034,37,rpm,63,352,36.5,36.5,3893,500,0,476,0.462,1
3,919055,37,rpm,14,352,36.5,36.5,3893,500,0,477,0.462,1
3,919076,37,rpm,10,352,36.5,36.5,3893,500,0,477,0.462,1
3,919096,37,rpm,30,352,36.5,36.5,3893,500,0,477,0.463,1
3,919117,37,rpm,195,352,36.5,36.5,3893,500,0,477,0.463,1
3,919137,37,rpm,551,352,36.5,36.5,3893,500,0,477,0.463,1
3,919158,37,rpm,779,352,36.5,36.5,3893,500,0,477,0.463,1
3,919178,37,rpm,775,352,36.5,36.5,3893,500,0,477,0.463,1
3,919199,37,rpm,691,352,36.5,36.5,3893,500,0,477,0.463,1
3,919219,37,rpm,519,352,36.5,36.5,3893,500,0,478,0.463,1
3,919240,37,rpm,369,352,36.5,36.5,3893,500,0,478,0.463,1
3,919261,37,rpm,264,352,36.5,36.5,3893,500,0,478,0.463,1
3,919281,37,rpm,154,352,36.5,36.5,3893,500,0,478,0.464,1
3,919302,37,rpm,22,352,36.5,36.5,3893,500,0,478,0.464,1
3,919322,37,rpm,11,352,36.5,36.5,3893,500,0,478,0.464,1
3,919343,37,rpm,14,352,36.5,36.5,3893,500,0,478,0.464,1
3,919363,37,rpm,81,352,36.5,36.5,3893,500,0,478,0.464,1
3,919384,37,rpm,430,352,36.5,36.5,3893,500,0,479,0.464,1
3,919404,37,rpm,614,352,36.5,36.5,3893,500,0,479,0.464,1
3,919425,37,rpm,689,352,36.5,36.5,3893,500,0,479,0.464,1
3,919445,37,rpm,717,352,36.5,36.5,3893,500,0,479,0.465,1
3,919466,37,rpm,615,352,36.5,36.5,3893,500,0,479,0.465,1
3,919487,37,rpm,483,352,36.5,36.5,3893,500,0,479,0.465,1
3,919507,37,rpm,374,352,36.5,36.5,3893,500,0,479,0.465,1
3,919528,37,rpm,274,352,36.5,36.5,3893,500,0,479,0.465,1
3,919548,37,rpm,31,352,36.5,36.5,3893,500,0,479,0.465,1
3,919569,37,rpm,13,352,36.5,36.5,3893,500,0,480,0.465,1
3,919589,37,rpm,13,352,36.5,36.5,3893,500,0,480,0.465,1
3,919610,37,rpm,49,352,36.5,36.5,3893,500,0,480,0.465,1
3,919631,37,rpm,345,352,36.5,36.5,3893,500,0,480,0.466,1
3,919651,37,rpm,629,352,36.5,36.5,3893,500,0,480,0.466,1
3,919672,37,rpm,705,352,36.5,36.5,3893,500,0,480,0.466,1
3,919692,37,rpm,704,352,36.5,36.5,3893,500,0,480,0.466,1
3,919713,37,rpm,666,352,36.5,36.5,3893,500,0,480,0.466,1
3,919733,37,rpm,545,352,36.5,36.5,3893,500,0,481,0.466,1
3,919754,37,rpm,439,352,36.5,36.5,3893,500,0,481,0.466,1
3,919775,37,rpm,350,352,36.5,36.5,3893,500,0,481,0.466,1
3,919795,37,rpm,127,352,36.5,36.5,3893,500,0,481,0.466,1
3,919816,37,rpm,19,352,36.5,36.5,3893,500,0,481,0.467,1
3,919836,37,rpm,12,352,36.5,36.5,3893,500,0,481,0.467,1
3,919857,37,rpm,24,352,36.5,36.5,3893,500,0,481,0.467,1
3,919878,37,rpm,169,352,36.5,36.5,3893,500,0,481,0.467,1
3,919898,37,rpm,517,352,36.5,36.5,3893,500,0,482,0.467,1
3,919919,37,rpm,639,352,36.5,36.5,3893,500,0,482,0.467,1
3,919939,37,rpm,677,352,36.5,36.5,3893,500,0,482,0.467,1
3,919960,37,rpm,634,352,36.5,36.5,3893,500,0,482,0.467,1
3,919980,37,rpm,566,352,36.5,36.5,3893,500,0,482,0.468,1
3,920001,37,rpm,454,352,36.5,36.5,3893,500,0,482,0.468,1
3,920022,37,rpm,376,352,36.5,36.5,3893,500,0,482,0.468,1
3,920042,37,rpm,216,352,36.5,36.5,3893,500,0,482,0.468,1
3,920063,37,rpm,24,352,36.5,36.5,3893,500,0,483,0.468,1
3,920083,37,rpm,12,352,36.5,36.5,3893,500,0,483,0.468,1
3,920104,37,rpm,15,352,36.5,36.5,3893,500,0,483,0.468,1
3,920125,37,rpm,67,352,36.5,36.5,3893,500,0,483,0.468,1
3,920145,37,rpm,327,352,36.5,36.5,3893,500,0,483,0.468,1
3,920166,37,rpm,574,352,36.5,36.5,3893,500,0,483,0.469,1
3,920186,37,rpm,770,352,36.5,36.5,3893,500,0,483,0.469,1
3,920207,37,rpm,751,352,36.5,36.5,3893,500,0,483,0.469,1
3,920227,37,rpm,662,352,36.5,36.5,3893,500,0,483,0.469,1
3,920248,37,rpm,510,352,36.5,36.5,3893,500,0,484,0.469,1
3,920269,37,rpm,354,352,36.5,36.5,3893,500,0,484,0.469,1
3,920289,37,rpm,293,352,36.5,36.5,3893,500,0,484,0.469,1
3,920310,37,rpm,143,352,36.5,36.5,3893,500,0,484,0.469,1
3,920330,37,rpm,21,352,36.5,36.5,3893,500,0,484,0.47,1
3,920351,37,rpm,10,352,36.5,36.5,3893,500,0,484,0.47,1
3,920372,37,rpm,15,352,36.5,36.5,3893,500,0,484,0.47,1
3,920392,37,rpm,83,352,36.5,36.5,3893,500,0,484,0.47,1
3,920413,37,rpm,358,352,36.5,36.5,3893,500,0,485,0.47,1
3,920433,37,rpm,585,352,36.5,36.5,3893,500,0,485,0.47,1
3,920454,37,rpm,746,352,36.5,36.5,3893,500,0,485,0.47,1
3,920474,37,rpm,697,352,36.5,36.5,3893,500,0,485,0.47,1
3,920495,37,rpm,619,352,36.5,36.5,3893,500,0,485,0.47,1
3,920515,37,rpm,454,352,36.5,36.5,3893,500,0,485,0.471,1
3,920536,37,rpm,336,352,36.5,36.5,3893,500,0,485,0.471,1
3,920557,37,rpm,286,352,36.5,36.5,3893,500,0,485,0.471,1
3,920577,37,rpm,57,352,36.5,36.5,3893,500,0,486,0.471,1
3,920598,37,rpm,14,352,36.5,36.5,3893,500,0,486,0.471,1
3,920618,37,rpm,11,352,36.5,36.5,3893,500,0,486,0.471,1
3,920639,37,rpm,34,352,36.5,36.5,3893,500,0,486,0.471,1
3,920660,37,rpm,222,352,36.5,36.5,3893,500,0,486,0.471,1
3,920680,37,rpm,585,352,36.5,36.5,3893,500,0,486,0.472,1
3,920701,37,rpm,796,352,36.5,36.5,3893,500,0,486,0.472,1
3,920721,37,rpm,778,352,36.5,36.5,3893,500,0,486,0.472,1
3,920742,37,rpm,690,352,36.5,36.5,3893,500,0,486,0.472,1
3,920763,37,rpm,516,352,36.5,36.5,3893,500,0,487,0.472,1
3,920783,37,rpm,362,352,36.5,36.5,3893,500,0,487,0.472,1
3,920804,37,rpm,259,352,36.5,36.5,3893,500,0,487,0.472,1
3,920824,37,rpm,147,352,36.5,36.5,3893,500,0,487,0.472,1
3,920845,37,rpm,22,352,36.5,36.5,3893,500,0,487,0.472,1
3,920865,37,rpm,11,352,36.5,36.5,3893,500,0,487,0.473,1
3,920886,37,rpm,14,352,36.5,36.5,3893,500,0,487,0.473,1
3,920907,37,rpm,84,352,36.5,36.5,3893,500,0,487,0.473,1
3,920927,37,rpm,434,352,36.5,36.5,3893,500,0,488,0.473,1
3,920948,37,rpm,615,352,36.5,36.5,3893,500,0,488,0.473,1
3,920968,37,rpm,701,352,36.5,36.5,3893,500,0,488,0.473,1
3,920989,37,rpm,720,352,36.5,36.5,3893,500,0,488,0.473,1
3,921010,37,rpm,607,352,36.5,36.5,3893,500,0,488,0.473,1
3,921030,37,rpm,473,352,36.5,36.5,3893,500,0,488,0.474,1
3,921051,37,rpm,368,352,36.5,36.5,3893,500,0,488,0.474,1
3,921071,37,rpm,269,352,36.5,36.5,3893,500,0,488,0.474,1
3,921092,37,rpm,30,352,36.5,36.5,3893,500,0,489,0.474,1
3,921112,37,rpm,14,352,36.5,36.5,3893,500,0,489,0.474,1
3,921133,37,rpm,13,352,36.5,36.5,3893,500,0,489,0.474,1
3,921153,37,rpm,56,352,36.5,36.5,3893,500,0,489,0.474,1
3,921174,37,rpm,367,352,36.5,36.5,3893,500,0,489,0.474,1
3,921195,37,rpm,617,352,36.5,36.5,3893,500,0,489,0.474,1
3,921215,37,rpm,698,352,36.5,36.5,3893,500,0,489,0.475,1
3,921236,37,rpm,692,352,36.5,36.5,3893,500,0,489,0.475,1
3,921256,37,rpm,657,352,36.5,36.5,3893,500,0,490,0.475,1
3,921277,37,rpm,545,352,36.5,36.5,3893,500,0,490,0.475,1
3,921298,37,rpm,437,352,36.5,36.5,3893,500,0,490,0.475,1
3,921318,37,rpm,348,352,36.5,36.5,3893,500,0,490,0.475,1
3,921339,37,rpm,116,352,36.5,36.5,3893,500,0,490,0.475,1
3,921359,37,rpm,18,352,36.5,36.5,3893,500,0,490,0.475,1
3,921380,37,rpm,12,352,36.5,36.5,3893,500,0,490,0.476,1
3,921400,37,rpm,26,352,36.5,36.5,3893,500,0,490,0.476,1
3,921421,37,rpm,176,352,36.5,36.5,3893,500,0,490,0.476,1
3,921442,37,rpm,526,352,36.5,36.5,3893,500,0,491,0.476,1
3,921462,37,rpm,642,352,36.5,36.5,3893,500,0,491,0.476,1
3,921483,37,rpm,679,352,36.5,36.5,3893,500,0,491,0.476,1
3,921503,37,rpm,647,352,36.5,36.5,3893,500,0,491,0.476,1
3,921524,37,rpm,559,352,36.5,36.5,3893,500,0,491,0.476,1
3,921544,37,rpm,452,352,36.5,36.5,3893,500,0,491,0.476,1
3,921565,37,rpm,373,352,36.5,36.5,3893,500,0,491,0.477,1
3,921585,37,rpm,210,352,36.5,36.5,3893,500,0,491,0.477,1
3,921606,37,rpm,23,352,36.5,36.5,3893,500,0,492,0.477,1
3,921627,37,rpm,12,352,36.5,36.5,3893,500,0,492,0.477,1
3,921647,37,rpm,14,352,36.5,36.5,3893,500,0,492,0.477,1
3,921668,37,rpm,67,352,36.5,36.5,3893,500,0,492,0.477,1
3,921688,37,rpm,332,352,36.5,36.5,3893,500,0,492,0.477,1
3,921709,37,rpm,624,352,36.5,36.5,3893,500,0,492,0.477,1
3,921729,37,rpm,801,352,36.5,36.5,3893,500,0,492,0.478,1
3,921750,37,rpm,756,352,36.5,36.5,3893,500,0,492,0.478,1
3,921771,37,rpm,654,352,36.5,36.5,3893,500,0,493,0.478,1
3,921791,37,rpm,506,352,36.5,36.5,3893,500,0,493,0.478,1
3,921812,37,rpm,355,352,36.5,36.5,3893,500,0,493,0.478,1
3,921832,37,rpm,275,352,36.5,36.5,3893,500,0,493,0.478,1
3,921853,37,rpm,142,352,36.5,36.5,3893,500,0,493,0.478,1
3,921874,37,rpm,21,352,36.5,36.5,3893,500,0,493,0.478,1
3,921894,37,rpm,10,352,36.5,36.5,3893,500,0,493,0.478,1
3,921915,37,rpm,15,352,36.5,36.5,3893,500,0,493,0.479,1
3,921935,37,rpm,88,352,36.5,36.5,3893,500,0,493,0.479,1
3,921956,37,rpm,368,352,36.5,36.5,3893,500,0,494,0.479,1
3,921976,37,rpm,631,352,36.5,36.5,3893,500,0,494,0.479,1
3,921997,37,rpm,757,352,36.5,36.5,3893,500,0,494,0.479,1
3,922018,37,rpm,693,352,36.5,36.5,3893,500,0,494,0.479,1
3,922038,37,rpm,610,352,36.5,36.5,3893,500,0,494,0.479,1
3,922059,37,rpm,438,352,36.5,36.5,3893,500,0,494,0.479,1
3,922079,37,rpm,313,352,36.5,36.5,3893,500,0,494,0.48,1
3,922100,37,rpm,266,352,36.5,36.5,3893,500,0,494,0.48,1
3,922121,37,rpm,56,352,36.5,36.5,3893,500,0,495,0.48,1
3,922141,37,rpm,14,352,36.5,36.5,3893,500,0,495,0.48,1
3,922162,37,rpm,11,352,36.5,36.5,3893,500,0,495,0.48,1
3,922182,37,rpm,32,352,36.5,36.5,3893,500,0,495,0.48,1
3,922203,37,rpm,209,352,36.5,36.5,3893,500,0,495,0.48,1
3,922223,37,rpm,572,352,36.5,36.5,3893,500,0,495,0.48,1
3,922244,37,rpm,789,352,36.5,36.5,3893,500,0,495,0.48,1
3,922264,37,rpm,777,352,36.5,36.5,3893,500,0,495,0.481,1
3,922285,37,rpm,689,352,36.5,36.5,3893,500,0,496,0.481,1
3,922305,37,rpm,518,352,36.5,36.5,3893,500,0,496,0.481,1
3,922326,37,rpm,365,352,36.5,36.5,3893,500,0,496,0.481,1
3,922347,37,rpm,262,352,36.5,36.5,3893,500,0,496,0.481,1
3,922367,37,rpm,150,352,36.5,36.5,3893,500,0,496,0.481,1
3,922388,37,rpm,22,352,36.5,36.5,3893,500,0,496,0.481,1
3,922408,37,rpm,11,352,36.5,36.5,3893,500,0,496,0.481,1
3,922429,37,rpm,14,352,36.5,36.5,3893,500,0,496,0.482,1
3,922449,37,rpm,80,352,36.5,36.5,3893,500,0,497,0.482,1
3,922470,37,rpm,435,352,36.5,36.5,3893,500,0,497,0.482,1
3,922490,37,rpm,619,352,36.5,36.5,3893,500,0,497,0.482,1
3,922511,37,rpm,702,352,36.5,36.5,3893,500,0,497,0.482,1
3,922532,37,rpm,727,352,36.5,36.5,3893,500,0,497,0.482,1
3,922552,37,rpm,612,352,36.5,36.5,3893,500,0,497,0.482,1
3,922573,37,rpm,478,352,36.5,36.5,3893,500,0,497,0.482,1
3,922593,37,rpm,364,352,36.5,36.5,3893,500,0,497,0.482,1
3,922614,37,rpm,269,352,36.5,36.5,3893,500,0,497,0.483,1
3,922634,37,rpm,31,352,36.5,36.5,3893,500,0,498,0.483,1
3,922655,37,rpm,13,352,36.5,36.5,3893,500,0,498,0.483,1
3,922676,37,rpm,13,352,36.5,36.5,3893,500,0,498,0.483,1
3,922696,37,rpm,50,352,36.5,36.5,3893,500,0,498,0.483,1
3,922717,37,rpm,349,352,36.5,36.5,3893,500,0,498,0.483,1
3,922737,37,rpm,628,352,36.5,36.5,3893,500,0,498,0.483,1
3,922758,37,rpm,700,352,36.5,36.5,3893,500,0,498,0.483,1
3,922778,37,rpm,699,352,36.5,36.5,3893,500,0,498,0.483,1
3,922799,37,rpm,663,352,36.5,36.5,3893,500,0,499,0.484,1
3,922819,37,rpm,545,352,36.5,36.5,3893,500,0,499,0.484,1
3,922840,37,rpm,441,352,36.5,36.5,3893,500,0,499,0.484,1
3,922861,37,rpm,350,352,36.5,36.5,3893,500,0,499,0.484,1
3,922881,37,rpm,127,352,36.5,36.5,3893,500,0,499,0.484,1
3,922902,37,rpm,19,352,36.5,36.5,3893,500,0,499,0.484,1
3,922922,37,rpm,12,352,36.5,36.5,3893,500,0,499,0.484,1
3,922943,37,rpm,25,352,36.5,36.5,3893,500,0,499,0.484,1
3,922963,37,rpm,167,352,36.5,36.5,3893,500,0,500,0.485,1
3,922984,37,rpm,523,352,36.5,36.5,3893,500,0,500,0.485,1
3,923005,37,rpm,639,352,36.5,36.5,3893,500,0,500,0.485,1
3,923025,37,rpm,678,352,36.5,36.5,3893,500,0,500,0.485,1
3,923046,37,rpm,631,352,36.5,36.5,3893,500,0,500,0.485,1
3,923066,37,rpm,567,352,36.5,36.5,3893,500,0,500,0.485,1
3,923087,37,rpm,452,352,36.5,36.5,3893,500,0,500,0.485,1
3,923108,37,rpm,373,352,36.5,36.5,3893,500,0,500,0.485,1
3,923128,37,rpm,214,352,36.5,36.5,3893,500,0,500,0.485,1
3,923149,37,rpm,24,352,36.5,36.5,3893,500,0,501,0.486,1
3,923169,37,rpm,12,352,36.5,36.5,3893,500,0,501,0.486,1
3,923190,37,rpm,14,352,36.5,36.5,3893,500,0,501,0.486,1
3,923210,37,rpm,67,352,36.5,36.5,3893,500,0,501,0.486,1
3,923231,37,rpm,330,352,36.5,36.5,3893,500,0,501,0.486,1
3,923252,37,rpm,570,352,36.5,36.5,3893,500,0,501,0.486,1
3,923272,37,rpm,769,352,36.5,36.5,3893,500,0,501,0.486,1
3,923293,37,rpm,750,352,36.5,36.5,3893,500,0,501,0.486,1
3,923313,37,rpm,668,352,36.5,36.5,3893,500,0,502,0.487,1
3,923334,37,rpm,515,352,36.5,36.5,3893,500,0,502,0.487,1
3,923355,37,rpm,356,352,36.5,36.5,3893,500,0,502,0.487,1
3,923375,37,rpm,293,352,36.5,36.5,3893,500,0,502,0.487,1
3,923396,37,rpm,146,352,36.5,36.5,3893,500,0,502,0.487,1
3,923416,37,rpm,21,352,36.5,36.5,3893,500,0,502,0.487,1
3,923437,37,rpm,10,352,36.5,36.5,3893,500,0,502,0.487,1
3,923457,37,rpm,15,352,36.5,36.5,3893,500,0,502,0.487,1
3,923478,37,rpm,82,352,36.5,36.5,3893,500,0,503,0.487,1
3,923499,37,rpm,360,352,36.5,36.5,3893,500,0,503,0.488,1
3,923519,37,rpm,593,352,36.5,36.5,3893,500,0,503,0.488,1
3,923540,37,rpm,762,352,36.5,36.5,3893,500,0,503,0.488,1
3,923560,37,rpm,705,352,36.5,36.5,3893,500,0,503,0.488,1
3,923581,37,rpm,616,352,36.5,36.5,3893,500,0,503,0.488,1
3,923601,37,rpm,453,352,36.5,36.5,3893,500,0,503,0.488,1
3,923622,37,rpm,332,352,36.5,36.5,3893,500,0,503,0.488,1
3,923643,37,rpm,282,352,36.5,36.5,3893,500,0,504,0.488,1
3,923663,37,rpm,62,352,36.5,36.5,3893,500,0,504,0.489,1
3,923684,37,rpm,14,352,36.5,36.5,3893,500,0,504,0.489,1
3,923704,37,rpm,11,352,36.5,36.5,3893,500,0,504,0.489,1
3,923725,37,rpm,32,352,36.5,36.5,3893,500,0,504,0.489,1
3,923745,37,rpm,208,352,36.5,36.5,3893,500,0,504,0.489,1
3,923766,37,rpm,576,352,36.5,36.5,3893,500,0,504,0.489,1
3,923787,37,rpm,778,352,36.5,36.5,3893,500,0,504,0.489,1
3,923807,37,rpm,771,352,36.5,36.5,3893,500,0,504,0.489,1
3,923828,37,rpm,684,352,36.5,36.5,3893,500,0,505,0.489,1
3,923848,37,rpm,518,352,36.5,36.5,3893,500,0,505,0.49,1
3,923869,37,rpm,365,352,36.5,36.5,3893,500,0,505,0.49,1
3,923889,37,rpm,261,352,36.5,36.5,3893,500,0,505,0.49,1
3,923910,37,rpm,150,352,36.5,36.5,3893,500,0,505,0.49,1
3,923931,37,rpm,22,352,36.5,36.5,3893,500,0,505,0.49,1
3,923951,37,rpm,11,352,36.5,36.5,3893,500,0,505,0.49,1
3,923972,37,rpm,14,352,36.5,36.5,3893,500,0,505,0.49,1
3,923992,37,rpm,80,352,36.5,36.5,3893,500,0,506,0.49,1
3,924013,37,rpm,432,352,36.5,36.5,3893,500,0,506,0.491,1
3,924033,37,rpm,615,352,36.5,36.5,3893,500,0,506,0.491,1
3,924054,37,rpm,700,352,36.5,36.5,3893,500,0,506,0.491,1
3,924075,37,rpm,721,352,36.5,36.5,3893,500,0,506,0.491,1
3,924095,37,rpm,607,352,36.5,36.5,3893,500,0,506,0.491,1
3,924116,37,rpm,477,352,36.5,36.5,3893,500,0,506,0.491,1
3,924136,37,rpm,375,352,36.5,36.5,3893,500,0,506,0.491,1
3,924157,37,rpm,275,352,36.5,36.5,3893,500,0,507,0.491,1
3,924177,37,rpm,32,352,36.5,36.5,3893,500,0,507,0.491,1
3,924198,37,rpm,14,352,36.5,36.5,3893,500,0,507,0.492,1
3,924219,37,rpm,13,352,36.5,36.5,3893,500,0,507,0.492,1
3,924239,37,rpm,53,352,36.5,36.5,3893,500,0,507,0.492,1
3,924260,37,rpm,359,352,36.5,36.5,3893,500,0,507,0.492,1
3,924280,37,rpm,624,352,36.5,36.5,3893,500,0,507,0.492,1
3,924301,37,rpm,705,352,36.5,36.5,3893,500,0,507,0.492,1
3,924321,37,rpm,697,352,36.5,36.5,3893,500,0,508,0.492,1
3,924342,37,rpm,659,352,36.5,36.5,3893,500,0,508,0.492,1
3,924363,37,rpm,541,352,36.5,36.5,3893,500,0,508,0.493,1
3,924383,37,rpm,440,352,36.5,36.5,3893,500,0,508,0.493,1
3,924404,37,rpm,348,352,36.5,36.5,3893,500,0,508,0.493,1
3,924424,37,rpm,116,352,36.5,36.5,3893,500,0,508,0.493,1
3,924445,37,rpm,18,352,36.5,36.5,3893,500,0,508,0.493,1
3,924465,37,rpm,12,352,36.5,36.5,3893,500,0,508,0.493,1
3,924486,37,rpm,26,352,36.5,36.5,3893,500,0,508,0.493,1
3,924507,37,rpm,175,352,36.5,36.5,3893,500,0,509,0.493,1
3,924527,37,rpm,526,352,36.5,36.5,3893,500,0,509,0.493,1
3,924548,37,rpm,639,352,36.5,36.5,3893,500,0,509,0.494,1
3,924568,37,rpm,679,352,36.5,36.5,3893,500,0,509,0.494,1
3,924589,37,rpm,645,352,36.5,36.5,3893,500,0,509,0.494,1
3,924610,37,rpm,564,352,36.5,36.5,3893,500,0,509,0.494,1
3,924630,37,rpm,451,352,36.5,36.5,3893,500,0,509,0.494,1
3,924651,37,rpm,372,352,36.5,36.5,3893,500,0,509,0.494,1
3,924671,37,rpm,213,352,36.5,36.5,3893,500,0,510,0.494,1
3,924692,37,rpm,24,352,36.5,36.5,3893,500,0,510,0.494,1
3,924712,37,rpm,12,352,36.5,36.5,3893,500,0,510,0.495,1
3,924733,37,rpm,14,352,36.5,36.5,3893,500,0,510,0.495,1
3,924753,37,rpm,67,352,36.5,36.5,3893,500,0,510,0.495,1
3,924774,37,rpm,331,352,36.5,36.5,3893,500,0,510,0.495,1
3,924795,37,rpm,614,352,36.5,36.5,3893,500,0,510,0.495,1
3,924815,37,rpm,790,352,36.5,36.5,3893,500,0,510,0.495,1
3,924836,37,rpm,752,352,36.5,36.5,3893,500,0,511,0.495,1
3,924856,37,rpm,656,352,36.5,36.5,3893,500,0,511,0.495,1
3,924877,37,rpm,507,352,36.5,36.5,3893,500,0,511,0.495,1
3,924897,37,rpm,356,352,36.5,36.5,3893,500,0,511,0.496,1
3,924918,37,rpm,280,352,36.5,36.5,3893,500,0,511,0.496,1
3,924939,37,rpm,148,352,36.5,36.5,3893,500,0,511,0.496,1
3,924959,37,rpm,21,352,36.5,36.5,3893,500,0,511,0.496,1
3,924980,37,rpm,11,352,36.5,36.5,3893,500,0,511,0.496,1
3,925000,37,rpm,15,352,36.5,36.5,3893,500,0,511,0.496,1
3,925021,37,rpm,84,352,36.5,36.5,3893,500,0,512,0.496,1
3,925041,37,rpm,361,352,36.5,36.5,3893,500,0,512,0.496,1
3,925062,37,rpm,614,352,36.5,36.5,3893,500,0,512,0.496,1
3,925083,37,rpm,752,352,36.5,36.5,3893,500,0,512,0.497,1
3,925103,37,rpm,690,352,36.5,36.5,3893,500,0,512,0.497,1
3,925124,37,rpm,612,352,36.5,36.5,3893,500,0,512,0.497,1
3,925144,37,rpm,439,352,36.5,36.5,3893,500,0,512,0.497,1
3,925165,37,rpm,317,352,36.5,36.5,3893,500,0,512,0.497,1
3,925185,37,rpm,271,352,36.5,36.5,3893,500,0,513,0.497,1
3,925206,37,rpm,54,352,36.5,36.5,3893,500,0,513,0.497,1
3,925226,37,rpm,14,352,36.5,36.5,3893,500,0,513,0.497,1
3,925247,37,rpm,11,352,36.5,36.5,3893,500,0,513,0.498,1
3,925268,37,rpm,32,352,36.5,36.5,3893,500,0,513,0.498,1
3,925288,37,rpm,211,352,36.5,36.5,3893,500,0,513,0.498,1
3,925309,37,rpm,586,352,36.5,36.5,3893,500,0,513,0.498,1
3,925329,37,rpm,797,352,36.5,36.5,3893,500,0,513,0.498,1
3,925350,37,rpm,779,352,36.5,36.5,3893,500,0,514,0.498,1
3,925370,37,rpm,687,352,36.5,36.5,3893,500,0,514,0.498,1
3,925391,37,rpm,520,352,36.5,36.5,3893,500,0,514,0.498,1
3,925411,37,rpm,365,352,36.5,36.5,3893,500,0,514,0.498,1
3,925432,37,rpm,262,352,36.5,36.5,3893,500,0,514,0.499,1
3,925452,37,rpm,155,352,36.5,36.5,3893,500,0,514,0.499,1
3,925473,37,rpm,22,352,36.5,36.5,3893,500,0,514,0.499,1
3,925494,37,rpm,11,352,36.5,36.5,3893,500,0,514,0.499,1
3,925514,37,rpm,13,352,36.5,36.5,3893,500,0,515,0.499,1
3,925535,37,rpm,76,352,36.5,36.5,3893,500,0,515,0.499,1
3,925555,37,rpm,423,352,36.5,36.5,3893,500,0,515,0.499,1
3,925576,37,rpm,615,352,36.5,36.5,3893,500,0,515,0.499,1
3,925596,37,rpm,715,352,36.5,36.5,3893,500,0,515,0.5,1
3,925617,37,rpm,733,352,36.5,36.5,3893,500,0,515,0.5,1
3,925638,37,rpm,617,352,36.5,36.5,3893,500,0,515,0.5,1
3,925658,37,rpm,477,352,36.5,36.5,3893,500,0,515,0.5,1
3,925679,37,rpm,358,352,36.5,36.5,3893,500,0,515,0.5,1
3,925699,37,rpm,270,352,36.5,36.5,3893,500,0,516,0.5,1
3,925720,37,rpm,34,352,36.5,36.5,3893,500,0,516,0.5,1
3,925740,37,rpm,14,352,36.5,36.5,3893,500,0,516,0.5,1
3,925761,37,rpm,13,352,36.5,36.5,3893,500,0,516,0.5,1
3,925781,37,rpm,50,352,36.5,36.5,3893,500,0,516,0.501,1
3,925802,37,rpm,349,352,36.5,36.5,3893,500,0,516,0.501,1
3,925823,37,rpm,624,352,36.5,36.5,3893,500,0,516,0.501,1
3,925843,37,rpm,699,352,36.5,36.5,3893,500,0,516,0.501,1
3,925864,37,rpm,700,352,36.5,36.5,3893,500,0,517,0.501,1
3,925884,37,rpm,666,352,36.5,36.5,3893,500,0,517,0.501,1
3,925905,37,rpm,545,352,36.5,36.5,3893,500,0,517,0.501,1
3,925925,37,rpm,440,352,36.5,36.5,3893,500,0,517,0.501,1
3,925946,37,rpm,353,352,36.5,36.5,3893,500,0,517,0.502,1
3,925967,37,rpm,135,352,36.5,36.5,3893,500,0,517,0.502,1
3,925987,37,rpm,20,352,36.5,36.5,3893,500,0,517,0.502,1
3,926008,37,rpm,12,352,36.5,36.5,3893,500,0,517,0.502,1
3,926028,37,rpm,23,352,36.5,36.5,3893,500,0,518,0.502,1
3,926049,37,rpm,158,352,36.5,36.5,3893,500,0,518,0.502,1
3,926069,37,rpm,513,352,36.5,36.5,3893,500,0,518,0.502,1
3,926090,37,rpm,635,352,36.5,36.5,3893,500,0,518,0.502,1
3,926110,37,rpm,678,352,36.5,36.5,3893,500,0,518,0.502,1
3,926131,37,rpm,636,352,36.5,36.5,3893,500,0,518,0.503,1
3,926152,37,rpm,571,352,36.5,36.5,3893,500,0,518,0.503,1
3,926172,37,rpm,457,352,36.5,36.5,3893,500,0,518,0.503,1
3,926193,37,rpm,377,352,36.5,36.5,3893,500,0,518,0.503,1
3,926213,37,rpm,224,352,36.5,36.5,3893,500,0,519,0.503,1
3,926234,37,rpm,24,352,36.5,36.5,3893,500,0,519,0.503,1
3,926254,37,rpm,12,352,36.5,36.5,3893,500,0,519,0.503,1
3,926275,37,rpm,14,352,36.5,36.5,3893,500,0,519,0.503,1
3,926295,37,rpm,60,352,36.5,36.5,3893,500,0,519,0.504,1
3,926316,37,rpm,311,352,36.5,36.5,3893,500,0,519,0.504,1
3,926336,37,rpm,578,352,36.5,36.5,3893,500,0,519,0.504,1
3,926357,37,rpm,774,352,36.5,36.5,3893,500,0,519,0.504,1
3,926378,37,rpm,762,352,36.5,36.5,3893,500,0,520,0.504,1
3,926398,37,rpm,674,352,36.5,36.5,3893,500,0,520,0.504,1
3,926419,37,rpm,522,352,36.5,36.5,3893,500,0,520,0.504,1
3,926439,37,rpm,362,352,36.5,36.5,3893,500,0,520,0.504,1
3,926460,37,rpm,286,352,36.5,36.5,3893,500,0,520,0.504,1
3,926480,37,rpm,158,352,36.5,36.5,3893,500,0,520,0.505,1
3,926501,37,rpm,22,352,36.5,36.5,3893,500,0,520,0.505,1
3,926522,37,rpm,11,352,36.5,36.5,3893,500,0,520,0.505,1
3,926542,37,rpm,14,352,36.5,36.5,3893,500,0,521,0.505,1
3,926563,37,rpm,74,352,36.5,36.5,3893,500,0,521,0.505,1
3,926583,37,rpm,349,352,36.5,36.5,3893,500,0,521,0.505,1
3,926604,37,rpm,599,352,36.5,36.5,3893,500,0,521,0.505,1
3,926625,37,rpm,768,352,36.5,36.5,3893,500,0,521,0.505,1
3,926645,37,rpm,712,352,36.5,36.5,3893,500,0,521,0.506,1
3,926666,37,rpm,627,352,36.5,36.5,3893,500,0,521,0.506,1
3,926686,37,rpm,457,352,36.5,36.5,3893,500,0,521,0.506,1
3,926707,37,rpm,326,352,36.5,36.5,3893,500,0,522,0.506,1
3,926727,37,rpm,271,352,36.5,36.5,3893,500,0,522,0.506,1
3,926748,37,rpm,73,352,36.5,36.5,3893,500,0,522,0.506,1
3,926768,37,rpm,15,352,36.5,36.5,3893,500,0,522,0.506,1
3,926789,37,rpm,10,352,36.5,36.5,3893,500,0,522,0.506,1
3,926809,37,rpm,27,352,36.5,36.5,3893,500,0,522,0.506,1
3,926830,37,rpm,175,352,36.5,36.5,3893,500,0,522,0.507,1
3,926851,37,rpm,535,352,36.5,36.5,3893,500,0,522,0.507,1
3,926871,37,rpm,768,352,36.5,36.5,3893,500,0,522,0.507,1
3,926892,37,rpm,778,352,36.5,36.5,3893,500,0,523,0.507,1
3,926912,37,rpm,696,352,36.5,36.5,3893,500,0,523,0.507,1
3,926933,37,rpm,529,352,36.5,36.5,3893,500,0,523,0.507,1
3,926953,37,rpm,375,352,36.5,36.5,3893,500,0,523,0.507,1
3,926974,37,rpm,267,352,36.5,36.5,3893,500,0,523,0.507,1
3,926994,37,rpm,164,352,36.5,36.5,3893,500,0,523,0.508,1
3,927015,37,rpm,23,352,36.5,36.5,3893,500,0,523,0.508,1
3,927036,37,rpm,11,352,36.5,36.5,3893,500,0,523,0.508,1
3,927056,37,rpm,13,352,36.5,36.5,3893,500,0,524,0.508,1
3,927077,37,rpm,71,352,36.5,36.5,3893,500,0,524,0.508,1
3,927097,37,rpm,406,352,36.5,36.5,3893,500,0,524,0.508,1
3,927118,37,rpm,611,352,36.5,36.5,3893,500,0,524,0.508,1
3,927138,37,rpm,688,352,36.5,36.5,3893,500,0,524,0.508,1
3,927159,37,rpm,714,352,36.5,36.5,3893,500,0,524,0.508,1
3,927179,37,rpm,623,352,36.5,36.5,3893,500,0,524,0.509,1
3,927200,37,rpm,485,352,36.5,36.5,3893,500,0,524,0.509,1
3,927221,37,rpm,381,352,36.5,36.5,3893,500,0,525,0.509,1
3,927241,37,rpm,294,352,36.5,36.5,3893,500,0,525,0.509,1
3,927262,37,rpm,37,352,36.5,36.5,3893,500,0,525,0.509,1
3,927282,37,rpm,14,352,36.5,36.5,3893,500,0,525,0.509,1
3,927303,37,rpm,12,352,36.5,36.5,3893,500,0,525,0.509,1
3,927323,37,rpm,44,352,36.5,36.5,3893,500,0,525,0.509,1
3,927344,37,rpm,323,352,36.5,36.5,3893,500,0,525,0.509,1
3,927365,37,rpm,625,352,36.5,36.5,3893,500,0,525,0.51,1
3,927385,37,rpm,698,352,36.5,36.5,3893,500,0,525,0.51,1
3,927406,37,rpm,703,352,36.5,36.5,3893,500,0,526,0.51,1
3,927426,37,rpm,666,352,36.5,36.5,3893,500,0,526,0.51,1
3,927447,37,rpm,552,352,36.5,36.5,3893,500,0,526,0.51,1
3,927467,37,rpm,444,352,36.5,36.5,3893,500,0,526,0.51,1
3,927488,37,rpm,357,352,36.5,36.5,3893,500,0,526,0.51,1
3,927509,37,rpm,142,352,36.5,36.5,3893,500,0,526,0.51,1
3,927529,37,rpm,20,352,36.5,36.5,3893,500,0,526,0.511,1
3,927550,37,rpm,12,352,36.5,36.5,3893,500,0,526,0.511,1
3,927570,37,rpm,23,352,36.5,36.5,3893,500,0,527,0.511,1
3,927591,37,rpm,151,352,36.5,36.5,3893,500,0,527,0.511,1
3,927611,37,rpm,507,352,36.5,36.5,3893,500,0,527,0.511,1
3,927632,37,rpm,630,352,36.5,36.5,3893,500,0,527,0.511,1
3,927653,37,rpm,681,352,36.5,36.5,3893,500,0,527,0.511,1
3,927673,37,rpm,647,352,36.5,36.5,3893,500,0,527,0.511,1
3,927694,37,rpm,571,352,36.5,36.5,3893,500,0,527,0.511,1
3,927714,37,rpm,457,352,36.5,36.5,3893,500,0,527,0.512,1
3,927735,37,rpm,378,352,36.5,36.5,3893,500,0,528,0.512,1
3,927756,37,rpm,231,352,36.5,36.5,3893,500,0,528,0.512,1
3,927776,37,rpm,25,352,36.5,36.5,3893,500,0,528,0.512,1
3,927797,37,rpm,12,352,36.5,36.5,3893,500,0,528,0.512,1
3,927817,37,rpm,14,352,36.5,36.5,3893,500,0,528,0.512,1
3,927838,37,rpm,60,352,36.5,36.5,3893,500,0,528,0.512,1
3,927859,37,rpm,308,352,36.5,36.5,3893,500,0,528,0.512,1
3,927879,37,rpm,583,352,36.5,36.5,3893,500,0,528,0.513,1
3,927900,37,rpm,772,352,36.5,36.5,3893,500,0,529,0.513,1
3,927920,37,rpm,755,352,36.5,36.5,3893,500,0,529,0.513,1
3,927941,37,rpm,664,352,36.5,36.5,3893,500,0,529,0.513,1
3,927961,37,rpm,519,352,36.5,36.5,3893,500,0,529,0.513,1
3,927982,37,rpm,369,352,36.5,36.5,3893,500,0,529,0.513,1
3,928003,37,rpm,291,352,36.5,36.5,3893,500,0,529,0.513,1
3,928023,37,rpm,163,352,36.5,36.5,3893,500,0,529,0.513,1
3,928044,37,rpm,22,352,36.5,36.5,3893,500,0,529,0.513,1
3,928064,37,rpm,11,352,36.5,36.5,3893,500,0,529,0.514,1
3,928085,37,rpm,13,352,36.5,36.5,3893,500,0,530,0.514,1
3,928105,37,rpm,72,352,36.5,36.5,3893,500,0,530,0.514,1
3,928126,37,rpm,331,352,36.5,36.5,3893,500,0,530,0.514,1
3,928147,37,rpm,582,352,36.5,36.5,3893,500,0,530,0.514,1
3,928167,37,rpm,747,352,36.5,36.5,3893,500,0,530,0.514,1
3,928188,37,rpm,694,352,36.5,36.5,3893,500,0,530,0.514,1
3,928208,37,rpm,623,352,36.5,36.5,3893,500,0,530,0.514,1
3,928229,37,rpm,456,352,36.5,36.5,3893,500,0,530,0.515,1
3,928249,37,rpm,333,352,36.5,36.5,3893,500,0,531,0.515,1
3,928270,37,rpm,284,352,36.5,36.5,3893,500,0,531,0.515,1
3,928291,37,rpm,62,352,36.5,36.5,3893,500,0,531,0.515,1
3,928311,37,rpm,14,352,36.5,36.5,3893,500,0,531,0.515,1
3,928332,37,rpm,11,352,36.5,36.5,3893,500,0,531,0.515,1
3,928352,37,rpm,30,352,36.5,36.5,3893,500,0,531,0.515,1
3,928373,37,rpm,205,352,36.5,36.5,3893,500,0,531,0.515,1
3,928393,37,rpm,566,352,36.5,36.5,3893,500,0,531,0.515,1
3,928414,37,rpm,786,352,36.5,36.5,3893,500,0,532,0.516,1
3,928435,37,rpm,783,352,36.5,36.5,3893,500,0,532,0.516,1
3,928455,37,rpm,695,352,36.5,36.5,3893,500,0,532,0.516,1
3,928476,37,rpm,533,352,36.5,36.5,3893,500,0,532,0.516,1
3,928496,37,rpm,379,352,36.5,36.5,3893,500,0,532,0.516,1
3,928517,37,rpm,266,352,36.5,36.5,3893,500,0,532,0.516,1
3,928538,37,rpm,165,352,36.5,36.5,3893,500,0,532,0.516,1
3,928558,37,rpm,23,352,36.5,36.5,3893,500,0,532,0.516,1
3,928579,37,rpm,11,352,36.5,36.5,3893,500,0,533,0.517,1
3,928599,37,rpm,13,352,36.5,36.5,3893,500,0,533,0.517,1
3,928620,37,rpm,69,352,36.5,36.5,3893,500,0,533,0.517,1
3,928640,37,rpm,404,352,36.5,36.5,3893,500,0,533,0.517,1
3,928661,37,rpm,611,352,36.5,36.5,3893,500,0,533,0.517,1
3,928682,37,rpm,713,352,36.5,36.5,3893,500,0,533,0.517,1
3,928702,37,rpm,727,352,36.5,36.5,3893,500,0,533,0.517,1
3,928723,37,rpm,618,352,36.5,36.5,3893,500,0,533,0.517,1
3,928743,37,rpm,478,352,36.5,36.5,3893,500,0,533,0.517,1
3,928764,37,rpm,363,352,36.5,36.5,3893,500,0,534,0.518,1
3,928784,37,rpm,279,352,36.5,36.5,3893,500,0,534,0.518,1
3,928805,37,rpm,35,352,36.5,36.5,3893,500,0,534,0.518,1
3,928826,37,rpm,14,352,36.5,36.5,3893,500,0,534,0.518,1
3,928846,37,rpm,13,352,36.5,36.5,3893,500,0,534,0.518,1
3,928867,37,rpm,49,352,36.5,36.5,3893,500,0,534,0.518,1
3,928887,37,rpm,340,352,36.5,36.5,3893,500,0,534,0.518,1
3,928908,37,rpm,618,352,36.5,36.5,3893,500,0,534,0.518,1
3,928929,37,rpm,696,352,36.5,36.5,3893,500,0,535,0.519,1
3,928949,37,rpm,698,352,36.5,36.5,3893,500,0,535,0.519,1
3,928970,37,rpm,666,352,36.5,36.5,3893,500,0,535,0.519,1
3,928990,37,rpm,548,352,36.5,36.5,3893,500,0,535,0.519,1
3,929011,37,rpm,443,352,36.5,36.5,3893,500,0,535,0.519,1
3,929031,37,rpm,353,352,36.5,36.5,3893,500,0,535,0.519,1
3,929052,37,rpm,136,352,36.5,36.5,3893,500,0,535,0.519,1
3,929072,37,rpm,20,352,36.5,36.5,3893,500,0,535,0.519,1
3,929093,37,rpm,12,352,36.5,36.5,3893,500,0,536,0.519,1
3,929113,37,rpm,23,352,36.5,36.5,3893,500,0,536,0.52,1
3,929134,37,rpm,150,352,36.5,36.5,3893,500,0,536,0.52,1
3,929155,37,rpm,508,352,36.5,36.5,3893,500,0,536,0.52,1
3,929175,37,rpm,637,352,36.5,36.5,3893,500,0,536,0.52,1
3,929196,37,rpm,677,352,36.5,36.5,3893,500,0,536,0.52,1
3,929216,37,rpm,644,352,36.5,36.5,3893,500,0,536,0.52,1
3,929237,37,rpm,574,352,36.5,36.5,3893,500,0,536,0.52,1
3,929258,37,rpm,457,352,36.5,36.5,3893,500,0,536,0.52,1
3,929278,37,rpm,376,352,36.5,36.5,3893,500,0,537,0.521,1
3,929299,37,rpm,228,352,36.5,36.5,3893,500,0,537,0.521,1
3,929319,37,rpm,24,352,36.5,36.5,3893,500,0,537,0.521,1
3,929340,37,rpm,12,352,36.5,36.5,3893,500,0,537,0.521,1
3,929360,37,rpm,13,352,36.5,36.5,3893,500,0,537,0.521,1
3,929381,37,rpm,56,352,36.5,36.5,3893,500,0,537,0.521,1
3,929401,37,rpm,299,352,36.5,36.5,3893,500,0,537,0.521,1
3,929422,37,rpm,585,352,36.5,36.5,3893,500,0,537,0.521,1
3,929442,37,rpm,787,352,36.5,36.5,3893,500,0,538,0.521,1
3,929463,37,rpm,766,352,36.5,36.5,3893,500,0,538,0.522,1
3,929484,37,rpm,669,352,36.5,36.5,3893,500,0,538,0.522,1
3,929504,37,rpm,523,352,36.5,36.5,3893,500,0,538,0.522,1
3,929525,37,rpm,365,352,36.5,36.5,3893,500,0,538,0.522,1
3,929545,37,rpm,281,352,36.5,36.5,3893,500,0,538,0.522,1
3,929566,37,rpm,160,352,36.5,36.5,3893,500,0,538,0.522,1
3,929587,37,rpm,22,352,36.5,36.5,3893,500,0,538,0.522,1
3,929607,37,rpm,11,352,36.5,36.5,3893,500,0,539,0.522,1
3,929628,37,rpm,14,352,36.5,36.5,3893,500,0,539,0.523,1
3,929648,37,rpm,73,352,36.5,36.5,3893,500,0,539,0.523,1
3,929669,37,rpm,339,352,36.5,36.5,3893,500,0,539,0.523,1
3,929689,37,rpm,625,352,36.5,36.5,3893,500,0,539,0.523,1
3,929710,37,rpm,768,352,36.5,36.5,3893,500,0,539,0.523,1
3,929731,37,rpm,696,352,36.5,36.5,3893,500,0,539,0.523,1
3,929751,37,rpm,620,352,36.5,36.5,3893,500,0,539,0.523,1
3,929772,37,rpm,452,352,36.5,36.5,3893,500,0,540,0.523,1
3,929792,37,rpm,319,352,36.5,36.5,3893,500,0,540,0.523,1
3,929813,37,rpm,272,352,36.5,36.5,3893,500,0,540,0.524,1
3,929833,37,rpm,78,352,36.5,36.5,3893,500,0,540,0.524,1
3,929854,37,rpm,15,352,36.5,36.5,3893,500,0,540,0.524,1
3,929875,37,rpm,10,352,36.5,36.5,3893,500,0,540,0.524,1
3,929895,37,rpm,26,352,36.5,36.5,3893,500,0,540,0.524,1
3,929916,37,rpm,174,352,36.5,36.5,3893,500,0,540,0.524,1
3,929936,37,rpm,531,352,36.5,36.5,3893,500,0,540,0.524,1
3,929957,37,rpm,769,352,36.5,36.5,3893,500,0,541,0.524,1
3,929978,37,rpm,783,352,36.5,36.5,3893,500,0,541,0.524,1
3,929998,37,rpm,698,352,36.5,36.5,3893,500,0,541,0.525,1
3,930019,37,rpm,531,352,36.5,36.5,3893,500,0,541,0.525,1
3,930039,37,rpm,379,352,36.5,36.5,3893,500,0,541,0.525,1
3,930060,37,rpm,265,352,36.5,36.5,3893,500,0,541,0.525,1
3,930080,37,rpm,162,352,36.5,36.5,3893,500,0,541,0.525,1
3,930101,37,rpm,23,352,36.5,36.5,3893,500,0,541,0.525,1
3,930122,37,rpm,11,352,36.5,36.5,3893,500,0,542,0.525,1
3,930142,37,rpm,13,352,36.5,36.5,3893,500,0,542,0.525,1
3,930163,37,rpm,69,352,36.5,36.5,3893,500,0,542,0.526,1
3,930183,37,rpm,400,352,36.5,36.5,3893,500,0,542,0.526,1
3,930204,37,rpm,613,352,36.5,36.5,3893,500,0,542,0.526,1
3,930224,37,rpm,684,352,36.5,36.5,3893,500,0,542,0.526,1
3,930245,37,rpm,718,352,36.5,36.5,3893,500,0,542,0.526,1
3,930265,37,rpm,623,352,36.5,36.5,3893,500,0,542,0.526,1
3,930286,37,rpm,489,352,36.5,36.5,3893,500,0,543,0.526,1
3,930307,37,rpm,378,352,36.5,36.5,3893,500,0,543,0.526,1
3,930327,37,rpm,287,352,36.5,36.5,3893,500,0,543,0.526,1
3,930348,37,rpm,37,352,36.5,36.5,3893,500,0,543,0.527,1
3,930368,37,rpm,14,352,36.5,36.5,3893,500,0,543,0.527,1
3,930389,37,rpm,13,352,36.5,36.5,3893,500,0,543,0.527,1
3,930409,37,rpm,44,352,36.5,36.5,3893,500,0,543,0.527,1
3,930430,37,rpm,316,352,36.5,36.5,3893,500,0,543,0.527,1
3,930450,37,rpm,625,352,36.5,36.5,3893,500,0,543,0.527,1
3,930471,37,rpm,698,352,36.5,36.5,3893,500,0,544,0.527,1
3,930491,37,rpm,701,352,36.5,36.5,3893,500,0,544,0.527,1
3,930512,37,rpm,672,352,36.5,36.5,3893,500,0,544,0.528,1
3,930533,37,rpm,557,352,36.5,36.5,3893,500,0,544,0.528,1
3,930553,37,rpm,449,352,36.5,36.5,3893,500,0,544,0.528,1
3,930574,37,rpm,357,352,36.5,36.5,3893,500,0,544,0.528,1
3,930594,37,rpm,149,352,36.5,36.5,3893,500,0,544,0.528,1
3,930615,37,rpm,21,352,36.5,36.5,3893,500,0,544,0.528,1
3,930635,37,rpm,12,352,36.5,36.5,3893,500,0,545,0.528,1
3,930656,37,rpm,22,352,36.5,36.5,3893,500,0,545,0.528,1
3,930677,37,rpm,144,352,36.5,36.5,3893,500,0,545,0.528,1
3,930697,37,rpm,497,352,36.5,36.5,3893,500,0,545,0.529,1
3,930718,37,rpm,632,352,36.5,36.5,3893,500,0,545,0.529,1
3,930738,37,rpm,678,352,36.5,36.5,3893,500,0,545,0.529,1
3,930759,37,rpm,639,352,36.5,36.5,3893,500,0,545,0.529,1
3,930779,37,rpm,574,352,36.5,36.5,3893,500,0,545,0.529,1
3,930800,37,rpm,460,352,36.5,36.5,3893,500,0,546,0.529,1
3,930821,37,rpm,382,352,36.5,36.5,3893,500,0,546,0.529,1
3,930841,37,rpm,237,352,36.5,36.5,3893,500,0,546,0.529,1
3,930862,37,rpm,26,352,36.5,36.5,3893,500,0,546,0.53,1
3,930882,37,rpm,13,352,36.5,36.5,3893,500,0,546,0.53,1
3,930903,37,rpm,14,352,36.5,36.5,3893,500,0,546,0.53,1
3,930924,37,rpm,58,352,36.5,36.5,3893,500,0,546,0.53,1
3,930944,37,rpm,305,352,36.5,36.5,3893,500,0,546,0.53,1
3,930965,37,rpm,555,352,36.5,36.5,3893,500,0,547,0.53,1
3,930985,37,rpm,763,352,36.5,36.5,3893,500,0,547,0.53,1
3,931006,37,rpm,760,352,36.5,36.5,3893,500,0,547,0.53,1
3,931026,37,rpm,671,352,36.5,36.5,3893,500,0,547,0.53,1
3,931047,37,rpm,521,352,36.5,36.5,3893,500,0,547,0.531,1
3,931068,37,rpm,366,352,36.5,36.5,3893,500,0,547,0.531,1
3,931088,37,rpm,296,352,36.5,36.5,3893,500,0,547,0.531,1
3,931109,37,rpm,163,352,36.5,36.5,3893,500,0,547,0.531,1
3,931129,37,rpm,22,352,36.5,36.5,3893,500,0,547,0.531,1
3,931150,37,rpm,11,352,36.5,36.5,3893,500,0,548,0.531,1
3,931170,37,rpm,13,352,36.5,36.5,3893,500,0,548,0.531,1
3,931191,37,rpm,70,352,36.5,36.5,3893,500,0,548,0.531,1
3,931211,37,rpm,327,352,36.5,36.5,3893,500,0,548,0.532,1
3,931232,37,rpm,562,352,36.5,36.5,3893,500,0,548,0.532,1
3,931253,37,rpm,741,352,36.5,36.5,3893,500,0,548,0.532,1
3,931273,37,rpm,703,352,36.5,36.5,3893,500,0,548,0.532,1
3,931294,37,rpm,625,352,36.5,36.5,3893,500,0,548,0.532,1
3,931314,37,rpm,469,352,36.5,36.5,3893,500,0,549,0.532,1
3,931335,37,rpm,336,352,36.5,36.5,3893,500,0,549,0.532,1
3,931356,37,rpm,290,352,36.5,36.5,3893,500,0,549,0.532,1
3,931376,37,rpm,75,352,36.5,36.5,3893,500,0,549,0.532,1
3,931397,37,rpm,15,352,36.5,36.5,3893,500,0,549,0.533,1
3,931417,37,rpm,11,352,36.5,36.5,3893,500,0,549,0.533,1
3,931438,37,rpm,28,352,36.5,36.5,3893,500,0,549,0.533,1
3,931458,37,rpm,188,352,36.5,36.5,3893,500,0,549,0.533,1
3,931479,37,rpm,555,352,36.5,36.5,3893,500,0,550,0.533,1
3,931500,37,rpm,783,352,36.5,36.5,3893,500,0,550,0.533,1
3,931520,37,rpm,788,352,36.5,36.5,3893,500,0,550,0.533,1
3,931541,37,rpm,695,352,36.5,36.5,3893,500,0,550,0.533,1
3,931561,37,rpm,532,352,36.5,36.5,3893,500,0,550,0.534,1
3,931582,37,rpm,375,352,36.5,36.5,3893,500,0,550,0.534,1
3,931602,37,rpm,263,352,36.5,36.5,3893,500,0,550,0.534,1
3,931623,37,rpm,166,352,36.5,36.5,3893,500,0,550,0.534,1
3,931644,37,rpm,24,352,36.5,36.5,3893,500,0,551,0.534,1
3,931664,37,rpm,11,352,36.5,36.5,3893,500,0,551,0.534,1
3,931685,37,rpm,13,352,36.5,36.5,3893,500,0,551,0.534,1
3,931705,37,rpm,66,352,36.5,36.5,3893,500,0,551,0.534,1
3,931726,37,rpm,390,352,36.5,36.5,3893,500,0,551,0.534,1
3,931746,37,rpm,609,352,36.5,36.5,3893,500,0,551,0.535,1
3,931767,37,rpm,696,352,36.5,36.5,3893,500,0,551,0.535,1
3,931788,37,rpm,725,352,36.5,36.5,3893,500,0,551,0.535,1
3,931808,37,rpm,621,352,36.5,36.5,3893,500,0,551,0.535,1
3,931829,37,rpm,485,352,36.5,36.5,3893,500,0,552,0.535,1
3,931849,37,rpm,373,352,36.5,36.5,3893,500,0,552,0.535,1
3,931870,37,rpm,290,352,36.5,36.5,3893,500,0,552,0.535,1
3,931890,37,rpm,40,352,36.5,36.5,3893,500,0,552,0.535,1
3,931911,37,rpm,15,352,36.5,36.5,3893,500,0,552,0.536,1
3,931931,37,rpm,13,352,36.5,36.5,3893,500,0,552,0.536,1
3,931952,37,rpm,43,352,36.5,36.5,3893,500,0,552,0.536,1
3,931973,37,rpm,318,352,36.5,36.5,3893,500,0,552,0.536,1
3,931993,37,rpm,615,352,36.5,36.5,3893,500,0,553,0.536,1
3,932014,37,rpm,687,352,36.5,36.5,3893,500,0,553,0.536,1
3,932034,37,rpm,695,352,36.5,36.5,3893,500,0,553,0.536,1
3,932055,37,rpm,660,352,36.5,36.5,3893,500,0,553,0.536,1
3,932075,37,rpm,553,352,36.5,36.5,3893,500,0,553,0.536,1
3,932096,37,rpm,449,352,36.5,36.5,3893,500,0,553,0.537,1
3,932117,37,rpm,358,352,36.5,36.5,3893,500,0,553,0.537,1
3,932137,37,rpm,146,352,36.5,36.5,3893,500,0,553,0.537,1
3,932158,37,rpm,20,352,36.5,36.5,3893,500,0,554,0.537,1
3,932178,37,rpm,12,352,36.5,36.5,3893,500,0,554,0.537,1
3,932199,37,rpm,22,352,36.5,36.5,3893,500,0,554,0.537,1
3,932219,37,rpm,139,352,36.5,36.5,3893,500,0,554,0.537,1
3,932240,37,rpm,496,352,36.5,36.5,3893,500,0,554,0.537,1
3,932261,37,rpm,633,352,36.5,36.5,3893,500,0,554,0.537,1
3,932281,37,rpm,681,352,36.5,36.5,3893,500,0,554,0.538,1
3,932302,37,rpm,650,352,36.5,36.5,3893,500,0,554,0.538,1
3,932322,37,rpm,572,352,36.5,36.5,3893,500,0,554,0.538,1
3,932343,37,rpm,462,352,36.5,36.5,3893,500,0,555,0.538,1
3,932364,37,rpm,380,352,36.5,36.5,3893,500,0,555,0.538,1
3,932384,37,rpm,238,352,36.5,36.5,3893,500,0,555,0.538,1
3,932405,37,rpm,27,352,36.5,36.5,3893,500,0,555,0.538,1
3,932425,37,rpm,12,352,36.5,36.5,3893,500,0,555,0.538,1
3,932446,37,rpm,13,352,36.5,36.5,3893,500,0,555,0.539,1
3,932466,37,rpm,52,352,36.5,36.5,3893,500,0,555,0.539,1
3,932487,37,rpm,289,352,36.5,36.5,3893,500,0,555,0.539,1
3,932508,37,rpm,600,352,36.5,36.5,3893,500,0,556,0.539,1
3,932528,37,rpm,788,352,36.5,36.5,3893,500,0,556,0.539,1
3,932549,37,rpm,766,352,36.5,36.5,3893,500,0,556,0.539,1
3,932569,37,rpm,668,352,36.5,36.5,3893,500,0,556,0.539,1
3,932590,37,rpm,520,352,36.5,36.5,3893,500,0,556,0.539,1
3,932610,37,rpm,370,352,36.5,36.5,3893,500,0,556,0.539,1
3,932631,37,rpm,279,352,36.5,36.5,3893,500,0,556,0.54,1
3,932652,37,rpm,161,352,36.5,36.5,3893,500,0,556,0.54,1
3,932672,37,rpm,24,352,36.5,36.5,3893,500,0,557,0.54,1
3,932693,37,rpm,11,352,36.5,36.5,3893,500,0,557,0.54,1
3,932714,37,rpm,14,352,36.5,36.5,3893,500,0,557,0.54,1
3,932734,37,rpm,70,352,36.5,36.5,3893,500,0,557,0.54,1
3,932755,37,rpm,332,352,36.5,36.5,3893,500,0,557,0.54,1
3,932775,37,rpm,607,352,36.5,36.5,3893,500,0,557,0.54,1
3,932796,37,rpm,753,352,36.5,36.5,3893,500,0,557,0.541,1
3,932816,37,rpm,699,352,36.5,36.5,3893,500,0,557,0.541,1
3,932837,37,rpm,625,352,36.5,36.5,3893,500,0,558,0.541,1
3,932858,37,rpm,455,352,36.5,36.5,3893,500,0,558,0.541,1
3,932878,37,rpm,323,352,36.5,36.5,3893,500,0,558,0.541,1
3,932899,37,rpm,271,352,36.5,36.5,3893,500,0,558,0.541,1
3,932919,37,rpm,74,352,36.5,36.5,3893,500,0,558,0.541,1
3,932940,37,rpm,16,352,36.5,36.5,3893,500,0,558,0.541,1
3,932960,37,rpm,11,352,36.5,36.5,3893,500,0,558,0.541,1
3,932981,37,rpm,26,352,36.5,36.5,3893,500,0,558,0.542,1
3,933002,37,rpm,174,352,36.5,36.5,3893,500,0,558,0.542,1
3,933022,37,rpm,540,352,36.5,36.5,3893,500,0,559,0.542,1
3,933043,37,rpm,778,352,36.5,36.5,3893,500,0,559,0.542,1
3,933063,37,rpm,788,352,36.5,36.5,3893,500,0,559,0.542,1
3,933084,37,rpm,700,352,36.5,36.5,3893,500,0,559,0.542,1
3,933105,37,rpm,535,352,36.5,36.5,3893,500,0,559,0.542,1
3,933125,37,rpm,379,352,36.5,36.5,3893,500,0,559,0.542,1
3,933146,37,rpm,267,352,36.5,36.5,3893,500,0,559,0.543,1
3,933166,37,rpm,165,352,36.5,36.5,3893,500,0,559,0.543,1
3,933187,37,rpm,26,352,36.5,36.5,3893,500,0,560,0.543,1
3,933207,37,rpm,12,352,36.5,36.5,3893,500,0,560,0.543,1
3,933228,37,rpm,13,352,36.5,36.5,3893,500,0,560,0.543,1
3,933249,37,rpm,65,352,36.5,36.5,3893,500,0,560,0.543,1
3,933269,37,rpm,390,352,36.5,36.5,3893,500,0,560,0.543,1
3,933290,37,rpm,612,352,36.5,36.5,3893,500,0,560,0.543,1
3,933310,37,rpm,687,352,36.5,36.5,3893,500,0,560,0.543,1
3,933331,37,rpm,721,352,36.5,36.5,3893,500,0,560,0.544,1
3,933352,37,rpm,625,352,36.5,36.5,3893,500,0,561,0.544,1
3,933372,37,rpm,490,352,36.5,36.5,3893,500,0,561,0.544,1
3,933393,37,rpm,376,352,36.5,36.5,3893,500,0,561,0.544,1
3,933414,37,rpm,278,352,36.5,36.5,3893,500,0,561,0.544,1
3,933434,37,rpm,37,352,36.5,36.5,3893,500,0,561,0.544,1
3,933455,37,rpm,15,352,36.5,36.5,3893,500,0,561,0.544,1
3,933475,37,rpm,13,352,36.5,36.5,3893,500,0,561,0.544,1
3,933496,37,rpm,45,352,36.5,36.5,3893,500,0,561,0.545,1
3,933516,37,rpm,318,352,36.5,36.5,3893,500,0,561,0.545,1
3,933537,37,rpm,621,352,36.5,36.5,3893,500,0,562,0.545,1
3,933557,37,rpm,698,352,36.5,36.5,3893,500,0,562,0.545,1
3,933578,37,rpm,700,352,36.5,36.5,3893,500,0,562,0.545,1
3,933599,37,rpm,661,352,36.5,36.5,3893,500,0,562,0.545,1
3,933619,37,rpm,555,352,36.5,36.5,3893,500,0,562,0.545,1
3,933640,37,rpm,447,352,36.5,36.5,3893,500,0,562,0.545,1
3,933660,37,rpm,356,352,36.5,36.5,3893,500,0,562,0.545,1
3,933681,37,rpm,141,352,36.5,36.5,3893,500,0,562,0.546,1
3,933701,37,rpm,21,352,36.5,36.5,3893,500,0,563,0.546,1
3,933722,37,rpm,12,352,36.5,36.5,3893,500,0,563,0.546,1
3,933743,37,rpm,23,352,36.5,36.5,3893,500,0,563,0.546,1
3,933763,37,rpm,146,352,36.5,36.5,3893,500,0,563,0.546,1
3,933784,37,rpm,500,352,36.5,36.5,3893,500,0,563,0.546,1
3,933804,37,rpm,633,352,36.5,36.5,3893,500,0,563,0.546,1
3,933825,37,rpm,681,352,36.5,36.5,3893,500,0,563,0.546,1
3,933846,37,rpm,633,352,36.5,36.5,3893,500,0,563,0.547,1
3,933866,37,rpm,573,352,36.5,36.5,3893,500,0,564,0.547,1
3,933887,37,rpm,459,352,36.5,36.5,3893,500,0,564,0.547,1
3,933907,37,rpm,378,352,36.5,36.5,3893,500,0,564,0.547,1
3,933928,37,rpm,227,352,36.5,36.5,3893,500,0,564,0.547,1
3,933948,37,rpm,29,352,36.5,36.5,3893,500,0,564,0.547,1
3,933969,37,rpm,13,352,36.5,36.5,3893,500,0,564,0.547,1
3,933990,37,rpm,14,352,36.5,36.5,3893,500,0,564,0.547,1
3,934010,37,rpm,59,352,36.5,36.5,3893,500,0,564,0.547,1
3,934031,37,rpm,300,352,36.5,36.5,3893,500,0,565,0.548,1
3,934051,37,rpm,555,352,36.5,36.5,3893,500,0,565,0.548,1
3,934072,37,rpm,757,352,36.5,36.5,3893,500,0,565,0.548,1
3,934092,37,rpm,760,352,36.5,36.5,3893,500,0,565,0.548,1
3,934113,37,rpm,675,352,36.5,36.5,3893,500,0,565,0.548,1
3,934134,37,rpm,528,352,36.5,36.5,3893,500,0,565,0.548,1
3,934154,37,rpm,369,352,36.5,36.5,3893,500,0,565,0.548,1
3,934175,37,rpm,295,352,36.5,36.5,3893,500,0,565,0.548,1
3,934195,37,rpm,162,352,36.5,36.5,3893,500,0,565,0.548,1
3,934216,37,rpm,25,352,36.5,36.5,3893,500,0,566,0.549,1
3,934236,37,rpm,12,352,36.5,36.5,3893,500,0,566,0.549,1
3,934257,37,rpm,14,352,36.5,36.5,3893,500,0,566,0.549,1
3,934277,37,rpm,70,352,36.5,36.5,3893,500,0,566,0.549,1
3,934298,37,rpm,331,352,36.5,36.5,3893,500,0,566,0.549,1
3,934319,37,rpm,576,352,36.5,36.5,3893,500,0,566,0.549,1
3,934339,37,rpm,756,352,36.5,36.5,3893,500,0,566,0.549,1
3,934360,37,rpm,710,352,36.5,36.5,3893,500,0,566,0.549,1
3,934380,37,rpm,629,352,36.5,36.5,3893,500,0,567,0.55,1
3,934401,37,rpm,464,352,36.5,36.5,3893,500,0,567,0.55,1
3,934422,37,rpm,339,352,36.5,36.5,3893,500,0,567,0.55,1
3,934442,37,rpm,283,352,36.5,36.5,3893,500,0,567,0.55,1
3,934463,37,rpm,73,352,36.5,36.5,3893,500,0,567,0.55,1
3,934483,37,rpm,17,352,36.5,36.5,3893,500,0,567,0.55,1
3,934504,37,rpm,12,352,36.5,36.5,3893,500,0,567,0.55,1
3,934524,37,rpm,28,352,36.5,36.5,3893,500,0,567,0.55,1
3,934545,37,rpm,176,352,36.5,36.5,3893,500,0,568,0.55,1
3,934566,37,rpm,541,352,36.5,36.5,3893,500,0,568,0.551,1
3,934586,37,rpm,764,352,36.5,36.5,3893,500,0,568,0.551,1
3,934607,37,rpm,779,352,36.5,36.5,3893,500,0,568,0.551,1
3,934627,37,rpm,694,352,36.5,36.5,3893,500,0,568,0.551,1
3,934648,37,rpm,531,352,36.5,36.5,3893,500,0,568,0.551,1
3,934668,37,rpm,376,352,36.5,36.5,3893,500,0,568,0.551,1
3,934689,37,rpm,268,352,36.5,36.5,3893,500,0,568,0.551,1
3,934709,37,rpm,163,352,36.5,36.5,3893,500,0,568,0.551,1
3,934730,37,rpm,26,352,36.5,36.5,3893,500,0,569,0.552,1
3,934751,37,rpm,12,352,36.5,36.5,3893,500,0,569,0.552,1
3,934771,37,rpm,14,352,36.5,36.5,3893,500,0,569,0.552,1
3,934792,37,rpm,72,352,36.5,36.5,3893,500,0,569,0.552,1
3,934812,37,rpm,398,352,36.5,36.5,3893,500,0,569,0.552,1
3,934833,37,rpm,602,352,36.5,36.5,3893,500,0,569,0.552,1
3,934854,37,rpm,691,352,36.5,36.5,3893,500,0,569,0.552,1
3,934874,37,rpm,724,352,36.5,36.5,3893,500,0,569,0.552,1
3,934895,37,rpm,620,352,36.5,36.5,3893,500,0,570,0.552,1
3,934915,37,rpm,487,352,36.5,36.5,3893,500,0,570,0.553,1
3,934936,37,rpm,382,352,36.5,36.5,3893,500,0,570,0.553,1
3,934956,37,rpm,290,352,36.5,36.5,3893,500,0,570,0.553,1
3,934977,37,rpm,39,352,36.5,36.5,3893,500,0,570,0.553,1
3,934998,37,rpm,16,352,36.5,36.5,3893,500,0,570,0.553,1
3,935018,37,rpm,14,352,36.5,36.5,3893,500,0,570,0.553,1
3,935039,37,rpm,48,352,36.5,36.5,3893,500,0,570,0.553,1
3,935059,37,rpm,321,352,36.5,36.5,3893,500,0,571,0.553,1
3,935080,37,rpm,606,352,36.5,36.5,3893,500,0,571,0.554,1
3,935100,37,rpm,690,352,36.5,36.5,3893,500,0,571,0.554,1
3,935121,37,rpm,699,352,36.5,36.5,3893,500,0,571,0.554,1
3,935142,37,rpm,666,352,36.5,36.5,3893,500,0,571,0.554,1
3,935162,37,rpm,555,352,36.5,36.5,3893,500,0,571,0.554,1
3,935183,37,rpm,447,352,36.5,36.5,3893,500,0,571,0.554,1
3,935203,37,rpm,356,352,36.5,36.5,3893,500,0,571,0.554,1
3,935224,37,rpm,136,352,36.5,36.5,3893,500,0,571,0.554,1
3,935244,37,rpm,22,352,36.5,36.5,3893,500,0,572,0.554,1
3,935265,37,rpm,14,352,36.5,36.5,3893,500,0,572,0.555,1
3,935286,37,rpm,24,352,36.5,36.5,3893,500,0,572,0.555,1
3,935306,37,rpm,148,352,36.5,36.5,3893,500,0,572,0.555,1
3,935327,37,rpm,494,352,36.5,36.5,3893,500,0,572,0.555,1
3,935347,37,rpm,625,352,36.5,36.5,3893,500,0,572,0.555,1
3,935368,37,rpm,677,352,36.5,36.5,3893,500,0,572,0.555,1
3,935388,37,rpm,648,352,36.5,36.5,3893,500,0,572,0.555,1
3,935409,37,rpm,574,352,36.5,36.5,3893,500,0,573,0.555,1
3,935430,37,rpm,464,352,36.5,36.5,3893,500,0,573,0.556,1
3,935450,37,rpm,377,352,36.5,36.5,3893,500,0,573,0.556,1
3,935471,37,rpm,229,352,36.5,36.5,3893,500,0,573,0.556,1
3,935491,37,rpm,30,352,36.5,36.5,3893,500,0,573,0.556,1
3,935512,37,rpm,15,352,36.5,36.5,3893,500,0,573,0.556,1
3,935532,37,rpm,15,352,36.5,36.5,3893,500,0,573,0.556,1
3,935553,37,rpm,58,352,36.5,36.5,3893,500,0,573,0.556,1
3,935574,37,rpm,301,352,36.5,36.5,3893,500,0,574,0.556,1
3,935594,37,rpm,594,352,36.5,36.5,3893,500,0,574,0.556,1
3,935615,37,rpm,778,352,36.5,36.5,3893,500,0,574,0.557,1
3,935635,37,rpm,758,352,36.5,36.5,3893,500,0,574,0.557,1
3,935656,37,rpm,666,352,36.5,36.5,3893,500,0,574,0.557,1
3,935677,37,rpm,522,352,36.5,36.5,3893,500,0,574,0.557,1
3,935697,37,rpm,370,352,36.5,36.5,3893,500,0,574,0.557,1
3,935718,37,rpm,285,352,36.5,36.5,3893,500,0,574,0.557,1
3,935738,37,rpm,162,352,36.5,36.5,3893,500,0,575,0.557,1
3,935759,37,rpm,25,352,36.5,36.5,3893,500,0,575,0.557,1
3,935779,37,rpm,12,352,36.5,36.5,3893,500,0,575,0.558,1
3,935800,37,rpm,14,352,36.5,36.5,3893,500,0,575,0.558,1
3,935821,37,rpm,73,351,36.5,36.5,3893,500,0,575,0.558,1
3,935841,37,rpm,329,351,36.5,36.5,3893,500,0,575,0.558,1
3,935862,37,rpm,597,351,36.5,36.5,3893,500,0,575,0.558,1
3,935882,37,rpm,748,351,36.5,36.5,3893,500,0,575,0.558,1
3,935903,37,rpm,695,351,36.5,36.5,3893,500,0,575,0.558,1
3,935924,37,rpm,618,351,36.5,36.5,3893,500,0,576,0.558,1
3,935944,37,rpm,452,351,36.5,36.5,3893,500,0,576,0.558,1
3,935965,37,rpm,325,351,36.5,36.5,3893,500,0,576,0.559,1
3,935985,37,rpm,276,351,36.5,36.5,3893,500,0,576,0.559,1
3,936006,37,rpm,63,351,36.5,36.5,3893,500,0,576,0.559,1
3,936027,37,rpm,17,351,36.5,36.5,3893,500,0,576,0.559,1
3,936047,37,rpm,11,351,36.5,36.5,3893,500,0,576,0.559,1
3,936068,37,rpm,30,351,36.5,36.5,3893,500,0,576,0.559,1
3,936088,37,rpm,194,351,36.5,36.5,3893,500,0,577,0.559,1
3,936109,37,rpm,566,351,36.5,36.5,3893,500,0,577,0.559,1
3,936129,37,rpm,782,351,36.5,36.5,3893,500,0,577,0.559,1
3,936150,37,rpm,781,351,36.5,36.5,3893,500,0,577,0.56,1
3,936171,37,rpm,694,351,36.5,36.5,3893,500,0,577,0.56,1
3,936191,37,rpm,529,351,36.5,36.5,3893,500,0,577,0.56,1
3,936212,37,rpm,376,351,36.5,36.5,3893,500,0,577,0.56,1
3,936232,37,rpm,270,351,36.5,36.5,3893,500,0,577,0.56,1
3,936253,37,rpm,161,351,36.5,36.5,3893,500,0,578,0.56,1
3,936273,37,rpm,27,351,36.5,36.5,3893,500,0,578,0.56,1
3,936294,37,rpm,12,351,36.5,36.5,3893,500,0,578,0.56,1
3,936314,37,rpm,13,351,36.5,36.5,3893,500,0,578,0.561,1
3,936335,37,rpm,67,351,36.5,36.5,3893,500,0,578,0.561,1
3,936355,37,rpm,395,351,36.5,36.5,3893,500,0,578,0.561,1
3,936376,37,rpm,610,351,36.5,36.5,3893,500,0,578,0.561,1
3,936396,37,rpm,703,351,36.5,36.5,3893,500,0,578,0.561,1
3,936417,37,rpm,730,351,36.5,36.5,3893,500,0,578,0.561,1
3,936437,37,rpm,627,351,36.5,36.5,3893,500,0,579,0.561,1
3,936458,37,rpm,487,351,36.5,36.5,3893,500,0,579,0.561,1
3,936479,37,rpm,367,351,36.5,36.5,3893,500,0,579,0.561,1
3,936499,37,rpm,276,351,36.5,36.5,3893,500,0,579,0.562,1
3,936520,37,rpm,41,351,36.5,36.5,3893,500,0,579,0.562,1
3,936540,37,rpm,16,351,36.5,36.5,3893,500,0,579,0.562,1
3,936561,37,rpm,13,351,36.5,36.5,3893,500,0,579,0.562,1
3,936582,37,rpm,44,351,36.5,36.5,3893,500,0,579,0.562,1
3,936602,37,rpm,315,351,36.5,36.5,3893,500,0,580,0.562,1
3,936623,37,rpm,614,351,36.5,36.5,3893,500,0,580,0.562,1
3,936643,37,rpm,694,351,36.5,36.5,3893,500,0,580,0.562,1
3,936664,37,rpm,701,351,36.5,36.5,3893,500,0,580,0.563,1
3,936684,37,rpm,667,351,36.5,36.5,3893,500,0,580,0.563,1
3,936705,37,rpm,555,351,36.5,36.5,3893,500,0,580,0.563,1
3,936726,37,rpm,449,351,36.5,36.5,3893,500,0,580,0.563,1
3,936746,37,rpm,359,351,36.5,36.5,3893,500,0,580,0.563,1
3,936767,37,rpm,146,351,36.5,36.5,3893,500,0,581,0.563,1
3,936787,37,rpm,24,351,36.5,36.5,3893,500,0,581,0.563,1
3,936808,37,rpm,13,351,36.5,36.5,3893,500,0,581,0.563,1
3,936828,37,rpm,22,351,36.5,36.5,3893,500,0,581,0.563,1
3,936849,37,rpm,141,351,36.5,36.5,3893,500,0,581,0.564,1
3,936870,37,rpm,490,351,36.5,36.5,3893,500,0,581,0.564,1
3,936890,37,rpm,627,351,36.5,36.5,3893,500,0,581,0.564,1
3,936911,37,rpm,674,351,36.5,36.5,3893,500,0,581,0.564,1
3,936931,37,rpm,636,351,36.5,36.5,3893,500,0,581,0.564,1
3,936952,37,rpm,576,351,36.5,36.5,3893,500,0,582,0.564,1
3,936972,37,rpm,465,351,36.5,36.5,3893,500,0,582,0.564,1
3,936993,37,rpm,382,351,36.5,36.5,3893,500,0,582,0.564,1
3,937013,37,rpm,228,351,36.5,36.5,3893,500,0,582,0.565,1
3,937034,37,rpm,30,351,36.5,36.5,3893,500,0,582,0.565,1
3,937055,37,rpm,14,351,36.5,36.5,3893,500,0,582,0.565,1
3,937075,37,rpm,14,351,36.5,36.5,3893,500,0,582,0.565,1
3,937096,37,rpm,56,351,36.5,36.5,3893,500,0,582,0.565,1
3,937116,37,rpm,294,351,36.5,36.5,3893,500,0,583,0.565,1
3,937137,37,rpm,567,351,36.5,36.5,3893,500,0,583,0.565,1
3,937158,37,rpm,768,351,36.5,36.5,3893,500,0,583,0.565,1
3,937178,37,rpm,766,351,36.5,36.5,3893,500,0,583,0.565,1
3,937199,37,rpm,678,351,36.5,36.5,3893,500,0,583,0.566,1
3,937219,37,rpm,531,351,36.5,36.5,3893,500,0,583,0.566,1
3,937240,37,rpm,371,351,36.5,36.5,3893,500,0,583,0.566,1
3,937260,37,rpm,288,351,36.5,36.5,3893,500,0,583,0.566,1
3,937281,37,rpm,163,351,36.5,36.5,3893,500,0,584,0.566,1
3,937301,37,rpm,26,351,36.5,36.5,3893,500,0,584,0.566,1
3,937322,37,rpm,12,351,36.5,36.5,3893,500,0,584,0.566,1
3,937343,37,rpm,14,351,36.5,36.5,3893,500,0,584,0.566,1
3,937363,37,rpm,69,351,36.5,36.5,3893,500,0,584,0.567,1
3,937384,37,rpm,327,351,36.5,36.5,3893,500,0,584,0.567,1
3,937404,37,rpm,592,351,36.5,36.5,3893,500,0,584,0.567,1
3,937425,37,rpm,763,351,36.5,36.5,3893,500,0,584,0.567,1
3,937445,37,rpm,713,351,36.5,36.5,3893,500,0,585,0.567,1
3,937466,37,rpm,631,351,36.5,36.5,3893,500,0,585,0.567,1
3,937486,37,rpm,465,351,36.5,36.5,3893,500,0,585,0.567,1
3,937507,37,rpm,333,351,36.5,36.5,3893,500,0,585,0.567,1
3,937528,37,rpm,273,351,36.5,36.5,3893,500,0,585,0.567,1
3,937548,37,rpm,82,351,36.5,36.5,3893,500,0,585,0.568,1
3,937569,37,rpm,18,351,36.5,36.5,3893,500,0,585,0.568,1
3,937589,37,rpm,11,351,36.5,36.5,3893,500,0,585,0.568,1
3,937610,37,rpm,25,351,36.5,36.5,3893,500,0,585,0.568,1
3,937630,37,rpm,160,351,36.5,36.5,3893,500,0,586,0.568,1
3,937651,37,rpm,518,351,36.5,36.5,3893,500,0,586,0.568,1
3,937671,37,rpm,753,351,36.5,36.5,3893,500,0,586,0.568,1
3,937692,37,rpm,775,351,36.5,36.5,3893,500,0,586,0.568,1
3,937713,37,rpm,697,351,36.5,36.5,3893,500,0,586,0.568,1
3,937733,37,rpm,538,351,36.5,36.5,3893,500,0,586,0.569,1
3,937754,37,rpm,381,351,36.5,36.5,3893,500,0,586,0.569,1
3,937774,37,rpm,273,351,36.5,36.5,3893,500,0,586,0.569,1
3,937795,37,rpm,168,351,36.5,36.5,3893,500,0,587,0.569,1
3,937816,37,rpm,27,351,36.5,36.5,3893,500,0,587,0.569,1
3,937836,37,rpm,13,351,36.5,36.5,3893,500,0,587,0.569,1
3,937857,37,rpm,13,351,36.5,36.5,3893,500,0,587,0.569,1
3,937877,37,rpm,68,351,36.5,36.5,3893,500,0,587,0.569,1
3,937898,37,rpm,388,351,36.5,36.5,3893,500,0,587,0.57,1
3,937918,37,rpm,605,351,36.5,36.5,3893,500,0,587,0.57,1
3,937939,37,rpm,686,351,36.5,36.5,3893,500,0,587,0.57,1
3,937959,37,rpm,713,351,36.5,36.5,3893,500,0,588,0.57,1
3,937980,37,rpm,624,351,36.5,36.5,3893,500,0,588,0.57,1
3,938000,37,rpm,492,351,36.5,36.5,3893,500,0,588,0.57,1
3,938021,37,rpm,387,351,36.5,36.5,3893,500,0,588,0.57,1
3,938042,37,rpm,298,351,36.5,36.5,3893,500,0,588,0.57,1
3,938062,37,rpm,43,351,36.5,36.5,3893,500,0,588,0.57,1
3,938083,37,rpm,17,351,36.5,36.5,3893,500,0,588,0.571,1
3,938103,37,rpm,13,351,36.5,36.5,3893,500,0,588,0.571,1
3,938124,37,rpm,40,351,36.5,36.5,3893,500,0,588,0.571,1
3,938144,37,rpm,298,351,36.5,36.5,3893,500,0,589,0.571,1
3,938165,37,rpm,609,351,36.5,36.5,3893,500,0,589,0.571,1
3,938185,37,rpm,693,351,36.5,36.5,3893,500,0,589,0.571,1
3,938206,37,rpm,703,351,36.5,36.5,3893,500,0,589,0.571,1
3,938226,37,rpm,668,351,36.5,36.5,3893,500,0,589,0.571,1
3,938247,37,rpm,560,351,36.5,36.5,3893,500,0,589,0.572,1
3,938268,37,rpm,453,351,36.5,36.5,3893,500,0,589,0.572,1
3,938288,37,rpm,361,351,36.5,36.5,3893,500,0,589,0.572,1
3,938309,37,rpm,150,351,36.5,36.5,3893,500,0,590,0.572,1
3,938329,37,rpm,24,351,36.5,36.5,3893,500,0,590,0.572,1
3,938350,37,rpm,13,351,36.5,36.5,3893,500,0,590,0.572,1
3,938370,37,rpm,22,351,36.5,36.5,3893,500,0,590,0.572,1
3,938391,37,rpm,135,351,36.5,36.5,3893,500,0,590,0.572,1
3,938411,37,rpm,479,351,36.5,36.5,3893,500,0,590,0.572,1
3,938432,37,rpm,623,351,36.5,36.5,3893,500,0,590,0.573,1
3,938453,37,rpm,680,351,36.5,36.5,3893,500,0,590,0.573,1
3,938473,37,rpm,648,351,36.5,36.5,3893,500,0,591,0.573,1
3,938494,37,rpm,578,351,36.5,36.5,3893,500,0,591,0.573,1
3,938514,37,rpm,466,351,36.5,36.5,3893,500,0,591,0.573,1
3,938535,37,rpm,384,351,36.5,36.5,3893,500,0,591,0.573,1
3,938555,37,rpm,243,352,36.5,36.5,3893,500,0,591,0.573,1
3,938576,37,rpm,31,352,36.5,36.5,3893,500,0,591,0.573,1
3,938597,37,rpm,15,352,36.5,36.5,3893,500,0,591,0.574,1
3,938617,37,rpm,14,352,36.5,36.5,3893,500,0,591,0.574,1
3,938638,37,rpm,52,352,36.5,36.5,3893,500,0,591,0.574,1
3,938658,37,rpm,281,352,36.5,36.5,3893,500,0,592,0.574,1
3,938679,37,rpm,561,352,36.5,36.5,3893,500,0,592,0.574,1
3,938699,37,rpm,757,352,36.5,36.5,3893,500,0,592,0.574,1
3,938720,37,rpm,760,352,36.5,36.5,3893,500,0,592,0.574,1
3,938740,37,rpm,675,352,36.5,36.5,3893,500,0,592,0.574,1
3,938761,37,rpm,532,352,36.5,36.5,3893,500,0,592,0.574,1
3,938782,37,rpm,383,352,36.5,36.5,3893,500,0,592,0.575,1
3,938802,37,rpm,297,352,36.5,36.5,3893,500,0,592,0.575,1
3,938823,37,rpm,174,352,36.5,36.5,3893,500,0,593,0.575,1
3,938843,37,rpm,27,352,36.5,36.5,3893,500,0,593,0.575,1
3,938864,37,rpm,12,352,36.5,36.5,3893,500,0,593,0.575,1
3,938884,37,rpm,13,352,36.5,36.5,3893,500,0,593,0.575,1
3,938905,37,rpm,62,352,36.5,36.5,3893,500,0,593,0.575,1
3,938925,37,rpm,301,352,36.5,36.5,3893,500,0,593,0.575,1
3,938946,37,rpm,559,352,36.5,36.5,3893,500,0,593,0.575,1
3,938967,37,rpm,733,352,36.5,36.5,3893,500,0,593,0.576,1
3,938987,37,rpm,702,352,36.5,36.5,3893,500,0,594,0.576,1
3,939008,37,rpm,630,352,36.5,36.5,3893,500,0,594,0.576,1
3,939028,37,rpm,469,352,36.5,36.5,3893,500,0,594,0.576,1
3,939049,37,rpm,341,352,36.5,36.5,3893,500,0,594,0.576,1
3,939069,37,rpm,292,352,36.5,36.5,3893,500,0,594,0.576,1
3,939090,37,rpm,78,352,36.5,36.5,3893,500,0,594,0.576,1
3,939111,37,rpm,18,352,36.5,36.5,3893,500,0,594,0.576,1
3,939131,37,rpm,12,352,36.5,36.5,3893,500,0,594,0.577,1
3,939152,37,rpm,28,352,36.5,36.5,3893,500,0,595,0.577,1
3,939172,37,rpm,181,352,36.5,36.5,3893,500,0,595,0.577,1
3,939193,37,rpm,538,352,36.5,36.5,3893,500,0,595,0.577,1
3,939213,37,rpm,772,352,36.5,36.5,3893,500,0,595,0.577,1
3,939234,37,rpm,788,352,36.5,36.5,3893,500,0,595,0.577,1
3,939255,37,rpm,703,352,36.5,36.5,3893,500,0,595,0.577,1
3,939275,37,rpm,549,352,36.5,36.5,3893,500,0,595,0.577,1
3,939296,37,rpm,391,352,36.5,36.5,3893,500,0,595,0.577,1
3,939316,37,rpm,273,352,36.5,36.5,3893,500,0,595,0.578,1
3,939337,37,rpm,177,352,36.5,36.5,3893,500,0,596,0.578,1
3,939358,37,rpm,28,352,36.5,36.5,3893,500,0,596,0.578,1
3,939378,37,rpm,13,352,36.5,36.5,3893,500,0,596,0.578,1
3,939399,37,rpm,12,352,36.5,36.5,3893,500,0,596,0.578,1
3,939419,37,rpm,58,352,36.5,36.5,3893,500,0,596,0.578,1
3,939440,37,rpm,362,352,36.5,36.5,3893,500,0,596,0.578,1
3,939460,37,rpm,600,352,36.5,36.5,3893,500,0,596,0.578,1
3,939481,37,rpm,708,352,36.5,36.5,3893,500,0,596,0.579,1
3,939502,37,rpm,734,352,36.5,36.5,3893,500,0,597,0.579,1
3,939522,37,rpm,631,352,36.5,36.5,3893,500,0,597,0.579,1
3,939543,37,rpm,491,352,36.5,36.5,3893,500,0,597,0.579,1
3,939563,37,rpm,370,352,36.5,36.5,3893,500,0,597,0.579,1
3,939584,37,rpm,291,352,36.5,36.5,3893,500,0,597,0.579,1
3,939604,37,rpm,46,352,36.5,36.5,3893,500,0,597,0.579,1
3,939625,37,rpm,17,352,36.5,36.5,3893,500,0,597,0.579,1
3,939646,37,rpm,13,352,36.5,36.5,3893,500,0,597,0.579,1
3,939666,37,rpm,40,352,36.5,36.5,3893,500,0,598,0.58,1
3,939687,37,rpm,297,352,36.5,36.5,3893,500,0,598,0.58,1
3,939707,37,rpm,604,352,36.5,36.5,3893,500,0,598,0.58,1
3,939728,37,rpm,688,352,36.5,36.5,3893,500,0,598,0.58,1
3,939749,37,rpm,699,352,36.5,36.5,3893,500,0,598,0.58,1
3,939769,37,rpm,666,352,36.5,36.5,3893,500,0,598,0.58,1
3,939790,37,rpm,563,352,36.5,36.5,3893,500,0,598,0.58,1
3,939810,37,rpm,452,352,36.5,36.5,3893,500,0,598,0.58,1
3,939831,37,rpm,363,352,36.5,36.5,3893,500,0,598,0.581,1
3,939851,37,rpm,159,352,36.5,36.5,3893,500,0,599,0.581,1
3,939872,37,rpm,25,352,36.5,36.5,3893,500,0,599,0.581,1
3,939892,37,rpm,13,352,36.5,36.5,3893,500,0,599,0.581,1
3,939913,37,rpm,21,352,36.5,36.5,3893,500,0,599,0.581,1
3,939934,37,rpm,127,352,36.5,36.5,3893,500,0,599,0.581,1
3,939954,37,rpm,475,352,36.5,36.5,3893,500,0,599,0.581,1
3,939975,37,rpm,623,352,36.5,36.5,3893,500,0,599,0.581,1
3,939995,37,rpm,678,352,36.5,36.5,3893,500,0,599,0.581,1
3,940016,37,rpm,642,352,36.5,36.5,3893,500,0,600,0.582,1
3,940037,37,rpm,584,352,36.5,36.5,3893,500,0,600,0.582,1
3,940057,37,rpm,468,352,36.5,36.5,3893,500,0,600,0.582,1
3,940078,37,rpm,383,352,36.5,36.5,3893,500,0,600,0.582,1
3,940098,37,rpm,241,352,36.5,36.5,3893,500,0,600,0.582,1
3,940119,37,rpm,31,352,36.5,36.5,3893,500,0,600,0.582,1
3,940140,37,rpm,14,352,36.5,36.5,3893,500,0,600,0.582,1
3,940160,37,rpm,13,352,36.5,36.5,3893,500,0,600,0.582,1
3,940181,37,rpm,50,352,36.5,36.5,3893,500,0,601,0.583,1
3,940201,37,rpm,277,352,36.5,36.5,3893,500,0,601,0.583,1
3,940222,37,rpm,573,352,36.5,36.5,3893,500,0,601,0.583,1
3,940243,37,rpm,778,352,36.5,36.5,3893,500,0,601,0.583,1
3,940263,37,rpm,767,352,36.5,36.5,3893,500,0,601,0.583,1
3,940284,37,rpm,674,352,36.5,36.5,3893,500,0,601,0.583,1
3,940304,37,rpm,536,352,36.5,36.5,3893,500,0,601,0.583,1
3,940325,37,rpm,374,352,36.5,36.5,3893,500,0,601,0.583,1
3,940345,37,rpm,286,352,36.5,36.5,3893,500,0,601,0.583,1
3,940366,37,rpm,169,352,36.5,36.5,3893,500,0,602,0.584,1
3,940387,37,rpm,26,352,36.5,36.5,3893,500,0,602,0.584,1
3,940407,37,rpm,12,352,36.5,36.5,3893,500,0,602,0.584,1
3,940428,37,rpm,14,352,36.5,36.5,3893,500,0,602,0.584,1
3,940448,37,rpm,65,352,36.5,36.5,3893,500,0,602,0.584,1
3,940469,37,rpm,318,352,36.5,36.5,3893,500,0,602,0.584,1
3,940489,37,rpm,609,352,36.5,36.5,3893,500,0,602,0.584,1
3,940510,37,rpm,758,352,36.5,36.5,3893,500,0,602,0.584,1
3,940531,37,rpm,699,352,36.5,36.5,3893,500,0,603,0.585,1
3,940551,37,rpm,624,352,36.5,36.5,3893,500,0,603,0.585,1
3,940572,37,rpm,463,352,36.5,36.5,3893,500,0,603,0.585,1
3,940592,37,rpm,327,352,36.5,36.5,3893,500,0,603,0.585,1
3,940613,37,rpm,274,352,36.5,36.5,3893,500,0,603,0.585,1
3,940634,37,rpm,83,352,36.5,36.5,3893,500,0,603,0.585,1
3,940654,37,rpm,18,352,36.5,36.5,3893,500,0,603,0.585,1
3,940675,37,rpm,11,352,36.5,36.5,3893,500,0,603,0.585,1
3,940695,37,rpm,24,352,36.5,36.5,3893,500,0,604,0.585,1
3,940716,37,rpm,158,352,36.5,36.5,3893,500,0,604,0.586,1
3,940736,37,rpm,508,352,36.5,36.5,3893,500,0,604,0.586,1
3,940757,37,rpm,754,352,36.5,36.5,3893,500,0,604,0.586,1
3,940777,37,rpm,779,352,36.5,36.5,3893,500,0,604,0.586,1
3,940798,37,rpm,702,352,36.5,36.5,3893,500,0,604,0.586,1
3,940819,37,rpm,545,352,36.5,36.5,3893,500,0,604,0.586,1
3,940839,37,rpm,389,352,36.5,36.5,3893,500,0,604,0.586,1
3,940860,37,rpm,275,352,36.5,36.5,3893,500,0,605,0.586,1
3,940880,37,rpm,172,352,36.5,36.5,3893,500,0,605,0.586,1
3,940901,37,rpm,27,352,36.5,36.5,3893,500,0,605,0.587,1
3,940922,37,rpm,13,352,36.5,36.5,3893,500,0,605,0.587,1
3,940942,37,rpm,13,352,36.5,36.5,3893,500,0,605,0.587,1
3,940963,37,rpm,61,352,36.5,36.5,3893,500,0,605,0.587,1
3,940983,37,rpm,375,352,36.5,36.5,3893,500,0,605,0.587,1
3,941004,37,rpm,603,352,36.5,36.5,3893,500,0,605,0.587,1
3,941025,37,rpm,677,352,36.5,36.5,3893,500,0,605,0.587,1
3,941045,37,rpm,716,352,36.5,36.5,3893,500,0,606,0.587,1
3,941066,37,rpm,630,352,36.5,36.5,3893,500,0,606,0.588,1
3,941086,37,rpm,493,352,36.5,36.5,3893,500,0,606,0.588,1
3,941107,37,rpm,384,352,36.5,36.5,3893,500,0,606,0.588,1
3,941127,37,rpm,293,352,36.5,36.5,3893,500,0,606,0.588,1
3,941148,37,rpm,40,352,36.5,36.5,3893,500,0,606,0.588,1
3,941169,37,rpm,16,352,36.5,36.5,3893,500,0,606,0.588,1
3,941189,37,rpm,13,352,36.5,36.5,3893,500,0,606,0.588,1
3,941210,37,rpm,42,352,36.5,36.5,3893,500,0,607,0.588,1
3,941230,37,rpm,303,352,36.5,36.5,3893,500,0,607,0.588,1
3,941251,37,rpm,616,352,36.5,36.5,3893,500,0,607,0.589,1
3,941271,37,rpm,690,352,36.5,36.5,3893,500,0,607,0.589,1
3,941292,37,rpm,702,352,36.5,36.5,3893,500,0,607,0.589,1
3,941313,37,rpm,666,352,36.5,36.5,3893,500,0,607,0.589,1
3,941333,37,rpm,561,352,36.5,36.5,3893,500,0,607,0.589,1
3,941354,37,rpm,453,352,36.5,36.5,3893,500,0,607,0.589,1
3,941374,37,rpm,362,352,36.5,36.5,3893,500,0,608,0.589,1
3,941395,37,rpm,153,351,36.5,36.5,3893,500,0,608,0.589,1
3,941415,37,rpm,24,351,36.5,36.5,3893,500,0,608,0.59,1
3,941436,37,rpm,13,351,36.5,36.5,3893,500,0,608,0.59,1
3,941457,37,rpm,22,351,36.5,36.5,3893,500,0,608,0.59,1
3,941477,37,rpm,138,351,36.5,36.5,3893,500,0,608,0.59,1
3,941498,37,rpm,482,351,36.5,36.5,3893,500,0,608,0.59,1
3,941518,37,rpm,624,351,36.5,36.5,3893,500,0,608,0.59,1
3,941539,37,rpm,679,351,36.5,36.5,3893,500,0,608,0.59,1
3,941559,37,rpm,639,351,36.5,36.5,3893,500,0,609,0.59,1
3,941580,37,rpm,579,351,36.5,36.5,3893,500,0,609,0.59,1
3,941600,37,rpm,463,351,36.5,36.5,3893,500,0,609,0.591,1
3,941621,37,rpm,384,351,36.5,36.5,3893,500,0,609,0.591,1
3,941642,37,rpm,240,351,36.5,36.5,3893,500,0,609,0.591,1
3,941662,37,rpm,30,351,36.5,36.5,3893,500,0,609,0.591,1
3,941683,37,rpm,14,351,36.5,36.5,3893,500,0,609,0.591,1
3,941703,37,rpm,14,351,36.5,36.5,3893,500,0,609,0.591,1
3,941724,37,rpm,56,351,36.5,36.5,3893,500,0,610,0.591,1
3,941745,37,rpm,290,351,36.5,36.5,3893,500,0,610,0.591,1
3,941765,37,rpm,543,351,36.5,36.5,3893,500,0,610,0.592,1
3,941786,37,rpm,753,351,36.5,36.5,3893,500,0,610,0.592,1
3,941806,37,rpm,757,351,36.5,36.5,3893,500,0,610,0.592,1
3,941827,37,rpm,676,351,36.5,36.5,3893,500,0,610,0.592,1
3,941848,37,rpm,529,351,36.5,36.5,3893,500,0,610,0.592,1
3,941868,37,rpm,372,351,36.5,36.5,3893,500,0,610,0.592,1
3,941889,37,rpm,302,351,36.5,36.5,3893,500,0,611,0.592,1
3,941909,37,rpm,169,351,36.5,36.5,3893,500,0,611,0.592,1
3,941930,37,rpm,26,351,36.5,36.5,3893,500,0,611,0.592,1
3,941950,37,rpm,12,351,36.5,36.5,3893,500,0,611,0.593,1
3,941971,37,rpm,14,351,36.5,36.5,3893,500,0,611,0.593,1
3,941992,37,rpm,64,351,36.5,36.5,3893,500,0,611,0.593,1
3,942012,37,rpm,309,351,36.5,36.5,3893,500,0,611,0.593,1
3,942033,37,rpm,547,351,36.5,36.5,3893,500,0,611,0.593,1
3,942053,37,rpm,725,351,36.5,36.5,3893,500,0,612,0.593,1
3,942074,37,rpm,711,351,36.5,36.5,3893,500,0,612,0.593,1
3,942094,37,rpm,640,351,36.5,36.5,3893,500,0,612,0.593,1
3,942115,37,rpm,474,351,36.5,36.5,3893,500,0,612,0.594,1
3,942136,37,rpm,348,351,36.5,36.5,3893,500,0,612,0.594,1
3,942156,37,rpm,295,351,36.5,36.5,3893,500,0,612,0.594,1
3,942177,37,rpm,75,351,36.5,36.5,3893,500,0,612,0.594,1
3,942197,37,rpm,18,351,36.5,36.5,3893,500,0,612,0.594,1
3,942218,37,rpm,12,351,36.5,36.5,3893,500,0,612,0.594,1
3,942238,37,rpm,27,351,36.5,36.5,3893,500,0,613,0.594,1
3,942259,37,rpm,177,351,36.5,36.5,3893,500,0,613,0.594,1
3,942279,37,rpm,536,351,36.5,36.5,3893,500,0,613,0.594,1
3,942300,37,rpm,773,351,36.5,36.5,3893,500,0,613,0.595,1
3,942320,37,rpm,783,351,36.5,36.5,3893,500,0,613,0.595,1
3,942341,37,rpm,703,351,36.5,36.5,3893,500,0,613,0.595,1
3,942362,37,rpm,540,351,36.5,36.5,3893,500,0,613,0.595,1
3,942382,37,rpm,384,351,36.5,36.5,3893,500,0,613,0.595,1
3,942403,37,rpm,268,351,36.5,36.5,3893,500,0,614,0.595,1
3,942423,37,rpm,170,351,36.5,36.5,3893,500,0,614,0.595,1
3,942444,37,rpm,28,351,36.5,36.5,3893,500,0,614,0.595,1
3,942464,37,rpm,13,351,36.5,36.5,3893,500,0,614,0.595,1
3,942485,37,rpm,13,351,36.5,36.5,3893,500,0,614,0.596,1
3,942506,37,rpm,65,351,36.5,36.5,3893,500,0,614,0.596,1
3,942526,37,rpm,378,351,36.5,36.5,3893,500,0,614,0.596,1
3,942547,37,rpm,599,351,36.5,36.5,3893,500,0,614,0.596,1
3,942567,37,rpm,695,351,36.5,36.5,3893,500,0,615,0.596,1
3,942588,37,rpm,725,351,36.5,36.5,3893,500,0,615,0.596,1
3,942608,37,rpm,628,351,36.5,36.5,3893,500,0,615,0.596,1
3,942629,37,rpm,492,351,36.5,36.5,3893,500,0,615,0.596,1
3,942649,37,rpm,378,351,36.5,36.5,3893,500,0,615,0.597,1
3,942670,37,rpm,292,351,36.5,36.5,3893,500,0,615,0.597,1
3,942690,37,rpm,45,351,36.5,36.5,3893,500,0,615,0.597,1
3,942711,37,rpm,17,351,36.5,36.5,3893,500,0,615,0.597,1
3,942732,37,rpm,14,351,36.5,36.5,3893,500,0,615,0.597,1
3,942752,37,rpm,43,351,36.5,36.5,3893,500,0,616,0.597,1
3,942773,37,rpm,301,351,36.5,36.5,3893,500,0,616,0.597,1
3,942793,37,rpm,604,351,36.5,36.5,3893,500,0,616,0.597,1
3,942814,37,rpm,686,351,36.5,36.5,3893,500,0,616,0.597,1
3,942834,37,rpm,698,351,36.5,36.5,3893,500,0,616,0.598,1
3,942855,37,rpm,663,351,36.5,36.5,3893,500,0,616,0.598,1
3,942875,37,rpm,560,351,36.5,36.5,3893,500,0,616,0.598,1
3,942896,37,rpm,452,351,36.5,36.5,3893,500,0,616,0.598,1
3,942917,37,rpm,363,351,36.5,36.5,3893,500,0,617,0.598,1
3,942937,37,rpm,152,351,36.5,36.5,3893,500,0,617,0.598,1
3,942958,37,rpm,24,351,36.5,36.5,3893,500,0,617,0.598,1
3,942978,37,rpm,13,351,36.5,36.5,3893,500,0,617,0.598,1
3,942999,37,rpm,21,351,36.5,36.5,3893,500,0,617,0.599,1
3,943019,37,rpm,128,351,36.5,36.5,3893,500,0,617,0.599,1
3,943040,37,rpm,475,351,36.5,36.5,3893,500,0,617,0.599,1
3,943060,37,rpm,626,351,36.5,36.5,3893,500,0,617,0.599,1
3,943081,37,rpm,681,351,36.5,36.5,3893,500,0,618,0.599,1
3,943101,37,rpm,652,351,36.5,36.5,3893,500,0,618,0.599,1
3,943122,37,rpm,580,351,36.5,36.5,3893,500,0,618,0.599,1
3,943142,37,rpm,468,351,36.5,36.5,3893,500,0,618,0.599,1
3,943163,37,rpm,388,351,36.5,36.5,3893,500,0,618,0.599,1
3,943184,37,rpm,252,351,36.5,36.5,3893,500,0,618,0.6,1
3,943204,37,rpm,31,351,36.5,36.5,3893,500,0,618,0.6,1
3,943225,37,rpm,15,351,36.5,36.5,3893,500,0,618,0.6,1
3,943245,37,rpm,13,351,36.5,36.5,3893,500,0,618,0.6,1
3,943266,37,rpm,49,351,36.5,36.5,3893,500,0,619,0.6,1
3,943286,37,rpm,266,351,36.5,36.5,3893,500,0,619,0.6,1
3,943307,37,rpm,582,351,36.5,36.5,3893,500,0,619,0.6,1
3,943328,37,rpm,778,351,36.5,36.5,3893,500,0,619,0.6,1
3,943348,37,rpm,768,351,36.5,36.5,3893,500,0,619,0.601,1
3,943369,37,rpm,677,351,36.5,36.5,3893,500,0,619,0.601,1
3,943389,37,rpm,535,351,36.5,36.5,3893,500,0,619,0.601,1
3,943410,37,rpm,383,351,36.5,36.5,3893,500,0,619,0.601,1
3,943430,37,rpm,285,351,36.5,36.5,3893,500,0,620,0.601,1
3,943451,37,rpm,178,351,36.5,36.5,3893,500,0,620,0.601,1
3,943472,37,rpm,27,351,36.5,36.5,3893,500,0,620,0.601,1
3,943492,37,rpm,13,351,36.5,36.5,3893,500,0,620,0.601,1
3,943513,37,rpm,13,351,36.5,36.5,3893,500,0,620,0.601,1
3,943533,37,rpm,60,351,36.5,36.5,3893,500,0,620,0.602,1
3,943554,37,rpm,302,351,36.5,36.5,3893,500,0,620,0.602,1
3,943574,37,rpm,583,351,36.5,36.5,3893,500,0,620,0.602,1
3,943595,37,rpm,745,351,36.5,36.5,3893,500,0,621,0.602,1
3,943615,37,rpm,705,351,36.5,36.5,3893,500,0,621,0.602,1
3,943636,37,rpm,639,351,36.5,36.5,3893,500,0,621,0.602,1
3,943656,37,rpm,471,351,36.5,36.5,3893,500,0,621,0.602,1
3,943677,37,rpm,334,351,36.5,36.5,3893,500,0,621,0.602,1
3,943698,37,rpm,278,351,36.5,36.5,3893,500,0,621,0.602,1
3,943718,37,rpm,91,351,36.5,36.5,3893,500,0,621,0.603,1
3,943739,37,rpm,18,351,36.5,36.5,3893,500,0,621,0.603,1
3,943759,37,rpm,11,351,36.5,36.5,3893,500,0,621,0.603,1
3,943780,37,rpm,22,351,36.5,36.5,3893,500,0,622,0.603,1
3,943800,37,rpm,150,351,36.5,36.5,3893,500,0,622,0.603,1
3,943821,37,rpm,500,351,36.5,36.5,3893,500,0,622,0.603,1
3,943842,37,rpm,762,351,36.5,36.5,3893,500,0,622,0.603,1
3,943862,37,rpm,792,351,36.5,36.5,3893,500,0,622,0.603,1
3,943883,37,rpm,708,351,36.5,36.5,3893,500,0,622,0.604,1
3,943903,37,rpm,554,351,36.5,36.5,3893,500,0,622,0.604,1
3,943924,37,rpm,394,351,36.5,36.5,3893,500,0,622,0.604,1
3,943945,37,rpm,276,351,36.5,36.5,3893,500,0,623,0.604,1
3,943965,37,rpm,182,351,36.5,36.5,3893,500,0,623,0.604,1
3,943986,37,rpm,28,351,36.5,36.5,3893,500,0,623,0.604,1
3,944006,37,rpm,13,351,36.5,36.5,3893,500,0,623,0.604,1
3,944027,37,rpm,12,351,36.5,36.5,3893,500,0,623,0.604,1
3,944047,37,rpm,55,351,36.5,36.5,3893,500,0,623,0.604,1
3,944068,37,rpm,347,351,36.5,36.5,3893,500,0,623,0.605,1
3,944089,37,rpm,600,351,36.5,36.5,3893,500,0,623,0.605,1
3,944109,37,rpm,673,351,36.5,36.5,3893,500,0,624,0.605,1
3,944130,37,rpm,715,351,36.5,36.5,3893,500,0,624,0.605,1
3,944150,37,rpm,645,351,36.5,36.5,3893,500,0,624,0.605,1
3,944171,37,rpm,506,351,36.5,36.5,3893,500,0,624,0.605,1
3,944191,37,rpm,390,351,36.5,36.5,3893,500,0,624,0.605,1
3,944212,37,rpm,301,351,36.5,36.5,3893,500,0,624,0.605,1
3,944233,37,rpm,49,351,36.5,36.5,3893,500,0,624,0.606,1
3,944253,37,rpm,17,351,36.5,36.5,3893,500,0,624,0.606,1
3,944274,37,rpm,13,351,36.5,36.5,3893,500,0,625,0.606,1
3,944294,37,rpm,37,351,36.5,36.5,3893,500,0,625,0.606,1
3,944315,37,rpm,270,351,36.5,36.5,3893,500,0,625,0.606,1
3,944335,37,rpm,609,351,36.5,36.5,3893,500,0,625,0.606,1
3,944356,37,rpm,690,351,36.5,36.5,3893,500,0,625,0.606,1
3,944377,37,rpm,706,351,36.5,36.5,3893,500,0,625,0.606,1
3,944397,37,rpm,669,351,36.5,36.5,3893,500,0,625,0.606,1
3,944418,37,rpm,566,351,36.5,36.5,3893,500,0,625,0.607,1
3,944438,37,rpm,457,351,36.5,36.5,3893,500,0,625,0.607,1
3,944459,37,rpm,365,351,36.5,36.5,3893,500,0,626,0.607,1
3,944479,37,rpm,165,351,36.5,36.5,3893,500,0,626,0.607,1
3,944500,37,rpm,25,351,36.5,36.5,3893,500,0,626,0.607,1
3,944521,37,rpm,14,351,36.5,36.5,3893,500,0,626,0.607,1
3,944541,37,rpm,20,351,36.5,36.5,3893,500,0,626,0.607,1
3,944562,37,rpm,122,351,36.5,36.5,3893,500,0,626,0.607,1
3,944582,37,rpm,467,351,36.5,36.5,3893,500,0,626,0.608,1
3,944603,37,rpm,621,351,36.5,36.5,3893,500,0,626,0.608,1
3,944623,37,rpm,679,351,36.5,36.5,3893,500,0,627,0.608,1
3,944644,37,rpm,638,351,36.5,36.5,3893,500,0,627,0.608,1
3,944664,37,rpm,590,351,36.5,36.5,3893,500,0,627,0.608,1
3,944685,37,rpm,470,351,36.5,36.5,3893,500,0,627,0.608,1
3,944706,37,rpm,390,351,36.5,36.5,3893,500,0,627,0.608,1
3,944726,37,rpm,258,351,36.5,36.5,3893,500,0,627,0.608,1
3,944747,37,rpm,31,351,36.5,36.5,3893,500,0,627,0.608,1
3,944767,37,rpm,15,351,36.5,36.5,3893,500,0,627,0.609,1
3,944788,37,rpm,14,351,36.5,36.5,3893,500,0,628,0.609,1
3,944809,37,rpm,48,351,36.5,36.5,3893,500,0,628,0.609,1
3,944829,37,rpm,261,351,36.5,36.5,3893,500,0,628,0.609,1
3,944850,37,rpm,535,351,36.5,36.5,3893,500,0,628,0.609,1
3,944870,37,rpm,740,351,36.5,36.5,3893,500,0,628,0.609,1
3,944891,37,rpm,766,351,36.5,36.5,3893,500,0,628,0.609,1
3,944911,37,rpm,689,351,36.5,36.5,3893,500,0,628,0.609,1
3,944932,37,rpm,547,351,36.5,36.5,3893,500,0,628,0.61,1
3,944953,37,rpm,385,351,36.5,36.5,3893,500,0,628,0.61,1
3,944973,37,rpm,299,351,36.5,36.5,3893,500,0,629,0.61,1
3,944994,37,rpm,183,351,36.5,36.5,3893,500,0,629,0.61,1
3,945014,37,rpm,27,351,36.5,36.5,3893,500,0,629,0.61,1
3,945035,37,rpm,13,351,36.5,36.5,3893,500,0,629,0.61,1
3,945055,37,rpm,13,351,36.5,36.5,3893,500,0,629,0.61,1
3,945076,37,rpm,59,351,36.5,36.5,3893,500,0,629,0.61,1
3,945097,37,rpm,299,351,36.5,36.5,3893,500,0,629,0.61,1
3,945117,37,rpm,558,351,36.5,36.5,3893,500,0,629,0.611,1
3,945138,37,rpm,746,351,36.5,36.5,3893,500,0,630,0.611,1
3,945158,37,rpm,719,351,36.5,36.5,3893,500,0,630,0.611,1
3,945179,37,rpm,644,351,36.5,36.5,3893,500,0,630,0.611,1
3,945199,37,rpm,481,351,36.5,36.5,3893,500,0,630,0.611,1
3,945220,37,rpm,351,351,36.5,36.5,3893,500,0,630,0.611,1
3,945241,37,rpm,291,351,36.5,36.5,3893,500,0,630,0.611,1
3,945261,37,rpm,100,351,36.5,36.5,3893,500,0,630,0.611,1
3,945282,37,rpm,19,351,36.5,36.5,3893,500,0,630,0.611,1
3,945302,37,rpm,12,351,36.5,36.5,3893,500,0,631,0.612,1
3,945323,37,rpm,23,351,36.5,36.5,3893,500,0,631,0.612,1
3,945344,37,rpm,149,351,36.5,36.5,3893,500,0,631,0.612,1
3,945364,37,rpm,503,351,36.5,36.5,3893,500,0,631,0.612,1
3,945385,37,rpm,749,351,36.5,36.5,3893,500,0,631,0.612,1
3,945405,37,rpm,786,351,36.5,36.5,3893,500,0,631,0.612,1
3,945426,37,rpm,703,351,36.5,36.5,3893,500,0,631,0.612,1
3,945446,37,rpm,549,351,36.5,36.5,3893,500,0,631,0.612,1
3,945467,37,rpm,393,351,36.5,36.5,3893,500,0,631,0.613,1
3,945487,37,rpm,275,351,36.5,36.5,3893,500,0,632,0.613,1
3,945508,37,rpm,184,351,36.5,36.5,3893,500,0,632,0.613,1
3,945529,37,rpm,28,351,36.5,36.5,3893,500,0,632,0.613,1
3,945549,37,rpm,13,351,36.5,36.5,3893,500,0,632,0.613,1
3,945570,37,rpm,13,351,36.5,36.5,3893,500,0,632,0.613,1
3,945590,37,rpm,58,351,36.5,36.5,3893,500,0,632,0.613,1
3,945611,37,rpm,356,351,36.5,36.5,3893,500,0,632,0.613,1
3,945631,37,rpm,596,351,36.5,36.5,3893,500,0,632,0.613,1
3,945652,37,rpm,682,351,36.5,36.5,3893,500,0,633,0.614,1
3,945672,37,rpm,723,351,36.5,36.5,3893,500,0,633,0.614,1
3,945693,37,rpm,635,351,36.5,36.5,3893,500,0,633,0.614,1
3,945714,37,rpm,501,351,36.5,36.5,3893,500,0,633,0.614,1
3,945734,37,rpm,390,351,36.5,36.5,3893,500,0,633,0.614,1
3,945755,37,rpm,308,351,36.5,36.5,3893,500,0,633,0.614,1
3,945775,37,rpm,50,351,36.5,36.5,3893,500,0,633,0.614,1
3,945796,37,rpm,17,351,36.5,36.5,3893,500,0,633,0.614,1
3,945816,37,rpm,13,351,36.5,36.5,3893,500,0,634,0.615,1
3,945837,37,rpm,38,351,36.5,36.5,3893,500,0,634,0.615,1
3,945858,37,rpm,270,351,36.5,36.5,3893,500,0,634,0.615,1
3,945878,37,rpm,598,351,36.5,36.5,3893,500,0,634,0.615,1
3,945899,37,rpm,681,351,36.5,36.5,3893,500,0,634,0.615,1
3,945919,37,rpm,702,351,36.5,36.5,3893,500,0,634,0.615,1
3,945940,37,rpm,672,351,36.5,36.5,3893,500,0,634,0.615,1
3,945960,37,rpm,569,351,36.5,36.5,3893,500,0,634,0.615,1
3,945981,37,rpm,460,351,36.5,36.5,3893,500,0,634,0.615,1
3,946002,37,rpm,367,351,36.5,36.5,3893,500,0,635,0.616,1
3,946022,37,rpm,166,351,36.5,36.5,3893,500,0,635,0.616,1
3,946043,37,rpm,26,351,36.5,36.5,3893,500,0,635,0.616,1
3,946063,37,rpm,14,351,36.5,36.5,3893,500,0,635,0.616,1
3,946084,37,rpm,21,351,36.5,36.5,3893,500,0,635,0.616,1
3,946104,37,rpm,121,351,36.5,36.5,3893,500,0,635,0.616,1
3,946125,37,rpm,459,351,36.5,36.5,3893,500,0,635,0.616,1
3,946146,37,rpm,617,351,36.5,36.5,3893,500,0,635,0.616,1
3,946166,37,rpm,678,351,36.5,36.5,3893,500,0,636,0.617,1
3,946187,37,rpm,653,351,36.5,36.5,3893,500,0,636,0.617,1
3,946207,37,rpm,587,351,36.5,36.5,3893,500,0,636,0.617,1
3,946228,37,rpm,475,351,36.5,36.5,3893,500,0,636,0.617,1
3,946248,37,rpm,390,351,36.5,36.5,3893,500,0,636,0.617,1
3,946269,37,rpm,262,351,36.5,36.5,3893,500,0,636,0.617,1
3,946290,37,rpm,32,351,36.5,36.5,3893,500,0,636,0.617,1
3,946310,37,rpm,15,351,36.5,36.5,3893,500,0,636,0.617,1
3,946331,37,rpm,14,351,36.5,36.5,3893,500,0,637,0.617,1
3,946351,37,rpm,48,351,36.5,36.5,3893,500,0,637,0.618,1
3,946372,37,rpm,262,351,36.5,36.5,3893,500,0,637,0.618,1
3,946393,37,rpm,563,351,36.5,36.5,3893,500,0,637,0.618,1
3,946413,37,rpm,765,351,36.5,36.5,3893,500,0,637,0.618,1
3,946434,37,rpm,768,351,36.5,36.5,3893,500,0,637,0.618,1
3,946454,37,rpm,675,351,36.5,36.5,3893,500,0,637,0.618,1
3,946475,37,rpm,536,351,36.5,36.5,3893,500,0,637,0.618,1
3,946495,37,rpm,387,351,36.5,36.5,3893,500,0,638,0.618,1
3,946516,37,rpm,290,351,36.5,36.5,3893,500,0,638,0.618,1
3,946537,37,rpm,188,351,36.5,36.5,3893,500,0,638,0.619,1
3,946557,37,rpm,27,351,36.5,36.5,3893,500,0,638,0.619,1
3,946578,37,rpm,13,351,36.5,36.5,3893,500,0,638,0.619,1
3,946598,37,rpm,13,351,36.5,36.5,3893,500,0,638,0.619,1
3,946619,37,rpm,58,351,36.5,36.5,3893,500,0,638,0.619,1
3,946640,37,rpm,289,351,36.5,36.5,3893,500,0,638,0.619,1
3,946660,37,rpm,566,351,36.5,36.5,3893,500,0,638,0.619,1
3,946681,37,rpm,740,351,36.5,36.5,3893,500,0,639,0.619,1
3,946701,37,rpm,703,351,36.5,36.5,3893,500,0,639,0.62,1
3,946722,37,rpm,634,351,36.5,36.5,3893,500,0,639,0.62,1
3,946742,37,rpm,471,351,36.5,36.5,3893,500,0,639,0.62,1
3,946763,37,rpm,337,351,36.5,36.5,3893,500,0,639,0.62,1
3,946783,37,rpm,285,351,36.5,36.5,3893,500,0,639,0.62,1
3,946804,37,rpm,88,351,36.5,36.5,3893,500,0,639,0.62,1
3,946825,37,rpm,18,351,36.5,36.5,3893,500,0,639,0.62,1
3,946845,37,rpm,12,351,36.5,36.5,3893,500,0,640,0.62,1
3,946866,37,rpm,25,351,36.5,36.5,3893,500,0,640,0.62,1
3,946886,37,rpm,162,351,36.5,36.5,3893,500,0,640,0.621,1
3,946907,37,rpm,521,351,36.5,36.5,3893,500,0,640,0.621,1
3,946927,37,rpm,767,351,36.5,36.5,3893,500,0,640,0.621,1
3,946948,37,rpm,789,351,36.5,36.5,3893,500,0,640,0.621,1
3,946969,37,rpm,704,351,36.5,36.5,3893,500,0,640,0.621,1
3,946989,37,rpm,553,351,36.5,36.5,3893,500,0,640,0.621,1
3,947010,37,rpm,394,351,36.5,36.5,3893,500,0,641,0.621,1
3,947030,37,rpm,276,351,36.5,36.5,3893,500,0,641,0.621,1
3,947051,37,rpm,185,351,36.5,36.5,3893,500,0,641,0.622,1
3,947072,37,rpm,28,351,36.5,36.5,3893,500,0,641,0.622,1
3,947092,37,rpm,13,351,36.5,36.5,3893,500,0,641,0.622,1
3,947113,37,rpm,12,351,36.5,36.5,3893,500,0,641,0.622,1
3,947133,37,rpm,52,351,36.5,36.5,3893,500,0,641,0.622,1
3,947154,37,rpm,338,351,36.5,36.5,3893,500,0,641,0.622,1
3,947174,37,rpm,601,351,36.5,36.5,3893,500,0,641,0.622,1
3,947195,37,rpm,687,351,36.5,36.5,3893,500,0,642,0.622,1
3,947215,37,rpm,727,351,36.5,36.5,3893,500,0,642,0.622,1
3,947236,37,rpm,644,351,36.5,36.5,3893,500,0,642,0.623,1
3,947256,37,rpm,502,351,36.5,36.5,3893,500,0,642,0.623,1
3,947277,37,rpm,380,351,36.5,36.5,3893,500,0,642,0.623,1
3,947298,37,rpm,298,351,36.5,36.5,3893,500,0,642,0.623,1
3,947318,37,rpm,53,351,36.5,36.5,3893,500,0,642,0.623,1
3,947339,37,rpm,17,351,36.5,36.5,3893,500,0,642,0.623,1
3,947359,37,rpm,13,351,36.5,36.5,3893,500,0,643,0.623,1
3,947380,37,rpm,36,351,36.5,36.5,3893,500,0,643,0.623,1
3,947400,37,rpm,268,351,36.5,36.5,3893,500,0,643,0.624,1
3,947421,37,rpm,604,351,36.5,36.5,3893,500,0,643,0.624,1
3,947441,37,rpm,683,351,36.5,36.5,3893,500,0,643,0.624,1
3,947462,37,rpm,704,351,36.5,36.5,3893,500,0,643,0.624,1
3,947483,37,rpm,671,351,36.5,36.5,3893,500,0,643,0.624,1
3,947503,37,rpm,573,351,36.5,36.5,3893,500,0,643,0.624,1
3,947524,37,rpm,460,351,36.5,36.5,3893,500,0,644,0.624,1
3,947544,37,rpm,370,351,36.5,36.5,3893,500,0,644,0.624,1
3,947565,37,rpm,176,351,36.5,36.5,3893,500,0,644,0.624,1
3,947585,37,rpm,26,351,36.5,36.5,3893,500,0,644,0.625,1
3,947606,37,rpm,13,351,36.5,36.5,3893,500,0,644,0.625,1
3,947627,37,rpm,19,351,36.5,36.5,3893,500,0,644,0.625,1
3,947647,37,rpm,112,351,36.5,36.5,3893,500,0,644,0.625,1
3,947668,37,rpm,452,351,36.5,36.5,3893,500,0,644,0.625,1
3,947688,37,rpm,620,351,36.5,36.5,3893,500,0,644,0.625,1
3,947709,37,rpm,676,351,36.5,36.5,3893,500,0,645,0.625,1
3,947729,37,rpm,637,351,36.5,36.5,3893,500,0,645,0.625,1
3,947750,37,rpm,590,351,36.5,36.5,3893,500,0,645,0.626,1
3,947771,37,rpm,476,351,36.5,36.5,3893,500,0,645,0.626,1
3,947791,37,rpm,391,351,36.5,36.5,3893,500,0,645,0.626,1
3,947812,37,rpm,265,351,36.5,36.5,3893,500,0,645,0.626,1
3,947832,37,rpm,32,351,36.5,36.5,3893,500,0,645,0.626,1
3,947853,37,rpm,15,351,36.5,36.5,3893,500,0,645,0.626,1
3,947873,37,rpm,13,351,36.5,36.5,3893,500,0,646,0.626,1
3,947894,37,rpm,46,351,36.5,36.5,3893,500,0,646,0.626,1
3,947914,37,rpm,252,351,36.5,36.5,3893,500,0,646,0.626,1
3,947935,37,rpm,545,351,36.5,36.5,3893,500,0,646,0.627,1
3,947956,37,rpm,750,351,36.5,36.5,3893,500,0,646,0.627,1
3,947976,37,rpm,776,351,36.5,36.5,3893,500,0,646,0.627,1
3,947997,37,rpm,692,351,36.5,36.5,3893,500,0,646,0.627,1
3,948017,37,rpm,550,351,36.5,36.5,3893,500,0,646,0.627,1
3,948038,37,rpm,387,351,36.5,36.5,3893,500,0,647,0.627,1
3,948058,37,rpm,294,351,36.5,36.5,3893,500,0,647,0.627,1
3,948079,37,rpm,193,351,36.5,36.5,3893,500,0,647,0.627,1
3,948099,37,rpm,28,351,36.5,36.5,3893,500,0,647,0.627,1
3,948120,37,rpm,13,351,36.5,36.5,3893,500,0,647,0.628,1
3,948140,37,rpm,13,351,36.5,36.5,3893,500,0,647,0.628,1
3,948161,37,rpm,54,351,36.5,36.5,3893,500,0,647,0.628,1
3,948181,37,rpm,284,351,36.5,36.5,3893,500,0,647,0.628,1
3,948202,37,rpm,561,351,36.5,36.5,3893,500,0,647,0.628,1
3,948223,37,rpm,753,351,36.5,36.5,3893,500,0,648,0.628,1
3,948243,37,rpm,727,351,36.5,36.5,3893,500,0,648,0.628,1
3,948264,37,rpm,648,351,36.5,36.5,3893,500,0,648,0.628,1
3,948284,37,rpm,488,351,36.5,36.5,3893,500,0,648,0.629,1
3,948305,37,rpm,346,351,36.5,36.5,3893,500,0,648,0.629,1
3,948325,37,rpm,279,351,36.5,36.5,3893,500,0,648,0.629,1
3,948346,37,rpm,110,351,36.5,36.5,3893,500,0,648,0.629,1
3,948366,37,rpm,20,351,36.5,36.5,3893,500,0,648,0.629,1
3,948387,37,rpm,12,351,36.5,36.5,3893,500,0,649,0.629,1
3,948408,37,rpm,20,351,36.5,36.5,3893,500,0,649,0.629,1
3,948428,37,rpm,127,351,36.5,36.5,3893,500,0,649,0.629,1
3,948449,37,rpm,466,351,36.5,36.5,3893,500,0,649,0.629,1
3,948469,37,rpm,736,351,36.5,36.5,3893,500,0,649,0.63,1
3,948490,37,rpm,786,351,36.5,36.5,3893,500,0,649,0.63,1
3,948510,37,rpm,709,351,36.5,36.5,3893,500,0,649,0.63,1
3,948531,37,rpm,561,351,36.5,36.5,3893,500,0,649,0.63,1
3,948551,37,rpm,402,351,36.5,36.5,3893,500,0,650,0.63,1
3,948572,37,rpm,283,351,36.5,36.5,3893,500,0,650,0.63,1
3,948592,37,rpm,199,351,36.5,36.5,3893,500,0,650,0.63,1
3,948613,37,rpm,30,351,36.5,36.5,3893,500,0,650,0.63,1
3,948634,37,rpm,14,351,36.5,36.5,3893,500,0,650,0.631,1
3,948654,37,rpm,12,351,36.5,36.5,3893,500,0,650,0.631,1
3,948675,37,rpm,49,351,36.5,36.5,3893,500,0,650,0.631,1
3,948695,37,rpm,322,351,36.5,36.5,3893,500,0,650,0.631,1
3,948716,37,rpm,593,351,36.5,36.5,3893,500,0,651,0.631,1
3,948736,37,rpm,675,351,36.5,36.5,3893,500,0,651,0.631,1
3,948757,37,rpm,715,351,36.5,36.5,3893,500,0,651,0.631,1
3,948778,37,rpm,649,351,36.5,36.5,3893,500,0,651,0.631,1
3,948798,37,rpm,512,351,36.5,36.5,3893,500,0,651,0.631,1
3,948819,37,rpm,398,351,36.5,36.5,3893,500,0,651,0.632,1
3,948839,37,rpm,320,351,36.5,36.5,3893,500,0,651,0.632,1
3,948860,37,rpm,65,351,36.5,36.5,3893,500,0,651,0.632,1
3,948880,37,rpm,18,351,36.5,36.5,3893,500,0,651,0.632,1
3,948901,37,rpm,13,351,36.5,36.5,3893,500,0,652,0.632,1
3,948921,37,rpm,33,351,36.5,36.5,3893,500,0,652,0.632,1
3,948942,37,rpm,238,351,36.5,36.5,3893,500,0,652,0.632,1
3,948963,37,rpm,585,351,36.5,36.5,3893,500,0,652,0.632,1
3,948983,37,rpm,667,351,36.5,36.5,3893,500,0,652,0.633,1
3,949004,37,rpm,707,351,36.5,36.5,3893,500,0,652,0.633,1
3,949024,37,rpm,679,351,36.5,36.5,3893,500,0,652,0.633,1
3,949045,37,rpm,582,351,36.5,36.5,3893,500,0,652,0.633,1
3,949065,37,rpm,467,351,36.5,36.5,3893,500,0,653,0.633,1
3,949086,37,rpm,372,351,36.5,36.5,3893,500,0,653,0.633,1
3,949107,37,rpm,185,351,36.5,36.5,3893,500,0,653,0.633,1
3,949127,37,rpm,27,351,36.5,36.5,3893,500,0,653,0.633,1
3,949148,37,rpm,14,351,36.5,36.5,3893,500,0,653,0.633,1
3,949168,37,rpm,19,351,36.5,36.5,3893,500,0,653,0.634,1
3,949189,37,rpm,108,351,36.5,36.5,3893,500,0,653,0.634,1
3,949209,37,rpm,441,351,36.5,36.5,3893,500,0,653,0.634,1
3,949230,37,rpm,616,351,36.5,36.5,3893,500,0,654,0.634,1
3,949250,37,rpm,677,351,36.5,36.5,3893,500,0,654,0.634,1
3,949271,37,rpm,649,351,36.5,36.5,3893,500,0,654,0.634,1
3,949292,37,rpm,597,351,36.5,36.5,3893,500,0,654,0.634,1
3,949312,37,rpm,479,351,36.5,36.5,3893,500,0,654,0.634,1
3,949333,37,rpm,394,351,36.5,36.5,3893,500,0,654,0.634,1
3,949353,37,rpm,280,351,36.5,36.5,3893,500,0,654,0.635,1
3,949374,37,rpm,34,351,36.5,36.5,3893,500,0,654,0.635,1
3,949394,37,rpm,16,351,36.5,36.5,3893,500,0,654,0.635,1
3,949415,37,rpm,13,351,36.5,36.5,3893,500,0,655,0.635,1
3,949436,37,rpm,42,351,36.5,36.5,3893,500,0,655,0.635,1
3,949456,37,rpm,235,351,36.5,36.5,3893,500,0,655,0.635,1
3,949477,37,rpm,530,351,36.5,36.5,3893,500,0,655,0.635,1
3,949497,37,rpm,735,351,36.5,36.5,3893,500,0,655,0.635,1
3,949518,37,rpm,767,351,36.5,36.5,3893,500,0,655,0.636,1
3,949538,37,rpm,693,351,36.5,36.5,3893,500,0,655,0.636,1
3,949559,37,rpm,553,351,36.5,36.5,3893,500,0,655,0.636,1
3,949580,37,rpm,401,351,36.5,36.5,3893,500,0,656,0.636,1
3,949600,37,rpm,302,351,36.5,36.5,3893,500,0,656,0.636,1
3,949621,37,rpm,207,351,36.5,36.5,3893,500,0,656,0.636,1
3,949641,37,rpm,29,351,36.5,36.5,3893,500,0,656,0.636,1
3,949662,37,rpm,13,351,36.5,36.5,3893,500,0,656,0.636,1
3,949682,37,rpm,12,351,36.5,36.5,3893,500,0,656,0.636,1
3,949703,37,rpm,49,351,36.5,36.5,3893,500,0,656,0.637,1
3,949724,37,rpm,261,351,36.5,36.5,3893,500,0,656,0.637,1
3,949744,37,rpm,527,351,36.5,36.5,3893,500,0,657,0.637,1
3,949765,37,rpm,718,351,36.5,36.5,3893,500,0,657,0.637,1
3,949785,37,rpm,712,351,36.5,36.5,3893,500,0,657,0.637,1
3,949806,37,rpm,644,351,36.5,36.5,3893,500,0,657,0.637,1
3,949826,37,rpm,490,351,36.5,36.5,3893,500,0,657,0.637,1
3,949847,37,rpm,354,351,36.5,36.5,3893,500,0,657,0.637,1
3,949867,37,rpm,299,351,36.5,36.5,3893,500,0,657,0.638,1
3,949888,37,rpm,106,351,36.5,36.5,3893,500,0,657,0.638,1
3,949909,37,rpm,20,351,36.5,36.5,3893,500,0,657,0.638,1
3,949929,37,rpm,12,351,36.5,36.5,3893,500,0,658,0.638,1
3,949950,37,rpm,22,351,36.5,36.5,3893,500,0,658,0.638,1
3,949970,37,rpm,143,351,36.5,36.5,3893,500,0,658,0.638,1
3,949991,37,rpm,485,351,36.5,36.5,3893,500,0,658,0.638,1
3,950011,37,rpm,750,351,36.5,36.5,3893,500,0,658,0.638,1
3,950032,37,rpm,803,351,36.5,36.5,3893,500,0,658,0.638,1
3,950052,37,rpm,711,351,36.5,36.5,3893,500,0,658,0.639,1
3,950073,37,rpm,572,351,36.5,36.5,3893,500,0,658,0.639,1
3,950094,37,rpm,411,351,36.5,36.5,3893,500,0,659,0.639,1
3,950114,37,rpm,283,351,36.5,36.5,3893,500,0,659,0.639,1
3,950135,37,rpm,205,351,36.5,36.5,3893,500,0,659,0.639,1
3,950155,37,rpm,32,351,36.5,36.5,3893,500,0,659,0.639,1
3,950176,37,rpm,14,351,36.5,36.5,3893,500,0,659,0.639,1
3,950196,37,rpm,11,351,36.5,36.5,3893,500,0,659,0.639,1
3,950217,37,rpm,42,351,36.5,36.5,3893,500,0,659,0.64,1
3,950238,37,rpm,301,351,36.5,36.5,3893,500,0,659,0.64,1
3,950258,37,rpm,589,351,36.5,36.5,3893,500,0,660,0.64,1
3,950279,37,rpm,690,351,36.5,36.5,3893,500,0,660,0.64,1
3,950299,37,rpm,731,351,36.5,36.5,3893,500,0,660,0.64,1
3,950320,37,rpm,659,351,36.5,36.5,3893,500,0,660,0.64,1
3,950340,37,rpm,513,351,36.5,36.5,3893,500,0,660,0.64,1
3,950361,37,rpm,383,351,36.5,36.5,3893,500,0,660,0.64,1
3,950381,37,rpm,308,351,36.5,36.5,3893,500,0,660,0.64,1
3,950402,37,rpm,70,351,36.5,36.5,3893,500,0,660,0.641,1
3,950423,37,rpm,18,351,36.5,36.5,3893,500,0,661,0.641,1
3,950443,37,rpm,13,351,36.5,36.5,3893,500,0,661,0.641,1
3,950464,37,rpm,31,351,36.5,36.5,3893,500,0,661,0.641,1
3,950484,37,rpm,230,351,36.5,36.5,3893,500,0,661,0.641,1
3,950505,37,rpm,589,351,36.5,36.5,3893,500,0,661,0.641,1
3,950525,37,rpm,678,351,36.5,36.5,3893,500,0,661,0.641,1
3,950546,37,rpm,703,351,36.5,36.5,3893,500,0,661,0.641,1
3,950567,37,rpm,672,351,36.5,36.5,3893,500,0,661,0.642,1
3,950587,37,rpm,584,351,36.5,36.5,3893,500,0,661,0.642,1
3,950608,37,rpm,468,351,36.5,36.5,3893,500,0,662,0.642,1
3,950628,37,rpm,377,351,36.5,36.5,3893,500,0,662,0.642,1
3,950649,37,rpm,203,351,36.5,36.5,3893,500,0,662,0.642,1
3,950669,37,rpm,28,351,36.5,36.5,3893,500,0,662,0.642,1
3,950690,37,rpm,14,351,36.5,36.5,3893,500,0,662,0.642,1
3,950710,37,rpm,18,351,36.5,36.5,3893,500,0,662,0.642,1
3,950731,37,rpm,93,351,36.5,36.5,3893,500,0,662,0.642,1
3,950752,37,rpm,420,351,36.5,36.5,3893,500,0,662,0.643,1
3,950772,37,rpm,612,351,36.5,36.5,3893,500,0,663,0.643,1
3,950793,37,rpm,675,351,36.5,36.5,3893,500,0,663,0.643,1
3,950813,37,rpm,644,351,36.5,36.5,3893,500,0,663,0.643,1
3,950834,37,rpm,603,351,36.5,36.5,3893,500,0,663,0.643,1
3,950854,37,rpm,485,351,36.5,36.5,3893,500,0,663,0.643,1
3,950875,37,rpm,398,351,36.5,36.5,3893,500,0,663,0.643,1
3,950896,37,rpm,288,351,36.5,36.5,3893,500,0,663,0.643,1
3,950916,37,rpm,36,351,36.5,36.5,3893,500,0,663,0.643,1
3,950937,37,rpm,16,351,36.5,36.5,3893,500,0,664,0.644,1
3,950957,37,rpm,13,351,36.5,36.5,3893,500,0,664,0.644,1
3,950978,37,rpm,37,351,36.5,36.5,3893,500,0,664,0.644,1
3,950998,37,rpm,216,351,36.5,36.5,3893,500,0,664,0.644,1
3,951019,37,rpm,535,351,36.5,36.5,3893,500,0,664,0.644,1
3,951039,37,rpm,748,351,36.5,36.5,3893,500,0,664,0.644,1
3,951060,37,rpm,782,351,36.5,36.5,3893,500,0,664,0.644,1
3,951080,37,rpm,695,351,36.5,36.5,3893,500,0,664,0.644,1
3,951101,37,rpm,563,351,36.5,36.5,3893,500,0,664,0.645,1
3,951121,37,rpm,403,351,36.5,36.5,3893,500,0,665,0.645,1
3,951142,37,rpm,294,351,36.5,36.5,3893,500,0,665,0.645,1
3,951163,37,rpm,211,351,36.5,36.5,3893,500,0,665,0.645,1
3,951183,37,rpm,30,351,36.5,36.5,3893,500,0,665,0.645,1
3,951204,37,rpm,14,351,36.5,36.5,3893,500,0,665,0.645,1
3,951224,37,rpm,12,351,36.5,36.5,3893,500,0,665,0.645,1
3,951245,37,rpm,45,351,36.5,36.5,3893,500,0,665,0.645,1
3,951265,37,rpm,257,351,36.5,36.5,3893,500,0,665,0.645,1
3,951286,37,rpm,557,351,36.5,36.5,3893,500,0,666,0.646,1
3,951307,37,rpm,741,351,36.5,36.5,3893,500,0,666,0.646,1
3,951327,37,rpm,719,351,36.5,36.5,3893,500,0,666,0.646,1
3,951348,37,rpm,642,351,36.5,36.5,3893,500,0,666,0.646,1
3,951368,37,rpm,499,351,36.5,36.5,3893,500,0,666,0.646,1
3,951389,37,rpm,349,351,36.5,36.5,3893,500,0,666,0.646,1
3,951409,37,rpm,282,351,36.5,36.5,3893,500,0,666,0.646,1
3,951430,37,rpm,127,351,36.5,36.5,3893,500,0,666,0.646,1
3,951450,37,rpm,22,351,36.5,36.5,3893,500,0,667,0.647,1
3,951471,37,rpm,12,351,36.5,36.5,3893,500,0,667,0.647,1
3,951492,37,rpm,18,351,36.5,36.5,3893,500,0,667,0.647,1
3,951512,37,rpm,112,351,36.5,36.5,3893,500,0,667,0.647,1
3,951533,37,rpm,432,351,36.5,36.5,3893,500,0,667,0.647,1
3,951553,37,rpm,724,351,36.5,36.5,3893,500,0,667,0.647,1
3,951574,37,rpm,796,351,36.5,36.5,3893,500,0,667,0.647,1
3,951595,37,rpm,717,351,36.5,36.5,3893,500,0,667,0.647,1
3,951615,37,rpm,582,351,36.5,36.5,3893,500,0,667,0.647,1
3,951636,37,rpm,418,351,36.5,36.5,3893,500,0,668,0.648,1
3,951656,37,rpm,290,351,36.5,36.5,3893,500,0,668,0.648,1
3,951677,37,rpm,214,351,36.5,36.5,3893,500,0,668,0.648,1
3,951697,37,rpm,33,351,36.5,36.5,3893,500,0,668,0.648,1
3,951718,37,rpm,14,351,36.5,36.5,3893,500,0,668,0.648,1
3,951738,37,rpm,12,351,36.5,36.5,3893,500,0,668,0.648,1
3,951759,37,rpm,41,351,36.5,36.5,3893,500,0,668,0.648,1
3,951779,37,rpm,282,351,36.5,36.5,3893,500,0,668,0.648,1
3,951800,37,rpm,583,351,36.5,36.5,3893,500,0,669,0.649,1
3,951820,37,rpm,664,351,36.5,36.5,3893,500,0,669,0.649,1
3,951841,37,rpm,707,351,36.5,36.5,3893,500,0,669,0.649,1
3,951862,37,rpm,665,351,36.5,36.5,3893,500,0,669,0.649,1
3,951882,37,rpm,525,351,36.5,36.5,3893,500,0,669,0.649,1
3,951903,37,rpm,404,351,36.5,36.5,3893,500,0,669,0.649,1
3,951923,37,rpm,327,351,36.5,36.5,3893,500,0,669,0.649,1
3,951944,37,rpm,84,351,36.5,36.5,3893,500,0,669,0.649,1
3,951964,37,rpm,19,351,36.5,36.5,3893,500,0,670,0.649,1
3,951985,37,rpm,13,351,36.5,36.5,3893,500,0,670,0.65,1
3,952005,37,rpm,27,351,36.5,36.5,3893,500,0,670,0.65,1
3,952026,37,rpm,202,351,36.5,36.5,3893,500,0,670,0.65,1
3,952047,37,rpm,580,351,36.5,36.5,3893,500,0,670,0.65,1
3,952067,37,rpm,676,351,36.5,36.5,3893,500,0,670,0.65,1
3,952088,37,rpm,707,351,36.5,36.5,3893,500,0,670,0.65,1
3,952108,37,rpm,675,351,36.5,36.5,3893,500,0,670,0.65,1
3,952129,37,rpm,593,351,36.5,36.5,3893,500,0,670,0.65,1
3,952149,37,rpm,476,351,36.5,36.5,3893,500,0,671,0.65,1
3,952170,37,rpm,384,351,36.5,36.5,3893,500,0,671,0.651,1
3,952190,37,rpm,219,351,36.5,36.5,3893,500,0,671,0.651,1
3,952211,37,rpm,29,351,36.5,36.5,3893,500,0,671,0.651,1
3,952231,37,rpm,15,351,36.5,36.5,3893,500,0,671,0.651,1
3,952252,37,rpm,17,351,36.5,36.5,3893,500,0,671,0.651,1
3,952272,37,rpm,85,351,36.5,36.5,3893,500,0,671,0.651,1
3,952293,37,rpm,397,351,36.5,36.5,3893,500,0,671,0.651,1
3,952314,37,rpm,604,351,36.5,36.5,3893,500,0,672,0.651,1
3,952334,37,rpm,674,351,36.5,36.5,3893,500,0,672,0.652,1
3,952355,37,rpm,648,351,36.5,36.5,3893,500,0,672,0.652,1
3,952375,37,rpm,611,351,36.5,36.5,3893,500,0,672,0.652,1
3,952396,37,rpm,489,351,36.5,36.5,3893,500,0,672,0.652,1
3,952416,37,rpm,402,351,36.5,36.5,3893,500,0,672,0.652,1
3,952437,37,rpm,308,351,36.5,36.5,3893,500,0,672,0.652,1
3,952458,37,rpm,43,351,36.5,36.5,3893,500,0,672,0.652,1
3,952478,37,rpm,17,351,36.5,36.5,3893,500,0,673,0.652,1
3,952499,37,rpm,13,351,36.5,36.5,3893,500,0,673,0.652,1
3,952519,37,rpm,35,351,36.5,36.5,3893,500,0,673,0.653,1
3,952540,37,rpm,202,351,36.5,36.5,3893,500,0,673,0.653,1
3,952560,37,rpm,495,351,36.5,36.5,3893,500,0,673,0.653,1
3,952581,37,rpm,700,351,36.5,36.5,3893,500,0,673,0.653,1
3,952601,37,rpm,773,351,36.5,36.5,3893,500,0,673,0.653,1
3,952622,37,rpm,703,351,36.5,36.5,3893,500,0,673,0.653,1
3,952642,37,rpm,571,351,36.5,36.5,3893,500,0,673,0.653,1
3,952663,37,rpm,416,351,36.5,36.5,3893,500,0,674,0.653,1
3,952684,37,rpm,311,351,36.5,36.5,3893,500,0,674,0.654,1
3,952704,37,rpm,233,351,36.5,36.5,3893,500,0,674,0.654,1
3,952725,37,rpm,32,351,36.5,36.5,3893,500,0,674,0.654,1
3,952745,37,rpm,14,351,36.5,36.5,3893,500,0,674,0.654,1
3,952766,37,rpm,12,351,36.5,36.5,3893,500,0,674,0.654,1
3,952786,37,rpm,40,351,36.5,36.5,3893,500,0,674,0.654,1
3,952807,37,rpm,229,351,36.5,36.5,3893,500,0,674,0.654,1
3,952828,37,rpm,501,351,36.5,36.5,3893,500,0,675,0.654,1
3,952848,37,rpm,700,351,36.5,36.5,3893,500,0,675,0.654,1
3,952869,37,rpm,731,351,36.5,36.5,3893,500,0,675,0.655,1
3,952889,37,rpm,662,351,36.5,36.5,3893,500,0,675,0.655,1
3,952910,37,rpm,516,351,36.5,36.5,3893,500,0,675,0.655,1
3,952930,37,rpm,378,351,36.5,36.5,3893,500,0,675,0.655,1
3,952951,37,rpm,309,351,36.5,36.5,3893,500,0,675,0.655,1
3,952971,37,rpm,142,351,36.5,36.5,3893,500,0,675,0.655,1
3,952992,37,rpm,23,351,36.5,36.5,3893,500,0,676,0.655,1
3,953013,37,rpm,12,351,36.5,36.5,3893,500,0,676,0.655,1
3,953033,37,rpm,18,351,36.5,36.5,3893,500,0,676,0.656,1
3,953054,37,rpm,110,351,36.5,36.5,3893,500,0,676,0.656,1
3,953074,37,rpm,431,351,36.5,36.5,3893,500,0,676,0.656,1
3,953095,37,rpm,728,351,36.5,36.5,3893,500,0,676,0.656,1
3,953115,37,rpm,807,351,36.5,36.5,3893,500,0,676,0.656,1
3,953136,37,rpm,720,351,36.5,36.5,3893,500,0,676,0.656,1
3,953157,37,rpm,591,351,36.5,36.5,3893,500,0,677,0.656,1
3,953177,37,rpm,426,351,36.5,36.5,3893,500,0,677,0.656,1
3,953198,37,rpm,292,351,36.5,36.5,3893,500,0,677,0.656,1
3,953218,37,rpm,219,351,36.5,36.5,3893,500,0,677,0.657,1
3,953239,37,rpm,37,351,36.5,36.5,3893,500,0,677,0.657,1
3,953259,37,rpm,15,351,36.5,36.5,3893,500,0,677,0.657,1
3,953280,37,rpm,11,351,36.5,36.5,3893,500,0,677,0.657,1
3,953300,37,rpm,35,351,36.5,36.5,3893,500,0,677,0.657,1
3,953321,37,rpm,259,351,36.5,36.5,3893,500,0,677,0.657,1
3,953342,37,rpm,574,351,36.5,36.5,3893,500,0,678,0.657,1
3,953362,37,rpm,678,351,36.5,36.5,3893,500,0,678,0.657,1
3,953383,37,rpm,724,351,36.5,36.5,3893,500,0,678,0.657,1
3,953403,37,rpm,672,351,36.5,36.5,3893,500,0,678,0.658,1
3,953424,37,rpm,529,351,36.5,36.5,3893,500,0,678,0.658,1
3,953444,37,rpm,399,351,36.5,36.5,3893,500,0,678,0.658,1
3,953465,37,rpm,321,351,36.5,36.5,3893,500,0,678,0.658,1
3,953485,37,rpm,101,351,36.5,36.5,3893,500,0,678,0.658,1
3,953506,37,rpm,20,351,36.5,36.5,3893,500,0,679,0.658,1
3,953527,37,rpm,13,351,36.5,36.5,3893,500,0,679,0.658,1
3,953547,37,rpm,26,351,36.5,36.5,3893,500,0,679,0.658,1
3,953568,37,rpm,190,351,36.5,36.5,3893,500,0,679,0.659,1
3,953588,37,rpm,566,351,36.5,36.5,3893,500,0,679,0.659,1
3,953609,37,rpm,664,351,36.5,36.5,3893,500,0,679,0.659,1
3,953629,37,rpm,706,351,36.5,36.5,3893,500,0,679,0.659,1
3,953650,37,rpm,671,351,36.5,36.5,3893,500,0,679,0.659,1
3,953670,37,rpm,601,351,36.5,36.5,3893,500,0,680,0.659,1
3,953691,37,rpm,479,351,36.5,36.5,3893,500,0,680,0.659,1
3,953712,37,rpm,384,351,36.5,36.5,3893,500,0,680,0.659,1
3,953732,37,rpm,230,351,36.5,36.5,3893,500,0,680,0.659,1
3,953753,37,rpm,30,351,36.5,36.5,3893,500,0,680,0.66,1
3,953773,37,rpm,15,351,36.5,36.5,3893,500,0,680,0.66,1
3,953794,37,rpm,16,351,36.5,36.5,3893,500,0,680,0.66,1
3,953814,37,rpm,76,351,36.5,36.5,3893,500,0,680,0.66,1
3,953835,37,rpm,379,351,36.5,36.5,3893,500,0,680,0.66,1
3,953855,37,rpm,608,351,36.5,36.5,3893,500,0,681,0.66,1
3,953876,37,rpm,674,351,36.5,36.5,3893,500,0,681,0.66,1
3,953897,37,rpm,653,351,36.5,36.5,3893,500,0,681,0.66,1
3,953917,37,rpm,614,351,36.5,36.5,3893,500,0,681,0.661,1
3,953938,37,rpm,495,351,36.5,36.5,3893,500,0,681,0.661,1
3,953958,37,rpm,406,351,36.5,36.5,3893,500,0,681,0.661,1
3,953979,37,rpm,319,351,36.5,36.5,3893,500,0,681,0.661,1
3,954000,37,rpm,51,351,36.5,36.5,3893,500,0,681,0.661,1
3,954020,37,rpm,17,351,36.5,36.5,3893,500,0,682,0.661,1
3,954041,37,rpm,13,351,36.5,36.5,3893,500,0,682,0.661,1
3,954061,37,rpm,32,351,36.5,36.5,3893,500,0,682,0.661,1
3,954082,37,rpm,185,351,36.5,36.5,3893,500,0,682,0.661,1
3,954102,37,rpm,519,351,36.5,36.5,3893,500,0,682,0.662,1
3,954123,37,rpm,738,351,36.5,36.5,3893,500,0,682,0.662,1
3,954144,37,rpm,789,351,36.5,36.5,3893,500,0,682,0.662,1
3,954164,37,rpm,703,351,36.5,36.5,3893,500,0,682,0.662,1
3,954185,37,rpm,569,351,36.5,36.5,3893,500,0,683,0.662,1
3,954205,37,rpm,421,351,36.5,36.5,3893,500,0,683,0.662,1
3,954226,37,rpm,299,351,36.5,36.5,3893,500,0,683,0.662,1
3,954246,37,rpm,233,351,36.5,36.5,3893,500,0,683,0.662,1
3,954267,37,rpm,34,351,36.5,36.5,3893,500,0,683,0.663,1
3,954288,37,rpm,15,351,36.5,36.5,3893,500,0,683,0.663,1
3,954308,37,rpm,12,351,36.5,36.5,3893,500,0,683,0.663,1
3,954329,37,rpm,38,351,36.5,36.5,3893,500,0,683,0.663,1
3,954349,37,rpm,224,351,36.5,36.5,3893,500,0,683,0.663,1
3,954370,37,rpm,520,351,36.5,36.5,3893,500,0,684,0.663,1
3,954391,37,rpm,721,351,36.5,36.5,3893,500,0,684,0.663,1
3,954411,37,rpm,730,351,36.5,36.5,3893,500,0,684,0.663,1
3,954432,37,rpm,654,351,36.5,36.5,3893,500,0,684,0.663,1
3,954452,37,rpm,515,351,36.5,36.5,3893,500,0,684,0.664,1
3,954473,37,rpm,361,351,36.5,36.5,3893,500,0,684,0.664,1
3,954493,37,rpm,288,351,36.5,36.5,3893,500,0,684,0.664,1
3,954514,37,rpm,144,351,36.5,36.5,3893,500,0,684,0.664,1
3,954534,37,rpm,24,351,36.5,36.5,3893,500,0,685,0.664,1
3,954555,37,rpm,12,351,36.5,36.5,3893,500,0,685,0.664,1
3,954575,37,rpm,16,351,36.5,36.5,3893,500,0,685,0.664,1
3,954596,37,rpm,95,351,36.5,36.5,3893,500,0,685,0.664,1
3,954617,37,rpm,406,351,36.5,36.5,3893,500,0,685,0.665,1
3,954637,37,rpm,721,351,36.5,36.5,3893,500,0,685,0.665,1
3,954658,37,rpm,811,351,36.5,36.5,3893,500,0,685,0.665,1
3,954678,37,rpm,721,351,36.5,36.5,3893,500,0,685,0.665,1
3,954699,37,rpm,599,351,36.5,36.5,3893,500,0,686,0.665,1
3,954719,37,rpm,432,351,36.5,36.5,3893,500,0,686,0.665,1
3,954740,37,rpm,297,351,36.5,36.5,3893,500,0,686,0.665,1
3,954760,37,rpm,228,351,36.5,36.5,3893,500,0,686,0.665,1
3,954781,37,rpm,42,351,36.5,36.5,3893,500,0,686,0.665,1
3,954802,37,rpm,15,351,36.5,36.5,3893,500,0,686,0.666,1
3,954822,37,rpm,11,351,36.5,36.5,3893,500,0,686,0.666,1
3,954843,37,rpm,32,351,36.5,36.5,3893,500,0,686,0.666,1
3,954863,37,rpm,235,351,36.5,36.5,3893,500,0,686,0.666,1
3,954884,37,rpm,572,351,36.5,36.5,3893,500,0,687,0.666,1
3,954904,37,rpm,655,351,36.5,36.5,3893,500,0,687,0.666,1
3,954925,37,rpm,703,351,36.5,36.5,3893,500,0,687,0.666,1
3,954945,37,rpm,678,351,36.5,36.5,3893,500,0,687,0.666,1
3,954966,37,rpm,540,351,36.5,36.5,3893,500,0,687,0.666,1
3,954987,37,rpm,415,351,36.5,36.5,3893,500,0,687,0.667,1
3,955007,37,rpm,330,351,36.5,36.5,3893,500,0,687,0.667,1
3,955028,37,rpm,101,351,36.5,36.5,3893,500,0,687,0.667,1
3,955048,37,rpm,20,351,36.5,36.5,3893,500,0,688,0.667,1
3,955069,37,rpm,13,351,36.5,36.5,3893,500,0,688,0.667,1
3,955089,37,rpm,23,351,36.5,36.5,3893,500,0,688,0.667,1
3,955110,37,rpm,171,351,36.5,36.5,3893,500,0,688,0.667,1
3,955131,37,rpm,560,351,36.5,36.5,3893,500,0,688,0.667,1
3,955151,37,rpm,668,351,36.5,36.5,3893,500,0,688,0.668,1
3,955172,37,rpm,712,351,36.5,36.5,3893,500,0,688,0.668,1
3,955192,37,rpm,679,351,36.5,36.5,3893,500,0,688,0.668,1
3,955213,37,rpm,608,351,36.5,36.5,3893,500,0,689,0.668,1
3,955233,37,rpm,483,351,36.5,36.5,3893,500,0,689,0.668,1
3,955254,37,rpm,388,351,36.5,36.5,3893,500,0,689,0.668,1
3,955275,37,rpm,240,351,36.5,36.5,3893,500,0,689,0.668,1
3,955295,37,rpm,30,351,36.5,36.5,3893,500,0,689,0.668,1
3,955316,37,rpm,15,351,36.5,36.5,3893,500,0,689,0.668,1
3,955336,37,rpm,16,351,36.5,36.5,3893,500,0,689,0.669,1
3,955357,37,rpm,73,351,36.5,36.5,3893,500,0,689,0.669,1
3,955377,37,rpm,371,351,36.5,36.5,3893,500,0,689,0.669,1
3,955398,37,rpm,602,351,36.5,36.5,3893,500,0,690,0.669,1
3,955419,37,rpm,672,351,36.5,36.5,3893,500,0,690,0.669,1
3,955439,37,rpm,649,351,36.5,36.5,3893,500,0,690,0.669,1
3,955460,37,rpm,618,351,36.5,36.5,3893,500,0,690,0.669,1
3,955480,37,rpm,493,351,36.5,36.5,3893,500,0,690,0.669,1
3,955501,37,rpm,409,351,36.5,36.5,3893,500,0,690,0.67,1
3,955522,37,rpm,321,351,36.5,36.5,3893,500,0,690,0.67,1
3,955542,37,rpm,54,351,36.5,36.5,3893,500,0,690,0.67,1
3,955563,37,rpm,17,351,36.5,36.5,3893,500,0,691,0.67,1
3,955583,37,rpm,13,351,36.5,36.5,3893,500,0,691,0.67,1
3,955604,37,rpm,31,351,36.5,36.5,3893,500,0,691,0.67,1
3,955624,37,rpm,178,351,36.5,36.5,3893,500,0,691,0.67,1
3,955645,37,rpm,485,351,36.5,36.5,3893,500,0,691,0.67,1
3,955666,37,rpm,690,351,36.5,36.5,3893,500,0,691,0.67,1
3,955686,37,rpm,785,351,36.5,36.5,3893,500,0,691,0.671,1
3,955707,37,rpm,713,351,36.5,36.5,3893,500,0,691,0.671,1
3,955727,37,rpm,581,351,36.5,36.5,3893,500,0,692,0.671,1
3,955748,37,rpm,426,351,36.5,36.5,3893,500,0,692,0.671,1
3,955768,37,rpm,310,351,36.5,36.5,3893,500,0,692,0.671,1
3,955789,37,rpm,243,351,36.5,36.5,3893,500,0,692,0.671,1
3,955810,37,rpm,31,351,36.5,36.5,3893,500,0,692,0.671,1
3,955830,37,rpm,12,351,36.5,36.5,3893,500,0,692,0.671,1
3,955851,37,rpm,10,351,36.5,36.5,3893,500,0,692,0.672,1
3,955871,37,rpm,35,351,36.5,36.5,3893,500,0,692,0.672,1
3,955892,37,rpm,214,351,36.5,36.5,3893,500,0,693,0.672,1
3,955912,37,rpm,501,351,36.5,36.5,3893,500,0,693,0.672,1
3,955933,37,rpm,717,351,36.5,36.5,3893,500,0,693,0.672,1
3,955954,37,rpm,750,351,36.5,36.5,3893,500,0,693,0.672,1
3,955974,37,rpm,670,351,36.5,36.5,3893,500,0,693,0.672,1
3,955995,37,rpm,523,351,36.5,36.5,3893,500,0,693,0.672,1
3,956016,37,rpm,380,351,36.5,36.5,3893,500,0,693,0.672,1
3,956036,37,rpm,301,351,36.5,36.5,3893,500,0,693,0.673,1
3,956057,37,rpm,154,351,36.5,36.5,3893,500,0,693,0.673,1
3,956077,37,rpm,25,351,36.5,36.5,3893,500,0,694,0.673,1
3,956098,37,rpm,12,351,36.5,36.5,3893,500,0,694,0.673,1
3,956118,37,rpm,16,351,36.5,36.5,3893,500,0,694,0.673,1
3,956139,37,rpm,94,351,36.5,36.5,3893,500,0,694,0.673,1
3,956159,37,rpm,399,351,36.5,36.5,3893,500,0,694,0.673,1
3,956180,37,rpm,707,351,36.5,36.5,3893,500,0,694,0.673,1
3,956201,37,rpm,801,351,36.5,36.5,3893,500,0,694,0.673,1
3,956221,37,rpm,720,351,36.5,36.5,3893,500,0,694,0.674,1
3,956242,37,rpm,598,351,36.5,36.5,3893,500,0,695,0.674,1
3,956262,37,rpm,429,351,36.5,36.5,3893,500,0,695,0.674,1
3,956283,37,rpm,294,351,36.5,36.5,3893,500,0,695,0.674,1
3,956304,37,rpm,227,351,36.5,36.5,3893,500,0,695,0.674,1
3,956324,37,rpm,39,351,36.5,36.5,3893,500,0,695,0.674,1
3,956345,37,rpm,15,351,36.5,36.5,3893,500,0,695,0.674,1
3,956365,37,rpm,11,351,36.5,36.5,3893,500,0,695,0.674,1
3,956386,37,rpm,35,351,36.5,36.5,3893,500,0,695,0.675,1
3,956406,37,rpm,252,351,36.5,36.5,3893,500,0,696,0.675,1
3,956427,37,rpm,572,351,36.5,36.5,3893,500,0,696,0.675,1
3,956447,37,rpm,665,351,36.5,36.5,3893,500,0,696,0.675,1
3,956468,37,rpm,717,351,36.5,36.5,3893,500,0,696,0.675,1
3,956489,37,rpm,674,351,36.5,36.5,3893,500,0,696,0.675,1
3,956509,37,rpm,534,351,36.5,36.5,3893,500,0,696,0.675,1
3,956530,37,rpm,410,351,36.5,36.5,3893,500,0,696,0.675,1
3,956550,37,rpm,332,351,36.5,36.5,3893,500,0,696,0.675,1
3,956571,37,rpm,106,351,36.5,36.5,3893,500,0,696,0.676,1
3,956592,37,rpm,20,351,36.5,36.5,3893,500,0,697,0.676,1
3,956612,37,rpm,13,351,36.5,36.5,3893,500,0,697,0.676,1
3,956633,37,rpm,25,351,36.5,36.5,3893,500,0,697,0.676,1
3,956653,37,rpm,183,351,36.5,36.5,3893,500,0,697,0.676,1
3,956674,37,rpm,555,351,36.5,36.5,3893,500,0,697,0.676,1
3,956694,37,rpm,660,351,36.5,36.5,3893,500,0,697,0.676,1
3,956715,37,rpm,703,351,36.5,36.5,3893,500,0,697,0.676,1
3,956736,37,rpm,671,351,36.5,36.5,3893,500,0,697,0.677,1
3,956756,37,rpm,606,351,36.5,36.5,3893,500,0,698,0.677,1
3,956777,37,rpm,483,351,36.5,36.5,3893,500,0,698,0.677,1
3,956797,37,rpm,388,351,36.5,36.5,3893,500,0,698,0.677,1
3,956818,37,rpm,235,351,36.5,36.5,3893,500,0,698,0.677,1
3,956838,37,rpm,30,351,36.5,36.5,3893,500,0,698,0.677,1
3,956859,37,rpm,15,351,36.5,36.5,3893,500,0,698,0.677,1
3,956880,37,rpm,16,351,36.5,36.5,3893,500,0,698,0.677,1
3,956900,37,rpm,76,351,36.5,36.5,3893,500,0,698,0.677,1
3,956921,37,rpm,379,351,36.5,36.5,3893,500,0,699,0.678,1
3,956941,37,rpm,599,351,36.5,36.5,3893,500,0,699,0.678,1
3,956962,37,rpm,673,351,36.5,36.5,3893,500,0,699,0.678,1
3,956982,37,rpm,656,351,36.5,36.5,3893,500,0,699,0.678,1
3,957003,37,rpm,619,351,36.5,36.5,3893,500,0,699,0.678,1
3,957023,37,rpm,499,351,36.5,36.5,3893,500,0,699,0.678,1
3,957044,37,rpm,409,351,36.5,36.5,3893,500,0,699,0.678,1
3,957064,37,rpm,320,351,36.5,36.5,3893,500,0,699,0.678,1
3,957085,37,rpm,55,351,36.5,36.5,3893,500,0,699,0.679,1
3,957105,37,rpm,17,351,36.5,36.5,3893,500,0,700,0.679,1
3,957126,37,rpm,13,351,36.5,36.5,3893,500,0,700,0.679,1
3,957147,37,rpm,31,351,36.5,36.5,3893,500,0,700,0.679,1
3,957167,37,rpm,180,351,36.5,36.5,3893,500,0,700,0.679,1
3,957188,37,rpm,502,351,36.5,36.5,3893,500,0,700,0.679,1
3,957208,37,rpm,719,351,36.5,36.5,3893,500,0,700,0.679,1
3,957229,37,rpm,784,351,36.5,36.5,3893,500,0,700,0.679,1
3,957249,37,rpm,710,351,36.5,36.5,3893,500,0,700,0.679,1
3,957270,37,rpm,572,351,36.5,36.5,3893,500,0,701,0.68,1
3,957291,37,rpm,430,351,36.5,36.5,3893,500,0,701,0.68,1
3,957311,37,rpm,305,351,36.5,36.5,3893,500,0,701,0.68,1
3,957332,37,rpm,243,351,36.5,36.5,3893,500,0,701,0.68,1
3,957352,37,rpm,36,351,36.5,36.5,3893,500,0,701,0.68,1
3,957373,37,rpm,15,351,36.5,36.5,3893,500,0,701,0.68,1
3,957393,37,rpm,11,351,36.5,36.5,3893,500,0,701,0.68,1
3,957414,37,rpm,35,351,36.5,36.5,3893,500,0,701,0.68,1
3,957435,37,rpm,204,351,36.5,36.5,3893,500,0,702,0.68,1
3,957455,37,rpm,497,351,36.5,36.5,3893,500,0,702,0.681,1
3,957476,37,rpm,707,351,36.5,36.5,3893,500,0,702,0.681,1
3,957496,37,rpm,730,351,36.5,36.5,3893,500,0,702,0.681,1
3,957517,37,rpm,655,351,36.5,36.5,3893,500,0,702,0.681,1
3,957537,37,rpm,514,351,36.5,36.5,3893,500,0,702,0.681,1
3,957558,37,rpm,368,351,36.5,36.5,3893,500,0,702,0.681,1
3,957579,37,rpm,298,351,36.5,36.5,3893,500,0,702,0.681,1
3,957599,37,rpm,148,351,36.5,36.5,3893,500,0,702,0.681,1
3,957620,37,rpm,24,351,36.5,36.5,3893,500,0,703,0.682,1
3,957640,37,rpm,12,351,36.5,36.5,3893,500,0,703,0.682,1
3,957661,37,rpm,17,351,36.5,36.5,3893,500,0,703,0.682,1
3,957681,37,rpm,103,351,36.5,36.5,3893,500,0,703,0.682,1
3,957702,37,rpm,423,351,36.5,36.5,3893,500,0,703,0.682,1
3,957722,37,rpm,721,351,36.5,36.5,3893,500,0,703,0.682,1
3,957743,37,rpm,814,351,36.5,36.5,3893,500,0,703,0.682,1
3,957764,37,rpm,717,351,36.5,36.5,3893,500,0,703,0.682,1
3,957784,37,rpm,603,351,36.5,36.5,3893,500,0,704,0.682,1
3,957805,37,rpm,435,351,36.5,36.5,3893,500,0,704,0.683,1
3,957825,37,rpm,300,351,36.5,36.5,3893,500,0,704,0.683,1
3,957846,37,rpm,231,351,36.5,36.5,3893,500,0,704,0.683,1
3,957866,37,rpm,44,351,36.5,36.5,3893,500,0,704,0.683,1
3,957887,37,rpm,15,351,36.5,36.5,3893,500,0,704,0.683,1
3,957907,37,rpm,11,351,36.5,36.5,3893,500,0,704,0.683,1
3,957928,37,rpm,30,351,36.5,36.5,3893,500,0,704,0.683,1
3,957949,37,rpm,216,351,36.5,36.5,3893,500,0,705,0.683,1
3,957969,37,rpm,567,351,36.5,36.5,3893,500,0,705,0.684,1
3,957990,37,rpm,656,351,36.5,36.5,3893,500,0,705,0.684,1
3,958010,37,rpm,717,351,36.5,36.5,3893,500,0,705,0.684,1
3,958031,37,rpm,684,351,36.5,36.5,3893,500,0,705,0.684,1
3,958051,37,rpm,542,351,36.5,36.5,3893,500,0,705,0.684,1
3,958072,37,rpm,410,351,36.5,36.5,3893,500,0,705,0.684,1
3,958093,37,rpm,326,351,36.5,36.5,3893,500,0,705,0.684,1
3,958113,37,rpm,112,351,36.5,36.5,3893,500,0,706,0.684,1
3,958134,37,rpm,21,351,36.5,36.5,3893,500,0,706,0.684,1
3,958154,37,rpm,13,351,36.5,36.5,3893,500,0,706,0.685,1
3,958175,37,rpm,23,351,36.5,36.5,3893,500,0,706,0.685,1
3,958195,37,rpm,165,351,36.5,36.5,3893,500,0,706,0.685,1
3,958216,37,rpm,557,351,36.5,36.5,3893,500,0,706,0.685,1
3,958237,37,rpm,664,351,36.5,36.5,3893,500,0,706,0.685,1
3,958257,37,rpm,707,351,36.5,36.5,3893,500,0,706,0.685,1
3,958278,37,rpm,676,351,36.5,36.5,3893,500,0,706,0.685,1
3,958298,37,rpm,610,351,36.5,36.5,3893,500,0,707,0.685,1
3,958319,37,rpm,487,351,36.5,36.5,3893,500,0,707,0.686,1
3,958339,37,rpm,393,351,36.5,36.5,3893,500,0,707,0.686,1
3,958360,37,rpm,255,351,36.5,36.5,3893,500,0,707,0.686,1
3,958380,37,rpm,31,351,36.5,36.5,3893,500,0,707,0.686,1
3,958401,37,rpm,15,351,36.5,36.5,3893,500,0,707,0.686,1
3,958421,37,rpm,15,351,36.5,36.5,3893,500,0,707,0.686,1
3,958442,37,rpm,66,351,36.5,36.5,3893,500,0,707,0.686,1
3,958463,37,rpm,352,351,36.5,36.5,3893,500,0,708,0.686,1
3,958483,37,rpm,600,351,36.5,36.5,3893,500,0,708,0.686,1
3,958504,37,rpm,671,351,36.5,36.5,3893,500,0,708,0.687,1
3,958524,37,rpm,647,351,36.5,36.5,3893,500,0,708,0.687,1
3,958545,37,rpm,611,351,36.5,36.5,3893,500,0,708,0.687,1
3,958565,37,rpm,505,351,36.5,36.5,3893,500,0,708,0.687,1
3,958586,37,rpm,411,351,36.5,36.5,3893,500,0,708,0.687,1
3,958606,37,rpm,326,351,36.5,36.5,3893,500,0,708,0.687,1
3,958627,37,rpm,62,351,36.5,36.5,3893,500,0,709,0.687,1
3,958648,37,rpm,17,351,36.5,36.5,3893,500,0,709,0.687,1
3,958668,37,rpm,13,351,36.5,36.5,3893,500,0,709,0.687,1
3,958689,37,rpm,28,351,36.5,36.5,3893,500,0,709,0.688,1
3,958709,37,rpm,167,351,36.5,36.5,3893,500,0,709,0.688,1
3,958730,37,rpm,482,351,36.5,36.5,3893,500,0,709,0.688,1
3,958751,37,rpm,696,351,36.5,36.5,3893,500,0,709,0.688,1
3,958771,37,rpm,791,351,36.5,36.5,3893,500,0,709,0.688,1
3,958792,37,rpm,721,351,36.5,36.5,3893,500,0,709,0.688,1
3,958812,37,rpm,590,351,36.5,36.5,3893,500,0,710,0.688,1
3,958833,37,rpm,431,351,36.5,36.5,3893,500,0,710,0.688,1
3,958853,37,rpm,308,351,36.5,36.5,3893,500,0,710,0.689,1
3,958874,37,rpm,249,351,36.5,36.5,3893,500,0,710,0.689,1
3,958894,37,rpm,39,351,36.5,36.5,3893,500,0,710,0.689,1
3,958915,37,rpm,15,351,36.5,36.5,3893,500,0,710,0.689,1
3,958935,37,rpm,12,351,36.5,36.5,3893,500,0,710,0.689,1
3,958956,37,rpm,32,351,36.5,36.5,3893,500,0,710,0.689,1
3,958977,37,rpm,198,351,36.5,36.5,3893,500,0,711,0.689,1
3,958997,37,rpm,496,351,36.5,36.5,3893,500,0,711,0.689,1
3,959018,37,rpm,719,351,36.5,36.5,3893,500,0,711,0.689,1
3,959038,37,rpm,752,351,36.5,36.5,3893,500,0,711,0.69,1
3,959059,37,rpm,669,351,36.5,36.5,3893,500,0,711,0.69,1
3,959079,37,rpm,531,351,36.5,36.5,3893,500,0,711,0.69,1
3,959100,37,rpm,377,351,36.5,36.5,3893,500,0,711,0.69,1
3,959120,37,rpm,288,351,36.5,36.5,3893,500,0,711,0.69,1
3,959141,37,rpm,169,351,36.5,36.5,3893,500,0,712,0.69,1
3,959161,37,rpm,27,351,36.5,36.5,3893,500,0,712,0.69,1
3,959182,37,rpm,12,351,36.5,36.5,3893,500,0,712,0.69,1
3,959202,37,rpm,15,351,36.5,36.5,3893,500,0,712,0.691,1
3,959223,37,rpm,77,351,36.5,36.5,3893,500,0,712,0.691,1
3,959244,37,rpm,358,351,36.5,36.5,3893,500,0,712,0.691,1
3,959264,37,rpm,690,351,36.5,36.5,3893,500,0,712,0.691,1
3,959285,37,rpm,797,351,36.5,36.5,3893,500,0,712,0.691,1
3,959305,37,rpm,730,351,36.5,36.5,3893,500,0,712,0.691,1
3,959326,37,rpm,612,351,36.5,36.5,3893,500,0,713,0.691,1
3,959346,37,rpm,443,351,36.5,36.5,3893,500,0,713,0.691,1
3,959367,37,rpm,307,351,36.5,36.5,3893,500,0,713,0.691,1
3,959387,37,rpm,240,351,36.5,36.5,3893,500,0,713,0.692,1
3,959408,37,rpm,51,351,36.5,36.5,3893,500,0,713,0.692,1
3,959429,37,rpm,16,351,36.5,36.5,3893,500,0,713,0.692,1
3,959449,37,rpm,11,351,36.5,36.5,3893,500,0,713,0.692,1
3,959470,37,rpm,28,351,36.5,36.5,3893,500,0,713,0.692,1
3,959490,37,rpm,207,351,36.5,36.5,3893,500,0,714,0.692,1
3,959511,37,rpm,554,351,36.5,36.5,3893,500,0,714,0.692,1
3,959531,37,rpm,649,351,36.5,36.5,3893,500,0,714,0.692,1
3,959552,37,rpm,709,351,36.5,36.5,3893,500,0,714,0.693,1
3,959572,37,rpm,688,351,36.5,36.5,3893,500,0,714,0.693,1
3,959593,37,rpm,548,351,36.5,36.5,3893,500,0,714,0.693,1
3,959613,37,rpm,428,351,36.5,36.5,3893,500,0,714,0.693,1
3,959634,37,rpm,344,351,36.5,36.5,3893,500,0,714,0.693,1
3,959654,37,rpm,134,351,36.5,36.5,3893,500,0,715,0.693,1
3,959675,37,rpm,23,351,36.5,36.5,3893,500,0,715,0.693,1
3,959695,37,rpm,13,351,36.5,36.5,3893,500,0,715,0.693,1
3,959716,37,rpm,21,351,36.5,36.5,3893,500,0,715,0.693,1
3,959737,37,rpm,137,351,36.5,36.5,3893,500,0,715,0.694,1
3,959757,37,rpm,523,351,36.5,36.5,3893,500,0,715,0.694,1
3,959778,37,rpm,655,351,36.5,36.5,3893,500,0,715,0.694,1
3,959798,37,rpm,714,351,36.5,36.5,3893,500,0,715,0.694,1
3,959819,37,rpm,675,351,36.5,36.5,3893,500,0,715,0.694,1
3,959839,37,rpm,622,351,36.5,36.5,3893,500,0,716,0.694,1
3,959860,37,rpm,497,351,36.5,36.5,3893,500,0,716,0.694,1
3,959880,37,rpm,397,351,36.5,36.5,3893,500,0,716,0.694,1
3,959901,37,rpm,273,351,36.5,36.5,3893,500,0,716,0.694,1
3,959922,37,rpm,34,351,36.5,36.5,3893,500,0,716,0.695,1
3,959942,37,rpm,16,351,36.5,36.5,3893,500,0,716,0.695,1
3,959963,37,rpm,15,351,36.5,36.5,3893,500,0,716,0.695,1
3,959983,37,rpm,60,351,36.5,36.5,3893,500,0,716,0.695,1
3,960004,37,rpm,331,351,36.5,36.5,3893,500,0,717,0.695,1
3,960024,37,rpm,589,351,36.5,36.5,3893,500,0,717,0.695,1
3,960045,37,rpm,671,351,36.5,36.5,3893,500,0,717,0.695,1
3,960065,37,rpm,659,351,36.5,36.5,3893,500,0,717,0.695,1
3,960086,37,rpm,626,351,36.5,36.5,3893,500,0,717,0.696,1
3,960107,37,rpm,512,351,36.5,36.5,3893,500,0,717,0.696,1
3,960127,37,rpm,417,351,36.5,36.5,3893,500,0,717,0.696,1
3,960148,37,rpm,336,351,36.5,36.5,3893,500,0,717,0.696,1
3,960168,37,rpm,83,351,36.5,36.5,3893,500,0,718,0.696,1
3,960189,37,rpm,18,351,36.5,36.5,3893,500,0,718,0.696,1
3,960209,37,rpm,13,351,36.5,36.5,3893,500,0,718,0.696,1
3,960230,37,rpm,26,351,36.5,36.5,3893,500,0,718,0.696,1
3,960250,37,rpm,146,351,36.5,36.5,3893,500,0,718,0.696,1
3,960271,37,rpm,458,351,36.5,36.5,3893,500,0,718,0.697,1
3,960292,37,rpm,679,351,36.5,36.5,3893,500,0,718,0.697,1
3,960312,37,rpm,782,351,36.5,36.5,3893,500,0,718,0.697,1
3,960333,37,rpm,719,351,36.5,36.5,3893,500,0,718,0.697,1
3,960353,37,rpm,601,351,36.5,36.5,3893,500,0,719,0.697,1
3,960374,37,rpm,451,351,36.5,36.5,3893,500,0,719,0.697,1
3,960394,37,rpm,317,351,36.5,36.5,3893,500,0,719,0.697,1
3,960415,37,rpm,267,351,36.5,36.5,3893,500,0,719,0.697,1
3,960435,37,rpm,52,351,36.5,36.5,3893,500,0,719,0.698,1
3,960456,37,rpm,16,351,36.5,36.5,3893,500,0,719,0.698,1
3,960476,37,rpm,11,351,36.5,36.5,3893,500,0,719,0.698,1
3,960497,37,rpm,27,351,36.5,36.5,3893,500,0,719,0.698,1
3,960517,37,rpm,168,351,36.5,36.5,3893,500,0,720,0.698,1
3,960538,37,rpm,460,351,36.5,36.5,3893,500,0,720,0.698,1
3,960559,37,rpm,662,351,36.5,36.5,3893,500,0,720,0.698,1
3,960579,37,rpm,739,351,36.5,36.5,3893,500,0,720,0.698,1
3,960600,37,rpm,673,351,36.5,36.5,3893,500,0,720,0.698,1
3,960620,37,rpm,542,351,36.5,36.5,3893,500,0,720,0.699,1
3,960641,37,rpm,396,351,36.5,36.5,3893,500,0,720,0.699,1
3,960661,37,rpm,313,351,36.5,36.5,3893,500,0,720,0.699,1
3,960682,37,rpm,186,351,36.5,36.5,3893,500,0,721,0.699,1
3,960703,37,rpm,28,351,36.5,36.5,3893,500,0,721,0.699,1
3,960723,37,rpm,13,351,36.5,36.5,3893,500,0,721,0.699,1
3,960744,37,rpm,15,351,36.5,36.5,3893,500,0,721,0.699,1
3,960764,37,rpm,80,351,36.5,36.5,3893,500,0,721,0.699,1
3,960785,37,rpm,365,351,36.5,36.5,3893,500,0,721,0.7,1
3,960805,37,rpm,686,351,36.5,36.5,3893,500,0,721,0.7,1
3,960826,37,rpm,816,351,36.5,36.5,3893,500,0,721,0.7,1
3,960846,37,rpm,737,351,36.5,36.5,3893,500,0,722,0.7,1
3,960867,37,rpm,634,351,36.5,36.5,3893,500,0,722,0.7,1
3,960888,37,rpm,459,351,36.5,36.5,3893,500,0,722,0.7,1
3,960908,37,rpm,316,351,36.5,36.5,3893,500,0,722,0.7,1
3,960929,37,rpm,240,351,36.5,36.5,3893,500,0,722,0.7,1
3,960949,37,rpm,69,351,36.5,36.5,3893,500,0,722,0.7,1
3,960970,37,rpm,17,351,36.5,36.5,3893,500,0,722,0.701,1
3,960990,37,rpm,11,351,36.5,36.5,3893,500,0,722,0.701,1
3,961011,37,rpm,24,351,36.5,36.5,3893,500,0,722,0.701,1
3,961031,37,rpm,175,351,36.5,36.5,3893,500,0,723,0.701,1
3,961052,37,rpm,543,351,36.5,36.5,3893,500,0,723,0.701,1
3,961073,37,rpm,647,351,36.5,36.5,3893,500,0,723,0.701,1
3,961093,37,rpm,731,351,36.5,36.5,3893,500,0,723,0.701,1
3,961114,37,rpm,699,351,36.5,36.5,3893,500,0,723,0.701,1
3,961134,37,rpm,558,351,36.5,36.5,3893,500,0,723,0.701,1
3,961155,37,rpm,424,351,36.5,36.5,3893,500,0,723,0.702,1
3,961175,37,rpm,330,351,36.5,36.5,3893,500,0,723,0.702,1
3,961196,37,rpm,147,351,36.5,36.5,3893,500,0,724,0.702,1
3,961217,37,rpm,24,351,36.5,36.5,3893,500,0,724,0.702,1
3,961237,37,rpm,13,351,36.5,36.5,3893,500,0,724,0.702,1
3,961258,37,rpm,19,351,36.5,36.5,3893,500,0,724,0.702,1
3,961278,37,rpm,127,351,36.5,36.5,3893,500,0,724,0.702,1
3,961299,37,rpm,511,351,36.5,36.5,3893,500,0,724,0.702,1
3,961319,37,rpm,653,351,36.5,36.5,3893,500,0,724,0.703,1
3,961340,37,rpm,717,351,36.5,36.5,3893,500,0,724,0.703,1
3,961361,37,rpm,675,351,36.5,36.5,3893,500,0,725,0.703,1
3,961381,37,rpm,629,351,36.5,36.5,3893,500,0,725,0.703,1
3,961402,37,rpm,501,351,36.5,36.5,3893,500,0,725,0.703,1
3,961422,37,rpm,403,351,36.5,36.5,3893,500,0,725,0.703,1
3,961443,37,rpm,295,351,36.5,36.5,3893,500,0,725,0.703,1
3,961463,37,rpm,40,351,36.5,36.5,3893,500,0,725,0.703,1
3,961484,37,rpm,16,351,36.5,36.5,3893,500,0,725,0.703,1
3,961504,37,rpm,14,351,36.5,36.5,3893,500,0,725,0.704,1
3,961525,37,rpm,50,351,36.5,36.5,3893,500,0,725,0.704,1
3,961545,37,rpm,295,351,36.5,36.5,3893,500,0,726,0.704,1
3,961566,37,rpm,579,351,36.5,36.5,3893,500,0,726,0.704,1
3,961587,37,rpm,668,351,36.5,36.5,3893,500,0,726,0.704,1
3,961607,37,rpm,655,351,36.5,36.5,3893,500,0,726,0.704,1
3,961628,37,rpm,625,351,36.5,36.5,3893,500,0,726,0.704,1
3,961648,37,rpm,526,351,36.5,36.5,3893,500,0,726,0.704,1
3,961669,37,rpm,423,351,36.5,36.5,3893,500,0,726,0.705,1
3,961689,37,rpm,341,351,36.5,36.5,3893,500,0,726,0.705,1
3,961710,37,rpm,102,351,36.5,36.5,3893,500,0,727,0.705,1
3,961730,37,rpm,19,351,36.5,36.5,3893,500,0,727,0.705,1
3,961751,37,rpm,12,351,36.5,36.5,3893,500,0,727,0.705,1
3,961771,37,rpm,22,351,36.5,36.5,3893,500,0,727,0.705,1
3,961792,37,rpm,127,351,36.5,36.5,3893,500,0,727,0.705,1
3,961812,37,rpm,443,351,36.5,36.5,3893,500,0,727,0.705,1
3,961833,37,rpm,693,351,36.5,36.5,3893,500,0,727,0.705,1
3,961854,37,rpm,794,351,36.5,36.5,3893,500,0,727,0.706,1
3,961874,37,rpm,725,351,36.5,36.5,3893,500,0,728,0.706,1
3,961895,37,rpm,613,351,36.5,36.5,3893,500,0,728,0.706,1
3,961915,37,rpm,457,351,36.5,36.5,3893,500,0,728,0.706,1
3,961936,37,rpm,319,351,36.5,36.5,3893,500,0,728,0.706,1
3,961956,37,rpm,262,351,36.5,36.5,3893,500,0,728,0.706,1
3,961977,37,rpm,65,351,36.5,36.5,3893,500,0,728,0.706,1
3,961997,37,rpm,16,351,36.5,36.5,3893,500,0,728,0.706,1
3,962018,37,rpm,11,351,36.5,36.5,3893,500,0,728,0.707,1
3,962038,37,rpm,25,351,36.5,36.5,3893,500,0,728,0.707,1
3,962059,37,rpm,154,351,36.5,36.5,3893,500,0,729,0.707,1
3,962080,37,rpm,465,351,36.5,36.5,3893,500,0,729,0.707,1
3,962100,37,rpm,697,351,36.5,36.5,3893,500,0,729,0.707,1
3,962121,37,rpm,749,351,36.5,36.5,3893,500,0,729,0.707,1
3,962141,37,rpm,671,351,36.5,36.5,3893,500,0,729,0.707,1
3,962162,37,rpm,556,351,36.5,36.5,3893,500,0,729,0.707,1
3,962182,37,rpm,396,351,36.5,36.5,3893,500,0,729,0.707,1
3,962203,37,rpm,296,351,36.5,36.5,3893,500,0,729,0.708,1
3,962223,37,rpm,203,351,36.5,36.5,3893,500,0,730,0.708,1
3,962244,37,rpm,29,351,36.5,36.5,3893,500,0,730,0.708,1
3,962265,37,rpm,13,351,36.5,36.5,3893,500,0,730,0.708,1
3,962285,37,rpm,13,351,36.5,36.5,3893,500,0,730,0.708,1
3,962306,37,rpm,57,351,36.5,36.5,3893,500,0,730,0.708,1
3,962326,37,rpm,308,351,36.5,36.5,3893,500,0,730,0.708,1
3,962347,37,rpm,646,351,36.5,36.5,3893,500,0,730,0.708,1
3,962367,37,rpm,796,351,36.5,36.5,3893,500,0,730,0.708,1
3,962388,37,rpm,739,351,36.5,36.5,3893,500,0,731,0.709,1
3,962409,37,rpm,645,351,36.5,36.5,3893,500,0,731,0.709,1
3,962429,37,rpm,473,351,36.5,36.5,3893,500,0,731,0.709,1
3,962450,37,rpm,327,351,36.5,36.5,3893,500,0,731,0.709,1
3,962470,37,rpm,251,351,36.5,36.5,3893,500,0,731,0.709,1
3,962491,37,rpm,79,351,36.5,36.5,3893,500,0,731,0.709,1
3,962511,37,rpm,17,351,36.5,36.5,3893,500,0,731,0.709,1
3,962532,37,rpm,11,351,36.5,36.5,3893,500,0,731,0.709,1
3,962553,37,rpm,22,351,36.5,36.5,3893,500,0,731,0.71,1
3,962573,37,rpm,158,351,36.5,36.5,3893,500,0,732,0.71,1
3,962594,37,rpm,525,351,36.5,36.5,3893,500,0,732,0.71,1
3,962614,37,rpm,635,351,36.5,36.5,3893,500,0,732,0.71,1
3,962635,37,rpm,702,351,36.5,36.5,3893,500,0,732,0.71,1
3,962655,37,rpm,696,351,36.5,36.5,3893,500,0,732,0.71,1
3,962676,37,rpm,567,351,36.5,36.5,3893,500,0,732,0.71,1
3,962696,37,rpm,431,351,36.5,36.5,3893,500,0,732,0.71,1
3,962717,37,rpm,350,351,36.5,36.5,3893,500,0,732,0.71,1
3,962737,37,rpm,172,351,36.5,36.5,3893,500,0,733,0.711,1
3,962758,37,rpm,27,351,36.5,36.5,3893,500,0,733,0.711,1
3,962779,37,rpm,14,351,36.5,36.5,3893,500,0,733,0.711,1
3,962799,37,rpm,17,351,36.5,36.5,3893,500,0,733,0.711,1
3,962820,37,rpm,101,351,36.5,36.5,3893,500,0,733,0.711,1
3,962840,37,rpm,478,351,36.5,36.5,3893,500,0,733,0.711,1
3,962861,37,rpm,647,351,36.5,36.5,3893,500,0,733,0.711,1
3,962881,37,rpm,717,351,36.5,36.5,3893,500,0,733,0.711,1
3,962902,37,rpm,680,351,36.5,36.5,3893,500,0,734,0.712,1
3,962922,37,rpm,638,351,36.5,36.5,3893,500,0,734,0.712,1
3,962943,37,rpm,512,351,36.5,36.5,3893,500,0,734,0.712,1
3,962963,37,rpm,411,351,36.5,36.5,3893,500,0,734,0.712,1
3,962984,37,rpm,314,351,36.5,36.5,3893,500,0,734,0.712,1
3,963005,37,rpm,46,351,36.5,36.5,3893,500,0,734,0.712,1
3,963025,37,rpm,17,351,36.5,36.5,3893,500,0,734,0.712,1
3,963046,37,rpm,14,351,36.5,36.5,3893,500,0,734,0.712,1
3,963066,37,rpm,46,351,36.5,36.5,3893,500,0,734,0.712,1
3,963087,37,rpm,273,351,36.5,36.5,3893,500,0,735,0.713,1
3,963107,37,rpm,570,351,36.5,36.5,3893,500,0,735,0.713,1
3,963128,37,rpm,661,351,36.5,36.5,3893,500,0,735,0.713,1
3,963149,37,rpm,659,351,36.5,36.5,3893,500,0,735,0.713,1
3,963169,37,rpm,633,351,36.5,36.5,3893,500,0,735,0.713,1
3,963190,37,rpm,528,351,36.5,36.5,3893,500,0,735,0.713,1
3,963210,37,rpm,427,351,36.5,36.5,3893,500,0,735,0.713,1
3,963231,37,rpm,350,351,36.5,36.5,3893,500,0,735,0.713,1
3,963251,37,rpm,119,351,36.5,36.5,3893,500,0,736,0.714,1
3,963272,37,rpm,20,351,36.5,36.5,3893,500,0,736,0.714,1
3,963293,37,rpm,13,351,36.5,36.5,3893,500,0,736,0.714,1
3,963313,37,rpm,22,351,36.5,36.5,3893,500,0,736,0.714,1
3,963334,37,rpm,117,351,36.5,36.5,3893,500,0,736,0.714,1
3,963354,37,rpm,416,351,36.5,36.5,3893,500,0,736,0.714,1
3,963375,37,rpm,635,351,36.5,36.5,3893,500,0,736,0.714,1
3,963395,37,rpm,776,351,36.5,36.5,3893,500,0,736,0.714,1
3,963416,37,rpm,731,351,36.5,36.5,3893,500,0,737,0.714,1
3,963436,37,rpm,620,351,36.5,36.5,3893,500,0,737,0.715,1
3,963457,37,rpm,467,351,36.5,36.5,3893,500,0,737,0.715,1
3,963478,37,rpm,330,351,36.5,36.5,3893,500,0,737,0.715,1
3,963498,37,rpm,282,351,36.5,36.5,3893,500,0,737,0.715,1
3,963519,37,rpm,73,351,36.5,36.5,3893,500,0,737,0.715,1
3,963539,37,rpm,17,351,36.5,36.5,3893,500,0,737,0.715,1
3,963560,37,rpm,11,351,36.5,36.5,3893,500,0,737,0.715,1
3,963580,37,rpm,22,351,36.5,36.5,3893,500,0,737,0.715,1
3,963601,37,rpm,137,351,36.5,36.5,3893,500,0,738,0.715,1
3,963621,37,rpm,431,351,36.5,36.5,3893,500,0,738,0.716,1
3,963642,37,rpm,629,351,36.5,36.5,3893,500,0,738,0.716,1
3,963662,37,rpm,750,351,36.5,36.5,3893,500,0,738,0.716,1
3,963683,37,rpm,690,351,36.5,36.5,3893,500,0,738,0.716,1
3,963703,37,rpm,569,351,36.5,36.5,3893,500,0,738,0.716,1
3,963724,37,rpm,421,351,36.5,36.5,3893,500,0,738,0.716,1
3,963745,37,rpm,324,351,36.5,36.5,3893,500,0,738,0.716,1
3,963765,37,rpm,230,351,36.5,36.5,3893,500,0,739,0.716,1
3,963786,37,rpm,31,351,36.5,36.5,3893,500,0,739,0.717,1
3,963806,37,rpm,14,351,36.5,36.5,3893,500,0,739,0.717,1
3,963827,37,rpm,13,351,36.5,36.5,3893,500,0,739,0.717,1
3,963847,37,rpm,55,351,36.5,36.5,3893,500,0,739,0.717,1
3,963868,37,rpm,303,351,36.5,36.5,3893,500,0,739,0.717,1
3,963888,37,rpm,651,351,36.5,36.5,3893,500,0,739,0.717,1
3,963909,37,rpm,800,351,36.5,36.5,3893,500,0,739,0.717,1
3,963929,37,rpm,744,351,36.5,36.5,3893,500,0,740,0.717,1
3,963950,37,rpm,650,351,36.5,36.5,3893,500,0,740,0.717,1
3,963971,37,rpm,479,351,36.5,36.5,3893,500,0,740,0.718,1
3,963991,37,rpm,334,351,36.5,36.5,3893,500,0,740,0.718,1
3,964012,37,rpm,247,351,36.5,36.5,3893,500,0,740,0.718,1
3,964032,37,rpm,92,351,36.5,36.5,3893,500,0,740,0.718,1
3,964053,37,rpm,19,351,36.5,36.5,3893,500,0,740,0.718,1
3,964073,37,rpm,11,351,36.5,36.5,3893,500,0,740,0.718,1
3,964094,37,rpm,20,351,36.5,36.5,3893,500,0,741,0.718,1
3,964115,37,rpm,141,351,36.5,36.5,3893,500,0,741,0.718,1
3,964135,37,rpm,517,351,36.5,36.5,3893,500,0,741,0.719,1
3,964156,37,rpm,638,351,36.5,36.5,3893,500,0,741,0.719,1
3,964176,37,rpm,733,351,36.5,36.5,3893,500,0,741,0.719,1
3,964197,37,rpm,711,351,36.5,36.5,3893,500,0,741,0.719,1
3,964217,37,rpm,572,351,36.5,36.5,3893,500,0,741,0.719,1
3,964238,37,rpm,440,351,36.5,36.5,3893,500,0,741,0.719,1
3,964258,37,rpm,341,351,36.5,36.5,3893,500,0,741,0.719,1
3,964279,37,rpm,186,351,36.5,36.5,3893,500,0,742,0.719,1
3,964300,37,rpm,28,351,36.5,36.5,3893,500,0,742,0.719,1
3,964320,37,rpm,14,351,36.5,36.5,3893,500,0,742,0.72,1
3,964341,37,rpm,17,351,36.5,36.5,3893,500,0,742,0.72,1
3,964361,37,rpm,92,351,36.5,36.5,3893,500,0,742,0.72,1
3,964382,37,rpm,457,351,36.5,36.5,3893,500,0,742,0.72,1
3,964402,37,rpm,631,351,36.5,36.5,3893,500,0,742,0.72,1
3,964423,37,rpm,710,351,36.5,36.5,3893,500,0,742,0.72,1
3,964444,37,rpm,677,351,36.5,36.5,3893,500,0,743,0.72,1
3,964464,37,rpm,641,351,36.5,36.5,3893,500,0,743,0.72,1
3,964485,37,rpm,517,351,36.5,36.5,3893,500,0,743,0.721,1
3,964505,37,rpm,416,351,36.5,36.5,3893,500,0,743,0.721,1
3,964526,37,rpm,319,351,36.5,36.5,3893,500,0,743,0.721,1
3,964547,37,rpm,55,351,36.5,36.5,3893,500,0,743,0.721,1
3,964567,37,rpm,17,351,36.5,36.5,3893,500,0,743,0.721,1
3,964588,37,rpm,14,351,36.5,36.5,3893,500,0,743,0.721,1
3,964608,37,rpm,40,351,36.5,36.5,3893,500,0,744,0.721,1
3,964629,37,rpm,258,351,36.5,36.5,3893,500,0,744,0.721,1
3,964649,37,rpm,565,351,36.5,36.5,3893,500,0,744,0.721,1
3,964670,37,rpm,661,351,36.5,36.5,3893,500,0,744,0.722,1
3,964691,37,rpm,664,351,36.5,36.5,3893,500,0,744,0.722,1
3,964711,37,rpm,638,351,36.5,36.5,3893,500,0,744,0.722,1
3,964732,37,rpm,532,351,36.5,36.5,3893,500,0,744,0.722,1
3,964752,37,rpm,430,351,36.5,36.5,3893,500,0,744,0.722,1
3,964773,37,rpm,353,351,36.5,36.5,3893,500,0,744,0.722,1
3,964793,37,rpm,128,351,36.5,36.5,3893,500,0,745,0.722,1
3,964814,37,rpm,21,351,36.5,36.5,3893,500,0,745,0.722,1
3,964835,37,rpm,13,351,36.5,36.5,3893,500,0,745,0.722,1
3,964855,37,rpm,20,351,36.5,36.5,3893,500,0,745,0.723,1
3,964876,37,rpm,107,351,36.5,36.5,3893,500,0,745,0.723,1
3,964896,37,rpm,417,351,36.5,36.5,3893,500,0,745,0.723,1
3,964917,37,rpm,675,351,36.5,36.5,3893,500,0,745,0.723,1
3,964937,37,rpm,802,351,36.5,36.5,3893,500,0,745,0.723,1
3,964958,37,rpm,729,351,36.5,36.5,3893,500,0,746,0.723,1
3,964978,37,rpm,624,351,36.5,36.5,3893,500,0,746,0.723,1
3,964999,37,rpm,475,351,36.5,36.5,3893,500,0,746,0.723,1
3,965019,37,rpm,328,351,36.5,36.5,3893,500,0,746,0.724,1
3,965040,37,rpm,269,351,36.5,36.5,3893,500,0,746,0.724,1
3,965060,37,rpm,87,351,36.5,36.5,3893,500,0,746,0.724,1
3,965081,37,rpm,18,351,36.5,36.5,3893,500,0,746,0.724,1
3,965102,37,rpm,11,351,36.5,36.5,3893,500,0,746,0.724,1
3,965122,37,rpm,21,351,36.5,36.5,3893,500,0,747,0.724,1
3,965143,37,rpm,126,351,36.5,36.5,3893,500,0,747,0.724,1
3,965163,37,rpm,424,351,36.5,36.5,3893,500,0,747,0.724,1
3,965184,37,rpm,665,351,36.5,36.5,3893,500,0,747,0.724,1
3,965204,37,rpm,751,351,36.5,36.5,3893,500,0,747,0.725,1
3,965225,37,rpm,681,351,36.5,36.5,3893,500,0,747,0.725,1
3,965246,37,rpm,571,351,36.5,36.5,3893,500,0,747,0.725,1
3,965266,37,rpm,411,351,36.5,36.5,3893,500,0,747,0.725,1
3,965287,37,rpm,304,351,36.5,36.5,3893,500,0,747,0.725,1
3,965307,37,rpm,229,351,36.5,36.5,3893,500,0,748,0.725,1
3,965328,37,rpm,31,351,36.5,36.5,3893,500,0,748,0.725,1
3,965348,37,rpm,14,351,36.5,36.5,3893,500,0,748,0.725,1
3,965369,37,rpm,12,351,36.5,36.5,3893,500,0,748,0.726,1
3,965389,37,rpm,50,351,36.5,36.5,3893,500,0,748,0.726,1
3,965410,37,rpm,278,351,36.5,36.5,3893,500,0,748,0.726,1
3,965430,37,rpm,633,351,36.5,36.5,3893,500,0,748,0.726,1
3,965451,37,rpm,801,351,36.5,36.5,3893,500,0,748,0.726,1
3,965472,37,rpm,756,351,36.5,36.5,3893,500,0,749,0.726,1
3,965492,37,rpm,659,351,36.5,36.5,3893,500,0,749,0.726,1
3,965513,37,rpm,486,351,36.5,36.5,3893,500,0,749,0.726,1
3,965533,37,rpm,339,351,36.5,36.5,3893,500,0,749,0.726,1
3,965554,37,rpm,252,351,36.5,36.5,3893,500,0,749,0.727,1
3,965574,37,rpm,101,351,36.5,36.5,3893,500,0,749,0.727,1
3,965595,37,rpm,19,351,36.5,36.5,3893,500,0,749,0.727,1
3,965616,37,rpm,11,351,36.5,36.5,3893,500,0,749,0.727,1
3,965636,37,rpm,18,351,36.5,36.5,3893,500,0,750,0.727,1
3,965657,37,rpm,122,351,36.5,36.5,3893,500,0,750,0.727,1
3,965677,37,rpm,491,351,36.5,36.5,3893,500,0,750,0.727,1
3,965698,37,rpm,624,351,36.5,36.5,3893,500,0,750,0.727,1
3,965718,37,rpm,699,351,36.5,36.5,3893,500,0,750,0.728,1
3,965739,37,rpm,703,351,36.5,36.5,3893,500,0,750,0.728,1
3,965759,37,rpm,584,351,36.5,36.5,3893,500,0,750,0.728,1
3,965780,37,rpm,458,351,36.5,36.5,3893,500,0,750,0.728,1
3,965801,37,rpm,356,351,36.5,36.5,3893,500,0,750,0.728,1
3,965821,37,rpm,195,351,36.5,36.5,3893,500,0,751,0.728,1
3,965842,37,rpm,28,351,36.5,36.5,3893,500,0,751,0.728,1
3,965862,37,rpm,14,351,36.5,36.5,3893,500,0,751,0.728,1
3,965883,37,rpm,16,351,36.5,36.5,3893,500,0,751,0.728,1
3,965903,37,rpm,83,351,36.5,36.5,3893,500,0,751,0.729,1
3,965924,37,rpm,445,351,36.5,36.5,3893,500,0,751,0.729,1
3,965944,37,rpm,635,351,36.5,36.5,3893,500,0,751,0.729,1
3,965965,37,rpm,714,351,36.5,36.5,3893,500,0,751,0.729,1
3,965986,37,rpm,686,351,36.5,36.5,3893,500,0,752,0.729,1
3,966006,37,rpm,648,351,36.5,36.5,3893,500,0,752,0.729,1
3,966027,37,rpm,526,351,36.5,36.5,3893,500,0,752,0.729,1
3,966047,37,rpm,421,351,36.5,36.5,3893,500,0,752,0.729,1
3,966068,37,rpm,328,351,36.5,36.5,3893,500,0,752,0.729,1
3,966088,37,rpm,65,351,36.5,36.5,3893,500,0,752,0.73,1
3,966109,37,rpm,18,351,36.5,36.5,3893,500,0,752,0.73,1
3,966129,37,rpm,14,351,36.5,36.5,3893,500,0,752,0.73,1
3,966150,37,rpm,36,351,36.5,36.5,3893,500,0,753,0.73,1
3,966170,37,rpm,227,351,36.5,36.5,3893,500,0,753,0.73,1
3,966191,37,rpm,551,351,36.5,36.5,3893,500,0,753,0.73,1
3,966212,37,rpm,653,351,36.5,36.5,3893,500,0,753,0.73,1
3,966232,37,rpm,668,351,36.5,36.5,3893,500,0,753,0.73,1
3,966253,37,rpm,637,351,36.5,36.5,3893,500,0,753,0.731,1
3,966273,37,rpm,540,351,36.5,36.5,3893,500,0,753,0.731,1
3,966294,37,rpm,434,351,36.5,36.5,3893,500,0,753,0.731,1
3,966314,37,rpm,360,351,36.5,36.5,3893,500,0,753,0.731,1
3,966335,37,rpm,144,351,36.5,36.5,3893,500,0,754,0.731,1
3,966356,37,rpm,23,351,36.5,36.5,3893,500,0,754,0.731,1
3,966376,37,rpm,13,351,36.5,36.5,3893,500,0,754,0.731,1
3,966397,37,rpm,19,351,36.5,36.5,3893,500,0,754,0.731,1
3,966417,37,rpm,95,351,36.5,36.5,3893,500,0,754,0.731,1
3,966438,37,rpm,388,351,36.5,36.5,3893,500,0,754,0.732,1
3,966459,37,rpm,611,351,36.5,36.5,3893,500,0,754,0.732,1
3,966479,37,rpm,783,351,36.5,36.5,3893,500,0,754,0.732,1
3,966500,37,rpm,738,351,36.5,36.5,3893,500,0,755,0.732,1
3,966520,37,rpm,644,351,36.5,36.5,3893,500,0,755,0.732,1
3,966541,37,rpm,486,351,36.5,36.5,3893,500,0,755,0.732,1
3,966561,37,rpm,338,351,36.5,36.5,3893,500,0,755,0.732,1
3,966582,37,rpm,283,351,36.5,36.5,3893,500,0,755,0.732,1
3,966603,37,rpm,92,351,36.5,36.5,3893,500,0,755,0.733,1
3,966623,37,rpm,18,351,36.5,36.5,3893,500,0,755,0.733,1
3,966644,37,rpm,11,351,36.5,36.5,3893,500,0,755,0.733,1
3,966664,37,rpm,19,351,36.5,36.5,3893,500,0,756,0.733,1
3,966685,37,rpm,116,351,36.5,36.5,3893,500,0,756,0.733,1
3,966705,37,rpm,415,351,36.5,36.5,3893,500,0,756,0.733,1
3,966726,37,rpm,640,351,36.5,36.5,3893,500,0,756,0.733,1
3,966747,37,rpm,760,351,36.5,36.5,3893,500,0,756,0.733,1
3,966767,37,rpm,693,351,36.5,36.5,3893,500,0,756,0.733,1
3,966788,37,rpm,586,351,36.5,36.5,3893,500,0,756,0.734,1
3,966808,37,rpm,429,351,36.5,36.5,3893,500,0,756,0.734,1
3,966829,37,rpm,320,351,36.5,36.5,3893,500,0,757,0.734,1
3,966849,37,rpm,245,351,36.5,36.5,3893,500,0,757,0.734,1
3,966870,37,rpm,34,351,36.5,36.5,3893,500,0,757,0.734,1
3,966891,37,rpm,15,351,36.5,36.5,3893,500,0,757,0.734,1
3,966911,37,rpm,12,351,36.5,36.5,3893,500,0,757,0.734,1
3,966932,37,rpm,45,351,36.5,36.5,3893,500,0,757,0.734,1
3,966952,37,rpm,262,351,36.5,36.5,3893,500,0,757,0.735,1
3,966973,37,rpm,627,351,36.5,36.5,3893,500,0,757,0.735,1
3,966993,37,rpm,788,351,36.5,36.5,3893,500,0,757,0.735,1
3,967014,37,rpm,755,351,36.5,36.5,3893,500,0,758,0.735,1
3,967035,37,rpm,664,351,36.5,36.5,3893,500,0,758,0.735,1
3,967055,37,rpm,486,351,36.5,36.5,3893,500,0,758,0.735,1
3,967076,37,rpm,339,351,36.5,36.5,3893,500,0,758,0.735,1
3,967096,37,rpm,252,351,36.5,36.5,3893,500,0,758,0.735,1
3,967117,37,rpm,104,351,36.5,36.5,3893,500,0,758,0.735,1
3,967137,37,rpm,20,351,36.5,36.5,3893,500,0,758,0.736,1
3,967158,37,rpm,11,351,36.5,36.5,3893,500,0,758,0.736,1
3,967179,37,rpm,19,351,36.5,36.5,3893,500,0,759,0.736,1
3,967199,37,rpm,127,351,36.5,36.5,3893,500,0,759,0.736,1
3,967220,37,rpm,493,351,36.5,36.5,3893,500,0,759,0.736,1
3,967240,37,rpm,622,351,36.5,36.5,3893,500,0,759,0.736,1
3,967261,37,rpm,712,351,36.5,36.5,3893,500,0,759,0.736,1
3,967281,37,rpm,712,351,36.5,36.5,3893,500,0,759,0.736,1
3,967302,37,rpm,581,351,36.5,36.5,3893,500,0,759,0.737,1
3,967322,37,rpm,455,351,36.5,36.5,3893,500,0,759,0.737,1
3,967343,37,rpm,358,351,36.5,36.5,3893,500,0,760,0.737,1
3,967363,37,rpm,207,351,36.5,36.5,3893,500,0,760,0.737,1
3,967384,37,rpm,29,351,36.5,36.5,3893,500,0,760,0.737,1
3,967405,37,rpm,14,351,36.5,36.5,3893,500,0,760,0.737,1
3,967425,37,rpm,16,351,36.5,36.5,3893,500,0,760,0.737,1
3,967446,37,rpm,82,351,36.5,36.5,3893,500,0,760,0.737,1
3,967466,37,rpm,432,351,36.5,36.5,3893,500,0,760,0.737,1
3,967487,37,rpm,623,351,36.5,36.5,3893,500,0,760,0.738,1
3,967507,37,rpm,704,351,36.5,36.5,3893,500,0,760,0.738,1
3,967528,37,rpm,681,351,36.5,36.5,3893,500,0,761,0.738,1
3,967548,37,rpm,642,351,36.5,36.5,3893,500,0,761,0.738,1
3,967569,37,rpm,526,351,36.5,36.5,3893,500,0,761,0.738,1
3,967590,37,rpm,425,351,36.5,36.5,3893,500,0,761,0.738,1
3,967610,37,rpm,332,351,36.5,36.5,3893,500,0,761,0.738,1
3,967631,37,rpm,67,351,36.5,36.5,3893,500,0,761,0.738,1
3,967651,37,rpm,18,351,36.5,36.5,3893,500,0,761,0.738,1
3,967672,37,rpm,14,351,36.5,36.5,3893,500,0,761,0.739,1
3,967692,37,rpm,35,351,36.5,36.5,3893,500,0,762,0.739,1
3,967713,37,rpm,229,351,36.5,36.5,3893,500,0,762,0.739,1
3,967734,37,rpm,548,351,36.5,36.5,3893,500,0,762,0.739,1
3,967754,37,rpm,651,351,36.5,36.5,3893,500,0,762,0.739,1
3,967775,37,rpm,671,351,36.5,36.5,3893,500,0,762,0.739,1
3,967795,37,rpm,642,351,36.5,36.5,3893,500,0,762,0.739,1
3,967816,37,rpm,545,351,36.5,36.5,3893,500,0,762,0.739,1
3,967836,37,rpm,441,351,36.5,36.5,3893,500,0,762,0.74,1
3,967857,37,rpm,361,351,36.5,36.5,3893,500,0,763,0.74,1
3,967877,37,rpm,157,351,36.5,36.5,3893,500,0,763,0.74,1
3,967898,37,rpm,24,351,36.5,36.5,3893,500,0,763,0.74,1
3,967918,37,rpm,13,351,36.5,36.5,3893,500,0,763,0.74,1
3,967939,37,rpm,18,351,36.5,36.5,3893,500,0,763,0.74,1
3,967960,37,rpm,92,351,36.5,36.5,3893,500,0,763,0.74,1
3,967980,37,rpm,381,351,36.5,36.5,3893,500,0,763,0.74,1
3,968001,37,rpm,640,351,36.5,36.5,3893,500,0,763,0.74,1
3,968021,37,rpm,790,351,36.5,36.5,3893,500,0,763,0.741,1
3,968042,37,rpm,736,351,36.5,36.5,3893,500,0,764,0.741,1
3,968063,37,rpm,637,351,36.5,36.5,3893,500,0,764,0.741,1
3,968083,37,rpm,486,351,36.5,36.5,3893,500,0,764,0.741,1
3,968104,37,rpm,338,351,36.5,36.5,3893,500,0,764,0.741,1
3,968124,37,rpm,280,351,36.5,36.5,3893,500,0,764,0.741,1
3,968145,37,rpm,104,351,36.5,36.5,3893,500,0,764,0.741,1
3,968165,37,rpm,19,351,36.5,36.5,3893,500,0,764,0.741,1
3,968186,37,rpm,11,351,36.5,36.5,3893,500,0,764,0.742,1
3,968206,37,rpm,19,351,36.5,36.5,3893,500,0,765,0.742,1
3,968227,37,rpm,106,351,36.5,36.5,3893,500,0,765,0.742,1
3,968247,37,rpm,391,351,36.5,36.5,3893,500,0,765,0.742,1
3,968268,37,rpm,633,351,36.5,36.5,3893,500,0,765,0.742,1
3,968288,37,rpm,743,351,36.5,36.5,3893,500,0,765,0.742,1
3,968309,37,rpm,683,351,36.5,36.5,3893,500,0,765,0.742,1
3,968329,37,rpm,586,351,36.5,36.5,3893,500,0,765,0.742,1
3,968350,37,rpm,425,351,36.5,36.5,3893,500,0,765,0.742,1
3,968371,37,rpm,316,351,36.5,36.5,3893,500,0,766,0.743,1
3,968391,37,rpm,246,351,36.5,36.5,3893,500,0,766,0.743,1
3,968412,37,rpm,34,351,36.5,36.5,3893,500,0,766,0.743,1
3,968432,37,rpm,15,351,36.5,36.5,3893,500,0,766,0.743,1
3,968453,37,rpm,12,351,36.5,36.5,3893,500,0,766,0.743,1
3,968473,37,rpm,45,351,36.5,36.5,3893,500,0,766,0.743,1
3,968494,37,rpm,262,351,36.5,36.5,3893,500,0,766,0.743,1
3,968514,37,rpm,625,351,36.5,36.5,3893,500,0,766,0.743,1
3,968535,37,rpm,795,351,36.5,36.5,3893,500,0,766,0.744,1
3,968556,37,rpm,764,351,36.5,36.5,3893,500,0,767,0.744,1
3,968576,37,rpm,669,351,36.5,36.5,3893,500,0,767,0.744,1
3,968597,37,rpm,498,351,36.5,36.5,3893,500,0,767,0.744,1
3,968617,37,rpm,351,351,36.5,36.5,3893,500,0,767,0.744,1
3,968638,37,rpm,258,351,36.5,36.5,3893,500,0,767,0.744,1
3,968659,37,rpm,119,351,36.5,36.5,3893,500,0,767,0.744,1
3,968679,37,rpm,22,351,36.5,36.5,3893,500,0,767,0.744,1
3,968700,37,rpm,11,351,36.5,36.5,3893,500,0,767,0.744,1
3,968720,37,rpm,16,351,36.5,36.5,3893,500,0,768,0.745,1
3,968741,37,rpm,98,351,36.5,36.5,3893,500,0,768,0.745,1
3,968761,37,rpm,458,351,36.5,36.5,3893,500,0,768,0.745,1
3,968782,37,rpm,616,351,36.5,36.5,3893,500,0,768,0.745,1
3,968802,37,rpm,699,351,36.5,36.5,3893,500,0,768,0.745,1
3,968823,37,rpm,718,351,36.5,36.5,3893,500,0,768,0.745,1
3,968843,37,rpm,596,351,36.5,36.5,3893,500,0,768,0.745,1
3,968864,37,rpm,467,351,36.5,36.5,3893,500,0,768,0.745,1
3,968885,37,rpm,356,351,36.5,36.5,3893,500,0,769,0.745,1
3,968905,37,rpm,221,351,36.5,36.5,3893,500,0,769,0.746,1
3,968926,37,rpm,30,351,36.5,36.5,3893,500,0,769,0.746,1
3,968946,37,rpm,14,351,36.5,36.5,3893,500,0,769,0.746,1
3,968967,37,rpm,15,351,36.5,36.5,3893,500,0,769,0.746,1
3,968988,37,rpm,70,351,36.5,36.5,3893,500,0,769,0.746,1
3,969008,37,rpm,418,351,36.5,36.5,3893,500,0,769,0.746,1
3,969029,37,rpm,633,351,36.5,36.5,3893,500,0,769,0.746,1
3,969049,37,rpm,710,351,36.5,36.5,3893,500,0,770,0.746,1
3,969070,37,rpm,691,351,36.5,36.5,3893,500,0,770,0.747,1
3,969090,37,rpm,649,351,36.5,36.5,3893,500,0,770,0.747,1
3,969111,37,rpm,533,351,36.5,36.5,3893,500,0,770,0.747,1
3,969132,37,rpm,429,351,36.5,36.5,3893,500,0,770,0.747,1
3,969152,37,rpm,337,351,36.5,36.5,3893,500,0,770,0.747,1
3,969173,37,rpm,83,351,36.5,36.5,3893,500,0,770,0.747,1
3,969193,37,rpm,18,351,36.5,36.5,3893,500,0,770,0.747,1
3,969214,37,rpm,13,351,36.5,36.5,3893,500,0,770,0.747,1
3,969234,37,rpm,31,351,36.5,36.5,3893,500,0,771,0.747,1
3,969255,37,rpm,202,351,36.5,36.5,3893,500,0,771,0.748,1
3,969275,37,rpm,541,351,36.5,36.5,3893,500,0,771,0.748,1
3,969296,37,rpm,647,351,36.5,36.5,3893,500,0,771,0.748,1
3,969316,37,rpm,670,351,36.5,36.5,3893,500,0,771,0.748,1
3,969337,37,rpm,628,351,36.5,36.5,3893,500,0,771,0.748,1
3,969358,37,rpm,555,351,36.5,36.5,3893,500,0,771,0.748,1
3,969378,37,rpm,444,351,36.5,36.5,3893,500,0,771,0.748,1
3,969399,37,rpm,366,351,36.5,36.5,3893,500,0,772,0.748,1
3,969419,37,rpm,166,351,36.5,36.5,3893,500,0,772,0.749,1
3,969440,37,rpm,25,351,36.5,36.5,3893,500,0,772,0.749,1
3,969460,37,rpm,13,351,36.5,36.5,3893,500,0,772,0.749,1
3,969481,37,rpm,17,351,36.5,36.5,3893,500,0,772,0.749,1
3,969501,37,rpm,83,351,36.5,36.5,3893,500,0,772,0.749,1
3,969522,37,rpm,354,351,36.5,36.5,3893,500,0,772,0.749,1
3,969543,37,rpm,597,351,36.5,36.5,3893,500,0,772,0.749,1
3,969563,37,rpm,783,351,36.5,36.5,3893,500,0,773,0.749,1
3,969584,37,rpm,753,351,36.5,36.5,3893,500,0,773,0.749,1
3,969604,37,rpm,663,351,36.5,36.5,3893,500,0,773,0.75,1
3,969625,37,rpm,499,351,36.5,36.5,3893,500,0,773,0.75,1
3,969645,37,rpm,344,351,36.5,36.5,3893,500,0,773,0.75,1
3,969666,37,rpm,281,351,36.5,36.5,3893,500,0,773,0.75,1
3,969686,37,rpm,117,351,36.5,36.5,3893,500,0,773,0.75,1
3,969707,37,rpm,21,351,36.5,36.5,3893,500,0,773,0.75,1
3,969727,37,rpm,12,351,36.5,36.5,3893,500,0,773,0.75,1
3,969748,37,rpm,18,351,36.5,36.5,3893,500,0,774,0.75,1
3,969769,37,rpm,99,351,36.5,36.5,3893,500,0,774,0.751,1
3,969789,37,rpm,390,351,36.5,36.5,3893,500,0,774,0.751,1
3,969810,37,rpm,647,351,36.5,36.5,3893,500,0,774,0.751,1
3,969830,37,rpm,762,351,36.5,36.5,3893,500,0,774,0.751,1
3,969851,37,rpm,700,351,36.5,36.5,3893,500,0,774,0.751,1
3,969871,37,rpm,600,351,36.5,36.5,3893,500,0,774,0.751,1
3,969892,37,rpm,435,351,36.5,36.5,3893,500,0,774,0.751,1
3,969912,37,rpm,312,351,36.5,36.5,3893,500,0,775,0.751,1
3,969933,37,rpm,257,351,36.5,36.5,3893,500,0,775,0.751,1
3,969954,37,rpm,46,351,36.5,36.5,3893,500,0,775,0.752,1
3,969974,37,rpm,16,351,36.5,36.5,3893,500,0,775,0.752,1
3,969995,37,rpm,11,351,36.5,36.5,3893,500,0,775,0.752,1
3,970015,37,rpm,35,351,36.5,36.5,3893,500,0,775,0.752,1
3,970036,37,rpm,213,351,36.5,36.5,3893,500,0,775,0.752,1
3,970056,37,rpm,585,351,36.5,36.5,3893,500,0,775,0.752,1
3,970077,37,rpm,771,351,36.5,36.5,3893,500,0,776,0.752,1
3,970097,37,rpm,763,351,36.5,36.5,3893,500,0,776,0.752,1
3,970118,37,rpm,677,351,36.5,36.5,3893,500,0,776,0.752,1
3,970139,37,rpm,507,351,36.5,36.5,3893,500,0,776,0.753,1
3,970159,37,rpm,357,351,36.5,36.5,3893,500,0,776,0.753,1
3,970180,37,rpm,263,351,36.5,36.5,3893,500,0,776,0.753,1
3,970200,37,rpm,126,351,36.5,36.5,3893,500,0,776,0.753,1
3,970221,37,rpm,23,351,36.5,36.5,3893,500,0,776,0.753,1
3,970242,37,rpm,12,351,36.5,36.5,3893,500,0,776,0.753,1
3,970262,37,rpm,16,351,36.5,36.5,3893,500,0,777,0.753,1
3,970283,37,rpm,100,351,36.5,36.5,3893,500,0,777,0.753,1
3,970303,37,rpm,459,351,36.5,36.5,3893,500,0,777,0.754,1
3,970324,37,rpm,613,351,36.5,36.5,3893,500,0,777,0.754,1
3,970344,37,rpm,698,351,36.5,36.5,3893,500,0,777,0.754,1
3,970365,37,rpm,716,351,36.5,36.5,3893,500,0,777,0.754,1
3,970385,37,rpm,600,351,36.5,36.5,3893,500,0,777,0.754,1
3,970406,37,rpm,473,351,36.5,36.5,3893,500,0,777,0.754,1
3,970426,37,rpm,373,351,36.5,36.5,3893,500,0,778,0.754,1
3,970447,37,rpm,247,351,36.5,36.5,3893,500,0,778,0.754,1
3,970467,37,rpm,32,351,36.5,36.5,3893,500,0,778,0.754,1
3,970488,37,rpm,15,351,36.5,36.5,3893,500,0,778,0.755,1
3,970508,37,rpm,14,351,36.5,36.5,3893,500,0,778,0.755,1
3,970529,37,rpm,61,351,36.5,36.5,3893,500,0,778,0.755,1
3,970550,37,rpm,371,351,36.5,36.5,3893,500,0,778,0.755,1
3,970570,37,rpm,618,351,36.5,36.5,3893,500,0,778,0.755,1
3,970591,37,rpm,706,351,36.5,36.5,3893,500,0,779,0.755,1
3,970611,37,rpm,693,351,36.5,36.5,3893,500,0,779,0.755,1
3,970632,37,rpm,656,351,36.5,36.5,3893,500,0,779,0.755,1
3,970653,37,rpm,539,351,36.5,36.5,3893,500,0,779,0.756,1
3,970673,37,rpm,433,351,36.5,36.5,3893,500,0,779,0.756,1
3,970694,37,rpm,342,351,36.5,36.5,3893,500,0,779,0.756,1
3,970714,37,rpm,98,351,36.5,36.5,3893,500,0,779,0.756,1
3,970735,37,rpm,19,351,36.5,36.5,3893,500,0,779,0.756,1
3,970755,37,rpm,14,351,36.5,36.5,3893,500,0,779,0.756,1
3,970776,37,rpm,29,351,36.5,36.5,3893,500,0,780,0.756,1
3,970796,37,rpm,189,351,36.5,36.5,3893,500,0,780,0.756,1
3,970817,37,rpm,527,351,36.5,36.5,3893,500,0,780,0.756,1
3,970837,37,rpm,641,351,36.5,36.5,3893,500,0,780,0.757,1
3,970858,37,rpm,678,351,36.5,36.5,3893,500,0,780,0.757,1
3,970879,37,rpm,642,351,36.5,36.5,3893,500,0,780,0.757,1
3,970899,37,rpm,558,351,36.5,36.5,3893,500,0,780,0.757,1
3,970920,37,rpm,449,351,36.5,36.5,3893,500,0,780,0.757,1
3,970940,37,rpm,371,351,36.5,36.5,3893,500,0,781,0.757,1
3,970961,37,rpm,186,351,36.5,36.5,3893,500,0,781,0.757,1
3,970981,37,rpm,27,351,36.5,36.5,3893,500,0,781,0.757,1
3,971002,37,rpm,13,351,36.5,36.5,3893,500,0,781,0.758,1
3,971022,37,rpm,16,351,36.5,36.5,3893,500,0,781,0.758,1
3,971043,37,rpm,74,351,36.5,36.5,3893,500,0,781,0.758,1
3,971064,37,rpm,341,351,36.5,36.5,3893,500,0,781,0.758,1
3,971084,37,rpm,589,351,36.5,36.5,3893,500,0,781,0.758,1
3,971105,37,rpm,773,351,36.5,36.5,3893,500,0,782,0.758,1
3,971125,37,rpm,742,351,36.5,36.5,3893,500,0,782,0.758,1
3,971146,37,rpm,660,351,36.5,36.5,3893,500,0,782,0.758,1
3,971166,37,rpm,510,351,36.5,36.5,3893,500,0,782,0.758,1
3,971187,37,rpm,354,351,36.5,36.5,3893,500,0,782,0.759,1
3,971207,37,rpm,292,351,36.5,36.5,3893,500,0,782,0.759,1
3,971228,37,rpm,130,351,36.5,36.5,3893,500,0,782,0.759,1
3,971249,37,rpm,22,351,36.5,36.5,3893,500,0,782,0.759,1
3,971269,37,rpm,12,351,36.5,36.5,3893,500,0,782,0.759,1
3,971290,37,rpm,16,351,36.5,36.5,3893,500,0,783,0.759,1
3,971310,37,rpm,87,351,36.5,36.5,3893,500,0,783,0.759,1
3,971331,37,rpm,359,351,36.5,36.5,3893,500,0,783,0.759,1
3,971351,37,rpm,589,351,36.5,36.5,3893,500,0,783,0.759,1
3,971372,37,rpm,738,351,36.5,36.5,3893,500,0,783,0.76,1
3,971393,37,rpm,693,351,36.5,36.5,3893,500,0,783,0.76,1
3,971413,37,rpm,608,351,36.5,36.5,3893,500,0,783,0.76,1
3,971434,37,rpm,446,351,36.5,36.5,3893,500,0,783,0.76,1
3,971454,37,rpm,332,351,36.5,36.5,3893,500,0,784,0.76,1
3,971475,37,rpm,277,351,36.5,36.5,3893,500,0,784,0.76,1
3,971495,37,rpm,43,351,36.5,36.5,3893,500,0,784,0.76,1
3,971516,37,rpm,16,351,36.5,36.5,3893,500,0,784,0.76,1
3,971536,37,rpm,12,351,36.5,36.5,3893,500,0,784,0.761,1
3,971557,37,rpm,37,351,36.5,36.5,3893,500,0,784,0.761,1
3,971577,37,rpm,226,351,36.5,36.5,3893,500,0,784,0.761,1
3,971598,37,rpm,592,351,36.5,36.5,3893,500,0,784,0.761,1
3,971619,37,rpm,783,351,36.5,36.5,3893,500,0,785,0.761,1
3,971639,37,rpm,778,351,36.5,36.5,3893,500,0,785,0.761,1
3,971660,37,rpm,686,351,36.5,36.5,3893,500,0,785,0.761,1
3,971680,37,rpm,518,351,36.5,36.5,3893,500,0,785,0.761,1
3,971701,37,rpm,366,351,36.5,36.5,3893,500,0,785,0.761,1
3,971721,37,rpm,261,351,36.5,36.5,3893,500,0,785,0.762,1
3,971742,37,rpm,141,351,36.5,36.5,3893,500,0,785,0.762,1
3,971762,37,rpm,25,351,36.5,36.5,3893,500,0,785,0.762,1
3,971783,37,rpm,12,351,36.5,36.5,3893,500,0,785,0.762,1
3,971804,37,rpm,14,351,36.5,36.5,3893,500,0,786,0.762,1
3,971824,37,rpm,80,351,36.5,36.5,3893,500,0,786,0.762,1
3,971845,37,rpm,428,351,36.5,36.5,3893,500,0,786,0.762,1
3,971865,37,rpm,610,351,36.5,36.5,3893,500,0,786,0.762,1
3,971886,37,rpm,712,351,36.5,36.5,3893,500,0,786,0.763,1
3,971907,37,rpm,728,351,36.5,36.5,3893,500,0,786,0.763,1
3,971927,37,rpm,608,351,36.5,36.5,3893,500,0,786,0.763,1
3,971948,37,rpm,475,351,36.5,36.5,3893,500,0,786,0.763,1
3,971968,37,rpm,360,351,36.5,36.5,3893,500,0,787,0.763,1
3,971989,37,rpm,245,351,36.5,36.5,3893,500,0,787,0.763,1
3,972010,37,rpm,32,351,36.5,36.5,3893,500,0,787,0.763,1
3,972030,37,rpm,15,351,36.5,36.5,3893,500,0,787,0.763,1
3,972051,37,rpm,14,351,36.5,36.5,3893,500,0,787,0.763,1
3,972071,37,rpm,57,351,36.5,36.5,3893,500,0,787,0.764,1
3,972092,37,rpm,364,351,36.5,36.5,3893,500,0,787,0.764,1
3,972112,37,rpm,619,351,36.5,36.5,3893,500,0,787,0.764,1
3,972133,37,rpm,704,351,36.5,36.5,3893,500,0,788,0.764,1
3,972153,37,rpm,698,351,36.5,36.5,3893,500,0,788,0.764,1
3,972174,37,rpm,659,351,36.5,36.5,3893,500,0,788,0.764,1
3,972195,37,rpm,546,351,36.5,36.5,3893,500,0,788,0.764,1
3,972215,37,rpm,440,351,36.5,36.5,3893,500,0,788,0.764,1
3,972236,37,rpm,349,351,36.5,36.5,3893,500,0,788,0.765,1
3,972256,37,rpm,113,351,36.5,36.5,3893,500,0,788,0.765,1
3,972277,37,rpm,20,351,36.5,36.5,3893,500,0,788,0.765,1
3,972297,37,rpm,13,351,36.5,36.5,3893,500,0,789,0.765,1
3,972318,37,rpm,26,351,36.5,36.5,3893,500,0,789,0.765,1
3,972338,37,rpm,165,351,36.5,36.5,3893,500,0,789,0.765,1
3,972359,37,rpm,511,351,36.5,36.5,3893,500,0,789,0.765,1
3,972380,37,rpm,637,351,36.5,36.5,3893,500,0,789,0.765,1
3,972400,37,rpm,673,351,36.5,36.5,3893,500,0,789,0.765,1
3,972421,37,rpm,637,351,36.5,36.5,3893,500,0,789,0.766,1
3,972441,37,rpm,566,351,36.5,36.5,3893,500,0,789,0.766,1
3,972462,37,rpm,457,351,36.5,36.5,3893,500,0,789,0.766,1
3,972482,37,rpm,374,351,36.5,36.5,3893,500,0,790,0.766,1
3,972503,37,rpm,200,351,36.5,36.5,3893,500,0,790,0.766,1
3,972523,37,rpm,28,351,36.5,36.5,3893,500,0,790,0.766,1
3,972544,37,rpm,13,351,36.5,36.5,3893,500,0,790,0.766,1
3,972564,37,rpm,15,351,36.5,36.5,3893,500,0,790,0.766,1
3,972585,37,rpm,64,351,36.5,36.5,3893,500,0,790,0.766,1
3,972606,37,rpm,322,351,36.5,36.5,3893,500,0,790,0.767,1
3,972626,37,rpm,609,351,36.5,36.5,3893,500,0,790,0.767,1
3,972647,37,rpm,794,351,36.5,36.5,3893,500,0,791,0.767,1
3,972667,37,rpm,751,351,36.5,36.5,3893,500,0,791,0.767,1
3,972688,37,rpm,663,351,36.5,36.5,3893,500,0,791,0.767,1
3,972708,37,rpm,514,351,36.5,36.5,3893,500,0,791,0.767,1
3,972729,37,rpm,359,351,36.5,36.5,3893,500,0,791,0.767,1
3,972749,37,rpm,278,351,36.5,36.5,3893,500,0,791,0.767,1
3,972770,37,rpm,140,351,36.5,36.5,3893,500,0,791,0.768,1
3,972790,37,rpm,24,351,36.5,36.5,3893,500,0,791,0.768,1
3,972811,37,rpm,12,351,36.5,36.5,3893,500,0,792,0.768,1
3,972832,37,rpm,15,351,36.5,36.5,3893,500,0,792,0.768,1
3,972852,37,rpm,81,351,36.5,36.5,3893,500,0,792,0.768,1
3,972873,37,rpm,350,351,36.5,36.5,3893,500,0,792,0.768,1
3,972893,37,rpm,629,351,36.5,36.5,3893,500,0,792,0.768,1
3,972914,37,rpm,752,351,36.5,36.5,3893,500,0,792,0.768,1
3,972934,37,rpm,694,351,36.5,36.5,3893,500,0,792,0.768,1
3,972955,37,rpm,618,351,36.5,36.5,3893,500,0,792,0.769,1
3,972975,37,rpm,451,351,36.5,36.5,3893,500,0,792,0.769,1
3,972996,37,rpm,321,351,36.5,36.5,3893,500,0,793,0.769,1
3,973017,37,rpm,269,351,36.5,36.5,3893,500,0,793,0.769,1
3,973037,37,rpm,60,351,36.5,36.5,3893,500,0,793,0.769,1
3,973058,37,rpm,16,351,36.5,36.5,3893,500,0,793,0.769,1
3,973078,37,rpm,11,351,36.5,36.5,3893,500,0,793,0.769,1
3,973099,37,rpm,29,351,36.5,36.5,3893,500,0,793,0.769,1
3,973119,37,rpm,186,351,36.5,36.5,3893,500,0,793,0.77,1
3,973140,37,rpm,547,351,36.5,36.5,3893,500,0,793,0.77,1
3,973160,37,rpm,768,351,36.5,36.5,3893,500,0,794,0.77,1
3,973181,37,rpm,773,351,36.5,36.5,3893,500,0,794,0.77,1
3,973202,37,rpm,691,351,36.5,36.5,3893,500,0,794,0.77,1
3,973222,37,rpm,532,351,36.5,36.5,3893,500,0,794,0.77,1
3,973243,37,rpm,376,351,36.5,36.5,3893,500,0,794,0.77,1
3,973263,37,rpm,270,351,36.5,36.5,3893,500,0,794,0.77,1
3,973284,37,rpm,151,351,36.5,36.5,3893,500,0,794,0.77,1
3,973304,37,rpm,25,351,36.5,36.5,3893,500,0,794,0.771,1
3,973325,37,rpm,12,351,36.5,36.5,3893,500,0,795,0.771,1
3,973346,37,rpm,14,351,36.5,36.5,3893,500,0,795,0.771,1
3,973366,37,rpm,72,351,36.5,36.5,3893,500,0,795,0.771,1
3,973387,37,rpm,407,351,36.5,36.5,3893,500,0,795,0.771,1
3,973407,37,rpm,608,351,36.5,36.5,3893,500,0,795,0.771,1
3,973428,37,rpm,685,351,36.5,36.5,3893,500,0,795,0.771,1
3,973448,37,rpm,713,351,36.5,36.5,3893,500,0,795,0.771,1
3,973469,37,rpm,616,351,36.5,36.5,3893,500,0,795,0.772,1
3,973490,37,rpm,487,351,36.5,36.5,3893,500,0,795,0.772,1
3,973510,37,rpm,382,351,36.5,36.5,3893,500,0,796,0.772,1
3,973531,37,rpm,274,351,36.5,36.5,3893,500,0,796,0.772,1
3,973551,37,rpm,35,351,36.5,36.5,3893,500,0,796,0.772,1
3,973572,37,rpm,16,351,36.5,36.5,3893,500,0,796,0.772,1
3,973592,37,rpm,13,351,36.5,36.5,3893,500,0,796,0.772,1
3,973613,37,rpm,48,351,36.5,36.5,3893,500,0,796,0.772,1
3,973633,37,rpm,330,351,36.5,36.5,3893,500,0,796,0.772,1
3,973654,37,rpm,619,351,36.5,36.5,3893,500,0,796,0.773,1
3,973675,37,rpm,696,351,36.5,36.5,3893,500,0,797,0.773,1
3,973695,37,rpm,699,351,36.5,36.5,3893,500,0,797,0.773,1
3,973716,37,rpm,662,351,36.5,36.5,3893,500,0,797,0.773,1
3,973736,37,rpm,551,351,36.5,36.5,3893,500,0,797,0.773,1
3,973757,37,rpm,443,351,36.5,36.5,3893,500,0,797,0.773,1
3,973777,37,rpm,354,351,36.5,36.5,3893,500,0,797,0.773,1
3,973798,37,rpm,125,351,36.5,36.5,3893,500,0,797,0.773,1
3,973819,37,rpm,21,351,36.5,36.5,3893,500,0,797,0.773,1
3,973839,37,rpm,14,351,36.5,36.5,3893,500,0,798,0.774,1
3,973860,37,rpm,26,351,36.5,36.5,3893,500,0,798,0.774,1
3,973880,37,rpm,161,351,36.5,36.5,3893,500,0,798,0.774,1
3,973901,37,rpm,506,351,36.5,36.5,3893,500,0,798,0.774,1
3,973921,37,rpm,628,351,36.5,36.5,3893,500,0,798,0.774,1
3,973942,37,rpm,676,351,36.5,36.5,3893,500,0,798,0.774,1
3,973962,37,rpm,645,351,36.5,36.5,3893,500,0,798,0.774,1
3,973983,37,rpm,570,351,36.5,36.5,3893,500,0,798,0.774,1
3,974004,37,rpm,458,351,36.5,36.5,3893,500,0,798,0.775,1
3,974024,37,rpm,378,351,36.5,36.5,3893,500,0,799,0.775,1
3,974045,37,rpm,214,351,36.5,36.5,3893,500,0,799,0.775,1
3,974065,37,rpm,29,351,36.5,36.5,3893,500,0,799,0.775,1
3,974086,37,rpm,14,351,36.5,36.5,3893,500,0,799,0.775,1
3,974106,37,rpm,15,351,36.5,36.5,3893,500,0,799,0.775,1
3,974127,37,rpm,62,351,36.5,36.5,3893,500,0,799,0.775,1
3,974148,37,rpm,309,351,36.5,36.5,3893,500,0,799,0.775,1
3,974168,37,rpm,557,351,36.5,36.5,3893,500,0,799,0.775,1
3,974189,37,rpm,758,351,36.5,36.5,3893,500,0,800,0.776,1
3,974209,37,rpm,749,351,36.5,36.5,3893,500,0,800,0.776,1
3,974230,37,rpm,668,351,36.5,36.5,3893,500,0,800,0.776,1
3,974250,37,rpm,524,351,36.5,36.5,3893,500,0,800,0.776,1
3,974271,37,rpm,367,351,36.5,36.5,3893,500,0,800,0.776,1
3,974292,37,rpm,301,351,36.5,36.5,3893,500,0,800,0.776,1
3,974312,37,rpm,151,351,36.5,36.5,3893,500,0,800,0.776,1
3,974333,37,rpm,24,351,36.5,36.5,3893,500,0,800,0.776,1
3,974353,37,rpm,12,351,36.5,36.5,3893,500,0,801,0.777,1
3,974374,37,rpm,15,351,36.5,36.5,3893,500,0,801,0.777,1
3,974394,37,rpm,73,351,36.5,36.5,3893,500,0,801,0.777,1
3,974415,37,rpm,332,351,36.5,36.5,3893,500,0,801,0.777,1
3,974436,37,rpm,568,351,36.5,36.5,3893,500,0,801,0.777,1
3,974456,37,rpm,735,351,36.5,36.5,3893,500,0,801,0.777,1
3,974477,37,rpm,707,351,36.5,36.5,3893,500,0,801,0.777,1
3,974497,37,rpm,627,351,36.5,36.5,3893,500,0,801,0.777,1
3,974518,37,rpm,464,351,36.5,36.5,3893,500,0,801,0.777,1
3,974538,37,rpm,345,351,36.5,36.5,3893,500,0,802,0.778,1
3,974559,37,rpm,292,351,36.5,36.5,3893,500,0,802,0.778,1
3,974579,37,rpm,62,351,36.5,36.5,3893,500,0,802,0.778,1
3,974600,37,rpm,17,351,36.5,36.5,3893,500,0,802,0.778,1
3,974621,37,rpm,12,351,36.5,36.5,3893,500,0,802,0.778,1
3,974641,37,rpm,30,351,36.5,36.5,3893,500,0,802,0.778,1
3,974662,37,rpm,196,351,36.5,36.5,3893,500,0,802,0.778,1
3,974682,37,rpm,557,351,36.5,36.5,3893,500,0,802,0.778,1
3,974703,37,rpm,772,351,36.5,36.5,3893,500,0,803,0.779,1
3,974723,37,rpm,775,351,36.5,36.5,3893,500,0,803,0.779,1
3,974744,37,rpm,690,351,36.5,36.5,3893,500,0,803,0.779,1
3,974765,37,rpm,531,351,36.5,36.5,3893,500,0,803,0.779,1
3,974785,37,rpm,378,351,36.5,36.5,3893,500,0,803,0.779,1
3,974806,37,rpm,267,351,36.5,36.5,3893,500,0,803,0.779,1
3,974826,37,rpm,150,351,36.5,36.5,3893,500,0,803,0.779,1
3,974847,37,rpm,26,351,36.5,36.5,3893,500,0,803,0.779,1
3,974868,37,rpm,12,351,36.5,36.5,3893,500,0,804,0.779,1
3,974888,37,rpm,14,351,36.5,36.5,3893,500,0,804,0.78,1
3,974909,37,rpm,73,351,36.5,36.5,3893,500,0,804,0.78,1
3,974929,37,rpm,407,351,36.5,36.5,3893,500,0,804,0.78,1
3,974950,37,rpm,610,351,36.5,36.5,3893,500,0,804,0.78,1
3,974971,37,rpm,717,351,36.5,36.5,3893,500,0,804,0.78,1
3,974991,37,rpm,736,351,36.5,36.5,3893,500,0,804,0.78,1
3,975012,37,rpm,617,351,36.5,36.5,3893,500,0,804,0.78,1
3,975032,37,rpm,478,351,36.5,36.5,3893,500,0,805,0.78,1
3,975053,37,rpm,362,351,36.5,36.5,3893,500,0,805,0.78,1
3,975073,37,rpm,269,351,36.5,36.5,3893,500,0,805,0.781,1
3,975094,37,rpm,36,351,36.5,36.5,3893,500,0,805,0.781,1
3,975114,37,rpm,16,351,36.5,36.5,3893,500,0,805,0.781,1
3,975135,37,rpm,14,351,36.5,36.5,3893,500,0,805,0.781,1
3,975156,37,rpm,48,351,36.5,36.5,3893,500,0,805,0.781,1
3,975176,37,rpm,330,351,36.5,36.5,3893,500,0,805,0.781,1
3,975197,37,rpm,611,351,36.5,36.5,3893,500,0,805,0.781,1
3,975217,37,rpm,690,351,36.5,36.5,3893,500,0,806,0.781,1
3,975238,37,rpm,695,351,36.5,36.5,3893,500,0,806,0.782,1
3,975258,37,rpm,663,351,36.5,36.5,3893,500,0,806,0.782,1
3,975279,37,rpm,553,351,36.5,36.5,3893,500,0,806,0.782,1
3,975299,37,rpm,446,351,36.5,36.5,3893,500,0,806,0.782,1
3,975320,37,rpm,355,351,36.5,36.5,3893,500,0,806,0.782,1
3,975341,37,rpm,131,351,36.5,36.5,3893,500,0,806,0.782,1
3,975361,37,rpm,22,351,36.5,36.5,3893,500,0,806,0.782,1
3,975382,37,rpm,13,351,36.5,36.5,3893,500,0,807,0.782,1
3,975402,37,rpm,24,351,36.5,36.5,3893,500,0,807,0.782,1
3,975423,37,rpm,150,351,36.5,36.5,3893,500,0,807,0.783,1
3,975443,37,rpm,497,351,36.5,36.5,3893,500,0,807,0.783,1
3,975464,37,rpm,632,351,36.5,36.5,3893,500,0,807,0.783,1
3,975484,37,rpm,677,351,36.5,36.5,3893,500,0,807,0.783,1
3,975505,37,rpm,644,351,36.5,36.5,3893,500,0,807,0.783,1
3,975526,37,rpm,571,351,36.5,36.5,3893,500,0,807,0.783,1
3,975546,37,rpm,460,351,36.5,36.5,3893,500,0,808,0.783,1
3,975567,37,rpm,378,351,36.5,36.5,3893,500,0,808,0.783,1
3,975587,37,rpm,219,351,36.5,36.5,3893,500,0,808,0.784,1
3,975608,37,rpm,29,351,36.5,36.5,3893,500,0,808,0.784,1
3,975629,37,rpm,14,351,36.5,36.5,3893,500,0,808,0.784,1
3,975649,37,rpm,14,351,36.5,36.5,3893,500,0,808,0.784,1
3,975670,37,rpm,59,351,36.5,36.5,3893,500,0,808,0.784,1
3,975690,37,rpm,304,351,36.5,36.5,3893,500,0,808,0.784,1
3,975711,37,rpm,603,351,36.5,36.5,3893,500,0,808,0.784,1
3,975731,37,rpm,789,351,36.5,36.5,3893,500,0,809,0.784,1
3,975752,37,rpm,753,351,36.5,36.5,3893,500,0,809,0.784,1
3,975772,37,rpm,662,351,36.5,36.5,3893,500,0,809,0.785,1
3,975793,37,rpm,520,351,36.5,36.5,3893,500,0,809,0.785,1
3,975814,37,rpm,368,351,36.5,36.5,3893,500,0,809,0.785,1
3,975834,37,rpm,282,351,36.5,36.5,3893,500,0,809,0.785,1
3,975855,37,rpm,152,351,36.5,36.5,3893,500,0,809,0.785,1
3,975875,37,rpm,25,351,36.5,36.5,3893,500,0,809,0.785,1
3,975896,37,rpm,12,351,36.5,36.5,3893,500,0,810,0.785,1
3,975916,37,rpm,15,351,36.5,36.5,3893,500,0,810,0.785,1
3,975937,37,rpm,73,351,36.5,36.5,3893,500,0,810,0.786,1
3,975958,37,rpm,332,351,36.5,36.5,3893,500,0,810,0.786,1
3,975978,37,rpm,604,351,36.5,36.5,3893,500,0,810,0.786,1
3,975999,37,rpm,750,351,36.5,36.5,3893,500,0,810,0.786,1
3,976019,37,rpm,695,351,36.5,36.5,3893,500,0,810,0.786,1
3,976040,37,rpm,624,351,36.5,36.5,3893,500,0,810,0.786,1
3,976060,37,rpm,453,351,36.5,36.5,3893,500,0,811,0.786,1
3,976081,37,rpm,323,351,36.5,36.5,3893,500,0,811,0.786,1
3,976102,37,rpm,272,351,36.5,36.5,3893,500,0,811,0.786,1
3,976122,37,rpm,66,351,36.5,36.5,3893,500,0,811,0.787,1
3,976143,37,rpm,17,351,36.5,36.5,3893,500,0,811,0.787,1
3,976163,37,rpm,11,351,36.5,36.5,3893,500,0,811,0.787,1
3,976184,37,rpm,27,351,36.5,36.5,3893,500,0,811,0.787,1
3,976204,37,rpm,177,351,36.5,36.5,3893,500,0,811,0.787,1
3,976225,37,rpm,539,351,36.5,36.5,3893,500,0,811,0.787,1
3,976245,37,rpm,775,351,36.5,36.5,3893,500,0,812,0.787,1
3,976266,37,rpm,785,351,36.5,36.5,3893,500,0,812,0.787,1
3,976286,37,rpm,697,351,36.5,36.5,3893,500,0,812,0.787,1
3,976307,37,rpm,538,351,36.5,36.5,3893,500,0,812,0.788,1
3,976327,37,rpm,381,351,36.5,36.5,3893,500,0,812,0.788,1
3,976348,37,rpm,271,351,36.5,36.5,3893,500,0,812,0.788,1
3,976368,37,rpm,163,351,36.5,36.5,3893,500,0,812,0.788,1
3,976389,37,rpm,24,351,36.5,36.5,3893,500,0,812,0.788,1
3,976410,37,rpm,10,351,36.5,36.5,3893,500,0,813,0.788,1
3,976430,37,rpm,12,351,36.5,36.5,3893,500,0,813,0.788,1
3,976451,37,rpm,63,351,36.5,36.5,3893,500,0,813,0.788,1
3,976471,37,rpm,371,351,36.5,36.5,3893,500,0,813,0.789,1
3,976492,37,rpm,595,351,36.5,36.5,3893,500,0,813,0.789,1
3,976512,37,rpm,678,351,36.5,36.5,3893,500,0,813,0.789,1
3,976533,37,rpm,721,351,36.5,36.5,3893,500,0,813,0.789,1
3,976553,37,rpm,630,351,36.5,36.5,3893,500,0,813,0.789,1
3,976574,37,rpm,494,351,36.5,36.5,3893,500,0,814,0.789,1
3,976595,37,rpm,382,351,36.5,36.5,3893,500,0,814,0.789,1
3,976615,37,rpm,286,351,36.5,36.5,3893,500,0,814,0.789,1
3,976636,37,rpm,39,351,36.5,36.5,3893,500,0,814,0.789,1
3,976656,37,rpm,16,351,36.5,36.5,3893,500,0,814,0.79,1
3,976677,37,rpm,13,351,36.5,36.5,3893,500,0,814,0.79,1
3,976697,37,rpm,42,351,36.5,36.5,3893,500,0,814,0.79,1
3,976718,37,rpm,307,351,36.5,36.5,3893,500,0,814,0.79,1
3,976738,37,rpm,618,351,36.5,36.5,3893,500,0,814,0.79,1
3,976759,37,rpm,694,351,36.5,36.5,3893,500,0,815,0.79,1
3,976779,37,rpm,702,351,36.5,36.5,3893,500,0,815,0.79,1
3,976800,37,rpm,667,351,36.5,36.5,3893,500,0,815,0.79,1
3,976821,37,rpm,563,351,36.5,36.5,3893,500,0,815,0.791,1
3,976841,37,rpm,454,351,36.5,36.5,3893,500,0,815,0.791,1
3,976862,37,rpm,361,351,36.5,36.5,3893,500,0,815,0.791,1
3,976882,37,rpm,147,351,36.5,36.5,3893,500,0,815,0.791,1
3,976903,37,rpm,24,351,36.5,36.5,3893,500,0,815,0.791,1
3,976923,37,rpm,14,351,36.5,36.5,3893,500,0,816,0.791,1
3,976944,37,rpm,22,351,36.5,36.5,3893,500,0,816,0.791,1
3,976964,37,rpm,136,351,36.5,36.5,3893,500,0,816,0.791,1
3,976985,37,rpm,481,351,36.5,36.5,3893,500,0,816,0.791,1
3,977005,37,rpm,623,351,36.5,36.5,3893,500,0,816,0.792,1
3,977026,37,rpm,679,351,36.5,36.5,3893,500,0,816,0.792,1
3,977047,37,rpm,643,351,36.5,36.5,3893,500,0,816,0.792,1
3,977067,37,rpm,582,351,36.5,36.5,3893,500,0,816,0.792,1
3,977088,37,rpm,467,351,36.5,36.5,3893,500,0,817,0.792,1
3,977108,37,rpm,388,351,36.5,36.5,3893,500,0,817,0.792,1
3,977129,37,rpm,242,351,36.5,36.5,3893,500,0,817,0.792,1
3,977149,37,rpm,30,351,36.5,36.5,3893,500,0,817,0.792,1
3,977170,37,rpm,14,351,36.5,36.5,3893,500,0,817,0.793,1
3,977190,37,rpm,14,351,36.5,36.5,3893,500,0,817,0.793,1
3,977211,37,rpm,51,351,36.5,36.5,3893,500,0,817,0.793,1
3,977232,37,rpm,272,351,36.5,36.5,3893,500,0,817,0.793,1
3,977252,37,rpm,543,351,36.5,36.5,3893,500,0,817,0.793,1
3,977273,37,rpm,751,351,36.5,36.5,3893,500,0,818,0.793,1
3,977293,37,rpm,768,351,36.5,36.5,3893,500,0,818,0.793,1
3,977314,37,rpm,682,351,36.5,36.5,3893,500,0,818,0.793,1
3,977334,37,rpm,542,351,36.5,36.5,3893,500,0,818,0.793,1
3,977355,37,rpm,380,351,36.5,36.5,3893,500,0,818,0.794,1
3,977376,37,rpm,295,351,36.5,36.5,3893,500,0,818,0.794,1
3,977396,37,rpm,172,351,36.5,36.5,3893,500,0,818,0.794,1
3,977417,37,rpm,26,351,36.5,36.5,3893,500,0,818,0.794,1
3,977437,37,rpm,12,351,36.5,36.5,3893,500,0,819,0.794,1
3,977458,37,rpm,14,351,36.5,36.5,3893,500,0,819,0.794,1
3,977479,37,rpm,63,351,36.5,36.5,3893,500,0,819,0.794,1
3,977499,37,rpm,318,351,36.5,36.5,3893,500,0,819,0.794,1
3,977520,37,rpm,573,351,36.5,36.5,3893,500,0,819,0.794,1
3,977540,37,rpm,749,351,36.5,36.5,3893,500,0,819,0.795,1
3,977561,37,rpm,714,351,36.5,36.5,3893,500,0,819,0.795,1
3,977582,37,rpm,639,351,36.5,36.5,3893,500,0,819,0.795,1
3,977602,37,rpm,473,351,36.5,36.5,3893,500,0,820,0.795,1
3,977623,37,rpm,343,351,36.5,36.5,3893,500,0,820,0.795,1
3,977643,37,rpm,284,351,36.5,36.5,3893,500,0,820,0.795,1
3,977664,37,rpm,85,351,36.5,36.5,3893,500,0,820,0.795,1
3,977684,37,rpm,18,351,36.5,36.5,3893,500,0,820,0.795,1
3,977705,37,rpm,12,351,36.5,36.5,3893,500,0,820,0.796,1
3,977726,37,rpm,25,351,36.5,36.5,3893,500,0,820,0.796,1
3,977746,37,rpm,158,351,36.5,36.5,3893,500,0,820,0.796,1
3,977767,37,rpm,513,351,36.5,36.5,3893,500,0,821,0.796,1
3,977787,37,rpm,757,351,36.5,36.5,3893,500,0,821,0.796,1
3,977808,37,rpm,785,351,36.5,36.5,3893,500,0,821,0.796,1
3,977828,37,rpm,702,351,36.5,36.5,3893,500,0,821,0.796,1
3,977849,37,rpm,542,351,36.5,36.5,3893,500,0,821,0.796,1
3,977869,37,rpm,384,351,36.5,36.5,3893,500,0,821,0.796,1
3,977890,37,rpm,271,351,36.5,36.5,3893,500,0,821,0.797,1
3,977910,37,rpm,167,351,36.5,36.5,3893,500,0,821,0.797,1
3,977931,37,rpm,27,351,36.5,36.5,3893,500,0,821,0.797,1
3,977952,37,rpm,13,351,36.5,36.5,3893,500,0,822,0.797,1
3,977972,37,rpm,13,351,36.5,36.5,3893,500,0,822,0.797,1
3,977993,37,rpm,64,351,36.5,36.5,3893,500,0,822,0.797,1
3,978013,37,rpm,376,351,36.5,36.5,3893,500,0,822,0.797,1
3,978034,37,rpm,600,351,36.5,36.5,3893,500,0,822,0.797,1
3,978054,37,rpm,691,351,36.5,36.5,3893,500,0,822,0.798,1
3,978075,37,rpm,725,351,36.5,36.5,3893,500,0,822,0.798,1
3,978096,37,rpm,631,351,36.5,36.5,3893,500,0,822,0.798,1
3,978116,37,rpm,493,351,36.5,36.5,3893,500,0,823,0.798,1
3,978137,37,rpm,379,351,36.5,36.5,3893,500,0,823,0.798,1
3,978157,37,rpm,292,351,36.5,36.5,3893,500,0,823,0.798,1
3,978178,37,rpm,42,351,36.5,36.5,3893,500,0,823,0.798,1
3,978199,37,rpm,17,351,36.5,36.5,3893,500,0,823,0.798,1
3,978219,37,rpm,13,351,36.5,36.5,3893,500,0,823,0.798,1
3,978240,37,rpm,42,351,36.5,36.5,3893,500,0,823,0.799,1
3,978260,37,rpm,294,351,36.5,36.5,3893,500,0,823,0.799,1
3,978281,37,rpm,603,351,36.5,36.5,3893,500,0,824,0.799,1
3,978301,37,rpm,683,351,36.5,36.5,3893,500,0,824,0.799,1
3,978322,37,rpm,697,351,36.5,36.5,3893,500,0,824,0.799,1
3,978343,37,rpm,664,351,36.5,36.5,3893,500,0,824,0.799,1
3,978363,37,rpm,559,351,36.5,36.5,3893,500,0,824,0.799,1
3,978384,37,rpm,456,351,36.5,36.5,3893,500,0,824,0.799,1
3,978404,37,rpm,364,351,36.5,36.5,3893,500,0,824,0.8,1
3,978425,37,rpm,150,351,36.5,36.5,3893,500,0,824,0.8,1
3,978445,37,rpm,24,351,36.5,36.5,3893,500,0,824,0.8,1
3,978466,37,rpm,14,351,36.5,36.5,3893,500,0,825,0.8,1
3,978487,37,rpm,22,351,36.5,36.5,3893,500,0,825,0.8,1
3,978507,37,rpm,133,351,36.5,36.5,3893,500,0,825,0.8,1
3,978528,37,rpm,480,351,36.5,36.5,3893,500,0,825,0.8,1
3,978548,37,rpm,622,351,36.5,36.5,3893,500,0,825,0.8,1
3,978569,37,rpm,678,351,36.5,36.5,3893,500,0,825,0.8,1
3,978589,37,rpm,654,351,36.5,36.5,3893,500,0,825,0.801,1
3,978610,37,rpm,580,351,36.5,36.5,3893,500,0,825,0.801,1
3,978631,37,rpm,469,351,36.5,36.5,3893,500,0,826,0.801,1
3,978651,37,rpm,387,351,36.5,36.5,3893,500,0,826,0.801,1
3,978672,37,rpm,241,351,36.5,36.5,3893,500,0,826,0.801,1
3,978692,37,rpm,30,351,36.5,36.5,3893,500,0,826,0.801,1
3,978713,37,rpm,14,351,36.5,36.5,3893,500,0,826,0.801,1
3,978734,37,rpm,14,351,36.5,36.5,3893,500,0,826,0.801,1
3,978754,37,rpm,53,351,36.5,36.5,3893,500,0,826,0.801,1
3,978775,37,rpm,282,351,36.5,36.5,3893,500,0,826,0.802,1
3,978795,37,rpm,572,351,36.5,36.5,3893,500,0,827,0.802,1
3,978816,37,rpm,767,351,36.5,36.5,3893,500,0,827,0.802,1
3,978837,37,rpm,764,351,36.5,36.5,3893,500,0,827,0.802,1
3,978857,37,rpm,674,351,36.5,36.5,3893,500,0,827,0.802,1
3,978878,37,rpm,529,351,36.5,36.5,3893,500,0,827,0.802,1
3,978898,37,rpm,380,351,36.5,36.5,3893,500,0,827,0.802,1
3,978919,37,rpm,291,351,36.5,36.5,3893,500,0,827,0.802,1
3,978939,37,rpm,171,351,36.5,36.5,3893,500,0,827,0.803,1
3,978960,37,rpm,26,351,36.5,36.5,3893,500,0,827,0.803,1
3,978980,37,rpm,12,351,36.5,36.5,3893,500,0,828,0.803,1
3,979001,37,rpm,14,351,36.5,36.5,3893,500,0,828,0.803,1
3,979022,37,rpm,63,351,36.5,36.5,3893,500,0,828,0.803,1
3,979042,37,rpm,305,351,36.5,36.5,3893,500,0,828,0.803,1
3,979063,37,rpm,574,351,36.5,36.5,3893,500,0,828,0.803,1
3,979083,37,rpm,739,351,36.5,36.5,3893,500,0,828,0.803,1
3,979104,37,rpm,695,351,36.5,36.5,3893,500,0,828,0.803,1
3,979124,37,rpm,623,351,36.5,36.5,3893,500,0,828,0.804,1
3,979145,37,rpm,466,351,36.5,36.5,3893,500,0,829,0.804,1
3,979166,37,rpm,335,351,36.5,36.5,3893,500,0,829,0.804,1
3,979186,37,rpm,283,351,36.5,36.5,3893,500,0,829,0.804,1
3,979207,37,rpm,71,351,36.5,36.5,3893,500,0,829,0.804,1
3,979227,37,rpm,17,351,36.5,36.5,3893,500,0,829,0.804,1
3,979248,37,rpm,12,351,36.5,36.5,3893,500,0,829,0.804,1
3,979268,37,rpm,28,351,36.5,36.5,3893,500,0,829,0.804,1
3,979289,37,rpm,178,351,36.5,36.5,3893,500,0,829,0.805,1
3,979309,37,rpm,536,351,36.5,36.5,3893,500,0,830,0.805,1
3,979330,37,rpm,775,351,36.5,36.5,3893,500,0,830,0.805,1
3,979351,37,rpm,786,351,36.5,36.5,3893,500,0,830,0.805,1
3,979371,37,rpm,702,351,36.5,36.5,3893,500,0,830,0.805,1
3,979392,37,rpm,548,351,36.5,36.5,3893,500,0,830,0.805,1
3,979412,37,rpm,390,351,36.5,36.5,3893,500,0,830,0.805,1
3,979433,37,rpm,275,351,36.5,36.5,3893,500,0,830,0.805,1
3,979453,37,rpm,174,351,36.5,36.5,3893,500,0,830,0.805,1
3,979474,37,rpm,28,351,36.5,36.5,3893,500,0,830,0.806,1
3,979495,37,rpm,13,351,36.5,36.5,3893,500,0,831,0.806,1
3,979515,37,rpm,13,351,36.5,36.5,3893,500,0,831,0.806,1
3,979536,37,rpm,56,351,36.5,36.5,3893,500,0,831,0.806,1
3,979556,37,rpm,349,351,36.5,36.5,3893,500,0,831,0.806,1
3,979577,37,rpm,597,351,36.5,36.5,3893,500,0,831,0.806,1
3,979597,37,rpm,676,351,36.5,36.5,3893,500,0,831,0.806,1
3,979618,37,rpm,717,351,36.5,36.5,3893,500,0,831,0.806,1
3,979639,37,rpm,634,351,36.5,36.5,3893,500,0,831,0.807,1
3,979659,37,rpm,498,351,36.5,36.5,3893,500,0,832,0.807,1
3,979680,37,rpm,381,351,36.5,36.5,3893,500,0,832,0.807,1
3,979700,37,rpm,291,351,36.5,36.5,3893,500,0,832,0.807,1
3,979721,37,rpm,42,351,36.5,36.5,3893,500,0,832,0.807,1
3,979741,37,rpm,17,351,36.5,36.5,3893,500,0,832,0.807,1
3,979762,37,rpm,13,351,36.5,36.5,3893,500,0,832,0.807,1
3,979782,37,rpm,40,351,36.5,36.5,3893,500,0,832,0.807,1
3,979803,37,rpm,287,351,36.5,36.5,3893,500,0,832,0.807,1
3,979824,37,rpm,615,351,36.5,36.5,3893,500,0,833,0.808,1
3,979844,37,rpm,694,351,36.5,36.5,3893,500,0,833,0.808,1
3,979865,37,rpm,705,351,36.5,36.5,3893,500,0,833,0.808,1
3,979885,37,rpm,671,351,36.5,36.5,3893,500,0,833,0.808,1
3,979906,37,rpm,563,351,36.5,36.5,3893,500,0,833,0.808,1
3,979926,37,rpm,455,351,36.5,36.5,3893,500,0,833,0.808,1
3,979947,37,rpm,363,351,36.5,36.5,3893,500,0,833,0.808,1
3,979968,37,rpm,154,351,36.5,36.5,3893,500,0,833,0.808,1
3,979988,37,rpm,24,351,36.5,36.5,3893,500,0,834,0.808,1
3,980009,37,rpm,13,351,36.5,36.5,3893,500,0,834,0.809,1
3,980029,37,rpm,21,351,36.5,36.5,3893,500,0,834,0.809,1
3,980050,37,rpm,127,351,36.5,36.5,3893,500,0,834,0.809,1
3,980071,37,rpm,475,351,36.5,36.5,3893,500,0,834,0.809,1
3,980091,37,rpm,625,351,36.5,36.5,3893,500,0,834,0.809,1
3,980112,37,rpm,675,351,36.5,36.5,3893,500,0,834,0.809,1
3,980132,37,rpm,639,351,36.5,36.5,3893,500,0,834,0.809,1
3,980153,37,rpm,585,351,36.5,36.5,3893,500,0,834,0.809,1
3,980173,37,rpm,464,351,36.5,36.5,3893,500,0,835,0.81,1
3,980194,37,rpm,386,351,36.5,36.5,3893,500,0,835,0.81,1
3,980215,37,rpm,241,351,36.5,36.5,3893,500,0,835,0.81,1
3,980235,37,rpm,30,351,36.5,36.5,3893,500,0,835,0.81,1
3,980256,37,rpm,14,351,36.5,36.5,3893,500,0,835,0.81,1
3,980276,37,rpm,14,351,36.5,36.5,3893,500,0,835,0.81,1
3,980297,37,rpm,52,351,36.5,36.5,3893,500,0,835,0.81,1
3,980317,37,rpm,277,351,36.5,36.5,3893,500,0,835,0.81,1
3,980338,37,rpm,559,351,36.5,36.5,3893,500,0,836,0.81,1
3,980359,37,rpm,766,351,36.5,36.5,3893,500,0,836,0.811,1
3,980379,37,rpm,770,351,36.5,36.5,3893,500,0,836,0.811,1
3,980400,37,rpm,686,351,36.5,36.5,3893,500,0,836,0.811,1
3,980420,37,rpm,540,351,36.5,36.5,3893,500,0,836,0.811,1
3,980441,37,rpm,377,351,36.5,36.5,3893,500,0,836,0.811,1
3,980461,37,rpm,290,351,36.5,36.5,3893,500,0,836,0.811,1
3,980482,37,rpm,171,351,36.5,36.5,3893,500,0,836,0.811,1
3,980503,37,rpm,27,351,36.5,36.5,3893,500,0,837,0.811,1
3,980523,37,rpm,13,351,36.5,36.5,3893,500,0,837,0.812,1
3,980544,37,rpm,14,351,36.5,36.5,3893,500,0,837,0.812,1
3,980564,37,rpm,64,351,36.5,36.5,3893,500,0,837,0.812,1
3,980585,37,rpm,311,351,36.5,36.5,3893,500,0,837,0.812,1
3,980606,37,rpm,593,351,36.5,36.5,3893,500,0,837,0.812,1
3,980626,37,rpm,762,351,36.5,36.5,3893,500,0,837,0.812,1
3,980647,37,rpm,713,351,36.5,36.5,3893,500,0,837,0.812,1
3,980667,37,rpm,634,351,36.5,36.5,3893,500,0,837,0.812,1
3,980688,37,rpm,470,351,36.5,36.5,3893,500,0,838,0.812,1
3,980708,37,rpm,332,351,36.5,36.5,3893,500,0,838,0.813,1
3,980729,37,rpm,276,351,36.5,36.5,3893,500,0,838,0.813,1
3,980749,37,rpm,90,351,36.5,36.5,3893,500,0,838,0.813,1
3,980770,37,rpm,18,351,36.5,36.5,3893,500,0,838,0.813,1
3,980790,37,rpm,11,351,36.5,36.5,3893,500,0,838,0.813,1
3,980811,37,rpm,23,351,36.5,36.5,3893,500,0,838,0.813,1
3,980832,37,rpm,149,351,36.5,36.5,3893,500,0,838,0.813,1
3,980852,37,rpm,501,351,36.5,36.5,3893,500,0,839,0.813,1
3,980873,37,rpm,751,351,36.5,36.5,3893,500,0,839,0.814,1
3,980893,37,rpm,779,351,36.5,36.5,3893,500,0,839,0.814,1
3,980914,37,rpm,703,351,36.5,36.5,3893,500,0,839,0.814,1
3,980934,37,rpm,546,351,36.5,36.5,3893,500,0,839,0.814,1
3,980955,37,rpm,387,351,36.5,36.5,3893,500,0,839,0.814,1
3,980976,37,rpm,276,351,36.5,36.5,3893,500,0,839,0.814,1
3,980996,37,rpm,174,351,36.5,36.5,3893,500,0,839,0.814,1
3,981017,37,rpm,27,351,36.5,36.5,3893,500,0,840,0.814,1
3,981037,37,rpm,13,351,36.5,36.5,3893,500,0,840,0.814,1
3,981058,37,rpm,13,351,36.5,36.5,3893,500,0,840,0.815,1
3,981078,37,rpm,60,351,36.5,36.5,3893,500,0,840,0.815,1
3,981099,37,rpm,364,351,36.5,36.5,3893,500,0,840,0.815,1
3,981120,37,rpm,600,351,36.5,36.5,3893,500,0,840,0.815,1
3,981140,37,rpm,686,351,36.5,36.5,3893,500,0,840,0.815,1
3,981161,37,rpm,719,351,36.5,36.5,3893,500,0,840,0.815,1
3,981181,37,rpm,637,351,36.5,36.5,3893,500,0,840,0.815,1
3,981202,37,rpm,496,351,36.5,36.5,3893,500,0,841,0.815,1
3,981222,37,rpm,387,351,36.5,36.5,3893,500,0,841,0.815,1
3,981243,37,rpm,300,351,36.5,36.5,3893,500,0,841,0.816,1
3,981264,37,rpm,43,351,36.5,36.5,3893,500,0,841,0.816,1
3,981284,37,rpm,17,351,36.5,36.5,3893,500,0,841,0.816,1
3,981305,37,rpm,13,351,36.5,36.5,3893,500,0,841,0.816,1
3,981325,37,rpm,40,351,36.5,36.5,3893,500,0,841,0.816,1
3,981346,37,rpm,282,351,36.5,36.5,3893,500,0,841,0.816,1
3,981367,37,rpm,599,351,36.5,36.5,3893,500,0,842,0.816,1
3,981387,37,rpm,684,351,36.5,36.5,3893,500,0,842,0.816,1
3,981408,37,rpm,705,351,36.5,36.5,3893,500,0,842,0.817,1
3,981428,37,rpm,671,351,36.5,36.5,3893,500,0,842,0.817,1
3,981449,37,rpm,564,351,36.5,36.5,3893,500,0,842,0.817,1
3,981469,37,rpm,455,351,36.5,36.5,3893,500,0,842,0.817,1
3,981490,37,rpm,361,351,36.5,36.5,3893,500,0,842,0.817,1
3,981510,37,rpm,152,351,36.5,36.5,3893,500,0,842,0.817,1
3,981531,37,rpm,24,351,36.5,36.5,3893,500,0,843,0.817,1
3,981552,37,rpm,14,351,36.5,36.5,3893,500,0,843,0.817,1
3,981572,37,rpm,22,351,36.5,36.5,3893,500,0,843,0.817,1
3,981593,37,rpm,132,351,36.5,36.5,3893,500,0,843,0.818,1
3,981613,37,rpm,476,351,36.5,36.5,3893,500,0,843,0.818,1
3,981634,37,rpm,621,351,36.5,36.5,3893,500,0,843,0.818,1
3,981654,37,rpm,679,351,36.5,36.5,3893,500,0,843,0.818,1
3,981675,37,rpm,653,351,36.5,36.5,3893,500,0,843,0.818,1
3,981696,37,rpm,580,351,36.5,36.5,3893,500,0,843,0.818,1
3,981716,37,rpm,468,351,36.5,36.5,3893,500,0,844,0.818,1
3,981737,37,rpm,389,351,36.5,36.5,3893,500,0,844,0.818,1
3,981757,37,rpm,241,351,36.5,36.5,3893,500,0,844,0.819,1
3,981778,37,rpm,30,351,36.5,36.5,3893,500,0,844,0.819,1
3,981799,37,rpm,15,351,36.5,36.5,3893,500,0,844,0.819,1
3,981819,37,rpm,14,351,36.5,36.5,3893,500,0,844,0.819,1
3,981840,37,rpm,52,351,36.5,36.5,3893,500,0,844,0.819,1
3,981860,37,rpm,278,351,36.5,36.5,3893,500,0,844,0.819,1
3,981881,37,rpm,548,351,36.5,36.5,3893,500,0,845,0.819,1
3,981901,37,rpm,751,351,36.5,36.5,3893,500,0,845,0.819,1
3,981922,37,rpm,761,351,36.5,36.5,3893,500,0,845,0.819,1
3,981943,37,rpm,680,351,36.5,36.5,3893,500,0,845,0.82,1
3,981963,37,rpm,535,351,36.5,36.5,3893,500,0,845,0.82,1
3,981984,37,rpm,379,351,36.5,36.5,3893,500,0,845,0.82,1
3,982004,37,rpm,299,351,36.5,36.5,3893,500,0,845,0.82,1
3,982025,37,rpm,170,351,36.5,36.5,3893,500,0,845,0.82,1
3,982045,37,rpm,26,351,36.5,36.5,3893,500,0,846,0.82,1
3,982066,37,rpm,12,351,36.5,36.5,3893,500,0,846,0.82,1
3,982087,37,rpm,14,351,36.5,36.5,3893,500,0,846,0.82,1
3,982107,37,rpm,62,351,36.5,36.5,3893,500,0,846,0.821,1
3,982128,37,rpm,302,351,36.5,36.5,3893,500,0,846,0.821,1
3,982148,37,rpm,551,351,36.5,36.5,3893,500,0,846,0.821,1
3,982169,37,rpm,730,351,36.5,36.5,3893,500,0,846,0.821,1
3,982189,37,rpm,703,351,36.5,36.5,3893,500,0,846,0.821,1
3,982210,37,rpm,634,351,36.5,36.5,3893,500,0,846,0.821,1
3,982230,37,rpm,475,351,36.5,36.5,3893,500,0,847,0.821,1
3,982251,37,rpm,349,351,36.5,36.5,3893,500,0,847,0.821,1
3,982272,37,rpm,296,351,36.5,36.5,3893,500,0,847,0.821,1
3,982292,37,rpm,75,351,36.5,36.5,3893,500,0,847,0.822,1
3,982313,37,rpm,18,351,36.5,36.5,3893,500,0,847,0.822,1
3,982333,37,rpm,12,351,36.5,36.5,3893,500,0,847,0.822,1
3,982354,37,rpm,28,351,36.5,36.5,3893,500,0,847,0.822,1
3,982375,37,rpm,176,351,36.5,36.5,3893,500,0,847,0.822,1
3,982395,37,rpm,536,351,36.5,36.5,3893,500,0,848,0.822,1
3,982416,37,rpm,770,351,36.5,36.5,3893,500,0,848,0.822,1
3,982436,37,rpm,790,351,36.5,36.5,3893,500,0,848,0.822,1
3,982457,37,rpm,706,351,36.5,36.5,3893,500,0,848,0.823,1
3,982477,37,rpm,549,351,36.5,36.5,3893,500,0,848,0.823,1
3,982498,37,rpm,389,351,36.5,36.5,3893,500,0,848,0.823,1
3,982519,37,rpm,272,351,36.5,36.5,3893,500,0,848,0.823,1
3,982539,37,rpm,171,351,36.5,36.5,3893,500,0,848,0.823,1
3,982560,37,rpm,27,351,36.5,36.5,3893,500,0,849,0.823,1
3,982580,37,rpm,13,351,36.5,36.5,3893,500,0,849,0.823,1
3,982601,37,rpm,12,351,36.5,36.5,3893,500,0,849,0.823,1
3,982621,37,rpm,54,351,36.5,36.5,3893,500,0,849,0.823,1
3,982642,37,rpm,349,351,36.5,36.5,3893,500,0,849,0.824,1
3,982662,37,rpm,602,351,36.5,36.5,3893,500,0,849,0.824,1
3,982683,37,rpm,691,351,36.5,36.5,3893,500,0,849,0.824,1
3,982703,37,rpm,733,351,36.5,36.5,3893,500,0,849,0.824,1
3,982724,37,rpm,639,351,36.5,36.5,3893,500,0,850,0.824,1
3,982745,37,rpm,500,351,36.5,36.5,3893,500,0,850,0.824,1
3,982765,37,rpm,381,351,36.5,36.5,3893,500,0,850,0.824,1
3,982786,37,rpm,293,351,36.5,36.5,3893,500,0,850,0.824,1
3,982806,37,rpm,45,351,36.5,36.5,3893,500,0,850,0.824,1
3,982827,37,rpm,17,351,36.5,36.5,3893,500,0,850,0.825,1
3,982847,37,rpm,13,351,36.5,36.5,3893,500,0,850,0.825,1
3,982868,37,rpm,39,351,36.5,36.5,3893,500,0,850,0.825,1
3,982889,37,rpm,280,351,36.5,36.5,3893,500,0,850,0.825,1
3,982909,37,rpm,607,351,36.5,36.5,3893,500,0,851,0.825,1
3,982930,37,rpm,688,351,36.5,36.5,3893,500,0,851,0.825,1
3,982950,37,rpm,703,351,36.5,36.5,3893,500,0,851,0.825,1
3,982971,37,rpm,670,351,36.5,36.5,3893,500,0,851,0.825,1
3,982991,37,rpm,568,351,36.5,36.5,3893,500,0,851,0.826,1
3,983012,37,rpm,459,351,36.5,36.5,3893,500,0,851,0.826,1
3,983033,37,rpm,365,351,36.5,36.5,3893,500,0,851,0.826,1
3,983053,37,rpm,160,351,36.5,36.5,3893,500,0,851,0.826,1
3,983074,37,rpm,25,351,36.5,36.5,3893,500,0,852,0.826,1
3,983094,37,rpm,14,351,36.5,36.5,3893,500,0,852,0.826,1
3,983115,37,rpm,20,351,36.5,36.5,3893,500,0,852,0.826,1
3,983135,37,rpm,119,351,36.5,36.5,3893,500,0,852,0.826,1
3,983156,37,rpm,464,351,36.5,36.5,3893,500,0,852,0.826,1
3,983176,37,rpm,621,351,36.5,36.5,3893,500,0,852,0.827,1
3,983197,37,rpm,677,351,36.5,36.5,3893,500,0,852,0.827,1
3,983217,37,rpm,639,351,36.5,36.5,3893,500,0,852,0.827,1
3,983238,37,rpm,587,351,36.5,36.5,3893,500,0,853,0.827,1
3,983259,37,rpm,475,351,36.5,36.5,3893,500,0,853,0.827,1
3,983279,37,rpm,387,351,36.5,36.5,3893,500,0,853,0.827,1
3,983300,37,rpm,243,351,36.5,36.5,3893,500,0,853,0.827,1
3,983320,37,rpm,29,351,36.5,36.5,3893,500,0,853,0.827,1
3,983341,37,rpm,14,351,36.5,36.5,3893,500,0,853,0.828,1
3,983361,37,rpm,13,351,36.5,36.5,3893,500,0,853,0.828,1
3,983382,37,rpm,48,351,36.5,36.5,3893,500,0,853,0.828,1
3,983403,37,rpm,264,351,36.5,36.5,3893,500,0,853,0.828,1
3,983423,37,rpm,574,351,36.5,36.5,3893,500,0,854,0.828,1
3,983444,37,rpm,775,351,36.5,36.5,3893,500,0,854,0.828,1
3,983464,37,rpm,777,351,36.5,36.5,3893,500,0,854,0.828,1
3,983485,37,rpm,680,351,36.5,36.5,3893,500,0,854,0.828,1
3,983506,37,rpm,541,351,36.5,36.5,3893,500,0,854,0.828,1
3,983526,37,rpm,382,351,36.5,36.5,3893,500,0,854,0.829,1
3,983547,37,rpm,284,351,36.5,36.5,3893,500,0,854,0.829,1
3,983567,37,rpm,174,351,36.5,36.5,3893,500,0,854,0.829,1
3,983588,37,rpm,27,351,36.5,36.5,3893,500,0,855,0.829,1
3,983608,37,rpm,13,351,36.5,36.5,3893,500,0,855,0.829,1
3,983629,37,rpm,14,351,36.5,36.5,3893,500,0,855,0.829,1
3,983650,37,rpm,60,351,36.5,36.5,3893,500,0,855,0.829,1
3,983670,37,rpm,299,351,36.5,36.5,3893,500,0,855,0.829,1
3,983691,37,rpm,593,351,36.5,36.5,3893,500,0,855,0.83,1
3,983711,37,rpm,746,351,36.5,36.5,3893,500,0,855,0.83,1
3,983732,37,rpm,704,351,36.5,36.5,3893,500,0,855,0.83,1
3,983752,37,rpm,639,351,36.5,36.5,3893,500,0,856,0.83,1
3,983773,37,rpm,475,351,36.5,36.5,3893,500,0,856,0.83,1
3,983793,37,rpm,334,351,36.5,36.5,3893,500,0,856,0.83,1
3,983814,37,rpm,276,351,36.5,36.5,3893,500,0,856,0.83,1
3,983835,37,rpm,90,351,36.5,36.5,3893,500,0,856,0.83,1
3,983855,37,rpm,18,351,36.5,36.5,3893,500,0,856,0.83,1
3,983876,37,rpm,11,351,36.5,36.5,3893,500,0,856,0.831,1
3,983896,37,rpm,23,351,36.5,36.5,3893,500,0,856,0.831,1
3,983917,37,rpm,149,351,36.5,36.5,3893,500,0,856,0.831,1
3,983937,37,rpm,499,351,36.5,36.5,3893,500,0,857,0.831,1
3,983958,37,rpm,749,351,36.5,36.5,3893,500,0,857,0.831,1
3,983978,37,rpm,786,351,36.5,36.5,3893,500,0,857,0.831,1
3,983999,37,rpm,705,351,36.5,36.5,3893,500,0,857,0.831,1
3,984019,37,rpm,557,351,36.5,36.5,3893,500,0,857,0.831,1
3,984040,37,rpm,397,351,36.5,36.5,3893,500,0,857,0.831,1
3,984061,37,rpm,278,351,36.5,36.5,3893,500,0,857,0.832,1
3,984081,37,rpm,183,351,36.5,36.5,3893,500,0,857,0.832,1
3,984102,37,rpm,28,351,36.5,36.5,3893,500,0,858,0.832,1
3,984122,37,rpm,13,351,36.5,36.5,3893,500,0,858,0.832,1
3,984143,37,rpm,12,351,36.5,36.5,3893,500,0,858,0.832,1
3,984164,37,rpm,54,351,36.5,36.5,3893,500,0,858,0.832,1
3,984184,37,rpm,342,351,36.5,36.5,3893,500,0,858,0.832,1
3,984205,37,rpm,594,351,36.5,36.5,3893,500,0,858,0.832,1
3,984225,37,rpm,673,351,36.5,36.5,3893,500,0,858,0.833,1
3,984246,37,rpm,715,351,36.5,36.5,3893,500,0,858,0.833,1
3,984266,37,rpm,643,351,36.5,36.5,3893,500,0,859,0.833,1
3,984287,37,rpm,504,351,36.5,36.5,3893,500,0,859,0.833,1
3,984307,37,rpm,394,351,36.5,36.5,3893,500,0,859,0.833,1
3,984328,37,rpm,311,351,36.5,36.5,3893,500,0,859,0.833,1
3,984349,37,rpm,51,351,36.5,36.5,3893,500,0,859,0.833,1
3,984369,37,rpm,17,351,36.5,36.5,3893,500,0,859,0.833,1
3,984390,37,rpm,13,351,36.5,36.5,3893,500,0,859,0.833,1
3,984410,37,rpm,36,351,36.5,36.5,3893,500,0,859,0.834,1
3,984431,37,rpm,262,351,36.5,36.5,3893,500,0,859,0.834,1
3,984451,37,rpm,605,351,36.5,36.5,3893,500,0,860,0.834,1
3,984472,37,rpm,683,351,36.5,36.5,3893,500,0,860,0.834,1
3,984492,37,rpm,706,351,36.5,36.5,3893,500,0,860,0.834,1
3,984513,37,rpm,670,351,36.5,36.5,3893,500,0,860,0.834,1
3,984534,37,rpm,570,351,36.5,36.5,3893,500,0,860,0.834,1
3,984554,37,rpm,460,351,36.5,36.5,3893,500,0,860,0.834,1
3,984575,37,rpm,366,351,36.5,36.5,3893,500,0,860,0.835,1
3,984595,37,rpm,165,351,36.5,36.5,3893,500,0,860,0.835,1
3,984616,37,rpm,26,351,36.5,36.5,3893,500,0,861,0.835,1
3,984636,37,rpm,14,351,36.5,36.5,3893,500,0,861,0.835,1
3,984657,37,rpm,21,351,36.5,36.5,3893,500,0,861,0.835,1
3,984678,37,rpm,122,351,36.5,36.5,3893,500,0,861,0.835,1
3,984698,37,rpm,462,351,36.5,36.5,3893,500,0,861,0.835,1
3,984719,37,rpm,619,351,36.5,36.5,3893,500,0,861,0.835,1
3,984739,37,rpm,679,351,36.5,36.5,3893,500,0,861,0.835,1
3,984760,37,rpm,649,351,36.5,36.5,3893,500,0,861,0.836,1
3,984780,37,rpm,589,351,36.5,36.5,3893,500,0,862,0.836,1
3,984801,37,rpm,474,351,36.5,36.5,3893,500,0,862,0.836,1
3,984821,37,rpm,390,351,36.5,36.5,3893,500,0,862,0.836,1
3,984842,37,rpm,266,351,36.5,36.5,3893,500,0,862,0.836,1
3,984863,37,rpm,32,351,36.5,36.5,3893,500,0,862,0.836,1
3,984883,37,rpm,15,351,36.5,36.5,3893,500,0,862,0.836,1
3,984904,37,rpm,14,351,36.5,36.5,3893,500,0,862,0.836,1
3,984924,37,rpm,46,351,36.5,36.5,3893,500,0,862,0.837,1
3,984945,37,rpm,250,351,36.5,36.5,3893,500,0,863,0.837,1
3,984965,37,rpm,526,351,36.5,36.5,3893,500,0,863,0.837,1
3,984986,37,rpm,727,351,36.5,36.5,3893,500,0,863,0.837,1
3,985006,37,rpm,762,351,36.5,36.5,3893,500,0,863,0.837,1
3,985027,37,rpm,690,351,36.5,36.5,3893,500,0,863,0.837,1
3,985048,37,rpm,553,351,36.5,36.5,3893,500,0,863,0.837,1
3,985068,37,rpm,393,351,36.5,36.5,3893,500,0,863,0.837,1
3,985089,37,rpm,307,351,36.5,36.5,3893,500,0,863,0.837,1
3,985109,37,rpm,190,351,36.5,36.5,3893,500,0,863,0.838,1
3,985130,37,rpm,28,351,36.5,36.5,3893,500,0,864,0.838,1
3,985150,37,rpm,13,351,36.5,36.5,3893,500,0,864,0.838,1
3,985171,37,rpm,13,351,36.5,36.5,3893,500,0,864,0.838,1
3,985192,37,rpm,52,351,36.5,36.5,3893,500,0,864,0.838,1
3,985212,37,rpm,278,351,36.5,36.5,3893,500,0,864,0.838,1
3,985233,37,rpm,537,351,36.5,36.5,3893,500,0,864,0.838,1
3,985253,37,rpm,727,351,36.5,36.5,3893,500,0,864,0.838,1
3,985274,37,rpm,718,351,36.5,36.5,3893,500,0,864,0.838,1
3,985294,37,rpm,650,351,36.5,36.5,3893,500,0,865,0.839,1
3,985315,37,rpm,490,351,36.5,36.5,3893,500,0,865,0.839,1
3,985336,37,rpm,358,351,36.5,36.5,3893,500,0,865,0.839,1
3,985356,37,rpm,299,351,36.5,36.5,3893,500,0,865,0.839,1
3,985377,37,rpm,96,351,36.5,36.5,3893,500,0,865,0.839,1
3,985397,37,rpm,19,351,36.5,36.5,3893,500,0,865,0.839,1
3,985418,37,rpm,12,351,36.5,36.5,3893,500,0,865,0.839,1
3,985438,37,rpm,23,351,36.5,36.5,3893,500,0,865,0.839,1
3,985459,37,rpm,147,351,36.5,36.5,3893,500,0,866,0.84,1
3,985480,37,rpm,500,351,36.5,36.5,3893,500,0,866,0.84,1
3,985500,37,rpm,752,351,36.5,36.5,3893,500,0,866,0.84,1
3,985521,37,rpm,791,351,36.5,36.5,3893,500,0,866,0.84,1
3,985541,37,rpm,705,351,36.5,36.5,3893,500,0,866,0.84,1
3,985562,37,rpm,559,351,36.5,36.5,3893,500,0,866,0.84,1
3,985582,37,rpm,399,351,36.5,36.5,3893,500,0,866,0.84,1
3,985603,37,rpm,277,351,36.5,36.5,3893,500,0,866,0.84,1
3,985623,37,rpm,188,351,36.5,36.5,3893,500,0,866,0.84,1
3,985644,37,rpm,29,351,36.5,36.5,3893,500,0,867,0.841,1
3,985665,37,rpm,13,351,36.5,36.5,3893,500,0,867,0.841,1
3,985685,37,rpm,12,351,36.5,36.5,3893,500,0,867,0.841,1
3,985706,37,rpm,48,351,36.5,36.5,3893,500,0,867,0.841,1
3,985726,37,rpm,330,351,36.5,36.5,3893,500,0,867,0.841,1
3,985747,37,rpm,598,351,36.5,36.5,3893,500,0,867,0.841,1
3,985767,37,rpm,698,351,36.5,36.5,3893,500,0,867,0.841,1
3,985788,37,rpm,739,351,36.5,36.5,3893,500,0,867,0.841,1
3,985808,37,rpm,648,351,36.5,36.5,3893,500,0,868,0.842,1
3,985829,37,rpm,505,351,36.5,36.5,3893,500,0,868,0.842,1
3,985849,37,rpm,379,351,36.5,36.5,3893,500,0,868,0.842,1
3,985870,37,rpm,303,351,36.5,36.5,3893,500,0,868,0.842,1
3,985890,37,rpm,59,351,36.5,36.5,3893,500,0,868,0.842,1
3,985911,37,rpm,18,351,36.5,36.5,3893,500,0,868,0.842,1
3,985932,37,rpm,13,351,36.5,36.5,3893,500,0,868,0.842,1
3,985952,37,rpm,34,351,36.5,36.5,3893,500,0,868,0.842,1
3,985973,37,rpm,255,351,36.5,36.5,3893,500,0,869,0.842,1
3,985993,37,rpm,596,351,36.5,36.5,3893,500,0,869,0.843,1
3,986014,37,rpm,681,351,36.5,36.5,3893,500,0,869,0.843,1
3,986034,37,rpm,702,351,36.5,36.5,3893,500,0,869,0.843,1
3,986055,37,rpm,671,351,36.5,36.5,3893,500,0,869,0.843,1
3,986076,37,rpm,577,351,36.5,36.5,3893,500,0,869,0.843,1
3,986096,37,rpm,463,351,36.5,36.5,3893,500,0,869,0.843,1
3,986117,37,rpm,374,351,36.5,36.5,3893,500,0,869,0.843,1
3,986137,37,rpm,181,351,36.5,36.5,3893,500,0,869,0.843,1
3,986158,37,rpm,27,351,36.5,36.5,3893,500,0,870,0.844,1
3,986178,37,rpm,14,351,36.5,36.5,3893,500,0,870,0.844,1
3,986199,37,rpm,19,351,36.5,36.5,3893,500,0,870,0.844,1
3,986220,37,rpm,102,351,36.5,36.5,3893,500,0,870,0.844,1
3,986240,37,rpm,435,351,36.5,36.5,3893,500,0,870,0.844,1
3,986261,37,rpm,616,351,36.5,36.5,3893,500,0,870,0.844,1
3,986281,37,rpm,675,351,36.5,36.5,3893,500,0,870,0.844,1
3,986302,37,rpm,647,351,36.5,36.5,3893,500,0,870,0.844,1
3,986322,37,rpm,594,351,36.5,36.5,3893,500,0,871,0.844,1
3,986343,37,rpm,478,351,36.5,36.5,3893,500,0,871,0.845,1
3,986363,37,rpm,394,351,36.5,36.5,3893,500,0,871,0.845,1
3,986384,37,rpm,274,351,36.5,36.5,3893,500,0,871,0.845,1
3,986405,37,rpm,33,351,36.5,36.5,3893,500,0,871,0.845,1
3,986425,37,rpm,15,351,36.5,36.5,3893,500,0,871,0.845,1
3,986446,37,rpm,13,351,36.5,36.5,3893,500,0,871,0.845,1
3,986466,37,rpm,43,351,36.5,36.5,3893,500,0,871,0.845,1
3,986487,37,rpm,244,351,36.5,36.5,3893,500,0,872,0.845,1
3,986507,37,rpm,567,351,36.5,36.5,3893,500,0,872,0.845,1
3,986528,37,rpm,763,351,36.5,36.5,3893,500,0,872,0.846,1
3,986549,37,rpm,774,351,36.5,36.5,3893,500,0,872,0.846,1
3,986569,37,rpm,681,351,36.5,36.5,3893,500,0,872,0.846,1
3,986590,37,rpm,547,351,36.5,36.5,3893,500,0,872,0.846,1
3,986610,37,rpm,395,351,36.5,36.5,3893,500,0,872,0.846,1
3,986631,37,rpm,290,351,36.5,36.5,3893,500,0,872,0.846,1
3,986651,37,rpm,193,351,36.5,36.5,3893,500,0,872,0.846,1
3,986672,37,rpm,28,351,36.5,36.5,3893,500,0,873,0.846,1
3,986693,37,rpm,13,351,36.5,36.5,3893,500,0,873,0.847,1
3,986713,37,rpm,13,351,36.5,36.5,3893,500,0,873,0.847,1
3,986734,37,rpm,50,351,36.5,36.5,3893,500,0,873,0.847,1
3,986754,37,rpm,270,351,36.5,36.5,3893,500,0,873,0.847,1
3,986775,37,rpm,556,351,36.5,36.5,3893,500,0,873,0.847,1
3,986795,37,rpm,695,351,36.5,36.5,3893,500,0,873,0.847,1
3,986816,37,rpm,737,351,36.5,36.5,3893,500,0,873,0.847,1
3,986836,37,rpm,655,351,36.5,36.5,3893,500,0,874,0.847,1
3,986857,37,rpm,490,351,36.5,36.5,3893,500,0,874,0.847,1
3,986877,37,rpm,343,351,36.5,36.5,3893,500,0,874,0.848,1
3,986898,37,rpm,283,351,36.5,36.5,3893,500,0,874,0.848,1
3,986918,37,rpm,106,351,36.5,36.5,3893,500,0,874,0.848,1
3,986939,37,rpm,20,351,36.5,36.5,3893,500,0,874,0.848,1
3,986960,37,rpm,12,351,36.5,36.5,3893,500,0,874,0.848,1
3,986980,37,rpm,20,351,36.5,36.5,3893,500,0,874,0.848,1
3,987001,37,rpm,132,351,36.5,36.5,3893,500,0,875,0.848,1
3,987021,37,rpm,471,351,36.5,36.5,3893,500,0,875,0.848,1
3,987042,37,rpm,746,351,36.5,36.5,3893,500,0,875,0.849,1
3,987062,37,rpm,802,351,36.5,36.5,3893,500,0,875,0.849,1
3,987083,37,rpm,712,351,36.5,36.5,3893,500,0,875,0.849,1
3,987103,37,rpm,571,351,36.5,36.5,3893,500,0,875,0.849,1
3,987124,37,rpm,409,351,36.5,36.5,3893,500,0,875,0.849,1
3,987145,37,rpm,284,351,36.5,36.5,3893,500,0,875,0.849,1
3,987165,37,rpm,201,351,36.5,36.5,3893,500,0,875,0.849,1
3,987186,37,rpm,31,351,36.5,36.5,3893,500,0,876,0.849,1
3,987206,37,rpm,14,351,36.5,36.5,3893,500,0,876,0.849,1
3,987227,37,rpm,12,351,36.5,36.5,3893,500,0,876,0.85,1
3,987248,37,rpm,43,351,36.5,36.5,3893,500,0,876,0.85,1
3,987268,37,rpm,298,351,36.5,36.5,3893,500,0,876,0.85,1
3,987289,37,rpm,586,351,36.5,36.5,3893,500,0,876,0.85,1
3,987309,37,rpm,665,351,36.5,36.5,3893,500,0,876,0.85,1
3,987330,37,rpm,711,351,36.5,36.5,3893,500,0,876,0.85,1
3,987351,37,rpm,655,351,36.5,36.5,3893,500,0,877,0.85,1
3,987371,37,rpm,515,351,36.5,36.5,3893,500,0,877,0.85,1
3,987392,37,rpm,397,351,36.5,36.5,3893,500,0,877,0.851,1
3,987412,37,rpm,316,351,36.5,36.5,3893,500,0,877,0.851,1
3,987433,37,rpm,65,351,36.5,36.5,3893,500,0,877,0.851,1
3,987453,37,rpm,18,351,36.5,36.5,3893,500,0,877,0.851,1
3,987474,37,rpm,13,351,36.5,36.5,3893,500,0,877,0.851,1
3,987494,37,rpm,30,351,36.5,36.5,3893,500,0,877,0.851,1
3,987515,37,rpm,228,351,36.5,36.5,3893,500,0,878,0.851,1
3,987536,37,rpm,595,351,36.5,36.5,3893,500,0,878,0.851,1
3,987556,37,rpm,679,351,36.5,36.5,3893,500,0,878,0.851,1
3,987577,37,rpm,708,351,36.5,36.5,3893,500,0,878,0.852,1
3,987597,37,rpm,673,351,36.5,36.5,3893,500,0,878,0.852,1
3,987618,37,rpm,585,351,36.5,36.5,3893,500,0,878,0.852,1
3,987638,37,rpm,470,351,36.5,36.5,3893,500,0,878,0.852,1
3,987659,37,rpm,376,351,36.5,36.5,3893,500,0,878,0.852,1
3,987679,37,rpm,189,351,36.5,36.5,3893,500,0,878,0.852,1
3,987700,37,rpm,28,351,36.5,36.5,3893,500,0,879,0.852,1
3,987720,37,rpm,14,351,36.5,36.5,3893,500,0,879,0.852,1
3,987741,37,rpm,19,351,36.5,36.5,3893,500,0,879,0.852,1
3,987762,37,rpm,97,351,36.5,36.5,3893,500,0,879,0.853,1
3,987782,37,rpm,423,351,36.5,36.5,3893,500,0,879,0.853,1
3,987803,37,rpm,612,351,36.5,36.5,3893,500,0,879,0.853,1
3,987823,37,rpm,674,351,36.5,36.5,3893,500,0,879,0.853,1
3,987844,37,rpm,649,351,36.5,36.5,3893,500,0,879,0.853,1
3,987864,37,rpm,604,351,36.5,36.5,3893,500,0,880,0.853,1
3,987885,37,rpm,480,351,36.5,36.5,3893,500,0,880,0.853,1
3,987906,37,rpm,399,351,36.5,36.5,3893,500,0,880,0.853,1
3,987926,37,rpm,289,351,36.5,36.5,3893,500,0,880,0.854,1
3,987947,37,rpm,36,351,36.5,36.5,3893,500,0,880,0.854,1
3,987967,37,rpm,16,351,36.5,36.5,3893,500,0,880,0.854,1
3,987988,37,rpm,13,351,36.5,36.5,3893,500,0,880,0.854,1
3,988008,37,rpm,39,351,36.5,36.5,3893,500,0,880,0.854,1
3,988029,37,rpm,220,351,36.5,36.5,3893,500,0,881,0.854,1
3,988050,37,rpm,515,351,36.5,36.5,3893,500,0,881,0.854,1
3,988070,37,rpm,723,351,36.5,36.5,3893,500,0,881,0.854,1
3,988091,37,rpm,777,351,36.5,36.5,3893,500,0,881,0.854,1
3,988111,37,rpm,704,351,36.5,36.5,3893,500,0,881,0.855,1
3,988132,37,rpm,562,351,36.5,36.5,3893,500,0,881,0.855,1
3,988152,37,rpm,402,351,36.5,36.5,3893,500,0,881,0.855,1
3,988173,37,rpm,302,351,36.5,36.5,3893,500,0,881,0.855,1
3,988194,37,rpm,207,351,36.5,36.5,3893,500,0,882,0.855,1
3,988214,37,rpm,29,351,36.5,36.5,3893,500,0,882,0.855,1
3,988235,37,rpm,14,351,36.5,36.5,3893,500,0,882,0.855,1
3,988255,37,rpm,12,351,36.5,36.5,3893,500,0,882,0.855,1
3,988276,37,rpm,46,351,36.5,36.5,3893,500,0,882,0.856,1
3,988296,37,rpm,259,351,36.5,36.5,3893,500,0,882,0.856,1
3,988317,37,rpm,534,351,36.5,36.5,3893,500,0,882,0.856,1
3,988337,37,rpm,739,351,36.5,36.5,3893,500,0,882,0.856,1
3,988358,37,rpm,734,351,36.5,36.5,3893,500,0,882,0.856,1
3,988379,37,rpm,657,351,36.5,36.5,3893,500,0,883,0.856,1
3,988399,37,rpm,502,351,36.5,36.5,3893,500,0,883,0.856,1
3,988420,37,rpm,360,351,36.5,36.5,3893,500,0,883,0.856,1
3,988440,37,rpm,290,351,36.5,36.5,3893,500,0,883,0.856,1
3,988461,37,rpm,119,351,36.5,36.5,3893,500,0,883,0.857,1
3,988482,37,rpm,21,351,36.5,36.5,3893,500,0,883,0.857,1
3,988502,37,rpm,12,351,36.5,36.5,3893,500,0,883,0.857,1
3,988523,37,rpm,19,351,36.5,36.5,3893,500,0,883,0.857,1
3,988543,37,rpm,118,351,36.5,36.5,3893,500,0,884,0.857,1
3,988564,37,rpm,448,351,36.5,36.5,3893,500,0,884,0.857,1
3,988584,37,rpm,731,351,36.5,36.5,3893,500,0,884,0.857,1
3,988605,37,rpm,792,351,36.5,36.5,3893,500,0,884,0.857,1
3,988626,37,rpm,711,351,36.5,36.5,3893,500,0,884,0.858,1
3,988646,37,rpm,575,351,36.5,36.5,3893,500,0,884,0.858,1
3,988667,37,rpm,411,351,36.5,36.5,3893,500,0,884,0.858,1
3,988687,37,rpm,283,351,36.5,36.5,3893,500,0,884,0.858,1
3,988708,37,rpm,202,351,36.5,36.5,3893,500,0,885,0.858,1
3,988728,37,rpm,31,351,36.5,36.5,3893,500,0,885,0.858,1
3,988749,37,rpm,14,351,36.5,36.5,3893,500,0,885,0.858,1
3,988770,37,rpm,12,351,36.5,36.5,3893,500,0,885,0.858,1
3,988790,37,rpm,45,351,36.5,36.5,3893,500,0,885,0.858,1
3,988811,37,rpm,310,351,36.5,36.5,3893,500,0,885,0.859,1
3,988831,37,rpm,589,351,36.5,36.5,3893,500,0,885,0.859,1
3,988852,37,rpm,690,351,36.5,36.5,3893,500,0,885,0.859,1
3,988872,37,rpm,723,351,36.5,36.5,3893,500,0,885,0.859,1
3,988893,37,rpm,659,351,36.5,36.5,3893,500,0,886,0.859,1
3,988914,37,rpm,514,351,36.5,36.5,3893,500,0,886,0.859,1
3,988934,37,rpm,390,351,36.5,36.5,3893,500,0,886,0.859,1
3,988955,37,rpm,314,351,36.5,36.5,3893,500,0,886,0.859,1
3,988975,37,rpm,70,351,36.5,36.5,3893,500,0,886,0.859,1
3,988996,37,rpm,18,351,36.5,36.5,3893,500,0,886,0.86,1
3,989016,37,rpm,13,351,36.5,36.5,3893,500,0,886,0.86,1
3,989037,37,rpm,31,351,36.5,36.5,3893,500,0,886,0.86,1
3,989058,37,rpm,227,351,36.5,36.5,3893,500,0,887,0.86,1
3,989078,37,rpm,581,351,36.5,36.5,3893,500,0,887,0.86,1
3,989099,37,rpm,672,351,36.5,36.5,3893,500,0,887,0.86,1
3,989119,37,rpm,703,351,36.5,36.5,3893,500,0,887,0.86,1
3,989140,37,rpm,669,351,36.5,36.5,3893,500,0,887,0.86,1
3,989160,37,rpm,582,351,36.5,36.5,3893,500,0,887,0.861,1
3,989181,37,rpm,467,351,36.5,36.5,3893,500,0,887,0.861,1
3,989202,37,rpm,377,351,36.5,36.5,3893,500,0,887,0.861,1
3,989222,37,rpm,193,351,36.5,36.5,3893,500,0,888,0.861,1
3,989243,37,rpm,28,351,36.5,36.5,3893,500,0,888,0.861,1
3,989263,37,rpm,14,351,36.5,36.5,3893,500,0,888,0.861,1
3,989284,37,rpm,18,351,36.5,36.5,3893,500,0,888,0.861,1
3,989304,37,rpm,98,351,36.5,36.5,3893,500,0,888,0.861,1
3,989325,37,rpm,426,351,36.5,36.5,3893,500,0,888,0.861,1
3,989345,37,rpm,612,351,36.5,36.5,3893,500,0,888,0.862,1
3,989366,37,rpm,675,351,36.5,36.5,3893,500,0,888,0.862,1
3,989387,37,rpm,652,351,36.5,36.5,3893,500,0,888,0.862,1
3,989407,37,rpm,602,351,36.5,36.5,3893,500,0,889,0.862,1
3,989428,37,rpm,484,351,36.5,36.5,3893,500,0,889,0.862,1
3,989448,37,rpm,400,351,36.5,36.5,3893,500,0,889,0.862,1
3,989469,37,rpm,288,351,36.5,36.5,3893,500,0,889,0.862,1
3,989490,37,rpm,35,351,36.5,36.5,3893,500,0,889,0.862,1
3,989510,37,rpm,16,351,36.5,36.5,3893,500,0,889,0.863,1
3,989531,37,rpm,13,351,36.5,36.5,3893,500,0,889,0.863,1
3,989551,37,rpm,39,351,36.5,36.5,3893,500,0,889,0.863,1
3,989572,37,rpm,220,351,36.5,36.5,3893,500,0,890,0.863,1
3,989592,37,rpm,539,351,36.5,36.5,3893,500,0,890,0.863,1
3,989613,37,rpm,741,351,36.5,36.5,3893,500,0,890,0.863,1
3,989633,37,rpm,777,351,36.5,36.5,3893,500,0,890,0.863,1
3,989654,37,rpm,692,351,36.5,36.5,3893,500,0,890,0.863,1
3,989675,37,rpm,554,351,36.5,36.5,3893,500,0,890,0.863,1
3,989695,37,rpm,408,351,36.5,36.5,3893,500,0,890,0.864,1
3,989716,37,rpm,299,351,36.5,36.5,3893,500,0,890,0.864,1
3,989736,37,rpm,208,351,36.5,36.5,3893,500,0,891,0.864,1
3,989757,37,rpm,29,351,36.5,36.5,3893,500,0,891,0.864,1
3,989777,37,rpm,14,351,36.5,36.5,3893,500,0,891,0.864,1
3,989798,37,rpm,12,351,36.5,36.5,3893,500,0,891,0.864,1
3,989818,37,rpm,44,351,36.5,36.5,3893,500,0,891,0.864,1
3,989839,37,rpm,249,351,36.5,36.5,3893,500,0,891,0.864,1
3,989859,37,rpm,530,351,36.5,36.5,3893,500,0,891,0.865,1
3,989880,37,rpm,724,351,36.5,36.5,3893,500,0,891,0.865,1
3,989900,37,rpm,717,351,36.5,36.5,3893,500,0,891,0.865,1
3,989921,37,rpm,644,351,36.5,36.5,3893,500,0,892,0.865,1
3,989942,37,rpm,496,351,36.5,36.5,3893,500,0,892,0.865,1
3,989962,37,rpm,356,351,36.5,36.5,3893,500,0,892,0.865,1
3,989983,37,rpm,295,351,36.5,36.5,3893,500,0,892,0.865,1
3,990003,37,rpm,115,351,36.5,36.5,3893,500,0,892,0.865,1
3,990024,37,rpm,21,351,36.5,36.5,3893,500,0,892,0.865,1
3,990044,37,rpm,12,351,36.5,36.5,3893,500,0,892,0.866,1
3,990065,37,rpm,20,351,36.5,36.5,3893,500,0,892,0.866,1
3,990085,37,rpm,129,351,36.5,36.5,3893,500,0,893,0.866,1
3,990106,37,rpm,461,351,36.5,36.5,3893,500,0,893,0.866,1
3,990127,37,rpm,743,351,36.5,36.5,3893,500,0,893,0.866,1
3,990147,37,rpm,807,351,36.5,36.5,3893,500,0,893,0.866,1
3,990168,37,rpm,711,351,36.5,36.5,3893,500,0,893,0.866,1
3,990188,37,rpm,569,351,36.5,36.5,3893,500,0,893,0.866,1
3,990209,37,rpm,420,351,36.5,36.5,3893,500,0,893,0.866,1
3,990229,37,rpm,293,351,36.5,36.5,3893,500,0,893,0.867,1
3,990250,37,rpm,215,351,36.5,36.5,3893,500,0,894,0.867,1
3,990271,37,rpm,35,351,36.5,36.5,3893,500,0,894,0.867,1
3,990291,37,rpm,15,351,36.5,36.5,3893,500,0,894,0.867,1
3,990312,37,rpm,11,351,36.5,36.5,3893,500,0,894,0.867,1
3,990332,37,rpm,37,351,36.5,36.5,3893,500,0,894,0.867,1
3,990353,37,rpm,263,351,36.5,36.5,3893,500,0,894,0.867,1
3,990373,37,rpm,577,351,36.5,36.5,3893,500,0,894,0.867,1
3,990394,37,rpm,659,351,36.5,36.5,3893,500,0,894,0.868,1
3,990414,37,rpm,708,351,36.5,36.5,3893,500,0,894,0.868,1
3,990435,37,rpm,666,351,36.5,36.5,3893,500,0,895,0.868,1
3,990455,37,rpm,527,351,36.5,36.5,3893,500,0,895,0.868,1
3,990476,37,rpm,404,351,36.5,36.5,3893,500,0,895,0.868,1
3,990496,37,rpm,322,351,36.5,36.5,3893,500,0,895,0.868,1
3,990517,37,rpm,81,351,36.5,36.5,3893,500,0,895,0.868,1
3,990538,37,rpm,18,351,36.5,36.5,3893,500,0,895,0.868,1
3,990558,37,rpm,13,351,36.5,36.5,3893,500,0,895,0.868,1
3,990579,37,rpm,27,351,36.5,36.5,3893,500,0,895,0.869,1
3,990599,37,rpm,200,351,36.5,36.5,3893,500,0,896,0.869,1
3,990620,37,rpm,583,351,36.5,36.5,3893,500,0,896,0.869,1
3,990640,37,rpm,679,351,36.5,36.5,3893,500,0,896,0.869,1
3,990661,37,rpm,709,351,36.5,36.5,3893,500,0,896,0.869,1
3,990682,37,rpm,676,351,36.5,36.5,3893,500,0,896,0.869,1
3,990702,37,rpm,595,351,36.5,36.5,3893,500,0,896,0.869,1
3,990723,37,rpm,476,351,36.5,36.5,3893,500,0,896,0.869,1
3,990743,37,rpm,383,351,36.5,36.5,3893,500,0,896,0.87,1
3,990764,37,rpm,218,351,36.5,36.5,3893,500,0,897,0.87,1
3,990784,37,rpm,29,351,36.5,36.5,3893,500,0,897,0.87,1
3,990805,37,rpm,14,351,36.5,36.5,3893,500,0,897,0.87,1
3,990825,37,rpm,17,351,36.5,36.5,3893,500,0,897,0.87,1
3,990846,37,rpm,84,351,36.5,36.5,3893,500,0,897,0.87,1
3,990867,37,rpm,401,351,36.5,36.5,3893,500,0,897,0.87,1
3,990887,37,rpm,611,351,36.5,36.5,3893,500,0,897,0.87,1
3,990908,37,rpm,675,351,36.5,36.5,3893,500,0,897,0.87,1
3,990928,37,rpm,647,351,36.5,36.5,3893,500,0,898,0.871,1
3,990949,37,rpm,613,351,36.5,36.5,3893,500,0,898,0.871,1
3,990969,37,rpm,486,351,36.5,36.5,3893,500,0,898,0.871,1
3,990990,37,rpm,402,351,36.5,36.5,3893,500,0,898,0.871,1
3,991010,37,rpm,305,351,36.5,36.5,3893,500,0,898,0.871,1
3,991031,37,rpm,42,351,36.5,36.5,3893,500,0,898,0.871,1
3,991052,37,rpm,17,351,36.5,36.5,3893,500,0,898,0.871,1
3,991072,37,rpm,13,351,36.5,36.5,3893,500,0,898,0.871,1
3,991093,37,rpm,34,351,36.5,36.5,3893,500,0,898,0.872,1
3,991113,37,rpm,197,351,36.5,36.5,3893,500,0,899,0.872,1
3,991134,37,rpm,507,351,36.5,36.5,3893,500,0,899,0.872,1
3,991154,37,rpm,723,351,36.5,36.5,3893,500,0,899,0.872,1
3,991175,37,rpm,788,351,36.5,36.5,3893,500,0,899,0.872,1
3,991195,37,rpm,712,351,36.5,36.5,3893,500,0,899,0.872,1
3,991216,37,rpm,571,351,36.5,36.5,3893,500,0,899,0.872,1
3,991237,37,rpm,413,351,36.5,36.5,3893,500,0,899,0.872,1
3,991257,37,rpm,301,351,36.5,36.5,3893,500,0,899,0.872,1
3,991278,37,rpm,226,351,36.5,36.5,3893,500,0,900,0.873,1
3,991298,37,rpm,32,351,36.5,36.5,3893,500,0,900,0.873,1
3,991319,37,rpm,14,351,36.5,36.5,3893,500,0,900,0.873,1
3,991339,37,rpm,12,351,36.5,36.5,3893,500,0,900,0.873,1
3,991360,37,rpm,40,351,36.5,36.5,3893,500,0,900,0.873,1
3,991381,37,rpm,230,351,36.5,36.5,3893,500,0,900,0.873,1
3,991401,37,rpm,532,351,36.5,36.5,3893,500,0,900,0.873,1
3,991422,37,rpm,743,351,36.5,36.5,3893,500,0,900,0.873,1
3,991442,37,rpm,738,351,36.5,36.5,3893,500,0,901,0.873,1
3,991463,37,rpm,655,351,36.5,36.5,3893,500,0,901,0.874,1
3,991483,37,rpm,510,351,36.5,36.5,3893,500,0,901,0.874,1
3,991504,37,rpm,359,351,36.5,36.5,3893,500,0,901,0.874,1
3,991525,37,rpm,285,351,36.5,36.5,3893,500,0,901,0.874,1
3,991545,37,rpm,136,351,36.5,36.5,3893,500,0,901,0.874,1
3,991566,37,rpm,23,351,36.5,36.5,3893,500,0,901,0.874,1
3,991586,37,rpm,12,351,36.5,36.5,3893,500,0,901,0.874,1
3,991607,37,rpm,17,351,36.5,36.5,3893,500,0,901,0.874,1
3,991628,37,rpm,101,351,36.5,36.5,3893,500,0,902,0.875,1
3,991648,37,rpm,415,351,36.5,36.5,3893,500,0,902,0.875,1
3,991669,37,rpm,718,351,36.5,36.5,3893,500,0,902,0.875,1
3,991689,37,rpm,799,351,36.5,36.5,3893,500,0,902,0.875,1
3,991710,37,rpm,719,351,36.5,36.5,3893,500,0,902,0.875,1
3,991730,37,rpm,591,351,36.5,36.5,3893,500,0,902,0.875,1
3,991751,37,rpm,423,351,36.5,36.5,3893,500,0,902,0.875,1
3,991772,37,rpm,292,351,36.5,36.5,3893,500,0,902,0.875,1
3,991792,37,rpm,217,351,36.5,36.5,3893,500,0,903,0.875,1
3,991813,37,rpm,34,351,36.5,36.5,3893,500,0,903,0.876,1
3,991833,37,rpm,15,351,36.5,36.5,3893,500,0,903,0.876,1
3,991854,37,rpm,11,351,36.5,36.5,3893,500,0,903,0.876,1
3,991874,37,rpm,39,351,36.5,36.5,3893,500,0,903,0.876,1
3,991895,37,rpm,270,351,36.5,36.5,3893,500,0,903,0.876,1
3,991916,37,rpm,577,351,36.5,36.5,3893,500,0,903,0.876,1
3,991936,37,rpm,670,351,36.5,36.5,3893,500,0,903,0.876,1
3,991957,37,rpm,715,351,36.5,36.5,3893,500,0,904,0.876,1
3,991977,37,rpm,670,351,36.5,36.5,3893,500,0,904,0.877,1
3,991998,37,rpm,527,351,36.5,36.5,3893,500,0,904,0.877,1
3,992019,37,rpm,405,351,36.5,36.5,3893,500,0,904,0.877,1
3,992039,37,rpm,327,351,36.5,36.5,3893,500,0,904,0.877,1
3,992060,37,rpm,85,351,36.5,36.5,3893,500,0,904,0.877,1
3,992080,37,rpm,19,351,36.5,36.5,3893,500,0,904,0.877,1
3,992101,37,rpm,13,351,36.5,36.5,3893,500,0,904,0.877,1
3,992121,37,rpm,27,351,36.5,36.5,3893,500,0,904,0.877,1
3,992142,37,rpm,197,351,36.5,36.5,3893,500,0,905,0.877,1
3,992162,37,rpm,563,351,36.5,36.5,3893,500,0,905,0.878,1
3,992183,37,rpm,663,351,36.5,36.5,3893,500,0,905,0.878,1
3,992204,37,rpm,703,351,36.5,36.5,3893,500,0,905,0.878,1
3,992224,37,rpm,675,351,36.5,36.5,3893,500,0,905,0.878,1
3,992245,37,rpm,598,351,36.5,36.5,3893,500,0,905,0.878,1
3,992265,37,rpm,477,351,36.5,36.5,3893,500,0,905,0.878,1
3,992286,37,rpm,382,351,36.5,36.5,3893,500,0,905,0.878,1
3,992306,37,rpm,215,351,36.5,36.5,3893,500,0,906,0.878,1
3,992327,37,rpm,29,351,36.5,36.5,3893,500,0,906,0.879,1
3,992348,37,rpm,14,351,36.5,36.5,3893,500,0,906,0.879,1
3,992368,37,rpm,17,351,36.5,36.5,3893,500,0,906,0.879,1
3,992389,37,rpm,86,351,36.5,36.5,3893,500,0,906,0.879,1
3,992409,37,rpm,398,351,36.5,36.5,3893,500,0,906,0.879,1
3,992430,37,rpm,606,351,36.5,36.5,3893,500,0,906,0.879,1
3,992450,37,rpm,673,351,36.5,36.5,3893,500,0,906,0.879,1
3,992471,37,rpm,659,351,36.5,36.5,3893,500,0,907,0.879,1
3,992492,37,rpm,610,351,36.5,36.5,3893,500,0,907,0.879,1
3,992512,37,rpm,486,351,36.5,36.5,3893,500,0,907,0.88,1
3,992533,37,rpm,404,351,36.5,36.5,3893,500,0,907,0.88,1
3,992553,37,rpm,307,351,36.5,36.5,3893,500,0,907,0.88,1
3,992574,37,rpm,43,351,36.5,36.5,3893,500,0,907,0.88,1
3,992594,37,rpm,17,351,36.5,36.5,3893,500,0,907,0.88,1
3,992615,37,rpm,13,351,36.5,36.5,3893,500,0,907,0.88,1
3,992636,37,rpm,35,351,36.5,36.5,3893,500,0,907,0.88,1
3,992656,37,rpm,203,351,36.5,36.5,3893,500,0,908,0.88,1
3,992677,37,rpm,501,351,36.5,36.5,3893,500,0,908,0.88,1
3,992697,37,rpm,705,351,36.5,36.5,3893,500,0,908,0.881,1
3,992718,37,rpm,779,351,36.5,36.5,3893,500,0,908,0.881,1
3,992738,37,rpm,704,351,36.5,36.5,3893,500,0,908,0.881,1
3,992759,37,rpm,571,351,36.5,36.5,3893,500,0,908,0.881,1
3,992779,37,rpm,419,351,36.5,36.5,3893,500,0,908,0.881,1
3,992800,37,rpm,311,351,36.5,36.5,3893,500,0,908,0.881,1
3,992820,37,rpm,227,351,36.5,36.5,3893,500,0,909,0.881,1
3,992841,37,rpm,31,351,36.5,36.5,3893,500,0,909,0.881,1
3,992862,37,rpm,14,351,36.5,36.5,3893,500,0,909,0.882,1
3,992882,37,rpm,12,351,36.5,36.5,3893,500,0,909,0.882,1
3,992903,37,rpm,39,351,36.5,36.5,3893,500,0,909,0.882,1
3,992923,37,rpm,226,351,36.5,36.5,3893,500,0,909,0.882,1
3,992944,37,rpm,499,351,36.5,36.5,3893,500,0,909,0.882,1
3,992964,37,rpm,700,351,36.5,36.5,3893,500,0,909,0.882,1
3,992985,37,rpm,726,351,36.5,36.5,3893,500,0,910,0.882,1
3,993005,37,rpm,657,351,36.5,36.5,3893,500,0,910,0.882,1
3,993026,37,rpm,511,351,36.5,36.5,3893,500,0,910,0.882,1
3,993047,37,rpm,373,351,36.5,36.5,3893,500,0,910,0.883,1
3,993067,37,rpm,310,351,36.5,36.5,3893,500,0,910,0.883,1
3,993088,37,rpm,134,351,36.5,36.5,3893,500,0,910,0.883,1
3,993108,37,rpm,23,351,36.5,36.5,3893,500,0,910,0.883,1
3,993129,37,rpm,12,351,36.5,36.5,3893,500,0,910,0.883,1
3,993149,37,rpm,19,351,36.5,36.5,3893,500,0,910,0.883,1
3,993170,37,rpm,115,351,36.5,36.5,3893,500,0,911,0.883,1
3,993191,37,rpm,438,351,36.5,36.5,3893,500,0,911,0.883,1
3,993211,37,rpm,733,351,36.5,36.5,3893,500,0,911,0.884,1
3,993232,37,rpm,816,351,36.5,36.5,3893,500,0,911,0.884,1
3,993252,37,rpm,722,351,36.5,36.5,3893,500,0,911,0.884,1
3,993273,37,rpm,597,351,36.5,36.5,3893,500,0,911,0.884,1
3,993293,37,rpm,428,351,36.5,36.5,3893,500,0,911,0.884,1
3,993314,37,rpm,293,351,36.5,36.5,3893,500,0,911,0.884,1
3,993334,37,rpm,221,351,36.5,36.5,3893,500,0,912,0.884,1
3,993355,37,rpm,38,351,36.5,36.5,3893,500,0,912,0.884,1
3,993375,37,rpm,15,351,36.5,36.5,3893,500,0,912,0.884,1
3,993396,37,rpm,11,351,36.5,36.5,3893,500,0,912,0.885,1
3,993416,37,rpm,33,351,36.5,36.5,3893,500,0,912,0.885,1
3,993437,37,rpm,238,351,36.5,36.5,3893,500,0,912,0.885,1
3,993458,37,rpm,575,351,36.5,36.5,3893,500,0,912,0.885,1
3,993478,37,rpm,665,351,36.5,36.5,3893,500,0,912,0.885,1
3,993499,37,rpm,722,351,36.5,36.5,3893,500,0,913,0.885,1
3,993519,37,rpm,679,351,36.5,36.5,3893,500,0,913,0.885,1
3,993540,37,rpm,536,351,36.5,36.5,3893,500,0,913,0.885,1
3,993560,37,rpm,405,351,36.5,36.5,3893,500,0,913,0.886,1
3,993581,37,rpm,323,351,36.5,36.5,3893,500,0,913,0.886,1
3,993602,37,rpm,94,351,36.5,36.5,3893,500,0,913,0.886,1
3,993622,37,rpm,19,351,36.5,36.5,3893,500,0,913,0.886,1
3,993643,37,rpm,13,351,36.5,36.5,3893,500,0,913,0.886,1
3,993663,37,rpm,25,351,36.5,36.5,3893,500,0,913,0.886,1
3,993684,37,rpm,177,351,36.5,36.5,3893,500,0,914,0.886,1
3,993704,37,rpm,566,351,36.5,36.5,3893,500,0,914,0.886,1
3,993725,37,rpm,669,351,36.5,36.5,3893,500,0,914,0.886,1
3,993745,37,rpm,708,351,36.5,36.5,3893,500,0,914,0.887,1
3,993766,37,rpm,676,351,36.5,36.5,3893,500,0,914,0.887,1
3,993786,37,rpm,608,351,36.5,36.5,3893,500,0,914,0.887,1
3,993807,37,rpm,483,351,36.5,36.5,3893,500,0,914,0.887,1
3,993827,37,rpm,389,351,36.5,36.5,3893,500,0,914,0.887,1
3,993848,37,rpm,244,351,36.5,36.5,3893,500,0,915,0.887,1
3,993869,37,rpm,31,351,36.5,36.5,3893,500,0,915,0.887,1
3,993889,37,rpm,15,351,36.5,36.5,3893,500,0,915,0.887,1
3,993910,37,rpm,16,351,36.5,36.5,3893,500,0,915,0.887,1
3,993930,37,rpm,69,351,36.5,36.5,3893,500,0,915,0.888,1
3,993951,37,rpm,362,351,36.5,36.5,3893,500,0,915,0.888,1
3,993971,37,rpm,603,351,36.5,36.5,3893,500,0,915,0.888,1
3,993992,37,rpm,670,351,36.5,36.5,3893,500,0,915,0.888,1
3,994012,37,rpm,649,351,36.5,36.5,3893,500,0,916,0.888,1
3,994033,37,rpm,611,351,36.5,36.5,3893,500,0,916,0.888,1
3,994054,37,rpm,502,351,36.5,36.5,3893,500,0,916,0.888,1
3,994074,37,rpm,409,351,36.5,36.5,3893,500,0,916,0.888,1
3,994095,37,rpm,320,351,36.5,36.5,3893,500,0,916,0.889,1
3,994115,37,rpm,54,351,36.5,36.5,3893,500,0,916,0.889,1
3,994136,37,rpm,17,351,36.5,36.5,3893,500,0,916,0.889,1
3,994156,37,rpm,12,351,36.5,36.5,3893,500,0,916,0.889,1
3,994177,37,rpm,29,351,36.5,36.5,3893,500,0,917,0.889,1
3,994198,37,rpm,174,351,36.5,36.5,3893,500,0,917,0.889,1
3,994218,37,rpm,508,351,36.5,36.5,3893,500,0,917,0.889,1
3,994239,37,rpm,729,351,36.5,36.5,3893,500,0,917,0.889,1
3,994259,37,rpm,794,351,36.5,36.5,3893,500,0,917,0.889,1
3,994280,37,rpm,715,351,36.5,36.5,3893,500,0,917,0.89,1
3,994300,37,rpm,579,351,36.5,36.5,3893,500,0,917,0.89,1
3,994321,37,rpm,425,351,36.5,36.5,3893,500,0,917,0.89,1
3,994341,37,rpm,301,351,36.5,36.5,3893,500,0,917,0.89,1
3,994362,37,rpm,235,351,36.5,36.5,3893,500,0,918,0.89,1
3,994383,37,rpm,37,351,36.5,36.5,3893,500,0,918,0.89,1
3,994403,37,rpm,15,351,36.5,36.5,3893,500,0,918,0.89,1
3,994424,37,rpm,11,351,36.5,36.5,3893,500,0,918,0.89,1
3,994444,37,rpm,35,351,36.5,36.5,3893,500,0,918,0.891,1
3,994465,37,rpm,210,351,36.5,36.5,3893,500,0,918,0.891,1
3,994485,37,rpm,520,351,36.5,36.5,3893,500,0,918,0.891,1
3,994506,37,rpm,718,351,36.5,36.5,3893,500,0,918,0.891,1
3,994527,37,rpm,734,351,36.5,36.5,3893,500,0,919,0.891,1
3,994547,37,rpm,656,351,36.5,36.5,3893,500,0,919,0.891,1
3,994568,37,rpm,521,351,36.5,36.5,3893,500,0,919,0.891,1
3,994588,37,rpm,368,351,36.5,36.5,3893,500,0,919,0.891,1
3,994609,37,rpm,287,351,36.5,36.5,3893,500,0,919,0.891,1
3,994629,37,rpm,152,351,36.5,36.5,3893,500,0,919,0.892,1
3,994650,37,rpm,25,351,36.5,36.5,3893,500,0,919,0.892,1
3,994671,37,rpm,12,351,36.5,36.5,3893,500,0,919,0.892,1
3,994691,37,rpm,16,351,36.5,36.5,3893,500,0,920,0.892,1
3,994712,37,rpm,90,351,36.5,36.5,3893,500,0,920,0.892,1
3,994732,37,rpm,391,351,36.5,36.5,3893,500,0,920,0.892,1
3,994753,37,rpm,709,351,36.5,36.5,3893,500,0,920,0.892,1
3,994773,37,rpm,805,351,36.5,36.5,3893,500,0,920,0.892,1
3,994794,37,rpm,720,351,36.5,36.5,3893,500,0,920,0.893,1
3,994814,37,rpm,606,351,36.5,36.5,3893,500,0,920,0.893,1
3,994835,37,rpm,438,351,36.5,36.5,3893,500,0,920,0.893,1
3,994856,37,rpm,301,351,36.5,36.5,3893,500,0,920,0.893,1
3,994876,37,rpm,232,351,36.5,36.5,3893,500,0,921,0.893,1
3,994897,37,rpm,42,351,36.5,36.5,3893,500,0,921,0.893,1
3,994917,37,rpm,15,351,36.5,36.5,3893,500,0,921,0.893,1
3,994938,37,rpm,11,351,36.5,36.5,3893,500,0,921,0.893,1
3,994958,37,rpm,31,351,36.5,36.5,3893,500,0,921,0.893,1
3,994979,37,rpm,226,351,36.5,36.5,3893,500,0,921,0.894,1
3,995000,37,rpm,566,351,36.5,36.5,3893,500,0,921,0.894,1
3,995020,37,rpm,652,351,36.5,36.5,3893,500,0,921,0.894,1
3,995041,37,rpm,704,351,36.5,36.5,3893,500,0,922,0.894,1
3,995061,37,rpm,682,351,36.5,36.5,3893,500,0,922,0.894,1
3,995082,37,rpm,541,351,36.5,36.5,3893,500,0,922,0.894,1
3,995102,37,rpm,419,351,36.5,36.5,3893,500,0,922,0.894,1
3,995123,37,rpm,340,351,36.5,36.5,3893,500,0,922,0.894,1
3,995143,37,rpm,115,351,36.5,36.5,3893,500,0,922,0.894,1
3,995164,37,rpm,21,351,36.5,36.5,3893,500,0,922,0.895,1
3,995184,37,rpm,13,351,36.5,36.5,3893,500,0,922,0.895,1
3,995205,37,rpm,22,351,36.5,36.5,3893,500,0,923,0.895,1
3,995225,37,rpm,155,351,36.5,36.5,3893,500,0,923,0.895,1
3,995246,37,rpm,542,351,36.5,36.5,3893,500,0,923,0.895,1
3,995267,37,rpm,662,351,36.5,36.5,3893,500,0,923,0.895,1
3,995287,37,rpm,710,351,36.5,36.5,3893,500,0,923,0.895,1
3,995308,37,rpm,674,351,36.5,36.5,3893,500,0,923,0.895,1
3,995328,37,rpm,612,351,36.5,36.5,3893,500,0,923,0.896,1
3,995349,37,rpm,488,351,36.5,36.5,3893,500,0,923,0.896,1
3,995369,37,rpm,393,351,36.5,36.5,3893,500,0,923,0.896,1
3,995390,37,rpm,253,351,36.5,36.5,3893,500,0,924,0.896,1
3,995411,37,rpm,31,351,36.5,36.5,3893,500,0,924,0.896,1
3,995431,37,rpm,15,351,36.5,36.5,3893,500,0,924,0.896,1
3,995452,37,rpm,16,351,36.5,36.5,3893,500,0,924,0.896,1
3,995472,37,rpm,69,351,36.5,36.5,3893,500,0,924,0.896,1
3,995493,37,rpm,359,351,36.5,36.5,3893,500,0,924,0.896,1
3,995513,37,rpm,596,351,36.5,36.5,3893,500,0,924,0.897,1
3,995534,37,rpm,672,351,36.5,36.5,3893,500,0,924,0.897,1
3,995554,37,rpm,655,351,36.5,36.5,3893,500,0,925,0.897,1
3,995575,37,rpm,625,351,36.5,36.5,3893,500,0,925,0.897,1
3,995595,37,rpm,505,351,36.5,36.5,3893,500,0,925,0.897,1
3,995616,37,rpm,411,351,36.5,36.5,3893,500,0,925,0.897,1
3,995636,37,rpm,331,351,36.5,36.5,3893,500,0,925,0.897,1
3,995657,37,rpm,65,351,36.5,36.5,3893,500,0,925,0.897,1
3,995678,37,rpm,18,351,36.5,36.5,3893,500,0,925,0.898,1
3,995698,37,rpm,13,351,36.5,36.5,3893,500,0,925,0.898,1
3,995719,37,rpm,28,351,36.5,36.5,3893,500,0,926,0.898,1
3,995739,37,rpm,162,351,36.5,36.5,3893,500,0,926,0.898,1
3,995760,37,rpm,466,351,36.5,36.5,3893,500,0,926,0.898,1
3,995780,37,rpm,666,351,36.5,36.5,3893,500,0,926,0.898,1
3,995801,37,rpm,774,351,36.5,36.5,3893,500,0,926,0.898,1
3,995822,37,rpm,720,351,36.5,36.5,3893,500,0,926,0.898,1
3,995842,37,rpm,590,351,36.5,36.5,3893,500,0,926,0.898,1
3,995863,37,rpm,441,351,36.5,36.5,3893,500,0,926,0.899,1
3,995883,37,rpm,321,351,36.5,36.5,3893,500,0,926,0.899,1
3,995904,37,rpm,258,351,36.5,36.5,3893,500,0,927,0.899,1
3,995924,37,rpm,40,351,36.5,36.5,3893,500,0,927,0.899,1
3,995945,37,rpm,15,351,36.5,36.5,3893,500,0,927,0.899,1
3,995966,37,rpm,11,351,36.5,36.5,3893,500,0,927,0.899,1
3,995986,37,rpm,31,351,36.5,36.5,3893,500,0,927,0.899,1
3,996007,37,rpm,192,351,36.5,36.5,3893,500,0,927,0.899,1
3,996027,37,rpm,479,351,36.5,36.5,3893,500,0,927,0.899,1
3,996048,37,rpm,680,351,36.5,36.5,3893,500,0,927,0.9,1
3,996068,37,rpm,748,351,36.5,36.5,3893,500,0,928,0.9,1
3,996089,37,rpm,674,351,36.5,36.5,3893,500,0,928,0.9,1
3,996110,37,rpm,533,351,36.5,36.5,3893,500,0,928,0.9,1
3,996130,37,rpm,394,351,36.5,36.5,3893,500,0,928,0.9,1
3,996151,37,rpm,312,351,36.5,36.5,3893,500,0,928,0.9,1
3,996171,37,rpm,172,351,36.5,36.5,3893,500,0,928,0.9,1
3,996192,37,rpm,26,351,36.5,36.5,3893,500,0,928,0.9,1
3,996212,37,rpm,13,351,36.5,36.5,3893,500,0,928,0.901,1
3,996233,37,rpm,15,351,36.5,36.5,3893,500,0,929,0.901,1
3,996253,37,rpm,83,351,36.5,36.5,3893,500,0,929,0.901,1
3,996274,37,rpm,377,351,36.5,36.5,3893,500,0,929,0.901,1
3,996295,37,rpm,696,351,36.5,36.5,3893,500,0,929,0.901,1
3,996315,37,rpm,804,351,36.5,36.5,3893,500,0,929,0.901,1
3,996336,37,rpm,722,351,36.5,36.5,3893,500,0,929,0.901,1
3,996356,37,rpm,616,351,36.5,36.5,3893,500,0,929,0.901,1
3,996377,37,rpm,444,351,36.5,36.5,3893,500,0,929,0.901,1
3,996397,37,rpm,305,351,36.5,36.5,3893,500,0,929,0.902,1
3,996418,37,rpm,233,351,36.5,36.5,3893,500,0,930,0.902,1
3,996439,37,rpm,51,351,36.5,36.5,3893,500,0,930,0.902,1
3,996459,37,rpm,16,351,36.5,36.5,3893,500,0,930,0.902,1
3,996480,37,rpm,11,351,36.5,36.5,3893,500,0,930,0.902,1
3,996500,37,rpm,28,351,36.5,36.5,3893,500,0,930,0.902,1
3,996521,37,rpm,212,351,36.5,36.5,3893,500,0,930,0.902,1
3,996541,37,rpm,563,351,36.5,36.5,3893,500,0,930,0.902,1
3,996562,37,rpm,660,351,36.5,36.5,3893,500,0,930,0.903,1
3,996583,37,rpm,732,351,36.5,36.5,3893,500,0,931,0.903,1
3,996603,37,rpm,691,351,36.5,36.5,3893,500,0,931,0.903,1
3,996624,37,rpm,546,351,36.5,36.5,3893,500,0,931,0.903,1
3,996644,37,rpm,413,351,36.5,36.5,3893,500,0,931,0.903,1
3,996665,37,rpm,324,351,36.5,36.5,3893,500,0,931,0.903,1
3,996685,37,rpm,123,351,36.5,36.5,3893,500,0,931,0.903,1
3,996706,37,rpm,22,351,36.5,36.5,3893,500,0,931,0.903,1
3,996727,37,rpm,13,351,36.5,36.5,3893,500,0,931,0.903,1
3,996747,37,rpm,22,351,36.5,36.5,3893,500,0,932,0.904,1
3,996768,37,rpm,151,351,36.5,36.5,3893,500,0,932,0.904,1
3,996788,37,rpm,541,351,36.5,36.5,3893,500,0,932,0.904,1
3,996809,37,rpm,659,351,36.5,36.5,3893,500,0,932,0.904,1
3,996830,37,rpm,711,351,36.5,36.5,3893,500,0,932,0.904,1
3,996850,37,rpm,675,351,36.5,36.5,3893,500,0,932,0.904,1
3,996871,37,rpm,616,351,36.5,36.5,3893,500,0,932,0.904,1
3,996891,37,rpm,490,351,36.5,36.5,3893,500,0,932,0.904,1
3,996912,37,rpm,396,351,36.5,36.5,3893,500,0,932,0.905,1
3,996932,37,rpm,266,351,36.5,36.5,3893,500,0,933,0.905,1
3,996953,37,rpm,32,351,36.5,36.5,3893,500,0,933,0.905,1
3,996974,37,rpm,15,351,36.5,36.5,3893,500,0,933,0.905,1
3,996994,37,rpm,15,351,36.5,36.5,3893,500,0,933,0.905,1
3,997015,37,rpm,62,351,36.5,36.5,3893,500,0,933,0.905,1
3,997035,37,rpm,334,351,36.5,36.5,3893,500,0,933,0.905,1
3,997056,37,rpm,578,351,36.5,36.5,3893,500,0,933,0.905,1
3,997076,37,rpm,664,351,36.5,36.5,3893,500,0,933,0.905,1
3,997097,37,rpm,658,351,36.5,36.5,3893,500,0,934,0.906,1
3,997118,37,rpm,627,351,36.5,36.5,3893,500,0,934,0.906,1
3,997138,37,rpm,509,351,36.5,36.5,3893,500,0,934,0.906,1
3,997159,37,rpm,416,351,36.5,36.5,3893,500,0,934,0.906,1
3,997179,37,rpm,330,351,36.5,36.5,3893,500,0,934,0.906,1
3,997200,37,rpm,65,351,36.5,36.5,3893,500,0,934,0.906,1
3,997220,37,rpm,18,351,36.5,36.5,3893,500,0,934,0.906,1
3,997241,37,rpm,13,351,36.5,36.5,3893,500,0,934,0.906,1
3,997261,37,rpm,27,351,36.5,36.5,3893,500,0,935,0.907,1
3,997282,37,rpm,165,351,36.5,36.5,3893,500,0,935,0.907,1
3,997303,37,rpm,497,351,36.5,36.5,3893,500,0,935,0.907,1
3,997323,37,rpm,721,351,36.5,36.5,3893,500,0,935,0.907,1
3,997344,37,rpm,789,351,36.5,36.5,3893,500,0,935,0.907,1
3,997364,37,rpm,708,351,36.5,36.5,3893,500,0,935,0.907,1
3,997385,37,rpm,587,351,36.5,36.5,3893,500,0,935,0.907,1
3,997406,37,rpm,439,351,36.5,36.5,3893,500,0,935,0.907,1
3,997426,37,rpm,305,351,36.5,36.5,3893,500,0,936,0.907,1
3,997447,37,rpm,246,351,36.5,36.5,3893,500,0,936,0.908,1
3,997467,37,rpm,40,351,36.5,36.5,3893,500,0,936,0.908,1
3,997488,37,rpm,15,351,36.5,36.5,3893,500,0,936,0.908,1
3,997508,37,rpm,11,351,36.5,36.5,3893,500,0,936,0.908,1
3,997529,37,rpm,31,351,36.5,36.5,3893,500,0,936,0.908,1
3,997550,37,rpm,194,351,36.5,36.5,3893,500,0,936,0.908,1
3,997570,37,rpm,493,351,36.5,36.5,3893,500,0,936,0.908,1
3,997591,37,rpm,707,351,36.5,36.5,3893,500,0,936,0.908,1
3,997611,37,rpm,739,351,36.5,36.5,3893,500,0,937,0.908,1
3,997632,37,rpm,661,351,36.5,36.5,3893,500,0,937,0.909,1
3,997653,37,rpm,526,351,36.5,36.5,3893,500,0,937,0.909,1
3,997673,37,rpm,374,351,36.5,36.5,3893,500,0,937,0.909,1
3,997694,37,rpm,293,351,36.5,36.5,3893,500,0,937,0.909,1
3,997714,37,rpm,158,351,36.5,36.5,3893,500,0,937,0.909,1
3,997735,37,rpm,25,351,36.5,36.5,3893,500,0,937,0.909,1
3,997756,37,rpm,12,351,36.5,36.5,3893,500,0,937,0.909,1
3,997776,37,rpm,15,351,36.5,36.5,3893,500,0,938,0.909,1
3,997797,37,rpm,88,351,36.5,36.5,3893,500,0,938,0.91,1
3,997817,37,rpm,391,351,36.5,36.5,3893,500,0,938,0.91,1
3,997838,37,rpm,709,351,36.5,36.5,3893,500,0,938,0.91,1
3,997858,37,rpm,810,351,36.5,36.5,3893,500,0,938,0.91,1
3,997879,37,rpm,723,351,36.5,36.5,3893,500,0,938,0.91,1
3,997899,37,rpm,614,351,36.5,36.5,3893,500,0,938,0.91,1
3,997920,37,rpm,444,351,36.5,36.5,3893,500,0,938,0.91,1
3,997941,37,rpm,306,351,36.5,36.5,3893,500,0,939,0.91,1
3,997961,37,rpm,236,351,36.5,36.5,3893,500,0,939,0.91,1
3,997982,37,rpm,51,351,36.5,36.5,3893,500,0,939,0.911,1
3,998002,37,rpm,16,351,36.5,36.5,3893,500,0,939,0.911,1
3,998023,37,rpm,11,351,36.5,36.5,3893,500,0,939,0.911,1
3,998043,37,rpm,28,351,36.5,36.5,3893,500,0,939,0.911,1
3,998064,37,rpm,206,351,36.5,36.5,3893,500,0,939,0.911,1
3,998084,37,rpm,556,351,36.5,36.5,3893,500,0,939,0.911,1
3,998105,37,rpm,648,351,36.5,36.5,3893,500,0,939,0.911,1
3,998125,37,rpm,706,351,36.5,36.5,3893,500,0,940,0.911,1
3,998146,37,rpm,683,351,36.5,36.5,3893,500,0,940,0.912,1
3,998167,37,rpm,550,351,36.5,36.5,3893,500,0,940,0.912,1
3,998187,37,rpm,421,351,36.5,36.5,3893,500,0,940,0.912,1
3,998208,37,rpm,337,351,36.5,36.5,3893,500,0,940,0.912,1
3,998228,37,rpm,122,351,36.5,36.5,3893,500,0,940,0.912,1
3,998249,37,rpm,21,351,36.5,36.5,3893,500,0,940,0.912,1
3,998270,37,rpm,13,351,36.5,36.5,3893,500,0,940,0.912,1
3,998290,37,rpm,21,351,36.5,36.5,3893,500,0,941,0.912,1
3,998311,37,rpm,146,351,36.5,36.5,3893,500,0,941,0.912,1
3,998331,37,rpm,542,351,36.5,36.5,3893,500,0,941,0.913,1
3,998352,37,rpm,660,351,36.5,36.5,3893,500,0,941,0.913,1
3,998372,37,rpm,714,351,36.5,36.5,3893,500,0,941,0.913,1
3,998393,37,rpm,677,351,36.5,36.5,3893,500,0,941,0.913,1
3,998413,37,rpm,619,351,36.5,36.5,3893,500,0,941,0.913,1
3,998434,37,rpm,494,351,36.5,36.5,3893,500,0,941,0.913,1
3,998455,37,rpm,396,351,36.5,36.5,3893,500,0,942,0.913,1
3,998475,37,rpm,263,351,36.5,36.5,3893,500,0,942,0.913,1
3,998496,37,rpm,32,351,36.5,36.5,3893,500,0,942,0.914,1
3,998516,37,rpm,16,351,36.5,36.5,3893,500,0,942,0.914,1
3,998537,37,rpm,15,351,36.5,36.5,3893,500,0,942,0.914,1
3,998557,37,rpm,63,351,36.5,36.5,3893,500,0,942,0.914,1
3,998578,37,rpm,339,351,36.5,36.5,3893,500,0,942,0.914,1
3,998598,37,rpm,591,351,36.5,36.5,3893,500,0,942,0.914,1
3,998619,37,rpm,668,351,36.5,36.5,3893,500,0,942,0.914,1
3,998640,37,rpm,653,351,36.5,36.5,3893,500,0,943,0.914,1
3,998660,37,rpm,628,351,36.5,36.5,3893,500,0,943,0.914,1
3,998681,37,rpm,507,351,36.5,36.5,3893,500,0,943,0.915,1
3,998701,37,rpm,415,351,36.5,36.5,3893,500,0,943,0.915,1
3,998722,37,rpm,334,351,36.5,36.5,3893,500,0,943,0.915,1
3,998742,37,rpm,75,351,36.5,36.5,3893,500,0,943,0.915,1
3,998763,37,rpm,18,351,36.5,36.5,3893,500,0,943,0.915,1
3,998783,37,rpm,12,351,36.5,36.5,3893,500,0,943,0.915,1
3,998804,37,rpm,26,351,36.5,36.5,3893,500,0,944,0.915,1
3,998824,37,rpm,149,351,36.5,36.5,3893,500,0,944,0.915,1
3,998845,37,rpm,457,351,36.5,36.5,3893,500,0,944,0.915,1
3,998866,37,rpm,673,351,36.5,36.5,3893,500,0,944,0.916,1
3,998886,37,rpm,782,351,36.5,36.5,3893,500,0,944,0.916,1
3,998907,37,rpm,729,351,36.5,36.5,3893,500,0,944,0.916,1
3,998927,37,rpm,598,351,36.5,36.5,3893,500,0,944,0.916,1
3,998948,37,rpm,443,351,36.5,36.5,3893,500,0,944,0.916,1
3,998968,37,rpm,316,351,36.5,36.5,3893,500,0,945,0.916,1
3,998989,37,rpm,259,351,36.5,36.5,3893,500,0,945,0.916,1
3,999010,37,rpm,44,351,36.5,36.5,3893,500,0,945,0.916,1
3,999030,37,rpm,16,351,36.5,36.5,3893,500,0,945,0.917,1
3,999051,37,rpm,11,351,36.5,36.5,3893,500,0,945,0.917,1
3,999071,37,rpm,30,351,36.5,36.5,3893,500,0,945,0.917,1
3,999092,37,rpm,184,351,36.5,36.5,3893,500,0,945,0.917,1
3,999113,37,rpm,479,351,36.5,36.5,3893,500,0,945,0.917,1
3,999133,37,rpm,692,351,36.5,36.5,3893,500,0,945,0.917,1
3,999154,37,rpm,755,351,36.5,36.5,3893,500,0,946,0.917,1
3,999174,37,rpm,678,351,36.5,36.5,3893,500,0,946,0.917,1
3,999195,37,rpm,537,351,36.5,36.5,3893,500,0,946,0.917,1
3,999215,37,rpm,393,351,36.5,36.5,3893,500,0,946,0.918,1
3,999236,37,rpm,301,351,36.5,36.5,3893,500,0,946,0.918,1
3,999256,37,rpm,178,351,36.5,36.5,3893,500,0,946,0.918,1
3,999277,37,rpm,27,351,36.5,36.5,3893,500,0,946,0.918,1
3,999298,37,rpm,13,351,36.5,36.5,3893,500,0,946,0.918,1
3,999318,37,rpm,15,351,36.5,36.5,3893,500,0,947,0.918,1
3,999339,37,rpm,75,351,36.5,36.5,3893,500,0,947,0.918,1
3,999359,37,rpm,357,351,36.5,36.5,3893,500,0,947,0.918,1
3,999380,37,rpm,686,351,36.5,36.5,3893,500,0,947,0.919,1
3,999400,37,rpm,803,351,36.5,36.5,3893,500,0,947,0.919,1
3,999421,37,rpm,730,351,36.5,36.5,3893,500,0,947,0.919,1
3,999441,37,rpm,621,351,36.5,36.5,3893,500,0,947,0.919,1
3,999462,37,rpm,449,351,36.5,36.5,3893,500,0,947,0.919,1
3,999482,37,rpm,309,351,36.5,36.5,3893,500,0,948,0.919,1
3,999503,37,rpm,236,351,36.5,36.5,3893,500,0,948,0.919,1
3,999523,37,rpm,55,351,36.5,36.5,3893,500,0,948,0.919,1
3,999544,37,rpm,16,351,36.5,36.5,3893,500,0,948,0.919,1
3,999565,37,rpm,11,351,36.5,36.5,3893,500,0,948,0.92,1
3,999585,37,rpm,26,351,36.5,36.5,3893,500,0,948,0.92,1
3,999606,37,rpm,196,351,36.5,36.5,3893,500,0,948,0.92,1
3,999626,37,rpm,556,351,36.5,36.5,3893,500,0,948,0.92,1
3,999647,37,rpm,660,351,36.5,36.5,3893,500,0,948,0.92,1
3,999667,37,rpm,732,351,36.5,36.5,3893,500,0,949,0.92,1
3,999688,37,rpm,695,351,36.5,36.5,3893,500,0,949,0.92,1
3,999708,37,rpm,551,351,36.5,36.5,3893,500,0,949,0.92,1
3,999729,37,rpm,420,351,36.5,36.5,3893,500,0,949,0.921,1
3,999749,37,rpm,334,351,36.5,36.5,3893,500,0,949,0.921,1
3,999770,37,rpm,140,351,36.5,36.5,3893,500,0,949,0.921,1
3,999791,37,rpm,23,351,36.5,36.5,3893,500,0,949,0.921,1
3,999811,37,rpm,13,351,36.5,36.5,3893,500,0,949,0.921,1
3,999832,37,rpm,20,351,36.5,36.5,3893,500,0,950,0.921,1
3,999852,37,rpm,135,351,36.5,36.5,3893,500,0,950,0.921,1
3,999873,37,rpm,514,351,36.5,36.5,3893,500,0,950,0.921,1
3,999894,37,rpm,646,351,36.5,36.5,3893,500,0,950,0.921,1
3,999914,37,rpm,709,351,36.5,36.5,3893,500,0,950,0.922,1
3,999935,37,rpm,670,351,36.5,36.5,3893,500,0,950,0.922,1
3,999955,37,rpm,623,351,36.5,36.5,3893,500,0,950,0.922,1
3,999976,37,rpm,497,351,36.5,36.5,3893,500,0,950,0.922,1
3,999996,37,rpm,399,351,36.5,36.5,3893,500,0,951,0.922,1
3,1000017,37,rpm,279,351,36.5,36.5,3893,500,0,951,0.922,1
3,1000038,37,rpm,34,351,36.5,36.5,3893,500,0,951,0.922,1
3,1000058,37,rpm,16,351,36.5,36.5,3893,500,0,951,0.922,1
3,1000079,37,rpm,15,351,36.5,36.5,3893,500,0,951,0.922,1
3,1000099,37,rpm,57,351,36.5,36.5,3893,500,0,951,0.923,1
3,1000120,37,rpm,322,351,36.5,36.5,3893,500,0,951,0.923,1
3,1000140,37,rpm,590,351,36.5,36.5,3893,500,0,951,0.923,1
3,1000161,37,rpm,668,351,36.5,36.5,3893,500,0,952,0.923,1
3,1000181,37,rpm,653,351,36.5,36.5,3893,500,0,952,0.923,1
3,1000202,37,rpm,626,351,36.5,36.5,3893,500,0,952,0.923,1
3,1000223,37,rpm,517,351,36.5,36.5,3893,500,0,952,0.923,1
3,1000243,37,rpm,420,351,36.5,36.5,3893,500,0,952,0.923,1
3,1000264,37,rpm,340,351,36.5,36.5,3893,500,0,952,0.924,1
3,1000284,37,rpm,84,351,36.5,36.5,3893,500,0,952,0.924,1
3,1000305,37,rpm,18,351,36.5,36.5,3893,500,0,952,0.924,1
3,1000325,37,rpm,13,351,36.5,36.5,3893,500,0,952,0.924,1
3,1000346,37,rpm,25,351,36.5,36.5,3893,500,0,953,0.924,1
3,1000366,37,rpm,141,351,36.5,36.5,3893,500,0,953,0.924,1
3,1000387,37,rpm,460,351,36.5,36.5,3893,500,0,953,0.924,1
3,1000408,37,rpm,691,351,36.5,36.5,3893,500,0,953,0.924,1
3,1000428,37,rpm,788,351,36.5,36.5,3893,500,0,953,0.924,1
3,1000449,37,rpm,722,351,36.5,36.5,3893,500,0,953,0.925,1
3,1000469,37,rpm,595,351,36.5,36.5,3893,500,0,953,0.925,1
3,1000490,37,rpm,449,351,36.5,36.5,3893,500,0,953,0.925,1
3,1000510,37,rpm,315,351,36.5,36.5,3893,500,0,954,0.925,1
3,1000531,37,rpm,262,351,36.5,36.5,3893,500,0,954,0.925,1
3,1000552,37,rpm,51,351,36.5,36.5,3893,500,0,954,0.925,1
3,1000572,37,rpm,16,351,36.5,36.5,3893,500,0,954,0.925,1
3,1000593,37,rpm,11,351,36.5,36.5,3893,500,0,954,0.925,1
3,1000613,37,rpm,27,351,36.5,36.5,3893,500,0,954,0.926,1
3,1000634,37,rpm,167,351,36.5,36.5,3893,500,0,954,0.926,1
3,1000655,37,rpm,465,351,36.5,36.5,3893,500,0,954,0.926,1
3,1000675,37,rpm,680,351,36.5,36.5,3893,500,0,955,0.926,1
3,1000696,37,rpm,738,351,36.5,36.5,3893,500,0,955,0.926,1
3,1000716,37,rpm,664,351,36.5,36.5,3893,500,0,955,0.926,1
3,1000737,37,rpm,534,351,36.5,36.5,3893,500,0,955,0.926,1
3,1000757,37,rpm,386,351,36.5,36.5,3893,500,0,955,0.926,1
3,1000778,37,rpm,306,351,36.5,36.5,3893,500,0,955,0.926,1
3,1000798,37,rpm,177,351,36.5,36.5,3893,500,0,955,0.927,1
