id,t,sp,unit,r_flw,f_flw,rpm_cmd,rpm_sp,sps,top,cal%,vol_uL,mass_g,pumpOn,port
2,131635,37,rpm,0,0,0.0,36.8,0,0,0,0,0.0,0,COM7
2,131655,37,rpm,0,0,36.8,36.8,3925,496,0,0,0.0,1,COM7
2,131677,37,rpm,-237,0,36.8,36.8,3925,496,0,0,0.0,1,COM7
2,131697,37,rpm,1234,0,36.8,36.8,3925,496,0,0,0.0,1,COM7
2,131718,37,rpm,809,0,36.8,36.8,3925,496,0,0,0.0,1,COM7
2,131738,37,rpm,829,0,36.8,36.8,3925,496,0,0,0.0,1,COM7
2,131759,37,rpm,743,0,36.8,36.8,3925,496,0,0,0.0,1,COM7
2,131780,37,rpm,508,0,36.8,36.8,3925,496,0,0,0.0,1,COM7
2,131800,37,rpm,357,0,36.8,36.8,3925,496,0,0,0.0,1,COM7
2,131821,37,rpm,-106,0,36.8,36.8,3925,496,0,0,0.0,1,COM7
2,131841,37,rpm,-158,0,36.8,36.8,3925,496,0,0,0.0,1,COM7
2,131862,37,rpm,168,0,36.8,36.8,3925,496,0,0,0.0,1,COM7
2,131882,37,rpm,666,0,36.8,36.8,3925,496,0,0,0.0,1,COM7
2,131903,37,rpm,872,0,36.8,36.8,3925,496,0,0,0.0,1,COM7
2,131923,37,rpm,1014,0,36.8,36.8,3925,496,0,0,0.0,1,COM7
2,131944,37,rpm,941,0,36.8,36.8,3925,496,0,0,0.0,1,COM7
2,131965,37,rpm,836,0,36.8,36.8,3925,496,0,0,0.0,1,COM7
2,131985,37,rpm,725,0,36.8,36.8,3925,496,0,0,0.0,1,COM7
2,132006,37,rpm,615,0,36.8,36.8,3925,496,0,0,0.0,1,COM7
2,132026,37,rpm,545,0,36.8,36.8,3925,496,0,0,0.0,1,COM7
2,132047,37,rpm,400,0,36.8,36.8,3925,496,0,0,0.0,1,COM7
2,132068,37,rpm,243,0,36.8,36.8,3925,496,0,0,0.0,1,COM7
2,132088,37,rpm,-390,0,36.8,36.8,3925,496,0,0,0.0,1,COM7
2,132109,37,rpm,68,0,36.8,36.8,3925,496,0,0,0.0,1,COM7
2,132129,37,rpm,392,0,36.8,36.8,3925,496,0,0,0.0,1,COM7
2,132150,37,rpm,700,0,36.8,36.8,3925,496,0,0,0.0,1,COM7
2,132170,37,rpm,982,1,36.8,36.8,3925,496,0,0,0.0,1,COM7
2,132191,37,rpm,1029,1,36.8,36.8,3925,496,0,0,0.0,1,COM7
2,132212,37,rpm,770,1,36.8,36.8,3925,496,0,0,0.0,1,COM7
2,132232,37,rpm,746,1,36.8,36.8,3925,496,0,0,0.0,1,COM7
2,132253,37,rpm,711,1,36.8,36.8,3925,496,0,0,0.0,1,COM7
2,132273,37,rpm,539,1,36.8,36.8,3925,496,0,0,0.0,1,COM7
2,132294,37,rpm,420,1,36.8,36.8,3925,496,0,0,0.0,1,COM7
2,132314,37,rpm,346,1,36.8,36.8,3925,496,0,0,0.0,1,COM7
2,132335,37,rpm,-244,1,36.8,36.8,3925,496,0,0,0.0,1,COM7
2,132356,37,rpm,-40,1,36.8,36.8,3925,496,0,0,0.0,1,COM7
2,132376,37,rpm,237,2,36.8,36.8,3925,496,0,0,0.0,1,COM7
2,132397,37,rpm,690,2,36.8,36.8,3925,496,0,0,0.0,1,COM7
2,132417,37,rpm,823,2,36.8,36.8,3925,496,0,0,0.0,1,COM7
2,132438,37,rpm,1173,2,36.8,36.8,3925,496,0,0,0.0,1,COM7
2,132458,37,rpm,860,2,36.8,36.8,3925,496,0,0,0.0,1,COM7
2,132479,37,rpm,668,2,36.8,36.8,3925,496,0,0,0.0,1,COM7
2,132500,37,rpm,790,3,36.8,36.8,3925,496,0,0,0.0,1,COM7
2,132520,37,rpm,600,3,36.8,36.8,3925,496,0,0,0.0,1,COM7
2,132541,37,rpm,384,3,36.8,36.8,3925,496,0,0,0.0,1,COM7
2,132561,37,rpm,354,3,36.8,36.8,3925,496,0,0,0.0,1,COM7
2,132582,37,rpm,-65,4,36.8,36.8,3925,496,0,0,0.0,1,COM7
2,132603,37,rpm,-188,4,36.8,36.8,3925,496,0,0,0.0,1,COM7
2,132623,37,rpm,140,4,36.8,36.8,3925,496,0,0,0.0,1,COM7
2,132644,37,rpm,682,5,36.8,36.8,3925,496,0,0,0.0,1,COM7
2,132664,37,rpm,701,5,36.8,36.8,3925,496,0,0,0.0,1,COM7
2,132685,37,rpm,1020,5,36.8,36.8,3925,496,0,0,0.0,1,COM7
2,132706,37,rpm,960,6,36.8,36.8,3925,496,0,0,0.0,1,COM7
2,132726,37,rpm,674,6,36.8,36.8,3925,496,0,0,0.0,1,COM7
2,132747,37,rpm,647,7,36.8,36.8,3925,496,0,0,0.0,1,COM7
2,132767,37,rpm,680,7,36.8,36.8,3925,496,0,0,0.0,1,COM7
2,132788,37,rpm,492,8,36.8,36.8,3925,496,0,0,0.0,1,COM7
2,132809,37,rpm,347,8,36.8,36.8,3925,496,0,0,0.0,1,COM7
2,132829,37,rpm,226,9,36.8,36.8,3925,496,0,0,0.0,1,COM7
2,132850,37,rpm,-347,9,36.8,36.8,3925,496,0,0,0.0,1,COM7
2,132870,37,rpm,54,10,36.8,36.8,3925,496,0,0,0.0,1,COM7
2,132891,37,rpm,426,10,36.8,36.8,3925,496,0,0,0.0,1,COM7
2,132912,37,rpm,738,11,36.8,36.8,3925,496,0,0,0.0,1,COM7
2,132932,37,rpm,847,11,36.8,36.8,3925,496,0,0,0.0,1,COM7
2,132953,37,rpm,966,12,36.8,36.8,3925,496,0,0,0.0,1,COM7
2,132974,37,rpm,836,13,36.8,36.8,3925,496,0,0,0.0,1,COM7
2,132994,37,rpm,657,13,36.8,36.8,3925,496,0,0,0.0,1,COM7
2,133015,37,rpm,621,14,36.8,36.8,3925,496,0,0,0.0,1,COM7
2,133035,37,rpm,587,15,36.8,36.8,3925,496,0,0,0.0,1,COM7
2,133056,37,rpm,407,16,36.8,36.8,3925,496,0,0,0.0,1,COM7
2,133077,37,rpm,300,16,36.8,36.8,3925,496,0,0,0.0,1,COM7
2,133097,37,rpm,-186,17,36.8,36.8,3925,496,0,0,0.0,1,COM7
2,133118,37,rpm,-75,18,36.8,36.8,3925,496,0,0,0.0,1,COM7
2,133139,37,rpm,166,19,36.8,36.8,3925,496,0,0,0.0,1,COM7
2,133159,37,rpm,663,20,36.8,36.8,3925,496,0,0,0.0,1,COM7
2,133180,37,rpm,821,21,36.8,36.8,3925,496,0,0,0.0,1,COM7
2,133200,37,rpm,937,22,36.8,36.8,3925,496,0,0,0.0,1,COM7
2,133221,37,rpm,840,23,36.8,36.8,3925,496,0,0,0.0,1,COM7
2,133242,37,rpm,757,24,36.8,36.8,3925,496,0,0,0.0,1,COM7
2,133262,37,rpm,663,25,36.8,36.8,3925,496,0,0,0.0,1,COM7
2,133283,37,rpm,567,26,36.8,36.8,3925,496,0,0,0.0,1,COM7
2,133304,37,rpm,514,27,36.8,36.8,3925,496,0,0,0.0,1,COM7
2,133324,37,rpm,373,28,36.8,36.8,3925,496,0,0,0.0,1,COM7
2,133345,37,rpm,174,29,36.8,36.8,3925,496,0,0,0.0,1,COM7
2,133365,37,rpm,-380,30,36.8,36.8,3925,496,0,0,0.0,1,COM7
2,133386,37,rpm,85,31,36.8,36.8,3925,496,0,0,0.0,1,COM7
2,133407,37,rpm,467,33,36.8,36.8,3925,496,0,0,0.0,1,COM7
2,133427,37,rpm,698,34,36.8,36.8,3925,496,0,0,0.0,1,COM7
2,133448,37,rpm,980,35,36.8,36.8,3925,496,0,0,0.0,1,COM7
2,133468,37,rpm,898,36,36.8,36.8,3925,496,0,0,0.0,1,COM7
2,133489,37,rpm,683,38,36.8,36.8,3925,496,0,0,0.0,1,COM7
2,133510,37,rpm,757,39,36.8,36.8,3925,496,0,0,0.0,1,COM7
2,133530,37,rpm,645,41,36.8,36.8,3925,496,0,0,0.0,1,COM7
2,133551,37,rpm,477,42,36.8,36.8,3925,496,0,0,0.0,1,COM7
2,133571,37,rpm,449,43,36.8,36.8,3925,496,0,0,0.0,1,COM7
2,133592,37,rpm,293,45,36.8,36.8,3925,496,0,0,0.0,1,COM7
2,133613,37,rpm,-276,46,36.8,36.8,3925,496,0,0,0.0,1,COM7
2,133633,37,rpm,-29,48,36.8,36.8,3925,496,0,0,0.0,1,COM7
2,133654,37,rpm,249,49,36.8,36.8,3925,496,0,0,0.0,1,COM7
2,133675,37,rpm,612,51,36.8,36.8,3925,496,0,0,0.0,1,COM7
2,133695,37,rpm,847,53,36.8,36.8,3925,496,0,0,0.0,1,COM7
2,133716,37,rpm,1088,54,36.8,36.8,3925,496,0,0,0.0,1,COM7
2,133736,37,rpm,711,56,36.8,36.8,3925,496,0,0,0.0,1,COM7
2,133757,37,rpm,675,58,36.8,36.8,3925,496,0,0,0.0,1,COM7
2,133778,37,rpm,708,59,36.8,36.8,3925,496,0,1,0.0,1,COM7
2,133798,37,rpm,581,61,36.8,36.8,3925,496,0,1,0.001,1,COM7
2,133819,37,rpm,424,63,36.8,36.8,3925,496,0,1,0.001,1,COM7
2,133840,37,rpm,363,65,36.8,36.8,3925,496,0,1,0.001,1,COM7
2,133860,37,rpm,-6,67,36.8,36.8,3925,496,0,1,0.001,1,COM7
2,133881,37,rpm,-236,68,36.8,36.8,3925,496,0,1,0.001,1,COM7
2,133901,37,rpm,122,70,36.8,36.8,3925,496,0,1,0.001,1,COM7
2,133922,37,rpm,638,72,36.8,36.8,3925,496,0,1,0.001,1,COM7
2,133943,37,rpm,739,74,36.8,36.8,3925,496,0,1,0.001,1,COM7
2,133963,37,rpm,982,76,36.8,36.8,3925,496,0,1,0.001,1,COM7
2,133984,37,rpm,941,78,36.8,36.8,3925,496,0,1,0.001,1,COM7
2,134004,37,rpm,707,80,36.8,36.8,3925,496,0,1,0.001,1,COM7
2,134025,37,rpm,674,82,36.8,36.8,3925,496,0,1,0.001,1,COM7
2,134046,37,rpm,627,84,36.8,36.8,3925,496,0,1,0.001,1,COM7
2,134066,37,rpm,468,86,36.8,36.8,3925,496,0,1,0.001,1,COM7
2,134087,37,rpm,329,88,36.8,36.8,3925,496,0,1,0.001,1,COM7
2,134108,37,rpm,108,91,36.8,36.8,3925,496,0,1,0.001,1,COM7
2,134128,37,rpm,-298,93,36.8,36.8,3925,496,0,1,0.001,1,COM7
2,134149,37,rpm,85,95,36.8,36.8,3925,496,0,1,0.001,1,COM7
2,134169,37,rpm,536,97,36.8,36.8,3925,496,0,1,0.001,1,COM7
2,134190,37,rpm,768,99,36.8,36.8,3925,496,0,1,0.001,1,COM7
2,134211,37,rpm,884,102,36.8,36.8,3925,496,0,1,0.001,1,COM7
2,134231,37,rpm,858,104,36.8,36.8,3925,496,0,1,0.001,1,COM7
2,134252,37,rpm,774,106,36.8,36.8,3925,496,0,1,0.001,1,COM7
2,134273,37,rpm,680,109,36.8,36.8,3925,496,0,1,0.001,1,COM7
2,134293,37,rpm,566,111,36.8,36.8,3925,496,0,1,0.001,1,COM7
2,134314,37,rpm,547,113,36.8,36.8,3925,496,0,1,0.001,1,COM7
2,134334,37,rpm,406,116,36.8,36.8,3925,496,0,1,0.001,1,COM7
2,134355,37,rpm,256,118,36.8,36.8,3925,496,0,1,0.001,1,COM7
2,134376,37,rpm,-317,120,36.8,36.8,3925,496,0,1,0.001,1,COM7
2,134396,37,rpm,10,123,36.8,36.8,3925,496,0,1,0.001,1,COM7
2,134417,37,rpm,263,125,36.8,36.8,3925,496,0,1,0.001,1,COM7
2,134438,37,rpm,653,128,36.8,36.8,3925,496,0,2,0.001,1,COM7
2,134458,37,rpm,917,130,36.8,36.8,3925,496,0,2,0.002,1,COM7
2,134479,37,rpm,928,133,36.8,36.8,3925,496,0,2,0.002,1,COM7
2,134500,37,rpm,695,136,36.8,36.8,3925,496,0,2,0.002,1,COM7
2,134520,37,rpm,759,138,36.8,36.8,3925,496,0,2,0.002,1,COM7
2,134541,37,rpm,660,141,36.8,36.8,3925,496,0,2,0.002,1,COM7
2,134562,37,rpm,483,143,36.8,36.8,3925,496,0,2,0.002,1,COM7
2,134582,37,rpm,473,146,36.8,36.8,3925,496,0,2,0.002,1,COM7
2,134603,37,rpm,359,149,36.8,36.8,3925,496,0,2,0.002,1,COM7
2,134623,37,rpm,-3,151,36.8,36.8,3925,496,0,2,0.002,1,COM7
2,134644,37,rpm,-244,154,36.8,36.8,3925,496,0,2,0.002,1,COM7
2,134665,37,rpm,124,157,36.8,36.8,3925,496,0,2,0.002,1,COM7
2,134685,37,rpm,543,159,36.8,36.8,3925,496,0,2,0.002,1,COM7
2,134706,37,rpm,735,162,36.8,36.8,3925,496,0,2,0.002,1,COM7
2,134727,37,rpm,985,165,36.8,36.8,3925,496,0,2,0.002,1,COM7
2,134747,37,rpm,825,168,36.8,36.8,3925,496,0,2,0.002,1,COM7
2,134768,37,rpm,687,170,36.8,36.8,3925,496,0,2,0.002,1,COM7
2,134788,37,rpm,712,173,36.8,36.8,3925,496,0,2,0.002,1,COM7
2,134809,37,rpm,590,176,36.8,36.8,3925,496,0,2,0.002,1,COM7
2,134830,37,rpm,483,179,36.8,36.8,3925,496,0,3,0.002,1,COM7
2,134850,37,rpm,396,182,36.8,36.8,3925,496,0,3,0.003,1,COM7
2,134871,37,rpm,254,184,36.8,36.8,3925,496,0,3,0.003,1,COM7
2,134892,37,rpm,-387,187,36.8,36.8,3925,496,0,3,0.003,1,COM7
2,134912,37,rpm,52,190,36.8,36.8,3925,496,0,3,0.003,1,COM7
2,134933,37,rpm,390,193,36.8,36.8,3925,496,0,3,0.003,1,COM7
2,134954,37,rpm,686,196,36.8,36.8,3925,496,0,3,0.003,1,COM7
2,134974,37,rpm,812,199,36.8,36.8,3925,496,0,3,0.003,1,COM7
2,134995,37,rpm,974,202,36.8,36.8,3925,496,0,3,0.003,1,COM7
2,135016,37,rpm,769,204,36.8,36.8,3925,496,0,3,0.003,1,COM7
2,135036,37,rpm,643,207,36.8,36.8,3925,496,0,3,0.003,1,COM7
2,135057,37,rpm,639,210,36.8,36.8,3925,496,0,3,0.003,1,COM7
2,135078,37,rpm,562,213,36.8,36.8,3925,496,0,3,0.003,1,COM7
2,135098,37,rpm,412,216,36.8,36.8,3925,496,0,3,0.003,1,COM7
2,135119,37,rpm,295,219,36.8,36.8,3925,496,0,4,0.003,1,COM7
2,135140,37,rpm,-85,222,36.8,36.8,3925,496,0,4,0.003,1,COM7
2,135160,37,rpm,-171,225,36.8,36.8,3925,496,0,4,0.004,1,COM7
2,135181,37,rpm,146,228,36.8,36.8,3925,496,0,4,0.004,1,COM7
2,135202,37,rpm,656,231,36.8,36.8,3925,496,0,4,0.004,1,COM7
2,135222,37,rpm,820,234,36.8,36.8,3925,496,0,4,0.004,1,COM7
2,135243,37,rpm,865,237,36.8,36.8,3925,496,0,4,0.004,1,COM7
2,135264,37,rpm,815,240,36.8,36.8,3925,496,0,4,0.004,1,COM7
2,135284,37,rpm,777,243,36.8,36.8,3925,496,0,4,0.004,1,COM7
2,135305,37,rpm,622,246,36.8,36.8,3925,496,0,4,0.004,1,COM7
2,135326,37,rpm,539,249,36.8,36.8,3925,496,0,4,0.004,1,COM7
2,135346,37,rpm,518,252,36.8,36.8,3925,496,0,4,0.004,1,COM7
2,135367,37,rpm,357,254,36.8,36.8,3925,496,0,4,0.004,1,COM7
2,135387,37,rpm,148,257,36.8,36.8,3925,496,0,5,0.004,1,COM7
2,135408,37,rpm,-361,260,36.8,36.8,3925,496,0,5,0.005,1,COM7
2,135429,37,rpm,91,263,36.8,36.8,3925,496,0,5,0.005,1,COM7
2,135449,37,rpm,460,266,36.8,36.8,3925,496,0,5,0.005,1,COM7
2,135470,37,rpm,798,269,36.8,36.8,3925,496,0,5,0.005,1,COM7
2,135510,37,rpm,895,272,36.8,36.8,3925,496,0,5,0.005,1,COM7
2,135531,37,rpm,838,275,36.8,36.8,3925,496,0,5,0.005,1,COM7
2,135552,37,rpm,734,278,36.8,36.8,3925,496,0,5,0.005,1,COM7
2,135572,37,rpm,534,281,36.8,36.8,3925,496,0,5,0.005,1,COM7
2,135593,37,rpm,503,284,36.8,36.8,3925,496,0,6,0.005,1,COM7
2,135614,37,rpm,388,287,36.8,36.8,3925,496,0,6,0.005,1,COM7
2,135634,37,rpm,207,290,36.8,36.8,3925,496,0,6,0.006,1,COM7
2,135655,37,rpm,-348,293,36.8,36.8,3925,496,0,6,0.006,1,COM7
2,135676,37,rpm,66,296,36.8,36.8,3925,496,0,6,0.006,1,COM7
2,135696,37,rpm,403,299,36.8,36.8,3925,496,0,6,0.006,1,COM7
2,135717,37,rpm,669,302,36.8,36.8,3925,496,0,6,0.006,1,COM7
2,135738,37,rpm,929,305,36.8,36.8,3925,496,0,6,0.006,1,COM7
2,135758,37,rpm,906,308,36.8,36.8,3925,496,0,6,0.006,1,COM7
2,135779,37,rpm,675,310,36.8,36.8,3925,496,0,6,0.006,1,COM7
2,135799,37,rpm,695,313,36.8,36.8,3925,496,0,7,0.006,1,COM7
2,135820,37,rpm,652,316,36.8,36.8,3925,496,0,7,0.006,1,COM7
2,135841,37,rpm,511,319,36.8,36.8,3925,496,0,7,0.007,1,COM7
2,135861,37,rpm,404,322,36.8,36.8,3925,496,0,7,0.007,1,COM7
2,135882,37,rpm,314,325,36.8,36.8,3925,496,0,7,0.007,1,COM7
2,135903,37,rpm,-278,328,36.8,36.8,3925,496,0,7,0.007,1,COM7
2,135923,37,rpm,-28,330,36.8,36.8,3925,496,0,7,0.007,1,COM7
2,135944,37,rpm,223,333,36.8,36.8,3925,496,0,7,0.007,1,COM7
2,135964,37,rpm,676,336,36.8,36.8,3925,496,0,7,0.007,1,COM7
2,135985,37,rpm,731,339,36.8,36.8,3925,496,0,8,0.007,1,COM7
2,136006,37,rpm,969,342,36.8,36.8,3925,496,0,8,0.007,1,COM7
2,136026,37,rpm,848,345,36.8,36.8,3925,496,0,8,0.008,1,COM7
2,136047,37,rpm,654,347,36.8,36.8,3925,496,0,8,0.008,1,COM7
2,136068,37,rpm,633,350,36.8,36.8,3925,496,0,8,0.008,1,COM7
2,136088,37,rpm,601,353,36.8,36.8,3925,496,0,8,0.008,1,COM7
2,136109,37,rpm,460,355,36.8,36.8,3925,496,0,8,0.008,1,COM7
2,136129,37,rpm,326,358,36.8,36.8,3925,496,0,8,0.008,1,COM7
2,136150,37,rpm,167,361,36.8,36.8,3925,496,0,9,0.008,1,COM7
2,136171,37,rpm,-337,364,36.8,36.8,3925,496,0,9,0.008,1,COM7
2,136192,37,rpm,68,366,36.8,36.8,3925,496,0,9,0.009,1,COM7
2,136212,37,rpm,474,369,36.8,36.8,3925,496,0,9,0.009,1,COM7
2,136233,37,rpm,763,372,36.8,36.8,3925,496,0,9,0.009,1,COM7
2,136253,37,rpm,791,374,36.8,36.8,3925,496,0,9,0.009,1,COM7
2,136274,37,rpm,900,377,36.8,36.8,3925,496,0,9,0.009,1,COM7
2,136295,37,rpm,806,379,36.8,36.8,3925,496,0,9,0.009,1,COM7
2,136315,37,rpm,634,382,36.8,36.8,3925,496,0,10,0.009,1,COM7
2,136336,37,rpm,563,385,36.8,36.8,3925,496,0,10,0.009,1,COM7
2,136357,37,rpm,580,387,36.8,36.8,3925,496,0,10,0.01,1,COM7
2,136377,37,rpm,390,390,36.8,36.8,3925,496,0,10,0.01,1,COM7
2,136398,37,rpm,270,392,36.8,36.8,3925,496,0,10,0.01,1,COM7
2,136419,37,rpm,-318,395,36.8,36.8,3925,496,0,10,0.01,1,COM7
2,136439,37,rpm,8,397,36.8,36.8,3925,496,0,10,0.01,1,COM7
2,136460,37,rpm,224,400,36.8,36.8,3925,496,0,10,0.01,1,COM7
2,136481,37,rpm,710,402,36.8,36.8,3925,496,0,11,0.01,1,COM7
2,136501,37,rpm,879,404,36.8,36.8,3925,496,0,11,0.01,1,COM7
2,136522,37,rpm,797,407,36.8,36.8,3925,496,0,11,0.011,1,COM7
2,136543,37,rpm,789,409,36.8,36.8,3925,496,0,11,0.011,1,COM7
2,136563,37,rpm,746,411,36.8,36.8,3925,496,0,11,0.011,1,COM7
2,136584,37,rpm,611,414,36.8,36.8,3925,496,0,11,0.011,1,COM7
2,136605,37,rpm,524,416,36.8,36.8,3925,496,0,11,0.011,1,COM7
2,136626,37,rpm,472,418,36.8,36.8,3925,496,0,12,0.011,1,COM7
2,136646,37,rpm,324,421,36.8,36.8,3925,496,0,12,0.011,1,COM7
2,136667,37,rpm,11,423,36.8,36.8,3925,496,0,12,0.012,1,COM7
2,136688,37,rpm,-282,425,36.8,36.8,3925,496,0,12,0.012,1,COM7
2,136708,37,rpm,117,427,36.8,36.8,3925,496,0,12,0.012,1,COM7
2,136729,37,rpm,564,430,36.8,36.8,3925,496,0,12,0.012,1,COM7
2,136750,37,rpm,712,432,36.8,36.8,3925,496,0,13,0.012,1,COM7
2,136770,37,rpm,973,434,36.8,36.8,3925,496,0,13,0.012,1,COM7
2,136791,37,rpm,853,436,36.8,36.8,3925,496,0,13,0.012,1,COM7
2,136812,37,rpm,678,438,36.8,36.8,3925,496,0,13,0.013,1,COM7
2,136832,37,rpm,650,440,36.8,36.8,3925,496,0,13,0.013,1,COM7
2,136853,37,rpm,625,442,36.8,36.8,3925,496,0,13,0.013,1,COM7
2,136874,37,rpm,479,444,36.8,36.8,3925,496,0,13,0.013,1,COM7
2,136894,37,rpm,342,446,36.8,36.8,3925,496,0,14,0.013,1,COM7
2,136915,37,rpm,233,448,36.8,36.8,3925,496,0,14,0.013,1,COM7
2,136936,37,rpm,-386,450,36.8,36.8,3925,496,0,14,0.013,1,COM7
2,136957,37,rpm,66,452,36.8,36.8,3925,496,0,14,0.014,1,COM7
2,136977,37,rpm,451,454,36.8,36.8,3925,496,0,14,0.014,1,COM7
2,136998,37,rpm,776,456,36.8,36.8,3925,496,0,14,0.014,1,COM7
2,137019,37,rpm,869,458,36.8,36.8,3925,496,0,15,0.014,1,COM7
2,137039,37,rpm,857,460,36.8,36.8,3925,496,0,15,0.014,1,COM7
2,137060,37,rpm,818,462,36.8,36.8,3925,496,0,15,0.014,1,COM7
2,137081,37,rpm,688,464,36.8,36.8,3925,496,0,15,0.015,1,COM7
2,137101,37,rpm,543,465,36.8,36.8,3925,496,0,15,0.015,1,COM7
2,137122,37,rpm,556,467,36.8,36.8,3925,496,0,15,0.015,1,COM7
2,137143,37,rpm,374,469,36.8,36.8,3925,496,0,15,0.015,1,COM7
2,137163,37,rpm,228,471,36.8,36.8,3925,496,0,16,0.015,1,COM7
2,137184,37,rpm,-368,472,36.8,36.8,3925,496,0,16,0.015,1,COM7
2,137205,37,rpm,57,474,36.8,36.8,3925,496,0,16,0.015,1,COM7
2,137225,37,rpm,321,476,36.8,36.8,3925,496,0,16,0.016,1,COM7
2,137246,37,rpm,723,477,36.8,36.8,3925,496,0,16,0.016,1,COM7
2,137267,37,rpm,930,479,36.8,36.8,3925,496,0,16,0.016,1,COM7
2,137287,37,rpm,814,480,36.8,36.8,3925,496,0,17,0.016,1,COM7
2,137308,37,rpm,731,482,36.8,36.8,3925,496,0,17,0.016,1,COM7
2,137329,37,rpm,720,483,36.8,36.8,3925,496,0,17,0.016,1,COM7
2,137350,37,rpm,610,485,36.8,36.8,3925,496,0,17,0.017,1,COM7
2,137370,37,rpm,505,486,36.8,36.8,3925,496,0,17,0.017,1,COM7
2,137391,37,rpm,431,488,36.8,36.8,3925,496,0,17,0.017,1,COM7
2,137412,37,rpm,311,489,36.8,36.8,3925,496,0,18,0.017,1,COM7
2,137432,37,rpm,-218,491,36.8,36.8,3925,496,0,18,0.017,1,COM7
2,137453,37,rpm,-79,492,36.8,36.8,3925,496,0,18,0.017,1,COM7
2,137474,37,rpm,204,493,36.8,36.8,3925,496,0,18,0.018,1,COM7
2,137494,37,rpm,649,495,36.8,36.8,3925,496,0,18,0.018,1,COM7
2,137515,37,rpm,744,496,36.8,36.8,3925,496,0,18,0.018,1,COM7
2,137536,37,rpm,942,497,36.8,36.8,3925,496,0,19,0.018,1,COM7
2,137556,37,rpm,813,499,36.8,36.8,3925,496,0,19,0.018,1,COM7
2,137577,37,rpm,650,500,36.8,36.8,3925,496,0,19,0.018,1,COM7
2,137598,37,rpm,647,501,36.8,36.8,3925,496,0,19,0.019,1,COM7
2,137618,37,rpm,591,502,36.8,36.8,3925,496,0,19,0.019,1,COM7
2,137639,37,rpm,452,503,36.8,36.8,3925,496,0,20,0.019,1,COM7
2,137660,37,rpm,331,505,36.8,36.8,3925,496,0,20,0.019,1,COM7
2,137681,37,rpm,158,506,36.8,36.8,3925,496,0,20,0.019,1,COM7
2,137701,37,rpm,-325,507,36.8,36.8,3925,496,0,20,0.019,1,COM7
2,137722,37,rpm,73,508,36.8,36.8,3925,496,0,20,0.02,1,COM7
2,137743,37,rpm,494,509,36.8,36.8,3925,496,0,20,0.02,1,COM7
2,137763,37,rpm,742,510,36.8,36.8,3925,496,0,21,0.02,1,COM7
2,137784,37,rpm,797,511,36.8,36.8,3925,496,0,21,0.02,1,COM7
2,137805,37,rpm,887,512,36.8,36.8,3925,496,0,21,0.02,1,COM7
2,137825,37,rpm,812,513,36.8,36.8,3925,496,0,21,0.02,1,COM7
2,137846,37,rpm,618,514,36.8,36.8,3925,496,0,21,0.021,1,COM7
2,137867,37,rpm,562,515,36.8,36.8,3925,496,0,21,0.021,1,COM7
2,137887,37,rpm,579,516,36.8,36.8,3925,496,0,22,0.021,1,COM7
2,137908,37,rpm,384,517,36.8,36.8,3925,496,0,22,0.021,1,COM7
2,137929,37,rpm,268,517,36.8,36.8,3925,496,0,22,0.021,1,COM7
2,137949,37,rpm,-334,518,36.8,36.8,3925,496,0,22,0.021,1,COM7
2,137970,37,rpm,11,519,36.8,36.8,3925,496,0,22,0.022,1,COM7
2,137991,37,rpm,230,520,36.8,36.8,3925,496,0,23,0.022,1,COM7
2,138011,37,rpm,710,521,36.8,36.8,3925,496,0,23,0.022,1,COM7
2,138032,37,rpm,873,521,36.8,36.8,3925,496,0,23,0.022,1,COM7
2,138053,37,rpm,831,522,36.8,36.8,3925,496,0,23,0.022,1,COM7
2,138074,37,rpm,773,523,36.8,36.8,3925,496,0,23,0.023,1,COM7
2,138094,37,rpm,745,523,36.8,36.8,3925,496,0,23,0.023,1,COM7
2,138115,37,rpm,619,524,36.8,36.8,3925,496,0,24,0.023,1,COM7
2,138136,37,rpm,519,525,36.8,36.8,3925,496,0,24,0.023,1,COM7
2,138156,37,rpm,464,525,36.8,36.8,3925,496,0,24,0.023,1,COM7
2,138177,37,rpm,322,526,36.8,36.8,3925,496,0,24,0.023,1,COM7
2,138198,37,rpm,17,526,36.8,36.8,3925,496,0,24,0.024,1,COM7
2,138218,37,rpm,-263,527,36.8,36.8,3925,496,0,24,0.024,1,COM7
2,138239,37,rpm,118,527,36.8,36.8,3925,496,0,25,0.024,1,COM7
2,138260,37,rpm,559,528,36.8,36.8,3925,496,0,25,0.024,1,COM7
2,138280,37,rpm,726,528,36.8,36.8,3925,496,0,25,0.024,1,COM7
2,138301,37,rpm,964,529,36.8,36.8,3925,496,0,25,0.024,1,COM7
2,138322,37,rpm,860,529,36.8,36.8,3925,496,0,25,0.025,1,COM7
2,138343,37,rpm,654,530,36.8,36.8,3925,496,0,26,0.025,1,COM7
2,138363,37,rpm,641,530,36.8,36.8,3925,496,0,26,0.025,1,COM7
2,138384,37,rpm,624,531,36.8,36.8,3925,496,0,26,0.025,1,COM7
2,138405,37,rpm,486,531,36.8,36.8,3925,496,0,26,0.025,1,COM7
2,138425,37,rpm,345,531,36.8,36.8,3925,496,0,26,0.026,1,COM7
2,138446,37,rpm,230,532,36.8,36.8,3925,496,0,27,0.026,1,COM7
2,138467,37,rpm,-372,532,36.8,36.8,3925,496,0,27,0.026,1,COM7
2,138487,37,rpm,69,532,36.8,36.8,3925,496,0,27,0.026,1,COM7
2,138508,37,rpm,452,532,36.8,36.8,3925,496,0,27,0.026,1,COM7
2,138529,37,rpm,768,533,36.8,36.8,3925,496,0,27,0.026,1,COM7
2,138549,37,rpm,868,533,36.8,36.8,3925,496,0,27,0.027,1,COM7
2,138570,37,rpm,850,533,36.8,36.8,3925,496,0,28,0.027,1,COM7
2,138591,37,rpm,830,533,36.8,36.8,3925,496,0,28,0.027,1,COM7
2,138611,37,rpm,659,533,36.8,36.8,3925,496,0,28,0.027,1,COM7
2,138632,37,rpm,552,534,36.8,36.8,3925,496,0,28,0.027,1,COM7
2,138653,37,rpm,542,534,36.8,36.8,3925,496,0,28,0.027,1,COM7
2,138673,37,rpm,372,534,36.8,36.8,3925,496,0,29,0.028,1,COM7
2,138694,37,rpm,218,534,36.8,36.8,3925,496,0,29,0.028,1,COM7
2,138715,37,rpm,-371,534,36.8,36.8,3925,496,0,29,0.028,1,COM7
2,138736,37,rpm,62,534,36.8,36.8,3925,496,0,29,0.028,1,COM7
2,138756,37,rpm,356,534,36.8,36.8,3925,496,0,29,0.028,1,COM7
2,138777,37,rpm,712,534,36.8,36.8,3925,496,0,29,0.029,1,COM7
2,138798,37,rpm,932,534,36.8,36.8,3925,496,0,30,0.029,1,COM7
2,138819,37,rpm,821,534,36.8,36.8,3925,496,0,30,0.029,1,COM7
2,138839,37,rpm,709,534,36.8,36.8,3925,496,0,30,0.029,1,COM7
2,138860,37,rpm,725,534,36.8,36.8,3925,496,0,30,0.029,1,COM7
2,138881,37,rpm,623,534,36.8,36.8,3925,496,0,30,0.029,1,COM7
2,138901,37,rpm,509,534,36.8,36.8,3925,496,0,31,0.03,1,COM7
2,138922,37,rpm,414,534,36.8,36.8,3925,496,0,31,0.03,1,COM7
2,138943,37,rpm,313,534,36.8,36.8,3925,496,0,31,0.03,1,COM7
2,138963,37,rpm,-166,534,36.8,36.8,3925,496,0,31,0.03,1,COM7
2,138984,37,rpm,-107,534,36.8,36.8,3925,496,0,31,0.03,1,COM7
2,139005,37,rpm,183,534,36.8,36.8,3925,496,0,31,0.031,1,COM7
2,139025,37,rpm,661,534,36.8,36.8,3925,496,0,32,0.031,1,COM7
2,139046,37,rpm,720,533,36.8,36.8,3925,496,0,32,0.031,1,COM7
2,139067,37,rpm,951,533,36.8,36.8,3925,496,0,32,0.031,1,COM7
2,139087,37,rpm,836,533,36.8,36.8,3925,496,0,32,0.031,1,COM7
2,139108,37,rpm,651,533,36.8,36.8,3925,496,0,32,0.031,1,COM7
2,139129,37,rpm,615,533,36.8,36.8,3925,496,0,33,0.032,1,COM7
2,139150,37,rpm,600,533,36.8,36.8,3925,496,0,33,0.032,1,COM7
2,139170,37,rpm,459,532,36.8,36.8,3925,496,0,33,0.032,1,COM7
2,139191,37,rpm,323,532,36.8,36.8,3925,496,0,33,0.032,1,COM7
2,139212,37,rpm,128,532,36.8,36.8,3925,496,0,33,0.032,1,COM7
2,139232,37,rpm,-318,532,36.8,36.8,3925,496,0,33,0.032,1,COM7
2,139253,37,rpm,72,531,36.8,36.8,3925,496,0,34,0.033,1,COM7
2,139274,37,rpm,495,531,36.8,36.8,3925,496,0,34,0.033,1,COM7
2,139294,37,rpm,752,531,36.8,36.8,3925,496,0,34,0.033,1,COM7
2,139315,37,rpm,803,530,36.8,36.8,3925,496,0,34,0.033,1,COM7
2,139336,37,rpm,853,530,36.8,36.8,3925,496,0,34,0.033,1,COM7
2,139356,37,rpm,796,530,36.8,36.8,3925,496,0,35,0.034,1,COM7
2,139377,37,rpm,640,529,36.8,36.8,3925,496,0,35,0.034,1,COM7
2,139398,37,rpm,534,529,36.8,36.8,3925,496,0,35,0.034,1,COM7
2,139419,37,rpm,580,529,36.8,36.8,3925,496,0,35,0.034,1,COM7
2,139439,37,rpm,392,528,36.8,36.8,3925,496,0,35,0.034,1,COM7
2,139460,37,rpm,261,528,36.8,36.8,3925,496,0,36,0.034,1,COM7
2,139481,37,rpm,-342,528,36.8,36.8,3925,496,0,36,0.035,1,COM7
2,139501,37,rpm,20,527,36.8,36.8,3925,496,0,36,0.035,1,COM7
2,139522,37,rpm,253,527,36.8,36.8,3925,496,0,36,0.035,1,COM7
2,139543,37,rpm,691,526,36.8,36.8,3925,496,0,36,0.035,1,COM7
2,139564,37,rpm,883,526,36.8,36.8,3925,496,0,36,0.035,1,COM7
2,139584,37,rpm,867,526,36.8,36.8,3925,496,0,37,0.035,1,COM7
2,139605,37,rpm,725,525,36.8,36.8,3925,496,0,37,0.036,1,COM7
2,139626,37,rpm,730,525,36.8,36.8,3925,496,0,37,0.036,1,COM7
2,139646,37,rpm,644,524,36.8,36.8,3925,496,0,37,0.036,1,COM7
2,139667,37,rpm,511,524,36.8,36.8,3925,496,0,37,0.036,1,COM7
2,139688,37,rpm,438,523,36.8,36.8,3925,496,0,38,0.036,1,COM7
2,139708,37,rpm,329,523,36.8,36.8,3925,496,0,38,0.037,1,COM7
2,139729,37,rpm,-3,523,36.8,36.8,3925,496,0,38,0.037,1,COM7
2,139750,37,rpm,-255,522,36.8,36.8,3925,496,0,38,0.037,1,COM7
2,139770,37,rpm,126,522,36.8,36.8,3925,496,0,38,0.037,1,COM7
2,139791,37,rpm,591,521,36.8,36.8,3925,496,0,38,0.037,1,COM7
2,139812,37,rpm,702,521,36.8,36.8,3925,496,0,39,0.037,1,COM7
2,139832,37,rpm,925,520,36.8,36.8,3925,496,0,39,0.038,1,COM7
2,139853,37,rpm,863,520,36.8,36.8,3925,496,0,39,0.038,1,COM7
2,139874,37,rpm,679,519,36.8,36.8,3925,496,0,39,0.038,1,COM7
2,139895,37,rpm,625,519,36.8,36.8,3925,496,0,39,0.038,1,COM7
2,139915,37,rpm,624,518,36.8,36.8,3925,496,0,39,0.038,1,COM7
2,139936,37,rpm,491,517,36.8,36.8,3925,496,0,40,0.038,1,COM7
2,139957,37,rpm,330,517,36.8,36.8,3925,496,0,40,0.039,1,COM7
2,139977,37,rpm,222,516,36.8,36.8,3925,496,0,40,0.039,1,COM7
2,139998,37,rpm,-387,516,36.8,36.8,3925,496,0,40,0.039,1,COM7
2,140019,37,rpm,65,515,36.8,36.8,3925,496,0,40,0.039,1,COM7
2,140039,37,rpm,427,515,36.8,36.8,3925,496,0,41,0.039,1,COM7
2,140060,37,rpm,799,514,36.8,36.8,3925,496,0,41,0.039,1,COM7
2,140081,37,rpm,942,514,36.8,36.8,3925,496,0,41,0.04,1,COM7
2,140101,37,rpm,771,513,36.8,36.8,3925,496,0,41,0.04,1,COM7
2,140122,37,rpm,830,513,36.8,36.8,3925,496,0,41,0.04,1,COM7
2,140143,37,rpm,708,512,36.8,36.8,3925,496,0,41,0.04,1,COM7
2,140163,37,rpm,514,511,36.8,36.8,3925,496,0,42,0.04,1,COM7
2,140184,37,rpm,533,511,36.8,36.8,3925,496,0,42,0.041,1,COM7
2,140205,37,rpm,383,510,36.8,36.8,3925,496,0,42,0.041,1,COM7
2,140225,37,rpm,213,510,36.8,36.8,3925,496,0,42,0.041,1,COM7
2,140246,37,rpm,-359,509,36.8,36.8,3925,496,0,42,0.041,1,COM7
2,140267,37,rpm,66,509,36.8,36.8,3925,496,0,42,0.041,1,COM7
2,140288,37,rpm,369,508,36.8,36.8,3925,496,0,43,0.041,1,COM7
2,140308,37,rpm,681,507,36.8,36.8,3925,496,0,43,0.042,1,COM7
2,140329,37,rpm,921,507,36.8,36.8,3925,496,0,43,0.042,1,COM7
2,140350,37,rpm,855,506,36.8,36.8,3925,496,0,43,0.042,1,COM7
2,140370,37,rpm,682,506,36.8,36.8,3925,496,0,43,0.042,1,COM7
2,140391,37,rpm,707,505,36.8,36.8,3925,496,0,44,0.042,1,COM7
2,140412,37,rpm,624,505,36.8,36.8,3925,496,0,44,0.042,1,COM7
2,140432,37,rpm,502,504,36.8,36.8,3925,496,0,44,0.043,1,COM7
2,140453,37,rpm,384,503,36.8,36.8,3925,496,0,44,0.043,1,COM7
2,140474,37,rpm,318,503,36.8,36.8,3925,496,0,44,0.043,1,COM7
2,140494,37,rpm,-228,502,36.8,36.8,3925,496,0,44,0.043,1,COM7
2,140515,37,rpm,-76,502,36.8,36.8,3925,496,0,45,0.043,1,COM7
2,140536,37,rpm,205,501,36.8,36.8,3925,496,0,45,0.043,1,COM7
2,140556,37,rpm,681,500,36.8,36.8,3925,496,0,45,0.044,1,COM7
2,140577,37,rpm,718,500,36.8,36.8,3925,496,0,45,0.044,1,COM7
2,140598,37,rpm,935,499,36.8,36.8,3925,496,0,45,0.044,1,COM7
2,140618,37,rpm,828,499,36.8,36.8,3925,496,0,45,0.044,1,COM7
2,140639,37,rpm,654,498,36.8,36.8,3925,496,0,46,0.044,1,COM7
2,140660,37,rpm,604,498,36.8,36.8,3925,496,0,46,0.044,1,COM7
2,140680,37,rpm,596,497,36.8,36.8,3925,496,0,46,0.045,1,COM7
2,140701,37,rpm,459,496,36.8,36.8,3925,496,0,46,0.045,1,COM7
2,140722,37,rpm,330,496,36.8,36.8,3925,496,0,46,0.045,1,COM7
2,140743,37,rpm,124,495,36.8,36.8,3925,496,0,46,0.045,1,COM7
2,140763,37,rpm,-319,495,36.8,36.8,3925,496,0,47,0.045,1,COM7
2,140784,37,rpm,79,494,36.8,36.8,3925,496,0,47,0.045,1,COM7
2,140805,37,rpm,498,494,36.8,36.8,3925,496,0,47,0.046,1,COM7
2,140825,37,rpm,765,493,36.8,36.8,3925,496,0,47,0.046,1,COM7
2,140846,37,rpm,788,492,36.8,36.8,3925,496,0,47,0.046,1,COM7
2,140867,37,rpm,818,492,36.8,36.8,3925,496,0,47,0.046,1,COM7
2,140887,37,rpm,800,491,36.8,36.8,3925,496,0,48,0.046,1,COM7
2,140908,37,rpm,653,491,36.8,36.8,3925,496,0,48,0.046,1,COM7
2,140929,37,rpm,523,490,36.8,36.8,3925,496,0,48,0.047,1,COM7
2,140949,37,rpm,576,490,36.8,36.8,3925,496,0,48,0.047,1,COM7
2,140970,37,rpm,396,489,36.8,36.8,3925,496,0,48,0.047,1,COM7
2,140991,37,rpm,258,489,36.8,36.8,3925,496,0,48,0.047,1,COM7
2,141011,37,rpm,-337,488,36.8,36.8,3925,496,0,49,0.047,1,COM7
2,141032,37,rpm,29,487,36.8,36.8,3925,496,0,49,0.047,1,COM7
2,141053,37,rpm,251,487,36.8,36.8,3925,496,0,49,0.048,1,COM7
2,141073,37,rpm,685,486,36.8,36.8,3925,496,0,49,0.048,1,COM7
2,141094,37,rpm,862,486,36.8,36.8,3925,496,0,49,0.048,1,COM7
2,141115,37,rpm,859,485,36.8,36.8,3925,496,0,50,0.048,1,COM7
2,141135,37,rpm,712,485,36.8,36.8,3925,496,0,50,0.048,1,COM7
2,141156,37,rpm,716,484,36.8,36.8,3925,496,0,50,0.048,1,COM7
2,141177,37,rpm,631,484,36.8,36.8,3925,496,0,50,0.049,1,COM7
2,141198,37,rpm,518,483,36.8,36.8,3925,496,0,50,0.049,1,COM7
2,141218,37,rpm,440,483,36.8,36.8,3925,496,0,50,0.049,1,COM7
2,141239,37,rpm,329,482,36.8,36.8,3925,496,0,50,0.049,1,COM7
2,141260,37,rpm,-22,482,36.8,36.8,3925,496,0,51,0.049,1,COM7
2,141280,37,rpm,-249,481,36.8,36.8,3925,496,0,51,0.049,1,COM7
2,141301,37,rpm,122,481,36.8,36.8,3925,496,0,51,0.049,1,COM7
2,141322,37,rpm,602,480,36.8,36.8,3925,496,0,51,0.05,1,COM7
2,141343,37,rpm,694,480,36.8,36.8,3925,496,0,51,0.05,1,COM7
2,141363,37,rpm,919,479,36.8,36.8,3925,496,0,51,0.05,1,COM7
2,141384,37,rpm,861,479,36.8,36.8,3925,496,0,52,0.05,1,COM7
2,141405,37,rpm,688,478,36.8,36.8,3925,496,0,52,0.05,1,COM7
2,141425,37,rpm,592,478,36.8,36.8,3925,496,0,52,0.05,1,COM7
2,141446,37,rpm,619,477,36.8,36.8,3925,496,0,52,0.051,1,COM7
2,141467,37,rpm,495,477,36.8,36.8,3925,496,0,52,0.051,1,COM7
2,141487,37,rpm,325,476,36.8,36.8,3925,496,0,52,0.051,1,COM7
2,141508,37,rpm,202,476,36.8,36.8,3925,496,0,53,0.051,1,COM7
2,141529,37,rpm,-389,476,36.8,36.8,3925,496,0,53,0.051,1,COM7
2,141550,37,rpm,76,475,36.8,36.8,3925,496,0,53,0.051,1,COM7
2,141570,37,rpm,451,475,36.8,36.8,3925,496,0,53,0.052,1,COM7
2,141591,37,rpm,801,474,36.8,36.8,3925,496,0,53,0.052,1,COM7
2,141612,37,rpm,952,474,36.8,36.8,3925,496,0,53,0.052,1,COM7
2,141632,37,rpm,762,473,36.8,36.8,3925,496,0,54,0.052,1,COM7
2,141653,37,rpm,802,473,36.8,36.8,3925,496,0,54,0.052,1,COM7
2,141673,37,rpm,699,473,36.8,36.8,3925,496,0,54,0.052,1,COM7
2,141694,37,rpm,530,472,36.8,36.8,3925,496,0,54,0.052,1,COM7
2,141715,37,rpm,517,472,36.8,36.8,3925,496,0,54,0.053,1,COM7
2,141736,37,rpm,386,471,36.8,36.8,3925,496,0,54,0.053,1,COM7
2,141756,37,rpm,211,471,36.8,36.8,3925,496,0,55,0.053,1,COM7
2,141777,37,rpm,-354,471,36.8,36.8,3925,496,0,55,0.053,1,COM7
2,141798,37,rpm,64,470,36.8,36.8,3925,496,0,55,0.053,1,COM7
2,141818,37,rpm,384,470,36.8,36.8,3925,496,0,55,0.053,1,COM7
2,141839,37,rpm,672,469,36.8,36.8,3925,496,0,55,0.054,1,COM7
2,141860,37,rpm,926,469,36.8,36.8,3925,496,0,55,0.054,1,COM7
2,141880,37,rpm,841,469,36.8,36.8,3925,496,0,56,0.054,1,COM7
2,141901,37,rpm,682,468,36.8,36.8,3925,496,0,56,0.054,1,COM7
2,141922,37,rpm,699,468,36.8,36.8,3925,496,0,56,0.054,1,COM7
2,141942,37,rpm,630,468,36.8,36.8,3925,496,0,56,0.054,1,COM7
2,141963,37,rpm,510,467,36.8,36.8,3925,496,0,56,0.055,1,COM7
2,141984,37,rpm,384,467,36.8,36.8,3925,496,0,56,0.055,1,COM7
2,142004,37,rpm,312,467,36.8,36.8,3925,496,0,57,0.055,1,COM7
2,142025,37,rpm,-273,466,36.8,36.8,3925,496,0,57,0.055,1,COM7
2,142046,37,rpm,-42,466,36.8,36.8,3925,496,0,57,0.055,1,COM7
2,142067,37,rpm,217,466,36.8,36.8,3925,496,0,57,0.055,1,COM7
2,142087,37,rpm,687,465,36.8,36.8,3925,496,0,57,0.055,1,COM7
2,142108,37,rpm,737,465,36.8,36.8,3925,496,0,57,0.056,1,COM7
2,142129,37,rpm,900,465,36.8,36.8,3925,496,0,58,0.056,1,COM7
2,142149,37,rpm,841,464,36.8,36.8,3925,496,0,58,0.056,1,COM7
2,142170,37,rpm,665,464,36.8,36.8,3925,496,0,58,0.056,1,COM7
2,142191,37,rpm,594,464,36.8,36.8,3925,496,0,58,0.056,1,COM7
2,142211,37,rpm,589,464,36.8,36.8,3925,496,0,58,0.056,1,COM7
2,142232,37,rpm,464,463,36.8,36.8,3925,496,0,58,0.057,1,COM7
2,142253,37,rpm,316,463,36.8,36.8,3925,496,0,58,0.057,1,COM7
2,142274,37,rpm,135,463,36.8,36.8,3925,496,0,59,0.057,1,COM7
2,142294,37,rpm,-330,463,36.8,36.8,3925,496,0,59,0.057,1,COM7
2,142315,37,rpm,75,462,36.8,36.8,3925,496,0,59,0.057,1,COM7
2,142336,37,rpm,469,462,36.8,36.8,3925,496,0,59,0.057,1,COM7
2,142356,37,rpm,775,462,36.8,36.8,3925,496,0,59,0.057,1,COM7
2,142377,37,rpm,848,462,36.8,36.8,3925,496,0,59,0.058,1,COM7
2,142398,37,rpm,780,461,36.8,36.8,3925,496,0,60,0.058,1,COM7
2,142419,37,rpm,798,461,36.8,36.8,3925,496,0,60,0.058,1,COM7
2,142439,37,rpm,664,461,36.8,36.8,3925,496,0,60,0.058,1,COM7
2,142460,37,rpm,510,461,36.8,36.8,3925,496,0,60,0.058,1,COM7
2,142481,37,rpm,550,460,36.8,36.8,3925,496,0,60,0.058,1,COM7
2,142501,37,rpm,401,460,36.8,36.8,3925,496,0,60,0.059,1,COM7
2,142522,37,rpm,254,460,36.8,36.8,3925,496,0,61,0.059,1,COM7
2,142543,37,rpm,-372,460,36.8,36.8,3925,496,0,61,0.059,1,COM7
2,142563,37,rpm,36,460,36.8,36.8,3925,496,0,61,0.059,1,COM7
2,142584,37,rpm,305,460,36.8,36.8,3925,496,0,61,0.059,1,COM7
2,142605,37,rpm,659,459,36.8,36.8,3925,496,0,61,0.059,1,COM7
2,142625,37,rpm,864,459,36.8,36.8,3925,496,0,61,0.059,1,COM7
2,142646,37,rpm,896,459,36.8,36.8,3925,496,0,61,0.06,1,COM7
2,142667,37,rpm,695,459,36.8,36.8,3925,496,0,62,0.06,1,COM7
2,142687,37,rpm,687,459,36.8,36.8,3925,496,0,62,0.06,1,COM7
2,142708,37,rpm,644,459,36.8,36.8,3925,496,0,62,0.06,1,COM7
2,142729,37,rpm,530,458,36.8,36.8,3925,496,0,62,0.06,1,COM7
2,142749,37,rpm,415,458,36.8,36.8,3925,496,0,62,0.06,1,COM7
2,142770,37,rpm,328,458,36.8,36.8,3925,496,0,62,0.061,1,COM7
2,142791,37,rpm,-34,458,36.8,36.8,3925,496,0,63,0.061,1,COM7
2,142812,37,rpm,-236,458,36.8,36.8,3925,496,0,63,0.061,1,COM7
2,142832,37,rpm,127,458,36.8,36.8,3925,496,0,63,0.061,1,COM7
2,142853,37,rpm,611,458,36.8,36.8,3925,496,0,63,0.061,1,COM7
2,142874,37,rpm,729,458,36.8,36.8,3925,496,0,63,0.061,1,COM7
2,142894,37,rpm,876,457,36.8,36.8,3925,496,0,63,0.061,1,COM7
2,142915,37,rpm,884,457,36.8,36.8,3925,496,0,64,0.062,1,COM7
2,142936,37,rpm,681,457,36.8,36.8,3925,496,0,64,0.062,1,COM7
2,142956,37,rpm,585,457,36.8,36.8,3925,496,0,64,0.062,1,COM7
2,142977,37,rpm,594,457,36.8,36.8,3925,496,0,64,0.062,1,COM7
2,142998,37,rpm,511,457,36.8,36.8,3925,496,0,64,0.062,1,COM7
2,143019,37,rpm,332,457,36.8,36.8,3925,496,0,64,0.062,1,COM7
2,143039,37,rpm,184,457,36.8,36.8,3925,496,0,64,0.063,1,COM7
2,143060,37,rpm,-370,457,36.8,36.8,3925,496,0,65,0.063,1,COM7
2,143081,37,rpm,86,457,36.8,36.8,3925,496,0,65,0.063,1,COM7
2,143101,37,rpm,453,457,36.8,36.8,3925,496,0,65,0.063,1,COM7
2,143122,37,rpm,793,457,36.8,36.8,3925,496,0,65,0.063,1,COM7
2,143143,37,rpm,954,456,36.8,36.8,3925,496,0,65,0.063,1,COM7
2,143163,37,rpm,745,456,36.8,36.8,3925,496,0,65,0.063,1,COM7
2,143184,37,rpm,815,456,36.8,36.8,3925,496,0,66,0.064,1,COM7
2,143205,37,rpm,709,456,36.8,36.8,3925,496,0,66,0.064,1,COM7
2,143225,37,rpm,567,456,36.8,36.8,3925,496,0,66,0.064,1,COM7
2,143246,37,rpm,459,456,36.8,36.8,3925,496,0,66,0.064,1,COM7
2,143267,37,rpm,394,456,36.8,36.8,3925,496,0,66,0.064,1,COM7
2,143287,37,rpm,198,456,36.8,36.8,3925,496,0,66,0.064,1,COM7
2,143308,37,rpm,-390,456,36.8,36.8,3925,496,0,67,0.065,1,COM7
2,143329,37,rpm,70,456,36.8,36.8,3925,496,0,67,0.065,1,COM7
2,143349,37,rpm,429,456,36.8,36.8,3925,496,0,67,0.065,1,COM7
2,143370,37,rpm,647,456,36.8,36.8,3925,496,0,67,0.065,1,COM7
2,143391,37,rpm,915,456,36.8,36.8,3925,496,0,67,0.065,1,COM7
2,143412,37,rpm,880,456,36.8,36.8,3925,496,0,67,0.065,1,COM7
2,143432,37,rpm,685,456,36.8,36.8,3925,496,0,67,0.065,1,COM7
2,143453,37,rpm,665,456,36.8,36.8,3925,496,0,68,0.066,1,COM7
2,143474,37,rpm,637,456,36.8,36.8,3925,496,0,68,0.066,1,COM7
2,143494,37,rpm,519,456,36.8,36.8,3925,496,0,68,0.066,1,COM7
2,143515,37,rpm,370,456,36.8,36.8,3925,496,0,68,0.066,1,COM7
2,143536,37,rpm,317,456,36.8,36.8,3925,496,0,68,0.066,1,COM7
2,143556,37,rpm,-260,456,36.8,36.8,3925,496,0,68,0.066,1,COM7
2,143577,37,rpm,-38,456,36.8,36.8,3925,496,0,69,0.067,1,COM7
2,143598,37,rpm,221,456,36.8,36.8,3925,496,0,69,0.067,1,COM7
2,143618,37,rpm,687,456,36.8,36.8,3925,496,0,69,0.067,1,COM7
2,143639,37,rpm,734,456,36.8,36.8,3925,496,0,69,0.067,1,COM7
2,143660,37,rpm,859,456,36.8,36.8,3925,496,0,69,0.067,1,COM7
2,143680,37,rpm,836,456,36.8,36.8,3925,496,0,69,0.067,1,COM7
2,143701,37,rpm,673,456,36.8,36.8,3925,496,0,70,0.067,1,COM7
2,143722,37,rpm,571,456,36.8,36.8,3925,496,0,70,0.068,1,COM7
2,143743,37,rpm,573,457,36.8,36.8,3925,496,0,70,0.068,1,COM7
2,143763,37,rpm,468,457,36.8,36.8,3925,496,0,70,0.068,1,COM7
2,143784,37,rpm,319,457,36.8,36.8,3925,496,0,70,0.068,1,COM7
2,143805,37,rpm,93,457,36.8,36.8,3925,496,0,70,0.068,1,COM7
2,143825,37,rpm,-298,457,36.8,36.8,3925,496,0,70,0.068,1,COM7
2,143846,37,rpm,90,457,36.8,36.8,3925,496,0,71,0.069,1,COM7
2,143867,37,rpm,484,457,36.8,36.8,3925,496,0,71,0.069,1,COM7
2,143887,37,rpm,765,457,36.8,36.8,3925,496,0,71,0.069,1,COM7
2,143908,37,rpm,860,457,36.8,36.8,3925,496,0,71,0.069,1,COM7
2,143929,37,rpm,760,457,36.8,36.8,3925,496,0,71,0.069,1,COM7
2,143949,37,rpm,796,457,36.8,36.8,3925,496,0,71,0.069,1,COM7
2,143970,37,rpm,675,457,36.8,36.8,3925,496,0,72,0.069,1,COM7
2,143991,37,rpm,510,457,36.8,36.8,3925,496,0,72,0.07,1,COM7
2,144012,37,rpm,542,457,36.8,36.8,3925,496,0,72,0.07,1,COM7
2,144032,37,rpm,404,457,36.8,36.8,3925,496,0,72,0.07,1,COM7
2,144053,37,rpm,252,458,36.8,36.8,3925,496,0,72,0.07,1,COM7
2,144073,37,rpm,-378,458,36.8,36.8,3925,496,0,72,0.07,1,COM7
2,144094,37,rpm,38,458,36.8,36.8,3925,496,0,73,0.07,1,COM7
2,144115,37,rpm,296,458,36.8,36.8,3925,496,0,73,0.07,1,COM7
2,144136,37,rpm,661,458,36.8,36.8,3925,496,0,73,0.071,1,COM7
2,144156,37,rpm,857,458,36.8,36.8,3925,496,0,73,0.071,1,COM7
2,144177,37,rpm,907,458,36.8,36.8,3925,496,0,73,0.071,1,COM7
2,144198,37,rpm,690,458,36.8,36.8,3925,496,0,73,0.071,1,COM7
2,144218,37,rpm,676,458,36.8,36.8,3925,496,0,73,0.071,1,COM7
2,144239,37,rpm,639,458,36.8,36.8,3925,496,0,74,0.071,1,COM7
2,144260,37,rpm,536,458,36.8,36.8,3925,496,0,74,0.072,1,COM7
2,144280,37,rpm,413,459,36.8,36.8,3925,496,0,74,0.072,1,COM7
2,144301,37,rpm,322,459,36.8,36.8,3925,496,0,74,0.072,1,COM7
2,144322,37,rpm,-33,459,36.8,36.8,3925,496,0,74,0.072,1,COM7
2,144342,37,rpm,-226,459,36.8,36.8,3925,496,0,74,0.072,1,COM7
2,144363,37,rpm,131,459,36.8,36.8,3925,496,0,75,0.072,1,COM7
2,144384,37,rpm,627,459,36.8,36.8,3925,496,0,75,0.072,1,COM7
2,144405,37,rpm,720,459,36.8,36.8,3925,496,0,75,0.073,1,COM7
2,144425,37,rpm,852,459,36.8,36.8,3925,496,0,75,0.073,1,COM7
2,144446,37,rpm,866,459,36.8,36.8,3925,496,0,75,0.073,1,COM7
2,144467,37,rpm,708,460,36.8,36.8,3925,496,0,75,0.073,1,COM7
2,144487,37,rpm,594,460,36.8,36.8,3925,496,0,76,0.073,1,COM7
2,144508,37,rpm,585,460,36.8,36.8,3925,496,0,76,0.073,1,COM7
2,144529,37,rpm,507,460,36.8,36.8,3925,496,0,76,0.074,1,COM7
2,144549,37,rpm,329,460,36.8,36.8,3925,496,0,76,0.074,1,COM7
2,144570,37,rpm,188,460,36.8,36.8,3925,496,0,76,0.074,1,COM7
2,144591,37,rpm,-381,460,36.8,36.8,3925,496,0,76,0.074,1,COM7
2,144611,37,rpm,78,460,36.8,36.8,3925,496,0,76,0.074,1,COM7
2,144632,37,rpm,428,461,36.8,36.8,3925,496,0,77,0.074,1,COM7
2,144653,37,rpm,799,461,36.8,36.8,3925,496,0,77,0.074,1,COM7
2,144673,37,rpm,983,461,36.8,36.8,3925,496,0,77,0.075,1,COM7
2,144694,37,rpm,727,461,36.8,36.8,3925,496,0,77,0.075,1,COM7
2,144715,37,rpm,800,461,36.8,36.8,3925,496,0,77,0.075,1,COM7
2,144735,37,rpm,724,461,36.8,36.8,3925,496,0,77,0.075,1,COM7
2,144756,37,rpm,540,461,36.8,36.8,3925,496,0,78,0.075,1,COM7
2,144777,37,rpm,488,461,36.8,36.8,3925,496,0,78,0.075,1,COM7
2,144798,37,rpm,386,462,36.8,36.8,3925,496,0,78,0.076,1,COM7
2,144818,37,rpm,204,462,36.8,36.8,3925,496,0,78,0.076,1,COM7
2,144839,37,rpm,-377,462,36.8,36.8,3925,496,0,78,0.076,1,COM7
2,144860,37,rpm,69,462,36.8,36.8,3925,496,0,78,0.076,1,COM7
2,144880,37,rpm,422,462,36.8,36.8,3925,496,0,79,0.076,1,COM7
2,144901,37,rpm,652,462,36.8,36.8,3925,496,0,79,0.076,1,COM7
2,144922,37,rpm,902,462,36.8,36.8,3925,496,0,79,0.076,1,COM7
2,144942,37,rpm,888,462,36.8,36.8,3925,496,0,79,0.077,1,COM7
2,144963,37,rpm,692,463,36.8,36.8,3925,496,0,79,0.077,1,COM7
2,144984,37,rpm,652,463,36.8,36.8,3925,496,0,79,0.077,1,COM7
2,145004,37,rpm,637,463,36.8,36.8,3925,496,0,79,0.077,1,COM7
2,145025,37,rpm,521,463,36.8,36.8,3925,496,0,80,0.077,1,COM7
2,145046,37,rpm,378,463,36.8,36.8,3925,496,0,80,0.077,1,COM7
2,145066,37,rpm,306,463,36.8,36.8,3925,496,0,80,0.078,1,COM7
2,145087,37,rpm,-195,463,36.8,36.8,3925,496,0,80,0.078,1,COM7
2,145108,37,rpm,-89,463,36.8,36.8,3925,496,0,80,0.078,1,COM7
2,145128,37,rpm,185,464,36.8,36.8,3925,496,0,80,0.078,1,COM7
2,145149,37,rpm,692,464,36.8,36.8,3925,496,0,81,0.078,1,COM7
2,145170,37,rpm,742,464,36.8,36.8,3925,496,0,81,0.078,1,COM7
2,145191,37,rpm,853,464,36.8,36.8,3925,496,0,81,0.079,1,COM7
2,145211,37,rpm,835,464,36.8,36.8,3925,496,0,81,0.079,1,COM7
2,145232,37,rpm,696,464,36.8,36.8,3925,496,0,81,0.079,1,COM7
2,145253,37,rpm,564,464,36.8,36.8,3925,496,0,81,0.079,1,COM7
2,145273,37,rpm,575,464,36.8,36.8,3925,496,0,82,0.079,1,COM7
2,145294,37,rpm,471,465,36.8,36.8,3925,496,0,82,0.079,1,COM7
2,145315,37,rpm,314,465,36.8,36.8,3925,496,0,82,0.079,1,COM7
2,145335,37,rpm,87,465,36.8,36.8,3925,496,0,82,0.08,1,COM7
2,145356,37,rpm,-301,465,36.8,36.8,3925,496,0,82,0.08,1,COM7
2,145377,37,rpm,89,465,36.8,36.8,3925,496,0,82,0.08,1,COM7
2,145398,37,rpm,486,465,36.8,36.8,3925,496,0,83,0.08,1,COM7
2,145418,37,rpm,785,465,36.8,36.8,3925,496,0,83,0.08,1,COM7
2,145439,37,rpm,881,465,36.8,36.8,3925,496,0,83,0.08,1,COM7
2,145460,37,rpm,754,466,36.8,36.8,3925,496,0,83,0.081,1,COM7
2,145480,37,rpm,774,466,36.8,36.8,3925,496,0,83,0.081,1,COM7
2,145501,37,rpm,681,466,36.8,36.8,3925,496,0,83,0.081,1,COM7
2,145522,37,rpm,515,466,36.8,36.8,3925,496,0,84,0.081,1,COM7
2,145542,37,rpm,538,466,36.8,36.8,3925,496,0,84,0.081,1,COM7
2,145563,37,rpm,400,466,36.8,36.8,3925,496,0,84,0.081,1,COM7
2,145584,37,rpm,253,466,36.8,36.8,3925,496,0,84,0.081,1,COM7
2,145604,37,rpm,-385,466,36.8,36.8,3925,496,0,84,0.082,1,COM7
2,145625,37,rpm,36,466,36.8,36.8,3925,496,0,84,0.082,1,COM7
2,145646,37,rpm,318,467,36.8,36.8,3925,496,0,84,0.082,1,COM7
2,145667,37,rpm,651,467,36.8,36.8,3925,496,0,85,0.082,1,COM7
2,145687,37,rpm,846,467,36.8,36.8,3925,496,0,85,0.082,1,COM7
2,145708,37,rpm,906,467,36.8,36.8,3925,496,0,85,0.082,1,COM7
2,145728,37,rpm,708,467,36.8,36.8,3925,496,0,85,0.083,1,COM7
2,145749,37,rpm,663,467,36.8,36.8,3925,496,0,85,0.083,1,COM7
2,145770,37,rpm,648,467,36.8,36.8,3925,496,0,85,0.083,1,COM7
2,145791,37,rpm,540,467,36.8,36.8,3925,496,0,86,0.083,1,COM7
2,145811,37,rpm,407,467,36.8,36.8,3925,496,0,86,0.083,1,COM7
2,145832,37,rpm,321,468,36.8,36.8,3925,496,0,86,0.083,1,COM7
2,145853,37,rpm,-63,468,36.8,36.8,3925,496,0,86,0.083,1,COM7
2,145873,37,rpm,-225,468,36.8,36.8,3925,496,0,86,0.084,1,COM7
2,145894,37,rpm,129,468,36.8,36.8,3925,496,0,86,0.084,1,COM7
2,145915,37,rpm,635,468,36.8,36.8,3925,496,0,87,0.084,1,COM7
2,145935,37,rpm,731,468,36.8,36.8,3925,496,0,87,0.084,1,COM7
2,145956,37,rpm,846,468,36.8,36.8,3925,496,0,87,0.084,1,COM7
2,145977,37,rpm,862,468,36.8,36.8,3925,496,0,87,0.084,1,COM7
2,145997,37,rpm,722,468,36.8,36.8,3925,496,0,87,0.085,1,COM7
2,146018,37,rpm,578,468,36.8,36.8,3925,496,0,87,0.085,1,COM7
2,146039,37,rpm,589,469,36.8,36.8,3925,496,0,88,0.085,1,COM7
2,146059,37,rpm,511,469,36.8,36.8,3925,496,0,88,0.085,1,COM7
2,146080,37,rpm,326,469,36.8,36.8,3925,496,0,88,0.085,1,COM7
2,146101,37,rpm,174,469,36.8,36.8,3925,496,0,88,0.085,1,COM7
2,146122,37,rpm,-376,469,36.8,36.8,3925,496,0,88,0.086,1,COM7
2,146142,37,rpm,89,469,36.8,36.8,3925,496,0,88,0.086,1,COM7
2,146163,37,rpm,455,469,36.8,36.8,3925,496,0,88,0.086,1,COM7
2,146184,37,rpm,790,469,36.8,36.8,3925,496,0,89,0.086,1,COM7
2,146204,37,rpm,995,469,36.8,36.8,3925,496,0,89,0.086,1,COM7
2,146225,37,rpm,724,469,36.8,36.8,3925,496,0,89,0.086,1,COM7
2,146246,37,rpm,788,469,36.8,36.8,3925,496,0,89,0.086,1,COM7
2,146266,37,rpm,713,470,36.8,36.8,3925,496,0,89,0.087,1,COM7
2,146287,37,rpm,545,470,36.8,36.8,3925,496,0,89,0.087,1,COM7
2,146308,37,rpm,461,470,36.8,36.8,3925,496,0,90,0.087,1,COM7
2,146328,37,rpm,387,470,36.8,36.8,3925,496,0,90,0.087,1,COM7
2,146349,37,rpm,197,470,36.8,36.8,3925,496,0,90,0.087,1,COM7
2,146370,37,rpm,-353,470,36.8,36.8,3925,496,0,90,0.087,1,COM7
2,146390,37,rpm,71,470,36.8,36.8,3925,496,0,90,0.088,1,COM7
2,146411,37,rpm,451,470,36.8,36.8,3925,496,0,90,0.088,1,COM7
2,146432,37,rpm,646,470,36.8,36.8,3925,496,0,91,0.088,1,COM7
2,146452,37,rpm,902,470,36.8,36.8,3925,496,0,91,0.088,1,COM7
2,146473,37,rpm,868,470,36.8,36.8,3925,496,0,91,0.088,1,COM7
2,146494,37,rpm,687,470,36.8,36.8,3925,496,0,91,0.088,1,COM7
2,146515,37,rpm,629,470,36.8,36.8,3925,496,0,91,0.089,1,COM7
2,146535,37,rpm,634,470,36.8,36.8,3925,496,0,91,0.089,1,COM7
2,146556,37,rpm,528,470,36.8,36.8,3925,496,0,92,0.089,1,COM7
2,146577,37,rpm,365,471,36.8,36.8,3925,496,0,92,0.089,1,COM7
2,146597,37,rpm,303,471,36.8,36.8,3925,496,0,92,0.089,1,COM7
2,146618,37,rpm,-313,471,36.8,36.8,3925,496,0,92,0.089,1,COM7
2,146639,37,rpm,-10,471,36.8,36.8,3925,496,0,92,0.089,1,COM7
2,146659,37,rpm,233,471,36.8,36.8,3925,496,0,92,0.09,1,COM7
2,146680,37,rpm,708,471,36.8,36.8,3925,496,0,93,0.09,1,COM7
2,146701,37,rpm,784,471,36.8,36.8,3925,496,0,93,0.09,1,COM7
2,146722,37,rpm,826,471,36.8,36.8,3925,496,0,93,0.09,1,COM7
2,146742,37,rpm,827,471,36.8,36.8,3925,496,0,93,0.09,1,COM7
2,146763,37,rpm,699,471,36.8,36.8,3925,496,0,93,0.09,1,COM7
2,146784,37,rpm,567,471,36.8,36.8,3925,496,0,93,0.091,1,COM7
2,146804,37,rpm,569,471,36.8,36.8,3925,496,0,94,0.091,1,COM7
2,146825,37,rpm,474,471,36.8,36.8,3925,496,0,94,0.091,1,COM7
2,146845,37,rpm,319,471,36.8,36.8,3925,496,0,94,0.091,1,COM7
2,146866,37,rpm,86,471,36.8,36.8,3925,496,0,94,0.091,1,COM7
2,146887,37,rpm,-302,471,36.8,36.8,3925,496,0,94,0.091,1,COM7
2,146908,37,rpm,97,471,36.8,36.8,3925,496,0,94,0.092,1,COM7
2,146928,37,rpm,488,471,36.8,36.8,3925,496,0,94,0.092,1,COM7
2,146949,37,rpm,774,471,36.8,36.8,3925,496,0,95,0.092,1,COM7
2,146970,37,rpm,861,471,36.8,36.8,3925,496,0,95,0.092,1,COM7
2,146990,37,rpm,740,471,36.8,36.8,3925,496,0,95,0.092,1,COM7
2,147011,37,rpm,789,471,36.8,36.8,3925,496,0,95,0.092,1,COM7
2,147032,37,rpm,677,471,36.8,36.8,3925,496,0,95,0.092,1,COM7
2,147052,37,rpm,517,472,36.8,36.8,3925,496,0,95,0.093,1,COM7
2,147073,37,rpm,526,472,36.8,36.8,3925,496,0,96,0.093,1,COM7
2,147094,37,rpm,402,472,36.8,36.8,3925,496,0,96,0.093,1,COM7
2,147114,37,rpm,254,472,36.8,36.8,3925,496,0,96,0.093,1,COM7
2,147135,37,rpm,-367,472,36.8,36.8,3925,496,0,96,0.093,1,COM7
2,147156,37,rpm,37,472,36.8,36.8,3925,496,0,96,0.093,1,COM7
2,147176,37,rpm,313,472,36.8,36.8,3925,496,0,96,0.094,1,COM7
2,147197,37,rpm,654,472,36.8,36.8,3925,496,0,97,0.094,1,COM7
2,147218,37,rpm,841,472,36.8,36.8,3925,496,0,97,0.094,1,COM7
2,147238,37,rpm,900,472,36.8,36.8,3925,496,0,97,0.094,1,COM7
2,147259,37,rpm,704,472,36.8,36.8,3925,496,0,97,0.094,1,COM7
2,147280,37,rpm,666,472,36.8,36.8,3925,496,0,97,0.094,1,COM7
2,147300,37,rpm,641,472,36.8,36.8,3925,496,0,97,0.094,1,COM7
2,147321,37,rpm,533,472,36.8,36.8,3925,496,0,98,0.095,1,COM7
2,147342,37,rpm,403,472,36.8,36.8,3925,496,0,98,0.095,1,COM7
2,147362,37,rpm,323,472,36.8,36.8,3925,496,0,98,0.095,1,COM7
2,147383,37,rpm,-38,472,36.8,36.8,3925,496,0,98,0.095,1,COM7
2,147404,37,rpm,-222,472,36.8,36.8,3925,496,0,98,0.095,1,COM7
2,147425,37,rpm,125,472,36.8,36.8,3925,496,0,98,0.095,1,COM7
2,147445,37,rpm,626,472,36.8,36.8,3925,496,0,99,0.096,1,COM7
2,147466,37,rpm,736,472,36.8,36.8,3925,496,0,99,0.096,1,COM7
2,147487,37,rpm,854,472,36.8,36.8,3925,496,0,99,0.096,1,COM7
2,147507,37,rpm,860,472,36.8,36.8,3925,496,0,99,0.096,1,COM7
2,147528,37,rpm,700,472,36.8,36.8,3925,496,0,99,0.096,1,COM7
2,147549,37,rpm,578,472,36.8,36.8,3925,496,0,99,0.096,1,COM7
2,147569,37,rpm,569,472,36.8,36.8,3925,496,0,100,0.097,1,COM7
2,147590,37,rpm,509,472,36.8,36.8,3925,496,0,100,0.097,1,COM7
2,147611,37,rpm,339,472,36.8,36.8,3925,496,0,100,0.097,1,COM7
2,147631,37,rpm,170,472,36.8,36.8,3925,496,0,100,0.097,1,COM7
2,147652,37,rpm,-374,472,36.8,36.8,3925,496,0,100,0.097,1,COM7
2,147673,37,rpm,92,472,36.8,36.8,3925,496,0,100,0.097,1,COM7
2,147694,37,rpm,450,472,36.8,36.8,3925,496,0,101,0.098,1,COM7
2,147714,37,rpm,792,472,36.8,36.8,3925,496,0,101,0.098,1,COM7
2,147735,37,rpm,964,472,36.8,36.8,3925,496,0,101,0.098,1,COM7
2,147756,37,rpm,731,472,36.8,36.8,3925,496,0,101,0.098,1,COM7
2,147777,37,rpm,779,472,36.8,36.8,3925,496,0,101,0.098,1,COM7
2,147797,37,rpm,708,472,36.8,36.8,3925,496,0,101,0.098,1,COM7
2,147818,37,rpm,557,472,36.8,36.8,3925,496,0,101,0.098,1,COM7
2,147839,37,rpm,451,472,36.8,36.8,3925,496,0,102,0.099,1,COM7
2,147860,37,rpm,380,472,36.8,36.8,3925,496,0,102,0.099,1,COM7
2,147880,37,rpm,184,472,36.8,36.8,3925,496,0,102,0.099,1,COM7
2,147901,37,rpm,-377,472,36.8,36.8,3925,496,0,102,0.099,1,COM7
2,147922,37,rpm,71,472,36.8,36.8,3925,496,0,102,0.099,1,COM7
2,147942,37,rpm,459,472,36.8,36.8,3925,496,0,102,0.099,1,COM7
2,147963,37,rpm,657,472,36.8,36.8,3925,496,0,103,0.1,1,COM7
2,147984,37,rpm,868,472,36.8,36.8,3925,496,0,103,0.1,1,COM7
2,148004,37,rpm,900,472,36.8,36.8,3925,496,0,103,0.1,1,COM7
2,148025,37,rpm,704,472,36.8,36.8,3925,496,0,103,0.1,1,COM7
2,148046,37,rpm,616,472,36.8,36.8,3925,496,0,103,0.1,1,COM7
2,148067,37,rpm,615,472,36.8,36.8,3925,496,0,103,0.1,1,COM7
2,148087,37,rpm,538,472,36.8,36.8,3925,496,0,104,0.1,1,COM7
2,148108,37,rpm,364,471,36.8,36.8,3925,496,0,104,0.101,1,COM7
2,148129,37,rpm,286,471,36.8,36.8,3925,496,0,104,0.101,1,COM7
2,148150,37,rpm,-324,471,36.8,36.8,3925,496,0,104,0.101,1,COM7
2,148170,37,rpm,10,471,36.8,36.8,3925,496,0,104,0.101,1,COM7
2,148191,37,rpm,242,471,36.8,36.8,3925,496,0,104,0.101,1,COM7
2,148212,37,rpm,715,471,36.8,36.8,3925,496,0,105,0.101,1,COM7
2,148233,37,rpm,838,471,36.8,36.8,3925,496,0,105,0.102,1,COM7
2,148253,37,rpm,793,471,36.8,36.8,3925,496,0,105,0.102,1,COM7
2,148274,37,rpm,770,471,36.8,36.8,3925,496,0,105,0.102,1,COM7
2,148295,37,rpm,737,471,36.8,36.8,3925,496,0,105,0.102,1,COM7
2,148315,37,rpm,616,471,36.8,36.8,3925,496,0,105,0.102,1,COM7
2,148336,37,rpm,495,471,36.8,36.8,3925,496,0,106,0.102,1,COM7
2,148357,37,rpm,463,471,36.8,36.8,3925,496,0,106,0.103,1,COM7
2,148378,37,rpm,334,471,36.8,36.8,3925,496,0,106,0.103,1,COM7
2,148398,37,rpm,48,471,36.8,36.8,3925,496,0,106,0.103,1,COM7
2,148419,37,rpm,-283,471,36.8,36.8,3925,496,0,106,0.103,1,COM7
2,148440,37,rpm,108,471,36.8,36.8,3925,496,0,106,0.103,1,COM7
2,148460,37,rpm,494,471,36.8,36.8,3925,496,0,107,0.103,1,COM7
2,148481,37,rpm,743,471,36.8,36.8,3925,496,0,107,0.103,1,COM7
2,148502,37,rpm,937,471,36.8,36.8,3925,496,0,107,0.104,1,COM7
2,148523,37,rpm,768,471,36.8,36.8,3925,496,0,107,0.104,1,COM7
2,148543,37,rpm,682,471,36.8,36.8,3925,496,0,107,0.104,1,COM7
2,148564,37,rpm,687,471,36.8,36.8,3925,496,0,107,0.104,1,COM7
2,148585,37,rpm,572,471,36.8,36.8,3925,496,0,108,0.104,1,COM7
2,148605,37,rpm,467,471,36.8,36.8,3925,496,0,108,0.104,1,COM7
2,148626,37,rpm,386,471,36.8,36.8,3925,496,0,108,0.105,1,COM7
2,148647,37,rpm,248,471,36.8,36.8,3925,496,0,108,0.105,1,COM7
2,148668,37,rpm,-399,471,36.8,36.8,3925,496,0,108,0.105,1,COM7
2,148688,37,rpm,50,471,36.8,36.8,3925,496,0,108,0.105,1,COM7
2,148709,37,rpm,382,470,36.8,36.8,3925,496,0,108,0.105,1,COM7
2,148730,37,rpm,688,470,36.8,36.8,3925,496,0,109,0.105,1,COM7
2,148751,37,rpm,779,470,36.8,36.8,3925,496,0,109,0.106,1,COM7
2,148771,37,rpm,896,470,36.8,36.8,3925,496,0,109,0.106,1,COM7
2,148792,37,rpm,764,470,36.8,36.8,3925,496,0,109,0.106,1,COM7
2,148813,37,rpm,634,470,36.8,36.8,3925,496,0,109,0.106,1,COM7
2,148833,37,rpm,588,470,36.8,36.8,3925,496,0,109,0.106,1,COM7
2,148854,37,rpm,558,470,36.8,36.8,3925,496,0,110,0.106,1,COM7
2,148875,37,rpm,414,470,36.8,36.8,3925,496,0,110,0.106,1,COM7
2,148896,37,rpm,275,470,36.8,36.8,3925,496,0,110,0.107,1,COM7
2,148916,37,rpm,-137,470,36.8,36.8,3925,496,0,110,0.107,1,COM7
2,148937,37,rpm,-130,470,36.8,36.8,3925,496,0,110,0.107,1,COM7
2,148958,37,rpm,171,470,36.8,36.8,3925,496,0,110,0.107,1,COM7
2,148978,37,rpm,627,470,36.8,36.8,3925,496,0,111,0.107,1,COM7
2,148999,37,rpm,831,470,36.8,36.8,3925,496,0,111,0.107,1,COM7
2,149020,37,rpm,893,470,36.8,36.8,3925,496,0,111,0.108,1,COM7
2,149041,37,rpm,687,470,36.8,36.8,3925,496,0,111,0.108,1,COM7
2,149061,37,rpm,748,470,36.8,36.8,3925,496,0,111,0.108,1,COM7
2,149082,37,rpm,669,470,36.8,36.8,3925,496,0,111,0.108,1,COM7
2,149103,37,rpm,493,470,36.8,36.8,3925,496,0,112,0.108,1,COM7
2,149123,37,rpm,466,470,36.8,36.8,3925,496,0,112,0.108,1,COM7
2,149144,37,rpm,362,470,36.8,36.8,3925,496,0,112,0.109,1,COM7
2,149165,37,rpm,62,469,36.8,36.8,3925,496,0,112,0.109,1,COM7
2,149185,37,rpm,-303,469,36.8,36.8,3925,496,0,112,0.109,1,COM7
2,149206,37,rpm,105,469,36.8,36.8,3925,496,0,112,0.109,1,COM7
2,149227,37,rpm,560,469,36.8,36.8,3925,496,0,113,0.109,1,COM7
2,149248,37,rpm,677,469,36.8,36.8,3925,496,0,113,0.109,1,COM7
2,149268,37,rpm,992,469,36.8,36.8,3925,496,0,113,0.109,1,COM7
2,149289,37,rpm,876,469,36.8,36.8,3925,496,0,113,0.11,1,COM7
2,149310,37,rpm,650,469,36.8,36.8,3925,496,0,113,0.11,1,COM7
2,149330,37,rpm,660,469,36.8,36.8,3925,496,0,113,0.11,1,COM7
2,149351,37,rpm,613,469,36.8,36.8,3925,496,0,114,0.11,1,COM7
2,149372,37,rpm,444,469,36.8,36.8,3925,496,0,114,0.11,1,COM7
2,149393,37,rpm,324,469,36.8,36.8,3925,496,0,114,0.11,1,COM7
2,149413,37,rpm,132,469,36.8,36.8,3925,496,0,114,0.111,1,COM7
2,149434,37,rpm,-335,469,36.8,36.8,3925,496,0,114,0.111,1,COM7
2,149455,37,rpm,83,469,36.8,36.8,3925,496,0,114,0.111,1,COM7
2,149475,37,rpm,511,469,36.8,36.8,3925,496,0,114,0.111,1,COM7
2,149496,37,rpm,735,469,36.8,36.8,3925,496,0,115,0.111,1,COM7
2,149517,37,rpm,847,469,36.8,36.8,3925,496,0,115,0.111,1,COM7
2,149538,37,rpm,797,469,36.8,36.8,3925,496,0,115,0.112,1,COM7
2,149558,37,rpm,756,469,36.8,36.8,3925,496,0,115,0.112,1,COM7
2,149579,37,rpm,664,468,36.8,36.8,3925,496,0,115,0.112,1,COM7
2,149600,37,rpm,547,468,36.8,36.8,3925,496,0,115,0.112,1,COM7
2,149621,37,rpm,519,468,36.8,36.8,3925,496,0,116,0.112,1,COM7
2,149641,37,rpm,398,468,36.8,36.8,3925,496,0,116,0.112,1,COM7
2,149662,37,rpm,251,468,36.8,36.8,3925,496,0,116,0.112,1,COM7
2,149683,37,rpm,-342,468,36.8,36.8,3925,496,0,116,0.113,1,COM7
2,149703,37,rpm,28,468,36.8,36.8,3925,496,0,116,0.113,1,COM7
2,149724,37,rpm,311,468,36.8,36.8,3925,496,0,116,0.113,1,COM7
2,149745,37,rpm,608,468,36.8,36.8,3925,496,0,117,0.113,1,COM7
2,149766,37,rpm,847,468,36.8,36.8,3925,496,0,117,0.113,1,COM7
2,149786,37,rpm,915,468,36.8,36.8,3925,496,0,117,0.113,1,COM7
2,149807,37,rpm,644,468,36.8,36.8,3925,496,0,117,0.114,1,COM7
2,149828,37,rpm,689,468,36.8,36.8,3925,496,0,117,0.114,1,COM7
2,149848,37,rpm,658,468,36.8,36.8,3925,496,0,117,0.114,1,COM7
2,149869,37,rpm,501,468,36.8,36.8,3925,496,0,118,0.114,1,COM7
2,149890,37,rpm,400,468,36.8,36.8,3925,496,0,118,0.114,1,COM7
2,149910,37,rpm,345,468,36.8,36.8,3925,496,0,118,0.114,1,COM7
2,149931,37,rpm,-64,468,36.8,36.8,3925,496,0,118,0.115,1,COM7
2,149952,37,rpm,-221,468,36.8,36.8,3925,496,0,118,0.115,1,COM7
2,149973,37,rpm,136,468,36.8,36.8,3925,496,0,118,0.115,1,COM7
2,149993,37,rpm,611,467,36.8,36.8,3925,496,0,119,0.115,1,COM7
2,150014,37,rpm,684,467,36.8,36.8,3925,496,0,119,0.115,1,COM7
2,150035,37,rpm,902,467,36.8,36.8,3925,496,0,119,0.115,1,COM7
2,150055,37,rpm,871,467,36.8,36.8,3925,496,0,119,0.115,1,COM7
2,150076,37,rpm,649,467,36.8,36.8,3925,496,0,119,0.116,1,COM7
2,150097,37,rpm,621,467,36.8,36.8,3925,496,0,119,0.116,1,COM7
2,150117,37,rpm,594,467,36.8,36.8,3925,496,0,119,0.116,1,COM7
2,150138,37,rpm,484,467,36.8,36.8,3925,496,0,120,0.116,1,COM7
2,150159,37,rpm,347,467,36.8,36.8,3925,496,0,120,0.116,1,COM7
2,150180,37,rpm,220,467,36.8,36.8,3925,496,0,120,0.116,1,COM7
2,150200,37,rpm,-401,467,36.8,36.8,3925,496,0,120,0.117,1,COM7
2,150221,37,rpm,64,467,36.8,36.8,3925,496,0,120,0.117,1,COM7
2,150242,37,rpm,413,467,36.8,36.8,3925,496,0,120,0.117,1,COM7
2,150263,37,rpm,725,467,36.8,36.8,3925,496,0,121,0.117,1,COM7
2,150283,37,rpm,857,467,36.8,36.8,3925,496,0,121,0.117,1,COM7
2,150304,37,rpm,813,467,36.8,36.8,3925,496,0,121,0.117,1,COM7
2,150325,37,rpm,729,467,36.8,36.8,3925,496,0,121,0.117,1,COM7
2,150345,37,rpm,708,467,36.8,36.8,3925,496,0,121,0.118,1,COM7
2,150366,37,rpm,569,467,36.8,36.8,3925,496,0,121,0.118,1,COM7
2,150387,37,rpm,486,467,36.8,36.8,3925,496,0,122,0.118,1,COM7
2,150408,37,rpm,434,467,36.8,36.8,3925,496,0,122,0.118,1,COM7
2,150428,37,rpm,279,466,36.8,36.8,3925,496,0,122,0.118,1,COM7
2,150449,37,rpm,-270,466,36.8,36.8,3925,496,0,122,0.118,1,COM7
2,150470,37,rpm,-63,466,36.8,36.8,3925,496,0,122,0.119,1,COM7
2,150490,37,rpm,228,466,36.8,36.8,3925,496,0,122,0.119,1,COM7
2,150511,37,rpm,591,466,36.8,36.8,3925,496,0,123,0.119,1,COM7
2,150532,37,rpm,793,466,36.8,36.8,3925,496,0,123,0.119,1,COM7
2,150553,37,rpm,992,466,36.8,36.8,3925,496,0,123,0.119,1,COM7
2,150573,37,rpm,706,466,36.8,36.8,3925,496,0,123,0.119,1,COM7
2,150594,37,rpm,633,466,36.8,36.8,3925,496,0,123,0.12,1,COM7
2,150615,37,rpm,671,466,36.8,36.8,3925,496,0,123,0.12,1,COM7
2,150636,37,rpm,578,466,36.8,36.8,3925,496,0,124,0.12,1,COM7
2,150656,37,rpm,395,466,36.8,36.8,3925,496,0,124,0.12,1,COM7
2,150677,37,rpm,328,466,36.8,36.8,3925,496,0,124,0.12,1,COM7
2,150698,37,rpm,-24,466,36.8,36.8,3925,496,0,124,0.12,1,COM7
2,150719,37,rpm,-231,466,36.8,36.8,3925,496,0,124,0.12,1,COM7
2,150739,37,rpm,121,466,36.8,36.8,3925,496,0,124,0.121,1,COM7
2,150760,37,rpm,661,466,36.8,36.8,3925,496,0,124,0.121,1,COM7
2,150781,37,rpm,783,466,36.8,36.8,3925,496,0,125,0.121,1,COM7
2,150801,37,rpm,862,466,36.8,36.8,3925,496,0,125,0.121,1,COM7
2,150822,37,rpm,853,466,36.8,36.8,3925,496,0,125,0.121,1,COM7
2,150843,37,rpm,724,466,36.8,36.8,3925,496,0,125,0.121,1,COM7
2,150864,37,rpm,630,466,36.8,36.8,3925,496,0,125,0.122,1,COM7
2,150884,37,rpm,535,466,36.8,36.8,3925,496,0,125,0.122,1,COM7
2,150905,37,rpm,462,466,36.8,36.8,3925,496,0,126,0.122,1,COM7
2,150926,37,rpm,332,466,36.8,36.8,3925,496,0,126,0.122,1,COM7
2,150946,37,rpm,38,465,36.8,36.8,3925,496,0,126,0.122,1,COM7
2,150967,37,rpm,-266,465,36.8,36.8,3925,496,0,126,0.122,1,COM7
2,150988,37,rpm,120,465,36.8,36.8,3925,496,0,126,0.122,1,COM7
2,151009,37,rpm,561,465,36.8,36.8,3925,496,0,126,0.123,1,COM7
2,151029,37,rpm,686,465,36.8,36.8,3925,496,0,127,0.123,1,COM7
2,151050,37,rpm,958,465,36.8,36.8,3925,496,0,127,0.123,1,COM7
2,151071,37,rpm,813,465,36.8,36.8,3925,496,0,127,0.123,1,COM7
2,151091,37,rpm,626,465,36.8,36.8,3925,496,0,127,0.123,1,COM7
2,151112,37,rpm,703,465,36.8,36.8,3925,496,0,127,0.123,1,COM7
2,151133,37,rpm,612,465,36.8,36.8,3925,496,0,127,0.124,1,COM7
2,151154,37,rpm,428,465,36.8,36.8,3925,496,0,128,0.124,1,COM7
2,151174,37,rpm,373,465,36.8,36.8,3925,496,0,128,0.124,1,COM7
2,151195,37,rpm,253,465,36.8,36.8,3925,496,0,128,0.124,1,COM7
2,151216,37,rpm,-376,465,36.8,36.8,3925,496,0,128,0.124,1,COM7
2,151236,37,rpm,37,465,36.8,36.8,3925,496,0,128,0.124,1,COM7
2,151257,37,rpm,389,465,36.8,36.8,3925,496,0,128,0.124,1,COM7
2,151278,37,rpm,666,465,36.8,36.8,3925,496,0,129,0.125,1,COM7
2,151299,37,rpm,777,465,36.8,36.8,3925,496,0,129,0.125,1,COM7
2,151319,37,rpm,929,465,36.8,36.8,3925,496,0,129,0.125,1,COM7
2,151340,37,rpm,760,465,36.8,36.8,3925,496,0,129,0.125,1,COM7
2,151361,37,rpm,598,465,36.8,36.8,3925,496,0,129,0.125,1,COM7
2,151381,37,rpm,617,465,36.8,36.8,3925,496,0,129,0.125,1,COM7
2,151402,37,rpm,563,465,36.8,36.8,3925,496,0,129,0.126,1,COM7
2,151423,37,rpm,381,465,36.8,36.8,3925,496,0,130,0.126,1,COM7
2,151444,37,rpm,312,465,36.8,36.8,3925,496,0,130,0.126,1,COM7
2,151464,37,rpm,-143,465,36.8,36.8,3925,496,0,130,0.126,1,COM7
2,151485,37,rpm,-117,465,36.8,36.8,3925,496,0,130,0.126,1,COM7
2,151506,37,rpm,151,465,36.8,36.8,3925,496,0,130,0.126,1,COM7
2,151527,37,rpm,648,465,36.8,36.8,3925,496,0,130,0.127,1,COM7
2,151547,37,rpm,771,465,36.8,36.8,3925,496,0,131,0.127,1,COM7
2,151568,37,rpm,871,465,36.8,36.8,3925,496,0,131,0.127,1,COM7
2,151589,37,rpm,774,465,36.8,36.8,3925,496,0,131,0.127,1,COM7
2,151610,37,rpm,692,464,36.8,36.8,3925,496,0,131,0.127,1,COM7
2,151630,37,rpm,649,464,36.8,36.8,3925,496,0,131,0.127,1,COM7
2,151651,37,rpm,522,464,36.8,36.8,3925,496,0,131,0.127,1,COM7
2,151672,37,rpm,463,464,36.8,36.8,3925,496,0,132,0.128,1,COM7
2,151693,37,rpm,373,464,36.8,36.8,3925,496,0,132,0.128,1,COM7
2,151713,37,rpm,136,464,36.8,36.8,3925,496,0,132,0.128,1,COM7
2,151734,37,rpm,-355,464,36.8,36.8,3925,496,0,132,0.128,1,COM7
2,151755,37,rpm,87,464,36.8,36.8,3925,496,0,132,0.128,1,COM7
2,151775,37,rpm,517,464,36.8,36.8,3925,496,0,132,0.128,1,COM7
2,151796,37,rpm,615,464,36.8,36.8,3925,496,0,133,0.129,1,COM7
2,151817,37,rpm,902,464,36.8,36.8,3925,496,0,133,0.129,1,COM7
2,151838,37,rpm,921,464,36.8,36.8,3925,496,0,133,0.129,1,COM7
2,151858,37,rpm,598,464,36.8,36.8,3925,496,0,133,0.129,1,COM7
2,151879,37,rpm,655,464,36.8,36.8,3925,496,0,133,0.129,1,COM7
2,151900,37,rpm,654,464,36.8,36.8,3925,496,0,133,0.129,1,COM7
2,151921,37,rpm,485,464,36.8,36.8,3925,496,0,133,0.129,1,COM7
2,151941,37,rpm,358,464,36.8,36.8,3925,496,0,134,0.13,1,COM7
2,151962,37,rpm,291,464,36.8,36.8,3925,496,0,134,0.13,1,COM7
2,151983,37,rpm,-369,464,36.8,36.8,3925,496,0,134,0.13,1,COM7
2,152003,37,rpm,21,464,36.8,36.8,3925,496,0,134,0.13,1,COM7
2,152024,37,rpm,274,464,36.8,36.8,3925,496,0,134,0.13,1,COM7
2,152045,37,rpm,717,464,36.8,36.8,3925,496,0,134,0.13,1,COM7
2,152066,37,rpm,790,464,36.8,36.8,3925,496,0,135,0.131,1,COM7
2,152086,37,rpm,886,464,36.8,36.8,3925,496,0,135,0.131,1,COM7
2,152107,37,rpm,784,464,36.8,36.8,3925,496,0,135,0.131,1,COM7
2,152128,37,rpm,648,464,36.8,36.8,3925,496,0,135,0.131,1,COM7
2,152148,37,rpm,581,464,36.8,36.8,3925,496,0,135,0.131,1,COM7
2,152169,37,rpm,562,464,36.8,36.8,3925,496,0,135,0.131,1,COM7
2,152190,37,rpm,432,464,36.8,36.8,3925,496,0,136,0.131,1,COM7
2,152211,37,rpm,318,464,36.8,36.8,3925,496,0,136,0.132,1,COM7
2,152231,37,rpm,-168,464,36.8,36.8,3925,496,0,136,0.132,1,COM7
2,152252,37,rpm,-118,464,36.8,36.8,3925,496,0,136,0.132,1,COM7
2,152273,37,rpm,192,464,36.8,36.8,3925,496,0,136,0.132,1,COM7
2,152294,37,rpm,632,464,36.8,36.8,3925,496,0,136,0.132,1,COM7
2,152314,37,rpm,786,464,36.8,36.8,3925,496,0,137,0.132,1,COM7
2,152335,37,rpm,1009,464,36.8,36.8,3925,496,0,137,0.133,1,COM7
2,152356,37,rpm,755,464,36.8,36.8,3925,496,0,137,0.133,1,COM7
2,152377,37,rpm,636,464,36.8,36.8,3925,496,0,137,0.133,1,COM7
2,152397,37,rpm,702,464,36.8,36.8,3925,496,0,137,0.133,1,COM7
2,152418,37,rpm,568,464,36.8,36.8,3925,496,0,137,0.133,1,COM7
2,152439,37,rpm,358,464,36.8,36.8,3925,496,0,137,0.133,1,COM7
2,152460,37,rpm,330,464,36.8,36.8,3925,496,0,138,0.134,1,COM7
2,152480,37,rpm,-71,464,36.8,36.8,3925,496,0,138,0.134,1,COM7
2,152501,37,rpm,-185,464,36.8,36.8,3925,496,0,138,0.134,1,COM7
2,152522,37,rpm,142,464,36.8,36.8,3925,496,0,138,0.134,1,COM7
2,152543,37,rpm,684,464,36.8,36.8,3925,496,0,138,0.134,1,COM7
2,152563,37,rpm,676,464,36.8,36.8,3925,496,0,138,0.134,1,COM7
2,152584,37,rpm,841,464,36.8,36.8,3925,496,0,139,0.134,1,COM7
2,152605,37,rpm,865,464,36.8,36.8,3925,496,0,139,0.135,1,COM7
2,152625,37,rpm,676,464,36.8,36.8,3925,496,0,139,0.135,1,COM7
2,152646,37,rpm,578,464,36.8,36.8,3925,496,0,139,0.135,1,COM7
2,152667,37,rpm,598,464,36.8,36.8,3925,496,0,139,0.135,1,COM7
2,152688,37,rpm,483,464,36.8,36.8,3925,496,0,139,0.135,1,COM7
2,152708,37,rpm,327,464,36.8,36.8,3925,496,0,140,0.135,1,COM7
2,152729,37,rpm,152,464,36.8,36.8,3925,496,0,140,0.136,1,COM7
2,152750,37,rpm,-363,464,36.8,36.8,3925,496,0,140,0.136,1,COM7
2,152770,37,rpm,73,464,36.8,36.8,3925,496,0,140,0.136,1,COM7
2,152791,37,rpm,461,464,36.8,36.8,3925,496,0,140,0.136,1,COM7
2,152812,37,rpm,724,464,36.8,36.8,3925,496,0,140,0.136,1,COM7
2,152833,37,rpm,883,464,36.8,36.8,3925,496,0,141,0.136,1,COM7
2,152853,37,rpm,815,464,36.8,36.8,3925,496,0,141,0.136,1,COM7
2,152874,37,rpm,704,464,36.8,36.8,3925,496,0,141,0.137,1,COM7
2,152895,37,rpm,667,464,36.8,36.8,3925,496,0,141,0.137,1,COM7
2,152916,37,rpm,609,464,36.8,36.8,3925,496,0,141,0.137,1,COM7
2,152936,37,rpm,484,464,36.8,36.8,3925,496,0,141,0.137,1,COM7
2,152957,37,rpm,388,464,36.8,36.8,3925,496,0,141,0.137,1,COM7
2,152978,37,rpm,304,464,36.8,36.8,3925,496,0,142,0.137,1,COM7
2,152998,37,rpm,-332,464,36.8,36.8,3925,496,0,142,0.138,1,COM7
2,153019,37,rpm,1,464,36.8,36.8,3925,496,0,142,0.138,1,COM7
2,153040,37,rpm,258,464,36.8,36.8,3925,496,0,142,0.138,1,COM7
2,153060,37,rpm,654,464,36.8,36.8,3925,496,0,142,0.138,1,COM7
2,153081,37,rpm,691,464,36.8,36.8,3925,496,0,142,0.138,1,COM7
2,153102,37,rpm,962,464,36.8,36.8,3925,496,0,143,0.138,1,COM7
2,153123,37,rpm,793,464,36.8,36.8,3925,496,0,143,0.138,1,COM7
2,153143,37,rpm,566,464,36.8,36.8,3925,496,0,143,0.139,1,COM7
2,153164,37,rpm,671,464,36.8,36.8,3925,496,0,143,0.139,1,COM7
2,153185,37,rpm,597,464,36.8,36.8,3925,496,0,143,0.139,1,COM7
2,153206,37,rpm,384,464,36.8,36.8,3925,496,0,143,0.139,1,COM7
2,153226,37,rpm,344,464,36.8,36.8,3925,496,0,144,0.139,1,COM7
2,153247,37,rpm,-6,464,36.8,36.8,3925,496,0,144,0.139,1,COM7
2,153268,37,rpm,-254,464,36.8,36.8,3925,496,0,144,0.14,1,COM7
2,153288,37,rpm,107,464,36.8,36.8,3925,496,0,144,0.14,1,COM7
2,153309,37,rpm,624,464,36.8,36.8,3925,496,0,144,0.14,1,COM7
2,153330,37,rpm,721,464,36.8,36.8,3925,496,0,144,0.14,1,COM7
2,153351,37,rpm,794,464,36.8,36.8,3925,496,0,145,0.14,1,COM7
2,153371,37,rpm,867,464,36.8,36.8,3925,496,0,145,0.14,1,COM7
2,153392,37,rpm,726,464,36.8,36.8,3925,496,0,145,0.141,1,COM7
2,153413,37,rpm,604,464,36.8,36.8,3925,496,0,145,0.141,1,COM7
2,153434,37,rpm,564,464,36.8,36.8,3925,496,0,145,0.141,1,COM7
2,153454,37,rpm,513,464,36.8,36.8,3925,496,0,145,0.141,1,COM7
2,153475,37,rpm,358,464,36.8,36.8,3925,496,0,145,0.141,1,COM7
2,153496,37,rpm,242,464,36.8,36.8,3925,496,0,146,0.141,1,COM7
2,153516,37,rpm,-383,464,36.8,36.8,3925,496,0,146,0.141,1,COM7
2,153537,37,rpm,56,464,36.8,36.8,3925,496,0,146,0.142,1,COM7
2,153558,37,rpm,350,464,36.8,36.8,3925,496,0,146,0.142,1,COM7
2,153578,37,rpm,671,464,36.8,36.8,3925,496,0,146,0.142,1,COM7
2,153599,37,rpm,861,464,36.8,36.8,3925,496,0,146,0.142,1,COM7
2,153620,37,rpm,903,464,36.8,36.8,3925,496,0,147,0.142,1,COM7
2,153641,37,rpm,678,464,36.8,36.8,3925,496,0,147,0.142,1,COM7
2,153661,37,rpm,649,464,36.8,36.8,3925,496,0,147,0.143,1,COM7
2,153682,37,rpm,670,464,36.8,36.8,3925,496,0,147,0.143,1,COM7
2,153703,37,rpm,519,464,36.8,36.8,3925,496,0,147,0.143,1,COM7
2,153724,37,rpm,357,464,36.8,36.8,3925,496,0,147,0.143,1,COM7
2,153744,37,rpm,335,464,36.8,36.8,3925,496,0,148,0.143,1,COM7
2,153765,37,rpm,-284,464,36.8,36.8,3925,496,0,148,0.143,1,COM7
2,153786,37,rpm,-48,464,36.8,36.8,3925,496,0,148,0.143,1,COM7
2,153807,37,rpm,221,464,36.8,36.8,3925,496,0,148,0.144,1,COM7
2,153827,37,rpm,742,464,36.8,36.8,3925,496,0,148,0.144,1,COM7
2,153848,37,rpm,748,464,36.8,36.8,3925,496,0,148,0.144,1,COM7
2,153869,37,rpm,913,464,36.8,36.8,3925,496,0,149,0.144,1,COM7
2,153889,37,rpm,841,464,36.8,36.8,3925,496,0,149,0.144,1,COM7
2,153910,37,rpm,655,464,36.8,36.8,3925,496,0,149,0.144,1,COM7
2,153931,37,rpm,588,464,36.8,36.8,3925,496,0,149,0.145,1,COM7
2,153952,37,rpm,578,464,36.8,36.8,3925,496,0,149,0.145,1,COM7
2,153972,37,rpm,405,464,36.8,36.8,3925,496,0,149,0.145,1,COM7
2,153993,37,rpm,271,464,36.8,36.8,3925,496,0,150,0.145,1,COM7
2,154014,37,rpm,-201,464,36.8,36.8,3925,496,0,150,0.145,1,COM7
2,154034,37,rpm,-85,464,36.8,36.8,3925,496,0,150,0.145,1,COM7
2,154055,37,rpm,182,464,36.8,36.8,3925,496,0,150,0.145,1,COM7
2,154076,37,rpm,657,464,36.8,36.8,3925,496,0,150,0.146,1,COM7
2,154097,37,rpm,803,464,36.8,36.8,3925,496,0,150,0.146,1,COM7
2,154117,37,rpm,884,464,36.8,36.8,3925,496,0,150,0.146,1,COM7
2,154138,37,rpm,746,464,36.8,36.8,3925,496,0,151,0.146,1,COM7
2,154159,37,rpm,687,464,36.8,36.8,3925,496,0,151,0.146,1,COM7
2,154179,37,rpm,645,464,36.8,36.8,3925,496,0,151,0.146,1,COM7
2,154200,37,rpm,552,464,36.8,36.8,3925,496,0,151,0.147,1,COM7
2,154221,37,rpm,428,464,36.8,36.8,3925,496,0,151,0.147,1,COM7
2,154242,37,rpm,350,464,36.8,36.8,3925,496,0,151,0.147,1,COM7
2,154262,37,rpm,53,464,36.8,36.8,3925,496,0,152,0.147,1,COM7
2,154283,37,rpm,-282,464,36.8,36.8,3925,496,0,152,0.147,1,COM7
2,154304,37,rpm,91,464,36.8,36.8,3925,496,0,152,0.147,1,COM7
2,154324,37,rpm,580,464,36.8,36.8,3925,496,0,152,0.147,1,COM7
2,154345,37,rpm,651,464,36.8,36.8,3925,496,0,152,0.148,1,COM7
2,154366,37,rpm,839,464,36.8,36.8,3925,496,0,152,0.148,1,COM7
2,154387,37,rpm,923,464,36.8,36.8,3925,496,0,153,0.148,1,COM7
2,154407,37,rpm,679,464,36.8,36.8,3925,496,0,153,0.148,1,COM7
2,154428,37,rpm,569,464,36.8,36.8,3925,496,0,153,0.148,1,COM7
2,154449,37,rpm,649,464,36.8,36.8,3925,496,0,153,0.148,1,COM7
2,154469,37,rpm,507,464,36.8,36.8,3925,496,0,153,0.149,1,COM7
2,154490,37,rpm,342,464,36.8,36.8,3925,496,0,153,0.149,1,COM7
2,154511,37,rpm,278,464,36.8,36.8,3925,496,0,154,0.149,1,COM7
2,154532,37,rpm,-362,464,36.8,36.8,3925,496,0,154,0.149,1,COM7
2,154552,37,rpm,20,464,36.8,36.8,3925,496,0,154,0.149,1,COM7
2,154573,37,rpm,279,464,36.8,36.8,3925,496,0,154,0.149,1,COM7
2,154594,37,rpm,741,464,36.8,36.8,3925,496,0,154,0.15,1,COM7
2,154615,37,rpm,745,464,36.8,36.8,3925,496,0,154,0.15,1,COM7
2,154635,37,rpm,837,464,36.8,36.8,3925,496,0,154,0.15,1,COM7
2,154656,37,rpm,830,464,36.8,36.8,3925,496,0,155,0.15,1,COM7
2,154677,37,rpm,646,464,36.8,36.8,3925,496,0,155,0.15,1,COM7
2,154698,37,rpm,568,464,36.8,36.8,3925,496,0,155,0.15,1,COM7
2,154718,37,rpm,558,464,36.8,36.8,3925,496,0,155,0.15,1,COM7
2,154739,37,rpm,426,464,36.8,36.8,3925,496,0,155,0.151,1,COM7
2,154760,37,rpm,315,464,36.8,36.8,3925,496,0,155,0.151,1,COM7
2,154780,37,rpm,-87,464,36.8,36.8,3925,496,0,156,0.151,1,COM7
2,154801,37,rpm,-203,464,36.8,36.8,3925,496,0,156,0.151,1,COM7
2,154822,37,rpm,153,464,36.8,36.8,3925,496,0,156,0.151,1,COM7
2,154843,37,rpm,609,464,36.8,36.8,3925,496,0,156,0.151,1,COM7
2,154863,37,rpm,707,464,36.8,36.8,3925,496,0,156,0.152,1,COM7
2,154884,37,rpm,949,464,36.8,36.8,3925,496,0,156,0.152,1,COM7
2,154905,37,rpm,803,464,36.8,36.8,3925,496,0,157,0.152,1,COM7
2,154925,37,rpm,653,464,36.8,36.8,3925,496,0,157,0.152,1,COM7
2,154946,37,rpm,646,464,36.8,36.8,3925,496,0,157,0.152,1,COM7
2,154967,37,rpm,592,464,36.8,36.8,3925,496,0,157,0.152,1,COM7
2,154988,37,rpm,432,464,36.8,36.8,3925,496,0,157,0.152,1,COM7
2,155008,37,rpm,340,464,36.8,36.8,3925,496,0,157,0.153,1,COM7
2,155029,37,rpm,212,464,36.8,36.8,3925,496,0,158,0.153,1,COM7
2,155050,37,rpm,-417,464,36.8,36.8,3925,496,0,158,0.153,1,COM7
2,155071,37,rpm,65,464,36.8,36.8,3925,496,0,158,0.153,1,COM7
2,155091,37,rpm,463,464,36.8,36.8,3925,496,0,158,0.153,1,COM7
2,155112,37,rpm,708,464,36.8,36.8,3925,496,0,158,0.153,1,COM7
2,155133,37,rpm,746,464,36.8,36.8,3925,496,0,158,0.154,1,COM7
2,155154,37,rpm,930,464,36.8,36.8,3925,496,0,158,0.154,1,COM7
2,155174,37,rpm,780,464,36.8,36.8,3925,496,0,159,0.154,1,COM7
2,155195,37,rpm,545,464,36.8,36.8,3925,496,0,159,0.154,1,COM7
2,155216,37,rpm,603,464,36.8,36.8,3925,496,0,159,0.154,1,COM7
2,155236,37,rpm,562,464,36.8,36.8,3925,496,0,159,0.154,1,COM7
2,155257,37,rpm,350,464,36.8,36.8,3925,496,0,159,0.154,1,COM7
2,155278,37,rpm,272,464,36.8,36.8,3925,496,0,159,0.155,1,COM7
2,155299,37,rpm,-359,464,36.8,36.8,3925,496,0,160,0.155,1,COM7
2,155319,37,rpm,33,464,36.8,36.8,3925,496,0,160,0.155,1,COM7
2,155340,37,rpm,286,464,36.8,36.8,3925,496,0,160,0.155,1,COM7
2,155361,37,rpm,721,464,36.8,36.8,3925,496,0,160,0.155,1,COM7
2,155382,37,rpm,933,464,36.8,36.8,3925,496,0,160,0.155,1,COM7
2,155402,37,rpm,850,464,36.8,36.8,3925,496,0,160,0.156,1,COM7
2,155423,37,rpm,722,464,36.8,36.8,3925,496,0,161,0.156,1,COM7
2,155444,37,rpm,716,464,36.8,36.8,3925,496,0,161,0.156,1,COM7
2,155464,37,rpm,635,464,36.8,36.8,3925,496,0,161,0.156,1,COM7
2,155485,37,rpm,483,464,36.8,36.8,3925,496,0,161,0.156,1,COM7
2,155506,37,rpm,388,464,36.8,36.8,3925,496,0,161,0.156,1,COM7
2,155527,37,rpm,282,464,36.8,36.8,3925,496,0,161,0.157,1,COM7
2,155547,37,rpm,-325,464,36.8,36.8,3925,496,0,162,0.157,1,COM7
2,155568,37,rpm,12,464,36.8,36.8,3925,496,0,162,0.157,1,COM7
2,155589,37,rpm,277,464,36.8,36.8,3925,496,0,162,0.157,1,COM7
2,155610,37,rpm,697,464,36.8,36.8,3925,496,0,162,0.157,1,COM7
2,155630,37,rpm,721,464,36.8,36.8,3925,496,0,162,0.157,1,COM7
2,155651,37,rpm,889,464,36.8,36.8,3925,496,0,162,0.157,1,COM7
2,155672,37,rpm,827,464,36.8,36.8,3925,496,0,162,0.158,1,COM7
2,155692,37,rpm,621,464,36.8,36.8,3925,496,0,163,0.158,1,COM7
2,155713,37,rpm,577,464,36.8,36.8,3925,496,0,163,0.158,1,COM7
2,155734,37,rpm,611,464,36.8,36.8,3925,496,0,163,0.158,1,COM7
2,155755,37,rpm,416,464,36.8,36.8,3925,496,0,163,0.158,1,COM7
2,155775,37,rpm,286,464,36.8,36.8,3925,496,0,163,0.158,1,COM7
2,155796,37,rpm,21,464,36.8,36.8,3925,496,0,163,0.159,1,COM7
2,155817,37,rpm,-232,464,36.8,36.8,3925,496,0,164,0.159,1,COM7
2,155837,37,rpm,99,464,36.8,36.8,3925,496,0,164,0.159,1,COM7
2,155858,37,rpm,591,464,36.8,36.8,3925,496,0,164,0.159,1,COM7
2,155879,37,rpm,778,464,36.8,36.8,3925,496,0,164,0.159,1,COM7
2,155900,37,rpm,784,464,36.8,36.8,3925,496,0,164,0.159,1,COM7
2,155920,37,rpm,785,464,36.8,36.8,3925,496,0,164,0.159,1,COM7
2,155941,37,rpm,764,464,36.8,36.8,3925,496,0,165,0.16,1,COM7
2,155962,37,rpm,611,464,36.8,36.8,3925,496,0,165,0.16,1,COM7
2,155982,37,rpm,536,464,36.8,36.8,3925,496,0,165,0.16,1,COM7
2,156003,37,rpm,514,464,36.8,36.8,3925,496,0,165,0.16,1,COM7
2,156024,37,rpm,350,464,36.8,36.8,3925,496,0,165,0.16,1,COM7
2,156045,37,rpm,230,464,36.8,36.8,3925,496,0,165,0.16,1,COM7
2,156065,37,rpm,-399,464,36.8,36.8,3925,496,0,166,0.161,1,COM7
2,156086,37,rpm,60,464,36.8,36.8,3925,496,0,166,0.161,1,COM7
2,156107,37,rpm,382,464,36.8,36.8,3925,496,0,166,0.161,1,COM7
2,156128,37,rpm,671,464,36.8,36.8,3925,496,0,166,0.161,1,COM7
2,156148,37,rpm,836,464,36.8,36.8,3925,496,0,166,0.161,1,COM7
2,156169,37,rpm,887,464,36.8,36.8,3925,496,0,166,0.161,1,COM7
2,156190,37,rpm,699,464,36.8,36.8,3925,496,0,166,0.161,1,COM7
2,156210,37,rpm,648,464,36.8,36.8,3925,496,0,167,0.162,1,COM7
2,156231,37,rpm,620,464,36.8,36.8,3925,496,0,167,0.162,1,COM7
2,156252,37,rpm,530,464,36.8,36.8,3925,496,0,167,0.162,1,COM7
2,156273,37,rpm,371,464,36.8,36.8,3925,496,0,167,0.162,1,COM7
2,156293,37,rpm,319,464,36.8,36.8,3925,496,0,167,0.162,1,COM7
2,156314,37,rpm,-236,464,36.8,36.8,3925,496,0,167,0.162,1,COM7
2,156335,37,rpm,-74,464,36.8,36.8,3925,496,0,168,0.163,1,COM7
2,156356,37,rpm,193,464,36.8,36.8,3925,496,0,168,0.163,1,COM7
2,156376,37,rpm,714,464,36.8,36.8,3925,496,0,168,0.163,1,COM7
2,156397,37,rpm,726,464,36.8,36.8,3925,496,0,168,0.163,1,COM7
2,156418,37,rpm,794,464,36.8,36.8,3925,496,0,168,0.163,1,COM7
2,156438,37,rpm,871,464,36.8,36.8,3925,496,0,168,0.163,1,COM7
2,156459,37,rpm,686,464,36.8,36.8,3925,496,0,169,0.164,1,COM7
2,156480,37,rpm,541,464,36.8,36.8,3925,496,0,169,0.164,1,COM7
2,156501,37,rpm,602,464,36.8,36.8,3925,496,0,169,0.164,1,COM7
2,156521,37,rpm,481,464,36.8,36.8,3925,496,0,169,0.164,1,COM7
2,156542,37,rpm,293,464,36.8,36.8,3925,496,0,169,0.164,1,COM7
2,156563,37,rpm,119,464,36.8,36.8,3925,496,0,169,0.164,1,COM7
2,156583,37,rpm,-337,464,36.8,36.8,3925,496,0,170,0.164,1,COM7
2,156604,37,rpm,88,464,36.8,36.8,3925,496,0,170,0.165,1,COM7
2,156625,37,rpm,481,464,36.8,36.8,3925,496,0,170,0.165,1,COM7
2,156646,37,rpm,782,464,36.8,36.8,3925,496,0,170,0.165,1,COM7
2,156666,37,rpm,892,464,36.8,36.8,3925,496,0,170,0.165,1,COM7
2,156687,37,rpm,773,464,36.8,36.8,3925,496,0,170,0.165,1,COM7
2,156708,37,rpm,708,464,36.8,36.8,3925,496,0,171,0.165,1,COM7
2,156729,37,rpm,657,464,36.8,36.8,3925,496,0,171,0.166,1,COM7
2,156749,37,rpm,571,464,36.8,36.8,3925,496,0,171,0.166,1,COM7
2,156770,37,rpm,474,464,36.8,36.8,3925,496,0,171,0.166,1,COM7
2,156791,37,rpm,382,464,36.8,36.8,3925,496,0,171,0.166,1,COM7
2,156811,37,rpm,248,464,36.8,36.8,3925,496,0,171,0.166,1,COM7
2,156832,37,rpm,-386,464,36.8,36.8,3925,496,0,171,0.166,1,COM7
2,156853,37,rpm,59,464,36.8,36.8,3925,496,0,172,0.166,1,COM7
2,156874,37,rpm,409,464,36.8,36.8,3925,496,0,172,0.167,1,COM7
2,156894,37,rpm,685,464,36.8,36.8,3925,496,0,172,0.167,1,COM7
2,156915,37,rpm,856,464,36.8,36.8,3925,496,0,172,0.167,1,COM7
2,156936,37,rpm,908,464,36.8,36.8,3925,496,0,172,0.167,1,COM7
2,156956,37,rpm,759,464,36.8,36.8,3925,496,0,172,0.167,1,COM7
2,156977,37,rpm,617,464,36.8,36.8,3925,496,0,173,0.167,1,COM7
2,156998,37,rpm,615,464,36.8,36.8,3925,496,0,173,0.168,1,COM7
2,157019,37,rpm,539,464,36.8,36.8,3925,496,0,173,0.168,1,COM7
2,157039,37,rpm,347,464,36.8,36.8,3925,496,0,173,0.168,1,COM7
2,157060,37,rpm,246,464,36.8,36.8,3925,496,0,173,0.168,1,COM7
2,157081,37,rpm,-346,464,36.8,36.8,3925,496,0,173,0.168,1,COM7
2,157101,37,rpm,43,464,36.8,36.8,3925,496,0,174,0.168,1,COM7
2,157122,37,rpm,304,464,36.8,36.8,3925,496,0,174,0.168,1,COM7
2,157143,37,rpm,752,464,36.8,36.8,3925,496,0,174,0.169,1,COM7
2,157164,37,rpm,859,464,36.8,36.8,3925,496,0,174,0.169,1,COM7
2,157184,37,rpm,729,464,36.8,36.8,3925,496,0,174,0.169,1,COM7
2,157205,37,rpm,798,464,36.8,36.8,3925,496,0,174,0.169,1,COM7
2,157226,37,rpm,703,464,36.8,36.8,3925,496,0,175,0.169,1,COM7
2,157246,37,rpm,536,464,36.8,36.8,3925,496,0,175,0.169,1,COM7
2,157267,37,rpm,522,464,36.8,36.8,3925,496,0,175,0.17,1,COM7
2,157288,37,rpm,437,464,36.8,36.8,3925,496,0,175,0.17,1,COM7
2,157309,37,rpm,299,464,36.8,36.8,3925,496,0,175,0.17,1,COM7
2,157329,37,rpm,-174,464,36.8,36.8,3925,496,0,175,0.17,1,COM7
2,157350,37,rpm,-114,464,36.8,36.8,3925,496,0,175,0.17,1,COM7
2,157371,37,rpm,183,464,36.8,36.8,3925,496,0,176,0.17,1,COM7
2,157391,37,rpm,622,464,36.8,36.8,3925,496,0,176,0.171,1,COM7
2,157412,37,rpm,763,464,36.8,36.8,3925,496,0,176,0.171,1,COM7
2,157433,37,rpm,914,464,36.8,36.8,3925,496,0,176,0.171,1,COM7
2,157454,37,rpm,765,464,36.8,36.8,3925,496,0,176,0.171,1,COM7
2,157474,37,rpm,648,464,36.8,36.8,3925,496,0,176,0.171,1,COM7
2,157495,37,rpm,657,464,36.8,36.8,3925,496,0,177,0.171,1,COM7
2,157516,37,rpm,568,464,36.8,36.8,3925,496,0,177,0.171,1,COM7
2,157536,37,rpm,439,464,36.8,36.8,3925,496,0,177,0.172,1,COM7
2,157557,37,rpm,345,464,36.8,36.8,3925,496,0,177,0.172,1,COM7
2,157578,37,rpm,175,463,36.8,36.8,3925,496,0,177,0.172,1,COM7
2,157599,37,rpm,-344,463,36.8,36.8,3925,496,0,177,0.172,1,COM7
2,157619,37,rpm,65,463,36.8,36.8,3925,496,0,178,0.172,1,COM7
2,157640,37,rpm,474,463,36.8,36.8,3925,496,0,178,0.172,1,COM7
2,157661,37,rpm,706,463,36.8,36.8,3925,496,0,178,0.173,1,COM7
2,157681,37,rpm,767,463,36.8,36.8,3925,496,0,178,0.173,1,COM7
2,157702,37,rpm,880,463,36.8,36.8,3925,496,0,178,0.173,1,COM7
2,157723,37,rpm,766,463,36.8,36.8,3925,496,0,178,0.173,1,COM7
2,157744,37,rpm,601,463,36.8,36.8,3925,496,0,179,0.173,1,COM7
2,157764,37,rpm,564,463,36.8,36.8,3925,496,0,179,0.173,1,COM7
2,157785,37,rpm,573,463,36.8,36.8,3925,496,0,179,0.173,1,COM7
2,157806,37,rpm,378,463,36.8,36.8,3925,496,0,179,0.174,1,COM7
2,157827,37,rpm,265,463,36.8,36.8,3925,496,0,179,0.174,1,COM7
2,157847,37,rpm,-316,463,36.8,36.8,3925,496,0,179,0.174,1,COM7
2,157868,37,rpm,5,463,36.8,36.8,3925,496,0,179,0.174,1,COM7
2,157889,37,rpm,207,463,36.8,36.8,3925,496,0,180,0.174,1,COM7
2,157909,37,rpm,706,463,36.8,36.8,3925,496,0,180,0.174,1,COM7
2,157930,37,rpm,841,463,36.8,36.8,3925,496,0,180,0.175,1,COM7
2,157951,37,rpm,782,463,36.8,36.8,3925,496,0,180,0.175,1,COM7
2,157971,37,rpm,746,463,36.8,36.8,3925,496,0,180,0.175,1,COM7
2,157992,37,rpm,719,463,36.8,36.8,3925,496,0,180,0.175,1,COM7
2,158013,37,rpm,601,463,36.8,36.8,3925,496,0,181,0.175,1,COM7
2,158034,37,rpm,508,463,36.8,36.8,3925,496,0,181,0.175,1,COM7
2,158054,37,rpm,455,463,36.8,36.8,3925,496,0,181,0.175,1,COM7
2,158075,37,rpm,321,463,36.8,36.8,3925,496,0,181,0.176,1,COM7
2,158096,37,rpm,17,463,36.8,36.8,3925,496,0,181,0.176,1,COM7
2,158117,37,rpm,-276,463,36.8,36.8,3925,496,0,181,0.176,1,COM7
2,158137,37,rpm,121,463,36.8,36.8,3925,496,0,182,0.176,1,COM7
2,158158,37,rpm,581,463,36.8,36.8,3925,496,0,182,0.176,1,COM7
2,158179,37,rpm,691,463,36.8,36.8,3925,496,0,182,0.176,1,COM7
2,158199,37,rpm,902,463,36.8,36.8,3925,496,0,182,0.177,1,COM7
2,158220,37,rpm,831,463,36.8,36.8,3925,496,0,182,0.177,1,COM7
2,158241,37,rpm,654,463,36.8,36.8,3925,496,0,182,0.177,1,COM7
2,158261,37,rpm,628,463,36.8,36.8,3925,496,0,182,0.177,1,COM7
2,158282,37,rpm,608,463,36.8,36.8,3925,496,0,183,0.177,1,COM7
2,158303,37,rpm,483,463,36.8,36.8,3925,496,0,183,0.177,1,COM7
2,158324,37,rpm,325,463,36.8,36.8,3925,496,0,183,0.177,1,COM7
2,158344,37,rpm,221,463,36.8,36.8,3925,496,0,183,0.178,1,COM7
2,158365,37,rpm,-394,463,36.8,36.8,3925,496,0,183,0.178,1,COM7
2,158386,37,rpm,65,463,36.8,36.8,3925,496,0,183,0.178,1,COM7
2,158407,37,rpm,433,463,36.8,36.8,3925,496,0,184,0.178,1,COM7
2,158427,37,rpm,789,463,36.8,36.8,3925,496,0,184,0.178,1,COM7
2,158448,37,rpm,890,463,36.8,36.8,3925,496,0,184,0.178,1,COM7
2,158469,37,rpm,758,463,36.8,36.8,3925,496,0,184,0.179,1,COM7
2,158489,37,rpm,825,463,36.8,36.8,3925,496,0,184,0.179,1,COM7
2,158510,37,rpm,685,463,36.8,36.8,3925,496,0,184,0.179,1,COM7
2,158531,37,rpm,515,463,36.8,36.8,3925,496,0,185,0.179,1,COM7
2,158552,37,rpm,525,463,36.8,36.8,3925,496,0,185,0.179,1,COM7
2,158572,37,rpm,375,463,36.8,36.8,3925,496,0,185,0.179,1,COM7
2,158593,37,rpm,211,463,36.8,36.8,3925,496,0,185,0.18,1,COM7
2,158614,37,rpm,-372,463,36.8,36.8,3925,496,0,185,0.18,1,COM7
2,158635,37,rpm,61,463,36.8,36.8,3925,496,0,185,0.18,1,COM7
2,158655,37,rpm,380,463,36.8,36.8,3925,496,0,186,0.18,1,COM7
2,158676,37,rpm,649,463,36.8,36.8,3925,496,0,186,0.18,1,COM7
2,158697,37,rpm,903,463,36.8,36.8,3925,496,0,186,0.18,1,COM7
2,158718,37,rpm,866,463,36.8,36.8,3925,496,0,186,0.18,1,COM7
2,158738,37,rpm,674,463,36.8,36.8,3925,496,0,186,0.181,1,COM7
2,158759,37,rpm,660,463,36.8,36.8,3925,496,0,186,0.181,1,COM7
2,158780,37,rpm,630,463,36.8,36.8,3925,496,0,187,0.181,1,COM7
2,158800,37,rpm,510,463,36.8,36.8,3925,496,0,187,0.181,1,COM7
2,158821,37,rpm,371,463,36.8,36.8,3925,496,0,187,0.181,1,COM7
2,158842,37,rpm,308,463,36.8,36.8,3925,496,0,187,0.181,1,COM7
2,158862,37,rpm,-312,463,36.8,36.8,3925,496,0,187,0.182,1,COM7
2,158883,37,rpm,-22,463,36.8,36.8,3925,496,0,187,0.182,1,COM7
2,158904,37,rpm,224,463,36.8,36.8,3925,496,0,187,0.182,1,COM7
2,158925,37,rpm,699,463,36.8,36.8,3925,496,0,188,0.182,1,COM7
2,158945,37,rpm,739,463,36.8,36.8,3925,496,0,188,0.182,1,COM7
2,158966,37,rpm,831,463,36.8,36.8,3925,496,0,188,0.182,1,COM7
2,158987,37,rpm,815,463,36.8,36.8,3925,496,0,188,0.182,1,COM7
2,159007,37,rpm,682,463,36.8,36.8,3925,496,0,188,0.183,1,COM7
2,159028,37,rpm,575,463,36.8,36.8,3925,496,0,188,0.183,1,COM7
2,159049,37,rpm,563,463,36.8,36.8,3925,496,0,189,0.183,1,COM7
2,159070,37,rpm,464,463,36.8,36.8,3925,496,0,189,0.183,1,COM7
2,159090,37,rpm,309,463,36.8,36.8,3925,496,0,189,0.183,1,COM7
2,159111,37,rpm,85,462,36.8,36.8,3925,496,0,189,0.183,1,COM7
2,159132,37,rpm,-305,462,36.8,36.8,3925,496,0,189,0.184,1,COM7
2,159152,37,rpm,91,462,36.8,36.8,3925,496,0,189,0.184,1,COM7
2,159173,37,rpm,491,462,36.8,36.8,3925,496,0,190,0.184,1,COM7
2,159194,37,rpm,765,462,36.8,36.8,3925,496,0,190,0.184,1,COM7
2,159215,37,rpm,865,462,36.8,36.8,3925,496,0,190,0.184,1,COM7
2,159235,37,rpm,729,462,36.8,36.8,3925,496,0,190,0.184,1,COM7
2,159256,37,rpm,761,462,36.8,36.8,3925,496,0,190,0.184,1,COM7
2,159277,37,rpm,687,462,36.8,36.8,3925,496,0,190,0.185,1,COM7
2,159298,37,rpm,532,462,36.8,36.8,3925,496,0,190,0.185,1,COM7
2,159318,37,rpm,506,462,36.8,36.8,3925,496,0,191,0.185,1,COM7
2,159339,37,rpm,399,462,36.8,36.8,3925,496,0,191,0.185,1,COM7
2,159360,37,rpm,247,462,36.8,36.8,3925,496,0,191,0.185,1,COM7
2,159381,37,rpm,-375,462,36.8,36.8,3925,496,0,191,0.185,1,COM7
2,159401,37,rpm,41,462,36.8,36.8,3925,496,0,191,0.186,1,COM7
2,159422,37,rpm,345,462,36.8,36.8,3925,496,0,191,0.186,1,COM7
2,159443,37,rpm,652,462,36.8,36.8,3925,496,0,192,0.186,1,COM7
2,159464,37,rpm,815,462,36.8,36.8,3925,496,0,192,0.186,1,COM7
2,159484,37,rpm,917,462,36.8,36.8,3925,496,0,192,0.186,1,COM7
2,159505,37,rpm,717,462,36.8,36.8,3925,496,0,192,0.186,1,COM7
2,159526,37,rpm,631,462,36.8,36.8,3925,496,0,192,0.186,1,COM7
2,159546,37,rpm,631,462,36.8,36.8,3925,496,0,192,0.187,1,COM7
2,159567,37,rpm,555,462,36.8,36.8,3925,496,0,193,0.187,1,COM7
2,159588,37,rpm,399,462,36.8,36.8,3925,496,0,193,0.187,1,COM7
2,159609,37,rpm,295,462,36.8,36.8,3925,496,0,193,0.187,1,COM7
2,159629,37,rpm,-90,462,36.8,36.8,3925,496,0,193,0.187,1,COM7
2,159650,37,rpm,-195,462,36.8,36.8,3925,496,0,193,0.187,1,COM7
2,159671,37,rpm,130,462,36.8,36.8,3925,496,0,193,0.188,1,COM7
2,159692,37,rpm,633,462,36.8,36.8,3925,496,0,194,0.188,1,COM7
2,159712,37,rpm,775,462,36.8,36.8,3925,496,0,194,0.188,1,COM7
2,159733,37,rpm,834,462,36.8,36.8,3925,496,0,194,0.188,1,COM7
2,159754,37,rpm,771,462,36.8,36.8,3925,496,0,194,0.188,1,COM7
2,159774,37,rpm,740,462,36.8,36.8,3925,496,0,194,0.188,1,COM7
2,159795,37,rpm,613,462,36.8,36.8,3925,496,0,194,0.188,1,COM7
2,159816,37,rpm,502,462,36.8,36.8,3925,496,0,194,0.189,1,COM7
2,159836,37,rpm,505,462,36.8,36.8,3925,496,0,195,0.189,1,COM7
2,159857,37,rpm,344,462,36.8,36.8,3925,496,0,195,0.189,1,COM7
2,159878,37,rpm,113,462,36.8,36.8,3925,496,0,195,0.189,1,COM7
2,159899,37,rpm,-342,462,36.8,36.8,3925,496,0,195,0.189,1,COM7
2,159919,37,rpm,107,462,36.8,36.8,3925,496,0,195,0.189,1,COM7
2,159940,37,rpm,504,462,36.8,36.8,3925,496,0,195,0.19,1,COM7
2,159961,37,rpm,722,462,36.8,36.8,3925,496,0,196,0.19,1,COM7
2,159981,37,rpm,1004,462,36.8,36.8,3925,496,0,196,0.19,1,COM7
2,160002,37,rpm,796,462,36.8,36.8,3925,496,0,196,0.19,1,COM7
2,160023,37,rpm,647,462,36.8,36.8,3925,496,0,196,0.19,1,COM7
2,160044,37,rpm,720,462,36.8,36.8,3925,496,0,196,0.19,1,COM7
2,160064,37,rpm,595,462,36.8,36.8,3925,496,0,196,0.191,1,COM7
2,160085,37,rpm,432,462,36.8,36.8,3925,496,0,197,0.191,1,COM7
2,160106,37,rpm,342,462,36.8,36.8,3925,496,0,197,0.191,1,COM7
2,160126,37,rpm,165,462,36.8,36.8,3925,496,0,197,0.191,1,COM7
2,160147,37,rpm,-358,462,36.8,36.8,3925,496,0,197,0.191,1,COM7
2,160168,37,rpm,74,462,36.8,36.8,3925,496,0,197,0.191,1,COM7
2,160189,37,rpm,502,462,36.8,36.8,3925,496,0,197,0.191,1,COM7
2,160209,37,rpm,701,462,36.8,36.8,3925,496,0,198,0.192,1,COM7
2,160230,37,rpm,821,462,36.8,36.8,3925,496,0,198,0.192,1,COM7
2,160251,37,rpm,853,462,36.8,36.8,3925,496,0,198,0.192,1,COM7
2,160271,37,rpm,744,462,36.8,36.8,3925,496,0,198,0.192,1,COM7
2,160292,37,rpm,628,462,36.8,36.8,3925,496,0,198,0.192,1,COM7
2,160313,37,rpm,576,462,36.8,36.8,3925,496,0,198,0.192,1,COM7
2,160334,37,rpm,548,462,36.8,36.8,3925,496,0,198,0.193,1,COM7
2,160354,37,rpm,379,462,36.8,36.8,3925,496,0,199,0.193,1,COM7
2,160375,37,rpm,258,462,36.8,36.8,3925,496,0,199,0.193,1,COM7
2,160396,37,rpm,-314,462,36.8,36.8,3925,496,0,199,0.193,1,COM7
2,160416,37,rpm,10,462,36.8,36.8,3925,496,0,199,0.193,1,COM7
2,160437,37,rpm,263,462,36.8,36.8,3925,496,0,199,0.193,1,COM7
2,160458,37,rpm,660,462,36.8,36.8,3925,496,0,199,0.193,1,COM7
2,160479,37,rpm,854,462,36.8,36.8,3925,496,0,200,0.194,1,COM7
2,160499,37,rpm,874,462,36.8,36.8,3925,496,0,200,0.194,1,COM7
2,160520,37,rpm,678,462,36.8,36.8,3925,496,0,200,0.194,1,COM7
2,160541,37,rpm,724,462,36.8,36.8,3925,496,0,200,0.194,1,COM7
2,160562,37,rpm,641,462,36.8,36.8,3925,496,0,200,0.194,1,COM7
2,160582,37,rpm,474,462,36.8,36.8,3925,496,0,200,0.194,1,COM7
2,160603,37,rpm,439,462,36.8,36.8,3925,496,0,201,0.195,1,COM7
2,160624,37,rpm,347,462,36.8,36.8,3925,496,0,201,0.195,1,COM7
2,160645,37,rpm,-8,462,36.8,36.8,3925,496,0,201,0.195,1,COM7
2,160665,37,rpm,-254,462,36.8,36.8,3925,496,0,201,0.195,1,COM7
2,160686,37,rpm,122,462,36.8,36.8,3925,496,0,201,0.195,1,COM7
2,160707,37,rpm,567,462,36.8,36.8,3925,496,0,201,0.195,1,COM7
2,160728,37,rpm,670,462,36.8,36.8,3925,496,0,202,0.195,1,COM7
2,160748,37,rpm,933,462,36.8,36.8,3925,496,0,202,0.196,1,COM7
2,160769,37,rpm,833,462,36.8,36.8,3925,496,0,202,0.196,1,COM7
2,160790,37,rpm,633,462,36.8,36.8,3925,496,0,202,0.196,1,COM7
2,160810,37,rpm,645,462,36.8,36.8,3925,496,0,202,0.196,1,COM7
2,160831,37,rpm,591,462,36.8,36.8,3925,496,0,202,0.196,1,COM7
2,160852,37,rpm,469,462,36.8,36.8,3925,496,0,202,0.196,1,COM7
2,160873,37,rpm,352,462,36.8,36.8,3925,496,0,203,0.197,1,COM7
2,160893,37,rpm,231,462,36.8,36.8,3925,496,0,203,0.197,1,COM7
2,160914,37,rpm,-396,462,36.8,36.8,3925,496,0,203,0.197,1,COM7
2,160935,37,rpm,59,462,36.8,36.8,3925,496,0,203,0.197,1,COM7
2,160955,37,rpm,406,462,36.8,36.8,3925,496,0,203,0.197,1,COM7
2,160976,37,rpm,721,462,36.8,36.8,3925,496,0,203,0.197,1,COM7
2,160997,37,rpm,810,462,36.8,36.8,3925,496,0,204,0.197,1,COM7
2,161018,37,rpm,815,462,36.8,36.8,3925,496,0,204,0.198,1,COM7
2,161038,37,rpm,735,462,36.8,36.8,3925,496,0,204,0.198,1,COM7
2,161059,37,rpm,678,462,36.8,36.8,3925,496,0,204,0.198,1,COM7
2,161080,37,rpm,563,462,36.8,36.8,3925,496,0,204,0.198,1,COM7
2,161100,37,rpm,505,462,36.8,36.8,3925,496,0,204,0.198,1,COM7
2,161121,37,rpm,427,462,36.8,36.8,3925,496,0,205,0.198,1,COM7
2,161142,37,rpm,277,462,36.8,36.8,3925,496,0,205,0.199,1,COM7
2,161163,37,rpm,-231,462,36.8,36.8,3925,496,0,205,0.199,1,COM7
2,161183,37,rpm,-75,462,36.8,36.8,3925,496,0,205,0.199,1,COM7
2,161204,37,rpm,209,462,36.8,36.8,3925,496,0,205,0.199,1,COM7
2,161225,37,rpm,588,462,36.8,36.8,3925,496,0,205,0.199,1,COM7
2,161246,37,rpm,825,462,36.8,36.8,3925,496,0,205,0.199,1,COM7
2,161266,37,rpm,984,462,36.8,36.8,3925,496,0,206,0.199,1,COM7
2,161287,37,rpm,655,462,36.8,36.8,3925,496,0,206,0.2,1,COM7
2,161308,37,rpm,656,462,36.8,36.8,3925,496,0,206,0.2,1,COM7
2,161328,37,rpm,669,462,36.8,36.8,3925,496,0,206,0.2,1,COM7
2,161349,37,rpm,544,462,36.8,36.8,3925,496,0,206,0.2,1,COM7
2,161370,37,rpm,405,462,36.8,36.8,3925,496,0,206,0.2,1,COM7
2,161391,37,rpm,351,462,36.8,36.8,3925,496,0,207,0.2,1,COM7
2,161411,37,rpm,-9,462,36.8,36.8,3925,496,0,207,0.201,1,COM7
2,161432,37,rpm,-241,462,36.8,36.8,3925,496,0,207,0.201,1,COM7
2,161453,37,rpm,121,462,36.8,36.8,3925,496,0,207,0.201,1,COM7
2,161474,37,rpm,646,462,36.8,36.8,3925,496,0,207,0.201,1,COM7
2,161494,37,rpm,746,462,36.8,36.8,3925,496,0,207,0.201,1,COM7
2,161515,37,rpm,849,462,36.8,36.8,3925,496,0,208,0.201,1,COM7
2,161536,37,rpm,883,462,36.8,36.8,3925,496,0,208,0.201,1,COM7
2,161557,37,rpm,718,462,36.8,36.8,3925,496,0,208,0.202,1,COM7
2,161577,37,rpm,615,462,36.8,36.8,3925,496,0,208,0.202,1,COM7
2,161598,37,rpm,564,462,36.8,36.8,3925,496,0,208,0.202,1,COM7
2,161619,37,rpm,454,462,36.8,36.8,3925,496,0,208,0.202,1,COM7
2,161640,37,rpm,326,462,36.8,36.8,3925,496,0,209,0.202,1,COM7
2,161660,37,rpm,46,462,36.8,36.8,3925,496,0,209,0.202,1,COM7
2,161681,37,rpm,-280,462,36.8,36.8,3925,496,0,209,0.203,1,COM7
2,161702,37,rpm,115,462,36.8,36.8,3925,496,0,209,0.203,1,COM7
2,161723,37,rpm,555,462,36.8,36.8,3925,496,0,209,0.203,1,COM7
2,161743,37,rpm,708,462,36.8,36.8,3925,496,0,209,0.203,1,COM7
2,161764,37,rpm,954,462,36.8,36.8,3925,496,0,209,0.203,1,COM7
2,161785,37,rpm,797,462,36.8,36.8,3925,496,0,210,0.203,1,COM7
2,161806,37,rpm,626,462,36.8,36.8,3925,496,0,210,0.204,1,COM7
2,161826,37,rpm,707,462,36.8,36.8,3925,496,0,210,0.204,1,COM7
2,161847,37,rpm,604,461,36.8,36.8,3925,496,0,210,0.204,1,COM7
2,161868,37,rpm,425,461,36.8,36.8,3925,496,0,210,0.204,1,COM7
2,161889,37,rpm,366,461,36.8,36.8,3925,496,0,210,0.204,1,COM7
2,161909,37,rpm,250,461,36.8,36.8,3925,496,0,211,0.204,1,COM7
2,161930,37,rpm,-366,461,36.8,36.8,3925,496,0,211,0.204,1,COM7
2,161951,37,rpm,37,461,36.8,36.8,3925,496,0,211,0.205,1,COM7
2,161972,37,rpm,375,461,36.8,36.8,3925,496,0,211,0.205,1,COM7
2,161992,37,rpm,676,461,36.8,36.8,3925,496,0,211,0.205,1,COM7
2,162013,37,rpm,755,461,36.8,36.8,3925,496,0,211,0.205,1,COM7
2,162034,37,rpm,902,461,36.8,36.8,3925,496,0,212,0.205,1,COM7
2,162055,37,rpm,764,461,36.8,36.8,3925,496,0,212,0.205,1,COM7
2,162075,37,rpm,596,461,36.8,36.8,3925,496,0,212,0.206,1,COM7
2,162096,37,rpm,601,461,36.8,36.8,3925,496,0,212,0.206,1,COM7
2,162117,37,rpm,554,461,36.8,36.8,3925,496,0,212,0.206,1,COM7
2,162137,37,rpm,381,461,36.8,36.8,3925,496,0,212,0.206,1,COM7
2,162158,37,rpm,306,461,36.8,36.8,3925,496,0,213,0.206,1,COM7
2,162179,37,rpm,-175,461,36.8,36.8,3925,496,0,213,0.206,1,COM7
2,162200,37,rpm,-104,461,36.8,36.8,3925,496,0,213,0.206,1,COM7
2,162220,37,rpm,150,461,36.8,36.8,3925,496,0,213,0.207,1,COM7
2,162241,37,rpm,637,461,36.8,36.8,3925,496,0,213,0.207,1,COM7
2,162262,37,rpm,763,461,36.8,36.8,3925,496,0,213,0.207,1,COM7
2,162282,37,rpm,875,461,36.8,36.8,3925,496,0,213,0.207,1,COM7
2,162303,37,rpm,785,461,36.8,36.8,3925,496,0,214,0.207,1,COM7
2,162324,37,rpm,687,461,36.8,36.8,3925,496,0,214,0.207,1,COM7
2,162344,37,rpm,636,461,36.8,36.8,3925,496,0,214,0.208,1,COM7
2,162365,37,rpm,514,461,36.8,36.8,3925,496,0,214,0.208,1,COM7
2,162386,37,rpm,470,461,36.8,36.8,3925,496,0,214,0.208,1,COM7
2,162406,37,rpm,368,461,36.8,36.8,3925,496,0,214,0.208,1,COM7
2,162427,37,rpm,128,461,36.8,36.8,3925,496,0,215,0.208,1,COM7
2,162448,37,rpm,-367,461,36.8,36.8,3925,496,0,215,0.208,1,COM7
2,162469,37,rpm,88,461,36.8,36.8,3925,496,0,215,0.208,1,COM7
2,162489,37,rpm,522,461,36.8,36.8,3925,496,0,215,0.209,1,COM7
2,162510,37,rpm,630,461,36.8,36.8,3925,496,0,215,0.209,1,COM7
2,162531,37,rpm,890,461,36.8,36.8,3925,496,0,215,0.209,1,COM7
2,162551,37,rpm,926,461,36.8,36.8,3925,496,0,216,0.209,1,COM7
2,162572,37,rpm,599,462,36.8,36.8,3925,496,0,216,0.209,1,COM7
2,162593,37,rpm,677,462,36.8,36.8,3925,496,0,216,0.209,1,COM7
2,162614,37,rpm,644,462,36.8,36.8,3925,496,0,216,0.21,1,COM7
2,162634,37,rpm,468,462,36.8,36.8,3925,496,0,216,0.21,1,COM7
2,162655,37,rpm,374,462,36.8,36.8,3925,496,0,216,0.21,1,COM7
2,162676,37,rpm,292,462,36.8,36.8,3925,496,0,216,0.21,1,COM7
2,162696,37,rpm,-351,462,36.8,36.8,3925,496,0,217,0.21,1,COM7
2,162717,37,rpm,10,462,36.8,36.8,3925,496,0,217,0.21,1,COM7
2,162738,37,rpm,277,462,36.8,36.8,3925,496,0,217,0.21,1,COM7
2,162759,37,rpm,702,462,36.8,36.8,3925,496,0,217,0.211,1,COM7
2,162779,37,rpm,746,462,36.8,36.8,3925,496,0,217,0.211,1,COM7
2,162800,37,rpm,891,462,36.8,36.8,3925,496,0,217,0.211,1,COM7
2,162821,37,rpm,796,462,36.8,36.8,3925,496,0,218,0.211,1,COM7
2,162842,37,rpm,646,462,36.8,36.8,3925,496,0,218,0.211,1,COM7
2,162862,37,rpm,585,462,36.8,36.8,3925,496,0,218,0.211,1,COM7
2,162883,37,rpm,572,462,36.8,36.8,3925,496,0,218,0.212,1,COM7
2,162904,37,rpm,418,462,36.8,36.8,3925,496,0,218,0.212,1,COM7
2,162924,37,rpm,309,462,36.8,36.8,3925,496,0,218,0.212,1,COM7
2,162945,37,rpm,-115,462,36.8,36.8,3925,496,0,219,0.212,1,COM7
2,162966,37,rpm,-175,462,36.8,36.8,3925,496,0,219,0.212,1,COM7
2,162987,37,rpm,155,462,36.8,36.8,3925,496,0,219,0.212,1,COM7
2,163007,37,rpm,620,462,36.8,36.8,3925,496,0,219,0.212,1,COM7
2,163028,37,rpm,826,462,36.8,36.8,3925,496,0,219,0.213,1,COM7
2,163049,37,rpm,980,462,36.8,36.8,3925,496,0,219,0.213,1,COM7
2,163070,37,rpm,725,462,36.8,36.8,3925,496,0,220,0.213,1,COM7
2,163090,37,rpm,671,462,36.8,36.8,3925,496,0,220,0.213,1,COM7
2,163111,37,rpm,701,462,36.8,36.8,3925,496,0,220,0.213,1,COM7
2,163132,37,rpm,540,462,36.8,36.8,3925,496,0,220,0.213,1,COM7
2,163152,37,rpm,373,462,36.8,36.8,3925,496,0,220,0.214,1,COM7
2,163173,37,rpm,339,462,36.8,36.8,3925,496,0,220,0.214,1,COM7
2,163194,37,rpm,-41,462,36.8,36.8,3925,496,0,220,0.214,1,COM7
2,163215,37,rpm,-210,462,36.8,36.8,3925,496,0,221,0.214,1,COM7
2,163235,37,rpm,136,462,36.8,36.8,3925,496,0,221,0.214,1,COM7
2,163256,37,rpm,664,462,36.8,36.8,3925,496,0,221,0.214,1,COM7
2,163277,37,rpm,638,462,36.8,36.8,3925,496,0,221,0.214,1,COM7
2,163298,37,rpm,888,462,36.8,36.8,3925,496,0,221,0.215,1,COM7
2,163318,37,rpm,860,462,36.8,36.8,3925,496,0,221,0.215,1,COM7
2,163339,37,rpm,636,462,36.8,36.8,3925,496,0,222,0.215,1,COM7
2,163360,37,rpm,584,462,36.8,36.8,3925,496,0,222,0.215,1,COM7
2,163380,37,rpm,612,462,36.8,36.8,3925,496,0,222,0.215,1,COM7
2,163401,37,rpm,476,462,36.8,36.8,3925,496,0,222,0.215,1,COM7
2,163422,37,rpm,323,462,36.8,36.8,3925,496,0,222,0.216,1,COM7
2,163443,37,rpm,165,462,36.8,36.8,3925,496,0,222,0.216,1,COM7
2,163463,37,rpm,-366,462,36.8,36.8,3925,496,0,223,0.216,1,COM7
2,163484,37,rpm,70,462,36.8,36.8,3925,496,0,223,0.216,1,COM7
2,163505,37,rpm,460,462,36.8,36.8,3925,496,0,223,0.216,1,COM7
2,163526,37,rpm,723,462,36.8,36.8,3925,496,0,223,0.216,1,COM7
2,163546,37,rpm,852,462,36.8,36.8,3925,496,0,223,0.216,1,COM7
2,163567,37,rpm,794,462,36.8,36.8,3925,496,0,223,0.217,1,COM7
2,163588,37,rpm,690,462,36.8,36.8,3925,496,0,224,0.217,1,COM7
2,163608,37,rpm,721,462,36.8,36.8,3925,496,0,224,0.217,1,COM7
2,163629,37,rpm,573,462,36.8,36.8,3925,496,0,224,0.217,1,COM7
2,163650,37,rpm,495,462,36.8,36.8,3925,496,0,224,0.217,1,COM7
2,163671,37,rpm,391,462,36.8,36.8,3925,496,0,224,0.217,1,COM7
2,163691,37,rpm,303,462,36.8,36.8,3925,496,0,224,0.218,1,COM7
2,163712,37,rpm,-291,462,36.8,36.8,3925,496,0,224,0.218,1,COM7
2,163733,37,rpm,-21,462,36.8,36.8,3925,496,0,225,0.218,1,COM7
2,163754,37,rpm,234,462,36.8,36.8,3925,496,0,225,0.218,1,COM7
2,163774,37,rpm,634,462,36.8,36.8,3925,496,0,225,0.218,1,COM7
2,163795,37,rpm,718,462,36.8,36.8,3925,496,0,225,0.218,1,COM7
2,163816,37,rpm,986,462,36.8,36.8,3925,496,0,225,0.219,1,COM7
2,163837,37,rpm,769,462,36.8,36.8,3925,496,0,225,0.219,1,COM7
2,163857,37,rpm,580,462,36.8,36.8,3925,496,0,226,0.219,1,COM7
2,163878,37,rpm,676,462,36.8,36.8,3925,496,0,226,0.219,1,COM7
2,163899,37,rpm,583,462,36.8,36.8,3925,496,0,226,0.219,1,COM7
2,163919,37,rpm,389,462,36.8,36.8,3925,496,0,226,0.219,1,COM7
2,163940,37,rpm,355,462,36.8,36.8,3925,496,0,226,0.219,1,COM7
2,163961,37,rpm,24,462,36.8,36.8,3925,496,0,226,0.22,1,COM7
2,163982,37,rpm,-275,462,36.8,36.8,3925,496,0,227,0.22,1,COM7
2,164002,37,rpm,97,462,36.8,36.8,3925,496,0,227,0.22,1,COM7
2,164023,37,rpm,636,462,36.8,36.8,3925,496,0,227,0.22,1,COM7
2,164044,37,rpm,694,462,36.8,36.8,3925,496,0,227,0.22,1,COM7
2,164065,37,rpm,785,462,36.8,36.8,3925,496,0,227,0.22,1,COM7
2,164085,37,rpm,890,462,36.8,36.8,3925,496,0,227,0.221,1,COM7
2,164106,37,rpm,705,462,36.8,36.8,3925,496,0,227,0.221,1,COM7
2,164127,37,rpm,598,462,36.8,36.8,3925,496,0,228,0.221,1,COM7
2,164147,37,rpm,574,462,36.8,36.8,3925,496,0,228,0.221,1,COM7
2,164168,37,rpm,519,462,36.8,36.8,3925,496,0,228,0.221,1,COM7
2,164189,37,rpm,351,462,36.8,36.8,3925,496,0,228,0.221,1,COM7
2,164210,37,rpm,242,462,36.8,36.8,3925,496,0,228,0.221,1,COM7
2,164230,37,rpm,-429,462,36.8,36.8,3925,496,0,228,0.222,1,COM7
2,164251,37,rpm,53,462,36.8,36.8,3925,496,0,229,0.222,1,COM7
2,164272,37,rpm,338,462,36.8,36.8,3925,496,0,229,0.222,1,COM7
2,164292,37,rpm,668,462,36.8,36.8,3925,496,0,229,0.222,1,COM7
2,164313,37,rpm,857,462,36.8,36.8,3925,496,0,229,0.222,1,COM7
2,164334,37,rpm,877,462,36.8,36.8,3925,496,0,229,0.222,1,COM7
2,164355,37,rpm,675,462,36.8,36.8,3925,496,0,229,0.223,1,COM7
2,164375,37,rpm,643,462,36.8,36.8,3925,496,0,230,0.223,1,COM7
2,164396,37,rpm,645,462,36.8,36.8,3925,496,0,230,0.223,1,COM7
2,164417,37,rpm,510,462,36.8,36.8,3925,496,0,230,0.223,1,COM7
2,164438,37,rpm,356,462,36.8,36.8,3925,496,0,230,0.223,1,COM7
2,164458,37,rpm,325,462,36.8,36.8,3925,496,0,230,0.223,1,COM7
2,164479,37,rpm,-289,462,36.8,36.8,3925,496,0,230,0.223,1,COM7
2,164500,37,rpm,-39,462,36.8,36.8,3925,496,0,231,0.224,1,COM7
2,164521,37,rpm,238,462,36.8,36.8,3925,496,0,231,0.224,1,COM7
2,164542,37,rpm,744,462,36.8,36.8,3925,496,0,231,0.224,1,COM7
2,164562,37,rpm,738,462,36.8,36.8,3925,496,0,231,0.224,1,COM7
2,164583,37,rpm,898,462,36.8,36.8,3925,496,0,231,0.224,1,COM7
2,164604,37,rpm,832,462,36.8,36.8,3925,496,0,231,0.224,1,COM7
2,164625,37,rpm,644,462,36.8,36.8,3925,496,0,231,0.225,1,COM7
2,164645,37,rpm,591,462,36.8,36.8,3925,496,0,232,0.225,1,COM7
2,164666,37,rpm,561,462,36.8,36.8,3925,496,0,232,0.225,1,COM7
2,164687,37,rpm,396,462,36.8,36.8,3925,496,0,232,0.225,1,COM7
2,164707,37,rpm,268,462,36.8,36.8,3925,496,0,232,0.225,1,COM7
2,164728,37,rpm,-211,462,36.8,36.8,3925,496,0,232,0.225,1,COM7
2,164749,37,rpm,-81,462,36.8,36.8,3925,496,0,232,0.225,1,COM7
2,164770,37,rpm,182,462,36.8,36.8,3925,496,0,233,0.226,1,COM7
2,164790,37,rpm,659,462,36.8,36.8,3925,496,0,233,0.226,1,COM7
2,164811,37,rpm,765,462,36.8,36.8,3925,496,0,233,0.226,1,COM7
2,164832,37,rpm,948,462,36.8,36.8,3925,496,0,233,0.226,1,COM7
2,164853,37,rpm,734,462,36.8,36.8,3925,496,0,233,0.226,1,COM7
2,164873,37,rpm,673,462,36.8,36.8,3925,496,0,233,0.226,1,COM7
2,164894,37,rpm,649,462,36.8,36.8,3925,496,0,234,0.227,1,COM7
2,164915,37,rpm,548,462,36.8,36.8,3925,496,0,234,0.227,1,COM7
2,164935,37,rpm,422,462,36.8,36.8,3925,496,0,234,0.227,1,COM7
2,164956,37,rpm,350,462,36.8,36.8,3925,496,0,234,0.227,1,COM7
2,164977,37,rpm,25,462,36.8,36.8,3925,496,0,234,0.227,1,COM7
2,164998,37,rpm,-261,462,36.8,36.8,3925,496,0,234,0.227,1,COM7
2,165018,37,rpm,94,462,36.8,36.8,3925,496,0,235,0.227,1,COM7
2,165039,37,rpm,587,462,36.8,36.8,3925,496,0,235,0.228,1,COM7
2,165060,37,rpm,680,462,36.8,36.8,3925,496,0,235,0.228,1,COM7
2,165081,37,rpm,805,462,36.8,36.8,3925,496,0,235,0.228,1,COM7
2,165101,37,rpm,912,462,36.8,36.8,3925,496,0,235,0.228,1,COM7
2,165122,37,rpm,691,462,36.8,36.8,3925,496,0,235,0.228,1,COM7
2,165143,37,rpm,556,462,36.8,36.8,3925,496,0,235,0.228,1,COM7
2,165163,37,rpm,643,462,36.8,36.8,3925,496,0,236,0.229,1,COM7
2,165184,37,rpm,517,462,36.8,36.8,3925,496,0,236,0.229,1,COM7
2,165205,37,rpm,318,462,36.8,36.8,3925,496,0,236,0.229,1,COM7
2,165226,37,rpm,293,462,36.8,36.8,3925,496,0,236,0.229,1,COM7
2,165246,37,rpm,-375,462,36.8,36.8,3925,496,0,236,0.229,1,COM7
2,165267,37,rpm,34,462,36.8,36.8,3925,496,0,236,0.229,1,COM7
2,165288,37,rpm,292,462,36.8,36.8,3925,496,0,237,0.229,1,COM7
2,165309,37,rpm,747,462,36.8,36.8,3925,496,0,237,0.23,1,COM7
2,165329,37,rpm,728,462,36.8,36.8,3925,496,0,237,0.23,1,COM7
2,165350,37,rpm,827,462,36.8,36.8,3925,496,0,237,0.23,1,COM7
2,165371,37,rpm,807,462,36.8,36.8,3925,496,0,237,0.23,1,COM7
2,165391,37,rpm,654,462,36.8,36.8,3925,496,0,237,0.23,1,COM7
2,165412,37,rpm,565,462,36.8,36.8,3925,496,0,238,0.23,1,COM7
2,165433,37,rpm,550,462,36.8,36.8,3925,496,0,238,0.231,1,COM7
2,165454,37,rpm,427,462,36.8,36.8,3925,496,0,238,0.231,1,COM7
2,165474,37,rpm,315,462,36.8,36.8,3925,496,0,238,0.231,1,COM7
2,165495,37,rpm,-101,462,36.8,36.8,3925,496,0,238,0.231,1,COM7
2,165516,37,rpm,-177,462,36.8,36.8,3925,496,0,238,0.231,1,COM7
2,165537,37,rpm,162,462,36.8,36.8,3925,496,0,239,0.231,1,COM7
2,165557,37,rpm,623,462,36.8,36.8,3925,496,0,239,0.231,1,COM7
2,165578,37,rpm,721,462,36.8,36.8,3925,496,0,239,0.232,1,COM7
2,165599,37,rpm,893,462,36.8,36.8,3925,496,0,239,0.232,1,COM7
2,165619,37,rpm,826,462,36.8,36.8,3925,496,0,239,0.232,1,COM7
2,165640,37,rpm,626,462,36.8,36.8,3925,496,0,239,0.232,1,COM7
2,165661,37,rpm,640,462,36.8,36.8,3925,496,0,239,0.232,1,COM7
2,165682,37,rpm,596,462,36.8,36.8,3925,496,0,240,0.232,1,COM7
2,165702,37,rpm,436,462,36.8,36.8,3925,496,0,240,0.233,1,COM7
2,165723,37,rpm,328,462,36.8,36.8,3925,496,0,240,0.233,1,COM7
2,165744,37,rpm,201,462,36.8,36.8,3925,496,0,240,0.233,1,COM7
2,165765,37,rpm,-387,462,36.8,36.8,3925,496,0,240,0.233,1,COM7
2,165785,37,rpm,68,462,36.8,36.8,3925,496,0,240,0.233,1,COM7
2,165806,37,rpm,461,462,36.8,36.8,3925,496,0,241,0.233,1,COM7
2,165827,37,rpm,737,462,36.8,36.8,3925,496,0,241,0.234,1,COM7
2,165847,37,rpm,739,462,36.8,36.8,3925,496,0,241,0.234,1,COM7
2,165868,37,rpm,947,462,36.8,36.8,3925,496,0,241,0.234,1,COM7
2,165889,37,rpm,735,462,36.8,36.8,3925,496,0,241,0.234,1,COM7
2,165910,37,rpm,598,462,36.8,36.8,3925,496,0,241,0.234,1,COM7
2,165930,37,rpm,571,462,36.8,36.8,3925,496,0,242,0.234,1,COM7
2,165951,37,rpm,558,462,36.8,36.8,3925,496,0,242,0.234,1,COM7
2,165972,37,rpm,368,462,36.8,36.8,3925,496,0,242,0.235,1,COM7
2,165992,37,rpm,274,462,36.8,36.8,3925,496,0,242,0.235,1,COM7
2,166013,37,rpm,-367,462,36.8,36.8,3925,496,0,242,0.235,1,COM7
2,166034,37,rpm,37,462,36.8,36.8,3925,496,0,242,0.235,1,COM7
2,166055,37,rpm,293,462,36.8,36.8,3925,496,0,242,0.235,1,COM7
2,166076,37,rpm,700,462,36.8,36.8,3925,496,0,243,0.235,1,COM7
2,166096,37,rpm,922,462,36.8,36.8,3925,496,0,243,0.236,1,COM7
2,166117,37,rpm,845,462,36.8,36.8,3925,496,0,243,0.236,1,COM7
2,166138,37,rpm,706,462,36.8,36.8,3925,496,0,243,0.236,1,COM7
2,166158,37,rpm,707,462,36.8,36.8,3925,496,0,243,0.236,1,COM7
2,166179,37,rpm,629,462,36.8,36.8,3925,496,0,243,0.236,1,COM7
2,166200,37,rpm,484,462,36.8,36.8,3925,496,0,244,0.236,1,COM7
2,166221,37,rpm,372,462,36.8,36.8,3925,496,0,244,0.236,1,COM7
2,166241,37,rpm,277,462,36.8,36.8,3925,496,0,244,0.237,1,COM7
2,166262,37,rpm,-350,462,36.8,36.8,3925,496,0,244,0.237,1,COM7
2,166283,37,rpm,13,462,36.8,36.8,3925,496,0,244,0.237,1,COM7
2,166303,37,rpm,277,462,36.8,36.8,3925,496,0,244,0.237,1,COM7
2,166324,37,rpm,712,462,36.8,36.8,3925,496,0,245,0.237,1,COM7
2,166345,37,rpm,729,462,36.8,36.8,3925,496,0,245,0.237,1,COM7
2,166366,37,rpm,881,461,36.8,36.8,3925,496,0,245,0.238,1,COM7
2,166386,37,rpm,835,461,36.8,36.8,3925,496,0,245,0.238,1,COM7
2,166407,37,rpm,637,461,36.8,36.8,3925,496,0,245,0.238,1,COM7
2,166428,37,rpm,563,461,36.8,36.8,3925,496,0,245,0.238,1,COM7
2,166449,37,rpm,617,461,36.8,36.8,3925,496,0,246,0.238,1,COM7
2,166469,37,rpm,423,461,36.8,36.8,3925,496,0,246,0.238,1,COM7
2,166490,37,rpm,281,461,36.8,36.8,3925,496,0,246,0.238,1,COM7
2,166511,37,rpm,-20,461,36.8,36.8,3925,496,0,246,0.239,1,COM7
2,166531,37,rpm,-225,461,36.8,36.8,3925,496,0,246,0.239,1,COM7
2,166552,37,rpm,115,461,36.8,36.8,3925,496,0,246,0.239,1,COM7
2,166573,37,rpm,589,461,36.8,36.8,3925,496,0,246,0.239,1,COM7
2,166594,37,rpm,784,461,36.8,36.8,3925,496,0,247,0.239,1,COM7
2,166614,37,rpm,830,461,36.8,36.8,3925,496,0,247,0.239,1,COM7
2,166635,37,rpm,753,461,36.8,36.8,3925,496,0,247,0.24,1,COM7
2,166656,37,rpm,751,461,36.8,36.8,3925,496,0,247,0.24,1,COM7
2,166677,37,rpm,630,461,36.8,36.8,3925,496,0,247,0.24,1,COM7
2,166697,37,rpm,519,461,36.8,36.8,3925,496,0,247,0.24,1,COM7
2,166718,37,rpm,483,461,36.8,36.8,3925,496,0,248,0.24,1,COM7
2,166739,37,rpm,368,461,36.8,36.8,3925,496,0,248,0.24,1,COM7
2,166759,37,rpm,217,461,36.8,36.8,3925,496,0,248,0.24,1,COM7
2,166780,37,rpm,-381,461,36.8,36.8,3925,496,0,248,0.241,1,COM7
2,166801,37,rpm,56,461,36.8,36.8,3925,496,0,248,0.241,1,COM7
2,166822,37,rpm,385,461,36.8,36.8,3925,496,0,248,0.241,1,COM7
2,166842,37,rpm,670,461,36.8,36.8,3925,496,0,249,0.241,1,COM7
2,166863,37,rpm,833,461,36.8,36.8,3925,496,0,249,0.241,1,COM7
2,166884,37,rpm,895,461,36.8,36.8,3925,496,0,249,0.241,1,COM7
2,166904,37,rpm,700,461,36.8,36.8,3925,496,0,249,0.242,1,COM7
2,166925,37,rpm,634,461,36.8,36.8,3925,496,0,249,0.242,1,COM7
2,166946,37,rpm,625,461,36.8,36.8,3925,496,0,249,0.242,1,COM7
2,166967,37,rpm,529,461,36.8,36.8,3925,496,0,250,0.242,1,COM7
2,166987,37,rpm,368,461,36.8,36.8,3925,496,0,250,0.242,1,COM7
2,167008,37,rpm,316,461,36.8,36.8,3925,496,0,250,0.242,1,COM7
2,167029,37,rpm,-210,461,36.8,36.8,3925,496,0,250,0.242,1,COM7
2,167049,37,rpm,-93,461,36.8,36.8,3925,496,0,250,0.243,1,COM7
2,167070,37,rpm,186,461,36.8,36.8,3925,496,0,250,0.243,1,COM7
2,167091,37,rpm,721,461,36.8,36.8,3925,496,0,250,0.243,1,COM7
2,167112,37,rpm,728,461,36.8,36.8,3925,496,0,251,0.243,1,COM7
2,167132,37,rpm,771,461,36.8,36.8,3925,496,0,251,0.243,1,COM7
2,167153,37,rpm,874,461,36.8,36.8,3925,496,0,251,0.243,1,COM7
2,167174,37,rpm,691,461,36.8,36.8,3925,496,0,251,0.244,1,COM7
2,167194,37,rpm,537,461,36.8,36.8,3925,496,0,251,0.244,1,COM7
2,167215,37,rpm,594,461,36.8,36.8,3925,496,0,251,0.244,1,COM7
2,167236,37,rpm,477,461,36.8,36.8,3925,496,0,252,0.244,1,COM7
2,167257,37,rpm,295,461,36.8,36.8,3925,496,0,252,0.244,1,COM7
2,167277,37,rpm,121,461,36.8,36.8,3925,496,0,252,0.244,1,COM7
2,167298,37,rpm,-342,461,36.8,36.8,3925,496,0,252,0.244,1,COM7
2,167319,37,rpm,94,461,36.8,36.8,3925,496,0,252,0.245,1,COM7
2,167340,37,rpm,493,461,36.8,36.8,3925,496,0,252,0.245,1,COM7
2,167360,37,rpm,762,461,36.8,36.8,3925,496,0,253,0.245,1,COM7
2,167381,37,rpm,881,461,36.8,36.8,3925,496,0,253,0.245,1,COM7
2,167402,37,rpm,763,461,36.8,36.8,3925,496,0,253,0.245,1,COM7
2,167422,37,rpm,715,461,36.8,36.8,3925,496,0,253,0.245,1,COM7
2,167443,37,rpm,673,461,36.8,36.8,3925,496,0,253,0.246,1,COM7
2,167464,37,rpm,581,461,36.8,36.8,3925,496,0,253,0.246,1,COM7
2,167485,37,rpm,464,461,36.8,36.8,3925,496,0,253,0.246,1,COM7
2,167505,37,rpm,370,461,36.8,36.8,3925,496,0,254,0.246,1,COM7
2,167526,37,rpm,252,461,36.8,36.8,3925,496,0,254,0.246,1,COM7
2,167547,37,rpm,-387,461,36.8,36.8,3925,496,0,254,0.246,1,COM7
2,167567,37,rpm,51,461,36.8,36.8,3925,496,0,254,0.246,1,COM7
2,167588,37,rpm,404,461,36.8,36.8,3925,496,0,254,0.247,1,COM7
2,167609,37,rpm,708,461,36.8,36.8,3925,496,0,254,0.247,1,COM7
2,167630,37,rpm,850,461,36.8,36.8,3925,496,0,255,0.247,1,COM7
2,167650,37,rpm,915,461,36.8,36.8,3925,496,0,255,0.247,1,COM7
2,167671,37,rpm,772,461,36.8,36.8,3925,496,0,255,0.247,1,COM7
2,167692,37,rpm,616,461,36.8,36.8,3925,496,0,255,0.247,1,COM7
2,167713,37,rpm,592,461,36.8,36.8,3925,496,0,255,0.248,1,COM7
2,167733,37,rpm,534,461,36.8,36.8,3925,496,0,255,0.248,1,COM7
2,167754,37,rpm,353,461,36.8,36.8,3925,496,0,256,0.248,1,COM7
2,167775,37,rpm,232,461,36.8,36.8,3925,496,0,256,0.248,1,COM7
2,167795,37,rpm,-363,461,36.8,36.8,3925,496,0,256,0.248,1,COM7
2,167816,37,rpm,49,461,36.8,36.8,3925,496,0,256,0.248,1,COM7
2,167837,37,rpm,307,461,36.8,36.8,3925,496,0,256,0.249,1,COM7
2,167858,37,rpm,746,461,36.8,36.8,3925,496,0,256,0.249,1,COM7
2,167878,37,rpm,867,461,36.8,36.8,3925,496,0,257,0.249,1,COM7
2,167899,37,rpm,741,461,36.8,36.8,3925,496,0,257,0.249,1,COM7
2,167920,37,rpm,756,461,36.8,36.8,3925,496,0,257,0.249,1,COM7
2,167940,37,rpm,709,461,36.8,36.8,3925,496,0,257,0.249,1,COM7
2,167961,37,rpm,570,461,36.8,36.8,3925,496,0,257,0.249,1,COM7
2,167982,37,rpm,498,461,36.8,36.8,3925,496,0,257,0.25,1,COM7
2,168003,37,rpm,419,461,36.8,36.8,3925,496,0,257,0.25,1,COM7
2,168023,37,rpm,303,461,36.8,36.8,3925,496,0,258,0.25,1,COM7
2,168044,37,rpm,-158,461,36.8,36.8,3925,496,0,258,0.25,1,COM7
2,168065,37,rpm,-124,461,36.8,36.8,3925,496,0,258,0.25,1,COM7
2,168086,37,rpm,182,461,36.8,36.8,3925,496,0,258,0.25,1,COM7
2,168106,37,rpm,631,461,36.8,36.8,3925,496,0,258,0.251,1,COM7
2,168127,37,rpm,717,461,36.8,36.8,3925,496,0,258,0.251,1,COM7
2,168148,37,rpm,918,461,36.8,36.8,3925,496,0,259,0.251,1,COM7
2,168168,37,rpm,787,461,36.8,36.8,3925,496,0,259,0.251,1,COM7
2,168189,37,rpm,634,461,36.8,36.8,3925,496,0,259,0.251,1,COM7
2,168210,37,rpm,640,461,36.8,36.8,3925,496,0,259,0.251,1,COM7
2,168231,37,rpm,577,461,36.8,36.8,3925,496,0,259,0.251,1,COM7
2,168251,37,rpm,437,461,36.8,36.8,3925,496,0,259,0.252,1,COM7
2,168272,37,rpm,331,461,36.8,36.8,3925,496,0,260,0.252,1,COM7
2,168293,37,rpm,146,461,36.8,36.8,3925,496,0,260,0.252,1,COM7
2,168314,37,rpm,-345,461,36.8,36.8,3925,496,0,260,0.252,1,COM7
2,168334,37,rpm,71,461,36.8,36.8,3925,496,0,260,0.252,1,COM7
2,168355,37,rpm,477,461,36.8,36.8,3925,496,0,260,0.252,1,COM7
2,168376,37,rpm,737,461,36.8,36.8,3925,496,0,260,0.253,1,COM7
2,168397,37,rpm,764,461,36.8,36.8,3925,496,0,260,0.253,1,COM7
2,168417,37,rpm,840,461,36.8,36.8,3925,496,0,261,0.253,1,COM7
2,168438,37,rpm,773,461,36.8,36.8,3925,496,0,261,0.253,1,COM7
2,168459,37,rpm,620,461,36.8,36.8,3925,496,0,261,0.253,1,COM7
2,168479,37,rpm,526,461,36.8,36.8,3925,496,0,261,0.253,1,COM7
2,168500,37,rpm,560,461,36.8,36.8,3925,496,0,261,0.253,1,COM7
2,168521,37,rpm,385,461,36.8,36.8,3925,496,0,261,0.254,1,COM7
2,168542,37,rpm,258,461,36.8,36.8,3925,496,0,262,0.254,1,COM7
2,168562,37,rpm,-353,461,36.8,36.8,3925,496,0,262,0.254,1,COM7
2,168583,37,rpm,20,461,36.8,36.8,3925,496,0,262,0.254,1,COM7
2,168604,37,rpm,246,461,36.8,36.8,3925,496,0,262,0.254,1,COM7
2,168624,37,rpm,686,461,36.8,36.8,3925,496,0,262,0.254,1,COM7
2,168645,37,rpm,842,461,36.8,36.8,3925,496,0,262,0.255,1,COM7
2,168666,37,rpm,841,461,36.8,36.8,3925,496,0,263,0.255,1,COM7
2,168686,37,rpm,692,461,36.8,36.8,3925,496,0,263,0.255,1,COM7
2,168707,37,rpm,700,461,36.8,36.8,3925,496,0,263,0.255,1,COM7
2,168728,37,rpm,624,461,36.8,36.8,3925,496,0,263,0.255,1,COM7
2,168749,37,rpm,507,461,36.8,36.8,3925,496,0,263,0.255,1,COM7
2,168769,37,rpm,423,461,36.8,36.8,3925,496,0,263,0.255,1,COM7
2,168790,37,rpm,323,461,36.8,36.8,3925,496,0,264,0.256,1,COM7
2,168811,37,rpm,-24,461,36.8,36.8,3925,496,0,264,0.256,1,COM7
2,168832,37,rpm,-261,461,36.8,36.8,3925,496,0,264,0.256,1,COM7
2,168852,37,rpm,119,461,36.8,36.8,3925,496,0,264,0.256,1,COM7
2,168873,37,rpm,615,461,36.8,36.8,3925,496,0,264,0.256,1,COM7
2,168894,37,rpm,687,461,36.8,36.8,3925,496,0,264,0.256,1,COM7
2,168914,37,rpm,895,461,36.8,36.8,3925,496,0,264,0.257,1,COM7
2,168935,37,rpm,834,461,36.8,36.8,3925,496,0,265,0.257,1,COM7
2,168956,37,rpm,684,461,36.8,36.8,3925,496,0,265,0.257,1,COM7
2,168977,37,rpm,553,461,36.8,36.8,3925,496,0,265,0.257,1,COM7
2,168997,37,rpm,629,461,36.8,36.8,3925,496,0,265,0.257,1,COM7
2,169018,37,rpm,482,461,36.8,36.8,3925,496,0,265,0.257,1,COM7
2,169039,37,rpm,321,461,36.8,36.8,3925,496,0,265,0.257,1,COM7
2,169059,37,rpm,192,461,36.8,36.8,3925,496,0,266,0.258,1,COM7
2,169080,37,rpm,-378,461,36.8,36.8,3925,496,0,266,0.258,1,COM7
2,169101,37,rpm,79,461,36.8,36.8,3925,496,0,266,0.258,1,COM7
2,169122,37,rpm,457,461,36.8,36.8,3925,496,0,266,0.258,1,COM7
2,169142,37,rpm,792,461,36.8,36.8,3925,496,0,266,0.258,1,COM7
2,169163,37,rpm,943,461,36.8,36.8,3925,496,0,266,0.258,1,COM7
2,169184,37,rpm,717,461,36.8,36.8,3925,496,0,267,0.259,1,COM7
2,169205,37,rpm,778,461,36.8,36.8,3925,496,0,267,0.259,1,COM7
2,169225,37,rpm,695,461,36.8,36.8,3925,496,0,267,0.259,1,COM7
2,169246,37,rpm,521,461,36.8,36.8,3925,496,0,267,0.259,1,COM7
2,169267,37,rpm,481,461,36.8,36.8,3925,496,0,267,0.259,1,COM7
2,169287,37,rpm,378,461,36.8,36.8,3925,496,0,267,0.259,1,COM7
2,169308,37,rpm,196,461,36.8,36.8,3925,496,0,267,0.259,1,COM7
2,169329,37,rpm,-364,461,36.8,36.8,3925,496,0,268,0.26,1,COM7
2,169350,37,rpm,68,461,36.8,36.8,3925,496,0,268,0.26,1,COM7
2,169370,37,rpm,433,461,36.8,36.8,3925,496,0,268,0.26,1,COM7
2,169391,37,rpm,639,461,36.8,36.8,3925,496,0,268,0.26,1,COM7
2,169412,37,rpm,876,461,36.8,36.8,3925,496,0,268,0.26,1,COM7
2,169432,37,rpm,885,461,36.8,36.8,3925,496,0,268,0.26,1,COM7
2,169453,37,rpm,667,461,36.8,36.8,3925,496,0,269,0.261,1,COM7
2,169474,37,rpm,636,461,36.8,36.8,3925,496,0,269,0.261,1,COM7
2,169495,37,rpm,626,461,36.8,36.8,3925,496,0,269,0.261,1,COM7
2,169515,37,rpm,531,461,36.8,36.8,3925,496,0,269,0.261,1,COM7
2,169536,37,rpm,352,461,36.8,36.8,3925,496,0,269,0.261,1,COM7
2,169557,37,rpm,304,461,36.8,36.8,3925,496,0,269,0.261,1,COM7
2,169578,37,rpm,-323,461,36.8,36.8,3925,496,0,270,0.261,1,COM7
2,169598,37,rpm,-9,461,36.8,36.8,3925,496,0,270,0.262,1,COM7
2,169619,37,rpm,227,461,36.8,36.8,3925,496,0,270,0.262,1,COM7
2,169640,37,rpm,703,461,36.8,36.8,3925,496,0,270,0.262,1,COM7
2,169660,37,rpm,786,461,36.8,36.8,3925,496,0,270,0.262,1,COM7
2,169681,37,rpm,793,461,36.8,36.8,3925,496,0,270,0.262,1,COM7
2,169702,37,rpm,791,461,36.8,36.8,3925,496,0,271,0.262,1,COM7
2,169723,37,rpm,710,461,36.8,36.8,3925,496,0,271,0.263,1,COM7
2,169743,37,rpm,568,461,36.8,36.8,3925,496,0,271,0.263,1,COM7
2,169764,37,rpm,521,461,36.8,36.8,3925,496,0,271,0.263,1,COM7
2,169785,37,rpm,477,461,36.8,36.8,3925,496,0,271,0.263,1,COM7
2,169806,37,rpm,324,461,36.8,36.8,3925,496,0,271,0.263,1,COM7
2,169826,37,rpm,51,461,36.8,36.8,3925,496,0,271,0.263,1,COM7
2,169847,37,rpm,-284,461,36.8,36.8,3925,496,0,272,0.263,1,COM7
2,169868,37,rpm,102,461,36.8,36.8,3925,496,0,272,0.264,1,COM7
2,169888,37,rpm,491,461,36.8,36.8,3925,496,0,272,0.264,1,COM7
2,169909,37,rpm,746,460,36.8,36.8,3925,496,0,272,0.264,1,COM7
2,169930,37,rpm,921,460,36.8,36.8,3925,496,0,272,0.264,1,COM7
2,169950,37,rpm,728,460,36.8,36.8,3925,496,0,272,0.264,1,COM7
2,169971,37,rpm,706,460,36.8,36.8,3925,496,0,273,0.264,1,COM7
2,169992,37,rpm,685,460,36.8,36.8,3925,496,0,273,0.265,1,COM7
2,170013,37,rpm,548,460,36.8,36.8,3925,496,0,273,0.265,1,COM7
2,170033,37,rpm,476,460,36.8,36.8,3925,496,0,273,0.265,1,COM7
2,170054,37,rpm,392,460,36.8,36.8,3925,496,0,273,0.265,1,COM7
2,170075,37,rpm,252,460,36.8,36.8,3925,496,0,273,0.265,1,COM7
2,170096,37,rpm,-379,460,36.8,36.8,3925,496,0,274,0.265,1,COM7
2,170116,37,rpm,44,460,36.8,36.8,3925,496,0,274,0.265,1,COM7
2,170137,37,rpm,368,460,36.8,36.8,3925,496,0,274,0.266,1,COM7
2,170158,37,rpm,673,460,36.8,36.8,3925,496,0,274,0.266,1,COM7
2,170178,37,rpm,775,460,36.8,36.8,3925,496,0,274,0.266,1,COM7
2,170199,37,rpm,895,460,36.8,36.8,3925,496,0,274,0.266,1,COM7
2,170220,37,rpm,739,460,36.8,36.8,3925,496,0,274,0.266,1,COM7
2,170241,37,rpm,623,460,36.8,36.8,3925,496,0,275,0.266,1,COM7
2,170261,37,rpm,628,460,36.8,36.8,3925,496,0,275,0.267,1,COM7
2,170282,37,rpm,551,460,36.8,36.8,3925,496,0,275,0.267,1,COM7
2,170303,37,rpm,398,460,36.8,36.8,3925,496,0,275,0.267,1,COM7
2,170324,37,rpm,285,460,36.8,36.8,3925,496,0,275,0.267,1,COM7
2,170344,37,rpm,-114,460,36.8,36.8,3925,496,0,275,0.267,1,COM7
2,170365,37,rpm,-165,460,36.8,36.8,3925,496,0,276,0.267,1,COM7
2,170386,37,rpm,142,460,36.8,36.8,3925,496,0,276,0.267,1,COM7
2,170407,37,rpm,619,460,36.8,36.8,3925,496,0,276,0.268,1,COM7
2,170427,37,rpm,827,460,36.8,36.8,3925,496,0,276,0.268,1,COM7
2,170448,37,rpm,875,460,36.8,36.8,3925,496,0,276,0.268,1,COM7
2,170469,37,rpm,693,460,36.8,36.8,3925,496,0,276,0.268,1,COM7
2,170490,37,rpm,720,460,36.8,36.8,3925,496,0,277,0.268,1,COM7
2,170510,37,rpm,641,460,36.8,36.8,3925,496,0,277,0.268,1,COM7
2,170531,37,rpm,487,460,36.8,36.8,3925,496,0,277,0.269,1,COM7
2,170552,37,rpm,474,460,36.8,36.8,3925,496,0,277,0.269,1,COM7
2,170572,37,rpm,363,460,36.8,36.8,3925,496,0,277,0.269,1,COM7
2,170593,37,rpm,56,460,36.8,36.8,3925,496,0,277,0.269,1,COM7
2,170614,37,rpm,-297,460,36.8,36.8,3925,496,0,278,0.269,1,COM7
2,170635,37,rpm,112,460,36.8,36.8,3925,496,0,278,0.269,1,COM7
2,170655,37,rpm,555,460,36.8,36.8,3925,496,0,278,0.269,1,COM7
2,170676,37,rpm,692,460,36.8,36.8,3925,496,0,278,0.27,1,COM7
2,170697,37,rpm,983,460,36.8,36.8,3925,496,0,278,0.27,1,COM7
2,170717,37,rpm,816,460,36.8,36.8,3925,496,0,278,0.27,1,COM7
2,170738,37,rpm,670,460,36.8,36.8,3925,496,0,278,0.27,1,COM7
2,170759,37,rpm,671,460,36.8,36.8,3925,496,0,279,0.27,1,COM7
2,170780,37,rpm,600,460,36.8,36.8,3925,496,0,279,0.27,1,COM7
2,170800,37,rpm,443,460,36.8,36.8,3925,496,0,279,0.271,1,COM7
2,170821,37,rpm,320,460,36.8,36.8,3925,496,0,279,0.271,1,COM7
2,170842,37,rpm,132,460,36.8,36.8,3925,496,0,279,0.271,1,COM7
2,170862,37,rpm,-345,460,36.8,36.8,3925,496,0,279,0.271,1,COM7
2,170883,37,rpm,80,460,36.8,36.8,3925,496,0,280,0.271,1,COM7
2,170904,37,rpm,515,460,36.8,36.8,3925,496,0,280,0.271,1,COM7
2,170925,37,rpm,727,460,36.8,36.8,3925,496,0,280,0.272,1,COM7
2,170945,37,rpm,861,460,36.8,36.8,3925,496,0,280,0.272,1,COM7
2,170966,37,rpm,797,460,36.8,36.8,3925,496,0,280,0.272,1,COM7
2,170987,37,rpm,730,460,36.8,36.8,3925,496,0,280,0.272,1,COM7
2,171008,37,rpm,668,460,36.8,36.8,3925,496,0,281,0.272,1,COM7
2,171028,37,rpm,543,460,36.8,36.8,3925,496,0,281,0.272,1,COM7
2,171049,37,rpm,512,460,36.8,36.8,3925,496,0,281,0.272,1,COM7
2,171070,37,rpm,387,460,36.8,36.8,3925,496,0,281,0.273,1,COM7
2,171091,37,rpm,247,460,36.8,36.8,3925,496,0,281,0.273,1,COM7
2,171111,37,rpm,-353,460,36.8,36.8,3925,496,0,281,0.273,1,COM7
2,171132,37,rpm,31,460,36.8,36.8,3925,496,0,281,0.273,1,COM7
2,171153,37,rpm,319,460,36.8,36.8,3925,496,0,282,0.273,1,COM7
2,171173,37,rpm,615,460,36.8,36.8,3925,496,0,282,0.273,1,COM7
2,171194,37,rpm,860,460,36.8,36.8,3925,496,0,282,0.274,1,COM7
2,171215,37,rpm,887,460,36.8,36.8,3925,496,0,282,0.274,1,COM7
2,171235,37,rpm,639,460,36.8,36.8,3925,496,0,282,0.274,1,COM7
2,171256,37,rpm,697,460,36.8,36.8,3925,496,0,282,0.274,1,COM7
2,171277,37,rpm,659,460,36.8,36.8,3925,496,0,283,0.274,1,COM7
2,171298,37,rpm,508,460,36.8,36.8,3925,496,0,283,0.274,1,COM7
2,171318,37,rpm,397,460,36.8,36.8,3925,496,0,283,0.274,1,COM7
2,171339,37,rpm,343,460,36.8,36.8,3925,496,0,283,0.275,1,COM7
2,171360,37,rpm,-62,460,36.8,36.8,3925,496,0,283,0.275,1,COM7
2,171381,37,rpm,-213,460,36.8,36.8,3925,496,0,283,0.275,1,COM7
2,171401,37,rpm,128,460,36.8,36.8,3925,496,0,284,0.275,1,COM7
2,171422,37,rpm,615,460,36.8,36.8,3925,496,0,284,0.275,1,COM7
2,171443,37,rpm,671,460,36.8,36.8,3925,496,0,284,0.275,1,COM7
2,171464,37,rpm,861,460,36.8,36.8,3925,496,0,284,0.276,1,COM7
2,171484,37,rpm,847,460,36.8,36.8,3925,496,0,284,0.276,1,COM7
2,171505,37,rpm,659,460,36.8,36.8,3925,496,0,284,0.276,1,COM7
2,171526,37,rpm,602,460,36.8,36.8,3925,496,0,285,0.276,1,COM7
2,171547,37,rpm,586,460,36.8,36.8,3925,496,0,285,0.276,1,COM7
2,171567,37,rpm,491,460,36.8,36.8,3925,496,0,285,0.276,1,COM7
2,171588,37,rpm,342,460,36.8,36.8,3925,496,0,285,0.276,1,COM7
2,171609,37,rpm,202,460,36.8,36.8,3925,496,0,285,0.277,1,COM7
2,171630,37,rpm,-390,460,36.8,36.8,3925,496,0,285,0.277,1,COM7
2,171650,37,rpm,73,460,36.8,36.8,3925,496,0,285,0.277,1,COM7
2,171671,37,rpm,428,460,36.8,36.8,3925,496,0,286,0.277,1,COM7
2,171692,37,rpm,709,460,36.8,36.8,3925,496,0,286,0.277,1,COM7
2,171712,37,rpm,866,460,36.8,36.8,3925,496,0,286,0.277,1,COM7
2,171733,37,rpm,793,460,36.8,36.8,3925,496,0,286,0.278,1,COM7
2,171754,37,rpm,674,460,36.8,36.8,3925,496,0,286,0.278,1,COM7
2,171775,37,rpm,704,460,36.8,36.8,3925,496,0,286,0.278,1,COM7
2,171795,37,rpm,632,460,36.8,36.8,3925,496,0,287,0.278,1,COM7
2,171816,37,rpm,447,460,36.8,36.8,3925,496,0,287,0.278,1,COM7
2,171837,37,rpm,412,460,36.8,36.8,3925,496,0,287,0.278,1,COM7
2,171858,37,rpm,286,460,36.8,36.8,3925,496,0,287,0.278,1,COM7
2,171878,37,rpm,-291,460,36.8,36.8,3925,496,0,287,0.279,1,COM7
2,171899,37,rpm,-28,460,36.8,36.8,3925,496,0,287,0.279,1,COM7
2,171920,37,rpm,250,460,36.8,36.8,3925,496,0,288,0.279,1,COM7
2,171940,37,rpm,620,460,36.8,36.8,3925,496,0,288,0.279,1,COM7
2,171961,37,rpm,747,460,36.8,36.8,3925,496,0,288,0.279,1,COM7
2,171982,37,rpm,955,460,36.8,36.8,3925,496,0,288,0.279,1,COM7
2,172003,37,rpm,742,460,36.8,36.8,3925,496,0,288,0.28,1,COM7
2,172023,37,rpm,607,460,36.8,36.8,3925,496,0,288,0.28,1,COM7
2,172044,37,rpm,652,460,36.8,36.8,3925,496,0,288,0.28,1,COM7
2,172065,37,rpm,583,460,36.8,36.8,3925,496,0,289,0.28,1,COM7
2,172086,37,rpm,405,460,36.8,36.8,3925,496,0,289,0.28,1,COM7
2,172106,37,rpm,316,460,36.8,36.8,3925,496,0,289,0.28,1,COM7
2,172127,37,rpm,-48,460,36.8,36.8,3925,496,0,289,0.28,1,COM7
2,172148,37,rpm,-226,460,36.8,36.8,3925,496,0,289,0.281,1,COM7
2,172169,37,rpm,118,460,36.8,36.8,3925,496,0,289,0.281,1,COM7
2,172189,37,rpm,638,460,36.8,36.8,3925,496,0,290,0.281,1,COM7
2,172210,37,rpm,810,460,36.8,36.8,3925,496,0,290,0.281,1,COM7
2,172231,37,rpm,865,460,36.8,36.8,3925,496,0,290,0.281,1,COM7
2,172251,37,rpm,769,460,36.8,36.8,3925,496,0,290,0.281,1,COM7
2,172272,37,rpm,746,460,36.8,36.8,3925,496,0,290,0.282,1,COM7
2,172293,37,rpm,664,460,36.8,36.8,3925,496,0,290,0.282,1,COM7
2,172314,37,rpm,492,460,36.8,36.8,3925,496,0,291,0.282,1,COM7
2,172334,37,rpm,453,460,36.8,36.8,3925,496,0,291,0.282,1,COM7
2,172355,37,rpm,331,460,36.8,36.8,3925,496,0,291,0.282,1,COM7
2,172376,37,rpm,-6,460,36.8,36.8,3925,496,0,291,0.282,1,COM7
2,172397,37,rpm,-259,460,36.8,36.8,3925,496,0,291,0.282,1,COM7
2,172417,37,rpm,130,460,36.8,36.8,3925,496,0,291,0.283,1,COM7
2,172438,37,rpm,598,460,36.8,36.8,3925,496,0,291,0.283,1,COM7
2,172459,37,rpm,636,460,36.8,36.8,3925,496,0,292,0.283,1,COM7
2,172480,37,rpm,968,460,36.8,36.8,3925,496,0,292,0.283,1,COM7
2,172500,37,rpm,837,460,36.8,36.8,3925,496,0,292,0.283,1,COM7
2,172521,37,rpm,588,460,36.8,36.8,3925,496,0,292,0.283,1,COM7
2,172542,37,rpm,675,460,36.8,36.8,3925,496,0,292,0.284,1,COM7
2,172562,37,rpm,622,460,36.8,36.8,3925,496,0,292,0.284,1,COM7
2,172583,37,rpm,439,460,36.8,36.8,3925,496,0,293,0.284,1,COM7
2,172604,37,rpm,346,460,36.8,36.8,3925,496,0,293,0.284,1,COM7
2,172625,37,rpm,243,460,36.8,36.8,3925,496,0,293,0.284,1,COM7
2,172645,37,rpm,-364,460,36.8,36.8,3925,496,0,293,0.284,1,COM7
2,172666,37,rpm,49,460,36.8,36.8,3925,496,0,293,0.284,1,COM7
2,172687,37,rpm,385,460,36.8,36.8,3925,496,0,293,0.285,1,COM7
2,172708,37,rpm,701,460,36.8,36.8,3925,496,0,294,0.285,1,COM7
2,172728,37,rpm,774,460,36.8,36.8,3925,496,0,294,0.285,1,COM7
2,172749,37,rpm,856,460,36.8,36.8,3925,496,0,294,0.285,1,COM7
2,172770,37,rpm,774,460,36.8,36.8,3925,496,0,294,0.285,1,COM7
2,172791,37,rpm,613,460,36.8,36.8,3925,496,0,294,0.285,1,COM7
2,172811,37,rpm,569,460,36.8,36.8,3925,496,0,294,0.286,1,COM7
2,172832,37,rpm,536,460,36.8,36.8,3925,496,0,295,0.286,1,COM7
2,172853,37,rpm,391,460,36.8,36.8,3925,496,0,295,0.286,1,COM7
2,172874,37,rpm,292,460,36.8,36.8,3925,496,0,295,0.286,1,COM7
2,172894,37,rpm,-217,460,36.8,36.8,3925,496,0,295,0.286,1,COM7
2,172915,37,rpm,-75,460,36.8,36.8,3925,496,0,295,0.286,1,COM7
2,172936,37,rpm,183,460,36.8,36.8,3925,496,0,295,0.286,1,COM7
2,172956,37,rpm,628,460,36.8,36.8,3925,496,0,295,0.287,1,COM7
2,172977,37,rpm,773,460,36.8,36.8,3925,496,0,296,0.287,1,COM7
2,172998,37,rpm,943,460,36.8,36.8,3925,496,0,296,0.287,1,COM7
2,173019,37,rpm,721,460,36.8,36.8,3925,496,0,296,0.287,1,COM7
2,173039,37,rpm,650,460,36.8,36.8,3925,496,0,296,0.287,1,COM7
2,173060,37,rpm,674,460,36.8,36.8,3925,496,0,296,0.287,1,COM7
2,173081,37,rpm,538,460,36.8,36.8,3925,496,0,296,0.288,1,COM7
2,173102,37,rpm,409,460,36.8,36.8,3925,496,0,297,0.288,1,COM7
2,173122,37,rpm,371,460,36.8,36.8,3925,496,0,297,0.288,1,COM7
2,173143,37,rpm,55,460,36.8,36.8,3925,496,0,297,0.288,1,COM7
2,173164,37,rpm,-298,460,36.8,36.8,3925,496,0,297,0.288,1,COM7
2,173185,37,rpm,97,460,36.8,36.8,3925,496,0,297,0.288,1,COM7
2,173205,37,rpm,581,460,36.8,36.8,3925,496,0,297,0.288,1,COM7
2,173226,37,rpm,620,460,36.8,36.8,3925,496,0,298,0.289,1,COM7
2,173247,37,rpm,847,460,36.8,36.8,3925,496,0,298,0.289,1,COM7
2,173267,37,rpm,911,460,36.8,36.8,3925,496,0,298,0.289,1,COM7
2,173288,37,rpm,648,460,36.8,36.8,3925,496,0,298,0.289,1,COM7
2,173309,37,rpm,584,460,36.8,36.8,3925,496,0,298,0.289,1,COM7
2,173330,37,rpm,622,460,36.8,36.8,3925,496,0,298,0.289,1,COM7
2,173350,37,rpm,511,460,36.8,36.8,3925,496,0,298,0.29,1,COM7
2,173371,37,rpm,340,460,36.8,36.8,3925,496,0,299,0.29,1,COM7
2,173392,37,rpm,266,460,36.8,36.8,3925,496,0,299,0.29,1,COM7
2,173413,37,rpm,-399,460,36.8,36.8,3925,496,0,299,0.29,1,COM7
2,173434,37,rpm,36,460,36.8,36.8,3925,496,0,299,0.29,1,COM7
2,173454,37,rpm,291,460,36.8,36.8,3925,496,0,299,0.29,1,COM7
2,173475,37,rpm,709,460,36.8,36.8,3925,496,0,299,0.29,1,COM7
2,173496,37,rpm,874,460,36.8,36.8,3925,496,0,300,0.291,1,COM7
2,173516,37,rpm,817,460,36.8,36.8,3925,496,0,300,0.291,1,COM7
2,173537,37,rpm,712,460,36.8,36.8,3925,496,0,300,0.291,1,COM7
2,173558,37,rpm,673,460,36.8,36.8,3925,496,0,300,0.291,1,COM7
2,173579,37,rpm,615,460,36.8,36.8,3925,496,0,300,0.291,1,COM7
2,173599,37,rpm,501,460,36.8,36.8,3925,496,0,300,0.291,1,COM7
2,173620,37,rpm,401,460,36.8,36.8,3925,496,0,301,0.292,1,COM7
2,173641,37,rpm,320,460,36.8,36.8,3925,496,0,301,0.292,1,COM7
2,173662,37,rpm,-248,460,36.8,36.8,3925,496,0,301,0.292,1,COM7
2,173682,37,rpm,-72,460,36.8,36.8,3925,496,0,301,0.292,1,COM7
2,173703,37,rpm,218,460,36.8,36.8,3925,496,0,301,0.292,1,COM7
2,173724,37,rpm,689,460,36.8,36.8,3925,496,0,301,0.292,1,COM7
2,173745,37,rpm,783,460,36.8,36.8,3925,496,0,302,0.292,1,COM7
2,173765,37,rpm,860,460,36.8,36.8,3925,496,0,302,0.293,1,COM7
2,173786,37,rpm,858,460,36.8,36.8,3925,496,0,302,0.293,1,COM7
2,173807,37,rpm,594,460,36.8,36.8,3925,496,0,302,0.293,1,COM7
2,173828,37,rpm,667,460,36.8,36.8,3925,496,0,302,0.293,1,COM7
2,173848,37,rpm,567,460,36.8,36.8,3925,496,0,302,0.293,1,COM7
2,173869,37,rpm,374,460,36.8,36.8,3925,496,0,302,0.293,1,COM7
2,173890,37,rpm,281,460,36.8,36.8,3925,496,0,303,0.294,1,COM7
2,173911,37,rpm,-135,460,36.8,36.8,3925,496,0,303,0.294,1,COM7
2,173931,37,rpm,-130,460,36.8,36.8,3925,496,0,303,0.294,1,COM7
2,173952,37,rpm,159,460,36.8,36.8,3925,496,0,303,0.294,1,COM7
2,173973,37,rpm,682,460,36.8,36.8,3925,496,0,303,0.294,1,COM7
2,173994,37,rpm,755,460,36.8,36.8,3925,496,0,303,0.294,1,COM7
2,174014,37,rpm,837,460,36.8,36.8,3925,496,0,304,0.294,1,COM7
2,174035,37,rpm,805,460,36.8,36.8,3925,496,0,304,0.295,1,COM7
2,174056,37,rpm,650,460,36.8,36.8,3925,496,0,304,0.295,1,COM7
2,174077,37,rpm,617,460,36.8,36.8,3925,496,0,304,0.295,1,COM7
2,174097,37,rpm,524,460,36.8,36.8,3925,496,0,304,0.295,1,COM7
2,174118,37,rpm,461,460,36.8,36.8,3925,496,0,304,0.295,1,COM7
2,174139,37,rpm,350,460,36.8,36.8,3925,496,0,305,0.295,1,COM7
2,174160,37,rpm,69,460,36.8,36.8,3925,496,0,305,0.296,1,COM7
2,174180,37,rpm,-281,460,36.8,36.8,3925,496,0,305,0.296,1,COM7
2,174201,37,rpm,94,460,36.8,36.8,3925,496,0,305,0.296,1,COM7
2,174222,37,rpm,561,460,36.8,36.8,3925,496,0,305,0.296,1,COM7
2,174243,37,rpm,639,460,36.8,36.8,3925,496,0,305,0.296,1,COM7
2,174263,37,rpm,845,460,36.8,36.8,3925,496,0,305,0.296,1,COM7
2,174284,37,rpm,890,460,36.8,36.8,3925,496,0,306,0.296,1,COM7
2,174305,37,rpm,659,460,36.8,36.8,3925,496,0,306,0.297,1,COM7
2,174326,37,rpm,581,460,36.8,36.8,3925,496,0,306,0.297,1,COM7
2,174346,37,rpm,638,460,36.8,36.8,3925,496,0,306,0.297,1,COM7
2,174367,37,rpm,499,460,36.8,36.8,3925,496,0,306,0.297,1,COM7
2,174388,37,rpm,323,460,36.8,36.8,3925,496,0,306,0.297,1,COM7
2,174408,37,rpm,301,460,36.8,36.8,3925,496,0,307,0.297,1,COM7
2,174429,37,rpm,-367,460,36.8,36.8,3925,496,0,307,0.298,1,COM7
2,174450,37,rpm,24,460,36.8,36.8,3925,496,0,307,0.298,1,COM7
2,174471,37,rpm,288,460,36.8,36.8,3925,496,0,307,0.298,1,COM7
2,174491,37,rpm,732,460,36.8,36.8,3925,496,0,307,0.298,1,COM7
2,174512,37,rpm,687,460,36.8,36.8,3925,496,0,307,0.298,1,COM7
2,174533,37,rpm,877,460,36.8,36.8,3925,496,0,308,0.298,1,COM7
2,174554,37,rpm,816,460,36.8,36.8,3925,496,0,308,0.298,1,COM7
2,174574,37,rpm,628,460,36.8,36.8,3925,496,0,308,0.299,1,COM7
2,174595,37,rpm,570,460,36.8,36.8,3925,496,0,308,0.299,1,COM7
2,174616,37,rpm,565,460,36.8,36.8,3925,496,0,308,0.299,1,COM7
2,174637,37,rpm,423,460,36.8,36.8,3925,496,0,308,0.299,1,COM7
2,174657,37,rpm,313,460,36.8,36.8,3925,496,0,308,0.299,1,COM7
2,174678,37,rpm,-77,460,36.8,36.8,3925,496,0,309,0.299,1,COM7
2,174699,37,rpm,-208,460,36.8,36.8,3925,496,0,309,0.3,1,COM7
2,174719,37,rpm,139,460,36.8,36.8,3925,496,0,309,0.3,1,COM7
2,174740,37,rpm,615,460,36.8,36.8,3925,496,0,309,0.3,1,COM7
2,174761,37,rpm,747,460,36.8,36.8,3925,496,0,309,0.3,1,COM7
2,174782,37,rpm,877,460,36.8,36.8,3925,496,0,309,0.3,1,COM7
2,174802,37,rpm,789,460,36.8,36.8,3925,496,0,310,0.3,1,COM7
2,174823,37,rpm,664,460,36.8,36.8,3925,496,0,310,0.3,1,COM7
2,174844,37,rpm,650,460,36.8,36.8,3925,496,0,310,0.301,1,COM7
2,174864,37,rpm,581,460,36.8,36.8,3925,496,0,310,0.301,1,COM7
2,174885,37,rpm,447,460,36.8,36.8,3925,496,0,310,0.301,1,COM7
2,174906,37,rpm,347,460,36.8,36.8,3925,496,0,310,0.301,1,COM7
2,174927,37,rpm,213,460,36.8,36.8,3925,496,0,311,0.301,1,COM7
2,174948,37,rpm,-384,460,36.8,36.8,3925,496,0,311,0.301,1,COM7
2,174968,37,rpm,65,459,36.8,36.8,3925,496,0,311,0.302,1,COM7
2,174989,37,rpm,447,459,36.8,36.8,3925,496,0,311,0.302,1,COM7
2,175010,37,rpm,699,459,36.8,36.8,3925,496,0,311,0.302,1,COM7
2,175030,37,rpm,748,459,36.8,36.8,3925,496,0,311,0.302,1,COM7
2,175051,37,rpm,964,459,36.8,36.8,3925,496,0,312,0.302,1,COM7
2,175072,37,rpm,722,459,36.8,36.8,3925,496,0,312,0.302,1,COM7
2,175093,37,rpm,594,459,36.8,36.8,3925,496,0,312,0.302,1,COM7
2,175113,37,rpm,583,459,36.8,36.8,3925,496,0,312,0.303,1,COM7
2,175134,37,rpm,559,459,36.8,36.8,3925,496,0,312,0.303,1,COM7
2,175155,37,rpm,356,459,36.8,36.8,3925,496,0,312,0.303,1,COM7
2,175175,37,rpm,281,459,36.8,36.8,3925,496,0,312,0.303,1,COM7
2,175196,37,rpm,-345,459,36.8,36.8,3925,496,0,313,0.303,1,COM7
2,175217,37,rpm,29,459,36.8,36.8,3925,496,0,313,0.303,1,COM7
2,175238,37,rpm,267,459,36.8,36.8,3925,496,0,313,0.304,1,COM7
2,175258,37,rpm,732,459,36.8,36.8,3925,496,0,313,0.304,1,COM7
2,175279,37,rpm,905,459,36.8,36.8,3925,496,0,313,0.304,1,COM7
2,175300,37,rpm,814,459,36.8,36.8,3925,496,0,313,0.304,1,COM7
2,175321,37,rpm,736,459,36.8,36.8,3925,496,0,314,0.304,1,COM7
2,175341,37,rpm,722,459,36.8,36.8,3925,496,0,314,0.304,1,COM7
2,175362,37,rpm,622,459,36.8,36.8,3925,496,0,314,0.304,1,COM7
2,175383,37,rpm,481,459,36.8,36.8,3925,496,0,314,0.305,1,COM7
2,175403,37,rpm,389,459,36.8,36.8,3925,496,0,314,0.305,1,COM7
2,175424,37,rpm,281,459,36.8,36.8,3925,496,0,314,0.305,1,COM7
2,175445,37,rpm,-323,459,36.8,36.8,3925,496,0,315,0.305,1,COM7
2,175466,37,rpm,3,459,36.8,36.8,3925,496,0,315,0.305,1,COM7
2,175486,37,rpm,267,459,36.8,36.8,3925,496,0,315,0.305,1,COM7
2,175507,37,rpm,669,459,36.8,36.8,3925,496,0,315,0.306,1,COM7
2,175528,37,rpm,732,459,36.8,36.8,3925,496,0,315,0.306,1,COM7
2,175548,37,rpm,909,459,36.8,36.8,3925,496,0,315,0.306,1,COM7
2,175569,37,rpm,800,459,36.8,36.8,3925,496,0,315,0.306,1,COM7
2,175590,37,rpm,595,459,36.8,36.8,3925,496,0,316,0.306,1,COM7
2,175611,37,rpm,602,459,36.8,36.8,3925,496,0,316,0.306,1,COM7
2,175631,37,rpm,597,459,36.8,36.8,3925,496,0,316,0.306,1,COM7
2,175652,37,rpm,411,459,36.8,36.8,3925,496,0,316,0.307,1,COM7
2,175673,37,rpm,306,459,36.8,36.8,3925,496,0,316,0.307,1,COM7
2,175694,37,rpm,-61,459,36.8,36.8,3925,496,0,316,0.307,1,COM7
2,175714,37,rpm,-213,459,36.8,36.8,3925,496,0,317,0.307,1,COM7
2,175735,37,rpm,107,459,36.8,36.8,3925,496,0,317,0.307,1,COM7
2,175756,37,rpm,623,459,36.8,36.8,3925,496,0,317,0.307,1,COM7
2,175776,37,rpm,775,459,36.8,36.8,3925,496,0,317,0.308,1,COM7
2,175797,37,rpm,752,459,36.8,36.8,3925,496,0,317,0.308,1,COM7
2,175818,37,rpm,824,459,36.8,36.8,3925,496,0,317,0.308,1,COM7
2,175838,37,rpm,755,459,36.8,36.8,3925,496,0,318,0.308,1,COM7
2,175859,37,rpm,586,459,36.8,36.8,3925,496,0,318,0.308,1,COM7
2,175880,37,rpm,533,459,36.8,36.8,3925,496,0,318,0.308,1,COM7
2,175901,37,rpm,522,459,36.8,36.8,3925,496,0,318,0.308,1,COM7
2,175921,37,rpm,341,459,36.8,36.8,3925,496,0,318,0.309,1,COM7
2,175942,37,rpm,235,459,36.8,36.8,3925,496,0,318,0.309,1,COM7
2,175963,37,rpm,-381,459,36.8,36.8,3925,496,0,318,0.309,1,COM7
2,175984,37,rpm,53,459,36.8,36.8,3925,496,0,319,0.309,1,COM7
2,176004,37,rpm,372,459,36.8,36.8,3925,496,0,319,0.309,1,COM7
2,176025,37,rpm,680,459,36.8,36.8,3925,496,0,319,0.309,1,COM7
2,176046,37,rpm,788,459,36.8,36.8,3925,496,0,319,0.31,1,COM7
2,176067,37,rpm,924,459,36.8,36.8,3925,496,0,319,0.31,1,COM7
2,176087,37,rpm,688,459,36.8,36.8,3925,496,0,319,0.31,1,COM7
2,176108,37,rpm,661,459,36.8,36.8,3925,496,0,320,0.31,1,COM7
2,176129,37,rpm,615,459,36.8,36.8,3925,496,0,320,0.31,1,COM7
2,176149,37,rpm,518,459,36.8,36.8,3925,496,0,320,0.31,1,COM7
2,176170,37,rpm,384,459,36.8,36.8,3925,496,0,320,0.31,1,COM7
2,176191,37,rpm,323,459,36.8,36.8,3925,496,0,320,0.311,1,COM7
2,176212,37,rpm,-176,459,36.8,36.8,3925,496,0,320,0.311,1,COM7
2,176232,37,rpm,-129,459,36.8,36.8,3925,496,0,321,0.311,1,COM7
2,176253,37,rpm,185,459,36.8,36.8,3925,496,0,321,0.311,1,COM7
2,176274,37,rpm,709,459,36.8,36.8,3925,496,0,321,0.311,1,COM7
2,176295,37,rpm,696,459,36.8,36.8,3925,496,0,321,0.311,1,COM7
2,176315,37,rpm,805,459,36.8,36.8,3925,496,0,321,0.312,1,COM7
2,176336,37,rpm,871,459,36.8,36.8,3925,496,0,321,0.312,1,COM7
2,176357,37,rpm,695,459,36.8,36.8,3925,496,0,322,0.312,1,COM7
2,176377,37,rpm,526,459,36.8,36.8,3925,496,0,322,0.312,1,COM7
2,176398,37,rpm,594,459,36.8,36.8,3925,496,0,322,0.312,1,COM7
2,176419,37,rpm,476,459,36.8,36.8,3925,496,0,322,0.312,1,COM7
2,176440,37,rpm,296,459,36.8,36.8,3925,496,0,322,0.312,1,COM7
2,176460,37,rpm,140,459,36.8,36.8,3925,496,0,322,0.313,1,COM7
2,176481,37,rpm,-344,459,36.8,36.8,3925,496,0,322,0.313,1,COM7
2,176502,37,rpm,92,459,36.8,36.8,3925,496,0,323,0.313,1,COM7
2,176523,37,rpm,494,459,36.8,36.8,3925,496,0,323,0.313,1,COM7
2,176543,37,rpm,770,459,36.8,36.8,3925,496,0,323,0.313,1,COM7
2,176564,37,rpm,843,459,36.8,36.8,3925,496,0,323,0.313,1,COM7
2,176585,37,rpm,762,459,36.8,36.8,3925,496,0,323,0.314,1,COM7
2,176605,37,rpm,726,459,36.8,36.8,3925,496,0,323,0.314,1,COM7
2,176626,37,rpm,664,459,36.8,36.8,3925,496,0,324,0.314,1,COM7
2,176647,37,rpm,564,459,36.8,36.8,3925,496,0,324,0.314,1,COM7
2,176668,37,rpm,474,459,36.8,36.8,3925,496,0,324,0.314,1,COM7
2,176688,37,rpm,374,459,36.8,36.8,3925,496,0,324,0.314,1,COM7
2,176709,37,rpm,249,459,36.8,36.8,3925,496,0,324,0.314,1,COM7
2,176730,37,rpm,-385,459,36.8,36.8,3925,496,0,324,0.315,1,COM7
2,176751,37,rpm,52,459,36.8,36.8,3925,496,0,325,0.315,1,COM7
2,176771,37,rpm,392,459,36.8,36.8,3925,496,0,325,0.315,1,COM7
2,176792,37,rpm,672,459,36.8,36.8,3925,496,0,325,0.315,1,COM7
2,176813,37,rpm,868,459,36.8,36.8,3925,496,0,325,0.315,1,COM7
2,176834,37,rpm,897,459,36.8,36.8,3925,496,0,325,0.315,1,COM7
2,176854,37,rpm,765,459,36.8,36.8,3925,496,0,325,0.316,1,COM7
2,176875,37,rpm,606,459,36.8,36.8,3925,496,0,325,0.316,1,COM7
2,176896,37,rpm,606,459,36.8,36.8,3925,496,0,326,0.316,1,COM7
2,176917,37,rpm,526,459,36.8,36.8,3925,496,0,326,0.316,1,COM7
2,176937,37,rpm,345,459,36.8,36.8,3925,496,0,326,0.316,1,COM7
2,176958,37,rpm,241,459,36.8,36.8,3925,496,0,326,0.316,1,COM7
2,176979,37,rpm,-374,459,36.8,36.8,3925,496,0,326,0.316,1,COM7
2,177000,37,rpm,46,459,36.8,36.8,3925,496,0,326,0.317,1,COM7
2,177020,37,rpm,292,459,36.8,36.8,3925,496,0,327,0.317,1,COM7
2,177041,37,rpm,751,459,36.8,36.8,3925,496,0,327,0.317,1,COM7
2,177062,37,rpm,860,459,36.8,36.8,3925,496,0,327,0.317,1,COM7
2,177082,37,rpm,744,459,36.8,36.8,3925,496,0,327,0.317,1,COM7
2,177103,37,rpm,787,459,36.8,36.8,3925,496,0,327,0.317,1,COM7
2,177124,37,rpm,704,459,36.8,36.8,3925,496,0,327,0.318,1,COM7
2,177145,37,rpm,563,459,36.8,36.8,3925,496,0,328,0.318,1,COM7
2,177165,37,rpm,526,459,36.8,36.8,3925,496,0,328,0.318,1,COM7
2,177186,37,rpm,433,459,36.8,36.8,3925,496,0,328,0.318,1,COM7
2,177207,37,rpm,296,459,36.8,36.8,3925,496,0,328,0.318,1,COM7
2,177228,37,rpm,-136,459,36.8,36.8,3925,496,0,328,0.318,1,COM7
2,177248,37,rpm,-124,459,36.8,36.8,3925,496,0,328,0.318,1,COM7
2,177269,37,rpm,167,459,36.8,36.8,3925,496,0,328,0.319,1,COM7
2,177290,37,rpm,640,459,36.8,36.8,3925,496,0,329,0.319,1,COM7
2,177311,37,rpm,702,459,36.8,36.8,3925,496,0,329,0.319,1,COM7
2,177331,37,rpm,895,459,36.8,36.8,3925,496,0,329,0.319,1,COM7
2,177352,37,rpm,800,459,36.8,36.8,3925,496,0,329,0.319,1,COM7
2,177373,37,rpm,637,459,36.8,36.8,3925,496,0,329,0.319,1,COM7
2,177393,37,rpm,636,459,36.8,36.8,3925,496,0,329,0.32,1,COM7
2,177414,37,rpm,590,459,36.8,36.8,3925,496,0,330,0.32,1,COM7
2,177435,37,rpm,445,459,36.8,36.8,3925,496,0,330,0.32,1,COM7
2,177456,37,rpm,323,459,36.8,36.8,3925,496,0,330,0.32,1,COM7
2,177476,37,rpm,163,459,36.8,36.8,3925,496,0,330,0.32,1,COM7
2,177497,37,rpm,-337,459,36.8,36.8,3925,496,0,330,0.32,1,COM7
2,177518,37,rpm,66,459,36.8,36.8,3925,496,0,330,0.32,1,COM7
2,177539,37,rpm,473,459,36.8,36.8,3925,496,0,331,0.321,1,COM7
2,177559,37,rpm,727,459,36.8,36.8,3925,496,0,331,0.321,1,COM7
2,177580,37,rpm,759,459,36.8,36.8,3925,496,0,331,0.321,1,COM7
2,177601,37,rpm,845,459,36.8,36.8,3925,496,0,331,0.321,1,COM7
2,177621,37,rpm,772,459,36.8,36.8,3925,496,0,331,0.321,1,COM7
2,177642,37,rpm,612,459,36.8,36.8,3925,496,0,331,0.321,1,COM7
2,177663,37,rpm,532,459,36.8,36.8,3925,496,0,332,0.322,1,COM7
2,177684,37,rpm,562,459,36.8,36.8,3925,496,0,332,0.322,1,COM7
2,177704,37,rpm,380,459,36.8,36.8,3925,496,0,332,0.322,1,COM7
2,177725,37,rpm,257,459,36.8,36.8,3925,496,0,332,0.322,1,COM7
2,177746,37,rpm,-346,459,36.8,36.8,3925,496,0,332,0.322,1,COM7
2,177766,37,rpm,19,459,36.8,36.8,3925,496,0,332,0.322,1,COM7
2,177787,37,rpm,238,459,36.8,36.8,3925,496,0,332,0.322,1,COM7
2,177808,37,rpm,682,459,36.8,36.8,3925,496,0,333,0.323,1,COM7
2,177829,37,rpm,886,459,36.8,36.8,3925,496,0,333,0.323,1,COM7
2,177849,37,rpm,790,459,36.8,36.8,3925,496,0,333,0.323,1,COM7
2,177870,37,rpm,721,459,36.8,36.8,3925,496,0,333,0.323,1,COM7
2,177891,37,rpm,711,459,36.8,36.8,3925,496,0,333,0.323,1,COM7
2,177911,37,rpm,612,459,36.8,36.8,3925,496,0,333,0.323,1,COM7
2,177932,37,rpm,507,459,36.8,36.8,3925,496,0,334,0.324,1,COM7
2,177953,37,rpm,443,459,36.8,36.8,3925,496,0,334,0.324,1,COM7
2,177973,37,rpm,324,459,36.8,36.8,3925,496,0,334,0.324,1,COM7
2,177994,37,rpm,-23,459,36.8,36.8,3925,496,0,334,0.324,1,COM7
2,178015,37,rpm,-265,459,36.8,36.8,3925,496,0,334,0.324,1,COM7
2,178036,37,rpm,121,459,36.8,36.8,3925,496,0,334,0.324,1,COM7
2,178056,37,rpm,611,459,36.8,36.8,3925,496,0,335,0.324,1,COM7
2,178077,37,rpm,670,459,36.8,36.8,3925,496,0,335,0.325,1,COM7
2,178098,37,rpm,895,459,36.8,36.8,3925,496,0,335,0.325,1,COM7
2,178119,37,rpm,839,459,36.8,36.8,3925,496,0,335,0.325,1,COM7
2,178139,37,rpm,675,459,36.8,36.8,3925,496,0,335,0.325,1,COM7
2,178160,37,rpm,579,459,36.8,36.8,3925,496,0,335,0.325,1,COM7
2,178181,37,rpm,604,459,36.8,36.8,3925,496,0,335,0.325,1,COM7
2,178202,37,rpm,490,459,36.8,36.8,3925,496,0,336,0.326,1,COM7
2,178222,37,rpm,318,459,36.8,36.8,3925,496,0,336,0.326,1,COM7
2,178243,37,rpm,187,459,36.8,36.8,3925,496,0,336,0.326,1,COM7
2,178264,37,rpm,-386,459,36.8,36.8,3925,496,0,336,0.326,1,COM7
2,178284,37,rpm,80,459,36.8,36.8,3925,496,0,336,0.326,1,COM7
2,178305,37,rpm,444,459,36.8,36.8,3925,496,0,336,0.326,1,COM7
2,178326,37,rpm,807,459,36.8,36.8,3925,496,0,337,0.326,1,COM7
2,178347,37,rpm,934,459,36.8,36.8,3925,496,0,337,0.327,1,COM7
2,178367,37,rpm,705,459,36.8,36.8,3925,496,0,337,0.327,1,COM7
2,178388,37,rpm,791,459,36.8,36.8,3925,496,0,337,0.327,1,COM7
2,178409,37,rpm,707,459,36.8,36.8,3925,496,0,337,0.327,1,COM7
2,178429,37,rpm,521,459,36.8,36.8,3925,496,0,337,0.327,1,COM7
2,178450,37,rpm,471,459,36.8,36.8,3925,496,0,338,0.327,1,COM7
2,178471,37,rpm,379,459,36.8,36.8,3925,496,0,338,0.328,1,COM7
2,178492,37,rpm,204,459,36.8,36.8,3925,496,0,338,0.328,1,COM7
2,178512,37,rpm,-371,459,36.8,36.8,3925,496,0,338,0.328,1,COM7
2,178533,37,rpm,68,459,36.8,36.8,3925,496,0,338,0.328,1,COM7
2,178554,37,rpm,436,459,36.8,36.8,3925,496,0,338,0.328,1,COM7
2,178575,37,rpm,643,459,36.8,36.8,3925,496,0,338,0.328,1,COM7
2,178595,37,rpm,885,459,36.8,36.8,3925,496,0,339,0.328,1,COM7
2,178616,37,rpm,864,459,36.8,36.8,3925,496,0,339,0.329,1,COM7
2,178637,37,rpm,676,459,36.8,36.8,3925,496,0,339,0.329,1,COM7
2,178658,37,rpm,630,459,36.8,36.8,3925,496,0,339,0.329,1,COM7
2,178678,37,rpm,621,459,36.8,36.8,3925,496,0,339,0.329,1,COM7
2,178699,37,rpm,529,459,36.8,36.8,3925,496,0,339,0.329,1,COM7
2,178720,37,rpm,357,459,36.8,36.8,3925,496,0,340,0.329,1,COM7
2,178741,37,rpm,288,459,36.8,36.8,3925,496,0,340,0.33,1,COM7
2,178761,37,rpm,-247,459,36.8,36.8,3925,496,0,340,0.33,1,COM7
2,178782,37,rpm,-58,459,36.8,36.8,3925,496,0,340,0.33,1,COM7
2,178803,37,rpm,199,459,36.8,36.8,3925,496,0,340,0.33,1,COM7
2,178823,37,rpm,714,459,36.8,36.8,3925,496,0,340,0.33,1,COM7
2,178844,37,rpm,790,459,36.8,36.8,3925,496,0,341,0.33,1,COM7
2,178865,37,rpm,795,459,36.8,36.8,3925,496,0,341,0.33,1,COM7
2,178886,37,rpm,770,459,36.8,36.8,3925,496,0,341,0.331,1,COM7
2,178906,37,rpm,707,459,36.8,36.8,3925,496,0,341,0.331,1,COM7
2,178927,37,rpm,583,459,36.8,36.8,3925,496,0,341,0.331,1,COM7
2,178948,37,rpm,497,459,36.8,36.8,3925,496,0,341,0.331,1,COM7
2,178969,37,rpm,487,459,36.8,36.8,3925,496,0,341,0.331,1,COM7
2,178989,37,rpm,318,459,36.8,36.8,3925,496,0,342,0.331,1,COM7
2,179010,37,rpm,42,459,36.8,36.8,3925,496,0,342,0.332,1,COM7
2,179031,37,rpm,-283,459,36.8,36.8,3925,496,0,342,0.332,1,COM7
2,179052,37,rpm,108,459,36.8,36.8,3925,496,0,342,0.332,1,COM7
2,179072,37,rpm,496,459,36.8,36.8,3925,496,0,342,0.332,1,COM7
2,179093,37,rpm,739,459,36.8,36.8,3925,496,0,342,0.332,1,COM7
2,179114,37,rpm,927,459,36.8,36.8,3925,496,0,343,0.332,1,COM7
2,179135,37,rpm,740,459,36.8,36.8,3925,496,0,343,0.332,1,COM7
2,179155,37,rpm,676,459,36.8,36.8,3925,496,0,343,0.333,1,COM7
2,179176,37,rpm,679,459,36.8,36.8,3925,496,0,343,0.333,1,COM7
2,179197,37,rpm,555,459,36.8,36.8,3925,496,0,343,0.333,1,COM7
2,179217,37,rpm,488,459,36.8,36.8,3925,496,0,343,0.333,1,COM7
2,179238,37,rpm,384,459,36.8,36.8,3925,496,0,344,0.333,1,COM7
2,179259,37,rpm,250,459,36.8,36.8,3925,496,0,344,0.333,1,COM7
2,179280,37,rpm,-400,459,36.8,36.8,3925,496,0,344,0.334,1,COM7
2,179300,37,rpm,48,459,36.8,36.8,3925,496,0,344,0.334,1,COM7
2,179321,37,rpm,374,459,36.8,36.8,3925,496,0,344,0.334,1,COM7
2,179342,37,rpm,676,459,36.8,36.8,3925,496,0,344,0.334,1,COM7
2,179363,37,rpm,832,459,36.8,36.8,3925,496,0,345,0.334,1,COM7
2,179383,37,rpm,776,459,36.8,36.8,3925,496,0,345,0.334,1,COM7
2,179404,37,rpm,815,459,36.8,36.8,3925,496,0,345,0.334,1,COM7
2,179425,37,rpm,607,459,36.8,36.8,3925,496,0,345,0.335,1,COM7
2,179445,37,rpm,595,459,36.8,36.8,3925,496,0,345,0.335,1,COM7
2,179466,37,rpm,547,459,36.8,36.8,3925,496,0,345,0.335,1,COM7
2,179487,37,rpm,407,459,36.8,36.8,3925,496,0,345,0.335,1,COM7
2,179508,37,rpm,275,459,36.8,36.8,3925,496,0,346,0.335,1,COM7
2,179528,37,rpm,-145,459,36.8,36.8,3925,496,0,346,0.335,1,COM7
2,179549,37,rpm,-139,459,36.8,36.8,3925,496,0,346,0.336,1,COM7
2,179570,37,rpm,161,459,36.8,36.8,3925,496,0,346,0.336,1,COM7
2,179591,37,rpm,612,459,36.8,36.8,3925,496,0,346,0.336,1,COM7
2,179611,37,rpm,841,459,36.8,36.8,3925,496,0,346,0.336,1,COM7
2,179632,37,rpm,898,459,36.8,36.8,3925,496,0,347,0.336,1,COM7
2,179653,37,rpm,683,459,36.8,36.8,3925,496,0,347,0.336,1,COM7
2,179674,37,rpm,722,459,36.8,36.8,3925,496,0,347,0.336,1,COM7
2,179694,37,rpm,652,459,36.8,36.8,3925,496,0,347,0.337,1,COM7
2,179715,37,rpm,494,459,36.8,36.8,3925,496,0,347,0.337,1,COM7
2,179736,37,rpm,455,459,36.8,36.8,3925,496,0,347,0.337,1,COM7
2,179757,37,rpm,363,459,36.8,36.8,3925,496,0,348,0.337,1,COM7
2,179777,37,rpm,36,459,36.8,36.8,3925,496,0,348,0.337,1,COM7
2,179798,37,rpm,-280,459,36.8,36.8,3925,496,0,348,0.337,1,COM7
2,179819,37,rpm,118,459,36.8,36.8,3925,496,0,348,0.338,1,COM7
2,179840,37,rpm,590,459,36.8,36.8,3925,496,0,348,0.338,1,COM7
2,179860,37,rpm,675,459,36.8,36.8,3925,496,0,348,0.338,1,COM7
2,179881,37,rpm,931,459,36.8,36.8,3925,496,0,348,0.338,1,COM7
2,179902,37,rpm,853,459,36.8,36.8,3925,496,0,349,0.338,1,COM7
2,179923,37,rpm,655,459,36.8,36.8,3925,496,0,349,0.338,1,COM7
2,179943,37,rpm,631,459,36.8,36.8,3925,496,0,349,0.338,1,COM7
2,179964,37,rpm,606,459,36.8,36.8,3925,496,0,349,0.339,1,COM7
2,179985,37,rpm,453,459,36.8,36.8,3925,496,0,349,0.339,1,COM7
2,180005,37,rpm,316,459,36.8,36.8,3925,496,0,349,0.339,1,COM7
2,180026,37,rpm,111,459,36.8,36.8,3925,496,0,350,0.339,1,COM7
2,180047,37,rpm,-304,459,36.8,36.8,3925,496,0,350,0.339,1,COM7
2,180068,37,rpm,90,459,36.8,36.8,3925,496,0,350,0.339,1,COM7
2,180088,37,rpm,498,459,36.8,36.8,3925,496,0,350,0.34,1,COM7
2,180109,37,rpm,759,459,36.8,36.8,3925,496,0,350,0.34,1,COM7
2,180130,37,rpm,883,459,36.8,36.8,3925,496,0,350,0.34,1,COM7
2,180151,37,rpm,742,459,36.8,36.8,3925,496,0,351,0.34,1,COM7
2,180171,37,rpm,706,459,36.8,36.8,3925,496,0,351,0.34,1,COM7
2,180192,37,rpm,680,459,36.8,36.8,3925,496,0,351,0.34,1,COM7
2,180213,37,rpm,562,459,36.8,36.8,3925,496,0,351,0.34,1,COM7
2,180233,37,rpm,465,459,36.8,36.8,3925,496,0,351,0.341,1,COM7
2,180254,37,rpm,400,459,36.8,36.8,3925,496,0,351,0.341,1,COM7
2,180275,37,rpm,238,459,36.8,36.8,3925,496,0,351,0.341,1,COM7
2,180296,37,rpm,-358,459,36.8,36.8,3925,496,0,352,0.341,1,COM7
2,180316,37,rpm,38,459,36.8,36.8,3925,496,0,352,0.341,1,COM7
2,180337,37,rpm,377,459,36.8,36.8,3925,496,0,352,0.341,1,COM7
2,180358,37,rpm,595,459,36.8,36.8,3925,496,0,352,0.342,1,COM7
2,180379,37,rpm,831,459,36.8,36.8,3925,496,0,352,0.342,1,COM7
2,180399,37,rpm,934,459,36.8,36.8,3925,496,0,352,0.342,1,COM7
2,180420,37,rpm,702,459,36.8,36.8,3925,496,0,353,0.342,1,COM7
2,180441,37,rpm,622,459,36.8,36.8,3925,496,0,353,0.342,1,COM7
2,180461,37,rpm,673,459,36.8,36.8,3925,496,0,353,0.342,1,COM7
2,180482,37,rpm,523,459,36.8,36.8,3925,496,0,353,0.342,1,COM7
2,180503,37,rpm,377,459,36.8,36.8,3925,496,0,353,0.343,1,COM7
2,180524,37,rpm,339,459,36.8,36.8,3925,496,0,353,0.343,1,COM7
2,180544,37,rpm,-90,459,36.8,36.8,3925,496,0,354,0.343,1,COM7
2,180565,37,rpm,-191,459,36.8,36.8,3925,496,0,354,0.343,1,COM7
2,180586,37,rpm,136,459,36.8,36.8,3925,496,0,354,0.343,1,COM7
2,180606,37,rpm,641,459,36.8,36.8,3925,496,0,354,0.343,1,COM7
2,180627,37,rpm,704,459,36.8,36.8,3925,496,0,354,0.344,1,COM7
2,180648,37,rpm,849,459,36.8,36.8,3925,496,0,354,0.344,1,COM7
2,180669,37,rpm,852,459,36.8,36.8,3925,496,0,355,0.344,1,COM7
2,180689,37,rpm,675,459,36.8,36.8,3925,496,0,355,0.344,1,COM7
2,180710,37,rpm,637,459,36.8,36.8,3925,496,0,355,0.344,1,COM7
2,180731,37,rpm,539,459,36.8,36.8,3925,496,0,355,0.344,1,COM7
2,180752,37,rpm,489,459,36.8,36.8,3925,496,0,355,0.344,1,COM7
2,180772,37,rpm,346,459,36.8,36.8,3925,496,0,355,0.345,1,COM7
2,180793,37,rpm,192,459,36.8,36.8,3925,496,0,355,0.345,1,COM7
2,180814,37,rpm,-370,459,36.8,36.8,3925,496,0,356,0.345,1,COM7
2,180835,37,rpm,65,459,36.8,36.8,3925,496,0,356,0.345,1,COM7
2,180855,37,rpm,456,459,36.8,36.8,3925,496,0,356,0.345,1,COM7
2,180876,37,rpm,674,459,36.8,36.8,3925,496,0,356,0.345,1,COM7
2,180897,37,rpm,911,459,36.8,36.8,3925,496,0,356,0.346,1,COM7
2,180918,37,rpm,845,459,36.8,36.8,3925,496,0,356,0.346,1,COM7
2,180938,37,rpm,629,459,36.8,36.8,3925,496,0,357,0.346,1,COM7
2,180959,37,rpm,703,459,36.8,36.8,3925,496,0,357,0.346,1,COM7
2,180980,37,rpm,649,459,36.8,36.8,3925,496,0,357,0.346,1,COM7
2,181001,37,rpm,439,459,36.8,36.8,3925,496,0,357,0.346,1,COM7
2,181021,37,rpm,388,459,36.8,36.8,3925,496,0,357,0.346,1,COM7
2,181042,37,rpm,294,459,36.8,36.8,3925,496,0,357,0.347,1,COM7
2,181063,37,rpm,-318,459,36.8,36.8,3925,496,0,358,0.347,1,COM7
2,181084,37,rpm,-5,459,36.8,36.8,3925,496,0,358,0.347,1,COM7
2,181104,37,rpm,272,459,36.8,36.8,3925,496,0,358,0.347,1,COM7
2,181125,37,rpm,664,459,36.8,36.8,3925,496,0,358,0.347,1,COM7
2,181146,37,rpm,725,459,36.8,36.8,3925,496,0,358,0.347,1,COM7
2,181167,37,rpm,921,459,36.8,36.8,3925,496,0,358,0.348,1,COM7
2,181187,37,rpm,762,459,36.8,36.8,3925,496,0,358,0.348,1,COM7
2,181208,37,rpm,615,459,36.8,36.8,3925,496,0,359,0.348,1,COM7
2,181229,37,rpm,605,459,36.8,36.8,3925,496,0,359,0.348,1,COM7
2,181250,37,rpm,575,459,36.8,36.8,3925,496,0,359,0.348,1,COM7
2,181270,37,rpm,413,459,36.8,36.8,3925,496,0,359,0.348,1,COM7
2,181291,37,rpm,306,459,36.8,36.8,3925,496,0,359,0.348,1,COM7
2,181312,37,rpm,-83,459,36.8,36.8,3925,496,0,359,0.349,1,COM7
2,181333,37,rpm,-189,459,36.8,36.8,3925,496,0,360,0.349,1,COM7
2,181353,37,rpm,141,459,36.8,36.8,3925,496,0,360,0.349,1,COM7
2,181374,37,rpm,631,459,36.8,36.8,3925,496,0,360,0.349,1,COM7
2,181395,37,rpm,830,459,36.8,36.8,3925,496,0,360,0.349,1,COM7
2,181415,37,rpm,922,459,36.8,36.8,3925,496,0,360,0.349,1,COM7
2,181436,37,rpm,730,459,36.8,36.8,3925,496,0,360,0.35,1,COM7
2,181457,37,rpm,706,459,36.8,36.8,3925,496,0,361,0.35,1,COM7
2,181478,37,rpm,711,459,36.8,36.8,3925,496,0,361,0.35,1,COM7
2,181498,37,rpm,511,459,36.8,36.8,3925,496,0,361,0.35,1,COM7
2,181519,37,rpm,392,459,36.8,36.8,3925,496,0,361,0.35,1,COM7
2,181540,37,rpm,342,459,36.8,36.8,3925,496,0,361,0.35,1,COM7
2,181561,37,rpm,-52,459,36.8,36.8,3925,496,0,361,0.35,1,COM7
2,181581,37,rpm,-244,459,36.8,36.8,3925,496,0,361,0.351,1,COM7
2,181602,37,rpm,131,459,36.8,36.8,3925,496,0,362,0.351,1,COM7
2,181623,37,rpm,648,459,36.8,36.8,3925,496,0,362,0.351,1,COM7
2,181643,37,rpm,629,459,36.8,36.8,3925,496,0,362,0.351,1,COM7
2,181664,37,rpm,895,459,36.8,36.8,3925,496,0,362,0.351,1,COM7
2,181685,37,rpm,907,459,36.8,36.8,3925,496,0,362,0.351,1,COM7
2,181706,37,rpm,625,459,36.8,36.8,3925,496,0,362,0.352,1,COM7
2,181726,37,rpm,609,459,36.8,36.8,3925,496,0,363,0.352,1,COM7
2,181747,37,rpm,641,459,36.8,36.8,3925,496,0,363,0.352,1,COM7
2,181768,37,rpm,471,459,36.8,36.8,3925,496,0,363,0.352,1,COM7
2,181789,37,rpm,316,459,36.8,36.8,3925,496,0,363,0.352,1,COM7
2,181809,37,rpm,205,459,36.8,36.8,3925,496,0,363,0.352,1,COM7
2,181830,37,rpm,-368,459,36.8,36.8,3925,496,0,363,0.352,1,COM7
2,181851,37,rpm,60,459,36.8,36.8,3925,496,0,364,0.353,1,COM7
2,181872,37,rpm,435,459,36.8,36.8,3925,496,0,364,0.353,1,COM7
2,181892,37,rpm,723,459,36.8,36.8,3925,496,0,364,0.353,1,COM7
2,181913,37,rpm,815,459,36.8,36.8,3925,496,0,364,0.353,1,COM7
2,181934,37,rpm,800,459,36.8,36.8,3925,496,0,364,0.353,1,COM7
2,181954,37,rpm,763,459,36.8,36.8,3925,496,0,364,0.353,1,COM7
2,181975,37,rpm,637,459,36.8,36.8,3925,496,0,365,0.354,1,COM7
2,181996,37,rpm,568,459,36.8,36.8,3925,496,0,365,0.354,1,COM7
2,182017,37,rpm,504,459,36.8,36.8,3925,496,0,365,0.354,1,COM7
2,182037,37,rpm,393,459,36.8,36.8,3925,496,0,365,0.354,1,COM7
2,182058,37,rpm,297,459,36.8,36.8,3925,496,0,365,0.354,1,COM7
2,182079,37,rpm,-274,459,36.8,36.8,3925,496,0,365,0.354,1,COM7
2,182100,37,rpm,-25,459,36.8,36.8,3925,496,0,365,0.355,1,COM7
2,182120,37,rpm,218,459,36.8,36.8,3925,496,0,366,0.355,1,COM7
2,182141,37,rpm,626,459,36.8,36.8,3925,496,0,366,0.355,1,COM7
2,182162,37,rpm,739,459,36.8,36.8,3925,496,0,366,0.355,1,COM7
2,182183,37,rpm,968,459,36.8,36.8,3925,496,0,366,0.355,1,COM7
2,182203,37,rpm,742,459,36.8,36.8,3925,496,0,366,0.355,1,COM7
2,182224,37,rpm,605,459,36.8,36.8,3925,496,0,366,0.355,1,COM7
2,182245,37,rpm,685,459,36.8,36.8,3925,496,0,367,0.356,1,COM7
2,182265,37,rpm,561,459,36.8,36.8,3925,496,0,367,0.356,1,COM7
2,182286,37,rpm,392,459,36.8,36.8,3925,496,0,367,0.356,1,COM7
2,182307,37,rpm,358,459,36.8,36.8,3925,496,0,367,0.356,1,COM7
2,182328,37,rpm,43,459,36.8,36.8,3925,496,0,367,0.356,1,COM7
2,182348,37,rpm,-287,459,36.8,36.8,3925,496,0,367,0.356,1,COM7
2,182369,37,rpm,95,460,36.8,36.8,3925,496,0,368,0.357,1,COM7
2,182390,37,rpm,603,460,36.8,36.8,3925,496,0,368,0.357,1,COM7
2,182410,37,rpm,646,460,36.8,36.8,3925,496,0,368,0.357,1,COM7
2,182431,37,rpm,800,460,36.8,36.8,3925,496,0,368,0.357,1,COM7
2,182452,37,rpm,907,460,36.8,36.8,3925,496,0,368,0.357,1,COM7
2,182473,37,rpm,689,460,36.8,36.8,3925,496,0,368,0.357,1,COM7
2,182493,37,rpm,584,460,36.8,36.8,3925,496,0,368,0.357,1,COM7
2,182514,37,rpm,598,460,36.8,36.8,3925,496,0,369,0.358,1,COM7
2,182535,37,rpm,520,460,36.8,36.8,3925,496,0,369,0.358,1,COM7
2,182556,37,rpm,343,460,36.8,36.8,3925,496,0,369,0.358,1,COM7
2,182576,37,rpm,257,460,36.8,36.8,3925,496,0,369,0.358,1,COM7
2,182597,37,rpm,-406,460,36.8,36.8,3925,496,0,369,0.358,1,COM7
2,182618,37,rpm,46,460,36.8,36.8,3925,496,0,369,0.358,1,COM7
2,182638,37,rpm,314,460,36.8,36.8,3925,496,0,370,0.358,1,COM7
2,182659,37,rpm,691,460,36.8,36.8,3925,496,0,370,0.359,1,COM7
2,182680,37,rpm,863,460,36.8,36.8,3925,496,0,370,0.359,1,COM7
2,182701,37,rpm,850,460,36.8,36.8,3925,496,0,370,0.359,1,COM7
2,182721,37,rpm,707,460,36.8,36.8,3925,496,0,370,0.359,1,COM7
2,182742,37,rpm,662,460,36.8,36.8,3925,496,0,370,0.359,1,COM7
2,182763,37,rpm,635,460,36.8,36.8,3925,496,0,371,0.359,1,COM7
2,182784,37,rpm,499,460,36.8,36.8,3925,496,0,371,0.36,1,COM7
2,182804,37,rpm,378,460,36.8,36.8,3925,496,0,371,0.36,1,COM7
2,182825,37,rpm,324,460,36.8,36.8,3925,496,0,371,0.36,1,COM7
2,182846,37,rpm,-250,460,36.8,36.8,3925,496,0,371,0.36,1,COM7
2,182867,37,rpm,-62,460,36.8,36.8,3925,496,0,371,0.36,1,COM7
2,182887,37,rpm,224,460,36.8,36.8,3925,496,0,371,0.36,1,COM7
2,182908,37,rpm,707,460,36.8,36.8,3925,496,0,372,0.361,1,COM7
2,182929,37,rpm,707,460,36.8,36.8,3925,496,0,372,0.361,1,COM7
2,182949,37,rpm,967,460,36.8,36.8,3925,496,0,372,0.361,1,COM7
2,182970,37,rpm,821,460,36.8,36.8,3925,496,0,372,0.361,1,COM7
2,182991,37,rpm,596,460,36.8,36.8,3925,496,0,372,0.361,1,COM7
2,183012,37,rpm,631,460,36.8,36.8,3925,496,0,372,0.361,1,COM7
2,183032,37,rpm,574,460,36.8,36.8,3925,496,0,373,0.361,1,COM7
2,183053,37,rpm,385,460,36.8,36.8,3925,496,0,373,0.362,1,COM7
2,183074,37,rpm,276,460,36.8,36.8,3925,496,0,373,0.362,1,COM7
2,183095,37,rpm,-185,460,36.8,36.8,3925,496,0,373,0.362,1,COM7
2,183115,37,rpm,-73,460,36.8,36.8,3925,496,0,373,0.362,1,COM7
2,183136,37,rpm,174,460,36.8,36.8,3925,496,0,373,0.362,1,COM7
2,183157,37,rpm,672,460,36.8,36.8,3925,496,0,374,0.362,1,COM7
2,183178,37,rpm,782,460,36.8,36.8,3925,496,0,374,0.363,1,COM7
2,183198,37,rpm,846,460,36.8,36.8,3925,496,0,374,0.363,1,COM7
2,183219,37,rpm,757,460,36.8,36.8,3925,496,0,374,0.363,1,COM7
2,183240,37,rpm,697,460,36.8,36.8,3925,496,0,374,0.363,1,COM7
2,183260,37,rpm,632,460,36.8,36.8,3925,496,0,374,0.363,1,COM7
2,183281,37,rpm,568,460,36.8,36.8,3925,496,0,375,0.363,1,COM7
2,183302,37,rpm,420,460,36.8,36.8,3925,496,0,375,0.363,1,COM7
2,183323,37,rpm,352,460,36.8,36.8,3925,496,0,375,0.364,1,COM7
2,183343,37,rpm,131,460,36.8,36.8,3925,496,0,375,0.364,1,COM7
2,183364,37,rpm,-318,460,36.8,36.8,3925,496,0,375,0.364,1,COM7
2,183385,37,rpm,85,460,36.8,36.8,3925,496,0,375,0.364,1,COM7
2,183406,37,rpm,518,460,36.8,36.8,3925,496,0,375,0.364,1,COM7
2,183426,37,rpm,626,460,36.8,36.8,3925,496,0,376,0.364,1,COM7
2,183447,37,rpm,873,460,36.8,36.8,3925,496,0,376,0.365,1,COM7
2,183468,37,rpm,895,460,36.8,36.8,3925,496,0,376,0.365,1,COM7
2,183489,37,rpm,663,460,36.8,36.8,3925,496,0,376,0.365,1,COM7
2,183509,37,rpm,593,460,36.8,36.8,3925,496,0,376,0.365,1,COM7
2,183530,37,rpm,635,460,36.8,36.8,3925,496,0,376,0.365,1,COM7
2,183551,37,rpm,513,460,36.8,36.8,3925,496,0,377,0.365,1,COM7
2,183572,37,rpm,311,460,36.8,36.8,3925,496,0,377,0.365,1,COM7
2,183592,37,rpm,302,460,36.8,36.8,3925,496,0,377,0.366,1,COM7
2,183613,37,rpm,-354,460,36.8,36.8,3925,496,0,377,0.366,1,COM7
2,183634,37,rpm,17,460,36.8,36.8,3925,496,0,377,0.366,1,COM7
2,183654,37,rpm,270,460,36.8,36.8,3925,496,0,377,0.366,1,COM7
2,183675,37,rpm,734,460,36.8,36.8,3925,496,0,378,0.366,1,COM7
2,183696,37,rpm,705,460,36.8,36.8,3925,496,0,378,0.366,1,COM7
2,183717,37,rpm,868,460,36.8,36.8,3925,496,0,378,0.367,1,COM7
2,183737,37,rpm,823,460,36.8,36.8,3925,496,0,378,0.367,1,COM7
2,183758,37,rpm,627,460,36.8,36.8,3925,496,0,378,0.367,1,COM7
2,183779,37,rpm,564,460,36.8,36.8,3925,496,0,378,0.367,1,COM7
2,183800,37,rpm,562,460,36.8,36.8,3925,496,0,378,0.367,1,COM7
2,183820,37,rpm,425,460,36.8,36.8,3925,496,0,379,0.367,1,COM7
2,183841,37,rpm,311,460,36.8,36.8,3925,496,0,379,0.367,1,COM7
2,183862,37,rpm,-87,460,36.8,36.8,3925,496,0,379,0.368,1,COM7
2,183883,37,rpm,-203,460,36.8,36.8,3925,496,0,379,0.368,1,COM7
2,183903,37,rpm,155,460,36.8,36.8,3925,496,0,379,0.368,1,COM7
2,183924,37,rpm,612,460,36.8,36.8,3925,496,0,379,0.368,1,COM7
2,183945,37,rpm,736,460,36.8,36.8,3925,496,0,380,0.368,1,COM7
2,183966,37,rpm,873,460,36.8,36.8,3925,496,0,380,0.368,1,COM7
2,183986,37,rpm,830,460,36.8,36.8,3925,496,0,380,0.369,1,COM7
2,184007,37,rpm,631,460,36.8,36.8,3925,496,0,380,0.369,1,COM7
2,184028,37,rpm,639,460,36.8,36.8,3925,496,0,380,0.369,1,COM7
2,184049,37,rpm,589,460,36.8,36.8,3925,496,0,380,0.369,1,COM7
2,184069,37,rpm,425,460,36.8,36.8,3925,496,0,381,0.369,1,COM7
2,184090,37,rpm,341,460,36.8,36.8,3925,496,0,381,0.369,1,COM7
2,184111,37,rpm,204,460,36.8,36.8,3925,496,0,381,0.369,1,COM7
2,184132,37,rpm,-393,460,36.8,36.8,3925,496,0,381,0.37,1,COM7
2,184152,37,rpm,65,460,36.8,36.8,3925,496,0,381,0.37,1,COM7
2,184173,37,rpm,456,460,36.8,36.8,3925,496,0,381,0.37,1,COM7
2,184194,37,rpm,724,460,36.8,36.8,3925,496,0,382,0.37,1,COM7
2,184215,37,rpm,804,460,36.8,36.8,3925,496,0,382,0.37,1,COM7
2,184235,37,rpm,882,460,36.8,36.8,3925,496,0,382,0.37,1,COM7
2,184256,37,rpm,740,460,36.8,36.8,3925,496,0,382,0.371,1,COM7
2,184277,37,rpm,563,460,36.8,36.8,3925,496,0,382,0.371,1,COM7
2,184297,37,rpm,584,460,36.8,36.8,3925,496,0,382,0.371,1,COM7
2,184318,37,rpm,549,460,36.8,36.8,3925,496,0,382,0.371,1,COM7
2,184339,37,rpm,362,460,36.8,36.8,3925,496,0,383,0.371,1,COM7
2,184360,37,rpm,268,460,36.8,36.8,3925,496,0,383,0.371,1,COM7
2,184380,37,rpm,-370,460,36.8,36.8,3925,496,0,383,0.371,1,COM7
2,184401,37,rpm,38,460,36.8,36.8,3925,496,0,383,0.372,1,COM7
2,184422,37,rpm,306,460,36.8,36.8,3925,496,0,383,0.372,1,COM7
2,184443,37,rpm,680,460,36.8,36.8,3925,496,0,383,0.372,1,COM7
2,184463,37,rpm,914,460,36.8,36.8,3925,496,0,384,0.372,1,COM7
2,184484,37,rpm,853,460,36.8,36.8,3925,496,0,384,0.372,1,COM7
2,184505,37,rpm,687,460,36.8,36.8,3925,496,0,384,0.372,1,COM7
2,184526,37,rpm,694,460,36.8,36.8,3925,496,0,384,0.373,1,COM7
2,184546,37,rpm,632,460,36.8,36.8,3925,496,0,384,0.373,1,COM7
2,184567,37,rpm,481,460,36.8,36.8,3925,496,0,384,0.373,1,COM7
2,184588,37,rpm,370,460,36.8,36.8,3925,496,0,385,0.373,1,COM7
2,184609,37,rpm,283,460,36.8,36.8,3925,496,0,385,0.373,1,COM7
2,184629,37,rpm,-330,460,36.8,36.8,3925,496,0,385,0.373,1,COM7
2,184650,37,rpm,13,460,36.8,36.8,3925,496,0,385,0.373,1,COM7
2,184671,37,rpm,279,460,36.8,36.8,3925,496,0,385,0.374,1,COM7
2,184691,37,rpm,716,460,36.8,36.8,3925,496,0,385,0.374,1,COM7
2,184712,37,rpm,713,460,36.8,36.8,3925,496,0,385,0.374,1,COM7
2,184733,37,rpm,872,460,36.8,36.8,3925,496,0,386,0.374,1,COM7
2,184754,37,rpm,807,460,36.8,36.8,3925,496,0,386,0.374,1,COM7
2,184774,37,rpm,617,460,36.8,36.8,3925,496,0,386,0.374,1,COM7
2,184795,37,rpm,553,460,36.8,36.8,3925,496,0,386,0.375,1,COM7
2,184816,37,rpm,589,460,36.8,36.8,3925,496,0,386,0.375,1,COM7
2,184837,37,rpm,428,460,36.8,36.8,3925,496,0,386,0.375,1,COM7
2,184857,37,rpm,295,460,36.8,36.8,3925,496,0,387,0.375,1,COM7
2,184878,37,rpm,-59,460,36.8,36.8,3925,496,0,387,0.375,1,COM7
2,184899,37,rpm,-193,460,36.8,36.8,3925,496,0,387,0.375,1,COM7
2,184920,37,rpm,121,460,36.8,36.8,3925,496,0,387,0.375,1,COM7
2,184940,37,rpm,615,460,36.8,36.8,3925,496,0,387,0.376,1,COM7
2,184961,37,rpm,805,460,36.8,36.8,3925,496,0,387,0.376,1,COM7
2,184982,37,rpm,822,460,36.8,36.8,3925,496,0,388,0.376,1,COM7
2,185003,37,rpm,759,460,36.8,36.8,3925,496,0,388,0.376,1,COM7
2,185023,37,rpm,740,460,36.8,36.8,3925,496,0,388,0.376,1,COM7
2,185044,37,rpm,618,460,36.8,36.8,3925,496,0,388,0.376,1,COM7
2,185065,37,rpm,523,460,36.8,36.8,3925,496,0,388,0.377,1,COM7
2,185085,37,rpm,493,460,36.8,36.8,3925,496,0,388,0.377,1,COM7
2,185106,37,rpm,356,460,36.8,36.8,3925,496,0,389,0.377,1,COM7
2,185127,37,rpm,225,460,36.8,36.8,3925,496,0,389,0.377,1,COM7
2,185147,37,rpm,-375,460,36.8,36.8,3925,496,0,389,0.377,1,COM7
2,185168,37,rpm,61,460,36.8,36.8,3925,496,0,389,0.377,1,COM7
2,185189,37,rpm,420,460,36.8,36.8,3925,496,0,389,0.377,1,COM7
2,185210,37,rpm,647,460,36.8,36.8,3925,496,0,389,0.378,1,COM7
2,185230,37,rpm,829,460,36.8,36.8,3925,496,0,389,0.378,1,COM7
2,185251,37,rpm,886,460,36.8,36.8,3925,496,0,390,0.378,1,COM7
2,185272,37,rpm,701,460,36.8,36.8,3925,496,0,390,0.378,1,COM7
2,185293,37,rpm,626,460,36.8,36.8,3925,496,0,390,0.378,1,COM7
2,185313,37,rpm,631,460,36.8,36.8,3925,496,0,390,0.378,1,COM7
2,185334,37,rpm,529,460,36.8,36.8,3925,496,0,390,0.379,1,COM7
2,185355,37,rpm,366,460,36.8,36.8,3925,496,0,390,0.379,1,COM7
2,185375,37,rpm,311,460,36.8,36.8,3925,496,0,391,0.379,1,COM7
2,185396,37,rpm,-226,460,36.8,36.8,3925,496,0,391,0.379,1,COM7
2,185417,37,rpm,-75,460,36.8,36.8,3925,496,0,391,0.379,1,COM7
2,185438,37,rpm,199,460,36.8,36.8,3925,496,0,391,0.379,1,COM7
2,185458,37,rpm,715,460,36.8,36.8,3925,496,0,391,0.379,1,COM7
2,185479,37,rpm,755,460,36.8,36.8,3925,496,0,391,0.38,1,COM7
2,185500,37,rpm,760,460,36.8,36.8,3925,496,0,392,0.38,1,COM7
2,185520,37,rpm,864,460,36.8,36.8,3925,496,0,392,0.38,1,COM7
2,185541,37,rpm,696,460,36.8,36.8,3925,496,0,392,0.38,1,COM7
2,185562,37,rpm,580,460,36.8,36.8,3925,496,0,392,0.38,1,COM7
2,185583,37,rpm,565,460,36.8,36.8,3925,496,0,392,0.38,1,COM7
2,185603,37,rpm,470,460,36.8,36.8,3925,496,0,392,0.381,1,COM7
2,185624,37,rpm,298,460,36.8,36.8,3925,496,0,392,0.381,1,COM7
2,185645,37,rpm,117,460,36.8,36.8,3925,496,0,393,0.381,1,COM7
2,185666,37,rpm,-339,460,36.8,36.8,3925,496,0,393,0.381,1,COM7
2,185686,37,rpm,97,460,36.8,36.8,3925,496,0,393,0.381,1,COM7
2,185707,37,rpm,496,460,36.8,36.8,3925,496,0,393,0.381,1,COM7
2,185728,37,rpm,757,460,36.8,36.8,3925,496,0,393,0.381,1,COM7
2,185748,37,rpm,854,460,36.8,36.8,3925,496,0,393,0.382,1,COM7
2,185769,37,rpm,810,460,36.8,36.8,3925,496,0,394,0.382,1,COM7
2,185790,37,rpm,683,460,36.8,36.8,3925,496,0,394,0.382,1,COM7
2,185811,37,rpm,671,460,36.8,36.8,3925,496,0,394,0.382,1,COM7
2,185831,37,rpm,584,460,36.8,36.8,3925,496,0,394,0.382,1,COM7
2,185852,37,rpm,452,460,36.8,36.8,3925,496,0,394,0.382,1,COM7
2,185873,37,rpm,374,460,36.8,36.8,3925,496,0,394,0.383,1,COM7
2,185893,37,rpm,246,460,36.8,36.8,3925,496,0,395,0.383,1,COM7
2,185914,37,rpm,-389,460,36.8,36.8,3925,496,0,395,0.383,1,COM7
2,185935,37,rpm,54,460,36.8,36.8,3925,496,0,395,0.383,1,COM7
2,185956,37,rpm,410,460,36.8,36.8,3925,496,0,395,0.383,1,COM7
2,185976,37,rpm,728,460,36.8,36.8,3925,496,0,395,0.383,1,COM7
2,185997,37,rpm,838,460,36.8,36.8,3925,496,0,395,0.383,1,COM7
2,186018,37,rpm,902,460,36.8,36.8,3925,496,0,395,0.384,1,COM7
2,186039,37,rpm,747,460,36.8,36.8,3925,496,0,396,0.384,1,COM7
2,186059,37,rpm,631,460,36.8,36.8,3925,496,0,396,0.384,1,COM7
2,186080,37,rpm,582,460,36.8,36.8,3925,496,0,396,0.384,1,COM7
2,186101,37,rpm,506,460,36.8,36.8,3925,496,0,396,0.384,1,COM7
2,186121,37,rpm,360,460,36.8,36.8,3925,496,0,396,0.384,1,COM7
2,186142,37,rpm,230,460,36.8,36.8,3925,496,0,396,0.385,1,COM7
2,186163,37,rpm,-373,460,36.8,36.8,3925,496,0,397,0.385,1,COM7
2,186184,37,rpm,48,460,36.8,36.8,3925,496,0,397,0.385,1,COM7
2,186204,37,rpm,300,460,36.8,36.8,3925,496,0,397,0.385,1,COM7
2,186225,37,rpm,738,460,36.8,36.8,3925,496,0,397,0.385,1,COM7
2,186246,37,rpm,870,460,36.8,36.8,3925,496,0,397,0.385,1,COM7
2,186267,37,rpm,744,460,36.8,36.8,3925,496,0,397,0.385,1,COM7
2,186287,37,rpm,755,460,36.8,36.8,3925,496,0,398,0.386,1,COM7
2,186308,37,rpm,708,460,36.8,36.8,3925,496,0,398,0.386,1,COM7
2,186329,37,rpm,585,460,36.8,36.8,3925,496,0,398,0.386,1,COM7
2,186349,37,rpm,497,460,36.8,36.8,3925,496,0,398,0.386,1,COM7
2,186370,37,rpm,416,460,36.8,36.8,3925,496,0,398,0.386,1,COM7
2,186391,37,rpm,298,460,36.8,36.8,3925,496,0,398,0.386,1,COM7
2,186412,37,rpm,-227,460,36.8,36.8,3925,496,0,399,0.387,1,COM7
2,186432,37,rpm,-83,460,36.8,36.8,3925,496,0,399,0.387,1,COM7
2,186453,37,rpm,192,460,36.8,36.8,3925,496,0,399,0.387,1,COM7
2,186474,37,rpm,654,460,36.8,36.8,3925,496,0,399,0.387,1,COM7
2,186495,37,rpm,725,460,36.8,36.8,3925,496,0,399,0.387,1,COM7
2,186515,37,rpm,912,460,36.8,36.8,3925,496,0,399,0.387,1,COM7
2,186536,37,rpm,787,460,36.8,36.8,3925,496,0,399,0.387,1,COM7
2,186557,37,rpm,626,460,36.8,36.8,3925,496,0,400,0.388,1,COM7
2,186578,37,rpm,617,460,36.8,36.8,3925,496,0,400,0.388,1,COM7
2,186598,37,rpm,573,460,36.8,36.8,3925,496,0,400,0.388,1,COM7
2,186619,37,rpm,443,460,36.8,36.8,3925,496,0,400,0.388,1,COM7
2,186640,37,rpm,319,460,36.8,36.8,3925,496,0,400,0.388,1,COM7
2,186660,37,rpm,133,460,36.8,36.8,3925,496,0,400,0.388,1,COM7
2,186681,37,rpm,-333,460,36.8,36.8,3925,496,0,401,0.389,1,COM7
2,186702,37,rpm,70,460,36.8,36.8,3925,496,0,401,0.389,1,COM7
2,186723,37,rpm,484,460,36.8,36.8,3925,496,0,401,0.389,1,COM7
2,186743,37,rpm,741,460,36.8,36.8,3925,496,0,401,0.389,1,COM7
2,186764,37,rpm,796,460,36.8,36.8,3925,496,0,401,0.389,1,COM7
2,186785,37,rpm,816,460,36.8,36.8,3925,496,0,401,0.389,1,COM7
2,186806,37,rpm,788,460,36.8,36.8,3925,496,0,402,0.389,1,COM7
2,186826,37,rpm,632,460,36.8,36.8,3925,496,0,402,0.39,1,COM7
2,186847,37,rpm,519,460,36.8,36.8,3925,496,0,402,0.39,1,COM7
2,186868,37,rpm,556,460,36.8,36.8,3925,496,0,402,0.39,1,COM7
2,186888,37,rpm,386,460,36.8,36.8,3925,496,0,402,0.39,1,COM7
2,186909,37,rpm,264,460,36.8,36.8,3925,496,0,402,0.39,1,COM7
2,186930,37,rpm,-366,460,36.8,36.8,3925,496,0,402,0.39,1,COM7
2,186951,37,rpm,23,460,36.8,36.8,3925,496,0,403,0.391,1,COM7
2,186971,37,rpm,292,460,36.8,36.8,3925,496,0,403,0.391,1,COM7
2,186992,37,rpm,629,460,36.8,36.8,3925,496,0,403,0.391,1,COM7
2,187013,37,rpm,869,460,36.8,36.8,3925,496,0,403,0.391,1,COM7
2,187033,37,rpm,845,460,36.8,36.8,3925,496,0,403,0.391,1,COM7
2,187054,37,rpm,683,460,36.8,36.8,3925,496,0,403,0.391,1,COM7
2,187075,37,rpm,689,460,36.8,36.8,3925,496,0,404,0.391,1,COM7
2,187096,37,rpm,639,460,36.8,36.8,3925,496,0,404,0.392,1,COM7
2,187116,37,rpm,510,460,36.8,36.8,3925,496,0,404,0.392,1,COM7
2,187137,37,rpm,416,460,36.8,36.8,3925,496,0,404,0.392,1,COM7
2,187158,37,rpm,322,460,36.8,36.8,3925,496,0,404,0.392,1,COM7
2,187178,37,rpm,-37,460,36.8,36.8,3925,496,0,404,0.392,1,COM7
2,187199,37,rpm,-249,460,36.8,36.8,3925,496,0,405,0.392,1,COM7
2,187220,37,rpm,120,459,36.8,36.8,3925,496,0,405,0.393,1,COM7
2,187241,37,rpm,618,459,36.8,36.8,3925,496,0,405,0.393,1,COM7
2,187262,37,rpm,707,459,36.8,36.8,3925,496,0,405,0.393,1,COM7
2,187282,37,rpm,853,459,36.8,36.8,3925,496,0,405,0.393,1,COM7
2,187303,37,rpm,852,459,36.8,36.8,3925,496,0,405,0.393,1,COM7
2,187324,37,rpm,703,459,36.8,36.8,3925,496,0,406,0.393,1,COM7
2,187344,37,rpm,562,459,36.8,36.8,3925,496,0,406,0.393,1,COM7
2,187365,37,rpm,581,459,36.8,36.8,3925,496,0,406,0.394,1,COM7
2,187386,37,rpm,498,459,36.8,36.8,3925,496,0,406,0.394,1,COM7
2,187407,37,rpm,323,459,36.8,36.8,3925,496,0,406,0.394,1,COM7
2,187427,37,rpm,170,459,36.8,36.8,3925,496,0,406,0.394,1,COM7
2,187448,37,rpm,-381,459,36.8,36.8,3925,496,0,406,0.394,1,COM7
2,187469,37,rpm,92,459,36.8,36.8,3925,496,0,407,0.394,1,COM7
2,187490,37,rpm,495,459,36.8,36.8,3925,496,0,407,0.395,1,COM7
2,187510,37,rpm,715,459,36.8,36.8,3925,496,0,407,0.395,1,COM7
2,187531,37,rpm,979,459,36.8,36.8,3925,496,0,407,0.395,1,COM7
2,187552,37,rpm,719,459,36.8,36.8,3925,496,0,407,0.395,1,COM7
2,187573,37,rpm,724,459,36.8,36.8,3925,496,0,407,0.395,1,COM7
2,187593,37,rpm,750,459,36.8,36.8,3925,496,0,408,0.395,1,COM7
2,187614,37,rpm,544,459,36.8,36.8,3925,496,0,408,0.395,1,COM7
2,187635,37,rpm,440,459,36.8,36.8,3925,496,0,408,0.396,1,COM7
2,187656,37,rpm,366,459,36.8,36.8,3925,496,0,408,0.396,1,COM7
2,187676,37,rpm,184,459,36.8,36.8,3925,496,0,408,0.396,1,COM7
2,187697,37,rpm,-389,459,36.8,36.8,3925,496,0,408,0.396,1,COM7
2,187718,37,rpm,76,459,36.8,36.8,3925,496,0,409,0.396,1,COM7
2,187739,37,rpm,480,459,36.8,36.8,3925,496,0,409,0.396,1,COM7
2,187760,37,rpm,658,459,36.8,36.8,3925,496,0,409,0.397,1,COM7
2,187780,37,rpm,823,459,36.8,36.8,3925,496,0,409,0.397,1,COM7
2,187801,37,rpm,887,459,36.8,36.8,3925,496,0,409,0.397,1,COM7
2,187822,37,rpm,710,459,36.8,36.8,3925,496,0,409,0.397,1,COM7
2,187842,37,rpm,598,459,36.8,36.8,3925,496,0,409,0.397,1,COM7
2,187863,37,rpm,610,459,36.8,36.8,3925,496,0,410,0.397,1,COM7
2,187884,37,rpm,538,459,36.8,36.8,3925,496,0,410,0.397,1,COM7
2,187905,37,rpm,366,459,36.8,36.8,3925,496,0,410,0.398,1,COM7
2,187925,37,rpm,271,459,36.8,36.8,3925,496,0,410,0.398,1,COM7
2,187946,37,rpm,-315,459,36.8,36.8,3925,496,0,410,0.398,1,COM7
2,187967,37,rpm,-1,459,36.8,36.8,3925,496,0,410,0.398,1,COM7
2,187987,37,rpm,224,459,36.8,36.8,3925,496,0,411,0.398,1,COM7
2,188008,37,rpm,686,459,36.8,36.8,3925,496,0,411,0.398,1,COM7
2,188029,37,rpm,831,459,36.8,36.8,3925,496,0,411,0.399,1,COM7
2,188050,37,rpm,795,459,36.8,36.8,3925,496,0,411,0.399,1,COM7
2,188070,37,rpm,720,459,36.8,36.8,3925,496,0,411,0.399,1,COM7
2,188091,37,rpm,717,459,36.8,36.8,3925,496,0,411,0.399,1,COM7
2,188112,37,rpm,607,459,36.8,36.8,3925,496,0,412,0.399,1,COM7
2,188132,37,rpm,475,459,36.8,36.8,3925,496,0,412,0.399,1,COM7
2,188153,37,rpm,465,459,36.8,36.8,3925,496,0,412,0.399,1,COM7
2,188174,37,rpm,340,459,36.8,36.8,3925,496,0,412,0.4,1,COM7
2,188195,37,rpm,-14,459,36.8,36.8,3925,496,0,412,0.4,1,COM7
2,188215,37,rpm,-245,459,36.8,36.8,3925,496,0,412,0.4,1,COM7
2,188236,37,rpm,117,459,36.8,36.8,3925,496,0,412,0.4,1,COM7
2,188257,37,rpm,577,459,36.8,36.8,3925,496,0,413,0.4,1,COM7
2,188278,37,rpm,683,459,36.8,36.8,3925,496,0,413,0.4,1,COM7
2,188298,37,rpm,918,459,36.8,36.8,3925,496,0,413,0.401,1,COM7
2,188319,37,rpm,795,459,36.8,36.8,3925,496,0,413,0.401,1,COM7
2,188340,37,rpm,645,459,36.8,36.8,3925,496,0,413,0.401,1,COM7
2,188360,37,rpm,653,459,36.8,36.8,3925,496,0,413,0.401,1,COM7
2,188381,37,rpm,571,459,36.8,36.8,3925,496,0,414,0.401,1,COM7
2,188402,37,rpm,497,459,36.8,36.8,3925,496,0,414,0.401,1,COM7
2,188423,37,rpm,375,459,36.8,36.8,3925,496,0,414,0.401,1,COM7
2,188443,37,rpm,226,459,36.8,36.8,3925,496,0,414,0.402,1,COM7
2,188464,37,rpm,-402,459,36.8,36.8,3925,496,0,414,0.402,1,COM7
2,188485,37,rpm,50,459,36.8,36.8,3925,496,0,414,0.402,1,COM7
2,188506,37,rpm,381,459,36.8,36.8,3925,496,0,415,0.402,1,COM7
2,188526,37,rpm,733,459,36.8,36.8,3925,496,0,415,0.402,1,COM7
2,188547,37,rpm,772,459,36.8,36.8,3925,496,0,415,0.402,1,COM7
2,188568,37,rpm,846,459,36.8,36.8,3925,496,0,415,0.403,1,COM7
2,188589,37,rpm,758,459,36.8,36.8,3925,496,0,415,0.403,1,COM7
2,188609,37,rpm,640,459,36.8,36.8,3925,496,0,415,0.403,1,COM7
2,188630,37,rpm,575,459,36.8,36.8,3925,496,0,416,0.403,1,COM7
2,188651,37,rpm,533,459,36.8,36.8,3925,496,0,416,0.403,1,COM7
2,188671,37,rpm,420,459,36.8,36.8,3925,496,0,416,0.403,1,COM7
2,188692,37,rpm,275,459,36.8,36.8,3925,496,0,416,0.403,1,COM7
2,188713,37,rpm,-174,459,36.8,36.8,3925,496,0,416,0.404,1,COM7
2,188733,37,rpm,-129,459,36.8,36.8,3925,496,0,416,0.404,1,COM7
2,188754,37,rpm,171,459,36.8,36.8,3925,496,0,416,0.404,1,COM7
2,188775,37,rpm,621,459,36.8,36.8,3925,496,0,417,0.404,1,COM7
2,188796,37,rpm,817,459,36.8,36.8,3925,496,0,417,0.404,1,COM7
2,188816,37,rpm,932,459,36.8,36.8,3925,496,0,417,0.404,1,COM7
2,188837,37,rpm,652,459,36.8,36.8,3925,496,0,417,0.405,1,COM7
2,188858,37,rpm,700,459,36.8,36.8,3925,496,0,417,0.405,1,COM7
2,188878,37,rpm,673,459,36.8,36.8,3925,496,0,417,0.405,1,COM7
2,188899,37,rpm,505,459,36.8,36.8,3925,496,0,418,0.405,1,COM7
2,188920,37,rpm,439,459,36.8,36.8,3925,496,0,418,0.405,1,COM7
2,188941,37,rpm,363,459,36.8,36.8,3925,496,0,418,0.405,1,COM7
2,188961,37,rpm,21,459,36.8,36.8,3925,496,0,418,0.405,1,COM7
2,188982,37,rpm,-272,459,36.8,36.8,3925,496,0,418,0.406,1,COM7
2,189003,37,rpm,119,459,36.8,36.8,3925,496,0,418,0.406,1,COM7
2,189024,37,rpm,606,459,36.8,36.8,3925,496,0,419,0.406,1,COM7
2,189044,37,rpm,703,459,36.8,36.8,3925,496,0,419,0.406,1,COM7
2,189065,37,rpm,908,459,36.8,36.8,3925,496,0,419,0.406,1,COM7
2,189086,37,rpm,847,459,36.8,36.8,3925,496,0,419,0.406,1,COM7
2,189106,37,rpm,720,459,36.8,36.8,3925,496,0,419,0.407,1,COM7
2,189127,37,rpm,610,459,36.8,36.8,3925,496,0,419,0.407,1,COM7
2,189148,37,rpm,600,459,36.8,36.8,3925,496,0,419,0.407,1,COM7
2,189169,37,rpm,447,459,36.8,36.8,3925,496,0,420,0.407,1,COM7
2,189189,37,rpm,315,459,36.8,36.8,3925,496,0,420,0.407,1,COM7
2,189210,37,rpm,103,459,36.8,36.8,3925,496,0,420,0.407,1,COM7
2,189231,37,rpm,-318,459,36.8,36.8,3925,496,0,420,0.407,1,COM7
2,189252,37,rpm,95,459,36.8,36.8,3925,496,0,420,0.408,1,COM7
2,189272,37,rpm,496,459,36.8,36.8,3925,496,0,420,0.408,1,COM7
2,189293,37,rpm,762,459,36.8,36.8,3925,496,0,421,0.408,1,COM7
2,189314,37,rpm,881,459,36.8,36.8,3925,496,0,421,0.408,1,COM7
2,189334,37,rpm,735,459,36.8,36.8,3925,496,0,421,0.408,1,COM7
2,189355,37,rpm,753,459,36.8,36.8,3925,496,0,421,0.408,1,COM7
2,189376,37,rpm,676,459,36.8,36.8,3925,496,0,421,0.409,1,COM7
2,189397,37,rpm,576,459,36.8,36.8,3925,496,0,421,0.409,1,COM7
2,189417,37,rpm,466,459,36.8,36.8,3925,496,0,422,0.409,1,COM7
2,189438,37,rpm,401,459,36.8,36.8,3925,496,0,422,0.409,1,COM7
2,189459,37,rpm,252,459,36.8,36.8,3925,496,0,422,0.409,1,COM7
2,189480,37,rpm,-342,459,36.8,36.8,3925,496,0,422,0.409,1,COM7
2,189500,37,rpm,30,459,36.8,36.8,3925,496,0,422,0.409,1,COM7
2,189521,37,rpm,326,459,36.8,36.8,3925,496,0,422,0.41,1,COM7
2,189542,37,rpm,603,459,36.8,36.8,3925,496,0,422,0.41,1,COM7
2,189562,37,rpm,833,459,36.8,36.8,3925,496,0,423,0.41,1,COM7
2,189583,37,rpm,932,459,36.8,36.8,3925,496,0,423,0.41,1,COM7
2,189604,37,rpm,684,459,36.8,36.8,3925,496,0,423,0.41,1,COM7
2,189625,37,rpm,629,459,36.8,36.8,3925,496,0,423,0.41,1,COM7
2,189645,37,rpm,662,459,36.8,36.8,3925,496,0,423,0.411,1,COM7
2,189666,37,rpm,529,459,36.8,36.8,3925,496,0,423,0.411,1,COM7
2,189687,37,rpm,376,459,36.8,36.8,3925,496,0,424,0.411,1,COM7
2,189708,37,rpm,330,459,36.8,36.8,3925,496,0,424,0.411,1,COM7
2,189728,37,rpm,-81,459,36.8,36.8,3925,496,0,424,0.411,1,COM7
2,189749,37,rpm,-184,459,36.8,36.8,3925,496,0,424,0.411,1,COM7
2,189770,37,rpm,126,459,36.8,36.8,3925,496,0,424,0.411,1,COM7
2,189791,37,rpm,636,459,36.8,36.8,3925,496,0,424,0.412,1,COM7
2,189811,37,rpm,716,459,36.8,36.8,3925,496,0,425,0.412,1,COM7
2,189832,37,rpm,832,459,36.8,36.8,3925,496,0,425,0.412,1,COM7
2,189853,37,rpm,820,459,36.8,36.8,3925,496,0,425,0.412,1,COM7
2,189874,37,rpm,678,459,36.8,36.8,3925,496,0,425,0.412,1,COM7
2,189894,37,rpm,635,459,36.8,36.8,3925,496,0,425,0.412,1,COM7
2,189915,37,rpm,532,459,36.8,36.8,3925,496,0,425,0.413,1,COM7
2,189936,37,rpm,489,459,36.8,36.8,3925,496,0,425,0.413,1,COM7
2,189957,37,rpm,351,459,36.8,36.8,3925,496,0,426,0.413,1,COM7
2,189977,37,rpm,164,459,36.8,36.8,3925,496,0,426,0.413,1,COM7
2,189998,37,rpm,-375,459,36.8,36.8,3925,496,0,426,0.413,1,COM7
2,190019,37,rpm,80,459,36.8,36.8,3925,496,0,426,0.413,1,COM7
2,190039,37,rpm,472,459,36.8,36.8,3925,496,0,426,0.413,1,COM7
2,190060,37,rpm,677,459,36.8,36.8,3925,496,0,426,0.414,1,COM7
2,190081,37,rpm,912,459,36.8,36.8,3925,496,0,427,0.414,1,COM7
2,190102,37,rpm,845,459,36.8,36.8,3925,496,0,427,0.414,1,COM7
2,190122,37,rpm,648,459,36.8,36.8,3925,496,0,427,0.414,1,COM7
2,190143,37,rpm,622,459,36.8,36.8,3925,496,0,427,0.414,1,COM7
2,190164,37,rpm,659,459,36.8,36.8,3925,496,0,427,0.414,1,COM7
2,190185,37,rpm,450,459,36.8,36.8,3925,496,0,427,0.415,1,COM7
2,190205,37,rpm,391,459,36.8,36.8,3925,496,0,428,0.415,1,COM7
2,190226,37,rpm,294,459,36.8,36.8,3925,496,0,428,0.415,1,COM7
2,190247,37,rpm,-324,459,36.8,36.8,3925,496,0,428,0.415,1,COM7
2,190268,37,rpm,-1,459,36.8,36.8,3925,496,0,428,0.415,1,COM7
2,190288,37,rpm,268,459,36.8,36.8,3925,496,0,428,0.415,1,COM7
2,190309,37,rpm,671,459,36.8,36.8,3925,496,0,428,0.415,1,COM7
2,190330,37,rpm,722,459,36.8,36.8,3925,496,0,429,0.416,1,COM7
2,190351,37,rpm,903,459,36.8,36.8,3925,496,0,429,0.416,1,COM7
2,190371,37,rpm,739,459,36.8,36.8,3925,496,0,429,0.416,1,COM7
2,190392,37,rpm,663,459,36.8,36.8,3925,496,0,429,0.416,1,COM7
2,190413,37,rpm,596,459,36.8,36.8,3925,496,0,429,0.416,1,COM7
2,190433,37,rpm,575,459,36.8,36.8,3925,496,0,429,0.416,1,COM7
2,190454,37,rpm,414,459,36.8,36.8,3925,496,0,429,0.417,1,COM7
2,190475,37,rpm,307,459,36.8,36.8,3925,496,0,430,0.417,1,COM7
2,190496,37,rpm,-81,459,36.8,36.8,3925,496,0,430,0.417,1,COM7
2,190517,37,rpm,-180,459,36.8,36.8,3925,496,0,430,0.417,1,COM7
2,190537,37,rpm,146,459,36.8,36.8,3925,496,0,430,0.417,1,COM7
2,190558,37,rpm,611,459,36.8,36.8,3925,496,0,430,0.417,1,COM7
2,190579,37,rpm,824,459,36.8,36.8,3925,496,0,430,0.417,1,COM7
2,190600,37,rpm,943,459,36.8,36.8,3925,496,0,431,0.418,1,COM7
2,190620,37,rpm,720,459,36.8,36.8,3925,496,0,431,0.418,1,COM7
2,190641,37,rpm,696,459,36.8,36.8,3925,496,0,431,0.418,1,COM7
2,190662,37,rpm,691,459,36.8,36.8,3925,496,0,431,0.418,1,COM7
2,190682,37,rpm,526,459,36.8,36.8,3925,496,0,431,0.418,1,COM7
2,190703,37,rpm,374,459,36.8,36.8,3925,496,0,431,0.418,1,COM7
2,190724,37,rpm,340,459,36.8,36.8,3925,496,0,432,0.419,1,COM7
2,190745,37,rpm,-42,459,36.8,36.8,3925,496,0,432,0.419,1,COM7
2,190765,37,rpm,-203,459,36.8,36.8,3925,496,0,432,0.419,1,COM7
2,190786,37,rpm,134,459,36.8,36.8,3925,496,0,432,0.419,1,COM7
2,190807,37,rpm,687,459,36.8,36.8,3925,496,0,432,0.419,1,COM7
2,190827,37,rpm,603,459,36.8,36.8,3925,496,0,432,0.419,1,COM7
2,190848,37,rpm,914,459,36.8,36.8,3925,496,0,432,0.419,1,COM7
2,190869,37,rpm,855,459,36.8,36.8,3925,496,0,433,0.42,1,COM7
2,190890,37,rpm,608,459,36.8,36.8,3925,496,0,433,0.42,1,COM7
2,190910,37,rpm,586,459,36.8,36.8,3925,496,0,433,0.42,1,COM7
2,190931,37,rpm,612,459,36.8,36.8,3925,496,0,433,0.42,1,COM7
2,190952,37,rpm,467,459,36.8,36.8,3925,496,0,433,0.42,1,COM7
2,190973,37,rpm,320,459,36.8,36.8,3925,496,0,433,0.42,1,COM7
2,190993,37,rpm,182,459,36.8,36.8,3925,496,0,434,0.421,1,COM7
2,191014,37,rpm,-361,459,36.8,36.8,3925,496,0,434,0.421,1,COM7
2,191035,37,rpm,68,459,36.8,36.8,3925,496,0,434,0.421,1,COM7
2,191056,37,rpm,489,459,36.8,36.8,3925,496,0,434,0.421,1,COM7
2,191076,37,rpm,655,459,36.8,36.8,3925,496,0,434,0.421,1,COM7
2,191097,37,rpm,868,459,36.8,36.8,3925,496,0,434,0.421,1,COM7
2,191118,37,rpm,847,459,36.8,36.8,3925,496,0,435,0.421,1,COM7
2,191139,37,rpm,678,459,36.8,36.8,3925,496,0,435,0.422,1,COM7
2,191159,37,rpm,656,459,36.8,36.8,3925,496,0,435,0.422,1,COM7
2,191180,37,rpm,589,459,36.8,36.8,3925,496,0,435,0.422,1,COM7
2,191201,37,rpm,492,459,36.8,36.8,3925,496,0,435,0.422,1,COM7
2,191222,37,rpm,392,459,36.8,36.8,3925,496,0,435,0.422,1,COM7
2,191242,37,rpm,298,459,36.8,36.8,3925,496,0,435,0.422,1,COM7
2,191263,37,rpm,-297,459,36.8,36.8,3925,496,0,436,0.423,1,COM7
2,191284,37,rpm,-15,459,36.8,36.8,3925,496,0,436,0.423,1,COM7
2,191305,37,rpm,239,459,36.8,36.8,3925,496,0,436,0.423,1,COM7
2,191325,37,rpm,631,459,36.8,36.8,3925,496,0,436,0.423,1,COM7
2,191346,37,rpm,720,459,36.8,36.8,3925,496,0,436,0.423,1,COM7
2,191367,37,rpm,954,459,36.8,36.8,3925,496,0,436,0.423,1,COM7
2,191387,37,rpm,750,459,36.8,36.8,3925,496,0,437,0.423,1,COM7
2,191408,37,rpm,583,459,36.8,36.8,3925,496,0,437,0.424,1,COM7
2,191429,37,rpm,683,459,36.8,36.8,3925,496,0,437,0.424,1,COM7
2,191450,37,rpm,566,459,36.8,36.8,3925,496,0,437,0.424,1,COM7
2,191470,37,rpm,407,459,36.8,36.8,3925,496,0,437,0.424,1,COM7
2,191491,37,rpm,331,459,36.8,36.8,3925,496,0,437,0.424,1,COM7
2,191512,37,rpm,16,459,36.8,36.8,3925,496,0,438,0.424,1,COM7
2,191533,37,rpm,-270,459,36.8,36.8,3925,496,0,438,0.425,1,COM7
2,191553,37,rpm,100,459,36.8,36.8,3925,496,0,438,0.425,1,COM7
2,191574,37,rpm,617,459,36.8,36.8,3925,496,0,438,0.425,1,COM7
2,191595,37,rpm,698,459,36.8,36.8,3925,496,0,438,0.425,1,COM7
2,191615,37,rpm,811,459,36.8,36.8,3925,496,0,438,0.425,1,COM7
2,191636,37,rpm,890,459,36.8,36.8,3925,496,0,438,0.425,1,COM7
2,191657,37,rpm,678,459,36.8,36.8,3925,496,0,439,0.425,1,COM7
2,191678,37,rpm,612,459,36.8,36.8,3925,496,0,439,0.426,1,COM7
2,191698,37,rpm,595,459,36.8,36.8,3925,496,0,439,0.426,1,COM7
2,191719,37,rpm,493,459,36.8,36.8,3925,496,0,439,0.426,1,COM7
2,191740,37,rpm,353,459,36.8,36.8,3925,496,0,439,0.426,1,COM7
2,191761,37,rpm,245,459,36.8,36.8,3925,496,0,439,0.426,1,COM7
2,191781,37,rpm,-406,459,36.8,36.8,3925,496,0,440,0.426,1,COM7
2,191802,37,rpm,54,459,36.8,36.8,3925,496,0,440,0.427,1,COM7
2,191823,37,rpm,330,459,36.8,36.8,3925,496,0,440,0.427,1,COM7
2,191843,37,rpm,664,459,36.8,36.8,3925,496,0,440,0.427,1,COM7
2,191864,37,rpm,863,459,36.8,36.8,3925,496,0,440,0.427,1,COM7
2,191885,37,rpm,874,459,36.8,36.8,3925,496,0,440,0.427,1,COM7
2,191906,37,rpm,673,459,36.8,36.8,3925,496,0,441,0.427,1,COM7
2,191926,37,rpm,653,459,36.8,36.8,3925,496,0,441,0.427,1,COM7
2,191947,37,rpm,649,459,36.8,36.8,3925,496,0,441,0.428,1,COM7
2,191968,37,rpm,504,459,36.8,36.8,3925,496,0,441,0.428,1,COM7
2,191988,37,rpm,360,459,36.8,36.8,3925,496,0,441,0.428,1,COM7
2,192009,37,rpm,330,459,36.8,36.8,3925,496,0,441,0.428,1,COM7
2,192030,37,rpm,-287,459,36.8,36.8,3925,496,0,442,0.428,1,COM7
2,192051,37,rpm,-36,459,36.8,36.8,3925,496,0,442,0.428,1,COM7
2,192071,37,rpm,227,459,36.8,36.8,3925,496,0,442,0.429,1,COM7
2,192092,37,rpm,730,459,36.8,36.8,3925,496,0,442,0.429,1,COM7
2,192113,37,rpm,720,459,36.8,36.8,3925,496,0,442,0.429,1,COM7
2,192134,37,rpm,940,459,36.8,36.8,3925,496,0,442,0.429,1,COM7
2,192154,37,rpm,837,459,36.8,36.8,3925,496,0,442,0.429,1,COM7
2,192175,37,rpm,609,459,36.8,36.8,3925,496,0,443,0.429,1,COM7
2,192196,37,rpm,610,459,36.8,36.8,3925,496,0,443,0.429,1,COM7
2,192216,37,rpm,575,459,36.8,36.8,3925,496,0,443,0.43,1,COM7
2,192237,37,rpm,391,459,36.8,36.8,3925,496,0,443,0.43,1,COM7
2,192258,37,rpm,272,459,36.8,36.8,3925,496,0,443,0.43,1,COM7
2,192279,37,rpm,-180,459,36.8,36.8,3925,496,0,443,0.43,1,COM7
2,192299,37,rpm,-91,459,36.8,36.8,3925,496,0,444,0.43,1,COM7
2,192320,37,rpm,158,459,36.8,36.8,3925,496,0,444,0.43,1,COM7
2,192341,37,rpm,659,459,36.8,36.8,3925,496,0,444,0.431,1,COM7
2,192361,37,rpm,751,459,36.8,36.8,3925,496,0,444,0.431,1,COM7
2,192382,37,rpm,926,459,36.8,36.8,3925,496,0,444,0.431,1,COM7
2,192403,37,rpm,739,459,36.8,36.8,3925,496,0,444,0.431,1,COM7
2,192424,37,rpm,679,459,36.8,36.8,3925,496,0,445,0.431,1,COM7
2,192444,37,rpm,635,459,36.8,36.8,3925,496,0,445,0.431,1,COM7
2,192465,37,rpm,526,459,36.8,36.8,3925,496,0,445,0.431,1,COM7
2,192486,37,rpm,457,459,36.8,36.8,3925,496,0,445,0.432,1,COM7
2,192506,37,rpm,348,459,36.8,36.8,3925,496,0,445,0.432,1,COM7
2,192527,37,rpm,71,459,36.8,36.8,3925,496,0,445,0.432,1,COM7
2,192548,37,rpm,-298,459,36.8,36.8,3925,496,0,445,0.432,1,COM7
2,192568,37,rpm,89,459,36.8,36.8,3925,496,0,446,0.432,1,COM7
2,192589,37,rpm,537,459,36.8,36.8,3925,496,0,446,0.432,1,COM7
2,192610,37,rpm,660,459,36.8,36.8,3925,496,0,446,0.433,1,COM7
2,192631,37,rpm,864,459,36.8,36.8,3925,496,0,446,0.433,1,COM7
2,192651,37,rpm,901,459,36.8,36.8,3925,496,0,446,0.433,1,COM7
2,192672,37,rpm,648,459,36.8,36.8,3925,496,0,446,0.433,1,COM7
2,192693,37,rpm,570,459,36.8,36.8,3925,496,0,447,0.433,1,COM7
2,192714,37,rpm,639,459,36.8,36.8,3925,496,0,447,0.433,1,COM7
2,192734,37,rpm,501,459,36.8,36.8,3925,496,0,447,0.433,1,COM7
2,192755,37,rpm,322,459,36.8,36.8,3925,496,0,447,0.434,1,COM7
2,192776,37,rpm,291,459,36.8,36.8,3925,496,0,447,0.434,1,COM7
2,192797,37,rpm,-373,459,36.8,36.8,3925,496,0,447,0.434,1,COM7
2,192817,37,rpm,23,459,36.8,36.8,3925,496,0,448,0.434,1,COM7
2,192838,37,rpm,273,459,36.8,36.8,3925,496,0,448,0.434,1,COM7
2,192859,37,rpm,743,459,36.8,36.8,3925,496,0,448,0.434,1,COM7
2,192879,37,rpm,686,459,36.8,36.8,3925,496,0,448,0.435,1,COM7
2,192900,37,rpm,851,459,36.8,36.8,3925,496,0,448,0.435,1,COM7
2,192921,37,rpm,868,459,36.8,36.8,3925,496,0,448,0.435,1,COM7
2,192942,37,rpm,612,459,36.8,36.8,3925,496,0,448,0.435,1,COM7
2,192962,37,rpm,556,459,36.8,36.8,3925,496,0,449,0.435,1,COM7
2,192983,37,rpm,597,459,36.8,36.8,3925,496,0,449,0.435,1,COM7
2,193004,37,rpm,407,459,36.8,36.8,3925,496,0,449,0.435,1,COM7
2,193025,37,rpm,312,459,36.8,36.8,3925,496,0,449,0.436,1,COM7
2,193045,37,rpm,-107,459,36.8,36.8,3925,496,0,449,0.436,1,COM7
2,193066,37,rpm,-195,459,36.8,36.8,3925,496,0,449,0.436,1,COM7
2,193087,37,rpm,139,459,36.8,36.8,3925,496,0,450,0.436,1,COM7
2,193108,37,rpm,618,459,36.8,36.8,3925,496,0,450,0.436,1,COM7
2,193128,37,rpm,726,459,36.8,36.8,3925,496,0,450,0.436,1,COM7
2,193149,37,rpm,955,459,36.8,36.8,3925,496,0,450,0.437,1,COM7
2,193170,37,rpm,767,459,36.8,36.8,3925,496,0,450,0.437,1,COM7
2,193190,37,rpm,615,459,36.8,36.8,3925,496,0,450,0.437,1,COM7
2,193211,37,rpm,705,459,36.8,36.8,3925,496,0,451,0.437,1,COM7
2,193232,37,rpm,571,459,36.8,36.8,3925,496,0,451,0.437,1,COM7
2,193253,37,rpm,448,459,36.8,36.8,3925,496,0,451,0.437,1,COM7
2,193273,37,rpm,341,459,36.8,36.8,3925,496,0,451,0.437,1,COM7
2,193294,37,rpm,205,459,36.8,36.8,3925,496,0,451,0.438,1,COM7
2,193315,37,rpm,-384,459,36.8,36.8,3925,496,0,451,0.438,1,COM7
2,193336,37,rpm,63,459,36.8,36.8,3925,496,0,451,0.438,1,COM7
2,193356,37,rpm,451,459,36.8,36.8,3925,496,0,452,0.438,1,COM7
2,193377,37,rpm,721,459,36.8,36.8,3925,496,0,452,0.438,1,COM7
2,193398,37,rpm,792,459,36.8,36.8,3925,496,0,452,0.438,1,COM7
2,193419,37,rpm,907,459,36.8,36.8,3925,496,0,452,0.439,1,COM7
2,193439,37,rpm,728,459,36.8,36.8,3925,496,0,452,0.439,1,COM7
2,193460,37,rpm,540,459,36.8,36.8,3925,496,0,452,0.439,1,COM7
2,193481,37,rpm,611,459,36.8,36.8,3925,496,0,453,0.439,1,COM7
2,193501,37,rpm,551,459,36.8,36.8,3925,496,0,453,0.439,1,COM7
2,193522,37,rpm,354,459,36.8,36.8,3925,496,0,453,0.439,1,COM7
2,193543,37,rpm,279,459,36.8,36.8,3925,496,0,453,0.439,1,COM7
2,193564,37,rpm,-363,459,36.8,36.8,3925,496,0,453,0.44,1,COM7
2,193585,37,rpm,36,459,36.8,36.8,3925,496,0,453,0.44,1,COM7
2,193605,37,rpm,285,459,36.8,36.8,3925,496,0,454,0.44,1,COM7
2,193626,37,rpm,729,459,36.8,36.8,3925,496,0,454,0.44,1,COM7
2,193647,37,rpm,913,459,36.8,36.8,3925,496,0,454,0.44,1,COM7
2,193667,37,rpm,830,459,36.8,36.8,3925,496,0,454,0.44,1,COM7
2,193688,37,rpm,719,459,36.8,36.8,3925,496,0,454,0.441,1,COM7
2,193709,37,rpm,738,459,36.8,36.8,3925,496,0,454,0.441,1,COM7
2,193730,37,rpm,617,459,36.8,36.8,3925,496,0,455,0.441,1,COM7
2,193750,37,rpm,482,459,36.8,36.8,3925,496,0,455,0.441,1,COM7
2,193771,37,rpm,381,459,36.8,36.8,3925,496,0,455,0.441,1,COM7
2,193792,37,rpm,290,459,36.8,36.8,3925,496,0,455,0.441,1,COM7
2,193812,37,rpm,-325,459,36.8,36.8,3925,496,0,455,0.441,1,COM7
2,193833,37,rpm,-5,459,36.8,36.8,3925,496,0,455,0.442,1,COM7
2,193854,37,rpm,260,459,36.8,36.8,3925,496,0,455,0.442,1,COM7
2,193875,37,rpm,704,459,36.8,36.8,3925,496,0,456,0.442,1,COM7
2,193895,37,rpm,683,459,36.8,36.8,3925,496,0,456,0.442,1,COM7
2,193916,37,rpm,958,459,36.8,36.8,3925,496,0,456,0.442,1,COM7
2,193937,37,rpm,787,459,36.8,36.8,3925,496,0,456,0.442,1,COM7
2,193957,37,rpm,638,459,36.8,36.8,3925,496,0,456,0.443,1,COM7
2,193978,37,rpm,600,459,36.8,36.8,3925,496,0,456,0.443,1,COM7
2,193999,37,rpm,612,459,36.8,36.8,3925,496,0,457,0.443,1,COM7
2,194020,37,rpm,424,459,36.8,36.8,3925,496,0,457,0.443,1,COM7
2,194040,37,rpm,285,459,36.8,36.8,3925,496,0,457,0.443,1,COM7
2,194061,37,rpm,2,459,36.8,36.8,3925,496,0,457,0.443,1,COM7
2,194082,37,rpm,-233,459,36.8,36.8,3925,496,0,457,0.443,1,COM7
2,194103,37,rpm,99,459,36.8,36.8,3925,496,0,457,0.444,1,COM7
2,194123,37,rpm,598,459,36.8,36.8,3925,496,0,458,0.444,1,COM7
2,194144,37,rpm,774,459,36.8,36.8,3925,496,0,458,0.444,1,COM7
2,194165,37,rpm,747,459,36.8,36.8,3925,496,0,458,0.444,1,COM7
2,194185,37,rpm,789,459,36.8,36.8,3925,496,0,458,0.444,1,COM7
2,194206,37,rpm,783,459,36.8,36.8,3925,496,0,458,0.444,1,COM7
2,194227,37,rpm,576,459,36.8,36.8,3925,496,0,458,0.445,1,COM7
2,194247,37,rpm,543,459,36.8,36.8,3925,496,0,458,0.445,1,COM7
2,194268,37,rpm,519,459,36.8,36.8,3925,496,0,459,0.445,1,COM7
2,194289,37,rpm,347,459,36.8,36.8,3925,496,0,459,0.445,1,COM7
2,194310,37,rpm,230,459,36.8,36.8,3925,496,0,459,0.445,1,COM7
2,194331,37,rpm,-385,459,36.8,36.8,3925,496,0,459,0.445,1,COM7
2,194351,37,rpm,59,459,36.8,36.8,3925,496,0,459,0.445,1,COM7
2,194372,37,rpm,385,459,36.8,36.8,3925,496,0,459,0.446,1,COM7
2,194393,37,rpm,705,459,36.8,36.8,3925,496,0,460,0.446,1,COM7
2,194413,37,rpm,738,459,36.8,36.8,3925,496,0,460,0.446,1,COM7
2,194434,37,rpm,940,459,36.8,36.8,3925,496,0,460,0.446,1,COM7
2,194455,37,rpm,690,459,36.8,36.8,3925,496,0,460,0.446,1,COM7
2,194476,37,rpm,648,459,36.8,36.8,3925,496,0,460,0.446,1,COM7
2,194496,37,rpm,617,459,36.8,36.8,3925,496,0,460,0.447,1,COM7
2,194517,37,rpm,522,459,36.8,36.8,3925,496,0,461,0.447,1,COM7
2,194538,37,rpm,371,459,36.8,36.8,3925,496,0,461,0.447,1,COM7
2,194559,37,rpm,321,459,36.8,36.8,3925,496,0,461,0.447,1,COM7
2,194579,37,rpm,-232,459,36.8,36.8,3925,496,0,461,0.447,1,COM7
2,194600,37,rpm,-83,459,36.8,36.8,3925,496,0,461,0.447,1,COM7
2,194621,37,rpm,186,459,36.8,36.8,3925,496,0,461,0.447,1,COM7
2,194642,37,rpm,711,459,36.8,36.8,3925,496,0,461,0.448,1,COM7
2,194662,37,rpm,746,459,36.8,36.8,3925,496,0,462,0.448,1,COM7
2,194683,37,rpm,772,459,36.8,36.8,3925,496,0,462,0.448,1,COM7
2,194704,37,rpm,864,459,36.8,36.8,3925,496,0,462,0.448,1,COM7
2,194725,37,rpm,687,459,36.8,36.8,3925,496,0,462,0.448,1,COM7
2,194745,37,rpm,532,459,36.8,36.8,3925,496,0,462,0.448,1,COM7
2,194766,37,rpm,594,459,36.8,36.8,3925,496,0,462,0.449,1,COM7
2,194787,37,rpm,478,459,36.8,36.8,3925,496,0,463,0.449,1,COM7
2,194807,37,rpm,292,459,36.8,36.8,3925,496,0,463,0.449,1,COM7
2,194828,37,rpm,118,459,36.8,36.8,3925,496,0,463,0.449,1,COM7
2,194849,37,rpm,-339,459,36.8,36.8,3925,496,0,463,0.449,1,COM7
2,194870,37,rpm,97,459,36.8,36.8,3925,496,0,463,0.449,1,COM7
2,194890,37,rpm,489,459,36.8,36.8,3925,496,0,463,0.449,1,COM7
2,194911,37,rpm,774,459,36.8,36.8,3925,496,0,464,0.45,1,COM7
2,194932,37,rpm,860,459,36.8,36.8,3925,496,0,464,0.45,1,COM7
2,194952,37,rpm,762,459,36.8,36.8,3925,496,0,464,0.45,1,COM7
2,194973,37,rpm,719,459,36.8,36.8,3925,496,0,464,0.45,1,COM7
2,194994,37,rpm,639,459,36.8,36.8,3925,496,0,464,0.45,1,COM7
2,195015,37,rpm,608,459,36.8,36.8,3925,496,0,464,0.45,1,COM7
2,195036,37,rpm,460,459,36.8,36.8,3925,496,0,465,0.451,1,COM7
2,195056,37,rpm,372,459,36.8,36.8,3925,496,0,465,0.451,1,COM7
2,195077,37,rpm,241,459,36.8,36.8,3925,496,0,465,0.451,1,COM7
2,195098,37,rpm,-376,459,36.8,36.8,3925,496,0,465,0.451,1,COM7
2,195118,37,rpm,52,459,36.8,36.8,3925,496,0,465,0.451,1,COM7
2,195139,37,rpm,414,459,36.8,36.8,3925,496,0,465,0.451,1,COM7
2,195160,37,rpm,707,459,36.8,36.8,3925,496,0,465,0.451,1,COM7
2,195181,37,rpm,828,459,36.8,36.8,3925,496,0,466,0.452,1,COM7
2,195201,37,rpm,893,459,36.8,36.8,3925,496,0,466,0.452,1,COM7
2,195222,37,rpm,749,459,36.8,36.8,3925,496,0,466,0.452,1,COM7
2,195243,37,rpm,598,459,36.8,36.8,3925,496,0,466,0.452,1,COM7
2,195263,37,rpm,641,459,36.8,36.8,3925,496,0,466,0.452,1,COM7
2,195284,37,rpm,488,459,36.8,36.8,3925,496,0,466,0.452,1,COM7
2,195305,37,rpm,358,459,36.8,36.8,3925,496,0,467,0.453,1,COM7
2,195326,37,rpm,238,459,36.8,36.8,3925,496,0,467,0.453,1,COM7
2,195346,37,rpm,-355,459,36.8,36.8,3925,496,0,467,0.453,1,COM7
2,195367,37,rpm,49,459,36.8,36.8,3925,496,0,467,0.453,1,COM7
2,195388,37,rpm,303,459,36.8,36.8,3925,496,0,467,0.453,1,COM7
2,195409,37,rpm,737,459,36.8,36.8,3925,496,0,467,0.453,1,COM7
2,195429,37,rpm,870,459,36.8,36.8,3925,496,0,468,0.453,1,COM7
2,195450,37,rpm,724,459,36.8,36.8,3925,496,0,468,0.454,1,COM7
2,195471,37,rpm,729,459,36.8,36.8,3925,496,0,468,0.454,1,COM7
2,195492,37,rpm,742,459,36.8,36.8,3925,496,0,468,0.454,1,COM7
2,195512,37,rpm,569,459,36.8,36.8,3925,496,0,468,0.454,1,COM7
2,195533,37,rpm,509,459,36.8,36.8,3925,496,0,468,0.454,1,COM7
2,195554,37,rpm,420,459,36.8,36.8,3925,496,0,468,0.454,1,COM7
2,195574,37,rpm,297,459,36.8,36.8,3925,496,0,469,0.455,1,COM7
2,195595,37,rpm,-144,459,36.8,36.8,3925,496,0,469,0.455,1,COM7
2,195616,37,rpm,-145,459,36.8,36.8,3925,496,0,469,0.455,1,COM7
2,195637,37,rpm,171,459,36.8,36.8,3925,496,0,469,0.455,1,COM7
2,195657,37,rpm,637,459,36.8,36.8,3925,496,0,469,0.455,1,COM7
2,195678,37,rpm,729,459,36.8,36.8,3925,496,0,469,0.455,1,COM7
2,195699,37,rpm,856,459,36.8,36.8,3925,496,0,470,0.455,1,COM7
2,195720,37,rpm,851,459,36.8,36.8,3925,496,0,470,0.456,1,COM7
2,195740,37,rpm,632,459,36.8,36.8,3925,496,0,470,0.456,1,COM7
2,195761,37,rpm,631,459,36.8,36.8,3925,496,0,470,0.456,1,COM7
2,195782,37,rpm,595,459,36.8,36.8,3925,496,0,470,0.456,1,COM7
2,195802,37,rpm,429,459,36.8,36.8,3925,496,0,470,0.456,1,COM7
2,195823,37,rpm,332,459,36.8,36.8,3925,496,0,471,0.456,1,COM7
2,195844,37,rpm,165,459,36.8,36.8,3925,496,0,471,0.457,1,COM7
2,195865,37,rpm,-341,459,36.8,36.8,3925,496,0,471,0.457,1,COM7
2,195885,37,rpm,64,459,36.8,36.8,3925,496,0,471,0.457,1,COM7
2,195906,37,rpm,469,459,36.8,36.8,3925,496,0,471,0.457,1,COM7
2,195927,37,rpm,722,459,36.8,36.8,3925,496,0,471,0.457,1,COM7
2,195947,37,rpm,794,459,36.8,36.8,3925,496,0,471,0.457,1,COM7
2,195968,37,rpm,860,459,36.8,36.8,3925,496,0,472,0.457,1,COM7
2,195989,37,rpm,759,459,36.8,36.8,3925,496,0,472,0.458,1,COM7
2,196010,37,rpm,603,459,36.8,36.8,3925,496,0,472,0.458,1,COM7
2,196030,37,rpm,562,459,36.8,36.8,3925,496,0,472,0.458,1,COM7
2,196051,37,rpm,548,459,36.8,36.8,3925,496,0,472,0.458,1,COM7
2,196072,37,rpm,388,459,36.8,36.8,3925,496,0,472,0.458,1,COM7
2,196092,37,rpm,258,459,36.8,36.8,3925,496,0,473,0.458,1,COM7
2,196113,37,rpm,-341,459,36.8,36.8,3925,496,0,473,0.459,1,COM7
2,196134,37,rpm,23,459,36.8,36.8,3925,496,0,473,0.459,1,COM7
2,196155,37,rpm,236,459,36.8,36.8,3925,496,0,473,0.459,1,COM7
2,196175,37,rpm,684,459,36.8,36.8,3925,496,0,473,0.459,1,COM7
2,196196,37,rpm,883,459,36.8,36.8,3925,496,0,473,0.459,1,COM7
2,196217,37,rpm,822,459,36.8,36.8,3925,496,0,474,0.459,1,COM7
2,196238,37,rpm,692,459,36.8,36.8,3925,496,0,474,0.46,1,COM7
2,196258,37,rpm,714,459,36.8,36.8,3925,496,0,474,0.46,1,COM7
2,196279,37,rpm,631,459,36.8,36.8,3925,496,0,474,0.46,1,COM7
2,196300,37,rpm,513,459,36.8,36.8,3925,496,0,474,0.46,1,COM7
2,196320,37,rpm,424,459,36.8,36.8,3925,496,0,474,0.46,1,COM7
2,196341,37,rpm,318,459,36.8,36.8,3925,496,0,475,0.46,1,COM7
2,196362,37,rpm,-22,459,36.8,36.8,3925,496,0,475,0.46,1,COM7
2,196383,37,rpm,-259,459,36.8,36.8,3925,496,0,475,0.461,1,COM7
2,196403,37,rpm,119,459,36.8,36.8,3925,496,0,475,0.461,1,COM7
2,196424,37,rpm,602,459,36.8,36.8,3925,496,0,475,0.461,1,COM7
2,196445,37,rpm,692,459,36.8,36.8,3925,496,0,475,0.461,1,COM7
2,196466,37,rpm,883,459,36.8,36.8,3925,496,0,475,0.461,1,COM7
2,196486,37,rpm,845,459,36.8,36.8,3925,496,0,476,0.461,1,COM7
2,196507,37,rpm,694,459,36.8,36.8,3925,496,0,476,0.462,1,COM7
2,196528,37,rpm,563,459,36.8,36.8,3925,496,0,476,0.462,1,COM7
2,196548,37,rpm,614,459,36.8,36.8,3925,496,0,476,0.462,1,COM7
2,196569,37,rpm,486,459,36.8,36.8,3925,496,0,476,0.462,1,COM7
2,196590,37,rpm,320,460,36.8,36.8,3925,496,0,476,0.462,1,COM7
2,196611,37,rpm,187,460,36.8,36.8,3925,496,0,477,0.462,1,COM7
2,196631,37,rpm,-385,460,36.8,36.8,3925,496,0,477,0.462,1,COM7
2,196652,37,rpm,85,460,36.8,36.8,3925,496,0,477,0.463,1,COM7
2,196673,37,rpm,462,460,36.8,36.8,3925,496,0,477,0.463,1,COM7
2,196694,37,rpm,781,460,36.8,36.8,3925,496,0,477,0.463,1,COM7
2,196714,37,rpm,962,460,36.8,36.8,3925,496,0,477,0.463,1,COM7
2,196735,37,rpm,771,460,36.8,36.8,3925,496,0,478,0.463,1,COM7
2,196756,37,rpm,709,460,36.8,36.8,3925,496,0,478,0.463,1,COM7
2,196776,37,rpm,732,460,36.8,36.8,3925,496,0,478,0.463,1,COM7
2,196797,37,rpm,543,460,36.8,36.8,3925,496,0,478,0.464,1,COM7
2,196818,37,rpm,437,460,36.8,36.8,3925,496,0,478,0.464,1,COM7
2,196839,37,rpm,390,460,36.8,36.8,3925,496,0,478,0.464,1,COM7
2,196859,37,rpm,177,460,36.8,36.8,3925,496,0,478,0.464,1,COM7
2,196880,37,rpm,-335,460,36.8,36.8,3925,496,0,479,0.464,1,COM7
2,196901,37,rpm,64,460,36.8,36.8,3925,496,0,479,0.464,1,COM7
2,196921,37,rpm,468,460,36.8,36.8,3925,496,0,479,0.465,1,COM7
2,196942,37,rpm,648,460,36.8,36.8,3925,496,0,479,0.465,1,COM7
2,196963,37,rpm,849,460,36.8,36.8,3925,496,0,479,0.465,1,COM7
2,196984,37,rpm,822,460,36.8,36.8,3925,496,0,479,0.465,1,COM7
2,197004,37,rpm,732,460,36.8,36.8,3925,496,0,480,0.465,1,COM7
2,197025,37,rpm,659,460,36.8,36.8,3925,496,0,480,0.465,1,COM7
2,197046,37,rpm,565,460,36.8,36.8,3925,496,0,480,0.466,1,COM7
2,197067,37,rpm,566,460,36.8,36.8,3925,496,0,480,0.466,1,COM7
2,197087,37,rpm,357,460,36.8,36.8,3925,496,0,480,0.466,1,COM7
2,197108,37,rpm,285,460,36.8,36.8,3925,496,0,480,0.466,1,COM7
2,197129,37,rpm,-324,460,36.8,36.8,3925,496,0,481,0.466,1,COM7
2,197149,37,rpm,3,460,36.8,36.8,3925,496,0,481,0.466,1,COM7
2,197170,37,rpm,235,460,36.8,36.8,3925,496,0,481,0.466,1,COM7
2,197191,37,rpm,698,460,36.8,36.8,3925,496,0,481,0.467,1,COM7
2,197212,37,rpm,795,460,36.8,36.8,3925,496,0,481,0.467,1,COM7
2,197232,37,rpm,780,460,36.8,36.8,3925,496,0,481,0.467,1,COM7
2,197253,37,rpm,769,460,36.8,36.8,3925,496,0,481,0.467,1,COM7
2,197274,37,rpm,708,460,36.8,36.8,3925,496,0,482,0.467,1,COM7
2,197294,37,rpm,576,460,36.8,36.8,3925,496,0,482,0.467,1,COM7
2,197315,37,rpm,509,460,36.8,36.8,3925,496,0,482,0.468,1,COM7
2,197336,37,rpm,484,460,36.8,36.8,3925,496,0,482,0.468,1,COM7
2,197357,37,rpm,314,460,36.8,36.8,3925,496,0,482,0.468,1,COM7
2,197377,37,rpm,41,460,36.8,36.8,3925,496,0,482,0.468,1,COM7
2,197398,37,rpm,-288,460,36.8,36.8,3925,496,0,483,0.468,1,COM7
2,197419,37,rpm,105,460,36.8,36.8,3925,496,0,483,0.468,1,COM7
2,197440,37,rpm,496,460,36.8,36.8,3925,496,0,483,0.468,1,COM7
2,197460,37,rpm,741,460,36.8,36.8,3925,496,0,483,0.469,1,COM7
2,197481,37,rpm,918,460,36.8,36.8,3925,496,0,483,0.469,1,COM7
2,197502,37,rpm,742,460,36.8,36.8,3925,496,0,483,0.469,1,COM7
2,197522,37,rpm,686,460,36.8,36.8,3925,496,0,484,0.469,1,COM7
2,197543,37,rpm,680,460,36.8,36.8,3925,496,0,484,0.469,1,COM7
2,197564,37,rpm,560,460,36.8,36.8,3925,496,0,484,0.469,1,COM7
2,197585,37,rpm,469,460,36.8,36.8,3925,496,0,484,0.47,1,COM7
2,197605,37,rpm,374,460,36.8,36.8,3925,496,0,484,0.47,1,COM7
2,197626,37,rpm,254,460,36.8,36.8,3925,496,0,484,0.47,1,COM7
2,197647,37,rpm,-390,460,36.8,36.8,3925,496,0,485,0.47,1,COM7
2,197668,37,rpm,47,460,36.8,36.8,3925,496,0,485,0.47,1,COM7
2,197688,37,rpm,374,460,36.8,36.8,3925,496,0,485,0.47,1,COM7
2,197709,37,rpm,668,460,36.8,36.8,3925,496,0,485,0.47,1,COM7
2,197730,37,rpm,773,460,36.8,36.8,3925,496,0,485,0.471,1,COM7
2,197750,37,rpm,840,460,36.8,36.8,3925,496,0,485,0.471,1,COM7
2,197771,37,rpm,814,460,36.8,36.8,3925,496,0,485,0.471,1,COM7
2,197792,37,rpm,609,460,36.8,36.8,3925,496,0,486,0.471,1,COM7
2,197813,37,rpm,600,460,36.8,36.8,3925,496,0,486,0.471,1,COM7
2,197833,37,rpm,547,460,36.8,36.8,3925,496,0,486,0.471,1,COM7
2,197854,37,rpm,404,460,36.8,36.8,3925,496,0,486,0.472,1,COM7
2,197875,37,rpm,282,460,36.8,36.8,3925,496,0,486,0.472,1,COM7
2,197896,37,rpm,-135,460,36.8,36.8,3925,496,0,486,0.472,1,COM7
2,197916,37,rpm,-145,460,36.8,36.8,3925,496,0,487,0.472,1,COM7
2,197937,37,rpm,156,460,36.8,36.8,3925,496,0,487,0.472,1,COM7
2,197958,37,rpm,614,460,36.8,36.8,3925,496,0,487,0.472,1,COM7
2,197979,37,rpm,844,460,36.8,36.8,3925,496,0,487,0.472,1,COM7
2,197999,37,rpm,883,460,36.8,36.8,3925,496,0,487,0.473,1,COM7
2,198020,37,rpm,693,460,36.8,36.8,3925,496,0,487,0.473,1,COM7
2,198041,37,rpm,708,460,36.8,36.8,3925,496,0,488,0.473,1,COM7
2,198062,37,rpm,673,460,36.8,36.8,3925,496,0,488,0.473,1,COM7
2,198082,37,rpm,483,460,36.8,36.8,3925,496,0,488,0.473,1,COM7
2,198103,37,rpm,476,460,36.8,36.8,3925,496,0,488,0.473,1,COM7
2,198124,37,rpm,359,460,36.8,36.8,3925,496,0,488,0.474,1,COM7
2,198144,37,rpm,12,460,36.8,36.8,3925,496,0,488,0.474,1,COM7
2,198165,37,rpm,-270,460,36.8,36.8,3925,496,0,488,0.474,1,COM7
2,198186,37,rpm,116,460,36.8,36.8,3925,496,0,489,0.474,1,COM7
2,198207,37,rpm,581,460,36.8,36.8,3925,496,0,489,0.474,1,COM7
2,198227,37,rpm,691,460,36.8,36.8,3925,496,0,489,0.474,1,COM7
2,198248,37,rpm,945,460,36.8,36.8,3925,496,0,489,0.474,1,COM7
2,198269,37,rpm,844,460,36.8,36.8,3925,496,0,489,0.475,1,COM7
2,198289,37,rpm,658,460,36.8,36.8,3925,496,0,489,0.475,1,COM7
2,198310,37,rpm,650,460,36.8,36.8,3925,496,0,490,0.475,1,COM7
2,198331,37,rpm,604,460,36.8,36.8,3925,496,0,490,0.475,1,COM7
2,198352,37,rpm,446,460,36.8,36.8,3925,496,0,490,0.475,1,COM7
2,198372,37,rpm,331,460,36.8,36.8,3925,496,0,490,0.475,1,COM7
2,198393,37,rpm,107,460,36.8,36.8,3925,496,0,490,0.476,1,COM7
2,198414,37,rpm,-333,460,36.8,36.8,3925,496,0,490,0.476,1,COM7
2,198434,37,rpm,87,460,36.8,36.8,3925,496,0,491,0.476,1,COM7
2,198455,37,rpm,506,460,36.8,36.8,3925,496,0,491,0.476,1,COM7
2,198476,37,rpm,737,460,36.8,36.8,3925,496,0,491,0.476,1,COM7
2,198497,37,rpm,850,460,36.8,36.8,3925,496,0,491,0.476,1,COM7
2,198517,37,rpm,781,460,36.8,36.8,3925,496,0,491,0.476,1,COM7
2,198538,37,rpm,733,460,36.8,36.8,3925,496,0,491,0.477,1,COM7
2,198559,37,rpm,665,460,36.8,36.8,3925,496,0,491,0.477,1,COM7
2,198580,37,rpm,551,460,36.8,36.8,3925,496,0,492,0.477,1,COM7
2,198600,37,rpm,490,460,36.8,36.8,3925,496,0,492,0.477,1,COM7
2,198621,37,rpm,403,460,36.8,36.8,3925,496,0,492,0.477,1,COM7
2,198642,37,rpm,240,460,36.8,36.8,3925,496,0,492,0.477,1,COM7
2,198663,37,rpm,-369,460,36.8,36.8,3925,496,0,492,0.478,1,COM7
2,198683,37,rpm,33,460,36.8,36.8,3925,496,0,492,0.478,1,COM7
2,198704,37,rpm,365,460,36.8,36.8,3925,496,0,493,0.478,1,COM7
2,198725,37,rpm,594,460,36.8,36.8,3925,496,0,493,0.478,1,COM7
2,198746,37,rpm,852,460,36.8,36.8,3925,496,0,493,0.478,1,COM7
2,198766,37,rpm,916,460,36.8,36.8,3925,496,0,493,0.478,1,COM7
2,198787,37,rpm,695,460,36.8,36.8,3925,496,0,493,0.478,1,COM7
2,198808,37,rpm,629,460,36.8,36.8,3925,496,0,493,0.479,1,COM7
2,198828,37,rpm,661,460,36.8,36.8,3925,496,0,494,0.479,1,COM7
2,198849,37,rpm,510,460,36.8,36.8,3925,496,0,494,0.479,1,COM7
2,198870,37,rpm,385,460,36.8,36.8,3925,496,0,494,0.479,1,COM7
2,198891,37,rpm,344,460,36.8,36.8,3925,496,0,494,0.479,1,COM7
2,198911,37,rpm,-73,460,36.8,36.8,3925,496,0,494,0.479,1,COM7
2,198932,37,rpm,-198,460,36.8,36.8,3925,496,0,494,0.48,1,COM7
2,198953,37,rpm,131,460,36.8,36.8,3925,496,0,495,0.48,1,COM7
2,198973,37,rpm,625,460,36.8,36.8,3925,496,0,495,0.48,1,COM7
2,198994,37,rpm,684,460,36.8,36.8,3925,496,0,495,0.48,1,COM7
2,199015,37,rpm,860,460,36.8,36.8,3925,496,0,495,0.48,1,COM7
2,199036,37,rpm,844,460,36.8,36.8,3925,496,0,495,0.48,1,COM7
2,199056,37,rpm,703,460,36.8,36.8,3925,496,0,495,0.48,1,COM7
2,199077,37,rpm,586,460,36.8,36.8,3925,496,0,495,0.481,1,COM7
2,199098,37,rpm,562,460,36.8,36.8,3925,496,0,496,0.481,1,COM7
2,199118,37,rpm,496,460,36.8,36.8,3925,496,0,496,0.481,1,COM7
2,199139,37,rpm,345,460,36.8,36.8,3925,496,0,496,0.481,1,COM7
2,199160,37,rpm,192,460,36.8,36.8,3925,496,0,496,0.481,1,COM7
2,199181,37,rpm,-400,460,36.8,36.8,3925,496,0,496,0.481,1,COM7
2,199201,37,rpm,69,460,36.8,36.8,3925,496,0,496,0.482,1,COM7
2,199222,37,rpm,401,460,36.8,36.8,3925,496,0,497,0.482,1,COM7
2,199243,37,rpm,732,460,36.8,36.8,3925,496,0,497,0.482,1,COM7
2,199264,37,rpm,871,460,36.8,36.8,3925,496,0,497,0.482,1,COM7
2,199284,37,rpm,789,460,36.8,36.8,3925,496,0,497,0.482,1,COM7
2,199305,37,rpm,667,460,36.8,36.8,3925,496,0,497,0.482,1,COM7
2,199326,37,rpm,679,460,36.8,36.8,3925,496,0,497,0.482,1,COM7
2,199346,37,rpm,628,460,36.8,36.8,3925,496,0,498,0.483,1,COM7
2,199367,37,rpm,482,460,36.8,36.8,3925,496,0,498,0.483,1,COM7
2,199388,37,rpm,390,460,36.8,36.8,3925,496,0,498,0.483,1,COM7
2,199409,37,rpm,294,460,36.8,36.8,3925,496,0,498,0.483,1,COM7
2,199429,37,rpm,-296,460,36.8,36.8,3925,496,0,498,0.483,1,COM7
2,199450,37,rpm,-35,460,36.8,36.8,3925,496,0,498,0.483,1,COM7
2,199471,37,rpm,253,460,36.8,36.8,3925,496,0,498,0.484,1,COM7
2,199492,37,rpm,616,460,36.8,36.8,3925,496,0,499,0.484,1,COM7
2,199512,37,rpm,751,460,36.8,36.8,3925,496,0,499,0.484,1,COM7
2,199533,37,rpm,965,460,36.8,36.8,3925,496,0,499,0.484,1,COM7
2,199554,37,rpm,731,460,36.8,36.8,3925,496,0,499,0.484,1,COM7
2,199574,37,rpm,615,460,36.8,36.8,3925,496,0,499,0.484,1,COM7
2,199595,37,rpm,642,460,36.8,36.8,3925,496,0,499,0.484,1,COM7
2,199616,37,rpm,577,460,36.8,36.8,3925,496,0,500,0.485,1,COM7
2,199637,37,rpm,402,460,36.8,36.8,3925,496,0,500,0.485,1,COM7
2,199657,37,rpm,308,460,36.8,36.8,3925,496,0,500,0.485,1,COM7
2,199678,37,rpm,-42,460,36.8,36.8,3925,496,0,500,0.485,1,COM7
2,199699,37,rpm,-227,460,36.8,36.8,3925,496,0,500,0.485,1,COM7
2,199720,37,rpm,139,460,36.8,36.8,3925,496,0,500,0.485,1,COM7
2,199741,37,rpm,602,460,36.8,36.8,3925,496,0,501,0.486,1,COM7
2,199761,37,rpm,818,460,36.8,36.8,3925,496,0,501,0.486,1,COM7
2,199782,37,rpm,909,460,36.8,36.8,3925,496,0,501,0.486,1,COM7
2,199803,37,rpm,734,460,36.8,36.8,3925,496,0,501,0.486,1,COM7
2,199823,37,rpm,741,460,36.8,36.8,3925,496,0,501,0.486,1,COM7
2,199844,37,rpm,670,460,36.8,36.8,3925,496,0,501,0.486,1,COM7
2,199865,37,rpm,496,460,36.8,36.8,3925,496,0,502,0.486,1,COM7
2,199886,37,rpm,425,460,36.8,36.8,3925,496,0,502,0.487,1,COM7
2,199906,37,rpm,344,460,36.8,36.8,3925,496,0,502,0.487,1,COM7
2,199927,37,rpm,-15,460,36.8,36.8,3925,496,0,502,0.487,1,COM7
2,199948,37,rpm,-244,460,36.8,36.8,3925,496,0,502,0.487,1,COM7
2,199969,37,rpm,127,460,36.8,36.8,3925,496,0,502,0.487,1,COM7
2,199989,37,rpm,603,460,36.8,36.8,3925,496,0,502,0.487,1,COM7
2,200010,37,rpm,632,460,36.8,36.8,3925,496,0,503,0.488,1,COM7
2,200031,37,rpm,953,460,36.8,36.8,3925,496,0,503,0.488,1,COM7
2,200051,37,rpm,883,460,36.8,36.8,3925,496,0,503,0.488,1,COM7
2,200072,37,rpm,576,460,36.8,36.8,3925,496,0,503,0.488,1,COM7
2,200093,37,rpm,649,460,36.8,36.8,3925,496,0,503,0.488,1,COM7
2,200114,37,rpm,637,460,36.8,36.8,3925,496,0,503,0.488,1,COM7
2,200135,37,rpm,445,460,36.8,36.8,3925,496,0,504,0.488,1,COM7
2,200155,37,rpm,337,460,36.8,36.8,3925,496,0,504,0.489,1,COM7
2,200176,37,rpm,244,460,36.8,36.8,3925,496,0,504,0.489,1,COM7
2,200197,37,rpm,-364,460,36.8,36.8,3925,496,0,504,0.489,1,COM7
2,200218,37,rpm,49,460,36.8,36.8,3925,496,0,504,0.489,1,COM7
2,200238,37,rpm,403,460,36.8,36.8,3925,496,0,504,0.489,1,COM7
2,200259,37,rpm,710,460,36.8,36.8,3925,496,0,505,0.489,1,COM7
2,200280,37,rpm,788,460,36.8,36.8,3925,496,0,505,0.49,1,COM7
2,200300,37,rpm,817,460,36.8,36.8,3925,496,0,505,0.49,1,COM7
2,200321,37,rpm,724,460,36.8,36.8,3925,496,0,505,0.49,1,COM7
2,200342,37,rpm,682,460,36.8,36.8,3925,496,0,505,0.49,1,COM7
2,200363,37,rpm,561,460,36.8,36.8,3925,496,0,505,0.49,1,COM7
2,200383,37,rpm,536,460,36.8,36.8,3925,496,0,505,0.49,1,COM7
2,200404,37,rpm,389,460,36.8,36.8,3925,496,0,506,0.49,1,COM7
2,200425,37,rpm,295,460,36.8,36.8,3925,496,0,506,0.491,1,COM7
2,200446,37,rpm,-252,460,36.8,36.8,3925,496,0,506,0.491,1,COM7
2,200466,37,rpm,-50,460,36.8,36.8,3925,496,0,506,0.491,1,COM7
2,200487,37,rpm,192,460,36.8,36.8,3925,496,0,506,0.491,1,COM7
2,200508,37,rpm,607,460,36.8,36.8,3925,496,0,506,0.491,1,COM7
2,200528,37,rpm,783,460,36.8,36.8,3925,496,0,507,0.491,1,COM7
2,200549,37,rpm,920,460,36.8,36.8,3925,496,0,507,0.492,1,COM7
2,200570,37,rpm,758,460,36.8,36.8,3925,496,0,507,0.492,1,COM7
2,200591,37,rpm,646,460,36.8,36.8,3925,496,0,507,0.492,1,COM7
2,200612,37,rpm,683,460,36.8,36.8,3925,496,0,507,0.492,1,COM7
2,200632,37,rpm,545,460,36.8,36.8,3925,496,0,507,0.492,1,COM7
2,200653,37,rpm,394,460,36.8,36.8,3925,496,0,508,0.492,1,COM7
2,200674,37,rpm,370,460,36.8,36.8,3925,496,0,508,0.492,1,COM7
2,200694,37,rpm,34,460,36.8,36.8,3925,496,0,508,0.493,1,COM7
2,200715,37,rpm,-290,460,36.8,36.8,3925,496,0,508,0.493,1,COM7
2,200736,37,rpm,98,460,36.8,36.8,3925,496,0,508,0.493,1,COM7
2,200757,37,rpm,595,460,36.8,36.8,3925,496,0,508,0.493,1,COM7
2,200778,37,rpm,636,460,36.8,36.8,3925,496,0,508,0.493,1,COM7
2,200798,37,rpm,804,460,36.8,36.8,3925,496,0,509,0.493,1,COM7
2,200819,37,rpm,903,460,36.8,36.8,3925,496,0,509,0.494,1,COM7
2,200840,37,rpm,674,460,36.8,36.8,3925,496,0,509,0.494,1,COM7
2,200861,37,rpm,611,460,36.8,36.8,3925,496,0,509,0.494,1,COM7
2,200881,37,rpm,606,460,36.8,36.8,3925,496,0,509,0.494,1,COM7
2,200902,37,rpm,494,460,36.8,36.8,3925,496,0,509,0.494,1,COM7
2,200923,37,rpm,344,460,36.8,36.8,3925,496,0,510,0.494,1,COM7
2,200944,37,rpm,255,460,36.8,36.8,3925,496,0,510,0.494,1,COM7
2,200964,37,rpm,-418,460,36.8,36.8,3925,496,0,510,0.495,1,COM7
2,200985,37,rpm,45,460,36.8,36.8,3925,496,0,510,0.495,1,COM7
2,201006,37,rpm,303,460,36.8,36.8,3925,496,0,510,0.495,1,COM7
2,201027,37,rpm,662,460,36.8,36.8,3925,496,0,510,0.495,1,COM7
2,201047,37,rpm,885,460,36.8,36.8,3925,496,0,511,0.495,1,COM7
2,201068,37,rpm,877,460,36.8,36.8,3925,496,0,511,0.495,1,COM7
2,201089,37,rpm,673,460,36.8,36.8,3925,496,0,511,0.496,1,COM7
2,201110,37,rpm,667,460,36.8,36.8,3925,496,0,511,0.496,1,COM7
2,201130,37,rpm,629,460,36.8,36.8,3925,496,0,511,0.496,1,COM7
2,201151,37,rpm,514,460,36.8,36.8,3925,496,0,511,0.496,1,COM7
2,201172,37,rpm,386,460,36.8,36.8,3925,496,0,512,0.496,1,COM7
2,201193,37,rpm,330,460,36.8,36.8,3925,496,0,512,0.496,1,COM7
2,201213,37,rpm,-274,460,36.8,36.8,3925,496,0,512,0.496,1,COM7
2,201234,37,rpm,-48,460,36.8,36.8,3925,496,0,512,0.497,1,COM7
2,201255,37,rpm,217,460,36.8,36.8,3925,496,0,512,0.497,1,COM7
2,201275,37,rpm,728,460,36.8,36.8,3925,496,0,512,0.497,1,COM7
2,201296,37,rpm,793,460,36.8,36.8,3925,496,0,512,0.497,1,COM7
2,201317,37,rpm,864,460,36.8,36.8,3925,496,0,513,0.497,1,COM7
2,201338,37,rpm,859,460,36.8,36.8,3925,496,0,513,0.497,1,COM7
2,201358,37,rpm,623,460,36.8,36.8,3925,496,0,513,0.498,1,COM7
2,201379,37,rpm,603,460,36.8,36.8,3925,496,0,513,0.498,1,COM7
2,201400,37,rpm,589,460,36.8,36.8,3925,496,0,513,0.498,1,COM7
2,201421,37,rpm,379,460,36.8,36.8,3925,496,0,513,0.498,1,COM7
2,201441,37,rpm,274,460,36.8,36.8,3925,496,0,514,0.498,1,COM7
2,201462,37,rpm,-151,460,36.8,36.8,3925,496,0,514,0.498,1,COM7
2,201483,37,rpm,-115,460,36.8,36.8,3925,496,0,514,0.498,1,COM7
2,201503,37,rpm,168,460,36.8,36.8,3925,496,0,514,0.499,1,COM7
2,201524,37,rpm,697,460,36.8,36.8,3925,496,0,514,0.499,1,COM7
2,201545,37,rpm,760,460,36.8,36.8,3925,496,0,514,0.499,1,COM7
2,201565,37,rpm,826,460,36.8,36.8,3925,496,0,515,0.499,1,COM7
2,201586,37,rpm,757,460,36.8,36.8,3925,496,0,515,0.499,1,COM7
2,201607,37,rpm,695,460,36.8,36.8,3925,496,0,515,0.499,1,COM7
2,201628,37,rpm,614,460,36.8,36.8,3925,496,0,515,0.5,1,COM7
2,201648,37,rpm,558,460,36.8,36.8,3925,496,0,515,0.5,1,COM7
2,201669,37,rpm,422,460,36.8,36.8,3925,496,0,515,0.5,1,COM7
2,201690,37,rpm,353,460,36.8,36.8,3925,496,0,515,0.5,1,COM7
2,201711,37,rpm,86,460,36.8,36.8,3925,496,0,516,0.5,1,COM7
2,201731,37,rpm,-301,460,36.8,36.8,3925,496,0,516,0.5,1,COM7
2,201752,37,rpm,90,460,36.8,36.8,3925,496,0,516,0.5,1,COM7
2,201773,37,rpm,572,460,36.8,36.8,3925,496,0,516,0.501,1,COM7
2,201794,37,rpm,668,460,36.8,36.8,3925,496,0,516,0.501,1,COM7
2,201814,37,rpm,856,460,36.8,36.8,3925,496,0,516,0.501,1,COM7
2,201835,37,rpm,861,460,36.8,36.8,3925,496,0,517,0.501,1,COM7
2,201856,37,rpm,688,459,36.8,36.8,3925,496,0,517,0.501,1,COM7
2,201876,37,rpm,561,459,36.8,36.8,3925,496,0,517,0.501,1,COM7
2,201897,37,rpm,655,459,36.8,36.8,3925,496,0,517,0.502,1,COM7
2,201918,37,rpm,489,459,36.8,36.8,3925,496,0,517,0.502,1,COM7
2,201939,37,rpm,319,459,36.8,36.8,3925,496,0,517,0.502,1,COM7
2,201959,37,rpm,308,459,36.8,36.8,3925,496,0,518,0.502,1,COM7
2,201980,37,rpm,-348,459,36.8,36.8,3925,496,0,518,0.502,1,COM7
2,202001,37,rpm,12,459,36.8,36.8,3925,496,0,518,0.502,1,COM7
2,202021,37,rpm,266,459,36.8,36.8,3925,496,0,518,0.502,1,COM7
2,202042,37,rpm,726,459,36.8,36.8,3925,496,0,518,0.503,1,COM7
2,202063,37,rpm,746,459,36.8,36.8,3925,496,0,518,0.503,1,COM7
2,202084,37,rpm,873,459,36.8,36.8,3925,496,0,519,0.503,1,COM7
2,202104,37,rpm,815,459,36.8,36.8,3925,496,0,519,0.503,1,COM7
2,202125,37,rpm,618,459,36.8,36.8,3925,496,0,519,0.503,1,COM7
2,202146,37,rpm,563,459,36.8,36.8,3925,496,0,519,0.503,1,COM7
2,202167,37,rpm,605,459,36.8,36.8,3925,496,0,519,0.504,1,COM7
2,202187,37,rpm,399,459,36.8,36.8,3925,496,0,519,0.504,1,COM7
2,202208,37,rpm,317,459,36.8,36.8,3925,496,0,519,0.504,1,COM7
2,202229,37,rpm,-66,459,36.8,36.8,3925,496,0,520,0.504,1,COM7
2,202249,37,rpm,-219,459,36.8,36.8,3925,496,0,520,0.504,1,COM7
2,202270,37,rpm,142,459,36.8,36.8,3925,496,0,520,0.504,1,COM7
2,202291,37,rpm,622,459,36.8,36.8,3925,496,0,520,0.504,1,COM7
2,202312,37,rpm,754,459,36.8,36.8,3925,496,0,520,0.505,1,COM7
2,202332,37,rpm,852,459,36.8,36.8,3925,496,0,520,0.505,1,COM7
2,202353,37,rpm,789,459,36.8,36.8,3925,496,0,521,0.505,1,COM7
2,202374,37,rpm,651,459,36.8,36.8,3925,496,0,521,0.505,1,COM7
2,202394,37,rpm,695,459,36.8,36.8,3925,496,0,521,0.505,1,COM7
2,202415,37,rpm,563,459,36.8,36.8,3925,496,0,521,0.505,1,COM7
2,202436,37,rpm,447,459,36.8,36.8,3925,496,0,521,0.506,1,COM7
2,202457,37,rpm,354,459,36.8,36.8,3925,496,0,521,0.506,1,COM7
2,202477,37,rpm,210,459,36.8,36.8,3925,496,0,522,0.506,1,COM7
2,202498,37,rpm,-399,459,36.8,36.8,3925,496,0,522,0.506,1,COM7
2,202519,37,rpm,63,459,36.8,36.8,3925,496,0,522,0.506,1,COM7
2,202540,37,rpm,436,459,36.8,36.8,3925,496,0,522,0.506,1,COM7
2,202560,37,rpm,694,459,36.8,36.8,3925,496,0,522,0.506,1,COM7
2,202581,37,rpm,755,459,36.8,36.8,3925,496,0,522,0.507,1,COM7
2,202602,37,rpm,945,459,36.8,36.8,3925,496,0,522,0.507,1,COM7
2,202622,37,rpm,710,459,36.8,36.8,3925,496,0,523,0.507,1,COM7
2,202643,37,rpm,534,459,36.8,36.8,3925,496,0,523,0.507,1,COM7
2,202664,37,rpm,642,459,36.8,36.8,3925,496,0,523,0.507,1,COM7
2,202685,37,rpm,552,459,36.8,36.8,3925,496,0,523,0.507,1,COM7
2,202705,37,rpm,341,459,36.8,36.8,3925,496,0,523,0.508,1,COM7
2,202726,37,rpm,293,459,36.8,36.8,3925,496,0,523,0.508,1,COM7
2,202747,37,rpm,-345,459,36.8,36.8,3925,496,0,524,0.508,1,COM7
2,202768,37,rpm,18,459,36.8,36.8,3925,496,0,524,0.508,1,COM7
2,202788,37,rpm,246,459,36.8,36.8,3925,496,0,524,0.508,1,COM7
2,202809,37,rpm,735,459,36.8,36.8,3925,496,0,524,0.508,1,COM7
2,202830,37,rpm,869,459,36.8,36.8,3925,496,0,524,0.508,1,COM7
2,202850,37,rpm,816,459,36.8,36.8,3925,496,0,524,0.509,1,COM7
2,202871,37,rpm,744,459,36.8,36.8,3925,496,0,525,0.509,1,COM7
2,202892,37,rpm,728,459,36.8,36.8,3925,496,0,525,0.509,1,COM7
2,202913,37,rpm,593,459,36.8,36.8,3925,496,0,525,0.509,1,COM7
2,202933,37,rpm,489,459,36.8,36.8,3925,496,0,525,0.509,1,COM7
2,202954,37,rpm,392,459,36.8,36.8,3925,496,0,525,0.509,1,COM7
2,202975,37,rpm,284,459,36.8,36.8,3925,496,0,525,0.51,1,COM7
2,202996,37,rpm,-302,459,36.8,36.8,3925,496,0,525,0.51,1,COM7
2,203016,37,rpm,-11,459,36.8,36.8,3925,496,0,526,0.51,1,COM7
2,203037,37,rpm,248,459,36.8,36.8,3925,496,0,526,0.51,1,COM7
2,203058,37,rpm,653,459,36.8,36.8,3925,496,0,526,0.51,1,COM7
2,203078,37,rpm,720,459,36.8,36.8,3925,496,0,526,0.51,1,COM7
2,203099,37,rpm,914,459,36.8,36.8,3925,496,0,526,0.51,1,COM7
2,203120,37,rpm,799,459,36.8,36.8,3925,496,0,526,0.511,1,COM7
2,203141,37,rpm,600,459,36.8,36.8,3925,496,0,527,0.511,1,COM7
2,203161,37,rpm,609,459,36.8,36.8,3925,496,0,527,0.511,1,COM7
2,203182,37,rpm,614,459,36.8,36.8,3925,496,0,527,0.511,1,COM7
2,203203,37,rpm,395,459,36.8,36.8,3925,496,0,527,0.511,1,COM7
2,203224,37,rpm,293,459,36.8,36.8,3925,496,0,527,0.511,1,COM7
2,203244,37,rpm,-41,459,36.8,36.8,3925,496,0,527,0.512,1,COM7
2,203265,37,rpm,-209,459,36.8,36.8,3925,496,0,528,0.512,1,COM7
2,203286,37,rpm,107,459,36.8,36.8,3925,496,0,528,0.512,1,COM7
2,203307,37,rpm,631,459,36.8,36.8,3925,496,0,528,0.512,1,COM7
2,203327,37,rpm,810,459,36.8,36.8,3925,496,0,528,0.512,1,COM7
2,203348,37,rpm,791,459,36.8,36.8,3925,496,0,528,0.512,1,COM7
2,203369,37,rpm,742,459,36.8,36.8,3925,496,0,528,0.512,1,COM7
2,203389,37,rpm,795,459,36.8,36.8,3925,496,0,528,0.513,1,COM7
2,203410,37,rpm,580,459,36.8,36.8,3925,496,0,529,0.513,1,COM7
2,203431,37,rpm,546,459,36.8,36.8,3925,496,0,529,0.513,1,COM7
2,203452,37,rpm,517,459,36.8,36.8,3925,496,0,529,0.513,1,COM7
2,203473,37,rpm,347,459,36.8,36.8,3925,496,0,529,0.513,1,COM7
2,203493,37,rpm,229,459,36.8,36.8,3925,496,0,529,0.513,1,COM7
2,203514,37,rpm,-387,459,36.8,36.8,3925,496,0,529,0.514,1,COM7
2,203535,37,rpm,54,459,36.8,36.8,3925,496,0,530,0.514,1,COM7
2,203555,37,rpm,364,459,36.8,36.8,3925,496,0,530,0.514,1,COM7
2,203576,37,rpm,708,459,36.8,36.8,3925,496,0,530,0.514,1,COM7
2,203597,37,rpm,746,459,36.8,36.8,3925,496,0,530,0.514,1,COM7
2,203618,37,rpm,947,459,36.8,36.8,3925,496,0,530,0.514,1,COM7
2,203638,37,rpm,693,459,36.8,36.8,3925,496,0,530,0.514,1,COM7
2,203659,37,rpm,613,459,36.8,36.8,3925,496,0,531,0.515,1,COM7
2,203680,37,rpm,684,459,36.8,36.8,3925,496,0,531,0.515,1,COM7
2,203701,37,rpm,511,459,36.8,36.8,3925,496,0,531,0.515,1,COM7
2,203721,37,rpm,373,459,36.8,36.8,3925,496,0,531,0.515,1,COM7
2,203742,37,rpm,322,459,36.8,36.8,3925,496,0,531,0.515,1,COM7
2,203763,37,rpm,-220,459,36.8,36.8,3925,496,0,531,0.515,1,COM7
2,203784,37,rpm,-93,459,36.8,36.8,3925,496,0,532,0.516,1,COM7
2,203804,37,rpm,195,459,36.8,36.8,3925,496,0,532,0.516,1,COM7
2,203825,37,rpm,693,459,36.8,36.8,3925,496,0,532,0.516,1,COM7
2,203846,37,rpm,751,459,36.8,36.8,3925,496,0,532,0.516,1,COM7
2,203866,37,rpm,790,459,36.8,36.8,3925,496,0,532,0.516,1,COM7
2,203887,37,rpm,877,459,36.8,36.8,3925,496,0,532,0.516,1,COM7
2,203908,37,rpm,706,459,36.8,36.8,3925,496,0,532,0.516,1,COM7
2,203929,37,rpm,523,459,36.8,36.8,3925,496,0,533,0.517,1,COM7
2,203949,37,rpm,594,459,36.8,36.8,3925,496,0,533,0.517,1,COM7
2,203970,37,rpm,470,459,36.8,36.8,3925,496,0,533,0.517,1,COM7
2,203991,37,rpm,303,459,36.8,36.8,3925,496,0,533,0.517,1,COM7
2,204012,37,rpm,124,459,36.8,36.8,3925,496,0,533,0.517,1,COM7
2,204032,37,rpm,-348,459,36.8,36.8,3925,496,0,533,0.517,1,COM7
2,204053,37,rpm,90,459,36.8,36.8,3925,496,0,534,0.518,1,COM7
2,204074,37,rpm,489,459,36.8,36.8,3925,496,0,534,0.518,1,COM7
2,204095,37,rpm,799,459,36.8,36.8,3925,496,0,534,0.518,1,COM7
2,204115,37,rpm,851,459,36.8,36.8,3925,496,0,534,0.518,1,COM7
2,204136,37,rpm,744,459,36.8,36.8,3925,496,0,534,0.518,1,COM7
2,204157,37,rpm,747,459,36.8,36.8,3925,496,0,534,0.518,1,COM7
2,204177,37,rpm,597,459,36.8,36.8,3925,496,0,535,0.518,1,COM7
2,204198,37,rpm,610,459,36.8,36.8,3925,496,0,535,0.519,1,COM7
2,204219,37,rpm,490,459,36.8,36.8,3925,496,0,535,0.519,1,COM7
2,204240,37,rpm,332,459,36.8,36.8,3925,496,0,535,0.519,1,COM7
2,204260,37,rpm,256,459,36.8,36.8,3925,496,0,535,0.519,1,COM7
2,204281,37,rpm,-397,459,36.8,36.8,3925,496,0,535,0.519,1,COM7
2,204302,37,rpm,50,459,36.8,36.8,3925,496,0,535,0.519,1,COM7
2,204323,37,rpm,399,459,36.8,36.8,3925,496,0,536,0.52,1,COM7
2,204343,37,rpm,708,459,36.8,36.8,3925,496,0,536,0.52,1,COM7
2,204364,37,rpm,846,459,36.8,36.8,3925,496,0,536,0.52,1,COM7
2,204385,37,rpm,897,459,36.8,36.8,3925,496,0,536,0.52,1,COM7
2,204406,37,rpm,779,459,36.8,36.8,3925,496,0,536,0.52,1,COM7
2,204426,37,rpm,591,459,36.8,36.8,3925,496,0,536,0.52,1,COM7
2,204447,37,rpm,600,459,36.8,36.8,3925,496,0,537,0.52,1,COM7
2,204468,37,rpm,506,459,36.8,36.8,3925,496,0,537,0.521,1,COM7
2,204489,37,rpm,359,459,36.8,36.8,3925,496,0,537,0.521,1,COM7
2,204509,37,rpm,240,459,36.8,36.8,3925,496,0,537,0.521,1,COM7
2,204530,37,rpm,-394,459,36.8,36.8,3925,496,0,537,0.521,1,COM7
2,204551,37,rpm,51,459,36.8,36.8,3925,496,0,537,0.521,1,COM7
2,204571,37,rpm,336,459,36.8,36.8,3925,496,0,538,0.521,1,COM7
2,204592,37,rpm,697,459,36.8,36.8,3925,496,0,538,0.522,1,COM7
2,204613,37,rpm,900,459,36.8,36.8,3925,496,0,538,0.522,1,COM7
2,204634,37,rpm,724,459,36.8,36.8,3925,496,0,538,0.522,1,COM7
2,204654,37,rpm,752,459,36.8,36.8,3925,496,0,538,0.522,1,COM7
2,204675,37,rpm,729,459,36.8,36.8,3925,496,0,538,0.522,1,COM7
2,204696,37,rpm,576,459,36.8,36.8,3925,496,0,538,0.522,1,COM7
2,204716,37,rpm,508,459,36.8,36.8,3925,496,0,539,0.522,1,COM7
2,204737,37,rpm,440,459,36.8,36.8,3925,496,0,539,0.523,1,COM7
2,204758,37,rpm,290,459,36.8,36.8,3925,496,0,539,0.523,1,COM7
2,204779,37,rpm,-168,459,36.8,36.8,3925,496,0,539,0.523,1,COM7
2,204799,37,rpm,-130,459,36.8,36.8,3925,496,0,539,0.523,1,COM7
2,204820,37,rpm,176,459,36.8,36.8,3925,496,0,539,0.523,1,COM7
2,204841,37,rpm,632,459,36.8,36.8,3925,496,0,540,0.523,1,COM7
2,204862,37,rpm,723,459,36.8,36.8,3925,496,0,540,0.524,1,COM7
2,204882,37,rpm,891,459,36.8,36.8,3925,496,0,540,0.524,1,COM7
2,204903,37,rpm,783,459,36.8,36.8,3925,496,0,540,0.524,1,COM7
2,204924,37,rpm,678,459,36.8,36.8,3925,496,0,540,0.524,1,COM7
2,204945,37,rpm,544,459,36.8,36.8,3925,496,0,540,0.524,1,COM7
2,204965,37,rpm,627,459,36.8,36.8,3925,496,0,541,0.524,1,COM7
2,204986,37,rpm,450,459,36.8,36.8,3925,496,0,541,0.524,1,COM7
2,205007,37,rpm,314,459,36.8,36.8,3925,496,0,541,0.525,1,COM7
2,205028,37,rpm,161,459,36.8,36.8,3925,496,0,541,0.525,1,COM7
2,205048,37,rpm,-338,459,36.8,36.8,3925,496,0,541,0.525,1,COM7
2,205069,37,rpm,69,459,36.8,36.8,3925,496,0,541,0.525,1,COM7
2,205090,37,rpm,483,459,36.8,36.8,3925,496,0,542,0.525,1,COM7
2,205111,37,rpm,732,459,36.8,36.8,3925,496,0,542,0.525,1,COM7
2,205131,37,rpm,777,459,36.8,36.8,3925,496,0,542,0.526,1,COM7
2,205152,37,rpm,830,459,36.8,36.8,3925,496,0,542,0.526,1,COM7
2,205173,37,rpm,785,459,36.8,36.8,3925,496,0,542,0.526,1,COM7
2,205193,37,rpm,616,459,36.8,36.8,3925,496,0,542,0.526,1,COM7
2,205214,37,rpm,562,459,36.8,36.8,3925,496,0,542,0.526,1,COM7
2,205235,37,rpm,533,459,36.8,36.8,3925,496,0,543,0.526,1,COM7
2,205256,37,rpm,382,459,36.8,36.8,3925,496,0,543,0.526,1,COM7
2,205276,37,rpm,250,459,36.8,36.8,3925,496,0,543,0.527,1,COM7
2,205297,37,rpm,-355,459,36.8,36.8,3925,496,0,543,0.527,1,COM7
2,205318,37,rpm,22,459,36.8,36.8,3925,496,0,543,0.527,1,COM7
2,205339,37,rpm,259,459,36.8,36.8,3925,496,0,543,0.527,1,COM7
2,205359,37,rpm,650,459,36.8,36.8,3925,496,0,544,0.527,1,COM7
2,205380,37,rpm,879,459,36.8,36.8,3925,496,0,544,0.527,1,COM7
2,205401,37,rpm,837,459,36.8,36.8,3925,496,0,544,0.528,1,COM7
2,205422,37,rpm,671,459,36.8,36.8,3925,496,0,544,0.528,1,COM7
2,205442,37,rpm,713,459,36.8,36.8,3925,496,0,544,0.528,1,COM7
2,205463,37,rpm,607,459,36.8,36.8,3925,496,0,544,0.528,1,COM7
2,205484,37,rpm,521,459,36.8,36.8,3925,496,0,545,0.528,1,COM7
2,205505,37,rpm,411,459,36.8,36.8,3925,496,0,545,0.528,1,COM7
2,205525,37,rpm,321,459,36.8,36.8,3925,496,0,545,0.528,1,COM7
2,205546,37,rpm,-37,459,36.8,36.8,3925,496,0,545,0.529,1,COM7
2,205567,37,rpm,-236,459,36.8,36.8,3925,496,0,545,0.529,1,COM7
2,205587,37,rpm,119,459,36.8,36.8,3925,496,0,545,0.529,1,COM7
2,205608,37,rpm,618,459,36.8,36.8,3925,496,0,545,0.529,1,COM7
2,205629,37,rpm,705,459,36.8,36.8,3925,496,0,546,0.529,1,COM7
2,205650,37,rpm,795,459,36.8,36.8,3925,496,0,546,0.529,1,COM7
2,205670,37,rpm,904,459,36.8,36.8,3925,496,0,546,0.53,1,COM7
2,205691,37,rpm,693,459,36.8,36.8,3925,496,0,546,0.53,1,COM7
2,205712,37,rpm,573,459,36.8,36.8,3925,496,0,546,0.53,1,COM7
2,205733,37,rpm,567,459,36.8,36.8,3925,496,0,546,0.53,1,COM7
2,205753,37,rpm,502,459,36.8,36.8,3925,496,0,547,0.53,1,COM7
2,205774,37,rpm,325,459,36.8,36.8,3925,496,0,547,0.53,1,COM7
2,205795,37,rpm,167,459,36.8,36.8,3925,496,0,547,0.53,1,COM7
2,205816,37,rpm,-374,459,36.8,36.8,3925,496,0,547,0.531,1,COM7
2,205836,37,rpm,85,459,36.8,36.8,3925,496,0,547,0.531,1,COM7
2,205857,37,rpm,447,459,36.8,36.8,3925,496,0,547,0.531,1,COM7
2,205878,37,rpm,784,459,36.8,36.8,3925,496,0,548,0.531,1,COM7
2,205898,37,rpm,997,459,36.8,36.8,3925,496,0,548,0.531,1,COM7
2,205919,37,rpm,696,459,36.8,36.8,3925,496,0,548,0.531,1,COM7
2,205940,37,rpm,764,459,36.8,36.8,3925,496,0,548,0.532,1,COM7
2,205960,37,rpm,711,459,36.8,36.8,3925,496,0,548,0.532,1,COM7
2,205981,37,rpm,548,459,36.8,36.8,3925,496,0,548,0.532,1,COM7
2,206002,37,rpm,439,459,36.8,36.8,3925,496,0,548,0.532,1,COM7
2,206023,37,rpm,373,459,36.8,36.8,3925,496,0,549,0.532,1,COM7
2,206043,37,rpm,187,459,36.8,36.8,3925,496,0,549,0.532,1,COM7
2,206064,37,rpm,-377,459,36.8,36.8,3925,496,0,549,0.532,1,COM7
2,206085,37,rpm,74,459,36.8,36.8,3925,496,0,549,0.533,1,COM7
2,206106,37,rpm,465,459,36.8,36.8,3925,496,0,549,0.533,1,COM7
2,206126,37,rpm,684,459,36.8,36.8,3925,496,0,549,0.533,1,COM7
2,206147,37,rpm,854,459,36.8,36.8,3925,496,0,550,0.533,1,COM7
2,206168,37,rpm,878,459,36.8,36.8,3925,496,0,550,0.533,1,COM7
2,206188,37,rpm,690,459,36.8,36.8,3925,496,0,550,0.533,1,COM7
2,206209,37,rpm,647,459,36.8,36.8,3925,496,0,550,0.534,1,COM7
2,206230,37,rpm,593,459,36.8,36.8,3925,496,0,550,0.534,1,COM7
2,206251,37,rpm,526,459,36.8,36.8,3925,496,0,550,0.534,1,COM7
2,206271,37,rpm,360,459,36.8,36.8,3925,496,0,551,0.534,1,COM7
2,206292,37,rpm,273,459,36.8,36.8,3925,496,0,551,0.534,1,COM7
2,206313,37,rpm,-273,459,36.8,36.8,3925,496,0,551,0.534,1,COM7
2,206334,37,rpm,-32,459,36.8,36.8,3925,496,0,551,0.534,1,COM7
2,206354,37,rpm,198,459,36.8,36.8,3925,496,0,551,0.535,1,COM7
2,206375,37,rpm,701,459,36.8,36.8,3925,496,0,551,0.535,1,COM7
2,206396,37,rpm,825,459,36.8,36.8,3925,496,0,551,0.535,1,COM7
2,206417,37,rpm,791,459,36.8,36.8,3925,496,0,552,0.535,1,COM7
2,206437,37,rpm,752,459,36.8,36.8,3925,496,0,552,0.535,1,COM7
2,206458,37,rpm,690,459,36.8,36.8,3925,496,0,552,0.535,1,COM7
2,206479,37,rpm,637,459,36.8,36.8,3925,496,0,552,0.536,1,COM7
2,206499,37,rpm,498,459,36.8,36.8,3925,496,0,552,0.536,1,COM7
2,206520,37,rpm,427,459,36.8,36.8,3925,496,0,552,0.536,1,COM7
2,206541,37,rpm,333,459,36.8,36.8,3925,496,0,553,0.536,1,COM7
2,206562,37,rpm,-4,459,36.8,36.8,3925,496,0,553,0.536,1,COM7
2,206582,37,rpm,-250,459,36.8,36.8,3925,496,0,553,0.536,1,COM7
2,206603,37,rpm,121,459,36.8,36.8,3925,496,0,553,0.536,1,COM7
2,206624,37,rpm,545,459,36.8,36.8,3925,496,0,553,0.537,1,COM7
2,206645,37,rpm,661,459,36.8,36.8,3925,496,0,553,0.537,1,COM7
2,206665,37,rpm,973,459,36.8,36.8,3925,496,0,554,0.537,1,COM7
2,206686,37,rpm,764,459,36.8,36.8,3925,496,0,554,0.537,1,COM7
2,206707,37,rpm,647,459,36.8,36.8,3925,496,0,554,0.537,1,COM7
2,206727,37,rpm,673,459,36.8,36.8,3925,496,0,554,0.537,1,COM7
2,206748,37,rpm,571,459,36.8,36.8,3925,496,0,554,0.538,1,COM7
2,206769,37,rpm,461,459,36.8,36.8,3925,496,0,554,0.538,1,COM7
2,206790,37,rpm,361,459,36.8,36.8,3925,496,0,555,0.538,1,COM7
2,206811,37,rpm,255,459,36.8,36.8,3925,496,0,555,0.538,1,COM7
2,206831,37,rpm,-406,459,36.8,36.8,3925,496,0,555,0.538,1,COM7
2,206852,37,rpm,52,459,36.8,36.8,3925,496,0,555,0.538,1,COM7
2,206873,37,rpm,374,459,36.8,36.8,3925,496,0,555,0.538,1,COM7
2,206893,37,rpm,730,459,36.8,36.8,3925,496,0,555,0.539,1,COM7
2,206914,37,rpm,766,459,36.8,36.8,3925,496,0,555,0.539,1,COM7
2,206935,37,rpm,863,459,36.8,36.8,3925,496,0,556,0.539,1,COM7
2,206956,37,rpm,746,459,36.8,36.8,3925,496,0,556,0.539,1,COM7
2,206976,37,rpm,641,459,36.8,36.8,3925,496,0,556,0.539,1,COM7
2,206997,37,rpm,580,459,36.8,36.8,3925,496,0,556,0.539,1,COM7
2,207018,37,rpm,539,459,36.8,36.8,3925,496,0,556,0.54,1,COM7
2,207038,37,rpm,413,459,36.8,36.8,3925,496,0,556,0.54,1,COM7
2,207059,37,rpm,279,459,36.8,36.8,3925,496,0,557,0.54,1,COM7
2,207080,37,rpm,-190,459,36.8,36.8,3925,496,0,557,0.54,1,COM7
2,207101,37,rpm,-112,459,36.8,36.8,3925,496,0,557,0.54,1,COM7
2,207122,37,rpm,174,459,36.8,36.8,3925,496,0,557,0.54,1,COM7
2,207142,37,rpm,595,459,36.8,36.8,3925,496,0,557,0.54,1,COM7
2,207163,37,rpm,837,459,36.8,36.8,3925,496,0,557,0.541,1,COM7
2,207184,37,rpm,906,459,36.8,36.8,3925,496,0,558,0.541,1,COM7
2,207204,37,rpm,671,459,36.8,36.8,3925,496,0,558,0.541,1,COM7
2,207225,37,rpm,688,459,36.8,36.8,3925,496,0,558,0.541,1,COM7
2,207246,37,rpm,682,459,36.8,36.8,3925,496,0,558,0.541,1,COM7
2,207267,37,rpm,499,459,36.8,36.8,3925,496,0,558,0.541,1,COM7
2,207287,37,rpm,434,459,36.8,36.8,3925,496,0,558,0.542,1,COM7
2,207308,37,rpm,364,459,36.8,36.8,3925,496,0,558,0.542,1,COM7
2,207329,37,rpm,12,459,36.8,36.8,3925,496,0,559,0.542,1,COM7
2,207349,37,rpm,-277,459,36.8,36.8,3925,496,0,559,0.542,1,COM7
2,207370,37,rpm,119,459,36.8,36.8,3925,496,0,559,0.542,1,COM7
2,207391,37,rpm,599,459,36.8,36.8,3925,496,0,559,0.542,1,COM7
2,207412,37,rpm,691,459,36.8,36.8,3925,496,0,559,0.542,1,COM7
2,207432,37,rpm,911,459,36.8,36.8,3925,496,0,559,0.543,1,COM7
2,207453,37,rpm,862,459,36.8,36.8,3925,496,0,560,0.543,1,COM7
2,207474,37,rpm,690,459,36.8,36.8,3925,496,0,560,0.543,1,COM7
2,207495,37,rpm,614,459,36.8,36.8,3925,496,0,560,0.543,1,COM7
2,207515,37,rpm,597,459,36.8,36.8,3925,496,0,560,0.543,1,COM7
2,207536,37,rpm,449,459,36.8,36.8,3925,496,0,560,0.543,1,COM7
2,207557,37,rpm,320,459,36.8,36.8,3925,496,0,560,0.544,1,COM7
2,207578,37,rpm,74,459,36.8,36.8,3925,496,0,561,0.544,1,COM7
2,207598,37,rpm,-297,459,36.8,36.8,3925,496,0,561,0.544,1,COM7
2,207619,37,rpm,89,459,36.8,36.8,3925,496,0,561,0.544,1,COM7
2,207640,37,rpm,507,459,36.8,36.8,3925,496,0,561,0.544,1,COM7
2,207660,37,rpm,765,459,36.8,36.8,3925,496,0,561,0.544,1,COM7
2,207681,37,rpm,878,459,36.8,36.8,3925,496,0,561,0.544,1,COM7
2,207702,37,rpm,740,459,36.8,36.8,3925,496,0,561,0.545,1,COM7
2,207723,37,rpm,696,459,36.8,36.8,3925,496,0,562,0.545,1,COM7
2,207743,37,rpm,679,459,36.8,36.8,3925,496,0,562,0.545,1,COM7
2,207764,37,rpm,559,459,36.8,36.8,3925,496,0,562,0.545,1,COM7
2,207785,37,rpm,466,459,36.8,36.8,3925,496,0,562,0.545,1,COM7
2,207805,37,rpm,385,459,36.8,36.8,3925,496,0,562,0.545,1,COM7
2,207826,37,rpm,240,459,36.8,36.8,3925,496,0,562,0.546,1,COM7
2,207847,37,rpm,-381,459,36.8,36.8,3925,496,0,563,0.546,1,COM7
2,207868,37,rpm,43,459,36.8,36.8,3925,496,0,563,0.546,1,COM7
2,207888,37,rpm,406,459,36.8,36.8,3925,496,0,563,0.546,1,COM7
2,207909,37,rpm,607,459,36.8,36.8,3925,496,0,563,0.546,1,COM7
2,207930,37,rpm,814,459,36.8,36.8,3925,496,0,563,0.546,1,COM7
2,207951,37,rpm,945,459,36.8,36.8,3925,496,0,563,0.546,1,COM7
2,207971,37,rpm,671,459,36.8,36.8,3925,496,0,564,0.547,1,COM7
2,207992,37,rpm,614,459,36.8,36.8,3925,496,0,564,0.547,1,COM7
2,208013,37,rpm,658,459,36.8,36.8,3925,496,0,564,0.547,1,COM7
2,208034,37,rpm,527,459,36.8,36.8,3925,496,0,564,0.547,1,COM7
2,208054,37,rpm,375,459,36.8,36.8,3925,496,0,564,0.547,1,COM7
2,208075,37,rpm,323,459,36.8,36.8,3925,496,0,564,0.547,1,COM7
2,208096,37,rpm,-82,459,36.8,36.8,3925,496,0,564,0.548,1,COM7
2,208116,37,rpm,-184,459,36.8,36.8,3925,496,0,565,0.548,1,COM7
2,208137,37,rpm,130,459,36.8,36.8,3925,496,0,565,0.548,1,COM7
2,208158,37,rpm,635,459,36.8,36.8,3925,496,0,565,0.548,1,COM7
2,208179,37,rpm,724,459,36.8,36.8,3925,496,0,565,0.548,1,COM7
2,208199,37,rpm,839,459,36.8,36.8,3925,496,0,565,0.548,1,COM7
2,208220,37,rpm,834,459,36.8,36.8,3925,496,0,565,0.548,1,COM7
2,208241,37,rpm,681,459,36.8,36.8,3925,496,0,566,0.549,1,COM7
2,208262,37,rpm,604,459,36.8,36.8,3925,496,0,566,0.549,1,COM7
2,208283,37,rpm,548,459,36.8,36.8,3925,496,0,566,0.549,1,COM7
2,208303,37,rpm,483,459,36.8,36.8,3925,496,0,566,0.549,1,COM7
2,208324,37,rpm,358,459,36.8,36.8,3925,496,0,566,0.549,1,COM7
2,208345,37,rpm,166,459,36.8,36.8,3925,496,0,566,0.549,1,COM7
2,208365,37,rpm,-378,459,36.8,36.8,3925,496,0,567,0.55,1,COM7
2,208386,37,rpm,80,459,36.8,36.8,3925,496,0,567,0.55,1,COM7
2,208407,37,rpm,460,459,36.8,36.8,3925,496,0,567,0.55,1,COM7
2,208428,37,rpm,659,459,36.8,36.8,3925,496,0,567,0.55,1,COM7
2,208448,37,rpm,876,459,36.8,36.8,3925,496,0,567,0.55,1,COM7
2,208469,37,rpm,874,459,36.8,36.8,3925,496,0,567,0.55,1,COM7
2,208490,37,rpm,651,459,36.8,36.8,3925,496,0,568,0.55,1,COM7
2,208510,37,rpm,657,459,36.8,36.8,3925,496,0,568,0.551,1,COM7
2,208531,37,rpm,628,459,36.8,36.8,3925,496,0,568,0.551,1,COM7
2,208552,37,rpm,442,459,36.8,36.8,3925,496,0,568,0.551,1,COM7
2,208573,37,rpm,393,459,36.8,36.8,3925,496,0,568,0.551,1,COM7
2,208593,37,rpm,291,459,36.8,36.8,3925,496,0,568,0.551,1,COM7
2,208614,37,rpm,-343,459,36.8,36.8,3925,496,0,568,0.551,1,COM7
2,208635,37,rpm,0,459,36.8,36.8,3925,496,0,569,0.552,1,COM7
2,208655,37,rpm,280,459,36.8,36.8,3925,496,0,569,0.552,1,COM7
2,208676,37,rpm,662,459,36.8,36.8,3925,496,0,569,0.552,1,COM7
2,208697,37,rpm,723,459,36.8,36.8,3925,496,0,569,0.552,1,COM7
2,208718,37,rpm,916,459,36.8,36.8,3925,496,0,569,0.552,1,COM7
2,208738,37,rpm,776,459,36.8,36.8,3925,496,0,569,0.552,1,COM7
2,208759,37,rpm,624,459,36.8,36.8,3925,496,0,570,0.552,1,COM7
2,208780,37,rpm,601,459,36.8,36.8,3925,496,0,570,0.553,1,COM7
2,208801,37,rpm,556,459,36.8,36.8,3925,496,0,570,0.553,1,COM7
2,208821,37,rpm,432,459,36.8,36.8,3925,496,0,570,0.553,1,COM7
2,208842,37,rpm,308,459,36.8,36.8,3925,496,0,570,0.553,1,COM7
2,208863,37,rpm,-85,459,36.8,36.8,3925,496,0,570,0.553,1,COM7
2,208883,37,rpm,-192,459,36.8,36.8,3925,496,0,571,0.553,1,COM7
2,208904,37,rpm,137,459,36.8,36.8,3925,496,0,571,0.554,1,COM7
2,208925,37,rpm,621,459,36.8,36.8,3925,496,0,571,0.554,1,COM7
2,208946,37,rpm,833,459,36.8,36.8,3925,496,0,571,0.554,1,COM7
2,208967,37,rpm,894,459,36.8,36.8,3925,496,0,571,0.554,1,COM7
2,208987,37,rpm,739,459,36.8,36.8,3925,496,0,571,0.554,1,COM7
2,209008,37,rpm,728,459,36.8,36.8,3925,496,0,571,0.554,1,COM7
2,209029,37,rpm,662,459,36.8,36.8,3925,496,0,572,0.554,1,COM7
2,209050,37,rpm,531,459,36.8,36.8,3925,496,0,572,0.555,1,COM7
2,209070,37,rpm,386,459,36.8,36.8,3925,496,0,572,0.555,1,COM7
2,209091,37,rpm,319,459,36.8,36.8,3925,496,0,572,0.555,1,COM7
2,209112,37,rpm,-41,459,36.8,36.8,3925,496,0,572,0.555,1,COM7
2,209132,37,rpm,-242,459,36.8,36.8,3925,496,0,572,0.555,1,COM7
2,209153,37,rpm,129,459,36.8,36.8,3925,496,0,573,0.555,1,COM7
2,209174,37,rpm,668,459,36.8,36.8,3925,496,0,573,0.556,1,COM7
2,209195,37,rpm,676,459,36.8,36.8,3925,496,0,573,0.556,1,COM7
2,209215,37,rpm,854,459,36.8,36.8,3925,496,0,573,0.556,1,COM7
2,209236,37,rpm,876,459,36.8,36.8,3925,496,0,573,0.556,1,COM7
2,209257,37,rpm,636,459,36.8,36.8,3925,496,0,573,0.556,1,COM7
2,209278,37,rpm,568,459,36.8,36.8,3925,496,0,574,0.556,1,COM7
2,209298,37,rpm,653,459,36.8,36.8,3925,496,0,574,0.556,1,COM7
2,209319,37,rpm,457,459,36.8,36.8,3925,496,0,574,0.557,1,COM7
2,209340,37,rpm,330,459,36.8,36.8,3925,496,0,574,0.557,1,COM7
2,209361,37,rpm,193,459,36.8,36.8,3925,496,0,574,0.557,1,COM7
2,209381,37,rpm,-355,459,36.8,36.8,3925,496,0,574,0.557,1,COM7
2,209402,37,rpm,58,459,36.8,36.8,3925,496,0,574,0.557,1,COM7
2,209423,37,rpm,443,459,36.8,36.8,3925,496,0,575,0.557,1,COM7
2,209443,37,rpm,711,459,36.8,36.8,3925,496,0,575,0.558,1,COM7
2,209464,37,rpm,841,459,36.8,36.8,3925,496,0,575,0.558,1,COM7
2,209485,37,rpm,795,459,36.8,36.8,3925,496,0,575,0.558,1,COM7
2,209506,37,rpm,756,459,36.8,36.8,3925,496,0,575,0.558,1,COM7
2,209526,37,rpm,647,459,36.8,36.8,3925,496,0,575,0.558,1,COM7
2,209547,37,rpm,585,459,36.8,36.8,3925,496,0,576,0.558,1,COM7
2,209568,37,rpm,519,459,36.8,36.8,3925,496,0,576,0.558,1,COM7
2,209588,37,rpm,389,459,36.8,36.8,3925,496,0,576,0.559,1,COM7
2,209609,37,rpm,296,459,36.8,36.8,3925,496,0,576,0.559,1,COM7
2,209630,37,rpm,-277,459,36.8,36.8,3925,496,0,576,0.559,1,COM7
2,209651,37,rpm,-25,459,36.8,36.8,3925,496,0,576,0.559,1,COM7
2,209671,37,rpm,211,459,36.8,36.8,3925,496,0,577,0.559,1,COM7
2,209692,37,rpm,618,459,36.8,36.8,3925,496,0,577,0.559,1,COM7
2,209713,37,rpm,748,459,36.8,36.8,3925,496,0,577,0.56,1,COM7
2,209734,37,rpm,941,459,36.8,36.8,3925,496,0,577,0.56,1,COM7
2,209754,37,rpm,747,459,36.8,36.8,3925,496,0,577,0.56,1,COM7
2,209775,37,rpm,635,459,36.8,36.8,3925,496,0,577,0.56,1,COM7
2,209796,37,rpm,664,459,36.8,36.8,3925,496,0,577,0.56,1,COM7
2,209816,37,rpm,551,459,36.8,36.8,3925,496,0,578,0.56,1,COM7
2,209837,37,rpm,394,459,36.8,36.8,3925,496,0,578,0.56,1,COM7
2,209858,37,rpm,358,458,36.8,36.8,3925,496,0,578,0.561,1,COM7
2,209878,37,rpm,25,458,36.8,36.8,3925,496,0,578,0.561,1,COM7
2,209899,37,rpm,-286,458,36.8,36.8,3925,496,0,578,0.561,1,COM7
2,209920,37,rpm,99,458,36.8,36.8,3925,496,0,578,0.561,1,COM7
2,209941,37,rpm,627,458,36.8,36.8,3925,496,0,579,0.561,1,COM7
2,209961,37,rpm,639,458,36.8,36.8,3925,496,0,579,0.561,1,COM7
2,209982,37,rpm,802,458,36.8,36.8,3925,496,0,579,0.562,1,COM7
2,210003,37,rpm,928,458,36.8,36.8,3925,496,0,579,0.562,1,COM7
2,210023,37,rpm,668,458,36.8,36.8,3925,496,0,579,0.562,1,COM7
2,210044,37,rpm,567,458,36.8,36.8,3925,496,0,579,0.562,1,COM7
2,210065,37,rpm,611,458,36.8,36.8,3925,496,0,580,0.562,1,COM7
2,210086,37,rpm,510,458,36.8,36.8,3925,496,0,580,0.562,1,COM7
2,210106,37,rpm,347,458,36.8,36.8,3925,496,0,580,0.562,1,COM7
2,210127,37,rpm,250,458,36.8,36.8,3925,496,0,580,0.563,1,COM7
2,210148,37,rpm,-389,458,36.8,36.8,3925,496,0,580,0.563,1,COM7
2,210169,37,rpm,31,458,36.8,36.8,3925,496,0,580,0.563,1,COM7
2,210189,37,rpm,325,458,36.8,36.8,3925,496,0,580,0.563,1,COM7
2,210210,37,rpm,693,458,36.8,36.8,3925,496,0,581,0.563,1,COM7
2,210231,37,rpm,855,458,36.8,36.8,3925,496,0,581,0.563,1,COM7
2,210252,37,rpm,849,458,36.8,36.8,3925,496,0,581,0.564,1,COM7
2,210272,37,rpm,684,458,36.8,36.8,3925,496,0,581,0.564,1,COM7
2,210293,37,rpm,671,458,36.8,36.8,3925,496,0,581,0.564,1,COM7
2,210314,37,rpm,632,458,36.8,36.8,3925,496,0,581,0.564,1,COM7
2,210334,37,rpm,506,458,36.8,36.8,3925,496,0,582,0.564,1,COM7
2,210355,37,rpm,374,458,36.8,36.8,3925,496,0,582,0.564,1,COM7
2,210376,37,rpm,326,458,36.8,36.8,3925,496,0,582,0.564,1,COM7
2,210397,37,rpm,-258,458,36.8,36.8,3925,496,0,582,0.565,1,COM7
2,210417,37,rpm,-61,458,36.8,36.8,3925,496,0,582,0.565,1,COM7
2,210438,37,rpm,219,458,36.8,36.8,3925,496,0,582,0.565,1,COM7
2,210459,37,rpm,725,458,36.8,36.8,3925,496,0,583,0.565,1,COM7
2,210479,37,rpm,677,458,36.8,36.8,3925,496,0,583,0.565,1,COM7
2,210500,37,rpm,996,458,36.8,36.8,3925,496,0,583,0.565,1,COM7
2,210521,37,rpm,820,458,36.8,36.8,3925,496,0,583,0.566,1,COM7
2,210542,37,rpm,593,458,36.8,36.8,3925,496,0,583,0.566,1,COM7
2,210562,37,rpm,654,458,36.8,36.8,3925,496,0,583,0.566,1,COM7
2,210583,37,rpm,592,458,36.8,36.8,3925,496,0,584,0.566,1,COM7
2,210604,37,rpm,375,458,36.8,36.8,3925,496,0,584,0.566,1,COM7
2,210625,37,rpm,289,458,36.8,36.8,3925,496,0,584,0.566,1,COM7
2,210645,37,rpm,-152,458,36.8,36.8,3925,496,0,584,0.566,1,COM7
2,210666,37,rpm,-132,458,36.8,36.8,3925,496,0,584,0.567,1,COM7
2,210687,37,rpm,148,458,36.8,36.8,3925,496,0,584,0.567,1,COM7
2,210707,37,rpm,677,458,36.8,36.8,3925,496,0,584,0.567,1,COM7
2,210728,37,rpm,773,458,36.8,36.8,3925,496,0,585,0.567,1,COM7
2,210749,37,rpm,838,458,36.8,36.8,3925,496,0,585,0.567,1,COM7
2,210770,37,rpm,769,458,36.8,36.8,3925,496,0,585,0.567,1,COM7
2,210790,37,rpm,695,458,36.8,36.8,3925,496,0,585,0.568,1,COM7
2,210811,37,rpm,618,458,36.8,36.8,3925,496,0,585,0.568,1,COM7
2,210832,37,rpm,533,458,36.8,36.8,3925,496,0,585,0.568,1,COM7
2,210853,37,rpm,463,458,36.8,36.8,3925,496,0,586,0.568,1,COM7
2,210873,37,rpm,340,458,36.8,36.8,3925,496,0,586,0.568,1,COM7
2,210894,37,rpm,99,458,36.8,36.8,3925,496,0,586,0.568,1,COM7
2,210915,37,rpm,-307,458,36.8,36.8,3925,496,0,586,0.568,1,COM7
2,210936,37,rpm,85,458,36.8,36.8,3925,496,0,586,0.569,1,COM7
2,210956,37,rpm,535,458,36.8,36.8,3925,496,0,586,0.569,1,COM7
2,210977,37,rpm,646,458,36.8,36.8,3925,496,0,587,0.569,1,COM7
2,210998,37,rpm,851,458,36.8,36.8,3925,496,0,587,0.569,1,COM7
2,211018,37,rpm,877,458,36.8,36.8,3925,496,0,587,0.569,1,COM7
2,211039,37,rpm,640,458,36.8,36.8,3925,496,0,587,0.569,1,COM7
2,211060,37,rpm,613,458,36.8,36.8,3925,496,0,587,0.57,1,COM7
2,211081,37,rpm,631,458,36.8,36.8,3925,496,0,587,0.57,1,COM7
2,211101,37,rpm,503,458,36.8,36.8,3925,496,0,587,0.57,1,COM7
2,211122,37,rpm,323,458,36.8,36.8,3925,496,0,588,0.57,1,COM7
2,211143,37,rpm,286,458,36.8,36.8,3925,496,0,588,0.57,1,COM7
2,211164,37,rpm,-362,458,36.8,36.8,3925,496,0,588,0.57,1,COM7
2,211184,37,rpm,20,458,36.8,36.8,3925,496,0,588,0.57,1,COM7
2,211205,37,rpm,285,458,36.8,36.8,3925,496,0,588,0.571,1,COM7
2,211226,37,rpm,749,458,36.8,36.8,3925,496,0,588,0.571,1,COM7
2,211247,37,rpm,685,458,36.8,36.8,3925,496,0,589,0.571,1,COM7
2,211267,37,rpm,821,458,36.8,36.8,3925,496,0,589,0.571,1,COM7
2,211288,37,rpm,880,458,36.8,36.8,3925,496,0,589,0.571,1,COM7
2,211309,37,rpm,598,458,36.8,36.8,3925,496,0,589,0.571,1,COM7
2,211330,37,rpm,592,458,36.8,36.8,3925,496,0,589,0.572,1,COM7
2,211350,37,rpm,585,458,36.8,36.8,3925,496,0,589,0.572,1,COM7
2,211371,37,rpm,402,458,36.8,36.8,3925,496,0,590,0.572,1,COM7
2,211392,37,rpm,323,458,36.8,36.8,3925,496,0,590,0.572,1,COM7
2,211412,37,rpm,-76,458,36.8,36.8,3925,496,0,590,0.572,1,COM7
2,211433,37,rpm,-223,458,36.8,36.8,3925,496,0,590,0.572,1,COM7
2,211454,37,rpm,149,458,36.8,36.8,3925,496,0,590,0.572,1,COM7
2,211475,37,rpm,605,458,36.8,36.8,3925,496,0,590,0.573,1,COM7
2,211495,37,rpm,714,458,36.8,36.8,3925,496,0,590,0.573,1,COM7
2,211516,37,rpm,952,458,36.8,36.8,3925,496,0,591,0.573,1,COM7
2,211537,37,rpm,768,458,36.8,36.8,3925,496,0,591,0.573,1,COM7
2,211558,37,rpm,617,458,36.8,36.8,3925,496,0,591,0.573,1,COM7
2,211578,37,rpm,699,458,36.8,36.8,3925,496,0,591,0.573,1,COM7
2,211599,37,rpm,570,458,36.8,36.8,3925,496,0,591,0.574,1,COM7
2,211620,37,rpm,445,458,36.8,36.8,3925,496,0,591,0.574,1,COM7
2,211641,37,rpm,342,458,36.8,36.8,3925,496,0,592,0.574,1,COM7
2,211661,37,rpm,211,458,36.8,36.8,3925,496,0,592,0.574,1,COM7
2,211682,37,rpm,-388,458,36.8,36.8,3925,496,0,592,0.574,1,COM7
2,211703,37,rpm,60,458,36.8,36.8,3925,496,0,592,0.574,1,COM7
2,211724,37,rpm,451,458,36.8,36.8,3925,496,0,592,0.574,1,COM7
2,211744,37,rpm,707,458,36.8,36.8,3925,496,0,592,0.575,1,COM7
2,211765,37,rpm,759,458,36.8,36.8,3925,496,0,593,0.575,1,COM7
2,211786,37,rpm,966,458,36.8,36.8,3925,496,0,593,0.575,1,COM7
2,211807,37,rpm,744,458,36.8,36.8,3925,496,0,593,0.575,1,COM7
2,211827,37,rpm,521,458,36.8,36.8,3925,496,0,593,0.575,1,COM7
2,211848,37,rpm,616,458,36.8,36.8,3925,496,0,593,0.575,1,COM7
2,211869,37,rpm,547,458,36.8,36.8,3925,496,0,593,0.576,1,COM7
2,211890,37,rpm,352,458,36.8,36.8,3925,496,0,593,0.576,1,COM7
2,211910,37,rpm,273,458,36.8,36.8,3925,496,0,594,0.576,1,COM7
2,211931,37,rpm,-353,458,36.8,36.8,3925,496,0,594,0.576,1,COM7
2,211952,37,rpm,28,458,36.8,36.8,3925,496,0,594,0.576,1,COM7
2,211973,37,rpm,277,458,36.8,36.8,3925,496,0,594,0.576,1,COM7
2,211993,37,rpm,739,458,36.8,36.8,3925,496,0,594,0.576,1,COM7
2,212014,37,rpm,829,458,36.8,36.8,3925,496,0,594,0.577,1,COM7
2,212035,37,rpm,862,458,36.8,36.8,3925,496,0,595,0.577,1,COM7
2,212056,37,rpm,716,458,36.8,36.8,3925,496,0,595,0.577,1,COM7
2,212076,37,rpm,707,458,36.8,36.8,3925,496,0,595,0.577,1,COM7
2,212097,37,rpm,647,458,36.8,36.8,3925,496,0,595,0.577,1,COM7
2,212118,37,rpm,480,458,36.8,36.8,3925,496,0,595,0.577,1,COM7
2,212138,37,rpm,378,458,36.8,36.8,3925,496,0,595,0.578,1,COM7
2,212159,37,rpm,287,458,36.8,36.8,3925,496,0,596,0.578,1,COM7
2,212180,37,rpm,-326,458,36.8,36.8,3925,496,0,596,0.578,1,COM7
2,212201,37,rpm,2,458,36.8,36.8,3925,496,0,596,0.578,1,COM7
2,212221,37,rpm,289,458,36.8,36.8,3925,496,0,596,0.578,1,COM7
2,212242,37,rpm,694,458,36.8,36.8,3925,496,0,596,0.578,1,COM7
2,212263,37,rpm,688,458,36.8,36.8,3925,496,0,596,0.578,1,COM7
2,212284,37,rpm,944,458,36.8,36.8,3925,496,0,597,0.579,1,COM7
2,212304,37,rpm,790,458,36.8,36.8,3925,496,0,597,0.579,1,COM7
2,212325,37,rpm,625,458,36.8,36.8,3925,496,0,597,0.579,1,COM7
2,212346,37,rpm,563,458,36.8,36.8,3925,496,0,597,0.579,1,COM7
2,212366,37,rpm,594,458,36.8,36.8,3925,496,0,597,0.579,1,COM7
2,212387,37,rpm,407,458,36.8,36.8,3925,496,0,597,0.579,1,COM7
2,212408,37,rpm,286,458,36.8,36.8,3925,496,0,597,0.58,1,COM7
2,212429,37,rpm,-16,458,36.8,36.8,3925,496,0,598,0.58,1,COM7
2,212449,37,rpm,-223,458,36.8,36.8,3925,496,0,598,0.58,1,COM7
2,212470,37,rpm,104,458,36.8,36.8,3925,496,0,598,0.58,1,COM7
2,212491,37,rpm,606,458,36.8,36.8,3925,496,0,598,0.58,1,COM7
2,212512,37,rpm,785,458,36.8,36.8,3925,496,0,598,0.58,1,COM7
2,212532,37,rpm,777,458,36.8,36.8,3925,496,0,598,0.58,1,COM7
2,212553,37,rpm,782,458,36.8,36.8,3925,496,0,599,0.581,1,COM7
2,212574,37,rpm,746,458,36.8,36.8,3925,496,0,599,0.581,1,COM7
2,212594,37,rpm,598,458,36.8,36.8,3925,496,0,599,0.581,1,COM7
2,212615,37,rpm,560,458,36.8,36.8,3925,496,0,599,0.581,1,COM7
2,212636,37,rpm,502,458,36.8,36.8,3925,496,0,599,0.581,1,COM7
2,212657,37,rpm,342,458,36.8,36.8,3925,496,0,599,0.581,1,COM7
2,212677,37,rpm,229,458,36.8,36.8,3925,496,0,600,0.582,1,COM7
2,212698,37,rpm,-378,458,36.8,36.8,3925,496,0,600,0.582,1,COM7
2,212719,37,rpm,56,458,36.8,36.8,3925,496,0,600,0.582,1,COM7
2,212740,37,rpm,391,458,36.8,36.8,3925,496,0,600,0.582,1,COM7
2,212760,37,rpm,705,458,36.8,36.8,3925,496,0,600,0.582,1,COM7
2,212781,37,rpm,781,458,36.8,36.8,3925,496,0,600,0.582,1,COM7
2,212802,37,rpm,926,458,36.8,36.8,3925,496,0,600,0.582,1,COM7
2,212823,37,rpm,730,458,36.8,36.8,3925,496,0,601,0.583,1,COM7
2,212843,37,rpm,590,458,36.8,36.8,3925,496,0,601,0.583,1,COM7
2,212864,37,rpm,633,458,36.8,36.8,3925,496,0,601,0.583,1,COM7
2,212885,37,rpm,532,458,36.8,36.8,3925,496,0,601,0.583,1,COM7
2,212906,37,rpm,361,458,36.8,36.8,3925,496,0,601,0.583,1,COM7
2,212926,37,rpm,318,458,36.8,36.8,3925,496,0,601,0.583,1,COM7
2,212947,37,rpm,-253,458,36.8,36.8,3925,496,0,602,0.584,1,COM7
2,212968,37,rpm,-69,458,36.8,36.8,3925,496,0,602,0.584,1,COM7
2,212989,37,rpm,193,458,36.8,36.8,3925,496,0,602,0.584,1,COM7
2,213009,37,rpm,708,458,36.8,36.8,3925,496,0,602,0.584,1,COM7
2,213030,37,rpm,773,458,36.8,36.8,3925,496,0,602,0.584,1,COM7
2,213051,37,rpm,741,458,36.8,36.8,3925,496,0,602,0.584,1,COM7
2,213071,37,rpm,851,458,36.8,36.8,3925,496,0,603,0.584,1,COM7
2,213092,37,rpm,722,458,36.8,36.8,3925,496,0,603,0.585,1,COM7
2,213113,37,rpm,534,458,36.8,36.8,3925,496,0,603,0.585,1,COM7
2,213134,37,rpm,579,458,36.8,36.8,3925,496,0,603,0.585,1,COM7
2,213154,37,rpm,473,458,36.8,36.8,3925,496,0,603,0.585,1,COM7
2,213175,37,rpm,300,458,36.8,36.8,3925,496,0,603,0.585,1,COM7
2,213196,37,rpm,106,458,36.8,36.8,3925,496,0,603,0.585,1,COM7
2,213216,37,rpm,-338,459,36.8,36.8,3925,496,0,604,0.586,1,COM7
2,213237,37,rpm,96,459,36.8,36.8,3925,496,0,604,0.586,1,COM7
2,213258,37,rpm,500,459,36.8,36.8,3925,496,0,604,0.586,1,COM7
2,213279,37,rpm,772,459,36.8,36.8,3925,496,0,604,0.586,1,COM7
2,213299,37,rpm,870,459,36.8,36.8,3925,496,0,604,0.586,1,COM7
2,213320,37,rpm,763,459,36.8,36.8,3925,496,0,604,0.586,1,COM7
2,213341,37,rpm,696,459,36.8,36.8,3925,496,0,605,0.586,1,COM7
2,213362,37,rpm,668,459,36.8,36.8,3925,496,0,605,0.587,1,COM7
2,213382,37,rpm,591,459,36.8,36.8,3925,496,0,605,0.587,1,COM7
2,213403,37,rpm,450,459,36.8,36.8,3925,496,0,605,0.587,1,COM7
2,213424,37,rpm,357,459,36.8,36.8,3925,496,0,605,0.587,1,COM7
2,213445,37,rpm,244,459,36.8,36.8,3925,496,0,605,0.587,1,COM7
2,213465,37,rpm,-397,459,36.8,36.8,3925,496,0,606,0.587,1,COM7
2,213486,37,rpm,52,459,36.8,36.8,3925,496,0,606,0.588,1,COM7
2,213507,37,rpm,423,459,36.8,36.8,3925,496,0,606,0.588,1,COM7
2,213527,37,rpm,725,459,36.8,36.8,3925,496,0,606,0.588,1,COM7
2,213548,37,rpm,809,459,36.8,36.8,3925,496,0,606,0.588,1,COM7
2,213569,37,rpm,895,459,36.8,36.8,3925,496,0,606,0.588,1,COM7
2,213590,37,rpm,774,459,36.8,36.8,3925,496,0,606,0.588,1,COM7
2,213610,37,rpm,604,459,36.8,36.8,3925,496,0,607,0.588,1,COM7
2,213631,37,rpm,602,459,36.8,36.8,3925,496,0,607,0.589,1,COM7
2,213652,37,rpm,497,459,36.8,36.8,3925,496,0,607,0.589,1,COM7
2,213673,37,rpm,358,459,36.8,36.8,3925,496,0,607,0.589,1,COM7
2,213693,37,rpm,232,459,36.8,36.8,3925,496,0,607,0.589,1,COM7
2,213714,37,rpm,-347,459,36.8,36.8,3925,496,0,607,0.589,1,COM7
2,213735,37,rpm,46,459,36.8,36.8,3925,496,0,608,0.589,1,COM7
2,213755,37,rpm,296,459,36.8,36.8,3925,496,0,608,0.59,1,COM7
2,213776,37,rpm,723,459,36.8,36.8,3925,496,0,608,0.59,1,COM7
2,213797,37,rpm,882,459,36.8,36.8,3925,496,0,608,0.59,1,COM7
2,213817,37,rpm,726,459,36.8,36.8,3925,496,0,608,0.59,1,COM7
2,213838,37,rpm,753,459,36.8,36.8,3925,496,0,608,0.59,1,COM7
2,213859,37,rpm,719,459,36.8,36.8,3925,496,0,609,0.59,1,COM7
2,213880,37,rpm,570,459,36.8,36.8,3925,496,0,609,0.59,1,COM7
2,213900,37,rpm,509,459,36.8,36.8,3925,496,0,609,0.591,1,COM7
2,213921,37,rpm,424,459,36.8,36.8,3925,496,0,609,0.591,1,COM7
2,213942,37,rpm,310,459,36.8,36.8,3925,496,0,609,0.591,1,COM7
2,213963,37,rpm,-231,459,36.8,36.8,3925,496,0,609,0.591,1,COM7
2,213983,37,rpm,-81,459,36.8,36.8,3925,496,0,609,0.591,1,COM7
2,214004,37,rpm,203,459,36.8,36.8,3925,496,0,610,0.591,1,COM7
2,214025,37,rpm,652,459,36.8,36.8,3925,496,0,610,0.592,1,COM7
2,214046,37,rpm,775,459,36.8,36.8,3925,496,0,610,0.592,1,COM7
2,214066,37,rpm,791,459,36.8,36.8,3925,496,0,610,0.592,1,COM7
2,214087,37,rpm,863,459,36.8,36.8,3925,496,0,610,0.592,1,COM7
2,214108,37,rpm,626,459,36.8,36.8,3925,496,0,610,0.592,1,COM7
2,214129,37,rpm,611,459,36.8,36.8,3925,496,0,611,0.592,1,COM7
2,214149,37,rpm,581,459,36.8,36.8,3925,496,0,611,0.592,1,COM7
2,214170,37,rpm,439,459,36.8,36.8,3925,496,0,611,0.593,1,COM7
2,214191,37,rpm,332,459,36.8,36.8,3925,496,0,611,0.593,1,COM7
2,214211,37,rpm,154,459,36.8,36.8,3925,496,0,611,0.593,1,COM7
2,214232,37,rpm,-334,459,36.8,36.8,3925,496,0,611,0.593,1,COM7
2,214253,37,rpm,66,459,36.8,36.8,3925,496,0,612,0.593,1,COM7
2,214274,37,rpm,480,459,36.8,36.8,3925,496,0,612,0.593,1,COM7
2,214294,37,rpm,735,459,36.8,36.8,3925,496,0,612,0.594,1,COM7
2,214315,37,rpm,777,459,36.8,36.8,3925,496,0,612,0.594,1,COM7
2,214336,37,rpm,831,459,36.8,36.8,3925,496,0,612,0.594,1,COM7
2,214356,37,rpm,790,459,36.8,36.8,3925,496,0,612,0.594,1,COM7
2,214377,37,rpm,656,459,36.8,36.8,3925,496,0,612,0.594,1,COM7
2,214398,37,rpm,532,459,36.8,36.8,3925,496,0,613,0.594,1,COM7
2,214419,37,rpm,536,459,36.8,36.8,3925,496,0,613,0.594,1,COM7
2,214439,37,rpm,390,459,36.8,36.8,3925,496,0,613,0.595,1,COM7
2,214460,37,rpm,247,459,36.8,36.8,3925,496,0,613,0.595,1,COM7
2,214481,37,rpm,-349,459,36.8,36.8,3925,496,0,613,0.595,1,COM7
2,214501,37,rpm,25,459,36.8,36.8,3925,496,0,613,0.595,1,COM7
2,214522,37,rpm,260,459,36.8,36.8,3925,496,0,614,0.595,1,COM7
2,214543,37,rpm,681,459,36.8,36.8,3925,496,0,614,0.595,1,COM7
2,214564,37,rpm,855,459,36.8,36.8,3925,496,0,614,0.596,1,COM7
2,214584,37,rpm,830,459,36.8,36.8,3925,496,0,614,0.596,1,COM7
2,214605,37,rpm,696,459,36.8,36.8,3925,496,0,614,0.596,1,COM7
2,214626,37,rpm,713,459,36.8,36.8,3925,496,0,614,0.596,1,COM7
2,214647,37,rpm,600,459,36.8,36.8,3925,496,0,615,0.596,1,COM7
2,214667,37,rpm,535,459,36.8,36.8,3925,496,0,615,0.596,1,COM7
2,214688,37,rpm,419,459,36.8,36.8,3925,496,0,615,0.596,1,COM7
2,214709,37,rpm,326,459,36.8,36.8,3925,496,0,615,0.597,1,COM7
2,214729,37,rpm,-44,459,36.8,36.8,3925,496,0,615,0.597,1,COM7
2,214750,37,rpm,-253,459,36.8,36.8,3925,496,0,615,0.597,1,COM7
2,214771,37,rpm,113,459,36.8,36.8,3925,496,0,616,0.597,1,COM7
2,214792,37,rpm,611,459,36.8,36.8,3925,496,0,616,0.597,1,COM7
2,214812,37,rpm,711,459,36.8,36.8,3925,496,0,616,0.597,1,COM7
2,214833,37,rpm,844,459,36.8,36.8,3925,496,0,616,0.598,1,COM7
2,214854,37,rpm,837,459,36.8,36.8,3925,496,0,616,0.598,1,COM7
2,214875,37,rpm,691,459,36.8,36.8,3925,496,0,616,0.598,1,COM7
2,214895,37,rpm,543,459,36.8,36.8,3925,496,0,616,0.598,1,COM7
2,214916,37,rpm,610,459,36.8,36.8,3925,496,0,617,0.598,1,COM7
2,214937,37,rpm,487,459,36.8,36.8,3925,496,0,617,0.598,1,COM7
2,214958,37,rpm,325,459,36.8,36.8,3925,496,0,617,0.598,1,COM7
2,214978,37,rpm,170,459,36.8,36.8,3925,496,0,617,0.599,1,COM7
2,214999,37,rpm,-361,459,36.8,36.8,3925,496,0,617,0.599,1,COM7
2,215020,37,rpm,84,459,36.8,36.8,3925,496,0,617,0.599,1,COM7
2,215040,37,rpm,456,459,36.8,36.8,3925,496,0,618,0.599,1,COM7
2,215061,37,rpm,775,459,36.8,36.8,3925,496,0,618,0.599,1,COM7
2,215082,37,rpm,968,459,36.8,36.8,3925,496,0,618,0.599,1,COM7
2,215102,37,rpm,692,459,36.8,36.8,3925,496,0,618,0.599,1,COM7
2,215123,37,rpm,776,459,36.8,36.8,3925,496,0,618,0.6,1,COM7
2,215144,37,rpm,710,459,36.8,36.8,3925,496,0,618,0.6,1,COM7
2,215165,37,rpm,538,459,36.8,36.8,3925,496,0,619,0.6,1,COM7
2,215185,37,rpm,485,459,36.8,36.8,3925,496,0,619,0.6,1,COM7
2,215206,37,rpm,370,459,36.8,36.8,3925,496,0,619,0.6,1,COM7
2,215227,37,rpm,186,459,36.8,36.8,3925,496,0,619,0.6,1,COM7
2,215247,37,rpm,-378,459,36.8,36.8,3925,496,0,619,0.601,1,COM7
2,215268,37,rpm,67,459,36.8,36.8,3925,496,0,619,0.601,1,COM7
2,215289,37,rpm,440,459,36.8,36.8,3925,496,0,619,0.601,1,COM7
2,215309,37,rpm,655,459,36.8,36.8,3925,496,0,620,0.601,1,COM7
2,215330,37,rpm,877,459,36.8,36.8,3925,496,0,620,0.601,1,COM7
2,215351,37,rpm,858,459,36.8,36.8,3925,496,0,620,0.601,1,COM7
2,215372,37,rpm,681,459,36.8,36.8,3925,496,0,620,0.602,1,COM7
2,215392,37,rpm,662,459,36.8,36.8,3925,496,0,620,0.602,1,COM7
2,215413,37,rpm,588,459,36.8,36.8,3925,496,0,620,0.602,1,COM7
2,215434,37,rpm,544,459,36.8,36.8,3925,496,0,621,0.602,1,COM7
2,215455,37,rpm,374,459,36.8,36.8,3925,496,0,621,0.602,1,COM7
2,215475,37,rpm,255,459,36.8,36.8,3925,496,0,621,0.602,1,COM7
2,215496,37,rpm,-286,459,36.8,36.8,3925,496,0,621,0.602,1,COM7
2,215517,37,rpm,-12,459,36.8,36.8,3925,496,0,621,0.603,1,COM7
2,215538,37,rpm,210,459,36.8,36.8,3925,496,0,621,0.603,1,COM7
2,215558,37,rpm,729,459,36.8,36.8,3925,496,0,622,0.603,1,COM7
2,215579,37,rpm,773,459,36.8,36.8,3925,496,0,622,0.603,1,COM7
2,215600,37,rpm,755,459,36.8,36.8,3925,496,0,622,0.603,1,COM7
2,215620,37,rpm,801,459,36.8,36.8,3925,496,0,622,0.603,1,COM7
2,215641,37,rpm,691,459,36.8,36.8,3925,496,0,622,0.603,1,COM7
2,215662,37,rpm,610,459,36.8,36.8,3925,496,0,622,0.604,1,COM7
2,215683,37,rpm,533,459,36.8,36.8,3925,496,0,622,0.604,1,COM7
2,215703,37,rpm,438,459,36.8,36.8,3925,496,0,623,0.604,1,COM7
2,215724,37,rpm,337,459,36.8,36.8,3925,496,0,623,0.604,1,COM7
2,215745,37,rpm,20,459,36.8,36.8,3925,496,0,623,0.604,1,COM7
2,215765,37,rpm,-261,459,36.8,36.8,3925,496,0,623,0.604,1,COM7
2,215786,37,rpm,100,459,36.8,36.8,3925,496,0,623,0.605,1,COM7
2,215807,37,rpm,531,459,36.8,36.8,3925,496,0,623,0.605,1,COM7
2,215828,37,rpm,717,459,36.8,36.8,3925,496,0,624,0.605,1,COM7
2,215848,37,rpm,966,459,36.8,36.8,3925,496,0,624,0.605,1,COM7
2,215869,37,rpm,701,459,36.8,36.8,3925,496,0,624,0.605,1,COM7
2,215890,37,rpm,689,459,36.8,36.8,3925,496,0,624,0.605,1,COM7
2,215911,37,rpm,727,459,36.8,36.8,3925,496,0,624,0.606,1,COM7
2,215931,37,rpm,540,459,36.8,36.8,3925,496,0,624,0.606,1,COM7
2,215952,37,rpm,477,459,36.8,36.8,3925,496,0,625,0.606,1,COM7
2,215973,37,rpm,380,459,36.8,36.8,3925,496,0,625,0.606,1,COM7
2,215993,37,rpm,244,459,36.8,36.8,3925,496,0,625,0.606,1,COM7
2,216014,37,rpm,-384,459,36.8,36.8,3925,496,0,625,0.606,1,COM7
2,216035,37,rpm,47,459,36.8,36.8,3925,496,0,625,0.606,1,COM7
2,216056,37,rpm,372,459,36.8,36.8,3925,496,0,625,0.607,1,COM7
2,216076,37,rpm,673,459,36.8,36.8,3925,496,0,625,0.607,1,COM7
2,216097,37,rpm,772,459,36.8,36.8,3925,496,0,626,0.607,1,COM7
2,216118,37,rpm,883,459,36.8,36.8,3925,496,0,626,0.607,1,COM7
2,216138,37,rpm,771,459,36.8,36.8,3925,496,0,626,0.607,1,COM7
2,216159,37,rpm,653,459,36.8,36.8,3925,496,0,626,0.607,1,COM7
2,216180,37,rpm,575,459,36.8,36.8,3925,496,0,626,0.607,1,COM7
2,216201,37,rpm,561,459,36.8,36.8,3925,496,0,626,0.608,1,COM7
2,216221,37,rpm,401,459,36.8,36.8,3925,496,0,627,0.608,1,COM7
2,216242,37,rpm,276,459,36.8,36.8,3925,496,0,627,0.608,1,COM7
2,216263,37,rpm,-127,459,36.8,36.8,3925,496,0,627,0.608,1,COM7
2,216283,37,rpm,-165,459,36.8,36.8,3925,496,0,627,0.608,1,COM7
2,216304,37,rpm,143,459,36.8,36.8,3925,496,0,627,0.608,1,COM7
2,216325,37,rpm,624,459,36.8,36.8,3925,496,0,627,0.609,1,COM7
2,216346,37,rpm,829,459,36.8,36.8,3925,496,0,628,0.609,1,COM7
2,216366,37,rpm,868,459,36.8,36.8,3925,496,0,628,0.609,1,COM7
2,216387,37,rpm,713,459,36.8,36.8,3925,496,0,628,0.609,1,COM7
2,216408,37,rpm,725,459,36.8,36.8,3925,496,0,628,0.609,1,COM7
2,216428,37,rpm,646,459,36.8,36.8,3925,496,0,628,0.609,1,COM7
2,216449,37,rpm,479,459,36.8,36.8,3925,496,0,628,0.609,1,COM7
2,216470,37,rpm,499,459,36.8,36.8,3925,496,0,629,0.61,1,COM7
2,216491,37,rpm,359,459,36.8,36.8,3925,496,0,629,0.61,1,COM7
2,216511,37,rpm,52,459,36.8,36.8,3925,496,0,629,0.61,1,COM7
2,216532,37,rpm,-303,459,36.8,36.8,3925,496,0,629,0.61,1,COM7
2,216553,37,rpm,112,459,36.8,36.8,3925,496,0,629,0.61,1,COM7
2,216574,37,rpm,565,459,36.8,36.8,3925,496,0,629,0.61,1,COM7
2,216594,37,rpm,663,459,36.8,36.8,3925,496,0,629,0.611,1,COM7
2,216615,37,rpm,995,459,36.8,36.8,3925,496,0,630,0.611,1,COM7
2,216636,37,rpm,829,459,36.8,36.8,3925,496,0,630,0.611,1,COM7
2,216656,37,rpm,645,459,36.8,36.8,3925,496,0,630,0.611,1,COM7
2,216677,37,rpm,702,459,36.8,36.8,3925,496,0,630,0.611,1,COM7
2,216698,37,rpm,568,459,36.8,36.8,3925,496,0,630,0.611,1,COM7
2,216719,37,rpm,443,459,36.8,36.8,3925,496,0,630,0.611,1,COM7
2,216739,37,rpm,325,459,36.8,36.8,3925,496,0,631,0.612,1,COM7
2,216760,37,rpm,103,459,36.8,36.8,3925,496,0,631,0.612,1,COM7
2,216781,37,rpm,-322,459,36.8,36.8,3925,496,0,631,0.612,1,COM7
2,216801,37,rpm,76,459,36.8,36.8,3925,496,0,631,0.612,1,COM7
2,216822,37,rpm,497,459,36.8,36.8,3925,496,0,631,0.612,1,COM7
2,216843,37,rpm,776,459,36.8,36.8,3925,496,0,631,0.612,1,COM7
2,216864,37,rpm,815,459,36.8,36.8,3925,496,0,632,0.613,1,COM7
2,216884,37,rpm,808,459,36.8,36.8,3925,496,0,632,0.613,1,COM7
2,216905,37,rpm,740,459,36.8,36.8,3925,496,0,632,0.613,1,COM7
2,216926,37,rpm,651,459,36.8,36.8,3925,496,0,632,0.613,1,COM7
2,216947,37,rpm,552,459,36.8,36.8,3925,496,0,632,0.613,1,COM7
2,216967,37,rpm,508,459,36.8,36.8,3925,496,0,632,0.613,1,COM7
2,216988,37,rpm,384,459,36.8,36.8,3925,496,0,632,0.613,1,COM7
2,217009,37,rpm,253,459,36.8,36.8,3925,496,0,633,0.614,1,COM7
2,217029,37,rpm,-345,459,36.8,36.8,3925,496,0,633,0.614,1,COM7
2,217050,37,rpm,19,459,36.8,36.8,3925,496,0,633,0.614,1,COM7
2,217071,37,rpm,290,459,36.8,36.8,3925,496,0,633,0.614,1,COM7
2,217092,37,rpm,611,459,36.8,36.8,3925,496,0,633,0.614,1,COM7
2,217112,37,rpm,857,459,36.8,36.8,3925,496,0,633,0.614,1,COM7
2,217133,37,rpm,900,459,36.8,36.8,3925,496,0,634,0.615,1,COM7
2,217154,37,rpm,636,459,36.8,36.8,3925,496,0,634,0.615,1,COM7
2,217175,37,rpm,658,459,36.8,36.8,3925,496,0,634,0.615,1,COM7
2,217195,37,rpm,694,459,36.8,36.8,3925,496,0,634,0.615,1,COM7
2,217216,37,rpm,496,459,36.8,36.8,3925,496,0,634,0.615,1,COM7
2,217237,37,rpm,383,459,36.8,36.8,3925,496,0,634,0.615,1,COM7
2,217257,37,rpm,363,459,36.8,36.8,3925,496,0,635,0.615,1,COM7
2,217278,37,rpm,-70,459,36.8,36.8,3925,496,0,635,0.616,1,COM7
2,217299,37,rpm,-204,459,36.8,36.8,3925,496,0,635,0.616,1,COM7
2,217320,37,rpm,134,459,36.8,36.8,3925,496,0,635,0.616,1,COM7
2,217340,37,rpm,611,459,36.8,36.8,3925,496,0,635,0.616,1,COM7
2,217361,37,rpm,676,459,36.8,36.8,3925,496,0,635,0.616,1,COM7
2,217382,37,rpm,900,459,36.8,36.8,3925,496,0,635,0.616,1,COM7
2,217402,37,rpm,848,459,36.8,36.8,3925,496,0,636,0.617,1,COM7
2,217423,37,rpm,648,459,36.8,36.8,3925,496,0,636,0.617,1,COM7
2,217444,37,rpm,609,459,36.8,36.8,3925,496,0,636,0.617,1,COM7
2,217465,37,rpm,590,459,36.8,36.8,3925,496,0,636,0.617,1,COM7
2,217485,37,rpm,483,459,36.8,36.8,3925,496,0,636,0.617,1,COM7
2,217506,37,rpm,355,459,36.8,36.8,3925,496,0,636,0.617,1,COM7
2,217527,37,rpm,192,459,36.8,36.8,3925,496,0,637,0.617,1,COM7
2,217548,37,rpm,-404,459,36.8,36.8,3925,496,0,637,0.618,1,COM7
2,217568,37,rpm,67,459,36.8,36.8,3925,496,0,637,0.618,1,COM7
2,217589,37,rpm,408,459,36.8,36.8,3925,496,0,637,0.618,1,COM7
2,217610,37,rpm,725,459,36.8,36.8,3925,496,0,637,0.618,1,COM7
2,217631,37,rpm,862,459,36.8,36.8,3925,496,0,637,0.618,1,COM7
2,217651,37,rpm,774,459,36.8,36.8,3925,496,0,638,0.618,1,COM7
2,217672,37,rpm,704,459,36.8,36.8,3925,496,0,638,0.619,1,COM7
2,217693,37,rpm,692,459,36.8,36.8,3925,496,0,638,0.619,1,COM7
2,217713,37,rpm,590,459,36.8,36.8,3925,496,0,638,0.619,1,COM7
2,217734,37,rpm,460,459,36.8,36.8,3925,496,0,638,0.619,1,COM7
2,217755,37,rpm,430,459,36.8,36.8,3925,496,0,638,0.619,1,COM7
2,217776,37,rpm,283,459,36.8,36.8,3925,496,0,638,0.619,1,COM7
2,217796,37,rpm,-289,459,36.8,36.8,3925,496,0,639,0.619,1,COM7
2,217817,37,rpm,-36,459,36.8,36.8,3925,496,0,639,0.62,1,COM7
2,217838,37,rpm,256,459,36.8,36.8,3925,496,0,639,0.62,1,COM7
2,217859,37,rpm,589,459,36.8,36.8,3925,496,0,639,0.62,1,COM7
2,217879,37,rpm,771,459,36.8,36.8,3925,496,0,639,0.62,1,COM7
2,217900,37,rpm,966,459,36.8,36.8,3925,496,0,639,0.62,1,COM7
2,217921,37,rpm,705,459,36.8,36.8,3925,496,0,640,0.62,1,COM7
2,217941,37,rpm,623,459,36.8,36.8,3925,496,0,640,0.621,1,COM7
2,217962,37,rpm,653,459,36.8,36.8,3925,496,0,640,0.621,1,COM7
2,217983,37,rpm,568,459,36.8,36.8,3925,496,0,640,0.621,1,COM7
2,218004,37,rpm,397,459,36.8,36.8,3925,496,0,640,0.621,1,COM7
2,218024,37,rpm,326,459,36.8,36.8,3925,496,0,640,0.621,1,COM7
2,218045,37,rpm,-37,459,36.8,36.8,3925,496,0,641,0.621,1,COM7
2,218066,37,rpm,-231,459,36.8,36.8,3925,496,0,641,0.621,1,COM7
2,218086,37,rpm,111,459,36.8,36.8,3925,496,0,641,0.622,1,COM7
2,218107,37,rpm,616,459,36.8,36.8,3925,496,0,641,0.622,1,COM7
2,218128,37,rpm,821,459,36.8,36.8,3925,496,0,641,0.622,1,COM7
2,218149,37,rpm,907,459,36.8,36.8,3925,496,0,641,0.622,1,COM7
2,218169,37,rpm,749,459,36.8,36.8,3925,496,0,642,0.622,1,COM7
2,218190,37,rpm,755,459,36.8,36.8,3925,496,0,642,0.622,1,COM7
2,218211,37,rpm,626,459,36.8,36.8,3925,496,0,642,0.623,1,COM7
2,218231,37,rpm,526,459,36.8,36.8,3925,496,0,642,0.623,1,COM7
2,218252,37,rpm,449,459,36.8,36.8,3925,496,0,642,0.623,1,COM7
2,218273,37,rpm,321,459,36.8,36.8,3925,496,0,642,0.623,1,COM7
2,218294,37,rpm,45,459,36.8,36.8,3925,496,0,642,0.623,1,COM7
2,218314,37,rpm,-272,459,36.8,36.8,3925,496,0,643,0.623,1,COM7
2,218335,37,rpm,120,459,36.8,36.8,3925,496,0,643,0.623,1,COM7
2,218356,37,rpm,569,459,36.8,36.8,3925,496,0,643,0.624,1,COM7
2,218377,37,rpm,673,459,36.8,36.8,3925,496,0,643,0.624,1,COM7
2,218397,37,rpm,952,459,36.8,36.8,3925,496,0,643,0.624,1,COM7
2,218418,37,rpm,798,459,36.8,36.8,3925,496,0,643,0.624,1,COM7
2,218439,37,rpm,626,459,36.8,36.8,3925,496,0,644,0.624,1,COM7
2,218459,37,rpm,655,459,36.8,36.8,3925,496,0,644,0.624,1,COM7
2,218480,37,rpm,626,459,36.8,36.8,3925,496,0,644,0.625,1,COM7
2,218501,37,rpm,409,459,36.8,36.8,3925,496,0,644,0.625,1,COM7
2,218522,37,rpm,370,459,36.8,36.8,3925,496,0,644,0.625,1,COM7
2,218542,37,rpm,221,459,36.8,36.8,3925,496,0,644,0.625,1,COM7
2,218563,37,rpm,-371,459,36.8,36.8,3925,496,0,645,0.625,1,COM7
2,218584,37,rpm,47,459,36.8,36.8,3925,496,0,645,0.625,1,COM7
2,218604,37,rpm,431,459,36.8,36.8,3925,496,0,645,0.625,1,COM7
2,218625,37,rpm,673,459,36.8,36.8,3925,496,0,645,0.626,1,COM7
2,218646,37,rpm,726,459,36.8,36.8,3925,496,0,645,0.626,1,COM7
2,218667,37,rpm,910,459,36.8,36.8,3925,496,0,645,0.626,1,COM7
2,218687,37,rpm,743,459,36.8,36.8,3925,496,0,645,0.626,1,COM7
2,218708,37,rpm,602,459,36.8,36.8,3925,496,0,646,0.626,1,COM7
2,218729,37,rpm,592,459,36.8,36.8,3925,496,0,646,0.626,1,COM7
2,218749,37,rpm,537,459,36.8,36.8,3925,496,0,646,0.627,1,COM7
2,218770,37,rpm,402,459,36.8,36.8,3925,496,0,646,0.627,1,COM7
2,218791,37,rpm,303,459,36.8,36.8,3925,496,0,646,0.627,1,COM7
2,218812,37,rpm,-164,459,36.8,36.8,3925,496,0,646,0.627,1,COM7
2,218832,37,rpm,-98,459,36.8,36.8,3925,496,0,647,0.627,1,COM7
2,218853,37,rpm,149,459,36.8,36.8,3925,496,0,647,0.627,1,COM7
2,218874,37,rpm,608,459,36.8,36.8,3925,496,0,647,0.627,1,COM7
2,218895,37,rpm,822,459,36.8,36.8,3925,496,0,647,0.628,1,COM7
2,218915,37,rpm,836,459,36.8,36.8,3925,496,0,647,0.628,1,COM7
2,218936,37,rpm,761,459,36.8,36.8,3925,496,0,647,0.628,1,COM7
2,218957,37,rpm,691,459,36.8,36.8,3925,496,0,648,0.628,1,COM7
2,218977,37,rpm,641,459,36.8,36.8,3925,496,0,648,0.628,1,COM7
2,218998,37,rpm,543,459,36.8,36.8,3925,496,0,648,0.628,1,COM7
2,219019,37,rpm,458,459,36.8,36.8,3925,496,0,648,0.629,1,COM7
2,219040,37,rpm,353,459,36.8,36.8,3925,496,0,648,0.629,1,COM7
2,219060,37,rpm,116,459,36.8,36.8,3925,496,0,648,0.629,1,COM7
2,219081,37,rpm,-335,459,36.8,36.8,3925,496,0,648,0.629,1,COM7
2,219102,37,rpm,88,459,36.8,36.8,3925,496,0,649,0.629,1,COM7
2,219122,37,rpm,535,459,36.8,36.8,3925,496,0,649,0.629,1,COM7
2,219143,37,rpm,607,459,36.8,36.8,3925,496,0,649,0.629,1,COM7
2,219164,37,rpm,882,459,36.8,36.8,3925,496,0,649,0.63,1,COM7
2,219185,37,rpm,925,459,36.8,36.8,3925,496,0,649,0.63,1,COM7
2,219205,37,rpm,601,459,36.8,36.8,3925,496,0,649,0.63,1,COM7
2,219226,37,rpm,628,459,36.8,36.8,3925,496,0,650,0.63,1,COM7
2,219247,37,rpm,666,459,36.8,36.8,3925,496,0,650,0.63,1,COM7
2,219268,37,rpm,470,459,36.8,36.8,3925,496,0,650,0.63,1,COM7
2,219288,37,rpm,347,459,36.8,36.8,3925,496,0,650,0.631,1,COM7
2,219309,37,rpm,290,459,36.8,36.8,3925,496,0,650,0.631,1,COM7
2,219330,37,rpm,-393,459,36.8,36.8,3925,496,0,650,0.631,1,COM7
2,219350,37,rpm,13,459,36.8,36.8,3925,496,0,651,0.631,1,COM7
2,219371,37,rpm,282,459,36.8,36.8,3925,496,0,651,0.631,1,COM7
2,219392,37,rpm,687,459,36.8,36.8,3925,496,0,651,0.631,1,COM7
2,219413,37,rpm,762,459,36.8,36.8,3925,496,0,651,0.632,1,COM7
2,219433,37,rpm,892,459,36.8,36.8,3925,496,0,651,0.632,1,COM7
2,219454,37,rpm,742,459,36.8,36.8,3925,496,0,651,0.632,1,COM7
2,219475,37,rpm,654,459,36.8,36.8,3925,496,0,652,0.632,1,COM7
2,219496,37,rpm,579,459,36.8,36.8,3925,496,0,652,0.632,1,COM7
2,219516,37,rpm,538,459,36.8,36.8,3925,496,0,652,0.632,1,COM7
2,219537,37,rpm,430,459,36.8,36.8,3925,496,0,652,0.632,1,COM7
2,219558,37,rpm,311,459,36.8,36.8,3925,496,0,652,0.633,1,COM7
2,219579,37,rpm,-178,459,36.8,36.8,3925,496,0,652,0.633,1,COM7
2,219599,37,rpm,-109,459,36.8,36.8,3925,496,0,652,0.633,1,COM7
2,219620,37,rpm,181,459,36.8,36.8,3925,496,0,653,0.633,1,COM7
2,219641,37,rpm,648,459,36.8,36.8,3925,496,0,653,0.633,1,COM7
2,219662,37,rpm,767,459,36.8,36.8,3925,496,0,653,0.633,1,COM7
2,219682,37,rpm,971,459,36.8,36.8,3925,496,0,653,0.633,1,COM7
2,219703,37,rpm,759,459,36.8,36.8,3925,496,0,653,0.634,1,COM7
2,219724,37,rpm,609,459,36.8,36.8,3925,496,0,653,0.634,1,COM7
2,219744,37,rpm,696,459,36.8,36.8,3925,496,0,654,0.634,1,COM7
2,219765,37,rpm,567,459,36.8,36.8,3925,496,0,654,0.634,1,COM7
2,219786,37,rpm,357,459,36.8,36.8,3925,496,0,654,0.634,1,COM7
2,219807,37,rpm,321,459,36.8,36.8,3925,496,0,654,0.634,1,COM7
2,219827,37,rpm,-98,459,36.8,36.8,3925,496,0,654,0.635,1,COM7
2,219848,37,rpm,-161,459,36.8,36.8,3925,496,0,654,0.635,1,COM7
2,219869,37,rpm,129,459,36.8,36.8,3925,496,0,655,0.635,1,COM7
2,219889,37,rpm,676,459,36.8,36.8,3925,496,0,655,0.635,1,COM7
2,219910,37,rpm,676,459,36.8,36.8,3925,496,0,655,0.635,1,COM7
2,219931,37,rpm,816,459,36.8,36.8,3925,496,0,655,0.635,1,COM7
2,219952,37,rpm,909,459,36.8,36.8,3925,496,0,655,0.636,1,COM7
2,219972,37,rpm,655,459,36.8,36.8,3925,496,0,655,0.636,1,COM7
2,219993,37,rpm,571,459,36.8,36.8,3925,496,0,655,0.636,1,COM7
2,220014,37,rpm,585,459,36.8,36.8,3925,496,0,656,0.636,1,COM7
2,220035,37,rpm,485,459,36.8,36.8,3925,496,0,656,0.636,1,COM7
2,220055,37,rpm,336,459,36.8,36.8,3925,496,0,656,0.636,1,COM7
2,220076,37,rpm,147,459,36.8,36.8,3925,496,0,656,0.636,1,COM7
2,220097,37,rpm,-351,459,36.8,36.8,3925,496,0,656,0.637,1,COM7
2,220118,37,rpm,82,459,36.8,36.8,3925,496,0,656,0.637,1,COM7
2,220138,37,rpm,454,459,36.8,36.8,3925,496,0,657,0.637,1,COM7
2,220159,37,rpm,702,459,36.8,36.8,3925,496,0,657,0.637,1,COM7
2,220180,37,rpm,907,459,36.8,36.8,3925,496,0,657,0.637,1,COM7
2,220201,37,rpm,792,459,36.8,36.8,3925,496,0,657,0.637,1,COM7
2,220221,37,rpm,692,459,36.8,36.8,3925,496,0,657,0.638,1,COM7
2,220242,37,rpm,648,459,36.8,36.8,3925,496,0,657,0.638,1,COM7
2,220263,37,rpm,619,459,36.8,36.8,3925,496,0,658,0.638,1,COM7
2,220283,37,rpm,472,459,36.8,36.8,3925,496,0,658,0.638,1,COM7
2,220304,37,rpm,366,459,36.8,36.8,3925,496,0,658,0.638,1,COM7
2,220325,37,rpm,298,459,36.8,36.8,3925,496,0,658,0.638,1,COM7
2,220346,37,rpm,-312,459,36.8,36.8,3925,496,0,658,0.638,1,COM7
2,220366,37,rpm,-16,459,36.8,36.8,3925,496,0,658,0.639,1,COM7
2,220387,37,rpm,238,459,36.8,36.8,3925,496,0,658,0.639,1,COM7
2,220408,37,rpm,680,459,36.8,36.8,3925,496,0,659,0.639,1,COM7
2,220429,37,rpm,667,459,36.8,36.8,3925,496,0,659,0.639,1,COM7
2,220449,37,rpm,916,459,36.8,36.8,3925,496,0,659,0.639,1,COM7
2,220470,37,rpm,873,459,36.8,36.8,3925,496,0,659,0.639,1,COM7
2,220491,37,rpm,539,459,36.8,36.8,3925,496,0,659,0.64,1,COM7
2,220512,37,rpm,629,459,36.8,36.8,3925,496,0,659,0.64,1,COM7
2,220532,37,rpm,622,459,36.8,36.8,3925,496,0,660,0.64,1,COM7
2,220553,37,rpm,378,459,36.8,36.8,3925,496,0,660,0.64,1,COM7
2,220574,37,rpm,321,459,36.8,36.8,3925,496,0,660,0.64,1,COM7
2,220595,37,rpm,-11,459,36.8,36.8,3925,496,0,660,0.64,1,COM7
2,220615,37,rpm,-241,459,36.8,36.8,3925,496,0,660,0.64,1,COM7
2,220636,37,rpm,109,459,36.8,36.8,3925,496,0,660,0.641,1,COM7
2,220657,37,rpm,635,459,36.8,36.8,3925,496,0,661,0.641,1,COM7
2,220677,37,rpm,732,459,36.8,36.8,3925,496,0,661,0.641,1,COM7
2,220698,37,rpm,835,459,36.8,36.8,3925,496,0,661,0.641,1,COM7
2,220719,37,rpm,828,459,36.8,36.8,3925,496,0,661,0.641,1,COM7
2,220740,37,rpm,715,459,36.8,36.8,3925,496,0,661,0.641,1,COM7
2,220760,37,rpm,638,459,36.8,36.8,3925,496,0,661,0.642,1,COM7
2,220781,37,rpm,540,459,36.8,36.8,3925,496,0,662,0.642,1,COM7
2,220802,37,rpm,479,459,36.8,36.8,3925,496,0,662,0.642,1,COM7
2,220823,37,rpm,380,459,36.8,36.8,3925,496,0,662,0.642,1,COM7
2,220843,37,rpm,235,459,36.8,36.8,3925,496,0,662,0.642,1,COM7
2,220864,37,rpm,-408,459,36.8,36.8,3925,496,0,662,0.642,1,COM7
2,220885,37,rpm,58,459,36.8,36.8,3925,496,0,662,0.642,1,COM7
2,220906,37,rpm,352,459,36.8,36.8,3925,496,0,662,0.643,1,COM7
2,220926,37,rpm,648,459,36.8,36.8,3925,496,0,663,0.643,1,COM7
2,220947,37,rpm,860,459,36.8,36.8,3925,496,0,663,0.643,1,COM7
2,220968,37,rpm,891,459,36.8,36.8,3925,496,0,663,0.643,1,COM7
2,220989,37,rpm,729,459,36.8,36.8,3925,496,0,663,0.643,1,COM7
2,221009,37,rpm,557,459,36.8,36.8,3925,496,0,663,0.643,1,COM7
2,221030,37,rpm,658,459,36.8,36.8,3925,496,0,663,0.644,1,COM7
2,221051,37,rpm,549,459,36.8,36.8,3925,496,0,664,0.644,1,COM7
2,221072,37,rpm,354,459,36.8,36.8,3925,496,0,664,0.644,1,COM7
2,221092,37,rpm,291,459,36.8,36.8,3925,496,0,664,0.644,1,COM7
2,221113,37,rpm,-330,459,36.8,36.8,3925,496,0,664,0.644,1,COM7
2,221134,37,rpm,1,459,36.8,36.8,3925,496,0,664,0.644,1,COM7
2,221155,37,rpm,239,459,36.8,36.8,3925,496,0,664,0.644,1,COM7
2,221175,37,rpm,767,459,36.8,36.8,3925,496,0,665,0.645,1,COM7
2,221196,37,rpm,800,459,36.8,36.8,3925,496,0,665,0.645,1,COM7
2,221217,37,rpm,773,459,36.8,36.8,3925,496,0,665,0.645,1,COM7
2,221237,37,rpm,869,459,36.8,36.8,3925,496,0,665,0.645,1,COM7
2,221258,37,rpm,632,459,36.8,36.8,3925,496,0,665,0.645,1,COM7
2,221279,37,rpm,637,459,36.8,36.8,3925,496,0,665,0.645,1,COM7
2,221300,37,rpm,513,459,36.8,36.8,3925,496,0,665,0.646,1,COM7
2,221320,37,rpm,394,459,36.8,36.8,3925,496,0,666,0.646,1,COM7
2,221341,37,rpm,279,459,36.8,36.8,3925,496,0,666,0.646,1,COM7
2,221362,37,rpm,-284,459,36.8,36.8,3925,496,0,666,0.646,1,COM7
2,221383,37,rpm,-28,459,36.8,36.8,3925,496,0,666,0.646,1,COM7
2,221403,37,rpm,220,459,36.8,36.8,3925,496,0,666,0.646,1,COM7
2,221424,37,rpm,697,459,36.8,36.8,3925,496,0,666,0.646,1,COM7
2,221445,37,rpm,689,459,36.8,36.8,3925,496,0,667,0.647,1,COM7
2,221465,37,rpm,960,459,36.8,36.8,3925,496,0,667,0.647,1,COM7
2,221486,37,rpm,745,459,36.8,36.8,3925,496,0,667,0.647,1,COM7
2,221507,37,rpm,626,459,36.8,36.8,3925,496,0,667,0.647,1,COM7
2,221528,37,rpm,646,459,36.8,36.8,3925,496,0,667,0.647,1,COM7
2,221548,37,rpm,576,459,36.8,36.8,3925,496,0,667,0.647,1,COM7
2,221569,37,rpm,391,459,36.8,36.8,3925,496,0,668,0.648,1,COM7
2,221590,37,rpm,321,459,36.8,36.8,3925,496,0,668,0.648,1,COM7
2,221611,37,rpm,27,459,36.8,36.8,3925,496,0,668,0.648,1,COM7
2,221631,37,rpm,-243,459,36.8,36.8,3925,496,0,668,0.648,1,COM7
2,221652,37,rpm,88,459,36.8,36.8,3925,496,0,668,0.648,1,COM7
2,221673,37,rpm,597,459,36.8,36.8,3925,496,0,668,0.648,1,COM7
2,221693,37,rpm,712,459,36.8,36.8,3925,496,0,668,0.648,1,COM7
2,221714,37,rpm,744,459,36.8,36.8,3925,496,0,669,0.649,1,COM7
2,221735,37,rpm,908,459,36.8,36.8,3925,496,0,669,0.649,1,COM7
2,221755,37,rpm,717,459,36.8,36.8,3925,496,0,669,0.649,1,COM7
2,221776,37,rpm,543,459,36.8,36.8,3925,496,0,669,0.649,1,COM7
2,221797,37,rpm,593,459,36.8,36.8,3925,496,0,669,0.649,1,COM7
2,221818,37,rpm,542,459,36.8,36.8,3925,496,0,669,0.649,1,COM7
2,221838,37,rpm,317,459,36.8,36.8,3925,496,0,670,0.649,1,COM7
2,221859,37,rpm,263,459,36.8,36.8,3925,496,0,670,0.65,1,COM7
2,221880,37,rpm,-381,459,36.8,36.8,3925,496,0,670,0.65,1,COM7
2,221901,37,rpm,45,459,36.8,36.8,3925,496,0,670,0.65,1,COM7
2,221921,37,rpm,297,459,36.8,36.8,3925,496,0,670,0.65,1,COM7
2,221942,37,rpm,726,459,36.8,36.8,3925,496,0,670,0.65,1,COM7
2,221963,37,rpm,801,459,36.8,36.8,3925,496,0,671,0.65,1,COM7
2,221984,37,rpm,831,459,36.8,36.8,3925,496,0,671,0.651,1,COM7
2,222004,37,rpm,772,459,36.8,36.8,3925,496,0,671,0.651,1,COM7
2,222025,37,rpm,628,459,36.8,36.8,3925,496,0,671,0.651,1,COM7
2,222046,37,rpm,621,459,36.8,36.8,3925,496,0,671,0.651,1,COM7
2,222067,37,rpm,508,459,36.8,36.8,3925,496,0,671,0.651,1,COM7
2,222087,37,rpm,384,459,36.8,36.8,3925,496,0,671,0.651,1,COM7
2,222108,37,rpm,347,459,36.8,36.8,3925,496,0,672,0.652,1,COM7
2,222129,37,rpm,-155,459,36.8,36.8,3925,496,0,672,0.652,1,COM7
2,222149,37,rpm,-157,459,36.8,36.8,3925,496,0,672,0.652,1,COM7
2,222170,37,rpm,174,459,36.8,36.8,3925,496,0,672,0.652,1,COM7
2,222191,37,rpm,653,459,36.8,36.8,3925,496,0,672,0.652,1,COM7
2,222212,37,rpm,701,459,36.8,36.8,3925,496,0,672,0.652,1,COM7
2,222232,37,rpm,862,459,36.8,36.8,3925,496,0,673,0.652,1,COM7
2,222253,37,rpm,838,459,36.8,36.8,3925,496,0,673,0.653,1,COM7
2,222274,37,rpm,605,459,36.8,36.8,3925,496,0,673,0.653,1,COM7
2,222294,37,rpm,604,459,36.8,36.8,3925,496,0,673,0.653,1,COM7
2,222315,37,rpm,604,459,36.8,36.8,3925,496,0,673,0.653,1,COM7
2,222336,37,rpm,461,459,36.8,36.8,3925,496,0,673,0.653,1,COM7
2,222357,37,rpm,306,459,36.8,36.8,3925,496,0,674,0.653,1,COM7
2,222377,37,rpm,174,459,36.8,36.8,3925,496,0,674,0.653,1,COM7
2,222398,37,rpm,-372,459,36.8,36.8,3925,496,0,674,0.654,1,COM7
2,222419,37,rpm,77,459,36.8,36.8,3925,496,0,674,0.654,1,COM7
2,222440,37,rpm,477,459,36.8,36.8,3925,496,0,674,0.654,1,COM7
2,222460,37,rpm,776,459,36.8,36.8,3925,496,0,674,0.654,1,COM7
2,222481,37,rpm,763,459,36.8,36.8,3925,496,0,675,0.654,1,COM7
2,222502,37,rpm,833,459,36.8,36.8,3925,496,0,675,0.654,1,COM7
2,222523,37,rpm,764,459,36.8,36.8,3925,496,0,675,0.655,1,COM7
2,222543,37,rpm,628,459,36.8,36.8,3925,496,0,675,0.655,1,COM7
2,222564,37,rpm,548,459,36.8,36.8,3925,496,0,675,0.655,1,COM7
2,222585,37,rpm,530,459,36.8,36.8,3925,496,0,675,0.655,1,COM7
2,222606,37,rpm,353,459,36.8,36.8,3925,496,0,675,0.655,1,COM7
2,222626,37,rpm,265,459,36.8,36.8,3925,496,0,676,0.655,1,COM7
2,222647,37,rpm,-388,459,36.8,36.8,3925,496,0,676,0.655,1,COM7
2,222668,37,rpm,40,459,36.8,36.8,3925,496,0,676,0.656,1,COM7
2,222688,37,rpm,334,459,36.8,36.8,3925,496,0,676,0.656,1,COM7
2,222709,37,rpm,742,459,36.8,36.8,3925,496,0,676,0.656,1,COM7
2,222730,37,rpm,837,459,36.8,36.8,3925,496,0,676,0.656,1,COM7
2,222751,37,rpm,908,459,36.8,36.8,3925,496,0,677,0.656,1,COM7
2,222771,37,rpm,705,459,36.8,36.8,3925,496,0,677,0.656,1,COM7
2,222792,37,rpm,633,459,36.8,36.8,3925,496,0,677,0.657,1,COM7
2,222813,37,rpm,652,459,36.8,36.8,3925,496,0,677,0.657,1,COM7
2,222834,37,rpm,500,459,36.8,36.8,3925,496,0,677,0.657,1,COM7
2,222854,37,rpm,329,459,36.8,36.8,3925,496,0,677,0.657,1,COM7
2,222875,37,rpm,282,459,36.8,36.8,3925,496,0,678,0.657,1,COM7
2,222896,37,rpm,-339,459,36.8,36.8,3925,496,0,678,0.657,1,COM7
2,222916,37,rpm,24,459,36.8,36.8,3925,496,0,678,0.657,1,COM7
2,222937,37,rpm,289,459,36.8,36.8,3925,496,0,678,0.658,1,COM7
2,222958,37,rpm,736,459,36.8,36.8,3925,496,0,678,0.658,1,COM7
2,222979,37,rpm,778,459,36.8,36.8,3925,496,0,678,0.658,1,COM7
2,222999,37,rpm,782,459,36.8,36.8,3925,496,0,678,0.658,1,COM7
2,223020,37,rpm,805,458,36.8,36.8,3925,496,0,679,0.658,1,COM7
2,223041,37,rpm,679,458,36.8,36.8,3925,496,0,679,0.658,1,COM7
2,223062,37,rpm,521,458,36.8,36.8,3925,496,0,679,0.659,1,COM7
2,223082,37,rpm,590,458,36.8,36.8,3925,496,0,679,0.659,1,COM7
2,223103,37,rpm,423,458,36.8,36.8,3925,496,0,679,0.659,1,COM7
2,223124,37,rpm,287,458,36.8,36.8,3925,496,0,679,0.659,1,COM7
2,223144,37,rpm,-70,458,36.8,36.8,3925,496,0,680,0.659,1,COM7
2,223165,37,rpm,-211,458,36.8,36.8,3925,496,0,680,0.659,1,COM7
2,223186,37,rpm,132,458,36.8,36.8,3925,496,0,680,0.659,1,COM7
2,223207,37,rpm,572,458,36.8,36.8,3925,496,0,680,0.66,1,COM7
2,223227,37,rpm,804,458,36.8,36.8,3925,496,0,680,0.66,1,COM7
2,223248,37,rpm,885,458,36.8,36.8,3925,496,0,680,0.66,1,COM7
2,223269,37,rpm,731,458,36.8,36.8,3925,496,0,681,0.66,1,COM7
2,223290,37,rpm,691,458,36.8,36.8,3925,496,0,681,0.66,1,COM7
2,223310,37,rpm,627,458,36.8,36.8,3925,496,0,681,0.66,1,COM7
2,223331,37,rpm,587,458,36.8,36.8,3925,496,0,681,0.661,1,COM7
2,223352,37,rpm,446,458,36.8,36.8,3925,496,0,681,0.661,1,COM7
2,223373,37,rpm,356,458,36.8,36.8,3925,496,0,681,0.661,1,COM7
2,223393,37,rpm,202,458,36.8,36.8,3925,496,0,681,0.661,1,COM7
2,223414,37,rpm,-368,458,36.8,36.8,3925,496,0,682,0.661,1,COM7
2,223435,37,rpm,64,458,36.8,36.8,3925,496,0,682,0.661,1,COM7
2,223455,37,rpm,451,458,36.8,36.8,3925,496,0,682,0.661,1,COM7
2,223476,37,rpm,655,458,36.8,36.8,3925,496,0,682,0.662,1,COM7
2,223497,37,rpm,736,458,36.8,36.8,3925,496,0,682,0.662,1,COM7
2,223517,37,rpm,971,458,36.8,36.8,3925,496,0,682,0.662,1,COM7
2,223538,37,rpm,741,458,36.8,36.8,3925,496,0,683,0.662,1,COM7
2,223559,37,rpm,585,458,36.8,36.8,3925,496,0,683,0.662,1,COM7
2,223580,37,rpm,609,458,36.8,36.8,3925,496,0,683,0.662,1,COM7
2,223600,37,rpm,555,458,36.8,36.8,3925,496,0,683,0.663,1,COM7
2,223621,37,rpm,359,458,36.8,36.8,3925,496,0,683,0.663,1,COM7
2,223642,37,rpm,287,458,36.8,36.8,3925,496,0,683,0.663,1,COM7
2,223663,37,rpm,-297,458,36.8,36.8,3925,496,0,684,0.663,1,COM7
2,223683,37,rpm,-24,458,36.8,36.8,3925,496,0,684,0.663,1,COM7
2,223704,37,rpm,196,458,36.8,36.8,3925,496,0,684,0.663,1,COM7
2,223725,37,rpm,715,458,36.8,36.8,3925,496,0,684,0.663,1,COM7
2,223746,37,rpm,845,458,36.8,36.8,3925,496,0,684,0.664,1,COM7
2,223766,37,rpm,812,458,36.8,36.8,3925,496,0,684,0.664,1,COM7
2,223787,37,rpm,723,458,36.8,36.8,3925,496,0,684,0.664,1,COM7
2,223808,37,rpm,756,458,36.8,36.8,3925,496,0,685,0.664,1,COM7
2,223829,37,rpm,567,458,36.8,36.8,3925,496,0,685,0.664,1,COM7
2,223849,37,rpm,511,458,36.8,36.8,3925,496,0,685,0.664,1,COM7
2,223870,37,rpm,472,458,36.8,36.8,3925,496,0,685,0.665,1,COM7
2,223891,37,rpm,311,458,36.8,36.8,3925,496,0,685,0.665,1,COM7
2,223911,37,rpm,34,458,36.8,36.8,3925,496,0,685,0.665,1,COM7
2,223932,37,rpm,-305,458,36.8,36.8,3925,496,0,686,0.665,1,COM7
2,223953,37,rpm,109,458,36.8,36.8,3925,496,0,686,0.665,1,COM7
2,223974,37,rpm,559,458,36.8,36.8,3925,496,0,686,0.665,1,COM7
2,223994,37,rpm,700,458,36.8,36.8,3925,496,0,686,0.665,1,COM7
2,224015,37,rpm,904,458,36.8,36.8,3925,496,0,686,0.666,1,COM7
2,224036,37,rpm,804,458,36.8,36.8,3925,496,0,686,0.666,1,COM7
2,224057,37,rpm,648,458,36.8,36.8,3925,496,0,687,0.666,1,COM7
2,224077,37,rpm,635,458,36.8,36.8,3925,496,0,687,0.666,1,COM7
2,224098,37,rpm,597,458,36.8,36.8,3925,496,0,687,0.666,1,COM7
2,224119,37,rpm,465,458,36.8,36.8,3925,496,0,687,0.666,1,COM7
2,224140,37,rpm,327,458,36.8,36.8,3925,496,0,687,0.667,1,COM7
2,224160,37,rpm,217,458,36.8,36.8,3925,496,0,687,0.667,1,COM7
2,224181,37,rpm,-405,458,36.8,36.8,3925,496,0,687,0.667,1,COM7
2,224202,37,rpm,68,458,36.8,36.8,3925,496,0,688,0.667,1,COM7
2,224222,37,rpm,437,458,36.8,36.8,3925,496,0,688,0.667,1,COM7
2,224243,37,rpm,771,458,36.8,36.8,3925,496,0,688,0.667,1,COM7
2,224264,37,rpm,840,458,36.8,36.8,3925,496,0,688,0.667,1,COM7
2,224285,37,rpm,832,458,36.8,36.8,3925,496,0,688,0.668,1,COM7
2,224305,37,rpm,719,458,36.8,36.8,3925,496,0,688,0.668,1,COM7
2,224326,37,rpm,704,458,36.8,36.8,3925,496,0,689,0.668,1,COM7
2,224347,37,rpm,557,458,36.8,36.8,3925,496,0,689,0.668,1,COM7
2,224368,37,rpm,465,458,36.8,36.8,3925,496,0,689,0.668,1,COM7
2,224388,37,rpm,380,458,36.8,36.8,3925,496,0,689,0.668,1,COM7
2,224409,37,rpm,194,458,36.8,36.8,3925,496,0,689,0.669,1,COM7
2,224430,37,rpm,-363,458,36.8,36.8,3925,496,0,689,0.669,1,COM7
2,224451,37,rpm,62,458,36.8,36.8,3925,496,0,690,0.669,1,COM7
2,224471,37,rpm,386,458,36.8,36.8,3925,496,0,690,0.669,1,COM7
2,224492,37,rpm,663,458,36.8,36.8,3925,496,0,690,0.669,1,COM7
2,224513,37,rpm,930,458,36.8,36.8,3925,496,0,690,0.669,1,COM7
2,224534,37,rpm,781,458,36.8,36.8,3925,496,0,690,0.669,1,COM7
2,224554,37,rpm,699,458,36.8,36.8,3925,496,0,690,0.67,1,COM7
2,224575,37,rpm,677,458,36.8,36.8,3925,496,0,691,0.67,1,COM7
2,224596,37,rpm,609,458,36.8,36.8,3925,496,0,691,0.67,1,COM7
2,224617,37,rpm,519,458,36.8,36.8,3925,496,0,691,0.67,1,COM7
2,224637,37,rpm,384,458,36.8,36.8,3925,496,0,691,0.67,1,COM7
2,224658,37,rpm,271,458,36.8,36.8,3925,496,0,691,0.67,1,COM7
2,224679,37,rpm,-287,458,36.8,36.8,3925,496,0,691,0.671,1,COM7
2,224699,37,rpm,-31,458,36.8,36.8,3925,496,0,691,0.671,1,COM7
2,224720,37,rpm,204,458,36.8,36.8,3925,496,0,692,0.671,1,COM7
2,224741,37,rpm,716,458,36.8,36.8,3925,496,0,692,0.671,1,COM7
2,224761,37,rpm,772,458,36.8,36.8,3925,496,0,692,0.671,1,COM7
2,224782,37,rpm,743,458,36.8,36.8,3925,496,0,692,0.671,1,COM7
2,224803,37,rpm,878,458,36.8,36.8,3925,496,0,692,0.671,1,COM7
2,224824,37,rpm,685,458,36.8,36.8,3925,496,0,692,0.672,1,COM7
2,224845,37,rpm,552,458,36.8,36.8,3925,496,0,693,0.672,1,COM7
2,224865,37,rpm,594,458,36.8,36.8,3925,496,0,693,0.672,1,COM7
2,224886,37,rpm,466,458,36.8,36.8,3925,496,0,693,0.672,1,COM7
2,224907,37,rpm,314,458,36.8,36.8,3925,496,0,693,0.672,1,COM7
2,224927,37,rpm,90,458,36.8,36.8,3925,496,0,693,0.672,1,COM7
2,224948,37,rpm,-282,458,36.8,36.8,3925,496,0,693,0.673,1,COM7
2,224969,37,rpm,80,458,36.8,36.8,3925,496,0,694,0.673,1,COM7
2,224990,37,rpm,474,458,36.8,36.8,3925,496,0,694,0.673,1,COM7
2,225010,37,rpm,733,458,36.8,36.8,3925,496,0,694,0.673,1,COM7
2,225031,37,rpm,901,458,36.8,36.8,3925,496,0,694,0.673,1,COM7
2,225052,37,rpm,724,458,36.8,36.8,3925,496,0,694,0.673,1,COM7
2,225072,37,rpm,775,458,36.8,36.8,3925,496,0,694,0.673,1,COM7
2,225093,37,rpm,698,458,36.8,36.8,3925,496,0,694,0.674,1,COM7
2,225114,37,rpm,530,458,36.8,36.8,3925,496,0,695,0.674,1,COM7
2,225135,37,rpm,475,458,36.8,36.8,3925,496,0,695,0.674,1,COM7
2,225155,37,rpm,411,458,36.8,36.8,3925,496,0,695,0.674,1,COM7
2,225176,37,rpm,244,458,36.8,36.8,3925,496,0,695,0.674,1,COM7
2,225197,37,rpm,-383,458,36.8,36.8,3925,496,0,695,0.674,1,COM7
2,225218,37,rpm,43,458,36.8,36.8,3925,496,0,695,0.675,1,COM7
2,225238,37,rpm,341,458,36.8,36.8,3925,496,0,696,0.675,1,COM7
2,225259,37,rpm,645,458,36.8,36.8,3925,496,0,696,0.675,1,COM7
2,225280,37,rpm,809,458,36.8,36.8,3925,496,0,696,0.675,1,COM7
2,225301,37,rpm,895,458,36.8,36.8,3925,496,0,696,0.675,1,COM7
2,225321,37,rpm,716,458,36.8,36.8,3925,496,0,696,0.675,1,COM7
2,225342,37,rpm,619,458,36.8,36.8,3925,496,0,696,0.675,1,COM7
2,225363,37,rpm,602,458,36.8,36.8,3925,496,0,697,0.676,1,COM7
2,225383,37,rpm,586,458,36.8,36.8,3925,496,0,697,0.676,1,COM7
2,225404,37,rpm,404,458,36.8,36.8,3925,496,0,697,0.676,1,COM7
2,225425,37,rpm,279,458,36.8,36.8,3925,496,0,697,0.676,1,COM7
2,225446,37,rpm,-88,458,36.8,36.8,3925,496,0,697,0.676,1,COM7
2,225466,37,rpm,-184,458,36.8,36.8,3925,496,0,697,0.676,1,COM7
2,225487,37,rpm,122,458,36.8,36.8,3925,496,0,697,0.677,1,COM7
2,225508,37,rpm,652,458,36.8,36.8,3925,496,0,698,0.677,1,COM7
2,225529,37,rpm,808,458,36.8,36.8,3925,496,0,698,0.677,1,COM7
2,225549,37,rpm,840,458,36.8,36.8,3925,496,0,698,0.677,1,COM7
2,225570,37,rpm,748,458,36.8,36.8,3925,496,0,698,0.677,1,COM7
2,225591,37,rpm,709,458,36.8,36.8,3925,496,0,698,0.677,1,COM7
2,225612,37,rpm,629,458,36.8,36.8,3925,496,0,698,0.677,1,COM7
2,225632,37,rpm,514,458,36.8,36.8,3925,496,0,699,0.678,1,COM7
2,225653,37,rpm,457,458,36.8,36.8,3925,496,0,699,0.678,1,COM7
2,225674,37,rpm,354,458,36.8,36.8,3925,496,0,699,0.678,1,COM7
2,225694,37,rpm,98,458,36.8,36.8,3925,496,0,699,0.678,1,COM7
2,225715,37,rpm,-317,458,36.8,36.8,3925,496,0,699,0.678,1,COM7
2,225736,37,rpm,112,458,36.8,36.8,3925,496,0,699,0.678,1,COM7
2,225757,37,rpm,507,458,36.8,36.8,3925,496,0,700,0.679,1,COM7
2,225777,37,rpm,691,458,36.8,36.8,3925,496,0,700,0.679,1,COM7
2,225798,37,rpm,975,458,36.8,36.8,3925,496,0,700,0.679,1,COM7
2,225819,37,rpm,804,458,36.8,36.8,3925,496,0,700,0.679,1,COM7
2,225840,37,rpm,672,458,36.8,36.8,3925,496,0,700,0.679,1,COM7
2,225860,37,rpm,697,458,36.8,36.8,3925,496,0,700,0.679,1,COM7
2,225881,37,rpm,547,458,36.8,36.8,3925,496,0,700,0.679,1,COM7
2,225902,37,rpm,466,458,36.8,36.8,3925,496,0,701,0.68,1,COM7
2,225923,37,rpm,314,458,36.8,36.8,3925,496,0,701,0.68,1,COM7
2,225944,37,rpm,111,458,36.8,36.8,3925,496,0,701,0.68,1,COM7
2,225964,37,rpm,-350,458,36.8,36.8,3925,496,0,701,0.68,1,COM7
2,225985,37,rpm,85,458,36.8,36.8,3925,496,0,701,0.68,1,COM7
2,226006,37,rpm,496,458,36.8,36.8,3925,496,0,701,0.68,1,COM7
2,226026,37,rpm,726,458,36.8,36.8,3925,496,0,702,0.681,1,COM7
2,226047,37,rpm,874,458,36.8,36.8,3925,496,0,702,0.681,1,COM7
2,226068,37,rpm,771,458,36.8,36.8,3925,496,0,702,0.681,1,COM7
2,226088,37,rpm,733,458,36.8,36.8,3925,496,0,702,0.681,1,COM7
2,226109,37,rpm,647,458,36.8,36.8,3925,496,0,702,0.681,1,COM7
2,226130,37,rpm,549,458,36.8,36.8,3925,496,0,702,0.681,1,COM7
2,226151,37,rpm,525,458,36.8,36.8,3925,496,0,703,0.681,1,COM7
2,226171,37,rpm,380,458,36.8,36.8,3925,496,0,703,0.682,1,COM7
2,226192,37,rpm,256,458,36.8,36.8,3925,496,0,703,0.682,1,COM7
2,226213,37,rpm,-351,458,36.8,36.8,3925,496,0,703,0.682,1,COM7
2,226234,37,rpm,26,458,36.8,36.8,3925,496,0,703,0.682,1,COM7
2,226254,37,rpm,301,458,36.8,36.8,3925,496,0,703,0.682,1,COM7
2,226275,37,rpm,635,458,36.8,36.8,3925,496,0,703,0.682,1,COM7
2,226296,37,rpm,857,458,36.8,36.8,3925,496,0,704,0.683,1,COM7
2,226316,37,rpm,868,458,36.8,36.8,3925,496,0,704,0.683,1,COM7
2,226337,37,rpm,633,458,36.8,36.8,3925,496,0,704,0.683,1,COM7
2,226358,37,rpm,688,458,36.8,36.8,3925,496,0,704,0.683,1,COM7
2,226379,37,rpm,643,458,36.8,36.8,3925,496,0,704,0.683,1,COM7
2,226399,37,rpm,476,458,36.8,36.8,3925,496,0,704,0.683,1,COM7
2,226420,37,rpm,423,458,36.8,36.8,3925,496,0,705,0.683,1,COM7
2,226441,37,rpm,330,458,36.8,36.8,3925,496,0,705,0.684,1,COM7
2,226461,37,rpm,-48,458,36.8,36.8,3925,496,0,705,0.684,1,COM7
2,226482,37,rpm,-227,458,36.8,36.8,3925,496,0,705,0.684,1,COM7
2,226503,37,rpm,137,458,36.8,36.8,3925,496,0,705,0.684,1,COM7
2,226524,37,rpm,596,458,36.8,36.8,3925,496,0,705,0.684,1,COM7
2,226544,37,rpm,671,458,36.8,36.8,3925,496,0,706,0.684,1,COM7
2,226565,37,rpm,914,458,36.8,36.8,3925,496,0,706,0.685,1,COM7
2,226586,37,rpm,810,458,36.8,36.8,3925,496,0,706,0.685,1,COM7
2,226607,37,rpm,698,458,36.8,36.8,3925,496,0,706,0.685,1,COM7
2,226627,37,rpm,603,458,36.8,36.8,3925,496,0,706,0.685,1,COM7
2,226648,37,rpm,589,458,36.8,36.8,3925,496,0,706,0.685,1,COM7
2,226669,37,rpm,476,458,36.8,36.8,3925,496,0,706,0.685,1,COM7
2,226690,37,rpm,332,458,36.8,36.8,3925,496,0,707,0.685,1,COM7
2,226710,37,rpm,226,458,36.8,36.8,3925,496,0,707,0.686,1,COM7
2,226731,37,rpm,-390,458,36.8,36.8,3925,496,0,707,0.686,1,COM7
2,226752,37,rpm,63,458,36.8,36.8,3925,496,0,707,0.686,1,COM7
2,226772,37,rpm,407,458,36.8,36.8,3925,496,0,707,0.686,1,COM7
2,226793,37,rpm,732,458,36.8,36.8,3925,496,0,707,0.686,1,COM7
2,226814,37,rpm,853,458,36.8,36.8,3925,496,0,708,0.686,1,COM7
2,226835,37,rpm,749,458,36.8,36.8,3925,496,0,708,0.687,1,COM7
2,226855,37,rpm,756,458,36.8,36.8,3925,496,0,708,0.687,1,COM7
2,226876,37,rpm,676,458,36.8,36.8,3925,496,0,708,0.687,1,COM7
2,226897,37,rpm,596,458,36.8,36.8,3925,496,0,708,0.687,1,COM7
2,226917,37,rpm,488,458,36.8,36.8,3925,496,0,708,0.687,1,COM7
2,226938,37,rpm,414,458,36.8,36.8,3925,496,0,709,0.687,1,COM7
2,226959,37,rpm,277,458,36.8,36.8,3925,496,0,709,0.687,1,COM7
2,226980,37,rpm,-277,458,36.8,36.8,3925,496,0,709,0.688,1,COM7
2,227000,37,rpm,-37,458,36.8,36.8,3925,496,0,709,0.688,1,COM7
2,227021,37,rpm,235,458,36.8,36.8,3925,496,0,709,0.688,1,COM7
2,227042,37,rpm,613,458,36.8,36.8,3925,496,0,709,0.688,1,COM7
2,227063,37,rpm,793,458,36.8,36.8,3925,496,0,709,0.688,1,COM7
2,227083,37,rpm,953,458,36.8,36.8,3925,496,0,710,0.688,1,COM7
2,227104,37,rpm,717,458,36.8,36.8,3925,496,0,710,0.689,1,COM7
2,227125,37,rpm,627,458,36.8,36.8,3925,496,0,710,0.689,1,COM7
2,227145,37,rpm,672,458,36.8,36.8,3925,496,0,710,0.689,1,COM7
2,227166,37,rpm,563,458,36.8,36.8,3925,496,0,710,0.689,1,COM7
2,227187,37,rpm,396,458,36.8,36.8,3925,496,0,710,0.689,1,COM7
2,227208,37,rpm,333,458,36.8,36.8,3925,496,0,711,0.689,1,COM7
2,227228,37,rpm,-29,458,36.8,36.8,3925,496,0,711,0.689,1,COM7
2,227249,37,rpm,-236,458,36.8,36.8,3925,496,0,711,0.69,1,COM7
2,227270,37,rpm,121,458,36.8,36.8,3925,496,0,711,0.69,1,COM7
2,227291,37,rpm,591,458,36.8,36.8,3925,496,0,711,0.69,1,COM7
2,227311,37,rpm,810,458,36.8,36.8,3925,496,0,711,0.69,1,COM7
2,227332,37,rpm,838,458,36.8,36.8,3925,496,0,712,0.69,1,COM7
2,227353,37,rpm,850,458,36.8,36.8,3925,496,0,712,0.69,1,COM7
2,227373,37,rpm,723,458,36.8,36.8,3925,496,0,712,0.691,1,COM7
2,227394,37,rpm,651,458,36.8,36.8,3925,496,0,712,0.691,1,COM7
2,227415,37,rpm,524,458,36.8,36.8,3925,496,0,712,0.691,1,COM7
2,227436,37,rpm,458,458,36.8,36.8,3925,496,0,712,0.691,1,COM7
2,227456,37,rpm,317,458,36.8,36.8,3925,496,0,712,0.691,1,COM7
2,227477,37,rpm,50,458,36.8,36.8,3925,496,0,713,0.691,1,COM7
2,227498,37,rpm,-279,458,36.8,36.8,3925,496,0,713,0.691,1,COM7
2,227518,37,rpm,108,458,36.8,36.8,3925,496,0,713,0.692,1,COM7
2,227539,37,rpm,541,458,36.8,36.8,3925,496,0,713,0.692,1,COM7
2,227560,37,rpm,688,458,36.8,36.8,3925,496,0,713,0.692,1,COM7
2,227580,37,rpm,908,458,36.8,36.8,3925,496,0,713,0.692,1,COM7
2,227601,37,rpm,816,458,36.8,36.8,3925,496,0,714,0.692,1,COM7
2,227622,37,rpm,619,458,36.8,36.8,3925,496,0,714,0.692,1,COM7
2,227643,37,rpm,697,458,36.8,36.8,3925,496,0,714,0.693,1,COM7
2,227663,37,rpm,632,458,36.8,36.8,3925,496,0,714,0.693,1,COM7
2,227684,37,rpm,449,458,36.8,36.8,3925,496,0,714,0.693,1,COM7
2,227705,37,rpm,327,458,36.8,36.8,3925,496,0,714,0.693,1,COM7
2,227725,37,rpm,255,458,36.8,36.8,3925,496,0,715,0.693,1,COM7
2,227746,37,rpm,-357,458,36.8,36.8,3925,496,0,715,0.693,1,COM7
2,227767,37,rpm,39,458,36.8,36.8,3925,496,0,715,0.693,1,COM7
2,227787,37,rpm,361,458,36.8,36.8,3925,496,0,715,0.694,1,COM7
2,227808,37,rpm,675,458,36.8,36.8,3925,496,0,715,0.694,1,COM7
2,227829,37,rpm,762,458,36.8,36.8,3925,496,0,715,0.694,1,COM7
2,227850,37,rpm,931,458,36.8,36.8,3925,496,0,716,0.694,1,COM7
2,227870,37,rpm,745,458,36.8,36.8,3925,496,0,716,0.694,1,COM7
2,227891,37,rpm,584,458,36.8,36.8,3925,496,0,716,0.694,1,COM7
2,227912,37,rpm,633,458,36.8,36.8,3925,496,0,716,0.695,1,COM7
2,227932,37,rpm,529,458,36.8,36.8,3925,496,0,716,0.695,1,COM7
2,227953,37,rpm,377,458,36.8,36.8,3925,496,0,716,0.695,1,COM7
2,227974,37,rpm,297,458,36.8,36.8,3925,496,0,716,0.695,1,COM7
2,227995,37,rpm,-150,458,36.8,36.8,3925,496,0,717,0.695,1,COM7
2,228015,37,rpm,-129,458,36.8,36.8,3925,496,0,717,0.695,1,COM7
2,228036,37,rpm,142,458,36.8,36.8,3925,496,0,717,0.695,1,COM7
2,228057,37,rpm,640,458,36.8,36.8,3925,496,0,717,0.696,1,COM7
2,228077,37,rpm,784,458,36.8,36.8,3925,496,0,717,0.696,1,COM7
2,228098,37,rpm,831,458,36.8,36.8,3925,496,0,717,0.696,1,COM7
2,228119,37,rpm,776,458,36.8,36.8,3925,496,0,718,0.696,1,COM7
2,228140,37,rpm,713,458,36.8,36.8,3925,496,0,718,0.696,1,COM7
2,228160,37,rpm,638,458,36.8,36.8,3925,496,0,718,0.696,1,COM7
2,228181,37,rpm,520,458,36.8,36.8,3925,496,0,718,0.696,1,COM7
2,228202,37,rpm,480,458,36.8,36.8,3925,496,0,718,0.697,1,COM7
2,228223,37,rpm,352,458,36.8,36.8,3925,496,0,718,0.697,1,COM7
2,228243,37,rpm,144,458,36.8,36.8,3925,496,0,719,0.697,1,COM7
2,228264,37,rpm,-355,458,36.8,36.8,3925,496,0,719,0.697,1,COM7
2,228285,37,rpm,86,458,36.8,36.8,3925,496,0,719,0.697,1,COM7
2,228305,37,rpm,515,458,36.8,36.8,3925,496,0,719,0.697,1,COM7
2,228326,37,rpm,643,458,36.8,36.8,3925,496,0,719,0.698,1,COM7
2,228347,37,rpm,888,458,36.8,36.8,3925,496,0,719,0.698,1,COM7
2,228368,37,rpm,868,458,36.8,36.8,3925,496,0,719,0.698,1,COM7
2,228388,37,rpm,598,458,36.8,36.8,3925,496,0,720,0.698,1,COM7
2,228409,37,rpm,643,458,36.8,36.8,3925,496,0,720,0.698,1,COM7
2,228430,37,rpm,690,458,36.8,36.8,3925,496,0,720,0.698,1,COM7
2,228451,37,rpm,459,458,36.8,36.8,3925,496,0,720,0.698,1,COM7
2,228471,37,rpm,356,458,36.8,36.8,3925,496,0,720,0.699,1,COM7
2,228492,37,rpm,297,458,36.8,36.8,3925,496,0,720,0.699,1,COM7
2,228513,37,rpm,-388,458,36.8,36.8,3925,496,0,721,0.699,1,COM7
2,228534,37,rpm,14,458,36.8,36.8,3925,496,0,721,0.699,1,COM7
2,228554,37,rpm,272,458,36.8,36.8,3925,496,0,721,0.699,1,COM7
2,228575,37,rpm,684,458,36.8,36.8,3925,496,0,721,0.699,1,COM7
2,228596,37,rpm,772,458,36.8,36.8,3925,496,0,721,0.7,1,COM7
2,228616,37,rpm,861,458,36.8,36.8,3925,496,0,721,0.7,1,COM7
2,228637,37,rpm,749,458,36.8,36.8,3925,496,0,722,0.7,1,COM7
2,228658,37,rpm,692,458,36.8,36.8,3925,496,0,722,0.7,1,COM7
2,228678,37,rpm,544,458,36.8,36.8,3925,496,0,722,0.7,1,COM7
2,228699,37,rpm,582,458,36.8,36.8,3925,496,0,722,0.7,1,COM7
2,228720,37,rpm,413,458,36.8,36.8,3925,496,0,722,0.7,1,COM7
2,228741,37,rpm,301,458,36.8,36.8,3925,496,0,722,0.701,1,COM7
2,228761,37,rpm,-130,458,36.8,36.8,3925,496,0,722,0.701,1,COM7
2,228782,37,rpm,-152,459,36.8,36.8,3925,496,0,723,0.701,1,COM7
2,228803,37,rpm,170,459,36.8,36.8,3925,496,0,723,0.701,1,COM7
2,228824,37,rpm,623,459,36.8,36.8,3925,496,0,723,0.701,1,COM7
2,228844,37,rpm,816,459,36.8,36.8,3925,496,0,723,0.701,1,COM7
2,228865,37,rpm,960,459,36.8,36.8,3925,496,0,723,0.702,1,COM7
2,228886,37,rpm,684,459,36.8,36.8,3925,496,0,723,0.702,1,COM7
2,228906,37,rpm,684,459,36.8,36.8,3925,496,0,724,0.702,1,COM7
2,228927,37,rpm,666,459,36.8,36.8,3925,496,0,724,0.702,1,COM7
2,228948,37,rpm,563,459,36.8,36.8,3925,496,0,724,0.702,1,COM7
2,228969,37,rpm,385,459,36.8,36.8,3925,496,0,724,0.702,1,COM7
2,228989,37,rpm,301,459,36.8,36.8,3925,496,0,724,0.702,1,COM7
2,229010,37,rpm,-57,459,36.8,36.8,3925,496,0,724,0.703,1,COM7
2,229031,37,rpm,-213,459,36.8,36.8,3925,496,0,725,0.703,1,COM7
2,229052,37,rpm,136,459,36.8,36.8,3925,496,0,725,0.703,1,COM7
2,229072,37,rpm,687,459,36.8,36.8,3925,496,0,725,0.703,1,COM7
2,229093,37,rpm,694,459,36.8,36.8,3925,496,0,725,0.703,1,COM7
2,229114,37,rpm,794,459,36.8,36.8,3925,496,0,725,0.703,1,COM7
2,229135,37,rpm,896,459,36.8,36.8,3925,496,0,725,0.704,1,COM7
2,229155,37,rpm,624,459,36.8,36.8,3925,496,0,725,0.704,1,COM7
2,229176,37,rpm,575,459,36.8,36.8,3925,496,0,726,0.704,1,COM7
2,229197,37,rpm,625,459,36.8,36.8,3925,496,0,726,0.704,1,COM7
2,229217,37,rpm,435,459,36.8,36.8,3925,496,0,726,0.704,1,COM7
2,229238,37,rpm,338,459,36.8,36.8,3925,496,0,726,0.704,1,COM7
2,229259,37,rpm,189,459,36.8,36.8,3925,496,0,726,0.704,1,COM7
2,229280,37,rpm,-366,459,36.8,36.8,3925,496,0,726,0.705,1,COM7
2,229300,37,rpm,66,459,36.8,36.8,3925,496,0,727,0.705,1,COM7
2,229321,37,rpm,477,459,36.8,36.8,3925,496,0,727,0.705,1,COM7
2,229342,37,rpm,700,459,36.8,36.8,3925,496,0,727,0.705,1,COM7
2,229362,37,rpm,882,459,36.8,36.8,3925,496,0,727,0.705,1,COM7
2,229383,37,rpm,759,459,36.8,36.8,3925,496,0,727,0.705,1,COM7
2,229404,37,rpm,729,459,36.8,36.8,3925,496,0,727,0.706,1,COM7
2,229425,37,rpm,649,459,36.8,36.8,3925,496,0,728,0.706,1,COM7
2,229445,37,rpm,578,459,36.8,36.8,3925,496,0,728,0.706,1,COM7
2,229466,37,rpm,489,459,36.8,36.8,3925,496,0,728,0.706,1,COM7
2,229487,37,rpm,392,459,36.8,36.8,3925,496,0,728,0.706,1,COM7
2,229507,37,rpm,310,459,36.8,36.8,3925,496,0,728,0.706,1,COM7
2,229528,37,rpm,-292,459,36.8,36.8,3925,496,0,728,0.706,1,COM7
2,229549,37,rpm,-15,459,36.8,36.8,3925,496,0,728,0.707,1,COM7
2,229570,37,rpm,235,459,36.8,36.8,3925,496,0,729,0.707,1,COM7
2,229590,37,rpm,612,459,36.8,36.8,3925,496,0,729,0.707,1,COM7
2,229611,37,rpm,762,459,36.8,36.8,3925,496,0,729,0.707,1,COM7
2,229632,37,rpm,907,459,36.8,36.8,3925,496,0,729,0.707,1,COM7
2,229653,37,rpm,797,459,36.8,36.8,3925,496,0,729,0.707,1,COM7
2,229673,37,rpm,620,459,36.8,36.8,3925,496,0,729,0.708,1,COM7
2,229694,37,rpm,603,459,36.8,36.8,3925,496,0,730,0.708,1,COM7
2,229715,37,rpm,623,459,36.8,36.8,3925,496,0,730,0.708,1,COM7
2,229736,37,rpm,402,459,36.8,36.8,3925,496,0,730,0.708,1,COM7
2,229756,37,rpm,325,459,36.8,36.8,3925,496,0,730,0.708,1,COM7
2,229777,37,rpm,21,459,36.8,36.8,3925,496,0,730,0.708,1,COM7
2,229798,37,rpm,-271,459,36.8,36.8,3925,496,0,730,0.708,1,COM7
2,229818,37,rpm,98,459,36.8,36.8,3925,496,0,731,0.709,1,COM7
2,229839,37,rpm,632,459,36.8,36.8,3925,496,0,731,0.709,1,COM7
2,229860,37,rpm,704,459,36.8,36.8,3925,496,0,731,0.709,1,COM7
2,229881,37,rpm,796,459,36.8,36.8,3925,496,0,731,0.709,1,COM7
2,229901,37,rpm,877,459,36.8,36.8,3925,496,0,731,0.709,1,COM7
2,229922,37,rpm,708,459,36.8,36.8,3925,496,0,731,0.709,1,COM7
2,229943,37,rpm,581,459,36.8,36.8,3925,496,0,732,0.71,1,COM7
2,229963,37,rpm,588,459,36.8,36.8,3925,496,0,732,0.71,1,COM7
2,229984,37,rpm,523,459,36.8,36.8,3925,496,0,732,0.71,1,COM7
2,230005,37,rpm,341,459,36.8,36.8,3925,496,0,732,0.71,1,COM7
2,230025,37,rpm,254,459,36.8,36.8,3925,496,0,732,0.71,1,COM7
2,230046,37,rpm,-381,459,36.8,36.8,3925,496,0,732,0.71,1,COM7
2,230067,37,rpm,40,459,36.8,36.8,3925,496,0,732,0.71,1,COM7
2,230087,37,rpm,352,459,36.8,36.8,3925,496,0,733,0.711,1,COM7
2,230108,37,rpm,635,459,36.8,36.8,3925,496,0,733,0.711,1,COM7
2,230129,37,rpm,901,459,36.8,36.8,3925,496,0,733,0.711,1,COM7
2,230150,37,rpm,878,459,36.8,36.8,3925,496,0,733,0.711,1,COM7
2,230170,37,rpm,635,459,36.8,36.8,3925,496,0,733,0.711,1,COM7
2,230191,37,rpm,688,459,36.8,36.8,3925,496,0,733,0.711,1,COM7
2,230212,37,rpm,615,459,36.8,36.8,3925,496,0,734,0.712,1,COM7
2,230233,37,rpm,490,459,36.8,36.8,3925,496,0,734,0.712,1,COM7
2,230253,37,rpm,393,459,36.8,36.8,3925,496,0,734,0.712,1,COM7
2,230274,37,rpm,328,459,36.8,36.8,3925,496,0,734,0.712,1,COM7
2,230295,37,rpm,-261,459,36.8,36.8,3925,496,0,734,0.712,1,COM7
2,230315,37,rpm,-47,459,36.8,36.8,3925,496,0,734,0.712,1,COM7
2,230336,37,rpm,220,459,36.8,36.8,3925,496,0,735,0.712,1,COM7
2,230357,37,rpm,701,459,36.8,36.8,3925,496,0,735,0.713,1,COM7
2,230378,37,rpm,771,459,36.8,36.8,3925,496,0,735,0.713,1,COM7
2,230398,37,rpm,901,459,36.8,36.8,3925,496,0,735,0.713,1,COM7
2,230419,37,rpm,814,459,36.8,36.8,3925,496,0,735,0.713,1,COM7
2,230440,37,rpm,605,459,36.8,36.8,3925,496,0,735,0.713,1,COM7
2,230460,37,rpm,617,459,36.8,36.8,3925,496,0,735,0.713,1,COM7
2,230481,37,rpm,595,459,36.8,36.8,3925,496,0,736,0.714,1,COM7
2,230502,37,rpm,385,459,36.8,36.8,3925,496,0,736,0.714,1,COM7
2,230522,37,rpm,272,459,36.8,36.8,3925,496,0,736,0.714,1,COM7
2,230543,37,rpm,-140,459,36.8,36.8,3925,496,0,736,0.714,1,COM7
2,230564,37,rpm,-125,459,36.8,36.8,3925,496,0,736,0.714,1,COM7
2,230585,37,rpm,151,459,36.8,36.8,3925,496,0,736,0.714,1,COM7
2,230606,37,rpm,686,459,36.8,36.8,3925,496,0,737,0.714,1,COM7
2,230626,37,rpm,763,459,36.8,36.8,3925,496,0,737,0.715,1,COM7
2,230647,37,rpm,829,459,36.8,36.8,3925,496,0,737,0.715,1,COM7
2,230668,37,rpm,799,459,36.8,36.8,3925,496,0,737,0.715,1,COM7
2,230689,37,rpm,675,459,36.8,36.8,3925,496,0,737,0.715,1,COM7
2,230709,37,rpm,618,459,36.8,36.8,3925,496,0,737,0.715,1,COM7
2,230730,37,rpm,566,459,36.8,36.8,3925,496,0,738,0.715,1,COM7
2,230751,37,rpm,400,459,36.8,36.8,3925,496,0,738,0.716,1,COM7
2,230771,37,rpm,351,459,36.8,36.8,3925,496,0,738,0.716,1,COM7
2,230792,37,rpm,42,459,36.8,36.8,3925,496,0,738,0.716,1,COM7
2,230813,37,rpm,-282,459,36.8,36.8,3925,496,0,738,0.716,1,COM7
2,230833,37,rpm,94,459,36.8,36.8,3925,496,0,738,0.716,1,COM7
2,230854,37,rpm,538,459,36.8,36.8,3925,496,0,738,0.716,1,COM7
2,230875,37,rpm,642,459,36.8,36.8,3925,496,0,739,0.716,1,COM7
2,230896,37,rpm,905,459,36.8,36.8,3925,496,0,739,0.717,1,COM7
2,230916,37,rpm,869,459,36.8,36.8,3925,496,0,739,0.717,1,COM7
2,230937,37,rpm,637,459,36.8,36.8,3925,496,0,739,0.717,1,COM7
2,230958,37,rpm,598,459,36.8,36.8,3925,496,0,739,0.717,1,COM7
2,230978,37,rpm,629,459,36.8,36.8,3925,496,0,739,0.717,1,COM7
2,230999,37,rpm,504,459,36.8,36.8,3925,496,0,740,0.717,1,COM7
2,231020,37,rpm,327,459,36.8,36.8,3925,496,0,740,0.718,1,COM7
2,231041,37,rpm,308,459,36.8,36.8,3925,496,0,740,0.718,1,COM7
2,231061,37,rpm,-346,459,36.8,36.8,3925,496,0,740,0.718,1,COM7
2,231082,37,rpm,16,459,36.8,36.8,3925,496,0,740,0.718,1,COM7
2,231103,37,rpm,258,459,36.8,36.8,3925,496,0,740,0.718,1,COM7
2,231124,37,rpm,726,459,36.8,36.8,3925,496,0,741,0.718,1,COM7
2,231144,37,rpm,680,459,36.8,36.8,3925,496,0,741,0.718,1,COM7
2,231165,37,rpm,904,459,36.8,36.8,3925,496,0,741,0.719,1,COM7
2,231186,37,rpm,805,459,36.8,36.8,3925,496,0,741,0.719,1,COM7
2,231206,37,rpm,616,459,36.8,36.8,3925,496,0,741,0.719,1,COM7
2,231227,37,rpm,596,459,36.8,36.8,3925,496,0,741,0.719,1,COM7
2,231248,37,rpm,580,459,36.8,36.8,3925,496,0,741,0.719,1,COM7
2,231269,37,rpm,408,459,36.8,36.8,3925,496,0,742,0.719,1,COM7
2,231289,37,rpm,311,459,36.8,36.8,3925,496,0,742,0.72,1,COM7
2,231310,37,rpm,-59,459,36.8,36.8,3925,496,0,742,0.72,1,COM7
2,231331,37,rpm,-231,459,36.8,36.8,3925,496,0,742,0.72,1,COM7
2,231351,37,rpm,134,459,36.8,36.8,3925,496,0,742,0.72,1,COM7
2,231372,37,rpm,639,459,36.8,36.8,3925,496,0,742,0.72,1,COM7
2,231393,37,rpm,725,459,36.8,36.8,3925,496,0,743,0.72,1,COM7
2,231413,37,rpm,877,459,36.8,36.8,3925,496,0,743,0.72,1,COM7
2,231434,37,rpm,757,459,36.8,36.8,3925,496,0,743,0.721,1,COM7
2,231455,37,rpm,677,459,36.8,36.8,3925,496,0,743,0.721,1,COM7
2,231476,37,rpm,673,459,36.8,36.8,3925,496,0,743,0.721,1,COM7
2,231496,37,rpm,561,459,36.8,36.8,3925,496,0,743,0.721,1,COM7
2,231517,37,rpm,433,459,36.8,36.8,3925,496,0,744,0.721,1,COM7
2,231538,37,rpm,372,459,36.8,36.8,3925,496,0,744,0.721,1,COM7
2,231558,37,rpm,223,459,36.8,36.8,3925,496,0,744,0.722,1,COM7
2,231579,37,rpm,-390,459,36.8,36.8,3925,496,0,744,0.722,1,COM7
2,231600,37,rpm,64,459,36.8,36.8,3925,496,0,744,0.722,1,COM7
2,231621,37,rpm,434,459,36.8,36.8,3925,496,0,744,0.722,1,COM7
2,231641,37,rpm,669,459,36.8,36.8,3925,496,0,744,0.722,1,COM7
2,231662,37,rpm,772,459,36.8,36.8,3925,496,0,745,0.722,1,COM7
2,231683,37,rpm,925,459,36.8,36.8,3925,496,0,745,0.722,1,COM7
2,231704,37,rpm,734,459,36.8,36.8,3925,496,0,745,0.723,1,COM7
2,231724,37,rpm,556,459,36.8,36.8,3925,496,0,745,0.723,1,COM7
2,231745,37,rpm,676,459,36.8,36.8,3925,496,0,745,0.723,1,COM7
2,231766,37,rpm,529,459,36.8,36.8,3925,496,0,745,0.723,1,COM7
2,231787,37,rpm,355,459,36.8,36.8,3925,496,0,746,0.723,1,COM7
2,231807,37,rpm,282,459,36.8,36.8,3925,496,0,746,0.723,1,COM7
2,231828,37,rpm,-335,459,36.8,36.8,3925,496,0,746,0.724,1,COM7
2,231849,37,rpm,-4,459,36.8,36.8,3925,496,0,746,0.724,1,COM7
2,231869,37,rpm,226,459,36.8,36.8,3925,496,0,746,0.724,1,COM7
2,231890,37,rpm,767,459,36.8,36.8,3925,496,0,746,0.724,1,COM7
2,231911,37,rpm,861,459,36.8,36.8,3925,496,0,747,0.724,1,COM7
2,231931,37,rpm,796,459,36.8,36.8,3925,496,0,747,0.724,1,COM7
2,231952,37,rpm,790,459,36.8,36.8,3925,496,0,747,0.724,1,COM7
2,231973,37,rpm,683,459,36.8,36.8,3925,496,0,747,0.725,1,COM7
2,231994,37,rpm,625,459,36.8,36.8,3925,496,0,747,0.725,1,COM7
2,232014,37,rpm,506,459,36.8,36.8,3925,496,0,747,0.725,1,COM7
2,232035,37,rpm,419,459,36.8,36.8,3925,496,0,747,0.725,1,COM7
2,232056,37,rpm,275,459,36.8,36.8,3925,496,0,748,0.725,1,COM7
2,232076,37,rpm,-296,459,36.8,36.8,3925,496,0,748,0.725,1,COM7
2,232097,37,rpm,-35,459,36.8,36.8,3925,496,0,748,0.726,1,COM7
2,232118,37,rpm,244,459,36.8,36.8,3925,496,0,748,0.726,1,COM7
2,232139,37,rpm,669,459,36.8,36.8,3925,496,0,748,0.726,1,COM7
2,232159,37,rpm,724,459,36.8,36.8,3925,496,0,748,0.726,1,COM7
2,232180,37,rpm,921,459,36.8,36.8,3925,496,0,749,0.726,1,COM7
2,232201,37,rpm,778,459,36.8,36.8,3925,496,0,749,0.726,1,COM7
2,232222,37,rpm,584,459,36.8,36.8,3925,496,0,749,0.726,1,COM7
2,232242,37,rpm,675,459,36.8,36.8,3925,496,0,749,0.727,1,COM7
2,232263,37,rpm,588,459,36.8,36.8,3925,496,0,749,0.727,1,COM7
2,232284,37,rpm,402,459,36.8,36.8,3925,496,0,749,0.727,1,COM7
2,232304,37,rpm,304,459,36.8,36.8,3925,496,0,750,0.727,1,COM7
2,232325,37,rpm,26,459,36.8,36.8,3925,496,0,750,0.727,1,COM7
2,232346,37,rpm,-251,459,36.8,36.8,3925,496,0,750,0.727,1,COM7
2,232367,37,rpm,94,459,36.8,36.8,3925,496,0,750,0.728,1,COM7
2,232387,37,rpm,610,459,36.8,36.8,3925,496,0,750,0.728,1,COM7
2,232408,37,rpm,780,459,36.8,36.8,3925,496,0,750,0.728,1,COM7
2,232429,37,rpm,758,459,36.8,36.8,3925,496,0,751,0.728,1,COM7
2,232450,37,rpm,831,459,36.8,36.8,3925,496,0,751,0.728,1,COM7
2,232470,37,rpm,725,459,36.8,36.8,3925,496,0,751,0.728,1,COM7
2,232491,37,rpm,549,459,36.8,36.8,3925,496,0,751,0.728,1,COM7
2,232512,37,rpm,547,459,36.8,36.8,3925,496,0,751,0.729,1,COM7
2,232533,37,rpm,547,459,36.8,36.8,3925,496,0,751,0.729,1,COM7
2,232553,37,rpm,323,459,36.8,36.8,3925,496,0,751,0.729,1,COM7
2,232574,37,rpm,251,459,36.8,36.8,3925,496,0,752,0.729,1,COM7
2,232595,37,rpm,-379,459,36.8,36.8,3925,496,0,752,0.729,1,COM7
2,232615,37,rpm,52,459,36.8,36.8,3925,496,0,752,0.729,1,COM7
2,232636,37,rpm,331,459,36.8,36.8,3925,496,0,752,0.73,1,COM7
2,232657,37,rpm,738,459,36.8,36.8,3925,496,0,752,0.73,1,COM7
2,232678,37,rpm,808,459,36.8,36.8,3925,496,0,752,0.73,1,COM7
2,232698,37,rpm,865,459,36.8,36.8,3925,496,0,753,0.73,1,COM7
2,232719,37,rpm,696,459,36.8,36.8,3925,496,0,753,0.73,1,COM7
2,232740,37,rpm,633,459,36.8,36.8,3925,496,0,753,0.73,1,COM7
2,232761,37,rpm,673,459,36.8,36.8,3925,496,0,753,0.73,1,COM7
2,232781,37,rpm,494,459,36.8,36.8,3925,496,0,753,0.731,1,COM7
2,232802,37,rpm,378,459,36.8,36.8,3925,496,0,753,0.731,1,COM7
2,232823,37,rpm,340,459,36.8,36.8,3925,496,0,754,0.731,1,COM7
2,232844,37,rpm,-170,459,36.8,36.8,3925,496,0,754,0.731,1,COM7
2,232864,37,rpm,-131,459,36.8,36.8,3925,496,0,754,0.731,1,COM7
2,232885,37,rpm,187,459,36.8,36.8,3925,496,0,754,0.731,1,COM7
2,232906,37,rpm,679,459,36.8,36.8,3925,496,0,754,0.732,1,COM7
2,232926,37,rpm,703,459,36.8,36.8,3925,496,0,754,0.732,1,COM7
2,232947,37,rpm,844,459,36.8,36.8,3925,496,0,754,0.732,1,COM7
2,232968,37,rpm,863,459,36.8,36.8,3925,496,0,755,0.732,1,COM7
2,232989,37,rpm,643,459,36.8,36.8,3925,496,0,755,0.732,1,COM7
2,233010,37,rpm,560,459,36.8,36.8,3925,496,0,755,0.732,1,COM7
2,233030,37,rpm,629,459,36.8,36.8,3925,496,0,755,0.732,1,COM7
2,233051,37,rpm,456,459,36.8,36.8,3925,496,0,755,0.733,1,COM7
2,233072,37,rpm,291,459,36.8,36.8,3925,496,0,755,0.733,1,COM7
2,233093,37,rpm,153,459,36.8,36.8,3925,496,0,756,0.733,1,COM7
2,233113,37,rpm,-368,459,36.8,36.8,3925,496,0,756,0.733,1,COM7
2,233134,37,rpm,74,459,36.8,36.8,3925,496,0,756,0.733,1,COM7
2,233155,37,rpm,494,459,36.8,36.8,3925,496,0,756,0.733,1,COM7
2,233175,37,rpm,793,459,36.8,36.8,3925,496,0,756,0.734,1,COM7
2,233196,37,rpm,802,459,36.8,36.8,3925,496,0,756,0.734,1,COM7
2,233217,37,rpm,750,459,36.8,36.8,3925,496,0,757,0.734,1,COM7
2,233238,37,rpm,791,459,36.8,36.8,3925,496,0,757,0.734,1,COM7
2,233258,37,rpm,614,459,36.8,36.8,3925,496,0,757,0.734,1,COM7
2,233279,37,rpm,553,459,36.8,36.8,3925,496,0,757,0.734,1,COM7
2,233300,37,rpm,493,459,36.8,36.8,3925,496,0,757,0.734,1,COM7
2,233320,37,rpm,342,459,36.8,36.8,3925,496,0,757,0.735,1,COM7
2,233341,37,rpm,256,459,36.8,36.8,3925,496,0,757,0.735,1,COM7
2,233362,37,rpm,-400,459,36.8,36.8,3925,496,0,758,0.735,1,COM7
2,233383,37,rpm,55,459,36.8,36.8,3925,496,0,758,0.735,1,COM7
2,233403,37,rpm,414,459,36.8,36.8,3925,496,0,758,0.735,1,COM7
2,233424,37,rpm,695,459,36.8,36.8,3925,496,0,758,0.735,1,COM7
2,233445,37,rpm,815,459,36.8,36.8,3925,496,0,758,0.736,1,COM7
2,233466,37,rpm,921,459,36.8,36.8,3925,496,0,758,0.736,1,COM7
2,233486,37,rpm,732,459,36.8,36.8,3925,496,0,759,0.736,1,COM7
2,233507,37,rpm,581,459,36.8,36.8,3925,496,0,759,0.736,1,COM7
2,233528,37,rpm,664,459,36.8,36.8,3925,496,0,759,0.736,1,COM7
2,233549,37,rpm,507,459,36.8,36.8,3925,496,0,759,0.736,1,COM7
2,233569,37,rpm,342,459,36.8,36.8,3925,496,0,759,0.736,1,COM7
2,233590,37,rpm,260,459,36.8,36.8,3925,496,0,759,0.737,1,COM7
2,233611,37,rpm,-369,459,36.8,36.8,3925,496,0,760,0.737,1,COM7
2,233632,37,rpm,36,459,36.8,36.8,3925,496,0,760,0.737,1,COM7
2,233652,37,rpm,283,459,36.8,36.8,3925,496,0,760,0.737,1,COM7
2,233673,37,rpm,756,459,36.8,36.8,3925,496,0,760,0.737,1,COM7
2,233694,37,rpm,885,459,36.8,36.8,3925,496,0,760,0.737,1,COM7
2,233714,37,rpm,715,459,36.8,36.8,3925,496,0,760,0.738,1,COM7
2,233735,37,rpm,798,459,36.8,36.8,3925,496,0,760,0.738,1,COM7
2,233756,37,rpm,722,459,36.8,36.8,3925,496,0,761,0.738,1,COM7
2,233777,37,rpm,569,459,36.8,36.8,3925,496,0,761,0.738,1,COM7
2,233797,37,rpm,492,459,36.8,36.8,3925,496,0,761,0.738,1,COM7
2,233818,37,rpm,466,459,36.8,36.8,3925,496,0,761,0.738,1,COM7
2,233839,37,rpm,293,459,36.8,36.8,3925,496,0,761,0.738,1,COM7
2,233859,37,rpm,-62,459,36.8,36.8,3925,496,0,761,0.739,1,COM7
2,233880,37,rpm,-200,459,36.8,36.8,3925,496,0,762,0.739,1,COM7
2,233901,37,rpm,142,459,36.8,36.8,3925,496,0,762,0.739,1,COM7
2,233921,37,rpm,573,459,36.8,36.8,3925,496,0,762,0.739,1,COM7
2,233942,37,rpm,798,459,36.8,36.8,3925,496,0,762,0.739,1,COM7
2,233963,37,rpm,890,459,36.8,36.8,3925,496,0,762,0.739,1,COM7
2,233984,37,rpm,757,459,36.8,36.8,3925,496,0,762,0.74,1,COM7
2,234004,37,rpm,645,459,36.8,36.8,3925,496,0,763,0.74,1,COM7
2,234025,37,rpm,604,459,36.8,36.8,3925,496,0,763,0.74,1,COM7
2,234046,37,rpm,603,459,36.8,36.8,3925,496,0,763,0.74,1,COM7
2,234067,37,rpm,451,459,36.8,36.8,3925,496,0,763,0.74,1,COM7
2,234087,37,rpm,323,459,36.8,36.8,3925,496,0,763,0.74,1,COM7
2,234108,37,rpm,201,459,36.8,36.8,3925,496,0,763,0.74,1,COM7
2,234129,37,rpm,-370,459,36.8,36.8,3925,496,0,764,0.741,1,COM7
2,234149,37,rpm,65,459,36.8,36.8,3925,496,0,764,0.741,1,COM7
2,234170,37,rpm,457,459,36.8,36.8,3925,496,0,764,0.741,1,COM7
2,234191,37,rpm,708,459,36.8,36.8,3925,496,0,764,0.741,1,COM7
2,234212,37,rpm,702,459,36.8,36.8,3925,496,0,764,0.741,1,COM7
2,234232,37,rpm,961,459,36.8,36.8,3925,496,0,764,0.741,1,COM7
2,234253,37,rpm,742,459,36.8,36.8,3925,496,0,764,0.742,1,COM7
2,234274,37,rpm,594,459,36.8,36.8,3925,496,0,765,0.742,1,COM7
2,234295,37,rpm,634,459,36.8,36.8,3925,496,0,765,0.742,1,COM7
2,234315,37,rpm,547,459,36.8,36.8,3925,496,0,765,0.742,1,COM7
2,234336,37,rpm,367,459,36.8,36.8,3925,496,0,765,0.742,1,COM7
2,234357,37,rpm,282,459,36.8,36.8,3925,496,0,765,0.742,1,COM7
2,234377,37,rpm,-330,459,36.8,36.8,3925,496,0,765,0.742,1,COM7
2,234398,37,rpm,-9,459,36.8,36.8,3925,496,0,766,0.743,1,COM7
2,234419,37,rpm,239,459,36.8,36.8,3925,496,0,766,0.743,1,COM7
2,234440,37,rpm,667,459,36.8,36.8,3925,496,0,766,0.743,1,COM7
2,234460,37,rpm,903,459,36.8,36.8,3925,496,0,766,0.743,1,COM7
2,234481,37,rpm,744,459,36.8,36.8,3925,496,0,766,0.743,1,COM7
2,234502,37,rpm,754,459,36.8,36.8,3925,496,0,766,0.743,1,COM7
2,234522,37,rpm,765,459,36.8,36.8,3925,496,0,767,0.744,1,COM7
2,234543,37,rpm,577,459,36.8,36.8,3925,496,0,767,0.744,1,COM7
2,234564,37,rpm,511,459,36.8,36.8,3925,496,0,767,0.744,1,COM7
2,234585,37,rpm,466,459,36.8,36.8,3925,496,0,767,0.744,1,COM7
2,234605,37,rpm,312,459,36.8,36.8,3925,496,0,767,0.744,1,COM7
2,234626,37,rpm,19,459,36.8,36.8,3925,496,0,767,0.744,1,COM7
2,234647,37,rpm,-281,459,36.8,36.8,3925,496,0,767,0.744,1,COM7
2,234668,37,rpm,112,459,36.8,36.8,3925,496,0,768,0.745,1,COM7
2,234688,37,rpm,552,459,36.8,36.8,3925,496,0,768,0.745,1,COM7
2,234709,37,rpm,764,459,36.8,36.8,3925,496,0,768,0.745,1,COM7
2,234730,37,rpm,845,459,36.8,36.8,3925,496,0,768,0.745,1,COM7
2,234750,37,rpm,843,459,36.8,36.8,3925,496,0,768,0.745,1,COM7
2,234771,37,rpm,675,459,36.8,36.8,3925,496,0,768,0.745,1,COM7
2,234792,37,rpm,544,459,36.8,36.8,3925,496,0,769,0.746,1,COM7
2,234813,37,rpm,646,459,36.8,36.8,3925,496,0,769,0.746,1,COM7
2,234833,37,rpm,474,459,36.8,36.8,3925,496,0,769,0.746,1,COM7
2,234854,37,rpm,318,459,36.8,36.8,3925,496,0,769,0.746,1,COM7
2,234875,37,rpm,222,459,36.8,36.8,3925,496,0,769,0.746,1,COM7
2,234896,37,rpm,-380,459,36.8,36.8,3925,496,0,769,0.746,1,COM7
2,234916,37,rpm,71,459,36.8,36.8,3925,496,0,770,0.746,1,COM7
2,234937,37,rpm,457,459,36.8,36.8,3925,496,0,770,0.747,1,COM7
2,234958,37,rpm,741,459,36.8,36.8,3925,496,0,770,0.747,1,COM7
2,234978,37,rpm,910,459,36.8,36.8,3925,496,0,770,0.747,1,COM7
2,234999,37,rpm,759,459,36.8,36.8,3925,496,0,770,0.747,1,COM7
2,235020,37,rpm,779,459,36.8,36.8,3925,496,0,770,0.747,1,COM7
2,235041,37,rpm,703,459,36.8,36.8,3925,496,0,770,0.747,1,COM7
2,235061,37,rpm,541,459,36.8,36.8,3925,496,0,771,0.748,1,COM7
2,235082,37,rpm,480,459,36.8,36.8,3925,496,0,771,0.748,1,COM7
2,235103,37,rpm,369,459,36.8,36.8,3925,496,0,771,0.748,1,COM7
2,235124,37,rpm,195,459,36.8,36.8,3925,496,0,771,0.748,1,COM7
2,235144,37,rpm,-361,459,36.8,36.8,3925,496,0,771,0.748,1,COM7
2,235165,37,rpm,63,459,36.8,36.8,3925,496,0,771,0.748,1,COM7
2,235186,37,rpm,426,459,36.8,36.8,3925,496,0,772,0.748,1,COM7
2,235206,37,rpm,654,459,36.8,36.8,3925,496,0,772,0.749,1,COM7
2,235227,37,rpm,914,459,36.8,36.8,3925,496,0,772,0.749,1,COM7
2,235248,37,rpm,815,459,36.8,36.8,3925,496,0,772,0.749,1,COM7
2,235268,37,rpm,677,459,36.8,36.8,3925,496,0,772,0.749,1,COM7
2,235289,37,rpm,678,459,36.8,36.8,3925,496,0,772,0.749,1,COM7
2,235310,37,rpm,638,459,36.8,36.8,3925,496,0,773,0.749,1,COM7
2,235331,37,rpm,510,459,36.8,36.8,3925,496,0,773,0.75,1,COM7
2,235351,37,rpm,381,459,36.8,36.8,3925,496,0,773,0.75,1,COM7
2,235372,37,rpm,280,459,36.8,36.8,3925,496,0,773,0.75,1,COM7
2,235393,37,rpm,-302,459,36.8,36.8,3925,496,0,773,0.75,1,COM7
2,235413,37,rpm,-15,459,36.8,36.8,3925,496,0,773,0.75,1,COM7
2,235434,37,rpm,204,459,36.8,36.8,3925,496,0,773,0.75,1,COM7
2,235455,37,rpm,720,459,36.8,36.8,3925,496,0,774,0.75,1,COM7
2,235476,37,rpm,712,459,36.8,36.8,3925,496,0,774,0.751,1,COM7
2,235496,37,rpm,804,459,36.8,36.8,3925,496,0,774,0.751,1,COM7
2,235517,37,rpm,862,459,36.8,36.8,3925,496,0,774,0.751,1,COM7
2,235538,37,rpm,660,459,36.8,36.8,3925,496,0,774,0.751,1,COM7
2,235558,37,rpm,541,459,36.8,36.8,3925,496,0,774,0.751,1,COM7
2,235579,37,rpm,611,459,36.8,36.8,3925,496,0,775,0.751,1,COM7
2,235600,37,rpm,459,459,36.8,36.8,3925,496,0,775,0.752,1,COM7
2,235621,37,rpm,312,459,36.8,36.8,3925,496,0,775,0.752,1,COM7
2,235641,37,rpm,94,459,36.8,36.8,3925,496,0,775,0.752,1,COM7
2,235662,37,rpm,-310,459,36.8,36.8,3925,496,0,775,0.752,1,COM7
2,235683,37,rpm,88,459,36.8,36.8,3925,496,0,775,0.752,1,COM7
2,235704,37,rpm,480,459,36.8,36.8,3925,496,0,776,0.752,1,COM7
2,235724,37,rpm,745,459,36.8,36.8,3925,496,0,776,0.752,1,COM7
2,235745,37,rpm,888,459,36.8,36.8,3925,496,0,776,0.753,1,COM7
2,235766,37,rpm,772,459,36.8,36.8,3925,496,0,776,0.753,1,COM7
2,235786,37,rpm,664,459,36.8,36.8,3925,496,0,776,0.753,1,COM7
2,235807,37,rpm,707,459,36.8,36.8,3925,496,0,776,0.753,1,COM7
2,235828,37,rpm,538,459,36.8,36.8,3925,496,0,777,0.753,1,COM7
2,235849,37,rpm,489,459,36.8,36.8,3925,496,0,777,0.753,1,COM7
2,235869,37,rpm,414,459,36.8,36.8,3925,496,0,777,0.754,1,COM7
2,235890,37,rpm,249,459,36.8,36.8,3925,496,0,777,0.754,1,COM7
2,235911,37,rpm,-387,459,36.8,36.8,3925,496,0,777,0.754,1,COM7
2,235931,37,rpm,34,459,36.8,36.8,3925,496,0,777,0.754,1,COM7
2,235952,37,rpm,308,459,36.8,36.8,3925,496,0,777,0.754,1,COM7
2,235973,37,rpm,646,459,36.8,36.8,3925,496,0,778,0.754,1,COM7
2,235994,37,rpm,843,459,36.8,36.8,3925,496,0,778,0.754,1,COM7
2,236014,37,rpm,873,459,36.8,36.8,3925,496,0,778,0.755,1,COM7
2,236035,37,rpm,691,459,36.8,36.8,3925,496,0,778,0.755,1,COM7
2,236056,37,rpm,668,459,36.8,36.8,3925,496,0,778,0.755,1,COM7
2,236076,37,rpm,574,459,36.8,36.8,3925,496,0,778,0.755,1,COM7
2,236097,37,rpm,580,459,36.8,36.8,3925,496,0,779,0.755,1,COM7
2,236118,37,rpm,385,459,36.8,36.8,3925,496,0,779,0.755,1,COM7
2,236139,37,rpm,313,459,36.8,36.8,3925,496,0,779,0.756,1,COM7
2,236159,37,rpm,-82,459,36.8,36.8,3925,496,0,779,0.756,1,COM7
2,236180,37,rpm,-178,459,36.8,36.8,3925,496,0,779,0.756,1,COM7
2,236201,37,rpm,122,459,36.8,36.8,3925,496,0,779,0.756,1,COM7
2,236221,37,rpm,645,459,36.8,36.8,3925,496,0,780,0.756,1,COM7
2,236242,37,rpm,770,459,36.8,36.8,3925,496,0,780,0.756,1,COM7
2,236263,37,rpm,801,459,36.8,36.8,3925,496,0,780,0.756,1,COM7
2,236284,37,rpm,806,459,36.8,36.8,3925,496,0,780,0.757,1,COM7
2,236304,37,rpm,708,459,36.8,36.8,3925,496,0,780,0.757,1,COM7
2,236325,37,rpm,603,459,36.8,36.8,3925,496,0,780,0.757,1,COM7
2,236346,37,rpm,507,459,36.8,36.8,3925,496,0,780,0.757,1,COM7
2,236367,37,rpm,514,459,36.8,36.8,3925,496,0,781,0.757,1,COM7
2,236387,37,rpm,344,459,36.8,36.8,3925,496,0,781,0.757,1,COM7
2,236408,37,rpm,99,459,36.8,36.8,3925,496,0,781,0.758,1,COM7
2,236429,37,rpm,-340,459,36.8,36.8,3925,496,0,781,0.758,1,COM7
2,236449,37,rpm,94,459,36.8,36.8,3925,496,0,781,0.758,1,COM7
2,236470,37,rpm,506,459,36.8,36.8,3925,496,0,781,0.758,1,COM7
2,236491,37,rpm,695,459,36.8,36.8,3925,496,0,782,0.758,1,COM7
2,236512,37,rpm,1007,459,36.8,36.8,3925,496,0,782,0.758,1,COM7
2,236532,37,rpm,755,459,36.8,36.8,3925,496,0,782,0.758,1,COM7
2,236553,37,rpm,676,459,36.8,36.8,3925,496,0,782,0.759,1,COM7
2,236574,37,rpm,706,459,36.8,36.8,3925,496,0,782,0.759,1,COM7
2,236594,37,rpm,587,459,36.8,36.8,3925,496,0,782,0.759,1,COM7
2,236615,37,rpm,431,459,36.8,36.8,3925,496,0,783,0.759,1,COM7
2,236636,37,rpm,350,459,36.8,36.8,3925,496,0,783,0.759,1,COM7
2,236657,37,rpm,182,459,36.8,36.8,3925,496,0,783,0.759,1,COM7
2,236677,37,rpm,-377,459,36.8,36.8,3925,496,0,783,0.76,1,COM7
2,236698,37,rpm,75,459,36.8,36.8,3925,496,0,783,0.76,1,COM7
2,236719,37,rpm,480,459,36.8,36.8,3925,496,0,783,0.76,1,COM7
2,236740,37,rpm,691,459,36.8,36.8,3925,496,0,783,0.76,1,COM7
2,236760,37,rpm,822,459,36.8,36.8,3925,496,0,784,0.76,1,COM7
2,236781,37,rpm,824,459,36.8,36.8,3925,496,0,784,0.76,1,COM7
2,236802,37,rpm,785,459,36.8,36.8,3925,496,0,784,0.76,1,COM7
2,236823,37,rpm,625,459,36.8,36.8,3925,496,0,784,0.761,1,COM7
2,236843,37,rpm,529,459,36.8,36.8,3925,496,0,784,0.761,1,COM7
2,236864,37,rpm,573,459,36.8,36.8,3925,496,0,784,0.761,1,COM7
2,236885,37,rpm,374,459,36.8,36.8,3925,496,0,785,0.761,1,COM7
2,236905,37,rpm,267,459,36.8,36.8,3925,496,0,785,0.761,1,COM7
2,236926,37,rpm,-343,459,36.8,36.8,3925,496,0,785,0.761,1,COM7
2,236947,37,rpm,17,459,36.8,36.8,3925,496,0,785,0.762,1,COM7
2,236968,37,rpm,261,459,36.8,36.8,3925,496,0,785,0.762,1,COM7
2,236988,37,rpm,672,459,36.8,36.8,3925,496,0,785,0.762,1,COM7
2,237009,37,rpm,836,459,36.8,36.8,3925,496,0,786,0.762,1,COM7
2,237030,37,rpm,863,459,36.8,36.8,3925,496,0,786,0.762,1,COM7
2,237051,37,rpm,686,459,36.8,36.8,3925,496,0,786,0.762,1,COM7
2,237071,37,rpm,697,459,36.8,36.8,3925,496,0,786,0.762,1,COM7
2,237092,37,rpm,626,459,36.8,36.8,3925,496,0,786,0.763,1,COM7
2,237113,37,rpm,503,459,36.8,36.8,3925,496,0,786,0.763,1,COM7
2,237134,37,rpm,411,459,36.8,36.8,3925,496,0,786,0.763,1,COM7
2,237154,37,rpm,340,459,36.8,36.8,3925,496,0,787,0.763,1,COM7
2,237175,37,rpm,-28,459,36.8,36.8,3925,496,0,787,0.763,1,COM7
2,237196,37,rpm,-242,459,36.8,36.8,3925,496,0,787,0.763,1,COM7
2,237217,37,rpm,122,459,36.8,36.8,3925,496,0,787,0.764,1,COM7
2,237237,37,rpm,584,459,36.8,36.8,3925,496,0,787,0.764,1,COM7
2,237258,37,rpm,648,459,36.8,36.8,3925,496,0,787,0.764,1,COM7
2,237279,37,rpm,963,459,36.8,36.8,3925,496,0,788,0.764,1,COM7
2,237299,37,rpm,805,459,36.8,36.8,3925,496,0,788,0.764,1,COM7
2,237320,37,rpm,632,459,36.8,36.8,3925,496,0,788,0.764,1,COM7
2,237341,37,rpm,641,459,36.8,36.8,3925,496,0,788,0.764,1,COM7
2,237362,37,rpm,553,459,36.8,36.8,3925,496,0,788,0.765,1,COM7
2,237382,37,rpm,521,459,36.8,36.8,3925,496,0,788,0.765,1,COM7
2,237403,37,rpm,343,459,36.8,36.8,3925,496,0,789,0.765,1,COM7
2,237424,37,rpm,209,459,36.8,36.8,3925,496,0,789,0.765,1,COM7
2,237444,37,rpm,-401,459,36.8,36.8,3925,496,0,789,0.765,1,COM7
2,237465,37,rpm,63,459,36.8,36.8,3925,496,0,789,0.765,1,COM7
2,237486,37,rpm,368,459,36.8,36.8,3925,496,0,789,0.766,1,COM7
2,237507,37,rpm,756,459,36.8,36.8,3925,496,0,789,0.766,1,COM7
2,237527,37,rpm,816,459,36.8,36.8,3925,496,0,790,0.766,1,COM7
2,237548,37,rpm,809,459,36.8,36.8,3925,496,0,790,0.766,1,COM7
2,237569,37,rpm,736,459,36.8,36.8,3925,496,0,790,0.766,1,COM7
2,237590,37,rpm,683,459,36.8,36.8,3925,496,0,790,0.766,1,COM7
2,237610,37,rpm,560,459,36.8,36.8,3925,496,0,790,0.766,1,COM7
2,237631,37,rpm,529,459,36.8,36.8,3925,496,0,790,0.767,1,COM7
2,237652,37,rpm,417,459,36.8,36.8,3925,496,0,790,0.767,1,COM7
2,237672,37,rpm,276,459,36.8,36.8,3925,496,0,791,0.767,1,COM7
2,237693,37,rpm,-258,459,36.8,36.8,3925,496,0,791,0.767,1,COM7
2,237714,37,rpm,-80,459,36.8,36.8,3925,496,0,791,0.767,1,COM7
2,237735,37,rpm,200,459,36.8,36.8,3925,496,0,791,0.767,1,COM7
2,237755,37,rpm,644,459,36.8,36.8,3925,496,0,791,0.768,1,COM7
2,237776,37,rpm,768,459,36.8,36.8,3925,496,0,791,0.768,1,COM7
2,237797,37,rpm,940,459,36.8,36.8,3925,496,0,792,0.768,1,COM7
2,237818,37,rpm,681,459,36.8,36.8,3925,496,0,792,0.768,1,COM7
2,237838,37,rpm,682,459,36.8,36.8,3925,496,0,792,0.768,1,COM7
2,237859,37,rpm,668,459,36.8,36.8,3925,496,0,792,0.768,1,COM7
2,237880,37,rpm,529,459,36.8,36.8,3925,496,0,792,0.768,1,COM7
2,237900,37,rpm,409,459,36.8,36.8,3925,496,0,792,0.769,1,COM7
2,237921,37,rpm,347,459,36.8,36.8,3925,496,0,793,0.769,1,COM7
2,237942,37,rpm,-28,459,36.8,36.8,3925,496,0,793,0.769,1,COM7
2,237963,37,rpm,-233,459,36.8,36.8,3925,496,0,793,0.769,1,COM7
2,237983,37,rpm,117,459,36.8,36.8,3925,496,0,793,0.769,1,COM7
2,238004,37,rpm,640,459,36.8,36.8,3925,496,0,793,0.769,1,COM7
2,238025,37,rpm,752,459,36.8,36.8,3925,496,0,793,0.77,1,COM7
2,238046,37,rpm,864,459,36.8,36.8,3925,496,0,793,0.77,1,COM7
2,238066,37,rpm,850,459,36.8,36.8,3925,496,0,794,0.77,1,COM7
2,238087,37,rpm,712,459,36.8,36.8,3925,496,0,794,0.77,1,COM7
2,238108,37,rpm,650,459,36.8,36.8,3925,496,0,794,0.77,1,COM7
2,238128,37,rpm,525,459,36.8,36.8,3925,496,0,794,0.77,1,COM7
2,238149,37,rpm,471,459,36.8,36.8,3925,496,0,794,0.77,1,COM7
2,238170,37,rpm,316,459,36.8,36.8,3925,496,0,794,0.771,1,COM7
2,238191,37,rpm,48,459,36.8,36.8,3925,496,0,795,0.771,1,COM7
2,238211,37,rpm,-299,459,36.8,36.8,3925,496,0,795,0.771,1,COM7
2,238232,37,rpm,111,459,36.8,36.8,3925,496,0,795,0.771,1,COM7
2,238253,37,rpm,497,459,36.8,36.8,3925,496,0,795,0.771,1,COM7
2,238274,37,rpm,738,459,36.8,36.8,3925,496,0,795,0.771,1,COM7
2,238294,37,rpm,899,459,36.8,36.8,3925,496,0,795,0.772,1,COM7
2,238315,37,rpm,805,459,36.8,36.8,3925,496,0,796,0.772,1,COM7
2,238336,37,rpm,616,459,36.8,36.8,3925,496,0,796,0.772,1,COM7
2,238356,37,rpm,689,459,36.8,36.8,3925,496,0,796,0.772,1,COM7
2,238377,37,rpm,639,459,36.8,36.8,3925,496,0,796,0.772,1,COM7
2,238398,37,rpm,403,459,36.8,36.8,3925,496,0,796,0.772,1,COM7
2,238419,37,rpm,392,459,36.8,36.8,3925,496,0,796,0.772,1,COM7
2,238439,37,rpm,240,459,36.8,36.8,3925,496,0,796,0.773,1,COM7
2,238460,37,rpm,-359,459,36.8,36.8,3925,496,0,797,0.773,1,COM7
2,238481,37,rpm,40,459,36.8,36.8,3925,496,0,797,0.773,1,COM7
2,238502,37,rpm,392,459,36.8,36.8,3925,496,0,797,0.773,1,COM7
2,238522,37,rpm,648,459,36.8,36.8,3925,496,0,797,0.773,1,COM7
2,238543,37,rpm,749,459,36.8,36.8,3925,496,0,797,0.773,1,COM7
2,238564,37,rpm,908,459,36.8,36.8,3925,496,0,797,0.774,1,COM7
2,238584,37,rpm,706,459,36.8,36.8,3925,496,0,798,0.774,1,COM7
2,238605,37,rpm,612,459,36.8,36.8,3925,496,0,798,0.774,1,COM7
2,238626,37,rpm,618,459,36.8,36.8,3925,496,0,798,0.774,1,COM7
2,238647,37,rpm,545,459,36.8,36.8,3925,496,0,798,0.774,1,COM7
2,238668,37,rpm,382,459,36.8,36.8,3925,496,0,798,0.774,1,COM7
2,238688,37,rpm,302,459,36.8,36.8,3925,496,0,798,0.774,1,COM7
2,238709,37,rpm,-145,459,36.8,36.8,3925,496,0,799,0.775,1,COM7
2,238730,37,rpm,-118,459,36.8,36.8,3925,496,0,799,0.775,1,COM7
2,238750,37,rpm,148,459,36.8,36.8,3925,496,0,799,0.775,1,COM7
2,238771,37,rpm,626,459,36.8,36.8,3925,496,0,799,0.775,1,COM7
2,238792,37,rpm,813,459,36.8,36.8,3925,496,0,799,0.775,1,COM7
2,238813,37,rpm,822,459,36.8,36.8,3925,496,0,799,0.775,1,COM7
2,238833,37,rpm,781,459,36.8,36.8,3925,496,0,800,0.776,1,COM7
2,238854,37,rpm,713,459,36.8,36.8,3925,496,0,800,0.776,1,COM7
2,238875,37,rpm,645,459,36.8,36.8,3925,496,0,800,0.776,1,COM7
2,238895,37,rpm,526,459,36.8,36.8,3925,496,0,800,0.776,1,COM7
2,238916,37,rpm,476,459,36.8,36.8,3925,496,0,800,0.776,1,COM7
2,238937,37,rpm,363,459,36.8,36.8,3925,496,0,800,0.776,1,COM7
2,238958,37,rpm,154,459,36.8,36.8,3925,496,0,800,0.776,1,COM7
2,238978,37,rpm,-390,459,36.8,36.8,3925,496,0,801,0.777,1,COM7
2,238999,37,rpm,86,459,36.8,36.8,3925,496,0,801,0.777,1,COM7
2,239020,37,rpm,491,459,36.8,36.8,3925,496,0,801,0.777,1,COM7
2,239041,37,rpm,673,459,36.8,36.8,3925,496,0,801,0.777,1,COM7
2,239061,37,rpm,883,459,36.8,36.8,3925,496,0,801,0.777,1,COM7
2,239082,37,rpm,873,459,36.8,36.8,3925,496,0,801,0.777,1,COM7
2,239103,37,rpm,652,459,36.8,36.8,3925,496,0,802,0.778,1,COM7
2,239124,37,rpm,621,459,36.8,36.8,3925,496,0,802,0.778,1,COM7
2,239144,37,rpm,632,459,36.8,36.8,3925,496,0,802,0.778,1,COM7
2,239165,37,rpm,476,459,36.8,36.8,3925,496,0,802,0.778,1,COM7
2,239186,37,rpm,358,459,36.8,36.8,3925,496,0,802,0.778,1,COM7
2,239207,37,rpm,295,459,36.8,36.8,3925,496,0,802,0.778,1,COM7
2,239227,37,rpm,-358,459,36.8,36.8,3925,496,0,803,0.778,1,COM7
2,239248,37,rpm,15,459,36.8,36.8,3925,496,0,803,0.779,1,COM7
2,239269,37,rpm,272,459,36.8,36.8,3925,496,0,803,0.779,1,COM7
2,239289,37,rpm,696,459,36.8,36.8,3925,496,0,803,0.779,1,COM7
2,239310,37,rpm,796,459,36.8,36.8,3925,496,0,803,0.779,1,COM7
2,239331,37,rpm,854,459,36.8,36.8,3925,496,0,803,0.779,1,COM7
2,239352,37,rpm,756,459,36.8,36.8,3925,496,0,803,0.779,1,COM7
2,239373,37,rpm,665,459,36.8,36.8,3925,496,0,804,0.78,1,COM7
2,239393,37,rpm,601,459,36.8,36.8,3925,496,0,804,0.78,1,COM7
2,239414,37,rpm,487,459,36.8,36.8,3925,496,0,804,0.78,1,COM7
2,239435,37,rpm,455,459,36.8,36.8,3925,496,0,804,0.78,1,COM7
2,239455,37,rpm,312,459,36.8,36.8,3925,496,0,804,0.78,1,COM7
2,239476,37,rpm,-153,459,36.8,36.8,3925,496,0,804,0.78,1,COM7
2,239497,37,rpm,-121,459,36.8,36.8,3925,496,0,805,0.78,1,COM7
2,239518,37,rpm,191,459,36.8,36.8,3925,496,0,805,0.781,1,COM7
2,239538,37,rpm,619,459,36.8,36.8,3925,496,0,805,0.781,1,COM7
2,239559,37,rpm,790,459,36.8,36.8,3925,496,0,805,0.781,1,COM7
2,239580,37,rpm,957,459,36.8,36.8,3925,496,0,805,0.781,1,COM7
2,239601,37,rpm,753,459,36.8,36.8,3925,496,0,805,0.781,1,COM7
2,239621,37,rpm,626,459,36.8,36.8,3925,496,0,806,0.781,1,COM7
2,239642,37,rpm,697,459,36.8,36.8,3925,496,0,806,0.782,1,COM7
2,239663,37,rpm,564,459,36.8,36.8,3925,496,0,806,0.782,1,COM7
2,239683,37,rpm,349,459,36.8,36.8,3925,496,0,806,0.782,1,COM7
2,239704,37,rpm,325,459,36.8,36.8,3925,496,0,806,0.782,1,COM7
2,239725,37,rpm,-78,459,36.8,36.8,3925,496,0,806,0.782,1,COM7
2,239746,37,rpm,-191,459,36.8,36.8,3925,496,0,806,0.782,1,COM7
2,239766,37,rpm,139,459,36.8,36.8,3925,496,0,807,0.782,1,COM7
2,239787,37,rpm,683,459,36.8,36.8,3925,496,0,807,0.783,1,COM7
2,239808,37,rpm,679,459,36.8,36.8,3925,496,0,807,0.783,1,COM7
2,239829,37,rpm,819,459,36.8,36.8,3925,496,0,807,0.783,1,COM7
2,239849,37,rpm,895,459,36.8,36.8,3925,496,0,807,0.783,1,COM7
2,239870,37,rpm,624,459,36.8,36.8,3925,496,0,807,0.783,1,COM7
2,239891,37,rpm,600,459,36.8,36.8,3925,496,0,808,0.783,1,COM7
2,239912,37,rpm,608,459,36.8,36.8,3925,496,0,808,0.784,1,COM7
2,239932,37,rpm,463,459,36.8,36.8,3925,496,0,808,0.784,1,COM7
2,239953,37,rpm,313,459,36.8,36.8,3925,496,0,808,0.784,1,COM7
2,239974,37,rpm,179,459,36.8,36.8,3925,496,0,808,0.784,1,COM7
2,239994,37,rpm,-358,459,36.8,36.8,3925,496,0,808,0.784,1,COM7
2,240015,37,rpm,69,459,36.8,36.8,3925,496,0,809,0.784,1,COM7
2,240036,37,rpm,484,459,36.8,36.8,3925,496,0,809,0.784,1,COM7
2,240057,37,rpm,649,459,36.8,36.8,3925,496,0,809,0.785,1,COM7
2,240077,37,rpm,926,459,36.8,36.8,3925,496,0,809,0.785,1,COM7
2,240098,37,rpm,820,459,36.8,36.8,3925,496,0,809,0.785,1,COM7
2,240119,37,rpm,662,459,36.8,36.8,3925,496,0,809,0.785,1,COM7
2,240140,37,rpm,670,459,36.8,36.8,3925,496,0,810,0.785,1,COM7
2,240160,37,rpm,607,459,36.8,36.8,3925,496,0,810,0.785,1,COM7
2,240181,37,rpm,453,459,36.8,36.8,3925,496,0,810,0.786,1,COM7
2,240202,37,rpm,403,459,36.8,36.8,3925,496,0,810,0.786,1,COM7
2,240223,37,rpm,299,459,36.8,36.8,3925,496,0,810,0.786,1,COM7
2,240243,37,rpm,-325,459,36.8,36.8,3925,496,0,810,0.786,1,COM7
2,240264,37,rpm,-4,459,36.8,36.8,3925,496,0,810,0.786,1,COM7
2,240285,37,rpm,252,459,36.8,36.8,3925,496,0,811,0.786,1,COM7
2,240305,37,rpm,641,459,36.8,36.8,3925,496,0,811,0.786,1,COM7
2,240326,37,rpm,737,459,36.8,36.8,3925,496,0,811,0.787,1,COM7
2,240347,37,rpm,891,459,36.8,36.8,3925,496,0,811,0.787,1,COM7
2,240367,37,rpm,810,459,36.8,36.8,3925,496,0,811,0.787,1,COM7
2,240388,37,rpm,563,459,36.8,36.8,3925,496,0,811,0.787,1,COM7
2,240409,37,rpm,639,459,36.8,36.8,3925,496,0,812,0.787,1,COM7
2,240430,37,rpm,639,459,36.8,36.8,3925,496,0,812,0.787,1,COM7
2,240450,37,rpm,368,459,36.8,36.8,3925,496,0,812,0.788,1,COM7
2,240471,37,rpm,334,459,36.8,36.8,3925,496,0,812,0.788,1,COM7
2,240492,37,rpm,-4,459,36.8,36.8,3925,496,0,812,0.788,1,COM7
2,240513,37,rpm,-253,459,36.8,36.8,3925,496,0,812,0.788,1,COM7
2,240533,37,rpm,103,459,36.8,36.8,3925,496,0,813,0.788,1,COM7
2,240554,37,rpm,613,459,36.8,36.8,3925,496,0,813,0.788,1,COM7
2,240575,37,rpm,696,459,36.8,36.8,3925,496,0,813,0.788,1,COM7
2,240595,37,rpm,817,459,36.8,36.8,3925,496,0,813,0.789,1,COM7
2,240616,37,rpm,843,459,36.8,36.8,3925,496,0,813,0.789,1,COM7
2,240637,37,rpm,678,459,36.8,36.8,3925,496,0,813,0.789,1,COM7
2,240658,37,rpm,642,459,36.8,36.8,3925,496,0,813,0.789,1,COM7
2,240678,37,rpm,551,459,36.8,36.8,3925,496,0,814,0.789,1,COM7
2,240699,37,rpm,493,459,36.8,36.8,3925,496,0,814,0.789,1,COM7
2,240720,37,rpm,373,459,36.8,36.8,3925,496,0,814,0.79,1,COM7
2,240741,37,rpm,230,459,36.8,36.8,3925,496,0,814,0.79,1,COM7
2,240761,37,rpm,-396,459,36.8,36.8,3925,496,0,814,0.79,1,COM7
2,240782,37,rpm,56,459,36.8,36.8,3925,496,0,814,0.79,1,COM7
2,240803,37,rpm,353,459,36.8,36.8,3925,496,0,815,0.79,1,COM7
2,240823,37,rpm,669,459,36.8,36.8,3925,496,0,815,0.79,1,COM7
2,240844,37,rpm,858,459,36.8,36.8,3925,496,0,815,0.79,1,COM7
2,240865,37,rpm,887,459,36.8,36.8,3925,496,0,815,0.791,1,COM7
2,240886,37,rpm,656,459,36.8,36.8,3925,496,0,815,0.791,1,COM7
2,240906,37,rpm,663,459,36.8,36.8,3925,496,0,815,0.791,1,COM7
2,240927,37,rpm,659,459,36.8,36.8,3925,496,0,816,0.791,1,COM7
2,240948,37,rpm,524,459,36.8,36.8,3925,496,0,816,0.791,1,COM7
2,240969,37,rpm,346,459,36.8,36.8,3925,496,0,816,0.791,1,COM7
2,240989,37,rpm,305,459,36.8,36.8,3925,496,0,816,0.792,1,COM7
2,241010,37,rpm,-288,459,36.8,36.8,3925,496,0,816,0.792,1,COM7
2,241031,37,rpm,-45,459,36.8,36.8,3925,496,0,816,0.792,1,COM7
2,241052,37,rpm,216,459,36.8,36.8,3925,496,0,816,0.792,1,COM7
2,241072,37,rpm,740,459,36.8,36.8,3925,496,0,817,0.792,1,COM7
2,241093,37,rpm,813,459,36.8,36.8,3925,496,0,817,0.792,1,COM7
2,241114,37,rpm,842,459,36.8,36.8,3925,496,0,817,0.792,1,COM7
2,241134,37,rpm,854,459,36.8,36.8,3925,496,0,817,0.793,1,COM7
2,241155,37,rpm,631,459,36.8,36.8,3925,496,0,817,0.793,1,COM7
2,241176,37,rpm,597,459,36.8,36.8,3925,496,0,817,0.793,1,COM7
2,241197,37,rpm,562,459,36.8,36.8,3925,496,0,818,0.793,1,COM7
2,241217,37,rpm,392,459,36.8,36.8,3925,496,0,818,0.793,1,COM7
2,241238,37,rpm,272,459,36.8,36.8,3925,496,0,818,0.793,1,COM7
2,241259,37,rpm,-213,459,36.8,36.8,3925,496,0,818,0.794,1,COM7
2,241279,37,rpm,-55,459,36.8,36.8,3925,496,0,818,0.794,1,COM7
2,241300,37,rpm,208,459,36.8,36.8,3925,496,0,818,0.794,1,COM7
2,241321,37,rpm,668,459,36.8,36.8,3925,496,0,819,0.794,1,COM7
2,241342,37,rpm,714,459,36.8,36.8,3925,496,0,819,0.794,1,COM7
2,241362,37,rpm,906,459,36.8,36.8,3925,496,0,819,0.794,1,COM7
2,241383,37,rpm,738,459,36.8,36.8,3925,496,0,819,0.794,1,COM7
2,241404,37,rpm,654,459,36.8,36.8,3925,496,0,819,0.795,1,COM7
2,241424,37,rpm,692,459,36.8,36.8,3925,496,0,819,0.795,1,COM7
2,241445,37,rpm,542,459,36.8,36.8,3925,496,0,819,0.795,1,COM7
2,241466,37,rpm,412,459,36.8,36.8,3925,496,0,820,0.795,1,COM7
2,241487,37,rpm,346,459,36.8,36.8,3925,496,0,820,0.795,1,COM7
2,241507,37,rpm,27,459,36.8,36.8,3925,496,0,820,0.795,1,COM7
2,241528,37,rpm,-271,459,36.8,36.8,3925,496,0,820,0.796,1,COM7
2,241549,37,rpm,98,459,36.8,36.8,3925,496,0,820,0.796,1,COM7
2,241570,37,rpm,579,459,36.8,36.8,3925,496,0,820,0.796,1,COM7
2,241590,37,rpm,686,459,36.8,36.8,3925,496,0,821,0.796,1,COM7
2,241611,37,rpm,792,459,36.8,36.8,3925,496,0,821,0.796,1,COM7
2,241632,37,rpm,886,459,36.8,36.8,3925,496,0,821,0.796,1,COM7
2,241652,37,rpm,731,459,36.8,36.8,3925,496,0,821,0.796,1,COM7
2,241673,37,rpm,562,459,36.8,36.8,3925,496,0,821,0.797,1,COM7
2,241694,37,rpm,590,459,36.8,36.8,3925,496,0,821,0.797,1,COM7
2,241715,37,rpm,538,459,36.8,36.8,3925,496,0,822,0.797,1,COM7
2,241735,37,rpm,328,459,36.8,36.8,3925,496,0,822,0.797,1,COM7
2,241756,37,rpm,279,459,36.8,36.8,3925,496,0,822,0.797,1,COM7
2,241777,37,rpm,-386,459,36.8,36.8,3925,496,0,822,0.797,1,COM7
2,241797,37,rpm,42,459,36.8,36.8,3925,496,0,822,0.798,1,COM7
2,241818,37,rpm,271,459,36.8,36.8,3925,496,0,822,0.798,1,COM7
2,241839,37,rpm,771,459,36.8,36.8,3925,496,0,822,0.798,1,COM7
2,241860,37,rpm,751,459,36.8,36.8,3925,496,0,823,0.798,1,COM7
2,241880,37,rpm,794,459,36.8,36.8,3925,496,0,823,0.798,1,COM7
2,241901,37,rpm,862,459,36.8,36.8,3925,496,0,823,0.798,1,COM7
2,241922,37,rpm,608,459,36.8,36.8,3925,496,0,823,0.798,1,COM7
2,241942,37,rpm,606,459,36.8,36.8,3925,496,0,823,0.799,1,COM7
2,241963,37,rpm,560,459,36.8,36.8,3925,496,0,823,0.799,1,COM7
2,241984,37,rpm,421,459,36.8,36.8,3925,496,0,824,0.799,1,COM7
2,242005,37,rpm,325,459,36.8,36.8,3925,496,0,824,0.799,1,COM7
2,242025,37,rpm,-101,459,36.8,36.8,3925,496,0,824,0.799,1,COM7
2,242046,37,rpm,-179,459,36.8,36.8,3925,496,0,824,0.799,1,COM7
2,242067,37,rpm,156,459,36.8,36.8,3925,496,0,824,0.8,1,COM7
2,242087,37,rpm,651,459,36.8,36.8,3925,496,0,824,0.8,1,COM7
2,242108,37,rpm,649,459,36.8,36.8,3925,496,0,825,0.8,1,COM7
2,242129,37,rpm,949,459,36.8,36.8,3925,496,0,825,0.8,1,COM7
2,242150,37,rpm,817,459,36.8,36.8,3925,496,0,825,0.8,1,COM7
2,242170,37,rpm,619,459,36.8,36.8,3925,496,0,825,0.8,1,COM7
2,242191,37,rpm,690,459,36.8,36.8,3925,496,0,825,0.8,1,COM7
2,242212,37,rpm,583,459,36.8,36.8,3925,496,0,825,0.801,1,COM7
2,242233,37,rpm,433,459,36.8,36.8,3925,496,0,826,0.801,1,COM7
2,242253,37,rpm,329,459,36.8,36.8,3925,496,0,826,0.801,1,COM7
2,242274,37,rpm,188,459,36.8,36.8,3925,496,0,826,0.801,1,COM7
2,242295,37,rpm,-402,459,36.8,36.8,3925,496,0,826,0.801,1,COM7
2,242316,37,rpm,63,459,36.8,36.8,3925,496,0,826,0.801,1,COM7
2,242336,37,rpm,470,459,36.8,36.8,3925,496,0,826,0.802,1,COM7
2,242357,37,rpm,718,459,36.8,36.8,3925,496,0,826,0.802,1,COM7
2,242378,37,rpm,786,459,36.8,36.8,3925,496,0,827,0.802,1,COM7
2,242399,37,rpm,844,459,36.8,36.8,3925,496,0,827,0.802,1,COM7
2,242419,37,rpm,784,459,36.8,36.8,3925,496,0,827,0.802,1,COM7
2,242440,37,rpm,590,459,36.8,36.8,3925,496,0,827,0.802,1,COM7
2,242461,37,rpm,572,459,36.8,36.8,3925,496,0,827,0.802,1,COM7
2,242481,37,rpm,553,459,36.8,36.8,3925,496,0,827,0.803,1,COM7
2,242502,37,rpm,360,459,36.8,36.8,3925,496,0,828,0.803,1,COM7
2,242523,37,rpm,264,459,36.8,36.8,3925,496,0,828,0.803,1,COM7
2,242544,37,rpm,-375,459,36.8,36.8,3925,496,0,828,0.803,1,COM7
2,242564,37,rpm,40,459,36.8,36.8,3925,496,0,828,0.803,1,COM7
2,242585,37,rpm,300,459,36.8,36.8,3925,496,0,828,0.803,1,COM7
2,242606,37,rpm,711,459,36.8,36.8,3925,496,0,828,0.804,1,COM7
2,242626,37,rpm,827,459,36.8,36.8,3925,496,0,829,0.804,1,COM7
2,242647,37,rpm,899,459,36.8,36.8,3925,496,0,829,0.804,1,COM7
2,242668,37,rpm,709,459,36.8,36.8,3925,496,0,829,0.804,1,COM7
2,242689,37,rpm,611,459,36.8,36.8,3925,496,0,829,0.804,1,COM7
2,242709,37,rpm,669,459,36.8,36.8,3925,496,0,829,0.804,1,COM7
2,242730,37,rpm,467,459,36.8,36.8,3925,496,0,829,0.804,1,COM7
2,242751,37,rpm,392,459,36.8,36.8,3925,496,0,829,0.805,1,COM7
2,242772,37,rpm,275,459,36.8,36.8,3925,496,0,830,0.805,1,COM7
2,242792,37,rpm,-358,459,36.8,36.8,3925,496,0,830,0.805,1,COM7
2,242813,37,rpm,9,459,36.8,36.8,3925,496,0,830,0.805,1,COM7
2,242834,37,rpm,269,459,36.8,36.8,3925,496,0,830,0.805,1,COM7
2,242854,37,rpm,701,459,36.8,36.8,3925,496,0,830,0.805,1,COM7
2,242875,37,rpm,715,459,36.8,36.8,3925,496,0,830,0.806,1,COM7
2,242896,37,rpm,886,459,36.8,36.8,3925,496,0,831,0.806,1,COM7
2,242917,37,rpm,804,459,36.8,36.8,3925,496,0,831,0.806,1,COM7
2,242937,37,rpm,613,459,36.8,36.8,3925,496,0,831,0.806,1,COM7
2,242958,37,rpm,558,459,36.8,36.8,3925,496,0,831,0.806,1,COM7
2,242979,37,rpm,602,459,36.8,36.8,3925,496,0,831,0.806,1,COM7
2,242999,37,rpm,419,459,36.8,36.8,3925,496,0,831,0.806,1,COM7
2,243020,37,rpm,295,459,36.8,36.8,3925,496,0,832,0.807,1,COM7
2,243041,37,rpm,-48,459,36.8,36.8,3925,496,0,832,0.807,1,COM7
2,243062,37,rpm,-207,459,36.8,36.8,3925,496,0,832,0.807,1,COM7
2,243082,37,rpm,103,459,36.8,36.8,3925,496,0,832,0.807,1,COM7
2,243103,37,rpm,624,459,36.8,36.8,3925,496,0,832,0.807,1,COM7
2,243124,37,rpm,784,459,36.8,36.8,3925,496,0,832,0.807,1,COM7
2,243144,37,rpm,763,459,36.8,36.8,3925,496,0,832,0.807,1,COM7
2,243165,37,rpm,771,459,36.8,36.8,3925,496,0,833,0.808,1,COM7
2,243186,37,rpm,776,459,36.8,36.8,3925,496,0,833,0.808,1,COM7
2,243207,37,rpm,583,459,36.8,36.8,3925,496,0,833,0.808,1,COM7
2,243227,37,rpm,533,459,36.8,36.8,3925,496,0,833,0.808,1,COM7
2,243248,37,rpm,501,459,36.8,36.8,3925,496,0,833,0.808,1,COM7
2,243269,37,rpm,352,459,36.8,36.8,3925,496,0,833,0.808,1,COM7
2,243290,37,rpm,229,459,36.8,36.8,3925,496,0,834,0.809,1,COM7
2,243310,37,rpm,-371,459,36.8,36.8,3925,496,0,834,0.809,1,COM7
2,243331,37,rpm,51,459,36.8,36.8,3925,496,0,834,0.809,1,COM7
2,243352,37,rpm,368,459,36.8,36.8,3925,496,0,834,0.809,1,COM7
2,243373,37,rpm,664,459,36.8,36.8,3925,496,0,834,0.809,1,COM7
2,243393,37,rpm,828,459,36.8,36.8,3925,496,0,834,0.809,1,COM7
2,243414,37,rpm,923,459,36.8,36.8,3925,496,0,835,0.81,1,COM7
2,243435,37,rpm,708,459,36.8,36.8,3925,496,0,835,0.81,1,COM7
2,243455,37,rpm,600,459,36.8,36.8,3925,496,0,835,0.81,1,COM7
2,243476,37,rpm,628,459,36.8,36.8,3925,496,0,835,0.81,1,COM7
2,243497,37,rpm,529,459,36.8,36.8,3925,496,0,835,0.81,1,COM7
2,243518,37,rpm,350,459,36.8,36.8,3925,496,0,835,0.81,1,COM7
2,243538,37,rpm,330,459,36.8,36.8,3925,496,0,835,0.81,1,COM7
2,243559,37,rpm,-244,459,36.8,36.8,3925,496,0,836,0.811,1,COM7
2,243580,37,rpm,-73,459,36.8,36.8,3925,496,0,836,0.811,1,COM7
2,243601,37,rpm,203,459,36.8,36.8,3925,496,0,836,0.811,1,COM7
2,243621,37,rpm,701,459,36.8,36.8,3925,496,0,836,0.811,1,COM7
2,243642,37,rpm,756,459,36.8,36.8,3925,496,0,836,0.811,1,COM7
2,243663,37,rpm,760,459,36.8,36.8,3925,496,0,836,0.811,1,COM7
2,243683,37,rpm,832,459,36.8,36.8,3925,496,0,837,0.811,1,COM7
2,243704,37,rpm,711,459,36.8,36.8,3925,496,0,837,0.812,1,COM7
2,243725,37,rpm,540,459,36.8,36.8,3925,496,0,837,0.812,1,COM7
2,243746,37,rpm,603,459,36.8,36.8,3925,496,0,837,0.812,1,COM7
2,243766,37,rpm,478,459,36.8,36.8,3925,496,0,837,0.812,1,COM7
2,243787,37,rpm,295,459,36.8,36.8,3925,496,0,837,0.812,1,COM7
2,243808,37,rpm,106,459,36.8,36.8,3925,496,0,838,0.812,1,COM7
2,243829,37,rpm,-342,459,36.8,36.8,3925,496,0,838,0.813,1,COM7
2,243849,37,rpm,100,459,36.8,36.8,3925,496,0,838,0.813,1,COM7
2,243870,37,rpm,475,459,36.8,36.8,3925,496,0,838,0.813,1,COM7
2,243891,37,rpm,799,459,36.8,36.8,3925,496,0,838,0.813,1,COM7
2,243912,37,rpm,829,459,36.8,36.8,3925,496,0,838,0.813,1,COM7
2,243932,37,rpm,821,459,36.8,36.8,3925,496,0,838,0.813,1,COM7
2,243953,37,rpm,697,459,36.8,36.8,3925,496,0,839,0.814,1,COM7
2,243974,37,rpm,618,459,36.8,36.8,3925,496,0,839,0.814,1,COM7
2,243994,37,rpm,577,459,36.8,36.8,3925,496,0,839,0.814,1,COM7
2,244015,37,rpm,489,459,36.8,36.8,3925,496,0,839,0.814,1,COM7
2,244036,37,rpm,333,459,36.8,36.8,3925,496,0,839,0.814,1,COM7
2,244057,37,rpm,250,459,36.8,36.8,3925,496,0,839,0.814,1,COM7
2,244077,37,rpm,-392,459,36.8,36.8,3925,496,0,840,0.814,1,COM7
2,244098,37,rpm,60,459,36.8,36.8,3925,496,0,840,0.815,1,COM7
2,244119,37,rpm,427,459,36.8,36.8,3925,496,0,840,0.815,1,COM7
2,244140,37,rpm,740,459,36.8,36.8,3925,496,0,840,0.815,1,COM7
2,244160,37,rpm,772,459,36.8,36.8,3925,496,0,840,0.815,1,COM7
2,244181,37,rpm,922,459,36.8,36.8,3925,496,0,840,0.815,1,COM7
2,244202,37,rpm,745,459,36.8,36.8,3925,496,0,841,0.815,1,COM7
2,244223,37,rpm,634,459,36.8,36.8,3925,496,0,841,0.816,1,COM7
2,244243,37,rpm,593,459,36.8,36.8,3925,496,0,841,0.816,1,COM7
2,244264,37,rpm,530,459,36.8,36.8,3925,496,0,841,0.816,1,COM7
2,244285,37,rpm,353,459,36.8,36.8,3925,496,0,841,0.816,1,COM7
2,244306,37,rpm,234,459,36.8,36.8,3925,496,0,841,0.816,1,COM7
2,244326,37,rpm,-381,459,36.8,36.8,3925,496,0,842,0.816,1,COM7
2,244347,37,rpm,52,459,36.8,36.8,3925,496,0,842,0.816,1,COM7
2,244368,37,rpm,368,459,36.8,36.8,3925,496,0,842,0.817,1,COM7
2,244388,37,rpm,663,459,36.8,36.8,3925,496,0,842,0.817,1,COM7
2,244409,37,rpm,906,459,36.8,36.8,3925,496,0,842,0.817,1,COM7
2,244430,37,rpm,798,459,36.8,36.8,3925,496,0,842,0.817,1,COM7
2,244451,37,rpm,702,459,36.8,36.8,3925,496,0,842,0.817,1,COM7
2,244471,37,rpm,739,459,36.8,36.8,3925,496,0,843,0.817,1,COM7
2,244492,37,rpm,574,459,36.8,36.8,3925,496,0,843,0.817,1,COM7
2,244513,37,rpm,498,459,36.8,36.8,3925,496,0,843,0.818,1,COM7
2,244533,37,rpm,437,459,36.8,36.8,3925,496,0,843,0.818,1,COM7
2,244554,37,rpm,283,459,36.8,36.8,3925,496,0,843,0.818,1,COM7
2,244575,37,rpm,-132,459,36.8,36.8,3925,496,0,843,0.818,1,COM7
2,244596,37,rpm,-139,459,36.8,36.8,3925,496,0,844,0.818,1,COM7
2,244616,37,rpm,162,459,36.8,36.8,3925,496,0,844,0.818,1,COM7
2,244637,37,rpm,643,459,36.8,36.8,3925,496,0,844,0.819,1,COM7
2,244658,37,rpm,716,459,36.8,36.8,3925,496,0,844,0.819,1,COM7
2,244679,37,rpm,896,459,36.8,36.8,3925,496,0,844,0.819,1,COM7
2,244699,37,rpm,813,459,36.8,36.8,3925,496,0,844,0.819,1,COM7
2,244720,37,rpm,618,459,36.8,36.8,3925,496,0,845,0.819,1,COM7
2,244741,37,rpm,601,459,36.8,36.8,3925,496,0,845,0.819,1,COM7
2,244761,37,rpm,591,459,36.8,36.8,3925,496,0,845,0.819,1,COM7
2,244782,37,rpm,447,459,36.8,36.8,3925,496,0,845,0.82,1,COM7
2,244803,37,rpm,318,459,36.8,36.8,3925,496,0,845,0.82,1,COM7
2,244824,37,rpm,150,459,36.8,36.8,3925,496,0,845,0.82,1,COM7
2,244844,37,rpm,-324,459,36.8,36.8,3925,496,0,845,0.82,1,COM7
2,244865,37,rpm,72,459,36.8,36.8,3925,496,0,846,0.82,1,COM7
2,244886,37,rpm,493,459,36.8,36.8,3925,496,0,846,0.82,1,COM7
2,244907,37,rpm,734,459,36.8,36.8,3925,496,0,846,0.821,1,COM7
2,244927,37,rpm,778,459,36.8,36.8,3925,496,0,846,0.821,1,COM7
2,244948,37,rpm,828,459,36.8,36.8,3925,496,0,846,0.821,1,COM7
2,244969,37,rpm,718,459,36.8,36.8,3925,496,0,846,0.821,1,COM7
2,244989,37,rpm,686,459,36.8,36.8,3925,496,0,847,0.821,1,COM7
2,245010,37,rpm,530,459,36.8,36.8,3925,496,0,847,0.821,1,COM7
2,245031,37,rpm,514,459,36.8,36.8,3925,496,0,847,0.821,1,COM7
2,245052,37,rpm,400,459,36.8,36.8,3925,496,0,847,0.822,1,COM7
2,245072,37,rpm,254,459,36.8,36.8,3925,496,0,847,0.822,1,COM7
2,245093,37,rpm,-349,459,36.8,36.8,3925,496,0,847,0.822,1,COM7
2,245114,37,rpm,19,459,36.8,36.8,3925,496,0,848,0.822,1,COM7
2,245135,37,rpm,250,459,36.8,36.8,3925,496,0,848,0.822,1,COM7
2,245155,37,rpm,670,459,36.8,36.8,3925,496,0,848,0.822,1,COM7
2,245176,37,rpm,888,459,36.8,36.8,3925,496,0,848,0.823,1,COM7
2,245197,37,rpm,827,459,36.8,36.8,3925,496,0,848,0.823,1,COM7
2,245217,37,rpm,711,459,36.8,36.8,3925,496,0,848,0.823,1,COM7
2,245238,37,rpm,694,459,36.8,36.8,3925,496,0,848,0.823,1,COM7
2,245259,37,rpm,628,459,36.8,36.8,3925,496,0,849,0.823,1,COM7
2,245280,37,rpm,523,459,36.8,36.8,3925,496,0,849,0.823,1,COM7
2,245300,37,rpm,394,459,36.8,36.8,3925,496,0,849,0.823,1,COM7
2,245321,37,rpm,320,459,36.8,36.8,3925,496,0,849,0.824,1,COM7
2,245342,37,rpm,-32,459,36.8,36.8,3925,496,0,849,0.824,1,COM7
2,245362,37,rpm,-229,459,36.8,36.8,3925,496,0,849,0.824,1,COM7
2,245383,37,rpm,123,459,36.8,36.8,3925,496,0,850,0.824,1,COM7
2,245404,37,rpm,637,459,36.8,36.8,3925,496,0,850,0.824,1,COM7
2,245425,37,rpm,704,459,36.8,36.8,3925,496,0,850,0.824,1,COM7
2,245445,37,rpm,790,459,36.8,36.8,3925,496,0,850,0.825,1,COM7
2,245466,37,rpm,899,459,36.8,36.8,3925,496,0,850,0.825,1,COM7
2,245487,37,rpm,685,459,36.8,36.8,3925,496,0,850,0.825,1,COM7
2,245508,37,rpm,575,459,36.8,36.8,3925,496,0,851,0.825,1,COM7
2,245528,37,rpm,584,459,36.8,36.8,3925,496,0,851,0.825,1,COM7
2,245549,37,rpm,503,459,36.8,36.8,3925,496,0,851,0.825,1,COM7
2,245570,37,rpm,322,459,36.8,36.8,3925,496,0,851,0.825,1,COM7
2,245590,37,rpm,181,459,36.8,36.8,3925,496,0,851,0.826,1,COM7
2,245611,37,rpm,-384,459,36.8,36.8,3925,496,0,851,0.826,1,COM7
2,245632,37,rpm,80,459,36.8,36.8,3925,496,0,852,0.826,1,COM7
2,245653,37,rpm,444,459,36.8,36.8,3925,496,0,852,0.826,1,COM7
2,245673,37,rpm,728,459,36.8,36.8,3925,496,0,852,0.826,1,COM7
2,245694,37,rpm,990,459,36.8,36.8,3925,496,0,852,0.826,1,COM7
2,245715,37,rpm,703,459,36.8,36.8,3925,496,0,852,0.827,1,COM7
2,245735,37,rpm,761,459,36.8,36.8,3925,496,0,852,0.827,1,COM7
2,245756,37,rpm,702,459,36.8,36.8,3925,496,0,852,0.827,1,COM7
2,245777,37,rpm,557,459,36.8,36.8,3925,496,0,853,0.827,1,COM7
2,245798,37,rpm,447,459,36.8,36.8,3925,496,0,853,0.827,1,COM7
2,245818,37,rpm,373,459,36.8,36.8,3925,496,0,853,0.827,1,COM7
2,245839,37,rpm,184,459,36.8,36.8,3925,496,0,853,0.827,1,COM7
2,245860,37,rpm,-378,459,36.8,36.8,3925,496,0,853,0.828,1,COM7
2,245881,37,rpm,71,459,36.8,36.8,3925,496,0,853,0.828,1,COM7
2,245901,37,rpm,446,459,36.8,36.8,3925,496,0,854,0.828,1,COM7
2,245922,37,rpm,661,459,36.8,36.8,3925,496,0,854,0.828,1,COM7
2,245943,37,rpm,855,459,36.8,36.8,3925,496,0,854,0.828,1,COM7
2,245963,37,rpm,871,459,36.8,36.8,3925,496,0,854,0.828,1,COM7
2,245984,37,rpm,684,459,36.8,36.8,3925,496,0,854,0.829,1,COM7
2,246005,37,rpm,640,459,36.8,36.8,3925,496,0,854,0.829,1,COM7
2,246026,37,rpm,537,459,36.8,36.8,3925,496,0,855,0.829,1,COM7
2,246046,37,rpm,571,459,36.8,36.8,3925,496,0,855,0.829,1,COM7
2,246067,37,rpm,358,459,36.8,36.8,3925,496,0,855,0.829,1,COM7
2,246088,37,rpm,276,459,36.8,36.8,3925,496,0,855,0.829,1,COM7
2,246108,37,rpm,-314,459,36.8,36.8,3925,496,0,855,0.829,1,COM7
2,246129,37,rpm,5,459,36.8,36.8,3925,496,0,855,0.83,1,COM7
2,246150,37,rpm,221,459,36.8,36.8,3925,496,0,855,0.83,1,COM7
2,246171,37,rpm,726,459,36.8,36.8,3925,496,0,856,0.83,1,COM7
2,246191,37,rpm,795,459,36.8,36.8,3925,496,0,856,0.83,1,COM7
2,246212,37,rpm,752,459,36.8,36.8,3925,496,0,856,0.83,1,COM7
2,246233,37,rpm,806,459,36.8,36.8,3925,496,0,856,0.83,1,COM7
2,246254,37,rpm,669,459,36.8,36.8,3925,496,0,856,0.831,1,COM7
2,246274,37,rpm,612,459,36.8,36.8,3925,496,0,856,0.831,1,COM7
2,246295,37,rpm,520,459,36.8,36.8,3925,496,0,857,0.831,1,COM7
2,246316,37,rpm,440,459,36.8,36.8,3925,496,0,857,0.831,1,COM7
2,246336,37,rpm,344,459,36.8,36.8,3925,496,0,857,0.831,1,COM7
2,246357,37,rpm,33,459,36.8,36.8,3925,496,0,857,0.831,1,COM7
2,246378,37,rpm,-281,459,36.8,36.8,3925,496,0,857,0.831,1,COM7
2,246398,37,rpm,113,459,36.8,36.8,3925,496,0,857,0.832,1,COM7
2,246419,37,rpm,542,459,36.8,36.8,3925,496,0,858,0.832,1,COM7
2,246440,37,rpm,693,459,36.8,36.8,3925,496,0,858,0.832,1,COM7
2,246461,37,rpm,935,459,36.8,36.8,3925,496,0,858,0.832,1,COM7
2,246481,37,rpm,738,459,36.8,36.8,3925,496,0,858,0.832,1,COM7
2,246502,37,rpm,669,459,36.8,36.8,3925,496,0,858,0.832,1,COM7
2,246523,37,rpm,679,459,36.8,36.8,3925,496,0,858,0.833,1,COM7
2,246544,37,rpm,550,459,36.8,36.8,3925,496,0,858,0.833,1,COM7
2,246564,37,rpm,495,458,36.8,36.8,3925,496,0,859,0.833,1,COM7
2,246585,37,rpm,376,458,36.8,36.8,3925,496,0,859,0.833,1,COM7
2,246606,37,rpm,239,458,36.8,36.8,3925,496,0,859,0.833,1,COM7
2,246627,37,rpm,-381,458,36.8,36.8,3925,496,0,859,0.833,1,COM7
2,246647,37,rpm,47,458,36.8,36.8,3925,496,0,859,0.833,1,COM7
2,246668,37,rpm,369,458,36.8,36.8,3925,496,0,859,0.834,1,COM7
2,246689,37,rpm,710,458,36.8,36.8,3925,496,0,860,0.834,1,COM7
2,246710,37,rpm,829,458,36.8,36.8,3925,496,0,860,0.834,1,COM7
2,246730,37,rpm,842,458,36.8,36.8,3925,496,0,860,0.834,1,COM7
2,246751,37,rpm,739,458,36.8,36.8,3925,496,0,860,0.834,1,COM7
2,246772,37,rpm,663,458,36.8,36.8,3925,496,0,860,0.834,1,COM7
2,246793,37,rpm,550,458,36.8,36.8,3925,496,0,860,0.835,1,COM7
2,246813,37,rpm,585,458,36.8,36.8,3925,496,0,861,0.835,1,COM7
2,246834,37,rpm,408,458,36.8,36.8,3925,496,0,861,0.835,1,COM7
2,246855,37,rpm,277,458,36.8,36.8,3925,496,0,861,0.835,1,COM7
2,246875,37,rpm,-187,458,36.8,36.8,3925,496,0,861,0.835,1,COM7
2,246896,37,rpm,-116,458,36.8,36.8,3925,496,0,861,0.835,1,COM7
2,246917,37,rpm,162,458,36.8,36.8,3925,496,0,861,0.835,1,COM7
2,246938,37,rpm,605,458,36.8,36.8,3925,496,0,861,0.836,1,COM7
2,246958,37,rpm,819,458,36.8,36.8,3925,496,0,862,0.836,1,COM7
2,246979,37,rpm,925,458,36.8,36.8,3925,496,0,862,0.836,1,COM7
2,247000,37,rpm,639,458,36.8,36.8,3925,496,0,862,0.836,1,COM7
2,247021,37,rpm,699,458,36.8,36.8,3925,496,0,862,0.836,1,COM7
2,247041,37,rpm,691,458,36.8,36.8,3925,496,0,862,0.836,1,COM7
2,247062,37,rpm,520,458,36.8,36.8,3925,496,0,862,0.837,1,COM7
2,247083,37,rpm,421,458,36.8,36.8,3925,496,0,863,0.837,1,COM7
2,247103,37,rpm,356,458,36.8,36.8,3925,496,0,863,0.837,1,COM7
2,247124,37,rpm,1,458,36.8,36.8,3925,496,0,863,0.837,1,COM7
2,247145,37,rpm,-268,458,36.8,36.8,3925,496,0,863,0.837,1,COM7
2,247166,37,rpm,116,458,36.8,36.8,3925,496,0,863,0.837,1,COM7
2,247187,37,rpm,586,458,36.8,36.8,3925,496,0,863,0.837,1,COM7
2,247207,37,rpm,682,458,36.8,36.8,3925,496,0,864,0.838,1,COM7
2,247228,37,rpm,937,458,36.8,36.8,3925,496,0,864,0.838,1,COM7
2,247249,37,rpm,785,458,36.8,36.8,3925,496,0,864,0.838,1,COM7
2,247269,37,rpm,718,458,36.8,36.8,3925,496,0,864,0.838,1,COM7
2,247290,37,rpm,615,458,36.8,36.8,3925,496,0,864,0.838,1,COM7
2,247311,37,rpm,564,458,36.8,36.8,3925,496,0,864,0.838,1,COM7
2,247331,37,rpm,455,458,36.8,36.8,3925,496,0,864,0.839,1,COM7
2,247352,37,rpm,304,458,36.8,36.8,3925,496,0,865,0.839,1,COM7
2,247373,37,rpm,120,458,36.8,36.8,3925,496,0,865,0.839,1,COM7
2,247394,37,rpm,-329,458,36.8,36.8,3925,496,0,865,0.839,1,COM7
2,247414,37,rpm,95,458,36.8,36.8,3925,496,0,865,0.839,1,COM7
2,247435,37,rpm,468,458,36.8,36.8,3925,496,0,865,0.839,1,COM7
2,247456,37,rpm,757,458,36.8,36.8,3925,496,0,865,0.839,1,COM7
2,247477,37,rpm,879,458,36.8,36.8,3925,496,0,866,0.84,1,COM7
2,247497,37,rpm,719,458,36.8,36.8,3925,496,0,866,0.84,1,COM7
2,247518,37,rpm,769,458,36.8,36.8,3925,496,0,866,0.84,1,COM7
2,247539,37,rpm,647,458,36.8,36.8,3925,496,0,866,0.84,1,COM7
2,247560,37,rpm,552,458,36.8,36.8,3925,496,0,866,0.84,1,COM7
2,247580,37,rpm,482,458,36.8,36.8,3925,496,0,866,0.84,1,COM7
2,247601,37,rpm,369,458,36.8,36.8,3925,496,0,867,0.841,1,COM7
2,247622,37,rpm,246,458,36.8,36.8,3925,496,0,867,0.841,1,COM7
2,247642,37,rpm,-375,458,36.8,36.8,3925,496,0,867,0.841,1,COM7
2,247663,37,rpm,43,458,36.8,36.8,3925,496,0,867,0.841,1,COM7
2,247684,37,rpm,395,458,36.8,36.8,3925,496,0,867,0.841,1,COM7
2,247704,37,rpm,588,458,36.8,36.8,3925,496,0,867,0.841,1,COM7
2,247725,37,rpm,802,458,36.8,36.8,3925,496,0,867,0.841,1,COM7
2,247746,37,rpm,937,458,36.8,36.8,3925,496,0,868,0.842,1,COM7
2,247767,37,rpm,675,458,36.8,36.8,3925,496,0,868,0.842,1,COM7
2,247787,37,rpm,647,458,36.8,36.8,3925,496,0,868,0.842,1,COM7
2,247808,37,rpm,664,458,36.8,36.8,3925,496,0,868,0.842,1,COM7
2,247829,37,rpm,516,458,36.8,36.8,3925,496,0,868,0.842,1,COM7
2,247850,37,rpm,380,458,36.8,36.8,3925,496,0,868,0.842,1,COM7
2,247870,37,rpm,333,458,36.8,36.8,3925,496,0,869,0.843,1,COM7
2,247891,37,rpm,-96,458,36.8,36.8,3925,496,0,869,0.843,1,COM7
2,247912,37,rpm,-184,458,36.8,36.8,3925,496,0,869,0.843,1,COM7
2,247933,37,rpm,138,458,36.8,36.8,3925,496,0,869,0.843,1,COM7
2,247953,37,rpm,628,458,36.8,36.8,3925,496,0,869,0.843,1,COM7
2,247974,37,rpm,735,458,36.8,36.8,3925,496,0,869,0.843,1,COM7
2,247995,37,rpm,827,458,36.8,36.8,3925,496,0,870,0.843,1,COM7
2,248016,37,rpm,849,458,36.8,36.8,3925,496,0,870,0.844,1,COM7
2,248036,37,rpm,700,458,36.8,36.8,3925,496,0,870,0.844,1,COM7
2,248057,37,rpm,637,458,36.8,36.8,3925,496,0,870,0.844,1,COM7
2,248078,37,rpm,483,458,36.8,36.8,3925,496,0,870,0.844,1,COM7
2,248099,37,rpm,540,458,36.8,36.8,3925,496,0,870,0.844,1,COM7
2,248119,37,rpm,337,458,36.8,36.8,3925,496,0,871,0.844,1,COM7
2,248140,37,rpm,194,458,36.8,36.8,3925,496,0,871,0.845,1,COM7
2,248161,37,rpm,-404,458,36.8,36.8,3925,496,0,871,0.845,1,COM7
2,248182,37,rpm,80,458,36.8,36.8,3925,496,0,871,0.845,1,COM7
2,248202,37,rpm,425,458,36.8,36.8,3925,496,0,871,0.845,1,COM7
2,248223,37,rpm,704,458,36.8,36.8,3925,496,0,871,0.845,1,COM7
2,248244,37,rpm,861,458,36.8,36.8,3925,496,0,871,0.845,1,COM7
2,248264,37,rpm,876,458,36.8,36.8,3925,496,0,872,0.845,1,COM7
2,248285,37,rpm,605,458,36.8,36.8,3925,496,0,872,0.846,1,COM7
2,248306,37,rpm,701,458,36.8,36.8,3925,496,0,872,0.846,1,COM7
2,248327,37,rpm,648,458,36.8,36.8,3925,496,0,872,0.846,1,COM7
2,248347,37,rpm,434,458,36.8,36.8,3925,496,0,872,0.846,1,COM7
2,248368,37,rpm,399,458,36.8,36.8,3925,496,0,872,0.846,1,COM7
2,248389,37,rpm,297,458,36.8,36.8,3925,496,0,873,0.846,1,COM7
2,248409,37,rpm,-329,458,36.8,36.8,3925,496,0,873,0.847,1,COM7
2,248430,37,rpm,-10,458,36.8,36.8,3925,496,0,873,0.847,1,COM7
2,248451,37,rpm,270,458,36.8,36.8,3925,496,0,873,0.847,1,COM7
2,248472,37,rpm,653,458,36.8,36.8,3925,496,0,873,0.847,1,COM7
2,248492,37,rpm,746,458,36.8,36.8,3925,496,0,873,0.847,1,COM7
2,248513,37,rpm,969,458,36.8,36.8,3925,496,0,874,0.847,1,COM7
2,248534,37,rpm,719,458,36.8,36.8,3925,496,0,874,0.847,1,COM7
2,248555,37,rpm,609,458,36.8,36.8,3925,496,0,874,0.848,1,COM7
2,248575,37,rpm,611,458,36.8,36.8,3925,496,0,874,0.848,1,COM7
2,248596,37,rpm,559,458,36.8,36.8,3925,496,0,874,0.848,1,COM7
2,248617,37,rpm,426,458,36.8,36.8,3925,496,0,874,0.848,1,COM7
2,248637,37,rpm,316,458,36.8,36.8,3925,496,0,874,0.848,1,COM7
2,248658,37,rpm,-79,458,36.8,36.8,3925,496,0,875,0.848,1,COM7
2,248679,37,rpm,-187,458,36.8,36.8,3925,496,0,875,0.849,1,COM7
2,248700,37,rpm,153,458,36.8,36.8,3925,496,0,875,0.849,1,COM7
2,248720,37,rpm,597,458,36.8,36.8,3925,496,0,875,0.849,1,COM7
2,248741,37,rpm,815,458,36.8,36.8,3925,496,0,875,0.849,1,COM7
2,248762,37,rpm,887,458,36.8,36.8,3925,496,0,875,0.849,1,COM7
2,248783,37,rpm,746,458,36.8,36.8,3925,496,0,876,0.849,1,COM7
2,248803,37,rpm,725,458,36.8,36.8,3925,496,0,876,0.849,1,COM7
2,248824,37,rpm,655,458,36.8,36.8,3925,496,0,876,0.85,1,COM7
2,248845,37,rpm,513,458,36.8,36.8,3925,496,0,876,0.85,1,COM7
2,248865,37,rpm,434,458,36.8,36.8,3925,496,0,876,0.85,1,COM7
2,248886,37,rpm,326,458,36.8,36.8,3925,496,0,876,0.85,1,COM7
2,248907,37,rpm,-33,458,36.8,36.8,3925,496,0,877,0.85,1,COM7
2,248928,37,rpm,-249,458,36.8,36.8,3925,496,0,877,0.85,1,COM7
2,248948,37,rpm,121,458,36.8,36.8,3925,496,0,877,0.851,1,COM7
2,248969,37,rpm,629,458,36.8,36.8,3925,496,0,877,0.851,1,COM7
2,248990,37,rpm,686,458,36.8,36.8,3925,496,0,877,0.851,1,COM7
2,249011,37,rpm,847,458,36.8,36.8,3925,496,0,877,0.851,1,COM7
2,249031,37,rpm,924,458,36.8,36.8,3925,496,0,877,0.851,1,COM7
2,249052,37,rpm,606,458,36.8,36.8,3925,496,0,878,0.851,1,COM7
2,249073,37,rpm,591,458,36.8,36.8,3925,496,0,878,0.851,1,COM7
2,249093,37,rpm,670,458,36.8,36.8,3925,496,0,878,0.852,1,COM7
2,249114,37,rpm,460,458,36.8,36.8,3925,496,0,878,0.852,1,COM7
2,249135,37,rpm,311,458,36.8,36.8,3925,496,0,878,0.852,1,COM7
2,249156,37,rpm,237,458,36.8,36.8,3925,496,0,878,0.852,1,COM7
2,249176,37,rpm,-371,458,36.8,36.8,3925,496,0,879,0.852,1,COM7
2,249197,37,rpm,52,458,36.8,36.8,3925,496,0,879,0.852,1,COM7
2,249218,37,rpm,431,458,36.8,36.8,3925,496,0,879,0.853,1,COM7
2,249238,37,rpm,688,458,36.8,36.8,3925,496,0,879,0.853,1,COM7
2,249259,37,rpm,808,458,36.8,36.8,3925,496,0,879,0.853,1,COM7
2,249280,37,rpm,847,458,36.8,36.8,3925,496,0,879,0.853,1,COM7
2,249301,37,rpm,722,458,36.8,36.8,3925,496,0,880,0.853,1,COM7
2,249321,37,rpm,658,458,36.8,36.8,3925,496,0,880,0.853,1,COM7
2,249342,37,rpm,601,458,36.8,36.8,3925,496,0,880,0.853,1,COM7
2,249363,37,rpm,454,458,36.8,36.8,3925,496,0,880,0.854,1,COM7
2,249384,37,rpm,430,458,36.8,36.8,3925,496,0,880,0.854,1,COM7
2,249404,37,rpm,302,458,36.8,36.8,3925,496,0,880,0.854,1,COM7
2,249425,37,rpm,-213,458,36.8,36.8,3925,496,0,880,0.854,1,COM7
2,249446,37,rpm,-75,458,36.8,36.8,3925,496,0,881,0.854,1,COM7
2,249467,37,rpm,191,458,36.8,36.8,3925,496,0,881,0.854,1,COM7
2,249487,37,rpm,581,458,36.8,36.8,3925,496,0,881,0.855,1,COM7
2,249508,37,rpm,825,458,36.8,36.8,3925,496,0,881,0.855,1,COM7
2,249529,37,rpm,902,458,36.8,36.8,3925,496,0,881,0.855,1,COM7
2,249549,37,rpm,720,458,36.8,36.8,3925,496,0,881,0.855,1,COM7
2,249570,37,rpm,658,458,36.8,36.8,3925,496,0,882,0.855,1,COM7
2,249591,37,rpm,662,458,36.8,36.8,3925,496,0,882,0.855,1,COM7
2,249612,37,rpm,538,458,36.8,36.8,3925,496,0,882,0.855,1,COM7
2,249632,37,rpm,420,458,36.8,36.8,3925,496,0,882,0.856,1,COM7
2,249653,37,rpm,342,458,36.8,36.8,3925,496,0,882,0.856,1,COM7
2,249674,37,rpm,48,458,36.8,36.8,3925,496,0,882,0.856,1,COM7
2,249695,37,rpm,-293,458,36.8,36.8,3925,496,0,883,0.856,1,COM7
2,249715,37,rpm,94,458,36.8,36.8,3925,496,0,883,0.856,1,COM7
2,249736,37,rpm,587,458,36.8,36.8,3925,496,0,883,0.856,1,COM7
2,249757,37,rpm,684,458,36.8,36.8,3925,496,0,883,0.857,1,COM7
2,249778,37,rpm,777,458,36.8,36.8,3925,496,0,883,0.857,1,COM7
2,249798,37,rpm,948,458,36.8,36.8,3925,496,0,883,0.857,1,COM7
2,249819,37,rpm,643,458,36.8,36.8,3925,496,0,883,0.857,1,COM7
2,249840,37,rpm,607,458,36.8,36.8,3925,496,0,884,0.857,1,COM7
2,249861,37,rpm,637,458,36.8,36.8,3925,496,0,884,0.857,1,COM7
2,249881,37,rpm,494,458,36.8,36.8,3925,496,0,884,0.857,1,COM7
2,249902,37,rpm,340,458,36.8,36.8,3925,496,0,884,0.858,1,COM7
2,249923,37,rpm,254,458,36.8,36.8,3925,496,0,884,0.858,1,COM7
2,249944,37,rpm,-378,458,36.8,36.8,3925,496,0,884,0.858,1,COM7
2,249964,37,rpm,42,458,36.8,36.8,3925,496,0,885,0.858,1,COM7
2,249985,37,rpm,333,458,36.8,36.8,3925,496,0,885,0.858,1,COM7
2,250006,37,rpm,657,458,36.8,36.8,3925,496,0,885,0.858,1,COM7
2,250027,37,rpm,867,458,36.8,36.8,3925,496,0,885,0.859,1,COM7
2,250047,37,rpm,882,458,36.8,36.8,3925,496,0,885,0.859,1,COM7
2,250068,37,rpm,626,458,36.8,36.8,3925,496,0,885,0.859,1,COM7
2,250089,37,rpm,722,458,36.8,36.8,3925,496,0,886,0.859,1,COM7
2,250109,37,rpm,629,458,36.8,36.8,3925,496,0,886,0.859,1,COM7
2,250130,37,rpm,483,458,36.8,36.8,3925,496,0,886,0.859,1,COM7
2,250151,37,rpm,393,458,36.8,36.8,3925,496,0,886,0.859,1,COM7
2,250172,37,rpm,312,458,36.8,36.8,3925,496,0,886,0.86,1,COM7
2,250192,37,rpm,-234,458,36.8,36.8,3925,496,0,886,0.86,1,COM7
2,250213,37,rpm,-87,458,36.8,36.8,3925,496,0,886,0.86,1,COM7
2,250234,37,rpm,200,458,36.8,36.8,3925,496,0,887,0.86,1,COM7
2,250255,37,rpm,707,458,36.8,36.8,3925,496,0,887,0.86,1,COM7
2,250275,37,rpm,781,458,36.8,36.8,3925,496,0,887,0.86,1,COM7
2,250296,37,rpm,885,458,36.8,36.8,3925,496,0,887,0.861,1,COM7
2,250317,37,rpm,835,458,36.8,36.8,3925,496,0,887,0.861,1,COM7
2,250338,37,rpm,613,458,36.8,36.8,3925,496,0,887,0.861,1,COM7
2,250358,37,rpm,619,458,36.8,36.8,3925,496,0,888,0.861,1,COM7
2,250379,37,rpm,581,458,36.8,36.8,3925,496,0,888,0.861,1,COM7
2,250400,37,rpm,382,458,36.8,36.8,3925,496,0,888,0.861,1,COM7
2,250420,37,rpm,274,458,36.8,36.8,3925,496,0,888,0.861,1,COM7
2,250441,37,rpm,-147,458,36.8,36.8,3925,496,0,888,0.862,1,COM7
2,250462,37,rpm,-120,458,36.8,36.8,3925,496,0,888,0.862,1,COM7
2,250483,37,rpm,152,458,36.8,36.8,3925,496,0,889,0.862,1,COM7
2,250503,37,rpm,707,458,36.8,36.8,3925,496,0,889,0.862,1,COM7
2,250524,37,rpm,754,458,36.8,36.8,3925,496,0,889,0.862,1,COM7
2,250545,37,rpm,835,458,36.8,36.8,3925,496,0,889,0.862,1,COM7
2,250566,37,rpm,764,458,36.8,36.8,3925,496,0,889,0.863,1,COM7
2,250586,37,rpm,668,458,36.8,36.8,3925,496,0,889,0.863,1,COM7
2,250607,37,rpm,674,458,36.8,36.8,3925,496,0,889,0.863,1,COM7
2,250628,37,rpm,559,458,36.8,36.8,3925,496,0,890,0.863,1,COM7
2,250649,37,rpm,415,458,36.8,36.8,3925,496,0,890,0.863,1,COM7
2,250669,37,rpm,339,458,36.8,36.8,3925,496,0,890,0.863,1,COM7
2,250690,37,rpm,125,458,36.8,36.8,3925,496,0,890,0.863,1,COM7
2,250711,37,rpm,-328,458,36.8,36.8,3925,496,0,890,0.864,1,COM7
2,250732,37,rpm,85,458,36.8,36.8,3925,496,0,890,0.864,1,COM7
2,250752,37,rpm,510,458,36.8,36.8,3925,496,0,891,0.864,1,COM7
2,250773,37,rpm,645,458,36.8,36.8,3925,496,0,891,0.864,1,COM7
2,250794,37,rpm,872,458,36.8,36.8,3925,496,0,891,0.864,1,COM7
2,250815,37,rpm,875,458,36.8,36.8,3925,496,0,891,0.864,1,COM7
2,250835,37,rpm,642,458,36.8,36.8,3925,496,0,891,0.865,1,COM7
2,250856,37,rpm,600,458,36.8,36.8,3925,496,0,891,0.865,1,COM7
2,250877,37,rpm,618,458,36.8,36.8,3925,496,0,892,0.865,1,COM7
2,250897,37,rpm,495,458,36.8,36.8,3925,496,0,892,0.865,1,COM7
2,250918,37,rpm,316,458,36.8,36.8,3925,496,0,892,0.865,1,COM7
2,250939,37,rpm,313,458,36.8,36.8,3925,496,0,892,0.865,1,COM7
2,250960,37,rpm,-361,458,36.8,36.8,3925,496,0,892,0.865,1,COM7
2,250980,37,rpm,28,458,36.8,36.8,3925,496,0,892,0.866,1,COM7
2,251001,37,rpm,259,458,36.8,36.8,3925,496,0,893,0.866,1,COM7
2,251022,37,rpm,758,458,36.8,36.8,3925,496,0,893,0.866,1,COM7
2,251043,37,rpm,726,458,36.8,36.8,3925,496,0,893,0.866,1,COM7
2,251063,37,rpm,871,458,36.8,36.8,3925,496,0,893,0.866,1,COM7
2,251084,37,rpm,827,458,36.8,36.8,3925,496,0,893,0.866,1,COM7
2,251105,37,rpm,609,458,36.8,36.8,3925,496,0,893,0.867,1,COM7
2,251126,37,rpm,601,458,36.8,36.8,3925,496,0,893,0.867,1,COM7
2,251146,37,rpm,577,458,36.8,36.8,3925,496,0,894,0.867,1,COM7
2,251167,37,rpm,394,458,36.8,36.8,3925,496,0,894,0.867,1,COM7
2,251188,37,rpm,323,458,36.8,36.8,3925,496,0,894,0.867,1,COM7
2,251209,37,rpm,-77,458,36.8,36.8,3925,496,0,894,0.867,1,COM7
2,251229,37,rpm,-218,458,36.8,36.8,3925,496,0,894,0.867,1,COM7
2,251250,37,rpm,147,458,36.8,36.8,3925,496,0,894,0.868,1,COM7
2,251271,37,rpm,589,458,36.8,36.8,3925,496,0,895,0.868,1,COM7
2,251291,37,rpm,712,458,36.8,36.8,3925,496,0,895,0.868,1,COM7
2,251312,37,rpm,930,458,36.8,36.8,3925,496,0,895,0.868,1,COM7
2,251333,37,rpm,823,458,36.8,36.8,3925,496,0,895,0.868,1,COM7
2,251354,37,rpm,602,458,36.8,36.8,3925,496,0,895,0.868,1,COM7
2,251374,37,rpm,696,458,36.8,36.8,3925,496,0,895,0.868,1,COM7
2,251395,37,rpm,569,458,36.8,36.8,3925,496,0,896,0.869,1,COM7
2,251416,37,rpm,430,458,36.8,36.8,3925,496,0,896,0.869,1,COM7
2,251437,37,rpm,354,458,36.8,36.8,3925,496,0,896,0.869,1,COM7
2,251457,37,rpm,199,458,36.8,36.8,3925,496,0,896,0.869,1,COM7
2,251478,37,rpm,-392,458,36.8,36.8,3925,496,0,896,0.869,1,COM7
2,251499,37,rpm,63,458,36.8,36.8,3925,496,0,896,0.869,1,COM7
2,251519,37,rpm,452,458,36.8,36.8,3925,496,0,896,0.87,1,COM7
2,251540,37,rpm,706,458,36.8,36.8,3925,496,0,897,0.87,1,COM7
2,251561,37,rpm,739,458,36.8,36.8,3925,496,0,897,0.87,1,COM7
2,251582,37,rpm,926,458,36.8,36.8,3925,496,0,897,0.87,1,COM7
2,251603,37,rpm,752,458,36.8,36.8,3925,496,0,897,0.87,1,COM7
2,251623,37,rpm,537,458,36.8,36.8,3925,496,0,897,0.87,1,COM7
2,251644,37,rpm,593,458,36.8,36.8,3925,496,0,897,0.87,1,COM7
2,251665,37,rpm,568,458,36.8,36.8,3925,496,0,898,0.871,1,COM7
2,251685,37,rpm,343,458,36.8,36.8,3925,496,0,898,0.871,1,COM7
2,251706,37,rpm,277,458,36.8,36.8,3925,496,0,898,0.871,1,COM7
2,251727,37,rpm,-354,458,36.8,36.8,3925,496,0,898,0.871,1,COM7
2,251748,37,rpm,34,458,36.8,36.8,3925,496,0,898,0.871,1,COM7
2,251768,37,rpm,275,458,36.8,36.8,3925,496,0,898,0.871,1,COM7
2,251789,37,rpm,727,458,36.8,36.8,3925,496,0,899,0.872,1,COM7
2,251810,37,rpm,919,458,36.8,36.8,3925,496,0,899,0.872,1,COM7
2,251830,37,rpm,859,458,36.8,36.8,3925,496,0,899,0.872,1,COM7
2,251851,37,rpm,714,458,36.8,36.8,3925,496,0,899,0.872,1,COM7
2,251872,37,rpm,623,458,36.8,36.8,3925,496,0,899,0.872,1,COM7
2,251893,37,rpm,679,458,36.8,36.8,3925,496,0,899,0.872,1,COM7
2,251913,37,rpm,503,458,36.8,36.8,3925,496,0,899,0.872,1,COM7
2,251934,37,rpm,356,458,36.8,36.8,3925,496,0,900,0.873,1,COM7
2,251955,37,rpm,288,458,36.8,36.8,3925,496,0,900,0.873,1,COM7
2,251976,37,rpm,-307,458,36.8,36.8,3925,496,0,900,0.873,1,COM7
2,251996,37,rpm,2,458,36.8,36.8,3925,496,0,900,0.873,1,COM7
2,252017,37,rpm,270,458,36.8,36.8,3925,496,0,900,0.873,1,COM7
2,252038,37,rpm,686,458,36.8,36.8,3925,496,0,900,0.873,1,COM7
2,252059,37,rpm,707,458,36.8,36.8,3925,496,0,901,0.874,1,COM7
2,252079,37,rpm,890,458,36.8,36.8,3925,496,0,901,0.874,1,COM7
2,252100,37,rpm,801,458,36.8,36.8,3925,496,0,901,0.874,1,COM7
2,252121,37,rpm,611,458,36.8,36.8,3925,496,0,901,0.874,1,COM7
2,252142,37,rpm,573,458,36.8,36.8,3925,496,0,901,0.874,1,COM7
2,252162,37,rpm,588,458,36.8,36.8,3925,496,0,901,0.874,1,COM7
2,252183,37,rpm,437,458,36.8,36.8,3925,496,0,902,0.874,1,COM7
2,252204,37,rpm,278,458,36.8,36.8,3925,496,0,902,0.875,1,COM7
2,252225,37,rpm,-65,458,36.8,36.8,3925,496,0,902,0.875,1,COM7
2,252245,37,rpm,-218,458,36.8,36.8,3925,496,0,902,0.875,1,COM7
2,252266,37,rpm,107,458,36.8,36.8,3925,496,0,902,0.875,1,COM7
2,252287,37,rpm,614,458,36.8,36.8,3925,496,0,902,0.875,1,COM7
2,252307,37,rpm,817,458,36.8,36.8,3925,496,0,902,0.875,1,COM7
2,252328,37,rpm,791,458,36.8,36.8,3925,496,0,903,0.876,1,COM7
2,252349,37,rpm,752,458,36.8,36.8,3925,496,0,903,0.876,1,COM7
2,252370,37,rpm,779,458,36.8,36.8,3925,496,0,903,0.876,1,COM7
2,252390,37,rpm,593,458,36.8,36.8,3925,496,0,903,0.876,1,COM7
2,252411,37,rpm,540,458,36.8,36.8,3925,496,0,903,0.876,1,COM7
2,252432,37,rpm,518,458,36.8,36.8,3925,496,0,903,0.876,1,COM7
2,252453,37,rpm,333,458,36.8,36.8,3925,496,0,904,0.876,1,COM7
2,252473,37,rpm,228,458,36.8,36.8,3925,496,0,904,0.877,1,COM7
2,252494,37,rpm,-379,458,36.8,36.8,3925,496,0,904,0.877,1,COM7
2,252515,37,rpm,56,458,36.8,36.8,3925,496,0,904,0.877,1,COM7
2,252536,37,rpm,401,458,36.8,36.8,3925,496,0,904,0.877,1,COM7
2,252556,37,rpm,664,458,36.8,36.8,3925,496,0,904,0.877,1,COM7
2,252577,37,rpm,779,458,36.8,36.8,3925,496,0,905,0.877,1,COM7
2,252598,37,rpm,961,458,36.8,36.8,3925,496,0,905,0.878,1,COM7
2,252619,37,rpm,677,458,36.8,36.8,3925,496,0,905,0.878,1,COM7
2,252639,37,rpm,579,458,36.8,36.8,3925,496,0,905,0.878,1,COM7
2,252660,37,rpm,683,458,36.8,36.8,3925,496,0,905,0.878,1,COM7
2,252681,37,rpm,523,458,36.8,36.8,3925,496,0,905,0.878,1,COM7
2,252702,37,rpm,357,458,36.8,36.8,3925,496,0,905,0.878,1,COM7
2,252722,37,rpm,314,458,36.8,36.8,3925,496,0,906,0.878,1,COM7
2,252743,37,rpm,-241,458,36.8,36.8,3925,496,0,906,0.879,1,COM7
2,252764,37,rpm,-72,458,36.8,36.8,3925,496,0,906,0.879,1,COM7
2,252784,37,rpm,205,458,36.8,36.8,3925,496,0,906,0.879,1,COM7
2,252805,37,rpm,698,458,36.8,36.8,3925,496,0,906,0.879,1,COM7
2,252826,37,rpm,792,458,36.8,36.8,3925,496,0,906,0.879,1,COM7
2,252847,37,rpm,799,458,36.8,36.8,3925,496,0,907,0.879,1,COM7
2,252867,37,rpm,764,458,36.8,36.8,3925,496,0,907,0.88,1,COM7
2,252888,37,rpm,752,458,36.8,36.8,3925,496,0,907,0.88,1,COM7
2,252909,37,rpm,517,458,36.8,36.8,3925,496,0,907,0.88,1,COM7
2,252930,37,rpm,559,458,36.8,36.8,3925,496,0,907,0.88,1,COM7
2,252950,37,rpm,497,458,36.8,36.8,3925,496,0,907,0.88,1,COM7
2,252971,37,rpm,296,459,36.8,36.8,3925,496,0,908,0.88,1,COM7
2,252992,37,rpm,87,459,36.8,36.8,3925,496,0,908,0.88,1,COM7
2,253012,37,rpm,-325,459,36.8,36.8,3925,496,0,908,0.881,1,COM7
2,253033,37,rpm,100,459,36.8,36.8,3925,496,0,908,0.881,1,COM7
2,253054,37,rpm,487,459,36.8,36.8,3925,496,0,908,0.881,1,COM7
2,253075,37,rpm,796,459,36.8,36.8,3925,496,0,908,0.881,1,COM7
2,253095,37,rpm,830,459,36.8,36.8,3925,496,0,909,0.881,1,COM7
2,253116,37,rpm,848,459,36.8,36.8,3925,496,0,909,0.881,1,COM7
2,253137,37,rpm,649,459,36.8,36.8,3925,496,0,909,0.882,1,COM7
2,253158,37,rpm,621,459,36.8,36.8,3925,496,0,909,0.882,1,COM7
2,253178,37,rpm,629,459,36.8,36.8,3925,496,0,909,0.882,1,COM7
2,253199,37,rpm,452,459,36.8,36.8,3925,496,0,909,0.882,1,COM7
2,253220,37,rpm,354,459,36.8,36.8,3925,496,0,909,0.882,1,COM7
2,253241,37,rpm,241,459,36.8,36.8,3925,496,0,910,0.882,1,COM7
2,253261,37,rpm,-385,459,36.8,36.8,3925,496,0,910,0.882,1,COM7
2,253282,37,rpm,62,459,36.8,36.8,3925,496,0,910,0.883,1,COM7
2,253303,37,rpm,443,459,36.8,36.8,3925,496,0,910,0.883,1,COM7
2,253324,37,rpm,712,459,36.8,36.8,3925,496,0,910,0.883,1,COM7
2,253344,37,rpm,760,459,36.8,36.8,3925,496,0,910,0.883,1,COM7
2,253365,37,rpm,889,459,36.8,36.8,3925,496,0,911,0.883,1,COM7
2,253386,37,rpm,753,459,36.8,36.8,3925,496,0,911,0.883,1,COM7
2,253406,37,rpm,618,459,36.8,36.8,3925,496,0,911,0.884,1,COM7
2,253427,37,rpm,597,459,36.8,36.8,3925,496,0,911,0.884,1,COM7
2,253448,37,rpm,493,459,36.8,36.8,3925,496,0,911,0.884,1,COM7
2,253469,37,rpm,364,459,36.8,36.8,3925,496,0,911,0.884,1,COM7
2,253489,37,rpm,223,459,36.8,36.8,3925,496,0,912,0.884,1,COM7
2,253510,37,rpm,-388,459,36.8,36.8,3925,496,0,912,0.884,1,COM7
2,253531,37,rpm,57,459,36.8,36.8,3925,496,0,912,0.884,1,COM7
2,253552,37,rpm,353,459,36.8,36.8,3925,496,0,912,0.885,1,COM7
2,253572,37,rpm,685,459,36.8,36.8,3925,496,0,912,0.885,1,COM7
2,253593,37,rpm,928,459,36.8,36.8,3925,496,0,912,0.885,1,COM7
2,253614,37,rpm,792,459,36.8,36.8,3925,496,0,912,0.885,1,COM7
2,253634,37,rpm,700,459,36.8,36.8,3925,496,0,913,0.885,1,COM7
2,253655,37,rpm,716,459,36.8,36.8,3925,496,0,913,0.885,1,COM7
2,253676,37,rpm,577,459,36.8,36.8,3925,496,0,913,0.886,1,COM7
2,253697,37,rpm,506,459,36.8,36.8,3925,496,0,913,0.886,1,COM7
2,253717,37,rpm,425,459,36.8,36.8,3925,496,0,913,0.886,1,COM7
2,253738,37,rpm,305,459,36.8,36.8,3925,496,0,913,0.886,1,COM7
2,253759,37,rpm,-214,459,36.8,36.8,3925,496,0,914,0.886,1,COM7
2,253779,37,rpm,-76,459,36.8,36.8,3925,496,0,914,0.886,1,COM7
2,253800,37,rpm,196,459,36.8,36.8,3925,496,0,914,0.886,1,COM7
2,253821,37,rpm,661,459,36.8,36.8,3925,496,0,914,0.887,1,COM7
2,253842,37,rpm,693,459,36.8,36.8,3925,496,0,914,0.887,1,COM7
2,253862,37,rpm,838,459,36.8,36.8,3925,496,0,914,0.887,1,COM7
2,253883,37,rpm,862,459,36.8,36.8,3925,496,0,915,0.887,1,COM7
2,253904,37,rpm,659,459,36.8,36.8,3925,496,0,915,0.887,1,COM7
2,253925,37,rpm,600,459,36.8,36.8,3925,496,0,915,0.887,1,COM7
2,253945,37,rpm,582,459,36.8,36.8,3925,496,0,915,0.888,1,COM7
2,253966,37,rpm,452,459,36.8,36.8,3925,496,0,915,0.888,1,COM7
2,253987,37,rpm,300,459,36.8,36.8,3925,496,0,915,0.888,1,COM7
2,254007,37,rpm,154,459,36.8,36.8,3925,496,0,915,0.888,1,COM7
2,254028,37,rpm,-333,459,36.8,36.8,3925,496,0,916,0.888,1,COM7
2,254049,37,rpm,70,459,36.8,36.8,3925,496,0,916,0.888,1,COM7
2,254070,37,rpm,481,459,36.8,36.8,3925,496,0,916,0.888,1,COM7
2,254090,37,rpm,739,459,36.8,36.8,3925,496,0,916,0.889,1,COM7
2,254111,37,rpm,756,459,36.8,36.8,3925,496,0,916,0.889,1,COM7
2,254132,37,rpm,842,459,36.8,36.8,3925,496,0,916,0.889,1,COM7
2,254152,37,rpm,752,459,36.8,36.8,3925,496,0,917,0.889,1,COM7
2,254173,37,rpm,655,459,36.8,36.8,3925,496,0,917,0.889,1,COM7
2,254194,37,rpm,528,459,36.8,36.8,3925,496,0,917,0.889,1,COM7
2,254215,37,rpm,502,459,36.8,36.8,3925,496,0,917,0.89,1,COM7
2,254235,37,rpm,409,459,36.8,36.8,3925,496,0,917,0.89,1,COM7
2,254256,37,rpm,263,459,36.8,36.8,3925,496,0,917,0.89,1,COM7
2,254277,37,rpm,-361,459,36.8,36.8,3925,496,0,918,0.89,1,COM7
2,254298,37,rpm,22,459,36.8,36.8,3925,496,0,918,0.89,1,COM7
2,254318,37,rpm,248,459,36.8,36.8,3925,496,0,918,0.89,1,COM7
2,254339,37,rpm,663,459,36.8,36.8,3925,496,0,918,0.89,1,COM7
2,254360,37,rpm,897,459,36.8,36.8,3925,496,0,918,0.891,1,COM7
2,254381,37,rpm,838,459,36.8,36.8,3925,496,0,918,0.891,1,COM7
2,254401,37,rpm,704,459,36.8,36.8,3925,496,0,918,0.891,1,COM7
2,254422,37,rpm,703,459,36.8,36.8,3925,496,0,919,0.891,1,COM7
2,254443,37,rpm,607,459,36.8,36.8,3925,496,0,919,0.891,1,COM7
2,254463,37,rpm,542,459,36.8,36.8,3925,496,0,919,0.891,1,COM7
2,254484,37,rpm,409,459,36.8,36.8,3925,496,0,919,0.892,1,COM7
2,254505,37,rpm,323,459,36.8,36.8,3925,496,0,919,0.892,1,COM7
2,254526,37,rpm,-44,459,36.8,36.8,3925,496,0,919,0.892,1,COM7
2,254546,37,rpm,-210,459,36.8,36.8,3925,496,0,920,0.892,1,COM7
2,254567,37,rpm,122,459,36.8,36.8,3925,496,0,920,0.892,1,COM7
2,254588,37,rpm,647,459,36.8,36.8,3925,496,0,920,0.892,1,COM7
2,254609,37,rpm,721,459,36.8,36.8,3925,496,0,920,0.892,1,COM7
2,254629,37,rpm,823,459,36.8,36.8,3925,496,0,920,0.893,1,COM7
2,254650,37,rpm,844,459,36.8,36.8,3925,496,0,920,0.893,1,COM7
2,254671,37,rpm,692,459,36.8,36.8,3925,496,0,921,0.893,1,COM7
2,254692,37,rpm,568,459,36.8,36.8,3925,496,0,921,0.893,1,COM7
2,254712,37,rpm,575,459,36.8,36.8,3925,496,0,921,0.893,1,COM7
2,254733,37,rpm,499,459,36.8,36.8,3925,496,0,921,0.893,1,COM7
2,254754,37,rpm,330,459,36.8,36.8,3925,496,0,921,0.894,1,COM7
2,254775,37,rpm,171,459,36.8,36.8,3925,496,0,921,0.894,1,COM7
2,254795,37,rpm,-384,459,36.8,36.8,3925,496,0,921,0.894,1,COM7
2,254816,37,rpm,84,459,36.8,36.8,3925,496,0,922,0.894,1,COM7
2,254837,37,rpm,416,459,36.8,36.8,3925,496,0,922,0.894,1,COM7
2,254857,37,rpm,774,459,36.8,36.8,3925,496,0,922,0.894,1,COM7
2,254878,37,rpm,1013,459,36.8,36.8,3925,496,0,922,0.894,1,COM7
2,254899,37,rpm,772,459,36.8,36.8,3925,496,0,922,0.895,1,COM7
2,254920,37,rpm,677,459,36.8,36.8,3925,496,0,922,0.895,1,COM7
2,254940,37,rpm,712,459,36.8,36.8,3925,496,0,923,0.895,1,COM7
2,254961,37,rpm,561,459,36.8,36.8,3925,496,0,923,0.895,1,COM7
2,254982,37,rpm,437,459,36.8,36.8,3925,496,0,923,0.895,1,COM7
2,255003,37,rpm,376,459,36.8,36.8,3925,496,0,923,0.895,1,COM7
2,255023,37,rpm,171,459,36.8,36.8,3925,496,0,923,0.896,1,COM7
2,255044,37,rpm,-354,459,36.8,36.8,3925,496,0,923,0.896,1,COM7
2,255065,37,rpm,70,459,36.8,36.8,3925,496,0,924,0.896,1,COM7
2,255086,37,rpm,475,459,36.8,36.8,3925,496,0,924,0.896,1,COM7
2,255106,37,rpm,669,459,36.8,36.8,3925,496,0,924,0.896,1,COM7
2,255127,37,rpm,870,459,36.8,36.8,3925,496,0,924,0.896,1,COM7
2,255148,37,rpm,791,459,36.8,36.8,3925,496,0,924,0.896,1,COM7
2,255168,37,rpm,784,459,36.8,36.8,3925,496,0,924,0.897,1,COM7
2,255189,37,rpm,594,459,36.8,36.8,3925,496,0,925,0.897,1,COM7
2,255210,37,rpm,610,459,36.8,36.8,3925,496,0,925,0.897,1,COM7
2,255231,37,rpm,538,459,36.8,36.8,3925,496,0,925,0.897,1,COM7
2,255251,37,rpm,370,459,36.8,36.8,3925,496,0,925,0.897,1,COM7
2,255272,37,rpm,262,459,36.8,36.8,3925,496,0,925,0.897,1,COM7
2,255293,37,rpm,-279,459,36.8,36.8,3925,496,0,925,0.898,1,COM7
2,255314,37,rpm,-13,459,36.8,36.8,3925,496,0,925,0.898,1,COM7
2,255334,37,rpm,209,459,36.8,36.8,3925,496,0,926,0.898,1,COM7
2,255355,37,rpm,698,459,36.8,36.8,3925,496,0,926,0.898,1,COM7
2,255376,37,rpm,800,459,36.8,36.8,3925,496,0,926,0.898,1,COM7
2,255397,37,rpm,837,459,36.8,36.8,3925,496,0,926,0.898,1,COM7
2,255417,37,rpm,731,459,36.8,36.8,3925,496,0,926,0.898,1,COM7
2,255438,37,rpm,699,459,36.8,36.8,3925,496,0,926,0.899,1,COM7
2,255459,37,rpm,632,459,36.8,36.8,3925,496,0,927,0.899,1,COM7
2,255480,37,rpm,478,459,36.8,36.8,3925,496,0,927,0.899,1,COM7
2,255500,37,rpm,417,459,36.8,36.8,3925,496,0,927,0.899,1,COM7
2,255521,37,rpm,347,459,36.8,36.8,3925,496,0,927,0.899,1,COM7
2,255542,37,rpm,-6,459,36.8,36.8,3925,496,0,927,0.899,1,COM7
2,255562,37,rpm,-252,459,36.8,36.8,3925,496,0,927,0.9,1,COM7
2,255583,37,rpm,111,459,36.8,36.8,3925,496,0,928,0.9,1,COM7
2,255604,37,rpm,552,459,36.8,36.8,3925,496,0,928,0.9,1,COM7
2,255625,37,rpm,675,459,36.8,36.8,3925,496,0,928,0.9,1,COM7
2,255645,37,rpm,956,459,36.8,36.8,3925,496,0,928,0.9,1,COM7
2,255666,37,rpm,780,459,36.8,36.8,3925,496,0,928,0.9,1,COM7
2,255687,37,rpm,658,459,36.8,36.8,3925,496,0,928,0.9,1,COM7
2,255708,37,rpm,670,459,36.8,36.8,3925,496,0,928,0.901,1,COM7
2,255728,37,rpm,559,459,36.8,36.8,3925,496,0,929,0.901,1,COM7
2,255749,37,rpm,500,459,36.8,36.8,3925,496,0,929,0.901,1,COM7
2,255770,37,rpm,351,459,36.8,36.8,3925,496,0,929,0.901,1,COM7
2,255790,37,rpm,245,459,36.8,36.8,3925,496,0,929,0.901,1,COM7
2,255811,37,rpm,-399,459,36.8,36.8,3925,496,0,929,0.901,1,COM7
2,255832,37,rpm,58,459,36.8,36.8,3925,496,0,929,0.902,1,COM7
2,255853,37,rpm,359,459,36.8,36.8,3925,496,0,930,0.902,1,COM7
2,255873,37,rpm,771,459,36.8,36.8,3925,496,0,930,0.902,1,COM7
2,255894,37,rpm,783,459,36.8,36.8,3925,496,0,930,0.902,1,COM7
2,255915,37,rpm,842,459,36.8,36.8,3925,496,0,930,0.902,1,COM7
2,255936,37,rpm,754,459,36.8,36.8,3925,496,0,930,0.902,1,COM7
2,255956,37,rpm,668,459,36.8,36.8,3925,496,0,930,0.902,1,COM7
2,255977,37,rpm,565,459,36.8,36.8,3925,496,0,931,0.903,1,COM7
2,255998,37,rpm,534,459,36.8,36.8,3925,496,0,931,0.903,1,COM7
2,256018,37,rpm,415,459,36.8,36.8,3925,496,0,931,0.903,1,COM7
2,256039,37,rpm,270,459,36.8,36.8,3925,496,0,931,0.903,1,COM7
2,256060,37,rpm,-207,459,36.8,36.8,3925,496,0,931,0.903,1,COM7
2,256081,37,rpm,-93,459,36.8,36.8,3925,496,0,931,0.903,1,COM7
2,256101,37,rpm,200,459,36.8,36.8,3925,496,0,931,0.904,1,COM7
2,256122,37,rpm,622,459,36.8,36.8,3925,496,0,932,0.904,1,COM7
2,256143,37,rpm,794,459,36.8,36.8,3925,496,0,932,0.904,1,COM7
2,256164,37,rpm,964,459,36.8,36.8,3925,496,0,932,0.904,1,COM7
2,256184,37,rpm,696,459,36.8,36.8,3925,496,0,932,0.904,1,COM7
2,256205,37,rpm,647,459,36.8,36.8,3925,496,0,932,0.904,1,COM7
2,256226,37,rpm,667,459,36.8,36.8,3925,496,0,932,0.904,1,COM7
2,256247,37,rpm,534,459,36.8,36.8,3925,496,0,933,0.905,1,COM7
2,256267,37,rpm,408,459,36.8,36.8,3925,496,0,933,0.905,1,COM7
2,256288,37,rpm,356,459,36.8,36.8,3925,496,0,933,0.905,1,COM7
2,256309,37,rpm,-14,459,36.8,36.8,3925,496,0,933,0.905,1,COM7
2,256330,37,rpm,-255,459,36.8,36.8,3925,496,0,933,0.905,1,COM7
2,256350,37,rpm,115,459,36.8,36.8,3925,496,0,933,0.905,1,COM7
2,256371,37,rpm,624,459,36.8,36.8,3925,496,0,934,0.906,1,COM7
2,256392,37,rpm,720,459,36.8,36.8,3925,496,0,934,0.906,1,COM7
2,256412,37,rpm,900,459,36.8,36.8,3925,496,0,934,0.906,1,COM7
2,256433,37,rpm,760,459,36.8,36.8,3925,496,0,934,0.906,1,COM7
2,256454,37,rpm,753,459,36.8,36.8,3925,496,0,934,0.906,1,COM7
2,256475,37,rpm,592,459,36.8,36.8,3925,496,0,934,0.906,1,COM7
2,256495,37,rpm,570,459,36.8,36.8,3925,496,0,934,0.906,1,COM7
2,256516,37,rpm,463,459,36.8,36.8,3925,496,0,935,0.907,1,COM7
2,256537,37,rpm,305,459,36.8,36.8,3925,496,0,935,0.907,1,COM7
2,256558,37,rpm,80,459,36.8,36.8,3925,496,0,935,0.907,1,COM7
2,256578,37,rpm,-289,459,36.8,36.8,3925,496,0,935,0.907,1,COM7
2,256599,37,rpm,99,459,36.8,36.8,3925,496,0,935,0.907,1,COM7
2,256620,37,rpm,527,459,36.8,36.8,3925,496,0,935,0.907,1,COM7
2,256641,37,rpm,741,459,36.8,36.8,3925,496,0,936,0.908,1,COM7
2,256661,37,rpm,900,459,36.8,36.8,3925,496,0,936,0.908,1,COM7
2,256682,37,rpm,758,459,36.8,36.8,3925,496,0,936,0.908,1,COM7
2,256703,37,rpm,707,459,36.8,36.8,3925,496,0,936,0.908,1,COM7
2,256723,37,rpm,662,459,36.8,36.8,3925,496,0,936,0.908,1,COM7
2,256744,37,rpm,600,459,36.8,36.8,3925,496,0,936,0.908,1,COM7
2,256765,37,rpm,424,459,36.8,36.8,3925,496,0,937,0.908,1,COM7
2,256786,37,rpm,385,459,36.8,36.8,3925,496,0,937,0.909,1,COM7
2,256806,37,rpm,235,459,36.8,36.8,3925,496,0,937,0.909,1,COM7
2,256827,37,rpm,-359,459,36.8,36.8,3925,496,0,937,0.909,1,COM7
2,256848,37,rpm,44,459,36.8,36.8,3925,496,0,937,0.909,1,COM7
2,256869,37,rpm,428,459,36.8,36.8,3925,496,0,937,0.909,1,COM7
2,256889,37,rpm,676,459,36.8,36.8,3925,496,0,938,0.909,1,COM7
2,256910,37,rpm,742,459,36.8,36.8,3925,496,0,938,0.91,1,COM7
2,256931,37,rpm,916,459,36.8,36.8,3925,496,0,938,0.91,1,COM7
2,256952,37,rpm,702,459,36.8,36.8,3925,496,0,938,0.91,1,COM7
2,256972,37,rpm,627,459,36.8,36.8,3925,496,0,938,0.91,1,COM7
2,256993,37,rpm,634,459,36.8,36.8,3925,496,0,938,0.91,1,COM7
2,257014,37,rpm,545,459,36.8,36.8,3925,496,0,938,0.91,1,COM7
2,257035,37,rpm,393,459,36.8,36.8,3925,496,0,939,0.91,1,COM7
2,257055,37,rpm,323,459,36.8,36.8,3925,496,0,939,0.911,1,COM7
2,257076,37,rpm,-156,459,36.8,36.8,3925,496,0,939,0.911,1,COM7
2,257097,37,rpm,-129,459,36.8,36.8,3925,496,0,939,0.911,1,COM7
2,257118,37,rpm,162,459,36.8,36.8,3925,496,0,939,0.911,1,COM7
2,257138,37,rpm,623,459,36.8,36.8,3925,496,0,939,0.911,1,COM7
2,257159,37,rpm,791,459,36.8,36.8,3925,496,0,940,0.911,1,COM7
2,257180,37,rpm,832,459,36.8,36.8,3925,496,0,940,0.912,1,COM7
2,257201,37,rpm,730,459,36.8,36.8,3925,496,0,940,0.912,1,COM7
2,257221,37,rpm,753,459,36.8,36.8,3925,496,0,940,0.912,1,COM7
2,257242,37,rpm,622,459,36.8,36.8,3925,496,0,940,0.912,1,COM7
2,257263,37,rpm,536,459,36.8,36.8,3925,496,0,940,0.912,1,COM7
2,257284,37,rpm,472,459,36.8,36.8,3925,496,0,941,0.912,1,COM7
2,257304,37,rpm,374,459,36.8,36.8,3925,496,0,941,0.912,1,COM7
2,257325,37,rpm,140,459,36.8,36.8,3925,496,0,941,0.913,1,COM7
2,257346,37,rpm,-359,459,36.8,36.8,3925,496,0,941,0.913,1,COM7
2,257367,37,rpm,82,459,36.8,36.8,3925,496,0,941,0.913,1,COM7
2,257387,37,rpm,518,459,36.8,36.8,3925,496,0,941,0.913,1,COM7
2,257408,37,rpm,673,459,36.8,36.8,3925,496,0,941,0.913,1,COM7
2,257429,37,rpm,809,459,36.8,36.8,3925,496,0,942,0.913,1,COM7
2,257450,37,rpm,938,459,36.8,36.8,3925,496,0,942,0.914,1,COM7
2,257470,37,rpm,642,459,36.8,36.8,3925,496,0,942,0.914,1,COM7
2,257491,37,rpm,632,459,36.8,36.8,3925,496,0,942,0.914,1,COM7
2,257512,37,rpm,634,459,36.8,36.8,3925,496,0,942,0.914,1,COM7
2,257532,37,rpm,481,459,36.8,36.8,3925,496,0,942,0.914,1,COM7
2,257553,37,rpm,352,459,36.8,36.8,3925,496,0,943,0.914,1,COM7
2,257574,37,rpm,294,459,36.8,36.8,3925,496,0,943,0.914,1,COM7
2,257595,37,rpm,-359,459,36.8,36.8,3925,496,0,943,0.915,1,COM7
2,257615,37,rpm,12,459,36.8,36.8,3925,496,0,943,0.915,1,COM7
2,257636,37,rpm,277,459,36.8,36.8,3925,496,0,943,0.915,1,COM7
2,257657,37,rpm,703,459,36.8,36.8,3925,496,0,943,0.915,1,COM7
2,257678,37,rpm,772,459,36.8,36.8,3925,496,0,944,0.915,1,COM7
2,257698,37,rpm,903,459,36.8,36.8,3925,496,0,944,0.915,1,COM7
2,257719,37,rpm,679,459,36.8,36.8,3925,496,0,944,0.916,1,COM7
2,257740,37,rpm,682,459,36.8,36.8,3925,496,0,944,0.916,1,COM7
2,257761,37,rpm,619,459,36.8,36.8,3925,496,0,944,0.916,1,COM7
2,257781,37,rpm,482,459,36.8,36.8,3925,496,0,944,0.916,1,COM7
2,257802,37,rpm,450,459,36.8,36.8,3925,496,0,944,0.916,1,COM7
2,257823,37,rpm,316,459,36.8,36.8,3925,496,0,945,0.916,1,COM7
2,257844,37,rpm,-157,459,36.8,36.8,3925,496,0,945,0.916,1,COM7
2,257864,37,rpm,-126,459,36.8,36.8,3925,496,0,945,0.917,1,COM7
2,257885,37,rpm,185,459,36.8,36.8,3925,496,0,945,0.917,1,COM7
2,257906,37,rpm,611,459,36.8,36.8,3925,496,0,945,0.917,1,COM7
2,257927,37,rpm,816,459,36.8,36.8,3925,496,0,945,0.917,1,COM7
2,257947,37,rpm,909,459,36.8,36.8,3925,496,0,946,0.917,1,COM7
2,257968,37,rpm,747,459,36.8,36.8,3925,496,0,946,0.917,1,COM7
2,257989,37,rpm,646,459,36.8,36.8,3925,496,0,946,0.918,1,COM7
2,258009,37,rpm,646,459,36.8,36.8,3925,496,0,946,0.918,1,COM7
2,258030,37,rpm,577,459,36.8,36.8,3925,496,0,946,0.918,1,COM7
2,258051,37,rpm,369,459,36.8,36.8,3925,496,0,946,0.918,1,COM7
2,258072,37,rpm,300,459,36.8,36.8,3925,496,0,947,0.918,1,COM7
2,258092,37,rpm,-81,459,36.8,36.8,3925,496,0,947,0.918,1,COM7
2,258113,37,rpm,-183,459,36.8,36.8,3925,496,0,947,0.918,1,COM7
2,258134,37,rpm,130,459,36.8,36.8,3925,496,0,947,0.919,1,COM7
2,258155,37,rpm,692,459,36.8,36.8,3925,496,0,947,0.919,1,COM7
2,258175,37,rpm,686,459,36.8,36.8,3925,496,0,947,0.919,1,COM7
2,258196,37,rpm,843,459,36.8,36.8,3925,496,0,948,0.919,1,COM7
2,258217,37,rpm,888,459,36.8,36.8,3925,496,0,948,0.919,1,COM7
2,258237,37,rpm,648,459,36.8,36.8,3925,496,0,948,0.919,1,COM7
2,258258,37,rpm,557,459,36.8,36.8,3925,496,0,948,0.92,1,COM7
2,258279,37,rpm,610,459,36.8,36.8,3925,496,0,948,0.92,1,COM7
2,258299,37,rpm,467,459,36.8,36.8,3925,496,0,948,0.92,1,COM7
2,258320,37,rpm,324,459,36.8,36.8,3925,496,0,948,0.92,1,COM7
2,258341,37,rpm,152,459,36.8,36.8,3925,496,0,949,0.92,1,COM7
2,258362,37,rpm,-364,459,36.8,36.8,3925,496,0,949,0.92,1,COM7
2,258382,37,rpm,79,459,36.8,36.8,3925,496,0,949,0.92,1,COM7
2,258403,37,rpm,450,459,36.8,36.8,3925,496,0,949,0.921,1,COM7
2,258424,37,rpm,734,459,36.8,36.8,3925,496,0,949,0.921,1,COM7
2,258445,37,rpm,884,459,36.8,36.8,3925,496,0,949,0.921,1,COM7
2,258465,37,rpm,825,459,36.8,36.8,3925,496,0,950,0.921,1,COM7
2,258486,37,rpm,624,459,36.8,36.8,3925,496,0,950,0.921,1,COM7
2,258507,37,rpm,713,459,36.8,36.8,3925,496,0,950,0.921,1,COM7
2,258527,37,rpm,593,459,36.8,36.8,3925,496,0,950,0.922,1,COM7
2,258548,37,rpm,479,459,36.8,36.8,3925,496,0,950,0.922,1,COM7
2,258569,37,rpm,384,459,36.8,36.8,3925,496,0,950,0.922,1,COM7
2,258590,37,rpm,304,459,36.8,36.8,3925,496,0,951,0.922,1,COM7
2,258610,37,rpm,-318,459,36.8,36.8,3925,496,0,951,0.922,1,COM7
2,258631,37,rpm,0,459,36.8,36.8,3925,496,0,951,0.922,1,COM7
2,258652,37,rpm,257,459,36.8,36.8,3925,496,0,951,0.922,1,COM7
2,258673,37,rpm,650,459,36.8,36.8,3925,496,0,951,0.923,1,COM7
2,258693,37,rpm,725,459,36.8,36.8,3925,496,0,951,0.923,1,COM7
2,258714,37,rpm,945,459,36.8,36.8,3925,496,0,951,0.923,1,COM7
2,258735,37,rpm,799,459,36.8,36.8,3925,496,0,952,0.923,1,COM7
2,258756,37,rpm,605,459,36.8,36.8,3925,496,0,952,0.923,1,COM7
2,258776,37,rpm,583,460,36.8,36.8,3925,496,0,952,0.923,1,COM7
2,258797,37,rpm,620,460,36.8,36.8,3925,496,0,952,0.924,1,COM7
2,258818,37,rpm,384,460,36.8,36.8,3925,496,0,952,0.924,1,COM7
2,258839,37,rpm,327,460,36.8,36.8,3925,496,0,952,0.924,1,COM7
2,258859,37,rpm,-5,460,36.8,36.8,3925,496,0,953,0.924,1,COM7
2,258880,37,rpm,-251,460,36.8,36.8,3925,496,0,953,0.924,1,COM7
2,258901,37,rpm,100,460,36.8,36.8,3925,496,0,953,0.924,1,COM7
2,258921,37,rpm,616,460,36.8,36.8,3925,496,0,953,0.924,1,COM7
2,258942,37,rpm,694,460,36.8,36.8,3925,496,0,953,0.925,1,COM7
2,258963,37,rpm,812,460,36.8,36.8,3925,496,0,953,0.925,1,COM7
2,258984,37,rpm,869,460,36.8,36.8,3925,496,0,954,0.925,1,COM7
2,259004,37,rpm,636,460,36.8,36.8,3925,496,0,954,0.925,1,COM7
2,259025,37,rpm,661,460,36.8,36.8,3925,496,0,954,0.925,1,COM7
2,259046,37,rpm,581,460,36.8,36.8,3925,496,0,954,0.925,1,COM7
2,259067,37,rpm,483,460,36.8,36.8,3925,496,0,954,0.926,1,COM7
2,259087,37,rpm,360,460,36.8,36.8,3925,496,0,954,0.926,1,COM7
2,259108,37,rpm,237,460,36.8,36.8,3925,496,0,954,0.926,1,COM7
2,259129,37,rpm,-400,460,36.8,36.8,3925,496,0,955,0.926,1,COM7
2,259150,37,rpm,59,460,36.8,36.8,3925,496,0,955,0.926,1,COM7
2,259170,37,rpm,350,460,36.8,36.8,3925,496,0,955,0.926,1,COM7
2,259191,37,rpm,656,460,36.8,36.8,3925,496,0,955,0.926,1,COM7
2,259212,37,rpm,866,460,36.8,36.8,3925,496,0,955,0.927,1,COM7
2,259233,37,rpm,880,460,36.8,36.8,3925,496,0,955,0.927,1,COM7
2,259253,37,rpm,678,460,36.8,36.8,3925,496,0,956,0.927,1,COM7
2,259274,37,rpm,629,460,36.8,36.8,3925,496,0,956,0.927,1,COM7
2,259295,37,rpm,641,460,36.8,36.8,3925,496,0,956,0.927,1,COM7
2,259315,37,rpm,534,460,36.8,36.8,3925,496,0,956,0.927,1,COM7
2,259336,37,rpm,347,460,36.8,36.8,3925,496,0,956,0.928,1,COM7
2,259357,37,rpm,305,460,36.8,36.8,3925,496,0,956,0.928,1,COM7
2,259378,37,rpm,-316,460,36.8,36.8,3925,496,0,957,0.928,1,COM7
2,259398,37,rpm,-23,460,36.8,36.8,3925,496,0,957,0.928,1,COM7
2,259419,37,rpm,214,460,36.8,36.8,3925,496,0,957,0.928,1,COM7
2,259440,37,rpm,760,460,36.8,36.8,3925,496,0,957,0.928,1,COM7
2,259461,37,rpm,796,460,36.8,36.8,3925,496,0,957,0.928,1,COM7
2,259481,37,rpm,829,460,36.8,36.8,3925,496,0,957,0.929,1,COM7
2,259502,37,rpm,852,460,36.8,36.8,3925,496,0,958,0.929,1,COM7
2,259523,37,rpm,636,460,36.8,36.8,3925,496,0,958,0.929,1,COM7
2,259543,37,rpm,594,460,36.8,36.8,3925,496,0,958,0.929,1,COM7
2,259564,37,rpm,558,460,36.8,36.8,3925,496,0,958,0.929,1,COM7
2,259585,37,rpm,392,460,36.8,36.8,3925,496,0,958,0.929,1,COM7
2,259606,37,rpm,273,460,36.8,36.8,3925,496,0,958,0.93,1,COM7
2,259626,37,rpm,-244,460,36.8,36.8,3925,496,0,958,0.93,1,COM7
2,259647,37,rpm,-44,460,36.8,36.8,3925,496,0,959,0.93,1,COM7
2,259668,37,rpm,210,460,36.8,36.8,3925,496,0,959,0.93,1,COM7
2,259689,37,rpm,634,460,36.8,36.8,3925,496,0,959,0.93,1,COM7
2,259709,37,rpm,748,460,36.8,36.8,3925,496,0,959,0.93,1,COM7
2,259730,37,rpm,951,460,36.8,36.8,3925,496,0,959,0.93,1,COM7
2,259751,37,rpm,775,460,36.8,36.8,3925,496,0,959,0.931,1,COM7
2,259772,37,rpm,596,460,36.8,36.8,3925,496,0,960,0.931,1,COM7
2,259792,37,rpm,699,460,36.8,36.8,3925,496,0,960,0.931,1,COM7
2,259813,37,rpm,557,460,36.8,36.8,3925,496,0,960,0.931,1,COM7
2,259834,37,rpm,396,460,36.8,36.8,3925,496,0,960,0.931,1,COM7
2,259855,37,rpm,334,460,36.8,36.8,3925,496,0,960,0.931,1,COM7
2,259875,37,rpm,65,460,36.8,36.8,3925,496,0,960,0.932,1,COM7
2,259896,37,rpm,-275,460,36.8,36.8,3925,496,0,961,0.932,1,COM7
2,259917,37,rpm,93,460,36.8,36.8,3925,496,0,961,0.932,1,COM7
2,259938,37,rpm,575,460,36.8,36.8,3925,496,0,961,0.932,1,COM7
2,259958,37,rpm,734,460,36.8,36.8,3925,496,0,961,0.932,1,COM7
2,259979,37,rpm,722,460,36.8,36.8,3925,496,0,961,0.932,1,COM7
2,260000,37,rpm,894,460,36.8,36.8,3925,496,0,961,0.932,1,COM7
2,260021,37,rpm,741,460,36.8,36.8,3925,496,0,961,0.933,1,COM7
2,260041,37,rpm,560,460,36.8,36.8,3925,496,0,962,0.933,1,COM7
2,260062,37,rpm,576,460,36.8,36.8,3925,496,0,962,0.933,1,COM7
2,260083,37,rpm,523,460,36.8,36.8,3925,496,0,962,0.933,1,COM7
2,260103,37,rpm,338,460,36.8,36.8,3925,496,0,962,0.933,1,COM7
2,260124,37,rpm,252,460,36.8,36.8,3925,496,0,962,0.933,1,COM7
2,260145,37,rpm,-375,460,36.8,36.8,3925,496,0,962,0.934,1,COM7
2,260166,37,rpm,39,460,36.8,36.8,3925,496,0,963,0.934,1,COM7
2,260187,37,rpm,296,460,36.8,36.8,3925,496,0,963,0.934,1,COM7
2,260207,37,rpm,754,460,36.8,36.8,3925,496,0,963,0.934,1,COM7
2,260228,37,rpm,752,460,36.8,36.8,3925,496,0,963,0.934,1,COM7
2,260249,37,rpm,874,460,36.8,36.8,3925,496,0,963,0.934,1,COM7
2,260270,37,rpm,776,460,36.8,36.8,3925,496,0,963,0.934,1,COM7
2,260290,37,rpm,646,460,36.8,36.8,3925,496,0,964,0.935,1,COM7
2,260311,37,rpm,589,460,36.8,36.8,3925,496,0,964,0.935,1,COM7
2,260332,37,rpm,546,460,36.8,36.8,3925,496,0,964,0.935,1,COM7
2,260352,37,rpm,368,460,36.8,36.8,3925,496,0,964,0.935,1,COM7
2,260373,37,rpm,340,460,36.8,36.8,3925,496,0,964,0.935,1,COM7
2,260394,37,rpm,-152,460,36.8,36.8,3925,496,0,964,0.935,1,COM7
2,260415,37,rpm,-147,460,36.8,36.8,3925,496,0,964,0.936,1,COM7
2,260435,37,rpm,174,460,36.8,36.8,3925,496,0,965,0.936,1,COM7
2,260456,37,rpm,647,460,36.8,36.8,3925,496,0,965,0.936,1,COM7
2,260477,37,rpm,673,460,36.8,36.8,3925,496,0,965,0.936,1,COM7
2,260498,37,rpm,916,460,36.8,36.8,3925,496,0,965,0.936,1,COM7
2,260518,37,rpm,822,460,36.8,36.8,3925,496,0,965,0.936,1,COM7
2,260539,37,rpm,613,460,36.8,36.8,3925,496,0,965,0.936,1,COM7
2,260560,37,rpm,606,460,36.8,36.8,3925,496,0,966,0.937,1,COM7
2,260581,37,rpm,596,460,36.8,36.8,3925,496,0,966,0.937,1,COM7
2,260601,37,rpm,469,460,36.8,36.8,3925,496,0,966,0.937,1,COM7
2,260622,37,rpm,296,460,36.8,36.8,3925,496,0,966,0.937,1,COM7
2,260643,37,rpm,166,460,36.8,36.8,3925,496,0,966,0.937,1,COM7
2,260664,37,rpm,-371,460,36.8,36.8,3925,496,0,966,0.937,1,COM7
2,260684,37,rpm,77,460,36.8,36.8,3925,496,0,967,0.938,1,COM7
2,260705,37,rpm,472,460,36.8,36.8,3925,496,0,967,0.938,1,COM7
2,260726,37,rpm,806,460,36.8,36.8,3925,496,0,967,0.938,1,COM7
2,260747,37,rpm,811,460,36.8,36.8,3925,496,0,967,0.938,1,COM7
2,260767,37,rpm,750,460,36.8,36.8,3925,496,0,967,0.938,1,COM7
2,260788,37,rpm,812,460,36.8,36.8,3925,496,0,967,0.938,1,COM7
2,260809,37,rpm,590,460,36.8,36.8,3925,496,0,968,0.938,1,COM7
2,260829,37,rpm,553,460,36.8,36.8,3925,496,0,968,0.939,1,COM7
2,260850,37,rpm,534,460,36.8,36.8,3925,496,0,968,0.939,1,COM7
2,260871,37,rpm,338,460,36.8,36.8,3925,496,0,968,0.939,1,COM7
2,260892,37,rpm,264,460,36.8,36.8,3925,496,0,968,0.939,1,COM7
2,260912,37,rpm,-387,460,36.8,36.8,3925,496,0,968,0.939,1,COM7
2,260933,37,rpm,50,460,36.8,36.8,3925,496,0,968,0.939,1,COM7
2,260954,37,rpm,390,460,36.8,36.8,3925,496,0,969,0.94,1,COM7
2,260975,37,rpm,640,460,36.8,36.8,3925,496,0,969,0.94,1,COM7
2,260995,37,rpm,854,460,36.8,36.8,3925,496,0,969,0.94,1,COM7
2,261016,37,rpm,941,460,36.8,36.8,3925,496,0,969,0.94,1,COM7
2,261037,37,rpm,683,460,36.8,36.8,3925,496,0,969,0.94,1,COM7
2,261058,37,rpm,627,460,36.8,36.8,3925,496,0,969,0.94,1,COM7
2,261078,37,rpm,661,460,36.8,36.8,3925,496,0,970,0.94,1,COM7
2,261099,37,rpm,507,460,36.8,36.8,3925,496,0,970,0.941,1,COM7
2,261120,37,rpm,342,460,36.8,36.8,3925,496,0,970,0.941,1,COM7
2,261141,37,rpm,275,460,36.8,36.8,3925,496,0,970,0.941,1,COM7
2,261161,37,rpm,-361,460,36.8,36.8,3925,496,0,970,0.941,1,COM7
2,261182,37,rpm,31,460,36.8,36.8,3925,496,0,970,0.941,1,COM7
2,261203,37,rpm,300,460,36.8,36.8,3925,496,0,971,0.941,1,COM7
2,261224,37,rpm,726,460,36.8,36.8,3925,496,0,971,0.942,1,COM7
2,261244,37,rpm,857,460,36.8,36.8,3925,496,0,971,0.942,1,COM7
2,261265,37,rpm,777,460,36.8,36.8,3925,496,0,971,0.942,1,COM7
2,261286,37,rpm,785,460,36.8,36.8,3925,496,0,971,0.942,1,COM7
2,261306,37,rpm,667,460,36.8,36.8,3925,496,0,971,0.942,1,COM7
2,261327,37,rpm,527,460,36.8,36.8,3925,496,0,971,0.942,1,COM7
2,261348,37,rpm,541,460,36.8,36.8,3925,496,0,972,0.942,1,COM7
2,261369,37,rpm,456,460,36.8,36.8,3925,496,0,972,0.943,1,COM7
2,261389,37,rpm,284,459,36.8,36.8,3925,496,0,972,0.943,1,COM7
2,261410,37,rpm,-67,459,36.8,36.8,3925,496,0,972,0.943,1,COM7
2,261431,37,rpm,-195,459,36.8,36.8,3925,496,0,972,0.943,1,COM7
2,261451,37,rpm,148,459,36.8,36.8,3925,496,0,972,0.943,1,COM7
2,261472,37,rpm,570,459,36.8,36.8,3925,496,0,973,0.943,1,COM7
2,261493,37,rpm,815,459,36.8,36.8,3925,496,0,973,0.944,1,COM7
2,261514,37,rpm,834,459,36.8,36.8,3925,496,0,973,0.944,1,COM7
2,261534,37,rpm,788,459,36.8,36.8,3925,496,0,973,0.944,1,COM7
2,261555,37,rpm,676,459,36.8,36.8,3925,496,0,973,0.944,1,COM7
2,261576,37,rpm,583,459,36.8,36.8,3925,496,0,973,0.944,1,COM7
2,261597,37,rpm,597,459,36.8,36.8,3925,496,0,974,0.944,1,COM7
2,261617,37,rpm,442,459,36.8,36.8,3925,496,0,974,0.944,1,COM7
2,261638,37,rpm,323,459,36.8,36.8,3925,496,0,974,0.945,1,COM7
2,261659,37,rpm,212,459,36.8,36.8,3925,496,0,974,0.945,1,COM7
2,261680,37,rpm,-377,459,36.8,36.8,3925,496,0,974,0.945,1,COM7
2,261700,37,rpm,59,459,36.8,36.8,3925,496,0,974,0.945,1,COM7
2,261721,37,rpm,438,459,36.8,36.8,3925,496,0,975,0.945,1,COM7
2,261742,37,rpm,688,459,36.8,36.8,3925,496,0,975,0.945,1,COM7
2,261762,37,rpm,771,459,36.8,36.8,3925,496,0,975,0.946,1,COM7
2,261783,37,rpm,891,459,36.8,36.8,3925,496,0,975,0.946,1,COM7
2,261804,37,rpm,735,459,36.8,36.8,3925,496,0,975,0.946,1,COM7
2,261825,37,rpm,593,459,36.8,36.8,3925,496,0,975,0.946,1,COM7
2,261845,37,rpm,599,459,36.8,36.8,3925,496,0,975,0.946,1,COM7
2,261866,37,rpm,546,459,36.8,36.8,3925,496,0,976,0.946,1,COM7
2,261887,37,rpm,375,459,36.8,36.8,3925,496,0,976,0.947,1,COM7
2,261908,37,rpm,266,459,36.8,36.8,3925,496,0,976,0.947,1,COM7
2,261928,37,rpm,-311,459,36.8,36.8,3925,496,0,976,0.947,1,COM7
2,261949,37,rpm,-1,459,36.8,36.8,3925,496,0,976,0.947,1,COM7
2,261970,37,rpm,233,459,36.8,36.8,3925,496,0,976,0.947,1,COM7
2,261990,37,rpm,679,459,36.8,36.8,3925,496,0,977,0.947,1,COM7
2,262011,37,rpm,880,459,36.8,36.8,3925,496,0,977,0.947,1,COM7
2,262032,37,rpm,800,459,36.8,36.8,3925,496,0,977,0.948,1,COM7
2,262053,37,rpm,707,459,36.8,36.8,3925,496,0,977,0.948,1,COM7
2,262073,37,rpm,756,459,36.8,36.8,3925,496,0,977,0.948,1,COM7
2,262094,37,rpm,589,459,36.8,36.8,3925,496,0,977,0.948,1,COM7
2,262115,37,rpm,531,459,36.8,36.8,3925,496,0,978,0.948,1,COM7
2,262136,37,rpm,461,459,36.8,36.8,3925,496,0,978,0.948,1,COM7
2,262156,37,rpm,308,459,36.8,36.8,3925,496,0,978,0.948,1,COM7
2,262177,37,rpm,44,459,36.8,36.8,3925,496,0,978,0.949,1,COM7
2,262198,37,rpm,-294,459,36.8,36.8,3925,496,0,978,0.949,1,COM7
2,262218,37,rpm,112,459,36.8,36.8,3925,496,0,978,0.949,1,COM7
2,262239,37,rpm,529,459,36.8,36.8,3925,496,0,978,0.949,1,COM7
2,262260,37,rpm,766,459,36.8,36.8,3925,496,0,979,0.949,1,COM7
2,262281,37,rpm,802,459,36.8,36.8,3925,496,0,979,0.949,1,COM7
2,262301,37,rpm,916,459,36.8,36.8,3925,496,0,979,0.95,1,COM7
2,262322,37,rpm,612,459,36.8,36.8,3925,496,0,979,0.95,1,COM7
2,262343,37,rpm,617,459,36.8,36.8,3925,496,0,979,0.95,1,COM7
2,262363,37,rpm,604,459,36.8,36.8,3925,496,0,979,0.95,1,COM7
2,262384,37,rpm,493,459,36.8,36.8,3925,496,0,980,0.95,1,COM7
2,262405,37,rpm,316,459,36.8,36.8,3925,496,0,980,0.95,1,COM7
2,262426,37,rpm,233,459,36.8,36.8,3925,496,0,980,0.951,1,COM7
2,262446,37,rpm,-379,459,36.8,36.8,3925,496,0,980,0.951,1,COM7
2,262467,37,rpm,67,459,36.8,36.8,3925,496,0,980,0.951,1,COM7
2,262488,37,rpm,446,459,36.8,36.8,3925,496,0,980,0.951,1,COM7
2,262508,37,rpm,727,459,36.8,36.8,3925,496,0,981,0.951,1,COM7
2,262529,37,rpm,874,459,36.8,36.8,3925,496,0,981,0.951,1,COM7
2,262550,37,rpm,830,459,36.8,36.8,3925,496,0,981,0.951,1,COM7
2,262571,37,rpm,739,459,36.8,36.8,3925,496,0,981,0.952,1,COM7
2,262591,37,rpm,702,459,36.8,36.8,3925,496,0,981,0.952,1,COM7
2,262612,37,rpm,553,459,36.8,36.8,3925,496,0,981,0.952,1,COM7
2,262633,37,rpm,457,459,36.8,36.8,3925,496,0,981,0.952,1,COM7
2,262654,37,rpm,382,459,36.8,36.8,3925,496,0,982,0.952,1,COM7
2,262674,37,rpm,193,459,36.8,36.8,3925,496,0,982,0.952,1,COM7
2,262695,37,rpm,-362,459,36.8,36.8,3925,496,0,982,0.952,1,COM7
2,262716,37,rpm,64,459,36.8,36.8,3925,496,0,982,0.953,1,COM7
2,262737,37,rpm,376,459,36.8,36.8,3925,496,0,982,0.953,1,COM7
2,262757,37,rpm,686,459,36.8,36.8,3925,496,0,982,0.953,1,COM7
2,262778,37,rpm,915,459,36.8,36.8,3925,496,0,983,0.953,1,COM7
2,262799,37,rpm,806,459,36.8,36.8,3925,496,0,983,0.953,1,COM7
2,262819,37,rpm,685,459,36.8,36.8,3925,496,0,983,0.953,1,COM7
2,262840,37,rpm,676,459,36.8,36.8,3925,496,0,983,0.954,1,COM7
2,262861,37,rpm,632,459,36.8,36.8,3925,496,0,983,0.954,1,COM7
2,262882,37,rpm,511,459,36.8,36.8,3925,496,0,983,0.954,1,COM7
2,262902,37,rpm,356,459,36.8,36.8,3925,496,0,984,0.954,1,COM7
2,262923,37,rpm,302,459,36.8,36.8,3925,496,0,984,0.954,1,COM7
2,262944,37,rpm,-274,459,36.8,36.8,3925,496,0,984,0.954,1,COM7
2,262965,37,rpm,-22,459,36.8,36.8,3925,496,0,984,0.955,1,COM7
2,262985,37,rpm,200,459,36.8,36.8,3925,496,0,984,0.955,1,COM7
2,263006,37,rpm,703,459,36.8,36.8,3925,496,0,984,0.955,1,COM7
2,263027,37,rpm,730,459,36.8,36.8,3925,496,0,984,0.955,1,COM7
2,263048,37,rpm,821,459,36.8,36.8,3925,496,0,985,0.955,1,COM7
2,263068,37,rpm,817,459,36.8,36.8,3925,496,0,985,0.955,1,COM7
2,263089,37,rpm,686,459,36.8,36.8,3925,496,0,985,0.955,1,COM7
2,263110,37,rpm,540,459,36.8,36.8,3925,496,0,985,0.956,1,COM7
2,263131,37,rpm,589,459,36.8,36.8,3925,496,0,985,0.956,1,COM7
2,263151,37,rpm,459,459,36.8,36.8,3925,496,0,985,0.956,1,COM7
2,263172,37,rpm,310,459,36.8,36.8,3925,496,0,986,0.956,1,COM7
2,263193,37,rpm,69,459,36.8,36.8,3925,496,0,986,0.956,1,COM7
2,263213,37,rpm,-295,459,36.8,36.8,3925,496,0,986,0.956,1,COM7
2,263234,37,rpm,91,459,36.8,36.8,3925,496,0,986,0.956,1,COM7
2,263255,37,rpm,476,459,36.8,36.8,3925,496,0,986,0.957,1,COM7
2,263276,37,rpm,750,459,36.8,36.8,3925,496,0,986,0.957,1,COM7
2,263296,37,rpm,940,459,36.8,36.8,3925,496,0,987,0.957,1,COM7
2,263317,37,rpm,703,459,36.8,36.8,3925,496,0,987,0.957,1,COM7
2,263338,37,rpm,725,459,36.8,36.8,3925,496,0,987,0.957,1,COM7
2,263359,37,rpm,716,459,36.8,36.8,3925,496,0,987,0.957,1,COM7
2,263379,37,rpm,526,459,36.8,36.8,3925,496,0,987,0.958,1,COM7
2,263400,37,rpm,499,459,36.8,36.8,3925,496,0,987,0.958,1,COM7
2,263421,37,rpm,408,459,36.8,36.8,3925,496,0,988,0.958,1,COM7
2,263442,37,rpm,249,459,36.8,36.8,3925,496,0,988,0.958,1,COM7
2,263462,37,rpm,-383,459,36.8,36.8,3925,496,0,988,0.958,1,COM7
2,263483,37,rpm,42,459,36.8,36.8,3925,496,0,988,0.958,1,COM7
2,263504,37,rpm,319,459,36.8,36.8,3925,496,0,988,0.958,1,COM7
2,263524,37,rpm,663,459,36.8,36.8,3925,496,0,988,0.959,1,COM7
2,263545,37,rpm,837,459,36.8,36.8,3925,496,0,988,0.959,1,COM7
2,263566,37,rpm,863,459,36.8,36.8,3925,496,0,989,0.959,1,COM7
2,263587,37,rpm,704,459,36.8,36.8,3925,496,0,989,0.959,1,COM7
2,263607,37,rpm,659,459,36.8,36.8,3925,496,0,989,0.959,1,COM7
2,263628,37,rpm,571,459,36.8,36.8,3925,496,0,989,0.959,1,COM7
2,263649,37,rpm,590,459,36.8,36.8,3925,496,0,989,0.96,1,COM7
2,263669,37,rpm,383,459,36.8,36.8,3925,496,0,989,0.96,1,COM7
2,263690,37,rpm,289,459,36.8,36.8,3925,496,0,990,0.96,1,COM7
2,263711,37,rpm,-108,459,36.8,36.8,3925,496,0,990,0.96,1,COM7
2,263732,37,rpm,-153,459,36.8,36.8,3925,496,0,990,0.96,1,COM7
2,263753,37,rpm,137,459,36.8,36.8,3925,496,0,990,0.96,1,COM7
2,263773,37,rpm,659,459,36.8,36.8,3925,496,0,990,0.96,1,COM7
2,263794,37,rpm,778,459,36.8,36.8,3925,496,0,990,0.961,1,COM7
2,263815,37,rpm,810,459,36.8,36.8,3925,496,0,991,0.961,1,COM7
2,263835,37,rpm,757,459,36.8,36.8,3925,496,0,991,0.961,1,COM7
2,263856,37,rpm,694,459,36.8,36.8,3925,496,0,991,0.961,1,COM7
2,263877,37,rpm,640,459,36.8,36.8,3925,496,0,991,0.961,1,COM7
2,263898,37,rpm,518,459,36.8,36.8,3925,496,0,991,0.961,1,COM7
2,263918,37,rpm,461,459,36.8,36.8,3925,496,0,991,0.962,1,COM7
2,263939,37,rpm,353,459,36.8,36.8,3925,496,0,991,0.962,1,COM7
2,263960,37,rpm,75,458,36.8,36.8,3925,496,0,992,0.962,1,COM7
2,263981,37,rpm,-306,458,36.8,36.8,3925,496,0,992,0.962,1,COM7
2,264001,37,rpm,95,458,36.8,36.8,3925,496,0,992,0.962,1,COM7
2,264022,37,rpm,537,458,36.8,36.8,3925,496,0,992,0.962,1,COM7
2,264043,37,rpm,673,458,36.8,36.8,3925,496,0,992,0.962,1,COM7
2,264063,37,rpm,984,458,36.8,36.8,3925,496,0,992,0.963,1,COM7
2,264084,37,rpm,819,458,36.8,36.8,3925,496,0,993,0.963,1,COM7
2,264105,37,rpm,651,458,36.8,36.8,3925,496,0,993,0.963,1,COM7
2,264126,37,rpm,682,458,36.8,36.8,3925,496,0,993,0.963,1,COM7
2,264146,37,rpm,600,458,36.8,36.8,3925,496,0,993,0.963,1,COM7
2,264167,37,rpm,452,458,36.8,36.8,3925,496,0,993,0.963,1,COM7
2,264188,37,rpm,314,458,36.8,36.8,3925,496,0,993,0.964,1,COM7
2,264209,37,rpm,152,458,36.8,36.8,3925,496,0,994,0.964,1,COM7
2,264229,37,rpm,-355,458,36.8,36.8,3925,496,0,994,0.964,1,COM7
2,264250,37,rpm,81,458,36.8,36.8,3925,496,0,994,0.964,1,COM7
2,264271,37,rpm,498,458,36.8,36.8,3925,496,0,994,0.964,1,COM7
2,264292,37,rpm,756,458,36.8,36.8,3925,496,0,994,0.964,1,COM7
2,264312,37,rpm,861,458,36.8,36.8,3925,496,0,994,0.964,1,COM7
2,264333,37,rpm,757,458,36.8,36.8,3925,496,0,994,0.965,1,COM7
2,264354,37,rpm,750,458,36.8,36.8,3925,496,0,995,0.965,1,COM7
2,264375,37,rpm,646,458,36.8,36.8,3925,496,0,995,0.965,1,COM7
2,264395,37,rpm,548,458,36.8,36.8,3925,496,0,995,0.965,1,COM7
2,264416,37,rpm,526,458,36.8,36.8,3925,496,0,995,0.965,1,COM7
2,264437,37,rpm,381,458,36.8,36.8,3925,496,0,995,0.965,1,COM7
2,264457,37,rpm,247,458,36.8,36.8,3925,496,0,995,0.966,1,COM7
2,264478,37,rpm,-366,458,36.8,36.8,3925,496,0,996,0.966,1,COM7
2,264499,37,rpm,33,458,36.8,36.8,3925,496,0,996,0.966,1,COM7
2,264520,37,rpm,325,458,36.8,36.8,3925,496,0,996,0.966,1,COM7
2,264540,37,rpm,633,458,36.8,36.8,3925,496,0,996,0.966,1,COM7
2,264561,37,rpm,792,458,36.8,36.8,3925,496,0,996,0.966,1,COM7
2,264582,37,rpm,947,458,36.8,36.8,3925,496,0,996,0.966,1,COM7
2,264603,37,rpm,654,458,36.8,36.8,3925,496,0,997,0.967,1,COM7
2,264623,37,rpm,665,458,36.8,36.8,3925,496,0,997,0.967,1,COM7
2,264644,37,rpm,642,458,36.8,36.8,3925,496,0,997,0.967,1,COM7
2,264665,37,rpm,501,458,36.8,36.8,3925,496,0,997,0.967,1,COM7
2,264685,37,rpm,395,458,36.8,36.8,3925,496,0,997,0.967,1,COM7
2,264706,37,rpm,348,458,36.8,36.8,3925,496,0,997,0.967,1,COM7
2,264727,37,rpm,-58,458,36.8,36.8,3925,496,0,997,0.968,1,COM7
2,264748,37,rpm,-226,458,36.8,36.8,3925,496,0,998,0.968,1,COM7
2,264768,37,rpm,135,458,36.8,36.8,3925,496,0,998,0.968,1,COM7
2,264789,37,rpm,590,458,36.8,36.8,3925,496,0,998,0.968,1,COM7
2,264810,37,rpm,701,458,36.8,36.8,3925,496,0,998,0.968,1,COM7
2,264830,37,rpm,922,458,36.8,36.8,3925,496,0,998,0.968,1,COM7
2,264851,37,rpm,790,458,36.8,36.8,3925,496,0,998,0.968,1,COM7
2,264872,37,rpm,670,458,36.8,36.8,3925,496,0,999,0.969,1,COM7
2,264893,37,rpm,629,458,36.8,36.8,3925,496,0,999,0.969,1,COM7
2,264913,37,rpm,520,458,36.8,36.8,3925,496,0,999,0.969,1,COM7
2,264934,37,rpm,535,458,36.8,36.8,3925,496,0,999,0.969,1,COM7
2,264955,37,rpm,341,458,36.8,36.8,3925,496,0,999,0.969,1,COM7
2,264976,37,rpm,195,458,36.8,36.8,3925,496,0,999,0.969,1,COM7
2,264996,37,rpm,-400,458,36.8,36.8,3925,496,0,1000,0.97,1,COM7
2,265017,37,rpm,75,458,36.8,36.8,3925,496,0,1000,0.97,1,COM7
2,265038,37,rpm,392,458,36.8,36.8,3925,496,0,1000,0.97,1,COM7
2,265058,37,rpm,734,458,36.8,36.8,3925,496,0,1000,0.97,1,COM7
2,265079,37,rpm,860,458,36.8,36.8,3925,496,0,1000,0.97,1,COM7
2,265100,37,rpm,799,458,36.8,36.8,3925,496,0,1000,0.97,1,COM7
2,265121,37,rpm,683,458,36.8,36.8,3925,496,0,1000,0.97,1,COM7
2,265142,37,rpm,706,458,36.8,36.8,3925,496,0,1001,0.971,1,COM7
2,265162,37,rpm,609,458,36.8,36.8,3925,496,0,1001,0.971,1,COM7
2,265183,37,rpm,445,458,36.8,36.8,3925,496,0,1001,0.971,1,COM7
2,265204,37,rpm,415,458,36.8,36.8,3925,496,0,1001,0.971,1,COM7
2,265225,37,rpm,291,458,36.8,36.8,3925,496,0,1001,0.971,1,COM7
2,265245,37,rpm,-322,458,36.8,36.8,3925,496,0,1001,0.971,1,COM7
2,265266,37,rpm,-28,458,36.8,36.8,3925,496,0,1002,0.972,1,COM7
2,265287,37,rpm,261,458,36.8,36.8,3925,496,0,1002,0.972,1,COM7
2,265308,37,rpm,654,458,36.8,36.8,3925,496,0,1002,0.972,1,COM7
2,265329,37,rpm,702,458,36.8,36.8,3925,496,0,1002,0.972,1,COM7
2,265349,37,rpm,1014,458,36.8,36.8,3925,496,0,1002,0.972,1,COM7
2,265370,37,rpm,734,458,36.8,36.8,3925,496,0,1002,0.972,1,COM7
2,265391,37,rpm,596,458,36.8,36.8,3925,496,0,1003,0.972,1,COM7
2,265412,37,rpm,641,458,36.8,36.8,3925,496,0,1003,0.973,1,COM7
2,265432,37,rpm,561,458,36.8,36.8,3925,496,0,1003,0.973,1,COM7
2,265453,37,rpm,418,458,36.8,36.8,3925,496,0,1003,0.973,1,COM7
2,265474,37,rpm,292,458,36.8,36.8,3925,496,0,1003,0.973,1,COM7
2,265495,37,rpm,-55,458,36.8,36.8,3925,496,0,1003,0.973,1,COM7
2,265515,37,rpm,-203,458,36.8,36.8,3925,496,0,1004,0.973,1,COM7
2,265536,37,rpm,153,458,36.8,36.8,3925,496,0,1004,0.974,1,COM7
2,265557,37,rpm,596,458,36.8,36.8,3925,496,0,1004,0.974,1,COM7
2,265578,37,rpm,843,458,36.8,36.8,3925,496,0,1004,0.974,1,COM7
2,265599,37,rpm,922,458,36.8,36.8,3925,496,0,1004,0.974,1,COM7
2,265619,37,rpm,712,458,36.8,36.8,3925,496,0,1004,0.974,1,COM7
2,265640,37,rpm,720,459,36.8,36.8,3925,496,0,1004,0.974,1,COM7
2,265661,37,rpm,682,459,36.8,36.8,3925,496,0,1005,0.974,1,COM7
2,265682,37,rpm,509,459,36.8,36.8,3925,496,0,1005,0.975,1,COM7
2,265702,37,rpm,444,459,36.8,36.8,3925,496,0,1005,0.975,1,COM7
2,265723,37,rpm,312,459,36.8,36.8,3925,496,0,1005,0.975,1,COM7
2,265744,37,rpm,-30,459,36.8,36.8,3925,496,0,1005,0.975,1,COM7
2,265765,37,rpm,-229,459,36.8,36.8,3925,496,0,1005,0.975,1,COM7
2,265785,37,rpm,126,459,36.8,36.8,3925,496,0,1006,0.975,1,COM7
2,265806,37,rpm,655,459,36.8,36.8,3925,496,0,1006,0.976,1,COM7
2,265827,37,rpm,679,459,36.8,36.8,3925,496,0,1006,0.976,1,COM7
2,265848,37,rpm,826,459,36.8,36.8,3925,496,0,1006,0.976,1,COM7
2,265868,37,rpm,932,459,36.8,36.8,3925,496,0,1006,0.976,1,COM7
2,265889,37,rpm,626,459,36.8,36.8,3925,496,0,1006,0.976,1,COM7
2,265910,37,rpm,599,459,36.8,36.8,3925,496,0,1007,0.976,1,COM7
2,265931,37,rpm,627,459,36.8,36.8,3925,496,0,1007,0.976,1,COM7
2,265952,37,rpm,461,459,36.8,36.8,3925,496,0,1007,0.977,1,COM7
2,265972,37,rpm,318,459,36.8,36.8,3925,496,0,1007,0.977,1,COM7
2,265993,37,rpm,211,459,36.8,36.8,3925,496,0,1007,0.977,1,COM7
2,266014,37,rpm,-355,459,36.8,36.8,3925,496,0,1007,0.977,1,COM7
2,266035,37,rpm,57,459,36.8,36.8,3925,496,0,1007,0.977,1,COM7
2,266056,37,rpm,431,459,36.8,36.8,3925,496,0,1008,0.977,1,COM7
2,266076,37,rpm,703,459,36.8,36.8,3925,496,0,1008,0.978,1,COM7
2,266097,37,rpm,821,459,36.8,36.8,3925,496,0,1008,0.978,1,COM7
2,266118,37,rpm,838,459,36.8,36.8,3925,496,0,1008,0.978,1,COM7
2,266138,37,rpm,658,459,36.8,36.8,3925,496,0,1008,0.978,1,COM7
2,266159,37,rpm,715,459,36.8,36.8,3925,496,0,1008,0.978,1,COM7
2,266180,37,rpm,569,459,36.8,36.8,3925,496,0,1009,0.978,1,COM7
2,266201,37,rpm,468,459,36.8,36.8,3925,496,0,1009,0.978,1,COM7
2,266222,37,rpm,412,459,36.8,36.8,3925,496,0,1009,0.979,1,COM7
2,266242,37,rpm,312,459,36.8,36.8,3925,496,0,1009,0.979,1,COM7
2,266263,37,rpm,-297,459,36.8,36.8,3925,496,0,1009,0.979,1,COM7
2,266284,37,rpm,-21,459,36.8,36.8,3925,496,0,1009,0.979,1,COM7
2,266305,37,rpm,231,459,36.8,36.8,3925,496,0,1010,0.979,1,COM7
2,266326,37,rpm,625,459,36.8,36.8,3925,496,0,1010,0.979,1,COM7
2,266346,37,rpm,720,459,36.8,36.8,3925,496,0,1010,0.98,1,COM7
2,266367,37,rpm,964,459,36.8,36.8,3925,496,0,1010,0.98,1,COM7
2,266388,37,rpm,768,459,36.8,36.8,3925,496,0,1010,0.98,1,COM7
2,266409,37,rpm,617,459,36.8,36.8,3925,496,0,1010,0.98,1,COM7
2,266429,37,rpm,591,459,36.8,36.8,3925,496,0,1010,0.98,1,COM7
2,266450,37,rpm,608,459,36.8,36.8,3925,496,0,1011,0.98,1,COM7
2,266471,37,rpm,396,459,36.8,36.8,3925,496,0,1011,0.98,1,COM7
2,266492,37,rpm,322,459,36.8,36.8,3925,496,0,1011,0.981,1,COM7
2,266512,37,rpm,-2,459,36.8,36.8,3925,496,0,1011,0.981,1,COM7
2,266533,37,rpm,-245,459,36.8,36.8,3925,496,0,1011,0.981,1,COM7
2,266554,37,rpm,98,459,36.8,36.8,3925,496,0,1011,0.981,1,COM7
2,266575,37,rpm,631,459,36.8,36.8,3925,496,0,1012,0.981,1,COM7
2,266595,37,rpm,717,459,36.8,36.8,3925,496,0,1012,0.981,1,COM7
2,266616,37,rpm,831,459,36.8,36.8,3925,496,0,1012,0.982,1,COM7
2,266637,37,rpm,845,459,36.8,36.8,3925,496,0,1012,0.982,1,COM7
2,266658,37,rpm,640,459,36.8,36.8,3925,496,0,1012,0.982,1,COM7
2,266679,37,rpm,683,459,36.8,36.8,3925,496,0,1012,0.982,1,COM7
2,266699,37,rpm,555,459,36.8,36.8,3925,496,0,1013,0.982,1,COM7
2,266720,37,rpm,456,459,36.8,36.8,3925,496,0,1013,0.982,1,COM7
2,266741,37,rpm,380,459,36.8,36.8,3925,496,0,1013,0.982,1,COM7
2,266761,37,rpm,226,459,36.8,36.8,3925,496,0,1013,0.983,1,COM7
2,266782,37,rpm,-392,459,36.8,36.8,3925,496,0,1013,0.983,1,COM7
2,266803,37,rpm,60,459,36.8,36.8,3925,496,0,1013,0.983,1,COM7
2,266824,37,rpm,377,459,36.8,36.8,3925,496,0,1014,0.983,1,COM7
2,266844,37,rpm,635,459,36.8,36.8,3925,496,0,1014,0.983,1,COM7
2,266865,37,rpm,877,459,36.8,36.8,3925,496,0,1014,0.983,1,COM7
2,266886,37,rpm,891,459,36.8,36.8,3925,496,0,1014,0.984,1,COM7
2,266907,37,rpm,687,459,36.8,36.8,3925,496,0,1014,0.984,1,COM7
2,266927,37,rpm,586,459,36.8,36.8,3925,496,0,1014,0.984,1,COM7
2,266948,37,rpm,615,459,36.8,36.8,3925,496,0,1014,0.984,1,COM7
2,266969,37,rpm,538,459,36.8,36.8,3925,496,0,1015,0.984,1,COM7
2,266990,37,rpm,356,459,36.8,36.8,3925,496,0,1015,0.984,1,COM7
2,267010,37,rpm,300,459,36.8,36.8,3925,496,0,1015,0.984,1,COM7
2,267031,37,rpm,-333,459,36.8,36.8,3925,496,0,1015,0.985,1,COM7
2,267052,37,rpm,12,459,36.8,36.8,3925,496,0,1015,0.985,1,COM7
2,267073,37,rpm,232,459,36.8,36.8,3925,496,0,1015,0.985,1,COM7
2,267093,37,rpm,764,459,36.8,36.8,3925,496,0,1016,0.985,1,COM7
2,267114,37,rpm,815,459,36.8,36.8,3925,496,0,1016,0.985,1,COM7
2,267135,37,rpm,767,459,36.8,36.8,3925,496,0,1016,0.985,1,COM7
2,267156,37,rpm,868,459,36.8,36.8,3925,496,0,1016,0.986,1,COM7
2,267176,37,rpm,642,459,36.8,36.8,3925,496,0,1016,0.986,1,COM7
2,267197,37,rpm,612,459,36.8,36.8,3925,496,0,1016,0.986,1,COM7
2,267218,37,rpm,527,459,36.8,36.8,3925,496,0,1017,0.986,1,COM7
2,267239,37,rpm,379,459,36.8,36.8,3925,496,0,1017,0.986,1,COM7
2,267259,37,rpm,275,459,36.8,36.8,3925,496,0,1017,0.986,1,COM7
2,267280,37,rpm,-286,459,36.8,36.8,3925,496,0,1017,0.986,1,COM7
2,267301,37,rpm,-16,459,36.8,36.8,3925,496,0,1017,0.987,1,COM7
2,267322,37,rpm,248,459,36.8,36.8,3925,496,0,1017,0.987,1,COM7
2,267342,37,rpm,695,459,36.8,36.8,3925,496,0,1017,0.987,1,COM7
2,267363,37,rpm,678,459,36.8,36.8,3925,496,0,1018,0.987,1,COM7
2,267384,37,rpm,967,459,36.8,36.8,3925,496,0,1018,0.987,1,COM7
2,267404,37,rpm,767,459,36.8,36.8,3925,496,0,1018,0.987,1,COM7
2,267425,37,rpm,562,459,36.8,36.8,3925,496,0,1018,0.988,1,COM7
2,267446,37,rpm,685,459,36.8,36.8,3925,496,0,1018,0.988,1,COM7
2,267467,37,rpm,556,459,36.8,36.8,3925,496,0,1018,0.988,1,COM7
2,267488,37,rpm,400,459,36.8,36.8,3925,496,0,1019,0.988,1,COM7
2,267508,37,rpm,325,459,36.8,36.8,3925,496,0,1019,0.988,1,COM7
2,267529,37,rpm,-9,459,36.8,36.8,3925,496,0,1019,0.988,1,COM7
2,267550,37,rpm,-225,459,36.8,36.8,3925,496,0,1019,0.988,1,COM7
2,267571,37,rpm,104,459,36.8,36.8,3925,496,0,1019,0.989,1,COM7
2,267591,37,rpm,607,459,36.8,36.8,3925,496,0,1019,0.989,1,COM7
2,267612,37,rpm,794,459,36.8,36.8,3925,496,0,1020,0.989,1,COM7
2,267633,37,rpm,785,459,36.8,36.8,3925,496,0,1020,0.989,1,COM7
2,267654,37,rpm,819,459,36.8,36.8,3925,496,0,1020,0.989,1,COM7
2,267674,37,rpm,750,459,36.8,36.8,3925,496,0,1020,0.989,1,COM7
2,267695,37,rpm,560,459,36.8,36.8,3925,496,0,1020,0.99,1,COM7
2,267716,37,rpm,539,459,36.8,36.8,3925,496,0,1020,0.99,1,COM7
2,267736,37,rpm,546,459,36.8,36.8,3925,496,0,1020,0.99,1,COM7
2,267757,37,rpm,319,459,36.8,36.8,3925,496,0,1021,0.99,1,COM7
2,267778,37,rpm,257,459,36.8,36.8,3925,496,0,1021,0.99,1,COM7
2,267799,37,rpm,-369,459,36.8,36.8,3925,496,0,1021,0.99,1,COM7
2,267820,37,rpm,48,459,36.8,36.8,3925,496,0,1021,0.99,1,COM7
2,267840,37,rpm,339,459,36.8,36.8,3925,496,0,1021,0.991,1,COM7
2,267861,37,rpm,719,459,36.8,36.8,3925,496,0,1021,0.991,1,COM7
2,267882,37,rpm,754,459,36.8,36.8,3925,496,0,1022,0.991,1,COM7
2,267903,37,rpm,903,459,36.8,36.8,3925,496,0,1022,0.991,1,COM7
2,267923,37,rpm,734,459,36.8,36.8,3925,496,0,1022,0.991,1,COM7
2,267944,37,rpm,647,459,36.8,36.8,3925,496,0,1022,0.991,1,COM7
2,267965,37,rpm,620,459,36.8,36.8,3925,496,0,1022,0.992,1,COM7
2,267986,37,rpm,524,459,36.8,36.8,3925,496,0,1022,0.992,1,COM7
2,268006,37,rpm,358,459,36.8,36.8,3925,496,0,1023,0.992,1,COM7
2,268027,37,rpm,340,459,36.8,36.8,3925,496,0,1023,0.992,1,COM7
2,268048,37,rpm,-208,459,36.8,36.8,3925,496,0,1023,0.992,1,COM7
2,268069,37,rpm,-110,459,36.8,36.8,3925,496,0,1023,0.992,1,COM7
2,268089,37,rpm,190,459,36.8,36.8,3925,496,0,1023,0.992,1,COM7
2,268110,37,rpm,700,459,36.8,36.8,3925,496,0,1023,0.993,1,COM7
2,268131,37,rpm,717,459,36.8,36.8,3925,496,0,1024,0.993,1,COM7
2,268152,37,rpm,836,459,36.8,36.8,3925,496,0,1024,0.993,1,COM7
2,268172,37,rpm,842,459,36.8,36.8,3925,496,0,1024,0.993,1,COM7
2,268193,37,rpm,674,459,36.8,36.8,3925,496,0,1024,0.993,1,COM7
2,268214,37,rpm,554,459,36.8,36.8,3925,496,0,1024,0.993,1,COM7
2,268235,37,rpm,576,459,36.8,36.8,3925,496,0,1024,0.994,1,COM7
2,268255,37,rpm,462,459,36.8,36.8,3925,496,0,1024,0.994,1,COM7
2,268276,37,rpm,307,459,36.8,36.8,3925,496,0,1025,0.994,1,COM7
2,268297,37,rpm,115,459,36.8,36.8,3925,496,0,1025,0.994,1,COM7
2,268318,37,rpm,-338,459,36.8,36.8,3925,496,0,1025,0.994,1,COM7
2,268338,37,rpm,94,459,36.8,36.8,3925,496,0,1025,0.994,1,COM7
2,268359,37,rpm,472,459,36.8,36.8,3925,496,0,1025,0.994,1,COM7
2,268380,37,rpm,813,459,36.8,36.8,3925,496,0,1025,0.995,1,COM7
2,268401,37,rpm,828,459,36.8,36.8,3925,496,0,1026,0.995,1,COM7
2,268422,37,rpm,752,459,36.8,36.8,3925,496,0,1026,0.995,1,COM7
2,268442,37,rpm,739,459,36.8,36.8,3925,496,0,1026,0.995,1,COM7
2,268463,37,rpm,638,459,36.8,36.8,3925,496,0,1026,0.995,1,COM7
2,268484,37,rpm,599,459,36.8,36.8,3925,496,0,1026,0.995,1,COM7
2,268505,37,rpm,450,459,36.8,36.8,3925,496,0,1026,0.996,1,COM7
2,268525,37,rpm,375,459,36.8,36.8,3925,496,0,1027,0.996,1,COM7
2,268546,37,rpm,251,459,36.8,36.8,3925,496,0,1027,0.996,1,COM7
2,268567,37,rpm,-389,459,36.8,36.8,3925,496,0,1027,0.996,1,COM7
2,268588,37,rpm,52,459,36.8,36.8,3925,496,0,1027,0.996,1,COM7
2,268608,37,rpm,398,459,36.8,36.8,3925,496,0,1027,0.996,1,COM7
2,268629,37,rpm,731,459,36.8,36.8,3925,496,0,1027,0.996,1,COM7
2,268650,37,rpm,750,459,36.8,36.8,3925,496,0,1027,0.997,1,COM7
2,268671,37,rpm,972,459,36.8,36.8,3925,496,0,1028,0.997,1,COM7
2,268691,37,rpm,748,459,36.8,36.8,3925,496,0,1028,0.997,1,COM7
2,268712,37,rpm,586,459,36.8,36.8,3925,496,0,1028,0.997,1,COM7
2,268733,37,rpm,629,459,36.8,36.8,3925,496,0,1028,0.997,1,COM7
2,268754,37,rpm,497,459,36.8,36.8,3925,496,0,1028,0.997,1,COM7
2,268774,37,rpm,358,459,36.8,36.8,3925,496,0,1028,0.998,1,COM7
2,268795,37,rpm,230,459,36.8,36.8,3925,496,0,1029,0.998,1,COM7
2,268816,37,rpm,-380,459,36.8,36.8,3925,496,0,1029,0.998,1,COM7
2,268837,37,rpm,50,459,36.8,36.8,3925,496,0,1029,0.998,1,COM7
2,268858,37,rpm,341,459,36.8,36.8,3925,496,0,1029,0.998,1,COM7
2,268878,37,rpm,678,459,36.8,36.8,3925,496,0,1029,0.998,1,COM7
2,268899,37,rpm,909,459,36.8,36.8,3925,496,0,1029,0.998,1,COM7
2,268920,37,rpm,783,459,36.8,36.8,3925,496,0,1030,0.999,1,COM7
2,268941,37,rpm,706,459,36.8,36.8,3925,496,0,1030,0.999,1,COM7
2,268962,37,rpm,715,459,36.8,36.8,3925,496,0,1030,0.999,1,COM7
2,268982,37,rpm,580,459,36.8,36.8,3925,496,0,1030,0.999,1,COM7
2,269003,37,rpm,502,459,36.8,36.8,3925,496,0,1030,0.999,1,COM7
2,269024,37,rpm,399,459,36.8,36.8,3925,496,0,1030,0.999,1,COM7
2,269045,37,rpm,289,459,36.8,36.8,3925,496,0,1030,1.0,1,COM7
2,269065,37,rpm,-264,459,36.8,36.8,3925,496,0,1031,1.0,1,COM7
2,269086,37,rpm,-46,459,36.8,36.8,3925,496,0,1031,1.0,1,COM7
2,269107,37,rpm,212,459,36.8,36.8,3925,496,0,1031,1.0,1,COM7
2,269128,37,rpm,696,459,36.8,36.8,3925,496,0,1031,1.0,1,COM7
2,269148,37,rpm,767,459,36.8,36.8,3925,496,0,1031,1.0,1,COM7
2,269169,37,rpm,797,459,36.8,36.8,3925,496,0,1031,1.001,1,COM7
2,269190,37,rpm,845,459,36.8,36.8,3925,496,0,1032,1.001,1,COM7
2,269211,37,rpm,666,459,36.8,36.8,3925,496,0,1032,1.001,1,COM7
2,269232,37,rpm,569,459,36.8,36.8,3925,496,0,1032,1.001,1,COM7
2,269252,37,rpm,571,459,36.8,36.8,3925,496,0,1032,1.001,1,COM7
2,269273,37,rpm,450,459,36.8,36.8,3925,496,0,1032,1.001,1,COM7
2,269294,37,rpm,303,459,36.8,36.8,3925,496,0,1032,1.001,1,COM7
2,269315,37,rpm,111,459,36.8,36.8,3925,496,0,1033,1.002,1,COM7
2,269335,37,rpm,-317,459,36.8,36.8,3925,496,0,1033,1.002,1,COM7
2,269356,37,rpm,81,459,36.8,36.8,3925,496,0,1033,1.002,1,COM7
2,269377,37,rpm,494,459,36.8,36.8,3925,496,0,1033,1.002,1,COM7
2,269398,37,rpm,724,459,36.8,36.8,3925,496,0,1033,1.002,1,COM7
2,269418,37,rpm,860,459,36.8,36.8,3925,496,0,1033,1.002,1,COM7
2,269439,37,rpm,751,459,36.8,36.8,3925,496,0,1034,1.003,1,COM7
2,269460,37,rpm,758,459,36.8,36.8,3925,496,0,1034,1.003,1,COM7
2,269480,37,rpm,723,459,36.8,36.8,3925,496,0,1034,1.003,1,COM7
2,269501,37,rpm,519,459,36.8,36.8,3925,496,0,1034,1.003,1,COM7
2,269522,37,rpm,510,459,36.8,36.8,3925,496,0,1034,1.003,1,COM7
2,269543,37,rpm,400,459,36.8,36.8,3925,496,0,1034,1.003,1,COM7
2,269563,37,rpm,247,459,36.8,36.8,3925,496,0,1034,1.003,1,COM7
2,269584,37,rpm,-363,459,36.8,36.8,3925,496,0,1035,1.004,1,COM7
2,269605,37,rpm,35,459,36.8,36.8,3925,496,0,1035,1.004,1,COM7
2,269626,37,rpm,317,459,36.8,36.8,3925,496,0,1035,1.004,1,COM7
2,269647,37,rpm,661,459,36.8,36.8,3925,496,0,1035,1.004,1,COM7
2,269667,37,rpm,826,459,36.8,36.8,3925,496,0,1035,1.004,1,COM7
2,269688,37,rpm,869,459,36.8,36.8,3925,496,0,1035,1.004,1,COM7
2,269709,37,rpm,738,459,36.8,36.8,3925,496,0,1036,1.005,1,COM7
2,269730,37,rpm,640,459,36.8,36.8,3925,496,0,1036,1.005,1,COM7
2,269750,37,rpm,596,459,36.8,36.8,3925,496,0,1036,1.005,1,COM7
2,269771,37,rpm,556,459,36.8,36.8,3925,496,0,1036,1.005,1,COM7
2,269792,37,rpm,396,459,36.8,36.8,3925,496,0,1036,1.005,1,COM7
2,269813,37,rpm,289,459,36.8,36.8,3925,496,0,1036,1.005,1,COM7
2,269833,37,rpm,-108,459,36.8,36.8,3925,496,0,1037,1.005,1,COM7
2,269854,37,rpm,-163,459,36.8,36.8,3925,496,0,1037,1.006,1,COM7
2,269875,37,rpm,124,459,36.8,36.8,3925,496,0,1037,1.006,1,COM7
2,269896,37,rpm,641,459,36.8,36.8,3925,496,0,1037,1.006,1,COM7
2,269916,37,rpm,786,459,36.8,36.8,3925,496,0,1037,1.006,1,COM7
2,269937,37,rpm,809,459,36.8,36.8,3925,496,0,1037,1.006,1,COM7
2,269958,37,rpm,768,459,36.8,36.8,3925,496,0,1037,1.006,1,COM7
2,269979,37,rpm,686,459,36.8,36.8,3925,496,0,1038,1.007,1,COM7
2,269999,37,rpm,658,459,36.8,36.8,3925,496,0,1038,1.007,1,COM7
2,270020,37,rpm,519,459,36.8,36.8,3925,496,0,1038,1.007,1,COM7
2,270041,37,rpm,439,459,36.8,36.8,3925,496,0,1038,1.007,1,COM7
2,270062,37,rpm,352,459,36.8,36.8,3925,496,0,1038,1.007,1,COM7
2,270082,37,rpm,45,459,36.8,36.8,3925,496,0,1038,1.007,1,COM7
2,270103,37,rpm,-284,459,36.8,36.8,3925,496,0,1039,1.007,1,COM7
2,270124,37,rpm,113,459,36.8,36.8,3925,496,0,1039,1.008,1,COM7
2,270145,37,rpm,534,459,36.8,36.8,3925,496,0,1039,1.008,1,COM7
2,270165,37,rpm,675,459,36.8,36.8,3925,496,0,1039,1.008,1,COM7
2,270186,37,rpm,987,459,36.8,36.8,3925,496,0,1039,1.008,1,COM7
2,270207,37,rpm,780,459,36.8,36.8,3925,496,0,1039,1.008,1,COM7
2,270228,37,rpm,681,459,36.8,36.8,3925,496,0,1040,1.008,1,COM7
2,270249,37,rpm,654,459,36.8,36.8,3925,496,0,1040,1.009,1,COM7
2,270269,37,rpm,554,459,36.8,36.8,3925,496,0,1040,1.009,1,COM7
2,270290,37,rpm,476,459,36.8,36.8,3925,496,0,1040,1.009,1,COM7
2,270311,37,rpm,301,459,36.8,36.8,3925,496,0,1040,1.009,1,COM7
2,270332,37,rpm,130,459,36.8,36.8,3925,496,0,1040,1.009,1,COM7
2,270352,37,rpm,-322,459,36.8,36.8,3925,496,0,1040,1.009,1,COM7
2,270373,37,rpm,89,459,36.8,36.8,3925,496,0,1041,1.009,1,COM7
2,270394,37,rpm,495,459,36.8,36.8,3925,496,0,1041,1.01,1,COM7
2,270415,37,rpm,767,459,36.8,36.8,3925,496,0,1041,1.01,1,COM7
2,270436,37,rpm,879,459,36.8,36.8,3925,496,0,1041,1.01,1,COM7
2,270456,37,rpm,705,459,36.8,36.8,3925,496,0,1041,1.01,1,COM7
2,270477,37,rpm,783,459,36.8,36.8,3925,496,0,1041,1.01,1,COM7
2,270498,37,rpm,653,459,36.8,36.8,3925,496,0,1042,1.01,1,COM7
2,270518,37,rpm,556,459,36.8,36.8,3925,496,0,1042,1.011,1,COM7
2,270539,37,rpm,484,459,36.8,36.8,3925,496,0,1042,1.011,1,COM7
2,270560,37,rpm,373,459,36.8,36.8,3925,496,0,1042,1.011,1,COM7
2,270581,37,rpm,249,459,36.8,36.8,3925,496,0,1042,1.011,1,COM7
2,270601,37,rpm,-363,459,36.8,36.8,3925,496,0,1042,1.011,1,COM7
2,270622,37,rpm,33,459,36.8,36.8,3925,496,0,1043,1.011,1,COM7
2,270643,37,rpm,322,459,36.8,36.8,3925,496,0,1043,1.011,1,COM7
2,270664,37,rpm,680,459,36.8,36.8,3925,496,0,1043,1.012,1,COM7
2,270685,37,rpm,740,459,36.8,36.8,3925,496,0,1043,1.012,1,COM7
2,270705,37,rpm,989,459,36.8,36.8,3925,496,0,1043,1.012,1,COM7
2,270726,37,rpm,690,459,36.8,36.8,3925,496,0,1043,1.012,1,COM7
2,270747,37,rpm,581,459,36.8,36.8,3925,496,0,1044,1.012,1,COM7
2,270768,37,rpm,689,459,36.8,36.8,3925,496,0,1044,1.012,1,COM7
2,270789,37,rpm,499,459,36.8,36.8,3925,496,0,1044,1.013,1,COM7
2,270809,37,rpm,396,459,36.8,36.8,3925,496,0,1044,1.013,1,COM7
2,270830,37,rpm,318,459,36.8,36.8,3925,496,0,1044,1.013,1,COM7
2,270851,37,rpm,-106,459,36.8,36.8,3925,496,0,1044,1.013,1,COM7
2,270872,37,rpm,-165,459,36.8,36.8,3925,496,0,1044,1.013,1,COM7
2,270892,37,rpm,140,459,36.8,36.8,3925,496,0,1045,1.013,1,COM7
2,270913,37,rpm,631,459,36.8,36.8,3925,496,0,1045,1.013,1,COM7
2,270934,37,rpm,793,459,36.8,36.8,3925,496,0,1045,1.014,1,COM7
2,270954,37,rpm,796,459,36.8,36.8,3925,496,0,1045,1.014,1,COM7
2,270975,37,rpm,788,459,36.8,36.8,3925,496,0,1045,1.014,1,COM7
2,270996,37,rpm,743,459,36.8,36.8,3925,496,0,1045,1.014,1,COM7
2,271017,37,rpm,623,459,36.8,36.8,3925,496,0,1046,1.014,1,COM7
2,271037,37,rpm,496,459,36.8,36.8,3925,496,0,1046,1.014,1,COM7
2,271058,37,rpm,526,459,36.8,36.8,3925,496,0,1046,1.015,1,COM7
2,271079,37,rpm,345,459,36.8,36.8,3925,496,0,1046,1.015,1,COM7
2,271100,37,rpm,167,459,36.8,36.8,3925,496,0,1046,1.015,1,COM7
2,271121,37,rpm,-386,459,36.8,36.8,3925,496,0,1046,1.015,1,COM7
2,271141,37,rpm,81,459,36.8,36.8,3925,496,0,1047,1.015,1,COM7
2,271162,37,rpm,456,459,36.8,36.8,3925,496,0,1047,1.015,1,COM7
2,271183,37,rpm,661,459,36.8,36.8,3925,496,0,1047,1.015,1,COM7
2,271204,37,rpm,860,459,36.8,36.8,3925,496,0,1047,1.016,1,COM7
2,271224,37,rpm,923,459,36.8,36.8,3925,496,0,1047,1.016,1,COM7
2,271245,37,rpm,580,459,36.8,36.8,3925,496,0,1047,1.016,1,COM7
2,271266,37,rpm,671,459,36.8,36.8,3925,496,0,1047,1.016,1,COM7
2,271287,37,rpm,659,459,36.8,36.8,3925,496,0,1048,1.016,1,COM7
2,271307,37,rpm,462,459,36.8,36.8,3925,496,0,1048,1.016,1,COM7
2,271328,37,rpm,360,459,36.8,36.8,3925,496,0,1048,1.017,1,COM7
2,271349,37,rpm,295,459,36.8,36.8,3925,496,0,1048,1.017,1,COM7
2,271370,37,rpm,-349,459,36.8,36.8,3925,496,0,1048,1.017,1,COM7
2,271390,37,rpm,8,459,36.8,36.8,3925,496,0,1048,1.017,1,COM7
2,271411,37,rpm,287,459,36.8,36.8,3925,496,0,1049,1.017,1,COM7
2,271432,37,rpm,675,459,36.8,36.8,3925,496,0,1049,1.017,1,COM7
2,271453,37,rpm,752,459,36.8,36.8,3925,496,0,1049,1.017,1,COM7
2,271473,37,rpm,891,459,36.8,36.8,3925,496,0,1049,1.018,1,COM7
2,271494,37,rpm,775,459,36.8,36.8,3925,496,0,1049,1.018,1,COM7
2,271515,37,rpm,619,459,36.8,36.8,3925,496,0,1049,1.018,1,COM7
2,271536,37,rpm,578,459,36.8,36.8,3925,496,0,1050,1.018,1,COM7
2,271556,37,rpm,574,459,36.8,36.8,3925,496,0,1050,1.018,1,COM7
2,271577,37,rpm,422,459,36.8,36.8,3925,496,0,1050,1.018,1,COM7
2,271598,37,rpm,306,459,36.8,36.8,3925,496,0,1050,1.019,1,COM7
2,271619,37,rpm,-135,459,36.8,36.8,3925,496,0,1050,1.019,1,COM7
2,271639,37,rpm,-150,459,36.8,36.8,3925,496,0,1050,1.019,1,COM7
2,271660,37,rpm,180,459,36.8,36.8,3925,496,0,1051,1.019,1,COM7
2,271681,37,rpm,617,459,36.8,36.8,3925,496,0,1051,1.019,1,COM7
2,271702,37,rpm,809,459,36.8,36.8,3925,496,0,1051,1.019,1,COM7
2,271722,37,rpm,915,459,36.8,36.8,3925,496,0,1051,1.019,1,COM7
2,271743,37,rpm,747,459,36.8,36.8,3925,496,0,1051,1.02,1,COM7
2,271764,37,rpm,669,459,36.8,36.8,3925,496,0,1051,1.02,1,COM7
2,271785,37,rpm,673,459,36.8,36.8,3925,496,0,1051,1.02,1,COM7
2,271805,37,rpm,558,459,36.8,36.8,3925,496,0,1052,1.02,1,COM7
2,271826,37,rpm,368,459,36.8,36.8,3925,496,0,1052,1.02,1,COM7
2,271847,37,rpm,302,459,36.8,36.8,3925,496,0,1052,1.02,1,COM7
2,271868,37,rpm,-69,459,36.8,36.8,3925,496,0,1052,1.021,1,COM7
2,271888,37,rpm,-207,459,36.8,36.8,3925,496,0,1052,1.021,1,COM7
2,271909,37,rpm,137,459,36.8,36.8,3925,496,0,1052,1.021,1,COM7
2,271930,37,rpm,677,459,36.8,36.8,3925,496,0,1053,1.021,1,COM7
2,271951,37,rpm,678,459,36.8,36.8,3925,496,0,1053,1.021,1,COM7
2,271972,37,rpm,844,459,36.8,36.8,3925,496,0,1053,1.021,1,COM7
2,271992,37,rpm,861,459,36.8,36.8,3925,496,0,1053,1.021,1,COM7
2,272013,37,rpm,661,459,36.8,36.8,3925,496,0,1053,1.022,1,COM7
2,272034,37,rpm,578,459,36.8,36.8,3925,496,0,1053,1.022,1,COM7
2,272055,37,rpm,610,459,36.8,36.8,3925,496,0,1054,1.022,1,COM7
2,272075,37,rpm,479,459,36.8,36.8,3925,496,0,1054,1.022,1,COM7
2,272096,37,rpm,333,459,36.8,36.8,3925,496,0,1054,1.022,1,COM7
2,272117,37,rpm,181,459,36.8,36.8,3925,496,0,1054,1.022,1,COM7
2,272138,37,rpm,-351,459,36.8,36.8,3925,496,0,1054,1.023,1,COM7
2,272158,37,rpm,68,459,36.8,36.8,3925,496,0,1054,1.023,1,COM7
2,272179,37,rpm,464,459,36.8,36.8,3925,496,0,1054,1.023,1,COM7
2,272200,37,rpm,638,459,36.8,36.8,3925,496,0,1055,1.023,1,COM7
2,272221,37,rpm,944,459,36.8,36.8,3925,496,0,1055,1.023,1,COM7
2,272242,37,rpm,830,459,36.8,36.8,3925,496,0,1055,1.023,1,COM7
2,272262,37,rpm,654,459,36.8,36.8,3925,496,0,1055,1.023,1,COM7
2,272283,37,rpm,656,459,36.8,36.8,3925,496,0,1055,1.024,1,COM7
2,272304,37,rpm,629,459,36.8,36.8,3925,496,0,1055,1.024,1,COM7
2,272324,37,rpm,468,459,36.8,36.8,3925,496,0,1056,1.024,1,COM7
2,272345,37,rpm,359,459,36.8,36.8,3925,496,0,1056,1.024,1,COM7
2,272366,37,rpm,303,459,36.8,36.8,3925,496,0,1056,1.024,1,COM7
2,272387,37,rpm,-322,459,36.8,36.8,3925,496,0,1056,1.024,1,COM7
2,272408,37,rpm,-6,459,36.8,36.8,3925,496,0,1056,1.025,1,COM7
2,272428,37,rpm,234,459,36.8,36.8,3925,496,0,1056,1.025,1,COM7
2,272449,37,rpm,689,459,36.8,36.8,3925,496,0,1057,1.025,1,COM7
2,272470,37,rpm,743,459,36.8,36.8,3925,496,0,1057,1.025,1,COM7
2,272491,37,rpm,851,459,36.8,36.8,3925,496,0,1057,1.025,1,COM7
2,272511,37,rpm,886,459,36.8,36.8,3925,496,0,1057,1.025,1,COM7
2,272532,37,rpm,582,459,36.8,36.8,3925,496,0,1057,1.025,1,COM7
2,272553,37,rpm,577,459,36.8,36.8,3925,496,0,1057,1.026,1,COM7
2,272574,37,rpm,623,459,36.8,36.8,3925,496,0,1057,1.026,1,COM7
2,272595,37,rpm,393,459,36.8,36.8,3925,496,0,1058,1.026,1,COM7
2,272615,37,rpm,323,459,36.8,36.8,3925,496,0,1058,1.026,1,COM7
2,272636,37,rpm,-42,459,36.8,36.8,3925,496,0,1058,1.026,1,COM7
2,272657,37,rpm,-220,459,36.8,36.8,3925,496,0,1058,1.026,1,COM7
2,272677,37,rpm,117,459,36.8,36.8,3925,496,0,1058,1.027,1,COM7
2,272698,37,rpm,638,459,36.8,36.8,3925,496,0,1058,1.027,1,COM7
2,272719,37,rpm,686,459,36.8,36.8,3925,496,0,1059,1.027,1,COM7
2,272740,37,rpm,892,459,36.8,36.8,3925,496,0,1059,1.027,1,COM7
2,272761,37,rpm,771,459,36.8,36.8,3925,496,0,1059,1.027,1,COM7
2,272781,37,rpm,663,459,36.8,36.8,3925,496,0,1059,1.027,1,COM7
2,272802,37,rpm,700,459,36.8,36.8,3925,496,0,1059,1.027,1,COM7
2,272823,37,rpm,556,459,36.8,36.8,3925,496,0,1059,1.028,1,COM7
2,272844,37,rpm,428,459,36.8,36.8,3925,496,0,1060,1.028,1,COM7
2,272865,37,rpm,373,459,36.8,36.8,3925,496,0,1060,1.028,1,COM7
2,272885,37,rpm,206,459,36.8,36.8,3925,496,0,1060,1.028,1,COM7
2,272906,37,rpm,-393,459,36.8,36.8,3925,496,0,1060,1.028,1,COM7
2,272927,37,rpm,66,459,36.8,36.8,3925,496,0,1060,1.028,1,COM7
2,272948,37,rpm,436,459,36.8,36.8,3925,496,0,1060,1.029,1,COM7
2,272968,37,rpm,703,459,36.8,36.8,3925,496,0,1060,1.029,1,COM7
2,272989,37,rpm,794,459,36.8,36.8,3925,496,0,1061,1.029,1,COM7
2,273010,37,rpm,883,459,36.8,36.8,3925,496,0,1061,1.029,1,COM7
2,273031,37,rpm,757,459,36.8,36.8,3925,496,0,1061,1.029,1,COM7
2,273052,37,rpm,541,458,36.8,36.8,3925,496,0,1061,1.029,1,COM7
2,273072,37,rpm,606,458,36.8,36.8,3925,496,0,1061,1.029,1,COM7
2,273093,37,rpm,574,458,36.8,36.8,3925,496,0,1061,1.03,1,COM7
2,273114,37,rpm,346,458,36.8,36.8,3925,496,0,1062,1.03,1,COM7
2,273135,37,rpm,279,458,36.8,36.8,3925,496,0,1062,1.03,1,COM7
2,273155,37,rpm,-356,458,36.8,36.8,3925,496,0,1062,1.03,1,COM7
2,273176,37,rpm,25,458,36.8,36.8,3925,496,0,1062,1.03,1,COM7
2,273197,37,rpm,246,458,36.8,36.8,3925,496,0,1062,1.03,1,COM7
2,273218,37,rpm,728,458,36.8,36.8,3925,496,0,1062,1.031,1,COM7
2,273238,37,rpm,891,458,36.8,36.8,3925,496,0,1063,1.031,1,COM7
2,273259,37,rpm,852,458,36.8,36.8,3925,496,0,1063,1.031,1,COM7
2,273280,37,rpm,707,458,36.8,36.8,3925,496,0,1063,1.031,1,COM7
2,273301,37,rpm,699,458,36.8,36.8,3925,496,0,1063,1.031,1,COM7
2,273321,37,rpm,658,458,36.8,36.8,3925,496,0,1063,1.031,1,COM7
2,273342,37,rpm,466,458,36.8,36.8,3925,496,0,1063,1.031,1,COM7
2,273363,37,rpm,376,458,36.8,36.8,3925,496,0,1064,1.032,1,COM7
2,273384,37,rpm,282,458,36.8,36.8,3925,496,0,1064,1.032,1,COM7
2,273405,37,rpm,-329,458,36.8,36.8,3925,496,0,1064,1.032,1,COM7
2,273425,37,rpm,8,458,36.8,36.8,3925,496,0,1064,1.032,1,COM7
2,273446,37,rpm,281,458,36.8,36.8,3925,496,0,1064,1.032,1,COM7
2,273467,37,rpm,716,458,36.8,36.8,3925,496,0,1064,1.032,1,COM7
2,273488,37,rpm,711,458,36.8,36.8,3925,496,0,1064,1.033,1,COM7
2,273509,37,rpm,879,458,36.8,36.8,3925,496,0,1065,1.033,1,COM7
2,273529,37,rpm,773,458,36.8,36.8,3925,496,0,1065,1.033,1,COM7
2,273550,37,rpm,660,458,36.8,36.8,3925,496,0,1065,1.033,1,COM7
2,273571,37,rpm,553,458,36.8,36.8,3925,496,0,1065,1.033,1,COM7
2,273592,37,rpm,549,458,36.8,36.8,3925,496,0,1065,1.033,1,COM7
2,273612,37,rpm,455,458,36.8,36.8,3925,496,0,1065,1.033,1,COM7
2,273633,37,rpm,279,458,36.8,36.8,3925,496,0,1066,1.034,1,COM7
2,273654,37,rpm,-94,458,36.8,36.8,3925,496,0,1066,1.034,1,COM7
2,273675,37,rpm,-165,458,36.8,36.8,3925,496,0,1066,1.034,1,COM7
2,273695,37,rpm,145,458,36.8,36.8,3925,496,0,1066,1.034,1,COM7
2,273716,37,rpm,588,458,36.8,36.8,3925,496,0,1066,1.034,1,COM7
2,273737,37,rpm,822,458,36.8,36.8,3925,496,0,1066,1.034,1,COM7
2,273758,37,rpm,805,458,36.8,36.8,3925,496,0,1067,1.035,1,COM7
2,273778,37,rpm,736,458,36.8,36.8,3925,496,0,1067,1.035,1,COM7
2,273799,37,rpm,747,458,36.8,36.8,3925,496,0,1067,1.035,1,COM7
2,273820,37,rpm,596,458,36.8,36.8,3925,496,0,1067,1.035,1,COM7
2,273841,37,rpm,561,458,36.8,36.8,3925,496,0,1067,1.035,1,COM7
2,273861,37,rpm,459,458,36.8,36.8,3925,496,0,1067,1.035,1,COM7
2,273882,37,rpm,341,458,36.8,36.8,3925,496,0,1067,1.035,1,COM7
2,273903,37,rpm,212,458,36.8,36.8,3925,496,0,1068,1.036,1,COM7
2,273924,37,rpm,-374,458,36.8,36.8,3925,496,0,1068,1.036,1,COM7
2,273945,37,rpm,63,458,36.8,36.8,3925,496,0,1068,1.036,1,COM7
2,273965,37,rpm,441,458,36.8,36.8,3925,496,0,1068,1.036,1,COM7
2,273986,37,rpm,704,458,36.8,36.8,3925,496,0,1068,1.036,1,COM7
2,274007,37,rpm,714,458,36.8,36.8,3925,496,0,1068,1.036,1,COM7
2,274028,37,rpm,968,458,36.8,36.8,3925,496,0,1069,1.037,1,COM7
2,274049,37,rpm,725,458,36.8,36.8,3925,496,0,1069,1.037,1,COM7
2,274069,37,rpm,567,458,36.8,36.8,3925,496,0,1069,1.037,1,COM7
2,274090,37,rpm,626,458,36.8,36.8,3925,496,0,1069,1.037,1,COM7
2,274111,37,rpm,534,458,36.8,36.8,3925,496,0,1069,1.037,1,COM7
2,274132,37,rpm,373,458,36.8,36.8,3925,496,0,1069,1.037,1,COM7
2,274152,37,rpm,281,458,36.8,36.8,3925,496,0,1070,1.037,1,COM7
2,274173,37,rpm,-307,458,36.8,36.8,3925,496,0,1070,1.038,1,COM7
2,274194,37,rpm,-10,458,36.8,36.8,3925,496,0,1070,1.038,1,COM7
2,274215,37,rpm,243,458,36.8,36.8,3925,496,0,1070,1.038,1,COM7
2,274236,37,rpm,693,458,36.8,36.8,3925,496,0,1070,1.038,1,COM7
2,274256,37,rpm,865,458,36.8,36.8,3925,496,0,1070,1.038,1,COM7
2,274277,37,rpm,811,458,36.8,36.8,3925,496,0,1070,1.038,1,COM7
2,274298,37,rpm,731,458,36.8,36.8,3925,496,0,1071,1.039,1,COM7
2,274319,37,rpm,725,458,36.8,36.8,3925,496,0,1071,1.039,1,COM7
2,274339,37,rpm,588,458,36.8,36.8,3925,496,0,1071,1.039,1,COM7
2,274360,37,rpm,516,458,36.8,36.8,3925,496,0,1071,1.039,1,COM7
2,274381,37,rpm,454,458,36.8,36.8,3925,496,0,1071,1.039,1,COM7
2,274402,37,rpm,313,458,36.8,36.8,3925,496,0,1071,1.039,1,COM7
2,274422,37,rpm,10,458,36.8,36.8,3925,496,0,1072,1.039,1,COM7
2,274443,37,rpm,-286,458,36.8,36.8,3925,496,0,1072,1.04,1,COM7
2,274464,37,rpm,112,458,36.8,36.8,3925,496,0,1072,1.04,1,COM7
2,274485,37,rpm,580,458,36.8,36.8,3925,496,0,1072,1.04,1,COM7
2,274505,37,rpm,748,458,36.8,36.8,3925,496,0,1072,1.04,1,COM7
2,274526,37,rpm,799,458,36.8,36.8,3925,496,0,1072,1.04,1,COM7
2,274547,37,rpm,895,458,36.8,36.8,3925,496,0,1073,1.04,1,COM7
2,274568,37,rpm,683,458,36.8,36.8,3925,496,0,1073,1.041,1,COM7
2,274588,37,rpm,557,458,36.8,36.8,3925,496,0,1073,1.041,1,COM7
2,274609,37,rpm,637,458,36.8,36.8,3925,496,0,1073,1.041,1,COM7
2,274630,37,rpm,472,458,36.8,36.8,3925,496,0,1073,1.041,1,COM7
2,274650,37,rpm,314,458,36.8,36.8,3925,496,0,1073,1.041,1,COM7
2,274671,37,rpm,204,458,36.8,36.8,3925,496,0,1074,1.041,1,COM7
2,274692,37,rpm,-383,458,36.8,36.8,3925,496,0,1074,1.041,1,COM7
2,274713,37,rpm,76,458,36.8,36.8,3925,496,0,1074,1.042,1,COM7
2,274733,37,rpm,445,458,36.8,36.8,3925,496,0,1074,1.042,1,COM7
2,274754,37,rpm,769,458,36.8,36.8,3925,496,0,1074,1.042,1,COM7
2,274775,37,rpm,931,458,36.8,36.8,3925,496,0,1074,1.042,1,COM7
2,274796,37,rpm,779,458,36.8,36.8,3925,496,0,1074,1.042,1,COM7
2,274816,37,rpm,722,458,36.8,36.8,3925,496,0,1075,1.042,1,COM7
2,274837,37,rpm,707,458,36.8,36.8,3925,496,0,1075,1.043,1,COM7
2,274858,37,rpm,541,458,36.8,36.8,3925,496,0,1075,1.043,1,COM7
2,274879,37,rpm,460,458,36.8,36.8,3925,496,0,1075,1.043,1,COM7
2,274899,37,rpm,374,458,36.8,36.8,3925,496,0,1075,1.043,1,COM7
2,274920,37,rpm,195,458,36.8,36.8,3925,496,0,1075,1.043,1,COM7
2,274941,37,rpm,-371,458,36.8,36.8,3925,496,0,1076,1.043,1,COM7
2,274962,37,rpm,66,458,36.8,36.8,3925,496,0,1076,1.043,1,COM7
2,274982,37,rpm,430,458,36.8,36.8,3925,496,0,1076,1.044,1,COM7
2,275003,37,rpm,662,458,36.8,36.8,3925,496,0,1076,1.044,1,COM7
2,275024,37,rpm,895,458,36.8,36.8,3925,496,0,1076,1.044,1,COM7
2,275045,37,rpm,783,458,36.8,36.8,3925,496,0,1076,1.044,1,COM7
2,275065,37,rpm,742,458,36.8,36.8,3925,496,0,1077,1.044,1,COM7
2,275086,37,rpm,630,458,36.8,36.8,3925,496,0,1077,1.044,1,COM7
2,275107,37,rpm,559,458,36.8,36.8,3925,496,0,1077,1.045,1,COM7
2,275128,37,rpm,555,458,36.8,36.8,3925,496,0,1077,1.045,1,COM7
2,275148,37,rpm,383,458,36.8,36.8,3925,496,0,1077,1.045,1,COM7
2,275169,37,rpm,263,458,36.8,36.8,3925,496,0,1077,1.045,1,COM7
2,275190,37,rpm,-299,458,36.8,36.8,3925,496,0,1077,1.045,1,COM7
2,275211,37,rpm,-7,458,36.8,36.8,3925,496,0,1078,1.045,1,COM7
2,275231,37,rpm,202,458,36.8,36.8,3925,496,0,1078,1.045,1,COM7
2,275252,37,rpm,727,458,36.8,36.8,3925,496,0,1078,1.046,1,COM7
2,275273,37,rpm,814,458,36.8,36.8,3925,496,0,1078,1.046,1,COM7
2,275294,37,rpm,778,458,36.8,36.8,3925,496,0,1078,1.046,1,COM7
2,275314,37,rpm,785,458,36.8,36.8,3925,496,0,1078,1.046,1,COM7
2,275335,37,rpm,667,458,36.8,36.8,3925,496,0,1079,1.046,1,COM7
2,275356,37,rpm,618,458,36.8,36.8,3925,496,0,1079,1.046,1,COM7
2,275377,37,rpm,492,458,36.8,36.8,3925,496,0,1079,1.047,1,COM7
2,275398,37,rpm,485,458,36.8,36.8,3925,496,0,1079,1.047,1,COM7
2,275418,37,rpm,318,458,36.8,36.8,3925,496,0,1079,1.047,1,COM7
2,275439,37,rpm,11,458,36.8,36.8,3925,496,0,1079,1.047,1,COM7
2,275460,37,rpm,-275,458,36.8,36.8,3925,496,0,1080,1.047,1,COM7
2,275481,37,rpm,113,458,36.8,36.8,3925,496,0,1080,1.047,1,COM7
2,275501,37,rpm,561,458,36.8,36.8,3925,496,0,1080,1.047,1,COM7
2,275522,37,rpm,665,458,36.8,36.8,3925,496,0,1080,1.048,1,COM7
2,275543,37,rpm,965,458,36.8,36.8,3925,496,0,1080,1.048,1,COM7
2,275564,37,rpm,780,458,36.8,36.8,3925,496,0,1080,1.048,1,COM7
2,275585,37,rpm,649,458,36.8,36.8,3925,496,0,1080,1.048,1,COM7
2,275605,37,rpm,692,458,36.8,36.8,3925,496,0,1081,1.048,1,COM7
2,275626,37,rpm,562,458,36.8,36.8,3925,496,0,1081,1.048,1,COM7
2,275647,37,rpm,492,458,36.8,36.8,3925,496,0,1081,1.049,1,COM7
2,275668,37,rpm,368,458,36.8,36.8,3925,496,0,1081,1.049,1,COM7
2,275688,37,rpm,228,458,36.8,36.8,3925,496,0,1081,1.049,1,COM7
2,275709,37,rpm,-396,458,36.8,36.8,3925,496,0,1081,1.049,1,COM7
2,275730,37,rpm,58,458,36.8,36.8,3925,496,0,1082,1.049,1,COM7
2,275751,37,rpm,372,458,36.8,36.8,3925,496,0,1082,1.049,1,COM7
2,275771,37,rpm,752,459,36.8,36.8,3925,496,0,1082,1.049,1,COM7
2,275792,37,rpm,763,459,36.8,36.8,3925,496,0,1082,1.05,1,COM7
2,275813,37,rpm,787,459,36.8,36.8,3925,496,0,1082,1.05,1,COM7
2,275834,37,rpm,818,459,36.8,36.8,3925,496,0,1082,1.05,1,COM7
2,275855,37,rpm,662,459,36.8,36.8,3925,496,0,1083,1.05,1,COM7
2,275875,37,rpm,560,459,36.8,36.8,3925,496,0,1083,1.05,1,COM7
2,275896,37,rpm,527,459,36.8,36.8,3925,496,0,1083,1.05,1,COM7
2,275917,37,rpm,409,459,36.8,36.8,3925,496,0,1083,1.051,1,COM7
2,275938,37,rpm,279,459,36.8,36.8,3925,496,0,1083,1.051,1,COM7
2,275958,37,rpm,-223,459,36.8,36.8,3925,496,0,1083,1.051,1,COM7
2,275979,37,rpm,-87,459,36.8,36.8,3925,496,0,1084,1.051,1,COM7
2,276000,37,rpm,198,459,36.8,36.8,3925,496,0,1084,1.051,1,COM7
2,276021,37,rpm,605,459,36.8,36.8,3925,496,0,1084,1.051,1,COM7
2,276042,37,rpm,796,459,36.8,36.8,3925,496,0,1084,1.051,1,COM7
2,276062,37,rpm,1025,459,36.8,36.8,3925,496,0,1084,1.052,1,COM7
2,276083,37,rpm,622,459,36.8,36.8,3925,496,0,1084,1.052,1,COM7
2,276104,37,rpm,645,459,36.8,36.8,3925,496,0,1084,1.052,1,COM7
2,276125,37,rpm,670,459,36.8,36.8,3925,496,0,1085,1.052,1,COM7
2,276145,37,rpm,549,459,36.8,36.8,3925,496,0,1085,1.052,1,COM7
2,276166,37,rpm,402,459,36.8,36.8,3925,496,0,1085,1.052,1,COM7
2,276187,37,rpm,338,459,36.8,36.8,3925,496,0,1085,1.053,1,COM7
2,276208,37,rpm,-11,459,36.8,36.8,3925,496,0,1085,1.053,1,COM7
2,276228,37,rpm,-236,459,36.8,36.8,3925,496,0,1085,1.053,1,COM7
2,276249,37,rpm,119,459,36.8,36.8,3925,496,0,1086,1.053,1,COM7
2,276270,37,rpm,646,459,36.8,36.8,3925,496,0,1086,1.053,1,COM7
2,276291,37,rpm,767,459,36.8,36.8,3925,496,0,1086,1.053,1,COM7
2,276311,37,rpm,814,459,36.8,36.8,3925,496,0,1086,1.053,1,COM7
2,276332,37,rpm,809,459,36.8,36.8,3925,496,0,1086,1.054,1,COM7
2,276353,37,rpm,768,459,36.8,36.8,3925,496,0,1086,1.054,1,COM7
2,276374,37,rpm,615,459,36.8,36.8,3925,496,0,1087,1.054,1,COM7
2,276395,37,rpm,535,459,36.8,36.8,3925,496,0,1087,1.054,1,COM7
2,276415,37,rpm,453,459,36.8,36.8,3925,496,0,1087,1.054,1,COM7
2,276436,37,rpm,320,459,36.8,36.8,3925,496,0,1087,1.054,1,COM7
2,276457,37,rpm,10,459,36.8,36.8,3925,496,0,1087,1.055,1,COM7
2,276478,37,rpm,-275,459,36.8,36.8,3925,496,0,1087,1.055,1,COM7
2,276498,37,rpm,115,459,36.8,36.8,3925,496,0,1087,1.055,1,COM7
2,276519,37,rpm,565,459,36.8,36.8,3925,496,0,1088,1.055,1,COM7
2,276540,37,rpm,694,459,36.8,36.8,3925,496,0,1088,1.055,1,COM7
2,276561,37,rpm,902,459,36.8,36.8,3925,496,0,1088,1.055,1,COM7
2,276581,37,rpm,841,459,36.8,36.8,3925,496,0,1088,1.055,1,COM7
2,276602,37,rpm,631,459,36.8,36.8,3925,496,0,1088,1.056,1,COM7
2,276623,37,rpm,612,459,36.8,36.8,3925,496,0,1088,1.056,1,COM7
2,276644,37,rpm,672,459,36.8,36.8,3925,496,0,1089,1.056,1,COM7
2,276664,37,rpm,417,459,36.8,36.8,3925,496,0,1089,1.056,1,COM7
2,276685,37,rpm,358,459,36.8,36.8,3925,496,0,1089,1.056,1,COM7
2,276706,37,rpm,236,459,36.8,36.8,3925,496,0,1089,1.056,1,COM7
2,276727,37,rpm,-361,459,36.8,36.8,3925,496,0,1089,1.057,1,COM7
2,276748,37,rpm,47,459,36.8,36.8,3925,496,0,1089,1.057,1,COM7
2,276768,37,rpm,414,459,36.8,36.8,3925,496,0,1090,1.057,1,COM7
2,276789,37,rpm,698,459,36.8,36.8,3925,496,0,1090,1.057,1,COM7
2,276810,37,rpm,768,459,36.8,36.8,3925,496,0,1090,1.057,1,COM7
2,276831,37,rpm,853,459,36.8,36.8,3925,496,0,1090,1.057,1,COM7
2,276851,37,rpm,683,459,36.8,36.8,3925,496,0,1090,1.057,1,COM7
2,276872,37,rpm,690,459,36.8,36.8,3925,496,0,1090,1.058,1,COM7
2,276893,37,rpm,596,459,36.8,36.8,3925,496,0,1090,1.058,1,COM7
2,276914,37,rpm,463,459,36.8,36.8,3925,496,0,1091,1.058,1,COM7
2,276935,37,rpm,429,459,36.8,36.8,3925,496,0,1091,1.058,1,COM7
2,276955,37,rpm,296,459,36.8,36.8,3925,496,0,1091,1.058,1,COM7
2,276976,37,rpm,-245,459,36.8,36.8,3925,496,0,1091,1.058,1,COM7
2,276997,37,rpm,-55,459,36.8,36.8,3925,496,0,1091,1.059,1,COM7
2,277018,37,rpm,192,459,36.8,36.8,3925,496,0,1091,1.059,1,COM7
2,277038,37,rpm,600,459,36.8,36.8,3925,496,0,1092,1.059,1,COM7
2,277059,37,rpm,811,459,36.8,36.8,3925,496,0,1092,1.059,1,COM7
2,277080,37,rpm,923,459,36.8,36.8,3925,496,0,1092,1.059,1,COM7
2,277101,37,rpm,711,459,36.8,36.8,3925,496,0,1092,1.059,1,COM7
2,277121,37,rpm,632,459,36.8,36.8,3925,496,0,1092,1.059,1,COM7
2,277142,37,rpm,640,459,36.8,36.8,3925,496,0,1092,1.06,1,COM7
2,277163,37,rpm,589,459,36.8,36.8,3925,496,0,1093,1.06,1,COM7
2,277184,37,rpm,411,459,36.8,36.8,3925,496,0,1093,1.06,1,COM7
2,277204,37,rpm,323,459,36.8,36.8,3925,496,0,1093,1.06,1,COM7
2,277225,37,rpm,50,459,36.8,36.8,3925,496,0,1093,1.06,1,COM7
2,277246,37,rpm,-284,459,36.8,36.8,3925,496,0,1093,1.06,1,COM7
2,277267,37,rpm,94,459,36.8,36.8,3925,496,0,1093,1.061,1,COM7
2,277287,37,rpm,633,459,36.8,36.8,3925,496,0,1094,1.061,1,COM7
2,277308,37,rpm,669,459,36.8,36.8,3925,496,0,1094,1.061,1,COM7
2,277329,37,rpm,803,459,36.8,36.8,3925,496,0,1094,1.061,1,COM7
2,277350,37,rpm,898,459,36.8,36.8,3925,496,0,1094,1.061,1,COM7
2,277371,37,rpm,688,459,36.8,36.8,3925,496,0,1094,1.061,1,COM7
2,277391,37,rpm,588,459,36.8,36.8,3925,496,0,1094,1.061,1,COM7
2,277412,37,rpm,606,459,36.8,36.8,3925,496,0,1094,1.062,1,COM7
2,277433,37,rpm,479,459,36.8,36.8,3925,496,0,1095,1.062,1,COM7
2,277454,37,rpm,358,459,36.8,36.8,3925,496,0,1095,1.062,1,COM7
2,277474,37,rpm,253,459,36.8,36.8,3925,496,0,1095,1.062,1,COM7
2,277495,37,rpm,-372,459,36.8,36.8,3925,496,0,1095,1.062,1,COM7
2,277516,37,rpm,44,459,36.8,36.8,3925,496,0,1095,1.062,1,COM7
2,277537,37,rpm,367,459,36.8,36.8,3925,496,0,1095,1.063,1,COM7
2,277557,37,rpm,632,459,36.8,36.8,3925,496,0,1096,1.063,1,COM7
2,277578,37,rpm,891,459,36.8,36.8,3925,496,0,1096,1.063,1,COM7
2,277599,37,rpm,869,459,36.8,36.8,3925,496,0,1096,1.063,1,COM7
2,277620,37,rpm,653,459,36.8,36.8,3925,496,0,1096,1.063,1,COM7
2,277640,37,rpm,663,459,36.8,36.8,3925,496,0,1096,1.063,1,COM7
2,277661,37,rpm,656,459,36.8,36.8,3925,496,0,1096,1.063,1,COM7
2,277682,37,rpm,490,459,36.8,36.8,3925,496,0,1097,1.064,1,COM7
2,277703,37,rpm,360,459,36.8,36.8,3925,496,0,1097,1.064,1,COM7
2,277724,37,rpm,311,459,36.8,36.8,3925,496,0,1097,1.064,1,COM7
2,277744,37,rpm,-281,459,36.8,36.8,3925,496,0,1097,1.064,1,COM7
2,277765,37,rpm,-45,459,36.8,36.8,3925,496,0,1097,1.064,1,COM7
2,277786,37,rpm,202,459,36.8,36.8,3925,496,0,1097,1.064,1,COM7
2,277807,37,rpm,750,459,36.8,36.8,3925,496,0,1097,1.065,1,COM7
2,277827,37,rpm,792,459,36.8,36.8,3925,496,0,1098,1.065,1,COM7
2,277848,37,rpm,840,459,36.8,36.8,3925,496,0,1098,1.065,1,COM7
2,277869,37,rpm,861,459,36.8,36.8,3925,496,0,1098,1.065,1,COM7
2,277890,37,rpm,630,459,36.8,36.8,3925,496,0,1098,1.065,1,COM7
2,277911,37,rpm,584,459,36.8,36.8,3925,496,0,1098,1.065,1,COM7
2,277931,37,rpm,557,459,36.8,36.8,3925,496,0,1098,1.065,1,COM7
2,277952,37,rpm,393,459,36.8,36.8,3925,496,0,1099,1.066,1,COM7
2,277973,37,rpm,277,459,36.8,36.8,3925,496,0,1099,1.066,1,COM7
2,277994,37,rpm,-243,459,36.8,36.8,3925,496,0,1099,1.066,1,COM7
2,278015,37,rpm,-45,459,36.8,36.8,3925,496,0,1099,1.066,1,COM7
2,278035,37,rpm,213,459,36.8,36.8,3925,496,0,1099,1.066,1,COM7
2,278056,37,rpm,641,459,36.8,36.8,3925,496,0,1099,1.066,1,COM7
2,278077,37,rpm,778,459,36.8,36.8,3925,496,0,1100,1.067,1,COM7
2,278098,37,rpm,930,459,36.8,36.8,3925,496,0,1100,1.067,1,COM7
2,278118,37,rpm,707,459,36.8,36.8,3925,496,0,1100,1.067,1,COM7
2,278139,37,rpm,616,459,36.8,36.8,3925,496,0,1100,1.067,1,COM7
2,278160,37,rpm,685,459,36.8,36.8,3925,496,0,1100,1.067,1,COM7
2,278181,37,rpm,560,459,36.8,36.8,3925,496,0,1100,1.067,1,COM7
2,278202,37,rpm,388,459,36.8,36.8,3925,496,0,1101,1.067,1,COM7
2,278222,37,rpm,322,459,36.8,36.8,3925,496,0,1101,1.068,1,COM7
2,278243,37,rpm,28,459,36.8,36.8,3925,496,0,1101,1.068,1,COM7
2,278264,37,rpm,-251,459,36.8,36.8,3925,496,0,1101,1.068,1,COM7
2,278285,37,rpm,89,459,36.8,36.8,3925,496,0,1101,1.068,1,COM7
2,278305,37,rpm,600,459,36.8,36.8,3925,496,0,1101,1.068,1,COM7
2,278326,37,rpm,781,459,36.8,36.8,3925,496,0,1101,1.068,1,COM7
2,278347,37,rpm,789,459,36.8,36.8,3925,496,0,1102,1.069,1,COM7
2,278368,37,rpm,781,459,36.8,36.8,3925,496,0,1102,1.069,1,COM7
2,278388,37,rpm,757,459,36.8,36.8,3925,496,0,1102,1.069,1,COM7
2,278409,37,rpm,533,459,36.8,36.8,3925,496,0,1102,1.069,1,COM7
2,278430,37,rpm,603,459,36.8,36.8,3925,496,0,1102,1.069,1,COM7
2,278451,37,rpm,525,459,36.8,36.8,3925,496,0,1102,1.069,1,COM7
2,278471,37,rpm,329,459,36.8,36.8,3925,496,0,1103,1.069,1,COM7
2,278492,37,rpm,258,459,36.8,36.8,3925,496,0,1103,1.07,1,COM7
2,278513,37,rpm,-371,459,36.8,36.8,3925,496,0,1103,1.07,1,COM7
2,278534,37,rpm,41,459,36.8,36.8,3925,496,0,1103,1.07,1,COM7
2,278555,37,rpm,302,459,36.8,36.8,3925,496,0,1103,1.07,1,COM7
2,278575,37,rpm,732,459,36.8,36.8,3925,496,0,1103,1.07,1,COM7
2,278596,37,rpm,766,459,36.8,36.8,3925,496,0,1104,1.07,1,COM7
2,278617,37,rpm,923,459,36.8,36.8,3925,496,0,1104,1.071,1,COM7
2,278637,37,rpm,720,459,36.8,36.8,3925,496,0,1104,1.071,1,COM7
2,278658,37,rpm,637,459,36.8,36.8,3925,496,0,1104,1.071,1,COM7
2,278679,37,rpm,628,459,36.8,36.8,3925,496,0,1104,1.071,1,COM7
2,278700,37,rpm,538,459,36.8,36.8,3925,496,0,1104,1.071,1,COM7
2,278721,37,rpm,348,459,36.8,36.8,3925,496,0,1104,1.071,1,COM7
2,278741,37,rpm,343,459,36.8,36.8,3925,496,0,1105,1.071,1,COM7
2,278762,37,rpm,-195,459,36.8,36.8,3925,496,0,1105,1.072,1,COM7
2,278783,37,rpm,-128,459,36.8,36.8,3925,496,0,1105,1.072,1,COM7
2,278804,37,rpm,188,459,36.8,36.8,3925,496,0,1105,1.072,1,COM7
2,278824,37,rpm,689,459,36.8,36.8,3925,496,0,1105,1.072,1,COM7
2,278845,37,rpm,686,459,36.8,36.8,3925,496,0,1105,1.072,1,COM7
2,278866,37,rpm,866,459,36.8,36.8,3925,496,0,1106,1.072,1,COM7
2,278886,37,rpm,853,459,36.8,36.8,3925,496,0,1106,1.073,1,COM7
2,278907,37,rpm,633,459,36.8,36.8,3925,496,0,1106,1.073,1,COM7
2,278928,37,rpm,556,459,36.8,36.8,3925,496,0,1106,1.073,1,COM7
2,278949,37,rpm,594,459,36.8,36.8,3925,496,0,1106,1.073,1,COM7
2,278969,37,rpm,488,459,36.8,36.8,3925,496,0,1106,1.073,1,COM7
2,278990,37,rpm,286,459,36.8,36.8,3925,496,0,1107,1.073,1,COM7
2,279011,37,rpm,143,459,36.8,36.8,3925,496,0,1107,1.073,1,COM7
2,279032,37,rpm,-378,459,36.8,36.8,3925,496,0,1107,1.074,1,COM7
2,279052,37,rpm,88,459,36.8,36.8,3925,496,0,1107,1.074,1,COM7
2,279073,37,rpm,459,459,36.8,36.8,3925,496,0,1107,1.074,1,COM7
2,279094,37,rpm,806,459,36.8,36.8,3925,496,0,1107,1.074,1,COM7
2,279115,37,rpm,802,459,36.8,36.8,3925,496,0,1107,1.074,1,COM7
2,279135,37,rpm,765,459,36.8,36.8,3925,496,0,1108,1.074,1,COM7
2,279156,37,rpm,768,459,36.8,36.8,3925,496,0,1108,1.075,1,COM7
2,279177,37,rpm,582,459,36.8,36.8,3925,496,0,1108,1.075,1,COM7
2,279198,37,rpm,598,459,36.8,36.8,3925,496,0,1108,1.075,1,COM7
2,279218,37,rpm,492,459,36.8,36.8,3925,496,0,1108,1.075,1,COM7
2,279239,37,rpm,324,459,36.8,36.8,3925,496,0,1108,1.075,1,COM7
2,279260,37,rpm,256,459,36.8,36.8,3925,496,0,1109,1.075,1,COM7
2,279281,37,rpm,-398,459,36.8,36.8,3925,496,0,1109,1.075,1,COM7
2,279301,37,rpm,56,459,36.8,36.8,3925,496,0,1109,1.076,1,COM7
2,279322,37,rpm,395,459,36.8,36.8,3925,496,0,1109,1.076,1,COM7
2,279343,37,rpm,726,459,36.8,36.8,3925,496,0,1109,1.076,1,COM7
2,279364,37,rpm,812,459,36.8,36.8,3925,496,0,1109,1.076,1,COM7
2,279385,37,rpm,933,459,36.8,36.8,3925,496,0,1110,1.076,1,COM7
2,279405,37,rpm,722,459,36.8,36.8,3925,496,0,1110,1.076,1,COM7
2,279426,37,rpm,583,459,36.8,36.8,3925,496,0,1110,1.077,1,COM7
2,279447,37,rpm,641,459,36.8,36.8,3925,496,0,1110,1.077,1,COM7
2,279467,37,rpm,509,459,36.8,36.8,3925,496,0,1110,1.077,1,COM7
2,279488,37,rpm,351,459,36.8,36.8,3925,496,0,1110,1.077,1,COM7
2,279509,37,rpm,243,459,36.8,36.8,3925,496,0,1110,1.077,1,COM7
2,279530,37,rpm,-349,459,36.8,36.8,3925,496,0,1111,1.077,1,COM7
2,279550,37,rpm,40,459,36.8,36.8,3925,496,0,1111,1.077,1,COM7
2,279571,37,rpm,332,459,36.8,36.8,3925,496,0,1111,1.078,1,COM7
2,279592,37,rpm,698,459,36.8,36.8,3925,496,0,1111,1.078,1,COM7
2,279613,37,rpm,863,459,36.8,36.8,3925,496,0,1111,1.078,1,COM7
2,279633,37,rpm,776,459,36.8,36.8,3925,496,0,1111,1.078,1,COM7
2,279654,37,rpm,704,459,36.8,36.8,3925,496,0,1112,1.078,1,COM7
2,279675,37,rpm,729,459,36.8,36.8,3925,496,0,1112,1.078,1,COM7
2,279695,37,rpm,552,459,36.8,36.8,3925,496,0,1112,1.079,1,COM7
2,279716,37,rpm,508,459,36.8,36.8,3925,496,0,1112,1.079,1,COM7
2,279737,37,rpm,436,459,36.8,36.8,3925,496,0,1112,1.079,1,COM7
2,279758,37,rpm,291,459,36.8,36.8,3925,496,0,1112,1.079,1,COM7
2,279778,37,rpm,-193,459,36.8,36.8,3925,496,0,1113,1.079,1,COM7
2,279799,37,rpm,-102,459,36.8,36.8,3925,496,0,1113,1.079,1,COM7
2,279820,37,rpm,185,459,36.8,36.8,3925,496,0,1113,1.079,1,COM7
2,279841,37,rpm,642,459,36.8,36.8,3925,496,0,1113,1.08,1,COM7
2,279861,37,rpm,712,459,36.8,36.8,3925,496,0,1113,1.08,1,COM7
2,279882,37,rpm,843,459,36.8,36.8,3925,496,0,1113,1.08,1,COM7
2,279903,37,rpm,848,459,36.8,36.8,3925,496,0,1114,1.08,1,COM7
2,279924,37,rpm,658,459,36.8,36.8,3925,496,0,1114,1.08,1,COM7
2,279944,37,rpm,544,459,36.8,36.8,3925,496,0,1114,1.08,1,COM7
2,279965,37,rpm,634,459,36.8,36.8,3925,496,0,1114,1.081,1,COM7
2,279986,37,rpm,431,459,36.8,36.8,3925,496,0,1114,1.081,1,COM7
2,280007,37,rpm,325,459,36.8,36.8,3925,496,0,1114,1.081,1,COM7
2,280027,37,rpm,168,459,36.8,36.8,3925,496,0,1114,1.081,1,COM7
2,280048,37,rpm,-341,459,36.8,36.8,3925,496,0,1115,1.081,1,COM7
2,280069,37,rpm,67,459,36.8,36.8,3925,496,0,1115,1.081,1,COM7
2,280090,37,rpm,484,459,36.8,36.8,3925,496,0,1115,1.081,1,COM7
2,280110,37,rpm,725,459,36.8,36.8,3925,496,0,1115,1.082,1,COM7
2,280131,37,rpm,762,459,36.8,36.8,3925,496,0,1115,1.082,1,COM7
2,280152,37,rpm,845,459,36.8,36.8,3925,496,0,1115,1.082,1,COM7
2,280173,37,rpm,766,459,36.8,36.8,3925,496,0,1116,1.082,1,COM7
2,280193,37,rpm,651,459,36.8,36.8,3925,496,0,1116,1.082,1,COM7
2,280214,37,rpm,533,459,36.8,36.8,3925,496,0,1116,1.082,1,COM7
2,280235,37,rpm,509,459,36.8,36.8,3925,496,0,1116,1.083,1,COM7
2,280256,37,rpm,412,459,36.8,36.8,3925,496,0,1116,1.083,1,COM7
2,280276,37,rpm,251,459,36.8,36.8,3925,496,0,1116,1.083,1,COM7
2,280297,37,rpm,-361,459,36.8,36.8,3925,496,0,1117,1.083,1,COM7
2,280318,37,rpm,17,459,36.8,36.8,3925,496,0,1117,1.083,1,COM7
2,280339,37,rpm,227,459,36.8,36.8,3925,496,0,1117,1.083,1,COM7
2,280359,37,rpm,681,459,36.8,36.8,3925,496,0,1117,1.083,1,COM7
2,280380,37,rpm,890,459,36.8,36.8,3925,496,0,1117,1.084,1,COM7
2,280401,37,rpm,837,459,36.8,36.8,3925,496,0,1117,1.084,1,COM7
2,280422,37,rpm,692,459,36.8,36.8,3925,496,0,1117,1.084,1,COM7
2,280442,37,rpm,686,459,36.8,36.8,3925,496,0,1118,1.084,1,COM7
2,280463,37,rpm,626,459,36.8,36.8,3925,496,0,1118,1.084,1,COM7
2,280484,37,rpm,546,459,36.8,36.8,3925,496,0,1118,1.084,1,COM7
2,280504,37,rpm,407,459,36.8,36.8,3925,496,0,1118,1.085,1,COM7
2,280525,37,rpm,299,459,36.8,36.8,3925,496,0,1118,1.085,1,COM7
2,280546,37,rpm,-32,459,36.8,36.8,3925,496,0,1118,1.085,1,COM7
2,280567,37,rpm,-242,459,36.8,36.8,3925,496,0,1119,1.085,1,COM7
2,280587,37,rpm,118,459,36.8,36.8,3925,496,0,1119,1.085,1,COM7
2,280608,37,rpm,628,459,36.8,36.8,3925,496,0,1119,1.085,1,COM7
2,280629,37,rpm,767,459,36.8,36.8,3925,496,0,1119,1.085,1,COM7
2,280650,37,rpm,771,459,36.8,36.8,3925,496,0,1119,1.086,1,COM7
2,280670,37,rpm,897,459,36.8,36.8,3925,496,0,1119,1.086,1,COM7
2,280691,37,rpm,694,459,36.8,36.8,3925,496,0,1120,1.086,1,COM7
2,280712,37,rpm,541,459,36.8,36.8,3925,496,0,1120,1.086,1,COM7
2,280733,37,rpm,601,459,36.8,36.8,3925,496,0,1120,1.086,1,COM7
2,280753,37,rpm,503,459,36.8,36.8,3925,496,0,1120,1.086,1,COM7
2,280774,37,rpm,329,459,36.8,36.8,3925,496,0,1120,1.087,1,COM7
2,280795,37,rpm,152,458,36.8,36.8,3925,496,0,1120,1.087,1,COM7
2,280816,37,rpm,-341,458,36.8,36.8,3925,496,0,1120,1.087,1,COM7
2,280836,37,rpm,100,458,36.8,36.8,3925,496,0,1121,1.087,1,COM7
2,280857,37,rpm,489,458,36.8,36.8,3925,496,0,1121,1.087,1,COM7
2,280878,37,rpm,705,458,36.8,36.8,3925,496,0,1121,1.087,1,COM7
2,280899,37,rpm,971,458,36.8,36.8,3925,496,0,1121,1.087,1,COM7
2,280919,37,rpm,751,458,36.8,36.8,3925,496,0,1121,1.088,1,COM7
2,280940,37,rpm,727,458,36.8,36.8,3925,496,0,1121,1.088,1,COM7
2,280961,37,rpm,681,458,36.8,36.8,3925,496,0,1122,1.088,1,COM7
2,280982,37,rpm,575,458,36.8,36.8,3925,496,0,1122,1.088,1,COM7
2,281002,37,rpm,419,458,36.8,36.8,3925,496,0,1122,1.088,1,COM7
2,281023,37,rpm,359,458,36.8,36.8,3925,496,0,1122,1.088,1,COM7
2,281044,37,rpm,154,458,36.8,36.8,3925,496,0,1122,1.089,1,COM7
2,281065,37,rpm,-377,458,36.8,36.8,3925,496,0,1122,1.089,1,COM7
2,281085,37,rpm,73,458,36.8,36.8,3925,496,0,1123,1.089,1,COM7
2,281106,37,rpm,484,458,36.8,36.8,3925,496,0,1123,1.089,1,COM7
2,281127,37,rpm,723,458,36.8,36.8,3925,496,0,1123,1.089,1,COM7
2,281148,37,rpm,841,458,36.8,36.8,3925,496,0,1123,1.089,1,COM7
2,281169,37,rpm,744,458,36.8,36.8,3925,496,0,1123,1.089,1,COM7
2,281189,37,rpm,795,458,36.8,36.8,3925,496,0,1123,1.09,1,COM7
2,281210,37,rpm,630,458,36.8,36.8,3925,496,0,1124,1.09,1,COM7
2,281231,37,rpm,528,458,36.8,36.8,3925,496,0,1124,1.09,1,COM7
2,281252,37,rpm,566,458,36.8,36.8,3925,496,0,1124,1.09,1,COM7
2,281272,37,rpm,371,458,36.8,36.8,3925,496,0,1124,1.09,1,COM7
2,281293,37,rpm,254,458,36.8,36.8,3925,496,0,1124,1.09,1,COM7
2,281314,37,rpm,-324,458,36.8,36.8,3925,496,0,1124,1.091,1,COM7
2,281335,37,rpm,14,458,36.8,36.8,3925,496,0,1124,1.091,1,COM7
2,281355,37,rpm,254,458,36.8,36.8,3925,496,0,1125,1.091,1,COM7
2,281376,37,rpm,684,458,36.8,36.8,3925,496,0,1125,1.091,1,COM7
2,281397,37,rpm,810,458,36.8,36.8,3925,496,0,1125,1.091,1,COM7
2,281418,37,rpm,900,458,36.8,36.8,3925,496,0,1125,1.091,1,COM7
2,281438,37,rpm,674,458,36.8,36.8,3925,496,0,1125,1.091,1,COM7
2,281459,37,rpm,661,458,36.8,36.8,3925,496,0,1125,1.092,1,COM7
2,281480,37,rpm,656,458,36.8,36.8,3925,496,0,1126,1.092,1,COM7
2,281501,37,rpm,466,458,36.8,36.8,3925,496,0,1126,1.092,1,COM7
2,281522,37,rpm,425,458,36.8,36.8,3925,496,0,1126,1.092,1,COM7
2,281542,37,rpm,348,458,36.8,36.8,3925,496,0,1126,1.092,1,COM7
2,281563,37,rpm,-31,458,36.8,36.8,3925,496,0,1126,1.092,1,COM7
2,281584,37,rpm,-240,458,36.8,36.8,3925,496,0,1126,1.093,1,COM7
2,281605,37,rpm,125,458,36.8,36.8,3925,496,0,1127,1.093,1,COM7
2,281625,37,rpm,576,458,36.8,36.8,3925,496,0,1127,1.093,1,COM7
2,281646,37,rpm,679,458,36.8,36.8,3925,496,0,1127,1.093,1,COM7
2,281667,37,rpm,901,458,36.8,36.8,3925,496,0,1127,1.093,1,COM7
2,281688,37,rpm,783,458,36.8,36.8,3925,496,0,1127,1.093,1,COM7
2,281708,37,rpm,700,458,36.8,36.8,3925,496,0,1127,1.093,1,COM7
2,281729,37,rpm,607,458,36.8,36.8,3925,496,0,1127,1.094,1,COM7
2,281750,37,rpm,551,458,36.8,36.8,3925,496,0,1128,1.094,1,COM7
2,281770,37,rpm,530,458,36.8,36.8,3925,496,0,1128,1.094,1,COM7
2,281791,37,rpm,327,458,36.8,36.8,3925,496,0,1128,1.094,1,COM7
2,281812,37,rpm,230,458,36.8,36.8,3925,496,0,1128,1.094,1,COM7
2,281833,37,rpm,-401,458,36.8,36.8,3925,496,0,1128,1.094,1,COM7
2,281854,37,rpm,69,458,36.8,36.8,3925,496,0,1128,1.095,1,COM7
2,281874,37,rpm,365,458,36.8,36.8,3925,496,0,1129,1.095,1,COM7
2,281895,37,rpm,791,458,36.8,36.8,3925,496,0,1129,1.095,1,COM7
2,281916,37,rpm,833,458,36.8,36.8,3925,496,0,1129,1.095,1,COM7
2,281937,37,rpm,754,458,36.8,36.8,3925,496,0,1129,1.095,1,COM7
2,281957,37,rpm,748,458,36.8,36.8,3925,496,0,1129,1.095,1,COM7
2,281978,37,rpm,676,458,36.8,36.8,3925,496,0,1129,1.095,1,COM7
2,281999,37,rpm,603,458,36.8,36.8,3925,496,0,1130,1.096,1,COM7
2,282020,37,rpm,473,458,36.8,36.8,3925,496,0,1130,1.096,1,COM7
2,282040,37,rpm,398,458,36.8,36.8,3925,496,0,1130,1.096,1,COM7
2,282061,37,rpm,290,458,36.8,36.8,3925,496,0,1130,1.096,1,COM7
2,282082,37,rpm,-275,458,36.8,36.8,3925,496,0,1130,1.096,1,COM7
2,282103,37,rpm,-24,458,36.8,36.8,3925,496,0,1130,1.096,1,COM7
2,282123,37,rpm,254,458,36.8,36.8,3925,496,0,1130,1.097,1,COM7
2,282144,37,rpm,643,458,36.8,36.8,3925,496,0,1131,1.097,1,COM7
2,282165,37,rpm,717,458,36.8,36.8,3925,496,0,1131,1.097,1,COM7
2,282186,37,rpm,980,458,36.8,36.8,3925,496,0,1131,1.097,1,COM7
2,282207,37,rpm,701,458,36.8,36.8,3925,496,0,1131,1.097,1,COM7
2,282227,37,rpm,623,458,36.8,36.8,3925,496,0,1131,1.097,1,COM7
2,282248,37,rpm,671,458,36.8,36.8,3925,496,0,1131,1.097,1,COM7
2,282269,37,rpm,525,458,36.8,36.8,3925,496,0,1132,1.098,1,COM7
2,282289,37,rpm,423,458,36.8,36.8,3925,496,0,1132,1.098,1,COM7
2,282310,37,rpm,313,458,36.8,36.8,3925,496,0,1132,1.098,1,COM7
2,282331,37,rpm,-52,458,36.8,36.8,3925,496,0,1132,1.098,1,COM7
2,282352,37,rpm,-224,458,36.8,36.8,3925,496,0,1132,1.098,1,COM7
2,282373,37,rpm,132,458,36.8,36.8,3925,496,0,1132,1.098,1,COM7
2,282393,37,rpm,600,458,36.8,36.8,3925,496,0,1133,1.099,1,COM7
2,282414,37,rpm,829,458,36.8,36.8,3925,496,0,1133,1.099,1,COM7
2,282435,37,rpm,886,458,36.8,36.8,3925,496,0,1133,1.099,1,COM7
2,282456,37,rpm,704,458,36.8,36.8,3925,496,0,1133,1.099,1,COM7
2,282476,37,rpm,774,458,36.8,36.8,3925,496,0,1133,1.099,1,COM7
2,282497,37,rpm,643,458,36.8,36.8,3925,496,0,1133,1.099,1,COM7
2,282518,37,rpm,509,458,36.8,36.8,3925,496,0,1133,1.099,1,COM7
2,282539,37,rpm,449,458,36.8,36.8,3925,496,0,1134,1.1,1,COM7
2,282559,37,rpm,322,458,36.8,36.8,3925,496,0,1134,1.1,1,COM7
2,282580,37,rpm,-16,458,36.8,36.8,3925,496,0,1134,1.1,1,COM7
2,282601,37,rpm,-243,458,36.8,36.8,3925,496,0,1134,1.1,1,COM7
2,282622,37,rpm,122,458,36.8,36.8,3925,496,0,1134,1.1,1,COM7
2,282643,37,rpm,637,458,36.8,36.8,3925,496,0,1134,1.1,1,COM7
2,282663,37,rpm,652,458,36.8,36.8,3925,496,0,1135,1.101,1,COM7
2,282684,37,rpm,857,458,36.8,36.8,3925,496,0,1135,1.101,1,COM7
2,282705,37,rpm,927,458,36.8,36.8,3925,496,0,1135,1.101,1,COM7
2,282726,37,rpm,621,458,36.8,36.8,3925,496,0,1135,1.101,1,COM7
2,282746,37,rpm,572,458,36.8,36.8,3925,496,0,1135,1.101,1,COM7
2,282767,37,rpm,670,458,36.8,36.8,3925,496,0,1135,1.101,1,COM7
2,282788,37,rpm,457,458,36.8,36.8,3925,496,0,1136,1.101,1,COM7
2,282809,37,rpm,320,458,36.8,36.8,3925,496,0,1136,1.102,1,COM7
2,282829,37,rpm,240,458,36.8,36.8,3925,496,0,1136,1.102,1,COM7
2,282850,37,rpm,-357,458,36.8,36.8,3925,496,0,1136,1.102,1,COM7
2,282871,37,rpm,52,458,36.8,36.8,3925,496,0,1136,1.102,1,COM7
2,282892,37,rpm,421,458,36.8,36.8,3925,496,0,1136,1.102,1,COM7
2,282913,37,rpm,706,458,36.8,36.8,3925,496,0,1136,1.102,1,COM7
2,282933,37,rpm,804,458,36.8,36.8,3925,496,0,1137,1.103,1,COM7
2,282954,37,rpm,846,458,36.8,36.8,3925,496,0,1137,1.103,1,COM7
2,282975,37,rpm,664,458,36.8,36.8,3925,496,0,1137,1.103,1,COM7
2,282995,37,rpm,705,458,36.8,36.8,3925,496,0,1137,1.103,1,COM7
2,283016,37,rpm,587,458,36.8,36.8,3925,496,0,1137,1.103,1,COM7
2,283037,37,rpm,467,458,36.8,36.8,3925,496,0,1137,1.103,1,COM7
2,283058,37,rpm,432,458,36.8,36.8,3925,496,0,1138,1.103,1,COM7
2,283078,37,rpm,293,458,36.8,36.8,3925,496,0,1138,1.104,1,COM7
2,283099,37,rpm,-285,458,36.8,36.8,3925,496,0,1138,1.104,1,COM7
2,283120,37,rpm,-23,458,36.8,36.8,3925,496,0,1138,1.104,1,COM7
2,283141,37,rpm,215,458,36.8,36.8,3925,496,0,1138,1.104,1,COM7
2,283161,37,rpm,617,458,36.8,36.8,3925,496,0,1138,1.104,1,COM7
2,283182,37,rpm,769,458,36.8,36.8,3925,496,0,1139,1.104,1,COM7
2,283203,37,rpm,912,458,36.8,36.8,3925,496,0,1139,1.105,1,COM7
2,283224,37,rpm,771,458,36.8,36.8,3925,496,0,1139,1.105,1,COM7
2,283245,37,rpm,582,458,36.8,36.8,3925,496,0,1139,1.105,1,COM7
2,283265,37,rpm,661,458,36.8,36.8,3925,496,0,1139,1.105,1,COM7
2,283286,37,rpm,596,458,36.8,36.8,3925,496,0,1139,1.105,1,COM7
2,283307,37,rpm,390,458,36.8,36.8,3925,496,0,1140,1.105,1,COM7
2,283328,37,rpm,325,458,36.8,36.8,3925,496,0,1140,1.105,1,COM7
2,283348,37,rpm,15,458,36.8,36.8,3925,496,0,1140,1.106,1,COM7
2,283369,37,rpm,-262,458,36.8,36.8,3925,496,0,1140,1.106,1,COM7
2,283390,37,rpm,97,458,36.8,36.8,3925,496,0,1140,1.106,1,COM7
2,283411,37,rpm,639,458,36.8,36.8,3925,496,0,1140,1.106,1,COM7
2,283432,37,rpm,693,458,36.8,36.8,3925,496,0,1140,1.106,1,COM7
2,283452,37,rpm,793,458,36.8,36.8,3925,496,0,1141,1.106,1,COM7
2,283473,37,rpm,913,458,36.8,36.8,3925,496,0,1141,1.107,1,COM7
2,283494,37,rpm,646,458,36.8,36.8,3925,496,0,1141,1.107,1,COM7
2,283515,37,rpm,656,458,36.8,36.8,3925,496,0,1141,1.107,1,COM7
2,283535,37,rpm,572,458,36.8,36.8,3925,496,0,1141,1.107,1,COM7
2,283556,37,rpm,467,458,36.8,36.8,3925,496,0,1141,1.107,1,COM7
2,283577,37,rpm,374,458,36.8,36.8,3925,496,0,1142,1.107,1,COM7
2,283598,37,rpm,232,458,36.8,36.8,3925,496,0,1142,1.107,1,COM7
2,283618,37,rpm,-408,458,36.8,36.8,3925,496,0,1142,1.108,1,COM7
2,283639,37,rpm,53,458,36.8,36.8,3925,496,0,1142,1.108,1,COM7
2,283660,37,rpm,358,458,36.8,36.8,3925,496,0,1142,1.108,1,COM7
2,283681,37,rpm,642,458,36.8,36.8,3925,496,0,1142,1.108,1,COM7
2,283701,37,rpm,886,458,36.8,36.8,3925,496,0,1143,1.108,1,COM7
2,283722,37,rpm,882,458,36.8,36.8,3925,496,0,1143,1.108,1,COM7
2,283743,37,rpm,680,458,36.8,36.8,3925,496,0,1143,1.109,1,COM7
2,283764,37,rpm,635,458,36.8,36.8,3925,496,0,1143,1.109,1,COM7
2,283784,37,rpm,631,458,36.8,36.8,3925,496,0,1143,1.109,1,COM7
2,283805,37,rpm,534,458,36.8,36.8,3925,496,0,1143,1.109,1,COM7
2,283826,37,rpm,335,458,36.8,36.8,3925,496,0,1143,1.109,1,COM7
2,283847,37,rpm,297,458,36.8,36.8,3925,496,0,1144,1.109,1,COM7
2,283867,37,rpm,-300,458,36.8,36.8,3925,496,0,1144,1.109,1,COM7
2,283888,37,rpm,-16,458,36.8,36.8,3925,496,0,1144,1.11,1,COM7
2,283909,37,rpm,220,458,36.8,36.8,3925,496,0,1144,1.11,1,COM7
2,283930,37,rpm,769,458,36.8,36.8,3925,496,0,1144,1.11,1,COM7
2,283950,37,rpm,774,458,36.8,36.8,3925,496,0,1144,1.11,1,COM7
2,283971,37,rpm,795,458,36.8,36.8,3925,496,0,1145,1.11,1,COM7
2,283992,37,rpm,869,458,36.8,36.8,3925,496,0,1145,1.11,1,COM7
2,284013,37,rpm,646,458,36.8,36.8,3925,496,0,1145,1.111,1,COM7
2,284033,37,rpm,578,458,36.8,36.8,3925,496,0,1145,1.111,1,COM7
2,284054,37,rpm,524,458,36.8,36.8,3925,496,0,1145,1.111,1,COM7
2,284075,37,rpm,405,458,36.8,36.8,3925,496,0,1145,1.111,1,COM7
2,284096,37,rpm,272,458,36.8,36.8,3925,496,0,1146,1.111,1,COM7
2,284116,37,rpm,-266,458,36.8,36.8,3925,496,0,1146,1.111,1,COM7
2,284137,37,rpm,-26,458,36.8,36.8,3925,496,0,1146,1.111,1,COM7
2,284158,37,rpm,210,458,36.8,36.8,3925,496,0,1146,1.112,1,COM7
2,284179,37,rpm,706,458,36.8,36.8,3925,496,0,1146,1.112,1,COM7
2,284200,37,rpm,685,458,36.8,36.8,3925,496,0,1146,1.112,1,COM7
2,284220,37,rpm,949,458,36.8,36.8,3925,496,0,1146,1.112,1,COM7
2,284241,37,rpm,763,458,36.8,36.8,3925,496,0,1147,1.112,1,COM7
2,284262,37,rpm,620,458,36.8,36.8,3925,496,0,1147,1.112,1,COM7
2,284283,37,rpm,641,458,36.8,36.8,3925,496,0,1147,1.113,1,COM7
2,284303,37,rpm,574,458,36.8,36.8,3925,496,0,1147,1.113,1,COM7
2,284324,37,rpm,398,458,36.8,36.8,3925,496,0,1147,1.113,1,COM7
2,284345,37,rpm,319,458,36.8,36.8,3925,496,0,1147,1.113,1,COM7
2,284366,37,rpm,9,458,36.8,36.8,3925,496,0,1148,1.113,1,COM7
2,284386,37,rpm,-248,458,36.8,36.8,3925,496,0,1148,1.113,1,COM7
2,284407,37,rpm,107,458,36.8,36.8,3925,496,0,1148,1.113,1,COM7
2,284428,37,rpm,609,458,36.8,36.8,3925,496,0,1148,1.114,1,COM7
2,284449,37,rpm,785,458,36.8,36.8,3925,496,0,1148,1.114,1,COM7
2,284469,37,rpm,759,458,36.8,36.8,3925,496,0,1148,1.114,1,COM7
2,284490,37,rpm,809,458,36.8,36.8,3925,496,0,1149,1.114,1,COM7
2,284511,37,rpm,766,458,36.8,36.8,3925,496,0,1149,1.114,1,COM7
2,284532,37,rpm,577,458,36.8,36.8,3925,496,0,1149,1.114,1,COM7
2,284553,37,rpm,575,458,36.8,36.8,3925,496,0,1149,1.115,1,COM7
2,284573,37,rpm,514,458,36.8,36.8,3925,496,0,1149,1.115,1,COM7
2,284594,37,rpm,331,458,36.8,36.8,3925,496,0,1149,1.115,1,COM7
2,284615,37,rpm,260,458,36.8,36.8,3925,496,0,1149,1.115,1,COM7
2,284636,37,rpm,-363,458,36.8,36.8,3925,496,0,1150,1.115,1,COM7
2,284656,37,rpm,43,458,36.8,36.8,3925,496,0,1150,1.115,1,COM7
2,284677,37,rpm,302,458,36.8,36.8,3925,496,0,1150,1.115,1,COM7
2,284698,37,rpm,730,458,36.8,36.8,3925,496,0,1150,1.116,1,COM7
2,284719,37,rpm,796,458,36.8,36.8,3925,496,0,1150,1.116,1,COM7
2,284739,37,rpm,928,458,36.8,36.8,3925,496,0,1150,1.116,1,COM7
2,284760,37,rpm,710,458,36.8,36.8,3925,496,0,1151,1.116,1,COM7
2,284781,37,rpm,593,458,36.8,36.8,3925,496,0,1151,1.116,1,COM7
2,284802,37,rpm,666,458,36.8,36.8,3925,496,0,1151,1.116,1,COM7
2,284822,37,rpm,531,458,36.8,36.8,3925,496,0,1151,1.117,1,COM7
2,284843,37,rpm,366,458,36.8,36.8,3925,496,0,1151,1.117,1,COM7
2,284864,37,rpm,325,458,36.8,36.8,3925,496,0,1151,1.117,1,COM7
2,284885,37,rpm,-200,458,36.8,36.8,3925,496,0,1152,1.117,1,COM7
2,284905,37,rpm,-119,458,36.8,36.8,3925,496,0,1152,1.117,1,COM7
2,284926,37,rpm,184,458,36.8,36.8,3925,496,0,1152,1.117,1,COM7
2,284947,37,rpm,702,458,36.8,36.8,3925,496,0,1152,1.117,1,COM7
2,284968,37,rpm,669,458,36.8,36.8,3925,496,0,1152,1.118,1,COM7
2,284988,37,rpm,878,458,36.8,36.8,3925,496,0,1152,1.118,1,COM7
2,285009,37,rpm,844,458,36.8,36.8,3925,496,0,1152,1.118,1,COM7
2,285030,37,rpm,668,458,36.8,36.8,3925,496,0,1153,1.118,1,COM7
2,285050,37,rpm,562,458,36.8,36.8,3925,496,0,1153,1.118,1,COM7
2,285071,37,rpm,560,458,36.8,36.8,3925,496,0,1153,1.118,1,COM7
2,285092,37,rpm,495,458,36.8,36.8,3925,496,0,1153,1.119,1,COM7
2,285113,37,rpm,287,458,36.8,36.8,3925,496,0,1153,1.119,1,COM7
2,285134,37,rpm,152,458,36.8,36.8,3925,496,0,1153,1.119,1,COM7
2,285154,37,rpm,-361,458,36.8,36.8,3925,496,0,1154,1.119,1,COM7
2,285175,37,rpm,91,458,36.8,36.8,3925,496,0,1154,1.119,1,COM7
2,285196,37,rpm,452,458,36.8,36.8,3925,496,0,1154,1.119,1,COM7
2,285216,37,rpm,831,458,36.8,36.8,3925,496,0,1154,1.119,1,COM7
2,285237,37,rpm,812,458,36.8,36.8,3925,496,0,1154,1.12,1,COM7
2,285258,37,rpm,781,458,36.8,36.8,3925,496,0,1154,1.12,1,COM7
2,285279,37,rpm,748,458,36.8,36.8,3925,496,0,1155,1.12,1,COM7
2,285299,37,rpm,596,458,36.8,36.8,3925,496,0,1155,1.12,1,COM7
2,285320,37,rpm,589,458,36.8,36.8,3925,496,0,1155,1.12,1,COM7
2,285341,37,rpm,494,458,36.8,36.8,3925,496,0,1155,1.12,1,COM7
2,285362,37,rpm,344,458,36.8,36.8,3925,496,0,1155,1.121,1,COM7
2,285382,37,rpm,256,458,36.8,36.8,3925,496,0,1155,1.121,1,COM7
2,285403,37,rpm,-385,458,36.8,36.8,3925,496,0,1155,1.121,1,COM7
2,285424,37,rpm,56,458,36.8,36.8,3925,496,0,1156,1.121,1,COM7
2,285445,37,rpm,396,458,36.8,36.8,3925,496,0,1156,1.121,1,COM7
2,285466,37,rpm,697,458,36.8,36.8,3925,496,0,1156,1.121,1,COM7
2,285486,37,rpm,831,458,36.8,36.8,3925,496,0,1156,1.121,1,COM7
2,285507,37,rpm,895,458,36.8,36.8,3925,496,0,1156,1.122,1,COM7
2,285528,37,rpm,754,458,36.8,36.8,3925,496,0,1156,1.122,1,COM7
2,285549,37,rpm,590,458,36.8,36.8,3925,496,0,1157,1.122,1,COM7
2,285569,37,rpm,623,458,36.8,36.8,3925,496,0,1157,1.122,1,COM7
2,285590,37,rpm,514,458,36.8,36.8,3925,496,0,1157,1.122,1,COM7
2,285611,37,rpm,345,458,36.8,36.8,3925,496,0,1157,1.122,1,COM7
2,285632,37,rpm,244,458,36.8,36.8,3925,496,0,1157,1.123,1,COM7
2,285652,37,rpm,-377,458,36.8,36.8,3925,496,0,1157,1.123,1,COM7
2,285673,37,rpm,41,458,36.8,36.8,3925,496,0,1158,1.123,1,COM7
2,285694,37,rpm,335,458,36.8,36.8,3925,496,0,1158,1.123,1,COM7
2,285715,37,rpm,681,458,36.8,36.8,3925,496,0,1158,1.123,1,COM7
2,285735,37,rpm,889,458,36.8,36.8,3925,496,0,1158,1.123,1,COM7
2,285756,37,rpm,747,458,36.8,36.8,3925,496,0,1158,1.123,1,COM7
2,285777,37,rpm,723,458,36.8,36.8,3925,496,0,1158,1.124,1,COM7
2,285798,37,rpm,734,458,36.8,36.8,3925,496,0,1159,1.124,1,COM7
2,285818,37,rpm,562,458,36.8,36.8,3925,496,0,1159,1.124,1,COM7
2,285839,37,rpm,504,458,36.8,36.8,3925,496,0,1159,1.124,1,COM7
2,285860,37,rpm,426,458,36.8,36.8,3925,496,0,1159,1.124,1,COM7
2,285881,37,rpm,291,458,36.8,36.8,3925,496,0,1159,1.124,1,COM7
2,285901,37,rpm,-223,458,36.8,36.8,3925,496,0,1159,1.125,1,COM7
2,285922,37,rpm,-68,458,36.8,36.8,3925,496,0,1159,1.125,1,COM7
2,285943,37,rpm,196,458,36.8,36.8,3925,496,0,1160,1.125,1,COM7
2,285964,37,rpm,661,458,36.8,36.8,3925,496,0,1160,1.125,1,COM7
2,285984,37,rpm,741,458,36.8,36.8,3925,496,0,1160,1.125,1,COM7
2,286005,37,rpm,839,458,36.8,36.8,3925,496,0,1160,1.125,1,COM7
2,286026,37,rpm,808,458,36.8,36.8,3925,496,0,1160,1.125,1,COM7
2,286047,37,rpm,659,458,36.8,36.8,3925,496,0,1160,1.126,1,COM7
2,286067,37,rpm,548,458,36.8,36.8,3925,496,0,1161,1.126,1,COM7
2,286088,37,rpm,632,458,36.8,36.8,3925,496,0,1161,1.126,1,COM7
2,286109,37,rpm,446,458,36.8,36.8,3925,496,0,1161,1.126,1,COM7
2,286130,37,rpm,297,458,36.8,36.8,3925,496,0,1161,1.126,1,COM7
2,286150,37,rpm,156,458,36.8,36.8,3925,496,0,1161,1.126,1,COM7
2,286171,37,rpm,-333,458,36.8,36.8,3925,496,0,1161,1.127,1,COM7
2,286192,37,rpm,72,458,36.8,36.8,3925,496,0,1162,1.127,1,COM7
2,286212,37,rpm,489,458,36.8,36.8,3925,496,0,1162,1.127,1,COM7
2,286233,37,rpm,730,458,36.8,36.8,3925,496,0,1162,1.127,1,COM7
2,286254,37,rpm,796,458,36.8,36.8,3925,496,0,1162,1.127,1,COM7
2,286275,37,rpm,814,458,36.8,36.8,3925,496,0,1162,1.127,1,COM7
2,286295,37,rpm,759,458,36.8,36.8,3925,496,0,1162,1.127,1,COM7
2,286316,37,rpm,652,458,36.8,36.8,3925,496,0,1162,1.128,1,COM7
2,286337,37,rpm,496,458,36.8,36.8,3925,496,0,1163,1.128,1,COM7
2,286358,37,rpm,549,458,36.8,36.8,3925,496,0,1163,1.128,1,COM7
2,286378,37,rpm,396,458,36.8,36.8,3925,496,0,1163,1.128,1,COM7
2,286399,37,rpm,247,458,36.8,36.8,3925,496,0,1163,1.128,1,COM7
2,286420,37,rpm,-365,458,36.8,36.8,3925,496,0,1163,1.128,1,COM7
2,286441,37,rpm,30,458,36.8,36.8,3925,496,0,1163,1.129,1,COM7
2,286462,37,rpm,288,458,36.8,36.8,3925,496,0,1164,1.129,1,COM7
2,286482,37,rpm,650,458,36.8,36.8,3925,496,0,1164,1.129,1,COM7
2,286503,37,rpm,893,458,36.8,36.8,3925,496,0,1164,1.129,1,COM7
2,286524,37,rpm,810,458,36.8,36.8,3925,496,0,1164,1.129,1,COM7
2,286545,37,rpm,729,458,36.8,36.8,3925,496,0,1164,1.129,1,COM7
2,286565,37,rpm,675,458,36.8,36.8,3925,496,0,1164,1.129,1,COM7
2,286586,37,rpm,588,458,36.8,36.8,3925,496,0,1165,1.13,1,COM7
2,286607,37,rpm,570,458,36.8,36.8,3925,496,0,1165,1.13,1,COM7
2,286628,37,rpm,401,458,36.8,36.8,3925,496,0,1165,1.13,1,COM7
2,286648,37,rpm,283,458,36.8,36.8,3925,496,0,1165,1.13,1,COM7
2,286669,37,rpm,-73,458,36.8,36.8,3925,496,0,1165,1.13,1,COM7
2,286690,37,rpm,-187,458,36.8,36.8,3925,496,0,1165,1.13,1,COM7
2,286711,37,rpm,127,458,36.8,36.8,3925,496,0,1165,1.131,1,COM7
2,286732,37,rpm,664,458,36.8,36.8,3925,496,0,1166,1.131,1,COM7
2,286752,37,rpm,760,458,36.8,36.8,3925,496,0,1166,1.131,1,COM7
2,286773,37,rpm,775,458,36.8,36.8,3925,496,0,1166,1.131,1,COM7
2,286794,37,rpm,845,459,36.8,36.8,3925,496,0,1166,1.131,1,COM7
2,286815,37,rpm,726,459,36.8,36.8,3925,496,0,1166,1.131,1,COM7
2,286835,37,rpm,625,459,36.8,36.8,3925,496,0,1166,1.131,1,COM7
2,286856,37,rpm,519,459,36.8,36.8,3925,496,0,1167,1.132,1,COM7
2,286877,37,rpm,457,459,36.8,36.8,3925,496,0,1167,1.132,1,COM7
2,286898,37,rpm,356,459,36.8,36.8,3925,496,0,1167,1.132,1,COM7
2,286918,37,rpm,95,459,36.8,36.8,3925,496,0,1167,1.132,1,COM7
2,286939,37,rpm,-333,459,36.8,36.8,3925,496,0,1167,1.132,1,COM7
2,286960,37,rpm,98,459,36.8,36.8,3925,496,0,1167,1.132,1,COM7
2,286981,37,rpm,511,459,36.8,36.8,3925,496,0,1168,1.133,1,COM7
2,287001,37,rpm,672,459,36.8,36.8,3925,496,0,1168,1.133,1,COM7
2,287022,37,rpm,986,459,36.8,36.8,3925,496,0,1168,1.133,1,COM7
2,287043,37,rpm,770,459,36.8,36.8,3925,496,0,1168,1.133,1,COM7
2,287063,37,rpm,675,459,36.8,36.8,3925,496,0,1168,1.133,1,COM7
2,287084,37,rpm,698,459,36.8,36.8,3925,496,0,1168,1.133,1,COM7
2,287105,37,rpm,565,459,36.8,36.8,3925,496,0,1168,1.133,1,COM7
2,287126,37,rpm,443,459,36.8,36.8,3925,496,0,1169,1.134,1,COM7
2,287146,37,rpm,335,459,36.8,36.8,3925,496,0,1169,1.134,1,COM7
2,287167,37,rpm,169,459,36.8,36.8,3925,496,0,1169,1.134,1,COM7
2,287188,37,rpm,-380,459,36.8,36.8,3925,496,0,1169,1.134,1,COM7
2,287209,37,rpm,81,459,36.8,36.8,3925,496,0,1169,1.134,1,COM7
2,287229,37,rpm,460,459,36.8,36.8,3925,496,0,1169,1.134,1,COM7
2,287250,37,rpm,763,459,36.8,36.8,3925,496,0,1170,1.135,1,COM7
2,287271,37,rpm,849,459,36.8,36.8,3925,496,0,1170,1.135,1,COM7
2,287292,37,rpm,741,459,36.8,36.8,3925,496,0,1170,1.135,1,COM7
2,287313,37,rpm,799,459,36.8,36.8,3925,496,0,1170,1.135,1,COM7
2,287333,37,rpm,628,459,36.8,36.8,3925,496,0,1170,1.135,1,COM7
2,287354,37,rpm,528,459,36.8,36.8,3925,496,0,1170,1.135,1,COM7
2,287375,37,rpm,559,459,36.8,36.8,3925,496,0,1171,1.135,1,COM7
2,287396,37,rpm,376,459,36.8,36.8,3925,496,0,1171,1.136,1,COM7
2,287416,37,rpm,252,459,36.8,36.8,3925,496,0,1171,1.136,1,COM7
2,287437,37,rpm,-336,459,36.8,36.8,3925,496,0,1171,1.136,1,COM7
2,287458,37,rpm,24,459,36.8,36.8,3925,496,0,1171,1.136,1,COM7
2,287479,37,rpm,303,459,36.8,36.8,3925,496,0,1171,1.136,1,COM7
2,287499,37,rpm,672,459,36.8,36.8,3925,496,0,1172,1.136,1,COM7
2,287520,37,rpm,784,459,36.8,36.8,3925,496,0,1172,1.137,1,COM7
2,287541,37,rpm,940,459,36.8,36.8,3925,496,0,1172,1.137,1,COM7
2,287562,37,rpm,653,459,36.8,36.8,3925,496,0,1172,1.137,1,COM7
2,287582,37,rpm,659,459,36.8,36.8,3925,496,0,1172,1.137,1,COM7
2,287603,37,rpm,654,459,36.8,36.8,3925,496,0,1172,1.137,1,COM7
2,287624,37,rpm,484,459,36.8,36.8,3925,496,0,1172,1.137,1,COM7
2,287645,37,rpm,394,459,36.8,36.8,3925,496,0,1173,1.137,1,COM7
2,287665,37,rpm,351,459,36.8,36.8,3925,496,0,1173,1.138,1,COM7
2,287686,37,rpm,-55,459,36.8,36.8,3925,496,0,1173,1.138,1,COM7
2,287707,37,rpm,-205,459,36.8,36.8,3925,496,0,1173,1.138,1,COM7
2,287728,37,rpm,132,459,36.8,36.8,3925,496,0,1173,1.138,1,COM7
2,287748,37,rpm,598,459,36.8,36.8,3925,496,0,1173,1.138,1,COM7
2,287769,37,rpm,720,459,36.8,36.8,3925,496,0,1174,1.138,1,COM7
2,287790,37,rpm,884,459,36.8,36.8,3925,496,0,1174,1.139,1,COM7
2,287811,37,rpm,759,459,36.8,36.8,3925,496,0,1174,1.139,1,COM7
2,287831,37,rpm,727,459,36.8,36.8,3925,496,0,1174,1.139,1,COM7
2,287852,37,rpm,584,459,36.8,36.8,3925,496,0,1174,1.139,1,COM7
2,287873,37,rpm,589,459,36.8,36.8,3925,496,0,1174,1.139,1,COM7
2,287894,37,rpm,492,459,36.8,36.8,3925,496,0,1175,1.139,1,COM7
2,287914,37,rpm,333,459,36.8,36.8,3925,496,0,1175,1.139,1,COM7
2,287935,37,rpm,212,459,36.8,36.8,3925,496,0,1175,1.14,1,COM7
2,287956,37,rpm,-387,459,36.8,36.8,3925,496,0,1175,1.14,1,COM7
2,287977,37,rpm,76,459,36.8,36.8,3925,496,0,1175,1.14,1,COM7
2,287997,37,rpm,370,459,36.8,36.8,3925,496,0,1175,1.14,1,COM7
2,288018,37,rpm,765,459,36.8,36.8,3925,496,0,1175,1.14,1,COM7
2,288039,37,rpm,844,459,36.8,36.8,3925,496,0,1176,1.14,1,COM7
2,288059,37,rpm,788,459,36.8,36.8,3925,496,0,1176,1.141,1,COM7
2,288080,37,rpm,708,459,36.8,36.8,3925,496,0,1176,1.141,1,COM7
2,288101,37,rpm,662,459,36.8,36.8,3925,496,0,1176,1.141,1,COM7
2,288122,37,rpm,630,459,36.8,36.8,3925,496,0,1176,1.141,1,COM7
2,288143,37,rpm,459,459,36.8,36.8,3925,496,0,1176,1.141,1,COM7
2,288163,37,rpm,384,459,36.8,36.8,3925,496,0,1177,1.141,1,COM7
2,288184,37,rpm,296,459,36.8,36.8,3925,496,0,1177,1.141,1,COM7
2,288205,37,rpm,-328,459,36.8,36.8,3925,496,0,1177,1.142,1,COM7
2,288226,37,rpm,-22,459,36.8,36.8,3925,496,0,1177,1.142,1,COM7
2,288246,37,rpm,253,459,36.8,36.8,3925,496,0,1177,1.142,1,COM7
2,288267,37,rpm,658,459,36.8,36.8,3925,496,0,1177,1.142,1,COM7
2,288288,37,rpm,706,459,36.8,36.8,3925,496,0,1178,1.142,1,COM7
2,288309,37,rpm,996,459,36.8,36.8,3925,496,0,1178,1.142,1,COM7
2,288330,37,rpm,735,459,36.8,36.8,3925,496,0,1178,1.143,1,COM7
2,288350,37,rpm,618,459,36.8,36.8,3925,496,0,1178,1.143,1,COM7
2,288371,37,rpm,595,459,36.8,36.8,3925,496,0,1178,1.143,1,COM7
2,288392,37,rpm,561,459,36.8,36.8,3925,496,0,1178,1.143,1,COM7
2,288413,37,rpm,426,459,36.8,36.8,3925,496,0,1178,1.143,1,COM7
2,288433,37,rpm,300,459,36.8,36.8,3925,496,0,1179,1.143,1,COM7
2,288454,37,rpm,-90,459,36.8,36.8,3925,496,0,1179,1.143,1,COM7
2,288475,37,rpm,-197,459,36.8,36.8,3925,496,0,1179,1.144,1,COM7
2,288496,37,rpm,157,459,36.8,36.8,3925,496,0,1179,1.144,1,COM7
2,288516,37,rpm,594,459,36.8,36.8,3925,496,0,1179,1.144,1,COM7
2,288537,37,rpm,836,459,36.8,36.8,3925,496,0,1179,1.144,1,COM7
2,288558,37,rpm,913,459,36.8,36.8,3925,496,0,1180,1.144,1,COM7
2,288579,37,rpm,715,459,36.8,36.8,3925,496,0,1180,1.144,1,COM7
2,288600,37,rpm,753,459,36.8,36.8,3925,496,0,1180,1.145,1,COM7
2,288620,37,rpm,669,459,36.8,36.8,3925,496,0,1180,1.145,1,COM7
2,288641,37,rpm,523,459,36.8,36.8,3925,496,0,1180,1.145,1,COM7
2,288662,37,rpm,388,459,36.8,36.8,3925,496,0,1180,1.145,1,COM7
2,288683,37,rpm,345,459,36.8,36.8,3925,496,0,1181,1.145,1,COM7
2,288703,37,rpm,-49,459,36.8,36.8,3925,496,0,1181,1.145,1,COM7
2,288724,37,rpm,-209,459,36.8,36.8,3925,496,0,1181,1.145,1,COM7
2,288745,37,rpm,128,459,36.8,36.8,3925,496,0,1181,1.146,1,COM7
2,288766,37,rpm,684,459,36.8,36.8,3925,496,0,1181,1.146,1,COM7
2,288787,37,rpm,671,459,36.8,36.8,3925,496,0,1181,1.146,1,COM7
2,288807,37,rpm,861,459,36.8,36.8,3925,496,0,1182,1.146,1,COM7
2,288828,37,rpm,889,458,36.8,36.8,3925,496,0,1182,1.146,1,COM7
2,288849,37,rpm,640,458,36.8,36.8,3925,496,0,1182,1.146,1,COM7
2,288870,37,rpm,561,458,36.8,36.8,3925,496,0,1182,1.147,1,COM7
2,288890,37,rpm,642,458,36.8,36.8,3925,496,0,1182,1.147,1,COM7
2,288911,37,rpm,450,458,36.8,36.8,3925,496,0,1182,1.147,1,COM7
2,288932,37,rpm,319,458,36.8,36.8,3925,496,0,1182,1.147,1,COM7
2,288953,37,rpm,197,458,36.8,36.8,3925,496,0,1183,1.147,1,COM7
2,288974,37,rpm,-368,458,36.8,36.8,3925,496,0,1183,1.147,1,COM7
2,288994,37,rpm,63,458,36.8,36.8,3925,496,0,1183,1.147,1,COM7
2,289015,37,rpm,412,458,36.8,36.8,3925,496,0,1183,1.148,1,COM7
2,289036,37,rpm,719,458,36.8,36.8,3925,496,0,1183,1.148,1,COM7
2,289057,37,rpm,906,458,36.8,36.8,3925,496,0,1183,1.148,1,COM7
2,289077,37,rpm,815,458,36.8,36.8,3925,496,0,1184,1.148,1,COM7
2,289098,37,rpm,635,458,36.8,36.8,3925,496,0,1184,1.148,1,COM7
2,289119,37,rpm,718,458,36.8,36.8,3925,496,0,1184,1.148,1,COM7
2,289140,37,rpm,596,458,36.8,36.8,3925,496,0,1184,1.149,1,COM7
2,289160,37,rpm,458,458,36.8,36.8,3925,496,0,1184,1.149,1,COM7
2,289181,37,rpm,403,458,36.8,36.8,3925,496,0,1184,1.149,1,COM7
2,289202,37,rpm,300,458,36.8,36.8,3925,496,0,1185,1.149,1,COM7
2,289223,37,rpm,-320,458,36.8,36.8,3925,496,0,1185,1.149,1,COM7
2,289243,37,rpm,-4,458,36.8,36.8,3925,496,0,1185,1.149,1,COM7
2,289264,37,rpm,231,458,36.8,36.8,3925,496,0,1185,1.149,1,COM7
2,289285,37,rpm,657,458,36.8,36.8,3925,496,0,1185,1.15,1,COM7
2,289306,37,rpm,690,458,36.8,36.8,3925,496,0,1185,1.15,1,COM7
2,289326,37,rpm,928,458,36.8,36.8,3925,496,0,1185,1.15,1,COM7
2,289347,37,rpm,843,458,36.8,36.8,3925,496,0,1186,1.15,1,COM7
2,289368,37,rpm,580,458,36.8,36.8,3925,496,0,1186,1.15,1,COM7
2,289389,37,rpm,600,458,36.8,36.8,3925,496,0,1186,1.15,1,COM7
2,289409,37,rpm,625,458,36.8,36.8,3925,496,0,1186,1.151,1,COM7
2,289430,37,rpm,378,458,36.8,36.8,3925,496,0,1186,1.151,1,COM7
2,289451,37,rpm,324,458,36.8,36.8,3925,496,0,1186,1.151,1,COM7
2,289472,37,rpm,-18,458,36.8,36.8,3925,496,0,1187,1.151,1,COM7
2,289492,37,rpm,-244,458,36.8,36.8,3925,496,0,1187,1.151,1,COM7
2,289513,37,rpm,102,458,36.8,36.8,3925,496,0,1187,1.151,1,COM7
2,289534,37,rpm,623,458,36.8,36.8,3925,496,0,1187,1.151,1,COM7
2,289555,37,rpm,696,458,36.8,36.8,3925,496,0,1187,1.152,1,COM7
2,289575,37,rpm,835,458,36.8,36.8,3925,496,0,1187,1.152,1,COM7
2,289596,37,rpm,855,458,36.8,36.8,3925,496,0,1188,1.152,1,COM7
2,289617,37,rpm,656,458,36.8,36.8,3925,496,0,1188,1.152,1,COM7
2,289638,37,rpm,680,458,36.8,36.8,3925,496,0,1188,1.152,1,COM7
2,289658,37,rpm,560,458,36.8,36.8,3925,496,0,1188,1.152,1,COM7
2,289679,37,rpm,470,458,36.8,36.8,3925,496,0,1188,1.153,1,COM7
2,289700,37,rpm,356,458,36.8,36.8,3925,496,0,1188,1.153,1,COM7
2,289721,37,rpm,227,458,36.8,36.8,3925,496,0,1188,1.153,1,COM7
2,289741,37,rpm,-405,458,36.8,36.8,3925,496,0,1189,1.153,1,COM7
2,289762,37,rpm,58,458,36.8,36.8,3925,496,0,1189,1.153,1,COM7
2,289783,37,rpm,405,458,36.8,36.8,3925,496,0,1189,1.153,1,COM7
2,289804,37,rpm,637,458,36.8,36.8,3925,496,0,1189,1.153,1,COM7
2,289824,37,rpm,861,458,36.8,36.8,3925,496,0,1189,1.154,1,COM7
2,289845,37,rpm,899,458,36.8,36.8,3925,496,0,1189,1.154,1,COM7
2,289866,37,rpm,708,458,36.8,36.8,3925,496,0,1190,1.154,1,COM7
2,289887,37,rpm,564,458,36.8,36.8,3925,496,0,1190,1.154,1,COM7
2,289907,37,rpm,656,458,36.8,36.8,3925,496,0,1190,1.154,1,COM7
2,289928,37,rpm,550,458,36.8,36.8,3925,496,0,1190,1.154,1,COM7
2,289949,37,rpm,356,458,36.8,36.8,3925,496,0,1190,1.155,1,COM7
2,289970,37,rpm,289,458,36.8,36.8,3925,496,0,1190,1.155,1,COM7
2,289990,37,rpm,-330,458,36.8,36.8,3925,496,0,1191,1.155,1,COM7
2,290011,37,rpm,5,458,36.8,36.8,3925,496,0,1191,1.155,1,COM7
2,290032,37,rpm,242,458,36.8,36.8,3925,496,0,1191,1.155,1,COM7
2,290053,37,rpm,747,458,36.8,36.8,3925,496,0,1191,1.155,1,COM7
2,290074,37,rpm,785,458,36.8,36.8,3925,496,0,1191,1.155,1,COM7
2,290094,37,rpm,800,458,36.8,36.8,3925,496,0,1191,1.156,1,COM7
2,290115,37,rpm,838,458,36.8,36.8,3925,496,0,1191,1.156,1,COM7
2,290136,37,rpm,645,458,36.8,36.8,3925,496,0,1192,1.156,1,COM7
2,290157,37,rpm,608,458,36.8,36.8,3925,496,0,1192,1.156,1,COM7
2,290177,37,rpm,514,458,36.8,36.8,3925,496,0,1192,1.156,1,COM7
2,290198,37,rpm,371,458,36.8,36.8,3925,496,0,1192,1.156,1,COM7
2,290219,37,rpm,277,458,36.8,36.8,3925,496,0,1192,1.157,1,COM7
2,290240,37,rpm,-275,458,36.8,36.8,3925,496,0,1192,1.157,1,COM7
2,290260,37,rpm,-8,458,36.8,36.8,3925,496,0,1193,1.157,1,COM7
2,290281,37,rpm,249,458,36.8,36.8,3925,496,0,1193,1.157,1,COM7
2,290302,37,rpm,702,458,36.8,36.8,3925,496,0,1193,1.157,1,COM7
2,290323,37,rpm,660,458,36.8,36.8,3925,496,0,1193,1.157,1,COM7
2,290343,37,rpm,961,458,36.8,36.8,3925,496,0,1193,1.157,1,COM7
2,290364,37,rpm,778,458,36.8,36.8,3925,496,0,1193,1.158,1,COM7
2,290385,37,rpm,567,458,36.8,36.8,3925,496,0,1194,1.158,1,COM7
2,290406,37,rpm,681,458,36.8,36.8,3925,496,0,1194,1.158,1,COM7
2,290426,37,rpm,595,458,36.8,36.8,3925,496,0,1194,1.158,1,COM7
2,290447,37,rpm,407,458,36.8,36.8,3925,496,0,1194,1.158,1,COM7
2,290468,37,rpm,289,458,36.8,36.8,3925,496,0,1194,1.158,1,COM7
2,290489,37,rpm,-36,458,36.8,36.8,3925,496,0,1194,1.159,1,COM7
2,290509,37,rpm,-228,458,36.8,36.8,3925,496,0,1195,1.159,1,COM7
2,290530,37,rpm,109,458,36.8,36.8,3925,496,0,1195,1.159,1,COM7
2,290551,37,rpm,603,458,36.8,36.8,3925,496,0,1195,1.159,1,COM7
2,290572,37,rpm,815,458,36.8,36.8,3925,496,0,1195,1.159,1,COM7
2,290593,37,rpm,718,458,36.8,36.8,3925,496,0,1195,1.159,1,COM7
2,290613,37,rpm,838,458,36.8,36.8,3925,496,0,1195,1.159,1,COM7
2,290634,37,rpm,780,458,36.8,36.8,3925,496,0,1195,1.16,1,COM7
2,290655,37,rpm,570,458,36.8,36.8,3925,496,0,1196,1.16,1,COM7
2,290676,37,rpm,554,458,36.8,36.8,3925,496,0,1196,1.16,1,COM7
2,290697,37,rpm,509,458,36.8,36.8,3925,496,0,1196,1.16,1,COM7
2,290717,37,rpm,337,458,36.8,36.8,3925,496,0,1196,1.16,1,COM7
2,290738,37,rpm,241,458,36.8,36.8,3925,496,0,1196,1.16,1,COM7
2,290759,37,rpm,-370,458,36.8,36.8,3925,496,0,1196,1.161,1,COM7
2,290780,37,rpm,48,458,36.8,36.8,3925,496,0,1197,1.161,1,COM7
2,290800,37,rpm,333,458,36.8,36.8,3925,496,0,1197,1.161,1,COM7
2,290821,37,rpm,729,458,36.8,36.8,3925,496,0,1197,1.161,1,COM7
2,290842,37,rpm,748,458,36.8,36.8,3925,496,0,1197,1.161,1,COM7
2,290863,37,rpm,942,458,36.8,36.8,3925,496,0,1197,1.161,1,COM7
2,290883,37,rpm,726,458,36.8,36.8,3925,496,0,1197,1.161,1,COM7
2,290904,37,rpm,627,458,36.8,36.8,3925,496,0,1198,1.162,1,COM7
2,290925,37,rpm,627,458,36.8,36.8,3925,496,0,1198,1.162,1,COM7
2,290946,37,rpm,518,458,36.8,36.8,3925,496,0,1198,1.162,1,COM7
2,290966,37,rpm,351,458,36.8,36.8,3925,496,0,1198,1.162,1,COM7
2,290987,37,rpm,333,458,36.8,36.8,3925,496,0,1198,1.162,1,COM7
2,291008,37,rpm,-235,458,36.8,36.8,3925,496,0,1198,1.162,1,COM7
2,291029,37,rpm,-73,458,36.8,36.8,3925,496,0,1198,1.163,1,COM7
2,291049,37,rpm,199,458,36.8,36.8,3925,496,0,1199,1.163,1,COM7
2,291070,37,rpm,702,458,36.8,36.8,3925,496,0,1199,1.163,1,COM7
2,291091,37,rpm,731,458,36.8,36.8,3925,496,0,1199,1.163,1,COM7
2,291112,37,rpm,822,458,36.8,36.8,3925,496,0,1199,1.163,1,COM7
2,291132,37,rpm,845,458,36.8,36.8,3925,496,0,1199,1.163,1,COM7
2,291153,37,rpm,704,458,36.8,36.8,3925,496,0,1199,1.163,1,COM7
2,291174,37,rpm,553,458,36.8,36.8,3925,496,0,1200,1.164,1,COM7
2,291195,37,rpm,530,458,36.8,36.8,3925,496,0,1200,1.164,1,COM7
2,291215,37,rpm,497,458,36.8,36.8,3925,496,0,1200,1.164,1,COM7
2,291236,37,rpm,292,458,36.8,36.8,3925,496,0,1200,1.164,1,COM7
2,291257,37,rpm,103,458,36.8,36.8,3925,496,0,1200,1.164,1,COM7
2,291278,37,rpm,-336,458,36.8,36.8,3925,496,0,1200,1.164,1,COM7
2,291298,37,rpm,100,458,36.8,36.8,3925,496,0,1201,1.165,1,COM7
2,291319,37,rpm,483,458,36.8,36.8,3925,496,0,1201,1.165,1,COM7
2,291340,37,rpm,797,458,36.8,36.8,3925,496,0,1201,1.165,1,COM7
2,291361,37,rpm,828,458,36.8,36.8,3925,496,0,1201,1.165,1,COM7
2,291381,37,rpm,822,458,36.8,36.8,3925,496,0,1201,1.165,1,COM7
2,291402,37,rpm,703,458,36.8,36.8,3925,496,0,1201,1.165,1,COM7
2,291423,37,rpm,597,458,36.8,36.8,3925,496,0,1201,1.165,1,COM7
2,291444,37,rpm,621,458,36.8,36.8,3925,496,0,1202,1.166,1,COM7
2,291464,37,rpm,477,458,36.8,36.8,3925,496,0,1202,1.166,1,COM7
2,291485,37,rpm,328,458,36.8,36.8,3925,496,0,1202,1.166,1,COM7
2,291506,37,rpm,246,458,36.8,36.8,3925,496,0,1202,1.166,1,COM7
2,291527,37,rpm,-402,458,36.8,36.8,3925,496,0,1202,1.166,1,COM7
2,291547,37,rpm,52,458,36.8,36.8,3925,496,0,1202,1.166,1,COM7
2,291568,37,rpm,397,458,36.8,36.8,3925,496,0,1203,1.167,1,COM7
2,291589,37,rpm,754,458,36.8,36.8,3925,496,0,1203,1.167,1,COM7
2,291610,37,rpm,795,458,36.8,36.8,3925,496,0,1203,1.167,1,COM7
2,291631,37,rpm,839,458,36.8,36.8,3925,496,0,1203,1.167,1,COM7
2,291651,37,rpm,762,458,36.8,36.8,3925,496,0,1203,1.167,1,COM7
2,291672,37,rpm,657,458,36.8,36.8,3925,496,0,1203,1.167,1,COM7
2,291693,37,rpm,524,458,36.8,36.8,3925,496,0,1204,1.167,1,COM7
2,291714,37,rpm,542,458,36.8,36.8,3925,496,0,1204,1.168,1,COM7
2,291734,37,rpm,362,458,36.8,36.8,3925,496,0,1204,1.168,1,COM7
2,291755,37,rpm,214,458,36.8,36.8,3925,496,0,1204,1.168,1,COM7
2,291776,37,rpm,-387,458,36.8,36.8,3925,496,0,1204,1.168,1,COM7
2,291797,37,rpm,57,458,36.8,36.8,3925,496,0,1204,1.168,1,COM7
2,291818,37,rpm,333,458,36.8,36.8,3925,496,0,1204,1.168,1,COM7
2,291838,37,rpm,691,458,36.8,36.8,3925,496,0,1205,1.169,1,COM7
2,291859,37,rpm,945,458,36.8,36.8,3925,496,0,1205,1.169,1,COM7
2,291880,37,rpm,786,458,36.8,36.8,3925,496,0,1205,1.169,1,COM7
2,291901,37,rpm,653,458,36.8,36.8,3925,496,0,1205,1.169,1,COM7
2,291921,37,rpm,711,458,36.8,36.8,3925,496,0,1205,1.169,1,COM7
2,291942,37,rpm,569,458,36.8,36.8,3925,496,0,1205,1.169,1,COM7
2,291963,37,rpm,530,458,36.8,36.8,3925,496,0,1206,1.169,1,COM7
2,291984,37,rpm,380,458,36.8,36.8,3925,496,0,1206,1.17,1,COM7
2,292004,37,rpm,297,458,36.8,36.8,3925,496,0,1206,1.17,1,COM7
2,292025,37,rpm,-247,458,36.8,36.8,3925,496,0,1206,1.17,1,COM7
2,292046,37,rpm,-39,458,36.8,36.8,3925,496,0,1206,1.17,1,COM7
2,292067,37,rpm,204,458,36.8,36.8,3925,496,0,1206,1.17,1,COM7
2,292087,37,rpm,696,458,36.8,36.8,3925,496,0,1207,1.17,1,COM7
2,292108,37,rpm,774,458,36.8,36.8,3925,496,0,1207,1.171,1,COM7
2,292129,37,rpm,746,458,36.8,36.8,3925,496,0,1207,1.171,1,COM7
2,292150,37,rpm,867,458,36.8,36.8,3925,496,0,1207,1.171,1,COM7
2,292171,37,rpm,678,458,36.8,36.8,3925,496,0,1207,1.171,1,COM7
2,292191,37,rpm,550,458,36.8,36.8,3925,496,0,1207,1.171,1,COM7
2,292212,37,rpm,601,458,36.8,36.8,3925,496,0,1208,1.171,1,COM7
2,292233,37,rpm,461,458,36.8,36.8,3925,496,0,1208,1.171,1,COM7
2,292254,37,rpm,311,458,36.8,36.8,3925,496,0,1208,1.172,1,COM7
2,292274,37,rpm,73,458,36.8,36.8,3925,496,0,1208,1.172,1,COM7
2,292295,37,rpm,-294,458,36.8,36.8,3925,496,0,1208,1.172,1,COM7
2,292316,37,rpm,101,458,36.8,36.8,3925,496,0,1208,1.172,1,COM7
2,292337,37,rpm,496,458,36.8,36.8,3925,496,0,1208,1.172,1,COM7
2,292357,37,rpm,721,458,36.8,36.8,3925,496,0,1209,1.172,1,COM7
2,292378,37,rpm,946,458,36.8,36.8,3925,496,0,1209,1.173,1,COM7
2,292399,37,rpm,736,458,36.8,36.8,3925,496,0,1209,1.173,1,COM7
2,292420,37,rpm,666,458,36.8,36.8,3925,496,0,1209,1.173,1,COM7
2,292440,37,rpm,708,458,36.8,36.8,3925,496,0,1209,1.173,1,COM7
2,292461,37,rpm,536,458,36.8,36.8,3925,496,0,1209,1.173,1,COM7
2,292482,37,rpm,480,458,36.8,36.8,3925,496,0,1210,1.173,1,COM7
2,292503,37,rpm,404,458,36.8,36.8,3925,496,0,1210,1.173,1,COM7
2,292523,37,rpm,241,458,36.8,36.8,3925,496,0,1210,1.174,1,COM7
2,292544,37,rpm,-384,458,36.8,36.8,3925,496,0,1210,1.174,1,COM7
2,292565,37,rpm,46,458,36.8,36.8,3925,496,0,1210,1.174,1,COM7
2,292586,37,rpm,336,458,36.8,36.8,3925,496,0,1210,1.174,1,COM7
2,292607,37,rpm,728,458,36.8,36.8,3925,496,0,1211,1.174,1,COM7
2,292627,37,rpm,813,458,36.8,36.8,3925,496,0,1211,1.174,1,COM7
2,292648,37,rpm,789,458,36.8,36.8,3925,496,0,1211,1.175,1,COM7
2,292669,37,rpm,827,458,36.8,36.8,3925,496,0,1211,1.175,1,COM7
2,292690,37,rpm,603,458,36.8,36.8,3925,496,0,1211,1.175,1,COM7
2,292710,37,rpm,589,458,36.8,36.8,3925,496,0,1211,1.175,1,COM7
2,292731,37,rpm,593,458,36.8,36.8,3925,496,0,1211,1.175,1,COM7
2,292752,37,rpm,395,458,36.8,36.8,3925,496,0,1212,1.175,1,COM7
2,292773,37,rpm,278,458,36.8,36.8,3925,496,0,1212,1.175,1,COM7
2,292793,37,rpm,-158,458,36.8,36.8,3925,496,0,1212,1.176,1,COM7
2,292814,37,rpm,-137,458,36.8,36.8,3925,496,0,1212,1.176,1,COM7
2,292835,37,rpm,142,458,36.8,36.8,3925,496,0,1212,1.176,1,COM7
2,292856,37,rpm,627,458,36.8,36.8,3925,496,0,1212,1.176,1,COM7
2,292876,37,rpm,797,458,36.8,36.8,3925,496,0,1213,1.176,1,COM7
2,292897,37,rpm,906,458,36.8,36.8,3925,496,0,1213,1.176,1,COM7
2,292918,37,rpm,672,458,36.8,36.8,3925,496,0,1213,1.177,1,COM7
2,292939,37,rpm,708,458,36.8,36.8,3925,496,0,1213,1.177,1,COM7
2,292959,37,rpm,684,458,36.8,36.8,3925,496,0,1213,1.177,1,COM7
2,292980,37,rpm,500,458,36.8,36.8,3925,496,0,1213,1.177,1,COM7
2,293001,37,rpm,437,458,36.8,36.8,3925,496,0,1214,1.177,1,COM7
2,293022,37,rpm,354,458,36.8,36.8,3925,496,0,1214,1.177,1,COM7
2,293042,37,rpm,33,458,36.8,36.8,3925,496,0,1214,1.177,1,COM7
2,293063,37,rpm,-299,458,36.8,36.8,3925,496,0,1214,1.178,1,COM7
2,293084,37,rpm,118,458,36.8,36.8,3925,496,0,1214,1.178,1,COM7
2,293105,37,rpm,572,458,36.8,36.8,3925,496,0,1214,1.178,1,COM7
2,293125,37,rpm,684,458,36.8,36.8,3925,496,0,1214,1.178,1,COM7
2,293146,37,rpm,928,458,36.8,36.8,3925,496,0,1215,1.178,1,COM7
2,293167,37,rpm,824,458,36.8,36.8,3925,496,0,1215,1.178,1,COM7
2,293188,37,rpm,696,458,36.8,36.8,3925,496,0,1215,1.179,1,COM7
2,293208,37,rpm,588,458,36.8,36.8,3925,496,0,1215,1.179,1,COM7
2,293229,37,rpm,591,458,36.8,36.8,3925,496,0,1215,1.179,1,COM7
2,293250,37,rpm,476,458,36.8,36.8,3925,496,0,1215,1.179,1,COM7
2,293271,37,rpm,297,458,36.8,36.8,3925,496,0,1216,1.179,1,COM7
2,293292,37,rpm,104,458,36.8,36.8,3925,496,0,1216,1.179,1,COM7
2,293312,37,rpm,-323,458,36.8,36.8,3925,496,0,1216,1.179,1,COM7
2,293333,37,rpm,101,458,36.8,36.8,3925,496,0,1216,1.18,1,COM7
2,293354,37,rpm,499,458,36.8,36.8,3925,496,0,1216,1.18,1,COM7
2,293375,37,rpm,756,458,36.8,36.8,3925,496,0,1216,1.18,1,COM7
2,293395,37,rpm,881,458,36.8,36.8,3925,496,0,1217,1.18,1,COM7
2,293416,37,rpm,699,458,36.8,36.8,3925,496,0,1217,1.18,1,COM7
2,293437,37,rpm,742,458,36.8,36.8,3925,496,0,1217,1.18,1,COM7
2,293458,37,rpm,649,458,36.8,36.8,3925,496,0,1217,1.181,1,COM7
2,293478,37,rpm,585,458,36.8,36.8,3925,496,0,1217,1.181,1,COM7
2,293499,37,rpm,437,458,36.8,36.8,3925,496,0,1217,1.181,1,COM7
2,293520,37,rpm,399,458,36.8,36.8,3925,496,0,1218,1.181,1,COM7
2,293541,37,rpm,249,458,36.8,36.8,3925,496,0,1218,1.181,1,COM7
2,293561,37,rpm,-356,458,36.8,36.8,3925,496,0,1218,1.181,1,COM7
2,293582,37,rpm,31,458,36.8,36.8,3925,496,0,1218,1.181,1,COM7
2,293603,37,rpm,348,458,36.8,36.8,3925,496,0,1218,1.182,1,COM7
2,293624,37,rpm,667,458,36.8,36.8,3925,496,0,1218,1.182,1,COM7
2,293644,37,rpm,769,458,36.8,36.8,3925,496,0,1218,1.182,1,COM7
2,293665,37,rpm,936,458,36.8,36.8,3925,496,0,1219,1.182,1,COM7
2,293686,37,rpm,703,458,36.8,36.8,3925,496,0,1219,1.182,1,COM7
2,293707,37,rpm,601,458,36.8,36.8,3925,496,0,1219,1.182,1,COM7
2,293727,37,rpm,651,458,36.8,36.8,3925,496,0,1219,1.183,1,COM7
2,293748,37,rpm,528,458,36.8,36.8,3925,496,0,1219,1.183,1,COM7
2,293769,37,rpm,376,458,36.8,36.8,3925,496,0,1219,1.183,1,COM7
2,293790,37,rpm,318,458,36.8,36.8,3925,496,0,1220,1.183,1,COM7
2,293810,37,rpm,-114,458,36.8,36.8,3925,496,0,1220,1.183,1,COM7
2,293831,37,rpm,-157,458,36.8,36.8,3925,496,0,1220,1.183,1,COM7
2,293852,37,rpm,156,458,36.8,36.8,3925,496,0,1220,1.183,1,COM7
2,293873,37,rpm,624,458,36.8,36.8,3925,496,0,1220,1.184,1,COM7
2,293893,37,rpm,786,458,36.8,36.8,3925,496,0,1220,1.184,1,COM7
2,293914,37,rpm,806,458,36.8,36.8,3925,496,0,1221,1.184,1,COM7
2,293935,37,rpm,759,458,36.8,36.8,3925,496,0,1221,1.184,1,COM7
2,293956,37,rpm,758,458,36.8,36.8,3925,496,0,1221,1.184,1,COM7
2,293976,37,rpm,616,458,36.8,36.8,3925,496,0,1221,1.184,1,COM7
2,293997,37,rpm,504,458,36.8,36.8,3925,496,0,1221,1.185,1,COM7
2,294018,37,rpm,512,458,36.8,36.8,3925,496,0,1221,1.185,1,COM7
2,294039,37,rpm,349,458,36.8,36.8,3925,496,0,1221,1.185,1,COM7
2,294059,37,rpm,158,458,36.8,36.8,3925,496,0,1222,1.185,1,COM7
2,294080,37,rpm,-372,458,36.8,36.8,3925,496,0,1222,1.185,1,COM7
2,294101,37,rpm,86,458,36.8,36.8,3925,496,0,1222,1.185,1,COM7
2,294122,37,rpm,476,458,36.8,36.8,3925,496,0,1222,1.185,1,COM7
2,294142,37,rpm,689,458,36.8,36.8,3925,496,0,1222,1.186,1,COM7
2,294163,37,rpm,867,458,36.8,36.8,3925,496,0,1222,1.186,1,COM7
2,294184,37,rpm,907,458,36.8,36.8,3925,496,0,1223,1.186,1,COM7
2,294205,37,rpm,616,458,36.8,36.8,3925,496,0,1223,1.186,1,COM7
2,294225,37,rpm,628,458,36.8,36.8,3925,496,0,1223,1.186,1,COM7
2,294246,37,rpm,663,458,36.8,36.8,3925,496,0,1223,1.186,1,COM7
2,294267,37,rpm,460,458,36.8,36.8,3925,496,0,1223,1.187,1,COM7
2,294288,37,rpm,366,458,36.8,36.8,3925,496,0,1223,1.187,1,COM7
2,294308,37,rpm,298,458,36.8,36.8,3925,496,0,1224,1.187,1,COM7
2,294329,37,rpm,-348,458,36.8,36.8,3925,496,0,1224,1.187,1,COM7
2,294350,37,rpm,11,458,36.8,36.8,3925,496,0,1224,1.187,1,COM7
2,294371,37,rpm,274,458,36.8,36.8,3925,496,0,1224,1.187,1,COM7
2,294391,37,rpm,677,458,36.8,36.8,3925,496,0,1224,1.187,1,COM7
2,294412,37,rpm,785,458,36.8,36.8,3925,496,0,1224,1.188,1,COM7
2,294433,37,rpm,911,458,36.8,36.8,3925,496,0,1224,1.188,1,COM7
2,294454,37,rpm,696,458,36.8,36.8,3925,496,0,1225,1.188,1,COM7
2,294474,37,rpm,686,458,36.8,36.8,3925,496,0,1225,1.188,1,COM7
2,294495,37,rpm,599,458,36.8,36.8,3925,496,0,1225,1.188,1,COM7
2,294516,37,rpm,510,458,36.8,36.8,3925,496,0,1225,1.188,1,COM7
2,294537,37,rpm,431,458,36.8,36.8,3925,496,0,1225,1.189,1,COM7
2,294558,37,rpm,315,458,36.8,36.8,3925,496,0,1225,1.189,1,COM7
2,294578,37,rpm,-162,458,36.8,36.8,3925,496,0,1226,1.189,1,COM7
2,294599,37,rpm,-123,458,36.8,36.8,3925,496,0,1226,1.189,1,COM7
2,294620,37,rpm,181,458,36.8,36.8,3925,496,0,1226,1.189,1,COM7
2,294641,37,rpm,605,458,36.8,36.8,3925,496,0,1226,1.189,1,COM7
2,294661,37,rpm,794,458,36.8,36.8,3925,496,0,1226,1.189,1,COM7
2,294682,37,rpm,907,458,36.8,36.8,3925,496,0,1226,1.19,1,COM7
2,294703,37,rpm,797,458,36.8,36.8,3925,496,0,1227,1.19,1,COM7
2,294724,37,rpm,625,458,36.8,36.8,3925,496,0,1227,1.19,1,COM7
2,294744,37,rpm,683,458,36.8,36.8,3925,496,0,1227,1.19,1,COM7
2,294765,37,rpm,567,458,36.8,36.8,3925,496,0,1227,1.19,1,COM7
2,294786,37,rpm,365,458,36.8,36.8,3925,496,0,1227,1.19,1,COM7
2,294807,37,rpm,292,458,36.8,36.8,3925,496,0,1227,1.191,1,COM7
2,294827,37,rpm,-100,458,36.8,36.8,3925,496,0,1227,1.191,1,COM7
2,294848,37,rpm,-144,458,36.8,36.8,3925,496,0,1228,1.191,1,COM7
2,294869,37,rpm,132,458,36.8,36.8,3925,496,0,1228,1.191,1,COM7
2,294890,37,rpm,717,458,36.8,36.8,3925,496,0,1228,1.191,1,COM7
2,294910,37,rpm,694,458,36.8,36.8,3925,496,0,1228,1.191,1,COM7
2,294931,37,rpm,813,458,36.8,36.8,3925,496,0,1228,1.191,1,COM7
2,294952,37,rpm,876,458,36.8,36.8,3925,496,0,1228,1.192,1,COM7
2,294973,37,rpm,658,458,36.8,36.8,3925,496,0,1229,1.192,1,COM7
2,294993,37,rpm,598,458,36.8,36.8,3925,496,0,1229,1.192,1,COM7
2,295014,37,rpm,566,458,36.8,36.8,3925,496,0,1229,1.192,1,COM7
2,295035,37,rpm,489,458,36.8,36.8,3925,496,0,1229,1.192,1,COM7
2,295056,37,rpm,328,458,36.8,36.8,3925,496,0,1229,1.192,1,COM7
2,295076,37,rpm,111,458,36.8,36.8,3925,496,0,1229,1.193,1,COM7
2,295097,37,rpm,-309,458,36.8,36.8,3925,496,0,1230,1.193,1,COM7
2,295118,37,rpm,87,458,36.8,36.8,3925,496,0,1230,1.193,1,COM7
2,295139,37,rpm,527,458,36.8,36.8,3925,496,0,1230,1.193,1,COM7
2,295159,37,rpm,631,458,36.8,36.8,3925,496,0,1230,1.193,1,COM7
2,295180,37,rpm,909,458,36.8,36.8,3925,496,0,1230,1.193,1,COM7
2,295201,37,rpm,826,458,36.8,36.8,3925,496,0,1230,1.193,1,COM7
2,295222,37,rpm,631,458,36.8,36.8,3925,496,0,1231,1.194,1,COM7
2,295243,37,rpm,670,458,36.8,36.8,3925,496,0,1231,1.194,1,COM7
2,295263,37,rpm,609,458,36.8,36.8,3925,496,0,1231,1.194,1,COM7
2,295284,37,rpm,485,458,36.8,36.8,3925,496,0,1231,1.194,1,COM7
2,295305,37,rpm,350,458,36.8,36.8,3925,496,0,1231,1.194,1,COM7
2,295326,37,rpm,316,458,36.8,36.8,3925,496,0,1231,1.194,1,COM7
2,295346,37,rpm,-348,458,36.8,36.8,3925,496,0,1231,1.195,1,COM7
2,295367,37,rpm,14,458,36.8,36.8,3925,496,0,1232,1.195,1,COM7
2,295388,37,rpm,269,458,36.8,36.8,3925,496,0,1232,1.195,1,COM7
2,295409,37,rpm,731,458,36.8,36.8,3925,496,0,1232,1.195,1,COM7
2,295429,37,rpm,642,458,36.8,36.8,3925,496,0,1232,1.195,1,COM7
2,295450,37,rpm,923,458,36.8,36.8,3925,496,0,1232,1.195,1,COM7
2,295471,37,rpm,842,458,36.8,36.8,3925,496,0,1232,1.195,1,COM7
2,295492,37,rpm,609,458,36.8,36.8,3925,496,0,1233,1.196,1,COM7
2,295512,37,rpm,579,458,36.8,36.8,3925,496,0,1233,1.196,1,COM7
2,295533,37,rpm,588,458,36.8,36.8,3925,496,0,1233,1.196,1,COM7
2,295554,37,rpm,411,458,36.8,36.8,3925,496,0,1233,1.196,1,COM7
2,295575,37,rpm,307,458,36.8,36.8,3925,496,0,1233,1.196,1,COM7
2,295595,37,rpm,-68,458,36.8,36.8,3925,496,0,1233,1.196,1,COM7
2,295616,37,rpm,-216,458,36.8,36.8,3925,496,0,1234,1.197,1,COM7
2,295637,37,rpm,130,458,36.8,36.8,3925,496,0,1234,1.197,1,COM7
2,295658,37,rpm,645,458,36.8,36.8,3925,496,0,1234,1.197,1,COM7
2,295679,37,rpm,673,458,36.8,36.8,3925,496,0,1234,1.197,1,COM7
2,295699,37,rpm,909,458,36.8,36.8,3925,496,0,1234,1.197,1,COM7
2,295720,37,rpm,817,458,36.8,36.8,3925,496,0,1234,1.197,1,COM7
2,295741,37,rpm,616,458,36.8,36.8,3925,496,0,1234,1.197,1,COM7
2,295762,37,rpm,707,458,36.8,36.8,3925,496,0,1235,1.198,1,COM7
2,295782,37,rpm,563,458,36.8,36.8,3925,496,0,1235,1.198,1,COM7
2,295803,37,rpm,448,458,36.8,36.8,3925,496,0,1235,1.198,1,COM7
2,295824,37,rpm,353,458,36.8,36.8,3925,496,0,1235,1.198,1,COM7
2,295845,37,rpm,219,458,36.8,36.8,3925,496,0,1235,1.198,1,COM7
2,295865,37,rpm,-395,458,36.8,36.8,3925,496,0,1235,1.198,1,COM7
2,295886,37,rpm,65,458,36.8,36.8,3925,496,0,1236,1.199,1,COM7
2,295907,37,rpm,445,458,36.8,36.8,3925,496,0,1236,1.199,1,COM7
2,295928,37,rpm,744,458,36.8,36.8,3925,496,0,1236,1.199,1,COM7
2,295948,37,rpm,784,458,36.8,36.8,3925,496,0,1236,1.199,1,COM7
2,295969,37,rpm,840,458,36.8,36.8,3925,496,0,1236,1.199,1,COM7
2,295990,37,rpm,793,458,36.8,36.8,3925,496,0,1236,1.199,1,COM7
2,296011,37,rpm,566,458,36.8,36.8,3925,496,0,1237,1.199,1,COM7
2,296032,37,rpm,563,458,36.8,36.8,3925,496,0,1237,1.2,1,COM7
2,296052,37,rpm,566,458,36.8,36.8,3925,496,0,1237,1.2,1,COM7
2,296073,37,rpm,346,458,36.8,36.8,3925,496,0,1237,1.2,1,COM7
2,296094,37,rpm,274,458,36.8,36.8,3925,496,0,1237,1.2,1,COM7
2,296115,37,rpm,-368,458,36.8,36.8,3925,496,0,1237,1.2,1,COM7
2,296136,37,rpm,31,458,36.8,36.8,3925,496,0,1237,1.2,1,COM7
2,296156,37,rpm,259,458,36.8,36.8,3925,496,0,1238,1.201,1,COM7
2,296177,37,rpm,728,458,36.8,36.8,3925,496,0,1238,1.201,1,COM7
2,296198,37,rpm,814,458,36.8,36.8,3925,496,0,1238,1.201,1,COM7
2,296219,37,rpm,918,458,36.8,36.8,3925,496,0,1238,1.201,1,COM7
2,296239,37,rpm,748,458,36.8,36.8,3925,496,0,1238,1.201,1,COM7
2,296260,37,rpm,584,458,36.8,36.8,3925,496,0,1238,1.201,1,COM7
2,296281,37,rpm,696,458,36.8,36.8,3925,496,0,1239,1.201,1,COM7
2,296302,37,rpm,489,458,36.8,36.8,3925,496,0,1239,1.202,1,COM7
2,296322,37,rpm,345,458,36.8,36.8,3925,496,0,1239,1.202,1,COM7
2,296343,37,rpm,286,458,36.8,36.8,3925,496,0,1239,1.202,1,COM7
2,296364,37,rpm,-338,458,36.8,36.8,3925,496,0,1239,1.202,1,COM7
2,296385,37,rpm,11,458,36.8,36.8,3925,496,0,1239,1.202,1,COM7
2,296405,37,rpm,273,458,36.8,36.8,3925,496,0,1240,1.202,1,COM7
2,296426,37,rpm,705,458,36.8,36.8,3925,496,0,1240,1.203,1,COM7
2,296447,37,rpm,694,458,36.8,36.8,3925,496,0,1240,1.203,1,COM7
2,296468,37,rpm,888,458,36.8,36.8,3925,496,0,1240,1.203,1,COM7
2,296488,37,rpm,779,458,36.8,36.8,3925,496,0,1240,1.203,1,COM7
2,296509,37,rpm,659,458,36.8,36.8,3925,496,0,1240,1.203,1,COM7
2,296530,37,rpm,553,458,36.8,36.8,3925,496,0,1240,1.203,1,COM7
2,296551,37,rpm,552,458,36.8,36.8,3925,496,0,1241,1.203,1,COM7
2,296571,37,rpm,451,458,36.8,36.8,3925,496,0,1241,1.204,1,COM7
2,296592,37,rpm,279,458,36.8,36.8,3925,496,0,1241,1.204,1,COM7
2,296613,37,rpm,-104,458,36.8,36.8,3925,496,0,1241,1.204,1,COM7
2,296634,37,rpm,-170,458,36.8,36.8,3925,496,0,1241,1.204,1,COM7
2,296655,37,rpm,150,458,36.8,36.8,3925,496,0,1241,1.204,1,COM7
2,296675,37,rpm,577,458,36.8,36.8,3925,496,0,1242,1.204,1,COM7
2,296696,37,rpm,829,458,36.8,36.8,3925,496,0,1242,1.205,1,COM7
2,296717,37,rpm,806,458,36.8,36.8,3925,496,0,1242,1.205,1,COM7
2,296737,37,rpm,773,458,36.8,36.8,3925,496,0,1242,1.205,1,COM7
2,296758,37,rpm,733,458,36.8,36.8,3925,496,0,1242,1.205,1,COM7
2,296779,37,rpm,604,458,36.8,36.8,3925,496,0,1242,1.205,1,COM7
2,296800,37,rpm,571,458,36.8,36.8,3925,496,0,1243,1.205,1,COM7
2,296821,37,rpm,479,458,36.8,36.8,3925,496,0,1243,1.205,1,COM7
2,296841,37,rpm,312,458,36.8,36.8,3925,496,0,1243,1.206,1,COM7
2,296862,37,rpm,224,458,36.8,36.8,3925,496,0,1243,1.206,1,COM7
2,296883,37,rpm,-377,458,36.8,36.8,3925,496,0,1243,1.206,1,COM7
2,296904,37,rpm,54,458,36.8,36.8,3925,496,0,1243,1.206,1,COM7
2,296924,37,rpm,425,458,36.8,36.8,3925,496,0,1244,1.206,1,COM7
2,296945,37,rpm,668,458,36.8,36.8,3925,496,0,1244,1.206,1,COM7
2,296966,37,rpm,742,458,36.8,36.8,3925,496,0,1244,1.207,1,COM7
2,296987,37,rpm,975,458,36.8,36.8,3925,496,0,1244,1.207,1,COM7
2,297007,37,rpm,721,458,36.8,36.8,3925,496,0,1244,1.207,1,COM7
2,297028,37,rpm,566,458,36.8,36.8,3925,496,0,1244,1.207,1,COM7
2,297049,37,rpm,636,458,36.8,36.8,3925,496,0,1244,1.207,1,COM7
2,297070,37,rpm,538,458,36.8,36.8,3925,496,0,1245,1.207,1,COM7
2,297091,37,rpm,374,458,36.8,36.8,3925,496,0,1245,1.207,1,COM7
2,297111,37,rpm,280,458,36.8,36.8,3925,496,0,1245,1.208,1,COM7
2,297132,37,rpm,-308,458,36.8,36.8,3925,496,0,1245,1.208,1,COM7
2,297153,37,rpm,-26,458,36.8,36.8,3925,496,0,1245,1.208,1,COM7
2,297174,37,rpm,195,458,36.8,36.8,3925,496,0,1245,1.208,1,COM7
2,297194,37,rpm,712,458,36.8,36.8,3925,496,0,1246,1.208,1,COM7
2,297215,37,rpm,888,458,36.8,36.8,3925,496,0,1246,1.208,1,COM7
2,297236,37,rpm,778,458,36.8,36.8,3925,496,0,1246,1.209,1,COM7
2,297257,37,rpm,715,458,36.8,36.8,3925,496,0,1246,1.209,1,COM7
2,297278,37,rpm,751,458,36.8,36.8,3925,496,0,1246,1.209,1,COM7
2,297298,37,rpm,573,458,36.8,36.8,3925,496,0,1246,1.209,1,COM7
2,297319,37,rpm,506,458,36.8,36.8,3925,496,0,1247,1.209,1,COM7
2,297340,37,rpm,472,458,36.8,36.8,3925,496,0,1247,1.209,1,COM7
2,297361,37,rpm,305,458,36.8,36.8,3925,496,0,1247,1.209,1,COM7
2,297381,37,rpm,20,458,36.8,36.8,3925,496,0,1247,1.21,1,COM7
2,297402,37,rpm,-288,458,36.8,36.8,3925,496,0,1247,1.21,1,COM7
2,297423,37,rpm,110,458,36.8,36.8,3925,496,0,1247,1.21,1,COM7
2,297443,37,rpm,587,458,36.8,36.8,3925,496,0,1247,1.21,1,COM7
2,297464,37,rpm,684,458,36.8,36.8,3925,496,0,1248,1.21,1,COM7
2,297485,37,rpm,892,458,36.8,36.8,3925,496,0,1248,1.21,1,COM7
2,297506,37,rpm,851,458,36.8,36.8,3925,496,0,1248,1.211,1,COM7
2,297526,37,rpm,651,458,36.8,36.8,3925,496,0,1248,1.211,1,COM7
2,297547,37,rpm,584,458,36.8,36.8,3925,496,0,1248,1.211,1,COM7
2,297568,37,rpm,628,458,36.8,36.8,3925,496,0,1248,1.211,1,COM7
2,297589,37,rpm,477,458,36.8,36.8,3925,496,0,1249,1.211,1,COM7
2,297610,37,rpm,307,458,36.8,36.8,3925,496,0,1249,1.211,1,COM7
2,297630,37,rpm,202,458,36.8,36.8,3925,496,0,1249,1.211,1,COM7
2,297651,37,rpm,-383,458,36.8,36.8,3925,496,0,1249,1.212,1,COM7
2,297672,37,rpm,75,458,36.8,36.8,3925,496,0,1249,1.212,1,COM7
2,297693,37,rpm,456,458,36.8,36.8,3925,496,0,1249,1.212,1,COM7
2,297713,37,rpm,740,458,36.8,36.8,3925,496,0,1250,1.212,1,COM7
2,297734,37,rpm,915,459,36.8,36.8,3925,496,0,1250,1.212,1,COM7
2,297755,37,rpm,726,459,36.8,36.8,3925,496,0,1250,1.212,1,COM7
2,297776,37,rpm,798,459,36.8,36.8,3925,496,0,1250,1.213,1,COM7
2,297796,37,rpm,674,459,36.8,36.8,3925,496,0,1250,1.213,1,COM7
2,297817,37,rpm,552,459,36.8,36.8,3925,496,0,1250,1.213,1,COM7
2,297838,37,rpm,465,459,36.8,36.8,3925,496,0,1250,1.213,1,COM7
2,297858,37,rpm,378,459,36.8,36.8,3925,496,0,1251,1.213,1,COM7
2,297879,37,rpm,183,459,36.8,36.8,3925,496,0,1251,1.213,1,COM7
2,297900,37,rpm,-381,459,36.8,36.8,3925,496,0,1251,1.213,1,COM7
2,297921,37,rpm,68,459,36.8,36.8,3925,496,0,1251,1.214,1,COM7
2,297942,37,rpm,436,459,36.8,36.8,3925,496,0,1251,1.214,1,COM7
2,297962,37,rpm,646,459,36.8,36.8,3925,496,0,1251,1.214,1,COM7
2,297983,37,rpm,904,459,36.8,36.8,3925,496,0,1252,1.214,1,COM7
2,298004,37,rpm,788,459,36.8,36.8,3925,496,0,1252,1.214,1,COM7
2,298025,37,rpm,753,459,36.8,36.8,3925,496,0,1252,1.214,1,COM7
2,298045,37,rpm,648,459,36.8,36.8,3925,496,0,1252,1.215,1,COM7
2,298066,37,rpm,536,459,36.8,36.8,3925,496,0,1252,1.215,1,COM7
2,298087,37,rpm,573,459,36.8,36.8,3925,496,0,1252,1.215,1,COM7
2,298108,37,rpm,377,459,36.8,36.8,3925,496,0,1253,1.215,1,COM7
2,298129,37,rpm,252,459,36.8,36.8,3925,496,0,1253,1.215,1,COM7
2,298149,37,rpm,-265,459,36.8,36.8,3925,496,0,1253,1.215,1,COM7
2,298170,37,rpm,-17,459,36.8,36.8,3925,496,0,1253,1.215,1,COM7
2,298191,37,rpm,192,459,36.8,36.8,3925,496,0,1253,1.216,1,COM7
2,298212,37,rpm,722,459,36.8,36.8,3925,496,0,1253,1.216,1,COM7
2,298233,37,rpm,783,459,36.8,36.8,3925,496,0,1254,1.216,1,COM7
2,298253,37,rpm,780,459,36.8,36.8,3925,496,0,1254,1.216,1,COM7
2,298274,37,rpm,753,459,36.8,36.8,3925,496,0,1254,1.216,1,COM7
2,298295,37,rpm,685,459,36.8,36.8,3925,496,0,1254,1.216,1,COM7
2,298316,37,rpm,623,459,36.8,36.8,3925,496,0,1254,1.217,1,COM7
2,298336,37,rpm,478,459,36.8,36.8,3925,496,0,1254,1.217,1,COM7
2,298357,37,rpm,479,459,36.8,36.8,3925,496,0,1254,1.217,1,COM7
2,298378,37,rpm,331,459,36.8,36.8,3925,496,0,1255,1.217,1,COM7
2,298399,37,rpm,-19,459,36.8,36.8,3925,496,0,1255,1.217,1,COM7
2,298420,37,rpm,-251,459,36.8,36.8,3925,496,0,1255,1.217,1,COM7
2,298440,37,rpm,118,459,36.8,36.8,3925,496,0,1255,1.217,1,COM7
2,298461,37,rpm,549,459,36.8,36.8,3925,496,0,1255,1.218,1,COM7
2,298482,37,rpm,701,459,36.8,36.8,3925,496,0,1255,1.218,1,COM7
2,298503,37,rpm,934,459,36.8,36.8,3925,496,0,1256,1.218,1,COM7
2,298523,37,rpm,770,459,36.8,36.8,3925,496,0,1256,1.218,1,COM7
2,298544,37,rpm,673,459,36.8,36.8,3925,496,0,1256,1.218,1,COM7
2,298565,37,rpm,661,458,36.8,36.8,3925,496,0,1256,1.218,1,COM7
2,298586,37,rpm,543,458,36.8,36.8,3925,496,0,1256,1.219,1,COM7
2,298606,37,rpm,505,458,36.8,36.8,3925,496,0,1256,1.219,1,COM7
2,298627,37,rpm,335,458,36.8,36.8,3925,496,0,1257,1.219,1,COM7
2,298648,37,rpm,236,458,36.8,36.8,3925,496,0,1257,1.219,1,COM7
2,298669,37,rpm,-397,458,36.8,36.8,3925,496,0,1257,1.219,1,COM7
2,298690,37,rpm,55,458,36.8,36.8,3925,496,0,1257,1.219,1,COM7
2,298710,37,rpm,370,458,36.8,36.8,3925,496,0,1257,1.219,1,COM7
2,298731,37,rpm,792,458,36.8,36.8,3925,496,0,1257,1.22,1,COM7
2,298752,37,rpm,821,458,36.8,36.8,3925,496,0,1257,1.22,1,COM7
2,298773,37,rpm,797,458,36.8,36.8,3925,496,0,1258,1.22,1,COM7
2,298793,37,rpm,751,458,36.8,36.8,3925,496,0,1258,1.22,1,COM7
2,298814,37,rpm,668,458,36.8,36.8,3925,496,0,1258,1.22,1,COM7
2,298835,37,rpm,573,458,36.8,36.8,3925,496,0,1258,1.22,1,COM7
2,298856,37,rpm,507,458,36.8,36.8,3925,496,0,1258,1.221,1,COM7
2,298876,37,rpm,414,458,36.8,36.8,3925,496,0,1258,1.221,1,COM7
2,298897,37,rpm,282,458,36.8,36.8,3925,496,0,1259,1.221,1,COM7
2,298918,37,rpm,-243,458,36.8,36.8,3925,496,0,1259,1.221,1,COM7
2,298939,37,rpm,-64,458,36.8,36.8,3925,496,0,1259,1.221,1,COM7
2,298959,37,rpm,224,458,36.8,36.8,3925,496,0,1259,1.221,1,COM7
2,298980,37,rpm,636,458,36.8,36.8,3925,496,0,1259,1.221,1,COM7
2,299001,37,rpm,744,458,36.8,36.8,3925,496,0,1259,1.222,1,COM7
2,299022,37,rpm,1016,458,36.8,36.8,3925,496,0,1260,1.222,1,COM7
2,299042,37,rpm,688,458,36.8,36.8,3925,496,0,1260,1.222,1,COM7
2,299063,37,rpm,602,458,36.8,36.8,3925,496,0,1260,1.222,1,COM7
2,299084,37,rpm,693,458,36.8,36.8,3925,496,0,1260,1.222,1,COM7
2,299105,37,rpm,522,458,36.8,36.8,3925,496,0,1260,1.222,1,COM7
2,299125,37,rpm,417,458,36.8,36.8,3925,496,0,1260,1.223,1,COM7
2,299146,37,rpm,332,458,36.8,36.8,3925,496,0,1260,1.223,1,COM7
2,299167,37,rpm,-40,458,36.8,36.8,3925,496,0,1261,1.223,1,COM7
2,299188,37,rpm,-220,458,36.8,36.8,3925,496,0,1261,1.223,1,COM7
2,299209,37,rpm,130,458,36.8,36.8,3925,496,0,1261,1.223,1,COM7
2,299229,37,rpm,600,458,36.8,36.8,3925,496,0,1261,1.223,1,COM7
2,299250,37,rpm,821,458,36.8,36.8,3925,496,0,1261,1.223,1,COM7
2,299271,37,rpm,868,458,36.8,36.8,3925,496,0,1261,1.224,1,COM7
2,299292,37,rpm,750,458,36.8,36.8,3925,496,0,1262,1.224,1,COM7
2,299312,37,rpm,736,458,36.8,36.8,3925,496,0,1262,1.224,1,COM7
2,299333,37,rpm,663,458,36.8,36.8,3925,496,0,1262,1.224,1,COM7
2,299354,37,rpm,476,458,36.8,36.8,3925,496,0,1262,1.224,1,COM7
2,299375,37,rpm,481,458,36.8,36.8,3925,496,0,1262,1.224,1,COM7
2,299395,37,rpm,321,458,36.8,36.8,3925,496,0,1262,1.225,1,COM7
2,299416,37,rpm,18,458,36.8,36.8,3925,496,0,1263,1.225,1,COM7
2,299437,37,rpm,-264,458,36.8,36.8,3925,496,0,1263,1.225,1,COM7
2,299458,37,rpm,120,458,36.8,36.8,3925,496,0,1263,1.225,1,COM7
2,299478,37,rpm,614,458,36.8,36.8,3925,496,0,1263,1.225,1,COM7
2,299499,37,rpm,659,458,36.8,36.8,3925,496,0,1263,1.225,1,COM7
2,299520,37,rpm,931,458,36.8,36.8,3925,496,0,1263,1.225,1,COM7
2,299541,37,rpm,878,458,36.8,36.8,3925,496,0,1263,1.226,1,COM7
2,299561,37,rpm,609,458,36.8,36.8,3925,496,0,1264,1.226,1,COM7
2,299582,37,rpm,585,458,36.8,36.8,3925,496,0,1264,1.226,1,COM7
2,299603,37,rpm,659,458,36.8,36.8,3925,496,0,1264,1.226,1,COM7
2,299624,37,rpm,435,458,36.8,36.8,3925,496,0,1264,1.226,1,COM7
2,299645,37,rpm,319,458,36.8,36.8,3925,496,0,1264,1.226,1,COM7
2,299665,37,rpm,238,458,36.8,36.8,3925,496,0,1264,1.227,1,COM7
2,299686,37,rpm,-386,458,36.8,36.8,3925,496,0,1265,1.227,1,COM7
2,299707,37,rpm,46,458,36.8,36.8,3925,496,0,1265,1.227,1,COM7
2,299728,37,rpm,415,458,36.8,36.8,3925,496,0,1265,1.227,1,COM7
2,299748,37,rpm,713,458,36.8,36.8,3925,496,0,1265,1.227,1,COM7
2,299769,37,rpm,798,458,36.8,36.8,3925,496,0,1265,1.227,1,COM7
2,299790,37,rpm,828,458,36.8,36.8,3925,496,0,1265,1.227,1,COM7
2,299811,37,rpm,724,458,36.8,36.8,3925,496,0,1266,1.228,1,COM7
2,299831,37,rpm,691,458,36.8,36.8,3925,496,0,1266,1.228,1,COM7
2,299852,37,rpm,583,458,36.8,36.8,3925,496,0,1266,1.228,1,COM7
2,299873,37,rpm,476,458,36.8,36.8,3925,496,0,1266,1.228,1,COM7
2,299894,37,rpm,427,458,36.8,36.8,3925,496,0,1266,1.228,1,COM7
2,299915,37,rpm,292,458,36.8,36.8,3925,496,0,1266,1.228,1,COM7
2,299935,37,rpm,-242,458,36.8,36.8,3925,496,0,1267,1.229,1,COM7
2,299956,37,rpm,-54,458,36.8,36.8,3925,496,0,1267,1.229,1,COM7
2,299977,37,rpm,194,458,36.8,36.8,3925,496,0,1267,1.229,1,COM7
2,299997,37,rpm,604,458,36.8,36.8,3925,496,0,1267,1.229,1,COM7
2,300018,37,rpm,801,458,36.8,36.8,3925,496,0,1267,1.229,1,COM7
2,300039,37,rpm,929,458,36.8,36.8,3925,496,0,1267,1.229,1,COM7
2,300060,37,rpm,700,458,36.8,36.8,3925,496,0,1267,1.229,1,COM7
2,300080,37,rpm,637,458,36.8,36.8,3925,496,0,1268,1.23,1,COM7
2,300101,37,rpm,674,458,36.8,36.8,3925,496,0,1268,1.23,1,COM7
2,300122,37,rpm,541,458,36.8,36.8,3925,496,0,1268,1.23,1,COM7
2,300143,37,rpm,415,458,36.8,36.8,3925,496,0,1268,1.23,1,COM7
2,300163,37,rpm,342,458,36.8,36.8,3925,496,0,1268,1.23,1,COM7
2,300184,37,rpm,40,458,36.8,36.8,3925,496,0,1268,1.23,1,COM7
2,300205,37,rpm,-277,458,36.8,36.8,3925,496,0,1269,1.231,1,COM7
2,300226,37,rpm,93,458,36.8,36.8,3925,496,0,1269,1.231,1,COM7
2,300247,37,rpm,625,458,36.8,36.8,3925,496,0,1269,1.231,1,COM7
2,300267,37,rpm,654,458,36.8,36.8,3925,496,0,1269,1.231,1,COM7
2,300288,37,rpm,770,458,36.8,36.8,3925,496,0,1269,1.231,1,COM7
2,300309,37,rpm,940,458,36.8,36.8,3925,496,0,1269,1.231,1,COM7
2,300330,37,rpm,641,458,36.8,36.8,3925,496,0,1270,1.231,1,COM7
2,300351,37,rpm,622,458,36.8,36.8,3925,496,0,1270,1.232,1,COM7
2,300371,37,rpm,604,458,36.8,36.8,3925,496,0,1270,1.232,1,COM7
2,300392,37,rpm,479,458,36.8,36.8,3925,496,0,1270,1.232,1,COM7
2,300413,37,rpm,365,458,36.8,36.8,3925,496,0,1270,1.232,1,COM7
2,300434,37,rpm,248,458,36.8,36.8,3925,496,0,1270,1.232,1,COM7
2,300454,37,rpm,-392,458,36.8,36.8,3925,496,0,1270,1.232,1,COM7
2,300475,37,rpm,48,458,36.8,36.8,3925,496,0,1271,1.233,1,COM7
2,300496,37,rpm,361,458,36.8,36.8,3925,496,0,1271,1.233,1,COM7
2,300517,37,rpm,635,458,36.8,36.8,3925,496,0,1271,1.233,1,COM7
2,300538,37,rpm,898,458,36.8,36.8,3925,496,0,1271,1.233,1,COM7
2,300558,37,rpm,875,458,36.8,36.8,3925,496,0,1271,1.233,1,COM7
2,300579,37,rpm,620,458,36.8,36.8,3925,496,0,1271,1.233,1,COM7
2,300600,37,rpm,699,458,36.8,36.8,3925,496,0,1272,1.233,1,COM7
2,300621,37,rpm,616,458,36.8,36.8,3925,496,0,1272,1.234,1,COM7
2,300641,37,rpm,522,458,36.8,36.8,3925,496,0,1272,1.234,1,COM7
2,300662,37,rpm,352,458,36.8,36.8,3925,496,0,1272,1.234,1,COM7
2,300683,37,rpm,312,458,36.8,36.8,3925,496,0,1272,1.234,1,COM7
2,300704,37,rpm,-288,458,36.8,36.8,3925,496,0,1272,1.234,1,COM7
2,300724,37,rpm,-42,458,36.8,36.8,3925,496,0,1273,1.234,1,COM7
2,300745,37,rpm,212,458,36.8,36.8,3925,496,0,1273,1.235,1,COM7
2,300766,37,rpm,751,458,36.8,36.8,3925,496,0,1273,1.235,1,COM7
2,300787,37,rpm,772,458,36.8,36.8,3925,496,0,1273,1.235,1,COM7
2,300807,37,rpm,812,458,36.8,36.8,3925,496,0,1273,1.235,1,COM7
2,300828,37,rpm,875,458,36.8,36.8,3925,496,0,1273,1.235,1,COM7
2,300849,37,rpm,636,458,36.8,36.8,3925,496,0,1273,1.235,1,COM7
2,300870,37,rpm,586,458,36.8,36.8,3925,496,0,1274,1.235,1,COM7
2,300890,37,rpm,579,458,36.8,36.8,3925,496,0,1274,1.236,1,COM7
2,300911,37,rpm,374,458,36.8,36.8,3925,496,0,1274,1.236,1,COM7
2,300932,37,rpm,278,458,36.8,36.8,3925,496,0,1274,1.236,1,COM7
2,300952,37,rpm,-206,458,36.8,36.8,3925,496,0,1274,1.236,1,COM7
2,300973,37,rpm,-50,458,36.8,36.8,3925,496,0,1274,1.236,1,COM7
2,300994,37,rpm,196,458,36.8,36.8,3925,496,0,1275,1.236,1,COM7
2,301015,37,rpm,683,458,36.8,36.8,3925,496,0,1275,1.237,1,COM7
2,301036,37,rpm,705,458,36.8,36.8,3925,496,0,1275,1.237,1,COM7
2,301056,37,rpm,954,458,36.8,36.8,3925,496,0,1275,1.237,1,COM7
2,301077,37,rpm,748,458,36.8,36.8,3925,496,0,1275,1.237,1,COM7
2,301098,37,rpm,633,458,36.8,36.8,3925,496,0,1275,1.237,1,COM7
2,301119,37,rpm,661,458,36.8,36.8,3925,496,0,1276,1.237,1,COM7
2,301139,37,rpm,561,458,36.8,36.8,3925,496,0,1276,1.237,1,COM7
2,301160,37,rpm,395,458,36.8,36.8,3925,496,0,1276,1.238,1,COM7
2,301181,37,rpm,342,458,36.8,36.8,3925,496,0,1276,1.238,1,COM7
2,301202,37,rpm,17,458,36.8,36.8,3925,496,0,1276,1.238,1,COM7
2,301222,37,rpm,-269,458,36.8,36.8,3925,496,0,1276,1.238,1,COM7
2,301243,37,rpm,97,458,36.8,36.8,3925,496,0,1276,1.238,1,COM7
2,301264,37,rpm,582,458,36.8,36.8,3925,496,0,1277,1.238,1,COM7
2,301285,37,rpm,733,458,36.8,36.8,3925,496,0,1277,1.239,1,COM7
2,301305,37,rpm,766,458,36.8,36.8,3925,496,0,1277,1.239,1,COM7
2,301326,37,rpm,832,458,36.8,36.8,3925,496,0,1277,1.239,1,COM7
2,301347,37,rpm,746,458,36.8,36.8,3925,496,0,1277,1.239,1,COM7
2,301368,37,rpm,587,458,36.8,36.8,3925,496,0,1277,1.239,1,COM7
2,301389,37,rpm,583,458,36.8,36.8,3925,496,0,1278,1.239,1,COM7
2,301409,37,rpm,533,458,36.8,36.8,3925,496,0,1278,1.239,1,COM7
2,301430,37,rpm,316,458,36.8,36.8,3925,496,0,1278,1.24,1,COM7
2,301451,37,rpm,279,458,36.8,36.8,3925,496,0,1278,1.24,1,COM7
2,301471,37,rpm,-374,458,36.8,36.8,3925,496,0,1278,1.24,1,COM7
2,301492,37,rpm,44,458,36.8,36.8,3925,496,0,1278,1.24,1,COM7
2,301513,37,rpm,295,458,36.8,36.8,3925,496,0,1279,1.24,1,COM7
2,301534,37,rpm,761,458,36.8,36.8,3925,496,0,1279,1.24,1,COM7
2,301554,37,rpm,765,458,36.8,36.8,3925,496,0,1279,1.241,1,COM7
2,301575,37,rpm,831,458,36.8,36.8,3925,496,0,1279,1.241,1,COM7
2,301596,37,rpm,769,458,36.8,36.8,3925,496,0,1279,1.241,1,COM7
2,301617,37,rpm,602,458,36.8,36.8,3925,496,0,1279,1.241,1,COM7
2,301637,37,rpm,638,458,36.8,36.8,3925,496,0,1280,1.241,1,COM7
2,301658,37,rpm,501,458,36.8,36.8,3925,496,0,1280,1.241,1,COM7
2,301679,37,rpm,407,458,36.8,36.8,3925,496,0,1280,1.241,1,COM7
2,301700,37,rpm,330,458,36.8,36.8,3925,496,0,1280,1.242,1,COM7
2,301720,37,rpm,-154,458,36.8,36.8,3925,496,0,1280,1.242,1,COM7
2,301741,37,rpm,-148,458,36.8,36.8,3925,496,0,1280,1.242,1,COM7
2,301762,37,rpm,179,458,36.8,36.8,3925,496,0,1280,1.242,1,COM7
2,301783,37,rpm,679,458,36.8,36.8,3925,496,0,1281,1.242,1,COM7
2,301803,37,rpm,647,458,36.8,36.8,3925,496,0,1281,1.242,1,COM7
2,301824,37,rpm,921,458,36.8,36.8,3925,496,0,1281,1.242,1,COM7
2,301845,37,rpm,832,458,36.8,36.8,3925,496,0,1281,1.243,1,COM7
2,301866,37,rpm,643,458,36.8,36.8,3925,496,0,1281,1.243,1,COM7
2,301886,37,rpm,602,458,36.8,36.8,3925,496,0,1281,1.243,1,COM7
2,301907,37,rpm,562,458,36.8,36.8,3925,496,0,1282,1.243,1,COM7
2,301928,37,rpm,478,458,36.8,36.8,3925,496,0,1282,1.243,1,COM7
2,301949,37,rpm,288,458,36.8,36.8,3925,496,0,1282,1.243,1,COM7
2,301969,37,rpm,158,458,36.8,36.8,3925,496,0,1282,1.244,1,COM7
2,301990,37,rpm,-374,458,36.8,36.8,3925,496,0,1282,1.244,1,COM7
2,302011,37,rpm,71,458,36.8,36.8,3925,496,0,1282,1.244,1,COM7
2,302032,37,rpm,480,458,36.8,36.8,3925,496,0,1283,1.244,1,COM7
2,302053,37,rpm,814,458,36.8,36.8,3925,496,0,1283,1.244,1,COM7
2,302073,37,rpm,813,458,36.8,36.8,3925,496,0,1283,1.244,1,COM7
2,302094,37,rpm,782,458,36.8,36.8,3925,496,0,1283,1.245,1,COM7
2,302115,37,rpm,775,458,36.8,36.8,3925,496,0,1283,1.245,1,COM7
2,302136,37,rpm,596,458,36.8,36.8,3925,496,0,1283,1.245,1,COM7
2,302156,37,rpm,546,458,36.8,36.8,3925,496,0,1283,1.245,1,COM7
2,302177,37,rpm,526,458,36.8,36.8,3925,496,0,1284,1.245,1,COM7
2,302198,37,rpm,330,458,36.8,36.8,3925,496,0,1284,1.245,1,COM7
2,302219,37,rpm,256,458,36.8,36.8,3925,496,0,1284,1.245,1,COM7
2,302240,37,rpm,-383,458,36.8,36.8,3925,496,0,1284,1.246,1,COM7
2,302260,37,rpm,56,458,36.8,36.8,3925,496,0,1284,1.246,1,COM7
2,302281,37,rpm,405,458,36.8,36.8,3925,496,0,1284,1.246,1,COM7
2,302302,37,rpm,711,458,36.8,36.8,3925,496,0,1285,1.246,1,COM7
2,302323,37,rpm,753,458,36.8,36.8,3925,496,0,1285,1.246,1,COM7
2,302343,37,rpm,935,458,36.8,36.8,3925,496,0,1285,1.246,1,COM7
2,302364,37,rpm,739,458,36.8,36.8,3925,496,0,1285,1.247,1,COM7
2,302385,37,rpm,589,458,36.8,36.8,3925,496,0,1285,1.247,1,COM7
2,302406,37,rpm,642,458,36.8,36.8,3925,496,0,1285,1.247,1,COM7
2,302427,37,rpm,504,458,36.8,36.8,3925,496,0,1286,1.247,1,COM7
2,302447,37,rpm,348,458,36.8,36.8,3925,496,0,1286,1.247,1,COM7
2,302468,37,rpm,240,458,36.8,36.8,3925,496,0,1286,1.247,1,COM7
2,302489,37,rpm,-384,458,36.8,36.8,3925,496,0,1286,1.247,1,COM7
2,302510,37,rpm,43,458,36.8,36.8,3925,496,0,1286,1.248,1,COM7
2,302530,37,rpm,322,458,36.8,36.8,3925,496,0,1286,1.248,1,COM7
2,302551,37,rpm,705,458,36.8,36.8,3925,496,0,1286,1.248,1,COM7
2,302572,37,rpm,929,458,36.8,36.8,3925,496,0,1287,1.248,1,COM7
2,302593,37,rpm,756,458,36.8,36.8,3925,496,0,1287,1.248,1,COM7
2,302613,37,rpm,694,458,36.8,36.8,3925,496,0,1287,1.248,1,COM7
2,302634,37,rpm,733,458,36.8,36.8,3925,496,0,1287,1.249,1,COM7
2,302655,37,rpm,568,458,36.8,36.8,3925,496,0,1287,1.249,1,COM7
2,302676,37,rpm,503,458,36.8,36.8,3925,496,0,1287,1.249,1,COM7
2,302697,37,rpm,437,458,36.8,36.8,3925,496,0,1288,1.249,1,COM7
2,302717,37,rpm,286,458,36.8,36.8,3925,496,0,1288,1.249,1,COM7
2,302738,37,rpm,-196,458,36.8,36.8,3925,496,0,1288,1.249,1,COM7
2,302759,37,rpm,-87,458,36.8,36.8,3925,496,0,1288,1.249,1,COM7
2,302780,37,rpm,181,458,36.8,36.8,3925,496,0,1288,1.25,1,COM7
2,302800,37,rpm,653,458,36.8,36.8,3925,496,0,1288,1.25,1,COM7
2,302821,37,rpm,760,458,36.8,36.8,3925,496,0,1289,1.25,1,COM7
2,302842,37,rpm,798,458,36.8,36.8,3925,496,0,1289,1.25,1,COM7
2,302863,37,rpm,860,458,36.8,36.8,3925,496,0,1289,1.25,1,COM7
2,302884,37,rpm,617,458,36.8,36.8,3925,496,0,1289,1.25,1,COM7
2,302904,37,rpm,578,458,36.8,36.8,3925,496,0,1289,1.251,1,COM7
2,302925,37,rpm,617,458,36.8,36.8,3925,496,0,1289,1.251,1,COM7
2,302946,37,rpm,440,458,36.8,36.8,3925,496,0,1289,1.251,1,COM7
2,302967,37,rpm,306,458,36.8,36.8,3925,496,0,1290,1.251,1,COM7
2,302987,37,rpm,147,458,36.8,36.8,3925,496,0,1290,1.251,1,COM7
2,303008,37,rpm,-326,458,36.8,36.8,3925,496,0,1290,1.251,1,COM7
2,303029,37,rpm,70,458,36.8,36.8,3925,496,0,1290,1.251,1,COM7
2,303050,37,rpm,472,458,36.8,36.8,3925,496,0,1290,1.252,1,COM7
2,303070,37,rpm,749,458,36.8,36.8,3925,496,0,1290,1.252,1,COM7
2,303091,37,rpm,837,458,36.8,36.8,3925,496,0,1291,1.252,1,COM7
2,303112,37,rpm,773,458,36.8,36.8,3925,496,0,1291,1.252,1,COM7
2,303133,37,rpm,743,458,36.8,36.8,3925,496,0,1291,1.252,1,COM7
2,303154,37,rpm,680,458,36.8,36.8,3925,496,0,1291,1.252,1,COM7
2,303174,37,rpm,527,458,36.8,36.8,3925,496,0,1291,1.253,1,COM7
2,303195,37,rpm,482,458,36.8,36.8,3925,496,0,1291,1.253,1,COM7
2,303216,37,rpm,416,458,36.8,36.8,3925,496,0,1292,1.253,1,COM7
2,303237,37,rpm,252,458,36.8,36.8,3925,496,0,1292,1.253,1,COM7
2,303257,37,rpm,-382,458,36.8,36.8,3925,496,0,1292,1.253,1,COM7
2,303278,37,rpm,36,458,36.8,36.8,3925,496,0,1292,1.253,1,COM7
2,303299,37,rpm,304,458,36.8,36.8,3925,496,0,1292,1.253,1,COM7
2,303320,37,rpm,674,458,36.8,36.8,3925,496,0,1292,1.254,1,COM7
2,303341,37,rpm,839,458,36.8,36.8,3925,496,0,1293,1.254,1,COM7
2,303361,37,rpm,829,458,36.8,36.8,3925,496,0,1293,1.254,1,COM7
2,303382,37,rpm,782,458,36.8,36.8,3925,496,0,1293,1.254,1,COM7
2,303403,37,rpm,661,458,36.8,36.8,3925,496,0,1293,1.254,1,COM7
2,303423,37,rpm,556,458,36.8,36.8,3925,496,0,1293,1.254,1,COM7
2,303444,37,rpm,583,458,36.8,36.8,3925,496,0,1293,1.255,1,COM7
2,303465,37,rpm,396,458,36.8,36.8,3925,496,0,1293,1.255,1,COM7
2,303486,37,rpm,280,458,36.8,36.8,3925,496,0,1294,1.255,1,COM7
2,303507,37,rpm,-94,458,36.8,36.8,3925,496,0,1294,1.255,1,COM7
2,303527,37,rpm,-166,458,36.8,36.8,3925,496,0,1294,1.255,1,COM7
2,303548,37,rpm,122,458,36.8,36.8,3925,496,0,1294,1.255,1,COM7
2,303569,37,rpm,638,458,36.8,36.8,3925,496,0,1294,1.255,1,COM7
2,303590,37,rpm,794,458,36.8,36.8,3925,496,0,1294,1.256,1,COM7
2,303610,37,rpm,778,458,36.8,36.8,3925,496,0,1295,1.256,1,COM7
2,303631,37,rpm,835,458,36.8,36.8,3925,496,0,1295,1.256,1,COM7
2,303652,37,rpm,692,458,36.8,36.8,3925,496,0,1295,1.256,1,COM7
2,303672,37,rpm,628,458,36.8,36.8,3925,496,0,1295,1.256,1,COM7
2,303693,37,rpm,502,458,36.8,36.8,3925,496,0,1295,1.256,1,COM7
2,303714,37,rpm,458,458,36.8,36.8,3925,496,0,1295,1.257,1,COM7
2,303735,37,rpm,360,458,36.8,36.8,3925,496,0,1296,1.257,1,COM7
2,303755,37,rpm,61,458,36.8,36.8,3925,496,0,1296,1.257,1,COM7
2,303776,37,rpm,-291,458,36.8,36.8,3925,496,0,1296,1.257,1,COM7
2,303797,37,rpm,113,458,36.8,36.8,3925,496,0,1296,1.257,1,COM7
2,303818,37,rpm,528,458,36.8,36.8,3925,496,0,1296,1.257,1,COM7
2,303838,37,rpm,670,458,36.8,36.8,3925,496,0,1296,1.257,1,COM7
2,303859,37,rpm,1004,458,36.8,36.8,3925,496,0,1296,1.258,1,COM7
2,303880,37,rpm,797,458,36.8,36.8,3925,496,0,1297,1.258,1,COM7
2,303901,37,rpm,640,458,36.8,36.8,3925,496,0,1297,1.258,1,COM7
2,303921,37,rpm,702,458,36.8,36.8,3925,496,0,1297,1.258,1,COM7
2,303942,37,rpm,556,458,36.8,36.8,3925,496,0,1297,1.258,1,COM7
2,303963,37,rpm,449,458,36.8,36.8,3925,496,0,1297,1.258,1,COM7
2,303984,37,rpm,311,458,36.8,36.8,3925,496,0,1297,1.259,1,COM7
2,304005,37,rpm,134,458,36.8,36.8,3925,496,0,1298,1.259,1,COM7
2,304025,37,rpm,-326,458,36.8,36.8,3925,496,0,1298,1.259,1,COM7
2,304046,37,rpm,84,458,36.8,36.8,3925,496,0,1298,1.259,1,COM7
2,304067,37,rpm,484,458,36.8,36.8,3925,496,0,1298,1.259,1,COM7
2,304088,37,rpm,776,458,36.8,36.8,3925,496,0,1298,1.259,1,COM7
2,304108,37,rpm,851,458,36.8,36.8,3925,496,0,1298,1.259,1,COM7
2,304129,37,rpm,729,458,36.8,36.8,3925,496,0,1299,1.26,1,COM7
2,304150,37,rpm,794,458,36.8,36.8,3925,496,0,1299,1.26,1,COM7
2,304171,37,rpm,649,458,36.8,36.8,3925,496,0,1299,1.26,1,COM7
2,304191,37,rpm,534,458,36.8,36.8,3925,496,0,1299,1.26,1,COM7
2,304212,37,rpm,506,458,36.8,36.8,3925,496,0,1299,1.26,1,COM7
2,304233,37,rpm,382,458,36.8,36.8,3925,496,0,1299,1.26,1,COM7
2,304254,37,rpm,258,458,36.8,36.8,3925,496,0,1299,1.261,1,COM7
2,304275,37,rpm,-330,458,36.8,36.8,3925,496,0,1300,1.261,1,COM7
2,304295,37,rpm,25,458,36.8,36.8,3925,496,0,1300,1.261,1,COM7
2,304316,37,rpm,301,458,36.8,36.8,3925,496,0,1300,1.261,1,COM7
2,304337,37,rpm,650,458,36.8,36.8,3925,496,0,1300,1.261,1,COM7
2,304358,37,rpm,768,458,36.8,36.8,3925,496,0,1300,1.261,1,COM7
2,304378,37,rpm,973,458,36.8,36.8,3925,496,0,1300,1.261,1,COM7
2,304399,37,rpm,663,458,36.8,36.8,3925,496,0,1301,1.262,1,COM7
2,304420,37,rpm,644,458,36.8,36.8,3925,496,0,1301,1.262,1,COM7
2,304441,37,rpm,675,458,36.8,36.8,3925,496,0,1301,1.262,1,COM7
2,304461,37,rpm,501,458,36.8,36.8,3925,496,0,1301,1.262,1,COM7
2,304482,37,rpm,380,458,36.8,36.8,3925,496,0,1301,1.262,1,COM7
2,304503,37,rpm,342,458,36.8,36.8,3925,496,0,1301,1.262,1,COM7
2,304524,37,rpm,-102,458,36.8,36.8,3925,496,0,1302,1.263,1,COM7
2,304544,37,rpm,-194,458,36.8,36.8,3925,496,0,1302,1.263,1,COM7
2,304565,37,rpm,139,458,36.8,36.8,3925,496,0,1302,1.263,1,COM7
2,304586,37,rpm,599,458,36.8,36.8,3925,496,0,1302,1.263,1,COM7
2,304607,37,rpm,734,458,36.8,36.8,3925,496,0,1302,1.263,1,COM7
2,304627,37,rpm,896,458,36.8,36.8,3925,496,0,1302,1.263,1,COM7
2,304648,37,rpm,727,458,36.8,36.8,3925,496,0,1302,1.263,1,COM7
2,304669,37,rpm,755,458,36.8,36.8,3925,496,0,1303,1.264,1,COM7
2,304690,37,rpm,589,458,36.8,36.8,3925,496,0,1303,1.264,1,COM7
2,304710,37,rpm,540,458,36.8,36.8,3925,496,0,1303,1.264,1,COM7
2,304731,37,rpm,532,458,36.8,36.8,3925,496,0,1303,1.264,1,COM7
2,304752,37,rpm,341,458,36.8,36.8,3925,496,0,1303,1.264,1,COM7
2,304773,37,rpm,183,458,36.8,36.8,3925,496,0,1303,1.264,1,COM7
2,304793,37,rpm,-397,458,36.8,36.8,3925,496,0,1304,1.264,1,COM7
2,304814,37,rpm,77,458,36.8,36.8,3925,496,0,1304,1.265,1,COM7
2,304835,37,rpm,416,458,36.8,36.8,3925,496,0,1304,1.265,1,COM7
2,304856,37,rpm,715,458,36.8,36.8,3925,496,0,1304,1.265,1,COM7
2,304877,37,rpm,853,458,36.8,36.8,3925,496,0,1304,1.265,1,COM7
2,304897,37,rpm,884,458,36.8,36.8,3925,496,0,1304,1.265,1,COM7
2,304918,37,rpm,630,458,36.8,36.8,3925,496,0,1305,1.265,1,COM7
2,304939,37,rpm,634,458,36.8,36.8,3925,496,0,1305,1.266,1,COM7
2,304960,37,rpm,669,458,36.8,36.8,3925,496,0,1305,1.266,1,COM7
2,304980,37,rpm,458,458,36.8,36.8,3925,496,0,1305,1.266,1,COM7
2,305001,37,rpm,355,458,36.8,36.8,3925,496,0,1305,1.266,1,COM7
2,305022,37,rpm,305,458,36.8,36.8,3925,496,0,1305,1.266,1,COM7
2,305043,37,rpm,-350,458,36.8,36.8,3925,496,0,1306,1.266,1,COM7
2,305064,37,rpm,1,458,36.8,36.8,3925,496,0,1306,1.267,1,COM7
2,305084,37,rpm,275,458,36.8,36.8,3925,496,0,1306,1.267,1,COM7
2,305105,37,rpm,684,458,36.8,36.8,3925,496,0,1306,1.267,1,COM7
2,305126,37,rpm,742,458,36.8,36.8,3925,496,0,1306,1.267,1,COM7
2,305147,37,rpm,919,458,36.8,36.8,3925,496,0,1306,1.267,1,COM7
2,305167,37,rpm,709,458,36.8,36.8,3925,496,0,1306,1.267,1,COM7
2,305188,37,rpm,680,458,36.8,36.8,3925,496,0,1307,1.267,1,COM7
2,305209,37,rpm,618,458,36.8,36.8,3925,496,0,1307,1.268,1,COM7
2,305230,37,rpm,483,458,36.8,36.8,3925,496,0,1307,1.268,1,COM7
2,305250,37,rpm,442,458,36.8,36.8,3925,496,0,1307,1.268,1,COM7
2,305271,37,rpm,303,458,36.8,36.8,3925,496,0,1307,1.268,1,COM7
2,305292,37,rpm,-108,458,36.8,36.8,3925,496,0,1307,1.268,1,COM7
2,305313,37,rpm,-180,458,36.8,36.8,3925,496,0,1308,1.268,1,COM7
2,305333,37,rpm,152,458,36.8,36.8,3925,496,0,1308,1.268,1,COM7
2,305354,37,rpm,614,458,36.8,36.8,3925,496,0,1308,1.269,1,COM7
2,305375,37,rpm,833,458,36.8,36.8,3925,496,0,1308,1.269,1,COM7
2,305396,37,rpm,904,458,36.8,36.8,3925,496,0,1308,1.269,1,COM7
2,305416,37,rpm,727,458,36.8,36.8,3925,496,0,1308,1.269,1,COM7
2,305437,37,rpm,746,458,36.8,36.8,3925,496,0,1309,1.269,1,COM7
2,305458,37,rpm,624,458,36.8,36.8,3925,496,0,1309,1.269,1,COM7
2,305479,37,rpm,578,458,36.8,36.8,3925,496,0,1309,1.27,1,COM7
2,305499,37,rpm,365,458,36.8,36.8,3925,496,0,1309,1.27,1,COM7
2,305520,37,rpm,302,458,36.8,36.8,3925,496,0,1309,1.27,1,COM7
2,305541,37,rpm,-53,458,36.8,36.8,3925,496,0,1309,1.27,1,COM7
2,305562,37,rpm,-189,458,36.8,36.8,3925,496,0,1309,1.27,1,COM7
2,305583,37,rpm,129,458,36.8,36.8,3925,496,0,1310,1.27,1,COM7
2,305603,37,rpm,689,458,36.8,36.8,3925,496,0,1310,1.27,1,COM7
2,305624,37,rpm,696,458,36.8,36.8,3925,496,0,1310,1.271,1,COM7
2,305645,37,rpm,809,458,36.8,36.8,3925,496,0,1310,1.271,1,COM7
2,305666,37,rpm,894,458,36.8,36.8,3925,496,0,1310,1.271,1,COM7
2,305686,37,rpm,640,458,36.8,36.8,3925,496,0,1310,1.271,1,COM7
2,305707,37,rpm,558,458,36.8,36.8,3925,496,0,1311,1.271,1,COM7
2,305728,37,rpm,591,458,36.8,36.8,3925,496,0,1311,1.271,1,COM7
2,305749,37,rpm,445,458,36.8,36.8,3925,496,0,1311,1.272,1,COM7
2,305769,37,rpm,338,458,36.8,36.8,3925,496,0,1311,1.272,1,COM7
2,305790,37,rpm,139,458,36.8,36.8,3925,496,0,1311,1.272,1,COM7
2,305811,37,rpm,-327,458,36.8,36.8,3925,496,0,1311,1.272,1,COM7
2,305832,37,rpm,68,458,36.8,36.8,3925,496,0,1312,1.272,1,COM7
2,305852,37,rpm,474,458,36.8,36.8,3925,496,0,1312,1.272,1,COM7
2,305873,37,rpm,694,458,36.8,36.8,3925,496,0,1312,1.272,1,COM7
2,305894,37,rpm,924,458,36.8,36.8,3925,496,0,1312,1.273,1,COM7
2,305915,37,rpm,820,458,36.8,36.8,3925,496,0,1312,1.273,1,COM7
2,305935,37,rpm,619,458,36.8,36.8,3925,496,0,1312,1.273,1,COM7
2,305956,37,rpm,714,458,36.8,36.8,3925,496,0,1312,1.273,1,COM7
2,305977,37,rpm,598,458,36.8,36.8,3925,496,0,1313,1.273,1,COM7
2,305998,37,rpm,464,458,36.8,36.8,3925,496,0,1313,1.273,1,COM7
2,306018,37,rpm,383,458,36.8,36.8,3925,496,0,1313,1.274,1,COM7
2,306039,37,rpm,298,458,36.8,36.8,3925,496,0,1313,1.274,1,COM7
2,306060,37,rpm,-321,458,36.8,36.8,3925,496,0,1313,1.274,1,COM7
2,306081,37,rpm,4,458,36.8,36.8,3925,496,0,1313,1.274,1,COM7
2,306101,37,rpm,248,458,36.8,36.8,3925,496,0,1314,1.274,1,COM7
2,306122,37,rpm,693,458,36.8,36.8,3925,496,0,1314,1.274,1,COM7
2,306143,37,rpm,704,458,36.8,36.8,3925,496,0,1314,1.274,1,COM7
2,306164,37,rpm,871,458,36.8,36.8,3925,496,0,1314,1.275,1,COM7
2,306184,37,rpm,871,458,36.8,36.8,3925,496,0,1314,1.275,1,COM7
2,306205,37,rpm,556,458,36.8,36.8,3925,496,0,1314,1.275,1,COM7
2,306226,37,rpm,591,458,36.8,36.8,3925,496,0,1315,1.275,1,COM7
2,306247,37,rpm,631,458,36.8,36.8,3925,496,0,1315,1.275,1,COM7
2,306267,37,rpm,384,458,36.8,36.8,3925,496,0,1315,1.275,1,COM7
2,306288,37,rpm,314,458,36.8,36.8,3925,496,0,1315,1.276,1,COM7
2,306309,37,rpm,-33,458,36.8,36.8,3925,496,0,1315,1.276,1,COM7
2,306330,37,rpm,-236,458,36.8,36.8,3925,496,0,1315,1.276,1,COM7
2,306351,37,rpm,113,458,36.8,36.8,3925,496,0,1315,1.276,1,COM7
2,306371,37,rpm,639,458,36.8,36.8,3925,496,0,1316,1.276,1,COM7
2,306392,37,rpm,687,458,36.8,36.8,3925,496,0,1316,1.276,1,COM7
2,306413,37,rpm,881,458,36.8,36.8,3925,496,0,1316,1.276,1,COM7
2,306434,37,rpm,817,458,36.8,36.8,3925,496,0,1316,1.277,1,COM7
2,306454,37,rpm,628,458,36.8,36.8,3925,496,0,1316,1.277,1,COM7
2,306475,37,rpm,696,458,36.8,36.8,3925,496,0,1316,1.277,1,COM7
2,306496,37,rpm,558,458,36.8,36.8,3925,496,0,1317,1.277,1,COM7
2,306516,37,rpm,439,458,36.8,36.8,3925,496,0,1317,1.277,1,COM7
2,306537,37,rpm,379,458,36.8,36.8,3925,496,0,1317,1.277,1,COM7
2,306558,37,rpm,215,458,36.8,36.8,3925,496,0,1317,1.278,1,COM7
2,306579,37,rpm,-418,458,36.8,36.8,3925,496,0,1317,1.278,1,COM7
2,306600,37,rpm,58,458,36.8,36.8,3925,496,0,1317,1.278,1,COM7
2,306620,37,rpm,417,458,36.8,36.8,3925,496,0,1318,1.278,1,COM7
2,306641,37,rpm,645,458,36.8,36.8,3925,496,0,1318,1.278,1,COM7
2,306662,37,rpm,820,458,36.8,36.8,3925,496,0,1318,1.278,1,COM7
2,306682,37,rpm,881,458,36.8,36.8,3925,496,0,1318,1.278,1,COM7
2,306703,37,rpm,753,458,36.8,36.8,3925,496,0,1318,1.279,1,COM7
2,306724,37,rpm,529,458,36.8,36.8,3925,496,0,1318,1.279,1,COM7
2,306745,37,rpm,637,458,36.8,36.8,3925,496,0,1319,1.279,1,COM7
2,306766,37,rpm,567,458,36.8,36.8,3925,496,0,1319,1.279,1,COM7
2,306786,37,rpm,336,458,36.8,36.8,3925,496,0,1319,1.279,1,COM7
2,306807,37,rpm,283,458,36.8,36.8,3925,496,0,1319,1.279,1,COM7
2,306828,37,rpm,-353,458,36.8,36.8,3925,496,0,1319,1.28,1,COM7
2,306848,37,rpm,23,458,36.8,36.8,3925,496,0,1319,1.28,1,COM7
2,306869,37,rpm,235,458,36.8,36.8,3925,496,0,1319,1.28,1,COM7
2,306890,37,rpm,774,458,36.8,36.8,3925,496,0,1320,1.28,1,COM7
2,306911,37,rpm,800,458,36.8,36.8,3925,496,0,1320,1.28,1,COM7
2,306931,37,rpm,810,458,36.8,36.8,3925,496,0,1320,1.28,1,COM7
2,306952,37,rpm,816,458,36.8,36.8,3925,496,0,1320,1.28,1,COM7
2,306973,37,rpm,649,458,36.8,36.8,3925,496,0,1320,1.281,1,COM7
2,306994,37,rpm,621,458,36.8,36.8,3925,496,0,1320,1.281,1,COM7
2,307014,37,rpm,492,458,36.8,36.8,3925,496,0,1321,1.281,1,COM7
2,307035,37,rpm,368,458,36.8,36.8,3925,496,0,1321,1.281,1,COM7
2,307056,37,rpm,284,458,36.8,36.8,3925,496,0,1321,1.281,1,COM7
2,307077,37,rpm,-310,458,36.8,36.8,3925,496,0,1321,1.281,1,COM7
2,307097,37,rpm,-8,458,36.8,36.8,3925,496,0,1321,1.282,1,COM7
2,307118,37,rpm,248,458,36.8,36.8,3925,496,0,1321,1.282,1,COM7
2,307139,37,rpm,681,458,36.8,36.8,3925,496,0,1322,1.282,1,COM7
2,307160,37,rpm,673,458,36.8,36.8,3925,496,0,1322,1.282,1,COM7
2,307180,37,rpm,985,458,36.8,36.8,3925,496,0,1322,1.282,1,COM7
2,307201,37,rpm,790,458,36.8,36.8,3925,496,0,1322,1.282,1,COM7
2,307222,37,rpm,591,458,36.8,36.8,3925,496,0,1322,1.282,1,COM7
2,307243,37,rpm,628,458,36.8,36.8,3925,496,0,1322,1.283,1,COM7
2,307263,37,rpm,579,458,36.8,36.8,3925,496,0,1322,1.283,1,COM7
2,307284,37,rpm,413,458,36.8,36.8,3925,496,0,1323,1.283,1,COM7
2,307305,37,rpm,296,458,36.8,36.8,3925,496,0,1323,1.283,1,COM7
2,307326,37,rpm,-28,458,36.8,36.8,3925,496,0,1323,1.283,1,COM7
2,307346,37,rpm,-212,458,36.8,36.8,3925,496,0,1323,1.283,1,COM7
2,307367,37,rpm,112,458,36.8,36.8,3925,496,0,1323,1.284,1,COM7
2,307388,37,rpm,588,458,36.8,36.8,3925,496,0,1323,1.284,1,COM7
2,307409,37,rpm,808,458,36.8,36.8,3925,496,0,1324,1.284,1,COM7
2,307429,37,rpm,764,458,36.8,36.8,3925,496,0,1324,1.284,1,COM7
2,307450,37,rpm,770,458,36.8,36.8,3925,496,0,1324,1.284,1,COM7
2,307471,37,rpm,780,458,36.8,36.8,3925,496,0,1324,1.284,1,COM7
2,307492,37,rpm,562,458,36.8,36.8,3925,496,0,1324,1.284,1,COM7
2,307512,37,rpm,533,458,36.8,36.8,3925,496,0,1324,1.285,1,COM7
2,307533,37,rpm,542,458,36.8,36.8,3925,496,0,1325,1.285,1,COM7
2,307554,37,rpm,330,458,36.8,36.8,3925,496,0,1325,1.285,1,COM7
2,307575,37,rpm,244,458,36.8,36.8,3925,496,0,1325,1.285,1,COM7
2,307595,37,rpm,-377,458,36.8,36.8,3925,496,0,1325,1.285,1,COM7
2,307616,37,rpm,52,458,36.8,36.8,3925,496,0,1325,1.285,1,COM7
2,307637,37,rpm,353,458,36.8,36.8,3925,496,0,1325,1.286,1,COM7
2,307658,37,rpm,689,458,36.8,36.8,3925,496,0,1325,1.286,1,COM7
2,307678,37,rpm,791,458,36.8,36.8,3925,496,0,1326,1.286,1,COM7
2,307699,37,rpm,918,458,36.8,36.8,3925,496,0,1326,1.286,1,COM7
2,307720,37,rpm,751,458,36.8,36.8,3925,496,0,1326,1.286,1,COM7
2,307741,37,rpm,561,458,36.8,36.8,3925,496,0,1326,1.286,1,COM7
2,307761,37,rpm,669,458,36.8,36.8,3925,496,0,1326,1.286,1,COM7
2,307782,37,rpm,521,458,36.8,36.8,3925,496,0,1326,1.287,1,COM7
2,307803,37,rpm,359,458,36.8,36.8,3925,496,0,1327,1.287,1,COM7
2,307824,37,rpm,328,458,36.8,36.8,3925,496,0,1327,1.287,1,COM7
2,307845,37,rpm,-216,458,36.8,36.8,3925,496,0,1327,1.287,1,COM7
2,307865,37,rpm,-101,458,36.8,36.8,3925,496,0,1327,1.287,1,COM7
2,307886,37,rpm,190,458,36.8,36.8,3925,496,0,1327,1.287,1,COM7
2,307907,37,rpm,725,458,36.8,36.8,3925,496,0,1327,1.288,1,COM7
2,307928,37,rpm,756,458,36.8,36.8,3925,496,0,1328,1.288,1,COM7
2,307948,37,rpm,777,458,36.8,36.8,3925,496,0,1328,1.288,1,COM7
2,307969,37,rpm,792,458,36.8,36.8,3925,496,0,1328,1.288,1,COM7
2,307990,37,rpm,747,458,36.8,36.8,3925,496,0,1328,1.288,1,COM7
2,308011,37,rpm,521,458,36.8,36.8,3925,496,0,1328,1.288,1,COM7
2,308031,37,rpm,557,458,36.8,36.8,3925,496,0,1328,1.288,1,COM7
2,308052,37,rpm,504,458,36.8,36.8,3925,496,0,1328,1.289,1,COM7
2,308073,37,rpm,303,458,36.8,36.8,3925,496,0,1329,1.289,1,COM7
2,308094,37,rpm,97,458,36.8,36.8,3925,496,0,1329,1.289,1,COM7
2,308114,37,rpm,-341,458,36.8,36.8,3925,496,0,1329,1.289,1,COM7
2,308135,37,rpm,97,458,36.8,36.8,3925,496,0,1329,1.289,1,COM7
2,308156,37,rpm,472,458,36.8,36.8,3925,496,0,1329,1.289,1,COM7
2,308177,37,rpm,799,458,36.8,36.8,3925,496,0,1329,1.29,1,COM7
2,308197,37,rpm,827,458,36.8,36.8,3925,496,0,1330,1.29,1,COM7
2,308218,37,rpm,832,458,36.8,36.8,3925,496,0,1330,1.29,1,COM7
2,308239,37,rpm,700,458,36.8,36.8,3925,496,0,1330,1.29,1,COM7
2,308260,37,rpm,594,458,36.8,36.8,3925,496,0,1330,1.29,1,COM7
2,308280,37,rpm,614,458,36.8,36.8,3925,496,0,1330,1.29,1,COM7
2,308301,37,rpm,489,458,36.8,36.8,3925,496,0,1330,1.29,1,COM7
2,308322,37,rpm,325,458,36.8,36.8,3925,496,0,1331,1.291,1,COM7
2,308343,37,rpm,248,458,36.8,36.8,3925,496,0,1331,1.291,1,COM7
2,308363,37,rpm,-381,458,36.8,36.8,3925,496,0,1331,1.291,1,COM7
2,308384,37,rpm,61,458,36.8,36.8,3925,496,0,1331,1.291,1,COM7
2,308405,37,rpm,434,458,36.8,36.8,3925,496,0,1331,1.291,1,COM7
2,308426,37,rpm,713,458,36.8,36.8,3925,496,0,1331,1.291,1,COM7
2,308446,37,rpm,759,458,36.8,36.8,3925,496,0,1331,1.292,1,COM7
2,308467,37,rpm,902,458,36.8,36.8,3925,496,0,1332,1.292,1,COM7
2,308488,37,rpm,795,458,36.8,36.8,3925,496,0,1332,1.292,1,COM7
2,308509,37,rpm,599,458,36.8,36.8,3925,496,0,1332,1.292,1,COM7
2,308529,37,rpm,596,458,36.8,36.8,3925,496,0,1332,1.292,1,COM7
2,308550,37,rpm,484,458,36.8,36.8,3925,496,0,1332,1.292,1,COM7
2,308571,37,rpm,366,458,36.8,36.8,3925,496,0,1332,1.292,1,COM7
2,308592,37,rpm,211,458,36.8,36.8,3925,496,0,1333,1.293,1,COM7
2,308612,37,rpm,-386,458,36.8,36.8,3925,496,0,1333,1.293,1,COM7
2,308633,37,rpm,55,458,36.8,36.8,3925,496,0,1333,1.293,1,COM7
2,308654,37,rpm,358,458,36.8,36.8,3925,496,0,1333,1.293,1,COM7
2,308675,37,rpm,664,458,36.8,36.8,3925,496,0,1333,1.293,1,COM7
2,308695,37,rpm,958,458,36.8,36.8,3925,496,0,1333,1.293,1,COM7
2,308716,37,rpm,771,458,36.8,36.8,3925,496,0,1334,1.294,1,COM7
2,308737,37,rpm,678,458,36.8,36.8,3925,496,0,1334,1.294,1,COM7
2,308758,37,rpm,735,458,36.8,36.8,3925,496,0,1334,1.294,1,COM7
2,308778,37,rpm,573,458,36.8,36.8,3925,496,0,1334,1.294,1,COM7
2,308799,37,rpm,519,458,36.8,36.8,3925,496,0,1334,1.294,1,COM7
2,308820,37,rpm,408,458,36.8,36.8,3925,496,0,1334,1.294,1,COM7
2,308841,37,rpm,287,458,36.8,36.8,3925,496,0,1334,1.294,1,COM7
2,308861,37,rpm,-192,458,36.8,36.8,3925,496,0,1335,1.295,1,COM7
2,308882,37,rpm,-75,458,36.8,36.8,3925,496,0,1335,1.295,1,COM7
2,308903,37,rpm,173,458,36.8,36.8,3925,496,0,1335,1.295,1,COM7
2,308924,37,rpm,707,458,36.8,36.8,3925,496,0,1335,1.295,1,COM7
2,308944,37,rpm,749,458,36.8,36.8,3925,496,0,1335,1.295,1,COM7
2,308965,37,rpm,759,458,36.8,36.8,3925,496,0,1335,1.295,1,COM7
2,308986,37,rpm,868,458,36.8,36.8,3925,496,0,1336,1.296,1,COM7
2,309007,37,rpm,659,458,36.8,36.8,3925,496,0,1336,1.296,1,COM7
2,309027,37,rpm,540,458,36.8,36.8,3925,496,0,1336,1.296,1,COM7
2,309048,37,rpm,611,458,36.8,36.8,3925,496,0,1336,1.296,1,COM7
2,309069,37,rpm,453,458,36.8,36.8,3925,496,0,1336,1.296,1,COM7
2,309090,37,rpm,304,458,36.8,36.8,3925,496,0,1336,1.296,1,COM7
2,309110,37,rpm,101,458,36.8,36.8,3925,496,0,1337,1.296,1,COM7
2,309131,37,rpm,-303,458,36.8,36.8,3925,496,0,1337,1.297,1,COM7
2,309152,37,rpm,83,458,36.8,36.8,3925,496,0,1337,1.297,1,COM7
2,309173,37,rpm,485,458,36.8,36.8,3925,496,0,1337,1.297,1,COM7
2,309193,37,rpm,720,458,36.8,36.8,3925,496,0,1337,1.297,1,COM7
2,309214,37,rpm,910,458,36.8,36.8,3925,496,0,1337,1.297,1,COM7
2,309235,37,rpm,758,458,36.8,36.8,3925,496,0,1338,1.297,1,COM7
2,309256,37,rpm,727,458,36.8,36.8,3925,496,0,1338,1.298,1,COM7
2,309277,37,rpm,692,457,36.8,36.8,3925,496,0,1338,1.298,1,COM7
2,309297,37,rpm,511,457,36.8,36.8,3925,496,0,1338,1.298,1,COM7
2,309318,37,rpm,517,457,36.8,36.8,3925,496,0,1338,1.298,1,COM7
2,309339,37,rpm,398,457,36.8,36.8,3925,496,0,1338,1.298,1,COM7
2,309359,37,rpm,255,457,36.8,36.8,3925,496,0,1338,1.298,1,COM7
2,309380,37,rpm,-380,457,36.8,36.8,3925,496,0,1339,1.298,1,COM7
2,309401,37,rpm,41,457,36.8,36.8,3925,496,0,1339,1.299,1,COM7
2,309422,37,rpm,323,457,36.8,36.8,3925,496,0,1339,1.299,1,COM7
2,309442,37,rpm,670,457,36.8,36.8,3925,496,0,1339,1.299,1,COM7
2,309463,37,rpm,832,457,36.8,36.8,3925,496,0,1339,1.299,1,COM7
2,309484,37,rpm,810,457,36.8,36.8,3925,496,0,1339,1.299,1,COM7
2,309505,37,rpm,776,457,36.8,36.8,3925,496,0,1340,1.299,1,COM7
2,309525,37,rpm,628,457,36.8,36.8,3925,496,0,1340,1.3,1,COM7
2,309546,37,rpm,570,457,36.8,36.8,3925,496,0,1340,1.3,1,COM7
2,309567,37,rpm,593,457,36.8,36.8,3925,496,0,1340,1.3,1,COM7
2,309588,37,rpm,379,457,36.8,36.8,3925,496,0,1340,1.3,1,COM7
2,309608,37,rpm,301,457,36.8,36.8,3925,496,0,1340,1.3,1,COM7
2,309629,37,rpm,-101,457,36.8,36.8,3925,496,0,1341,1.3,1,COM7
2,309650,37,rpm,-152,457,36.8,36.8,3925,496,0,1341,1.3,1,COM7
2,309671,37,rpm,130,457,36.8,36.8,3925,496,0,1341,1.301,1,COM7
2,309691,37,rpm,658,457,36.8,36.8,3925,496,0,1341,1.301,1,COM7
2,309712,37,rpm,777,457,36.8,36.8,3925,496,0,1341,1.301,1,COM7
2,309733,37,rpm,825,457,36.8,36.8,3925,496,0,1341,1.301,1,COM7
2,309754,37,rpm,787,457,36.8,36.8,3925,496,0,1341,1.301,1,COM7
2,309774,37,rpm,712,457,36.8,36.8,3925,496,0,1342,1.301,1,COM7
2,309795,37,rpm,662,457,36.8,36.8,3925,496,0,1342,1.302,1,COM7
2,309816,37,rpm,477,457,36.8,36.8,3925,496,0,1342,1.302,1,COM7
2,309837,37,rpm,503,457,36.8,36.8,3925,496,0,1342,1.302,1,COM7
2,309857,37,rpm,347,457,36.8,36.8,3925,496,0,1342,1.302,1,COM7
2,309878,37,rpm,85,457,36.8,36.8,3925,496,0,1342,1.302,1,COM7
2,309899,37,rpm,-302,457,36.8,36.8,3925,496,0,1343,1.302,1,COM7
2,309920,37,rpm,94,457,36.8,36.8,3925,496,0,1343,1.302,1,COM7
2,309940,37,rpm,547,457,36.8,36.8,3925,496,0,1343,1.303,1,COM7
2,309961,37,rpm,687,457,36.8,36.8,3925,496,0,1343,1.303,1,COM7
2,309982,37,rpm,989,457,36.8,36.8,3925,496,0,1343,1.303,1,COM7
2,310003,37,rpm,797,457,36.8,36.8,3925,496,0,1343,1.303,1,COM7
2,310023,37,rpm,650,457,36.8,36.8,3925,496,0,1344,1.303,1,COM7
2,310044,37,rpm,673,457,36.8,36.8,3925,496,0,1344,1.303,1,COM7
2,310065,37,rpm,558,457,36.8,36.8,3925,496,0,1344,1.304,1,COM7
2,310085,37,rpm,457,457,36.8,36.8,3925,496,0,1344,1.304,1,COM7
2,310106,37,rpm,319,457,36.8,36.8,3925,496,0,1344,1.304,1,COM7
2,310127,37,rpm,136,457,36.8,36.8,3925,496,0,1344,1.304,1,COM7
2,310148,37,rpm,-336,457,36.8,36.8,3925,496,0,1344,1.304,1,COM7
2,310168,37,rpm,74,457,36.8,36.8,3925,496,0,1345,1.304,1,COM7
2,310189,37,rpm,492,457,36.8,36.8,3925,496,0,1345,1.304,1,COM7
2,310210,37,rpm,778,457,36.8,36.8,3925,496,0,1345,1.305,1,COM7
2,310231,37,rpm,854,457,36.8,36.8,3925,496,0,1345,1.305,1,COM7
2,310251,37,rpm,720,457,36.8,36.8,3925,496,0,1345,1.305,1,COM7
2,310272,37,rpm,800,457,36.8,36.8,3925,496,0,1345,1.305,1,COM7
2,310293,37,rpm,639,457,36.8,36.8,3925,496,0,1346,1.305,1,COM7
2,310314,37,rpm,527,457,36.8,36.8,3925,496,0,1346,1.305,1,COM7
2,310334,37,rpm,535,458,36.8,36.8,3925,496,0,1346,1.306,1,COM7
2,310355,37,rpm,374,458,36.8,36.8,3925,496,0,1346,1.306,1,COM7
2,310376,37,rpm,250,458,36.8,36.8,3925,496,0,1346,1.306,1,COM7
2,310397,37,rpm,-325,458,36.8,36.8,3925,496,0,1346,1.306,1,COM7
2,310417,37,rpm,15,458,36.8,36.8,3925,496,0,1347,1.306,1,COM7
2,310438,37,rpm,296,458,36.8,36.8,3925,496,0,1347,1.306,1,COM7
2,310459,37,rpm,650,458,36.8,36.8,3925,496,0,1347,1.306,1,COM7
2,310480,37,rpm,790,458,36.8,36.8,3925,496,0,1347,1.307,1,COM7
2,310501,37,rpm,973,458,36.8,36.8,3925,496,0,1347,1.307,1,COM7
2,310521,37,rpm,661,458,36.8,36.8,3925,496,0,1347,1.307,1,COM7
2,310542,37,rpm,615,458,36.8,36.8,3925,496,0,1347,1.307,1,COM7
2,310563,37,rpm,700,458,36.8,36.8,3925,496,0,1348,1.307,1,COM7
2,310583,37,rpm,500,458,36.8,36.8,3925,496,0,1348,1.307,1,COM7
2,310604,37,rpm,388,458,36.8,36.8,3925,496,0,1348,1.308,1,COM7
2,310625,37,rpm,348,458,36.8,36.8,3925,496,0,1348,1.308,1,COM7
2,310646,37,rpm,-87,458,36.8,36.8,3925,496,0,1348,1.308,1,COM7
2,310666,37,rpm,-207,458,36.8,36.8,3925,496,0,1348,1.308,1,COM7
2,310687,37,rpm,139,458,36.8,36.8,3925,496,0,1349,1.308,1,COM7
2,310708,37,rpm,591,458,36.8,36.8,3925,496,0,1349,1.308,1,COM7
2,310729,37,rpm,722,458,36.8,36.8,3925,496,0,1349,1.308,1,COM7
2,310750,37,rpm,846,458,36.8,36.8,3925,496,0,1349,1.309,1,COM7
2,310770,37,rpm,805,458,36.8,36.8,3925,496,0,1349,1.309,1,COM7
2,310791,37,rpm,736,458,36.8,36.8,3925,496,0,1349,1.309,1,COM7
2,310812,37,rpm,617,458,36.8,36.8,3925,496,0,1350,1.309,1,COM7
2,310833,37,rpm,549,458,36.8,36.8,3925,496,0,1350,1.309,1,COM7
2,310853,37,rpm,491,458,36.8,36.8,3925,496,0,1350,1.309,1,COM7
2,310874,37,rpm,346,458,36.8,36.8,3925,496,0,1350,1.31,1,COM7
2,310895,37,rpm,184,458,36.8,36.8,3925,496,0,1350,1.31,1,COM7
2,310916,37,rpm,-396,458,36.8,36.8,3925,496,0,1350,1.31,1,COM7
2,310936,37,rpm,79,458,36.8,36.8,3925,496,0,1350,1.31,1,COM7
2,310957,37,rpm,413,458,36.8,36.8,3925,496,0,1351,1.31,1,COM7
2,310978,37,rpm,743,458,36.8,36.8,3925,496,0,1351,1.31,1,COM7
2,310999,37,rpm,857,458,36.8,36.8,3925,496,0,1351,1.31,1,COM7
2,311020,37,rpm,859,458,36.8,36.8,3925,496,0,1351,1.311,1,COM7
2,311040,37,rpm,647,458,36.8,36.8,3925,496,0,1351,1.311,1,COM7
2,311061,37,rpm,687,458,36.8,36.8,3925,496,0,1351,1.311,1,COM7
2,311082,37,rpm,636,458,36.8,36.8,3925,496,0,1352,1.311,1,COM7
2,311103,37,rpm,457,458,36.8,36.8,3925,496,0,1352,1.311,1,COM7
2,311123,37,rpm,367,458,36.8,36.8,3925,496,0,1352,1.311,1,COM7
2,311144,37,rpm,300,458,36.8,36.8,3925,496,0,1352,1.311,1,COM7
2,311165,37,rpm,-367,458,36.8,36.8,3925,496,0,1352,1.312,1,COM7
2,311186,37,rpm,-5,458,36.8,36.8,3925,496,0,1352,1.312,1,COM7
2,311206,37,rpm,267,458,36.8,36.8,3925,496,0,1353,1.312,1,COM7
2,311227,37,rpm,670,458,36.8,36.8,3925,496,0,1353,1.312,1,COM7
2,311248,37,rpm,721,458,36.8,36.8,3925,496,0,1353,1.312,1,COM7
2,311269,37,rpm,925,458,36.8,36.8,3925,496,0,1353,1.312,1,COM7
2,311289,37,rpm,740,458,36.8,36.8,3925,496,0,1353,1.313,1,COM7
2,311310,37,rpm,652,458,36.8,36.8,3925,496,0,1353,1.313,1,COM7
2,311331,37,rpm,612,458,36.8,36.8,3925,496,0,1353,1.313,1,COM7
2,311352,37,rpm,517,458,36.8,36.8,3925,496,0,1354,1.313,1,COM7
2,311373,37,rpm,442,458,36.8,36.8,3925,496,0,1354,1.313,1,COM7
2,311393,37,rpm,302,458,36.8,36.8,3925,496,0,1354,1.313,1,COM7
2,311414,37,rpm,-119,458,36.8,36.8,3925,496,0,1354,1.313,1,COM7
2,311435,37,rpm,-161,458,36.8,36.8,3925,496,0,1354,1.314,1,COM7
2,311456,37,rpm,153,458,36.8,36.8,3925,496,0,1354,1.314,1,COM7
2,311476,37,rpm,621,458,36.8,36.8,3925,496,0,1355,1.314,1,COM7
2,311497,37,rpm,814,458,36.8,36.8,3925,496,0,1355,1.314,1,COM7
2,311518,37,rpm,906,458,36.8,36.8,3925,496,0,1355,1.314,1,COM7
2,311539,37,rpm,702,458,36.8,36.8,3925,496,0,1355,1.314,1,COM7
2,311559,37,rpm,697,458,36.8,36.8,3925,496,0,1355,1.315,1,COM7
2,311580,37,rpm,656,458,36.8,36.8,3925,496,0,1355,1.315,1,COM7
2,311601,37,rpm,565,458,36.8,36.8,3925,496,0,1356,1.315,1,COM7
2,311622,37,rpm,363,458,36.8,36.8,3925,496,0,1356,1.315,1,COM7
2,311643,37,rpm,339,458,36.8,36.8,3925,496,0,1356,1.315,1,COM7
2,311663,37,rpm,-67,458,36.8,36.8,3925,496,0,1356,1.315,1,COM7
2,311684,37,rpm,-188,458,36.8,36.8,3925,496,0,1356,1.315,1,COM7
2,311705,37,rpm,132,458,36.8,36.8,3925,496,0,1356,1.316,1,COM7
2,311726,37,rpm,703,458,36.8,36.8,3925,496,0,1357,1.316,1,COM7
2,311746,37,rpm,628,458,36.8,36.8,3925,496,0,1357,1.316,1,COM7
2,311767,37,rpm,840,458,36.8,36.8,3925,496,0,1357,1.316,1,COM7
2,311788,37,rpm,879,458,36.8,36.8,3925,496,0,1357,1.316,1,COM7
2,311809,37,rpm,623,458,36.8,36.8,3925,496,0,1357,1.316,1,COM7
2,311829,37,rpm,598,458,36.8,36.8,3925,496,0,1357,1.317,1,COM7
2,311850,37,rpm,621,458,36.8,36.8,3925,496,0,1357,1.317,1,COM7
2,311871,37,rpm,452,458,36.8,36.8,3925,496,0,1358,1.317,1,COM7
2,311892,37,rpm,338,458,36.8,36.8,3925,496,0,1358,1.317,1,COM7
2,311912,37,rpm,142,458,36.8,36.8,3925,496,0,1358,1.317,1,COM7
2,311933,37,rpm,-361,458,36.8,36.8,3925,496,0,1358,1.317,1,COM7
2,311954,37,rpm,77,458,36.8,36.8,3925,496,0,1358,1.317,1,COM7
2,311975,37,rpm,489,458,36.8,36.8,3925,496,0,1358,1.318,1,COM7
2,311995,37,rpm,660,458,36.8,36.8,3925,496,0,1359,1.318,1,COM7
2,312016,37,rpm,897,458,36.8,36.8,3925,496,0,1359,1.318,1,COM7
2,312037,37,rpm,839,458,36.8,36.8,3925,496,0,1359,1.318,1,COM7
2,312058,37,rpm,611,458,36.8,36.8,3925,496,0,1359,1.318,1,COM7
2,312078,37,rpm,710,458,36.8,36.8,3925,496,0,1359,1.318,1,COM7
2,312099,37,rpm,594,458,36.8,36.8,3925,496,0,1359,1.319,1,COM7
2,312120,37,rpm,468,458,36.8,36.8,3925,496,0,1360,1.319,1,COM7
2,312141,37,rpm,391,458,36.8,36.8,3925,496,0,1360,1.319,1,COM7
2,312161,37,rpm,293,458,36.8,36.8,3925,496,0,1360,1.319,1,COM7
2,312182,37,rpm,-328,458,36.8,36.8,3925,496,0,1360,1.319,1,COM7
2,312203,37,rpm,9,458,36.8,36.8,3925,496,0,1360,1.319,1,COM7
2,312224,37,rpm,250,458,36.8,36.8,3925,496,0,1360,1.319,1,COM7
2,312245,37,rpm,674,458,36.8,36.8,3925,496,0,1360,1.32,1,COM7
2,312265,37,rpm,721,458,36.8,36.8,3925,496,0,1361,1.32,1,COM7
2,312286,37,rpm,874,458,36.8,36.8,3925,496,0,1361,1.32,1,COM7
2,312307,37,rpm,866,458,36.8,36.8,3925,496,0,1361,1.32,1,COM7
2,312328,37,rpm,598,458,36.8,36.8,3925,496,0,1361,1.32,1,COM7
2,312348,37,rpm,599,458,36.8,36.8,3925,496,0,1361,1.32,1,COM7
2,312369,37,rpm,605,458,36.8,36.8,3925,496,0,1361,1.321,1,COM7
2,312390,37,rpm,410,458,36.8,36.8,3925,496,0,1362,1.321,1,COM7
2,312411,37,rpm,300,458,36.8,36.8,3925,496,0,1362,1.321,1,COM7
2,312431,37,rpm,-31,458,36.8,36.8,3925,496,0,1362,1.321,1,COM7
2,312452,37,rpm,-236,458,36.8,36.8,3925,496,0,1362,1.321,1,COM7
2,312473,37,rpm,112,458,36.8,36.8,3925,496,0,1362,1.321,1,COM7
2,312494,37,rpm,644,458,36.8,36.8,3925,496,0,1362,1.321,1,COM7
2,312514,37,rpm,695,458,36.8,36.8,3925,496,0,1363,1.322,1,COM7
2,312535,37,rpm,873,458,36.8,36.8,3925,496,0,1363,1.322,1,COM7
2,312556,37,rpm,785,458,36.8,36.8,3925,496,0,1363,1.322,1,COM7
2,312577,37,rpm,673,458,36.8,36.8,3925,496,0,1363,1.322,1,COM7
2,312597,37,rpm,682,459,36.8,36.8,3925,496,0,1363,1.322,1,COM7
2,312618,37,rpm,556,459,36.8,36.8,3925,496,0,1363,1.322,1,COM7
2,312639,37,rpm,444,459,36.8,36.8,3925,496,0,1363,1.323,1,COM7
2,312660,37,rpm,379,459,36.8,36.8,3925,496,0,1364,1.323,1,COM7
2,312680,37,rpm,218,459,36.8,36.8,3925,496,0,1364,1.323,1,COM7
2,312701,37,rpm,-377,459,36.8,36.8,3925,496,0,1364,1.323,1,COM7
2,312722,37,rpm,58,459,36.8,36.8,3925,496,0,1364,1.323,1,COM7
2,312743,37,rpm,407,459,36.8,36.8,3925,496,0,1364,1.323,1,COM7
2,312763,37,rpm,652,459,36.8,36.8,3925,496,0,1364,1.323,1,COM7
2,312784,37,rpm,830,459,36.8,36.8,3925,496,0,1365,1.324,1,COM7
2,312805,37,rpm,928,459,36.8,36.8,3925,496,0,1365,1.324,1,COM7
2,312826,37,rpm,718,459,36.8,36.8,3925,496,0,1365,1.324,1,COM7
2,312847,37,rpm,554,459,36.8,36.8,3925,496,0,1365,1.324,1,COM7
2,312867,37,rpm,596,459,36.8,36.8,3925,496,0,1365,1.324,1,COM7
2,312888,37,rpm,566,459,36.8,36.8,3925,496,0,1365,1.324,1,COM7
2,312909,37,rpm,346,459,36.8,36.8,3925,496,0,1366,1.325,1,COM7
2,312930,37,rpm,285,459,36.8,36.8,3925,496,0,1366,1.325,1,COM7
2,312950,37,rpm,-344,459,36.8,36.8,3925,496,0,1366,1.325,1,COM7
2,312971,37,rpm,20,459,36.8,36.8,3925,496,0,1366,1.325,1,COM7
2,312992,37,rpm,246,459,36.8,36.8,3925,496,0,1366,1.325,1,COM7
2,313013,37,rpm,762,459,36.8,36.8,3925,496,0,1366,1.325,1,COM7
2,313033,37,rpm,791,459,36.8,36.8,3925,496,0,1366,1.325,1,COM7
2,313054,37,rpm,820,459,36.8,36.8,3925,496,0,1367,1.326,1,COM7
2,313075,37,rpm,790,459,36.8,36.8,3925,496,0,1367,1.326,1,COM7
2,313096,37,rpm,643,459,36.8,36.8,3925,496,0,1367,1.326,1,COM7
2,313116,37,rpm,648,459,36.8,36.8,3925,496,0,1367,1.326,1,COM7
2,313137,37,rpm,491,459,36.8,36.8,3925,496,0,1367,1.326,1,COM7
2,313158,37,rpm,355,459,36.8,36.8,3925,496,0,1367,1.326,1,COM7
2,313179,37,rpm,283,459,36.8,36.8,3925,496,0,1368,1.327,1,COM7
2,313199,37,rpm,-332,459,36.8,36.8,3925,496,0,1368,1.327,1,COM7
2,313220,37,rpm,-5,459,36.8,36.8,3925,496,0,1368,1.327,1,COM7
2,313241,37,rpm,252,459,36.8,36.8,3925,496,0,1368,1.327,1,COM7
2,313262,37,rpm,717,459,36.8,36.8,3925,496,0,1368,1.327,1,COM7
2,313282,37,rpm,658,459,36.8,36.8,3925,496,0,1368,1.327,1,COM7
2,313303,37,rpm,966,459,36.8,36.8,3925,496,0,1369,1.327,1,COM7
2,313324,37,rpm,784,459,36.8,36.8,3925,496,0,1369,1.328,1,COM7
2,313345,37,rpm,597,459,36.8,36.8,3925,496,0,1369,1.328,1,COM7
2,313366,37,rpm,639,459,36.8,36.8,3925,496,0,1369,1.328,1,COM7
2,313386,37,rpm,576,459,36.8,36.8,3925,496,0,1369,1.328,1,COM7
2,313407,37,rpm,434,459,36.8,36.8,3925,496,0,1369,1.328,1,COM7
2,313428,37,rpm,281,459,36.8,36.8,3925,496,0,1370,1.328,1,COM7
2,313449,37,rpm,-40,459,36.8,36.8,3925,496,0,1370,1.329,1,COM7
2,313469,37,rpm,-208,459,36.8,36.8,3925,496,0,1370,1.329,1,COM7
2,313490,37,rpm,115,459,36.8,36.8,3925,496,0,1370,1.329,1,COM7
2,313511,37,rpm,580,459,36.8,36.8,3925,496,0,1370,1.329,1,COM7
2,313532,37,rpm,821,459,36.8,36.8,3925,496,0,1370,1.329,1,COM7
2,313552,37,rpm,797,459,36.8,36.8,3925,496,0,1370,1.329,1,COM7
2,313573,37,rpm,745,459,36.8,36.8,3925,496,0,1371,1.329,1,COM7
2,313594,37,rpm,785,459,36.8,36.8,3925,496,0,1371,1.33,1,COM7
2,313615,37,rpm,587,459,36.8,36.8,3925,496,0,1371,1.33,1,COM7
2,313635,37,rpm,554,459,36.8,36.8,3925,496,0,1371,1.33,1,COM7
2,313656,37,rpm,504,459,36.8,36.8,3925,496,0,1371,1.33,1,COM7
2,313677,37,rpm,338,459,36.8,36.8,3925,496,0,1371,1.33,1,COM7
2,313698,37,rpm,236,459,36.8,36.8,3925,496,0,1372,1.33,1,COM7
2,313718,37,rpm,-389,459,36.8,36.8,3925,496,0,1372,1.331,1,COM7
2,313739,37,rpm,53,459,36.8,36.8,3925,496,0,1372,1.331,1,COM7
2,313760,37,rpm,376,459,36.8,36.8,3925,496,0,1372,1.331,1,COM7
2,313781,37,rpm,715,459,36.8,36.8,3925,496,0,1372,1.331,1,COM7
2,313801,37,rpm,709,459,36.8,36.8,3925,496,0,1372,1.331,1,COM7
2,313822,37,rpm,951,459,36.8,36.8,3925,496,0,1373,1.331,1,COM7
2,313843,37,rpm,739,459,36.8,36.8,3925,496,0,1373,1.332,1,COM7
2,313864,37,rpm,552,459,36.8,36.8,3925,496,0,1373,1.332,1,COM7
2,313884,37,rpm,676,459,36.8,36.8,3925,496,0,1373,1.332,1,COM7
2,313905,37,rpm,520,459,36.8,36.8,3925,496,0,1373,1.332,1,COM7
2,313926,37,rpm,365,459,36.8,36.8,3925,496,0,1373,1.332,1,COM7
2,313947,37,rpm,306,459,36.8,36.8,3925,496,0,1373,1.332,1,COM7
2,313968,37,rpm,-253,459,36.8,36.8,3925,496,0,1374,1.332,1,COM7
2,313988,37,rpm,-76,459,36.8,36.8,3925,496,0,1374,1.333,1,COM7
2,314009,37,rpm,197,459,36.8,36.8,3925,496,0,1374,1.333,1,COM7
2,314030,37,rpm,730,459,36.8,36.8,3925,496,0,1374,1.333,1,COM7
2,314051,37,rpm,797,459,36.8,36.8,3925,496,0,1374,1.333,1,COM7
2,314071,37,rpm,755,459,36.8,36.8,3925,496,0,1374,1.333,1,COM7
2,314092,37,rpm,765,459,36.8,36.8,3925,496,0,1375,1.333,1,COM7
2,314113,37,rpm,742,459,36.8,36.8,3925,496,0,1375,1.334,1,COM7
2,314134,37,rpm,553,459,36.8,36.8,3925,496,0,1375,1.334,1,COM7
2,314154,37,rpm,518,459,36.8,36.8,3925,496,0,1375,1.334,1,COM7
2,314175,37,rpm,500,459,36.8,36.8,3925,496,0,1375,1.334,1,COM7
2,314196,37,rpm,297,459,36.8,36.8,3925,496,0,1375,1.334,1,COM7
2,314217,37,rpm,76,459,36.8,36.8,3925,496,0,1376,1.334,1,COM7
2,314237,37,rpm,-313,459,36.8,36.8,3925,496,0,1376,1.334,1,COM7
2,314258,37,rpm,110,459,36.8,36.8,3925,496,0,1376,1.335,1,COM7
2,314279,37,rpm,502,459,36.8,36.8,3925,496,0,1376,1.335,1,COM7
2,314300,37,rpm,747,459,36.8,36.8,3925,496,0,1376,1.335,1,COM7
2,314320,37,rpm,843,459,36.8,36.8,3925,496,0,1376,1.335,1,COM7
2,314341,37,rpm,852,459,36.8,36.8,3925,496,0,1376,1.335,1,COM7
2,314362,37,rpm,684,459,36.8,36.8,3925,496,0,1377,1.335,1,COM7
2,314383,37,rpm,601,459,36.8,36.8,3925,496,0,1377,1.336,1,COM7
2,314403,37,rpm,618,459,36.8,36.8,3925,496,0,1377,1.336,1,COM7
2,314424,37,rpm,468,459,36.8,36.8,3925,496,0,1377,1.336,1,COM7
2,314445,37,rpm,314,459,36.8,36.8,3925,496,0,1377,1.336,1,COM7
2,314466,37,rpm,248,459,36.8,36.8,3925,496,0,1377,1.336,1,COM7
2,314486,37,rpm,-388,459,36.8,36.8,3925,496,0,1378,1.336,1,COM7
2,314507,37,rpm,55,459,36.8,36.8,3925,496,0,1378,1.336,1,COM7
2,314528,37,rpm,415,459,36.8,36.8,3925,496,0,1378,1.337,1,COM7
2,314549,37,rpm,737,459,36.8,36.8,3925,496,0,1378,1.337,1,COM7
2,314569,37,rpm,813,459,36.8,36.8,3925,496,0,1378,1.337,1,COM7
2,314590,37,rpm,822,459,36.8,36.8,3925,496,0,1378,1.337,1,COM7
2,314611,37,rpm,810,459,36.8,36.8,3925,496,0,1379,1.337,1,COM7
2,314632,37,rpm,645,459,36.8,36.8,3925,496,0,1379,1.337,1,COM7
2,314652,37,rpm,538,459,36.8,36.8,3925,496,0,1379,1.337,1,COM7
2,314673,37,rpm,483,459,36.8,36.8,3925,496,0,1379,1.338,1,COM7
2,314694,37,rpm,374,458,36.8,36.8,3925,496,0,1379,1.338,1,COM7
2,314715,37,rpm,216,458,36.8,36.8,3925,496,0,1379,1.338,1,COM7
2,314735,37,rpm,-366,458,36.8,36.8,3925,496,0,1379,1.338,1,COM7
2,314756,37,rpm,58,458,36.8,36.8,3925,496,0,1380,1.338,1,COM7
2,314777,37,rpm,400,458,36.8,36.8,3925,496,0,1380,1.338,1,COM7
2,314798,37,rpm,646,458,36.8,36.8,3925,496,0,1380,1.339,1,COM7
2,314818,37,rpm,944,458,36.8,36.8,3925,496,0,1380,1.339,1,COM7
2,314839,37,rpm,789,458,36.8,36.8,3925,496,0,1380,1.339,1,COM7
2,314860,37,rpm,677,458,36.8,36.8,3925,496,0,1380,1.339,1,COM7
2,314881,37,rpm,712,458,36.8,36.8,3925,496,0,1381,1.339,1,COM7
2,314902,37,rpm,580,458,36.8,36.8,3925,496,0,1381,1.339,1,COM7
2,314922,37,rpm,529,458,36.8,36.8,3925,496,0,1381,1.34,1,COM7
2,314943,37,rpm,363,458,36.8,36.8,3925,496,0,1381,1.34,1,COM7
2,314964,37,rpm,306,458,36.8,36.8,3925,496,0,1381,1.34,1,COM7
2,314985,37,rpm,-207,458,36.8,36.8,3925,496,0,1381,1.34,1,COM7
2,315005,37,rpm,-75,458,36.8,36.8,3925,496,0,1382,1.34,1,COM7
2,315026,37,rpm,179,458,36.8,36.8,3925,496,0,1382,1.34,1,COM7
2,315047,37,rpm,722,458,36.8,36.8,3925,496,0,1382,1.34,1,COM7
2,315068,37,rpm,752,458,36.8,36.8,3925,496,0,1382,1.341,1,COM7
2,315088,37,rpm,743,458,36.8,36.8,3925,496,0,1382,1.341,1,COM7
2,315109,37,rpm,861,458,36.8,36.8,3925,496,0,1382,1.341,1,COM7
2,315130,37,rpm,665,458,36.8,36.8,3925,496,0,1383,1.341,1,COM7
2,315151,37,rpm,567,458,36.8,36.8,3925,496,0,1383,1.341,1,COM7
2,315171,37,rpm,557,458,36.8,36.8,3925,496,0,1383,1.341,1,COM7
2,315192,37,rpm,465,458,36.8,36.8,3925,496,0,1383,1.342,1,COM7
2,315213,37,rpm,315,458,36.8,36.8,3925,496,0,1383,1.342,1,COM7
2,315234,37,rpm,58,458,36.8,36.8,3925,496,0,1383,1.342,1,COM7
2,315255,37,rpm,-268,458,36.8,36.8,3925,496,0,1383,1.342,1,COM7
2,315275,37,rpm,99,458,36.8,36.8,3925,496,0,1384,1.342,1,COM7
2,315296,37,rpm,521,458,36.8,36.8,3925,496,0,1384,1.342,1,COM7
2,315317,37,rpm,721,458,36.8,36.8,3925,496,0,1384,1.342,1,COM7
2,315338,37,rpm,927,458,36.8,36.8,3925,496,0,1384,1.343,1,COM7
2,315358,37,rpm,751,458,36.8,36.8,3925,496,0,1384,1.343,1,COM7
2,315379,37,rpm,660,458,36.8,36.8,3925,496,0,1384,1.343,1,COM7
2,315400,37,rpm,731,458,36.8,36.8,3925,496,0,1385,1.343,1,COM7
2,315421,37,rpm,531,458,36.8,36.8,3925,496,0,1385,1.343,1,COM7
2,315441,37,rpm,466,458,36.8,36.8,3925,496,0,1385,1.343,1,COM7
2,315462,37,rpm,402,458,36.8,36.8,3925,496,0,1385,1.344,1,COM7
2,315483,37,rpm,240,458,36.8,36.8,3925,496,0,1385,1.344,1,COM7
2,315504,37,rpm,-387,458,36.8,36.8,3925,496,0,1385,1.344,1,COM7
2,315524,37,rpm,44,458,36.8,36.8,3925,496,0,1386,1.344,1,COM7
2,315545,37,rpm,335,458,36.8,36.8,3925,496,0,1386,1.344,1,COM7
2,315566,37,rpm,732,458,36.8,36.8,3925,496,0,1386,1.344,1,COM7
2,315587,37,rpm,817,458,36.8,36.8,3925,496,0,1386,1.344,1,COM7
2,315607,37,rpm,795,458,36.8,36.8,3925,496,0,1386,1.345,1,COM7
2,315628,37,rpm,794,458,36.8,36.8,3925,496,0,1386,1.345,1,COM7
2,315649,37,rpm,656,458,36.8,36.8,3925,496,0,1386,1.345,1,COM7
2,315670,37,rpm,553,458,36.8,36.8,3925,496,0,1387,1.345,1,COM7
2,315690,37,rpm,586,458,36.8,36.8,3925,496,0,1387,1.345,1,COM7
2,315711,37,rpm,403,458,36.8,36.8,3925,496,0,1387,1.345,1,COM7
2,315732,37,rpm,271,458,36.8,36.8,3925,496,0,1387,1.346,1,COM7
2,315753,37,rpm,-167,458,36.8,36.8,3925,496,0,1387,1.346,1,COM7
2,315773,37,rpm,-118,458,36.8,36.8,3925,496,0,1387,1.346,1,COM7
2,315794,37,rpm,155,458,36.8,36.8,3925,496,0,1388,1.346,1,COM7
2,315815,37,rpm,637,458,36.8,36.8,3925,496,0,1388,1.346,1,COM7
2,315836,37,rpm,774,458,36.8,36.8,3925,496,0,1388,1.346,1,COM7
2,315857,37,rpm,946,458,36.8,36.8,3925,496,0,1388,1.346,1,COM7
2,315877,37,rpm,642,458,36.8,36.8,3925,496,0,1388,1.347,1,COM7
2,315898,37,rpm,719,458,36.8,36.8,3925,496,0,1388,1.347,1,COM7
2,315919,37,rpm,685,458,36.8,36.8,3925,496,0,1389,1.347,1,COM7
2,315940,37,rpm,506,458,36.8,36.8,3925,496,0,1389,1.347,1,COM7
2,315960,37,rpm,422,458,36.8,36.8,3925,496,0,1389,1.347,1,COM7
2,315981,37,rpm,355,458,36.8,36.8,3925,496,0,1389,1.347,1,COM7
2,316002,37,rpm,2,458,36.8,36.8,3925,496,0,1389,1.347,1,COM7
2,316023,37,rpm,-263,458,36.8,36.8,3925,496,0,1389,1.348,1,COM7
2,316043,37,rpm,116,458,36.8,36.8,3925,496,0,1389,1.348,1,COM7
2,316064,37,rpm,584,458,36.8,36.8,3925,496,0,1390,1.348,1,COM7
2,316085,37,rpm,696,458,36.8,36.8,3925,496,0,1390,1.348,1,COM7
2,316106,37,rpm,901,458,36.8,36.8,3925,496,0,1390,1.348,1,COM7
2,316126,37,rpm,871,458,36.8,36.8,3925,496,0,1390,1.348,1,COM7
2,316147,37,rpm,663,458,36.8,36.8,3925,496,0,1390,1.349,1,COM7
2,316168,37,rpm,636,458,36.8,36.8,3925,496,0,1390,1.349,1,COM7
2,316189,37,rpm,538,458,36.8,36.8,3925,496,0,1391,1.349,1,COM7
2,316209,37,rpm,484,458,36.8,36.8,3925,496,0,1391,1.349,1,COM7
2,316230,37,rpm,311,458,36.8,36.8,3925,496,0,1391,1.349,1,COM7
2,316251,37,rpm,79,458,36.8,36.8,3925,496,0,1391,1.349,1,COM7
2,316272,37,rpm,-299,458,36.8,36.8,3925,496,0,1391,1.349,1,COM7
2,316292,37,rpm,100,458,36.8,36.8,3925,496,0,1391,1.35,1,COM7
2,316313,37,rpm,498,458,36.8,36.8,3925,496,0,1392,1.35,1,COM7
2,316334,37,rpm,783,458,36.8,36.8,3925,496,0,1392,1.35,1,COM7
2,316355,37,rpm,891,458,36.8,36.8,3925,496,0,1392,1.35,1,COM7
2,316375,37,rpm,736,458,36.8,36.8,3925,496,0,1392,1.35,1,COM7
2,316396,37,rpm,698,458,36.8,36.8,3925,496,0,1392,1.35,1,COM7
2,316417,37,rpm,666,458,36.8,36.8,3925,496,0,1392,1.351,1,COM7
2,316438,37,rpm,591,458,36.8,36.8,3925,496,0,1393,1.351,1,COM7
2,316459,37,rpm,431,458,36.8,36.8,3925,496,0,1393,1.351,1,COM7
2,316479,37,rpm,361,458,36.8,36.8,3925,496,0,1393,1.351,1,COM7
2,316500,37,rpm,242,458,36.8,36.8,3925,496,0,1393,1.351,1,COM7
2,316521,37,rpm,-357,458,36.8,36.8,3925,496,0,1393,1.351,1,COM7
2,316542,37,rpm,36,458,36.8,36.8,3925,496,0,1393,1.351,1,COM7
2,316562,37,rpm,409,458,36.8,36.8,3925,496,0,1393,1.352,1,COM7
2,316583,37,rpm,672,458,36.8,36.8,3925,496,0,1394,1.352,1,COM7
2,316604,37,rpm,749,458,36.8,36.8,3925,496,0,1394,1.352,1,COM7
2,316625,37,rpm,971,458,36.8,36.8,3925,496,0,1394,1.352,1,COM7
2,316645,37,rpm,687,458,36.8,36.8,3925,496,0,1394,1.352,1,COM7
2,316666,37,rpm,610,458,36.8,36.8,3925,496,0,1394,1.352,1,COM7
2,316687,37,rpm,645,458,36.8,36.8,3925,496,0,1394,1.353,1,COM7
2,316708,37,rpm,517,458,36.8,36.8,3925,496,0,1395,1.353,1,COM7
2,316729,37,rpm,404,458,36.8,36.8,3925,496,0,1395,1.353,1,COM7
2,316749,37,rpm,295,458,36.8,36.8,3925,496,0,1395,1.353,1,COM7
2,316770,37,rpm,-150,458,36.8,36.8,3925,496,0,1395,1.353,1,COM7
2,316791,37,rpm,-137,458,36.8,36.8,3925,496,0,1395,1.353,1,COM7
2,316812,37,rpm,161,458,36.8,36.8,3925,496,0,1395,1.353,1,COM7
2,316832,37,rpm,607,458,36.8,36.8,3925,496,0,1396,1.354,1,COM7
2,316853,37,rpm,796,458,36.8,36.8,3925,496,0,1396,1.354,1,COM7
2,316874,37,rpm,849,458,36.8,36.8,3925,496,0,1396,1.354,1,COM7
2,316895,37,rpm,724,458,36.8,36.8,3925,496,0,1396,1.354,1,COM7
2,316915,37,rpm,761,458,36.8,36.8,3925,496,0,1396,1.354,1,COM7
2,316936,37,rpm,629,458,36.8,36.8,3925,496,0,1396,1.354,1,COM7
2,316957,37,rpm,532,458,36.8,36.8,3925,496,0,1396,1.355,1,COM7
2,316978,37,rpm,468,458,36.8,36.8,3925,496,0,1397,1.355,1,COM7
2,316998,37,rpm,357,458,36.8,36.8,3925,496,0,1397,1.355,1,COM7
2,317019,37,rpm,121,458,36.8,36.8,3925,496,0,1397,1.355,1,COM7
2,317040,37,rpm,-359,458,36.8,36.8,3925,496,0,1397,1.355,1,COM7
2,317060,37,rpm,85,458,36.8,36.8,3925,496,0,1397,1.355,1,COM7
2,317081,37,rpm,540,458,36.8,36.8,3925,496,0,1397,1.355,1,COM7
2,317102,37,rpm,648,458,36.8,36.8,3925,496,0,1398,1.356,1,COM7
2,317123,37,rpm,876,458,36.8,36.8,3925,496,0,1398,1.356,1,COM7
2,317144,37,rpm,871,458,36.8,36.8,3925,496,0,1398,1.356,1,COM7
2,317164,37,rpm,639,458,36.8,36.8,3925,496,0,1398,1.356,1,COM7
2,317185,37,rpm,624,458,36.8,36.8,3925,496,0,1398,1.356,1,COM7
2,317206,37,rpm,644,458,36.8,36.8,3925,496,0,1398,1.356,1,COM7
2,317227,37,rpm,477,458,36.8,36.8,3925,496,0,1399,1.357,1,COM7
2,317247,37,rpm,340,458,36.8,36.8,3925,496,0,1399,1.357,1,COM7
2,317268,37,rpm,290,458,36.8,36.8,3925,496,0,1399,1.357,1,COM7
2,317289,37,rpm,-376,458,36.8,36.8,3925,496,0,1399,1.357,1,COM7
2,317310,37,rpm,20,458,36.8,36.8,3925,496,0,1399,1.357,1,COM7
2,317330,37,rpm,289,458,36.8,36.8,3925,496,0,1399,1.357,1,COM7
2,317351,37,rpm,688,458,36.8,36.8,3925,496,0,1399,1.357,1,COM7
2,317372,37,rpm,840,458,36.8,36.8,3925,496,0,1400,1.358,1,COM7
2,317393,37,rpm,878,458,36.8,36.8,3925,496,0,1400,1.358,1,COM7
2,317413,37,rpm,668,458,36.8,36.8,3925,496,0,1400,1.358,1,COM7
2,317434,37,rpm,702,458,36.8,36.8,3925,496,0,1400,1.358,1,COM7
2,317455,37,rpm,603,458,36.8,36.8,3925,496,0,1400,1.358,1,COM7
2,317476,37,rpm,478,458,36.8,36.8,3925,496,0,1400,1.358,1,COM7
2,317496,37,rpm,447,458,36.8,36.8,3925,496,0,1401,1.359,1,COM7
2,317517,37,rpm,315,458,36.8,36.8,3925,496,0,1401,1.359,1,COM7
2,317538,37,rpm,-186,458,36.8,36.8,3925,496,0,1401,1.359,1,COM7
2,317559,37,rpm,-98,458,36.8,36.8,3925,496,0,1401,1.359,1,COM7
2,317580,37,rpm,190,458,36.8,36.8,3925,496,0,1401,1.359,1,COM7
2,317600,37,rpm,634,458,36.8,36.8,3925,496,0,1401,1.359,1,COM7
2,317621,37,rpm,765,458,36.8,36.8,3925,496,0,1402,1.359,1,COM7
2,317642,37,rpm,900,458,36.8,36.8,3925,496,0,1402,1.36,1,COM7
2,317663,37,rpm,829,458,36.8,36.8,3925,496,0,1402,1.36,1,COM7
2,317683,37,rpm,571,458,36.8,36.8,3925,496,0,1402,1.36,1,COM7
2,317704,37,rpm,684,458,36.8,36.8,3925,496,0,1402,1.36,1,COM7
2,317725,37,rpm,584,458,36.8,36.8,3925,496,0,1402,1.36,1,COM7
2,317746,37,rpm,353,458,36.8,36.8,3925,496,0,1402,1.36,1,COM7
2,317766,37,rpm,316,458,36.8,36.8,3925,496,0,1403,1.361,1,COM7
2,317787,37,rpm,-125,458,36.8,36.8,3925,496,0,1403,1.361,1,COM7
2,317808,37,rpm,-127,458,36.8,36.8,3925,496,0,1403,1.361,1,COM7
2,317829,37,rpm,137,458,36.8,36.8,3925,496,0,1403,1.361,1,COM7
2,317849,37,rpm,713,458,36.8,36.8,3925,496,0,1403,1.361,1,COM7
2,317870,37,rpm,699,458,36.8,36.8,3925,496,0,1403,1.361,1,COM7
2,317891,37,rpm,808,458,36.8,36.8,3925,496,0,1404,1.361,1,COM7
2,317912,37,rpm,843,458,36.8,36.8,3925,496,0,1404,1.362,1,COM7
2,317932,37,rpm,640,458,36.8,36.8,3925,496,0,1404,1.362,1,COM7
2,317953,37,rpm,643,458,36.8,36.8,3925,496,0,1404,1.362,1,COM7
2,317974,37,rpm,529,458,36.8,36.8,3925,496,0,1404,1.362,1,COM7
2,317995,37,rpm,471,458,36.8,36.8,3925,496,0,1404,1.362,1,COM7
2,318015,37,rpm,340,458,36.8,36.8,3925,496,0,1405,1.362,1,COM7
2,318036,37,rpm,96,458,36.8,36.8,3925,496,0,1405,1.363,1,COM7
2,318057,37,rpm,-332,458,36.8,36.8,3925,496,0,1405,1.363,1,COM7
2,318078,37,rpm,91,458,36.8,36.8,3925,496,0,1405,1.363,1,COM7
2,318098,37,rpm,541,458,36.8,36.8,3925,496,0,1405,1.363,1,COM7
2,318119,37,rpm,615,458,36.8,36.8,3925,496,0,1405,1.363,1,COM7
2,318140,37,rpm,917,458,36.8,36.8,3925,496,0,1405,1.363,1,COM7
2,318161,37,rpm,833,458,36.8,36.8,3925,496,0,1406,1.363,1,COM7
2,318182,37,rpm,633,458,36.8,36.8,3925,496,0,1406,1.364,1,COM7
2,318202,37,rpm,641,458,36.8,36.8,3925,496,0,1406,1.364,1,COM7
2,318223,37,rpm,613,458,36.8,36.8,3925,496,0,1406,1.364,1,COM7
2,318244,37,rpm,513,458,36.8,36.8,3925,496,0,1406,1.364,1,COM7
2,318265,37,rpm,340,458,36.8,36.8,3925,496,0,1406,1.364,1,COM7
2,318285,37,rpm,291,458,36.8,36.8,3925,496,0,1407,1.364,1,COM7
2,318306,37,rpm,-353,458,36.8,36.8,3925,496,0,1407,1.365,1,COM7
2,318327,37,rpm,27,458,36.8,36.8,3925,496,0,1407,1.365,1,COM7
2,318348,37,rpm,263,458,36.8,36.8,3925,496,0,1407,1.365,1,COM7
2,318368,37,rpm,759,458,36.8,36.8,3925,496,0,1407,1.365,1,COM7
2,318389,37,rpm,650,458,36.8,36.8,3925,496,0,1407,1.365,1,COM7
2,318410,37,rpm,866,458,36.8,36.8,3925,496,0,1408,1.365,1,COM7
2,318431,37,rpm,872,458,36.8,36.8,3925,496,0,1408,1.365,1,COM7
2,318451,37,rpm,593,458,36.8,36.8,3925,496,0,1408,1.366,1,COM7
2,318472,37,rpm,577,458,36.8,36.8,3925,496,0,1408,1.366,1,COM7
2,318493,37,rpm,608,458,36.8,36.8,3925,496,0,1408,1.366,1,COM7
2,318514,37,rpm,391,458,36.8,36.8,3925,496,0,1408,1.366,1,COM7
2,318534,37,rpm,319,458,36.8,36.8,3925,496,0,1408,1.366,1,COM7
2,318555,37,rpm,-103,458,36.8,36.8,3925,496,0,1409,1.366,1,COM7
2,318576,37,rpm,-191,458,36.8,36.8,3925,496,0,1409,1.367,1,COM7
2,318597,37,rpm,147,458,36.8,36.8,3925,496,0,1409,1.367,1,COM7
2,318618,37,rpm,654,458,36.8,36.8,3925,496,0,1409,1.367,1,COM7
2,318638,37,rpm,650,458,36.8,36.8,3925,496,0,1409,1.367,1,COM7
2,318659,37,rpm,967,458,36.8,36.8,3925,496,0,1409,1.367,1,COM7
2,318680,37,rpm,781,458,36.8,36.8,3925,496,0,1410,1.367,1,COM7
2,318701,37,rpm,660,458,36.8,36.8,3925,496,0,1410,1.367,1,COM7
2,318721,37,rpm,657,458,36.8,36.8,3925,496,0,1410,1.368,1,COM7
2,318742,37,rpm,575,458,36.8,36.8,3925,496,0,1410,1.368,1,COM7
2,318763,37,rpm,424,458,36.8,36.8,3925,496,0,1410,1.368,1,COM7
2,318784,37,rpm,340,458,36.8,36.8,3925,496,0,1410,1.368,1,COM7
2,318805,37,rpm,194,458,36.8,36.8,3925,496,0,1411,1.368,1,COM7
2,318825,37,rpm,-386,458,36.8,36.8,3925,496,0,1411,1.368,1,COM7
2,318846,37,rpm,68,458,36.8,36.8,3925,496,0,1411,1.369,1,COM7
2,318867,37,rpm,461,458,36.8,36.8,3925,496,0,1411,1.369,1,COM7
2,318888,37,rpm,776,458,36.8,36.8,3925,496,0,1411,1.369,1,COM7
2,318908,37,rpm,758,458,36.8,36.8,3925,496,0,1411,1.369,1,COM7
2,318929,37,rpm,822,458,36.8,36.8,3925,496,0,1412,1.369,1,COM7
2,318950,37,rpm,778,458,36.8,36.8,3925,496,0,1412,1.369,1,COM7
2,318971,37,rpm,592,458,36.8,36.8,3925,496,0,1412,1.369,1,COM7
2,318991,37,rpm,565,458,36.8,36.8,3925,496,0,1412,1.37,1,COM7
2,319012,37,rpm,562,458,36.8,36.8,3925,496,0,1412,1.37,1,COM7
2,319033,37,rpm,349,458,36.8,36.8,3925,496,0,1412,1.37,1,COM7
2,319054,37,rpm,273,458,36.8,36.8,3925,496,0,1412,1.37,1,COM7
2,319074,37,rpm,-368,458,36.8,36.8,3925,496,0,1413,1.37,1,COM7
2,319095,37,rpm,32,458,36.8,36.8,3925,496,0,1413,1.37,1,COM7
2,319116,37,rpm,270,458,36.8,36.8,3925,496,0,1413,1.371,1,COM7
2,319137,37,rpm,732,458,36.8,36.8,3925,496,0,1413,1.371,1,COM7
2,319157,37,rpm,812,458,36.8,36.8,3925,496,0,1413,1.371,1,COM7
2,319178,37,rpm,896,458,36.8,36.8,3925,496,0,1413,1.371,1,COM7
2,319199,37,rpm,700,458,36.8,36.8,3925,496,0,1414,1.371,1,COM7
2,319220,37,rpm,685,458,36.8,36.8,3925,496,0,1414,1.371,1,COM7
2,319240,37,rpm,657,458,36.8,36.8,3925,496,0,1414,1.371,1,COM7
2,319261,37,rpm,498,458,36.8,36.8,3925,496,0,1414,1.372,1,COM7
2,319282,37,rpm,340,458,36.8,36.8,3925,496,0,1414,1.372,1,COM7
2,319303,37,rpm,287,458,36.8,36.8,3925,496,0,1414,1.372,1,COM7
2,319323,37,rpm,-370,458,36.8,36.8,3925,496,0,1415,1.372,1,COM7
2,319344,37,rpm,14,458,36.8,36.8,3925,496,0,1415,1.372,1,COM7
2,319365,37,rpm,274,458,36.8,36.8,3925,496,0,1415,1.372,1,COM7
2,319386,37,rpm,735,458,36.8,36.8,3925,496,0,1415,1.373,1,COM7
2,319407,37,rpm,755,458,36.8,36.8,3925,496,0,1415,1.373,1,COM7
2,319427,37,rpm,856,458,36.8,36.8,3925,496,0,1415,1.373,1,COM7
2,319448,37,rpm,779,458,36.8,36.8,3925,496,0,1415,1.373,1,COM7
2,319469,37,rpm,697,458,36.8,36.8,3925,496,0,1416,1.373,1,COM7
2,319489,37,rpm,541,458,36.8,36.8,3925,496,0,1416,1.373,1,COM7
2,319510,37,rpm,541,458,36.8,36.8,3925,496,0,1416,1.373,1,COM7
2,319531,37,rpm,450,458,36.8,36.8,3925,496,0,1416,1.374,1,COM7
2,319552,37,rpm,263,458,36.8,36.8,3925,496,0,1416,1.374,1,COM7
2,319572,37,rpm,-61,458,36.8,36.8,3925,496,0,1416,1.374,1,COM7
2,319593,37,rpm,-181,458,36.8,36.8,3925,496,0,1417,1.374,1,COM7
2,319614,37,rpm,134,458,36.8,36.8,3925,496,0,1417,1.374,1,COM7
2,319635,37,rpm,597,458,36.8,36.8,3925,496,0,1417,1.374,1,COM7
2,319655,37,rpm,821,458,36.8,36.8,3925,496,0,1417,1.375,1,COM7
2,319676,37,rpm,804,458,36.8,36.8,3925,496,0,1417,1.375,1,COM7
2,319697,37,rpm,743,458,36.8,36.8,3925,496,0,1417,1.375,1,COM7
2,319718,37,rpm,743,458,36.8,36.8,3925,496,0,1418,1.375,1,COM7
2,319738,37,rpm,599,458,36.8,36.8,3925,496,0,1418,1.375,1,COM7
2,319759,37,rpm,590,458,36.8,36.8,3925,496,0,1418,1.375,1,COM7
2,319780,37,rpm,452,458,36.8,36.8,3925,496,0,1418,1.375,1,COM7
2,319801,37,rpm,340,458,36.8,36.8,3925,496,0,1418,1.376,1,COM7
2,319821,37,rpm,222,458,36.8,36.8,3925,496,0,1418,1.376,1,COM7
2,319842,37,rpm,-372,458,36.8,36.8,3925,496,0,1418,1.376,1,COM7
2,319863,37,rpm,57,458,36.8,36.8,3925,496,0,1419,1.376,1,COM7
2,319884,37,rpm,418,458,36.8,36.8,3925,496,0,1419,1.376,1,COM7
2,319904,37,rpm,682,458,36.8,36.8,3925,496,0,1419,1.376,1,COM7
2,319925,37,rpm,742,458,36.8,36.8,3925,496,0,1419,1.377,1,COM7
2,319946,37,rpm,972,458,36.8,36.8,3925,496,0,1419,1.377,1,COM7
2,319967,37,rpm,729,458,36.8,36.8,3925,496,0,1419,1.377,1,COM7
2,319988,37,rpm,571,458,36.8,36.8,3925,496,0,1420,1.377,1,COM7
2,320008,37,rpm,642,458,36.8,36.8,3925,496,0,1420,1.377,1,COM7
2,320029,37,rpm,533,458,36.8,36.8,3925,496,0,1420,1.377,1,COM7
2,320050,37,rpm,377,458,36.8,36.8,3925,496,0,1420,1.377,1,COM7
2,320071,37,rpm,273,458,36.8,36.8,3925,496,0,1420,1.378,1,COM7
2,320091,37,rpm,-297,458,36.8,36.8,3925,496,0,1420,1.378,1,COM7
2,320112,37,rpm,-22,458,36.8,36.8,3925,496,0,1421,1.378,1,COM7
2,320133,37,rpm,228,458,36.8,36.8,3925,496,0,1421,1.378,1,COM7
2,320154,37,rpm,684,458,36.8,36.8,3925,496,0,1421,1.378,1,COM7
2,320174,37,rpm,874,458,36.8,36.8,3925,496,0,1421,1.378,1,COM7
2,320195,37,rpm,782,458,36.8,36.8,3925,496,0,1421,1.379,1,COM7
2,320216,37,rpm,716,458,36.8,36.8,3925,496,0,1421,1.379,1,COM7
2,320237,37,rpm,761,458,36.8,36.8,3925,496,0,1421,1.379,1,COM7
2,320257,37,rpm,578,458,36.8,36.8,3925,496,0,1422,1.379,1,COM7
2,320278,37,rpm,507,458,36.8,36.8,3925,496,0,1422,1.379,1,COM7
2,320299,37,rpm,463,458,36.8,36.8,3925,496,0,1422,1.379,1,COM7
2,320320,37,rpm,306,458,36.8,36.8,3925,496,0,1422,1.379,1,COM7
2,320340,37,rpm,13,458,36.8,36.8,3925,496,0,1422,1.38,1,COM7
2,320361,37,rpm,-300,458,36.8,36.8,3925,496,0,1422,1.38,1,COM7
2,320382,37,rpm,114,458,36.8,36.8,3925,496,0,1423,1.38,1,COM7
2,320403,37,rpm,567,458,36.8,36.8,3925,496,0,1423,1.38,1,COM7
2,320423,37,rpm,746,458,36.8,36.8,3925,496,0,1423,1.38,1,COM7
2,320444,37,rpm,811,458,36.8,36.8,3925,496,0,1423,1.38,1,COM7
2,320465,37,rpm,891,458,36.8,36.8,3925,496,0,1423,1.381,1,COM7
2,320486,37,rpm,669,458,36.8,36.8,3925,496,0,1423,1.381,1,COM7
2,320506,37,rpm,548,458,36.8,36.8,3925,496,0,1424,1.381,1,COM7
2,320527,37,rpm,632,458,36.8,36.8,3925,496,0,1424,1.381,1,COM7
2,320548,37,rpm,491,458,36.8,36.8,3925,496,0,1424,1.381,1,COM7
2,320569,37,rpm,302,458,36.8,36.8,3925,496,0,1424,1.381,1,COM7
2,320589,37,rpm,209,458,36.8,36.8,3925,496,0,1424,1.381,1,COM7
2,320610,37,rpm,-389,458,36.8,36.8,3925,496,0,1424,1.382,1,COM7
2,320631,37,rpm,75,458,36.8,36.8,3925,496,0,1425,1.382,1,COM7
2,320652,37,rpm,456,458,36.8,36.8,3925,496,0,1425,1.382,1,COM7
2,320672,37,rpm,745,458,36.8,36.8,3925,496,0,1425,1.382,1,COM7
2,320693,37,rpm,933,458,36.8,36.8,3925,496,0,1425,1.382,1,COM7
2,320714,37,rpm,722,458,36.8,36.8,3925,496,0,1425,1.382,1,COM7
2,320735,37,rpm,728,458,36.8,36.8,3925,496,0,1425,1.383,1,COM7
2,320756,37,rpm,701,458,36.8,36.8,3925,496,0,1425,1.383,1,COM7
2,320776,37,rpm,515,458,36.8,36.8,3925,496,0,1426,1.383,1,COM7
2,320797,37,rpm,491,458,36.8,36.8,3925,496,0,1426,1.383,1,COM7
2,320818,37,rpm,372,458,36.8,36.8,3925,496,0,1426,1.383,1,COM7
2,320839,37,rpm,181,458,36.8,36.8,3925,496,0,1426,1.383,1,COM7
2,320859,37,rpm,-368,458,36.8,36.8,3925,496,0,1426,1.383,1,COM7
2,320880,37,rpm,68,458,36.8,36.8,3925,496,0,1426,1.384,1,COM7
2,320901,37,rpm,433,458,36.8,36.8,3925,496,0,1427,1.384,1,COM7
2,320922,37,rpm,666,458,36.8,36.8,3925,496,0,1427,1.384,1,COM7
2,320942,37,rpm,901,458,36.8,36.8,3925,496,0,1427,1.384,1,COM7
2,320963,37,rpm,799,458,36.8,36.8,3925,496,0,1427,1.384,1,COM7
2,320984,37,rpm,739,458,36.8,36.8,3925,496,0,1427,1.384,1,COM7
2,321004,37,rpm,644,458,36.8,36.8,3925,496,0,1427,1.385,1,COM7
2,321025,37,rpm,543,458,36.8,36.8,3925,496,0,1428,1.385,1,COM7
2,321046,37,rpm,567,458,36.8,36.8,3925,496,0,1428,1.385,1,COM7
2,321067,37,rpm,379,458,36.8,36.8,3925,496,0,1428,1.385,1,COM7
2,321087,37,rpm,263,458,36.8,36.8,3925,496,0,1428,1.385,1,COM7
2,321108,37,rpm,-247,458,36.8,36.8,3925,496,0,1428,1.385,1,COM7
2,321129,37,rpm,-40,458,36.8,36.8,3925,496,0,1428,1.385,1,COM7
2,321150,37,rpm,178,458,36.8,36.8,3925,496,0,1428,1.386,1,COM7
2,321170,37,rpm,715,458,36.8,36.8,3925,496,0,1429,1.386,1,COM7
2,321191,37,rpm,785,458,36.8,36.8,3925,496,0,1429,1.386,1,COM7
2,321212,37,rpm,750,458,36.8,36.8,3925,496,0,1429,1.386,1,COM7
2,321232,37,rpm,812,458,36.8,36.8,3925,496,0,1429,1.386,1,COM7
2,321253,37,rpm,679,458,36.8,36.8,3925,496,0,1429,1.386,1,COM7
2,321274,37,rpm,586,458,36.8,36.8,3925,496,0,1429,1.387,1,COM7
2,321295,37,rpm,532,458,36.8,36.8,3925,496,0,1430,1.387,1,COM7
2,321316,37,rpm,437,458,36.8,36.8,3925,496,0,1430,1.387,1,COM7
2,321336,37,rpm,338,458,36.8,36.8,3925,496,0,1430,1.387,1,COM7
2,321357,37,rpm,22,458,36.8,36.8,3925,496,0,1430,1.387,1,COM7
2,321378,37,rpm,-278,458,36.8,36.8,3925,496,0,1430,1.387,1,COM7
2,321398,37,rpm,110,458,36.8,36.8,3925,496,0,1430,1.387,1,COM7
2,321419,37,rpm,524,458,36.8,36.8,3925,496,0,1431,1.388,1,COM7
2,321440,37,rpm,679,458,36.8,36.8,3925,496,0,1431,1.388,1,COM7
2,321461,37,rpm,979,458,36.8,36.8,3925,496,0,1431,1.388,1,COM7
2,321481,37,rpm,772,458,36.8,36.8,3925,496,0,1431,1.388,1,COM7
2,321502,37,rpm,631,458,36.8,36.8,3925,496,0,1431,1.388,1,COM7
2,321523,37,rpm,724,458,36.8,36.8,3925,496,0,1431,1.388,1,COM7
2,321544,37,rpm,557,458,36.8,36.8,3925,496,0,1431,1.389,1,COM7
2,321564,37,rpm,462,458,36.8,36.8,3925,496,0,1432,1.389,1,COM7
2,321585,37,rpm,382,458,36.8,36.8,3925,496,0,1432,1.389,1,COM7
2,321606,37,rpm,231,458,36.8,36.8,3925,496,0,1432,1.389,1,COM7
2,321627,37,rpm,-402,458,36.8,36.8,3925,496,0,1432,1.389,1,COM7
2,321647,37,rpm,49,458,36.8,36.8,3925,496,0,1432,1.389,1,COM7
2,321668,37,rpm,345,458,36.8,36.8,3925,496,0,1432,1.389,1,COM7
2,321689,37,rpm,759,458,36.8,36.8,3925,496,0,1433,1.39,1,COM7
2,321710,37,rpm,799,458,36.8,36.8,3925,496,0,1433,1.39,1,COM7
2,321730,37,rpm,769,458,36.8,36.8,3925,496,0,1433,1.39,1,COM7
2,321751,37,rpm,822,458,36.8,36.8,3925,496,0,1433,1.39,1,COM7
2,321772,37,rpm,641,458,36.8,36.8,3925,496,0,1433,1.39,1,COM7
2,321793,37,rpm,542,458,36.8,36.8,3925,496,0,1433,1.39,1,COM7
2,321813,37,rpm,587,458,36.8,36.8,3925,496,0,1434,1.391,1,COM7
2,321834,37,rpm,405,458,36.8,36.8,3925,496,0,1434,1.391,1,COM7
2,321855,37,rpm,275,458,36.8,36.8,3925,496,0,1434,1.391,1,COM7
2,321876,37,rpm,-188,458,36.8,36.8,3925,496,0,1434,1.391,1,COM7
2,321896,37,rpm,-96,458,36.8,36.8,3925,496,0,1434,1.391,1,COM7
2,321917,37,rpm,163,458,36.8,36.8,3925,496,0,1434,1.391,1,COM7
2,321938,37,rpm,626,458,36.8,36.8,3925,496,0,1434,1.391,1,COM7
2,321959,37,rpm,816,458,36.8,36.8,3925,496,0,1435,1.392,1,COM7
2,321979,37,rpm,957,458,36.8,36.8,3925,496,0,1435,1.392,1,COM7
2,322000,37,rpm,693,458,36.8,36.8,3925,496,0,1435,1.392,1,COM7
2,322021,37,rpm,614,458,36.8,36.8,3925,496,0,1435,1.392,1,COM7
2,322042,37,rpm,695,458,36.8,36.8,3925,496,0,1435,1.392,1,COM7
2,322062,37,rpm,519,458,36.8,36.8,3925,496,0,1435,1.392,1,COM7
2,322083,37,rpm,408,458,36.8,36.8,3925,496,0,1436,1.393,1,COM7
2,322104,37,rpm,370,458,36.8,36.8,3925,496,0,1436,1.393,1,COM7
2,322125,37,rpm,-9,458,36.8,36.8,3925,496,0,1436,1.393,1,COM7
2,322145,37,rpm,-248,458,36.8,36.8,3925,496,0,1436,1.393,1,COM7
2,322166,37,rpm,122,458,36.8,36.8,3925,496,0,1436,1.393,1,COM7
2,322187,37,rpm,589,458,36.8,36.8,3925,496,0,1436,1.393,1,COM7
2,322208,37,rpm,722,458,36.8,36.8,3925,496,0,1437,1.393,1,COM7
2,322229,37,rpm,899,458,36.8,36.8,3925,496,0,1437,1.394,1,COM7
2,322249,37,rpm,753,458,36.8,36.8,3925,496,0,1437,1.394,1,COM7
2,322270,37,rpm,773,458,36.8,36.8,3925,496,0,1437,1.394,1,COM7
2,322291,37,rpm,612,458,36.8,36.8,3925,496,0,1437,1.394,1,COM7
2,322312,37,rpm,526,458,36.8,36.8,3925,496,0,1437,1.394,1,COM7
2,322332,37,rpm,478,458,36.8,36.8,3925,496,0,1438,1.394,1,COM7
2,322353,37,rpm,311,458,36.8,36.8,3925,496,0,1438,1.395,1,COM7
2,322374,37,rpm,60,458,36.8,36.8,3925,496,0,1438,1.395,1,COM7
2,322395,37,rpm,-287,458,36.8,36.8,3925,496,0,1438,1.395,1,COM7
2,322415,37,rpm,98,458,36.8,36.8,3925,496,0,1438,1.395,1,COM7
2,322436,37,rpm,517,458,36.8,36.8,3925,496,0,1438,1.395,1,COM7
2,322457,37,rpm,750,458,36.8,36.8,3925,496,0,1438,1.395,1,COM7
2,322478,37,rpm,898,458,36.8,36.8,3925,496,0,1439,1.395,1,COM7
2,322499,37,rpm,788,458,36.8,36.8,3925,496,0,1439,1.396,1,COM7
2,322519,37,rpm,666,458,36.8,36.8,3925,496,0,1439,1.396,1,COM7
2,322540,37,rpm,635,458,36.8,36.8,3925,496,0,1439,1.396,1,COM7
2,322561,37,rpm,631,458,36.8,36.8,3925,496,0,1439,1.396,1,COM7
2,322582,37,rpm,401,458,36.8,36.8,3925,496,0,1439,1.396,1,COM7
2,322602,37,rpm,384,458,36.8,36.8,3925,496,0,1440,1.396,1,COM7
2,322623,37,rpm,225,458,36.8,36.8,3925,496,0,1440,1.397,1,COM7
2,322644,37,rpm,-381,458,36.8,36.8,3925,496,0,1440,1.397,1,COM7
2,322665,37,rpm,47,458,36.8,36.8,3925,496,0,1440,1.397,1,COM7
2,322686,37,rpm,443,458,36.8,36.8,3925,496,0,1440,1.397,1,COM7
2,322706,37,rpm,676,458,36.8,36.8,3925,496,0,1440,1.397,1,COM7
2,322727,37,rpm,737,458,36.8,36.8,3925,496,0,1441,1.397,1,COM7
2,322748,37,rpm,942,458,36.8,36.8,3925,496,0,1441,1.397,1,COM7
2,322769,37,rpm,690,458,36.8,36.8,3925,496,0,1441,1.398,1,COM7
2,322789,37,rpm,625,458,36.8,36.8,3925,496,0,1441,1.398,1,COM7
2,322810,37,rpm,612,458,36.8,36.8,3925,496,0,1441,1.398,1,COM7
2,322831,37,rpm,504,458,36.8,36.8,3925,496,0,1441,1.398,1,COM7
2,322851,37,rpm,409,458,36.8,36.8,3925,496,0,1441,1.398,1,COM7
2,322872,37,rpm,305,458,36.8,36.8,3925,496,0,1442,1.398,1,COM7
2,322893,37,rpm,-172,458,36.8,36.8,3925,496,0,1442,1.399,1,COM7
2,322914,37,rpm,-109,458,36.8,36.8,3925,496,0,1442,1.399,1,COM7
2,322935,37,rpm,174,458,36.8,36.8,3925,496,0,1442,1.399,1,COM7
2,322955,37,rpm,583,458,36.8,36.8,3925,496,0,1442,1.399,1,COM7
2,322976,37,rpm,830,458,36.8,36.8,3925,496,0,1442,1.399,1,COM7
2,322997,37,rpm,881,458,36.8,36.8,3925,496,0,1443,1.399,1,COM7
2,323018,37,rpm,682,458,36.8,36.8,3925,496,0,1443,1.399,1,COM7
2,323038,37,rpm,751,458,36.8,36.8,3925,496,0,1443,1.4,1,COM7
2,323059,37,rpm,649,458,36.8,36.8,3925,496,0,1443,1.4,1,COM7
2,323080,37,rpm,509,458,36.8,36.8,3925,496,0,1443,1.4,1,COM7
2,323101,37,rpm,470,458,36.8,36.8,3925,496,0,1443,1.4,1,COM7
2,323121,37,rpm,339,458,36.8,36.8,3925,496,0,1444,1.4,1,COM7
2,323142,37,rpm,101,458,36.8,36.8,3925,496,0,1444,1.4,1,COM7
2,323163,37,rpm,-337,458,36.8,36.8,3925,496,0,1444,1.401,1,COM7
2,323184,37,rpm,91,458,36.8,36.8,3925,496,0,1444,1.401,1,COM7
2,323205,37,rpm,596,458,36.8,36.8,3925,496,0,1444,1.401,1,COM7
2,323225,37,rpm,642,458,36.8,36.8,3925,496,0,1444,1.401,1,COM7
2,323246,37,rpm,792,458,36.8,36.8,3925,496,0,1444,1.401,1,COM7
2,323267,37,rpm,974,458,36.8,36.8,3925,496,0,1445,1.401,1,COM7
2,323288,37,rpm,633,458,36.8,36.8,3925,496,0,1445,1.401,1,COM7
2,323309,37,rpm,586,458,36.8,36.8,3925,496,0,1445,1.402,1,COM7
2,323329,37,rpm,661,458,36.8,36.8,3925,496,0,1445,1.402,1,COM7
2,323350,37,rpm,470,458,36.8,36.8,3925,496,0,1445,1.402,1,COM7
2,323371,37,rpm,353,458,36.8,36.8,3925,496,0,1445,1.402,1,COM7
2,323392,37,rpm,270,458,36.8,36.8,3925,496,0,1446,1.402,1,COM7
2,323412,37,rpm,-372,458,36.8,36.8,3925,496,0,1446,1.402,1,COM7
2,323433,37,rpm,29,458,36.8,36.8,3925,496,0,1446,1.403,1,COM7
2,323454,37,rpm,310,458,36.8,36.8,3925,496,0,1446,1.403,1,COM7
2,323475,37,rpm,671,458,36.8,36.8,3925,496,0,1446,1.403,1,COM7
2,323495,37,rpm,876,458,36.8,36.8,3925,496,0,1446,1.403,1,COM7
2,323516,37,rpm,867,458,36.8,36.8,3925,496,0,1447,1.403,1,COM7
2,323537,37,rpm,625,458,36.8,36.8,3925,496,0,1447,1.403,1,COM7
2,323558,37,rpm,733,458,36.8,36.8,3925,496,0,1447,1.403,1,COM7
2,323578,37,rpm,613,458,36.8,36.8,3925,496,0,1447,1.404,1,COM7
2,323599,37,rpm,475,458,36.8,36.8,3925,496,0,1447,1.404,1,COM7
2,323620,37,rpm,417,458,36.8,36.8,3925,496,0,1447,1.404,1,COM7
2,323641,37,rpm,317,458,36.8,36.8,3925,496,0,1447,1.404,1,COM7
2,323661,37,rpm,-226,458,36.8,36.8,3925,496,0,1448,1.404,1,COM7
2,323682,37,rpm,-85,458,36.8,36.8,3925,496,0,1448,1.404,1,COM7
2,323703,37,rpm,191,458,36.8,36.8,3925,496,0,1448,1.405,1,COM7
2,323724,37,rpm,717,458,36.8,36.8,3925,496,0,1448,1.405,1,COM7
2,323744,37,rpm,658,458,36.8,36.8,3925,496,0,1448,1.405,1,COM7
2,323765,37,rpm,984,458,36.8,36.8,3925,496,0,1448,1.405,1,COM7
2,323786,37,rpm,855,458,36.8,36.8,3925,496,0,1449,1.405,1,COM7
2,323807,37,rpm,631,458,36.8,36.8,3925,496,0,1449,1.405,1,COM7
2,323827,37,rpm,574,458,36.8,36.8,3925,496,0,1449,1.405,1,COM7
2,323848,37,rpm,613,458,36.8,36.8,3925,496,0,1449,1.406,1,COM7
2,323869,37,rpm,377,458,36.8,36.8,3925,496,0,1449,1.406,1,COM7
2,323890,37,rpm,274,458,36.8,36.8,3925,496,0,1449,1.406,1,COM7
2,323910,37,rpm,-167,458,36.8,36.8,3925,496,0,1450,1.406,1,COM7
2,323931,37,rpm,-103,458,36.8,36.8,3925,496,0,1450,1.406,1,COM7
2,323952,37,rpm,143,458,36.8,36.8,3925,496,0,1450,1.406,1,COM7
2,323973,37,rpm,691,458,36.8,36.8,3925,496,0,1450,1.407,1,COM7
2,323994,37,rpm,725,458,36.8,36.8,3925,496,0,1450,1.407,1,COM7
2,324014,37,rpm,885,458,36.8,36.8,3925,496,0,1450,1.407,1,COM7
2,324035,37,rpm,753,458,36.8,36.8,3925,496,0,1451,1.407,1,COM7
2,324056,37,rpm,662,458,36.8,36.8,3925,496,0,1451,1.407,1,COM7
2,324077,37,rpm,673,458,36.8,36.8,3925,496,0,1451,1.407,1,COM7
2,324097,37,rpm,545,458,36.8,36.8,3925,496,0,1451,1.407,1,COM7
2,324118,37,rpm,410,458,36.8,36.8,3925,496,0,1451,1.408,1,COM7
2,324139,37,rpm,362,458,36.8,36.8,3925,496,0,1451,1.408,1,COM7
2,324160,37,rpm,43,458,36.8,36.8,3925,496,0,1451,1.408,1,COM7
2,324180,37,rpm,-269,458,36.8,36.8,3925,496,0,1452,1.408,1,COM7
2,324201,37,rpm,93,458,36.8,36.8,3925,496,0,1452,1.408,1,COM7
2,324222,37,rpm,547,458,36.8,36.8,3925,496,0,1452,1.408,1,COM7
2,324243,37,rpm,658,458,36.8,36.8,3925,496,0,1452,1.409,1,COM7
2,324263,37,rpm,833,458,36.8,36.8,3925,496,0,1452,1.409,1,COM7
2,324284,37,rpm,864,458,36.8,36.8,3925,496,0,1452,1.409,1,COM7
2,324305,37,rpm,664,458,36.8,36.8,3925,496,0,1453,1.409,1,COM7
2,324325,37,rpm,587,458,36.8,36.8,3925,496,0,1453,1.409,1,COM7
2,324346,37,rpm,602,458,36.8,36.8,3925,496,0,1453,1.409,1,COM7
2,324367,37,rpm,533,458,36.8,36.8,3925,496,0,1453,1.409,1,COM7
2,324388,37,rpm,334,458,36.8,36.8,3925,496,0,1453,1.41,1,COM7
2,324409,37,rpm,272,458,36.8,36.8,3925,496,0,1453,1.41,1,COM7
2,324429,37,rpm,-375,458,36.8,36.8,3925,496,0,1454,1.41,1,COM7
2,324450,37,rpm,34,458,36.8,36.8,3925,496,0,1454,1.41,1,COM7
2,324471,37,rpm,277,458,36.8,36.8,3925,496,0,1454,1.41,1,COM7
2,324492,37,rpm,782,458,36.8,36.8,3925,496,0,1454,1.41,1,COM7
2,324512,37,rpm,715,458,36.8,36.8,3925,496,0,1454,1.411,1,COM7
2,324533,37,rpm,811,458,36.8,36.8,3925,496,0,1454,1.411,1,COM7
2,324554,37,rpm,854,458,36.8,36.8,3925,496,0,1454,1.411,1,COM7
2,324575,37,rpm,625,458,36.8,36.8,3925,496,0,1455,1.411,1,COM7
2,324595,37,rpm,567,458,36.8,36.8,3925,496,0,1455,1.411,1,COM7
2,324616,37,rpm,555,458,36.8,36.8,3925,496,0,1455,1.411,1,COM7
2,324637,37,rpm,409,458,36.8,36.8,3925,496,0,1455,1.411,1,COM7
2,324658,37,rpm,313,458,36.8,36.8,3925,496,0,1455,1.412,1,COM7
2,324678,37,rpm,-129,458,36.8,36.8,3925,496,0,1455,1.412,1,COM7
2,324699,37,rpm,-180,458,36.8,36.8,3925,496,0,1456,1.412,1,COM7
2,324720,37,rpm,163,458,36.8,36.8,3925,496,0,1456,1.412,1,COM7
2,324741,37,rpm,672,458,36.8,36.8,3925,496,0,1456,1.412,1,COM7
2,324761,37,rpm,633,458,36.8,36.8,3925,496,0,1456,1.412,1,COM7
2,324782,37,rpm,949,458,36.8,36.8,3925,496,0,1456,1.413,1,COM7
2,324803,37,rpm,788,458,36.8,36.8,3925,496,0,1456,1.413,1,COM7
2,324824,37,rpm,595,458,36.8,36.8,3925,496,0,1457,1.413,1,COM7
2,324845,37,rpm,685,458,36.8,36.8,3925,496,0,1457,1.413,1,COM7
2,324865,37,rpm,582,458,36.8,36.8,3925,496,0,1457,1.413,1,COM7
2,324886,37,rpm,457,458,36.8,36.8,3925,496,0,1457,1.413,1,COM7
2,324907,37,rpm,312,458,36.8,36.8,3925,496,0,1457,1.413,1,COM7
2,324928,37,rpm,178,458,36.8,36.8,3925,496,0,1457,1.414,1,COM7
2,324948,37,rpm,-407,458,36.8,36.8,3925,496,0,1457,1.414,1,COM7
2,324969,37,rpm,73,458,36.8,36.8,3925,496,0,1458,1.414,1,COM7
2,324990,37,rpm,449,458,36.8,36.8,3925,496,0,1458,1.414,1,COM7
2,325011,37,rpm,780,458,36.8,36.8,3925,496,0,1458,1.414,1,COM7
2,325031,37,rpm,790,458,36.8,36.8,3925,496,0,1458,1.414,1,COM7
2,325052,37,rpm,805,458,36.8,36.8,3925,496,0,1458,1.415,1,COM7
2,325073,37,rpm,788,458,36.8,36.8,3925,496,0,1458,1.415,1,COM7
2,325094,37,rpm,580,458,36.8,36.8,3925,496,0,1459,1.415,1,COM7
2,325114,37,rpm,538,458,36.8,36.8,3925,496,0,1459,1.415,1,COM7
2,325135,37,rpm,560,458,36.8,36.8,3925,496,0,1459,1.415,1,COM7
2,325156,37,rpm,348,458,36.8,36.8,3925,496,0,1459,1.415,1,COM7
2,325177,37,rpm,264,458,36.8,36.8,3925,496,0,1459,1.415,1,COM7
2,325197,37,rpm,-375,458,36.8,36.8,3925,496,0,1459,1.416,1,COM7
2,325218,37,rpm,47,458,36.8,36.8,3925,496,0,1460,1.416,1,COM7
2,325239,37,rpm,343,458,36.8,36.8,3925,496,0,1460,1.416,1,COM7
2,325260,37,rpm,663,458,36.8,36.8,3925,496,0,1460,1.416,1,COM7
2,325280,37,rpm,860,458,36.8,36.8,3925,496,0,1460,1.416,1,COM7
2,325301,37,rpm,932,458,36.8,36.8,3925,496,0,1460,1.416,1,COM7
2,325322,37,rpm,724,458,36.8,36.8,3925,496,0,1460,1.417,1,COM7
2,325343,37,rpm,570,458,36.8,36.8,3925,496,0,1460,1.417,1,COM7
2,325363,37,rpm,692,458,36.8,36.8,3925,496,0,1461,1.417,1,COM7
2,325384,37,rpm,509,458,36.8,36.8,3925,496,0,1461,1.417,1,COM7
2,325405,37,rpm,328,458,36.8,36.8,3925,496,0,1461,1.417,1,COM7
2,325426,37,rpm,284,458,36.8,36.8,3925,496,0,1461,1.417,1,COM7
2,325446,37,rpm,-361,458,36.8,36.8,3925,496,0,1461,1.417,1,COM7
2,325467,37,rpm,23,458,36.8,36.8,3925,496,0,1461,1.418,1,COM7
2,325488,37,rpm,287,458,36.8,36.8,3925,496,0,1462,1.418,1,COM7
2,325509,37,rpm,736,458,36.8,36.8,3925,496,0,1462,1.418,1,COM7
2,325529,37,rpm,799,458,36.8,36.8,3925,496,0,1462,1.418,1,COM7
2,325550,37,rpm,778,458,36.8,36.8,3925,496,0,1462,1.418,1,COM7
2,325571,37,rpm,763,458,36.8,36.8,3925,496,0,1462,1.418,1,COM7
2,325592,37,rpm,696,458,36.8,36.8,3925,496,0,1462,1.419,1,COM7
2,325612,37,rpm,564,458,36.8,36.8,3925,496,0,1463,1.419,1,COM7
2,325633,37,rpm,534,458,36.8,36.8,3925,496,0,1463,1.419,1,COM7
2,325654,37,rpm,455,458,36.8,36.8,3925,496,0,1463,1.419,1,COM7
2,325675,37,rpm,282,458,36.8,36.8,3925,496,0,1463,1.419,1,COM7
2,325695,37,rpm,-72,458,36.8,36.8,3925,496,0,1463,1.419,1,COM7
2,325716,37,rpm,-196,458,36.8,36.8,3925,496,0,1463,1.419,1,COM7
2,325737,37,rpm,140,458,36.8,36.8,3925,496,0,1463,1.42,1,COM7
2,325758,37,rpm,590,458,36.8,36.8,3925,496,0,1464,1.42,1,COM7
2,325779,37,rpm,798,458,36.8,36.8,3925,496,0,1464,1.42,1,COM7
2,325799,37,rpm,820,458,36.8,36.8,3925,496,0,1464,1.42,1,COM7
2,325820,37,rpm,791,458,36.8,36.8,3925,496,0,1464,1.42,1,COM7
2,325841,37,rpm,683,458,36.8,36.8,3925,496,0,1464,1.42,1,COM7
2,325862,37,rpm,588,458,36.8,36.8,3925,496,0,1464,1.421,1,COM7
2,325883,37,rpm,611,458,36.8,36.8,3925,496,0,1465,1.421,1,COM7
2,325903,37,rpm,439,458,36.8,36.8,3925,496,0,1465,1.421,1,COM7
2,325924,37,rpm,317,458,36.8,36.8,3925,496,0,1465,1.421,1,COM7
2,325945,37,rpm,207,458,36.8,36.8,3925,496,0,1465,1.421,1,COM7
2,325966,37,rpm,-360,458,36.8,36.8,3925,496,0,1465,1.421,1,COM7
2,325986,37,rpm,57,458,36.8,36.8,3925,496,0,1465,1.421,1,COM7
2,326007,37,rpm,452,458,36.8,36.8,3925,496,0,1466,1.422,1,COM7
2,326028,37,rpm,728,458,36.8,36.8,3925,496,0,1466,1.422,1,COM7
2,326049,37,rpm,702,458,36.8,36.8,3925,496,0,1466,1.422,1,COM7
2,326069,37,rpm,945,458,36.8,36.8,3925,496,0,1466,1.422,1,COM7
2,326090,37,rpm,740,458,36.8,36.8,3925,496,0,1466,1.422,1,COM7
2,326111,37,rpm,621,458,36.8,36.8,3925,496,0,1466,1.422,1,COM7
2,326132,37,rpm,588,458,36.8,36.8,3925,496,0,1467,1.423,1,COM7
2,326152,37,rpm,527,458,36.8,36.8,3925,496,0,1467,1.423,1,COM7
2,326173,37,rpm,393,458,36.8,36.8,3925,496,0,1467,1.423,1,COM7
2,326194,37,rpm,264,458,36.8,36.8,3925,496,0,1467,1.423,1,COM7
2,326215,37,rpm,-333,458,36.8,36.8,3925,496,0,1467,1.423,1,COM7
2,326235,37,rpm,2,458,36.8,36.8,3925,496,0,1467,1.423,1,COM7
2,326256,37,rpm,206,458,36.8,36.8,3925,496,0,1467,1.423,1,COM7
2,326277,37,rpm,710,458,36.8,36.8,3925,496,0,1468,1.424,1,COM7
2,326298,37,rpm,860,458,36.8,36.8,3925,496,0,1468,1.424,1,COM7
2,326318,37,rpm,807,458,36.8,36.8,3925,496,0,1468,1.424,1,COM7
2,326339,37,rpm,709,458,36.8,36.8,3925,496,0,1468,1.424,1,COM7
2,326360,37,rpm,734,458,36.8,36.8,3925,496,0,1468,1.424,1,COM7
2,326381,37,rpm,611,458,36.8,36.8,3925,496,0,1468,1.424,1,COM7
2,326401,37,rpm,525,458,36.8,36.8,3925,496,0,1469,1.425,1,COM7
2,326422,37,rpm,443,458,36.8,36.8,3925,496,0,1469,1.425,1,COM7
2,326443,37,rpm,309,458,36.8,36.8,3925,496,0,1469,1.425,1,COM7
2,326464,37,rpm,-6,458,36.8,36.8,3925,496,0,1469,1.425,1,COM7
2,326484,37,rpm,-253,458,36.8,36.8,3925,496,0,1469,1.425,1,COM7
2,326505,37,rpm,117,458,36.8,36.8,3925,496,0,1469,1.425,1,COM7
2,326526,37,rpm,620,458,36.8,36.8,3925,496,0,1470,1.425,1,COM7
2,326547,37,rpm,750,458,36.8,36.8,3925,496,0,1470,1.426,1,COM7
2,326568,37,rpm,762,458,36.8,36.8,3925,496,0,1470,1.426,1,COM7
2,326588,37,rpm,909,458,36.8,36.8,3925,496,0,1470,1.426,1,COM7
2,326609,37,rpm,681,458,36.8,36.8,3925,496,0,1470,1.426,1,COM7
2,326630,37,rpm,535,458,36.8,36.8,3925,496,0,1470,1.426,1,COM7
2,326651,37,rpm,619,458,36.8,36.8,3925,496,0,1470,1.426,1,COM7
2,326671,37,rpm,484,458,36.8,36.8,3925,496,0,1471,1.427,1,COM7
2,326692,37,rpm,332,458,36.8,36.8,3925,496,0,1471,1.427,1,COM7
2,326713,37,rpm,157,458,36.8,36.8,3925,496,0,1471,1.427,1,COM7
2,326733,37,rpm,-358,458,36.8,36.8,3925,496,0,1471,1.427,1,COM7
2,326754,37,rpm,91,458,36.8,36.8,3925,496,0,1471,1.427,1,COM7
2,326775,37,rpm,469,458,36.8,36.8,3925,496,0,1471,1.427,1,COM7
2,326796,37,rpm,743,458,36.8,36.8,3925,496,0,1472,1.427,1,COM7
2,326816,37,rpm,955,458,36.8,36.8,3925,496,0,1472,1.428,1,COM7
2,326837,37,rpm,742,458,36.8,36.8,3925,496,0,1472,1.428,1,COM7
2,326858,37,rpm,698,458,36.8,36.8,3925,496,0,1472,1.428,1,COM7
2,326879,37,rpm,721,458,36.8,36.8,3925,496,0,1472,1.428,1,COM7
2,326899,37,rpm,549,458,36.8,36.8,3925,496,0,1472,1.428,1,COM7
2,326920,37,rpm,437,458,36.8,36.8,3925,496,0,1473,1.428,1,COM7
2,326941,37,rpm,374,458,36.8,36.8,3925,496,0,1473,1.429,1,COM7
2,326961,37,rpm,166,458,36.8,36.8,3925,496,0,1473,1.429,1,COM7
2,326982,37,rpm,-353,458,36.8,36.8,3925,496,0,1473,1.429,1,COM7
2,327003,37,rpm,71,458,36.8,36.8,3925,496,0,1473,1.429,1,COM7
2,327024,37,rpm,461,458,36.8,36.8,3925,496,0,1473,1.429,1,COM7
2,327045,37,rpm,683,458,36.8,36.8,3925,496,0,1473,1.429,1,COM7
2,327065,37,rpm,866,458,36.8,36.8,3925,496,0,1474,1.429,1,COM7
2,327086,37,rpm,792,458,36.8,36.8,3925,496,0,1474,1.43,1,COM7
2,327107,37,rpm,767,458,36.8,36.8,3925,496,0,1474,1.43,1,COM7
2,327128,37,rpm,625,458,36.8,36.8,3925,496,0,1474,1.43,1,COM7
2,327148,37,rpm,548,458,36.8,36.8,3925,496,0,1474,1.43,1,COM7
2,327169,37,rpm,571,458,36.8,36.8,3925,496,0,1474,1.43,1,COM7
2,327190,37,rpm,355,458,36.8,36.8,3925,496,0,1475,1.43,1,COM7
2,327211,37,rpm,263,458,36.8,36.8,3925,496,0,1475,1.431,1,COM7
2,327231,37,rpm,-295,458,36.8,36.8,3925,496,0,1475,1.431,1,COM7
2,327252,37,rpm,-3,458,36.8,36.8,3925,496,0,1475,1.431,1,COM7
2,327273,37,rpm,203,458,36.8,36.8,3925,496,0,1475,1.431,1,COM7
2,327294,37,rpm,726,458,36.8,36.8,3925,496,0,1475,1.431,1,COM7
2,327314,37,rpm,803,458,36.8,36.8,3925,496,0,1476,1.431,1,COM7
2,327335,37,rpm,801,458,36.8,36.8,3925,496,0,1476,1.431,1,COM7
2,327356,37,rpm,722,458,36.8,36.8,3925,496,0,1476,1.432,1,COM7
2,327377,37,rpm,679,458,36.8,36.8,3925,496,0,1476,1.432,1,COM7
2,327397,37,rpm,635,458,36.8,36.8,3925,496,0,1476,1.432,1,COM7
2,327418,37,rpm,506,458,36.8,36.8,3925,496,0,1476,1.432,1,COM7
2,327439,37,rpm,436,458,36.8,36.8,3925,496,0,1476,1.432,1,COM7
2,327460,37,rpm,343,458,36.8,36.8,3925,496,0,1477,1.432,1,COM7
2,327480,37,rpm,-27,458,36.8,36.8,3925,496,0,1477,1.432,1,COM7
2,327501,37,rpm,-239,458,36.8,36.8,3925,496,0,1477,1.433,1,COM7
2,327522,37,rpm,125,458,36.8,36.8,3925,496,0,1477,1.433,1,COM7
2,327543,37,rpm,569,458,36.8,36.8,3925,496,0,1477,1.433,1,COM7
2,327563,37,rpm,646,458,36.8,36.8,3925,496,0,1477,1.433,1,COM7
2,327584,37,rpm,969,458,36.8,36.8,3925,496,0,1478,1.433,1,COM7
2,327605,37,rpm,772,458,36.8,36.8,3925,496,0,1478,1.433,1,COM7
2,327626,37,rpm,650,458,36.8,36.8,3925,496,0,1478,1.434,1,COM7
2,327646,37,rpm,688,458,36.8,36.8,3925,496,0,1478,1.434,1,COM7
2,327667,37,rpm,547,458,36.8,36.8,3925,496,0,1478,1.434,1,COM7
2,327688,37,rpm,503,458,36.8,36.8,3925,496,0,1478,1.434,1,COM7
2,327709,37,rpm,349,458,36.8,36.8,3925,496,0,1479,1.434,1,COM7
2,327730,37,rpm,218,458,36.8,36.8,3925,496,0,1479,1.434,1,COM7
2,327750,37,rpm,-392,458,36.8,36.8,3925,496,0,1479,1.434,1,COM7
2,327771,37,rpm,57,458,36.8,36.8,3925,496,0,1479,1.435,1,COM7
2,327792,37,rpm,359,458,36.8,36.8,3925,496,0,1479,1.435,1,COM7
2,327812,37,rpm,778,458,36.8,36.8,3925,496,0,1479,1.435,1,COM7
2,327833,37,rpm,827,458,36.8,36.8,3925,496,0,1479,1.435,1,COM7
2,327854,37,rpm,732,458,36.8,36.8,3925,496,0,1480,1.435,1,COM7
2,327875,37,rpm,810,458,36.8,36.8,3925,496,0,1480,1.435,1,COM7
2,327895,37,rpm,663,458,36.8,36.8,3925,496,0,1480,1.436,1,COM7
2,327916,37,rpm,571,458,36.8,36.8,3925,496,0,1480,1.436,1,COM7
2,327937,37,rpm,534,458,36.8,36.8,3925,496,0,1480,1.436,1,COM7
2,327958,37,rpm,410,458,36.8,36.8,3925,496,0,1480,1.436,1,COM7
2,327978,37,rpm,285,458,36.8,36.8,3925,496,0,1481,1.436,1,COM7
2,327999,37,rpm,-233,458,36.8,36.8,3925,496,0,1481,1.436,1,COM7
2,328020,37,rpm,-65,458,36.8,36.8,3925,496,0,1481,1.436,1,COM7
2,328041,37,rpm,221,458,36.8,36.8,3925,496,0,1481,1.437,1,COM7
2,328061,37,rpm,636,458,36.8,36.8,3925,496,0,1481,1.437,1,COM7
2,328082,37,rpm,738,458,36.8,36.8,3925,496,0,1481,1.437,1,COM7
2,328103,37,rpm,988,458,36.8,36.8,3925,496,0,1482,1.437,1,COM7
2,328124,37,rpm,697,458,36.8,36.8,3925,496,0,1482,1.437,1,COM7
2,328144,37,rpm,634,458,36.8,36.8,3925,496,0,1482,1.437,1,COM7
2,328165,37,rpm,682,458,36.8,36.8,3925,496,0,1482,1.438,1,COM7
2,328186,37,rpm,530,458,36.8,36.8,3925,496,0,1482,1.438,1,COM7
2,328207,37,rpm,409,458,36.8,36.8,3925,496,0,1482,1.438,1,COM7
2,328228,37,rpm,338,458,36.8,36.8,3925,496,0,1483,1.438,1,COM7
2,328248,37,rpm,-28,458,36.8,36.8,3925,496,0,1483,1.438,1,COM7
2,328269,37,rpm,-232,458,36.8,36.8,3925,496,0,1483,1.438,1,COM7
2,328290,37,rpm,114,458,36.8,36.8,3925,496,0,1483,1.438,1,COM7
2,328311,37,rpm,593,458,36.8,36.8,3925,496,0,1483,1.439,1,COM7
2,328331,37,rpm,802,458,36.8,36.8,3925,496,0,1483,1.439,1,COM7
2,328352,37,rpm,881,458,36.8,36.8,3925,496,0,1483,1.439,1,COM7
2,328373,37,rpm,726,458,36.8,36.8,3925,496,0,1484,1.439,1,COM7
2,328394,37,rpm,774,458,36.8,36.8,3925,496,0,1484,1.439,1,COM7
2,328414,37,rpm,640,458,36.8,36.8,3925,496,0,1484,1.439,1,COM7
2,328435,37,rpm,487,458,36.8,36.8,3925,496,0,1484,1.44,1,COM7
2,328456,37,rpm,486,458,36.8,36.8,3925,496,0,1484,1.44,1,COM7
2,328477,37,rpm,317,458,36.8,36.8,3925,496,0,1484,1.44,1,COM7
2,328498,37,rpm,34,458,36.8,36.8,3925,496,0,1485,1.44,1,COM7
2,328518,37,rpm,-269,458,36.8,36.8,3925,496,0,1485,1.44,1,COM7
2,328539,37,rpm,112,458,36.8,36.8,3925,496,0,1485,1.44,1,COM7
2,328560,37,rpm,565,458,36.8,36.8,3925,496,0,1485,1.44,1,COM7
2,328581,37,rpm,676,458,36.8,36.8,3925,496,0,1485,1.441,1,COM7
2,328601,37,rpm,918,458,36.8,36.8,3925,496,0,1485,1.441,1,COM7
2,328622,37,rpm,829,458,36.8,36.8,3925,496,0,1486,1.441,1,COM7
2,328643,37,rpm,596,458,36.8,36.8,3925,496,0,1486,1.441,1,COM7
2,328664,37,rpm,613,458,36.8,36.8,3925,496,0,1486,1.441,1,COM7
2,328684,37,rpm,664,458,36.8,36.8,3925,496,0,1486,1.441,1,COM7
2,328705,37,rpm,411,458,36.8,36.8,3925,496,0,1486,1.442,1,COM7
2,328726,37,rpm,359,458,36.8,36.8,3925,496,0,1486,1.442,1,COM7
2,328746,37,rpm,219,458,36.8,36.8,3925,496,0,1486,1.442,1,COM7
2,328767,37,rpm,-388,458,36.8,36.8,3925,496,0,1487,1.442,1,COM7
2,328788,37,rpm,48,458,36.8,36.8,3925,496,0,1487,1.442,1,COM7
2,328809,37,rpm,445,458,36.8,36.8,3925,496,0,1487,1.442,1,COM7
2,328829,37,rpm,695,458,36.8,36.8,3925,496,0,1487,1.442,1,COM7
2,328850,37,rpm,769,458,36.8,36.8,3925,496,0,1487,1.443,1,COM7
2,328871,37,rpm,872,458,36.8,36.8,3925,496,0,1487,1.443,1,COM7
2,328892,37,rpm,693,458,36.8,36.8,3925,496,0,1488,1.443,1,COM7
2,328912,37,rpm,662,458,36.8,36.8,3925,496,0,1488,1.443,1,COM7
2,328933,37,rpm,602,458,36.8,36.8,3925,496,0,1488,1.443,1,COM7
2,328954,37,rpm,476,458,36.8,36.8,3925,496,0,1488,1.443,1,COM7
2,328975,37,rpm,425,458,36.8,36.8,3925,496,0,1488,1.444,1,COM7
2,328995,37,rpm,300,458,36.8,36.8,3925,496,0,1488,1.444,1,COM7
2,329016,37,rpm,-216,458,36.8,36.8,3925,496,0,1489,1.444,1,COM7
2,329037,37,rpm,-88,458,36.8,36.8,3925,496,0,1489,1.444,1,COM7
2,329058,37,rpm,185,458,36.8,36.8,3925,496,0,1489,1.444,1,COM7
2,329079,37,rpm,587,458,36.8,36.8,3925,496,0,1489,1.444,1,COM7
2,329099,37,rpm,820,458,36.8,36.8,3925,496,0,1489,1.444,1,COM7
2,329120,37,rpm,898,458,36.8,36.8,3925,496,0,1489,1.445,1,COM7
2,329141,37,rpm,694,458,36.8,36.8,3925,496,0,1489,1.445,1,COM7
2,329162,37,rpm,692,458,36.8,36.8,3925,496,0,1490,1.445,1,COM7
2,329182,37,rpm,643,458,36.8,36.8,3925,496,0,1490,1.445,1,COM7
2,329203,37,rpm,569,458,36.8,36.8,3925,496,0,1490,1.445,1,COM7
2,329224,37,rpm,412,458,36.8,36.8,3925,496,0,1490,1.445,1,COM7
2,329245,37,rpm,340,458,36.8,36.8,3925,496,0,1490,1.446,1,COM7
2,329265,37,rpm,77,458,36.8,36.8,3925,496,0,1490,1.446,1,COM7
2,329286,37,rpm,-308,458,36.8,36.8,3925,496,0,1491,1.446,1,COM7
2,329307,37,rpm,90,458,36.8,36.8,3925,496,0,1491,1.446,1,COM7
2,329328,37,rpm,621,458,36.8,36.8,3925,496,0,1491,1.446,1,COM7
2,329348,37,rpm,661,458,36.8,36.8,3925,496,0,1491,1.446,1,COM7
2,329369,37,rpm,781,458,36.8,36.8,3925,496,0,1491,1.446,1,COM7
2,329390,37,rpm,954,458,36.8,36.8,3925,496,0,1491,1.447,1,COM7
2,329411,37,rpm,633,458,36.8,36.8,3925,496,0,1492,1.447,1,COM7
2,329432,37,rpm,585,458,36.8,36.8,3925,496,0,1492,1.447,1,COM7
2,329452,37,rpm,625,458,36.8,36.8,3925,496,0,1492,1.447,1,COM7
2,329473,37,rpm,482,458,36.8,36.8,3925,496,0,1492,1.447,1,COM7
2,329494,37,rpm,358,458,36.8,36.8,3925,496,0,1492,1.447,1,COM7
2,329515,37,rpm,259,458,36.8,36.8,3925,496,0,1492,1.448,1,COM7
2,329535,37,rpm,-412,458,36.8,36.8,3925,496,0,1492,1.448,1,COM7
2,329556,37,rpm,43,458,36.8,36.8,3925,496,0,1493,1.448,1,COM7
2,329577,37,rpm,346,458,36.8,36.8,3925,496,0,1493,1.448,1,COM7
2,329598,37,rpm,647,458,36.8,36.8,3925,496,0,1493,1.448,1,COM7
2,329618,37,rpm,885,458,36.8,36.8,3925,496,0,1493,1.448,1,COM7
2,329639,37,rpm,854,458,36.8,36.8,3925,496,0,1493,1.448,1,COM7
2,329660,37,rpm,641,458,36.8,36.8,3925,496,0,1493,1.449,1,COM7
2,329681,37,rpm,710,458,36.8,36.8,3925,496,0,1494,1.449,1,COM7
2,329701,37,rpm,615,458,36.8,36.8,3925,496,0,1494,1.449,1,COM7
2,329722,37,rpm,498,458,36.8,36.8,3925,496,0,1494,1.449,1,COM7
2,329743,37,rpm,374,458,36.8,36.8,3925,496,0,1494,1.449,1,COM7
2,329764,37,rpm,307,458,36.8,36.8,3925,496,0,1494,1.449,1,COM7
2,329785,37,rpm,-282,458,36.8,36.8,3925,496,0,1494,1.45,1,COM7
2,329805,37,rpm,-28,458,36.8,36.8,3925,496,0,1495,1.45,1,COM7
2,329826,37,rpm,224,458,36.8,36.8,3925,496,0,1495,1.45,1,COM7
2,329847,37,rpm,750,458,36.8,36.8,3925,496,0,1495,1.45,1,COM7
2,329868,37,rpm,744,458,36.8,36.8,3925,496,0,1495,1.45,1,COM7
2,329889,37,rpm,836,458,36.8,36.8,3925,496,0,1495,1.45,1,COM7
2,329909,37,rpm,876,458,36.8,36.8,3925,496,0,1495,1.45,1,COM7
2,329930,37,rpm,622,458,36.8,36.8,3925,496,0,1495,1.451,1,COM7
2,329951,37,rpm,573,458,36.8,36.8,3925,496,0,1496,1.451,1,COM7
2,329972,37,rpm,590,458,36.8,36.8,3925,496,0,1496,1.451,1,COM7
2,329992,37,rpm,386,458,36.8,36.8,3925,496,0,1496,1.451,1,COM7
2,330013,37,rpm,270,458,36.8,36.8,3925,496,0,1496,1.451,1,COM7
2,330034,37,rpm,-231,458,36.8,36.8,3925,496,0,1496,1.451,1,COM7
2,330055,37,rpm,-62,458,36.8,36.8,3925,496,0,1496,1.452,1,COM7
2,330075,37,rpm,176,458,36.8,36.8,3925,496,0,1497,1.452,1,COM7
2,330096,37,rpm,661,458,36.8,36.8,3925,496,0,1497,1.452,1,COM7
2,330117,37,rpm,744,458,36.8,36.8,3925,496,0,1497,1.452,1,COM7
2,330138,37,rpm,921,458,36.8,36.8,3925,496,0,1497,1.452,1,COM7
2,330158,37,rpm,775,458,36.8,36.8,3925,496,0,1497,1.452,1,COM7
2,330179,37,rpm,652,458,36.8,36.8,3925,496,0,1497,1.452,1,COM7
2,330200,37,rpm,636,458,36.8,36.8,3925,496,0,1498,1.453,1,COM7
2,330221,37,rpm,565,458,36.8,36.8,3925,496,0,1498,1.453,1,COM7
2,330241,37,rpm,393,458,36.8,36.8,3925,496,0,1498,1.453,1,COM7
2,330262,37,rpm,353,458,36.8,36.8,3925,496,0,1498,1.453,1,COM7
2,330283,37,rpm,50,458,36.8,36.8,3925,496,0,1498,1.453,1,COM7
2,330304,37,rpm,-279,458,36.8,36.8,3925,496,0,1498,1.453,1,COM7
2,330324,37,rpm,95,458,36.8,36.8,3925,496,0,1499,1.454,1,COM7
2,330345,37,rpm,570,458,36.8,36.8,3925,496,0,1499,1.454,1,COM7
2,330366,37,rpm,678,458,36.8,36.8,3925,496,0,1499,1.454,1,COM7
2,330387,37,rpm,797,458,36.8,36.8,3925,496,0,1499,1.454,1,COM7
2,330407,37,rpm,842,458,36.8,36.8,3925,496,0,1499,1.454,1,COM7
2,330428,37,rpm,738,458,36.8,36.8,3925,496,0,1499,1.454,1,COM7
2,330449,37,rpm,559,458,36.8,36.8,3925,496,0,1499,1.454,1,COM7
2,330470,37,rpm,581,458,36.8,36.8,3925,496,0,1500,1.455,1,COM7
2,330490,37,rpm,549,458,36.8,36.8,3925,496,0,1500,1.455,1,COM7
2,330511,37,rpm,319,458,36.8,36.8,3925,496,0,1500,1.455,1,COM7
2,330532,37,rpm,269,458,36.8,36.8,3925,496,0,1500,1.455,1,COM7
2,330553,37,rpm,-378,458,36.8,36.8,3925,496,0,1500,1.455,1,COM7
2,330573,37,rpm,43,458,36.8,36.8,3925,496,0,1500,1.455,1,COM7
2,330594,37,rpm,281,458,36.8,36.8,3925,496,0,1501,1.456,1,COM7
2,330615,37,rpm,750,458,36.8,36.8,3925,496,0,1501,1.456,1,COM7
2,330636,37,rpm,745,458,36.8,36.8,3925,496,0,1501,1.456,1,COM7
2,330656,37,rpm,831,458,36.8,36.8,3925,496,0,1501,1.456,1,COM7
2,330677,37,rpm,799,458,36.8,36.8,3925,496,0,1501,1.456,1,COM7
2,330698,37,rpm,610,458,36.8,36.8,3925,496,0,1501,1.456,1,COM7
2,330719,37,rpm,629,458,36.8,36.8,3925,496,0,1502,1.456,1,COM7
2,330739,37,rpm,543,458,36.8,36.8,3925,496,0,1502,1.457,1,COM7
2,330760,37,rpm,372,458,36.8,36.8,3925,496,0,1502,1.457,1,COM7
2,330781,37,rpm,335,458,36.8,36.8,3925,496,0,1502,1.457,1,COM7
2,330802,37,rpm,-155,458,36.8,36.8,3925,496,0,1502,1.457,1,COM7
2,330822,37,rpm,-147,458,36.8,36.8,3925,496,0,1502,1.457,1,COM7
2,330843,37,rpm,176,458,36.8,36.8,3925,496,0,1502,1.457,1,COM7
2,330864,37,rpm,679,458,36.8,36.8,3925,496,0,1503,1.458,1,COM7
2,330885,37,rpm,647,458,36.8,36.8,3925,496,0,1503,1.458,1,COM7
2,330906,37,rpm,936,458,36.8,36.8,3925,496,0,1503,1.458,1,COM7
2,330926,37,rpm,834,458,36.8,36.8,3925,496,0,1503,1.458,1,COM7
2,330947,37,rpm,622,458,36.8,36.8,3925,496,0,1503,1.458,1,COM7
2,330968,37,rpm,625,458,36.8,36.8,3925,496,0,1503,1.458,1,COM7
2,330989,37,rpm,605,458,36.8,36.8,3925,496,0,1504,1.458,1,COM7
2,331009,37,rpm,462,458,36.8,36.8,3925,496,0,1504,1.459,1,COM7
2,331030,37,rpm,301,458,36.8,36.8,3925,496,0,1504,1.459,1,COM7
2,331051,37,rpm,186,458,36.8,36.8,3925,496,0,1504,1.459,1,COM7
2,331072,37,rpm,-364,458,36.8,36.8,3925,496,0,1504,1.459,1,COM7
2,331092,37,rpm,80,458,36.8,36.8,3925,496,0,1504,1.459,1,COM7
2,331113,37,rpm,448,458,36.8,36.8,3925,496,0,1505,1.459,1,COM7
2,331134,37,rpm,824,458,36.8,36.8,3925,496,0,1505,1.46,1,COM7
2,331155,37,rpm,794,458,36.8,36.8,3925,496,0,1505,1.46,1,COM7
2,331176,37,rpm,781,458,36.8,36.8,3925,496,0,1505,1.46,1,COM7
2,331196,37,rpm,783,458,36.8,36.8,3925,496,0,1505,1.46,1,COM7
2,331217,37,rpm,590,458,36.8,36.8,3925,496,0,1505,1.46,1,COM7
2,331238,37,rpm,562,458,36.8,36.8,3925,496,0,1505,1.46,1,COM7
2,331259,37,rpm,502,458,36.8,36.8,3925,496,0,1506,1.46,1,COM7
2,331280,37,rpm,356,458,36.8,36.8,3925,496,0,1506,1.461,1,COM7
2,331300,37,rpm,258,458,36.8,36.8,3925,496,0,1506,1.461,1,COM7
2,331321,37,rpm,-372,458,36.8,36.8,3925,496,0,1506,1.461,1,COM7
2,331342,37,rpm,54,458,36.8,36.8,3925,496,0,1506,1.461,1,COM7
2,331363,37,rpm,403,458,36.8,36.8,3925,496,0,1506,1.461,1,COM7
2,331383,37,rpm,658,458,36.8,36.8,3925,496,0,1507,1.461,1,COM7
2,331404,37,rpm,793,458,36.8,36.8,3925,496,0,1507,1.462,1,COM7
2,331425,37,rpm,949,458,36.8,36.8,3925,496,0,1507,1.462,1,COM7
2,331446,37,rpm,732,458,36.8,36.8,3925,496,0,1507,1.462,1,COM7
2,331466,37,rpm,592,458,36.8,36.8,3925,496,0,1507,1.462,1,COM7
2,331487,37,rpm,645,458,36.8,36.8,3925,496,0,1507,1.462,1,COM7
2,331508,37,rpm,503,458,36.8,36.8,3925,496,0,1508,1.462,1,COM7
2,331529,37,rpm,345,458,36.8,36.8,3925,496,0,1508,1.462,1,COM7
2,331549,37,rpm,256,458,36.8,36.8,3925,496,0,1508,1.463,1,COM7
2,331570,37,rpm,-374,458,36.8,36.8,3925,496,0,1508,1.463,1,COM7
2,331591,37,rpm,42,458,36.8,36.8,3925,496,0,1508,1.463,1,COM7
2,331612,37,rpm,317,458,36.8,36.8,3925,496,0,1508,1.463,1,COM7
2,331632,37,rpm,728,458,36.8,36.8,3925,496,0,1508,1.463,1,COM7
2,331653,37,rpm,896,458,36.8,36.8,3925,496,0,1509,1.463,1,COM7
2,331674,37,rpm,698,458,36.8,36.8,3925,496,0,1509,1.464,1,COM7
2,331695,37,rpm,769,458,36.8,36.8,3925,496,0,1509,1.464,1,COM7
2,331716,37,rpm,752,458,36.8,36.8,3925,496,0,1509,1.464,1,COM7
2,331736,37,rpm,557,458,36.8,36.8,3925,496,0,1509,1.464,1,COM7
2,331757,37,rpm,498,458,36.8,36.8,3925,496,0,1509,1.464,1,COM7
2,331778,37,rpm,445,458,36.8,36.8,3925,496,0,1510,1.464,1,COM7
2,331799,37,rpm,288,458,36.8,36.8,3925,496,0,1510,1.464,1,COM7
2,331820,37,rpm,-121,458,36.8,36.8,3925,496,0,1510,1.465,1,COM7
2,331840,37,rpm,-143,458,36.8,36.8,3925,496,0,1510,1.465,1,COM7
2,331861,37,rpm,159,458,36.8,36.8,3925,496,0,1510,1.465,1,COM7
2,331882,37,rpm,681,458,36.8,36.8,3925,496,0,1510,1.465,1,COM7
2,331903,37,rpm,739,458,36.8,36.8,3925,496,0,1511,1.465,1,COM7
2,331923,37,rpm,853,458,36.8,36.8,3925,496,0,1511,1.465,1,COM7
2,331944,37,rpm,792,458,36.8,36.8,3925,496,0,1511,1.466,1,COM7
2,331965,37,rpm,670,458,36.8,36.8,3925,496,0,1511,1.466,1,COM7
2,331986,37,rpm,560,458,36.8,36.8,3925,496,0,1511,1.466,1,COM7
2,332006,37,rpm,619,458,36.8,36.8,3925,496,0,1511,1.466,1,COM7
2,332027,37,rpm,438,458,36.8,36.8,3925,496,0,1512,1.466,1,COM7
2,332048,37,rpm,301,458,36.8,36.8,3925,496,0,1512,1.466,1,COM7
2,332069,37,rpm,178,458,36.8,36.8,3925,496,0,1512,1.466,1,COM7
2,332089,37,rpm,-341,458,36.8,36.8,3925,496,0,1512,1.467,1,COM7
2,332110,37,rpm,64,458,36.8,36.8,3925,496,0,1512,1.467,1,COM7
2,332131,37,rpm,473,458,36.8,36.8,3925,496,0,1512,1.467,1,COM7
2,332152,37,rpm,735,458,36.8,36.8,3925,496,0,1512,1.467,1,COM7
2,332172,37,rpm,786,458,36.8,36.8,3925,496,0,1513,1.467,1,COM7
2,332193,37,rpm,821,458,36.8,36.8,3925,496,0,1513,1.467,1,COM7
2,332214,37,rpm,724,458,36.8,36.8,3925,496,0,1513,1.468,1,COM7
2,332234,37,rpm,689,458,36.8,36.8,3925,496,0,1513,1.468,1,COM7
2,332255,37,rpm,494,458,36.8,36.8,3925,496,0,1513,1.468,1,COM7
2,332276,37,rpm,537,458,36.8,36.8,3925,496,0,1513,1.468,1,COM7
2,332297,37,rpm,411,458,36.8,36.8,3925,496,0,1514,1.468,1,COM7
2,332317,37,rpm,247,458,36.8,36.8,3925,496,0,1514,1.468,1,COM7
2,332338,37,rpm,-355,458,36.8,36.8,3925,496,0,1514,1.468,1,COM7
2,332359,37,rpm,24,458,36.8,36.8,3925,496,0,1514,1.469,1,COM7
2,332380,37,rpm,278,458,36.8,36.8,3925,496,0,1514,1.469,1,COM7
2,332401,37,rpm,655,458,36.8,36.8,3925,496,0,1514,1.469,1,COM7
2,332421,37,rpm,881,458,36.8,36.8,3925,496,0,1515,1.469,1,COM7
2,332442,37,rpm,814,458,36.8,36.8,3925,496,0,1515,1.469,1,COM7
2,332463,37,rpm,718,458,36.8,36.8,3925,496,0,1515,1.469,1,COM7
2,332484,37,rpm,677,458,36.8,36.8,3925,496,0,1515,1.47,1,COM7
2,332504,37,rpm,589,458,36.8,36.8,3925,496,0,1515,1.47,1,COM7
2,332525,37,rpm,565,458,36.8,36.8,3925,496,0,1515,1.47,1,COM7
2,332546,37,rpm,402,458,36.8,36.8,3925,496,0,1515,1.47,1,COM7
2,332567,37,rpm,287,458,36.8,36.8,3925,496,0,1516,1.47,1,COM7
2,332587,37,rpm,-49,458,36.8,36.8,3925,496,0,1516,1.47,1,COM7
2,332608,37,rpm,-204,458,36.8,36.8,3925,496,0,1516,1.47,1,COM7
2,332629,37,rpm,123,458,36.8,36.8,3925,496,0,1516,1.471,1,COM7
2,332650,37,rpm,660,458,36.8,36.8,3925,496,0,1516,1.471,1,COM7
2,332670,37,rpm,741,458,36.8,36.8,3925,496,0,1516,1.471,1,COM7
2,332691,37,rpm,765,458,36.8,36.8,3925,496,0,1517,1.471,1,COM7
2,332712,37,rpm,837,458,36.8,36.8,3925,496,0,1517,1.471,1,COM7
2,332733,37,rpm,725,458,36.8,36.8,3925,496,0,1517,1.471,1,COM7
2,332754,37,rpm,617,458,36.8,36.8,3925,496,0,1517,1.472,1,COM7
2,332774,37,rpm,532,458,36.8,36.8,3925,496,0,1517,1.472,1,COM7
2,332795,37,rpm,468,458,36.8,36.8,3925,496,0,1517,1.472,1,COM7
2,332816,37,rpm,346,458,36.8,36.8,3925,496,0,1518,1.472,1,COM7
2,332837,37,rpm,110,458,36.8,36.8,3925,496,0,1518,1.472,1,COM7
2,332857,37,rpm,-331,458,36.8,36.8,3925,496,0,1518,1.472,1,COM7
2,332878,37,rpm,93,458,36.8,36.8,3925,496,0,1518,1.472,1,COM7
2,332899,37,rpm,510,458,36.8,36.8,3925,496,0,1518,1.473,1,COM7
2,332920,37,rpm,697,458,36.8,36.8,3925,496,0,1518,1.473,1,COM7
2,332940,37,rpm,990,458,36.8,36.8,3925,496,0,1518,1.473,1,COM7
2,332961,37,rpm,790,458,36.8,36.8,3925,496,0,1519,1.473,1,COM7
2,332982,37,rpm,655,458,36.8,36.8,3925,496,0,1519,1.473,1,COM7
2,333003,37,rpm,698,458,36.8,36.8,3925,496,0,1519,1.473,1,COM7
2,333023,37,rpm,567,458,36.8,36.8,3925,496,0,1519,1.474,1,COM7
2,333044,37,rpm,451,458,36.8,36.8,3925,496,0,1519,1.474,1,COM7
2,333065,37,rpm,321,458,36.8,36.8,3925,496,0,1519,1.474,1,COM7
2,333086,37,rpm,143,458,36.8,36.8,3925,496,0,1520,1.474,1,COM7
2,333106,37,rpm,-332,458,36.8,36.8,3925,496,0,1520,1.474,1,COM7
2,333127,37,rpm,78,458,36.8,36.8,3925,496,0,1520,1.474,1,COM7
2,333148,37,rpm,477,458,36.8,36.8,3925,496,0,1520,1.474,1,COM7
2,333169,37,rpm,769,458,36.8,36.8,3925,496,0,1520,1.475,1,COM7
2,333190,37,rpm,847,458,36.8,36.8,3925,496,0,1520,1.475,1,COM7
2,333210,37,rpm,722,458,36.8,36.8,3925,496,0,1521,1.475,1,COM7
2,333231,37,rpm,795,458,36.8,36.8,3925,496,0,1521,1.475,1,COM7
2,333252,37,rpm,628,458,36.8,36.8,3925,496,0,1521,1.475,1,COM7
2,333273,37,rpm,519,458,36.8,36.8,3925,496,0,1521,1.475,1,COM7
2,333293,37,rpm,527,458,36.8,36.8,3925,496,0,1521,1.476,1,COM7
2,333314,37,rpm,378,458,36.8,36.8,3925,496,0,1521,1.476,1,COM7
2,333335,37,rpm,248,458,36.8,36.8,3925,496,0,1521,1.476,1,COM7
2,333356,37,rpm,-348,458,36.8,36.8,3925,496,0,1522,1.476,1,COM7
2,333377,37,rpm,34,458,36.8,36.8,3925,496,0,1522,1.476,1,COM7
2,333397,37,rpm,337,458,36.8,36.8,3925,496,0,1522,1.476,1,COM7
2,333418,37,rpm,612,458,36.8,36.8,3925,496,0,1522,1.476,1,COM7
2,333439,37,rpm,835,458,36.8,36.8,3925,496,0,1522,1.477,1,COM7
2,333460,37,rpm,940,458,36.8,36.8,3925,496,0,1522,1.477,1,COM7
2,333480,37,rpm,653,458,36.8,36.8,3925,496,0,1523,1.477,1,COM7
2,333501,37,rpm,624,458,36.8,36.8,3925,496,0,1523,1.477,1,COM7
2,333522,37,rpm,698,458,36.8,36.8,3925,496,0,1523,1.477,1,COM7
2,333542,37,rpm,491,458,36.8,36.8,3925,496,0,1523,1.477,1,COM7
2,333563,37,rpm,388,458,36.8,36.8,3925,496,0,1523,1.478,1,COM7
2,333584,37,rpm,349,458,36.8,36.8,3925,496,0,1523,1.478,1,COM7
2,333605,37,rpm,-81,458,36.8,36.8,3925,496,0,1524,1.478,1,COM7
2,333625,37,rpm,-204,458,36.8,36.8,3925,496,0,1524,1.478,1,COM7
2,333646,37,rpm,139,458,36.8,36.8,3925,496,0,1524,1.478,1,COM7
2,333667,37,rpm,590,458,36.8,36.8,3925,496,0,1524,1.478,1,COM7
2,333688,37,rpm,701,458,36.8,36.8,3925,496,0,1524,1.478,1,COM7
2,333708,37,rpm,898,458,36.8,36.8,3925,496,0,1524,1.479,1,COM7
2,333729,37,rpm,758,458,36.8,36.8,3925,496,0,1524,1.479,1,COM7
2,333750,37,rpm,731,458,36.8,36.8,3925,496,0,1525,1.479,1,COM7
2,333771,37,rpm,622,458,36.8,36.8,3925,496,0,1525,1.479,1,COM7
2,333791,37,rpm,519,458,36.8,36.8,3925,496,0,1525,1.479,1,COM7
2,333812,37,rpm,532,458,36.8,36.8,3925,496,0,1525,1.479,1,COM7
2,333833,37,rpm,340,458,36.8,36.8,3925,496,0,1525,1.48,1,COM7
2,333854,37,rpm,187,458,36.8,36.8,3925,496,0,1525,1.48,1,COM7
2,333875,37,rpm,-393,458,36.8,36.8,3925,496,0,1526,1.48,1,COM7
2,333895,37,rpm,73,458,36.8,36.8,3925,496,0,1526,1.48,1,COM7
2,333916,37,rpm,402,458,36.8,36.8,3925,496,0,1526,1.48,1,COM7
2,333937,37,rpm,745,458,36.8,36.8,3925,496,0,1526,1.48,1,COM7
2,333958,37,rpm,856,458,36.8,36.8,3925,496,0,1526,1.48,1,COM7
2,333978,37,rpm,854,458,36.8,36.8,3925,496,0,1526,1.481,1,COM7
2,333999,37,rpm,663,458,36.8,36.8,3925,496,0,1527,1.481,1,COM7
2,334020,37,rpm,638,458,36.8,36.8,3925,496,0,1527,1.481,1,COM7
2,334041,37,rpm,632,458,36.8,36.8,3925,496,0,1527,1.481,1,COM7
2,334062,37,rpm,465,458,36.8,36.8,3925,496,0,1527,1.481,1,COM7
2,334082,37,rpm,373,458,36.8,36.8,3925,496,0,1527,1.481,1,COM7
2,334103,37,rpm,300,458,36.8,36.8,3925,496,0,1527,1.482,1,COM7
2,334124,37,rpm,-359,458,36.8,36.8,3925,496,0,1528,1.482,1,COM7
2,334145,37,rpm,-9,458,36.8,36.8,3925,496,0,1528,1.482,1,COM7
2,334166,37,rpm,271,458,36.8,36.8,3925,496,0,1528,1.482,1,COM7
2,334186,37,rpm,669,458,36.8,36.8,3925,496,0,1528,1.482,1,COM7
2,334207,37,rpm,715,458,36.8,36.8,3925,496,0,1528,1.482,1,COM7
2,334228,37,rpm,961,458,36.8,36.8,3925,496,0,1528,1.482,1,COM7
2,334248,37,rpm,717,458,36.8,36.8,3925,496,0,1528,1.483,1,COM7
2,334269,37,rpm,654,458,36.8,36.8,3925,496,0,1529,1.483,1,COM7
2,334290,37,rpm,604,458,36.8,36.8,3925,496,0,1529,1.483,1,COM7
2,334311,37,rpm,512,458,36.8,36.8,3925,496,0,1529,1.483,1,COM7
2,334331,37,rpm,444,458,36.8,36.8,3925,496,0,1529,1.483,1,COM7
2,334352,37,rpm,284,458,36.8,36.8,3925,496,0,1529,1.483,1,COM7
2,334373,37,rpm,-112,458,36.8,36.8,3925,496,0,1529,1.484,1,COM7
2,334394,37,rpm,-166,458,36.8,36.8,3925,496,0,1530,1.484,1,COM7
2,334415,37,rpm,160,458,36.8,36.8,3925,496,0,1530,1.484,1,COM7
2,334435,37,rpm,609,458,36.8,36.8,3925,496,0,1530,1.484,1,COM7
2,334456,37,rpm,819,458,36.8,36.8,3925,496,0,1530,1.484,1,COM7
2,334477,37,rpm,928,458,36.8,36.8,3925,496,0,1530,1.484,1,COM7
2,334498,37,rpm,716,458,36.8,36.8,3925,496,0,1530,1.484,1,COM7
2,334519,37,rpm,661,458,36.8,36.8,3925,496,0,1531,1.485,1,COM7
2,334539,37,rpm,649,458,36.8,36.8,3925,496,0,1531,1.485,1,COM7
2,334560,37,rpm,560,458,36.8,36.8,3925,496,0,1531,1.485,1,COM7
2,334581,37,rpm,378,458,36.8,36.8,3925,496,0,1531,1.485,1,COM7
2,334602,37,rpm,302,458,36.8,36.8,3925,496,0,1531,1.485,1,COM7
2,334622,37,rpm,-62,458,36.8,36.8,3925,496,0,1531,1.485,1,COM7
2,334643,37,rpm,-196,458,36.8,36.8,3925,496,0,1531,1.486,1,COM7
2,334664,37,rpm,123,458,36.8,36.8,3925,496,0,1532,1.486,1,COM7
2,334685,37,rpm,685,458,36.8,36.8,3925,496,0,1532,1.486,1,COM7
2,334705,37,rpm,691,458,36.8,36.8,3925,496,0,1532,1.486,1,COM7
2,334726,37,rpm,807,458,36.8,36.8,3925,496,0,1532,1.486,1,COM7
2,334747,37,rpm,918,458,36.8,36.8,3925,496,0,1532,1.486,1,COM7
2,334768,37,rpm,620,458,36.8,36.8,3925,496,0,1532,1.486,1,COM7
2,334788,37,rpm,578,458,36.8,36.8,3925,496,0,1533,1.487,1,COM7
2,334809,37,rpm,614,458,36.8,36.8,3925,496,0,1533,1.487,1,COM7
2,334830,37,rpm,449,458,36.8,36.8,3925,496,0,1533,1.487,1,COM7
2,334851,37,rpm,333,458,36.8,36.8,3925,496,0,1533,1.487,1,COM7
2,334872,37,rpm,131,458,36.8,36.8,3925,496,0,1533,1.487,1,COM7
2,334892,37,rpm,-343,458,36.8,36.8,3925,496,0,1533,1.487,1,COM7
2,334913,37,rpm,77,458,36.8,36.8,3925,496,0,1534,1.488,1,COM7
2,334934,37,rpm,510,458,36.8,36.8,3925,496,0,1534,1.488,1,COM7
2,334955,37,rpm,642,458,36.8,36.8,3925,496,0,1534,1.488,1,COM7
2,334975,37,rpm,918,458,36.8,36.8,3925,496,0,1534,1.488,1,COM7
2,334996,37,rpm,827,458,36.8,36.8,3925,496,0,1534,1.488,1,COM7
2,335017,37,rpm,603,458,36.8,36.8,3925,496,0,1534,1.488,1,COM7
2,335038,37,rpm,719,458,36.8,36.8,3925,496,0,1534,1.488,1,COM7
2,335058,37,rpm,599,458,36.8,36.8,3925,496,0,1535,1.489,1,COM7
2,335079,37,rpm,449,458,36.8,36.8,3925,496,0,1535,1.489,1,COM7
2,335100,37,rpm,396,458,36.8,36.8,3925,496,0,1535,1.489,1,COM7
2,335120,37,rpm,296,458,36.8,36.8,3925,496,0,1535,1.489,1,COM7
2,335141,37,rpm,-318,458,36.8,36.8,3925,496,0,1535,1.489,1,COM7
2,335162,37,rpm,-2,458,36.8,36.8,3925,496,0,1535,1.489,1,COM7
2,335183,37,rpm,235,458,36.8,36.8,3925,496,0,1536,1.49,1,COM7
2,335204,37,rpm,706,458,36.8,36.8,3925,496,0,1536,1.49,1,COM7
2,335224,37,rpm,704,458,36.8,36.8,3925,496,0,1536,1.49,1,COM7
2,335245,37,rpm,880,458,36.8,36.8,3925,496,0,1536,1.49,1,COM7
2,335266,37,rpm,856,458,36.8,36.8,3925,496,0,1536,1.49,1,COM7
2,335287,37,rpm,599,458,36.8,36.8,3925,496,0,1536,1.49,1,COM7
2,335307,37,rpm,608,458,36.8,36.8,3925,496,0,1537,1.49,1,COM7
2,335328,37,rpm,603,458,36.8,36.8,3925,496,0,1537,1.491,1,COM7
2,335349,37,rpm,410,458,36.8,36.8,3925,496,0,1537,1.491,1,COM7
2,335370,37,rpm,301,458,36.8,36.8,3925,496,0,1537,1.491,1,COM7
2,335390,37,rpm,-4,458,36.8,36.8,3925,496,0,1537,1.491,1,COM7
2,335411,37,rpm,-241,458,36.8,36.8,3925,496,0,1537,1.491,1,COM7
2,335432,37,rpm,103,458,36.8,36.8,3925,496,0,1538,1.491,1,COM7
2,335453,37,rpm,650,458,36.8,36.8,3925,496,0,1538,1.492,1,COM7
2,335473,37,rpm,687,458,36.8,36.8,3925,496,0,1538,1.492,1,COM7
2,335494,37,rpm,854,458,36.8,36.8,3925,496,0,1538,1.492,1,COM7
2,335515,37,rpm,833,458,36.8,36.8,3925,496,0,1538,1.492,1,COM7
2,335535,37,rpm,633,458,36.8,36.8,3925,496,0,1538,1.492,1,COM7
2,335556,37,rpm,684,458,36.8,36.8,3925,496,0,1538,1.492,1,COM7
2,335577,37,rpm,560,458,36.8,36.8,3925,496,0,1539,1.492,1,COM7
2,335598,37,rpm,442,458,36.8,36.8,3925,496,0,1539,1.493,1,COM7
2,335619,37,rpm,380,458,36.8,36.8,3925,496,0,1539,1.493,1,COM7
2,335639,37,rpm,226,458,36.8,36.8,3925,496,0,1539,1.493,1,COM7
2,335660,37,rpm,-391,458,36.8,36.8,3925,496,0,1539,1.493,1,COM7
2,335681,37,rpm,57,458,36.8,36.8,3925,496,0,1539,1.493,1,COM7
2,335701,37,rpm,418,458,36.8,36.8,3925,496,0,1540,1.493,1,COM7
2,335722,37,rpm,642,458,36.8,36.8,3925,496,0,1540,1.494,1,COM7
2,335743,37,rpm,856,458,36.8,36.8,3925,496,0,1540,1.494,1,COM7
2,335764,37,rpm,889,458,36.8,36.8,3925,496,0,1540,1.494,1,COM7
2,335785,37,rpm,707,458,36.8,36.8,3925,496,0,1540,1.494,1,COM7
2,335805,37,rpm,567,458,36.8,36.8,3925,496,0,1540,1.494,1,COM7
2,335826,37,rpm,612,458,36.8,36.8,3925,496,0,1541,1.494,1,COM7
2,335847,37,rpm,567,458,36.8,36.8,3925,496,0,1541,1.494,1,COM7
2,335868,37,rpm,342,458,36.8,36.8,3925,496,0,1541,1.495,1,COM7
2,335889,37,rpm,287,458,36.8,36.8,3925,496,0,1541,1.495,1,COM7
2,335909,37,rpm,-327,458,36.8,36.8,3925,496,0,1541,1.495,1,COM7
2,335930,37,rpm,9,458,36.8,36.8,3925,496,0,1541,1.495,1,COM7
2,335951,37,rpm,222,458,36.8,36.8,3925,496,0,1541,1.495,1,COM7
2,335972,37,rpm,772,458,36.8,36.8,3925,496,0,1542,1.495,1,COM7
2,335992,37,rpm,786,458,36.8,36.8,3925,496,0,1542,1.496,1,COM7
2,336013,37,rpm,799,458,36.8,36.8,3925,496,0,1542,1.496,1,COM7
2,336034,37,rpm,826,458,36.8,36.8,3925,496,0,1542,1.496,1,COM7
2,336055,37,rpm,640,458,36.8,36.8,3925,496,0,1542,1.496,1,COM7
2,336075,37,rpm,617,458,36.8,36.8,3925,496,0,1542,1.496,1,COM7
2,336096,37,rpm,504,458,36.8,36.8,3925,496,0,1543,1.496,1,COM7
2,336117,37,rpm,369,458,36.8,36.8,3925,496,0,1543,1.496,1,COM7
2,336138,37,rpm,279,458,36.8,36.8,3925,496,0,1543,1.497,1,COM7
2,336158,37,rpm,-324,458,36.8,36.8,3925,496,0,1543,1.497,1,COM7
2,336179,37,rpm,-5,458,36.8,36.8,3925,496,0,1543,1.497,1,COM7
2,336200,37,rpm,254,458,36.8,36.8,3925,496,0,1543,1.497,1,COM7
2,336220,37,rpm,702,458,36.8,36.8,3925,496,0,1544,1.497,1,COM7
2,336241,37,rpm,673,458,36.8,36.8,3925,496,0,1544,1.497,1,COM7
2,336262,37,rpm,972,458,36.8,36.8,3925,496,0,1544,1.498,1,COM7
2,336283,37,rpm,764,458,36.8,36.8,3925,496,0,1544,1.498,1,COM7
2,336304,37,rpm,578,458,36.8,36.8,3925,496,0,1544,1.498,1,COM7
2,336324,37,rpm,652,458,36.8,36.8,3925,496,0,1544,1.498,1,COM7
2,336345,37,rpm,594,458,36.8,36.8,3925,496,0,1544,1.498,1,COM7
2,336366,37,rpm,419,458,36.8,36.8,3925,496,0,1545,1.498,1,COM7
2,336387,37,rpm,295,458,36.8,36.8,3925,496,0,1545,1.498,1,COM7
2,336408,37,rpm,-2,458,36.8,36.8,3925,496,0,1545,1.499,1,COM7
2,336428,37,rpm,-237,458,36.8,36.8,3925,496,0,1545,1.499,1,COM7
2,336449,37,rpm,103,458,36.8,36.8,3925,496,0,1545,1.499,1,COM7
2,336470,37,rpm,578,458,36.8,36.8,3925,496,0,1545,1.499,1,COM7
2,336491,37,rpm,817,458,36.8,36.8,3925,496,0,1546,1.499,1,COM7
2,336511,37,rpm,778,458,36.8,36.8,3925,496,0,1546,1.499,1,COM7
2,336532,37,rpm,757,458,36.8,36.8,3925,496,0,1546,1.5,1,COM7
2,336553,37,rpm,791,458,36.8,36.8,3925,496,0,1546,1.5,1,COM7
2,336574,37,rpm,593,458,36.8,36.8,3925,496,0,1546,1.5,1,COM7
2,336594,37,rpm,542,458,36.8,36.8,3925,496,0,1546,1.5,1,COM7
2,336615,37,rpm,511,458,36.8,36.8,3925,496,0,1547,1.5,1,COM7
2,336636,37,rpm,338,458,36.8,36.8,3925,496,0,1547,1.5,1,COM7
2,336657,37,rpm,238,458,36.8,36.8,3925,496,0,1547,1.5,1,COM7
2,336677,37,rpm,-383,458,36.8,36.8,3925,496,0,1547,1.501,1,COM7
2,336698,37,rpm,55,458,36.8,36.8,3925,496,0,1547,1.501,1,COM7
2,336719,37,rpm,379,458,36.8,36.8,3925,496,0,1547,1.501,1,COM7
2,336740,37,rpm,711,458,36.8,36.8,3925,496,0,1547,1.501,1,COM7
2,336761,37,rpm,730,458,36.8,36.8,3925,496,0,1548,1.501,1,COM7
2,336781,37,rpm,971,458,36.8,36.8,3925,496,0,1548,1.501,1,COM7
2,336802,37,rpm,705,458,36.8,36.8,3925,496,0,1548,1.502,1,COM7
2,336823,37,rpm,607,458,36.8,36.8,3925,496,0,1548,1.502,1,COM7
2,336843,37,rpm,637,458,36.8,36.8,3925,496,0,1548,1.502,1,COM7
2,336864,37,rpm,531,458,36.8,36.8,3925,496,0,1548,1.502,1,COM7
2,336885,37,rpm,349,458,36.8,36.8,3925,496,0,1549,1.502,1,COM7
2,336906,37,rpm,323,458,36.8,36.8,3925,496,0,1549,1.502,1,COM7
2,336927,37,rpm,-256,458,36.8,36.8,3925,496,0,1549,1.502,1,COM7
2,336947,37,rpm,-63,458,36.8,36.8,3925,496,0,1549,1.503,1,COM7
2,336968,37,rpm,202,458,36.8,36.8,3925,496,0,1549,1.503,1,COM7
2,336989,37,rpm,723,458,36.8,36.8,3925,496,0,1549,1.503,1,COM7
2,337010,37,rpm,816,458,36.8,36.8,3925,496,0,1550,1.503,1,COM7
2,337030,37,rpm,774,458,36.8,36.8,3925,496,0,1550,1.503,1,COM7
2,337051,37,rpm,776,458,36.8,36.8,3925,496,0,1550,1.503,1,COM7
2,337072,37,rpm,745,458,36.8,36.8,3925,496,0,1550,1.504,1,COM7
2,337093,37,rpm,556,458,36.8,36.8,3925,496,0,1550,1.504,1,COM7
2,337113,37,rpm,547,458,36.8,36.8,3925,496,0,1550,1.504,1,COM7
2,337134,37,rpm,476,458,36.8,36.8,3925,496,0,1550,1.504,1,COM7
2,337155,37,rpm,300,458,36.8,36.8,3925,496,0,1551,1.504,1,COM7
2,337176,37,rpm,84,458,36.8,36.8,3925,496,0,1551,1.504,1,COM7
2,337196,37,rpm,-318,458,36.8,36.8,3925,496,0,1551,1.504,1,COM7
2,337217,37,rpm,103,458,36.8,36.8,3925,496,0,1551,1.505,1,COM7
2,337238,37,rpm,499,458,36.8,36.8,3925,496,0,1551,1.505,1,COM7
2,337259,37,rpm,774,458,36.8,36.8,3925,496,0,1551,1.505,1,COM7
2,337279,37,rpm,832,458,36.8,36.8,3925,496,0,1552,1.505,1,COM7
2,337300,37,rpm,831,458,36.8,36.8,3925,496,0,1552,1.505,1,COM7
2,337321,37,rpm,709,458,36.8,36.8,3925,496,0,1552,1.505,1,COM7
2,337342,37,rpm,593,458,36.8,36.8,3925,496,0,1552,1.506,1,COM7
2,337363,37,rpm,629,458,36.8,36.8,3925,496,0,1552,1.506,1,COM7
2,337383,37,rpm,468,458,36.8,36.8,3925,496,0,1552,1.506,1,COM7
2,337404,37,rpm,316,458,36.8,36.8,3925,496,0,1553,1.506,1,COM7
2,337425,37,rpm,241,458,36.8,36.8,3925,496,0,1553,1.506,1,COM7
2,337446,37,rpm,-393,458,36.8,36.8,3925,496,0,1553,1.506,1,COM7
2,337466,37,rpm,55,458,36.8,36.8,3925,496,0,1553,1.506,1,COM7
2,337487,37,rpm,422,458,36.8,36.8,3925,496,0,1553,1.507,1,COM7
2,337508,37,rpm,729,458,36.8,36.8,3925,496,0,1553,1.507,1,COM7
2,337529,37,rpm,816,458,36.8,36.8,3925,496,0,1553,1.507,1,COM7
2,337549,37,rpm,861,458,36.8,36.8,3925,496,0,1554,1.507,1,COM7
2,337570,37,rpm,773,457,36.8,36.8,3925,496,0,1554,1.507,1,COM7
2,337591,37,rpm,660,457,36.8,36.8,3925,496,0,1554,1.507,1,COM7
2,337612,37,rpm,504,457,36.8,36.8,3925,496,0,1554,1.508,1,COM7
2,337632,37,rpm,527,457,36.8,36.8,3925,496,0,1554,1.508,1,COM7
2,337653,37,rpm,365,457,36.8,36.8,3925,496,0,1554,1.508,1,COM7
2,337674,37,rpm,202,457,36.8,36.8,3925,496,0,1555,1.508,1,COM7
2,337695,37,rpm,-357,457,36.8,36.8,3925,496,0,1555,1.508,1,COM7
2,337715,37,rpm,60,457,36.8,36.8,3925,496,0,1555,1.508,1,COM7
2,337736,37,rpm,411,457,36.8,36.8,3925,496,0,1555,1.508,1,COM7
2,337757,37,rpm,659,457,36.8,36.8,3925,496,0,1555,1.509,1,COM7
2,337778,37,rpm,919,457,36.8,36.8,3925,496,0,1555,1.509,1,COM7
2,337799,37,rpm,787,457,36.8,36.8,3925,496,0,1556,1.509,1,COM7
2,337819,37,rpm,681,457,36.8,36.8,3925,496,0,1556,1.509,1,COM7
2,337840,37,rpm,683,457,36.8,36.8,3925,496,0,1556,1.509,1,COM7
2,337861,37,rpm,577,457,36.8,36.8,3925,496,0,1556,1.509,1,COM7
2,337882,37,rpm,537,457,36.8,36.8,3925,496,0,1556,1.51,1,COM7
2,337903,37,rpm,371,457,36.8,36.8,3925,496,0,1556,1.51,1,COM7
2,337923,37,rpm,272,457,36.8,36.8,3925,496,0,1557,1.51,1,COM7
2,337944,37,rpm,-235,457,36.8,36.8,3925,496,0,1557,1.51,1,COM7
2,337965,37,rpm,-54,457,36.8,36.8,3925,496,0,1557,1.51,1,COM7
2,337986,37,rpm,183,457,36.8,36.8,3925,496,0,1557,1.51,1,COM7
2,338006,37,rpm,727,457,36.8,36.8,3925,496,0,1557,1.51,1,COM7
2,338027,37,rpm,776,457,36.8,36.8,3925,496,0,1557,1.511,1,COM7
2,338048,37,rpm,747,457,36.8,36.8,3925,496,0,1557,1.511,1,COM7
2,338069,37,rpm,864,457,36.8,36.8,3925,496,0,1558,1.511,1,COM7
2,338089,37,rpm,678,457,36.8,36.8,3925,496,0,1558,1.511,1,COM7
2,338110,37,rpm,570,457,36.8,36.8,3925,496,0,1558,1.511,1,COM7
2,338131,37,rpm,564,457,36.8,36.8,3925,496,0,1558,1.511,1,COM7
2,338152,37,rpm,447,457,36.8,36.8,3925,496,0,1558,1.512,1,COM7
2,338172,37,rpm,326,457,36.8,36.8,3925,496,0,1558,1.512,1,COM7
2,338193,37,rpm,57,457,36.8,36.8,3925,496,0,1559,1.512,1,COM7
2,338214,37,rpm,-280,457,36.8,36.8,3925,496,0,1559,1.512,1,COM7
2,338235,37,rpm,98,457,36.8,36.8,3925,496,0,1559,1.512,1,COM7
2,338256,37,rpm,532,457,36.8,36.8,3925,496,0,1559,1.512,1,COM7
2,338276,37,rpm,680,457,36.8,36.8,3925,496,0,1559,1.512,1,COM7
2,338297,37,rpm,975,457,36.8,36.8,3925,496,0,1559,1.513,1,COM7
2,338318,37,rpm,748,457,36.8,36.8,3925,496,0,1560,1.513,1,COM7
2,338339,37,rpm,650,457,36.8,36.8,3925,496,0,1560,1.513,1,COM7
2,338359,37,rpm,724,457,36.8,36.8,3925,496,0,1560,1.513,1,COM7
2,338380,37,rpm,540,457,36.8,36.8,3925,496,0,1560,1.513,1,COM7
2,338401,37,rpm,479,457,36.8,36.8,3925,496,0,1560,1.513,1,COM7
2,338422,37,rpm,384,457,36.8,36.8,3925,496,0,1560,1.514,1,COM7
2,338442,37,rpm,237,457,36.8,36.8,3925,496,0,1560,1.514,1,COM7
2,338463,37,rpm,-381,457,36.8,36.8,3925,496,0,1561,1.514,1,COM7
2,338484,37,rpm,47,457,36.8,36.8,3925,496,0,1561,1.514,1,COM7
2,338505,37,rpm,339,457,36.8,36.8,3925,496,0,1561,1.514,1,COM7
2,338525,37,rpm,748,457,36.8,36.8,3925,496,0,1561,1.514,1,COM7
2,338546,37,rpm,754,457,36.8,36.8,3925,496,0,1561,1.514,1,COM7
2,338567,37,rpm,836,457,36.8,36.8,3925,496,0,1561,1.515,1,COM7
2,338588,37,rpm,825,457,36.8,36.8,3925,496,0,1562,1.515,1,COM7
2,338608,37,rpm,623,457,36.8,36.8,3925,496,0,1562,1.515,1,COM7
2,338629,37,rpm,596,457,36.8,36.8,3925,496,0,1562,1.515,1,COM7
2,338650,37,rpm,552,458,36.8,36.8,3925,496,0,1562,1.515,1,COM7
2,338671,37,rpm,407,458,36.8,36.8,3925,496,0,1562,1.515,1,COM7
2,338691,37,rpm,273,458,36.8,36.8,3925,496,0,1562,1.515,1,COM7
2,338712,37,rpm,-197,458,36.8,36.8,3925,496,0,1563,1.516,1,COM7
2,338733,37,rpm,-114,458,36.8,36.8,3925,496,0,1563,1.516,1,COM7
2,338754,37,rpm,155,458,36.8,36.8,3925,496,0,1563,1.516,1,COM7
2,338774,37,rpm,633,458,36.8,36.8,3925,496,0,1563,1.516,1,COM7
2,338795,37,rpm,770,458,36.8,36.8,3925,496,0,1563,1.516,1,COM7
2,338816,37,rpm,913,458,36.8,36.8,3925,496,0,1563,1.516,1,COM7
2,338837,37,rpm,712,458,36.8,36.8,3925,496,0,1563,1.517,1,COM7
2,338858,37,rpm,672,458,36.8,36.8,3925,496,0,1564,1.517,1,COM7
2,338878,37,rpm,691,458,36.8,36.8,3925,496,0,1564,1.517,1,COM7
2,338899,37,rpm,510,458,36.8,36.8,3925,496,0,1564,1.517,1,COM7
2,338920,37,rpm,415,458,36.8,36.8,3925,496,0,1564,1.517,1,COM7
2,338941,37,rpm,349,458,36.8,36.8,3925,496,0,1564,1.517,1,COM7
2,338961,37,rpm,1,458,36.8,36.8,3925,496,0,1564,1.517,1,COM7
2,338982,37,rpm,-256,458,36.8,36.8,3925,496,0,1565,1.518,1,COM7
2,339003,37,rpm,115,458,36.8,36.8,3925,496,0,1565,1.518,1,COM7
2,339024,37,rpm,592,458,36.8,36.8,3925,496,0,1565,1.518,1,COM7
2,339044,37,rpm,702,458,36.8,36.8,3925,496,0,1565,1.518,1,COM7
2,339065,37,rpm,900,458,36.8,36.8,3925,496,0,1565,1.518,1,COM7
2,339086,37,rpm,787,458,36.8,36.8,3925,496,0,1565,1.518,1,COM7
2,339107,37,rpm,757,458,36.8,36.8,3925,496,0,1566,1.519,1,COM7
2,339127,37,rpm,590,458,36.8,36.8,3925,496,0,1566,1.519,1,COM7
2,339148,37,rpm,526,458,36.8,36.8,3925,496,0,1566,1.519,1,COM7
2,339169,37,rpm,485,458,36.8,36.8,3925,496,0,1566,1.519,1,COM7
2,339190,37,rpm,309,458,36.8,36.8,3925,496,0,1566,1.519,1,COM7
2,339210,37,rpm,74,458,36.8,36.8,3925,496,0,1566,1.519,1,COM7
2,339231,37,rpm,-287,458,36.8,36.8,3925,496,0,1566,1.519,1,COM7
2,339252,37,rpm,99,458,36.8,36.8,3925,496,0,1567,1.52,1,COM7
2,339273,37,rpm,511,458,36.8,36.8,3925,496,0,1567,1.52,1,COM7
2,339294,37,rpm,757,458,36.8,36.8,3925,496,0,1567,1.52,1,COM7
2,339314,37,rpm,904,458,36.8,36.8,3925,496,0,1567,1.52,1,COM7
2,339335,37,rpm,753,458,36.8,36.8,3925,496,0,1567,1.52,1,COM7
2,339356,37,rpm,645,458,36.8,36.8,3925,496,0,1567,1.52,1,COM7
2,339377,37,rpm,645,458,36.8,36.8,3925,496,0,1568,1.521,1,COM7
2,339397,37,rpm,625,458,36.8,36.8,3925,496,0,1568,1.521,1,COM7
2,339418,37,rpm,431,458,36.8,36.8,3925,496,0,1568,1.521,1,COM7
2,339439,37,rpm,348,458,36.8,36.8,3925,496,0,1568,1.521,1,COM7
2,339460,37,rpm,232,458,36.8,36.8,3925,496,0,1568,1.521,1,COM7
2,339480,37,rpm,-371,458,36.8,36.8,3925,496,0,1568,1.521,1,COM7
2,339501,37,rpm,43,458,36.8,36.8,3925,496,0,1569,1.521,1,COM7
2,339522,37,rpm,410,458,36.8,36.8,3925,496,0,1569,1.522,1,COM7
2,339543,37,rpm,684,458,36.8,36.8,3925,496,0,1569,1.522,1,COM7
2,339564,37,rpm,727,458,36.8,36.8,3925,496,0,1569,1.522,1,COM7
2,339584,37,rpm,954,458,36.8,36.8,3925,496,0,1569,1.522,1,COM7
2,339605,37,rpm,688,458,36.8,36.8,3925,496,0,1569,1.522,1,COM7
2,339626,37,rpm,627,458,36.8,36.8,3925,496,0,1569,1.522,1,COM7
2,339647,37,rpm,607,458,36.8,36.8,3925,496,0,1570,1.523,1,COM7
2,339667,37,rpm,528,458,36.8,36.8,3925,496,0,1570,1.523,1,COM7
2,339688,37,rpm,403,458,36.8,36.8,3925,496,0,1570,1.523,1,COM7
2,339709,37,rpm,299,458,36.8,36.8,3925,496,0,1570,1.523,1,COM7
2,339730,37,rpm,-195,458,36.8,36.8,3925,496,0,1570,1.523,1,COM7
2,339750,37,rpm,-104,458,36.8,36.8,3925,496,0,1570,1.523,1,COM7
2,339771,37,rpm,170,458,36.8,36.8,3925,496,0,1571,1.523,1,COM7
2,339792,37,rpm,602,458,36.8,36.8,3925,496,0,1571,1.524,1,COM7
2,339813,37,rpm,792,458,36.8,36.8,3925,496,0,1571,1.524,1,COM7
2,339834,37,rpm,887,458,36.8,36.8,3925,496,0,1571,1.524,1,COM7
2,339854,37,rpm,697,458,36.8,36.8,3925,496,0,1571,1.524,1,COM7
2,339875,37,rpm,740,458,36.8,36.8,3925,496,0,1571,1.524,1,COM7
2,339896,37,rpm,642,458,36.8,36.8,3925,496,0,1572,1.524,1,COM7
2,339917,37,rpm,534,458,36.8,36.8,3925,496,0,1572,1.525,1,COM7
2,339937,37,rpm,441,458,36.8,36.8,3925,496,0,1572,1.525,1,COM7
2,339958,37,rpm,350,458,36.8,36.8,3925,496,0,1572,1.525,1,COM7
2,339979,37,rpm,98,458,36.8,36.8,3925,496,0,1572,1.525,1,COM7
2,340000,37,rpm,-331,458,36.8,36.8,3925,496,0,1572,1.525,1,COM7
2,340020,37,rpm,89,458,36.8,36.8,3925,496,0,1572,1.525,1,COM7
2,340041,37,rpm,585,458,36.8,36.8,3925,496,0,1573,1.525,1,COM7
2,340062,37,rpm,640,458,36.8,36.8,3925,496,0,1573,1.526,1,COM7
2,340083,37,rpm,789,458,36.8,36.8,3925,496,0,1573,1.526,1,COM7
2,340104,37,rpm,977,458,36.8,36.8,3925,496,0,1573,1.526,1,COM7
2,340124,37,rpm,627,458,36.8,36.8,3925,496,0,1573,1.526,1,COM7
2,340145,37,rpm,580,458,36.8,36.8,3925,496,0,1573,1.526,1,COM7
2,340166,37,rpm,670,458,36.8,36.8,3925,496,0,1574,1.526,1,COM7
2,340187,37,rpm,492,458,36.8,36.8,3925,496,0,1574,1.527,1,COM7
2,340207,37,rpm,345,458,36.8,36.8,3925,496,0,1574,1.527,1,COM7
2,340228,37,rpm,267,458,36.8,36.8,3925,496,0,1574,1.527,1,COM7
2,340249,37,rpm,-374,458,36.8,36.8,3925,496,0,1574,1.527,1,COM7
2,340270,37,rpm,32,458,36.8,36.8,3925,496,0,1574,1.527,1,COM7
2,340290,37,rpm,311,458,36.8,36.8,3925,496,0,1575,1.527,1,COM7
2,340311,37,rpm,668,458,36.8,36.8,3925,496,0,1575,1.527,1,COM7
2,340332,37,rpm,888,458,36.8,36.8,3925,496,0,1575,1.528,1,COM7
2,340353,37,rpm,859,458,36.8,36.8,3925,496,0,1575,1.528,1,COM7
2,340373,37,rpm,647,458,36.8,36.8,3925,496,0,1575,1.528,1,COM7
2,340394,37,rpm,707,458,36.8,36.8,3925,496,0,1575,1.528,1,COM7
2,340415,37,rpm,604,458,36.8,36.8,3925,496,0,1576,1.528,1,COM7
2,340436,37,rpm,474,458,36.8,36.8,3925,496,0,1576,1.528,1,COM7
2,340456,37,rpm,423,458,36.8,36.8,3925,496,0,1576,1.529,1,COM7
2,340477,37,rpm,326,458,36.8,36.8,3925,496,0,1576,1.529,1,COM7
2,340498,37,rpm,-231,458,36.8,36.8,3925,496,0,1576,1.529,1,COM7
2,340519,37,rpm,-58,458,36.8,36.8,3925,496,0,1576,1.529,1,COM7
2,340540,37,rpm,205,458,36.8,36.8,3925,496,0,1576,1.529,1,COM7
2,340560,37,rpm,726,458,36.8,36.8,3925,496,0,1577,1.529,1,COM7
2,340581,37,rpm,725,458,36.8,36.8,3925,496,0,1577,1.529,1,COM7
2,340602,37,rpm,883,458,36.8,36.8,3925,496,0,1577,1.53,1,COM7
2,340623,37,rpm,856,458,36.8,36.8,3925,496,0,1577,1.53,1,COM7
2,340643,37,rpm,615,458,36.8,36.8,3925,496,0,1577,1.53,1,COM7
2,340664,37,rpm,594,458,36.8,36.8,3925,496,0,1577,1.53,1,COM7
2,340685,37,rpm,589,458,36.8,36.8,3925,496,0,1578,1.53,1,COM7
2,340706,37,rpm,376,458,36.8,36.8,3925,496,0,1578,1.53,1,COM7
2,340726,37,rpm,273,458,36.8,36.8,3925,496,0,1578,1.531,1,COM7
2,340747,37,rpm,-186,458,36.8,36.8,3925,496,0,1578,1.531,1,COM7
2,340768,37,rpm,-111,458,36.8,36.8,3925,496,0,1578,1.531,1,COM7
2,340789,37,rpm,149,458,36.8,36.8,3925,496,0,1578,1.531,1,COM7
2,340809,37,rpm,709,458,36.8,36.8,3925,496,0,1579,1.531,1,COM7
2,340830,37,rpm,729,458,36.8,36.8,3925,496,0,1579,1.531,1,COM7
2,340851,37,rpm,893,458,36.8,36.8,3925,496,0,1579,1.531,1,COM7
2,340872,37,rpm,761,458,36.8,36.8,3925,496,0,1579,1.532,1,COM7
2,340893,37,rpm,619,458,36.8,36.8,3925,496,0,1579,1.532,1,COM7
2,340913,37,rpm,678,458,36.8,36.8,3925,496,0,1579,1.532,1,COM7
2,340934,37,rpm,550,458,36.8,36.8,3925,496,0,1579,1.532,1,COM7
2,340955,37,rpm,412,458,36.8,36.8,3925,496,0,1580,1.532,1,COM7
2,340976,37,rpm,350,458,36.8,36.8,3925,496,0,1580,1.532,1,COM7
2,340996,37,rpm,51,458,36.8,36.8,3925,496,0,1580,1.533,1,COM7
2,341017,37,rpm,-277,458,36.8,36.8,3925,496,0,1580,1.533,1,COM7
2,341038,37,rpm,94,458,36.8,36.8,3925,496,0,1580,1.533,1,COM7
2,341059,37,rpm,568,458,36.8,36.8,3925,496,0,1580,1.533,1,COM7
2,341079,37,rpm,655,458,36.8,36.8,3925,496,0,1581,1.533,1,COM7
2,341100,37,rpm,850,458,36.8,36.8,3925,496,0,1581,1.533,1,COM7
2,341121,37,rpm,856,458,36.8,36.8,3925,496,0,1581,1.533,1,COM7
2,341142,37,rpm,694,458,36.8,36.8,3925,496,0,1581,1.534,1,COM7
2,341163,37,rpm,571,458,36.8,36.8,3925,496,0,1581,1.534,1,COM7
2,341183,37,rpm,595,458,36.8,36.8,3925,496,0,1581,1.534,1,COM7
2,341204,37,rpm,536,458,36.8,36.8,3925,496,0,1582,1.534,1,COM7
2,341225,37,rpm,333,458,36.8,36.8,3925,496,0,1582,1.534,1,COM7
2,341246,37,rpm,263,458,36.8,36.8,3925,496,0,1582,1.534,1,COM7
2,341266,37,rpm,-368,458,36.8,36.8,3925,496,0,1582,1.535,1,COM7
2,341287,37,rpm,35,458,36.8,36.8,3925,496,0,1582,1.535,1,COM7
2,341308,37,rpm,265,458,36.8,36.8,3925,496,0,1582,1.535,1,COM7
2,341329,37,rpm,786,458,36.8,36.8,3925,496,0,1582,1.535,1,COM7
2,341349,37,rpm,726,458,36.8,36.8,3925,496,0,1583,1.535,1,COM7
2,341370,37,rpm,801,458,36.8,36.8,3925,496,0,1583,1.535,1,COM7
2,341391,37,rpm,834,458,36.8,36.8,3925,496,0,1583,1.535,1,COM7
2,341412,37,rpm,605,458,36.8,36.8,3925,496,0,1583,1.536,1,COM7
2,341433,37,rpm,622,458,36.8,36.8,3925,496,0,1583,1.536,1,COM7
2,341453,37,rpm,539,458,36.8,36.8,3925,496,0,1583,1.536,1,COM7
2,341474,37,rpm,386,458,36.8,36.8,3925,496,0,1584,1.536,1,COM7
2,341495,37,rpm,326,458,36.8,36.8,3925,496,0,1584,1.536,1,COM7
2,341516,37,rpm,-139,458,36.8,36.8,3925,496,0,1584,1.536,1,COM7
2,341536,37,rpm,-167,458,36.8,36.8,3925,496,0,1584,1.537,1,COM7
2,341557,37,rpm,162,458,36.8,36.8,3925,496,0,1584,1.537,1,COM7
2,341578,37,rpm,652,458,36.8,36.8,3925,496,0,1584,1.537,1,COM7
2,341599,37,rpm,682,458,36.8,36.8,3925,496,0,1585,1.537,1,COM7
2,341620,37,rpm,936,458,36.8,36.8,3925,496,0,1585,1.537,1,COM7
2,341640,37,rpm,819,458,36.8,36.8,3925,496,0,1585,1.537,1,COM7
2,341661,37,rpm,635,458,36.8,36.8,3925,496,0,1585,1.537,1,COM7
2,341682,37,rpm,622,458,36.8,36.8,3925,496,0,1585,1.538,1,COM7
2,341703,37,rpm,593,458,36.8,36.8,3925,496,0,1585,1.538,1,COM7
2,341723,37,rpm,455,458,36.8,36.8,3925,496,0,1586,1.538,1,COM7
2,341744,37,rpm,312,458,36.8,36.8,3925,496,0,1586,1.538,1,COM7
2,341765,37,rpm,176,458,36.8,36.8,3925,496,0,1586,1.538,1,COM7
2,341786,37,rpm,-374,458,36.8,36.8,3925,496,0,1586,1.538,1,COM7
2,341806,37,rpm,78,458,36.8,36.8,3925,496,0,1586,1.539,1,COM7
2,341827,37,rpm,459,458,36.8,36.8,3925,496,0,1586,1.539,1,COM7
2,341848,37,rpm,809,458,36.8,36.8,3925,496,0,1586,1.539,1,COM7
2,341869,37,rpm,798,458,36.8,36.8,3925,496,0,1587,1.539,1,COM7
2,341890,37,rpm,781,458,36.8,36.8,3925,496,0,1587,1.539,1,COM7
2,341910,37,rpm,776,458,36.8,36.8,3925,496,0,1587,1.539,1,COM7
2,341931,37,rpm,603,458,36.8,36.8,3925,496,0,1587,1.539,1,COM7
2,341952,37,rpm,558,458,36.8,36.8,3925,496,0,1587,1.54,1,COM7
2,341973,37,rpm,499,458,36.8,36.8,3925,496,0,1587,1.54,1,COM7
2,341993,37,rpm,370,458,36.8,36.8,3925,496,0,1588,1.54,1,COM7
2,342014,37,rpm,257,458,36.8,36.8,3925,496,0,1588,1.54,1,COM7
2,342035,37,rpm,-394,458,36.8,36.8,3925,496,0,1588,1.54,1,COM7
2,342056,37,rpm,44,458,36.8,36.8,3925,496,0,1588,1.54,1,COM7
2,342077,37,rpm,371,458,36.8,36.8,3925,496,0,1588,1.541,1,COM7
2,342097,37,rpm,702,458,36.8,36.8,3925,496,0,1588,1.541,1,COM7
2,342118,37,rpm,764,458,36.8,36.8,3925,496,0,1589,1.541,1,COM7
2,342139,37,rpm,962,458,36.8,36.8,3925,496,0,1589,1.541,1,COM7
2,342160,37,rpm,757,458,36.8,36.8,3925,496,0,1589,1.541,1,COM7
2,342180,37,rpm,559,458,36.8,36.8,3925,496,0,1589,1.541,1,COM7
2,342201,37,rpm,670,458,36.8,36.8,3925,496,0,1589,1.541,1,COM7
2,342222,37,rpm,496,458,36.8,36.8,3925,496,0,1589,1.542,1,COM7
2,342243,37,rpm,335,458,36.8,36.8,3925,496,0,1589,1.542,1,COM7
2,342264,37,rpm,251,458,36.8,36.8,3925,496,0,1590,1.542,1,COM7
2,342284,37,rpm,-372,458,36.8,36.8,3925,496,0,1590,1.542,1,COM7
2,342305,37,rpm,36,458,36.8,36.8,3925,496,0,1590,1.542,1,COM7
2,342326,37,rpm,306,458,36.8,36.8,3925,496,0,1590,1.542,1,COM7
2,342347,37,rpm,722,458,36.8,36.8,3925,496,0,1590,1.543,1,COM7
2,342368,37,rpm,898,458,36.8,36.8,3925,496,0,1590,1.543,1,COM7
2,342388,37,rpm,759,458,36.8,36.8,3925,496,0,1591,1.543,1,COM7
2,342409,37,rpm,712,458,36.8,36.8,3925,496,0,1591,1.543,1,COM7
2,342430,37,rpm,753,458,36.8,36.8,3925,496,0,1591,1.543,1,COM7
2,342451,37,rpm,559,458,36.8,36.8,3925,496,0,1591,1.543,1,COM7
2,342471,37,rpm,496,458,36.8,36.8,3925,496,0,1591,1.543,1,COM7
2,342492,37,rpm,455,458,36.8,36.8,3925,496,0,1591,1.544,1,COM7
2,342513,37,rpm,283,458,36.8,36.8,3925,496,0,1592,1.544,1,COM7
2,342534,37,rpm,-123,458,36.8,36.8,3925,496,0,1592,1.544,1,COM7
2,342554,37,rpm,-139,458,36.8,36.8,3925,496,0,1592,1.544,1,COM7
2,342575,37,rpm,151,458,36.8,36.8,3925,496,0,1592,1.544,1,COM7
2,342596,37,rpm,646,458,36.8,36.8,3925,496,0,1592,1.544,1,COM7
2,342617,37,rpm,746,458,36.8,36.8,3925,496,0,1592,1.545,1,COM7
2,342638,37,rpm,800,458,36.8,36.8,3925,496,0,1592,1.545,1,COM7
2,342658,37,rpm,858,458,36.8,36.8,3925,496,0,1593,1.545,1,COM7
2,342679,37,rpm,659,458,36.8,36.8,3925,496,0,1593,1.545,1,COM7
2,342700,37,rpm,553,458,36.8,36.8,3925,496,0,1593,1.545,1,COM7
2,342721,37,rpm,621,458,36.8,36.8,3925,496,0,1593,1.545,1,COM7
2,342741,37,rpm,446,458,36.8,36.8,3925,496,0,1593,1.545,1,COM7
2,342762,37,rpm,304,458,36.8,36.8,3925,496,0,1593,1.546,1,COM7
2,342783,37,rpm,154,458,36.8,36.8,3925,496,0,1594,1.546,1,COM7
2,342804,37,rpm,-332,458,36.8,36.8,3925,496,0,1594,1.546,1,COM7
2,342824,37,rpm,70,458,36.8,36.8,3925,496,0,1594,1.546,1,COM7
2,342845,37,rpm,483,458,36.8,36.8,3925,496,0,1594,1.546,1,COM7
2,342866,37,rpm,734,458,36.8,36.8,3925,496,0,1594,1.546,1,COM7
2,342887,37,rpm,818,458,36.8,36.8,3925,496,0,1594,1.547,1,COM7
2,342907,37,rpm,790,458,36.8,36.8,3925,496,0,1595,1.547,1,COM7
2,342928,37,rpm,713,458,36.8,36.8,3925,496,0,1595,1.547,1,COM7
2,342949,37,rpm,693,458,36.8,36.8,3925,496,0,1595,1.547,1,COM7
2,342970,37,rpm,517,458,36.8,36.8,3925,496,0,1595,1.547,1,COM7
2,342991,37,rpm,493,458,36.8,36.8,3925,496,0,1595,1.547,1,COM7
2,343011,37,rpm,418,458,36.8,36.8,3925,496,0,1595,1.547,1,COM7
2,343032,37,rpm,244,458,36.8,36.8,3925,496,0,1595,1.548,1,COM7
2,343053,37,rpm,-366,458,36.8,36.8,3925,496,0,1596,1.548,1,COM7
2,343074,37,rpm,32,458,36.8,36.8,3925,496,0,1596,1.548,1,COM7
2,343095,37,rpm,302,458,36.8,36.8,3925,496,0,1596,1.548,1,COM7
2,343115,37,rpm,664,458,36.8,36.8,3925,496,0,1596,1.548,1,COM7
2,343136,37,rpm,863,458,36.8,36.8,3925,496,0,1596,1.548,1,COM7
2,343157,37,rpm,819,458,36.8,36.8,3925,496,0,1596,1.549,1,COM7
2,343178,37,rpm,761,458,36.8,36.8,3925,496,0,1597,1.549,1,COM7
2,343198,37,rpm,657,458,36.8,36.8,3925,496,0,1597,1.549,1,COM7
2,343219,37,rpm,608,458,36.8,36.8,3925,496,0,1597,1.549,1,COM7
2,343240,37,rpm,548,458,36.8,36.8,3925,496,0,1597,1.549,1,COM7
2,343261,37,rpm,384,458,36.8,36.8,3925,496,0,1597,1.549,1,COM7
2,343281,37,rpm,303,458,36.8,36.8,3925,496,0,1597,1.549,1,COM7
2,343302,37,rpm,-105,458,36.8,36.8,3925,496,0,1598,1.55,1,COM7
2,343323,37,rpm,-189,458,36.8,36.8,3925,496,0,1598,1.55,1,COM7
2,343344,37,rpm,116,458,36.8,36.8,3925,496,0,1598,1.55,1,COM7
2,343364,37,rpm,657,458,36.8,36.8,3925,496,0,1598,1.55,1,COM7
2,343385,37,rpm,757,458,36.8,36.8,3925,496,0,1598,1.55,1,COM7
2,343406,37,rpm,774,458,36.8,36.8,3925,496,0,1598,1.55,1,COM7
2,343427,37,rpm,826,458,36.8,36.8,3925,496,0,1599,1.551,1,COM7
2,343447,37,rpm,686,458,36.8,36.8,3925,496,0,1599,1.551,1,COM7
2,343468,37,rpm,620,458,36.8,36.8,3925,496,0,1599,1.551,1,COM7
2,343489,37,rpm,511,458,36.8,36.8,3925,496,0,1599,1.551,1,COM7
2,343510,37,rpm,472,458,36.8,36.8,3925,496,0,1599,1.551,1,COM7
2,343530,37,rpm,345,458,36.8,36.8,3925,496,0,1599,1.551,1,COM7
2,343551,37,rpm,65,458,36.8,36.8,3925,496,0,1599,1.551,1,COM7
2,343572,37,rpm,-304,458,36.8,36.8,3925,496,0,1600,1.552,1,COM7
2,343593,37,rpm,108,458,36.8,36.8,3925,496,0,1600,1.552,1,COM7
2,343614,37,rpm,500,458,36.8,36.8,3925,496,0,1600,1.552,1,COM7
2,343634,37,rpm,703,458,36.8,36.8,3925,496,0,1600,1.552,1,COM7
2,343655,37,rpm,975,458,36.8,36.8,3925,496,0,1600,1.552,1,COM7
2,343676,37,rpm,775,458,36.8,36.8,3925,496,0,1600,1.552,1,COM7
2,343697,37,rpm,701,458,36.8,36.8,3925,496,0,1601,1.553,1,COM7
2,343717,37,rpm,652,458,36.8,36.8,3925,496,0,1601,1.553,1,COM7
2,343738,37,rpm,586,458,36.8,36.8,3925,496,0,1601,1.553,1,COM7
2,343759,37,rpm,443,458,36.8,36.8,3925,496,0,1601,1.553,1,COM7
2,343780,37,rpm,309,458,36.8,36.8,3925,496,0,1601,1.553,1,COM7
2,343801,37,rpm,124,458,36.8,36.8,3925,496,0,1601,1.553,1,COM7
2,343821,37,rpm,-324,458,36.8,36.8,3925,496,0,1602,1.553,1,COM7
2,343842,37,rpm,84,458,36.8,36.8,3925,496,0,1602,1.554,1,COM7
2,343863,37,rpm,487,458,36.8,36.8,3925,496,0,1602,1.554,1,COM7
2,343884,37,rpm,774,458,36.8,36.8,3925,496,0,1602,1.554,1,COM7
2,343904,37,rpm,847,458,36.8,36.8,3925,496,0,1602,1.554,1,COM7
2,343925,37,rpm,718,458,36.8,36.8,3925,496,0,1602,1.554,1,COM7
2,343946,37,rpm,781,458,36.8,36.8,3925,496,0,1602,1.554,1,COM7
2,343967,37,rpm,633,458,36.8,36.8,3925,496,0,1603,1.555,1,COM7
2,343987,37,rpm,521,458,36.8,36.8,3925,496,0,1603,1.555,1,COM7
2,344008,37,rpm,509,458,36.8,36.8,3925,496,0,1603,1.555,1,COM7
2,344029,37,rpm,379,458,36.8,36.8,3925,496,0,1603,1.555,1,COM7
2,344050,37,rpm,246,458,36.8,36.8,3925,496,0,1603,1.555,1,COM7
2,344070,37,rpm,-360,458,36.8,36.8,3925,496,0,1603,1.555,1,COM7
2,344091,37,rpm,40,458,36.8,36.8,3925,496,0,1604,1.555,1,COM7
2,344112,37,rpm,378,458,36.8,36.8,3925,496,0,1604,1.556,1,COM7
2,344133,37,rpm,649,458,36.8,36.8,3925,496,0,1604,1.556,1,COM7
2,344154,37,rpm,783,458,36.8,36.8,3925,496,0,1604,1.556,1,COM7
2,344174,37,rpm,961,458,36.8,36.8,3925,496,0,1604,1.556,1,COM7
2,344195,37,rpm,623,458,36.8,36.8,3925,496,0,1604,1.556,1,COM7
2,344216,37,rpm,628,458,36.8,36.8,3925,496,0,1605,1.556,1,COM7
2,344237,37,rpm,684,458,36.8,36.8,3925,496,0,1605,1.557,1,COM7
2,344257,37,rpm,494,458,36.8,36.8,3925,496,0,1605,1.557,1,COM7
2,344278,37,rpm,385,458,36.8,36.8,3925,496,0,1605,1.557,1,COM7
2,344299,37,rpm,339,458,36.8,36.8,3925,496,0,1605,1.557,1,COM7
2,344320,37,rpm,-66,458,36.8,36.8,3925,496,0,1605,1.557,1,COM7
2,344340,37,rpm,-204,458,36.8,36.8,3925,496,0,1605,1.557,1,COM7
2,344361,37,rpm,134,458,36.8,36.8,3925,496,0,1606,1.557,1,COM7
2,344382,37,rpm,608,458,36.8,36.8,3925,496,0,1606,1.558,1,COM7
2,344403,37,rpm,770,458,36.8,36.8,3925,496,0,1606,1.558,1,COM7
2,344424,37,rpm,810,458,36.8,36.8,3925,496,0,1606,1.558,1,COM7
2,344444,37,rpm,836,458,36.8,36.8,3925,496,0,1606,1.558,1,COM7
2,344465,37,rpm,707,458,36.8,36.8,3925,496,0,1606,1.558,1,COM7
2,344486,37,rpm,602,458,36.8,36.8,3925,496,0,1607,1.558,1,COM7
2,344507,37,rpm,530,458,36.8,36.8,3925,496,0,1607,1.559,1,COM7
2,344527,37,rpm,521,458,36.8,36.8,3925,496,0,1607,1.559,1,COM7
2,344548,37,rpm,340,458,36.8,36.8,3925,496,0,1607,1.559,1,COM7
2,344569,37,rpm,177,458,36.8,36.8,3925,496,0,1607,1.559,1,COM7
2,344590,37,rpm,-389,458,36.8,36.8,3925,496,0,1607,1.559,1,COM7
2,344611,37,rpm,76,458,36.8,36.8,3925,496,0,1608,1.559,1,COM7
2,344631,37,rpm,441,458,36.8,36.8,3925,496,0,1608,1.559,1,COM7
2,344652,37,rpm,713,458,36.8,36.8,3925,496,0,1608,1.56,1,COM7
2,344673,37,rpm,838,458,36.8,36.8,3925,496,0,1608,1.56,1,COM7
2,344694,37,rpm,889,458,36.8,36.8,3925,496,0,1608,1.56,1,COM7
2,344714,37,rpm,645,458,36.8,36.8,3925,496,0,1608,1.56,1,COM7
2,344735,37,rpm,633,458,36.8,36.8,3925,496,0,1608,1.56,1,COM7
2,344756,37,rpm,666,458,36.8,36.8,3925,496,0,1609,1.56,1,COM7
2,344777,37,rpm,459,458,36.8,36.8,3925,496,0,1609,1.561,1,COM7
2,344797,37,rpm,365,458,36.8,36.8,3925,496,0,1609,1.561,1,COM7
2,344818,37,rpm,293,458,36.8,36.8,3925,496,0,1609,1.561,1,COM7
2,344839,37,rpm,-349,458,36.8,36.8,3925,496,0,1609,1.561,1,COM7
2,344860,37,rpm,9,458,36.8,36.8,3925,496,0,1609,1.561,1,COM7
2,344881,37,rpm,286,458,36.8,36.8,3925,496,0,1610,1.561,1,COM7
2,344901,37,rpm,679,458,36.8,36.8,3925,496,0,1610,1.561,1,COM7
2,344922,37,rpm,778,458,36.8,36.8,3925,496,0,1610,1.562,1,COM7
2,344943,37,rpm,913,458,36.8,36.8,3925,496,0,1610,1.562,1,COM7
2,344964,37,rpm,706,458,36.8,36.8,3925,496,0,1610,1.562,1,COM7
2,344984,37,rpm,679,458,36.8,36.8,3925,496,0,1610,1.562,1,COM7
2,345005,37,rpm,599,458,36.8,36.8,3925,496,0,1611,1.562,1,COM7
2,345026,37,rpm,490,458,36.8,36.8,3925,496,0,1611,1.562,1,COM7
2,345047,37,rpm,453,458,36.8,36.8,3925,496,0,1611,1.563,1,COM7
2,345067,37,rpm,309,458,36.8,36.8,3925,496,0,1611,1.563,1,COM7
2,345088,37,rpm,-134,458,36.8,36.8,3925,496,0,1611,1.563,1,COM7
2,345109,37,rpm,-129,457,36.8,36.8,3925,496,0,1611,1.563,1,COM7
2,345130,37,rpm,174,457,36.8,36.8,3925,496,0,1612,1.563,1,COM7
2,345150,37,rpm,605,457,36.8,36.8,3925,496,0,1612,1.563,1,COM7
2,345171,37,rpm,792,457,36.8,36.8,3925,496,0,1612,1.563,1,COM7
2,345192,37,rpm,917,457,36.8,36.8,3925,496,0,1612,1.564,1,COM7
2,345212,37,rpm,758,457,36.8,36.8,3925,496,0,1612,1.564,1,COM7
2,345233,37,rpm,702,457,36.8,36.8,3925,496,0,1612,1.564,1,COM7
2,345254,37,rpm,638,457,36.8,36.8,3925,496,0,1612,1.564,1,COM7
2,345275,37,rpm,571,457,36.8,36.8,3925,496,0,1613,1.564,1,COM7
2,345295,37,rpm,377,457,36.8,36.8,3925,496,0,1613,1.564,1,COM7
2,345316,37,rpm,299,457,36.8,36.8,3925,496,0,1613,1.565,1,COM7
2,345337,37,rpm,-77,457,36.8,36.8,3925,496,0,1613,1.565,1,COM7
2,345358,37,rpm,-175,457,36.8,36.8,3925,496,0,1613,1.565,1,COM7
2,345378,37,rpm,121,457,36.8,36.8,3925,496,0,1613,1.565,1,COM7
2,345399,37,rpm,692,457,36.8,36.8,3925,496,0,1614,1.565,1,COM7
2,345420,37,rpm,690,457,36.8,36.8,3925,496,0,1614,1.565,1,COM7
2,345441,37,rpm,818,457,36.8,36.8,3925,496,0,1614,1.565,1,COM7
2,345461,37,rpm,910,457,36.8,36.8,3925,496,0,1614,1.566,1,COM7
2,345482,37,rpm,623,457,36.8,36.8,3925,496,0,1614,1.566,1,COM7
2,345503,37,rpm,574,457,36.8,36.8,3925,496,0,1614,1.566,1,COM7
2,345524,37,rpm,610,457,36.8,36.8,3925,496,0,1615,1.566,1,COM7
2,345544,37,rpm,450,457,36.8,36.8,3925,496,0,1615,1.566,1,COM7
2,345565,37,rpm,332,457,36.8,36.8,3925,496,0,1615,1.566,1,COM7
2,345586,37,rpm,135,457,36.8,36.8,3925,496,0,1615,1.567,1,COM7
2,345607,37,rpm,-323,457,36.8,36.8,3925,496,0,1615,1.567,1,COM7
2,345627,37,rpm,78,457,36.8,36.8,3925,496,0,1615,1.567,1,COM7
2,345648,37,rpm,495,457,36.8,36.8,3925,496,0,1615,1.567,1,COM7
2,345669,37,rpm,647,457,36.8,36.8,3925,496,0,1616,1.567,1,COM7
2,345690,37,rpm,904,457,36.8,36.8,3925,496,0,1616,1.567,1,COM7
2,345710,37,rpm,826,457,36.8,36.8,3925,496,0,1616,1.567,1,COM7
2,345731,37,rpm,616,457,36.8,36.8,3925,496,0,1616,1.568,1,COM7
2,345752,37,rpm,707,457,36.8,36.8,3925,496,0,1616,1.568,1,COM7
2,345773,37,rpm,614,457,36.8,36.8,3925,496,0,1616,1.568,1,COM7
2,345794,37,rpm,453,457,36.8,36.8,3925,496,0,1617,1.568,1,COM7
2,345814,37,rpm,380,457,36.8,36.8,3925,496,0,1617,1.568,1,COM7
2,345835,37,rpm,297,457,36.8,36.8,3925,496,0,1617,1.568,1,COM7
2,345856,37,rpm,-338,457,36.8,36.8,3925,496,0,1617,1.569,1,COM7
2,345876,37,rpm,2,457,36.8,36.8,3925,496,0,1617,1.569,1,COM7
2,345897,37,rpm,240,457,36.8,36.8,3925,496,0,1617,1.569,1,COM7
2,345918,37,rpm,712,457,36.8,36.8,3925,496,0,1618,1.569,1,COM7
2,345939,37,rpm,701,457,36.8,36.8,3925,496,0,1618,1.569,1,COM7
2,345959,37,rpm,875,457,36.8,36.8,3925,496,0,1618,1.569,1,COM7
2,345980,37,rpm,848,457,36.8,36.8,3925,496,0,1618,1.569,1,COM7
2,346001,37,rpm,587,457,36.8,36.8,3925,496,0,1618,1.57,1,COM7
2,346022,37,rpm,591,457,36.8,36.8,3925,496,0,1618,1.57,1,COM7
2,346042,37,rpm,628,457,36.8,36.8,3925,496,0,1618,1.57,1,COM7
2,346063,37,rpm,390,457,36.8,36.8,3925,496,0,1619,1.57,1,COM7
2,346084,37,rpm,312,457,36.8,36.8,3925,496,0,1619,1.57,1,COM7
2,346105,37,rpm,-27,457,36.8,36.8,3925,496,0,1619,1.57,1,COM7
2,346125,37,rpm,-241,457,36.8,36.8,3925,496,0,1619,1.571,1,COM7
2,346146,37,rpm,103,457,36.8,36.8,3925,496,0,1619,1.571,1,COM7
2,346167,37,rpm,649,457,36.8,36.8,3925,496,0,1619,1.571,1,COM7
2,346188,37,rpm,691,457,36.8,36.8,3925,496,0,1620,1.571,1,COM7
2,346208,37,rpm,855,457,36.8,36.8,3925,496,0,1620,1.571,1,COM7
2,346229,37,rpm,831,457,36.8,36.8,3925,496,0,1620,1.571,1,COM7
2,346250,37,rpm,637,457,36.8,36.8,3925,496,0,1620,1.571,1,COM7
2,346270,37,rpm,656,457,36.8,36.8,3925,496,0,1620,1.572,1,COM7
2,346291,37,rpm,570,457,36.8,36.8,3925,496,0,1620,1.572,1,COM7
2,346312,37,rpm,452,457,36.8,36.8,3925,496,0,1621,1.572,1,COM7
2,346333,37,rpm,378,457,36.8,36.8,3925,496,0,1621,1.572,1,COM7
2,346353,37,rpm,224,457,36.8,36.8,3925,496,0,1621,1.572,1,COM7
2,346374,37,rpm,-385,457,36.8,36.8,3925,496,0,1621,1.572,1,COM7
2,346395,37,rpm,58,457,36.8,36.8,3925,496,0,1621,1.573,1,COM7
2,346416,37,rpm,413,457,36.8,36.8,3925,496,0,1621,1.573,1,COM7
2,346436,37,rpm,636,457,36.8,36.8,3925,496,0,1621,1.573,1,COM7
2,346457,37,rpm,846,457,36.8,36.8,3925,496,0,1622,1.573,1,COM7
2,346478,37,rpm,884,457,36.8,36.8,3925,496,0,1622,1.573,1,COM7
2,346499,37,rpm,705,457,36.8,36.8,3925,496,0,1622,1.573,1,COM7
2,346519,37,rpm,578,457,36.8,36.8,3925,496,0,1622,1.573,1,COM7
2,346540,37,rpm,613,457,36.8,36.8,3925,496,0,1622,1.574,1,COM7
2,346561,37,rpm,550,457,36.8,36.8,3925,496,0,1622,1.574,1,COM7
2,346582,37,rpm,338,457,36.8,36.8,3925,496,0,1623,1.574,1,COM7
2,346602,37,rpm,291,457,36.8,36.8,3925,496,0,1623,1.574,1,COM7
2,346623,37,rpm,-318,457,36.8,36.8,3925,496,0,1623,1.574,1,COM7
2,346644,37,rpm,6,457,36.8,36.8,3925,496,0,1623,1.574,1,COM7
2,346665,37,rpm,206,457,36.8,36.8,3925,496,0,1623,1.575,1,COM7
2,346685,37,rpm,776,457,36.8,36.8,3925,496,0,1623,1.575,1,COM7
2,346706,37,rpm,790,457,36.8,36.8,3925,496,0,1624,1.575,1,COM7
2,346727,37,rpm,796,457,36.8,36.8,3925,496,0,1624,1.575,1,COM7
2,346748,37,rpm,846,457,36.8,36.8,3925,496,0,1624,1.575,1,COM7
2,346769,37,rpm,645,457,36.8,36.8,3925,496,0,1624,1.575,1,COM7
2,346789,37,rpm,608,457,36.8,36.8,3925,496,0,1624,1.575,1,COM7
2,346810,37,rpm,503,457,36.8,36.8,3925,496,0,1624,1.576,1,COM7
2,346831,37,rpm,377,457,36.8,36.8,3925,496,0,1624,1.576,1,COM7
2,346852,37,rpm,281,457,36.8,36.8,3925,496,0,1625,1.576,1,COM7
2,346872,37,rpm,-323,457,36.8,36.8,3925,496,0,1625,1.576,1,COM7
2,346893,37,rpm,-10,457,36.8,36.8,3925,496,0,1625,1.576,1,COM7
2,346914,37,rpm,241,457,36.8,36.8,3925,496,0,1625,1.576,1,COM7
2,346935,37,rpm,704,457,36.8,36.8,3925,496,0,1625,1.577,1,COM7
2,346955,37,rpm,679,457,36.8,36.8,3925,496,0,1625,1.577,1,COM7
2,346976,37,rpm,969,457,36.8,36.8,3925,496,0,1626,1.577,1,COM7
2,346997,37,rpm,762,457,36.8,36.8,3925,496,0,1626,1.577,1,COM7
2,347018,37,rpm,578,457,36.8,36.8,3925,496,0,1626,1.577,1,COM7
2,347038,37,rpm,652,457,36.8,36.8,3925,496,0,1626,1.577,1,COM7
2,347059,37,rpm,574,457,36.8,36.8,3925,496,0,1626,1.577,1,COM7
2,347080,37,rpm,412,457,36.8,36.8,3925,496,0,1626,1.578,1,COM7
2,347101,37,rpm,296,457,36.8,36.8,3925,496,0,1627,1.578,1,COM7
2,347121,37,rpm,8,457,36.8,36.8,3925,496,0,1627,1.578,1,COM7
2,347142,37,rpm,-245,457,36.8,36.8,3925,496,0,1627,1.578,1,COM7
2,347163,37,rpm,103,457,36.8,36.8,3925,496,0,1627,1.578,1,COM7
2,347184,37,rpm,582,457,36.8,36.8,3925,496,0,1627,1.578,1,COM7
2,347204,37,rpm,803,457,36.8,36.8,3925,496,0,1627,1.578,1,COM7
2,347225,37,rpm,771,457,36.8,36.8,3925,496,0,1627,1.579,1,COM7
2,347246,37,rpm,780,457,36.8,36.8,3925,496,0,1628,1.579,1,COM7
2,347267,37,rpm,795,457,36.8,36.8,3925,496,0,1628,1.579,1,COM7
2,347287,37,rpm,571,457,36.8,36.8,3925,496,0,1628,1.579,1,COM7
2,347308,37,rpm,528,457,36.8,36.8,3925,496,0,1628,1.579,1,COM7
2,347329,37,rpm,534,457,36.8,36.8,3925,496,0,1628,1.579,1,COM7
2,347350,37,rpm,331,457,36.8,36.8,3925,496,0,1628,1.58,1,COM7
2,347370,37,rpm,241,457,36.8,36.8,3925,496,0,1629,1.58,1,COM7
2,347391,37,rpm,-383,457,36.8,36.8,3925,496,0,1629,1.58,1,COM7
2,347412,37,rpm,53,457,36.8,36.8,3925,496,0,1629,1.58,1,COM7
2,347433,37,rpm,359,457,36.8,36.8,3925,496,0,1629,1.58,1,COM7
2,347453,37,rpm,726,457,36.8,36.8,3925,496,0,1629,1.58,1,COM7
2,347474,37,rpm,741,457,36.8,36.8,3925,496,0,1629,1.58,1,COM7
2,347495,37,rpm,947,457,36.8,36.8,3925,496,0,1630,1.581,1,COM7
2,347516,37,rpm,712,457,36.8,36.8,3925,496,0,1630,1.581,1,COM7
2,347537,37,rpm,618,457,36.8,36.8,3925,496,0,1630,1.581,1,COM7
2,347557,37,rpm,631,457,36.8,36.8,3925,496,0,1630,1.581,1,COM7
2,347578,37,rpm,534,457,36.8,36.8,3925,496,0,1630,1.581,1,COM7
2,347599,37,rpm,342,457,36.8,36.8,3925,496,0,1630,1.581,1,COM7
2,347620,37,rpm,332,457,36.8,36.8,3925,496,0,1630,1.582,1,COM7
2,347640,37,rpm,-226,457,36.8,36.8,3925,496,0,1631,1.582,1,COM7
2,347661,37,rpm,-96,457,36.8,36.8,3925,496,0,1631,1.582,1,COM7
2,347682,37,rpm,183,457,36.8,36.8,3925,496,0,1631,1.582,1,COM7
2,347703,37,rpm,718,457,36.8,36.8,3925,496,0,1631,1.582,1,COM7
2,347723,37,rpm,771,457,36.8,36.8,3925,496,0,1631,1.582,1,COM7
2,347744,37,rpm,776,457,36.8,36.8,3925,496,0,1631,1.582,1,COM7
2,347765,37,rpm,805,457,36.8,36.8,3925,496,0,1632,1.583,1,COM7
2,347786,37,rpm,731,457,36.8,36.8,3925,496,0,1632,1.583,1,COM7
2,347806,37,rpm,553,457,36.8,36.8,3925,496,0,1632,1.583,1,COM7
2,347827,37,rpm,537,457,36.8,36.8,3925,496,0,1632,1.583,1,COM7
2,347848,37,rpm,497,457,36.8,36.8,3925,496,0,1632,1.583,1,COM7
2,347869,37,rpm,293,457,36.8,36.8,3925,496,0,1632,1.583,1,COM7
2,347889,37,rpm,102,457,36.8,36.8,3925,496,0,1633,1.584,1,COM7
2,347910,37,rpm,-355,457,36.8,36.8,3925,496,0,1633,1.584,1,COM7
2,347931,37,rpm,94,457,36.8,36.8,3925,496,0,1633,1.584,1,COM7
2,347952,37,rpm,496,457,36.8,36.8,3925,496,0,1633,1.584,1,COM7
2,347973,37,rpm,789,457,36.8,36.8,3925,496,0,1633,1.584,1,COM7
2,347993,37,rpm,834,457,36.8,36.8,3925,496,0,1633,1.584,1,COM7
2,348014,37,rpm,814,457,36.8,36.8,3925,496,0,1633,1.584,1,COM7
2,348035,37,rpm,696,457,36.8,36.8,3925,496,0,1634,1.585,1,COM7
2,348056,37,rpm,587,457,36.8,36.8,3925,496,0,1634,1.585,1,COM7
2,348076,37,rpm,617,457,36.8,36.8,3925,496,0,1634,1.585,1,COM7
2,348097,37,rpm,469,457,36.8,36.8,3925,496,0,1634,1.585,1,COM7
2,348118,37,rpm,319,457,36.8,36.8,3925,496,0,1634,1.585,1,COM7
2,348139,37,rpm,240,457,36.8,36.8,3925,496,0,1634,1.585,1,COM7
2,348159,37,rpm,-396,457,36.8,36.8,3925,496,0,1635,1.586,1,COM7
2,348180,37,rpm,58,457,36.8,36.8,3925,496,0,1635,1.586,1,COM7
2,348201,37,rpm,430,457,36.8,36.8,3925,496,0,1635,1.586,1,COM7
2,348222,37,rpm,744,457,36.8,36.8,3925,496,0,1635,1.586,1,COM7
2,348242,37,rpm,765,457,36.8,36.8,3925,496,0,1635,1.586,1,COM7
2,348263,37,rpm,878,457,36.8,36.8,3925,496,0,1635,1.586,1,COM7
2,348284,37,rpm,774,457,36.8,36.8,3925,496,0,1636,1.586,1,COM7
2,348305,37,rpm,630,457,36.8,36.8,3925,496,0,1636,1.587,1,COM7
2,348325,37,rpm,557,457,36.8,36.8,3925,496,0,1636,1.587,1,COM7
2,348346,37,rpm,492,457,36.8,36.8,3925,496,0,1636,1.587,1,COM7
2,348367,37,rpm,364,457,36.8,36.8,3925,496,0,1636,1.587,1,COM7
2,348388,37,rpm,217,457,36.8,36.8,3925,496,0,1636,1.587,1,COM7
2,348408,37,rpm,-358,457,36.8,36.8,3925,496,0,1636,1.587,1,COM7
2,348429,37,rpm,51,457,36.8,36.8,3925,496,0,1637,1.588,1,COM7
2,348450,37,rpm,366,457,36.8,36.8,3925,496,0,1637,1.588,1,COM7
2,348471,37,rpm,676,457,36.8,36.8,3925,496,0,1637,1.588,1,COM7
2,348491,37,rpm,931,457,36.8,36.8,3925,496,0,1637,1.588,1,COM7
2,348512,37,rpm,771,457,36.8,36.8,3925,496,0,1637,1.588,1,COM7
2,348533,37,rpm,677,457,36.8,36.8,3925,496,0,1637,1.588,1,COM7
2,348554,37,rpm,728,457,36.8,36.8,3925,496,0,1638,1.588,1,COM7
2,348574,37,rpm,574,457,36.8,36.8,3925,496,0,1638,1.589,1,COM7
2,348595,37,rpm,513,457,36.8,36.8,3925,496,0,1638,1.589,1,COM7
2,348616,37,rpm,394,457,36.8,36.8,3925,496,0,1638,1.589,1,COM7
2,348637,37,rpm,280,457,36.8,36.8,3925,496,0,1638,1.589,1,COM7
2,348657,37,rpm,-184,457,36.8,36.8,3925,496,0,1638,1.589,1,COM7
2,348678,37,rpm,-87,457,36.8,36.8,3925,496,0,1639,1.589,1,COM7
2,348699,37,rpm,166,457,36.8,36.8,3925,496,0,1639,1.59,1,COM7
2,348720,37,rpm,705,457,36.8,36.8,3925,496,0,1639,1.59,1,COM7
2,348740,37,rpm,748,457,36.8,36.8,3925,496,0,1639,1.59,1,COM7
2,348761,37,rpm,757,457,36.8,36.8,3925,496,0,1639,1.59,1,COM7
2,348782,37,rpm,883,457,36.8,36.8,3925,496,0,1639,1.59,1,COM7
2,348803,37,rpm,665,457,36.8,36.8,3925,496,0,1640,1.59,1,COM7
2,348823,37,rpm,539,457,36.8,36.8,3925,496,0,1640,1.59,1,COM7
2,348844,37,rpm,614,457,36.8,36.8,3925,496,0,1640,1.591,1,COM7
2,348865,37,rpm,448,457,36.8,36.8,3925,496,0,1640,1.591,1,COM7
2,348886,37,rpm,312,457,36.8,36.8,3925,496,0,1640,1.591,1,COM7
2,348907,37,rpm,113,457,36.8,36.8,3925,496,0,1640,1.591,1,COM7
2,348927,37,rpm,-306,457,36.8,36.8,3925,496,0,1640,1.591,1,COM7
2,348948,37,rpm,82,457,36.8,36.8,3925,496,0,1641,1.591,1,COM7
2,348969,37,rpm,492,457,36.8,36.8,3925,496,0,1641,1.592,1,COM7
2,348990,37,rpm,717,457,36.8,36.8,3925,496,0,1641,1.592,1,COM7
2,349010,37,rpm,916,457,36.8,36.8,3925,496,0,1641,1.592,1,COM7
2,349031,37,rpm,750,457,36.8,36.8,3925,496,0,1641,1.592,1,COM7
2,349052,37,rpm,677,457,36.8,36.8,3925,496,0,1641,1.592,1,COM7
2,349073,37,rpm,728,457,36.8,36.8,3925,496,0,1642,1.592,1,COM7
2,349093,37,rpm,522,457,36.8,36.8,3925,496,0,1642,1.592,1,COM7
2,349114,37,rpm,476,457,36.8,36.8,3925,496,0,1642,1.593,1,COM7
2,349135,37,rpm,418,457,36.8,36.8,3925,496,0,1642,1.593,1,COM7
2,349155,37,rpm,240,457,36.8,36.8,3925,496,0,1642,1.593,1,COM7
2,349176,37,rpm,-373,457,36.8,36.8,3925,496,0,1642,1.593,1,COM7
2,349197,37,rpm,39,457,36.8,36.8,3925,496,0,1643,1.593,1,COM7
2,349218,37,rpm,326,457,36.8,36.8,3925,496,0,1643,1.593,1,COM7
2,349238,37,rpm,687,457,36.8,36.8,3925,496,0,1643,1.594,1,COM7
2,349259,37,rpm,832,457,36.8,36.8,3925,496,0,1643,1.594,1,COM7
2,349280,37,rpm,812,457,36.8,36.8,3925,496,0,1643,1.594,1,COM7
2,349301,37,rpm,786,457,36.8,36.8,3925,496,0,1643,1.594,1,COM7
2,349321,37,rpm,632,457,36.8,36.8,3925,496,0,1643,1.594,1,COM7
2,349342,37,rpm,561,457,36.8,36.8,3925,496,0,1644,1.594,1,COM7
2,349363,37,rpm,578,457,36.8,36.8,3925,496,0,1644,1.594,1,COM7
2,349384,37,rpm,380,457,36.8,36.8,3925,496,0,1644,1.595,1,COM7
2,349404,37,rpm,294,457,36.8,36.8,3925,496,0,1644,1.595,1,COM7
2,349425,37,rpm,-103,457,36.8,36.8,3925,496,0,1644,1.595,1,COM7
2,349446,37,rpm,-151,457,36.8,36.8,3925,496,0,1644,1.595,1,COM7
2,349467,37,rpm,126,457,36.8,36.8,3925,496,0,1645,1.595,1,COM7
2,349487,37,rpm,650,457,36.8,36.8,3925,496,0,1645,1.595,1,COM7
2,349508,37,rpm,793,457,36.8,36.8,3925,496,0,1645,1.596,1,COM7
2,349529,37,rpm,831,457,36.8,36.8,3925,496,0,1645,1.596,1,COM7
2,349550,37,rpm,765,457,36.8,36.8,3925,496,0,1645,1.596,1,COM7
2,349570,37,rpm,660,457,36.8,36.8,3925,496,0,1645,1.596,1,COM7
2,349591,37,rpm,661,457,36.8,36.8,3925,496,0,1646,1.596,1,COM7
2,349612,37,rpm,487,457,36.8,36.8,3925,496,0,1646,1.596,1,COM7
2,349633,37,rpm,456,457,36.8,36.8,3925,496,0,1646,1.596,1,COM7
2,349653,37,rpm,361,457,36.8,36.8,3925,496,0,1646,1.597,1,COM7
2,349674,37,rpm,54,457,36.8,36.8,3925,496,0,1646,1.597,1,COM7
2,349695,37,rpm,-286,457,36.8,36.8,3925,496,0,1646,1.597,1,COM7
2,349716,37,rpm,110,457,36.8,36.8,3925,496,0,1646,1.597,1,COM7
2,349736,37,rpm,553,457,36.8,36.8,3925,496,0,1647,1.597,1,COM7
2,349757,37,rpm,658,457,36.8,36.8,3925,496,0,1647,1.597,1,COM7
2,349778,37,rpm,980,457,36.8,36.8,3925,496,0,1647,1.598,1,COM7
2,349798,37,rpm,777,457,36.8,36.8,3925,496,0,1647,1.598,1,COM7
2,349819,37,rpm,668,457,36.8,36.8,3925,496,0,1647,1.598,1,COM7
2,349840,37,rpm,672,457,36.8,36.8,3925,496,0,1647,1.598,1,COM7
2,349861,37,rpm,590,457,36.8,36.8,3925,496,0,1648,1.598,1,COM7
2,349881,37,rpm,448,457,36.8,36.8,3925,496,0,1648,1.598,1,COM7
2,349902,37,rpm,313,457,36.8,36.8,3925,496,0,1648,1.598,1,COM7
2,349923,37,rpm,126,457,36.8,36.8,3925,496,0,1648,1.599,1,COM7
2,349944,37,rpm,-320,457,36.8,36.8,3925,496,0,1648,1.599,1,COM7
2,349964,37,rpm,80,457,36.8,36.8,3925,496,0,1648,1.599,1,COM7
2,349985,37,rpm,488,457,36.8,36.8,3925,496,0,1649,1.599,1,COM7
2,350006,37,rpm,775,457,36.8,36.8,3925,496,0,1649,1.599,1,COM7
2,350027,37,rpm,852,457,36.8,36.8,3925,496,0,1649,1.599,1,COM7
2,350047,37,rpm,707,457,36.8,36.8,3925,496,0,1649,1.6,1,COM7
2,350068,37,rpm,799,457,36.8,36.8,3925,496,0,1649,1.6,1,COM7
2,350089,37,rpm,643,457,36.8,36.8,3925,496,0,1649,1.6,1,COM7
2,350110,37,rpm,526,457,36.8,36.8,3925,496,0,1649,1.6,1,COM7
2,350130,37,rpm,536,457,36.8,36.8,3925,496,0,1650,1.6,1,COM7
2,350151,37,rpm,377,457,36.8,36.8,3925,496,0,1650,1.6,1,COM7
2,350172,37,rpm,244,457,36.8,36.8,3925,496,0,1650,1.6,1,COM7
2,350193,37,rpm,-372,457,36.8,36.8,3925,496,0,1650,1.601,1,COM7
2,350213,37,rpm,35,457,36.8,36.8,3925,496,0,1650,1.601,1,COM7
2,350234,37,rpm,340,457,36.8,36.8,3925,496,0,1650,1.601,1,COM7
2,350255,37,rpm,615,457,36.8,36.8,3925,496,0,1651,1.601,1,COM7
2,350276,37,rpm,833,457,36.8,36.8,3925,496,0,1651,1.601,1,COM7
2,350296,37,rpm,957,457,36.8,36.8,3925,496,0,1651,1.601,1,COM7
2,350317,37,rpm,653,457,36.8,36.8,3925,496,0,1651,1.602,1,COM7
2,350338,37,rpm,615,457,36.8,36.8,3925,496,0,1651,1.602,1,COM7
2,350359,37,rpm,697,457,36.8,36.8,3925,496,0,1651,1.602,1,COM7
2,350379,37,rpm,486,457,36.8,36.8,3925,496,0,1652,1.602,1,COM7
2,350400,37,rpm,387,457,36.8,36.8,3925,496,0,1652,1.602,1,COM7
2,350421,37,rpm,340,457,36.8,36.8,3925,496,0,1652,1.602,1,COM7
2,350441,37,rpm,-71,457,36.8,36.8,3925,496,0,1652,1.602,1,COM7
2,350462,37,rpm,-204,457,36.8,36.8,3925,496,0,1652,1.603,1,COM7
2,350483,37,rpm,133,457,36.8,36.8,3925,496,0,1652,1.603,1,COM7
2,350504,37,rpm,612,457,36.8,36.8,3925,496,0,1652,1.603,1,COM7
2,350525,37,rpm,717,457,36.8,36.8,3925,496,0,1653,1.603,1,COM7
2,350545,37,rpm,889,457,36.8,36.8,3925,496,0,1653,1.603,1,COM7
2,350566,37,rpm,747,457,36.8,36.8,3925,496,0,1653,1.603,1,COM7
2,350587,37,rpm,728,457,36.8,36.8,3925,496,0,1653,1.604,1,COM7
2,350608,37,rpm,628,457,36.8,36.8,3925,496,0,1653,1.604,1,COM7
2,350628,37,rpm,514,457,36.8,36.8,3925,496,0,1653,1.604,1,COM7
2,350649,37,rpm,531,457,36.8,36.8,3925,496,0,1654,1.604,1,COM7
2,350670,37,rpm,339,457,36.8,36.8,3925,496,0,1654,1.604,1,COM7
2,350691,37,rpm,194,457,36.8,36.8,3925,496,0,1654,1.604,1,COM7
2,350711,37,rpm,-395,457,36.8,36.8,3925,496,0,1654,1.604,1,COM7
2,350732,37,rpm,71,457,36.8,36.8,3925,496,0,1654,1.605,1,COM7
2,350753,37,rpm,389,457,36.8,36.8,3925,496,0,1654,1.605,1,COM7
2,350773,37,rpm,744,457,36.8,36.8,3925,496,0,1655,1.605,1,COM7
2,350794,37,rpm,850,457,36.8,36.8,3925,496,0,1655,1.605,1,COM7
2,350815,37,rpm,833,457,36.8,36.8,3925,496,0,1655,1.605,1,COM7
2,350836,37,rpm,650,457,36.8,36.8,3925,496,0,1655,1.605,1,COM7
2,350856,37,rpm,652,457,36.8,36.8,3925,496,0,1655,1.605,1,COM7
2,350877,37,rpm,648,457,36.8,36.8,3925,496,0,1655,1.606,1,COM7
2,350898,37,rpm,453,457,36.8,36.8,3925,496,0,1655,1.606,1,COM7
2,350919,37,rpm,374,457,36.8,36.8,3925,496,0,1656,1.606,1,COM7
2,350939,37,rpm,300,457,36.8,36.8,3925,496,0,1656,1.606,1,COM7
2,350960,37,rpm,-333,457,36.8,36.8,3925,496,0,1656,1.606,1,COM7
2,350981,37,rpm,-12,457,36.8,36.8,3925,496,0,1656,1.606,1,COM7
2,351002,37,rpm,269,457,36.8,36.8,3925,496,0,1656,1.607,1,COM7
2,351022,37,rpm,668,457,36.8,36.8,3925,496,0,1656,1.607,1,COM7
2,351043,37,rpm,705,457,36.8,36.8,3925,496,0,1657,1.607,1,COM7
2,351064,37,rpm,976,457,36.8,36.8,3925,496,0,1657,1.607,1,COM7
2,351085,37,rpm,732,457,36.8,36.8,3925,496,0,1657,1.607,1,COM7
2,351105,37,rpm,623,457,36.8,36.8,3925,496,0,1657,1.607,1,COM7
2,351126,37,rpm,619,457,36.8,36.8,3925,496,0,1657,1.607,1,COM7
2,351147,37,rpm,516,457,36.8,36.8,3925,496,0,1657,1.608,1,COM7
2,351168,37,rpm,438,457,36.8,36.8,3925,496,0,1658,1.608,1,COM7
2,351188,37,rpm,305,457,36.8,36.8,3925,496,0,1658,1.608,1,COM7
2,351209,37,rpm,-86,457,36.8,36.8,3925,496,0,1658,1.608,1,COM7
2,351230,37,rpm,-199,457,36.8,36.8,3925,496,0,1658,1.608,1,COM7
2,351251,37,rpm,138,457,36.8,36.8,3925,496,0,1658,1.608,1,COM7
2,351272,37,rpm,601,457,36.8,36.8,3925,496,0,1658,1.609,1,COM7
2,351292,37,rpm,820,457,36.8,36.8,3925,496,0,1658,1.609,1,COM7
2,351313,37,rpm,892,457,36.8,36.8,3925,496,0,1659,1.609,1,COM7
2,351334,37,rpm,707,457,36.8,36.8,3925,496,0,1659,1.609,1,COM7
2,351355,37,rpm,761,457,36.8,36.8,3925,496,0,1659,1.609,1,COM7
2,351375,37,rpm,643,457,36.8,36.8,3925,496,0,1659,1.609,1,COM7
2,351396,37,rpm,525,457,36.8,36.8,3925,496,0,1659,1.609,1,COM7
2,351417,37,rpm,400,457,36.8,36.8,3925,496,0,1659,1.61,1,COM7
2,351438,37,rpm,311,457,36.8,36.8,3925,496,0,1660,1.61,1,COM7
2,351458,37,rpm,-50,457,36.8,36.8,3925,496,0,1660,1.61,1,COM7
2,351479,37,rpm,-232,457,36.8,36.8,3925,496,0,1660,1.61,1,COM7
2,351500,37,rpm,122,457,36.8,36.8,3925,496,0,1660,1.61,1,COM7
2,351521,37,rpm,690,457,36.8,36.8,3925,496,0,1660,1.61,1,COM7
2,351541,37,rpm,657,457,36.8,36.8,3925,496,0,1660,1.611,1,COM7
2,351562,37,rpm,834,457,36.8,36.8,3925,496,0,1661,1.611,1,COM7
2,351583,37,rpm,904,457,36.8,36.8,3925,496,0,1661,1.611,1,COM7
2,351604,37,rpm,607,457,36.8,36.8,3925,496,0,1661,1.611,1,COM7
2,351624,37,rpm,581,457,36.8,36.8,3925,496,0,1661,1.611,1,COM7
2,351645,37,rpm,657,457,36.8,36.8,3925,496,0,1661,1.611,1,COM7
2,351666,37,rpm,450,457,36.8,36.8,3925,496,0,1661,1.611,1,COM7
2,351687,37,rpm,324,457,36.8,36.8,3925,496,0,1661,1.612,1,COM7
2,351707,37,rpm,185,457,36.8,36.8,3925,496,0,1662,1.612,1,COM7
2,351728,37,rpm,-345,457,36.8,36.8,3925,496,0,1662,1.612,1,COM7
2,351749,37,rpm,57,457,36.8,36.8,3925,496,0,1662,1.612,1,COM7
2,351769,37,rpm,456,457,36.8,36.8,3925,496,0,1662,1.612,1,COM7
2,351790,37,rpm,688,457,36.8,36.8,3925,496,0,1662,1.612,1,COM7
2,351811,37,rpm,870,457,36.8,36.8,3925,496,0,1662,1.613,1,COM7
2,351832,37,rpm,822,457,36.8,36.8,3925,496,0,1663,1.613,1,COM7
2,351852,37,rpm,649,457,36.8,36.8,3925,496,0,1663,1.613,1,COM7
2,351873,37,rpm,709,457,36.8,36.8,3925,496,0,1663,1.613,1,COM7
2,351894,37,rpm,584,457,36.8,36.8,3925,496,0,1663,1.613,1,COM7
2,351915,37,rpm,457,457,36.8,36.8,3925,496,0,1663,1.613,1,COM7
2,351935,37,rpm,420,457,36.8,36.8,3925,496,0,1663,1.613,1,COM7
2,351956,37,rpm,287,457,36.8,36.8,3925,496,0,1664,1.614,1,COM7
2,351977,37,rpm,-307,457,36.8,36.8,3925,496,0,1664,1.614,1,COM7
2,351998,37,rpm,-25,457,36.8,36.8,3925,496,0,1664,1.614,1,COM7
2,352018,37,rpm,218,457,36.8,36.8,3925,496,0,1664,1.614,1,COM7
2,352039,37,rpm,642,457,36.8,36.8,3925,496,0,1664,1.614,1,COM7
2,352060,37,rpm,740,457,36.8,36.8,3925,496,0,1664,1.614,1,COM7
2,352081,37,rpm,882,457,36.8,36.8,3925,496,0,1664,1.615,1,COM7
2,352102,37,rpm,810,457,36.8,36.8,3925,496,0,1665,1.615,1,COM7
2,352122,37,rpm,587,457,36.8,36.8,3925,496,0,1665,1.615,1,COM7
2,352143,37,rpm,615,457,36.8,36.8,3925,496,0,1665,1.615,1,COM7
2,352164,37,rpm,625,457,36.8,36.8,3925,496,0,1665,1.615,1,COM7
2,352185,37,rpm,388,457,36.8,36.8,3925,496,0,1665,1.615,1,COM7
2,352205,37,rpm,320,457,36.8,36.8,3925,496,0,1665,1.615,1,COM7
2,352226,37,rpm,11,457,36.8,36.8,3925,496,0,1666,1.616,1,COM7
2,352247,37,rpm,-259,457,36.8,36.8,3925,496,0,1666,1.616,1,COM7
2,352268,37,rpm,96,457,36.8,36.8,3925,496,0,1666,1.616,1,COM7
2,352288,37,rpm,655,457,36.8,36.8,3925,496,0,1666,1.616,1,COM7
2,352309,37,rpm,679,457,36.8,36.8,3925,496,0,1666,1.616,1,COM7
2,352330,37,rpm,796,457,36.8,36.8,3925,496,0,1666,1.616,1,COM7
2,352351,37,rpm,887,457,36.8,36.8,3925,496,0,1667,1.617,1,COM7
2,352371,37,rpm,637,457,36.8,36.8,3925,496,0,1667,1.617,1,COM7
2,352392,37,rpm,657,457,36.8,36.8,3925,496,0,1667,1.617,1,COM7
2,352413,37,rpm,566,457,36.8,36.8,3925,496,0,1667,1.617,1,COM7
2,352434,37,rpm,459,457,36.8,36.8,3925,496,0,1667,1.617,1,COM7
2,352454,37,rpm,372,457,36.8,36.8,3925,496,0,1667,1.617,1,COM7
2,352475,37,rpm,229,457,36.8,36.8,3925,496,0,1667,1.617,1,COM7
2,352496,37,rpm,-409,457,36.8,36.8,3925,496,0,1668,1.618,1,COM7
2,352517,37,rpm,49,457,36.8,36.8,3925,496,0,1668,1.618,1,COM7
2,352537,37,rpm,377,457,36.8,36.8,3925,496,0,1668,1.618,1,COM7
2,352558,37,rpm,628,457,36.8,36.8,3925,496,0,1668,1.618,1,COM7
2,352579,37,rpm,889,457,36.8,36.8,3925,496,0,1668,1.618,1,COM7
2,352600,37,rpm,879,457,36.8,36.8,3925,496,0,1668,1.618,1,COM7
2,352620,37,rpm,664,457,36.8,36.8,3925,496,0,1669,1.619,1,COM7
2,352641,37,rpm,625,457,36.8,36.8,3925,496,0,1669,1.619,1,COM7
2,352662,37,rpm,615,457,36.8,36.8,3925,496,0,1669,1.619,1,COM7
2,352683,37,rpm,540,457,36.8,36.8,3925,496,0,1669,1.619,1,COM7
2,352703,37,rpm,340,457,36.8,36.8,3925,496,0,1669,1.619,1,COM7
2,352724,37,rpm,294,457,36.8,36.8,3925,496,0,1669,1.619,1,COM7
2,352745,37,rpm,-311,457,36.8,36.8,3925,496,0,1670,1.619,1,COM7
2,352766,37,rpm,-4,457,36.8,36.8,3925,496,0,1670,1.62,1,COM7
2,352786,37,rpm,212,457,36.8,36.8,3925,496,0,1670,1.62,1,COM7
2,352807,37,rpm,777,457,36.8,36.8,3925,496,0,1670,1.62,1,COM7
2,352828,37,rpm,770,457,36.8,36.8,3925,496,0,1670,1.62,1,COM7
2,352849,37,rpm,810,457,36.8,36.8,3925,496,0,1670,1.62,1,COM7
2,352869,37,rpm,868,457,36.8,36.8,3925,496,0,1670,1.62,1,COM7
2,352890,37,rpm,638,457,36.8,36.8,3925,496,0,1671,1.621,1,COM7
2,352911,37,rpm,594,457,36.8,36.8,3925,496,0,1671,1.621,1,COM7
2,352932,37,rpm,558,457,36.8,36.8,3925,496,0,1671,1.621,1,COM7
2,352952,37,rpm,386,457,36.8,36.8,3925,496,0,1671,1.621,1,COM7
2,352973,37,rpm,275,457,36.8,36.8,3925,496,0,1671,1.621,1,COM7
2,352994,37,rpm,-250,457,36.8,36.8,3925,496,0,1671,1.621,1,COM7
2,353014,37,rpm,-39,457,36.8,36.8,3925,496,0,1672,1.621,1,COM7
2,353035,37,rpm,208,457,36.8,36.8,3925,496,0,1672,1.622,1,COM7
2,353056,37,rpm,695,457,36.8,36.8,3925,496,0,1672,1.622,1,COM7
2,353077,37,rpm,696,457,36.8,36.8,3925,496,0,1672,1.622,1,COM7
2,353098,37,rpm,956,457,36.8,36.8,3925,496,0,1672,1.622,1,COM7
2,353118,37,rpm,757,457,36.8,36.8,3925,496,0,1672,1.622,1,COM7
2,353139,37,rpm,590,457,36.8,36.8,3925,496,0,1673,1.622,1,COM7
2,353160,37,rpm,689,457,36.8,36.8,3925,496,0,1673,1.623,1,COM7
2,353180,37,rpm,564,457,36.8,36.8,3925,496,0,1673,1.623,1,COM7
2,353201,37,rpm,394,457,36.8,36.8,3925,496,0,1673,1.623,1,COM7
2,353222,37,rpm,338,457,36.8,36.8,3925,496,0,1673,1.623,1,COM7
2,353243,37,rpm,52,457,36.8,36.8,3925,496,0,1673,1.623,1,COM7
2,353264,37,rpm,-268,457,36.8,36.8,3925,496,0,1673,1.623,1,COM7
2,353284,37,rpm,87,457,36.8,36.8,3925,496,0,1674,1.623,1,COM7
2,353305,37,rpm,571,457,36.8,36.8,3925,496,0,1674,1.624,1,COM7
2,353326,37,rpm,755,457,36.8,36.8,3925,496,0,1674,1.624,1,COM7
2,353347,37,rpm,772,457,36.8,36.8,3925,496,0,1674,1.624,1,COM7
2,353367,37,rpm,826,457,36.8,36.8,3925,496,0,1674,1.624,1,COM7
2,353388,37,rpm,765,457,36.8,36.8,3925,496,0,1674,1.624,1,COM7
2,353409,37,rpm,554,457,36.8,36.8,3925,496,0,1675,1.624,1,COM7
2,353430,37,rpm,554,457,36.8,36.8,3925,496,0,1675,1.625,1,COM7
2,353450,37,rpm,545,457,36.8,36.8,3925,496,0,1675,1.625,1,COM7
2,353471,37,rpm,328,457,36.8,36.8,3925,496,0,1675,1.625,1,COM7
2,353492,37,rpm,259,457,36.8,36.8,3925,496,0,1675,1.625,1,COM7
2,353512,37,rpm,-378,457,36.8,36.8,3925,496,0,1675,1.625,1,COM7
2,353533,37,rpm,49,457,36.8,36.8,3925,496,0,1676,1.625,1,COM7
2,353554,37,rpm,285,457,36.8,36.8,3925,496,0,1676,1.625,1,COM7
2,353575,37,rpm,771,457,36.8,36.8,3925,496,0,1676,1.626,1,COM7
2,353595,37,rpm,751,457,36.8,36.8,3925,496,0,1676,1.626,1,COM7
2,353616,37,rpm,878,457,36.8,36.8,3925,496,0,1676,1.626,1,COM7
2,353637,37,rpm,761,457,36.8,36.8,3925,496,0,1676,1.626,1,COM7
2,353658,37,rpm,600,457,36.8,36.8,3925,496,0,1676,1.626,1,COM7
2,353679,37,rpm,656,457,36.8,36.8,3925,496,0,1677,1.626,1,COM7
2,353699,37,rpm,520,457,36.8,36.8,3925,496,0,1677,1.627,1,COM7
2,353720,37,rpm,376,457,36.8,36.8,3925,496,0,1677,1.627,1,COM7
2,353741,37,rpm,332,457,36.8,36.8,3925,496,0,1677,1.627,1,COM7
2,353761,37,rpm,-167,457,36.8,36.8,3925,496,0,1677,1.627,1,COM7
2,353782,37,rpm,-141,457,36.8,36.8,3925,496,0,1677,1.627,1,COM7
2,353803,37,rpm,176,457,36.8,36.8,3925,496,0,1678,1.627,1,COM7
2,353824,37,rpm,693,457,36.8,36.8,3925,496,0,1678,1.627,1,COM7
2,353844,37,rpm,642,457,36.8,36.8,3925,496,0,1678,1.628,1,COM7
2,353865,37,rpm,916,457,36.8,36.8,3925,496,0,1678,1.628,1,COM7
2,353886,37,rpm,819,457,36.8,36.8,3925,496,0,1678,1.628,1,COM7
2,353907,37,rpm,638,457,36.8,36.8,3925,496,0,1678,1.628,1,COM7
2,353927,37,rpm,601,457,36.8,36.8,3925,496,0,1679,1.628,1,COM7
2,353948,37,rpm,575,457,36.8,36.8,3925,496,0,1679,1.628,1,COM7
2,353969,37,rpm,479,457,36.8,36.8,3925,496,0,1679,1.629,1,COM7
2,353990,37,rpm,293,457,36.8,36.8,3925,496,0,1679,1.629,1,COM7
2,354010,37,rpm,158,457,36.8,36.8,3925,496,0,1679,1.629,1,COM7
2,354031,37,rpm,-370,457,36.8,36.8,3925,496,0,1679,1.629,1,COM7
2,354052,37,rpm,80,457,36.8,36.8,3925,496,0,1679,1.629,1,COM7
2,354073,37,rpm,447,457,36.8,36.8,3925,496,0,1680,1.629,1,COM7
2,354093,37,rpm,828,457,36.8,36.8,3925,496,0,1680,1.629,1,COM7
2,354114,37,rpm,795,457,36.8,36.8,3925,496,0,1680,1.63,1,COM7
2,354135,37,rpm,787,457,36.8,36.8,3925,496,0,1680,1.63,1,COM7
2,354156,37,rpm,777,457,36.8,36.8,3925,496,0,1680,1.63,1,COM7
2,354176,37,rpm,591,457,36.8,36.8,3925,496,0,1680,1.63,1,COM7
2,354197,37,rpm,563,457,36.8,36.8,3925,496,0,1681,1.63,1,COM7
2,354218,37,rpm,499,457,36.8,36.8,3925,496,0,1681,1.63,1,COM7
2,354239,37,rpm,355,457,36.8,36.8,3925,496,0,1681,1.63,1,COM7
2,354259,37,rpm,258,457,36.8,36.8,3925,496,0,1681,1.631,1,COM7
2,354280,37,rpm,-383,457,36.8,36.8,3925,496,0,1681,1.631,1,COM7
2,354301,37,rpm,53,457,36.8,36.8,3925,496,0,1681,1.631,1,COM7
2,354322,37,rpm,394,457,36.8,36.8,3925,496,0,1682,1.631,1,COM7
2,354342,37,rpm,704,457,36.8,36.8,3925,496,0,1682,1.631,1,COM7
2,354363,37,rpm,760,457,36.8,36.8,3925,496,0,1682,1.631,1,COM7
2,354384,37,rpm,971,457,36.8,36.8,3925,496,0,1682,1.632,1,COM7
2,354405,37,rpm,727,457,36.8,36.8,3925,496,0,1682,1.632,1,COM7
2,354425,37,rpm,565,457,36.8,36.8,3925,496,0,1682,1.632,1,COM7
2,354446,37,rpm,673,457,36.8,36.8,3925,496,0,1682,1.632,1,COM7
2,354467,37,rpm,500,457,36.8,36.8,3925,496,0,1683,1.632,1,COM7
2,354488,37,rpm,339,457,36.8,36.8,3925,496,0,1683,1.632,1,COM7
2,354508,37,rpm,250,457,36.8,36.8,3925,496,0,1683,1.632,1,COM7
2,354529,37,rpm,-348,457,36.8,36.8,3925,496,0,1683,1.633,1,COM7
2,354550,37,rpm,36,457,36.8,36.8,3925,496,0,1683,1.633,1,COM7
2,354571,37,rpm,322,457,36.8,36.8,3925,496,0,1683,1.633,1,COM7
2,354591,37,rpm,725,457,36.8,36.8,3925,496,0,1684,1.633,1,COM7
2,354612,37,rpm,887,457,36.8,36.8,3925,496,0,1684,1.633,1,COM7
2,354633,37,rpm,743,457,36.8,36.8,3925,496,0,1684,1.633,1,COM7
2,354654,37,rpm,715,457,36.8,36.8,3925,496,0,1684,1.634,1,COM7
2,354675,37,rpm,711,457,36.8,36.8,3925,496,0,1684,1.634,1,COM7
2,354695,37,rpm,557,457,36.8,36.8,3925,496,0,1684,1.634,1,COM7
2,354716,37,rpm,499,457,36.8,36.8,3925,496,0,1685,1.634,1,COM7
2,354737,37,rpm,449,457,36.8,36.8,3925,496,0,1685,1.634,1,COM7
2,354758,37,rpm,294,457,36.8,36.8,3925,496,0,1685,1.634,1,COM7
2,354778,37,rpm,-177,457,36.8,36.8,3925,496,0,1685,1.634,1,COM7
2,354799,37,rpm,-98,457,36.8,36.8,3925,496,0,1685,1.635,1,COM7
2,354820,37,rpm,175,457,36.8,36.8,3925,496,0,1685,1.635,1,COM7
2,354841,37,rpm,641,457,36.8,36.8,3925,496,0,1686,1.635,1,COM7
2,354861,37,rpm,759,457,36.8,36.8,3925,496,0,1686,1.635,1,COM7
2,354882,37,rpm,826,457,36.8,36.8,3925,496,0,1686,1.635,1,COM7
2,354903,37,rpm,835,457,36.8,36.8,3925,496,0,1686,1.635,1,COM7
2,354924,37,rpm,664,457,36.8,36.8,3925,496,0,1686,1.636,1,COM7
2,354944,37,rpm,574,457,36.8,36.8,3925,496,0,1686,1.636,1,COM7
2,354965,37,rpm,623,457,36.8,36.8,3925,496,0,1686,1.636,1,COM7
2,354986,37,rpm,426,457,36.8,36.8,3925,496,0,1687,1.636,1,COM7
2,355007,37,rpm,320,457,36.8,36.8,3925,496,0,1687,1.636,1,COM7
2,355027,37,rpm,180,457,36.8,36.8,3925,496,0,1687,1.636,1,COM7
2,355048,37,rpm,-359,457,36.8,36.8,3925,496,0,1687,1.636,1,COM7
2,355069,37,rpm,64,457,36.8,36.8,3925,496,0,1687,1.637,1,COM7
2,355090,37,rpm,457,457,36.8,36.8,3925,496,0,1687,1.637,1,COM7
2,355110,37,rpm,753,457,36.8,36.8,3925,496,0,1688,1.637,1,COM7
2,355131,37,rpm,764,457,36.8,36.8,3925,496,0,1688,1.637,1,COM7
2,355152,37,rpm,888,457,36.8,36.8,3925,496,0,1688,1.637,1,COM7
2,355173,37,rpm,713,457,36.8,36.8,3925,496,0,1688,1.637,1,COM7
2,355194,37,rpm,679,457,36.8,36.8,3925,496,0,1688,1.638,1,COM7
2,355214,37,rpm,522,457,36.8,36.8,3925,496,0,1688,1.638,1,COM7
2,355235,37,rpm,503,457,36.8,36.8,3925,496,0,1689,1.638,1,COM7
2,355256,37,rpm,411,457,36.8,36.8,3925,496,0,1689,1.638,1,COM7
2,355276,37,rpm,248,457,36.8,36.8,3925,496,0,1689,1.638,1,COM7
2,355297,37,rpm,-356,457,36.8,36.8,3925,496,0,1689,1.638,1,COM7
2,355318,37,rpm,27,457,36.8,36.8,3925,496,0,1689,1.638,1,COM7
2,355339,37,rpm,285,457,36.8,36.8,3925,496,0,1689,1.639,1,COM7
2,355360,37,rpm,667,457,36.8,36.8,3925,496,0,1689,1.639,1,COM7
2,355380,37,rpm,885,457,36.8,36.8,3925,496,0,1690,1.639,1,COM7
2,355401,37,rpm,805,457,36.8,36.8,3925,496,0,1690,1.639,1,COM7
2,355422,37,rpm,721,457,36.8,36.8,3925,496,0,1690,1.639,1,COM7
2,355443,37,rpm,679,457,36.8,36.8,3925,496,0,1690,1.639,1,COM7
2,355463,37,rpm,590,457,36.8,36.8,3925,496,0,1690,1.64,1,COM7
2,355484,37,rpm,568,457,36.8,36.8,3925,496,0,1690,1.64,1,COM7
2,355505,37,rpm,387,457,36.8,36.8,3925,496,0,1691,1.64,1,COM7
2,355526,37,rpm,314,457,36.8,36.8,3925,496,0,1691,1.64,1,COM7
2,355547,37,rpm,-41,457,36.8,36.8,3925,496,0,1691,1.64,1,COM7
2,355567,37,rpm,-222,457,36.8,36.8,3925,496,0,1691,1.64,1,COM7
2,355588,37,rpm,118,457,36.8,36.8,3925,496,0,1691,1.64,1,COM7
2,355609,37,rpm,653,457,36.8,36.8,3925,496,0,1691,1.641,1,COM7
2,355630,37,rpm,748,457,36.8,36.8,3925,496,0,1692,1.641,1,COM7
2,355650,37,rpm,757,457,36.8,36.8,3925,496,0,1692,1.641,1,COM7
2,355671,37,rpm,851,457,36.8,36.8,3925,496,0,1692,1.641,1,COM7
2,355692,37,rpm,712,457,36.8,36.8,3925,496,0,1692,1.641,1,COM7
2,355712,37,rpm,585,457,36.8,36.8,3925,496,0,1692,1.641,1,COM7
2,355733,37,rpm,541,457,36.8,36.8,3925,496,0,1692,1.642,1,COM7
2,355754,37,rpm,477,457,36.8,36.8,3925,496,0,1692,1.642,1,COM7
2,355775,37,rpm,342,457,36.8,36.8,3925,496,0,1693,1.642,1,COM7
2,355795,37,rpm,137,457,36.8,36.8,3925,496,0,1693,1.642,1,COM7
2,355816,37,rpm,-343,457,36.8,36.8,3925,496,0,1693,1.642,1,COM7
2,355837,37,rpm,92,457,36.8,36.8,3925,496,0,1693,1.642,1,COM7
2,355858,37,rpm,498,457,36.8,36.8,3925,496,0,1693,1.642,1,COM7
2,355879,37,rpm,697,457,36.8,36.8,3925,496,0,1693,1.643,1,COM7
2,355899,37,rpm,986,457,36.8,36.8,3925,496,0,1694,1.643,1,COM7
2,355920,37,rpm,760,457,36.8,36.8,3925,496,0,1694,1.643,1,COM7
2,355941,37,rpm,663,457,36.8,36.8,3925,496,0,1694,1.643,1,COM7
2,355962,37,rpm,700,457,36.8,36.8,3925,496,0,1694,1.643,1,COM7
2,355982,37,rpm,561,457,36.8,36.8,3925,496,0,1694,1.643,1,COM7
2,356003,37,rpm,443,457,36.8,36.8,3925,496,0,1694,1.644,1,COM7
2,356024,37,rpm,340,457,36.8,36.8,3925,496,0,1695,1.644,1,COM7
2,356045,37,rpm,135,457,36.8,36.8,3925,496,0,1695,1.644,1,COM7
2,356065,37,rpm,-335,457,36.8,36.8,3925,496,0,1695,1.644,1,COM7
2,356086,37,rpm,73,457,36.8,36.8,3925,496,0,1695,1.644,1,COM7
2,356107,37,rpm,477,457,36.8,36.8,3925,496,0,1695,1.644,1,COM7
2,356128,37,rpm,754,457,36.8,36.8,3925,496,0,1695,1.644,1,COM7
2,356149,37,rpm,867,457,36.8,36.8,3925,496,0,1695,1.645,1,COM7
2,356169,37,rpm,714,457,36.8,36.8,3925,496,0,1696,1.645,1,COM7
2,356190,37,rpm,800,457,36.8,36.8,3925,496,0,1696,1.645,1,COM7
2,356211,37,rpm,637,457,36.8,36.8,3925,496,0,1696,1.645,1,COM7
2,356232,37,rpm,520,457,36.8,36.8,3925,496,0,1696,1.645,1,COM7
2,356252,37,rpm,551,457,36.8,36.8,3925,496,0,1696,1.645,1,COM7
2,356273,37,rpm,367,457,36.8,36.8,3925,496,0,1696,1.646,1,COM7
2,356294,37,rpm,251,457,36.8,36.8,3925,496,0,1697,1.646,1,COM7
2,356315,37,rpm,-360,457,36.8,36.8,3925,496,0,1697,1.646,1,COM7
2,356336,37,rpm,37,457,36.8,36.8,3925,496,0,1697,1.646,1,COM7
2,356356,37,rpm,334,457,36.8,36.8,3925,496,0,1697,1.646,1,COM7
2,356377,37,rpm,655,457,36.8,36.8,3925,496,0,1697,1.646,1,COM7
2,356398,37,rpm,789,457,36.8,36.8,3925,496,0,1697,1.646,1,COM7
2,356419,37,rpm,945,457,36.8,36.8,3925,496,0,1698,1.647,1,COM7
2,356440,37,rpm,655,457,36.8,36.8,3925,496,0,1698,1.647,1,COM7
2,356460,37,rpm,618,457,36.8,36.8,3925,496,0,1698,1.647,1,COM7
2,356481,37,rpm,673,457,36.8,36.8,3925,496,0,1698,1.647,1,COM7
2,356502,37,rpm,494,457,36.8,36.8,3925,496,0,1698,1.647,1,COM7
2,356523,37,rpm,394,457,36.8,36.8,3925,496,0,1698,1.647,1,COM7
2,356543,37,rpm,341,457,36.8,36.8,3925,496,0,1698,1.648,1,COM7
2,356564,37,rpm,-76,457,36.8,36.8,3925,496,0,1699,1.648,1,COM7
2,356585,37,rpm,-195,457,36.8,36.8,3925,496,0,1699,1.648,1,COM7
2,356606,37,rpm,136,457,36.8,36.8,3925,496,0,1699,1.648,1,COM7
2,356626,37,rpm,612,457,36.8,36.8,3925,496,0,1699,1.648,1,COM7
2,356647,37,rpm,720,457,36.8,36.8,3925,496,0,1699,1.648,1,COM7
2,356668,37,rpm,887,457,36.8,36.8,3925,496,0,1699,1.648,1,COM7
2,356689,37,rpm,750,457,36.8,36.8,3925,496,0,1700,1.649,1,COM7
2,356710,37,rpm,742,457,36.8,36.8,3925,496,0,1700,1.649,1,COM7
2,356730,37,rpm,623,457,36.8,36.8,3925,496,0,1700,1.649,1,COM7
2,356751,37,rpm,509,457,36.8,36.8,3925,496,0,1700,1.649,1,COM7
2,356772,37,rpm,534,457,36.8,36.8,3925,496,0,1700,1.649,1,COM7
2,356793,37,rpm,341,457,36.8,36.8,3925,496,0,1700,1.649,1,COM7
2,356813,37,rpm,186,457,36.8,36.8,3925,496,0,1701,1.65,1,COM7
2,356834,37,rpm,-396,457,36.8,36.8,3925,496,0,1701,1.65,1,COM7
2,356855,37,rpm,75,457,36.8,36.8,3925,496,0,1701,1.65,1,COM7
2,356876,37,rpm,403,457,36.8,36.8,3925,496,0,1701,1.65,1,COM7
2,356896,37,rpm,724,457,36.8,36.8,3925,496,0,1701,1.65,1,COM7
2,356917,37,rpm,851,457,36.8,36.8,3925,496,0,1701,1.65,1,COM7
2,356938,37,rpm,871,457,36.8,36.8,3925,496,0,1701,1.65,1,COM7
2,356959,37,rpm,619,457,36.8,36.8,3925,496,0,1702,1.651,1,COM7
2,356980,37,rpm,645,457,36.8,36.8,3925,496,0,1702,1.651,1,COM7
2,357000,37,rpm,666,457,36.8,36.8,3925,496,0,1702,1.651,1,COM7
2,357021,37,rpm,431,457,36.8,36.8,3925,496,0,1702,1.651,1,COM7
2,357042,37,rpm,392,457,36.8,36.8,3925,496,0,1702,1.651,1,COM7
2,357062,37,rpm,298,457,36.8,36.8,3925,496,0,1702,1.651,1,COM7
2,357083,37,rpm,-359,457,36.8,36.8,3925,496,0,1703,1.652,1,COM7
2,357104,37,rpm,-5,457,36.8,36.8,3925,496,0,1703,1.652,1,COM7
2,357125,37,rpm,266,457,36.8,36.8,3925,496,0,1703,1.652,1,COM7
2,357145,37,rpm,673,457,36.8,36.8,3925,496,0,1703,1.652,1,COM7
2,357166,37,rpm,712,457,36.8,36.8,3925,496,0,1703,1.652,1,COM7
2,357187,37,rpm,947,457,36.8,36.8,3925,496,0,1703,1.652,1,COM7
2,357208,37,rpm,712,457,36.8,36.8,3925,496,0,1704,1.652,1,COM7
2,357228,37,rpm,661,457,36.8,36.8,3925,496,0,1704,1.653,1,COM7
2,357249,37,rpm,603,457,36.8,36.8,3925,496,0,1704,1.653,1,COM7
2,357270,37,rpm,512,457,36.8,36.8,3925,496,0,1704,1.653,1,COM7
2,357291,37,rpm,445,457,36.8,36.8,3925,496,0,1704,1.653,1,COM7
2,357311,37,rpm,296,457,36.8,36.8,3925,496,0,1704,1.653,1,COM7
2,357332,37,rpm,-108,457,36.8,36.8,3925,496,0,1704,1.653,1,COM7
2,357353,37,rpm,-174,457,36.8,36.8,3925,496,0,1705,1.654,1,COM7
2,357374,37,rpm,154,457,36.8,36.8,3925,496,0,1705,1.654,1,COM7
2,357394,37,rpm,612,457,36.8,36.8,3925,496,0,1705,1.654,1,COM7
2,357415,37,rpm,832,457,36.8,36.8,3925,496,0,1705,1.654,1,COM7
2,357436,37,rpm,887,457,36.8,36.8,3925,496,0,1705,1.654,1,COM7
2,357456,37,rpm,742,457,36.8,36.8,3925,496,0,1705,1.654,1,COM7
2,357477,37,rpm,738,457,36.8,36.8,3925,496,0,1706,1.654,1,COM7
2,357498,37,rpm,643,457,36.8,36.8,3925,496,0,1706,1.655,1,COM7
2,357519,37,rpm,536,457,36.8,36.8,3925,496,0,1706,1.655,1,COM7
2,357540,37,rpm,379,458,36.8,36.8,3925,496,0,1706,1.655,1,COM7
2,357560,37,rpm,338,458,36.8,36.8,3925,496,0,1706,1.655,1,COM7
2,357581,37,rpm,-37,458,36.8,36.8,3925,496,0,1706,1.655,1,COM7
2,357602,37,rpm,-221,458,36.8,36.8,3925,496,0,1707,1.655,1,COM7
2,357623,37,rpm,120,458,36.8,36.8,3925,496,0,1707,1.655,1,COM7
2,357643,37,rpm,694,458,36.8,36.8,3925,496,0,1707,1.656,1,COM7
2,357664,37,rpm,668,458,36.8,36.8,3925,496,0,1707,1.656,1,COM7
2,357685,37,rpm,821,458,36.8,36.8,3925,496,0,1707,1.656,1,COM7
2,357706,37,rpm,930,458,36.8,36.8,3925,496,0,1707,1.656,1,COM7
2,357726,37,rpm,618,458,36.8,36.8,3925,496,0,1707,1.656,1,COM7
2,357747,37,rpm,578,458,36.8,36.8,3925,496,0,1708,1.656,1,COM7
2,357768,37,rpm,648,458,36.8,36.8,3925,496,0,1708,1.657,1,COM7
2,357789,37,rpm,449,458,36.8,36.8,3925,496,0,1708,1.657,1,COM7
2,357809,37,rpm,325,458,36.8,36.8,3925,496,0,1708,1.657,1,COM7
2,357830,37,rpm,187,458,36.8,36.8,3925,496,0,1708,1.657,1,COM7
2,357851,37,rpm,-345,458,36.8,36.8,3925,496,0,1708,1.657,1,COM7
2,357872,37,rpm,59,458,36.8,36.8,3925,496,0,1709,1.657,1,COM7
2,357892,37,rpm,454,458,36.8,36.8,3925,496,0,1709,1.657,1,COM7
2,357913,37,rpm,673,458,36.8,36.8,3925,496,0,1709,1.658,1,COM7
2,357934,37,rpm,905,458,36.8,36.8,3925,496,0,1709,1.658,1,COM7
2,357955,37,rpm,824,458,36.8,36.8,3925,496,0,1709,1.658,1,COM7
2,357976,37,rpm,677,458,36.8,36.8,3925,496,0,1709,1.658,1,COM7
2,357996,37,rpm,661,458,36.8,36.8,3925,496,0,1710,1.658,1,COM7
2,358017,37,rpm,594,458,36.8,36.8,3925,496,0,1710,1.658,1,COM7
2,358038,37,rpm,447,458,36.8,36.8,3925,496,0,1710,1.659,1,COM7
2,358059,37,rpm,418,458,36.8,36.8,3925,496,0,1710,1.659,1,COM7
2,358079,37,rpm,286,458,36.8,36.8,3925,496,0,1710,1.659,1,COM7
2,358100,37,rpm,-326,458,36.8,36.8,3925,496,0,1710,1.659,1,COM7
2,358121,37,rpm,-6,458,36.8,36.8,3925,496,0,1710,1.659,1,COM7
2,358141,37,rpm,227,458,36.8,36.8,3925,496,0,1711,1.659,1,COM7
2,358162,37,rpm,665,458,36.8,36.8,3925,496,0,1711,1.659,1,COM7
2,358183,37,rpm,715,458,36.8,36.8,3925,496,0,1711,1.66,1,COM7
2,358204,37,rpm,891,458,36.8,36.8,3925,496,0,1711,1.66,1,COM7
2,358225,37,rpm,836,458,36.8,36.8,3925,496,0,1711,1.66,1,COM7
2,358245,37,rpm,585,458,36.8,36.8,3925,496,0,1711,1.66,1,COM7
2,358266,37,rpm,607,458,36.8,36.8,3925,496,0,1712,1.66,1,COM7
2,358287,37,rpm,628,458,36.8,36.8,3925,496,0,1712,1.66,1,COM7
2,358307,37,rpm,389,458,36.8,36.8,3925,496,0,1712,1.661,1,COM7
2,358328,37,rpm,316,458,36.8,36.8,3925,496,0,1712,1.661,1,COM7
2,358349,37,rpm,7,458,36.8,36.8,3925,496,0,1712,1.661,1,COM7
2,358370,37,rpm,-254,458,36.8,36.8,3925,496,0,1712,1.661,1,COM7
2,358391,37,rpm,98,458,36.8,36.8,3925,496,0,1713,1.661,1,COM7
2,358411,37,rpm,648,458,36.8,36.8,3925,496,0,1713,1.661,1,COM7
2,358432,37,rpm,682,458,36.8,36.8,3925,496,0,1713,1.661,1,COM7
2,358453,37,rpm,823,458,36.8,36.8,3925,496,0,1713,1.662,1,COM7
2,358473,37,rpm,856,458,36.8,36.8,3925,496,0,1713,1.662,1,COM7
2,358494,37,rpm,641,458,36.8,36.8,3925,496,0,1713,1.662,1,COM7
2,358515,37,rpm,651,458,36.8,36.8,3925,496,0,1714,1.662,1,COM7
2,358536,37,rpm,577,458,36.8,36.8,3925,496,0,1714,1.662,1,COM7
2,358556,37,rpm,487,458,36.8,36.8,3925,496,0,1714,1.662,1,COM7
2,358577,37,rpm,359,458,36.8,36.8,3925,496,0,1714,1.663,1,COM7
2,358598,37,rpm,225,458,36.8,36.8,3925,496,0,1714,1.663,1,COM7
2,358619,37,rpm,-392,458,36.8,36.8,3925,496,0,1714,1.663,1,COM7
2,358640,37,rpm,54,458,36.8,36.8,3925,496,0,1714,1.663,1,COM7
2,358660,37,rpm,384,458,36.8,36.8,3925,496,0,1715,1.663,1,COM7
2,358681,37,rpm,629,458,36.8,36.8,3925,496,0,1715,1.663,1,COM7
2,358702,37,rpm,871,458,36.8,36.8,3925,496,0,1715,1.663,1,COM7
2,358723,37,rpm,921,458,36.8,36.8,3925,496,0,1715,1.664,1,COM7
2,358743,37,rpm,661,458,36.8,36.8,3925,496,0,1715,1.664,1,COM7
2,358764,37,rpm,586,458,36.8,36.8,3925,496,0,1715,1.664,1,COM7
2,358785,37,rpm,615,458,36.8,36.8,3925,496,0,1716,1.664,1,COM7
2,358806,37,rpm,549,458,36.8,36.8,3925,496,0,1716,1.664,1,COM7
2,358826,37,rpm,347,458,36.8,36.8,3925,496,0,1716,1.664,1,COM7
2,358847,37,rpm,297,458,36.8,36.8,3925,496,0,1716,1.665,1,COM7
2,358868,37,rpm,-321,458,36.8,36.8,3925,496,0,1716,1.665,1,COM7
2,358888,37,rpm,6,458,36.8,36.8,3925,496,0,1716,1.665,1,COM7
2,358909,37,rpm,219,458,36.8,36.8,3925,496,0,1717,1.665,1,COM7
2,358930,37,rpm,788,458,36.8,36.8,3925,496,0,1717,1.665,1,COM7
2,358951,37,rpm,776,458,36.8,36.8,3925,496,0,1717,1.665,1,COM7
2,358972,37,rpm,791,458,36.8,36.8,3925,496,0,1717,1.665,1,COM7
2,358992,37,rpm,857,458,36.8,36.8,3925,496,0,1717,1.666,1,COM7
2,359013,37,rpm,641,458,36.8,36.8,3925,496,0,1717,1.666,1,COM7
2,359034,37,rpm,601,458,36.8,36.8,3925,496,0,1717,1.666,1,COM7
2,359055,37,rpm,523,458,36.8,36.8,3925,496,0,1718,1.666,1,COM7
2,359075,37,rpm,382,458,36.8,36.8,3925,496,0,1718,1.666,1,COM7
2,359096,37,rpm,272,458,36.8,36.8,3925,496,0,1718,1.666,1,COM7
2,359117,37,rpm,-263,458,36.8,36.8,3925,496,0,1718,1.667,1,COM7
2,359138,37,rpm,-41,458,36.8,36.8,3925,496,0,1718,1.667,1,COM7
2,359158,37,rpm,210,458,36.8,36.8,3925,496,0,1718,1.667,1,COM7
2,359179,37,rpm,722,458,36.8,36.8,3925,496,0,1719,1.667,1,COM7
2,359200,37,rpm,681,458,36.8,36.8,3925,496,0,1719,1.667,1,COM7
2,359221,37,rpm,957,458,36.8,36.8,3925,496,0,1719,1.667,1,COM7
2,359241,37,rpm,758,458,36.8,36.8,3925,496,0,1719,1.667,1,COM7
2,359262,37,rpm,610,458,36.8,36.8,3925,496,0,1719,1.668,1,COM7
2,359283,37,rpm,639,458,36.8,36.8,3925,496,0,1719,1.668,1,COM7
2,359304,37,rpm,569,458,36.8,36.8,3925,496,0,1720,1.668,1,COM7
2,359324,37,rpm,397,458,36.8,36.8,3925,496,0,1720,1.668,1,COM7
2,359345,37,rpm,306,458,36.8,36.8,3925,496,0,1720,1.668,1,COM7
2,359366,37,rpm,39,458,36.8,36.8,3925,496,0,1720,1.668,1,COM7
2,359387,37,rpm,-282,458,36.8,36.8,3925,496,0,1720,1.669,1,COM7
2,359407,37,rpm,95,458,36.8,36.8,3925,496,0,1720,1.669,1,COM7
2,359428,37,rpm,581,458,36.8,36.8,3925,496,0,1720,1.669,1,COM7
2,359449,37,rpm,756,458,36.8,36.8,3925,496,0,1721,1.669,1,COM7
2,359470,37,rpm,809,458,36.8,36.8,3925,496,0,1721,1.669,1,COM7
2,359490,37,rpm,778,458,36.8,36.8,3925,496,0,1721,1.669,1,COM7
2,359511,37,rpm,781,458,36.8,36.8,3925,496,0,1721,1.669,1,COM7
2,359532,37,rpm,575,458,36.8,36.8,3925,496,0,1721,1.67,1,COM7
2,359553,37,rpm,523,458,36.8,36.8,3925,496,0,1721,1.67,1,COM7
2,359573,37,rpm,546,458,36.8,36.8,3925,496,0,1722,1.67,1,COM7
2,359594,37,rpm,337,458,36.8,36.8,3925,496,0,1722,1.67,1,COM7
2,359615,37,rpm,250,458,36.8,36.8,3925,496,0,1722,1.67,1,COM7
2,359636,37,rpm,-387,458,36.8,36.8,3925,496,0,1722,1.67,1,COM7
2,359656,37,rpm,54,458,36.8,36.8,3925,496,0,1722,1.671,1,COM7
2,359677,37,rpm,319,458,36.8,36.8,3925,496,0,1722,1.671,1,COM7
2,359698,37,rpm,742,458,36.8,36.8,3925,496,0,1723,1.671,1,COM7
2,359719,37,rpm,747,458,36.8,36.8,3925,496,0,1723,1.671,1,COM7
2,359740,37,rpm,927,458,36.8,36.8,3925,496,0,1723,1.671,1,COM7
2,359760,37,rpm,721,458,36.8,36.8,3925,496,0,1723,1.671,1,COM7
2,359781,37,rpm,624,458,36.8,36.8,3925,496,0,1723,1.671,1,COM7
2,359802,37,rpm,627,458,36.8,36.8,3925,496,0,1723,1.672,1,COM7
2,359823,37,rpm,529,458,36.8,36.8,3925,496,0,1723,1.672,1,COM7
2,359843,37,rpm,357,458,36.8,36.8,3925,496,0,1724,1.672,1,COM7
2,359864,37,rpm,334,458,36.8,36.8,3925,496,0,1724,1.672,1,COM7
2,359885,37,rpm,-213,458,36.8,36.8,3925,496,0,1724,1.672,1,COM7
2,359906,37,rpm,-116,458,36.8,36.8,3925,496,0,1724,1.672,1,COM7
2,359927,37,rpm,183,458,36.8,36.8,3925,496,0,1724,1.673,1,COM7
2,359947,37,rpm,721,458,36.8,36.8,3925,496,0,1724,1.673,1,COM7
2,359968,37,rpm,729,458,36.8,36.8,3925,496,0,1725,1.673,1,COM7
2,359989,37,rpm,790,458,36.8,36.8,3925,496,0,1725,1.673,1,COM7
2,360010,37,rpm,843,458,36.8,36.8,3925,496,0,1725,1.673,1,COM7
2,360030,37,rpm,716,458,36.8,36.8,3925,496,0,1725,1.673,1,COM7
2,360051,37,rpm,554,458,36.8,36.8,3925,496,0,1725,1.673,1,COM7
2,360072,37,rpm,535,458,36.8,36.8,3925,496,0,1725,1.674,1,COM7
2,360093,37,rpm,497,458,36.8,36.8,3925,496,0,1726,1.674,1,COM7
2,360114,37,rpm,292,458,36.8,36.8,3925,496,0,1726,1.674,1,COM7
2,360134,37,rpm,107,458,36.8,36.8,3925,496,0,1726,1.674,1,COM7
2,360155,37,rpm,-332,458,36.8,36.8,3925,496,0,1726,1.674,1,COM7
2,360176,37,rpm,99,458,36.8,36.8,3925,496,0,1726,1.674,1,COM7
2,360197,37,rpm,503,458,36.8,36.8,3925,496,0,1726,1.675,1,COM7
2,360217,37,rpm,792,458,36.8,36.8,3925,496,0,1726,1.675,1,COM7
2,360238,37,rpm,821,458,36.8,36.8,3925,496,0,1727,1.675,1,COM7
2,360259,37,rpm,816,458,36.8,36.8,3925,496,0,1727,1.675,1,COM7
2,360280,37,rpm,681,458,36.8,36.8,3925,496,0,1727,1.675,1,COM7
2,360300,37,rpm,648,458,36.8,36.8,3925,496,0,1727,1.675,1,COM7
2,360321,37,rpm,621,458,36.8,36.8,3925,496,0,1727,1.675,1,COM7
2,360342,37,rpm,466,458,36.8,36.8,3925,496,0,1727,1.676,1,COM7
2,360363,37,rpm,326,458,36.8,36.8,3925,496,0,1728,1.676,1,COM7
2,360383,37,rpm,248,458,36.8,36.8,3925,496,0,1728,1.676,1,COM7
2,360404,37,rpm,-387,458,36.8,36.8,3925,496,0,1728,1.676,1,COM7
2,360425,37,rpm,53,458,36.8,36.8,3925,496,0,1728,1.676,1,COM7
2,360446,37,rpm,410,458,36.8,36.8,3925,496,0,1728,1.676,1,COM7
2,360466,37,rpm,738,458,36.8,36.8,3925,496,0,1728,1.677,1,COM7
2,360487,37,rpm,786,458,36.8,36.8,3925,496,0,1729,1.677,1,COM7
2,360508,37,rpm,882,458,36.8,36.8,3925,496,0,1729,1.677,1,COM7
2,360529,37,rpm,775,458,36.8,36.8,3925,496,0,1729,1.677,1,COM7
2,360549,37,rpm,627,458,36.8,36.8,3925,496,0,1729,1.677,1,COM7
2,360570,37,rpm,569,458,36.8,36.8,3925,496,0,1729,1.677,1,COM7
2,360591,37,rpm,500,458,36.8,36.8,3925,496,0,1729,1.677,1,COM7
2,360612,37,rpm,365,458,36.8,36.8,3925,496,0,1729,1.678,1,COM7
2,360633,37,rpm,206,458,36.8,36.8,3925,496,0,1730,1.678,1,COM7
2,360653,37,rpm,-359,458,36.8,36.8,3925,496,0,1730,1.678,1,COM7
2,360674,37,rpm,55,458,36.8,36.8,3925,496,0,1730,1.678,1,COM7
2,360695,37,rpm,372,458,36.8,36.8,3925,496,0,1730,1.678,1,COM7
2,360716,37,rpm,668,458,36.8,36.8,3925,496,0,1730,1.678,1,COM7
2,360736,37,rpm,930,458,36.8,36.8,3925,496,0,1730,1.679,1,COM7
2,360757,37,rpm,763,458,36.8,36.8,3925,496,0,1731,1.679,1,COM7
2,360778,37,rpm,669,458,36.8,36.8,3925,496,0,1731,1.679,1,COM7
2,360799,37,rpm,725,458,36.8,36.8,3925,496,0,1731,1.679,1,COM7
2,360819,37,rpm,578,458,36.8,36.8,3925,496,0,1731,1.679,1,COM7
2,360840,37,rpm,517,458,36.8,36.8,3925,496,0,1731,1.679,1,COM7
2,360861,37,rpm,394,458,36.8,36.8,3925,496,0,1731,1.679,1,COM7
2,360882,37,rpm,279,458,36.8,36.8,3925,496,0,1732,1.68,1,COM7
2,360903,37,rpm,-278,458,36.8,36.8,3925,496,0,1732,1.68,1,COM7
2,360923,37,rpm,-32,458,36.8,36.8,3925,496,0,1732,1.68,1,COM7
2,360944,37,rpm,190,458,36.8,36.8,3925,496,0,1732,1.68,1,COM7
2,360965,37,rpm,728,458,36.8,36.8,3925,496,0,1732,1.68,1,COM7
2,360986,37,rpm,775,458,36.8,36.8,3925,496,0,1732,1.68,1,COM7
2,361006,37,rpm,756,458,36.8,36.8,3925,496,0,1733,1.681,1,COM7
2,361027,37,rpm,877,458,36.8,36.8,3925,496,0,1733,1.681,1,COM7
2,361048,37,rpm,665,458,36.8,36.8,3925,496,0,1733,1.681,1,COM7
2,361069,37,rpm,542,458,36.8,36.8,3925,496,0,1733,1.681,1,COM7
2,361089,37,rpm,596,458,36.8,36.8,3925,496,0,1733,1.681,1,COM7
2,361110,37,rpm,456,458,36.8,36.8,3925,496,0,1733,1.681,1,COM7
2,361131,37,rpm,299,458,36.8,36.8,3925,496,0,1733,1.681,1,COM7
2,361152,37,rpm,121,458,36.8,36.8,3925,496,0,1734,1.682,1,COM7
2,361172,37,rpm,-328,458,36.8,36.8,3925,496,0,1734,1.682,1,COM7
2,361193,37,rpm,86,458,36.8,36.8,3925,496,0,1734,1.682,1,COM7
2,361214,37,rpm,488,457,36.8,36.8,3925,496,0,1734,1.682,1,COM7
2,361235,37,rpm,722,457,36.8,36.8,3925,496,0,1734,1.682,1,COM7
2,361255,37,rpm,941,457,36.8,36.8,3925,496,0,1734,1.682,1,COM7
2,361276,37,rpm,751,457,36.8,36.8,3925,496,0,1735,1.683,1,COM7
2,361297,37,rpm,662,457,36.8,36.8,3925,496,0,1735,1.683,1,COM7
2,361318,37,rpm,719,457,36.8,36.8,3925,496,0,1735,1.683,1,COM7
2,361338,37,rpm,530,457,36.8,36.8,3925,496,0,1735,1.683,1,COM7
2,361359,37,rpm,470,457,36.8,36.8,3925,496,0,1735,1.683,1,COM7
2,361380,37,rpm,411,457,36.8,36.8,3925,496,0,1735,1.683,1,COM7
2,361401,37,rpm,239,457,36.8,36.8,3925,496,0,1736,1.683,1,COM7
2,361422,37,rpm,-385,457,36.8,36.8,3925,496,0,1736,1.684,1,COM7
2,361442,37,rpm,39,457,36.8,36.8,3925,496,0,1736,1.684,1,COM7
2,361463,37,rpm,331,457,36.8,36.8,3925,496,0,1736,1.684,1,COM7
2,361484,37,rpm,726,457,36.8,36.8,3925,496,0,1736,1.684,1,COM7
2,361505,37,rpm,813,457,36.8,36.8,3925,496,0,1736,1.684,1,COM7
2,361525,37,rpm,776,457,36.8,36.8,3925,496,0,1736,1.684,1,COM7
2,361546,37,rpm,808,457,36.8,36.8,3925,496,0,1737,1.685,1,COM7
2,361567,37,rpm,635,457,36.8,36.8,3925,496,0,1737,1.685,1,COM7
2,361588,37,rpm,549,457,36.8,36.8,3925,496,0,1737,1.685,1,COM7
2,361609,37,rpm,591,457,36.8,36.8,3925,496,0,1737,1.685,1,COM7
2,361629,37,rpm,404,457,36.8,36.8,3925,496,0,1737,1.685,1,COM7
2,361650,37,rpm,268,457,36.8,36.8,3925,496,0,1737,1.685,1,COM7
2,361671,37,rpm,-162,457,36.8,36.8,3925,496,0,1738,1.685,1,COM7
2,361692,37,rpm,-136,457,36.8,36.8,3925,496,0,1738,1.686,1,COM7
2,361712,37,rpm,139,457,36.8,36.8,3925,496,0,1738,1.686,1,COM7
2,361733,37,rpm,645,457,36.8,36.8,3925,496,0,1738,1.686,1,COM7
2,361754,37,rpm,781,457,36.8,36.8,3925,496,0,1738,1.686,1,COM7
2,361775,37,rpm,903,457,36.8,36.8,3925,496,0,1738,1.686,1,COM7
2,361795,37,rpm,689,457,36.8,36.8,3925,496,0,1739,1.686,1,COM7
2,361816,37,rpm,682,457,36.8,36.8,3925,496,0,1739,1.687,1,COM7
2,361837,37,rpm,681,457,36.8,36.8,3925,496,0,1739,1.687,1,COM7
2,361857,37,rpm,497,457,36.8,36.8,3925,496,0,1739,1.687,1,COM7
2,361878,37,rpm,433,457,36.8,36.8,3925,496,0,1739,1.687,1,COM7
2,361899,37,rpm,353,457,36.8,36.8,3925,496,0,1739,1.687,1,COM7
2,361920,37,rpm,70,457,36.8,36.8,3925,496,0,1739,1.687,1,COM7
2,361941,37,rpm,-314,457,36.8,36.8,3925,496,0,1740,1.687,1,COM7
2,361961,37,rpm,114,457,36.8,36.8,3925,496,0,1740,1.688,1,COM7
2,361982,37,rpm,565,457,36.8,36.8,3925,496,0,1740,1.688,1,COM7
2,362003,37,rpm,669,457,36.8,36.8,3925,496,0,1740,1.688,1,COM7
2,362023,37,rpm,961,457,36.8,36.8,3925,496,0,1740,1.688,1,COM7
2,362044,37,rpm,783,457,36.8,36.8,3925,496,0,1740,1.688,1,COM7
2,362065,37,rpm,715,457,36.8,36.8,3925,496,0,1741,1.688,1,COM7
2,362086,37,rpm,629,457,36.8,36.8,3925,496,0,1741,1.689,1,COM7
2,362106,37,rpm,541,457,36.8,36.8,3925,496,0,1741,1.689,1,COM7
2,362127,37,rpm,480,457,36.8,36.8,3925,496,0,1741,1.689,1,COM7
2,362148,37,rpm,308,457,36.8,36.8,3925,496,0,1741,1.689,1,COM7
2,362169,37,rpm,97,457,36.8,36.8,3925,496,0,1741,1.689,1,COM7
2,362190,37,rpm,-342,457,36.8,36.8,3925,496,0,1742,1.689,1,COM7
2,362210,37,rpm,90,457,36.8,36.8,3925,496,0,1742,1.689,1,COM7
2,362231,37,rpm,476,457,36.8,36.8,3925,496,0,1742,1.69,1,COM7
2,362252,37,rpm,784,457,36.8,36.8,3925,496,0,1742,1.69,1,COM7
2,362273,37,rpm,870,457,36.8,36.8,3925,496,0,1742,1.69,1,COM7
2,362293,37,rpm,717,457,36.8,36.8,3925,496,0,1742,1.69,1,COM7
2,362314,37,rpm,738,457,36.8,36.8,3925,496,0,1742,1.69,1,COM7
2,362335,37,rpm,670,457,36.8,36.8,3925,496,0,1743,1.69,1,COM7
2,362356,37,rpm,568,457,36.8,36.8,3925,496,0,1743,1.691,1,COM7
2,362376,37,rpm,465,457,36.8,36.8,3925,496,0,1743,1.691,1,COM7
2,362397,37,rpm,375,457,36.8,36.8,3925,496,0,1743,1.691,1,COM7
2,362418,37,rpm,239,457,36.8,36.8,3925,496,0,1743,1.691,1,COM7
2,362439,37,rpm,-364,457,36.8,36.8,3925,496,0,1743,1.691,1,COM7
2,362459,37,rpm,38,457,36.8,36.8,3925,496,0,1744,1.691,1,COM7
2,362480,37,rpm,390,457,36.8,36.8,3925,496,0,1744,1.691,1,COM7
2,362501,37,rpm,652,457,36.8,36.8,3925,496,0,1744,1.692,1,COM7
2,362521,37,rpm,740,457,36.8,36.8,3925,496,0,1744,1.692,1,COM7
2,362542,37,rpm,974,457,36.8,36.8,3925,496,0,1744,1.692,1,COM7
2,362563,37,rpm,671,457,36.8,36.8,3925,496,0,1744,1.692,1,COM7
2,362584,37,rpm,590,457,36.8,36.8,3925,496,0,1745,1.692,1,COM7
2,362604,37,rpm,685,457,36.8,36.8,3925,496,0,1745,1.692,1,COM7
2,362625,37,rpm,503,457,36.8,36.8,3925,496,0,1745,1.693,1,COM7
2,362646,37,rpm,391,457,36.8,36.8,3925,496,0,1745,1.693,1,COM7
2,362667,37,rpm,330,457,36.8,36.8,3925,496,0,1745,1.693,1,COM7
2,362687,37,rpm,-102,457,36.8,36.8,3925,496,0,1745,1.693,1,COM7
2,362708,37,rpm,-177,457,36.8,36.8,3925,496,0,1745,1.693,1,COM7
2,362729,37,rpm,143,457,36.8,36.8,3925,496,0,1746,1.693,1,COM7
2,362750,37,rpm,637,457,36.8,36.8,3925,496,0,1746,1.693,1,COM7
2,362770,37,rpm,757,457,36.8,36.8,3925,496,0,1746,1.694,1,COM7
2,362791,37,rpm,870,457,36.8,36.8,3925,496,0,1746,1.694,1,COM7
2,362812,37,rpm,699,457,36.8,36.8,3925,496,0,1746,1.694,1,COM7
2,362833,37,rpm,752,457,36.8,36.8,3925,496,0,1746,1.694,1,COM7
2,362853,37,rpm,626,457,36.8,36.8,3925,496,0,1747,1.694,1,COM7
2,362874,37,rpm,506,457,36.8,36.8,3925,496,0,1747,1.694,1,COM7
2,362895,37,rpm,522,457,36.8,36.8,3925,496,0,1747,1.694,1,COM7
2,362916,37,rpm,346,457,36.8,36.8,3925,496,0,1747,1.695,1,COM7
2,362936,37,rpm,173,457,36.8,36.8,3925,496,0,1747,1.695,1,COM7
2,362957,37,rpm,-397,457,36.8,36.8,3925,496,0,1747,1.695,1,COM7
2,362978,37,rpm,78,457,36.8,36.8,3925,496,0,1748,1.695,1,COM7
2,362999,37,rpm,458,457,36.8,36.8,3925,496,0,1748,1.695,1,COM7
