t,sp,unit,r_flw,f_flw,rpm_cmd,rpm_sp,sps,top,cal%,vol_uL,mass_g,pumpOn
116133,5,rpm,65,276,5.0,5.0,533,3661,0,437,0.424,1
116154,5,rpm,109,276,5.0,5.0,533,3661,0,437,0.424,1
116174,5,rpm,-1375,276,5.0,5.0,533,3661,0,437,0.424,1
116195,5,rpm,-952,276,5.0,5.0,533,3661,0,437,0.424,1
116216,5,rpm,-464,276,5.0,5.0,533,3661,0,437,0.424,1
116237,5,rpm,-38,276,5.0,5.0,533,3661,0,437,0.424,1
116257,5,rpm,10,276,5.0,5.0,533,3661,0,437,0.424,1
116278,5,rpm,-85,276,5.0,5.0,533,3661,0,437,0.424,1
116298,5,rpm,-82,276,5.0,5.0,533,3661,0,437,0.424,1
116319,5,rpm,-79,276,5.0,5.0,533,3661,0,438,0.424,1
116340,5,rpm,-69,276,5.0,5.0,533,3661,0,438,0.425,1
116360,5,rpm,-30,276,5.0,5.0,533,3661,0,438,0.425,1
116381,5,rpm,-52,276,5.0,5.0,533,3661,0,438,0.425,1
116401,5,rpm,-46,276,5.0,5.0,533,3661,0,438,0.425,1
116422,5,rpm,-28,276,5.0,5.0,533,3661,0,438,0.425,1
116443,5,rpm,-28,276,5.0,5.0,533,3661,0,438,0.425,1
116463,5,rpm,-7,276,5.0,5.0,533,3661,0,438,0.425,1
116484,5,rpm,-11,276,5.0,5.0,533,3661,0,438,0.425,1
116504,5,rpm,-4,276,5.0,5.0,533,3661,0,438,0.425,1
116525,5,rpm,4,277,5.0,5.0,533,3661,0,438,0.425,1
116546,5,rpm,10,277,5.0,5.0,533,3661,0,439,0.425,1
116566,5,rpm,55,277,5.0,5.0,533,3661,0,439,0.426,1
116587,5,rpm,33,277,5.0,5.0,533,3661,0,439,0.426,1
116607,5,rpm,67,277,5.0,5.0,533,3661,0,439,0.426,1
116628,5,rpm,208,277,5.0,5.0,533,3661,0,439,0.426,1
116649,5,rpm,96,277,5.0,5.0,533,3661,0,439,0.426,1
116669,5,rpm,250,277,5.0,5.0,533,3661,0,439,0.426,1
116690,5,rpm,178,277,5.0,5.0,533,3661,0,439,0.426,1
116710,5,rpm,181,277,5.0,5.0,533,3661,0,439,0.426,1
116731,5,rpm,655,277,5.0,5.0,533,3661,0,439,0.426,1
116751,5,rpm,76,277,5.0,5.0,533,3661,0,440,0.426,1
116772,5,rpm,227,277,5.0,5.0,533,3661,0,440,0.426,1
116793,5,rpm,738,277,5.0,5.0,533,3661,0,440,0.427,1
116813,5,rpm,133,278,5.0,5.0,533,3661,0,440,0.427,1
116834,5,rpm,255,278,5.0,5.0,533,3661,0,440,0.427,1
116854,5,rpm,800,278,5.0,5.0,533,3661,0,440,0.427,1
116875,5,rpm,236,278,5.0,5.0,533,3661,0,440,0.427,1
116896,5,rpm,922,278,5.0,5.0,533,3661,0,440,0.427,1
116916,5,rpm,141,278,5.0,5.0,533,3661,0,440,0.427,1
116937,5,rpm,338,278,5.0,5.0,533,3661,0,440,0.427,1
116957,5,rpm,987,278,5.0,5.0,533,3661,0,440,0.427,1
116978,5,rpm,96,278,5.0,5.0,533,3661,0,441,0.427,1
116999,5,rpm,367,278,5.0,5.0,533,3661,0,441,0.427,1
117019,5,rpm,917,278,5.0,5.0,533,3661,0,441,0.428,1
117040,5,rpm,214,278,5.0,5.0,533,3661,0,441,0.428,1
117060,5,rpm,477,278,5.0,5.0,533,3661,0,441,0.428,1
117081,5,rpm,700,278,5.0,5.0,533,3661,0,441,0.428,1
117102,5,rpm,326,278,5.0,5.0,533,3661,0,441,0.428,1
117122,5,rpm,983,278,5.0,5.0,533,3661,0,441,0.428,1
117143,5,rpm,82,278,5.0,5.0,533,3661,0,441,0.428,1
117163,5,rpm,355,278,5.0,5.0,533,3661,0,441,0.428,1
117184,5,rpm,944,278,5.0,5.0,533,3661,0,442,0.428,1
117204,5,rpm,105,278,5.0,5.0,533,3661,0,442,0.428,1
117225,5,rpm,343,278,5.0,5.0,533,3661,0,442,0.428,1
117246,5,rpm,902,278,5.0,5.0,533,3661,0,442,0.429,1
117266,5,rpm,244,278,5.0,5.0,533,3661,0,442,0.429,1
117287,5,rpm,875,278,5.0,5.0,533,3661,0,442,0.429,1
117308,5,rpm,221,278,5.0,5.0,533,3661,0,442,0.429,1
117328,5,rpm,336,278,5.0,5.0,533,3661,0,442,0.429,1
117349,5,rpm,989,278,5.0,5.0,533,3661,0,442,0.429,1
117369,5,rpm,78,278,5.0,5.0,533,3661,0,442,0.429,1
117390,5,rpm,377,278,5.0,5.0,533,3661,0,443,0.429,1
117410,5,rpm,952,278,5.0,5.0,533,3661,0,443,0.429,1
117431,5,rpm,127,278,5.0,5.0,533,3661,0,443,0.429,1
117452,5,rpm,330,278,5.0,5.0,533,3661,0,443,0.43,1
117472,5,rpm,842,278,5.0,5.0,533,3661,0,443,0.43,1
117493,5,rpm,262,278,5.0,5.0,533,3661,0,443,0.43,1
117514,5,rpm,729,278,5.0,5.0,533,3661,0,443,0.43,1
117534,5,rpm,295,278,5.0,5.0,533,3661,0,443,0.43,1
117555,5,rpm,314,278,5.0,5.0,533,3661,0,443,0.43,1
117575,5,rpm,980,278,5.0,5.0,533,3661,0,443,0.43,1
117596,5,rpm,81,278,5.0,5.0,533,3661,0,443,0.43,1
117616,5,rpm,301,278,5.0,5.0,533,3661,0,444,0.43,1
117637,5,rpm,892,278,5.0,5.0,533,3661,0,444,0.43,1
117658,5,rpm,162,278,5.0,5.0,533,3661,0,444,0.43,1
117678,5,rpm,260,278,5.0,5.0,533,3661,0,444,0.431,1
117699,5,rpm,810,278,5.0,5.0,533,3661,0,444,0.431,1
117720,5,rpm,227,278,5.0,5.0,533,3661,0,444,0.431,1
117740,5,rpm,786,278,5.0,5.0,533,3661,0,444,0.431,1
117761,5,rpm,202,278,5.0,5.0,533,3661,0,444,0.431,1
117781,5,rpm,230,278,5.0,5.0,533,3661,0,444,0.431,1
117802,5,rpm,810,278,5.0,5.0,533,3661,0,444,0.431,1
117823,5,rpm,75,278,5.0,5.0,533,3661,0,445,0.431,1
117843,5,rpm,211,278,5.0,5.0,533,3661,0,445,0.431,1
117864,5,rpm,677,278,5.0,5.0,533,3661,0,445,0.431,1
117884,5,rpm,113,278,5.0,5.0,533,3661,0,445,0.431,1
117905,5,rpm,185,278,5.0,5.0,533,3661,0,445,0.432,1
117925,5,rpm,528,278,5.0,5.0,533,3661,0,445,0.432,1
117946,5,rpm,152,278,5.0,5.0,533,3661,0,445,0.432,1
117967,5,rpm,466,278,5.0,5.0,533,3661,0,445,0.432,1
117987,5,rpm,125,278,5.0,5.0,533,3661,0,445,0.432,1
118008,5,rpm,137,278,5.0,5.0,533,3661,0,445,0.432,1
118029,5,rpm,349,278,5.0,5.0,533,3661,0,445,0.432,1
118049,5,rpm,-1562,278,5.0,5.0,533,3661,0,446,0.432,1
118070,5,rpm,-415,278,5.0,5.0,533,3661,0,446,0.432,1
118090,5,rpm,-896,278,5.0,5.0,533,3661,0,446,0.432,1
118111,5,rpm,-44,278,5.0,5.0,533,3661,0,446,0.432,1
118132,5,rpm,-59,278,5.0,5.0,533,3661,0,446,0.433,1
118152,5,rpm,-66,278,5.0,5.0,533,3661,0,446,0.433,1
118173,5,rpm,-56,278,5.0,5.0,533,3661,0,446,0.433,1
118193,5,rpm,-106,278,5.0,5.0,533,3661,0,446,0.433,1
118214,5,rpm,-52,278,5.0,5.0,533,3661,0,446,0.433,1
118235,5,rpm,-55,278,5.0,5.0,533,3661,0,446,0.433,1
118255,5,rpm,-61,279,5.0,5.0,533,3661,0,447,0.433,1
118276,5,rpm,-29,279,5.0,5.0,533,3661,0,447,0.433,1
118296,5,rpm,-43,279,5.0,5.0,533,3661,0,447,0.433,1
118317,5,rpm,-24,279,5.0,5.0,533,3661,0,447,0.433,1
118338,5,rpm,-16,279,5.0,5.0,533,3661,0,447,0.433,1
118358,5,rpm,-18,279,5.0,5.0,533,3661,0,447,0.434,1
118379,5,rpm,-7,279,5.0,5.0,533,3661,0,447,0.434,1
118399,5,rpm,-4,279,5.0,5.0,533,3661,0,447,0.434,1
118420,5,rpm,12,279,5.0,5.0,533,3661,0,447,0.434,1
118441,5,rpm,14,279,5.0,5.0,533,3661,0,447,0.434,1
118461,5,rpm,26,280,5.0,5.0,533,3661,0,447,0.434,1
118482,5,rpm,144,280,5.0,5.0,533,3661,0,448,0.434,1
118502,5,rpm,57,280,5.0,5.0,533,3661,0,448,0.434,1
118523,5,rpm,97,280,5.0,5.0,533,3661,0,448,0.434,1
118544,5,rpm,284,280,5.0,5.0,533,3661,0,448,0.434,1
118564,5,rpm,104,280,5.0,5.0,533,3661,0,448,0.435,1
118585,5,rpm,277,280,5.0,5.0,533,3661,0,448,0.435,1
118605,5,rpm,283,280,5.0,5.0,533,3661,0,448,0.435,1
118626,5,rpm,182,280,5.0,5.0,533,3661,0,448,0.435,1
118647,5,rpm,786,280,5.0,5.0,533,3661,0,448,0.435,1
118667,5,rpm,66,280,5.0,5.0,533,3661,0,448,0.435,1
118688,5,rpm,214,281,5.0,5.0,533,3661,0,449,0.435,1
118708,5,rpm,869,281,5.0,5.0,533,3661,0,449,0.435,1
118729,5,rpm,128,281,5.0,5.0,533,3661,0,449,0.435,1
118750,5,rpm,266,281,5.0,5.0,533,3661,0,449,0.435,1
118770,5,rpm,852,281,5.0,5.0,533,3661,0,449,0.435,1
118791,5,rpm,222,281,5.0,5.0,533,3661,0,449,0.436,1
118811,5,rpm,844,281,5.0,5.0,533,3661,0,449,0.436,1
118832,5,rpm,257,281,5.0,5.0,533,3661,0,449,0.436,1
118853,5,rpm,337,281,5.0,5.0,533,3661,0,449,0.436,1
118873,5,rpm,1007,281,5.0,5.0,533,3661,0,449,0.436,1
118894,5,rpm,87,281,5.0,5.0,533,3661,0,449,0.436,1
118914,5,rpm,351,281,5.0,5.0,533,3661,0,450,0.436,1
118935,5,rpm,933,281,5.0,5.0,533,3661,0,450,0.436,1
118956,5,rpm,200,281,5.0,5.0,533,3661,0,450,0.436,1
118976,5,rpm,329,281,5.0,5.0,533,3661,0,450,0.436,1
118997,5,rpm,849,281,5.0,5.0,533,3661,0,450,0.436,1
119017,5,rpm,294,281,5.0,5.0,533,3661,0,450,0.437,1
119038,5,rpm,951,281,5.0,5.0,533,3661,0,450,0.437,1
119059,5,rpm,129,281,5.0,5.0,533,3661,0,450,0.437,1
119079,5,rpm,329,281,5.0,5.0,533,3661,0,450,0.437,1
119100,5,rpm,1004,281,5.0,5.0,533,3661,0,450,0.437,1
119121,5,rpm,106,281,5.0,5.0,533,3661,0,451,0.437,1
119141,5,rpm,356,281,5.0,5.0,533,3661,0,451,0.437,1
119162,5,rpm,894,281,5.0,5.0,533,3661,0,451,0.437,1
119182,5,rpm,219,281,5.0,5.0,533,3661,0,451,0.437,1
119203,5,rpm,742,281,5.0,5.0,533,3661,0,451,0.437,1
119224,5,rpm,353,281,5.0,5.0,533,3661,0,451,0.438,1
119244,5,rpm,312,281,5.0,5.0,533,3661,0,451,0.438,1
119265,5,rpm,999,281,5.0,5.0,533,3661,0,451,0.438,1
119285,5,rpm,91,281,5.0,5.0,533,3661,0,451,0.438,1
119306,5,rpm,347,281,5.0,5.0,533,3661,0,451,0.438,1
119327,5,rpm,961,281,5.0,5.0,533,3661,0,452,0.438,1
119347,5,rpm,116,281,5.0,5.0,533,3661,0,452,0.438,1
119368,5,rpm,320,281,5.0,5.0,533,3661,0,452,0.438,1
119388,5,rpm,861,281,5.0,5.0,533,3661,0,452,0.438,1
119409,5,rpm,240,281,5.0,5.0,533,3661,0,452,0.438,1
119430,5,rpm,604,281,5.0,5.0,533,3661,0,452,0.438,1
119450,5,rpm,497,281,5.0,5.0,533,3661,0,452,0.439,1
119471,5,rpm,287,281,5.0,5.0,533,3661,0,452,0.439,1
119491,5,rpm,931,281,5.0,5.0,533,3661,0,452,0.439,1
119512,5,rpm,87,281,5.0,5.0,533,3661,0,452,0.439,1
119533,5,rpm,260,281,5.0,5.0,533,3661,0,452,0.439,1
119553,5,rpm,907,281,5.0,5.0,533,3661,0,453,0.439,1
119574,5,rpm,131,281,5.0,5.0,533,3661,0,453,0.439,1
119594,5,rpm,257,281,5.0,5.0,533,3661,0,453,0.439,1
119615,5,rpm,804,281,5.0,5.0,533,3661,0,453,0.439,1
119636,5,rpm,200,281,5.0,5.0,533,3661,0,453,0.439,1
119656,5,rpm,578,281,5.0,5.0,533,3661,0,453,0.439,1
119677,5,rpm,290,281,5.0,5.0,533,3661,0,453,0.44,1
119697,5,rpm,198,281,5.0,5.0,533,3661,0,453,0.44,1
119718,5,rpm,711,281,5.0,5.0,533,3661,0,453,0.44,1
119738,5,rpm,83,281,5.0,5.0,533,3661,0,453,0.44,1
119759,5,rpm,186,281,5.0,5.0,533,3661,0,454,0.44,1
119779,5,rpm,610,281,5.0,5.0,533,3661,0,454,0.44,1
119800,5,rpm,101,281,5.0,5.0,533,3661,0,454,0.44,1
119821,5,rpm,173,281,5.0,5.0,533,3661,0,454,0.44,1
119841,5,rpm,475,281,5.0,5.0,533,3661,0,454,0.44,1
119862,5,rpm,146,281,5.0,5.0,533,3661,0,454,0.44,1
119882,5,rpm,310,281,5.0,5.0,533,3661,0,454,0.44,1
119903,5,rpm,172,281,5.0,5.0,533,3661,0,454,0.441,1
119924,5,rpm,105,281,5.0,5.0,533,3661,0,454,0.441,1
119944,5,rpm,-883,281,5.0,5.0,533,3661,0,454,0.441,1
119965,5,rpm,-141,281,5.0,5.0,533,3661,0,455,0.441,1
119986,5,rpm,-222,281,5.0,5.0,533,3661,0,455,0.441,1
120006,5,rpm,-32,281,5.0,5.0,533,3661,0,455,0.441,1
120027,5,rpm,-4,281,5.0,5.0,533,3661,0,455,0.441,1
120047,5,rpm,-89,281,5.0,5.0,533,3661,0,455,0.441,1
120068,5,rpm,-98,281,5.0,5.0,533,3661,0,455,0.441,1
120089,5,rpm,-55,281,5.0,5.0,533,3661,0,455,0.441,1
120109,5,rpm,-63,281,5.0,5.0,533,3661,0,455,0.442,1
120130,5,rpm,-26,281,5.0,5.0,533,3661,0,455,0.442,1
120150,5,rpm,-54,281,5.0,5.0,533,3661,0,455,0.442,1
120171,5,rpm,-61,281,5.0,5.0,533,3661,0,455,0.442,1
120192,5,rpm,-20,281,5.0,5.0,533,3661,0,456,0.442,1
120212,5,rpm,-28,281,5.0,5.0,533,3661,0,456,0.442,1
120233,5,rpm,-35,281,5.0,5.0,533,3661,0,456,0.442,1
120253,5,rpm,-22,281,5.0,5.0,533,3661,0,456,0.442,1
120274,5,rpm,-12,281,5.0,5.0,533,3661,0,456,0.442,1
120295,5,rpm,6,281,5.0,5.0,533,3661,0,456,0.442,1
120315,5,rpm,6,281,5.0,5.0,533,3661,0,456,0.442,1
120336,5,rpm,56,281,5.0,5.0,533,3661,0,456,0.443,1
120356,5,rpm,45,282,5.0,5.0,533,3661,0,456,0.443,1
120377,5,rpm,65,282,5.0,5.0,533,3661,0,456,0.443,1
120398,5,rpm,256,282,5.0,5.0,533,3661,0,457,0.443,1
120418,5,rpm,69,282,5.0,5.0,533,3661,0,457,0.443,1
120439,5,rpm,116,282,5.0,5.0,533,3661,0,457,0.443,1
120459,5,rpm,429,282,5.0,5.0,533,3661,0,457,0.443,1
120480,5,rpm,123,282,5.0,5.0,533,3661,0,457,0.443,1
120501,5,rpm,257,282,5.0,5.0,533,3661,0,457,0.443,1
120521,5,rpm,496,282,5.0,5.0,533,3661,0,457,0.443,1
120542,5,rpm,206,282,5.0,5.0,533,3661,0,457,0.443,1
120562,5,rpm,915,282,5.0,5.0,533,3661,0,457,0.444,1
120583,5,rpm,100,282,5.0,5.0,533,3661,0,457,0.444,1
120604,5,rpm,243,282,5.0,5.0,533,3661,0,458,0.444,1
120624,5,rpm,880,282,5.0,5.0,533,3661,0,458,0.444,1
120645,5,rpm,118,283,5.0,5.0,533,3661,0,458,0.444,1
120665,5,rpm,290,283,5.0,5.0,533,3661,0,458,0.444,1
120686,5,rpm,904,283,5.0,5.0,533,3661,0,458,0.444,1
120707,5,rpm,223,283,5.0,5.0,533,3661,0,458,0.444,1
120727,5,rpm,939,283,5.0,5.0,533,3661,0,458,0.444,1
120748,5,rpm,209,283,5.0,5.0,533,3661,0,458,0.444,1
120768,5,rpm,311,283,5.0,5.0,533,3661,0,458,0.445,1
120789,5,rpm,1030,283,5.0,5.0,533,3661,0,458,0.445,1
120810,5,rpm,89,283,5.0,5.0,533,3661,0,458,0.445,1
120830,5,rpm,350,283,5.0,5.0,533,3661,0,459,0.445,1
120851,5,rpm,938,283,5.0,5.0,533,3661,0,459,0.445,1
120872,5,rpm,160,283,5.0,5.0,533,3661,0,459,0.445,1
120892,5,rpm,326,283,5.0,5.0,533,3661,0,459,0.445,1
120913,5,rpm,871,283,5.0,5.0,533,3661,0,459,0.445,1
120933,5,rpm,260,283,5.0,5.0,533,3661,0,459,0.445,1
120954,5,rpm,984,283,5.0,5.0,533,3661,0,459,0.445,1
120975,5,rpm,105,283,5.0,5.0,533,3661,0,459,0.445,1
120995,5,rpm,296,283,5.0,5.0,533,3661,0,459,0.446,1
121016,5,rpm,988,283,5.0,5.0,533,3661,0,459,0.446,1
121036,5,rpm,95,283,5.0,5.0,533,3661,0,460,0.446,1
121057,5,rpm,322,283,5.0,5.0,533,3661,0,460,0.446,1
121078,5,rpm,899,283,5.0,5.0,533,3661,0,460,0.446,1
121098,5,rpm,192,283,5.0,5.0,533,3661,0,460,0.446,1
121119,5,rpm,325,283,5.0,5.0,533,3661,0,460,0.446,1
121139,5,rpm,826,283,5.0,5.0,533,3661,0,460,0.446,1
121160,5,rpm,288,283,5.0,5.0,533,3661,0,460,0.446,1
121181,5,rpm,1006,283,5.0,5.0,533,3661,0,460,0.446,1
121201,5,rpm,74,283,5.0,5.0,533,3661,0,460,0.447,1
121222,5,rpm,309,283,5.0,5.0,533,3661,0,460,0.447,1
121243,5,rpm,980,283,5.0,5.0,533,3661,0,461,0.447,1
121263,5,rpm,106,283,5.0,5.0,533,3661,0,461,0.447,1
121284,5,rpm,309,283,5.0,5.0,533,3661,0,461,0.447,1
121304,5,rpm,871,283,5.0,5.0,533,3661,0,461,0.447,1
121325,5,rpm,193,283,5.0,5.0,533,3661,0,461,0.447,1
121346,5,rpm,376,283,5.0,5.0,533,3661,0,461,0.447,1
121366,5,rpm,657,283,5.0,5.0,533,3661,0,461,0.447,1
121387,5,rpm,252,283,5.0,5.0,533,3661,0,461,0.447,1
121407,5,rpm,919,283,5.0,5.0,533,3661,0,461,0.447,1
121428,5,rpm,95,283,5.0,5.0,533,3661,0,461,0.448,1
121448,5,rpm,268,283,5.0,5.0,533,3661,0,461,0.448,1
121469,5,rpm,882,283,5.0,5.0,533,3661,0,462,0.448,1
121490,5,rpm,108,283,5.0,5.0,533,3661,0,462,0.448,1
121510,5,rpm,240,283,5.0,5.0,533,3661,0,462,0.448,1
121531,5,rpm,777,283,5.0,5.0,533,3661,0,462,0.448,1
121551,5,rpm,165,283,5.0,5.0,533,3661,0,462,0.448,1
121572,5,rpm,357,283,5.0,5.0,533,3661,0,462,0.448,1
121592,5,rpm,432,283,5.0,5.0,533,3661,0,462,0.448,1
121613,5,rpm,187,283,5.0,5.0,533,3661,0,462,0.448,1
121634,5,rpm,708,283,5.0,5.0,533,3661,0,462,0.448,1
121654,5,rpm,69,283,5.0,5.0,533,3661,0,462,0.449,1
121675,5,rpm,169,283,5.0,5.0,533,3661,0,463,0.449,1
121696,5,rpm,543,283,5.0,5.0,533,3661,0,463,0.449,1
121716,5,rpm,88,283,5.0,5.0,533,3661,0,463,0.449,1
121737,5,rpm,151,284,5.0,5.0,533,3661,0,463,0.449,1
121757,5,rpm,419,284,5.0,5.0,533,3661,0,463,0.449,1
121778,5,rpm,89,284,5.0,5.0,533,3661,0,463,0.449,1
121799,5,rpm,-1355,284,5.0,5.0,533,3661,0,463,0.449,1
121819,5,rpm,-290,284,5.0,5.0,533,3661,0,463,0.449,1
121840,5,rpm,-184,284,5.0,5.0,533,3661,0,463,0.449,1
121860,5,rpm,-20,284,5.0,5.0,533,3661,0,463,0.45,1
121881,5,rpm,8,284,5.0,5.0,533,3661,0,464,0.45,1
121902,5,rpm,-60,284,5.0,5.0,533,3661,0,464,0.45,1
121922,5,rpm,-97,284,5.0,5.0,533,3661,0,464,0.45,1
121943,5,rpm,-31,284,5.0,5.0,533,3661,0,464,0.45,1
121963,5,rpm,-59,284,5.0,5.0,533,3661,0,464,0.45,1
121984,5,rpm,-51,284,5.0,5.0,533,3661,0,464,0.45,1
122005,5,rpm,-40,284,5.0,5.0,533,3661,0,464,0.45,1
122025,5,rpm,-66,285,5.0,5.0,533,3661,0,464,0.45,1
122046,5,rpm,-40,285,5.0,5.0,533,3661,0,464,0.45,1
122067,5,rpm,-42,285,5.0,5.0,533,3661,0,464,0.45,1
122087,5,rpm,-29,285,5.0,5.0,533,3661,0,465,0.451,1
122108,5,rpm,-8,285,5.0,5.0,533,3661,0,465,0.451,1
122128,5,rpm,-13,285,5.0,5.0,533,3661,0,465,0.451,1
122149,5,rpm,-2,285,5.0,5.0,533,3661,0,465,0.451,1
122170,5,rpm,1,285,5.0,5.0,533,3661,0,465,0.451,1
122190,5,rpm,9,285,5.0,5.0,533,3661,0,465,0.451,1
122211,5,rpm,44,286,5.0,5.0,533,3661,0,465,0.451,1
122231,5,rpm,36,286,5.0,5.0,533,3661,0,465,0.451,1
122252,5,rpm,117,286,5.0,5.0,533,3661,0,465,0.451,1
122272,5,rpm,126,286,5.0,5.0,533,3661,0,465,0.451,1
122293,5,rpm,110,286,5.0,5.0,533,3661,0,465,0.452,1
122314,5,rpm,377,286,5.0,5.0,533,3661,0,466,0.452,1
122334,5,rpm,83,286,5.0,5.0,533,3661,0,466,0.452,1
122355,5,rpm,169,286,5.0,5.0,533,3661,0,466,0.452,1
122375,5,rpm,671,287,5.0,5.0,533,3661,0,466,0.452,1
122396,5,rpm,129,287,5.0,5.0,533,3661,0,466,0.452,1
122417,5,rpm,214,287,5.0,5.0,533,3661,0,466,0.452,1
122437,5,rpm,635,287,5.0,5.0,533,3661,0,466,0.452,1
122458,5,rpm,209,287,5.0,5.0,533,3661,0,466,0.452,1
122479,5,rpm,956,287,5.0,5.0,533,3661,0,466,0.452,1
122499,5,rpm,74,287,5.0,5.0,533,3661,0,466,0.452,1
122520,5,rpm,250,287,5.0,5.0,533,3661,0,467,0.453,1
122540,5,rpm,928,287,5.0,5.0,533,3661,0,467,0.453,1
122561,5,rpm,125,287,5.0,5.0,533,3661,0,467,0.453,1
122582,5,rpm,349,287,5.0,5.0,533,3661,0,467,0.453,1
122602,5,rpm,879,288,5.0,5.0,533,3661,0,467,0.453,1
122623,5,rpm,210,288,5.0,5.0,533,3661,0,467,0.453,1
122643,5,rpm,542,288,5.0,5.0,533,3661,0,467,0.453,1
122664,5,rpm,580,288,5.0,5.0,533,3661,0,467,0.453,1
122685,5,rpm,320,288,5.0,5.0,533,3661,0,467,0.453,1
122705,5,rpm,1018,288,5.0,5.0,533,3661,0,467,0.453,1
122726,5,rpm,78,288,5.0,5.0,533,3661,0,468,0.454,1
122746,5,rpm,319,288,5.0,5.0,533,3661,0,468,0.454,1
122767,5,rpm,952,288,5.0,5.0,533,3661,0,468,0.454,1
122787,5,rpm,146,288,5.0,5.0,533,3661,0,468,0.454,1
122808,5,rpm,339,288,5.0,5.0,533,3661,0,468,0.454,1
122829,5,rpm,830,288,5.0,5.0,533,3661,0,468,0.454,1
122849,5,rpm,239,288,5.0,5.0,533,3661,0,468,0.454,1
122870,5,rpm,619,288,5.0,5.0,533,3661,0,468,0.454,1
122891,5,rpm,369,288,5.0,5.0,533,3661,0,468,0.454,1
122911,5,rpm,309,288,5.0,5.0,533,3661,0,468,0.454,1
122932,5,rpm,958,288,5.0,5.0,533,3661,0,469,0.454,1
122952,5,rpm,84,288,5.0,5.0,533,3661,0,469,0.455,1
122973,5,rpm,325,288,5.0,5.0,533,3661,0,469,0.455,1
122994,5,rpm,877,288,5.0,5.0,533,3661,0,469,0.455,1
123014,5,rpm,164,288,5.0,5.0,533,3661,0,469,0.455,1
123035,5,rpm,326,288,5.0,5.0,533,3661,0,469,0.455,1
123055,5,rpm,803,288,5.0,5.0,533,3661,0,469,0.455,1
123076,5,rpm,268,288,5.0,5.0,533,3661,0,469,0.455,1
123097,5,rpm,793,288,5.0,5.0,533,3661,0,469,0.455,1
123117,5,rpm,214,288,5.0,5.0,533,3661,0,469,0.455,1
123138,5,rpm,291,288,5.0,5.0,533,3661,0,470,0.455,1
123159,5,rpm,947,288,5.0,5.0,533,3661,0,470,0.456,1
123179,5,rpm,100,288,5.0,5.0,533,3661,0,470,0.456,1
123200,5,rpm,300,288,5.0,5.0,533,3661,0,470,0.456,1
123220,5,rpm,850,288,5.0,5.0,533,3661,0,470,0.456,1
123241,5,rpm,181,288,5.0,5.0,533,3661,0,470,0.456,1
123262,5,rpm,291,288,5.0,5.0,533,3661,0,470,0.456,1
123282,5,rpm,755,288,5.0,5.0,533,3661,0,470,0.456,1
123303,5,rpm,239,288,5.0,5.0,533,3661,0,470,0.456,1
123323,5,rpm,917,288,5.0,5.0,533,3661,0,470,0.456,1
123344,5,rpm,85,288,5.0,5.0,533,3661,0,471,0.456,1
123365,5,rpm,227,288,5.0,5.0,533,3661,0,471,0.457,1
123385,5,rpm,843,288,5.0,5.0,533,3661,0,471,0.457,1
123406,5,rpm,98,288,5.0,5.0,533,3661,0,471,0.457,1
123426,5,rpm,230,288,5.0,5.0,533,3661,0,471,0.457,1
123447,5,rpm,716,288,5.0,5.0,533,3661,0,471,0.457,1
123468,5,rpm,147,288,5.0,5.0,533,3661,0,471,0.457,1
123488,5,rpm,219,288,5.0,5.0,533,3661,0,471,0.457,1
123509,5,rpm,541,288,5.0,5.0,533,3661,0,471,0.457,1
123529,5,rpm,165,288,5.0,5.0,533,3661,0,471,0.457,1
123550,5,rpm,559,288,5.0,5.0,533,3661,0,472,0.457,1
123570,5,rpm,105,288,5.0,5.0,533,3661,0,472,0.457,1
123591,5,rpm,152,288,5.0,5.0,533,3661,0,472,0.458,1
123612,5,rpm,419,288,5.0,5.0,533,3661,0,472,0.458,1
123632,5,rpm,44,288,5.0,5.0,533,3661,0,472,0.458,1
123653,5,rpm,-188,288,5.0,5.0,533,3661,0,472,0.458,1
123673,5,rpm,-1059,288,5.0,5.0,533,3661,0,472,0.458,1
123694,5,rpm,-390,288,5.0,5.0,533,3661,0,472,0.458,1
123715,5,rpm,-92,288,5.0,5.0,533,3661,0,472,0.458,1
123735,5,rpm,-4,288,5.0,5.0,533,3661,0,472,0.458,1
123756,5,rpm,-35,288,5.0,5.0,533,3661,0,473,0.458,1
123776,5,rpm,-99,288,5.0,5.0,533,3661,0,473,0.458,1
123797,5,rpm,-39,288,5.0,5.0,533,3661,0,473,0.459,1
123818,5,rpm,-46,288,5.0,5.0,533,3661,0,473,0.459,1
123838,5,rpm,-80,288,5.0,5.0,533,3661,0,473,0.459,1
123859,5,rpm,-41,288,5.0,5.0,533,3661,0,473,0.459,1
123879,5,rpm,-56,288,5.0,5.0,533,3661,0,473,0.459,1
123900,5,rpm,-34,288,5.0,5.0,533,3661,0,473,0.459,1
123920,5,rpm,-29,288,5.0,5.0,533,3661,0,473,0.459,1
123941,5,rpm,-45,288,5.0,5.0,533,3661,0,473,0.459,1
123962,5,rpm,-17,288,5.0,5.0,533,3661,0,473,0.459,1
123982,5,rpm,-16,288,5.0,5.0,533,3661,0,474,0.459,1
124003,5,rpm,-11,288,5.0,5.0,533,3661,0,474,0.459,1
124023,5,rpm,-2,288,5.0,5.0,533,3661,0,474,0.46,1
124044,5,rpm,2,288,5.0,5.0,533,3661,0,474,0.46,1
124065,5,rpm,35,289,5.0,5.0,533,3661,0,474,0.46,1
124085,5,rpm,25,289,5.0,5.0,533,3661,0,474,0.46,1
124106,5,rpm,43,289,5.0,5.0,533,3661,0,474,0.46,1
124126,5,rpm,161,289,5.0,5.0,533,3661,0,474,0.46,1
124147,5,rpm,88,289,5.0,5.0,533,3661,0,474,0.46,1
124168,5,rpm,196,289,5.0,5.0,533,3661,0,474,0.46,1
124188,5,rpm,193,289,5.0,5.0,533,3661,0,475,0.46,1
124209,5,rpm,131,289,5.0,5.0,533,3661,0,475,0.46,1
124229,5,rpm,517,289,5.0,5.0,533,3661,0,475,0.461,1
124250,5,rpm,90,289,5.0,5.0,533,3661,0,475,0.461,1
124271,5,rpm,199,289,5.0,5.0,533,3661,0,475,0.461,1
124291,5,rpm,742,289,5.0,5.0,533,3661,0,475,0.461,1
124312,5,rpm,125,289,5.0,5.0,533,3661,0,475,0.461,1
124333,5,rpm,230,289,5.0,5.0,533,3661,0,475,0.461,1
124353,5,rpm,776,289,5.0,5.0,533,3661,0,475,0.461,1
124374,5,rpm,224,289,5.0,5.0,533,3661,0,475,0.461,1
124394,5,rpm,818,289,5.0,5.0,533,3661,0,476,0.461,1
124415,5,rpm,148,289,5.0,5.0,533,3661,0,476,0.461,1
124436,5,rpm,291,289,5.0,5.0,533,3661,0,476,0.462,1
124456,5,rpm,943,289,5.0,5.0,533,3661,0,476,0.462,1
124477,5,rpm,109,289,5.0,5.0,533,3661,0,476,0.462,1
124497,5,rpm,308,289,5.0,5.0,533,3661,0,476,0.462,1
124518,5,rpm,870,289,5.0,5.0,533,3661,0,476,0.462,1
124539,5,rpm,201,289,5.0,5.0,533,3661,0,476,0.462,1
124559,5,rpm,617,289,5.0,5.0,533,3661,0,476,0.462,1
124580,5,rpm,416,289,5.0,5.0,533,3661,0,476,0.462,1
124600,5,rpm,302,289,5.0,5.0,533,3661,0,477,0.462,1
124621,5,rpm,950,289,5.0,5.0,533,3661,0,477,0.462,1
124642,5,rpm,109,289,5.0,5.0,533,3661,0,477,0.462,1
124662,5,rpm,319,289,5.0,5.0,533,3661,0,477,0.463,1
124683,5,rpm,903,289,5.0,5.0,533,3661,0,477,0.463,1
124703,5,rpm,131,288,5.0,5.0,533,3661,0,477,0.463,1
124724,5,rpm,324,288,5.0,5.0,533,3661,0,477,0.463,1
124745,5,rpm,840,288,5.0,5.0,533,3661,0,477,0.463,1
124765,5,rpm,217,288,5.0,5.0,533,3661,0,477,0.463,1
124786,5,rpm,485,288,5.0,5.0,533,3661,0,477,0.463,1
124807,5,rpm,564,288,5.0,5.0,533,3661,0,478,0.463,1
124827,5,rpm,302,288,5.0,5.0,533,3661,0,478,0.463,1
124848,5,rpm,968,288,5.0,5.0,533,3661,0,478,0.463,1
124868,5,rpm,85,288,5.0,5.0,533,3661,0,478,0.464,1
124889,5,rpm,305,288,5.0,5.0,533,3661,0,478,0.464,1
124909,5,rpm,869,288,5.0,5.0,533,3661,0,478,0.464,1
124930,5,rpm,152,288,5.0,5.0,533,3661,0,478,0.464,1
124951,5,rpm,328,287,5.0,5.0,533,3661,0,478,0.464,1
124971,5,rpm,791,287,5.0,5.0,533,3661,0,478,0.464,1
124992,5,rpm,235,287,5.0,5.0,533,3661,0,478,0.464,1
125012,5,rpm,595,287,5.0,5.0,533,3661,0,479,0.464,1
125033,5,rpm,358,287,5.0,5.0,533,3661,0,479,0.464,1
125054,5,rpm,303,287,5.0,5.0,533,3661,0,479,0.464,1
125074,5,rpm,914,287,5.0,5.0,533,3661,0,479,0.464,1
125095,5,rpm,98,287,5.0,5.0,533,3661,0,479,0.465,1
125115,5,rpm,278,286,5.0,5.0,533,3661,0,479,0.465,1
125136,5,rpm,823,286,5.0,5.0,533,3661,0,479,0.465,1
125157,5,rpm,153,286,5.0,5.0,533,3661,0,479,0.465,1
125177,5,rpm,280,286,5.0,5.0,533,3661,0,479,0.465,1
125198,5,rpm,726,286,5.0,5.0,533,3661,0,479,0.465,1
125218,5,rpm,214,286,5.0,5.0,533,3661,0,480,0.465,1
125239,5,rpm,831,286,5.0,5.0,533,3661,0,480,0.465,1
125260,5,rpm,107,286,5.0,5.0,533,3661,0,480,0.465,1
125280,5,rpm,222,286,5.0,5.0,533,3661,0,480,0.465,1
125301,5,rpm,798,285,5.0,5.0,533,3661,0,480,0.466,1
125321,5,rpm,87,285,5.0,5.0,533,3661,0,480,0.466,1
125342,5,rpm,207,285,5.0,5.0,533,3661,0,480,0.466,1
125363,5,rpm,674,285,5.0,5.0,533,3661,0,480,0.466,1
125383,5,rpm,120,285,5.0,5.0,533,3661,0,480,0.466,1
125404,5,rpm,229,285,5.0,5.0,533,3661,0,480,0.466,1
125424,5,rpm,512,285,5.0,5.0,533,3661,0,481,0.466,1
125445,5,rpm,138,285,5.0,5.0,533,3661,0,481,0.466,1
125466,5,rpm,390,285,5.0,5.0,533,3661,0,481,0.466,1
125486,5,rpm,127,284,5.0,5.0,533,3661,0,481,0.466,1
125507,5,rpm,55,284,5.0,5.0,533,3661,0,481,0.466,1
125527,5,rpm,-1581,284,5.0,5.0,533,3661,0,481,0.467,1
125548,5,rpm,-360,284,5.0,5.0,533,3661,0,481,0.467,1
125569,5,rpm,-133,284,5.0,5.0,533,3661,0,481,0.467,1
125589,5,rpm,-56,284,5.0,5.0,533,3661,0,481,0.467,1
125610,5,rpm,-50,284,5.0,5.0,533,3661,0,481,0.467,1
125630,5,rpm,-91,284,5.0,5.0,533,3661,0,481,0.467,1
125651,5,rpm,-87,284,5.0,5.0,533,3661,0,482,0.467,1
125672,5,rpm,-43,284,5.0,5.0,533,3661,0,482,0.467,1
125692,5,rpm,-84,284,5.0,5.0,533,3661,0,482,0.467,1
125713,5,rpm,-47,283,5.0,5.0,533,3661,0,482,0.467,1
125733,5,rpm,-51,283,5.0,5.0,533,3661,0,482,0.468,1
125754,5,rpm,-52,283,5.0,5.0,533,3661,0,482,0.468,1
125774,5,rpm,-23,283,5.0,5.0,533,3661,0,482,0.468,1
125795,5,rpm,-34,283,5.0,5.0,533,3661,0,482,0.468,1
125816,5,rpm,-31,283,5.0,5.0,533,3661,0,482,0.468,1
125836,5,rpm,-19,283,5.0,5.0,533,3661,0,482,0.468,1
125857,5,rpm,-17,283,5.0,5.0,533,3661,0,483,0.468,1
125877,5,rpm,2,283,5.0,5.0,533,3661,0,483,0.468,1
125898,5,rpm,4,283,5.0,5.0,533,3661,0,483,0.468,1
125919,5,rpm,19,283,5.0,5.0,533,3661,0,483,0.468,1
125939,5,rpm,25,283,5.0,5.0,533,3661,0,483,0.468,1
125960,5,rpm,39,283,5.0,5.0,533,3661,0,483,0.469,1
125980,5,rpm,145,283,5.0,5.0,533,3661,0,483,0.469,1
126001,5,rpm,65,283,5.0,5.0,533,3661,0,483,0.469,1
126022,5,rpm,108,283,5.0,5.0,533,3661,0,483,0.469,1
126042,5,rpm,290,283,5.0,5.0,533,3661,0,483,0.469,1
126063,5,rpm,109,283,5.0,5.0,533,3661,0,484,0.469,1
126083,5,rpm,233,282,5.0,5.0,533,3661,0,484,0.469,1
126104,5,rpm,392,282,5.0,5.0,533,3661,0,484,0.469,1
126125,5,rpm,185,282,5.0,5.0,533,3661,0,484,0.469,1
126145,5,rpm,750,282,5.0,5.0,533,3661,0,484,0.469,1
126166,5,rpm,100,282,5.0,5.0,533,3661,0,484,0.469,1
126186,5,rpm,232,282,5.0,5.0,533,3661,0,484,0.47,1
126207,5,rpm,817,282,5.0,5.0,533,3661,0,484,0.47,1
126228,5,rpm,125,282,5.0,5.0,533,3661,0,484,0.47,1
126248,5,rpm,272,282,5.0,5.0,533,3661,0,484,0.47,1
126269,5,rpm,764,282,5.0,5.0,533,3661,0,484,0.47,1
126289,5,rpm,214,282,5.0,5.0,533,3661,0,485,0.47,1
126310,5,rpm,647,282,5.0,5.0,533,3661,0,485,0.47,1
126330,5,rpm,340,282,5.0,5.0,533,3661,0,485,0.47,1
126351,5,rpm,290,281,5.0,5.0,533,3661,0,485,0.47,1
126372,5,rpm,917,281,5.0,5.0,533,3661,0,485,0.47,1
126392,5,rpm,99,281,5.0,5.0,533,3661,0,485,0.471,1
126413,5,rpm,358,281,5.0,5.0,533,3661,0,485,0.471,1
126433,5,rpm,855,281,5.0,5.0,533,3661,0,485,0.471,1
126454,5,rpm,177,281,5.0,5.0,533,3661,0,485,0.471,1
126475,5,rpm,332,281,5.0,5.0,533,3661,0,485,0.471,1
126495,5,rpm,761,281,5.0,5.0,533,3661,0,486,0.471,1
126516,5,rpm,265,281,5.0,5.0,533,3661,0,486,0.471,1
126536,5,rpm,936,280,5.0,5.0,533,3661,0,486,0.471,1
126557,5,rpm,111,280,5.0,5.0,533,3661,0,486,0.471,1
126578,5,rpm,278,280,5.0,5.0,533,3661,0,486,0.471,1
126598,5,rpm,903,280,5.0,5.0,533,3661,0,486,0.471,1
126619,5,rpm,112,280,5.0,5.0,533,3661,0,486,0.472,1
126639,5,rpm,343,280,5.0,5.0,533,3661,0,486,0.472,1
126660,5,rpm,825,280,5.0,5.0,533,3661,0,486,0.472,1
126681,5,rpm,189,279,5.0,5.0,533,3661,0,486,0.472,1
126701,5,rpm,324,279,5.0,5.0,533,3661,0,487,0.472,1
126722,5,rpm,727,279,5.0,5.0,533,3661,0,487,0.472,1
126742,5,rpm,278,279,5.0,5.0,533,3661,0,487,0.472,1
126763,5,rpm,873,279,5.0,5.0,533,3661,0,487,0.472,1
126784,5,rpm,137,279,5.0,5.0,533,3661,0,487,0.472,1
126804,5,rpm,304,278,5.0,5.0,533,3661,0,487,0.472,1
126825,5,rpm,866,278,5.0,5.0,533,3661,0,487,0.472,1
126845,5,rpm,130,278,5.0,5.0,533,3661,0,487,0.473,1
126866,5,rpm,348,278,5.0,5.0,533,3661,0,487,0.473,1
126887,5,rpm,767,278,5.0,5.0,533,3661,0,487,0.473,1
126907,5,rpm,204,277,5.0,5.0,533,3661,0,487,0.473,1
126928,5,rpm,318,277,5.0,5.0,533,3661,0,488,0.473,1
126948,5,rpm,643,277,5.0,5.0,533,3661,0,488,0.473,1
126969,5,rpm,277,277,5.0,5.0,533,3661,0,488,0.473,1
126989,5,rpm,859,277,5.0,5.0,533,3661,0,488,0.473,1
127010,5,rpm,116,277,5.0,5.0,533,3661,0,488,0.473,1
127031,5,rpm,263,276,5.0,5.0,533,3661,0,488,0.473,1
127051,5,rpm,817,276,5.0,5.0,533,3661,0,488,0.473,1
127072,5,rpm,134,276,5.0,5.0,533,3661,0,488,0.474,1
127092,5,rpm,274,276,5.0,5.0,533,3661,0,488,0.474,1
127113,5,rpm,704,276,5.0,5.0,533,3661,0,488,0.474,1
127134,5,rpm,177,276,5.0,5.0,533,3661,0,489,0.474,1
127154,5,rpm,365,275,5.0,5.0,533,3661,0,489,0.474,1
127175,5,rpm,504,275,5.0,5.0,533,3661,0,489,0.474,1
127195,5,rpm,189,275,5.0,5.0,533,3661,0,489,0.474,1
127216,5,rpm,721,275,5.0,5.0,533,3661,0,489,0.474,1
127237,5,rpm,94,275,5.0,5.0,533,3661,0,489,0.474,1
127257,5,rpm,183,275,5.0,5.0,533,3661,0,489,0.474,1
127278,5,rpm,592,274,5.0,5.0,533,3661,0,489,0.475,1
127298,5,rpm,106,274,5.0,5.0,533,3661,0,489,0.475,1
127319,5,rpm,184,274,5.0,5.0,533,3661,0,489,0.475,1
127340,5,rpm,482,274,5.0,5.0,533,3661,0,489,0.475,1
127360,5,rpm,125,274,5.0,5.0,533,3661,0,490,0.475,1
127381,5,rpm,241,274,5.0,5.0,533,3661,0,490,0.475,1
127401,5,rpm,232,274,5.0,5.0,533,3661,0,490,0.475,1
127422,5,rpm,101,273,5.0,5.0,533,3661,0,490,0.475,1
127442,5,rpm,-934,273,5.0,5.0,533,3661,0,490,0.475,1
127463,5,rpm,-53,273,5.0,5.0,533,3661,0,490,0.475,1
127484,5,rpm,-129,273,5.0,5.0,533,3661,0,490,0.475,1
127504,5,rpm,-35,273,5.0,5.0,533,3661,0,490,0.476,1
127525,5,rpm,2,273,5.0,5.0,533,3661,0,490,0.476,1
127545,5,rpm,-82,273,5.0,5.0,533,3661,0,490,0.476,1
127566,5,rpm,-151,273,5.0,5.0,533,3661,0,490,0.476,1
127587,5,rpm,-53,273,5.0,5.0,533,3661,0,491,0.476,1
127607,5,rpm,-65,273,5.0,5.0,533,3661,0,491,0.476,1
127628,5,rpm,-46,272,5.0,5.0,533,3661,0,491,0.476,1
127648,5,rpm,-51,272,5.0,5.0,533,3661,0,491,0.476,1
127669,5,rpm,-57,272,5.0,5.0,533,3661,0,491,0.476,1
127689,5,rpm,-22,272,5.0,5.0,533,3661,0,491,0.476,1
127710,5,rpm,-30,272,5.0,5.0,533,3661,0,491,0.476,1
127731,5,rpm,-19,272,5.0,5.0,533,3661,0,491,0.477,1
127751,5,rpm,-13,272,5.0,5.0,533,3661,0,491,0.477,1
127772,5,rpm,-11,272,5.0,5.0,533,3661,0,491,0.477,1
127792,5,rpm,6,272,5.0,5.0,533,3661,0,492,0.477,1
127813,5,rpm,7,272,5.0,5.0,533,3661,0,492,0.477,1
127834,5,rpm,25,272,5.0,5.0,533,3661,0,492,0.477,1
127854,5,rpm,53,272,5.0,5.0,533,3661,0,492,0.477,1
127875,5,rpm,58,272,5.0,5.0,533,3661,0,492,0.477,1
127895,5,rpm,210,272,5.0,5.0,533,3661,0,492,0.477,1
127916,5,rpm,76,272,5.0,5.0,533,3661,0,492,0.477,1
127936,5,rpm,115,272,5.0,5.0,533,3661,0,492,0.477,1
127957,5,rpm,373,272,5.0,5.0,533,3661,0,492,0.477,1
127978,5,rpm,115,272,5.0,5.0,533,3661,0,492,0.478,1
127998,5,rpm,187,272,5.0,5.0,533,3661,0,492,0.478,1
128019,5,rpm,559,271,5.0,5.0,533,3661,0,493,0.478,1
128039,5,rpm,177,271,5.0,5.0,533,3661,0,493,0.478,1
128060,5,rpm,685,271,5.0,5.0,533,3661,0,493,0.478,1
128081,5,rpm,167,271,5.0,5.0,533,3661,0,493,0.478,1
128101,5,rpm,236,271,5.0,5.0,533,3661,0,493,0.478,1
128122,5,rpm,845,271,5.0,5.0,533,3661,0,493,0.478,1
128142,5,rpm,101,271,5.0,5.0,533,3661,0,493,0.478,1
128163,5,rpm,277,271,5.0,5.0,533,3661,0,493,0.478,1
128184,5,rpm,802,271,5.0,5.0,533,3661,0,493,0.478,1
128204,5,rpm,210,271,5.0,5.0,533,3661,0,493,0.479,1
128225,5,rpm,333,271,5.0,5.0,533,3661,0,493,0.479,1
128245,5,rpm,665,271,5.0,5.0,533,3661,0,494,0.479,1
128266,5,rpm,275,271,5.0,5.0,533,3661,0,494,0.479,1
128286,5,rpm,902,271,5.0,5.0,533,3661,0,494,0.479,1
128307,5,rpm,116,271,5.0,5.0,533,3661,0,494,0.479,1
128328,5,rpm,321,271,5.0,5.0,533,3661,0,494,0.479,1
128348,5,rpm,921,271,5.0,5.0,533,3661,0,494,0.479,1
128369,5,rpm,134,271,5.0,5.0,533,3661,0,494,0.479,1
128389,5,rpm,327,271,5.0,5.0,533,3661,0,494,0.479,1
128410,5,rpm,771,271,5.0,5.0,533,3661,0,494,0.479,1
128431,5,rpm,233,271,5.0,5.0,533,3661,0,494,0.48,1
128451,5,rpm,476,270,5.0,5.0,533,3661,0,494,0.48,1
128472,5,rpm,470,270,5.0,5.0,533,3661,0,495,0.48,1
128492,5,rpm,289,270,5.0,5.0,533,3661,0,495,0.48,1
128513,5,rpm,934,270,5.0,5.0,533,3661,0,495,0.48,1
128534,5,rpm,92,270,5.0,5.0,533,3661,0,495,0.48,1
128554,5,rpm,325,270,5.0,5.0,533,3661,0,495,0.48,1
128575,5,rpm,846,270,5.0,5.0,533,3661,0,495,0.48,1
128595,5,rpm,154,270,5.0,5.0,533,3661,0,495,0.48,1
128616,5,rpm,335,270,5.0,5.0,533,3661,0,495,0.48,1
128637,5,rpm,735,270,5.0,5.0,533,3661,0,495,0.48,1
128657,5,rpm,252,270,5.0,5.0,533,3661,0,495,0.481,1
128678,5,rpm,618,270,5.0,5.0,533,3661,0,496,0.481,1
128698,5,rpm,323,270,5.0,5.0,533,3661,0,496,0.481,1
128719,5,rpm,287,269,5.0,5.0,533,3661,0,496,0.481,1
128740,5,rpm,879,269,5.0,5.0,533,3661,0,496,0.481,1
128760,5,rpm,100,269,5.0,5.0,533,3661,0,496,0.481,1
128781,5,rpm,300,269,5.0,5.0,533,3661,0,496,0.481,1
128801,5,rpm,823,269,5.0,5.0,533,3661,0,496,0.481,1
128822,5,rpm,153,269,5.0,5.0,533,3661,0,496,0.481,1
128843,5,rpm,296,269,5.0,5.0,533,3661,0,496,0.481,1
128863,5,rpm,706,269,5.0,5.0,533,3661,0,496,0.481,1
128884,5,rpm,235,269,5.0,5.0,533,3661,0,496,0.482,1
128904,5,rpm,847,269,5.0,5.0,533,3661,0,497,0.482,1
128925,5,rpm,101,269,5.0,5.0,533,3661,0,497,0.482,1
128946,5,rpm,229,269,5.0,5.0,533,3661,0,497,0.482,1
128966,5,rpm,812,269,5.0,5.0,533,3661,0,497,0.482,1
128987,5,rpm,109,268,5.0,5.0,533,3661,0,497,0.482,1
129008,5,rpm,255,268,5.0,5.0,533,3661,0,497,0.482,1
129028,5,rpm,733,268,5.0,5.0,533,3661,0,497,0.482,1
129049,5,rpm,149,268,5.0,5.0,533,3661,0,497,0.482,1
129069,5,rpm,259,268,5.0,5.0,533,3661,0,497,0.482,1
129090,5,rpm,521,268,5.0,5.0,533,3661,0,497,0.482,1
129111,5,rpm,171,268,5.0,5.0,533,3661,0,497,0.483,1
129131,5,rpm,721,268,5.0,5.0,533,3661,0,498,0.483,1
129152,5,rpm,91,268,5.0,5.0,533,3661,0,498,0.483,1
129172,5,rpm,160,268,5.0,5.0,533,3661,0,498,0.483,1
129193,5,rpm,583,268,5.0,5.0,533,3661,0,498,0.483,1
129214,5,rpm,93,268,5.0,5.0,533,3661,0,498,0.483,1
129234,5,rpm,172,268,5.0,5.0,533,3661,0,498,0.483,1
129255,5,rpm,477,268,5.0,5.0,533,3661,0,498,0.483,1
129275,5,rpm,107,268,5.0,5.0,533,3661,0,498,0.483,1
129296,5,rpm,212,268,5.0,5.0,533,3661,0,498,0.483,1
129317,5,rpm,209,268,5.0,5.0,533,3661,0,498,0.483,1
129337,5,rpm,58,268,5.0,5.0,533,3661,0,498,0.484,1
129358,5,rpm,-1144,268,5.0,5.0,533,3661,0,499,0.484,1
129379,5,rpm,103,268,5.0,5.0,533,3661,0,499,0.484,1
129399,5,rpm,-55,268,5.0,5.0,533,3661,0,499,0.484,1
129420,5,rpm,-2,268,5.0,5.0,533,3661,0,499,0.484,1
129440,5,rpm,6,268,5.0,5.0,533,3661,0,499,0.484,1
129461,5,rpm,-97,268,5.0,5.0,533,3661,0,499,0.484,1
129482,5,rpm,-162,268,5.0,5.0,533,3661,0,499,0.484,1
129502,5,rpm,-39,268,5.0,5.0,533,3661,0,499,0.484,1
129523,5,rpm,-51,268,5.0,5.0,533,3661,0,499,0.484,1
129544,5,rpm,-44,268,5.0,5.0,533,3661,0,499,0.484,1
129564,5,rpm,-45,268,5.0,5.0,533,3661,0,499,0.484,1
129585,5,rpm,-44,268,5.0,5.0,533,3661,0,500,0.485,1
129605,5,rpm,-14,268,5.0,5.0,533,3661,0,500,0.485,1
129626,5,rpm,-19,268,5.0,5.0,533,3661,0,500,0.485,1
129647,5,rpm,-14,268,5.0,5.0,533,3661,0,500,0.485,1
129667,5,rpm,-9,268,5.0,5.0,533,3661,0,500,0.485,1
129688,5,rpm,-4,268,5.0,5.0,533,3661,0,500,0.485,1
129708,5,rpm,12,269,5.0,5.0,533,3661,0,500,0.485,1
129729,5,rpm,13,269,5.0,5.0,533,3661,0,500,0.485,1
129750,5,rpm,38,269,5.0,5.0,533,3661,0,500,0.485,1
129770,5,rpm,108,269,5.0,5.0,533,3661,0,500,0.485,1
129791,5,rpm,87,269,5.0,5.0,533,3661,0,500,0.485,1
129811,5,rpm,261,269,5.0,5.0,533,3661,0,501,0.486,1
129832,5,rpm,83,269,5.0,5.0,533,3661,0,501,0.486,1
129853,5,rpm,128,269,5.0,5.0,533,3661,0,501,0.486,1
129873,5,rpm,463,269,5.0,5.0,533,3661,0,501,0.486,1
129894,5,rpm,116,269,5.0,5.0,533,3661,0,501,0.486,1
129915,5,rpm,192,269,5.0,5.0,533,3661,0,501,0.486,1
129935,5,rpm,623,269,5.0,5.0,533,3661,0,501,0.486,1
129956,5,rpm,177,269,5.0,5.0,533,3661,0,501,0.486,1
129976,5,rpm,674,270,5.0,5.0,533,3661,0,501,0.486,1
129997,5,rpm,210,270,5.0,5.0,533,3661,0,501,0.486,1
130018,5,rpm,237,270,5.0,5.0,533,3661,0,502,0.486,1
130038,5,rpm,860,270,5.0,5.0,533,3661,0,502,0.487,1
130059,5,rpm,103,270,5.0,5.0,533,3661,0,502,0.487,1
130080,5,rpm,282,270,5.0,5.0,533,3661,0,502,0.487,1
130100,5,rpm,808,270,5.0,5.0,533,3661,0,502,0.487,1
130121,5,rpm,196,270,5.0,5.0,533,3661,0,502,0.487,1
130141,5,rpm,314,270,5.0,5.0,533,3661,0,502,0.487,1
130162,5,rpm,734,270,5.0,5.0,533,3661,0,502,0.487,1
130183,5,rpm,277,270,5.0,5.0,533,3661,0,502,0.487,1
130203,5,rpm,973,270,5.0,5.0,533,3661,0,502,0.487,1
130224,5,rpm,93,270,5.0,5.0,533,3661,0,502,0.487,1
130244,5,rpm,333,270,5.0,5.0,533,3661,0,503,0.487,1
130265,5,rpm,860,270,5.0,5.0,533,3661,0,503,0.488,1
130286,5,rpm,138,270,5.0,5.0,533,3661,0,503,0.488,1
130306,5,rpm,333,270,5.0,5.0,533,3661,0,503,0.488,1
130327,5,rpm,747,270,5.0,5.0,533,3661,0,503,0.488,1
130348,5,rpm,229,270,5.0,5.0,533,3661,0,503,0.488,1
130368,5,rpm,417,271,5.0,5.0,533,3661,0,503,0.488,1
130389,5,rpm,542,271,5.0,5.0,533,3661,0,503,0.488,1
130409,5,rpm,296,271,5.0,5.0,533,3661,0,503,0.488,1
130430,5,rpm,928,271,5.0,5.0,533,3661,0,503,0.488,1
130451,5,rpm,106,271,5.0,5.0,533,3661,0,503,0.488,1
130471,5,rpm,337,271,5.0,5.0,533,3661,0,504,0.488,1
130492,5,rpm,836,271,5.0,5.0,533,3661,0,504,0.489,1
130512,5,rpm,160,271,5.0,5.0,533,3661,0,504,0.489,1
130533,5,rpm,347,271,5.0,5.0,533,3661,0,504,0.489,1
130554,5,rpm,737,271,5.0,5.0,533,3661,0,504,0.489,1
130574,5,rpm,252,271,5.0,5.0,533,3661,0,504,0.489,1
130595,5,rpm,533,271,5.0,5.0,533,3661,0,504,0.489,1
130615,5,rpm,399,271,5.0,5.0,533,3661,0,504,0.489,1
130636,5,rpm,277,271,5.0,5.0,533,3661,0,504,0.489,1
130657,5,rpm,879,271,5.0,5.0,533,3661,0,504,0.489,1
130677,5,rpm,110,271,5.0,5.0,533,3661,0,504,0.489,1
130698,5,rpm,302,271,5.0,5.0,533,3661,0,505,0.489,1
130718,5,rpm,788,271,5.0,5.0,533,3661,0,505,0.49,1
130739,5,rpm,162,271,5.0,5.0,533,3661,0,505,0.49,1
130760,5,rpm,284,271,5.0,5.0,533,3661,0,505,0.49,1
130780,5,rpm,691,271,5.0,5.0,533,3661,0,505,0.49,1
130801,5,rpm,221,271,5.0,5.0,533,3661,0,505,0.49,1
130821,5,rpm,640,271,5.0,5.0,533,3661,0,505,0.49,1
130842,5,rpm,224,271,5.0,5.0,533,3661,0,505,0.49,1
130862,5,rpm,236,271,5.0,5.0,533,3661,0,505,0.49,1
130883,5,rpm,809,271,5.0,5.0,533,3661,0,505,0.49,1
130904,5,rpm,100,271,5.0,5.0,533,3661,0,506,0.49,1
130924,5,rpm,236,271,5.0,5.0,533,3661,0,506,0.49,1
130945,5,rpm,699,271,5.0,5.0,533,3661,0,506,0.491,1
130965,5,rpm,136,271,5.0,5.0,533,3661,0,506,0.491,1
130986,5,rpm,201,271,5.0,5.0,533,3661,0,506,0.491,1
131007,5,rpm,600,271,5.0,5.0,533,3661,0,506,0.491,1
131027,5,rpm,163,271,5.0,5.0,533,3661,0,506,0.491,1
131048,5,rpm,558,271,5.0,5.0,533,3661,0,506,0.491,1
131068,5,rpm,166,271,5.0,5.0,533,3661,0,506,0.491,1
131089,5,rpm,165,271,5.0,5.0,533,3661,0,506,0.491,1
131110,5,rpm,530,271,5.0,5.0,533,3661,0,506,0.491,1
131130,5,rpm,92,271,5.0,5.0,533,3661,0,507,0.491,1
131151,5,rpm,159,271,5.0,5.0,533,3661,0,507,0.491,1
131171,5,rpm,376,271,5.0,5.0,533,3661,0,507,0.492,1
131192,5,rpm,92,271,5.0,5.0,533,3661,0,507,0.492,1
131213,5,rpm,52,271,5.0,5.0,533,3661,0,507,0.492,1
131233,5,rpm,-1093,271,5.0,5.0,533,3661,0,507,0.492,1
131254,5,rpm,-244,271,5.0,5.0,533,3661,0,507,0.492,1
131275,5,rpm,-78,271,5.0,5.0,533,3661,0,507,0.492,1
131295,5,rpm,4,271,5.0,5.0,533,3661,0,507,0.492,1
131316,5,rpm,-48,271,5.0,5.0,533,3661,0,507,0.492,1
131336,5,rpm,-145,272,5.0,5.0,533,3661,0,507,0.492,1
131357,5,rpm,-39,272,5.0,5.0,533,3661,0,508,0.492,1
131377,5,rpm,-56,272,5.0,5.0,533,3661,0,508,0.492,1
131398,5,rpm,-60,272,5.0,5.0,533,3661,0,508,0.493,1
131419,5,rpm,-43,272,5.0,5.0,533,3661,0,508,0.493,1
131439,5,rpm,-60,272,5.0,5.0,533,3661,0,508,0.493,1
131460,5,rpm,-39,272,5.0,5.0,533,3661,0,508,0.493,1
131481,5,rpm,-32,272,5.0,5.0,533,3661,0,508,0.493,1
131501,5,rpm,-42,272,5.0,5.0,533,3661,0,508,0.493,1
131522,5,rpm,-22,272,5.0,5.0,533,3661,0,508,0.493,1
131542,5,rpm,-21,272,5.0,5.0,533,3661,0,508,0.493,1
131563,5,rpm,-5,272,5.0,5.0,533,3661,0,508,0.493,1
131584,5,rpm,1,273,5.0,5.0,533,3661,0,509,0.493,1
131604,5,rpm,9,273,5.0,5.0,533,3661,0,509,0.493,1
131625,5,rpm,59,273,5.0,5.0,533,3661,0,509,0.494,1
131645,5,rpm,44,273,5.0,5.0,533,3661,0,509,0.494,1
131666,5,rpm,138,273,5.0,5.0,533,3661,0,509,0.494,1
131687,5,rpm,153,273,5.0,5.0,533,3661,0,509,0.494,1
131707,5,rpm,95,273,5.0,5.0,533,3661,0,509,0.494,1
131728,5,rpm,375,273,5.0,5.0,533,3661,0,509,0.494,1
131749,5,rpm,107,273,5.0,5.0,533,3661,0,509,0.494,1
131769,5,rpm,168,273,5.0,5.0,533,3661,0,509,0.494,1
131790,5,rpm,649,273,5.0,5.0,533,3661,0,510,0.494,1
131810,5,rpm,129,274,5.0,5.0,533,3661,0,510,0.494,1
131831,5,rpm,232,274,5.0,5.0,533,3661,0,510,0.494,1
131852,5,rpm,742,274,5.0,5.0,533,3661,0,510,0.495,1
131872,5,rpm,187,274,5.0,5.0,533,3661,0,510,0.495,1
131893,5,rpm,624,274,5.0,5.0,533,3661,0,510,0.495,1
131914,5,rpm,233,274,5.0,5.0,533,3661,0,510,0.495,1
131934,5,rpm,240,274,5.0,5.0,533,3661,0,510,0.495,1
131955,5,rpm,926,274,5.0,5.0,533,3661,0,510,0.495,1
131975,5,rpm,115,274,5.0,5.0,533,3661,0,510,0.495,1
131996,5,rpm,326,274,5.0,5.0,533,3661,0,510,0.495,1
132016,5,rpm,806,274,5.0,5.0,533,3661,0,511,0.495,1
132037,5,rpm,187,274,5.0,5.0,533,3661,0,511,0.495,1
132058,5,rpm,418,274,5.0,5.0,533,3661,0,511,0.495,1
132078,5,rpm,587,274,5.0,5.0,533,3661,0,511,0.496,1
132099,5,rpm,259,274,5.0,5.0,533,3661,0,511,0.496,1
132119,5,rpm,866,274,5.0,5.0,533,3661,0,511,0.496,1
132140,5,rpm,149,274,5.0,5.0,533,3661,0,511,0.496,1
132161,5,rpm,314,274,5.0,5.0,533,3661,0,511,0.496,1
132181,5,rpm,883,274,5.0,5.0,533,3661,0,511,0.496,1
132202,5,rpm,114,274,5.0,5.0,533,3661,0,511,0.496,1
132222,5,rpm,324,275,5.0,5.0,533,3661,0,511,0.496,1
132243,5,rpm,784,275,5.0,5.0,533,3661,0,512,0.496,1
132264,5,rpm,214,275,5.0,5.0,533,3661,0,512,0.496,1
132284,5,rpm,477,275,5.0,5.0,533,3661,0,512,0.496,1
132305,5,rpm,474,275,5.0,5.0,533,3661,0,512,0.497,1
132325,5,rpm,252,274,5.0,5.0,533,3661,0,512,0.497,1
132346,5,rpm,881,274,5.0,5.0,533,3661,0,512,0.497,1
132367,5,rpm,106,274,5.0,5.0,533,3661,0,512,0.497,1
132387,5,rpm,322,274,5.0,5.0,533,3661,0,512,0.497,1
132408,5,rpm,890,274,5.0,5.0,533,3661,0,512,0.497,1
132428,5,rpm,146,274,5.0,5.0,533,3661,0,512,0.497,1
132449,5,rpm,332,274,5.0,5.0,533,3661,0,513,0.497,1
132470,5,rpm,731,274,5.0,5.0,533,3661,0,513,0.497,1
132490,5,rpm,222,274,5.0,5.0,533,3661,0,513,0.497,1
132511,5,rpm,392,274,5.0,5.0,533,3661,0,513,0.497,1
132531,5,rpm,544,274,5.0,5.0,533,3661,0,513,0.498,1
132552,5,rpm,259,274,5.0,5.0,533,3661,0,513,0.498,1
132573,5,rpm,883,274,5.0,5.0,533,3661,0,513,0.498,1
132593,5,rpm,101,274,5.0,5.0,533,3661,0,513,0.498,1
132614,5,rpm,284,274,5.0,5.0,533,3661,0,513,0.498,1
132634,5,rpm,806,274,5.0,5.0,533,3661,0,513,0.498,1
132655,5,rpm,144,274,5.0,5.0,533,3661,0,513,0.498,1
132676,5,rpm,296,274,5.0,5.0,533,3661,0,514,0.498,1
132696,5,rpm,707,274,5.0,5.0,533,3661,0,514,0.498,1
132717,5,rpm,194,274,5.0,5.0,533,3661,0,514,0.498,1
132737,5,rpm,788,274,5.0,5.0,533,3661,0,514,0.498,1
132758,5,rpm,145,274,5.0,5.0,533,3661,0,514,0.499,1
132779,5,rpm,204,274,5.0,5.0,533,3661,0,514,0.499,1
132799,5,rpm,811,274,5.0,5.0,533,3661,0,514,0.499,1
132820,5,rpm,105,274,5.0,5.0,533,3661,0,514,0.499,1
132841,5,rpm,223,274,5.0,5.0,533,3661,0,514,0.499,1
132861,5,rpm,695,274,5.0,5.0,533,3661,0,514,0.499,1
132882,5,rpm,123,274,5.0,5.0,533,3661,0,515,0.499,1
132902,5,rpm,198,273,5.0,5.0,533,3661,0,515,0.499,1
132923,5,rpm,567,273,5.0,5.0,533,3661,0,515,0.499,1
132944,5,rpm,152,273,5.0,5.0,533,3661,0,515,0.499,1
132964,5,rpm,432,273,5.0,5.0,533,3661,0,515,0.499,1
132985,5,rpm,199,273,5.0,5.0,533,3661,0,515,0.5,1
133005,5,rpm,136,273,5.0,5.0,533,3661,0,515,0.5,1
133026,5,rpm,448,273,5.0,5.0,533,3661,0,515,0.5,1
133047,5,rpm,68,273,5.0,5.0,533,3661,0,515,0.5,1
133067,5,rpm,65,273,5.0,5.0,533,3661,0,515,0.5,1
133088,5,rpm,-900,273,5.0,5.0,533,3661,0,515,0.5,1
133108,5,rpm,-12,273,5.0,5.0,533,3661,0,516,0.5,1
133129,5,rpm,-12,273,5.0,5.0,533,3661,0,516,0.5,1
133150,5,rpm,15,273,5.0,5.0,533,3661,0,516,0.5,1
133170,5,rpm,5,273,5.0,5.0,533,3661,0,516,0.5,1
133191,5,rpm,-104,273,5.0,5.0,533,3661,0,516,0.5,1
133211,5,rpm,-45,273,5.0,5.0,533,3661,0,516,0.501,1
133232,5,rpm,-40,273,5.0,5.0,533,3661,0,516,0.501,1
133253,5,rpm,-64,273,5.0,5.0,533,3661,0,516,0.501,1
133273,5,rpm,-37,273,5.0,5.0,533,3661,0,516,0.501,1
133294,5,rpm,-61,273,5.0,5.0,533,3661,0,516,0.501,1
133315,5,rpm,-63,273,5.0,5.0,533,3661,0,516,0.501,1
133335,5,rpm,-32,273,5.0,5.0,533,3661,0,517,0.501,1
133356,5,rpm,-36,273,5.0,5.0,533,3661,0,517,0.501,1
133376,5,rpm,-13,273,5.0,5.0,533,3661,0,517,0.501,1
133397,5,rpm,-9,273,5.0,5.0,533,3661,0,517,0.501,1
133418,5,rpm,-10,273,5.0,5.0,533,3661,0,517,0.501,1
133438,5,rpm,1,273,5.0,5.0,533,3661,0,517,0.502,1
133459,5,rpm,5,273,5.0,5.0,533,3661,0,517,0.502,1
133479,5,rpm,35,273,5.0,5.0,533,3661,0,517,0.502,1
133500,5,rpm,27,273,5.0,5.0,533,3661,0,517,0.502,1
133521,5,rpm,52,273,5.0,5.0,533,3661,0,517,0.502,1
133541,5,rpm,177,273,5.0,5.0,533,3661,0,518,0.502,1
133562,5,rpm,77,273,5.0,5.0,533,3661,0,518,0.502,1
133582,5,rpm,200,273,5.0,5.0,533,3661,0,518,0.502,1
133603,5,rpm,281,273,5.0,5.0,533,3661,0,518,0.502,1
133624,5,rpm,135,273,5.0,5.0,533,3661,0,518,0.502,1
133644,5,rpm,683,274,5.0,5.0,533,3661,0,518,0.502,1
133665,5,rpm,136,274,5.0,5.0,533,3661,0,518,0.503,1
133685,5,rpm,199,274,5.0,5.0,533,3661,0,518,0.503,1
133706,5,rpm,758,274,5.0,5.0,533,3661,0,518,0.503,1
133726,5,rpm,115,274,5.0,5.0,533,3661,0,518,0.503,1
133747,5,rpm,260,274,5.0,5.0,533,3661,0,518,0.503,1
133768,5,rpm,743,274,5.0,5.0,533,3661,0,519,0.503,1
133788,5,rpm,173,274,5.0,5.0,533,3661,0,519,0.503,1
133809,5,rpm,754,274,5.0,5.0,533,3661,0,519,0.503,1
133829,5,rpm,197,274,5.0,5.0,533,3661,0,519,0.503,1
133850,5,rpm,278,274,5.0,5.0,533,3661,0,519,0.503,1
133870,5,rpm,953,274,5.0,5.0,533,3661,0,519,0.503,1
133891,5,rpm,103,274,5.0,5.0,533,3661,0,519,0.504,1
133912,5,rpm,312,274,5.0,5.0,533,3661,0,519,0.504,1
133932,5,rpm,846,274,5.0,5.0,533,3661,0,519,0.504,1
133953,5,rpm,178,274,5.0,5.0,533,3661,0,519,0.504,1
133974,5,rpm,343,274,5.0,5.0,533,3661,0,519,0.504,1
133994,5,rpm,770,274,5.0,5.0,533,3661,0,520,0.504,1
134015,5,rpm,241,273,5.0,5.0,533,3661,0,520,0.504,1
134035,5,rpm,657,273,5.0,5.0,533,3661,0,520,0.504,1
134056,5,rpm,318,273,5.0,5.0,533,3661,0,520,0.504,1
134077,5,rpm,312,273,5.0,5.0,533,3661,0,520,0.504,1
134097,5,rpm,924,273,5.0,5.0,533,3661,0,520,0.504,1
134118,5,rpm,113,273,5.0,5.0,533,3661,0,520,0.505,1
134138,5,rpm,318,273,5.0,5.0,533,3661,0,520,0.505,1
134159,5,rpm,779,273,5.0,5.0,533,3661,0,520,0.505,1
134179,5,rpm,171,273,5.0,5.0,533,3661,0,520,0.505,1
134200,5,rpm,310,273,5.0,5.0,533,3661,0,521,0.505,1
134221,5,rpm,745,273,5.0,5.0,533,3661,0,521,0.505,1
134241,5,rpm,238,273,5.0,5.0,533,3661,0,521,0.505,1
134262,5,rpm,813,273,5.0,5.0,533,3661,0,521,0.505,1
134283,5,rpm,163,273,5.0,5.0,533,3661,0,521,0.505,1
134303,5,rpm,329,273,5.0,5.0,533,3661,0,521,0.505,1
134324,5,rpm,881,273,5.0,5.0,533,3661,0,521,0.505,1
134344,5,rpm,127,273,5.0,5.0,533,3661,0,521,0.506,1
134365,5,rpm,328,273,5.0,5.0,533,3661,0,521,0.506,1
134386,5,rpm,771,273,5.0,5.0,533,3661,0,521,0.506,1
134406,5,rpm,196,273,5.0,5.0,533,3661,0,521,0.506,1
134427,5,rpm,301,272,5.0,5.0,533,3661,0,522,0.506,1
134447,5,rpm,707,272,5.0,5.0,533,3661,0,522,0.506,1
134468,5,rpm,253,272,5.0,5.0,533,3661,0,522,0.506,1
134489,5,rpm,878,272,5.0,5.0,533,3661,0,522,0.506,1
134509,5,rpm,112,272,5.0,5.0,533,3661,0,522,0.506,1
134530,5,rpm,293,272,5.0,5.0,533,3661,0,522,0.506,1
134550,5,rpm,814,272,5.0,5.0,533,3661,0,522,0.506,1
134571,5,rpm,134,272,5.0,5.0,533,3661,0,522,0.507,1
134592,5,rpm,265,272,5.0,5.0,533,3661,0,522,0.507,1
134612,5,rpm,713,272,5.0,5.0,533,3661,0,522,0.507,1
134633,5,rpm,176,272,5.0,5.0,533,3661,0,522,0.507,1
134654,5,rpm,282,272,5.0,5.0,533,3661,0,523,0.507,1
134674,5,rpm,601,272,5.0,5.0,533,3661,0,523,0.507,1
134695,5,rpm,209,272,5.0,5.0,533,3661,0,523,0.507,1
134715,5,rpm,783,272,5.0,5.0,533,3661,0,523,0.507,1
134736,5,rpm,102,272,5.0,5.0,533,3661,0,523,0.507,1
134757,5,rpm,213,271,5.0,5.0,533,3661,0,523,0.507,1
134777,5,rpm,669,271,5.0,5.0,533,3661,0,523,0.507,1
134798,5,rpm,108,271,5.0,5.0,533,3661,0,523,0.508,1
134818,5,rpm,178,271,5.0,5.0,533,3661,0,523,0.508,1
134839,5,rpm,552,271,5.0,5.0,533,3661,0,523,0.508,1
134859,5,rpm,122,271,5.0,5.0,533,3661,0,524,0.508,1
134880,5,rpm,224,271,5.0,5.0,533,3661,0,524,0.508,1
134901,5,rpm,318,271,5.0,5.0,533,3661,0,524,0.508,1
134921,5,rpm,77,271,5.0,5.0,533,3661,0,524,0.508,1
134942,5,rpm,50,271,5.0,5.0,533,3661,0,524,0.508,1
134962,5,rpm,-1384,271,5.0,5.0,533,3661,0,524,0.508,1
134983,5,rpm,-563,271,5.0,5.0,533,3661,0,524,0.508,1
135004,5,rpm,-56,271,5.0,5.0,533,3661,0,524,0.508,1
135024,5,rpm,35,271,5.0,5.0,533,3661,0,524,0.509,1
135045,5,rpm,-2,271,5.0,5.0,533,3661,0,524,0.509,1
135065,5,rpm,-71,271,5.0,5.0,533,3661,0,524,0.509,1
135086,5,rpm,-61,271,5.0,5.0,533,3661,0,525,0.509,1
135107,5,rpm,-66,271,5.0,5.0,533,3661,0,525,0.509,1
135127,5,rpm,-27,271,5.0,5.0,533,3661,0,525,0.509,1
135148,5,rpm,-45,271,5.0,5.0,533,3661,0,525,0.509,1
135168,5,rpm,-65,271,5.0,5.0,533,3661,0,525,0.509,1
135189,5,rpm,-29,271,5.0,5.0,533,3661,0,525,0.509,1
135210,5,rpm,-38,271,5.0,5.0,533,3661,0,525,0.509,1
135230,5,rpm,-29,271,5.0,5.0,533,3661,0,525,0.509,1
135251,5,rpm,-16,271,5.0,5.0,533,3661,0,525,0.51,1
135272,5,rpm,-16,271,5.0,5.0,533,3661,0,525,0.51,1
135292,5,rpm,-4,271,5.0,5.0,533,3661,0,525,0.51,1
135313,5,rpm,-2,272,5.0,5.0,533,3661,0,526,0.51,1
135333,5,rpm,14,272,5.0,5.0,533,3661,0,526,0.51,1
135354,5,rpm,26,272,5.0,5.0,533,3661,0,526,0.51,1
135375,5,rpm,32,272,5.0,5.0,533,3661,0,526,0.51,1
135395,5,rpm,138,272,5.0,5.0,533,3661,0,526,0.51,1
135416,5,rpm,68,272,5.0,5.0,533,3661,0,526,0.51,1
135436,5,rpm,107,272,5.0,5.0,533,3661,0,526,0.51,1
135457,5,rpm,297,272,5.0,5.0,533,3661,0,526,0.51,1
135478,5,rpm,92,272,5.0,5.0,533,3661,0,526,0.511,1
135498,5,rpm,145,272,5.0,5.0,533,3661,0,526,0.511,1
135519,5,rpm,467,272,5.0,5.0,533,3661,0,526,0.511,1
135539,5,rpm,164,272,5.0,5.0,533,3661,0,527,0.511,1
135560,5,rpm,667,272,5.0,5.0,533,3661,0,527,0.511,1
135580,5,rpm,166,272,5.0,5.0,533,3661,0,527,0.511,1
135601,5,rpm,221,272,5.0,5.0,533,3661,0,527,0.511,1
135622,5,rpm,841,272,5.0,5.0,533,3661,0,527,0.511,1
135642,5,rpm,121,272,5.0,5.0,533,3661,0,527,0.511,1
135663,5,rpm,284,272,5.0,5.0,533,3661,0,527,0.511,1
135683,5,rpm,779,272,5.0,5.0,533,3661,0,527,0.511,1
135704,5,rpm,186,272,5.0,5.0,533,3661,0,527,0.512,1
135725,5,rpm,588,272,5.0,5.0,533,3661,0,527,0.512,1
135745,5,rpm,402,272,5.0,5.0,533,3661,0,528,0.512,1
135766,5,rpm,251,272,5.0,5.0,533,3661,0,528,0.512,1
135786,5,rpm,937,272,5.0,5.0,533,3661,0,528,0.512,1
135807,5,rpm,113,272,5.0,5.0,533,3661,0,528,0.512,1
135828,5,rpm,331,272,5.0,5.0,533,3661,0,528,0.512,1
135848,5,rpm,891,272,5.0,5.0,533,3661,0,528,0.512,1
135869,5,rpm,179,272,5.0,5.0,533,3661,0,528,0.512,1
135890,5,rpm,364,272,5.0,5.0,533,3661,0,528,0.512,1
135910,5,rpm,753,272,5.0,5.0,533,3661,0,528,0.512,1
135931,5,rpm,226,272,5.0,5.0,533,3661,0,528,0.513,1
135951,5,rpm,502,272,5.0,5.0,533,3661,0,528,0.513,1
135972,5,rpm,466,272,5.0,5.0,533,3661,0,529,0.513,1
135993,5,rpm,278,272,5.0,5.0,533,3661,0,529,0.513,1
136013,5,rpm,956,272,5.0,5.0,533,3661,0,529,0.513,1
136034,5,rpm,113,272,5.0,5.0,533,3661,0,529,0.513,1
136055,5,rpm,317,272,5.0,5.0,533,3661,0,529,0.513,1
136075,5,rpm,804,272,5.0,5.0,533,3661,0,529,0.513,1
136096,5,rpm,170,272,5.0,5.0,533,3661,0,529,0.513,1
136116,5,rpm,339,272,5.0,5.0,533,3661,0,529,0.513,1
136137,5,rpm,731,272,5.0,5.0,533,3661,0,529,0.513,1
136158,5,rpm,229,272,5.0,5.0,533,3661,0,529,0.514,1
136178,5,rpm,921,272,5.0,5.0,533,3661,0,529,0.514,1
136199,5,rpm,115,272,5.0,5.0,533,3661,0,530,0.514,1
136219,5,rpm,294,272,5.0,5.0,533,3661,0,530,0.514,1
136240,5,rpm,883,272,5.0,5.0,533,3661,0,530,0.514,1
136261,5,rpm,132,271,5.0,5.0,533,3661,0,530,0.514,1
136281,5,rpm,314,271,5.0,5.0,533,3661,0,530,0.514,1
136302,5,rpm,767,271,5.0,5.0,533,3661,0,530,0.514,1
136323,5,rpm,199,271,5.0,5.0,533,3661,0,530,0.514,1
136343,5,rpm,316,271,5.0,5.0,533,3661,0,530,0.514,1
136364,5,rpm,710,271,5.0,5.0,533,3661,0,530,0.514,1
136384,5,rpm,237,271,5.0,5.0,533,3661,0,530,0.514,1
136405,5,rpm,829,271,5.0,5.0,533,3661,0,531,0.515,1
136426,5,rpm,144,271,5.0,5.0,533,3661,0,531,0.515,1
136446,5,rpm,272,271,5.0,5.0,533,3661,0,531,0.515,1
136467,5,rpm,828,271,5.0,5.0,533,3661,0,531,0.515,1
136487,5,rpm,134,271,5.0,5.0,533,3661,0,531,0.515,1
136508,5,rpm,264,271,5.0,5.0,533,3661,0,531,0.515,1
136529,5,rpm,735,271,5.0,5.0,533,3661,0,531,0.515,1
136549,5,rpm,175,271,5.0,5.0,533,3661,0,531,0.515,1
136570,5,rpm,247,270,5.0,5.0,533,3661,0,531,0.515,1
136590,5,rpm,665,270,5.0,5.0,533,3661,0,531,0.515,1
136611,5,rpm,184,270,5.0,5.0,533,3661,0,531,0.515,1
136632,5,rpm,760,270,5.0,5.0,533,3661,0,532,0.516,1
136652,5,rpm,90,270,5.0,5.0,533,3661,0,532,0.516,1
136673,5,rpm,174,270,5.0,5.0,533,3661,0,532,0.516,1
136693,5,rpm,686,270,5.0,5.0,533,3661,0,532,0.516,1
136714,5,rpm,103,270,5.0,5.0,533,3661,0,532,0.516,1
136735,5,rpm,163,270,5.0,5.0,533,3661,0,532,0.516,1
136755,5,rpm,467,270,5.0,5.0,533,3661,0,532,0.516,1
136776,5,rpm,77,270,5.0,5.0,533,3661,0,532,0.516,1
136797,5,rpm,72,270,5.0,5.0,533,3661,0,532,0.516,1
136817,5,rpm,-1198,270,5.0,5.0,533,3661,0,532,0.516,1
136838,5,rpm,-385,270,5.0,5.0,533,3661,0,532,0.516,1
136858,5,rpm,-104,270,5.0,5.0,533,3661,0,533,0.517,1
136879,5,rpm,2,270,5.0,5.0,533,3661,0,533,0.517,1
136900,5,rpm,1,270,5.0,5.0,533,3661,0,533,0.517,1
136920,5,rpm,-136,270,5.0,5.0,533,3661,0,533,0.517,1
136941,5,rpm,-63,270,5.0,5.0,533,3661,0,533,0.517,1
136962,5,rpm,-49,270,5.0,5.0,533,3661,0,533,0.517,1
136982,5,rpm,-64,270,5.0,5.0,533,3661,0,533,0.517,1
137003,5,rpm,-52,270,5.0,5.0,533,3661,0,533,0.517,1
137024,5,rpm,-70,270,5.0,5.0,533,3661,0,533,0.517,1
137044,5,rpm,-31,270,5.0,5.0,533,3661,0,533,0.517,1
137065,5,rpm,-32,270,5.0,5.0,533,3661,0,533,0.517,1
137086,5,rpm,-44,270,5.0,5.0,533,3661,0,534,0.518,1
137106,5,rpm,-20,270,5.0,5.0,533,3661,0,534,0.518,1
137127,5,rpm,-18,270,5.0,5.0,533,3661,0,534,0.518,1
137147,5,rpm,-4,270,5.0,5.0,533,3661,0,534,0.518,1
137168,5,rpm,1,270,5.0,5.0,533,3661,0,534,0.518,1
137188,5,rpm,5,270,5.0,5.0,533,3661,0,534,0.518,1
137209,5,rpm,26,270,5.0,5.0,533,3661,0,534,0.518,1
137230,5,rpm,26,270,5.0,5.0,533,3661,0,534,0.518,1
137250,5,rpm,73,270,5.0,5.0,533,3661,0,534,0.518,1
137271,5,rpm,105,270,5.0,5.0,533,3661,0,534,0.518,1
137291,5,rpm,94,270,5.0,5.0,533,3661,0,534,0.518,1
137312,5,rpm,310,270,5.0,5.0,533,3661,0,535,0.519,1
137333,5,rpm,89,270,5.0,5.0,533,3661,0,535,0.519,1
137353,5,rpm,139,270,5.0,5.0,533,3661,0,535,0.519,1
137374,5,rpm,531,270,5.0,5.0,533,3661,0,535,0.519,1
137394,5,rpm,131,270,5.0,5.0,533,3661,0,535,0.519,1
137415,5,rpm,234,270,5.0,5.0,533,3661,0,535,0.519,1
137436,5,rpm,628,270,5.0,5.0,533,3661,0,535,0.519,1
137456,5,rpm,188,270,5.0,5.0,533,3661,0,535,0.519,1
137477,5,rpm,799,270,5.0,5.0,533,3661,0,535,0.519,1
137497,5,rpm,147,270,5.0,5.0,533,3661,0,535,0.519,1
137518,5,rpm,250,270,5.0,5.0,533,3661,0,536,0.519,1
137539,5,rpm,877,270,5.0,5.0,533,3661,0,536,0.52,1
137559,5,rpm,126,270,5.0,5.0,533,3661,0,536,0.52,1
137580,5,rpm,301,270,5.0,5.0,533,3661,0,536,0.52,1
137601,5,rpm,811,270,5.0,5.0,533,3661,0,536,0.52,1
137621,5,rpm,214,270,5.0,5.0,533,3661,0,536,0.52,1
137642,5,rpm,317,270,5.0,5.0,533,3661,0,536,0.52,1
137662,5,rpm,688,270,5.0,5.0,533,3661,0,536,0.52,1
137683,5,rpm,287,270,5.0,5.0,533,3661,0,536,0.52,1
137704,5,rpm,969,270,5.0,5.0,533,3661,0,536,0.52,1
137724,5,rpm,108,270,5.0,5.0,533,3661,0,536,0.52,1
137745,5,rpm,349,270,5.0,5.0,533,3661,0,537,0.52,1
137766,5,rpm,843,270,5.0,5.0,533,3661,0,537,0.521,1
137786,5,rpm,176,270,5.0,5.0,533,3661,0,537,0.521,1
137807,5,rpm,320,270,5.0,5.0,533,3661,0,537,0.521,1
137827,5,rpm,764,270,5.0,5.0,533,3661,0,537,0.521,1
137848,5,rpm,219,270,5.0,5.0,533,3661,0,537,0.521,1
137869,5,rpm,759,270,5.0,5.0,533,3661,0,537,0.521,1
137889,5,rpm,209,270,5.0,5.0,533,3661,0,537,0.521,1
137910,5,rpm,298,270,5.0,5.0,533,3661,0,537,0.521,1
137930,5,rpm,901,270,5.0,5.0,533,3661,0,537,0.521,1
137951,5,rpm,126,270,5.0,5.0,533,3661,0,537,0.521,1
137972,5,rpm,329,270,5.0,5.0,533,3661,0,538,0.521,1
137992,5,rpm,824,270,5.0,5.0,533,3661,0,538,0.522,1
138013,5,rpm,176,270,5.0,5.0,533,3661,0,538,0.522,1
138033,5,rpm,342,270,5.0,5.0,533,3661,0,538,0.522,1
138054,5,rpm,734,270,5.0,5.0,533,3661,0,538,0.522,1
138075,5,rpm,236,270,5.0,5.0,533,3661,0,538,0.522,1
138095,5,rpm,682,270,5.0,5.0,533,3661,0,538,0.522,1
138116,5,rpm,263,270,5.0,5.0,533,3661,0,538,0.522,1
138136,5,rpm,323,269,5.0,5.0,533,3661,0,538,0.522,1
138157,5,rpm,871,269,5.0,5.0,533,3661,0,538,0.522,1
138178,5,rpm,127,269,5.0,5.0,533,3661,0,538,0.522,1
138198,5,rpm,297,269,5.0,5.0,533,3661,0,539,0.522,1
138219,5,rpm,774,269,5.0,5.0,533,3661,0,539,0.523,1
138240,5,rpm,161,269,5.0,5.0,533,3661,0,539,0.523,1
138260,5,rpm,263,269,5.0,5.0,533,3661,0,539,0.523,1
138281,5,rpm,431,269,5.0,5.0,533,3661,0,539,0.523,1
138301,5,rpm,22,269,5.0,5.0,533,3661,0,539,0.523,1
138322,5,rpm,9,269,5.0,5.0,533,3661,0,539,0.523,1
138343,5,rpm,7,269,5.0,5.0,533,3661,0,539,0.523,1
138363,5,rpm,6,269,5.0,5.0,533,3661,0,539,0.523,1
138384,5,rpm,11,269,5.0,5.0,533,3661,0,539,0.523,1
138404,5,rpm,46,269,5.0,5.0,533,3661,0,540,0.523,1
138425,5,rpm,2124,269,5.0,5.0,533,3661,0,540,0.523,1
138446,5,rpm,1428,269,5.0,5.0,533,3661,0,540,0.523,1
138466,5,rpm,65,269,5.0,5.0,533,3661,0,540,0.524,1
138487,5,rpm,315,268,5.0,5.0,533,3661,0,540,0.524,1
138508,5,rpm,409,268,5.0,5.0,533,3661,0,540,0.524,1
138528,5,rpm,165,268,5.0,5.0,533,3661,0,540,0.524,1
138549,5,rpm,674,268,5.0,5.0,533,3661,0,540,0.524,1
138569,5,rpm,99,268,5.0,5.0,533,3661,0,540,0.524,1
138590,5,rpm,181,268,5.0,5.0,533,3661,0,540,0.524,1
138611,5,rpm,528,268,5.0,5.0,533,3661,0,540,0.524,1
138631,5,rpm,70,268,5.0,5.0,533,3661,0,541,0.524,1
138652,5,rpm,137,268,5.0,5.0,533,3661,0,541,0.524,1
138672,5,rpm,435,268,5.0,5.0,533,3661,0,541,0.524,1
138693,5,rpm,-10,268,5.0,5.0,533,3661,0,541,0.525,1
138714,5,rpm,-556,268,5.0,5.0,533,3661,0,541,0.525,1
138734,5,rpm,-1427,268,5.0,5.0,533,3661,0,541,0.525,1
138755,5,rpm,-714,268,5.0,5.0,533,3661,0,541,0.525,1
138776,5,rpm,171,268,5.0,5.0,533,3661,0,541,0.525,1
138796,5,rpm,308,268,5.0,5.0,533,3661,0,541,0.525,1
138817,5,rpm,17,268,5.0,5.0,533,3661,0,541,0.525,1
138837,5,rpm,-55,268,5.0,5.0,533,3661,0,541,0.525,1
138858,5,rpm,-3,268,5.0,5.0,533,3661,0,542,0.525,1
138879,5,rpm,-2,268,5.0,5.0,533,3661,0,542,0.525,1
138899,5,rpm,-1,268,5.0,5.0,533,3661,0,542,0.525,1
138920,5,rpm,0,268,5.0,5.0,533,3661,0,542,0.526,1
138941,5,rpm,-1,268,5.0,5.0,533,3661,0,542,0.526,1
138961,5,rpm,0,268,5.0,5.0,533,3661,0,542,0.526,1
138982,5,rpm,0,268,5.0,5.0,533,3661,0,542,0.526,1
139002,5,rpm,0,268,5.0,5.0,533,3661,0,542,0.526,1
139023,5,rpm,0,268,5.0,5.0,533,3661,0,542,0.526,1
139044,5,rpm,0,268,5.0,5.0,533,3661,0,542,0.526,1
139064,5,rpm,0,268,5.0,5.0,533,3661,0,542,0.526,1
139085,5,rpm,0,269,5.0,5.0,533,3661,0,543,0.526,1
139105,5,rpm,0,269,5.0,5.0,533,3661,0,543,0.526,1
139126,5,rpm,1,269,5.0,5.0,533,3661,0,543,0.526,1
139147,5,rpm,1,269,5.0,5.0,533,3661,0,543,0.527,1
139167,5,rpm,30,269,5.0,5.0,533,3661,0,543,0.527,1
139188,5,rpm,65,269,5.0,5.0,533,3661,0,543,0.527,1
139208,5,rpm,142,269,5.0,5.0,533,3661,0,543,0.527,1
139229,5,rpm,435,269,5.0,5.0,533,3661,0,543,0.527,1
139250,5,rpm,127,269,5.0,5.0,533,3661,0,543,0.527,1
139270,5,rpm,182,269,5.0,5.0,533,3661,0,543,0.527,1
139291,5,rpm,519,269,5.0,5.0,533,3661,0,543,0.527,1
139311,5,rpm,117,269,5.0,5.0,533,3661,0,544,0.527,1
139332,5,rpm,222,269,5.0,5.0,533,3661,0,544,0.527,1
139353,5,rpm,682,269,5.0,5.0,533,3661,0,544,0.527,1
139373,5,rpm,191,269,5.0,5.0,533,3661,0,544,0.528,1
139394,5,rpm,840,269,5.0,5.0,533,3661,0,544,0.528,1
139414,5,rpm,140,269,5.0,5.0,533,3661,0,544,0.528,1
139435,5,rpm,223,269,5.0,5.0,533,3661,0,544,0.528,1
139456,5,rpm,634,269,5.0,5.0,533,3661,0,544,0.528,1
139476,5,rpm,-24,269,5.0,5.0,533,3661,0,544,0.528,1
139497,5,rpm,9,269,5.0,5.0,533,3661,0,544,0.528,1
139517,5,rpm,10,269,5.0,5.0,533,3661,0,544,0.528,1
139538,5,rpm,4,269,5.0,5.0,533,3661,0,545,0.528,1
139559,5,rpm,7,269,5.0,5.0,533,3661,0,545,0.528,1
139579,5,rpm,5,269,5.0,5.0,533,3661,0,545,0.528,1
139600,5,rpm,4,269,5.0,5.0,533,3661,0,545,0.529,1
139620,5,rpm,782,269,5.0,5.0,533,3661,0,545,0.529,1
139641,5,rpm,3,269,5.0,5.0,533,3661,0,545,0.529,1
139662,5,rpm,183,269,5.0,5.0,533,3661,0,545,0.529,1
139682,5,rpm,854,269,5.0,5.0,533,3661,0,545,0.529,1
139703,5,rpm,157,269,5.0,5.0,533,3661,0,545,0.529,1
139723,5,rpm,357,269,5.0,5.0,533,3661,0,545,0.529,1
139744,5,rpm,815,269,5.0,5.0,533,3661,0,546,0.529,1
139765,5,rpm,209,269,5.0,5.0,533,3661,0,546,0.529,1
139785,5,rpm,620,269,5.0,5.0,533,3661,0,546,0.529,1
139806,5,rpm,443,269,5.0,5.0,533,3661,0,546,0.529,1
139826,5,rpm,320,269,5.0,5.0,533,3661,0,546,0.529,1
139847,5,rpm,1025,269,5.0,5.0,533,3661,0,546,0.53,1
139868,5,rpm,91,269,5.0,5.0,533,3661,0,546,0.53,1
139888,5,rpm,363,269,5.0,5.0,533,3661,0,546,0.53,1
139909,5,rpm,879,269,5.0,5.0,533,3661,0,546,0.53,1
139929,5,rpm,181,269,5.0,5.0,533,3661,0,546,0.53,1
139950,5,rpm,368,269,5.0,5.0,533,3661,0,546,0.53,1
139971,5,rpm,810,268,5.0,5.0,533,3661,0,547,0.53,1
139991,5,rpm,215,268,5.0,5.0,533,3661,0,547,0.53,1
140012,5,rpm,708,268,5.0,5.0,533,3661,0,547,0.53,1
140032,5,rpm,319,268,5.0,5.0,533,3661,0,547,0.53,1
140053,5,rpm,305,268,5.0,5.0,533,3661,0,547,0.53,1
140074,5,rpm,965,268,5.0,5.0,533,3661,0,547,0.531,1
140094,5,rpm,106,268,5.0,5.0,533,3661,0,547,0.531,1
140115,5,rpm,312,268,5.0,5.0,533,3661,0,547,0.531,1
140136,5,rpm,829,268,5.0,5.0,533,3661,0,547,0.531,1
140156,5,rpm,156,268,5.0,5.0,533,3661,0,547,0.531,1
140177,5,rpm,359,267,5.0,5.0,533,3661,0,547,0.531,1
140197,5,rpm,649,267,5.0,5.0,533,3661,0,548,0.531,1
140218,5,rpm,207,267,5.0,5.0,533,3661,0,548,0.531,1
140239,5,rpm,863,267,5.0,5.0,533,3661,0,548,0.531,1
140259,5,rpm,141,267,5.0,5.0,533,3661,0,548,0.531,1
140280,5,rpm,257,267,5.0,5.0,533,3661,0,548,0.531,1
140300,5,rpm,863,267,5.0,5.0,533,3661,0,548,0.532,1
140321,5,rpm,102,267,5.0,5.0,533,3661,0,548,0.532,1
140342,5,rpm,227,266,5.0,5.0,533,3661,0,548,0.532,1
140362,5,rpm,708,266,5.0,5.0,533,3661,0,548,0.532,1
140383,5,rpm,124,266,5.0,5.0,533,3661,0,548,0.532,1
140403,5,rpm,224,266,5.0,5.0,533,3661,0,548,0.532,1
140424,5,rpm,617,266,5.0,5.0,533,3661,0,549,0.532,1
140445,5,rpm,152,266,5.0,5.0,533,3661,0,549,0.532,1
140465,5,rpm,577,266,5.0,5.0,533,3661,0,549,0.532,1
140486,5,rpm,102,266,5.0,5.0,533,3661,0,549,0.532,1
140506,5,rpm,170,265,5.0,5.0,533,3661,0,549,0.532,1
140527,5,rpm,503,265,5.0,5.0,533,3661,0,549,0.533,1
140548,5,rpm,82,265,5.0,5.0,533,3661,0,549,0.533,1
140568,5,rpm,147,265,5.0,5.0,533,3661,0,549,0.533,1
140589,5,rpm,318,265,5.0,5.0,533,3661,0,549,0.533,1
140609,5,rpm,33,265,5.0,5.0,533,3661,0,549,0.533,1
140630,5,rpm,-649,265,5.0,5.0,533,3661,0,549,0.533,1
140651,5,rpm,-1124,265,5.0,5.0,533,3661,0,550,0.533,1
140671,5,rpm,-392,264,5.0,5.0,533,3661,0,550,0.533,1
140692,5,rpm,-65,264,5.0,5.0,533,3661,0,550,0.533,1
140712,5,rpm,-2,264,5.0,5.0,533,3661,0,550,0.533,1
140733,5,rpm,-50,264,5.0,5.0,533,3661,0,550,0.533,1
140754,5,rpm,-166,264,5.0,5.0,533,3661,0,550,0.533,1
140774,5,rpm,-47,264,5.0,5.0,533,3661,0,550,0.534,1
140795,5,rpm,-52,264,5.0,5.0,533,3661,0,550,0.534,1
140815,5,rpm,-51,264,5.0,5.0,533,3661,0,550,0.534,1
140836,5,rpm,-39,264,5.0,5.0,533,3661,0,550,0.534,1
140857,5,rpm,-55,263,5.0,5.0,533,3661,0,550,0.534,1
140877,5,rpm,-17,263,5.0,5.0,533,3661,0,551,0.534,1
140898,5,rpm,-20,263,5.0,5.0,533,3661,0,551,0.534,1
140919,5,rpm,-21,263,5.0,5.0,533,3661,0,551,0.534,1
140939,5,rpm,-12,263,5.0,5.0,533,3661,0,551,0.534,1
140960,5,rpm,-6,263,5.0,5.0,533,3661,0,551,0.534,1
140981,5,rpm,12,263,5.0,5.0,533,3661,0,551,0.534,1
141001,5,rpm,11,263,5.0,5.0,533,3661,0,551,0.535,1
141022,5,rpm,28,263,5.0,5.0,533,3661,0,551,0.535,1
141042,5,rpm,133,263,5.0,5.0,533,3661,0,551,0.535,1
141063,5,rpm,73,263,5.0,5.0,533,3661,0,551,0.535,1
141084,5,rpm,245,262,5.0,5.0,533,3661,0,551,0.535,1
141104,5,rpm,128,262,5.0,5.0,533,3661,0,552,0.535,1
141125,5,rpm,117,262,5.0,5.0,533,3661,0,552,0.535,1
141145,5,rpm,533,262,5.0,5.0,533,3661,0,552,0.535,1
141166,5,rpm,84,262,5.0,5.0,533,3661,0,552,0.535,1
141187,5,rpm,187,262,5.0,5.0,533,3661,0,552,0.535,1
141207,5,rpm,719,262,5.0,5.0,533,3661,0,552,0.535,1
141228,5,rpm,124,262,5.0,5.0,533,3661,0,552,0.536,1
141248,5,rpm,242,262,5.0,5.0,533,3661,0,552,0.536,1
141269,5,rpm,778,262,5.0,5.0,533,3661,0,552,0.536,1
141290,5,rpm,194,261,5.0,5.0,533,3661,0,552,0.536,1
141310,5,rpm,1003,261,5.0,5.0,533,3661,0,552,0.536,1
141331,5,rpm,81,261,5.0,5.0,533,3661,0,553,0.536,1
141351,5,rpm,278,261,5.0,5.0,533,3661,0,553,0.536,1
141372,5,rpm,963,261,5.0,5.0,533,3661,0,553,0.536,1
141393,5,rpm,132,261,5.0,5.0,533,3661,0,553,0.536,1
141413,5,rpm,344,261,5.0,5.0,533,3661,0,553,0.536,1
141434,5,rpm,856,261,5.0,5.0,533,3661,0,553,0.536,1
141455,5,rpm,185,260,5.0,5.0,533,3661,0,553,0.536,1
141475,5,rpm,656,260,5.0,5.0,533,3661,0,553,0.537,1
141496,5,rpm,442,260,5.0,5.0,533,3661,0,553,0.537,1
141516,5,rpm,295,260,5.0,5.0,533,3661,0,553,0.537,1
141537,5,rpm,1029,260,5.0,5.0,533,3661,0,553,0.537,1
141558,5,rpm,91,260,5.0,5.0,533,3661,0,554,0.537,1
141578,5,rpm,338,259,5.0,5.0,533,3661,0,554,0.537,1
141599,5,rpm,904,259,5.0,5.0,533,3661,0,554,0.537,1
141620,5,rpm,142,259,5.0,5.0,533,3661,0,554,0.537,1
141640,5,rpm,339,259,5.0,5.0,533,3661,0,554,0.537,1
141661,5,rpm,826,259,5.0,5.0,533,3661,0,554,0.537,1
141682,5,rpm,206,259,5.0,5.0,533,3661,0,554,0.537,1
141702,5,rpm,556,258,5.0,5.0,533,3661,0,554,0.537,1
141723,5,rpm,481,258,5.0,5.0,533,3661,0,554,0.538,1
141743,5,rpm,319,258,5.0,5.0,533,3661,0,554,0.538,1
141764,5,rpm,1007,258,5.0,5.0,533,3661,0,554,0.538,1
141785,5,rpm,88,258,5.0,5.0,533,3661,0,554,0.538,1
141805,5,rpm,352,258,5.0,5.0,533,3661,0,555,0.538,1
141826,5,rpm,874,257,5.0,5.0,533,3661,0,555,0.538,1
141846,5,rpm,149,257,5.0,5.0,533,3661,0,555,0.538,1
141867,5,rpm,360,257,5.0,5.0,533,3661,0,555,0.538,1
141888,5,rpm,797,257,5.0,5.0,533,3661,0,555,0.538,1
141908,5,rpm,208,257,5.0,5.0,533,3661,0,555,0.538,1
141929,5,rpm,712,257,5.0,5.0,533,3661,0,555,0.538,1
141949,5,rpm,366,256,5.0,5.0,533,3661,0,555,0.539,1
141970,5,rpm,303,256,5.0,5.0,533,3661,0,555,0.539,1
141991,5,rpm,955,256,5.0,5.0,533,3661,0,555,0.539,1
142011,5,rpm,95,256,5.0,5.0,533,3661,0,555,0.539,1
142032,5,rpm,300,256,5.0,5.0,533,3661,0,556,0.539,1
142052,5,rpm,829,256,5.0,5.0,533,3661,0,556,0.539,1
142073,5,rpm,145,255,5.0,5.0,533,3661,0,556,0.539,1
142094,5,rpm,301,255,5.0,5.0,533,3661,0,556,0.539,1
142114,5,rpm,713,255,5.0,5.0,533,3661,0,556,0.539,1
142135,5,rpm,199,255,5.0,5.0,533,3661,0,556,0.539,1
142155,5,rpm,737,255,5.0,5.0,533,3661,0,556,0.539,1
142176,5,rpm,190,255,5.0,5.0,533,3661,0,556,0.539,1
142197,5,rpm,246,254,5.0,5.0,533,3661,0,556,0.54,1
142217,5,rpm,827,254,5.0,5.0,533,3661,0,556,0.54,1
142238,5,rpm,89,254,5.0,5.0,533,3661,0,556,0.54,1
142258,5,rpm,213,254,5.0,5.0,533,3661,0,556,0.54,1
142279,5,rpm,710,254,5.0,5.0,533,3661,0,557,0.54,1
142299,5,rpm,107,254,5.0,5.0,533,3661,0,557,0.54,1
142320,5,rpm,201,254,5.0,5.0,533,3661,0,557,0.54,1
142341,5,rpm,598,254,5.0,5.0,533,3661,0,557,0.54,1
142361,5,rpm,144,253,5.0,5.0,533,3661,0,557,0.54,1
142382,5,rpm,603,253,5.0,5.0,533,3661,0,557,0.54,1
142403,5,rpm,77,253,5.0,5.0,533,3661,0,557,0.54,1
142423,5,rpm,151,253,5.0,5.0,533,3661,0,557,0.54,1
142444,5,rpm,462,253,5.0,5.0,533,3661,0,557,0.541,1
142464,5,rpm,73,253,5.0,5.0,533,3661,0,557,0.541,1
142485,5,rpm,-375,253,5.0,5.0,533,3661,0,557,0.541,1
142506,5,rpm,-1380,253,5.0,5.0,533,3661,0,558,0.541,1
142526,5,rpm,-807,253,5.0,5.0,533,3661,0,558,0.541,1
142547,5,rpm,-242,253,5.0,5.0,533,3661,0,558,0.541,1
142567,5,rpm,-77,253,5.0,5.0,533,3661,0,558,0.541,1
142588,5,rpm,-16,253,5.0,5.0,533,3661,0,558,0.541,1
142609,5,rpm,-107,253,5.0,5.0,533,3661,0,558,0.541,1
142629,5,rpm,-36,253,5.0,5.0,533,3661,0,558,0.541,1
142650,5,rpm,-32,253,5.0,5.0,533,3661,0,558,0.541,1
142671,5,rpm,-77,253,5.0,5.0,533,3661,0,558,0.541,1
142691,5,rpm,-40,253,5.0,5.0,533,3661,0,558,0.542,1
142712,5,rpm,-60,253,5.0,5.0,533,3661,0,558,0.542,1
142732,5,rpm,-52,253,5.0,5.0,533,3661,0,558,0.542,1
142753,5,rpm,-31,253,5.0,5.0,533,3661,0,559,0.542,1
142774,5,rpm,-31,253,5.0,5.0,533,3661,0,559,0.542,1
142794,5,rpm,-26,253,5.0,5.0,533,3661,0,559,0.542,1
142815,5,rpm,-24,253,5.0,5.0,533,3661,0,559,0.542,1
142836,5,rpm,-1,253,5.0,5.0,533,3661,0,559,0.542,1
142856,5,rpm,8,253,5.0,5.0,533,3661,0,559,0.542,1
142877,5,rpm,7,253,5.0,5.0,533,3661,0,559,0.542,1
142897,5,rpm,77,253,5.0,5.0,533,3661,0,559,0.542,1
142918,5,rpm,45,253,5.0,5.0,533,3661,0,559,0.543,1
142939,5,rpm,65,253,5.0,5.0,533,3661,0,559,0.543,1
142959,5,rpm,213,253,5.0,5.0,533,3661,0,559,0.543,1
142980,5,rpm,86,253,5.0,5.0,533,3661,0,560,0.543,1
143000,5,rpm,212,253,5.0,5.0,533,3661,0,560,0.543,1
143021,5,rpm,276,253,5.0,5.0,533,3661,0,560,0.543,1
143042,5,rpm,160,254,5.0,5.0,533,3661,0,560,0.543,1
143062,5,rpm,669,254,5.0,5.0,533,3661,0,560,0.543,1
143083,5,rpm,100,254,5.0,5.0,533,3661,0,560,0.543,1
143104,5,rpm,230,254,5.0,5.0,533,3661,0,560,0.543,1
143124,5,rpm,854,254,5.0,5.0,533,3661,0,560,0.543,1
143145,5,rpm,131,254,5.0,5.0,533,3661,0,560,0.543,1
143165,5,rpm,252,254,5.0,5.0,533,3661,0,560,0.544,1
143186,5,rpm,809,254,5.0,5.0,533,3661,0,560,0.544,1
143207,5,rpm,186,254,5.0,5.0,533,3661,0,561,0.544,1
143227,5,rpm,868,254,5.0,5.0,533,3661,0,561,0.544,1
143248,5,rpm,215,254,5.0,5.0,533,3661,0,561,0.544,1
143268,5,rpm,322,254,5.0,5.0,533,3661,0,561,0.544,1
143289,5,rpm,971,254,5.0,5.0,533,3661,0,561,0.544,1
143310,5,rpm,117,254,5.0,5.0,533,3661,0,561,0.544,1
143330,5,rpm,372,254,5.0,5.0,533,3661,0,561,0.544,1
143351,5,rpm,863,255,5.0,5.0,533,3661,0,561,0.544,1
143371,5,rpm,183,255,5.0,5.0,533,3661,0,561,0.544,1
143392,5,rpm,579,255,5.0,5.0,533,3661,0,561,0.544,1
143413,5,rpm,493,255,5.0,5.0,533,3661,0,561,0.545,1
143433,5,rpm,276,255,5.0,5.0,533,3661,0,561,0.545,1
143454,5,rpm,986,255,5.0,5.0,533,3661,0,562,0.545,1
143474,5,rpm,88,255,5.0,5.0,533,3661,0,562,0.545,1
143495,5,rpm,328,255,5.0,5.0,533,3661,0,562,0.545,1
143516,5,rpm,912,255,5.0,5.0,533,3661,0,562,0.545,1
143536,5,rpm,137,255,5.0,5.0,533,3661,0,562,0.545,1
143557,5,rpm,340,255,5.0,5.0,533,3661,0,562,0.545,1
143577,5,rpm,834,255,5.0,5.0,533,3661,0,562,0.545,1
143598,5,rpm,175,255,5.0,5.0,533,3661,0,562,0.545,1
143619,5,rpm,684,255,5.0,5.0,533,3661,0,562,0.545,1
143639,5,rpm,379,255,5.0,5.0,533,3661,0,562,0.545,1
143660,5,rpm,309,255,5.0,5.0,533,3661,0,562,0.546,1
143680,5,rpm,1005,255,5.0,5.0,533,3661,0,563,0.546,1
143701,5,rpm,74,255,5.0,5.0,533,3661,0,563,0.546,1
143722,5,rpm,352,255,5.0,5.0,533,3661,0,563,0.546,1
143742,5,rpm,878,255,5.0,5.0,533,3661,0,563,0.546,1
143763,5,rpm,148,255,5.0,5.0,533,3661,0,563,0.546,1
143783,5,rpm,353,256,5.0,5.0,533,3661,0,563,0.546,1
143804,5,rpm,795,256,5.0,5.0,533,3661,0,563,0.546,1
143825,5,rpm,187,256,5.0,5.0,533,3661,0,563,0.546,1
143845,5,rpm,853,256,5.0,5.0,533,3661,0,563,0.546,1
143866,5,rpm,178,256,5.0,5.0,533,3661,0,563,0.546,1
143887,5,rpm,285,256,5.0,5.0,533,3661,0,563,0.546,1
143907,5,rpm,940,256,5.0,5.0,533,3661,0,563,0.547,1
143928,5,rpm,78,256,5.0,5.0,533,3661,0,564,0.547,1
143948,5,rpm,299,256,5.0,5.0,533,3661,0,564,0.547,1
143969,5,rpm,852,256,5.0,5.0,533,3661,0,564,0.547,1
143990,5,rpm,138,256,5.0,5.0,533,3661,0,564,0.547,1
144010,5,rpm,300,256,5.0,5.0,533,3661,0,564,0.547,1
144031,5,rpm,768,256,5.0,5.0,533,3661,0,564,0.547,1
144051,5,rpm,174,256,5.0,5.0,533,3661,0,564,0.547,1
144072,5,rpm,639,256,5.0,5.0,533,3661,0,564,0.547,1
144093,5,rpm,259,256,5.0,5.0,533,3661,0,564,0.547,1
144113,5,rpm,219,256,5.0,5.0,533,3661,0,564,0.547,1
144134,5,rpm,810,256,5.0,5.0,533,3661,0,564,0.548,1
144155,5,rpm,79,257,5.0,5.0,533,3661,0,565,0.548,1
144175,5,rpm,205,257,5.0,5.0,533,3661,0,565,0.548,1
144196,5,rpm,660,257,5.0,5.0,533,3661,0,565,0.548,1
144216,5,rpm,103,257,5.0,5.0,533,3661,0,565,0.548,1
144237,5,rpm,191,257,5.0,5.0,533,3661,0,565,0.548,1
144258,5,rpm,540,257,5.0,5.0,533,3661,0,565,0.548,1
144278,5,rpm,108,257,5.0,5.0,533,3661,0,565,0.548,1
144299,5,rpm,170,257,5.0,5.0,533,3661,0,565,0.548,1
144319,5,rpm,-178,257,5.0,5.0,533,3661,0,565,0.548,1
144340,5,rpm,0,257,5.0,5.0,533,3661,0,565,0.548,1
144361,5,rpm,-750,258,5.0,5.0,533,3661,0,565,0.548,1
144381,5,rpm,-1188,258,5.0,5.0,533,3661,0,566,0.549,1
144402,5,rpm,-414,258,5.0,5.0,533,3661,0,566,0.549,1
144423,5,rpm,-103,258,5.0,5.0,533,3661,0,566,0.549,1
144443,5,rpm,-5,258,5.0,5.0,533,3661,0,566,0.549,1
144464,5,rpm,-29,258,5.0,5.0,533,3661,0,566,0.549,1
144484,5,rpm,-57,258,5.0,5.0,533,3661,0,566,0.549,1
144505,5,rpm,-57,259,5.0,5.0,533,3661,0,566,0.549,1
144526,5,rpm,-76,259,5.0,5.0,533,3661,0,566,0.549,1
144546,5,rpm,-20,259,5.0,5.0,533,3661,0,566,0.549,1
144567,5,rpm,-44,259,5.0,5.0,533,3661,0,566,0.549,1
144588,5,rpm,-66,259,5.0,5.0,533,3661,0,566,0.549,1
144608,5,rpm,-33,259,5.0,5.0,533,3661,0,566,0.549,1
144629,5,rpm,-40,260,5.0,5.0,533,3661,0,567,0.55,1
144649,5,rpm,-15,260,5.0,5.0,533,3661,0,567,0.55,1
144670,5,rpm,-11,260,5.0,5.0,533,3661,0,567,0.55,1
144691,5,rpm,-13,260,5.0,5.0,533,3661,0,567,0.55,1
144711,5,rpm,4,260,5.0,5.0,533,3661,0,567,0.55,1
144732,5,rpm,4,261,5.0,5.0,533,3661,0,567,0.55,1
144752,5,rpm,27,261,5.0,5.0,533,3661,0,567,0.55,1
144773,5,rpm,26,261,5.0,5.0,533,3661,0,567,0.55,1
144794,5,rpm,43,261,5.0,5.0,533,3661,0,567,0.55,1
144814,5,rpm,197,261,5.0,5.0,533,3661,0,567,0.55,1
144835,5,rpm,68,262,5.0,5.0,533,3661,0,567,0.55,1
144855,5,rpm,117,262,5.0,5.0,533,3661,0,568,0.551,1
144876,5,rpm,372,262,5.0,5.0,533,3661,0,568,0.551,1
144897,5,rpm,116,262,5.0,5.0,533,3661,0,568,0.551,1
144917,5,rpm,304,262,5.0,5.0,533,3661,0,568,0.551,1
144938,5,rpm,504,263,5.0,5.0,533,3661,0,568,0.551,1
144958,5,rpm,179,263,5.0,5.0,533,3661,0,568,0.551,1
144979,5,rpm,833,263,5.0,5.0,533,3661,0,568,0.551,1
145000,5,rpm,78,263,5.0,5.0,533,3661,0,568,0.551,1
145020,5,rpm,243,263,5.0,5.0,533,3661,0,568,0.551,1
145041,5,rpm,872,263,5.0,5.0,533,3661,0,568,0.551,1
145062,5,rpm,110,264,5.0,5.0,533,3661,0,568,0.551,1
145082,5,rpm,315,264,5.0,5.0,533,3661,0,569,0.551,1
145103,5,rpm,805,264,5.0,5.0,533,3661,0,569,0.552,1
145123,5,rpm,228,264,5.0,5.0,533,3661,0,569,0.552,1
145144,5,rpm,805,264,5.0,5.0,533,3661,0,569,0.552,1
145164,5,rpm,243,264,5.0,5.0,533,3661,0,569,0.552,1
145185,5,rpm,318,265,5.0,5.0,533,3661,0,569,0.552,1
145206,5,rpm,965,265,5.0,5.0,533,3661,0,569,0.552,1
145226,5,rpm,109,265,5.0,5.0,533,3661,0,569,0.552,1
145247,5,rpm,368,265,5.0,5.0,533,3661,0,569,0.552,1
145268,5,rpm,873,265,5.0,5.0,533,3661,0,569,0.552,1
145288,5,rpm,169,265,5.0,5.0,533,3661,0,569,0.552,1
145309,5,rpm,357,265,5.0,5.0,533,3661,0,570,0.552,1
145329,5,rpm,793,265,5.0,5.0,533,3661,0,570,0.553,1
145350,5,rpm,257,266,5.0,5.0,533,3661,0,570,0.553,1
145371,5,rpm,968,266,5.0,5.0,533,3661,0,570,0.553,1
145391,5,rpm,93,266,5.0,5.0,533,3661,0,570,0.553,1
145412,5,rpm,337,266,5.0,5.0,533,3661,0,570,0.553,1
145433,5,rpm,907,266,5.0,5.0,533,3661,0,570,0.553,1
145453,5,rpm,127,266,5.0,5.0,533,3661,0,570,0.553,1
145474,5,rpm,333,266,5.0,5.0,533,3661,0,570,0.553,1
145494,5,rpm,830,266,5.0,5.0,533,3661,0,570,0.553,1
145515,5,rpm,169,266,5.0,5.0,533,3661,0,570,0.553,1
145536,5,rpm,399,266,5.0,5.0,533,3661,0,571,0.553,1
145556,5,rpm,711,266,5.0,5.0,533,3661,0,571,0.554,1
145577,5,rpm,309,267,5.0,5.0,533,3661,0,571,0.554,1
145597,5,rpm,999,267,5.0,5.0,533,3661,0,571,0.554,1
145618,5,rpm,73,267,5.0,5.0,533,3661,0,571,0.554,1
145639,5,rpm,345,267,5.0,5.0,533,3661,0,571,0.554,1
145659,5,rpm,875,267,5.0,5.0,533,3661,0,571,0.554,1
145680,5,rpm,128,267,5.0,5.0,533,3661,0,571,0.554,1
145700,5,rpm,341,267,5.0,5.0,533,3661,0,571,0.554,1
145721,5,rpm,805,267,5.0,5.0,533,3661,0,571,0.554,1
145742,5,rpm,178,267,5.0,5.0,533,3661,0,571,0.554,1
145762,5,rpm,490,267,5.0,5.0,533,3661,0,572,0.554,1
145783,5,rpm,521,267,5.0,5.0,533,3661,0,572,0.555,1
145803,5,rpm,275,267,5.0,5.0,533,3661,0,572,0.555,1
145824,5,rpm,949,267,5.0,5.0,533,3661,0,572,0.555,1
145844,5,rpm,80,267,5.0,5.0,533,3661,0,572,0.555,1
145865,5,rpm,283,267,5.0,5.0,533,3661,0,572,0.555,1
145886,5,rpm,840,267,5.0,5.0,533,3661,0,572,0.555,1
145906,5,rpm,129,267,5.0,5.0,533,3661,0,572,0.555,1
145927,5,rpm,272,267,5.0,5.0,533,3661,0,572,0.555,1
145948,5,rpm,773,268,5.0,5.0,533,3661,0,572,0.555,1
145968,5,rpm,160,268,5.0,5.0,533,3661,0,572,0.555,1
145989,5,rpm,542,268,5.0,5.0,533,3661,0,573,0.555,1
146010,5,rpm,335,268,5.0,5.0,533,3661,0,573,0.555,1
146030,5,rpm,208,268,5.0,5.0,533,3661,0,573,0.556,1
146051,5,rpm,813,268,5.0,5.0,533,3661,0,573,0.556,1
146071,5,rpm,70,268,5.0,5.0,533,3661,0,573,0.556,1
146092,5,rpm,183,268,5.0,5.0,533,3661,0,573,0.556,1
146113,5,rpm,650,268,5.0,5.0,533,3661,0,573,0.556,1
146133,5,rpm,98,268,5.0,5.0,533,3661,0,573,0.556,1
146154,5,rpm,171,268,5.0,5.0,533,3661,0,573,0.556,1
146175,5,rpm,-352,268,5.0,5.0,533,3661,0,573,0.556,1
146195,5,rpm,-24,268,5.0,5.0,533,3661,0,573,0.556,1
146216,5,rpm,-10,268,5.0,5.0,533,3661,0,574,0.556,1
146236,5,rpm,-1137,268,5.0,5.0,533,3661,0,574,0.556,1
146257,5,rpm,-919,269,5.0,5.0,533,3661,0,574,0.557,1
146278,5,rpm,-230,269,5.0,5.0,533,3661,0,574,0.557,1
146298,5,rpm,-34,269,5.0,5.0,533,3661,0,574,0.557,1
146319,5,rpm,-16,269,5.0,5.0,533,3661,0,574,0.557,1
146340,5,rpm,-35,269,5.0,5.0,533,3661,0,574,0.557,1
146360,5,rpm,-46,269,5.0,5.0,533,3661,0,574,0.557,1
146381,5,rpm,-75,269,5.0,5.0,533,3661,0,574,0.557,1
146401,5,rpm,-51,269,5.0,5.0,533,3661,0,574,0.557,1
146422,5,rpm,-40,269,5.0,5.0,533,3661,0,575,0.557,1
146443,5,rpm,-64,269,5.0,5.0,533,3661,0,575,0.557,1
146463,5,rpm,-25,270,5.0,5.0,533,3661,0,575,0.557,1
146484,5,rpm,-37,270,5.0,5.0,533,3661,0,575,0.558,1
146505,5,rpm,-33,270,5.0,5.0,533,3661,0,575,0.558,1
146525,5,rpm,-15,270,5.0,5.0,533,3661,0,575,0.558,1
146546,5,rpm,-17,270,5.0,5.0,533,3661,0,575,0.558,1
146566,5,rpm,-3,270,5.0,5.0,533,3661,0,575,0.558,1
146587,5,rpm,-2,270,5.0,5.0,533,3661,0,575,0.558,1
146607,5,rpm,4,270,5.0,5.0,533,3661,0,575,0.558,1
146628,5,rpm,37,270,5.0,5.0,533,3661,0,575,0.558,1
146649,5,rpm,31,271,5.0,5.0,533,3661,0,576,0.558,1
146669,5,rpm,114,271,5.0,5.0,533,3661,0,576,0.558,1
146690,5,rpm,73,271,5.0,5.0,533,3661,0,576,0.558,1
146711,5,rpm,102,271,5.0,5.0,533,3661,0,576,0.559,1
146731,5,rpm,323,271,5.0,5.0,533,3661,0,576,0.559,1
146752,5,rpm,80,271,5.0,5.0,533,3661,0,576,0.559,1
146772,5,rpm,152,271,5.0,5.0,533,3661,0,576,0.559,1
146793,5,rpm,512,271,5.0,5.0,533,3661,0,576,0.559,1
146813,5,rpm,122,271,5.0,5.0,533,3661,0,576,0.559,1
146834,5,rpm,377,272,5.0,5.0,533,3661,0,576,0.559,1
146855,5,rpm,555,272,5.0,5.0,533,3661,0,576,0.559,1
146875,5,rpm,207,272,5.0,5.0,533,3661,0,577,0.559,1
146896,5,rpm,953,272,5.0,5.0,533,3661,0,577,0.559,1
146917,5,rpm,88,272,5.0,5.0,533,3661,0,577,0.559,1
146937,5,rpm,290,272,5.0,5.0,533,3661,0,577,0.56,1
146958,5,rpm,899,272,5.0,5.0,533,3661,0,577,0.56,1
146978,5,rpm,135,272,5.0,5.0,533,3661,0,577,0.56,1
146999,5,rpm,343,272,5.0,5.0,533,3661,0,577,0.56,1
147020,5,rpm,855,272,5.0,5.0,533,3661,0,577,0.56,1
147040,5,rpm,206,272,5.0,5.0,533,3661,0,577,0.56,1
147061,5,rpm,711,272,5.0,5.0,533,3661,0,577,0.56,1
147081,5,rpm,354,272,5.0,5.0,533,3661,0,577,0.56,1
147102,5,rpm,324,272,5.0,5.0,533,3661,0,578,0.56,1
147122,5,rpm,1003,272,5.0,5.0,533,3661,0,578,0.56,1
147143,5,rpm,115,272,5.0,5.0,533,3661,0,578,0.56,1
147164,5,rpm,381,272,5.0,5.0,533,3661,0,578,0.561,1
147184,5,rpm,888,272,5.0,5.0,533,3661,0,578,0.561,1
147205,5,rpm,167,273,5.0,5.0,533,3661,0,578,0.561,1
147225,5,rpm,375,273,5.0,5.0,533,3661,0,578,0.561,1
147246,5,rpm,733,273,5.0,5.0,533,3661,0,578,0.561,1
147267,5,rpm,236,273,5.0,5.0,533,3661,0,578,0.561,1
147287,5,rpm,889,273,5.0,5.0,533,3661,0,578,0.561,1
147308,5,rpm,143,272,5.0,5.0,533,3661,0,579,0.561,1
147329,5,rpm,341,272,5.0,5.0,533,3661,0,579,0.561,1
147349,5,rpm,959,272,5.0,5.0,533,3661,0,579,0.561,1
147370,5,rpm,122,272,5.0,5.0,533,3661,0,579,0.561,1
147390,5,rpm,347,272,5.0,5.0,533,3661,0,579,0.562,1
147411,5,rpm,843,272,5.0,5.0,533,3661,0,579,0.562,1
147432,5,rpm,173,272,5.0,5.0,533,3661,0,579,0.562,1
147452,5,rpm,360,272,5.0,5.0,533,3661,0,579,0.562,1
147473,5,rpm,776,272,5.0,5.0,533,3661,0,579,0.562,1
147493,5,rpm,264,272,5.0,5.0,533,3661,0,579,0.562,1
147514,5,rpm,1057,272,5.0,5.0,533,3661,0,579,0.562,1
147535,5,rpm,75,272,5.0,5.0,533,3661,0,580,0.562,1
147555,5,rpm,331,272,5.0,5.0,533,3661,0,580,0.562,1
147576,5,rpm,910,272,5.0,5.0,533,3661,0,580,0.562,1
147596,5,rpm,144,272,5.0,5.0,533,3661,0,580,0.562,1
147617,5,rpm,351,272,5.0,5.0,533,3661,0,580,0.563,1
147638,5,rpm,809,272,5.0,5.0,533,3661,0,580,0.563,1
147658,5,rpm,180,272,5.0,5.0,533,3661,0,580,0.563,1
147679,5,rpm,408,272,5.0,5.0,533,3661,0,580,0.563,1
147699,5,rpm,622,272,5.0,5.0,533,3661,0,580,0.563,1
147720,5,rpm,261,272,5.0,5.0,533,3661,0,580,0.563,1
147741,5,rpm,962,272,5.0,5.0,533,3661,0,580,0.563,1
147761,5,rpm,79,272,5.0,5.0,533,3661,0,581,0.563,1
147782,5,rpm,276,271,5.0,5.0,533,3661,0,581,0.563,1
147802,5,rpm,843,271,5.0,5.0,533,3661,0,581,0.563,1
147823,5,rpm,125,271,5.0,5.0,533,3661,0,581,0.563,1
147844,5,rpm,264,271,5.0,5.0,533,3661,0,581,0.564,1
147864,5,rpm,758,271,5.0,5.0,533,3661,0,581,0.564,1
147885,5,rpm,137,271,5.0,5.0,533,3661,0,581,0.564,1
147906,5,rpm,718,271,5.0,5.0,533,3661,0,581,0.564,1
147926,5,rpm,216,271,5.0,5.0,533,3661,0,581,0.564,1
147947,5,rpm,176,271,5.0,5.0,533,3661,0,581,0.564,1
147967,5,rpm,789,271,5.0,5.0,533,3661,0,582,0.564,1
147988,5,rpm,67,271,5.0,5.0,533,3661,0,582,0.564,1
148008,5,rpm,169,271,5.0,5.0,533,3661,0,582,0.564,1
148029,5,rpm,598,271,5.0,5.0,533,3661,0,582,0.564,1
148050,5,rpm,80,271,5.0,5.0,533,3661,0,582,0.564,1
148070,5,rpm,118,271,5.0,5.0,533,3661,0,582,0.565,1
148091,5,rpm,-440,271,5.0,5.0,533,3661,0,582,0.565,1
148111,5,rpm,-375,271,5.0,5.0,533,3661,0,582,0.565,1
148132,5,rpm,-1754,271,5.0,5.0,533,3661,0,582,0.565,1
148153,5,rpm,-301,271,5.0,5.0,533,3661,0,582,0.565,1
148173,5,rpm,-116,271,5.0,5.0,533,3661,0,582,0.565,1
148194,5,rpm,-44,271,5.0,5.0,533,3661,0,583,0.565,1
148214,5,rpm,-20,271,5.0,5.0,533,3661,0,583,0.565,1
148235,5,rpm,-72,271,5.0,5.0,533,3661,0,583,0.565,1
148256,5,rpm,-103,271,5.0,5.0,533,3661,0,583,0.565,1
148276,5,rpm,-38,271,5.0,5.0,533,3661,0,583,0.565,1
148297,5,rpm,-56,271,5.0,5.0,533,3661,0,583,0.566,1
148317,5,rpm,-48,271,5.0,5.0,533,3661,0,583,0.566,1
148338,5,rpm,-37,271,5.0,5.0,533,3661,0,583,0.566,1
148358,5,rpm,-49,271,5.0,5.0,533,3661,0,583,0.566,1
148379,5,rpm,-12,271,5.0,5.0,533,3661,0,583,0.566,1
148400,5,rpm,-18,271,5.0,5.0,533,3661,0,583,0.566,1
148420,5,rpm,-13,271,5.0,5.0,533,3661,0,584,0.566,1
148441,5,rpm,-7,271,5.0,5.0,533,3661,0,584,0.566,1
148462,5,rpm,-3,271,5.0,5.0,533,3661,0,584,0.566,1
148482,5,rpm,15,271,5.0,5.0,533,3661,0,584,0.566,1
148503,5,rpm,14,271,5.0,5.0,533,3661,0,584,0.566,1
148523,5,rpm,34,271,5.0,5.0,533,3661,0,584,0.566,1
148544,5,rpm,125,271,5.0,5.0,533,3661,0,584,0.567,1
148564,5,rpm,77,271,5.0,5.0,533,3661,0,584,0.567,1
148585,5,rpm,233,271,5.0,5.0,533,3661,0,584,0.567,1
148606,5,rpm,134,271,5.0,5.0,533,3661,0,584,0.567,1
148626,5,rpm,131,272,5.0,5.0,533,3661,0,584,0.567,1
148647,5,rpm,567,272,5.0,5.0,533,3661,0,585,0.567,1
148668,5,rpm,94,272,5.0,5.0,533,3661,0,585,0.567,1
148688,5,rpm,209,272,5.0,5.0,533,3661,0,585,0.567,1
148709,5,rpm,757,272,5.0,5.0,533,3661,0,585,0.567,1
148729,5,rpm,132,272,5.0,5.0,533,3661,0,585,0.567,1
148750,5,rpm,296,272,5.0,5.0,533,3661,0,585,0.567,1
148771,5,rpm,772,272,5.0,5.0,533,3661,0,585,0.568,1
148791,5,rpm,214,272,5.0,5.0,533,3661,0,585,0.568,1
148812,5,rpm,959,272,5.0,5.0,533,3661,0,585,0.568,1
148832,5,rpm,79,272,5.0,5.0,533,3661,0,585,0.568,1
148853,5,rpm,298,272,5.0,5.0,533,3661,0,586,0.568,1
148874,5,rpm,948,272,5.0,5.0,533,3661,0,586,0.568,1
148894,5,rpm,140,272,5.0,5.0,533,3661,0,586,0.568,1
148915,5,rpm,339,272,5.0,5.0,533,3661,0,586,0.568,1
148936,5,rpm,826,272,5.0,5.0,533,3661,0,586,0.568,1
148956,5,rpm,207,272,5.0,5.0,533,3661,0,586,0.568,1
148977,5,rpm,636,272,5.0,5.0,533,3661,0,586,0.568,1
148998,5,rpm,480,272,5.0,5.0,533,3661,0,586,0.569,1
149018,5,rpm,319,272,5.0,5.0,533,3661,0,586,0.569,1
149039,5,rpm,999,272,5.0,5.0,533,3661,0,586,0.569,1
149059,5,rpm,91,272,5.0,5.0,533,3661,0,586,0.569,1
149080,5,rpm,353,272,5.0,5.0,533,3661,0,587,0.569,1
149101,5,rpm,893,272,5.0,5.0,533,3661,0,587,0.569,1
149121,5,rpm,133,272,5.0,5.0,533,3661,0,587,0.569,1
149142,5,rpm,368,272,5.0,5.0,533,3661,0,587,0.569,1
149163,5,rpm,805,272,5.0,5.0,533,3661,0,587,0.569,1
149183,5,rpm,238,272,5.0,5.0,533,3661,0,587,0.569,1
149204,5,rpm,765,272,5.0,5.0,533,3661,0,587,0.569,1
149224,5,rpm,271,272,5.0,5.0,533,3661,0,587,0.57,1
149245,5,rpm,342,272,5.0,5.0,533,3661,0,587,0.57,1
149265,5,rpm,969,272,5.0,5.0,533,3661,0,587,0.57,1
149286,5,rpm,109,272,5.0,5.0,533,3661,0,587,0.57,1
149307,5,rpm,357,271,5.0,5.0,533,3661,0,588,0.57,1
149327,5,rpm,860,271,5.0,5.0,533,3661,0,588,0.57,1
149348,5,rpm,168,271,5.0,5.0,533,3661,0,588,0.57,1
149368,5,rpm,353,271,5.0,5.0,533,3661,0,588,0.57,1
149389,5,rpm,802,271,5.0,5.0,533,3661,0,588,0.57,1
149410,5,rpm,248,271,5.0,5.0,533,3661,0,588,0.57,1
149430,5,rpm,889,271,5.0,5.0,533,3661,0,588,0.57,1
149451,5,rpm,154,271,5.0,5.0,533,3661,0,588,0.571,1
149471,5,rpm,327,271,5.0,5.0,533,3661,0,588,0.571,1
149492,5,rpm,899,271,5.0,5.0,533,3661,0,588,0.571,1
149513,5,rpm,117,271,5.0,5.0,533,3661,0,588,0.571,1
149533,5,rpm,320,271,5.0,5.0,533,3661,0,589,0.571,1
149554,5,rpm,833,271,5.0,5.0,533,3661,0,589,0.571,1
149574,5,rpm,149,271,5.0,5.0,533,3661,0,589,0.571,1
149595,5,rpm,300,271,5.0,5.0,533,3661,0,589,0.571,1
149615,5,rpm,762,271,5.0,5.0,533,3661,0,589,0.571,1
149636,5,rpm,236,271,5.0,5.0,533,3661,0,589,0.571,1
149657,5,rpm,911,271,5.0,5.0,533,3661,0,589,0.571,1
149677,5,rpm,79,271,5.0,5.0,533,3661,0,589,0.572,1
149698,5,rpm,244,271,5.0,5.0,533,3661,0,589,0.572,1
149718,5,rpm,830,270,5.0,5.0,533,3661,0,589,0.572,1
149739,5,rpm,89,270,5.0,5.0,533,3661,0,590,0.572,1
149760,5,rpm,229,270,5.0,5.0,533,3661,0,590,0.572,1
149780,5,rpm,743,270,5.0,5.0,533,3661,0,590,0.572,1
149801,5,rpm,120,270,5.0,5.0,533,3661,0,590,0.572,1
149822,5,rpm,478,270,5.0,5.0,533,3661,0,590,0.572,1
149842,5,rpm,329,270,5.0,5.0,533,3661,0,590,0.572,1
149863,5,rpm,159,270,5.0,5.0,533,3661,0,590,0.572,1
149883,5,rpm,663,270,5.0,5.0,533,3661,0,590,0.572,1
149904,5,rpm,75,270,5.0,5.0,533,3661,0,590,0.573,1
149925,5,rpm,152,270,5.0,5.0,533,3661,0,590,0.573,1
149945,5,rpm,483,270,5.0,5.0,533,3661,0,590,0.573,1
149966,5,rpm,68,270,5.0,5.0,533,3661,0,591,0.573,1
149986,5,rpm,93,270,5.0,5.0,533,3661,0,591,0.573,1
150007,5,rpm,-962,270,5.0,5.0,533,3661,0,591,0.573,1
150028,5,rpm,-1019,270,5.0,5.0,533,3661,0,591,0.573,1
150048,5,rpm,-286,270,5.0,5.0,533,3661,0,591,0.573,1
150069,5,rpm,-74,270,5.0,5.0,533,3661,0,591,0.573,1
150090,5,rpm,-12,270,5.0,5.0,533,3661,0,591,0.573,1
150110,5,rpm,-113,270,5.0,5.0,533,3661,0,591,0.573,1
150131,5,rpm,-59,271,5.0,5.0,533,3661,0,591,0.574,1
150151,5,rpm,-67,271,5.0,5.0,533,3661,0,591,0.574,1
150172,5,rpm,-88,271,5.0,5.0,533,3661,0,591,0.574,1
150193,5,rpm,-37,271,5.0,5.0,533,3661,0,592,0.574,1
150213,5,rpm,-57,271,5.0,5.0,533,3661,0,592,0.574,1
150234,5,rpm,-57,271,5.0,5.0,533,3661,0,592,0.574,1
150254,5,rpm,-29,271,5.0,5.0,533,3661,0,592,0.574,1
150275,5,rpm,-33,271,5.0,5.0,533,3661,0,592,0.574,1
150296,5,rpm,-7,271,5.0,5.0,533,3661,0,592,0.574,1
150316,5,rpm,-9,271,5.0,5.0,533,3661,0,592,0.574,1
150337,5,rpm,1,271,5.0,5.0,533,3661,0,592,0.574,1
150357,5,rpm,5,271,5.0,5.0,533,3661,0,592,0.575,1
150378,5,rpm,13,271,5.0,5.0,533,3661,0,592,0.575,1
150399,5,rpm,57,271,5.0,5.0,533,3661,0,592,0.575,1
150419,5,rpm,36,272,5.0,5.0,533,3661,0,593,0.575,1
150440,5,rpm,69,272,5.0,5.0,533,3661,0,593,0.575,1
150461,5,rpm,230,272,5.0,5.0,533,3661,0,593,0.575,1
150481,5,rpm,95,272,5.0,5.0,533,3661,0,593,0.575,1
150502,5,rpm,409,272,5.0,5.0,533,3661,0,593,0.575,1
150522,5,rpm,104,272,5.0,5.0,533,3661,0,593,0.575,1
150543,5,rpm,166,272,5.0,5.0,533,3661,0,593,0.575,1
150564,5,rpm,731,272,5.0,5.0,533,3661,0,593,0.575,1
150584,5,rpm,94,272,5.0,5.0,533,3661,0,593,0.576,1
150605,5,rpm,218,272,5.0,5.0,533,3661,0,593,0.576,1
150625,5,rpm,767,272,5.0,5.0,533,3661,0,594,0.576,1
150646,5,rpm,141,273,5.0,5.0,533,3661,0,594,0.576,1
150667,5,rpm,422,273,5.0,5.0,533,3661,0,594,0.576,1
150687,5,rpm,546,273,5.0,5.0,533,3661,0,594,0.576,1
150708,5,rpm,210,273,5.0,5.0,533,3661,0,594,0.576,1
150728,5,rpm,909,273,5.0,5.0,533,3661,0,594,0.576,1
150749,5,rpm,113,273,5.0,5.0,533,3661,0,594,0.576,1
150769,5,rpm,346,273,5.0,5.0,533,3661,0,594,0.576,1
150790,5,rpm,920,273,5.0,5.0,533,3661,0,594,0.576,1
150811,5,rpm,132,273,5.0,5.0,533,3661,0,594,0.577,1
150831,5,rpm,349,273,5.0,5.0,533,3661,0,594,0.577,1
150852,5,rpm,821,273,5.0,5.0,533,3661,0,595,0.577,1
150872,5,rpm,194,273,5.0,5.0,533,3661,0,595,0.577,1
150893,5,rpm,469,273,5.0,5.0,533,3661,0,595,0.577,1
150914,5,rpm,676,274,5.0,5.0,533,3661,0,595,0.577,1
150934,5,rpm,292,274,5.0,5.0,533,3661,0,595,0.577,1
150955,5,rpm,988,274,5.0,5.0,533,3661,0,595,0.577,1
150975,5,rpm,84,274,5.0,5.0,533,3661,0,595,0.577,1
150996,5,rpm,352,274,5.0,5.0,533,3661,0,595,0.577,1
151017,5,rpm,863,274,5.0,5.0,533,3661,0,595,0.577,1
151037,5,rpm,141,274,5.0,5.0,533,3661,0,595,0.578,1
151058,5,rpm,350,274,5.0,5.0,533,3661,0,595,0.578,1
151079,5,rpm,802,274,5.0,5.0,533,3661,0,596,0.578,1
151099,5,rpm,211,274,5.0,5.0,533,3661,0,596,0.578,1
151120,5,rpm,587,274,5.0,5.0,533,3661,0,596,0.578,1
151140,5,rpm,449,274,5.0,5.0,533,3661,0,596,0.578,1
151161,5,rpm,334,274,5.0,5.0,533,3661,0,596,0.578,1
151181,5,rpm,931,274,5.0,5.0,533,3661,0,596,0.578,1
151202,5,rpm,96,274,5.0,5.0,533,3661,0,596,0.578,1
151223,5,rpm,354,274,5.0,5.0,533,3661,0,596,0.578,1
151243,5,rpm,855,274,5.0,5.0,533,3661,0,596,0.578,1
151264,5,rpm,151,274,5.0,5.0,533,3661,0,596,0.579,1
151285,5,rpm,345,274,5.0,5.0,533,3661,0,597,0.579,1
151305,5,rpm,754,274,5.0,5.0,533,3661,0,597,0.579,1
151326,5,rpm,215,274,5.0,5.0,533,3661,0,597,0.579,1
151346,5,rpm,727,274,5.0,5.0,533,3661,0,597,0.579,1
151367,5,rpm,261,274,5.0,5.0,533,3661,0,597,0.579,1
151388,5,rpm,302,274,5.0,5.0,533,3661,0,597,0.579,1
151408,5,rpm,881,274,5.0,5.0,533,3661,0,597,0.579,1
151429,5,rpm,103,274,5.0,5.0,533,3661,0,597,0.579,1
151449,5,rpm,299,274,5.0,5.0,533,3661,0,597,0.579,1
151470,5,rpm,787,274,5.0,5.0,533,3661,0,597,0.579,1
151490,5,rpm,143,274,5.0,5.0,533,3661,0,597,0.58,1
151511,5,rpm,312,274,5.0,5.0,533,3661,0,598,0.58,1
151532,5,rpm,644,274,5.0,5.0,533,3661,0,598,0.58,1
151552,5,rpm,203,274,5.0,5.0,533,3661,0,598,0.58,1
151573,5,rpm,780,274,5.0,5.0,533,3661,0,598,0.58,1
151593,5,rpm,165,274,5.0,5.0,533,3661,0,598,0.58,1
151614,5,rpm,225,274,5.0,5.0,533,3661,0,598,0.58,1
151635,5,rpm,770,274,5.0,5.0,533,3661,0,598,0.58,1
151655,5,rpm,91,274,5.0,5.0,533,3661,0,598,0.58,1
151676,5,rpm,214,274,5.0,5.0,533,3661,0,598,0.58,1
151696,5,rpm,698,274,5.0,5.0,533,3661,0,598,0.58,1
151717,5,rpm,106,274,5.0,5.0,533,3661,0,598,0.581,1
151738,5,rpm,193,274,5.0,5.0,533,3661,0,599,0.581,1
151758,5,rpm,601,274,5.0,5.0,533,3661,0,599,0.581,1
151779,5,rpm,138,275,5.0,5.0,533,3661,0,599,0.581,1
151799,5,rpm,622,275,5.0,5.0,533,3661,0,599,0.581,1
151820,5,rpm,65,275,5.0,5.0,533,3661,0,599,0.581,1
151840,5,rpm,124,275,5.0,5.0,533,3661,0,599,0.581,1
151861,5,rpm,329,275,5.0,5.0,533,3661,0,599,0.581,1
151882,5,rpm,-864,275,5.0,5.0,533,3661,0,599,0.581,1
151902,5,rpm,-953,275,5.0,5.0,533,3661,0,599,0.581,1
151923,5,rpm,-1117,275,5.0,5.0,533,3661,0,599,0.581,1
151944,5,rpm,-101,275,5.0,5.0,533,3661,0,600,0.582,1
151964,5,rpm,-60,275,5.0,5.0,533,3661,0,600,0.582,1
151985,5,rpm,-53,275,5.0,5.0,533,3661,0,600,0.582,1
152006,5,rpm,-49,275,5.0,5.0,533,3661,0,600,0.582,1
152026,5,rpm,-135,275,5.0,5.0,533,3661,0,600,0.582,1
152047,5,rpm,-52,275,5.0,5.0,533,3661,0,600,0.582,1
152067,5,rpm,-55,275,5.0,5.0,533,3661,0,600,0.582,1
152088,5,rpm,-65,276,5.0,5.0,533,3661,0,600,0.582,1
152109,5,rpm,-31,276,5.0,5.0,533,3661,0,600,0.582,1
152129,5,rpm,-45,276,5.0,5.0,533,3661,0,600,0.582,1
152150,5,rpm,-22,276,5.0,5.0,533,3661,0,600,0.582,1
152170,5,rpm,-15,276,5.0,5.0,533,3661,0,601,0.583,1
152191,5,rpm,-18,276,5.0,5.0,533,3661,0,601,0.583,1
152212,5,rpm,-8,276,5.0,5.0,533,3661,0,601,0.583,1
152232,5,rpm,-4,276,5.0,5.0,533,3661,0,601,0.583,1
152253,5,rpm,13,276,5.0,5.0,533,3661,0,601,0.583,1
152273,5,rpm,15,277,5.0,5.0,533,3661,0,601,0.583,1
152294,5,rpm,29,277,5.0,5.0,533,3661,0,601,0.583,1
152315,5,rpm,166,277,5.0,5.0,533,3661,0,601,0.583,1
152335,5,rpm,63,277,5.0,5.0,533,3661,0,601,0.583,1
152356,5,rpm,105,277,5.0,5.0,533,3661,0,601,0.583,1
152377,5,rpm,316,277,5.0,5.0,533,3661,0,602,0.583,1
152397,5,rpm,98,277,5.0,5.0,533,3661,0,602,0.584,1
152418,5,rpm,511,277,5.0,5.0,533,3661,0,602,0.584,1
152438,5,rpm,156,277,5.0,5.0,533,3661,0,602,0.584,1
152459,5,rpm,174,277,5.0,5.0,533,3661,0,602,0.584,1
152479,5,rpm,840,277,5.0,5.0,533,3661,0,602,0.584,1
152500,5,rpm,81,278,5.0,5.0,533,3661,0,602,0.584,1
152521,5,rpm,230,278,5.0,5.0,533,3661,0,602,0.584,1
152541,5,rpm,794,278,5.0,5.0,533,3661,0,602,0.584,1
152562,5,rpm,123,278,5.0,5.0,533,3661,0,602,0.584,1
152583,5,rpm,305,278,5.0,5.0,533,3661,0,602,0.584,1
152603,5,rpm,736,278,5.0,5.0,533,3661,0,603,0.584,1
152624,5,rpm,199,278,5.0,5.0,533,3661,0,603,0.585,1
152644,5,rpm,859,278,5.0,5.0,533,3661,0,603,0.585,1
152665,5,rpm,146,278,5.0,5.0,533,3661,0,603,0.585,1
152686,5,rpm,332,278,5.0,5.0,533,3661,0,603,0.585,1
152706,5,rpm,887,278,5.0,5.0,533,3661,0,603,0.585,1
152727,5,rpm,100,278,5.0,5.0,533,3661,0,603,0.585,1
152747,5,rpm,386,278,5.0,5.0,533,3661,0,603,0.585,1
152768,5,rpm,778,278,5.0,5.0,533,3661,0,603,0.585,1
152789,5,rpm,182,278,5.0,5.0,533,3661,0,603,0.585,1
152809,5,rpm,378,278,5.0,5.0,533,3661,0,604,0.585,1
152830,5,rpm,709,278,5.0,5.0,533,3661,0,604,0.586,1
152851,5,rpm,267,278,5.0,5.0,533,3661,0,604,0.586,1
152871,5,rpm,949,278,5.0,5.0,533,3661,0,604,0.586,1
152892,5,rpm,75,278,5.0,5.0,533,3661,0,604,0.586,1
152912,5,rpm,325,278,5.0,5.0,533,3661,0,604,0.586,1
152933,5,rpm,833,278,5.0,5.0,533,3661,0,604,0.586,1
152954,5,rpm,129,278,5.0,5.0,533,3661,0,604,0.586,1
152974,5,rpm,376,278,5.0,5.0,533,3661,0,604,0.586,1
152995,5,rpm,734,278,5.0,5.0,533,3661,0,604,0.586,1
153015,5,rpm,199,278,5.0,5.0,533,3661,0,604,0.586,1
153036,5,rpm,473,278,5.0,5.0,533,3661,0,605,0.586,1
153057,5,rpm,510,278,5.0,5.0,533,3661,0,605,0.587,1
153077,5,rpm,306,278,5.0,5.0,533,3661,0,605,0.587,1
153098,5,rpm,900,278,5.0,5.0,533,3661,0,605,0.587,1
153119,5,rpm,78,278,5.0,5.0,533,3661,0,605,0.587,1
153139,5,rpm,353,278,5.0,5.0,533,3661,0,605,0.587,1
153160,5,rpm,796,278,5.0,5.0,533,3661,0,605,0.587,1
153180,5,rpm,117,278,5.0,5.0,533,3661,0,605,0.587,1
153201,5,rpm,361,278,5.0,5.0,533,3661,0,605,0.587,1
153221,5,rpm,708,278,5.0,5.0,533,3661,0,605,0.587,1
153242,5,rpm,198,278,5.0,5.0,533,3661,0,606,0.587,1
153263,5,rpm,874,278,5.0,5.0,533,3661,0,606,0.587,1
153283,5,rpm,112,278,5.0,5.0,533,3661,0,606,0.588,1
153304,5,rpm,273,278,5.0,5.0,533,3661,0,606,0.588,1
153325,5,rpm,807,277,5.0,5.0,533,3661,0,606,0.588,1
153345,5,rpm,85,277,5.0,5.0,533,3661,0,606,0.588,1
153366,5,rpm,279,277,5.0,5.0,533,3661,0,606,0.588,1
153386,5,rpm,754,277,5.0,5.0,533,3661,0,606,0.588,1
153407,5,rpm,129,277,5.0,5.0,533,3661,0,606,0.588,1
153428,5,rpm,279,277,5.0,5.0,533,3661,0,606,0.588,1
153448,5,rpm,684,277,5.0,5.0,533,3661,0,606,0.588,1
153469,5,rpm,177,277,5.0,5.0,533,3661,0,607,0.588,1
153489,5,rpm,823,277,5.0,5.0,533,3661,0,607,0.588,1
153510,5,rpm,73,277,5.0,5.0,533,3661,0,607,0.589,1
153531,5,rpm,192,277,5.0,5.0,533,3661,0,607,0.589,1
153551,5,rpm,748,277,5.0,5.0,533,3661,0,607,0.589,1
153572,5,rpm,84,277,5.0,5.0,533,3661,0,607,0.589,1
153593,5,rpm,197,276,5.0,5.0,533,3661,0,607,0.589,1
153613,5,rpm,660,276,5.0,5.0,533,3661,0,607,0.589,1
153634,5,rpm,97,276,5.0,5.0,533,3661,0,607,0.589,1
153654,5,rpm,189,276,5.0,5.0,533,3661,0,607,0.589,1
153675,5,rpm,576,276,5.0,5.0,533,3661,0,608,0.589,1
153696,5,rpm,141,276,5.0,5.0,533,3661,0,608,0.589,1
153716,5,rpm,473,276,5.0,5.0,533,3661,0,608,0.589,1
153737,5,rpm,120,276,5.0,5.0,533,3661,0,608,0.59,1
153757,5,rpm,121,276,5.0,5.0,533,3661,0,608,0.59,1
153778,5,rpm,-582,276,5.0,5.0,533,3661,0,608,0.59,1
153799,5,rpm,-666,276,5.0,5.0,533,3661,0,608,0.59,1
153819,5,rpm,-467,276,5.0,5.0,533,3661,0,608,0.59,1
153840,5,rpm,-112,276,5.0,5.0,533,3661,0,608,0.59,1
153860,5,rpm,-12,276,5.0,5.0,533,3661,0,608,0.59,1
153881,5,rpm,-49,276,5.0,5.0,533,3661,0,608,0.59,1
153902,5,rpm,-53,276,5.0,5.0,533,3661,0,609,0.59,1
153922,5,rpm,-58,276,5.0,5.0,533,3661,0,609,0.59,1
153943,5,rpm,-88,276,5.0,5.0,533,3661,0,609,0.591,1
153964,5,rpm,-29,276,5.0,5.0,533,3661,0,609,0.591,1
153984,5,rpm,-53,276,5.0,5.0,533,3661,0,609,0.591,1
154005,5,rpm,-69,275,5.0,5.0,533,3661,0,609,0.591,1
154026,5,rpm,-30,275,5.0,5.0,533,3661,0,609,0.591,1
154046,5,rpm,-39,275,5.0,5.0,533,3661,0,609,0.591,1
154067,5,rpm,-33,275,5.0,5.0,533,3661,0,609,0.591,1
154087,5,rpm,-21,275,5.0,5.0,533,3661,0,609,0.591,1
154108,5,rpm,-17,275,5.0,5.0,533,3661,0,610,0.591,1
154129,5,rpm,3,275,5.0,5.0,533,3661,0,610,0.591,1
154149,5,rpm,5,275,5.0,5.0,533,3661,0,610,0.591,1
154170,5,rpm,51,275,5.0,5.0,533,3661,0,610,0.592,1
154190,5,rpm,39,275,5.0,5.0,533,3661,0,610,0.592,1
154211,5,rpm,59,275,5.0,5.0,533,3661,0,610,0.592,1
154232,5,rpm,217,275,5.0,5.0,533,3661,0,610,0.592,1
154252,5,rpm,69,275,5.0,5.0,533,3661,0,610,0.592,1
154273,5,rpm,117,275,5.0,5.0,533,3661,0,610,0.592,1
154294,5,rpm,413,275,5.0,5.0,533,3661,0,610,0.592,1
154314,5,rpm,118,275,5.0,5.0,533,3661,0,610,0.592,1
154335,5,rpm,401,275,5.0,5.0,533,3661,0,611,0.592,1
154355,5,rpm,381,275,5.0,5.0,533,3661,0,611,0.592,1
154376,5,rpm,199,275,5.0,5.0,533,3661,0,611,0.592,1
154397,5,rpm,897,275,5.0,5.0,533,3661,0,611,0.593,1
154417,5,rpm,82,275,5.0,5.0,533,3661,0,611,0.593,1
154438,5,rpm,256,275,5.0,5.0,533,3661,0,611,0.593,1
154458,5,rpm,786,275,5.0,5.0,533,3661,0,611,0.593,1
154479,5,rpm,131,275,5.0,5.0,533,3661,0,611,0.593,1
154500,5,rpm,304,275,5.0,5.0,533,3661,0,611,0.593,1
154520,5,rpm,759,275,5.0,5.0,533,3661,0,611,0.593,1
154541,5,rpm,218,275,5.0,5.0,533,3661,0,612,0.593,1
154561,5,rpm,818,275,5.0,5.0,533,3661,0,612,0.593,1
154582,5,rpm,162,275,5.0,5.0,533,3661,0,612,0.593,1
154603,5,rpm,347,275,5.0,5.0,533,3661,0,612,0.593,1
154623,5,rpm,875,275,5.0,5.0,533,3661,0,612,0.594,1
154644,5,rpm,109,275,5.0,5.0,533,3661,0,612,0.594,1
154664,5,rpm,369,274,5.0,5.0,533,3661,0,612,0.594,1
154685,5,rpm,755,274,5.0,5.0,533,3661,0,612,0.594,1
154706,5,rpm,164,274,5.0,5.0,533,3661,0,612,0.594,1
154726,5,rpm,350,274,5.0,5.0,533,3661,0,612,0.594,1
154747,5,rpm,708,274,5.0,5.0,533,3661,0,612,0.594,1
154767,5,rpm,247,274,5.0,5.0,533,3661,0,613,0.594,1
154788,5,rpm,876,274,5.0,5.0,533,3661,0,613,0.594,1
154809,5,rpm,104,274,5.0,5.0,533,3661,0,613,0.594,1
154829,5,rpm,344,274,5.0,5.0,533,3661,0,613,0.594,1
154850,5,rpm,816,274,5.0,5.0,533,3661,0,613,0.595,1
154870,5,rpm,105,274,5.0,5.0,533,3661,0,613,0.595,1
154891,5,rpm,349,274,5.0,5.0,533,3661,0,613,0.595,1
154911,5,rpm,727,273,5.0,5.0,533,3661,0,613,0.595,1
154932,5,rpm,177,273,5.0,5.0,533,3661,0,613,0.595,1
154953,5,rpm,376,273,5.0,5.0,533,3661,0,613,0.595,1
154973,5,rpm,645,273,5.0,5.0,533,3661,0,613,0.595,1
154994,5,rpm,294,273,5.0,5.0,533,3661,0,614,0.595,1
155014,5,rpm,890,273,5.0,5.0,533,3661,0,614,0.595,1
155035,5,rpm,72,273,5.0,5.0,533,3661,0,614,0.595,1
155056,5,rpm,347,273,5.0,5.0,533,3661,0,614,0.595,1
155076,5,rpm,778,272,5.0,5.0,533,3661,0,614,0.596,1
155097,5,rpm,119,272,5.0,5.0,533,3661,0,614,0.596,1
155117,5,rpm,326,272,5.0,5.0,533,3661,0,614,0.596,1
155138,5,rpm,705,272,5.0,5.0,533,3661,0,614,0.596,1
155158,5,rpm,175,272,5.0,5.0,533,3661,0,614,0.596,1
155179,5,rpm,454,272,5.0,5.0,533,3661,0,614,0.596,1
155200,5,rpm,476,272,5.0,5.0,533,3661,0,615,0.596,1
155220,5,rpm,256,272,5.0,5.0,533,3661,0,615,0.596,1
155241,5,rpm,853,272,5.0,5.0,533,3661,0,615,0.596,1
155261,5,rpm,77,271,5.0,5.0,533,3661,0,615,0.596,1
155282,5,rpm,288,271,5.0,5.0,533,3661,0,615,0.596,1
155303,5,rpm,757,271,5.0,5.0,533,3661,0,615,0.597,1
155323,5,rpm,103,271,5.0,5.0,533,3661,0,615,0.597,1
155344,5,rpm,268,271,5.0,5.0,533,3661,0,615,0.597,1
155364,5,rpm,700,271,5.0,5.0,533,3661,0,615,0.597,1
155385,5,rpm,149,271,5.0,5.0,533,3661,0,615,0.597,1
155406,5,rpm,749,271,5.0,5.0,533,3661,0,615,0.597,1
155426,5,rpm,149,270,5.0,5.0,533,3661,0,616,0.597,1
155447,5,rpm,178,270,5.0,5.0,533,3661,0,616,0.597,1
155467,5,rpm,726,270,5.0,5.0,533,3661,0,616,0.597,1
155488,5,rpm,73,270,5.0,5.0,533,3661,0,616,0.597,1
155509,5,rpm,185,270,5.0,5.0,533,3661,0,616,0.597,1
155529,5,rpm,624,270,5.0,5.0,533,3661,0,616,0.598,1
155550,5,rpm,85,270,5.0,5.0,533,3661,0,616,0.598,1
155570,5,rpm,155,270,5.0,5.0,533,3661,0,616,0.598,1
155591,5,rpm,449,270,5.0,5.0,533,3661,0,616,0.598,1
155612,5,rpm,-244,270,5.0,5.0,533,3661,0,616,0.598,1
155632,5,rpm,-1085,270,5.0,5.0,533,3661,0,616,0.598,1
155653,5,rpm,-1127,269,5.0,5.0,533,3661,0,617,0.598,1
155674,5,rpm,-315,269,5.0,5.0,533,3661,0,617,0.598,1
155694,5,rpm,-104,269,5.0,5.0,533,3661,0,617,0.598,1
155715,5,rpm,-14,269,5.0,5.0,533,3661,0,617,0.598,1
155736,5,rpm,-40,269,5.0,5.0,533,3661,0,617,0.598,1
155756,5,rpm,-73,269,5.0,5.0,533,3661,0,617,0.599,1
155777,5,rpm,-38,269,5.0,5.0,533,3661,0,617,0.599,1
155797,5,rpm,-68,269,5.0,5.0,533,3661,0,617,0.599,1
155818,5,rpm,-47,269,5.0,5.0,533,3661,0,617,0.599,1
155839,5,rpm,-38,269,5.0,5.0,533,3661,0,617,0.599,1
155859,5,rpm,-74,269,5.0,5.0,533,3661,0,617,0.599,1
155880,5,rpm,-37,269,5.0,5.0,533,3661,0,618,0.599,1
155900,5,rpm,-41,269,5.0,5.0,533,3661,0,618,0.599,1
155921,5,rpm,-27,269,5.0,5.0,533,3661,0,618,0.599,1
155942,5,rpm,-11,269,5.0,5.0,533,3661,0,618,0.599,1
155962,5,rpm,-14,269,5.0,5.0,533,3661,0,618,0.599,1
155983,5,rpm,1,269,5.0,5.0,533,3661,0,618,0.599,1
156003,5,rpm,3,269,5.0,5.0,533,3661,0,618,0.6,1
156024,5,rpm,12,269,5.0,5.0,533,3661,0,618,0.6,1
156045,5,rpm,38,269,5.0,5.0,533,3661,0,618,0.6,1
156065,5,rpm,34,269,5.0,5.0,533,3661,0,618,0.6,1
156086,5,rpm,161,269,5.0,5.0,533,3661,0,618,0.6,1
156106,5,rpm,93,269,5.0,5.0,533,3661,0,619,0.6,1
156127,5,rpm,108,269,5.0,5.0,533,3661,0,619,0.6,1
156148,5,rpm,417,269,5.0,5.0,533,3661,0,619,0.6,1
156168,5,rpm,86,269,5.0,5.0,533,3661,0,619,0.6,1
156189,5,rpm,180,269,5.0,5.0,533,3661,0,619,0.6,1
156209,5,rpm,768,269,5.0,5.0,533,3661,0,619,0.6,1
156230,5,rpm,125,269,5.0,5.0,533,3661,0,619,0.601,1
156251,5,rpm,534,268,5.0,5.0,533,3661,0,619,0.601,1
156271,5,rpm,303,268,5.0,5.0,533,3661,0,619,0.601,1
156292,5,rpm,199,268,5.0,5.0,533,3661,0,619,0.601,1
156312,5,rpm,890,268,5.0,5.0,533,3661,0,620,0.601,1
156333,5,rpm,68,268,5.0,5.0,533,3661,0,620,0.601,1
156354,5,rpm,282,268,5.0,5.0,533,3661,0,620,0.601,1
156374,5,rpm,799,268,5.0,5.0,533,3661,0,620,0.601,1
156395,5,rpm,122,268,5.0,5.0,533,3661,0,620,0.601,1
156416,5,rpm,389,268,5.0,5.0,533,3661,0,620,0.601,1
156436,5,rpm,742,268,5.0,5.0,533,3661,0,620,0.601,1
156457,5,rpm,207,268,5.0,5.0,533,3661,0,620,0.602,1
156477,5,rpm,697,268,5.0,5.0,533,3661,0,620,0.602,1
156498,5,rpm,318,268,5.0,5.0,533,3661,0,620,0.602,1
156519,5,rpm,345,268,5.0,5.0,533,3661,0,620,0.602,1
156539,5,rpm,885,268,5.0,5.0,533,3661,0,621,0.602,1
156560,5,rpm,93,268,5.0,5.0,533,3661,0,621,0.602,1
156581,5,rpm,366,267,5.0,5.0,533,3661,0,621,0.602,1
156601,5,rpm,778,267,5.0,5.0,533,3661,0,621,0.602,1
156622,5,rpm,167,267,5.0,5.0,533,3661,0,621,0.602,1
156642,5,rpm,367,267,5.0,5.0,533,3661,0,621,0.602,1
156663,5,rpm,712,267,5.0,5.0,533,3661,0,621,0.602,1
156684,5,rpm,223,267,5.0,5.0,533,3661,0,621,0.603,1
156704,5,rpm,834,267,5.0,5.0,533,3661,0,621,0.603,1
156725,5,rpm,166,267,5.0,5.0,533,3661,0,621,0.603,1
156745,5,rpm,329,267,5.0,5.0,533,3661,0,621,0.603,1
156766,5,rpm,854,267,5.0,5.0,533,3661,0,622,0.603,1
156787,5,rpm,105,266,5.0,5.0,533,3661,0,622,0.603,1
156807,5,rpm,349,266,5.0,5.0,533,3661,0,622,0.603,1
156828,5,rpm,746,266,5.0,5.0,533,3661,0,622,0.603,1
156849,5,rpm,175,266,5.0,5.0,533,3661,0,622,0.603,1
156869,5,rpm,554,266,5.0,5.0,533,3661,0,622,0.603,1
156890,5,rpm,431,266,5.0,5.0,533,3661,0,622,0.603,1
156910,5,rpm,282,266,5.0,5.0,533,3661,0,622,0.604,1
156931,5,rpm,862,266,5.0,5.0,533,3661,0,622,0.604,1
156952,5,rpm,78,265,5.0,5.0,533,3661,0,622,0.604,1
156972,5,rpm,323,265,5.0,5.0,533,3661,0,622,0.604,1
156993,5,rpm,805,265,5.0,5.0,533,3661,0,623,0.604,1
157013,5,rpm,106,265,5.0,5.0,533,3661,0,623,0.604,1
157034,5,rpm,349,265,5.0,5.0,533,3661,0,623,0.604,1
157055,5,rpm,713,265,5.0,5.0,533,3661,0,623,0.604,1
157075,5,rpm,170,265,5.0,5.0,533,3661,0,623,0.604,1
157096,5,rpm,375,264,5.0,5.0,533,3661,0,623,0.604,1
157116,5,rpm,614,264,5.0,5.0,533,3661,0,623,0.604,1
157137,5,rpm,239,264,5.0,5.0,533,3661,0,623,0.604,1
157158,5,rpm,868,264,5.0,5.0,533,3661,0,623,0.605,1
157178,5,rpm,76,264,5.0,5.0,533,3661,0,623,0.605,1
157199,5,rpm,258,264,5.0,5.0,533,3661,0,623,0.605,1
157220,5,rpm,763,264,5.0,5.0,533,3661,0,624,0.605,1
157240,5,rpm,110,263,5.0,5.0,533,3661,0,624,0.605,1
157261,5,rpm,253,263,5.0,5.0,533,3661,0,624,0.605,1
157281,5,rpm,701,263,5.0,5.0,533,3661,0,624,0.605,1
157302,5,rpm,143,263,5.0,5.0,533,3661,0,624,0.605,1
157323,5,rpm,414,263,5.0,5.0,533,3661,0,624,0.605,1
157343,5,rpm,397,263,5.0,5.0,533,3661,0,624,0.605,1
157364,5,rpm,301,263,5.0,5.0,533,3661,0,624,0.605,1
157384,5,rpm,702,263,5.0,5.0,533,3661,0,624,0.606,1
157405,5,rpm,8,263,5.0,5.0,533,3661,0,624,0.606,1
157425,5,rpm,147,262,5.0,5.0,533,3661,0,624,0.606,1
157446,5,rpm,726,262,5.0,5.0,533,3661,0,625,0.606,1
157467,5,rpm,-1025,262,5.0,5.0,533,3661,0,625,0.606,1
157487,5,rpm,-158,262,5.0,5.0,533,3661,0,625,0.606,1
157508,5,rpm,-757,262,5.0,5.0,533,3661,0,625,0.606,1
157528,5,rpm,-241,262,5.0,5.0,533,3661,0,625,0.606,1
157549,5,rpm,-302,262,5.0,5.0,533,3661,0,625,0.606,1
157570,5,rpm,-144,262,5.0,5.0,533,3661,0,625,0.606,1
157590,5,rpm,-3,262,5.0,5.0,533,3661,0,625,0.606,1
157611,5,rpm,-37,262,5.0,5.0,533,3661,0,625,0.606,1
157632,5,rpm,-49,262,5.0,5.0,533,3661,0,625,0.607,1
157652,5,rpm,-88,262,5.0,5.0,533,3661,0,625,0.607,1
157673,5,rpm,-43,262,5.0,5.0,533,3661,0,626,0.607,1
157694,5,rpm,-32,261,5.0,5.0,533,3661,0,626,0.607,1
157714,5,rpm,-94,261,5.0,5.0,533,3661,0,626,0.607,1
157735,5,rpm,-36,261,5.0,5.0,533,3661,0,626,0.607,1
157756,5,rpm,-12,261,5.0,5.0,533,3661,0,626,0.607,1
157776,5,rpm,-57,261,5.0,5.0,533,3661,0,626,0.607,1
157797,5,rpm,-39,261,5.0,5.0,533,3661,0,626,0.607,1
157818,5,rpm,-37,261,5.0,5.0,533,3661,0,626,0.607,1
157838,5,rpm,-5,261,5.0,5.0,533,3661,0,626,0.607,1
157859,5,rpm,15,261,5.0,5.0,533,3661,0,626,0.608,1
157880,5,rpm,61,261,5.0,5.0,533,3661,0,626,0.608,1
157900,5,rpm,48,261,5.0,5.0,533,3661,0,627,0.608,1
157921,5,rpm,5,261,5.0,5.0,533,3661,0,627,0.608,1
157941,5,rpm,102,261,5.0,5.0,533,3661,0,627,0.608,1
157962,5,rpm,116,261,5.0,5.0,533,3661,0,627,0.608,1
157983,5,rpm,110,261,5.0,5.0,533,3661,0,627,0.608,1
158003,5,rpm,253,261,5.0,5.0,533,3661,0,627,0.608,1
158024,5,rpm,66,261,5.0,5.0,533,3661,0,627,0.608,1
158044,5,rpm,152,261,5.0,5.0,533,3661,0,627,0.608,1
158065,5,rpm,837,261,5.0,5.0,533,3661,0,627,0.608,1
158085,5,rpm,119,261,5.0,5.0,533,3661,0,627,0.608,1
158106,5,rpm,180,261,5.0,5.0,533,3661,0,627,0.609,1
158127,5,rpm,584,261,5.0,5.0,533,3661,0,627,0.609,1
158147,5,rpm,170,261,5.0,5.0,533,3661,0,628,0.609,1
158168,5,rpm,681,261,5.0,5.0,533,3661,0,628,0.609,1
158188,5,rpm,329,261,5.0,5.0,533,3661,0,628,0.609,1
158209,5,rpm,186,261,5.0,5.0,533,3661,0,628,0.609,1
158230,5,rpm,948,261,5.0,5.0,533,3661,0,628,0.609,1
158250,5,rpm,104,261,5.0,5.0,533,3661,0,628,0.609,1
158271,5,rpm,296,261,5.0,5.0,533,3661,0,628,0.609,1
158291,5,rpm,748,261,5.0,5.0,533,3661,0,628,0.609,1
158312,5,rpm,187,261,5.0,5.0,533,3661,0,628,0.609,1
158332,5,rpm,545,260,5.0,5.0,533,3661,0,628,0.61,1
158353,5,rpm,792,260,5.0,5.0,533,3661,0,628,0.61,1
158374,5,rpm,44,260,5.0,5.0,533,3661,0,629,0.61,1
158394,5,rpm,710,260,5.0,5.0,533,3661,0,629,0.61,1
158415,5,rpm,450,260,5.0,5.0,533,3661,0,629,0.61,1
158435,5,rpm,316,260,5.0,5.0,533,3661,0,629,0.61,1
158456,5,rpm,808,260,5.0,5.0,533,3661,0,629,0.61,1
158477,5,rpm,109,260,5.0,5.0,533,3661,0,629,0.61,1
158497,5,rpm,392,260,5.0,5.0,533,3661,0,629,0.61,1
158518,5,rpm,775,260,5.0,5.0,533,3661,0,629,0.61,1
158538,5,rpm,200,260,5.0,5.0,533,3661,0,629,0.61,1
158559,5,rpm,504,260,5.0,5.0,533,3661,0,629,0.61,1
158580,5,rpm,671,260,5.0,5.0,533,3661,0,629,0.611,1
158600,5,rpm,93,260,5.0,5.0,533,3661,0,630,0.611,1
158621,5,rpm,848,260,5.0,5.0,533,3661,0,630,0.611,1
158641,5,rpm,185,259,5.0,5.0,533,3661,0,630,0.611,1
158662,5,rpm,367,259,5.0,5.0,533,3661,0,630,0.611,1
158683,5,rpm,867,259,5.0,5.0,533,3661,0,630,0.611,1
158703,5,rpm,115,259,5.0,5.0,533,3661,0,630,0.611,1
158724,5,rpm,320,259,5.0,5.0,533,3661,0,630,0.611,1
158745,5,rpm,706,259,5.0,5.0,533,3661,0,630,0.611,1
158765,5,rpm,140,259,5.0,5.0,533,3661,0,630,0.611,1
158786,5,rpm,428,259,5.0,5.0,533,3661,0,630,0.611,1
158806,5,rpm,740,259,5.0,5.0,533,3661,0,630,0.612,1
158827,5,rpm,348,259,5.0,5.0,533,3661,0,631,0.612,1
158848,5,rpm,786,259,5.0,5.0,533,3661,0,631,0.612,1
158868,5,rpm,60,259,5.0,5.0,533,3661,0,631,0.612,1
158889,5,rpm,237,258,5.0,5.0,533,3661,0,631,0.612,1
158909,5,rpm,859,258,5.0,5.0,533,3661,0,631,0.612,1
158930,5,rpm,143,258,5.0,5.0,533,3661,0,631,0.612,1
158951,5,rpm,439,258,5.0,5.0,533,3661,0,631,0.612,1
158971,5,rpm,710,258,5.0,5.0,533,3661,0,631,0.612,1
158992,5,rpm,118,258,5.0,5.0,533,3661,0,631,0.612,1
159013,5,rpm,213,258,5.0,5.0,533,3661,0,631,0.612,1
159033,5,rpm,620,258,5.0,5.0,533,3661,0,631,0.612,1
159054,5,rpm,302,258,5.0,5.0,533,3661,0,632,0.613,1
159075,5,rpm,903,258,5.0,5.0,533,3661,0,632,0.613,1
159095,5,rpm,126,258,5.0,5.0,533,3661,0,632,0.613,1
159116,5,rpm,267,258,5.0,5.0,533,3661,0,632,0.613,1
159136,5,rpm,684,258,5.0,5.0,533,3661,0,632,0.613,1
159157,5,rpm,41,257,5.0,5.0,533,3661,0,632,0.613,1
159178,5,rpm,131,257,5.0,5.0,533,3661,0,632,0.613,1
159198,5,rpm,761,257,5.0,5.0,533,3661,0,632,0.613,1
159219,5,rpm,195,257,5.0,5.0,533,3661,0,632,0.613,1
159240,5,rpm,729,257,5.0,5.0,533,3661,0,632,0.613,1
159260,5,rpm,150,257,5.0,5.0,533,3661,0,632,0.613,1
159281,5,rpm,102,257,5.0,5.0,533,3661,0,632,0.614,1
159301,5,rpm,551,257,5.0,5.0,533,3661,0,633,0.614,1
159322,5,rpm,30,257,5.0,5.0,533,3661,0,633,0.614,1
159342,5,rpm,84,257,5.0,5.0,533,3661,0,633,0.614,1
159363,5,rpm,-873,257,5.0,5.0,533,3661,0,633,0.614,1
159384,5,rpm,-225,257,5.0,5.0,533,3661,0,633,0.614,1
159404,5,rpm,-715,257,5.0,5.0,533,3661,0,633,0.614,1
159425,5,rpm,-288,257,5.0,5.0,533,3661,0,633,0.614,1
159446,5,rpm,-67,257,5.0,5.0,533,3661,0,633,0.614,1
159466,5,rpm,-238,257,5.0,5.0,533,3661,0,633,0.614,1
159487,5,rpm,-155,257,5.0,5.0,533,3661,0,633,0.614,1
159507,5,rpm,-18,257,5.0,5.0,533,3661,0,633,0.614,1
159528,5,rpm,2,257,5.0,5.0,533,3661,0,634,0.615,1
159549,5,rpm,7,257,5.0,5.0,533,3661,0,634,0.615,1
159569,5,rpm,-66,257,5.0,5.0,533,3661,0,634,0.615,1
159590,5,rpm,-102,257,5.0,5.0,533,3661,0,634,0.615,1
159611,5,rpm,-41,257,5.0,5.0,533,3661,0,634,0.615,1
159631,5,rpm,-73,257,5.0,5.0,533,3661,0,634,0.615,1
159652,5,rpm,-47,257,5.0,5.0,533,3661,0,634,0.615,1
159672,5,rpm,-19,257,5.0,5.0,533,3661,0,634,0.615,1
159693,5,rpm,-5,258,5.0,5.0,533,3661,0,634,0.615,1
159714,5,rpm,0,258,5.0,5.0,533,3661,0,634,0.615,1
159734,5,rpm,-45,258,5.0,5.0,533,3661,0,634,0.615,1
159755,5,rpm,10,258,5.0,5.0,533,3661,0,635,0.615,1
159776,5,rpm,-5,258,5.0,5.0,533,3661,0,635,0.616,1
159796,5,rpm,607,258,5.0,5.0,533,3661,0,635,0.616,1
159817,5,rpm,392,258,5.0,5.0,533,3661,0,635,0.616,1
159837,5,rpm,-120,258,5.0,5.0,533,3661,0,635,0.616,1
159858,5,rpm,-9,258,5.0,5.0,533,3661,0,635,0.616,1
159879,5,rpm,435,258,5.0,5.0,533,3661,0,635,0.616,1
159899,5,rpm,138,258,5.0,5.0,533,3661,0,635,0.616,1
159920,5,rpm,224,258,5.0,5.0,533,3661,0,635,0.616,1
159940,5,rpm,120,258,5.0,5.0,533,3661,0,635,0.616,1
159961,5,rpm,318,258,5.0,5.0,533,3661,0,635,0.616,1
159982,5,rpm,822,258,5.0,5.0,533,3661,0,635,0.616,1
160002,5,rpm,93,259,5.0,5.0,533,3661,0,636,0.617,1
160023,5,rpm,245,259,5.0,5.0,533,3661,0,636,0.617,1
160044,5,rpm,723,259,5.0,5.0,533,3661,0,636,0.617,1
160064,5,rpm,193,259,5.0,5.0,533,3661,0,636,0.617,1
160085,5,rpm,340,259,5.0,5.0,533,3661,0,636,0.617,1
160105,5,rpm,608,259,5.0,5.0,533,3661,0,636,0.617,1
160126,5,rpm,195,259,5.0,5.0,533,3661,0,636,0.617,1
160147,5,rpm,994,259,5.0,5.0,533,3661,0,636,0.617,1
160167,5,rpm,93,259,5.0,5.0,533,3661,0,636,0.617,1
160188,5,rpm,331,259,5.0,5.0,533,3661,0,636,0.617,1
160208,5,rpm,814,259,5.0,5.0,533,3661,0,636,0.617,1
160229,5,rpm,134,259,5.0,5.0,533,3661,0,637,0.617,1
160249,5,rpm,412,259,5.0,5.0,533,3661,0,637,0.618,1
160270,5,rpm,743,259,5.0,5.0,533,3661,0,637,0.618,1
160291,5,rpm,198,259,5.0,5.0,533,3661,0,637,0.618,1
160311,5,rpm,591,259,5.0,5.0,533,3661,0,637,0.618,1
160332,5,rpm,460,259,5.0,5.0,533,3661,0,637,0.618,1
160352,5,rpm,326,259,5.0,5.0,533,3661,0,637,0.618,1
160373,5,rpm,915,259,5.0,5.0,533,3661,0,637,0.618,1
160394,5,rpm,80,259,5.0,5.0,533,3661,0,637,0.618,1
160414,5,rpm,328,260,5.0,5.0,533,3661,0,637,0.618,1
160435,5,rpm,792,260,5.0,5.0,533,3661,0,637,0.618,1
160455,5,rpm,149,260,5.0,5.0,533,3661,0,638,0.618,1
160476,5,rpm,367,260,5.0,5.0,533,3661,0,638,0.618,1
160497,5,rpm,711,260,5.0,5.0,533,3661,0,638,0.619,1
160517,5,rpm,247,260,5.0,5.0,533,3661,0,638,0.619,1
160538,5,rpm,705,260,5.0,5.0,533,3661,0,638,0.619,1
160558,5,rpm,243,260,5.0,5.0,533,3661,0,638,0.619,1
160579,5,rpm,339,260,5.0,5.0,533,3661,0,638,0.619,1
160600,5,rpm,867,260,5.0,5.0,533,3661,0,638,0.619,1
160620,5,rpm,106,260,5.0,5.0,533,3661,0,638,0.619,1
160641,5,rpm,352,260,5.0,5.0,533,3661,0,638,0.619,1
160662,5,rpm,781,260,5.0,5.0,533,3661,0,638,0.619,1
160682,5,rpm,155,260,5.0,5.0,533,3661,0,639,0.619,1
160703,5,rpm,430,260,5.0,5.0,533,3661,0,639,0.619,1
160723,5,rpm,638,260,5.0,5.0,533,3661,0,639,0.62,1
160744,5,rpm,266,260,5.0,5.0,533,3661,0,639,0.62,1
160764,5,rpm,810,260,5.0,5.0,533,3661,0,639,0.62,1
160785,5,rpm,111,260,5.0,5.0,533,3661,0,639,0.62,1
160806,5,rpm,303,260,5.0,5.0,533,3661,0,639,0.62,1
160827,5,rpm,823,260,5.0,5.0,533,3661,0,639,0.62,1
160847,5,rpm,109,260,5.0,5.0,533,3661,0,639,0.62,1
160868,5,rpm,299,260,5.0,5.0,533,3661,0,639,0.62,1
160888,5,rpm,733,260,5.0,5.0,533,3661,0,639,0.62,1
160909,5,rpm,158,260,5.0,5.0,533,3661,0,639,0.62,1
160930,5,rpm,299,260,5.0,5.0,533,3661,0,640,0.62,1
160950,5,rpm,685,260,5.0,5.0,533,3661,0,640,0.62,1
160971,5,rpm,214,260,5.0,5.0,533,3661,0,640,0.621,1
160991,5,rpm,818,260,5.0,5.0,533,3661,0,640,0.621,1
161012,5,rpm,75,260,5.0,5.0,533,3661,0,640,0.621,1
161033,5,rpm,208,260,5.0,5.0,533,3661,0,640,0.621,1
161053,5,rpm,742,260,5.0,5.0,533,3661,0,640,0.621,1
161074,5,rpm,81,260,5.0,5.0,533,3661,0,640,0.621,1
161095,5,rpm,213,260,5.0,5.0,533,3661,0,640,0.621,1
161115,5,rpm,670,260,5.0,5.0,533,3661,0,640,0.621,1
161136,5,rpm,120,260,5.0,5.0,533,3661,0,640,0.621,1
161156,5,rpm,269,260,5.0,5.0,533,3661,0,641,0.621,1
161177,5,rpm,434,260,5.0,5.0,533,3661,0,641,0.621,1
161198,5,rpm,142,260,5.0,5.0,533,3661,0,641,0.622,1
161218,5,rpm,560,260,5.0,5.0,533,3661,0,641,0.622,1
161239,5,rpm,57,260,5.0,5.0,533,3661,0,641,0.622,1
161259,5,rpm,100,260,5.0,5.0,533,3661,0,641,0.622,1
161280,5,rpm,-946,261,5.0,5.0,533,3661,0,641,0.622,1
161301,5,rpm,-695,261,5.0,5.0,533,3661,0,641,0.622,1
161321,5,rpm,-344,261,5.0,5.0,533,3661,0,641,0.622,1
161342,5,rpm,-73,261,5.0,5.0,533,3661,0,641,0.622,1
161362,5,rpm,-13,261,5.0,5.0,533,3661,0,641,0.622,1
161383,5,rpm,-68,261,5.0,5.0,533,3661,0,642,0.622,1
161404,5,rpm,-99,261,5.0,5.0,533,3661,0,642,0.622,1
161424,5,rpm,-62,261,5.0,5.0,533,3661,0,642,0.622,1
161445,5,rpm,-95,261,5.0,5.0,533,3661,0,642,0.623,1
161466,5,rpm,-34,261,5.0,5.0,533,3661,0,642,0.623,1
161486,5,rpm,-50,262,5.0,5.0,533,3661,0,642,0.623,1
161507,5,rpm,-58,262,5.0,5.0,533,3661,0,642,0.623,1
161527,5,rpm,-26,262,5.0,5.0,533,3661,0,642,0.623,1
161548,5,rpm,-31,262,5.0,5.0,533,3661,0,642,0.623,1
161569,5,rpm,-12,262,5.0,5.0,533,3661,0,642,0.623,1
161589,5,rpm,-10,262,5.0,5.0,533,3661,0,642,0.623,1
161610,5,rpm,-6,262,5.0,5.0,533,3661,0,643,0.623,1
161631,5,rpm,7,262,5.0,5.0,533,3661,0,643,0.623,1
161651,5,rpm,10,263,5.0,5.0,533,3661,0,643,0.623,1
161672,5,rpm,57,263,5.0,5.0,533,3661,0,643,0.624,1
161692,5,rpm,34,263,5.0,5.0,533,3661,0,643,0.624,1
161713,5,rpm,58,263,5.0,5.0,533,3661,0,643,0.624,1
161734,5,rpm,215,263,5.0,5.0,533,3661,0,643,0.624,1
161754,5,rpm,74,263,5.0,5.0,533,3661,0,643,0.624,1
161775,5,rpm,128,263,5.0,5.0,533,3661,0,643,0.624,1
161795,5,rpm,355,264,5.0,5.0,533,3661,0,643,0.624,1
161816,5,rpm,135,264,5.0,5.0,533,3661,0,643,0.624,1
161837,5,rpm,783,264,5.0,5.0,533,3661,0,644,0.624,1
161857,5,rpm,88,264,5.0,5.0,533,3661,0,644,0.624,1
161878,5,rpm,192,264,5.0,5.0,533,3661,0,644,0.624,1
161898,5,rpm,829,264,5.0,5.0,533,3661,0,644,0.624,1
161919,5,rpm,94,264,5.0,5.0,533,3661,0,644,0.625,1
161940,5,rpm,263,264,5.0,5.0,533,3661,0,644,0.625,1
161960,5,rpm,788,265,5.0,5.0,533,3661,0,644,0.625,1
161981,5,rpm,142,265,5.0,5.0,533,3661,0,644,0.625,1
162001,5,rpm,301,265,5.0,5.0,533,3661,0,644,0.625,1
162022,5,rpm,698,265,5.0,5.0,533,3661,0,644,0.625,1
162043,5,rpm,276,265,5.0,5.0,533,3661,0,644,0.625,1
162063,5,rpm,985,265,5.0,5.0,533,3661,0,645,0.625,1
162084,5,rpm,80,265,5.0,5.0,533,3661,0,645,0.625,1
162104,5,rpm,336,265,5.0,5.0,533,3661,0,645,0.625,1
162125,5,rpm,845,265,5.0,5.0,533,3661,0,645,0.625,1
162146,5,rpm,137,266,5.0,5.0,533,3661,0,645,0.626,1
162166,5,rpm,377,266,5.0,5.0,533,3661,0,645,0.626,1
162187,5,rpm,772,266,5.0,5.0,533,3661,0,645,0.626,1
162207,5,rpm,185,266,5.0,5.0,533,3661,0,645,0.626,1
162228,5,rpm,771,266,5.0,5.0,533,3661,0,645,0.626,1
162249,5,rpm,251,266,5.0,5.0,533,3661,0,645,0.626,1
162269,5,rpm,313,266,5.0,5.0,533,3661,0,645,0.626,1
162290,5,rpm,888,266,5.0,5.0,533,3661,0,646,0.626,1
162311,5,rpm,83,266,5.0,5.0,533,3661,0,646,0.626,1
162331,5,rpm,334,266,5.0,5.0,533,3661,0,646,0.626,1
162352,5,rpm,790,266,5.0,5.0,533,3661,0,646,0.626,1
162372,5,rpm,151,266,5.0,5.0,533,3661,0,646,0.627,1
162393,5,rpm,373,266,5.0,5.0,533,3661,0,646,0.627,1
162413,5,rpm,751,266,5.0,5.0,533,3661,0,646,0.627,1
162434,5,rpm,212,267,5.0,5.0,533,3661,0,646,0.627,1
162455,5,rpm,671,267,5.0,5.0,533,3661,0,646,0.627,1
162475,5,rpm,299,267,5.0,5.0,533,3661,0,646,0.627,1
162496,5,rpm,341,267,5.0,5.0,533,3661,0,646,0.627,1
162517,5,rpm,860,267,5.0,5.0,533,3661,0,647,0.627,1
162537,5,rpm,94,267,5.0,5.0,533,3661,0,647,0.627,1
162558,5,rpm,337,267,5.0,5.0,533,3661,0,647,0.627,1
162578,5,rpm,751,267,5.0,5.0,533,3661,0,647,0.627,1
162599,5,rpm,148,267,5.0,5.0,533,3661,0,647,0.628,1
162620,5,rpm,329,267,5.0,5.0,533,3661,0,647,0.628,1
162640,5,rpm,724,267,5.0,5.0,533,3661,0,647,0.628,1
162661,5,rpm,221,267,5.0,5.0,533,3661,0,647,0.628,1
162681,5,rpm,783,267,5.0,5.0,533,3661,0,647,0.628,1
162702,5,rpm,138,267,5.0,5.0,533,3661,0,647,0.628,1
162723,5,rpm,283,267,5.0,5.0,533,3661,0,647,0.628,1
162743,5,rpm,604,267,5.0,5.0,533,3661,0,648,0.628,1
162764,5,rpm,-87,267,5.0,5.0,533,3661,0,648,0.628,1
162784,5,rpm,24,267,5.0,5.0,533,3661,0,648,0.628,1
162805,5,rpm,9,267,5.0,5.0,533,3661,0,648,0.628,1
162826,5,rpm,3,267,5.0,5.0,533,3661,0,648,0.628,1
162846,5,rpm,5,267,5.0,5.0,533,3661,0,648,0.629,1
162867,5,rpm,5,267,5.0,5.0,533,3661,0,648,0.629,1
162887,5,rpm,4,267,5.0,5.0,533,3661,0,648,0.629,1
162908,5,rpm,857,267,5.0,5.0,533,3661,0,648,0.629,1
162929,5,rpm,1209,267,5.0,5.0,533,3661,0,648,0.629,1
162949,5,rpm,663,267,5.0,5.0,533,3661,0,648,0.629,1
162970,5,rpm,549,267,5.0,5.0,533,3661,0,649,0.629,1
162990,5,rpm,66,268,5.0,5.0,533,3661,0,649,0.629,1
163011,5,rpm,190,268,5.0,5.0,533,3661,0,649,0.629,1
163032,5,rpm,654,268,5.0,5.0,533,3661,0,649,0.629,1
163052,5,rpm,104,268,5.0,5.0,533,3661,0,649,0.629,1
163073,5,rpm,212,268,5.0,5.0,533,3661,0,649,0.63,1
163094,5,rpm,467,268,5.0,5.0,533,3661,0,649,0.63,1
163114,5,rpm,124,268,5.0,5.0,533,3661,0,649,0.63,1
163135,5,rpm,398,268,5.0,5.0,533,3661,0,649,0.63,1
163155,5,rpm,-158,268,5.0,5.0,533,3661,0,649,0.63,1
163176,5,rpm,-1025,268,5.0,5.0,533,3661,0,649,0.63,1
163197,5,rpm,-1101,268,5.0,5.0,533,3661,0,650,0.63,1
163217,5,rpm,-9,268,5.0,5.0,533,3661,0,650,0.63,1
163238,5,rpm,-1,268,5.0,5.0,533,3661,0,650,0.63,1
163258,5,rpm,-1,268,5.0,5.0,533,3661,0,650,0.63,1
163279,5,rpm,-1,268,5.0,5.0,533,3661,0,650,0.63,1
163300,5,rpm,-2,268,5.0,5.0,533,3661,0,650,0.631,1
163320,5,rpm,-1,268,5.0,5.0,533,3661,0,650,0.631,1
163341,5,rpm,-1,268,5.0,5.0,533,3661,0,650,0.631,1
163362,5,rpm,-1,269,5.0,5.0,533,3661,0,650,0.631,1
163382,5,rpm,0,269,5.0,5.0,533,3661,0,650,0.631,1
163403,5,rpm,-1,269,5.0,5.0,533,3661,0,650,0.631,1
163423,5,rpm,0,269,5.0,5.0,533,3661,0,651,0.631,1
163444,5,rpm,0,269,5.0,5.0,533,3661,0,651,0.631,1
163465,5,rpm,0,269,5.0,5.0,533,3661,0,651,0.631,1
163485,5,rpm,1,269,5.0,5.0,533,3661,0,651,0.631,1
163506,5,rpm,0,269,5.0,5.0,533,3661,0,651,0.631,1
163527,5,rpm,1,269,5.0,5.0,533,3661,0,651,0.632,1
163547,5,rpm,1,269,5.0,5.0,533,3661,0,651,0.632,1
163568,5,rpm,0,269,5.0,5.0,533,3661,0,651,0.632,1
163588,5,rpm,1,269,5.0,5.0,533,3661,0,651,0.632,1
163609,5,rpm,0,269,5.0,5.0,533,3661,0,651,0.632,1
163630,5,rpm,1,270,5.0,5.0,533,3661,0,652,0.632,1
