id,t,sp,unit,r_flw,f_flw,rpm_cmd,rpm_sp,sps,top,cal%,vol_uL,mass_g,pumpOn,port
2,344057,37,rpm,489,457,36.7,36.7,3915,497,0,1883,1.826,1,COM7
2,344078,37,rpm,334,457,36.7,36.7,3915,497,0,1883,1.826,1,COM7
2,344098,37,rpm,248,457,36.7,36.7,3915,497,0,1883,1.826,1,COM7
2,344119,37,rpm,-387,457,36.7,36.7,3915,497,0,1883,1.826,1,COM7
2,344140,37,rpm,57,457,36.7,36.7,3915,497,0,1883,1.827,1,COM7
2,344161,37,rpm,439,457,36.7,36.7,3915,497,0,1883,1.827,1,COM7
2,344181,37,rpm,698,457,36.7,36.7,3915,497,0,1883,1.827,1,COM7
2,344202,37,rpm,762,457,36.7,36.7,3915,497,0,1884,1.827,1,COM7
2,344223,37,rpm,960,457,36.7,36.7,3915,497,0,1884,1.827,1,COM7
2,344243,37,rpm,727,457,36.7,36.7,3915,497,0,1884,1.827,1,COM7
2,344264,37,rpm,616,457,36.7,36.7,3915,497,0,1884,1.828,1,COM7
2,344285,37,rpm,626,457,36.7,36.7,3915,497,0,1884,1.828,1,COM7
2,344306,37,rpm,512,457,36.7,36.7,3915,497,0,1884,1.828,1,COM7
2,344326,37,rpm,338,457,36.7,36.7,3915,497,0,1885,1.828,1,COM7
2,344347,37,rpm,251,457,36.7,36.7,3915,497,0,1885,1.828,1,COM7
2,344368,37,rpm,-381,457,36.7,36.7,3915,497,0,1885,1.828,1,COM7
2,344388,37,rpm,37,457,36.7,36.7,3915,497,0,1885,1.828,1,COM7
2,344409,37,rpm,305,457,36.7,36.7,3915,497,0,1885,1.829,1,COM7
2,344430,37,rpm,719,457,36.7,36.7,3915,497,0,1885,1.829,1,COM7
2,344451,37,rpm,844,457,36.7,36.7,3915,497,0,1886,1.829,1,COM7
2,344471,37,rpm,763,457,36.7,36.7,3915,497,0,1886,1.829,1,COM7
2,344492,37,rpm,753,457,36.7,36.7,3915,497,0,1886,1.829,1,COM7
2,344513,37,rpm,742,457,36.7,36.7,3915,497,0,1886,1.829,1,COM7
2,344533,37,rpm,551,457,36.7,36.7,3915,497,0,1886,1.83,1,COM7
2,344554,37,rpm,532,457,36.7,36.7,3915,497,0,1886,1.83,1,COM7
2,344575,37,rpm,442,457,36.7,36.7,3915,497,0,1886,1.83,1,COM7
2,344595,37,rpm,277,457,36.7,36.7,3915,497,0,1887,1.83,1,COM7
2,344616,37,rpm,-62,457,36.7,36.7,3915,497,0,1887,1.83,1,COM7
2,344637,37,rpm,-204,457,36.7,36.7,3915,497,0,1887,1.83,1,COM7
2,344658,37,rpm,138,457,36.7,36.7,3915,497,0,1887,1.83,1,COM7
2,344678,37,rpm,568,457,36.7,36.7,3915,497,0,1887,1.831,1,COM7
2,344699,37,rpm,810,457,36.7,36.7,3915,497,0,1887,1.831,1,COM7
2,344720,37,rpm,838,457,36.7,36.7,3915,497,0,1888,1.831,1,COM7
2,344740,37,rpm,706,457,36.7,36.7,3915,497,0,1888,1.831,1,COM7
2,344761,37,rpm,721,457,36.7,36.7,3915,497,0,1888,1.831,1,COM7
2,344782,37,rpm,608,457,36.7,36.7,3915,497,0,1888,1.831,1,COM7
2,344803,37,rpm,562,457,36.7,36.7,3915,497,0,1888,1.832,1,COM7
2,344823,37,rpm,459,457,36.7,36.7,3915,497,0,1888,1.832,1,COM7
2,344844,37,rpm,364,457,36.7,36.7,3915,497,0,1888,1.832,1,COM7
2,344865,37,rpm,206,457,36.7,36.7,3915,497,0,1889,1.832,1,COM7
2,344885,37,rpm,-390,457,36.7,36.7,3915,497,0,1889,1.832,1,COM7
2,344906,37,rpm,59,457,36.7,36.7,3915,497,0,1889,1.832,1,COM7
2,344927,37,rpm,435,457,36.7,36.7,3915,497,0,1889,1.832,1,COM7
2,344947,37,rpm,687,457,36.7,36.7,3915,497,0,1889,1.833,1,COM7
2,344968,37,rpm,717,457,36.7,36.7,3915,497,0,1889,1.833,1,COM7
2,344989,37,rpm,961,457,36.7,36.7,3915,497,0,1890,1.833,1,COM7
2,345010,37,rpm,719,457,36.7,36.7,3915,497,0,1890,1.833,1,COM7
2,345030,37,rpm,564,457,36.7,36.7,3915,497,0,1890,1.833,1,COM7
2,345051,37,rpm,677,457,36.7,36.7,3915,497,0,1890,1.833,1,COM7
2,345072,37,rpm,528,457,36.7,36.7,3915,497,0,1890,1.834,1,COM7
2,345092,37,rpm,353,457,36.7,36.7,3915,497,0,1890,1.834,1,COM7
2,345113,37,rpm,326,457,36.7,36.7,3915,497,0,1891,1.834,1,COM7
2,345134,37,rpm,-237,457,36.7,36.7,3915,497,0,1891,1.834,1,COM7
2,345155,37,rpm,-83,457,36.7,36.7,3915,497,0,1891,1.834,1,COM7
2,345175,37,rpm,199,457,36.7,36.7,3915,497,0,1891,1.834,1,COM7
2,345196,37,rpm,706,457,36.7,36.7,3915,497,0,1891,1.834,1,COM7
2,345217,37,rpm,733,457,36.7,36.7,3915,497,0,1891,1.835,1,COM7
2,345237,37,rpm,796,457,36.7,36.7,3915,497,0,1891,1.835,1,COM7
2,345258,37,rpm,809,457,36.7,36.7,3915,497,0,1892,1.835,1,COM7
2,345279,37,rpm,713,457,36.7,36.7,3915,497,0,1892,1.835,1,COM7
2,345299,37,rpm,514,457,36.7,36.7,3915,497,0,1892,1.835,1,COM7
2,345320,37,rpm,596,457,36.7,36.7,3915,497,0,1892,1.835,1,COM7
2,345341,37,rpm,487,457,36.7,36.7,3915,497,0,1892,1.836,1,COM7
2,345361,37,rpm,293,457,36.7,36.7,3915,497,0,1892,1.836,1,COM7
2,345382,37,rpm,132,457,36.7,36.7,3915,497,0,1893,1.836,1,COM7
2,345403,37,rpm,-364,457,36.7,36.7,3915,497,0,1893,1.836,1,COM7
2,345424,37,rpm,88,457,36.7,36.7,3915,497,0,1893,1.836,1,COM7
2,345444,37,rpm,485,457,36.7,36.7,3915,497,0,1893,1.836,1,COM7
2,345465,37,rpm,801,457,36.7,36.7,3915,497,0,1893,1.836,1,COM7
2,345486,37,rpm,787,457,36.7,36.7,3915,497,0,1893,1.837,1,COM7
2,345506,37,rpm,759,457,36.7,36.7,3915,497,0,1894,1.837,1,COM7
2,345527,37,rpm,791,457,36.7,36.7,3915,497,0,1894,1.837,1,COM7
2,345548,37,rpm,604,457,36.7,36.7,3915,497,0,1894,1.837,1,COM7
2,345569,37,rpm,549,457,36.7,36.7,3915,497,0,1894,1.837,1,COM7
2,345589,37,rpm,516,457,36.7,36.7,3915,497,0,1894,1.837,1,COM7
2,345610,37,rpm,364,457,36.7,36.7,3915,497,0,1894,1.838,1,COM7
2,345631,37,rpm,259,457,36.7,36.7,3915,497,0,1894,1.838,1,COM7
2,345651,37,rpm,-402,457,36.7,36.7,3915,497,0,1895,1.838,1,COM7
2,345672,37,rpm,44,457,36.7,36.7,3915,497,0,1895,1.838,1,COM7
2,345693,37,rpm,382,457,36.7,36.7,3915,497,0,1895,1.838,1,COM7
2,345713,37,rpm,631,457,36.7,36.7,3915,497,0,1895,1.838,1,COM7
2,345734,37,rpm,875,457,36.7,36.7,3915,497,0,1895,1.838,1,COM7
2,345755,37,rpm,925,457,36.7,36.7,3915,497,0,1895,1.839,1,COM7
2,345776,37,rpm,705,457,36.7,36.7,3915,497,0,1896,1.839,1,COM7
2,345796,37,rpm,600,457,36.7,36.7,3915,497,0,1896,1.839,1,COM7
2,345817,37,rpm,692,457,36.7,36.7,3915,497,0,1896,1.839,1,COM7
2,345838,37,rpm,490,457,36.7,36.7,3915,497,0,1896,1.839,1,COM7
2,345858,37,rpm,338,457,36.7,36.7,3915,497,0,1896,1.839,1,COM7
2,345879,37,rpm,279,457,36.7,36.7,3915,497,0,1896,1.839,1,COM7
2,345900,37,rpm,-352,457,36.7,36.7,3915,497,0,1897,1.84,1,COM7
2,345921,37,rpm,18,457,36.7,36.7,3915,497,0,1897,1.84,1,COM7
2,345941,37,rpm,319,457,36.7,36.7,3915,497,0,1897,1.84,1,COM7
2,345962,37,rpm,715,457,36.7,36.7,3915,497,0,1897,1.84,1,COM7
2,345983,37,rpm,696,457,36.7,36.7,3915,497,0,1897,1.84,1,COM7
2,346003,37,rpm,902,457,36.7,36.7,3915,497,0,1897,1.84,1,COM7
2,346024,37,rpm,780,457,36.7,36.7,3915,497,0,1897,1.841,1,COM7
2,346045,37,rpm,629,457,36.7,36.7,3915,497,0,1898,1.841,1,COM7
2,346065,37,rpm,559,457,36.7,36.7,3915,497,0,1898,1.841,1,COM7
2,346086,37,rpm,557,457,36.7,36.7,3915,497,0,1898,1.841,1,COM7
2,346107,37,rpm,444,457,36.7,36.7,3915,497,0,1898,1.841,1,COM7
2,346128,37,rpm,289,457,36.7,36.7,3915,497,0,1898,1.841,1,COM7
2,346148,37,rpm,-73,457,36.7,36.7,3915,497,0,1898,1.841,1,COM7
2,346169,37,rpm,-194,457,36.7,36.7,3915,497,0,1899,1.842,1,COM7
2,346190,37,rpm,132,457,36.7,36.7,3915,497,0,1899,1.842,1,COM7
2,346210,37,rpm,611,457,36.7,36.7,3915,497,0,1899,1.842,1,COM7
2,346231,37,rpm,820,457,36.7,36.7,3915,497,0,1899,1.842,1,COM7
2,346252,37,rpm,799,457,36.7,36.7,3915,497,0,1899,1.842,1,COM7
2,346272,37,rpm,739,457,36.7,36.7,3915,497,0,1899,1.842,1,COM7
2,346293,37,rpm,798,457,36.7,36.7,3915,497,0,1900,1.843,1,COM7
2,346314,37,rpm,586,457,36.7,36.7,3915,497,0,1900,1.843,1,COM7
2,346334,37,rpm,516,457,36.7,36.7,3915,497,0,1900,1.843,1,COM7
2,346355,37,rpm,552,457,36.7,36.7,3915,497,0,1900,1.843,1,COM7
2,346376,37,rpm,330,457,36.7,36.7,3915,497,0,1900,1.843,1,COM7
2,346396,37,rpm,251,457,36.7,36.7,3915,497,0,1900,1.843,1,COM7
2,346417,37,rpm,-391,457,36.7,36.7,3915,497,0,1900,1.843,1,COM7
2,346438,37,rpm,45,457,36.7,36.7,3915,497,0,1901,1.844,1,COM7
2,346458,37,rpm,301,457,36.7,36.7,3915,497,0,1901,1.844,1,COM7
2,346479,37,rpm,749,457,36.7,36.7,3915,497,0,1901,1.844,1,COM7
2,346500,37,rpm,753,457,36.7,36.7,3915,497,0,1901,1.844,1,COM7
2,346521,37,rpm,874,457,36.7,36.7,3915,497,0,1901,1.844,1,COM7
2,346541,37,rpm,741,457,36.7,36.7,3915,497,0,1901,1.844,1,COM7
2,346562,37,rpm,601,457,36.7,36.7,3915,497,0,1902,1.845,1,COM7
2,346583,37,rpm,652,457,36.7,36.7,3915,497,0,1902,1.845,1,COM7
2,346603,37,rpm,534,457,36.7,36.7,3915,497,0,1902,1.845,1,COM7
2,346624,37,rpm,361,457,36.7,36.7,3915,497,0,1902,1.845,1,COM7
2,346645,37,rpm,336,457,36.7,36.7,3915,497,0,1902,1.845,1,COM7
2,346665,37,rpm,-179,457,36.7,36.7,3915,497,0,1902,1.845,1,COM7
2,346686,37,rpm,-149,457,36.7,36.7,3915,497,0,1903,1.845,1,COM7
2,346707,37,rpm,176,457,36.7,36.7,3915,497,0,1903,1.846,1,COM7
2,346728,37,rpm,672,457,36.7,36.7,3915,497,0,1903,1.846,1,COM7
2,346748,37,rpm,651,457,36.7,36.7,3915,497,0,1903,1.846,1,COM7
2,346769,37,rpm,938,457,36.7,36.7,3915,497,0,1903,1.846,1,COM7
2,346790,37,rpm,815,457,36.7,36.7,3915,497,0,1903,1.846,1,COM7
2,346810,37,rpm,587,457,36.7,36.7,3915,497,0,1903,1.846,1,COM7
2,346831,37,rpm,669,457,36.7,36.7,3915,497,0,1904,1.847,1,COM7
2,346852,37,rpm,600,457,36.7,36.7,3915,497,0,1904,1.847,1,COM7
2,346872,37,rpm,437,457,36.7,36.7,3915,497,0,1904,1.847,1,COM7
2,346893,37,rpm,320,457,36.7,36.7,3915,497,0,1904,1.847,1,COM7
2,346914,37,rpm,199,457,36.7,36.7,3915,497,0,1904,1.847,1,COM7
2,346935,37,rpm,-390,457,36.7,36.7,3915,497,0,1904,1.847,1,COM7
2,346955,37,rpm,61,457,36.7,36.7,3915,497,0,1905,1.847,1,COM7
2,346976,37,rpm,497,457,36.7,36.7,3915,497,0,1905,1.848,1,COM7
2,346997,37,rpm,749,457,36.7,36.7,3915,497,0,1905,1.848,1,COM7
2,347017,37,rpm,695,457,36.7,36.7,3915,497,0,1905,1.848,1,COM7
2,347038,37,rpm,887,457,36.7,36.7,3915,497,0,1905,1.848,1,COM7
2,347059,37,rpm,818,457,36.7,36.7,3915,497,0,1905,1.848,1,COM7
2,347079,37,rpm,513,457,36.7,36.7,3915,497,0,1906,1.848,1,COM7
2,347100,37,rpm,595,457,36.7,36.7,3915,497,0,1906,1.849,1,COM7
2,347121,37,rpm,571,457,36.7,36.7,3915,497,0,1906,1.849,1,COM7
2,347142,37,rpm,338,457,36.7,36.7,3915,497,0,1906,1.849,1,COM7
2,347162,37,rpm,269,457,36.7,36.7,3915,497,0,1906,1.849,1,COM7
2,347183,37,rpm,-386,457,36.7,36.7,3915,497,0,1906,1.849,1,COM7
2,347204,37,rpm,35,457,36.7,36.7,3915,497,0,1906,1.849,1,COM7
2,347225,37,rpm,266,457,36.7,36.7,3915,497,0,1907,1.849,1,COM7
2,347245,37,rpm,752,457,36.7,36.7,3915,497,0,1907,1.85,1,COM7
2,347266,37,rpm,833,457,36.7,36.7,3915,497,0,1907,1.85,1,COM7
2,347287,37,rpm,815,457,36.7,36.7,3915,497,0,1907,1.85,1,COM7
2,347307,37,rpm,764,457,36.7,36.7,3915,497,0,1907,1.85,1,COM7
2,347328,37,rpm,639,457,36.7,36.7,3915,497,0,1907,1.85,1,COM7
2,347349,37,rpm,639,457,36.7,36.7,3915,497,0,1908,1.85,1,COM7
2,347369,37,rpm,494,457,36.7,36.7,3915,497,0,1908,1.85,1,COM7
2,347390,37,rpm,373,457,36.7,36.7,3915,497,0,1908,1.851,1,COM7
2,347411,37,rpm,272,457,36.7,36.7,3915,497,0,1908,1.851,1,COM7
2,347432,37,rpm,-301,457,36.7,36.7,3915,497,0,1908,1.851,1,COM7
2,347452,37,rpm,-9,457,36.7,36.7,3915,497,0,1908,1.851,1,COM7
2,347473,37,rpm,252,457,36.7,36.7,3915,497,0,1909,1.851,1,COM7
2,347494,37,rpm,667,457,36.7,36.7,3915,497,0,1909,1.851,1,COM7
2,347514,37,rpm,675,457,36.7,36.7,3915,497,0,1909,1.852,1,COM7
2,347535,37,rpm,991,457,36.7,36.7,3915,497,0,1909,1.852,1,COM7
2,347556,37,rpm,763,457,36.7,36.7,3915,497,0,1909,1.852,1,COM7
2,347577,37,rpm,572,457,36.7,36.7,3915,497,0,1909,1.852,1,COM7
2,347597,37,rpm,684,457,36.7,36.7,3915,497,0,1909,1.852,1,COM7
2,347618,37,rpm,551,457,36.7,36.7,3915,497,0,1910,1.852,1,COM7
2,347639,37,rpm,397,457,36.7,36.7,3915,497,0,1910,1.852,1,COM7
2,347659,37,rpm,326,457,36.7,36.7,3915,497,0,1910,1.853,1,COM7
2,347680,37,rpm,-14,457,36.7,36.7,3915,497,0,1910,1.853,1,COM7
2,347701,37,rpm,-235,457,36.7,36.7,3915,497,0,1910,1.853,1,COM7
2,347722,37,rpm,105,457,36.7,36.7,3915,497,0,1910,1.853,1,COM7
2,347742,37,rpm,626,457,36.7,36.7,3915,497,0,1911,1.853,1,COM7
2,347763,37,rpm,727,457,36.7,36.7,3915,497,0,1911,1.853,1,COM7
2,347784,37,rpm,743,457,36.7,36.7,3915,497,0,1911,1.854,1,COM7
2,347804,37,rpm,821,457,36.7,36.7,3915,497,0,1911,1.854,1,COM7
2,347825,37,rpm,764,457,36.7,36.7,3915,497,0,1911,1.854,1,COM7
2,347846,37,rpm,545,457,36.7,36.7,3915,497,0,1911,1.854,1,COM7
2,347866,37,rpm,602,457,36.7,36.7,3915,497,0,1912,1.854,1,COM7
2,347887,37,rpm,518,457,36.7,36.7,3915,497,0,1912,1.854,1,COM7
2,347908,37,rpm,330,457,36.7,36.7,3915,497,0,1912,1.854,1,COM7
2,347928,37,rpm,255,457,36.7,36.7,3915,497,0,1912,1.855,1,COM7
2,347949,37,rpm,-393,457,36.7,36.7,3915,497,0,1912,1.855,1,COM7
2,347970,37,rpm,39,457,36.7,36.7,3915,497,0,1912,1.855,1,COM7
2,347990,37,rpm,281,457,36.7,36.7,3915,497,0,1912,1.855,1,COM7
2,348011,37,rpm,777,457,36.7,36.7,3915,497,0,1913,1.855,1,COM7
2,348032,37,rpm,717,457,36.7,36.7,3915,497,0,1913,1.855,1,COM7
2,348052,37,rpm,811,457,36.7,36.7,3915,497,0,1913,1.856,1,COM7
2,348073,37,rpm,861,457,36.7,36.7,3915,497,0,1913,1.856,1,COM7
2,348094,37,rpm,607,457,36.7,36.7,3915,497,0,1913,1.856,1,COM7
2,348115,37,rpm,589,457,36.7,36.7,3915,497,0,1913,1.856,1,COM7
2,348135,37,rpm,577,457,36.7,36.7,3915,497,0,1914,1.856,1,COM7
2,348156,37,rpm,416,457,36.7,36.7,3915,497,0,1914,1.856,1,COM7
2,348177,37,rpm,310,457,36.7,36.7,3915,497,0,1914,1.856,1,COM7
2,348197,37,rpm,-61,457,36.7,36.7,3915,497,0,1914,1.857,1,COM7
2,348218,37,rpm,-227,457,36.7,36.7,3915,497,0,1914,1.857,1,COM7
2,348239,37,rpm,138,457,36.7,36.7,3915,497,0,1914,1.857,1,COM7
2,348259,37,rpm,616,457,36.7,36.7,3915,497,0,1915,1.857,1,COM7
2,348280,37,rpm,742,457,36.7,36.7,3915,497,0,1915,1.857,1,COM7
2,348301,37,rpm,879,457,36.7,36.7,3915,497,0,1915,1.857,1,COM7
2,348322,37,rpm,798,457,36.7,36.7,3915,497,0,1915,1.858,1,COM7
2,348342,37,rpm,611,457,36.7,36.7,3915,497,0,1915,1.858,1,COM7
2,348363,37,rpm,705,457,36.7,36.7,3915,497,0,1915,1.858,1,COM7
2,348384,37,rpm,560,457,36.7,36.7,3915,497,0,1915,1.858,1,COM7
2,348404,37,rpm,433,457,36.7,36.7,3915,497,0,1916,1.858,1,COM7
2,348425,37,rpm,378,457,36.7,36.7,3915,497,0,1916,1.858,1,COM7
2,348446,37,rpm,224,457,36.7,36.7,3915,497,0,1916,1.858,1,COM7
2,348466,37,rpm,-398,457,36.7,36.7,3915,497,0,1916,1.859,1,COM7
2,348487,37,rpm,58,457,36.7,36.7,3915,497,0,1916,1.859,1,COM7
2,348508,37,rpm,414,457,36.7,36.7,3915,497,0,1916,1.859,1,COM7
2,348528,37,rpm,618,457,36.7,36.7,3915,497,0,1917,1.859,1,COM7
2,348549,37,rpm,864,457,36.7,36.7,3915,497,0,1917,1.859,1,COM7
2,348570,37,rpm,881,457,36.7,36.7,3915,497,0,1917,1.859,1,COM7
2,348590,37,rpm,691,457,36.7,36.7,3915,497,0,1917,1.86,1,COM7
2,348611,37,rpm,563,457,36.7,36.7,3915,497,0,1917,1.86,1,COM7
2,348632,37,rpm,641,457,36.7,36.7,3915,497,0,1917,1.86,1,COM7
2,348653,37,rpm,543,457,36.7,36.7,3915,497,0,1918,1.86,1,COM7
2,348673,37,rpm,342,457,36.7,36.7,3915,497,0,1918,1.86,1,COM7
2,348694,37,rpm,301,457,36.7,36.7,3915,497,0,1918,1.86,1,COM7
2,348715,37,rpm,-318,457,36.7,36.7,3915,497,0,1918,1.86,1,COM7
2,348735,37,rpm,-8,457,36.7,36.7,3915,497,0,1918,1.861,1,COM7
2,348756,37,rpm,233,457,36.7,36.7,3915,497,0,1918,1.861,1,COM7
2,348777,37,rpm,765,457,36.7,36.7,3915,497,0,1918,1.861,1,COM7
2,348797,37,rpm,746,457,36.7,36.7,3915,497,0,1919,1.861,1,COM7
2,348818,37,rpm,817,457,36.7,36.7,3915,497,0,1919,1.861,1,COM7
2,348839,37,rpm,880,457,36.7,36.7,3915,497,0,1919,1.861,1,COM7
2,348859,37,rpm,620,457,36.7,36.7,3915,497,0,1919,1.861,1,COM7
2,348880,37,rpm,613,457,36.7,36.7,3915,497,0,1919,1.862,1,COM7
2,348901,37,rpm,576,457,36.7,36.7,3915,497,0,1919,1.862,1,COM7
2,348921,37,rpm,380,457,36.7,36.7,3915,497,0,1920,1.862,1,COM7
2,348942,37,rpm,268,457,36.7,36.7,3915,497,0,1920,1.862,1,COM7
2,348963,37,rpm,-234,457,36.7,36.7,3915,497,0,1920,1.862,1,COM7
2,348983,37,rpm,-63,457,36.7,36.7,3915,497,0,1920,1.862,1,COM7
2,349004,37,rpm,156,457,36.7,36.7,3915,497,0,1920,1.863,1,COM7
2,349025,37,rpm,693,457,36.7,36.7,3915,497,0,1920,1.863,1,COM7
2,349045,37,rpm,761,457,36.7,36.7,3915,497,0,1920,1.863,1,COM7
2,349066,37,rpm,835,457,36.7,36.7,3915,497,0,1921,1.863,1,COM7
2,349087,37,rpm,779,457,36.7,36.7,3915,497,0,1921,1.863,1,COM7
2,349107,37,rpm,635,457,36.7,36.7,3915,497,0,1921,1.863,1,COM7
2,349128,37,rpm,649,457,36.7,36.7,3915,497,0,1921,1.863,1,COM7
2,349149,37,rpm,569,457,36.7,36.7,3915,497,0,1921,1.864,1,COM7
2,349170,37,rpm,441,457,36.7,36.7,3915,497,0,1921,1.864,1,COM7
2,349190,37,rpm,350,457,36.7,36.7,3915,497,0,1922,1.864,1,COM7
2,349211,37,rpm,115,457,36.7,36.7,3915,497,0,1922,1.864,1,COM7
2,349232,37,rpm,-321,457,36.7,36.7,3915,497,0,1922,1.864,1,COM7
2,349252,37,rpm,86,457,36.7,36.7,3915,497,0,1922,1.864,1,COM7
2,349273,37,rpm,525,457,36.7,36.7,3915,497,0,1922,1.865,1,COM7
2,349294,37,rpm,650,457,36.7,36.7,3915,497,0,1922,1.865,1,COM7
2,349314,37,rpm,863,457,36.7,36.7,3915,497,0,1923,1.865,1,COM7
2,349335,37,rpm,834,457,36.7,36.7,3915,497,0,1923,1.865,1,COM7
2,349356,37,rpm,622,457,36.7,36.7,3915,497,0,1923,1.865,1,COM7
2,349376,37,rpm,700,457,36.7,36.7,3915,497,0,1923,1.865,1,COM7
2,349397,37,rpm,600,457,36.7,36.7,3915,497,0,1923,1.865,1,COM7
2,349418,37,rpm,462,457,36.7,36.7,3915,497,0,1923,1.866,1,COM7
2,349439,37,rpm,395,457,36.7,36.7,3915,497,0,1923,1.866,1,COM7
2,349459,37,rpm,295,457,36.7,36.7,3915,497,0,1924,1.866,1,COM7
2,349480,37,rpm,-338,457,36.7,36.7,3915,497,0,1924,1.866,1,COM7
2,349501,37,rpm,1,457,36.7,36.7,3915,497,0,1924,1.866,1,COM7
2,349521,37,rpm,265,457,36.7,36.7,3915,497,0,1924,1.866,1,COM7
2,349542,37,rpm,656,457,36.7,36.7,3915,497,0,1924,1.867,1,COM7
2,349563,37,rpm,715,457,36.7,36.7,3915,497,0,1924,1.867,1,COM7
2,349583,37,rpm,872,457,36.7,36.7,3915,497,0,1925,1.867,1,COM7
2,349604,37,rpm,852,457,36.7,36.7,3915,497,0,1925,1.867,1,COM7
2,349625,37,rpm,568,457,36.7,36.7,3915,497,0,1925,1.867,1,COM7
2,349646,37,rpm,608,457,36.7,36.7,3915,497,0,1925,1.867,1,COM7
2,349666,37,rpm,624,457,36.7,36.7,3915,497,0,1925,1.867,1,COM7
2,349687,37,rpm,383,457,36.7,36.7,3915,497,0,1925,1.868,1,COM7
2,349708,37,rpm,326,457,36.7,36.7,3915,497,0,1926,1.868,1,COM7
2,349728,37,rpm,-1,457,36.7,36.7,3915,497,0,1926,1.868,1,COM7
2,349749,37,rpm,-263,457,36.7,36.7,3915,497,0,1926,1.868,1,COM7
2,349770,37,rpm,101,457,36.7,36.7,3915,497,0,1926,1.868,1,COM7
2,349791,37,rpm,653,457,36.7,36.7,3915,497,0,1926,1.868,1,COM7
2,349811,37,rpm,664,457,36.7,36.7,3915,497,0,1926,1.869,1,COM7
2,349832,37,rpm,789,457,36.7,36.7,3915,497,0,1926,1.869,1,COM7
2,349853,37,rpm,919,457,36.7,36.7,3915,497,0,1927,1.869,1,COM7
2,349873,37,rpm,659,457,36.7,36.7,3915,497,0,1927,1.869,1,COM7
2,349894,37,rpm,608,457,36.7,36.7,3915,497,0,1927,1.869,1,COM7
2,349915,37,rpm,600,457,36.7,36.7,3915,497,0,1927,1.869,1,COM7
2,349935,37,rpm,516,457,36.7,36.7,3915,497,0,1927,1.869,1,COM7
2,349956,37,rpm,352,457,36.7,36.7,3915,497,0,1927,1.87,1,COM7
2,349977,37,rpm,246,457,36.7,36.7,3915,497,0,1928,1.87,1,COM7
2,349998,37,rpm,-390,457,36.7,36.7,3915,497,0,1928,1.87,1,COM7
2,350018,37,rpm,47,457,36.7,36.7,3915,497,0,1928,1.87,1,COM7
2,350039,37,rpm,355,457,36.7,36.7,3915,497,0,1928,1.87,1,COM7
2,350060,37,rpm,635,457,36.7,36.7,3915,497,0,1928,1.87,1,COM7
2,350080,37,rpm,877,457,36.7,36.7,3915,497,0,1928,1.871,1,COM7
2,350101,37,rpm,843,457,36.7,36.7,3915,497,0,1929,1.871,1,COM7
2,350122,37,rpm,648,457,36.7,36.7,3915,497,0,1929,1.871,1,COM7
2,350142,37,rpm,731,457,36.7,36.7,3915,497,0,1929,1.871,1,COM7
2,350163,37,rpm,605,457,36.7,36.7,3915,497,0,1929,1.871,1,COM7
2,350184,37,rpm,489,457,36.7,36.7,3915,497,0,1929,1.871,1,COM7
2,350204,37,rpm,423,457,36.7,36.7,3915,497,0,1929,1.871,1,COM7
2,350225,37,rpm,310,457,36.7,36.7,3915,497,0,1929,1.872,1,COM7
2,350246,37,rpm,-206,457,36.7,36.7,3915,497,0,1930,1.872,1,COM7
2,350267,37,rpm,-94,457,36.7,36.7,3915,497,0,1930,1.872,1,COM7
2,350287,37,rpm,192,457,36.7,36.7,3915,497,0,1930,1.872,1,COM7
2,350308,37,rpm,657,457,36.7,36.7,3915,497,0,1930,1.872,1,COM7
2,350329,37,rpm,765,457,36.7,36.7,3915,497,0,1930,1.872,1,COM7
2,350350,37,rpm,919,457,36.7,36.7,3915,497,0,1930,1.873,1,COM7
2,350370,37,rpm,821,457,36.7,36.7,3915,497,0,1931,1.873,1,COM7
2,350391,37,rpm,602,457,36.7,36.7,3915,497,0,1931,1.873,1,COM7
2,350412,37,rpm,641,457,36.7,36.7,3915,497,0,1931,1.873,1,COM7
2,350432,37,rpm,584,457,36.7,36.7,3915,497,0,1931,1.873,1,COM7
2,350453,37,rpm,374,457,36.7,36.7,3915,497,0,1931,1.873,1,COM7
2,350474,37,rpm,284,457,36.7,36.7,3915,497,0,1931,1.873,1,COM7
2,350494,37,rpm,-113,457,36.7,36.7,3915,497,0,1932,1.874,1,COM7
2,350515,37,rpm,-152,457,36.7,36.7,3915,497,0,1932,1.874,1,COM7
2,350536,37,rpm,142,457,36.7,36.7,3915,497,0,1932,1.874,1,COM7
2,350557,37,rpm,724,457,36.7,36.7,3915,497,0,1932,1.874,1,COM7
2,350577,37,rpm,697,457,36.7,36.7,3915,497,0,1932,1.874,1,COM7
2,350598,37,rpm,785,457,36.7,36.7,3915,497,0,1932,1.874,1,COM7
2,350619,37,rpm,918,457,36.7,36.7,3915,497,0,1932,1.874,1,COM7
2,350639,37,rpm,618,457,36.7,36.7,3915,497,0,1933,1.875,1,COM7
2,350660,37,rpm,577,457,36.7,36.7,3915,497,0,1933,1.875,1,COM7
2,350681,37,rpm,627,457,36.7,36.7,3915,497,0,1933,1.875,1,COM7
2,350702,37,rpm,452,457,36.7,36.7,3915,497,0,1933,1.875,1,COM7
2,350722,37,rpm,326,457,36.7,36.7,3915,497,0,1933,1.875,1,COM7
2,350743,37,rpm,191,457,36.7,36.7,3915,497,0,1933,1.875,1,COM7
2,350764,37,rpm,-389,457,36.7,36.7,3915,497,0,1934,1.876,1,COM7
2,350784,37,rpm,62,457,36.7,36.7,3915,497,0,1934,1.876,1,COM7
2,350805,37,rpm,453,457,36.7,36.7,3915,497,0,1934,1.876,1,COM7
2,350826,37,rpm,690,457,36.7,36.7,3915,497,0,1934,1.876,1,COM7
2,350846,37,rpm,822,457,36.7,36.7,3915,497,0,1934,1.876,1,COM7
2,350867,37,rpm,825,457,36.7,36.7,3915,497,0,1934,1.876,1,COM7
2,350888,37,rpm,713,457,36.7,36.7,3915,497,0,1935,1.876,1,COM7
2,350908,37,rpm,671,457,36.7,36.7,3915,497,0,1935,1.877,1,COM7
2,350929,37,rpm,586,457,36.7,36.7,3915,497,0,1935,1.877,1,COM7
2,350950,37,rpm,468,457,36.7,36.7,3915,497,0,1935,1.877,1,COM7
2,350970,37,rpm,431,457,36.7,36.7,3915,497,0,1935,1.877,1,COM7
2,350991,37,rpm,290,457,36.7,36.7,3915,497,0,1935,1.877,1,COM7
2,351012,37,rpm,-261,457,36.7,36.7,3915,497,0,1935,1.877,1,COM7
2,351033,37,rpm,-48,457,36.7,36.7,3915,497,0,1936,1.878,1,COM7
2,351053,37,rpm,201,457,36.7,36.7,3915,497,0,1936,1.878,1,COM7
2,351074,37,rpm,613,457,36.7,36.7,3915,497,0,1936,1.878,1,COM7
2,351095,37,rpm,784,457,36.7,36.7,3915,497,0,1936,1.878,1,COM7
2,351115,37,rpm,901,457,36.7,36.7,3915,497,0,1936,1.878,1,COM7
2,351136,37,rpm,680,457,36.7,36.7,3915,497,0,1936,1.878,1,COM7
2,351157,37,rpm,718,457,36.7,36.7,3915,497,0,1937,1.878,1,COM7
2,351177,37,rpm,643,457,36.7,36.7,3915,497,0,1937,1.879,1,COM7
2,351198,37,rpm,546,457,36.7,36.7,3915,497,0,1937,1.879,1,COM7
2,351219,37,rpm,424,457,36.7,36.7,3915,497,0,1937,1.879,1,COM7
2,351239,37,rpm,353,457,36.7,36.7,3915,497,0,1937,1.879,1,COM7
2,351260,37,rpm,81,457,36.7,36.7,3915,497,0,1937,1.879,1,COM7
2,351281,37,rpm,-332,457,36.7,36.7,3915,497,0,1938,1.879,1,COM7
2,351301,37,rpm,90,457,36.7,36.7,3915,497,0,1938,1.88,1,COM7
2,351322,37,rpm,592,457,36.7,36.7,3915,497,0,1938,1.88,1,COM7
2,351343,37,rpm,637,457,36.7,36.7,3915,497,0,1938,1.88,1,COM7
2,351364,37,rpm,852,457,36.7,36.7,3915,497,0,1938,1.88,1,COM7
2,351384,37,rpm,935,457,36.7,36.7,3915,497,0,1938,1.88,1,COM7
2,351405,37,rpm,618,457,36.7,36.7,3915,497,0,1938,1.88,1,COM7
2,351426,37,rpm,583,457,36.7,36.7,3915,497,0,1939,1.88,1,COM7
2,351446,37,rpm,671,457,36.7,36.7,3915,497,0,1939,1.881,1,COM7
2,351467,37,rpm,471,457,36.7,36.7,3915,497,0,1939,1.881,1,COM7
2,351488,37,rpm,359,457,36.7,36.7,3915,497,0,1939,1.881,1,COM7
2,351509,37,rpm,284,457,36.7,36.7,3915,497,0,1939,1.881,1,COM7
2,351529,37,rpm,-386,457,36.7,36.7,3915,497,0,1939,1.881,1,COM7
2,351550,37,rpm,14,457,36.7,36.7,3915,497,0,1940,1.881,1,COM7
2,351571,37,rpm,309,457,36.7,36.7,3915,497,0,1940,1.882,1,COM7
2,351591,37,rpm,664,457,36.7,36.7,3915,497,0,1940,1.882,1,COM7
2,351612,37,rpm,770,457,36.7,36.7,3915,497,0,1940,1.882,1,COM7
2,351633,37,rpm,885,457,36.7,36.7,3915,497,0,1940,1.882,1,COM7
2,351653,37,rpm,751,457,36.7,36.7,3915,497,0,1940,1.882,1,COM7
2,351674,37,rpm,654,457,36.7,36.7,3915,497,0,1940,1.882,1,COM7
2,351695,37,rpm,590,457,36.7,36.7,3915,497,0,1941,1.882,1,COM7
2,351715,37,rpm,532,457,36.7,36.7,3915,497,0,1941,1.883,1,COM7
2,351736,37,rpm,429,457,36.7,36.7,3915,497,0,1941,1.883,1,COM7
2,351757,37,rpm,281,457,36.7,36.7,3915,497,0,1941,1.883,1,COM7
2,351778,37,rpm,-114,457,36.7,36.7,3915,497,0,1941,1.883,1,COM7
2,351798,37,rpm,-169,457,36.7,36.7,3915,497,0,1941,1.883,1,COM7
2,351819,37,rpm,167,457,36.7,36.7,3915,497,0,1942,1.883,1,COM7
2,351840,37,rpm,606,457,36.7,36.7,3915,497,0,1942,1.884,1,COM7
2,351861,37,rpm,867,457,36.7,36.7,3915,497,0,1942,1.884,1,COM7
2,351881,37,rpm,884,457,36.7,36.7,3915,497,0,1942,1.884,1,COM7
2,351902,37,rpm,684,457,36.7,36.7,3915,497,0,1942,1.884,1,COM7
2,351922,37,rpm,770,457,36.7,36.7,3915,497,0,1942,1.884,1,COM7
2,351943,37,rpm,634,457,36.7,36.7,3915,497,0,1943,1.884,1,COM7
2,351964,37,rpm,529,457,36.7,36.7,3915,497,0,1943,1.884,1,COM7
2,351985,37,rpm,419,457,36.7,36.7,3915,497,0,1943,1.885,1,COM7
2,352005,37,rpm,324,457,36.7,36.7,3915,497,0,1943,1.885,1,COM7
2,352026,37,rpm,2,457,36.7,36.7,3915,497,0,1943,1.885,1,COM7
2,352047,37,rpm,-248,457,36.7,36.7,3915,497,0,1943,1.885,1,COM7
2,352067,37,rpm,122,457,36.7,36.7,3915,497,0,1943,1.885,1,COM7
2,352088,37,rpm,613,457,36.7,36.7,3915,497,0,1944,1.885,1,COM7
2,352109,37,rpm,649,457,36.7,36.7,3915,497,0,1944,1.885,1,COM7
2,352129,37,rpm,874,457,36.7,36.7,3915,497,0,1944,1.886,1,COM7
2,352150,37,rpm,878,457,36.7,36.7,3915,497,0,1944,1.886,1,COM7
2,352171,37,rpm,592,457,36.7,36.7,3915,497,0,1944,1.886,1,COM7
2,352192,37,rpm,616,457,36.7,36.7,3915,497,0,1944,1.886,1,COM7
2,352212,37,rpm,668,457,36.7,36.7,3915,497,0,1945,1.886,1,COM7
2,352233,37,rpm,431,457,36.7,36.7,3915,497,0,1945,1.886,1,COM7
2,352254,37,rpm,348,457,36.7,36.7,3915,497,0,1945,1.887,1,COM7
2,352274,37,rpm,222,457,36.7,36.7,3915,497,0,1945,1.887,1,COM7
2,352295,37,rpm,-389,457,36.7,36.7,3915,497,0,1945,1.887,1,COM7
2,352316,37,rpm,51,457,36.7,36.7,3915,497,0,1945,1.887,1,COM7
2,352337,37,rpm,452,457,36.7,36.7,3915,497,0,1946,1.887,1,COM7
2,352357,37,rpm,668,457,36.7,36.7,3915,497,0,1946,1.887,1,COM7
2,352378,37,rpm,742,457,36.7,36.7,3915,497,0,1946,1.887,1,COM7
2,352399,37,rpm,921,457,36.7,36.7,3915,497,0,1946,1.888,1,COM7
2,352419,37,rpm,723,457,36.7,36.7,3915,497,0,1946,1.888,1,COM7
2,352440,37,rpm,593,457,36.7,36.7,3915,497,0,1946,1.888,1,COM7
2,352461,37,rpm,606,457,36.7,36.7,3915,497,0,1946,1.888,1,COM7
2,352481,37,rpm,529,457,36.7,36.7,3915,497,0,1947,1.888,1,COM7
2,352502,37,rpm,382,457,36.7,36.7,3915,497,0,1947,1.888,1,COM7
2,352523,37,rpm,287,457,36.7,36.7,3915,497,0,1947,1.889,1,COM7
2,352544,37,rpm,-147,457,36.7,36.7,3915,497,0,1947,1.889,1,COM7
2,352564,37,rpm,-126,457,36.7,36.7,3915,497,0,1947,1.889,1,COM7
2,352585,37,rpm,150,457,36.7,36.7,3915,497,0,1947,1.889,1,COM7
2,352606,37,rpm,662,457,36.7,36.7,3915,497,0,1948,1.889,1,COM7
2,352626,37,rpm,777,457,36.7,36.7,3915,497,0,1948,1.889,1,COM7
2,352647,37,rpm,883,457,36.7,36.7,3915,497,0,1948,1.889,1,COM7
2,352668,37,rpm,746,457,36.7,36.7,3915,497,0,1948,1.89,1,COM7
2,352688,37,rpm,708,457,36.7,36.7,3915,497,0,1948,1.89,1,COM7
2,352709,37,rpm,620,457,36.7,36.7,3915,497,0,1948,1.89,1,COM7
2,352730,37,rpm,490,457,36.7,36.7,3915,497,0,1949,1.89,1,COM7
2,352751,37,rpm,523,457,36.7,36.7,3915,497,0,1949,1.89,1,COM7
2,352771,37,rpm,356,457,36.7,36.7,3915,497,0,1949,1.89,1,COM7
2,352792,37,rpm,156,457,36.7,36.7,3915,497,0,1949,1.891,1,COM7
2,352813,37,rpm,-399,457,36.7,36.7,3915,497,0,1949,1.891,1,COM7
2,352833,37,rpm,79,457,36.7,36.7,3915,497,0,1949,1.891,1,COM7
2,352854,37,rpm,474,457,36.7,36.7,3915,497,0,1949,1.891,1,COM7
2,352875,37,rpm,690,457,36.7,36.7,3915,497,0,1950,1.891,1,COM7
2,352896,37,rpm,894,457,36.7,36.7,3915,497,0,1950,1.891,1,COM7
2,352916,37,rpm,858,457,36.7,36.7,3915,497,0,1950,1.891,1,COM7
2,352937,37,rpm,605,457,36.7,36.7,3915,497,0,1950,1.892,1,COM7
2,352958,37,rpm,628,457,36.7,36.7,3915,497,0,1950,1.892,1,COM7
2,352978,37,rpm,668,457,36.7,36.7,3915,497,0,1950,1.892,1,COM7
2,352999,37,rpm,455,457,36.7,36.7,3915,497,0,1951,1.892,1,COM7
2,353020,37,rpm,376,457,36.7,36.7,3915,497,0,1951,1.892,1,COM7
2,353041,37,rpm,296,457,36.7,36.7,3915,497,0,1951,1.892,1,COM7
2,353061,37,rpm,-338,457,36.7,36.7,3915,497,0,1951,1.893,1,COM7
2,353082,37,rpm,-1,457,36.7,36.7,3915,497,0,1951,1.893,1,COM7
2,353103,37,rpm,282,457,36.7,36.7,3915,497,0,1951,1.893,1,COM7
2,353123,37,rpm,613,457,36.7,36.7,3915,497,0,1952,1.893,1,COM7
2,353144,37,rpm,720,457,36.7,36.7,3915,497,0,1952,1.893,1,COM7
2,353165,37,rpm,1005,457,36.7,36.7,3915,497,0,1952,1.893,1,COM7
2,353186,37,rpm,702,457,36.7,36.7,3915,497,0,1952,1.893,1,COM7
2,353206,37,rpm,602,457,36.7,36.7,3915,497,0,1952,1.894,1,COM7
2,353227,37,rpm,635,457,36.7,36.7,3915,497,0,1952,1.894,1,COM7
2,353248,37,rpm,580,457,36.7,36.7,3915,497,0,1952,1.894,1,COM7
2,353268,37,rpm,408,457,36.7,36.7,3915,497,0,1953,1.894,1,COM7
2,353289,37,rpm,314,457,36.7,36.7,3915,497,0,1953,1.894,1,COM7
2,353310,37,rpm,-75,457,36.7,36.7,3915,497,0,1953,1.894,1,COM7
2,353331,37,rpm,-203,457,36.7,36.7,3915,497,0,1953,1.895,1,COM7
2,353351,37,rpm,149,457,36.7,36.7,3915,497,0,1953,1.895,1,COM7
2,353372,37,rpm,607,457,36.7,36.7,3915,497,0,1953,1.895,1,COM7
2,353393,37,rpm,833,457,36.7,36.7,3915,497,0,1954,1.895,1,COM7
2,353413,37,rpm,864,457,36.7,36.7,3915,497,0,1954,1.895,1,COM7
2,353434,37,rpm,739,457,36.7,36.7,3915,497,0,1954,1.895,1,COM7
2,353455,37,rpm,731,457,36.7,36.7,3915,497,0,1954,1.895,1,COM7
2,353476,37,rpm,647,457,36.7,36.7,3915,497,0,1954,1.896,1,COM7
2,353496,37,rpm,502,457,36.7,36.7,3915,497,0,1954,1.896,1,COM7
2,353517,37,rpm,474,457,36.7,36.7,3915,497,0,1955,1.896,1,COM7
2,353538,37,rpm,314,457,36.7,36.7,3915,497,0,1955,1.896,1,COM7
2,353558,37,rpm,34,457,36.7,36.7,3915,497,0,1955,1.896,1,COM7
2,353579,37,rpm,-297,457,36.7,36.7,3915,497,0,1955,1.896,1,COM7
2,353600,37,rpm,110,457,36.7,36.7,3915,497,0,1955,1.897,1,COM7
2,353620,37,rpm,541,457,36.7,36.7,3915,497,0,1955,1.897,1,COM7
2,353641,37,rpm,715,457,36.7,36.7,3915,497,0,1955,1.897,1,COM7
2,353662,37,rpm,928,457,36.7,36.7,3915,497,0,1956,1.897,1,COM7
2,353683,37,rpm,777,457,36.7,36.7,3915,497,0,1956,1.897,1,COM7
2,353703,37,rpm,596,457,36.7,36.7,3915,497,0,1956,1.897,1,COM7
2,353724,37,rpm,683,457,36.7,36.7,3915,497,0,1956,1.897,1,COM7
2,353745,37,rpm,611,457,36.7,36.7,3915,497,0,1956,1.898,1,COM7
2,353765,37,rpm,442,457,36.7,36.7,3915,497,0,1956,1.898,1,COM7
2,353786,37,rpm,367,457,36.7,36.7,3915,497,0,1957,1.898,1,COM7
2,353807,37,rpm,235,457,36.7,36.7,3915,497,0,1957,1.898,1,COM7
2,353827,37,rpm,-373,457,36.7,36.7,3915,497,0,1957,1.898,1,COM7
2,353848,37,rpm,40,457,36.7,36.7,3915,497,0,1957,1.898,1,COM7
2,353869,37,rpm,429,457,36.7,36.7,3915,497,0,1957,1.898,1,COM7
2,353890,37,rpm,621,457,36.7,36.7,3915,497,0,1957,1.899,1,COM7
2,353910,37,rpm,740,457,36.7,36.7,3915,497,0,1958,1.899,1,COM7
2,353931,37,rpm,974,457,36.7,36.7,3915,497,0,1958,1.899,1,COM7
2,353952,37,rpm,668,457,36.7,36.7,3915,497,0,1958,1.899,1,COM7
2,353972,37,rpm,621,457,36.7,36.7,3915,497,0,1958,1.899,1,COM7
2,353993,37,rpm,667,457,36.7,36.7,3915,497,0,1958,1.899,1,COM7
2,354014,37,rpm,509,457,36.7,36.7,3915,497,0,1958,1.9,1,COM7
2,354034,37,rpm,376,457,36.7,36.7,3915,497,0,1958,1.9,1,COM7
2,354055,37,rpm,335,457,36.7,36.7,3915,497,0,1959,1.9,1,COM7
2,354076,37,rpm,-111,457,36.7,36.7,3915,497,0,1959,1.9,1,COM7
2,354097,37,rpm,-179,457,36.7,36.7,3915,497,0,1959,1.9,1,COM7
2,354117,37,rpm,145,457,36.7,36.7,3915,497,0,1959,1.9,1,COM7
2,354138,37,rpm,617,457,36.7,36.7,3915,497,0,1959,1.9,1,COM7
2,354159,37,rpm,730,457,36.7,36.7,3915,497,0,1959,1.901,1,COM7
2,354179,37,rpm,886,457,36.7,36.7,3915,497,0,1960,1.901,1,COM7
2,354200,37,rpm,750,457,36.7,36.7,3915,497,0,1960,1.901,1,COM7
2,354221,37,rpm,744,457,36.7,36.7,3915,497,0,1960,1.901,1,COM7
2,354242,37,rpm,623,457,36.7,36.7,3915,497,0,1960,1.901,1,COM7
2,354262,37,rpm,553,457,36.7,36.7,3915,497,0,1960,1.901,1,COM7
2,354283,37,rpm,495,457,36.7,36.7,3915,497,0,1960,1.902,1,COM7
2,354304,37,rpm,344,457,36.7,36.7,3915,497,0,1961,1.902,1,COM7
2,354324,37,rpm,199,457,36.7,36.7,3915,497,0,1961,1.902,1,COM7
2,354345,37,rpm,-420,457,36.7,36.7,3915,497,0,1961,1.902,1,COM7
2,354366,37,rpm,65,457,36.7,36.7,3915,497,0,1961,1.902,1,COM7
2,354387,37,rpm,396,457,36.7,36.7,3915,497,0,1961,1.902,1,COM7
2,354407,37,rpm,762,457,36.7,36.7,3915,497,0,1961,1.902,1,COM7
2,354428,37,rpm,857,457,36.7,36.7,3915,497,0,1961,1.903,1,COM7
2,354449,37,rpm,731,457,36.7,36.7,3915,497,0,1962,1.903,1,COM7
2,354469,37,rpm,726,457,36.7,36.7,3915,497,0,1962,1.903,1,COM7
2,354490,37,rpm,670,457,36.7,36.7,3915,497,0,1962,1.903,1,COM7
2,354511,37,rpm,601,457,36.7,36.7,3915,497,0,1962,1.903,1,COM7
2,354531,37,rpm,473,457,36.7,36.7,3915,497,0,1962,1.903,1,COM7
2,354552,37,rpm,415,457,36.7,36.7,3915,497,0,1962,1.904,1,COM7
2,354573,37,rpm,278,457,36.7,36.7,3915,497,0,1963,1.904,1,COM7
2,354594,37,rpm,-272,457,36.7,36.7,3915,497,0,1963,1.904,1,COM7
2,354614,37,rpm,-47,457,36.7,36.7,3915,497,0,1963,1.904,1,COM7
2,354635,37,rpm,240,457,36.7,36.7,3915,497,0,1963,1.904,1,COM7
2,354656,37,rpm,637,457,36.7,36.7,3915,497,0,1963,1.904,1,COM7
2,354677,37,rpm,738,457,36.7,36.7,3915,497,0,1963,1.904,1,COM7
2,354697,37,rpm,986,457,36.7,36.7,3915,497,0,1964,1.905,1,COM7
2,354718,37,rpm,688,457,36.7,36.7,3915,497,0,1964,1.905,1,COM7
2,354739,37,rpm,602,457,36.7,36.7,3915,497,0,1964,1.905,1,COM7
2,354759,37,rpm,715,457,36.7,36.7,3915,497,0,1964,1.905,1,COM7
2,354780,37,rpm,515,457,36.7,36.7,3915,497,0,1964,1.905,1,COM7
2,354801,37,rpm,410,457,36.7,36.7,3915,497,0,1964,1.905,1,COM7
2,354821,37,rpm,340,457,36.7,36.7,3915,497,0,1964,1.906,1,COM7
2,354842,37,rpm,-24,457,36.7,36.7,3915,497,0,1965,1.906,1,COM7
2,354863,37,rpm,-252,457,36.7,36.7,3915,497,0,1965,1.906,1,COM7
2,354883,37,rpm,114,457,36.7,36.7,3915,497,0,1965,1.906,1,COM7
2,354904,37,rpm,602,457,36.7,36.7,3915,497,0,1965,1.906,1,COM7
2,354925,37,rpm,728,457,36.7,36.7,3915,497,0,1965,1.906,1,COM7
2,354946,37,rpm,865,457,36.7,36.7,3915,497,0,1965,1.906,1,COM7
2,354966,37,rpm,775,457,36.7,36.7,3915,497,0,1966,1.907,1,COM7
2,354987,37,rpm,755,457,36.7,36.7,3915,497,0,1966,1.907,1,COM7
2,355008,37,rpm,625,457,36.7,36.7,3915,497,0,1966,1.907,1,COM7
2,355029,37,rpm,507,457,36.7,36.7,3915,497,0,1966,1.907,1,COM7
2,355049,37,rpm,495,457,36.7,36.7,3915,497,0,1966,1.907,1,COM7
2,355070,37,rpm,308,457,36.7,36.7,3915,497,0,1966,1.907,1,COM7
2,355091,37,rpm,65,457,36.7,36.7,3915,497,0,1967,1.908,1,COM7
2,355111,37,rpm,-299,457,36.7,36.7,3915,497,0,1967,1.908,1,COM7
2,355132,37,rpm,97,457,36.7,36.7,3915,497,0,1967,1.908,1,COM7
2,355153,37,rpm,506,457,36.7,36.7,3915,497,0,1967,1.908,1,COM7
2,355173,37,rpm,781,457,36.7,36.7,3915,497,0,1967,1.908,1,COM7
2,355194,37,rpm,861,457,36.7,36.7,3915,497,0,1967,1.908,1,COM7
2,355215,37,rpm,710,457,36.7,36.7,3915,497,0,1967,1.908,1,COM7
2,355235,37,rpm,776,457,36.7,36.7,3915,497,0,1968,1.909,1,COM7
2,355256,37,rpm,666,457,36.7,36.7,3915,497,0,1968,1.909,1,COM7
2,355277,37,rpm,543,457,36.7,36.7,3915,497,0,1968,1.909,1,COM7
2,355298,37,rpm,502,457,36.7,36.7,3915,497,0,1968,1.909,1,COM7
2,355318,37,rpm,367,457,36.7,36.7,3915,497,0,1968,1.909,1,COM7
2,355339,37,rpm,254,457,36.7,36.7,3915,497,0,1968,1.909,1,COM7
2,355360,37,rpm,-360,457,36.7,36.7,3915,497,0,1969,1.91,1,COM7
2,355380,37,rpm,32,457,36.7,36.7,3915,497,0,1969,1.91,1,COM7
2,355401,37,rpm,329,457,36.7,36.7,3915,497,0,1969,1.91,1,COM7
2,355422,37,rpm,583,457,36.7,36.7,3915,497,0,1969,1.91,1,COM7
2,355442,37,rpm,822,457,36.7,36.7,3915,497,0,1969,1.91,1,COM7
2,355463,37,rpm,950,457,36.7,36.7,3915,497,0,1969,1.91,1,COM7
2,355484,37,rpm,645,457,36.7,36.7,3915,497,0,1970,1.91,1,COM7
2,355504,37,rpm,631,457,36.7,36.7,3915,497,0,1970,1.911,1,COM7
2,355525,37,rpm,691,457,36.7,36.7,3915,497,0,1970,1.911,1,COM7
2,355546,37,rpm,481,457,36.7,36.7,3915,497,0,1970,1.911,1,COM7
2,355567,37,rpm,391,457,36.7,36.7,3915,497,0,1970,1.911,1,COM7
2,355587,37,rpm,352,457,36.7,36.7,3915,497,0,1970,1.911,1,COM7
2,355608,37,rpm,-52,457,36.7,36.7,3915,497,0,1970,1.911,1,COM7
2,355629,37,rpm,-225,457,36.7,36.7,3915,497,0,1971,1.912,1,COM7
2,355649,37,rpm,140,457,36.7,36.7,3915,497,0,1971,1.912,1,COM7
2,355670,37,rpm,592,457,36.7,36.7,3915,497,0,1971,1.912,1,COM7
2,355691,37,rpm,646,457,36.7,36.7,3915,497,0,1971,1.912,1,COM7
2,355711,37,rpm,937,457,36.7,36.7,3915,497,0,1971,1.912,1,COM7
2,355732,37,rpm,799,457,36.7,36.7,3915,497,0,1971,1.912,1,COM7
2,355753,37,rpm,651,457,36.7,36.7,3915,497,0,1972,1.912,1,COM7
2,355774,37,rpm,674,457,36.7,36.7,3915,497,0,1972,1.913,1,COM7
2,355794,37,rpm,540,457,36.7,36.7,3915,497,0,1972,1.913,1,COM7
2,355815,37,rpm,504,457,36.7,36.7,3915,497,0,1972,1.913,1,COM7
2,355836,37,rpm,352,457,36.7,36.7,3915,497,0,1972,1.913,1,COM7
2,355856,37,rpm,219,457,36.7,36.7,3915,497,0,1972,1.913,1,COM7
2,355877,37,rpm,-413,457,36.7,36.7,3915,497,0,1973,1.913,1,COM7
2,355898,37,rpm,59,457,36.7,36.7,3915,497,0,1973,1.913,1,COM7
2,355918,37,rpm,375,457,36.7,36.7,3915,497,0,1973,1.914,1,COM7
2,355939,37,rpm,758,457,36.7,36.7,3915,497,0,1973,1.914,1,COM7
2,355960,37,rpm,803,457,36.7,36.7,3915,497,0,1973,1.914,1,COM7
2,355981,37,rpm,761,457,36.7,36.7,3915,497,0,1973,1.914,1,COM7
2,356001,37,rpm,828,457,36.7,36.7,3915,497,0,1973,1.914,1,COM7
2,356022,37,rpm,644,457,36.7,36.7,3915,497,0,1974,1.914,1,COM7
2,356043,37,rpm,538,457,36.7,36.7,3915,497,0,1974,1.915,1,COM7
2,356063,37,rpm,584,457,36.7,36.7,3915,497,0,1974,1.915,1,COM7
2,356084,37,rpm,410,457,36.7,36.7,3915,497,0,1974,1.915,1,COM7
2,356105,37,rpm,267,457,36.7,36.7,3915,497,0,1974,1.915,1,COM7
2,356125,37,rpm,-217,457,36.7,36.7,3915,497,0,1974,1.915,1,COM7
2,356146,37,rpm,-103,457,36.7,36.7,3915,497,0,1975,1.915,1,COM7
2,356167,37,rpm,162,457,36.7,36.7,3915,497,0,1975,1.915,1,COM7
2,356188,37,rpm,630,457,36.7,36.7,3915,497,0,1975,1.916,1,COM7
2,356208,37,rpm,777,457,36.7,36.7,3915,497,0,1975,1.916,1,COM7
2,356229,37,rpm,927,457,36.7,36.7,3915,497,0,1975,1.916,1,COM7
2,356250,37,rpm,639,457,36.7,36.7,3915,497,0,1975,1.916,1,COM7
2,356270,37,rpm,723,457,36.7,36.7,3915,497,0,1976,1.916,1,COM7
2,356291,37,rpm,671,457,36.7,36.7,3915,497,0,1976,1.916,1,COM7
2,356312,37,rpm,513,457,36.7,36.7,3915,497,0,1976,1.917,1,COM7
2,356333,37,rpm,422,457,36.7,36.7,3915,497,0,1976,1.917,1,COM7
2,356353,37,rpm,357,457,36.7,36.7,3915,497,0,1976,1.917,1,COM7
2,356374,37,rpm,14,457,36.7,36.7,3915,497,0,1976,1.917,1,COM7
2,356395,37,rpm,-274,457,36.7,36.7,3915,497,0,1976,1.917,1,COM7
2,356415,37,rpm,111,457,36.7,36.7,3915,497,0,1977,1.917,1,COM7
2,356436,37,rpm,563,457,36.7,36.7,3915,497,0,1977,1.917,1,COM7
2,356457,37,rpm,658,457,36.7,36.7,3915,497,0,1977,1.918,1,COM7
2,356478,37,rpm,1008,457,36.7,36.7,3915,497,0,1977,1.918,1,COM7
2,356498,37,rpm,795,457,36.7,36.7,3915,497,0,1977,1.918,1,COM7
2,356519,37,rpm,643,457,36.7,36.7,3915,497,0,1977,1.918,1,COM7
2,356540,37,rpm,729,457,36.7,36.7,3915,497,0,1978,1.918,1,COM7
2,356560,37,rpm,562,457,36.7,36.7,3915,497,0,1978,1.918,1,COM7
2,356581,37,rpm,440,457,36.7,36.7,3915,497,0,1978,1.919,1,COM7
2,356601,37,rpm,326,457,36.7,36.7,3915,497,0,1978,1.919,1,COM7
2,356622,37,rpm,163,457,36.7,36.7,3915,497,0,1978,1.919,1,COM7
2,356643,37,rpm,-338,457,36.7,36.7,3915,497,0,1978,1.919,1,COM7
2,356664,37,rpm,80,457,36.7,36.7,3915,497,0,1979,1.919,1,COM7
2,356684,37,rpm,512,457,36.7,36.7,3915,497,0,1979,1.919,1,COM7
2,356705,37,rpm,708,457,36.7,36.7,3915,497,0,1979,1.919,1,COM7
2,356726,37,rpm,827,457,36.7,36.7,3915,497,0,1979,1.92,1,COM7
2,356746,37,rpm,751,457,36.7,36.7,3915,497,0,1979,1.92,1,COM7
2,356767,37,rpm,798,457,36.7,36.7,3915,497,0,1979,1.92,1,COM7
2,356788,37,rpm,583,457,36.7,36.7,3915,497,0,1979,1.92,1,COM7
2,356808,37,rpm,579,457,36.7,36.7,3915,497,0,1980,1.92,1,COM7
2,356829,37,rpm,523,457,36.7,36.7,3915,497,0,1980,1.92,1,COM7
2,356850,37,rpm,374,457,36.7,36.7,3915,497,0,1980,1.921,1,COM7
2,356870,37,rpm,255,457,36.7,36.7,3915,497,0,1980,1.921,1,COM7
2,356891,37,rpm,-337,457,36.7,36.7,3915,497,0,1980,1.921,1,COM7
2,356912,37,rpm,17,457,36.7,36.7,3915,497,0,1980,1.921,1,COM7
2,356933,37,rpm,236,457,36.7,36.7,3915,497,0,1981,1.921,1,COM7
2,356953,37,rpm,723,457,36.7,36.7,3915,497,0,1981,1.921,1,COM7
2,356974,37,rpm,794,457,36.7,36.7,3915,497,0,1981,1.921,1,COM7
2,356995,37,rpm,793,457,36.7,36.7,3915,497,0,1981,1.922,1,COM7
2,357015,37,rpm,747,457,36.7,36.7,3915,497,0,1981,1.922,1,COM7
2,357036,37,rpm,683,457,36.7,36.7,3915,497,0,1981,1.922,1,COM7
2,357057,37,rpm,600,457,36.7,36.7,3915,497,0,1982,1.922,1,COM7
2,357077,37,rpm,505,457,36.7,36.7,3915,497,0,1982,1.922,1,COM7
2,357098,37,rpm,446,457,36.7,36.7,3915,497,0,1982,1.922,1,COM7
2,357119,37,rpm,330,457,36.7,36.7,3915,497,0,1982,1.923,1,COM7
2,357139,37,rpm,50,457,36.7,36.7,3915,497,0,1982,1.923,1,COM7
2,357160,37,rpm,-305,457,36.7,36.7,3915,497,0,1982,1.923,1,COM7
2,357181,37,rpm,106,457,36.7,36.7,3915,497,0,1982,1.923,1,COM7
2,357202,37,rpm,477,457,36.7,36.7,3915,497,0,1983,1.923,1,COM7
2,357222,37,rpm,724,457,36.7,36.7,3915,497,0,1983,1.923,1,COM7
2,357243,37,rpm,923,457,36.7,36.7,3915,497,0,1983,1.923,1,COM7
2,357264,37,rpm,760,457,36.7,36.7,3915,497,0,1983,1.924,1,COM7
2,357284,37,rpm,675,457,36.7,36.7,3915,497,0,1983,1.924,1,COM7
2,357305,37,rpm,737,457,36.7,36.7,3915,497,0,1983,1.924,1,COM7
2,357326,37,rpm,535,457,36.7,36.7,3915,497,0,1984,1.924,1,COM7
2,357346,37,rpm,461,457,36.7,36.7,3915,497,0,1984,1.924,1,COM7
2,357367,37,rpm,418,457,36.7,36.7,3915,497,0,1984,1.924,1,COM7
2,357388,37,rpm,248,457,36.7,36.7,3915,497,0,1984,1.925,1,COM7
2,357408,37,rpm,-388,457,36.7,36.7,3915,497,0,1984,1.925,1,COM7
2,357429,37,rpm,42,457,36.7,36.7,3915,497,0,1984,1.925,1,COM7
2,357450,37,rpm,339,457,36.7,36.7,3915,497,0,1984,1.925,1,COM7
2,357470,37,rpm,652,457,36.7,36.7,3915,497,0,1985,1.925,1,COM7
2,357491,37,rpm,848,457,36.7,36.7,3915,497,0,1985,1.925,1,COM7
2,357512,37,rpm,814,457,36.7,36.7,3915,497,0,1985,1.925,1,COM7
2,357533,37,rpm,770,457,36.7,36.7,3915,497,0,1985,1.926,1,COM7
2,357553,37,rpm,633,457,36.7,36.7,3915,497,0,1985,1.926,1,COM7
2,357574,37,rpm,586,457,36.7,36.7,3915,497,0,1985,1.926,1,COM7
2,357595,37,rpm,578,457,36.7,36.7,3915,497,0,1986,1.926,1,COM7
2,357616,37,rpm,378,457,36.7,36.7,3915,497,0,1986,1.926,1,COM7
2,357636,37,rpm,304,457,36.7,36.7,3915,497,0,1986,1.926,1,COM7
2,357657,37,rpm,-68,457,36.7,36.7,3915,497,0,1986,1.926,1,COM7
2,357678,37,rpm,-218,457,36.7,36.7,3915,497,0,1986,1.927,1,COM7
2,357698,37,rpm,125,457,36.7,36.7,3915,497,0,1986,1.927,1,COM7
2,357719,37,rpm,654,457,36.7,36.7,3915,497,0,1987,1.927,1,COM7
2,357740,37,rpm,751,457,36.7,36.7,3915,497,0,1987,1.927,1,COM7
2,357761,37,rpm,816,457,36.7,36.7,3915,497,0,1987,1.927,1,COM7
2,357781,37,rpm,829,457,36.7,36.7,3915,497,0,1987,1.927,1,COM7
2,357802,37,rpm,697,457,36.7,36.7,3915,497,0,1987,1.928,1,COM7
2,357823,37,rpm,568,457,36.7,36.7,3915,497,0,1987,1.928,1,COM7
2,357843,37,rpm,599,457,36.7,36.7,3915,497,0,1987,1.928,1,COM7
2,357864,37,rpm,467,457,36.7,36.7,3915,497,0,1988,1.928,1,COM7
2,357885,37,rpm,339,457,36.7,36.7,3915,497,0,1988,1.928,1,COM7
2,357906,37,rpm,130,457,36.7,36.7,3915,497,0,1988,1.928,1,COM7
2,357926,37,rpm,-350,457,36.7,36.7,3915,497,0,1988,1.928,1,COM7
2,357947,37,rpm,95,457,36.7,36.7,3915,497,0,1988,1.929,1,COM7
2,357968,37,rpm,509,457,36.7,36.7,3915,497,0,1988,1.929,1,COM7
2,357988,37,rpm,719,457,36.7,36.7,3915,497,0,1989,1.929,1,COM7
2,358009,37,rpm,987,457,36.7,36.7,3915,497,0,1989,1.929,1,COM7
2,358030,37,rpm,665,457,36.7,36.7,3915,497,0,1989,1.929,1,COM7
2,358050,37,rpm,785,457,36.7,36.7,3915,497,0,1989,1.929,1,COM7
2,358071,37,rpm,690,457,36.7,36.7,3915,497,0,1989,1.93,1,COM7
2,358092,37,rpm,542,457,36.7,36.7,3915,497,0,1989,1.93,1,COM7
2,358113,37,rpm,442,457,36.7,36.7,3915,497,0,1990,1.93,1,COM7
2,358133,37,rpm,381,457,36.7,36.7,3915,497,0,1990,1.93,1,COM7
2,358154,37,rpm,172,457,36.7,36.7,3915,497,0,1990,1.93,1,COM7
2,358175,37,rpm,-361,457,36.7,36.7,3915,497,0,1990,1.93,1,COM7
2,358195,37,rpm,67,457,36.7,36.7,3915,497,0,1990,1.93,1,COM7
2,358216,37,rpm,454,457,36.7,36.7,3915,497,0,1990,1.931,1,COM7
2,358237,37,rpm,628,457,36.7,36.7,3915,497,0,1990,1.931,1,COM7
2,358258,37,rpm,905,457,36.7,36.7,3915,497,0,1991,1.931,1,COM7
2,358278,37,rpm,795,457,36.7,36.7,3915,497,0,1991,1.931,1,COM7
2,358299,37,rpm,728,457,36.7,36.7,3915,497,0,1991,1.931,1,COM7
2,358320,37,rpm,638,456,36.7,36.7,3915,497,0,1991,1.931,1,COM7
2,358340,37,rpm,570,456,36.7,36.7,3915,497,0,1991,1.932,1,COM7
2,358361,37,rpm,545,456,36.7,36.7,3915,497,0,1991,1.932,1,COM7
2,358382,37,rpm,366,456,36.7,36.7,3915,497,0,1992,1.932,1,COM7
2,358402,37,rpm,276,456,36.7,36.7,3915,497,0,1992,1.932,1,COM7
2,358423,37,rpm,-337,456,36.7,36.7,3915,497,0,1992,1.932,1,COM7
2,358444,37,rpm,0,456,36.7,36.7,3915,497,0,1992,1.932,1,COM7
2,358465,37,rpm,221,456,36.7,36.7,3915,497,0,1992,1.932,1,COM7
2,358485,37,rpm,729,456,36.7,36.7,3915,497,0,1992,1.933,1,COM7
2,358506,37,rpm,775,456,36.7,36.7,3915,497,0,1993,1.933,1,COM7
2,358527,37,rpm,771,456,36.7,36.7,3915,497,0,1993,1.933,1,COM7
2,358547,37,rpm,812,456,36.7,36.7,3915,497,0,1993,1.933,1,COM7
2,358568,37,rpm,686,456,36.7,36.7,3915,497,0,1993,1.933,1,COM7
2,358589,37,rpm,519,456,36.7,36.7,3915,497,0,1993,1.933,1,COM7
2,358610,37,rpm,601,456,36.7,36.7,3915,497,0,1993,1.934,1,COM7
2,358630,37,rpm,451,456,36.7,36.7,3915,497,0,1993,1.934,1,COM7
2,358651,37,rpm,301,456,36.7,36.7,3915,497,0,1994,1.934,1,COM7
2,358672,37,rpm,97,456,36.7,36.7,3915,497,0,1994,1.934,1,COM7
2,358692,37,rpm,-307,456,36.7,36.7,3915,497,0,1994,1.934,1,COM7
2,358713,37,rpm,82,456,36.7,36.7,3915,497,0,1994,1.934,1,COM7
2,358734,37,rpm,510,456,36.7,36.7,3915,497,0,1994,1.934,1,COM7
2,358754,37,rpm,746,456,36.7,36.7,3915,497,0,1994,1.935,1,COM7
2,358775,37,rpm,822,456,36.7,36.7,3915,497,0,1995,1.935,1,COM7
2,358796,37,rpm,759,456,36.7,36.7,3915,497,0,1995,1.935,1,COM7
2,358816,37,rpm,717,456,36.7,36.7,3915,497,0,1995,1.935,1,COM7
2,358837,37,rpm,673,456,36.7,36.7,3915,497,0,1995,1.935,1,COM7
2,358858,37,rpm,531,456,36.7,36.7,3915,497,0,1995,1.935,1,COM7
2,358879,37,rpm,511,456,36.7,36.7,3915,497,0,1995,1.936,1,COM7
2,358899,37,rpm,413,456,36.7,36.7,3915,497,0,1996,1.936,1,COM7
2,358920,37,rpm,256,456,36.7,36.7,3915,497,0,1996,1.936,1,COM7
2,358941,37,rpm,-370,456,36.7,36.7,3915,497,0,1996,1.936,1,COM7
2,358961,37,rpm,26,456,36.7,36.7,3915,497,0,1996,1.936,1,COM7
2,358982,37,rpm,301,456,36.7,36.7,3915,497,0,1996,1.936,1,COM7
2,359003,37,rpm,624,456,36.7,36.7,3915,497,0,1996,1.936,1,COM7
2,359023,37,rpm,912,456,36.7,36.7,3915,497,0,1996,1.937,1,COM7
2,359044,37,rpm,800,456,36.7,36.7,3915,497,0,1997,1.937,1,COM7
2,359065,37,rpm,701,456,36.7,36.7,3915,497,0,1997,1.937,1,COM7
2,359086,37,rpm,723,456,36.7,36.7,3915,497,0,1997,1.937,1,COM7
2,359106,37,rpm,594,456,36.7,36.7,3915,497,0,1997,1.937,1,COM7
2,359127,37,rpm,528,456,36.7,36.7,3915,497,0,1997,1.937,1,COM7
2,359148,37,rpm,428,456,36.7,36.7,3915,497,0,1997,1.937,1,COM7
2,359168,37,rpm,321,456,36.7,36.7,3915,497,0,1998,1.938,1,COM7
2,359189,37,rpm,-16,456,36.7,36.7,3915,497,0,1998,1.938,1,COM7
2,359210,37,rpm,-264,456,36.7,36.7,3915,497,0,1998,1.938,1,COM7
2,359230,37,rpm,120,456,36.7,36.7,3915,497,0,1998,1.938,1,COM7
2,359251,37,rpm,610,456,36.7,36.7,3915,497,0,1998,1.938,1,COM7
2,359272,37,rpm,727,456,36.7,36.7,3915,497,0,1998,1.938,1,COM7
2,359292,37,rpm,824,456,36.7,36.7,3915,497,0,1999,1.939,1,COM7
2,359313,37,rpm,840,456,36.7,36.7,3915,497,0,1999,1.939,1,COM7
2,359334,37,rpm,671,456,36.7,36.7,3915,497,0,1999,1.939,1,COM7
2,359355,37,rpm,558,456,36.7,36.7,3915,497,0,1999,1.939,1,COM7
2,359375,37,rpm,648,456,36.7,36.7,3915,497,0,1999,1.939,1,COM7
2,359396,37,rpm,480,456,36.7,36.7,3915,497,0,1999,1.939,1,COM7
2,359417,37,rpm,304,456,36.7,36.7,3915,497,0,1999,1.939,1,COM7
2,359437,37,rpm,231,456,36.7,36.7,3915,497,0,2000,1.94,1,COM7
2,359458,37,rpm,-403,456,36.7,36.7,3915,497,0,2000,1.94,1,COM7
2,359479,37,rpm,62,456,36.7,36.7,3915,497,0,2000,1.94,1,COM7
2,359499,37,rpm,461,456,36.7,36.7,3915,497,0,2000,1.94,1,COM7
2,359520,37,rpm,729,456,36.7,36.7,3915,497,0,2000,1.94,1,COM7
2,359541,37,rpm,803,456,36.7,36.7,3915,497,0,2000,1.94,1,COM7
2,359562,37,rpm,811,456,36.7,36.7,3915,497,0,2001,1.941,1,COM7
2,359582,37,rpm,763,456,36.7,36.7,3915,497,0,2001,1.941,1,COM7
2,359603,37,rpm,644,456,36.7,36.7,3915,497,0,2001,1.941,1,COM7
2,359624,37,rpm,565,456,36.7,36.7,3915,497,0,2001,1.941,1,COM7
2,359645,37,rpm,470,456,36.7,36.7,3915,497,0,2001,1.941,1,COM7
2,359665,37,rpm,378,456,36.7,36.7,3915,497,0,2001,1.941,1,COM7
2,359686,37,rpm,205,456,36.7,36.7,3915,497,0,2002,1.941,1,COM7
2,359707,37,rpm,-390,456,36.7,36.7,3915,497,0,2002,1.942,1,COM7
2,359727,37,rpm,62,456,36.7,36.7,3915,497,0,2002,1.942,1,COM7
2,359748,37,rpm,395,456,36.7,36.7,3915,497,0,2002,1.942,1,COM7
2,359769,37,rpm,650,456,36.7,36.7,3915,497,0,2002,1.942,1,COM7
2,359789,37,rpm,937,456,36.7,36.7,3915,497,0,2002,1.942,1,COM7
2,359810,37,rpm,749,456,36.7,36.7,3915,497,0,2002,1.942,1,COM7
2,359831,37,rpm,685,456,36.7,36.7,3915,497,0,2003,1.943,1,COM7
2,359851,37,rpm,727,456,36.7,36.7,3915,497,0,2003,1.943,1,COM7
2,359872,37,rpm,577,456,36.7,36.7,3915,497,0,2003,1.943,1,COM7
2,359893,37,rpm,510,456,36.7,36.7,3915,497,0,2003,1.943,1,COM7
2,359914,37,rpm,422,456,36.7,36.7,3915,497,0,2003,1.943,1,COM7
2,359934,37,rpm,303,456,36.7,36.7,3915,497,0,2003,1.943,1,COM7
2,359955,37,rpm,-176,456,36.7,36.7,3915,497,0,2004,1.943,1,COM7
2,359976,37,rpm,-109,456,36.7,36.7,3915,497,0,2004,1.944,1,COM7
2,359996,37,rpm,175,456,36.7,36.7,3915,497,0,2004,1.944,1,COM7
2,360017,37,rpm,639,456,36.7,36.7,3915,497,0,2004,1.944,1,COM7
2,360038,37,rpm,762,456,36.7,36.7,3915,497,0,2004,1.944,1,COM7
2,360059,37,rpm,875,456,36.7,36.7,3915,497,0,2004,1.944,1,COM7
2,360079,37,rpm,806,456,36.7,36.7,3915,497,0,2005,1.944,1,COM7
2,360100,37,rpm,606,456,36.7,36.7,3915,497,0,2005,1.945,1,COM7
2,360121,37,rpm,605,456,36.7,36.7,3915,497,0,2005,1.945,1,COM7
2,360141,37,rpm,624,456,36.7,36.7,3915,497,0,2005,1.945,1,COM7
2,360162,37,rpm,421,456,36.7,36.7,3915,497,0,2005,1.945,1,COM7
2,360183,37,rpm,334,456,36.7,36.7,3915,497,0,2005,1.945,1,COM7
2,360204,37,rpm,142,456,36.7,36.7,3915,497,0,2005,1.945,1,COM7
2,360224,37,rpm,-324,456,36.7,36.7,3915,497,0,2006,1.945,1,COM7
2,360245,37,rpm,50,456,36.7,36.7,3915,497,0,2006,1.946,1,COM7
2,360266,37,rpm,507,456,36.7,36.7,3915,497,0,2006,1.946,1,COM7
2,360286,37,rpm,710,456,36.7,36.7,3915,497,0,2006,1.946,1,COM7
2,360307,37,rpm,701,456,36.7,36.7,3915,497,0,2006,1.946,1,COM7
2,360328,37,rpm,925,456,36.7,36.7,3915,497,0,2006,1.946,1,COM7
2,360349,37,rpm,750,456,36.7,36.7,3915,497,0,2007,1.946,1,COM7
2,360369,37,rpm,587,456,36.7,36.7,3915,497,0,2007,1.947,1,COM7
2,360390,37,rpm,591,456,36.7,36.7,3915,497,0,2007,1.947,1,COM7
2,360411,37,rpm,511,456,36.7,36.7,3915,497,0,2007,1.947,1,COM7
2,360431,37,rpm,394,456,36.7,36.7,3915,497,0,2007,1.947,1,COM7
2,360452,37,rpm,259,456,36.7,36.7,3915,497,0,2007,1.947,1,COM7
2,360473,37,rpm,-309,456,36.7,36.7,3915,497,0,2007,1.947,1,COM7
2,360494,37,rpm,-16,456,36.7,36.7,3915,497,0,2008,1.947,1,COM7
2,360514,37,rpm,233,456,36.7,36.7,3915,497,0,2008,1.948,1,COM7
2,360535,37,rpm,703,456,36.7,36.7,3915,497,0,2008,1.948,1,COM7
2,360556,37,rpm,858,456,36.7,36.7,3915,497,0,2008,1.948,1,COM7
2,360576,37,rpm,777,456,36.7,36.7,3915,497,0,2008,1.948,1,COM7
2,360597,37,rpm,722,456,36.7,36.7,3915,497,0,2008,1.948,1,COM7
2,360618,37,rpm,762,456,36.7,36.7,3915,497,0,2009,1.948,1,COM7
2,360639,37,rpm,570,456,36.7,36.7,3915,497,0,2009,1.948,1,COM7
2,360659,37,rpm,501,456,36.7,36.7,3915,497,0,2009,1.949,1,COM7
2,360680,37,rpm,492,456,36.7,36.7,3915,497,0,2009,1.949,1,COM7
2,360701,37,rpm,295,456,36.7,36.7,3915,497,0,2009,1.949,1,COM7
2,360722,37,rpm,29,456,36.7,36.7,3915,497,0,2009,1.949,1,COM7
2,360742,37,rpm,-303,456,36.7,36.7,3915,497,0,2010,1.949,1,COM7
2,360763,37,rpm,112,456,36.7,36.7,3915,497,0,2010,1.949,1,COM7
2,360784,37,rpm,568,456,36.7,36.7,3915,497,0,2010,1.95,1,COM7
2,360805,37,rpm,725,456,36.7,36.7,3915,497,0,2010,1.95,1,COM7
2,360825,37,rpm,816,456,36.7,36.7,3915,497,0,2010,1.95,1,COM7
2,360846,37,rpm,875,457,36.7,36.7,3915,497,0,2010,1.95,1,COM7
2,360867,37,rpm,668,457,36.7,36.7,3915,497,0,2010,1.95,1,COM7
2,360887,37,rpm,564,457,36.7,36.7,3915,497,0,2011,1.95,1,COM7
2,360908,37,rpm,635,457,36.7,36.7,3915,497,0,2011,1.95,1,COM7
2,360929,37,rpm,449,457,36.7,36.7,3915,497,0,2011,1.951,1,COM7
2,360949,37,rpm,337,457,36.7,36.7,3915,497,0,2011,1.951,1,COM7
2,360970,37,rpm,224,457,36.7,36.7,3915,497,0,2011,1.951,1,COM7
2,360991,37,rpm,-398,457,36.7,36.7,3915,497,0,2011,1.951,1,COM7
2,361012,37,rpm,62,457,36.7,36.7,3915,497,0,2012,1.951,1,COM7
2,361032,37,rpm,455,457,36.7,36.7,3915,497,0,2012,1.951,1,COM7
2,361053,37,rpm,719,457,36.7,36.7,3915,497,0,2012,1.952,1,COM7
2,361074,37,rpm,827,457,36.7,36.7,3915,497,0,2012,1.952,1,COM7
2,361094,37,rpm,870,457,36.7,36.7,3915,497,0,2012,1.952,1,COM7
2,361115,37,rpm,743,457,36.7,36.7,3915,497,0,2012,1.952,1,COM7
2,361136,37,rpm,597,457,36.7,36.7,3915,497,0,2013,1.952,1,COM7
2,361156,37,rpm,596,457,36.7,36.7,3915,497,0,2013,1.952,1,COM7
2,361177,37,rpm,503,457,36.7,36.7,3915,497,0,2013,1.952,1,COM7
2,361198,37,rpm,358,457,36.7,36.7,3915,497,0,2013,1.953,1,COM7
2,361219,37,rpm,226,457,36.7,36.7,3915,497,0,2013,1.953,1,COM7
2,361239,37,rpm,-369,457,36.7,36.7,3915,497,0,2013,1.953,1,COM7
2,361260,37,rpm,49,457,36.7,36.7,3915,497,0,2013,1.953,1,COM7
2,361281,37,rpm,351,457,36.7,36.7,3915,497,0,2014,1.953,1,COM7
2,361301,37,rpm,690,457,36.7,36.7,3915,497,0,2014,1.953,1,COM7
2,361322,37,rpm,911,457,36.7,36.7,3915,497,0,2014,1.954,1,COM7
2,361343,37,rpm,748,457,36.7,36.7,3915,497,0,2014,1.954,1,COM7
2,361363,37,rpm,710,457,36.7,36.7,3915,497,0,2014,1.954,1,COM7
2,361384,37,rpm,740,457,36.7,36.7,3915,497,0,2014,1.954,1,COM7
2,361405,37,rpm,540,457,36.7,36.7,3915,497,0,2015,1.954,1,COM7
2,361426,37,rpm,491,457,36.7,36.7,3915,497,0,2015,1.954,1,COM7
2,361446,37,rpm,459,457,36.7,36.7,3915,497,0,2015,1.954,1,COM7
2,361467,37,rpm,286,457,36.7,36.7,3915,497,0,2015,1.955,1,COM7
2,361488,37,rpm,-87,457,36.7,36.7,3915,497,0,2015,1.955,1,COM7
2,361508,37,rpm,-182,457,36.7,36.7,3915,497,0,2015,1.955,1,COM7
2,361529,37,rpm,149,457,36.7,36.7,3915,497,0,2016,1.955,1,COM7
2,361550,37,rpm,610,457,36.7,36.7,3915,497,0,2016,1.955,1,COM7
2,361571,37,rpm,773,457,36.7,36.7,3915,497,0,2016,1.955,1,COM7
2,361591,37,rpm,887,457,36.7,36.7,3915,497,0,2016,1.956,1,COM7
2,361612,37,rpm,763,457,36.7,36.7,3915,497,0,2016,1.956,1,COM7
2,361633,37,rpm,656,457,36.7,36.7,3915,497,0,2016,1.956,1,COM7
2,361653,37,rpm,617,457,36.7,36.7,3915,497,0,2016,1.956,1,COM7
2,361674,37,rpm,564,457,36.7,36.7,3915,497,0,2017,1.956,1,COM7
2,361695,37,rpm,460,457,36.7,36.7,3915,497,0,2017,1.956,1,COM7
2,361715,37,rpm,310,457,36.7,36.7,3915,497,0,2017,1.956,1,COM7
2,361736,37,rpm,203,457,36.7,36.7,3915,497,0,2017,1.957,1,COM7
2,361757,37,rpm,-373,457,36.7,36.7,3915,497,0,2017,1.957,1,COM7
2,361777,37,rpm,64,457,36.7,36.7,3915,497,0,2017,1.957,1,COM7
2,361798,37,rpm,476,457,36.7,36.7,3915,497,0,2018,1.957,1,COM7
2,361819,37,rpm,693,457,36.7,36.7,3915,497,0,2018,1.957,1,COM7
2,361840,37,rpm,672,457,36.7,36.7,3915,497,0,2018,1.957,1,COM7
2,361860,37,rpm,989,457,36.7,36.7,3915,497,0,2018,1.958,1,COM7
2,361881,37,rpm,723,457,36.7,36.7,3915,497,0,2018,1.958,1,COM7
2,361902,37,rpm,551,457,36.7,36.7,3915,497,0,2018,1.958,1,COM7
2,361922,37,rpm,661,457,36.7,36.7,3915,497,0,2019,1.958,1,COM7
2,361943,37,rpm,548,457,36.7,36.7,3915,497,0,2019,1.958,1,COM7
2,361964,37,rpm,355,457,36.7,36.7,3915,497,0,2019,1.958,1,COM7
2,361984,37,rpm,300,457,36.7,36.7,3915,497,0,2019,1.958,1,COM7
2,362005,37,rpm,-288,457,36.7,36.7,3915,497,0,2019,1.959,1,COM7
2,362026,37,rpm,-33,457,36.7,36.7,3915,497,0,2019,1.959,1,COM7
2,362047,37,rpm,225,457,36.7,36.7,3915,497,0,2019,1.959,1,COM7
2,362067,37,rpm,693,457,36.7,36.7,3915,497,0,2020,1.959,1,COM7
2,362088,37,rpm,817,457,36.7,36.7,3915,497,0,2020,1.959,1,COM7
2,362109,37,rpm,752,457,36.7,36.7,3915,497,0,2020,1.959,1,COM7
2,362130,37,rpm,814,457,36.7,36.7,3915,497,0,2020,1.96,1,COM7
2,362150,37,rpm,717,457,36.7,36.7,3915,497,0,2020,1.96,1,COM7
2,362171,37,rpm,558,457,36.7,36.7,3915,497,0,2020,1.96,1,COM7
2,362192,37,rpm,518,457,36.7,36.7,3915,497,0,2021,1.96,1,COM7
2,362212,37,rpm,500,457,36.7,36.7,3915,497,0,2021,1.96,1,COM7
2,362233,37,rpm,290,457,36.7,36.7,3915,497,0,2021,1.96,1,COM7
2,362254,37,rpm,95,457,36.7,36.7,3915,497,0,2021,1.96,1,COM7
2,362274,37,rpm,-332,457,36.7,36.7,3915,497,0,2021,1.961,1,COM7
2,362295,37,rpm,90,457,36.7,36.7,3915,497,0,2021,1.961,1,COM7
2,362316,37,rpm,498,457,36.7,36.7,3915,497,0,2022,1.961,1,COM7
2,362337,37,rpm,796,457,36.7,36.7,3915,497,0,2022,1.961,1,COM7
2,362357,37,rpm,822,457,36.7,36.7,3915,497,0,2022,1.961,1,COM7
2,362378,37,rpm,785,457,36.7,36.7,3915,497,0,2022,1.961,1,COM7
2,362399,37,rpm,724,457,36.7,36.7,3915,497,0,2022,1.961,1,COM7
2,362419,37,rpm,585,457,36.7,36.7,3915,497,0,2022,1.962,1,COM7
2,362440,37,rpm,606,457,36.7,36.7,3915,497,0,2022,1.962,1,COM7
2,362461,37,rpm,467,457,36.7,36.7,3915,497,0,2023,1.962,1,COM7
2,362482,37,rpm,347,457,36.7,36.7,3915,497,0,2023,1.962,1,COM7
2,362502,37,rpm,248,457,36.7,36.7,3915,497,0,2023,1.962,1,COM7
2,362523,37,rpm,-388,457,36.7,36.7,3915,497,0,2023,1.962,1,COM7
2,362544,37,rpm,58,457,36.7,36.7,3915,497,0,2023,1.963,1,COM7
2,362565,37,rpm,442,457,36.7,36.7,3915,497,0,2023,1.963,1,COM7
2,362585,37,rpm,680,457,36.7,36.7,3915,497,0,2024,1.963,1,COM7
2,362606,37,rpm,767,457,36.7,36.7,3915,497,0,2024,1.963,1,COM7
2,362627,37,rpm,977,457,36.7,36.7,3915,497,0,2024,1.963,1,COM7
2,362647,37,rpm,717,457,36.7,36.7,3915,497,0,2024,1.963,1,COM7
2,362668,37,rpm,569,457,36.7,36.7,3915,497,0,2024,1.963,1,COM7
2,362689,37,rpm,667,457,36.7,36.7,3915,497,0,2024,1.964,1,COM7
2,362709,37,rpm,506,457,36.7,36.7,3915,497,0,2025,1.964,1,COM7
2,362730,37,rpm,340,457,36.7,36.7,3915,497,0,2025,1.964,1,COM7
2,362751,37,rpm,265,457,36.7,36.7,3915,497,0,2025,1.964,1,COM7
2,362772,37,rpm,-356,457,36.7,36.7,3915,497,0,2025,1.964,1,COM7
2,362792,37,rpm,30,457,36.7,36.7,3915,497,0,2025,1.964,1,COM7
2,362813,37,rpm,322,457,36.7,36.7,3915,497,0,2025,1.965,1,COM7
2,362834,37,rpm,734,457,36.7,36.7,3915,497,0,2025,1.965,1,COM7
2,362854,37,rpm,792,457,36.7,36.7,3915,497,0,2026,1.965,1,COM7
2,362875,37,rpm,773,457,36.7,36.7,3915,497,0,2026,1.965,1,COM7
2,362896,37,rpm,760,457,36.7,36.7,3915,497,0,2026,1.965,1,COM7
2,362917,37,rpm,698,457,36.7,36.7,3915,497,0,2026,1.965,1,COM7
2,362937,37,rpm,537,457,36.7,36.7,3915,497,0,2026,1.965,1,COM7
2,362958,37,rpm,519,457,36.7,36.7,3915,497,0,2026,1.966,1,COM7
2,362979,37,rpm,467,457,36.7,36.7,3915,497,0,2027,1.966,1,COM7
2,362999,37,rpm,276,457,36.7,36.7,3915,497,0,2027,1.966,1,COM7
2,363020,37,rpm,-129,457,36.7,36.7,3915,497,0,2027,1.966,1,COM7
2,363041,37,rpm,-160,457,36.7,36.7,3915,497,0,2027,1.966,1,COM7
2,363062,37,rpm,152,457,36.7,36.7,3915,497,0,2027,1.966,1,COM7
2,363082,37,rpm,584,457,36.7,36.7,3915,497,0,2027,1.967,1,COM7
2,363103,37,rpm,834,457,36.7,36.7,3915,497,0,2028,1.967,1,COM7
2,363124,37,rpm,810,457,36.7,36.7,3915,497,0,2028,1.967,1,COM7
2,363144,37,rpm,762,457,36.7,36.7,3915,497,0,2028,1.967,1,COM7
2,363165,37,rpm,725,457,36.7,36.7,3915,497,0,2028,1.967,1,COM7
2,363186,37,rpm,607,457,36.7,36.7,3915,497,0,2028,1.967,1,COM7
2,363207,37,rpm,554,457,36.7,36.7,3915,497,0,2028,1.967,1,COM7
2,363227,37,rpm,465,457,36.7,36.7,3915,497,0,2028,1.968,1,COM7
2,363248,37,rpm,359,457,36.7,36.7,3915,497,0,2029,1.968,1,COM7
2,363269,37,rpm,216,457,36.7,36.7,3915,497,0,2029,1.968,1,COM7
2,363290,37,rpm,-397,457,36.7,36.7,3915,497,0,2029,1.968,1,COM7
2,363310,37,rpm,54,457,36.7,36.7,3915,497,0,2029,1.968,1,COM7
2,363331,37,rpm,425,457,36.7,36.7,3915,497,0,2029,1.968,1,COM7
2,363352,37,rpm,697,457,36.7,36.7,3915,497,0,2029,1.969,1,COM7
2,363372,37,rpm,787,457,36.7,36.7,3915,497,0,2030,1.969,1,COM7
2,363393,37,rpm,906,457,36.7,36.7,3915,497,0,2030,1.969,1,COM7
2,363414,37,rpm,711,457,36.7,36.7,3915,497,0,2030,1.969,1,COM7
2,363434,37,rpm,602,457,36.7,36.7,3915,497,0,2030,1.969,1,COM7
2,363455,37,rpm,637,457,36.7,36.7,3915,497,0,2030,1.969,1,COM7
2,363476,37,rpm,544,457,36.7,36.7,3915,497,0,2030,1.969,1,COM7
2,363497,37,rpm,359,457,36.7,36.7,3915,497,0,2031,1.97,1,COM7
2,363517,37,rpm,321,457,36.7,36.7,3915,497,0,2031,1.97,1,COM7
2,363538,37,rpm,-230,457,36.7,36.7,3915,497,0,2031,1.97,1,COM7
2,363559,37,rpm,-100,457,36.7,36.7,3915,497,0,2031,1.97,1,COM7
2,363579,37,rpm,202,457,36.7,36.7,3915,497,0,2031,1.97,1,COM7
2,363600,37,rpm,712,457,36.7,36.7,3915,497,0,2031,1.97,1,COM7
2,363621,37,rpm,694,457,36.7,36.7,3915,497,0,2031,1.971,1,COM7
2,363641,37,rpm,811,457,36.7,36.7,3915,497,0,2032,1.971,1,COM7
2,363662,37,rpm,842,457,36.7,36.7,3915,497,0,2032,1.971,1,COM7
2,363683,37,rpm,700,457,36.7,36.7,3915,497,0,2032,1.971,1,COM7
2,363703,37,rpm,552,457,36.7,36.7,3915,497,0,2032,1.971,1,COM7
2,363724,37,rpm,565,457,36.7,36.7,3915,497,0,2032,1.971,1,COM7
2,363745,37,rpm,487,457,36.7,36.7,3915,497,0,2032,1.971,1,COM7
2,363766,37,rpm,300,457,36.7,36.7,3915,497,0,2033,1.972,1,COM7
2,363786,37,rpm,138,457,36.7,36.7,3915,497,0,2033,1.972,1,COM7
2,363807,37,rpm,-366,457,36.7,36.7,3915,497,0,2033,1.972,1,COM7
2,363828,37,rpm,93,457,36.7,36.7,3915,497,0,2033,1.972,1,COM7
2,363849,37,rpm,472,457,36.7,36.7,3915,497,0,2033,1.972,1,COM7
2,363869,37,rpm,817,457,36.7,36.7,3915,497,0,2033,1.972,1,COM7
2,363890,37,rpm,785,457,36.7,36.7,3915,497,0,2034,1.972,1,COM7
2,363911,37,rpm,763,457,36.7,36.7,3915,497,0,2034,1.973,1,COM7
2,363931,37,rpm,798,457,36.7,36.7,3915,497,0,2034,1.973,1,COM7
2,363952,37,rpm,596,457,36.7,36.7,3915,497,0,2034,1.973,1,COM7
2,363973,37,rpm,559,457,36.7,36.7,3915,497,0,2034,1.973,1,COM7
2,363993,37,rpm,529,457,36.7,36.7,3915,497,0,2034,1.973,1,COM7
2,364014,37,rpm,354,457,36.7,36.7,3915,497,0,2034,1.973,1,COM7
2,364035,37,rpm,262,457,36.7,36.7,3915,497,0,2035,1.974,1,COM7
2,364056,37,rpm,-394,457,36.7,36.7,3915,497,0,2035,1.974,1,COM7
2,364076,37,rpm,42,457,36.7,36.7,3915,497,0,2035,1.974,1,COM7
2,364097,37,rpm,361,457,36.7,36.7,3915,497,0,2035,1.974,1,COM7
2,364118,37,rpm,680,457,36.7,36.7,3915,497,0,2035,1.974,1,COM7
2,364138,37,rpm,860,457,36.7,36.7,3915,497,0,2035,1.974,1,COM7
2,364159,37,rpm,898,457,36.7,36.7,3915,497,0,2036,1.974,1,COM7
2,364180,37,rpm,688,457,36.7,36.7,3915,497,0,2036,1.975,1,COM7
2,364200,37,rpm,603,457,36.7,36.7,3915,497,0,2036,1.975,1,COM7
2,364221,37,rpm,685,457,36.7,36.7,3915,497,0,2036,1.975,1,COM7
2,364242,37,rpm,483,457,36.7,36.7,3915,497,0,2036,1.975,1,COM7
2,364263,37,rpm,346,457,36.7,36.7,3915,497,0,2036,1.975,1,COM7
2,364283,37,rpm,276,457,36.7,36.7,3915,497,0,2036,1.975,1,COM7
2,364304,37,rpm,-374,457,36.7,36.7,3915,497,0,2037,1.976,1,COM7
2,364325,37,rpm,18,457,36.7,36.7,3915,497,0,2037,1.976,1,COM7
2,364346,37,rpm,291,457,36.7,36.7,3915,497,0,2037,1.976,1,COM7
2,364366,37,rpm,707,457,36.7,36.7,3915,497,0,2037,1.976,1,COM7
2,364387,37,rpm,698,457,36.7,36.7,3915,497,0,2037,1.976,1,COM7
2,364408,37,rpm,889,457,36.7,36.7,3915,497,0,2037,1.976,1,COM7
2,364428,37,rpm,779,457,36.7,36.7,3915,497,0,2038,1.976,1,COM7
2,364449,37,rpm,646,457,36.7,36.7,3915,497,0,2038,1.977,1,COM7
2,364470,37,rpm,586,457,36.7,36.7,3915,497,0,2038,1.977,1,COM7
2,364490,37,rpm,570,457,36.7,36.7,3915,497,0,2038,1.977,1,COM7
2,364511,37,rpm,444,457,36.7,36.7,3915,497,0,2038,1.977,1,COM7
2,364532,37,rpm,278,457,36.7,36.7,3915,497,0,2038,1.977,1,COM7
2,364552,37,rpm,-57,457,36.7,36.7,3915,497,0,2039,1.977,1,COM7
2,364573,37,rpm,-204,457,36.7,36.7,3915,497,0,2039,1.978,1,COM7
2,364594,37,rpm,127,457,36.7,36.7,3915,497,0,2039,1.978,1,COM7
2,364615,37,rpm,620,457,36.7,36.7,3915,497,0,2039,1.978,1,COM7
2,364635,37,rpm,812,457,36.7,36.7,3915,497,0,2039,1.978,1,COM7
2,364656,37,rpm,765,457,36.7,36.7,3915,497,0,2039,1.978,1,COM7
2,364677,37,rpm,747,457,36.7,36.7,3915,497,0,2039,1.978,1,COM7
2,364698,37,rpm,785,457,36.7,36.7,3915,497,0,2040,1.978,1,COM7
2,364718,37,rpm,574,457,36.7,36.7,3915,497,0,2040,1.979,1,COM7
2,364739,37,rpm,530,457,36.7,36.7,3915,497,0,2040,1.979,1,COM7
2,364760,37,rpm,537,457,36.7,36.7,3915,497,0,2040,1.979,1,COM7
2,364780,37,rpm,337,457,36.7,36.7,3915,497,0,2040,1.979,1,COM7
2,364801,37,rpm,238,457,36.7,36.7,3915,497,0,2040,1.979,1,COM7
2,364822,37,rpm,-383,457,36.7,36.7,3915,497,0,2041,1.979,1,COM7
2,364843,37,rpm,53,457,36.7,36.7,3915,497,0,2041,1.98,1,COM7
2,364863,37,rpm,355,457,36.7,36.7,3915,497,0,2041,1.98,1,COM7
2,364884,37,rpm,728,457,36.7,36.7,3915,497,0,2041,1.98,1,COM7
2,364905,37,rpm,748,457,36.7,36.7,3915,497,0,2041,1.98,1,COM7
2,364925,37,rpm,921,457,36.7,36.7,3915,497,0,2041,1.98,1,COM7
2,364946,37,rpm,722,457,36.7,36.7,3915,497,0,2042,1.98,1,COM7
2,364967,37,rpm,588,457,36.7,36.7,3915,497,0,2042,1.98,1,COM7
2,364988,37,rpm,665,457,36.7,36.7,3915,497,0,2042,1.981,1,COM7
2,365008,37,rpm,523,457,36.7,36.7,3915,497,0,2042,1.981,1,COM7
2,365029,37,rpm,368,457,36.7,36.7,3915,497,0,2042,1.981,1,COM7
2,365050,37,rpm,337,457,36.7,36.7,3915,497,0,2042,1.981,1,COM7
2,365070,37,rpm,-183,457,36.7,36.7,3915,497,0,2042,1.981,1,COM7
2,365091,37,rpm,-134,457,36.7,36.7,3915,497,0,2043,1.981,1,COM7
2,365112,37,rpm,183,457,36.7,36.7,3915,497,0,2043,1.982,1,COM7
2,365133,37,rpm,676,457,36.7,36.7,3915,497,0,2043,1.982,1,COM7
2,365153,37,rpm,649,457,36.7,36.7,3915,497,0,2043,1.982,1,COM7
2,365174,37,rpm,907,457,36.7,36.7,3915,497,0,2043,1.982,1,COM7
2,365195,37,rpm,813,457,36.7,36.7,3915,497,0,2043,1.982,1,COM7
2,365215,37,rpm,629,457,36.7,36.7,3915,497,0,2044,1.982,1,COM7
2,365236,37,rpm,596,457,36.7,36.7,3915,497,0,2044,1.982,1,COM7
2,365257,37,rpm,604,457,36.7,36.7,3915,497,0,2044,1.983,1,COM7
2,365277,37,rpm,469,457,36.7,36.7,3915,497,0,2044,1.983,1,COM7
2,365298,37,rpm,317,457,36.7,36.7,3915,497,0,2044,1.983,1,COM7
2,365319,37,rpm,152,457,36.7,36.7,3915,497,0,2044,1.983,1,COM7
2,365340,37,rpm,-390,457,36.7,36.7,3915,497,0,2045,1.983,1,COM7
2,365360,37,rpm,73,457,36.7,36.7,3915,497,0,2045,1.983,1,COM7
2,365381,37,rpm,479,457,36.7,36.7,3915,497,0,2045,1.984,1,COM7
2,365402,37,rpm,787,457,36.7,36.7,3915,497,0,2045,1.984,1,COM7
2,365423,37,rpm,765,457,36.7,36.7,3915,497,0,2045,1.984,1,COM7
2,365443,37,rpm,793,457,36.7,36.7,3915,497,0,2045,1.984,1,COM7
2,365464,37,rpm,827,457,36.7,36.7,3915,497,0,2045,1.984,1,COM7
2,365485,37,rpm,569,457,36.7,36.7,3915,497,0,2046,1.984,1,COM7
2,365505,37,rpm,538,457,36.7,36.7,3915,497,0,2046,1.984,1,COM7
2,365526,37,rpm,566,457,36.7,36.7,3915,497,0,2046,1.985,1,COM7
2,365547,37,rpm,349,457,36.7,36.7,3915,497,0,2046,1.985,1,COM7
2,365567,37,rpm,261,457,36.7,36.7,3915,497,0,2046,1.985,1,COM7
2,365588,37,rpm,-389,457,36.7,36.7,3915,497,0,2046,1.985,1,COM7
2,365609,37,rpm,42,457,36.7,36.7,3915,497,0,2047,1.985,1,COM7
2,365630,37,rpm,299,457,36.7,36.7,3915,497,0,2047,1.985,1,COM7
2,365650,37,rpm,705,457,36.7,36.7,3915,497,0,2047,1.985,1,COM7
2,365671,37,rpm,857,457,36.7,36.7,3915,497,0,2047,1.986,1,COM7
2,365692,37,rpm,885,457,36.7,36.7,3915,497,0,2047,1.986,1,COM7
2,365713,37,rpm,712,457,36.7,36.7,3915,497,0,2047,1.986,1,COM7
2,365733,37,rpm,627,457,36.7,36.7,3915,497,0,2048,1.986,1,COM7
2,365754,37,rpm,675,457,36.7,36.7,3915,497,0,2048,1.986,1,COM7
2,365775,37,rpm,476,457,36.7,36.7,3915,497,0,2048,1.986,1,COM7
2,365795,37,rpm,354,457,36.7,36.7,3915,497,0,2048,1.987,1,COM7
2,365816,37,rpm,284,457,36.7,36.7,3915,497,0,2048,1.987,1,COM7
2,365837,37,rpm,-348,457,36.7,36.7,3915,497,0,2048,1.987,1,COM7
2,365857,37,rpm,13,457,36.7,36.7,3915,497,0,2048,1.987,1,COM7
2,365878,37,rpm,281,457,36.7,36.7,3915,497,0,2049,1.987,1,COM7
2,365899,37,rpm,696,457,36.7,36.7,3915,497,0,2049,1.987,1,COM7
2,365920,37,rpm,664,457,36.7,36.7,3915,497,0,2049,1.987,1,COM7
2,365940,37,rpm,975,457,36.7,36.7,3915,497,0,2049,1.988,1,COM7
2,365961,37,rpm,776,457,36.7,36.7,3915,497,0,2049,1.988,1,COM7
2,365982,37,rpm,583,457,36.7,36.7,3915,497,0,2049,1.988,1,COM7
2,366002,37,rpm,635,457,36.7,36.7,3915,497,0,2050,1.988,1,COM7
2,366023,37,rpm,572,457,36.7,36.7,3915,497,0,2050,1.988,1,COM7
2,366044,37,rpm,420,457,36.7,36.7,3915,497,0,2050,1.988,1,COM7
2,366065,37,rpm,292,457,36.7,36.7,3915,497,0,2050,1.989,1,COM7
2,366085,37,rpm,33,457,36.7,36.7,3915,497,0,2050,1.989,1,COM7
2,366106,37,rpm,-269,457,36.7,36.7,3915,497,0,2050,1.989,1,COM7
2,366127,37,rpm,104,457,36.7,36.7,3915,497,0,2051,1.989,1,COM7
2,366147,37,rpm,575,457,36.7,36.7,3915,497,0,2051,1.989,1,COM7
2,366168,37,rpm,770,457,36.7,36.7,3915,497,0,2051,1.989,1,COM7
2,366189,37,rpm,787,457,36.7,36.7,3915,497,0,2051,1.989,1,COM7
2,366210,37,rpm,785,457,36.7,36.7,3915,497,0,2051,1.99,1,COM7
2,366230,37,rpm,791,457,36.7,36.7,3915,497,0,2051,1.99,1,COM7
2,366251,37,rpm,533,457,36.7,36.7,3915,497,0,2051,1.99,1,COM7
2,366272,37,rpm,582,457,36.7,36.7,3915,497,0,2052,1.99,1,COM7
2,366292,37,rpm,532,457,36.7,36.7,3915,497,0,2052,1.99,1,COM7
2,366313,37,rpm,325,457,36.7,36.7,3915,497,0,2052,1.99,1,COM7
2,366334,37,rpm,248,457,36.7,36.7,3915,497,0,2052,1.991,1,COM7
2,366354,37,rpm,-376,457,36.7,36.7,3915,497,0,2052,1.991,1,COM7
2,366375,37,rpm,45,457,36.7,36.7,3915,497,0,2052,1.991,1,COM7
2,366396,37,rpm,302,457,36.7,36.7,3915,497,0,2053,1.991,1,COM7
2,366417,37,rpm,764,457,36.7,36.7,3915,497,0,2053,1.991,1,COM7
2,366437,37,rpm,761,457,36.7,36.7,3915,497,0,2053,1.991,1,COM7
2,366458,37,rpm,860,457,36.7,36.7,3915,497,0,2053,1.991,1,COM7
2,366479,37,rpm,769,457,36.7,36.7,3915,497,0,2053,1.992,1,COM7
2,366500,37,rpm,606,457,36.7,36.7,3915,497,0,2053,1.992,1,COM7
2,366520,37,rpm,646,457,36.7,36.7,3915,497,0,2054,1.992,1,COM7
2,366541,37,rpm,538,457,36.7,36.7,3915,497,0,2054,1.992,1,COM7
2,366562,37,rpm,385,457,36.7,36.7,3915,497,0,2054,1.992,1,COM7
2,366582,37,rpm,324,457,36.7,36.7,3915,497,0,2054,1.992,1,COM7
2,366603,37,rpm,-129,457,36.7,36.7,3915,497,0,2054,1.993,1,COM7
2,366624,37,rpm,-201,457,36.7,36.7,3915,497,0,2054,1.993,1,COM7
2,366645,37,rpm,174,457,36.7,36.7,3915,497,0,2054,1.993,1,COM7
2,366665,37,rpm,655,457,36.7,36.7,3915,497,0,2055,1.993,1,COM7
2,366686,37,rpm,647,457,36.7,36.7,3915,497,0,2055,1.993,1,COM7
2,366707,37,rpm,948,457,36.7,36.7,3915,497,0,2055,1.993,1,COM7
2,366727,37,rpm,797,457,36.7,36.7,3915,497,0,2055,1.993,1,COM7
2,366748,37,rpm,588,457,36.7,36.7,3915,497,0,2055,1.994,1,COM7
2,366769,37,rpm,688,457,36.7,36.7,3915,497,0,2055,1.994,1,COM7
2,366790,37,rpm,580,457,36.7,36.7,3915,497,0,2056,1.994,1,COM7
2,366810,37,rpm,439,457,36.7,36.7,3915,497,0,2056,1.994,1,COM7
2,366831,37,rpm,323,457,36.7,36.7,3915,497,0,2056,1.994,1,COM7
2,366852,37,rpm,194,457,36.7,36.7,3915,497,0,2056,1.994,1,COM7
2,366872,37,rpm,-385,457,36.7,36.7,3915,497,0,2056,1.995,1,COM7
2,366893,37,rpm,66,457,36.7,36.7,3915,497,0,2056,1.995,1,COM7
2,366914,37,rpm,469,457,36.7,36.7,3915,497,0,2057,1.995,1,COM7
2,366935,37,rpm,742,457,36.7,36.7,3915,497,0,2057,1.995,1,COM7
2,366955,37,rpm,705,457,36.7,36.7,3915,497,0,2057,1.995,1,COM7
2,366976,37,rpm,933,457,36.7,36.7,3915,497,0,2057,1.995,1,COM7
2,366997,37,rpm,758,457,36.7,36.7,3915,497,0,2057,1.995,1,COM7
2,367017,37,rpm,555,457,36.7,36.7,3915,497,0,2057,1.996,1,COM7
2,367038,37,rpm,559,457,36.7,36.7,3915,497,0,2057,1.996,1,COM7
2,367059,37,rpm,578,457,36.7,36.7,3915,497,0,2058,1.996,1,COM7
2,367079,37,rpm,352,457,36.7,36.7,3915,497,0,2058,1.996,1,COM7
2,367100,37,rpm,274,457,36.7,36.7,3915,497,0,2058,1.996,1,COM7
2,367121,37,rpm,-348,457,36.7,36.7,3915,497,0,2058,1.996,1,COM7
2,367142,37,rpm,28,457,36.7,36.7,3915,497,0,2058,1.997,1,COM7
2,367162,37,rpm,251,457,36.7,36.7,3915,497,0,2058,1.997,1,COM7
2,367183,37,rpm,760,457,36.7,36.7,3915,497,0,2059,1.997,1,COM7
2,367204,37,rpm,807,457,36.7,36.7,3915,497,0,2059,1.997,1,COM7
2,367224,37,rpm,815,457,36.7,36.7,3915,497,0,2059,1.997,1,COM7
2,367245,37,rpm,777,457,36.7,36.7,3915,497,0,2059,1.997,1,COM7
2,367266,37,rpm,682,457,36.7,36.7,3915,497,0,2059,1.997,1,COM7
2,367287,37,rpm,619,457,36.7,36.7,3915,497,0,2059,1.998,1,COM7
2,367307,37,rpm,488,457,36.7,36.7,3915,497,0,2060,1.998,1,COM7
2,367328,37,rpm,370,457,36.7,36.7,3915,497,0,2060,1.998,1,COM7
2,367349,37,rpm,273,457,36.7,36.7,3915,497,0,2060,1.998,1,COM7
2,367369,37,rpm,-289,457,36.7,36.7,3915,497,0,2060,1.998,1,COM7
2,367390,37,rpm,-3,457,36.7,36.7,3915,497,0,2060,1.998,1,COM7
2,367411,37,rpm,275,457,36.7,36.7,3915,497,0,2060,1.999,1,COM7
2,367432,37,rpm,635,457,36.7,36.7,3915,497,0,2060,1.999,1,COM7
2,367452,37,rpm,722,457,36.7,36.7,3915,497,0,2061,1.999,1,COM7
2,367473,37,rpm,974,457,36.7,36.7,3915,497,0,2061,1.999,1,COM7
2,367494,37,rpm,731,457,36.7,36.7,3915,497,0,2061,1.999,1,COM7
2,367515,37,rpm,584,457,36.7,36.7,3915,497,0,2061,1.999,1,COM7
2,367535,37,rpm,684,457,36.7,36.7,3915,497,0,2061,1.999,1,COM7
2,367556,37,rpm,556,457,36.7,36.7,3915,497,0,2061,2.0,1,COM7
2,367577,37,rpm,383,457,36.7,36.7,3915,497,0,2062,2.0,1,COM7
2,367597,37,rpm,324,457,36.7,36.7,3915,497,0,2062,2.0,1,COM7
2,367618,37,rpm,11,457,36.7,36.7,3915,497,0,2062,2.0,1,COM7
2,367639,37,rpm,-256,457,36.7,36.7,3915,497,0,2062,2.0,1,COM7
2,367660,37,rpm,98,457,36.7,36.7,3915,497,0,2062,2.0,1,COM7
2,367680,37,rpm,605,457,36.7,36.7,3915,497,0,2062,2.0,1,COM7
2,367701,37,rpm,755,457,36.7,36.7,3915,497,0,2063,2.001,1,COM7
2,367722,37,rpm,765,457,36.7,36.7,3915,497,0,2063,2.001,1,COM7
2,367742,37,rpm,834,457,36.7,36.7,3915,497,0,2063,2.001,1,COM7
2,367763,37,rpm,761,457,36.7,36.7,3915,497,0,2063,2.001,1,COM7
2,367784,37,rpm,506,457,36.7,36.7,3915,497,0,2063,2.001,1,COM7
2,367805,37,rpm,607,457,36.7,36.7,3915,497,0,2063,2.001,1,COM7
2,367825,37,rpm,558,457,36.7,36.7,3915,497,0,2063,2.002,1,COM7
2,367846,37,rpm,319,457,36.7,36.7,3915,497,0,2064,2.002,1,COM7
2,367867,37,rpm,266,457,36.7,36.7,3915,497,0,2064,2.002,1,COM7
2,367887,37,rpm,-387,457,36.7,36.7,3915,497,0,2064,2.002,1,COM7
2,367908,37,rpm,40,457,36.7,36.7,3915,497,0,2064,2.002,1,COM7
2,367929,37,rpm,292,457,36.7,36.7,3915,497,0,2064,2.002,1,COM7
2,367949,37,rpm,759,457,36.7,36.7,3915,497,0,2064,2.002,1,COM7
2,367970,37,rpm,718,457,36.7,36.7,3915,497,0,2065,2.003,1,COM7
2,367991,37,rpm,856,457,36.7,36.7,3915,497,0,2065,2.003,1,COM7
2,368012,37,rpm,809,457,36.7,36.7,3915,497,0,2065,2.003,1,COM7
2,368032,37,rpm,613,457,36.7,36.7,3915,497,0,2065,2.003,1,COM7
2,368053,37,rpm,587,457,36.7,36.7,3915,497,0,2065,2.003,1,COM7
2,368074,37,rpm,576,457,36.7,36.7,3915,497,0,2065,2.003,1,COM7
2,368094,37,rpm,385,457,36.7,36.7,3915,497,0,2066,2.004,1,COM7
2,368115,37,rpm,324,457,36.7,36.7,3915,497,0,2066,2.004,1,COM7
2,368136,37,rpm,-99,457,36.7,36.7,3915,497,0,2066,2.004,1,COM7
2,368156,37,rpm,-205,457,36.7,36.7,3915,497,0,2066,2.004,1,COM7
2,368177,37,rpm,157,457,36.7,36.7,3915,497,0,2066,2.004,1,COM7
2,368198,37,rpm,646,457,36.7,36.7,3915,497,0,2066,2.004,1,COM7
2,368219,37,rpm,668,457,36.7,36.7,3915,497,0,2066,2.004,1,COM7
2,368239,37,rpm,941,457,36.7,36.7,3915,497,0,2067,2.005,1,COM7
2,368260,37,rpm,755,457,36.7,36.7,3915,497,0,2067,2.005,1,COM7
2,368281,37,rpm,643,457,36.7,36.7,3915,497,0,2067,2.005,1,COM7
2,368301,37,rpm,708,457,36.7,36.7,3915,497,0,2067,2.005,1,COM7
2,368322,37,rpm,560,457,36.7,36.7,3915,497,0,2067,2.005,1,COM7
2,368343,37,rpm,432,457,36.7,36.7,3915,497,0,2067,2.005,1,COM7
2,368364,37,rpm,377,457,36.7,36.7,3915,497,0,2068,2.006,1,COM7
2,368384,37,rpm,209,457,36.7,36.7,3915,497,0,2068,2.006,1,COM7
2,368405,37,rpm,-396,457,36.7,36.7,3915,497,0,2068,2.006,1,COM7
2,368426,37,rpm,62,457,36.7,36.7,3915,497,0,2068,2.006,1,COM7
2,368446,37,rpm,448,457,36.7,36.7,3915,497,0,2068,2.006,1,COM7
2,368467,37,rpm,647,457,36.7,36.7,3915,497,0,2068,2.006,1,COM7
2,368488,37,rpm,789,457,36.7,36.7,3915,497,0,2069,2.006,1,COM7
2,368508,37,rpm,914,457,36.7,36.7,3915,497,0,2069,2.007,1,COM7
2,368529,37,rpm,727,457,36.7,36.7,3915,497,0,2069,2.007,1,COM7
2,368550,37,rpm,556,457,36.7,36.7,3915,497,0,2069,2.007,1,COM7
2,368570,37,rpm,608,457,36.7,36.7,3915,497,0,2069,2.007,1,COM7
2,368591,37,rpm,555,457,36.7,36.7,3915,497,0,2069,2.007,1,COM7
2,368612,37,rpm,337,457,36.7,36.7,3915,497,0,2069,2.007,1,COM7
2,368633,37,rpm,288,457,36.7,36.7,3915,497,0,2070,2.008,1,COM7
2,368653,37,rpm,-332,457,36.7,36.7,3915,497,0,2070,2.008,1,COM7
2,368674,37,rpm,6,457,36.7,36.7,3915,497,0,2070,2.008,1,COM7
2,368695,37,rpm,223,457,36.7,36.7,3915,497,0,2070,2.008,1,COM7
2,368716,37,rpm,774,457,36.7,36.7,3915,497,0,2070,2.008,1,COM7
2,368736,37,rpm,796,457,36.7,36.7,3915,497,0,2070,2.008,1,COM7
2,368757,37,rpm,820,457,36.7,36.7,3915,497,0,2071,2.008,1,COM7
2,368778,37,rpm,838,457,36.7,36.7,3915,497,0,2071,2.009,1,COM7
2,368798,37,rpm,644,457,36.7,36.7,3915,497,0,2071,2.009,1,COM7
2,368819,37,rpm,594,457,36.7,36.7,3915,497,0,2071,2.009,1,COM7
2,368840,37,rpm,533,457,36.7,36.7,3915,497,0,2071,2.009,1,COM7
2,368860,37,rpm,394,457,36.7,36.7,3915,497,0,2071,2.009,1,COM7
2,368881,37,rpm,270,457,36.7,36.7,3915,497,0,2072,2.009,1,COM7
2,368902,37,rpm,-265,457,36.7,36.7,3915,497,0,2072,2.01,1,COM7
2,368923,37,rpm,-26,457,36.7,36.7,3915,497,0,2072,2.01,1,COM7
2,368943,37,rpm,195,457,36.7,36.7,3915,497,0,2072,2.01,1,COM7
2,368964,37,rpm,687,457,36.7,36.7,3915,497,0,2072,2.01,1,COM7
2,368985,37,rpm,707,457,36.7,36.7,3915,497,0,2072,2.01,1,COM7
2,369006,37,rpm,942,457,36.7,36.7,3915,497,0,2072,2.01,1,COM7
2,369026,37,rpm,764,457,36.7,36.7,3915,497,0,2073,2.01,1,COM7
2,369047,37,rpm,580,457,36.7,36.7,3915,497,0,2073,2.011,1,COM7
2,369068,37,rpm,701,457,36.7,36.7,3915,497,0,2073,2.011,1,COM7
2,369088,37,rpm,530,457,36.7,36.7,3915,497,0,2073,2.011,1,COM7
2,369109,37,rpm,422,457,36.7,36.7,3915,497,0,2073,2.011,1,COM7
2,369130,37,rpm,341,457,36.7,36.7,3915,497,0,2073,2.011,1,COM7
2,369150,37,rpm,9,457,36.7,36.7,3915,497,0,2074,2.011,1,COM7
2,369171,37,rpm,-271,457,36.7,36.7,3915,497,0,2074,2.012,1,COM7
2,369192,37,rpm,95,457,36.7,36.7,3915,497,0,2074,2.012,1,COM7
2,369213,37,rpm,606,457,36.7,36.7,3915,497,0,2074,2.012,1,COM7
2,369233,37,rpm,634,457,36.7,36.7,3915,497,0,2074,2.012,1,COM7
2,369254,37,rpm,846,457,36.7,36.7,3915,497,0,2074,2.012,1,COM7
2,369275,37,rpm,854,457,36.7,36.7,3915,497,0,2075,2.012,1,COM7
2,369295,37,rpm,682,457,36.7,36.7,3915,497,0,2075,2.012,1,COM7
2,369316,37,rpm,594,457,36.7,36.7,3915,497,0,2075,2.013,1,COM7
2,369337,37,rpm,633,457,36.7,36.7,3915,497,0,2075,2.013,1,COM7
2,369357,37,rpm,514,457,36.7,36.7,3915,497,0,2075,2.013,1,COM7
2,369378,37,rpm,328,457,36.7,36.7,3915,497,0,2075,2.013,1,COM7
2,369399,37,rpm,282,457,36.7,36.7,3915,497,0,2075,2.013,1,COM7
2,369420,37,rpm,-360,457,36.7,36.7,3915,497,0,2076,2.013,1,COM7
2,369440,37,rpm,12,457,36.7,36.7,3915,497,0,2076,2.013,1,COM7
2,369461,37,rpm,263,457,36.7,36.7,3915,497,0,2076,2.014,1,COM7
2,369482,37,rpm,767,457,36.7,36.7,3915,497,0,2076,2.014,1,COM7
2,369502,37,rpm,691,457,36.7,36.7,3915,497,0,2076,2.014,1,COM7
2,369523,37,rpm,848,457,36.7,36.7,3915,497,0,2076,2.014,1,COM7
2,369544,37,rpm,877,457,36.7,36.7,3915,497,0,2077,2.014,1,COM7
2,369564,37,rpm,583,457,36.7,36.7,3915,497,0,2077,2.014,1,COM7
2,369585,37,rpm,577,457,36.7,36.7,3915,497,0,2077,2.015,1,COM7
2,369606,37,rpm,625,457,36.7,36.7,3915,497,0,2077,2.015,1,COM7
2,369627,37,rpm,396,457,36.7,36.7,3915,497,0,2077,2.015,1,COM7
2,369647,37,rpm,306,457,36.7,36.7,3915,497,0,2077,2.015,1,COM7
2,369668,37,rpm,-42,457,36.7,36.7,3915,497,0,2077,2.015,1,COM7
2,369689,37,rpm,-237,457,36.7,36.7,3915,497,0,2078,2.015,1,COM7
2,369709,37,rpm,115,457,36.7,36.7,3915,497,0,2078,2.015,1,COM7
2,369730,37,rpm,650,457,36.7,36.7,3915,497,0,2078,2.016,1,COM7
2,369751,37,rpm,697,457,36.7,36.7,3915,497,0,2078,2.016,1,COM7
2,369772,37,rpm,865,457,36.7,36.7,3915,497,0,2078,2.016,1,COM7
2,369792,37,rpm,840,457,36.7,36.7,3915,497,0,2078,2.016,1,COM7
2,369813,37,rpm,617,457,36.7,36.7,3915,497,0,2079,2.016,1,COM7
2,369834,37,rpm,669,457,36.7,36.7,3915,497,0,2079,2.016,1,COM7
2,369854,37,rpm,568,457,36.7,36.7,3915,497,0,2079,2.017,1,COM7
2,369875,37,rpm,459,457,36.7,36.7,3915,497,0,2079,2.017,1,COM7
2,369896,37,rpm,380,457,36.7,36.7,3915,497,0,2079,2.017,1,COM7
2,369916,37,rpm,226,457,36.7,36.7,3915,497,0,2079,2.017,1,COM7
2,369937,37,rpm,-428,457,36.7,36.7,3915,497,0,2080,2.017,1,COM7
2,369958,37,rpm,60,457,36.7,36.7,3915,497,0,2080,2.017,1,COM7
2,369979,37,rpm,404,457,36.7,36.7,3915,497,0,2080,2.017,1,COM7
2,369999,37,rpm,602,457,36.7,36.7,3915,497,0,2080,2.018,1,COM7
2,370020,37,rpm,883,457,36.7,36.7,3915,497,0,2080,2.018,1,COM7
2,370041,37,rpm,874,457,36.7,36.7,3915,497,0,2080,2.018,1,COM7
2,370062,37,rpm,671,457,36.7,36.7,3915,497,0,2080,2.018,1,COM7
2,370082,37,rpm,671,457,36.7,36.7,3915,497,0,2081,2.018,1,COM7
2,370103,37,rpm,599,457,36.7,36.7,3915,497,0,2081,2.018,1,COM7
2,370124,37,rpm,531,457,36.7,36.7,3915,497,0,2081,2.019,1,COM7
2,370144,37,rpm,347,457,36.7,36.7,3915,497,0,2081,2.019,1,COM7
2,370165,37,rpm,300,457,36.7,36.7,3915,497,0,2081,2.019,1,COM7
2,370186,37,rpm,-322,457,36.7,36.7,3915,497,0,2081,2.019,1,COM7
2,370206,37,rpm,-13,457,36.7,36.7,3915,497,0,2082,2.019,1,COM7
2,370227,37,rpm,236,457,36.7,36.7,3915,497,0,2082,2.019,1,COM7
2,370248,37,rpm,760,457,36.7,36.7,3915,497,0,2082,2.019,1,COM7
2,370269,37,rpm,735,457,36.7,36.7,3915,497,0,2082,2.02,1,COM7
2,370289,37,rpm,839,457,36.7,36.7,3915,497,0,2082,2.02,1,COM7
2,370310,37,rpm,874,457,36.7,36.7,3915,497,0,2082,2.02,1,COM7
2,370331,37,rpm,608,457,36.7,36.7,3915,497,0,2083,2.02,1,COM7
2,370351,37,rpm,585,457,36.7,36.7,3915,497,0,2083,2.02,1,COM7
2,370372,37,rpm,599,457,36.7,36.7,3915,497,0,2083,2.02,1,COM7
2,370393,37,rpm,381,457,36.7,36.7,3915,497,0,2083,2.021,1,COM7
2,370414,37,rpm,268,457,36.7,36.7,3915,497,0,2083,2.021,1,COM7
2,370434,37,rpm,-201,457,36.7,36.7,3915,497,0,2083,2.021,1,COM7
2,370455,37,rpm,-84,457,36.7,36.7,3915,497,0,2083,2.021,1,COM7
2,370476,37,rpm,160,457,36.7,36.7,3915,497,0,2084,2.021,1,COM7
2,370496,37,rpm,705,457,36.7,36.7,3915,497,0,2084,2.021,1,COM7
2,370517,37,rpm,721,457,36.7,36.7,3915,497,0,2084,2.021,1,COM7
2,370538,37,rpm,833,457,36.7,36.7,3915,497,0,2084,2.022,1,COM7
2,370558,37,rpm,822,457,36.7,36.7,3915,497,0,2084,2.022,1,COM7
2,370579,37,rpm,622,457,36.7,36.7,3915,497,0,2084,2.022,1,COM7
2,370600,37,rpm,662,457,36.7,36.7,3915,497,0,2085,2.022,1,COM7
2,370621,37,rpm,555,457,36.7,36.7,3915,497,0,2085,2.022,1,COM7
2,370641,37,rpm,422,457,36.7,36.7,3915,497,0,2085,2.022,1,COM7
2,370662,37,rpm,353,457,36.7,36.7,3915,497,0,2085,2.023,1,COM7
2,370683,37,rpm,101,457,36.7,36.7,3915,497,0,2085,2.023,1,COM7
2,370703,37,rpm,-293,457,36.7,36.7,3915,497,0,2085,2.023,1,COM7
2,370724,37,rpm,86,457,36.7,36.7,3915,497,0,2086,2.023,1,COM7
2,370745,37,rpm,541,457,36.7,36.7,3915,497,0,2086,2.023,1,COM7
2,370766,37,rpm,641,457,36.7,36.7,3915,497,0,2086,2.023,1,COM7
2,370786,37,rpm,873,457,36.7,36.7,3915,497,0,2086,2.023,1,COM7
2,370807,37,rpm,830,457,36.7,36.7,3915,497,0,2086,2.024,1,COM7
2,370828,37,rpm,610,457,36.7,36.7,3915,497,0,2086,2.024,1,COM7
2,370848,37,rpm,696,457,36.7,36.7,3915,497,0,2086,2.024,1,COM7
2,370869,37,rpm,601,457,36.7,36.7,3915,497,0,2087,2.024,1,COM7
2,370890,37,rpm,493,457,36.7,36.7,3915,497,0,2087,2.024,1,COM7
2,370911,37,rpm,369,457,36.7,36.7,3915,497,0,2087,2.024,1,COM7
2,370931,37,rpm,284,457,36.7,36.7,3915,497,0,2087,2.025,1,COM7
2,370952,37,rpm,-362,457,36.7,36.7,3915,497,0,2087,2.025,1,COM7
2,370973,37,rpm,10,457,36.7,36.7,3915,497,0,2087,2.025,1,COM7
2,370994,37,rpm,265,457,36.7,36.7,3915,497,0,2088,2.025,1,COM7
2,371014,37,rpm,685,457,36.7,36.7,3915,497,0,2088,2.025,1,COM7
2,371035,37,rpm,713,457,36.7,36.7,3915,497,0,2088,2.025,1,COM7
2,371056,37,rpm,883,457,36.7,36.7,3915,497,0,2088,2.025,1,COM7
2,371076,37,rpm,866,457,36.7,36.7,3915,497,0,2088,2.026,1,COM7
2,371097,37,rpm,567,457,36.7,36.7,3915,497,0,2088,2.026,1,COM7
2,371118,37,rpm,629,457,36.7,36.7,3915,497,0,2089,2.026,1,COM7
2,371139,37,rpm,586,457,36.7,36.7,3915,497,0,2089,2.026,1,COM7
2,371159,37,rpm,409,457,36.7,36.7,3915,497,0,2089,2.026,1,COM7
2,371180,37,rpm,312,457,36.7,36.7,3915,497,0,2089,2.026,1,COM7
2,371201,37,rpm,-22,457,36.7,36.7,3915,497,0,2089,2.026,1,COM7
2,371222,37,rpm,-245,457,36.7,36.7,3915,497,0,2089,2.027,1,COM7
2,371242,37,rpm,102,457,36.7,36.7,3915,497,0,2089,2.027,1,COM7
2,371263,37,rpm,646,457,36.7,36.7,3915,497,0,2090,2.027,1,COM7
2,371284,37,rpm,697,457,36.7,36.7,3915,497,0,2090,2.027,1,COM7
2,371305,37,rpm,823,457,36.7,36.7,3915,497,0,2090,2.027,1,COM7
2,371325,37,rpm,867,457,36.7,36.7,3915,497,0,2090,2.027,1,COM7
2,371346,37,rpm,663,457,36.7,36.7,3915,497,0,2090,2.028,1,COM7
2,371367,37,rpm,636,457,36.7,36.7,3915,497,0,2090,2.028,1,COM7
2,371387,37,rpm,547,457,36.7,36.7,3915,497,0,2091,2.028,1,COM7
2,371408,37,rpm,506,457,36.7,36.7,3915,497,0,2091,2.028,1,COM7
2,371429,37,rpm,371,457,36.7,36.7,3915,497,0,2091,2.028,1,COM7
2,371450,37,rpm,233,457,36.7,36.7,3915,497,0,2091,2.028,1,COM7
2,371470,37,rpm,-396,457,36.7,36.7,3915,497,0,2091,2.028,1,COM7
2,371491,37,rpm,54,457,36.7,36.7,3915,497,0,2091,2.029,1,COM7
2,371512,37,rpm,395,457,36.7,36.7,3915,497,0,2092,2.029,1,COM7
2,371533,37,rpm,596,457,36.7,36.7,3915,497,0,2092,2.029,1,COM7
2,371553,37,rpm,922,457,36.7,36.7,3915,497,0,2092,2.029,1,COM7
2,371574,37,rpm,892,457,36.7,36.7,3915,497,0,2092,2.029,1,COM7
2,371595,37,rpm,631,457,36.7,36.7,3915,497,0,2092,2.029,1,COM7
2,371615,37,rpm,651,457,36.7,36.7,3915,497,0,2092,2.03,1,COM7
2,371636,37,rpm,624,457,36.7,36.7,3915,497,0,2092,2.03,1,COM7
2,371657,37,rpm,511,457,36.7,36.7,3915,497,0,2093,2.03,1,COM7
2,371678,37,rpm,360,457,36.7,36.7,3915,497,0,2093,2.03,1,COM7
2,371698,37,rpm,329,457,36.7,36.7,3915,497,0,2093,2.03,1,COM7
2,371719,37,rpm,-302,457,36.7,36.7,3915,497,0,2093,2.03,1,COM7
2,371740,37,rpm,-23,457,36.7,36.7,3915,497,0,2093,2.03,1,COM7
2,371760,37,rpm,235,457,36.7,36.7,3915,497,0,2093,2.031,1,COM7
2,371781,37,rpm,739,457,36.7,36.7,3915,497,0,2094,2.031,1,COM7
2,371802,37,rpm,719,457,36.7,36.7,3915,497,0,2094,2.031,1,COM7
2,371823,37,rpm,890,457,36.7,36.7,3915,497,0,2094,2.031,1,COM7
2,371844,37,rpm,835,457,36.7,36.7,3915,497,0,2094,2.031,1,COM7
2,371864,37,rpm,591,457,36.7,36.7,3915,497,0,2094,2.031,1,COM7
2,371885,37,rpm,637,457,36.7,36.7,3915,497,0,2094,2.032,1,COM7
2,371906,37,rpm,590,457,36.7,36.7,3915,497,0,2095,2.032,1,COM7
2,371926,37,rpm,371,457,36.7,36.7,3915,497,0,2095,2.032,1,COM7
2,371947,37,rpm,269,457,36.7,36.7,3915,497,0,2095,2.032,1,COM7
2,371968,37,rpm,-171,457,36.7,36.7,3915,497,0,2095,2.032,1,COM7
2,371989,37,rpm,-89,457,36.7,36.7,3915,497,0,2095,2.032,1,COM7
2,372009,37,rpm,155,457,36.7,36.7,3915,497,0,2095,2.032,1,COM7
2,372030,37,rpm,705,457,36.7,36.7,3915,497,0,2095,2.033,1,COM7
2,372051,37,rpm,744,457,36.7,36.7,3915,497,0,2096,2.033,1,COM7
2,372071,37,rpm,843,457,36.7,36.7,3915,497,0,2096,2.033,1,COM7
2,372092,37,rpm,804,457,36.7,36.7,3915,497,0,2096,2.033,1,COM7
2,372113,37,rpm,672,457,36.7,36.7,3915,497,0,2096,2.033,1,COM7
2,372133,37,rpm,651,457,36.7,36.7,3915,497,0,2096,2.033,1,COM7
2,372154,37,rpm,548,457,36.7,36.7,3915,497,0,2096,2.034,1,COM7
2,372175,37,rpm,431,457,36.7,36.7,3915,497,0,2097,2.034,1,COM7
2,372196,37,rpm,354,457,36.7,36.7,3915,497,0,2097,2.034,1,COM7
2,372216,37,rpm,174,457,36.7,36.7,3915,497,0,2097,2.034,1,COM7
2,372237,37,rpm,-370,457,36.7,36.7,3915,497,0,2097,2.034,1,COM7
2,372258,37,rpm,79,457,36.7,36.7,3915,497,0,2097,2.034,1,COM7
2,372278,37,rpm,500,457,36.7,36.7,3915,497,0,2097,2.034,1,COM7
2,372299,37,rpm,621,457,36.7,36.7,3915,497,0,2098,2.035,1,COM7
2,372320,37,rpm,914,457,36.7,36.7,3915,497,0,2098,2.035,1,COM7
2,372341,37,rpm,832,457,36.7,36.7,3915,497,0,2098,2.035,1,COM7
2,372361,37,rpm,659,457,36.7,36.7,3915,497,0,2098,2.035,1,COM7
2,372382,37,rpm,639,457,36.7,36.7,3915,497,0,2098,2.035,1,COM7
2,372403,37,rpm,626,457,36.7,36.7,3915,497,0,2098,2.035,1,COM7
2,372423,37,rpm,463,457,36.7,36.7,3915,497,0,2098,2.036,1,COM7
2,372444,37,rpm,364,457,36.7,36.7,3915,497,0,2099,2.036,1,COM7
2,372465,37,rpm,298,457,36.7,36.7,3915,497,0,2099,2.036,1,COM7
2,372486,37,rpm,-339,457,36.7,36.7,3915,497,0,2099,2.036,1,COM7
2,372506,37,rpm,5,457,36.7,36.7,3915,497,0,2099,2.036,1,COM7
2,372527,37,rpm,252,457,36.7,36.7,3915,497,0,2099,2.036,1,COM7
2,372548,37,rpm,700,457,36.7,36.7,3915,497,0,2099,2.036,1,COM7
2,372569,37,rpm,706,457,36.7,36.7,3915,497,0,2100,2.037,1,COM7
2,372589,37,rpm,855,457,36.7,36.7,3915,497,0,2100,2.037,1,COM7
2,372610,37,rpm,853,457,36.7,36.7,3915,497,0,2100,2.037,1,COM7
2,372631,37,rpm,569,457,36.7,36.7,3915,497,0,2100,2.037,1,COM7
2,372651,37,rpm,606,457,36.7,36.7,3915,497,0,2100,2.037,1,COM7
2,372672,37,rpm,628,457,36.7,36.7,3915,497,0,2100,2.037,1,COM7
2,372693,37,rpm,381,457,36.7,36.7,3915,497,0,2101,2.038,1,COM7
2,372713,37,rpm,318,457,36.7,36.7,3915,497,0,2101,2.038,1,COM7
2,372734,37,rpm,13,457,36.7,36.7,3915,497,0,2101,2.038,1,COM7
2,372755,37,rpm,-268,457,36.7,36.7,3915,497,0,2101,2.038,1,COM7
2,372776,37,rpm,97,457,36.7,36.7,3915,497,0,2101,2.038,1,COM7
2,372796,37,rpm,642,457,36.7,36.7,3915,497,0,2101,2.038,1,COM7
2,372817,37,rpm,674,457,36.7,36.7,3915,497,0,2101,2.038,1,COM7
2,372838,37,rpm,764,457,36.7,36.7,3915,497,0,2102,2.039,1,COM7
2,372858,37,rpm,925,457,36.7,36.7,3915,497,0,2102,2.039,1,COM7
2,372879,37,rpm,656,457,36.7,36.7,3915,497,0,2102,2.039,1,COM7
2,372900,37,rpm,618,457,36.7,36.7,3915,497,0,2102,2.039,1,COM7
2,372920,37,rpm,594,457,36.7,36.7,3915,497,0,2102,2.039,1,COM7
2,372941,37,rpm,484,457,36.7,36.7,3915,497,0,2102,2.039,1,COM7
2,372962,37,rpm,354,457,36.7,36.7,3915,497,0,2103,2.04,1,COM7
2,372983,37,rpm,240,457,36.7,36.7,3915,497,0,2103,2.04,1,COM7
2,373003,37,rpm,-393,457,36.7,36.7,3915,497,0,2103,2.04,1,COM7
2,373024,37,rpm,45,457,36.7,36.7,3915,497,0,2103,2.04,1,COM7
2,373045,37,rpm,383,457,36.7,36.7,3915,497,0,2103,2.04,1,COM7
2,373065,37,rpm,658,457,36.7,36.7,3915,497,0,2103,2.04,1,COM7
2,373086,37,rpm,856,457,36.7,36.7,3915,497,0,2104,2.04,1,COM7
2,373107,37,rpm,829,457,36.7,36.7,3915,497,0,2104,2.041,1,COM7
2,373128,37,rpm,658,457,36.7,36.7,3915,497,0,2104,2.041,1,COM7
2,373148,37,rpm,724,457,36.7,36.7,3915,497,0,2104,2.041,1,COM7
2,373169,37,rpm,600,457,36.7,36.7,3915,497,0,2104,2.041,1,COM7
2,373190,37,rpm,485,457,36.7,36.7,3915,497,0,2104,2.041,1,COM7
2,373210,37,rpm,408,457,36.7,36.7,3915,497,0,2104,2.041,1,COM7
2,373231,37,rpm,313,457,36.7,36.7,3915,497,0,2105,2.041,1,COM7
2,373252,37,rpm,-214,457,36.7,36.7,3915,497,0,2105,2.042,1,COM7
2,373272,37,rpm,-91,457,36.7,36.7,3915,497,0,2105,2.042,1,COM7
2,373293,37,rpm,196,457,36.7,36.7,3915,497,0,2105,2.042,1,COM7
2,373314,37,rpm,679,457,36.7,36.7,3915,497,0,2105,2.042,1,COM7
2,373335,37,rpm,757,457,36.7,36.7,3915,497,0,2105,2.042,1,COM7
2,373355,37,rpm,884,457,36.7,36.7,3915,497,0,2106,2.042,1,COM7
2,373376,37,rpm,839,457,36.7,36.7,3915,497,0,2106,2.043,1,COM7
2,373397,37,rpm,638,457,36.7,36.7,3915,497,0,2106,2.043,1,COM7
2,373417,37,rpm,614,457,36.7,36.7,3915,497,0,2106,2.043,1,COM7
2,373438,37,rpm,592,457,36.7,36.7,3915,497,0,2106,2.043,1,COM7
2,373459,37,rpm,342,457,36.7,36.7,3915,497,0,2106,2.043,1,COM7
2,373479,37,rpm,319,457,36.7,36.7,3915,497,0,2107,2.043,1,COM7
2,373500,37,rpm,-109,457,36.7,36.7,3915,497,0,2107,2.043,1,COM7
2,373521,37,rpm,-130,457,36.7,36.7,3915,497,0,2107,2.044,1,COM7
2,373542,37,rpm,138,457,36.7,36.7,3915,497,0,2107,2.044,1,COM7
2,373562,37,rpm,698,457,36.7,36.7,3915,497,0,2107,2.044,1,COM7
2,373583,37,rpm,701,457,36.7,36.7,3915,497,0,2107,2.044,1,COM7
2,373604,37,rpm,801,457,36.7,36.7,3915,497,0,2107,2.044,1,COM7
2,373624,37,rpm,895,457,36.7,36.7,3915,497,0,2108,2.044,1,COM7
2,373645,37,rpm,637,457,36.7,36.7,3915,497,0,2108,2.045,1,COM7
2,373666,37,rpm,575,457,36.7,36.7,3915,497,0,2108,2.045,1,COM7
2,373687,37,rpm,596,457,36.7,36.7,3915,497,0,2108,2.045,1,COM7
2,373707,37,rpm,453,457,36.7,36.7,3915,497,0,2108,2.045,1,COM7
2,373728,37,rpm,335,457,36.7,36.7,3915,497,0,2108,2.045,1,COM7
2,373749,37,rpm,149,457,36.7,36.7,3915,497,0,2109,2.045,1,COM7
2,373769,37,rpm,-361,457,36.7,36.7,3915,497,0,2109,2.045,1,COM7
2,373790,37,rpm,76,457,36.7,36.7,3915,497,0,2109,2.046,1,COM7
2,373811,37,rpm,503,457,36.7,36.7,3915,497,0,2109,2.046,1,COM7
2,373832,37,rpm,648,458,36.7,36.7,3915,497,0,2109,2.046,1,COM7
2,373852,37,rpm,899,458,36.7,36.7,3915,497,0,2109,2.046,1,COM7
2,373873,37,rpm,808,458,36.7,36.7,3915,497,0,2110,2.046,1,COM7
2,373894,37,rpm,637,458,36.7,36.7,3915,497,0,2110,2.046,1,COM7
2,373914,37,rpm,716,458,36.7,36.7,3915,497,0,2110,2.047,1,COM7
2,373935,37,rpm,595,458,36.7,36.7,3915,497,0,2110,2.047,1,COM7
2,373956,37,rpm,457,458,36.7,36.7,3915,497,0,2110,2.047,1,COM7
2,373976,37,rpm,420,458,36.7,36.7,3915,497,0,2110,2.047,1,COM7
2,373997,37,rpm,287,458,36.7,36.7,3915,497,0,2110,2.047,1,COM7
2,374018,37,rpm,-294,458,36.7,36.7,3915,497,0,2111,2.047,1,COM7
2,374039,37,rpm,-21,458,36.7,36.7,3915,497,0,2111,2.047,1,COM7
2,374059,37,rpm,235,458,36.7,36.7,3915,497,0,2111,2.048,1,COM7
2,374080,37,rpm,612,458,36.7,36.7,3915,497,0,2111,2.048,1,COM7
2,374101,37,rpm,757,458,36.7,36.7,3915,497,0,2111,2.048,1,COM7
2,374121,37,rpm,909,458,36.7,36.7,3915,497,0,2111,2.048,1,COM7
2,374142,37,rpm,747,458,36.7,36.7,3915,497,0,2112,2.048,1,COM7
2,374163,37,rpm,636,458,36.7,36.7,3915,497,0,2112,2.048,1,COM7
2,374183,37,rpm,622,458,36.7,36.7,3915,497,0,2112,2.049,1,COM7
2,374204,37,rpm,574,458,36.7,36.7,3915,497,0,2112,2.049,1,COM7
2,374225,37,rpm,417,458,36.7,36.7,3915,497,0,2112,2.049,1,COM7
2,374245,37,rpm,361,458,36.7,36.7,3915,497,0,2112,2.049,1,COM7
2,374266,37,rpm,51,458,36.7,36.7,3915,497,0,2113,2.049,1,COM7
2,374287,37,rpm,-300,458,36.7,36.7,3915,497,0,2113,2.049,1,COM7
2,374308,37,rpm,95,458,36.7,36.7,3915,497,0,2113,2.049,1,COM7
2,374328,37,rpm,596,458,36.7,36.7,3915,497,0,2113,2.05,1,COM7
2,374349,37,rpm,656,458,36.7,36.7,3915,497,0,2113,2.05,1,COM7
2,374370,37,rpm,780,458,36.7,36.7,3915,497,0,2113,2.05,1,COM7
2,374390,37,rpm,982,458,36.7,36.7,3915,497,0,2113,2.05,1,COM7
2,374411,37,rpm,645,458,36.7,36.7,3915,497,0,2114,2.05,1,COM7
2,374432,37,rpm,560,458,36.7,36.7,3915,497,0,2114,2.05,1,COM7
2,374452,37,rpm,676,458,36.7,36.7,3915,497,0,2114,2.051,1,COM7
2,374473,37,rpm,476,458,36.7,36.7,3915,497,0,2114,2.051,1,COM7
2,374494,37,rpm,345,458,36.7,36.7,3915,497,0,2114,2.051,1,COM7
2,374515,37,rpm,271,458,36.7,36.7,3915,497,0,2114,2.051,1,COM7
2,374535,37,rpm,-405,458,36.7,36.7,3915,497,0,2115,2.051,1,COM7
2,374556,37,rpm,28,458,36.7,36.7,3915,497,0,2115,2.051,1,COM7
2,374577,37,rpm,287,458,36.7,36.7,3915,497,0,2115,2.051,1,COM7
2,374597,37,rpm,707,458,36.7,36.7,3915,497,0,2115,2.052,1,COM7
2,374618,37,rpm,760,458,36.7,36.7,3915,497,0,2115,2.052,1,COM7
2,374639,37,rpm,884,458,36.7,36.7,3915,497,0,2115,2.052,1,COM7
2,374659,37,rpm,697,458,36.7,36.7,3915,497,0,2116,2.052,1,COM7
2,374680,37,rpm,696,458,36.7,36.7,3915,497,0,2116,2.052,1,COM7
2,374701,37,rpm,587,458,36.7,36.7,3915,497,0,2116,2.052,1,COM7
2,374721,37,rpm,503,458,36.7,36.7,3915,497,0,2116,2.053,1,COM7
2,374742,37,rpm,445,458,36.7,36.7,3915,497,0,2116,2.053,1,COM7
2,374763,37,rpm,294,458,36.7,36.7,3915,497,0,2116,2.053,1,COM7
2,374783,37,rpm,-144,458,36.7,36.7,3915,497,0,2116,2.053,1,COM7
2,374804,37,rpm,-159,458,36.7,36.7,3915,497,0,2117,2.053,1,COM7
2,374825,37,rpm,173,458,36.7,36.7,3915,497,0,2117,2.053,1,COM7
2,374845,37,rpm,608,458,36.7,36.7,3915,497,0,2117,2.053,1,COM7
2,374866,37,rpm,817,458,36.7,36.7,3915,497,0,2117,2.054,1,COM7
2,374887,37,rpm,898,458,36.7,36.7,3915,497,0,2117,2.054,1,COM7
2,374908,37,rpm,693,458,36.7,36.7,3915,497,0,2117,2.054,1,COM7
2,374928,37,rpm,737,458,36.7,36.7,3915,497,0,2118,2.054,1,COM7
2,374949,37,rpm,650,458,36.7,36.7,3915,497,0,2118,2.054,1,COM7
2,374969,37,rpm,523,458,36.7,36.7,3915,497,0,2118,2.054,1,COM7
2,374990,37,rpm,420,458,36.7,36.7,3915,497,0,2118,2.055,1,COM7
2,375011,37,rpm,318,458,36.7,36.7,3915,497,0,2118,2.055,1,COM7
2,375032,37,rpm,-37,458,36.7,36.7,3915,497,0,2118,2.055,1,COM7
2,375052,37,rpm,-246,458,36.7,36.7,3915,497,0,2119,2.055,1,COM7
2,375073,37,rpm,122,458,36.7,36.7,3915,497,0,2119,2.055,1,COM7
2,375094,37,rpm,638,458,36.7,36.7,3915,497,0,2119,2.055,1,COM7
2,375114,37,rpm,644,458,36.7,36.7,3915,497,0,2119,2.055,1,COM7
2,375135,37,rpm,860,458,36.7,36.7,3915,497,0,2119,2.056,1,COM7
2,375156,37,rpm,902,458,36.7,36.7,3915,497,0,2119,2.056,1,COM7
2,375177,37,rpm,587,458,36.7,36.7,3915,497,0,2119,2.056,1,COM7
2,375197,37,rpm,635,458,36.7,36.7,3915,497,0,2120,2.056,1,COM7
2,375218,37,rpm,623,458,36.7,36.7,3915,497,0,2120,2.056,1,COM7
2,375239,37,rpm,438,458,36.7,36.7,3915,497,0,2120,2.056,1,COM7
2,375259,37,rpm,330,458,36.7,36.7,3915,497,0,2120,2.056,1,COM7
2,375280,37,rpm,229,458,36.7,36.7,3915,497,0,2120,2.057,1,COM7
2,375301,37,rpm,-375,458,36.7,36.7,3915,497,0,2120,2.057,1,COM7
2,375321,37,rpm,51,458,36.7,36.7,3915,497,0,2121,2.057,1,COM7
2,375342,37,rpm,476,458,36.7,36.7,3915,497,0,2121,2.057,1,COM7
2,375363,37,rpm,681,458,36.7,36.7,3915,497,0,2121,2.057,1,COM7
2,375383,37,rpm,718,458,36.7,36.7,3915,497,0,2121,2.057,1,COM7
2,375404,37,rpm,929,458,36.7,36.7,3915,497,0,2121,2.058,1,COM7
2,375425,37,rpm,741,458,36.7,36.7,3915,497,0,2121,2.058,1,COM7
2,375446,37,rpm,593,458,36.7,36.7,3915,497,0,2122,2.058,1,COM7
2,375466,37,rpm,614,458,36.7,36.7,3915,497,0,2122,2.058,1,COM7
2,375487,37,rpm,530,458,36.7,36.7,3915,497,0,2122,2.058,1,COM7
2,375508,37,rpm,383,458,36.7,36.7,3915,497,0,2122,2.058,1,COM7
2,375528,37,rpm,293,458,36.7,36.7,3915,497,0,2122,2.058,1,COM7
2,375549,37,rpm,-150,458,36.7,36.7,3915,497,0,2122,2.059,1,COM7
2,375570,37,rpm,-143,458,36.7,36.7,3915,497,0,2122,2.059,1,COM7
2,375591,37,rpm,140,458,36.7,36.7,3915,497,0,2123,2.059,1,COM7
2,375611,37,rpm,632,458,36.7,36.7,3915,497,0,2123,2.059,1,COM7
2,375632,37,rpm,810,458,36.7,36.7,3915,497,0,2123,2.059,1,COM7
2,375653,37,rpm,860,458,36.7,36.7,3915,497,0,2123,2.059,1,COM7
2,375673,37,rpm,701,458,36.7,36.7,3915,497,0,2123,2.06,1,COM7
2,375694,37,rpm,770,458,36.7,36.7,3915,497,0,2123,2.06,1,COM7
2,375715,37,rpm,624,458,36.7,36.7,3915,497,0,2124,2.06,1,COM7
2,375735,37,rpm,527,458,36.7,36.7,3915,497,0,2124,2.06,1,COM7
2,375756,37,rpm,486,458,36.7,36.7,3915,497,0,2124,2.06,1,COM7
2,375777,37,rpm,352,458,36.7,36.7,3915,497,0,2124,2.06,1,COM7
2,375798,37,rpm,164,458,36.7,36.7,3915,497,0,2124,2.06,1,COM7
2,375818,37,rpm,-372,458,36.7,36.7,3915,497,0,2124,2.061,1,COM7
2,375839,37,rpm,81,458,36.7,36.7,3915,497,0,2125,2.061,1,COM7
2,375859,37,rpm,452,458,36.7,36.7,3915,497,0,2125,2.061,1,COM7
2,375880,37,rpm,690,458,36.7,36.7,3915,497,0,2125,2.061,1,COM7
2,375901,37,rpm,843,458,36.7,36.7,3915,497,0,2125,2.061,1,COM7
2,375922,37,rpm,892,458,36.7,36.7,3915,497,0,2125,2.061,1,COM7
2,375942,37,rpm,586,458,36.7,36.7,3915,497,0,2125,2.062,1,COM7
2,375963,37,rpm,685,458,36.7,36.7,3915,497,0,2125,2.062,1,COM7
2,375984,37,rpm,668,458,36.7,36.7,3915,497,0,2126,2.062,1,COM7
2,376004,37,rpm,435,458,36.7,36.7,3915,497,0,2126,2.062,1,COM7
2,376025,37,rpm,395,458,36.7,36.7,3915,497,0,2126,2.062,1,COM7
2,376046,37,rpm,301,458,36.7,36.7,3915,497,0,2126,2.062,1,COM7
2,376067,37,rpm,-339,458,36.7,36.7,3915,497,0,2126,2.062,1,COM7
2,376087,37,rpm,-5,458,36.7,36.7,3915,497,0,2126,2.063,1,COM7
2,376108,37,rpm,274,458,36.7,36.7,3915,497,0,2127,2.063,1,COM7
2,376129,37,rpm,615,458,36.7,36.7,3915,497,0,2127,2.063,1,COM7
2,376149,37,rpm,736,458,36.7,36.7,3915,497,0,2127,2.063,1,COM7
2,376170,37,rpm,993,458,36.7,36.7,3915,497,0,2127,2.063,1,COM7
2,376191,37,rpm,706,458,36.7,36.7,3915,497,0,2127,2.063,1,COM7
2,376212,37,rpm,601,458,36.7,36.7,3915,497,0,2127,2.064,1,COM7
2,376232,37,rpm,660,458,36.7,36.7,3915,497,0,2128,2.064,1,COM7
2,376253,37,rpm,556,458,36.7,36.7,3915,497,0,2128,2.064,1,COM7
2,376274,37,rpm,407,458,36.7,36.7,3915,497,0,2128,2.064,1,COM7
2,376294,37,rpm,330,458,36.7,36.7,3915,497,0,2128,2.064,1,COM7
2,376315,37,rpm,-52,458,36.7,36.7,3915,497,0,2128,2.064,1,COM7
2,376336,37,rpm,-222,458,36.7,36.7,3915,497,0,2128,2.064,1,COM7
2,376356,37,rpm,137,458,36.7,36.7,3915,497,0,2128,2.065,1,COM7
2,376377,37,rpm,632,458,36.7,36.7,3915,497,0,2129,2.065,1,COM7
2,376398,37,rpm,812,458,36.7,36.7,3915,497,0,2129,2.065,1,COM7
2,376419,37,rpm,783,458,36.7,36.7,3915,497,0,2129,2.065,1,COM7
2,376439,37,rpm,782,458,36.7,36.7,3915,497,0,2129,2.065,1,COM7
2,376460,37,rpm,763,458,36.7,36.7,3915,497,0,2129,2.065,1,COM7
2,376481,37,rpm,650,458,36.7,36.7,3915,497,0,2129,2.066,1,COM7
2,376501,37,rpm,485,458,36.7,36.7,3915,497,0,2130,2.066,1,COM7
2,376522,37,rpm,498,458,36.7,36.7,3915,497,0,2130,2.066,1,COM7
2,376543,37,rpm,307,458,36.7,36.7,3915,497,0,2130,2.066,1,COM7
2,376564,37,rpm,52,458,36.7,36.7,3915,497,0,2130,2.066,1,COM7
2,376584,37,rpm,-308,458,36.7,36.7,3915,497,0,2130,2.066,1,COM7
2,376605,37,rpm,109,458,36.7,36.7,3915,497,0,2130,2.066,1,COM7
2,376626,37,rpm,520,458,36.7,36.7,3915,497,0,2131,2.067,1,COM7
2,376646,37,rpm,715,458,36.7,36.7,3915,497,0,2131,2.067,1,COM7
2,376667,37,rpm,927,458,36.7,36.7,3915,497,0,2131,2.067,1,COM7
2,376688,37,rpm,778,458,36.7,36.7,3915,497,0,2131,2.067,1,COM7
2,376709,37,rpm,603,458,36.7,36.7,3915,497,0,2131,2.067,1,COM7
2,376729,37,rpm,687,458,36.7,36.7,3915,497,0,2131,2.067,1,COM7
2,376750,37,rpm,639,458,36.7,36.7,3915,497,0,2131,2.068,1,COM7
2,376771,37,rpm,423,458,36.7,36.7,3915,497,0,2132,2.068,1,COM7
2,376791,37,rpm,378,458,36.7,36.7,3915,497,0,2132,2.068,1,COM7
2,376812,37,rpm,253,458,36.7,36.7,3915,497,0,2132,2.068,1,COM7
2,376833,37,rpm,-363,458,36.7,36.7,3915,497,0,2132,2.068,1,COM7
2,376854,37,rpm,39,458,36.7,36.7,3915,497,0,2132,2.068,1,COM7
2,376874,37,rpm,386,458,36.7,36.7,3915,497,0,2132,2.068,1,COM7
2,376895,37,rpm,597,458,36.7,36.7,3915,497,0,2133,2.069,1,COM7
2,376916,37,rpm,774,458,36.7,36.7,3915,497,0,2133,2.069,1,COM7
2,376936,37,rpm,961,458,36.7,36.7,3915,497,0,2133,2.069,1,COM7
2,376957,37,rpm,666,457,36.7,36.7,3915,497,0,2133,2.069,1,COM7
2,376978,37,rpm,595,457,36.7,36.7,3915,497,0,2133,2.069,1,COM7
2,376998,37,rpm,686,457,36.7,36.7,3915,497,0,2133,2.069,1,COM7
2,377019,37,rpm,504,457,36.7,36.7,3915,497,0,2134,2.07,1,COM7
2,377040,37,rpm,378,457,36.7,36.7,3915,497,0,2134,2.07,1,COM7
2,377060,37,rpm,326,457,36.7,36.7,3915,497,0,2134,2.07,1,COM7
2,377081,37,rpm,-103,457,36.7,36.7,3915,497,0,2134,2.07,1,COM7
2,377102,37,rpm,-190,457,36.7,36.7,3915,497,0,2134,2.07,1,COM7
2,377122,37,rpm,144,457,36.7,36.7,3915,497,0,2134,2.07,1,COM7
2,377143,37,rpm,612,457,36.7,36.7,3915,497,0,2134,2.07,1,COM7
2,377164,37,rpm,723,457,36.7,36.7,3915,497,0,2135,2.071,1,COM7
2,377185,37,rpm,846,457,36.7,36.7,3915,497,0,2135,2.071,1,COM7
2,377205,37,rpm,792,457,36.7,36.7,3915,497,0,2135,2.071,1,COM7
2,377226,37,rpm,735,457,36.7,36.7,3915,497,0,2135,2.071,1,COM7
2,377247,37,rpm,614,457,36.7,36.7,3915,497,0,2135,2.071,1,COM7
2,377267,37,rpm,549,457,36.7,36.7,3915,497,0,2135,2.071,1,COM7
2,377288,37,rpm,485,457,36.7,36.7,3915,497,0,2136,2.072,1,COM7
2,377309,37,rpm,349,457,36.7,36.7,3915,497,0,2136,2.072,1,COM7
2,377330,37,rpm,196,457,36.7,36.7,3915,497,0,2136,2.072,1,COM7
2,377350,37,rpm,-406,457,36.7,36.7,3915,497,0,2136,2.072,1,COM7
2,377371,37,rpm,71,457,36.7,36.7,3915,497,0,2136,2.072,1,COM7
2,377392,37,rpm,394,457,36.7,36.7,3915,497,0,2136,2.072,1,COM7
2,377412,37,rpm,774,457,36.7,36.7,3915,497,0,2137,2.072,1,COM7
2,377433,37,rpm,830,457,36.7,36.7,3915,497,0,2137,2.073,1,COM7
2,377454,37,rpm,751,457,36.7,36.7,3915,497,0,2137,2.073,1,COM7
2,377474,37,rpm,755,457,36.7,36.7,3915,497,0,2137,2.073,1,COM7
2,377495,37,rpm,683,457,36.7,36.7,3915,497,0,2137,2.073,1,COM7
2,377516,37,rpm,589,457,36.7,36.7,3915,497,0,2137,2.073,1,COM7
2,377537,37,rpm,505,457,36.7,36.7,3915,497,0,2137,2.073,1,COM7
2,377557,37,rpm,408,457,36.7,36.7,3915,497,0,2138,2.073,1,COM7
2,377578,37,rpm,275,457,36.7,36.7,3915,497,0,2138,2.074,1,COM7
2,377599,37,rpm,-260,457,36.7,36.7,3915,497,0,2138,2.074,1,COM7
2,377619,37,rpm,-69,457,36.7,36.7,3915,497,0,2138,2.074,1,COM7
2,377640,37,rpm,234,457,36.7,36.7,3915,497,0,2138,2.074,1,COM7
2,377661,37,rpm,621,457,36.7,36.7,3915,497,0,2138,2.074,1,COM7
2,377682,37,rpm,773,457,36.7,36.7,3915,497,0,2139,2.074,1,COM7
2,377702,37,rpm,978,457,36.7,36.7,3915,497,0,2139,2.075,1,COM7
2,377723,37,rpm,688,457,36.7,36.7,3915,497,0,2139,2.075,1,COM7
2,377744,37,rpm,604,457,36.7,36.7,3915,497,0,2139,2.075,1,COM7
2,377764,37,rpm,707,457,36.7,36.7,3915,497,0,2139,2.075,1,COM7
2,377785,37,rpm,517,457,36.7,36.7,3915,497,0,2139,2.075,1,COM7
2,377806,37,rpm,401,457,36.7,36.7,3915,497,0,2140,2.075,1,COM7
2,377826,37,rpm,354,457,36.7,36.7,3915,497,0,2140,2.075,1,COM7
2,377847,37,rpm,-12,457,36.7,36.7,3915,497,0,2140,2.076,1,COM7
2,377868,37,rpm,-256,457,36.7,36.7,3915,497,0,2140,2.076,1,COM7
2,377888,37,rpm,111,457,36.7,36.7,3915,497,0,2140,2.076,1,COM7
2,377909,37,rpm,597,457,36.7,36.7,3915,497,0,2140,2.076,1,COM7
2,377930,37,rpm,721,457,36.7,36.7,3915,497,0,2140,2.076,1,COM7
2,377951,37,rpm,876,457,36.7,36.7,3915,497,0,2141,2.076,1,COM7
2,377971,37,rpm,769,457,36.7,36.7,3915,497,0,2141,2.077,1,COM7
2,377992,37,rpm,724,457,36.7,36.7,3915,497,0,2141,2.077,1,COM7
2,378013,37,rpm,633,457,36.7,36.7,3915,497,0,2141,2.077,1,COM7
2,378033,37,rpm,536,457,36.7,36.7,3915,497,0,2141,2.077,1,COM7
2,378054,37,rpm,484,457,36.7,36.7,3915,497,0,2141,2.077,1,COM7
2,378075,37,rpm,308,457,36.7,36.7,3915,497,0,2142,2.077,1,COM7
2,378095,37,rpm,92,457,36.7,36.7,3915,497,0,2142,2.077,1,COM7
2,378116,37,rpm,-309,457,36.7,36.7,3915,497,0,2142,2.078,1,COM7
2,378137,37,rpm,82,457,36.7,36.7,3915,497,0,2142,2.078,1,COM7
2,378157,37,rpm,521,457,36.7,36.7,3915,497,0,2142,2.078,1,COM7
2,378178,37,rpm,774,457,36.7,36.7,3915,497,0,2142,2.078,1,COM7
2,378199,37,rpm,854,457,36.7,36.7,3915,497,0,2143,2.078,1,COM7
2,378220,37,rpm,708,457,36.7,36.7,3915,497,0,2143,2.078,1,COM7
2,378240,37,rpm,796,457,36.7,36.7,3915,497,0,2143,2.079,1,COM7
2,378261,37,rpm,639,457,36.7,36.7,3915,497,0,2143,2.079,1,COM7
2,378282,37,rpm,526,457,36.7,36.7,3915,497,0,2143,2.079,1,COM7
2,378302,37,rpm,523,457,36.7,36.7,3915,497,0,2143,2.079,1,COM7
2,378323,37,rpm,368,457,36.7,36.7,3915,497,0,2143,2.079,1,COM7
2,378344,37,rpm,251,457,36.7,36.7,3915,497,0,2144,2.079,1,COM7
2,378365,37,rpm,-365,457,36.7,36.7,3915,497,0,2144,2.079,1,COM7
2,378385,37,rpm,30,457,36.7,36.7,3915,497,0,2144,2.08,1,COM7
2,378406,37,rpm,308,457,36.7,36.7,3915,497,0,2144,2.08,1,COM7
2,378427,37,rpm,640,457,36.7,36.7,3915,497,0,2144,2.08,1,COM7
2,378447,37,rpm,800,457,36.7,36.7,3915,497,0,2144,2.08,1,COM7
2,378468,37,rpm,945,457,36.7,36.7,3915,497,0,2145,2.08,1,COM7
2,378489,37,rpm,648,457,36.7,36.7,3915,497,0,2145,2.08,1,COM7
2,378510,37,rpm,638,457,36.7,36.7,3915,497,0,2145,2.081,1,COM7
2,378530,37,rpm,679,457,36.7,36.7,3915,497,0,2145,2.081,1,COM7
2,378551,37,rpm,485,457,36.7,36.7,3915,497,0,2145,2.081,1,COM7
2,378572,37,rpm,410,457,36.7,36.7,3915,497,0,2145,2.081,1,COM7
2,378592,37,rpm,346,457,36.7,36.7,3915,497,0,2146,2.081,1,COM7
2,378613,37,rpm,-45,457,36.7,36.7,3915,497,0,2146,2.081,1,COM7
2,378634,37,rpm,-227,457,36.7,36.7,3915,497,0,2146,2.081,1,COM7
2,378655,37,rpm,132,457,36.7,36.7,3915,497,0,2146,2.082,1,COM7
2,378675,37,rpm,580,457,36.7,36.7,3915,497,0,2146,2.082,1,COM7
2,378696,37,rpm,656,457,36.7,36.7,3915,497,0,2146,2.082,1,COM7
2,378717,37,rpm,974,457,36.7,36.7,3915,497,0,2146,2.082,1,COM7
2,378737,37,rpm,759,457,36.7,36.7,3915,497,0,2147,2.082,1,COM7
2,378758,37,rpm,654,457,36.7,36.7,3915,497,0,2147,2.082,1,COM7
2,378779,37,rpm,680,457,36.7,36.7,3915,497,0,2147,2.083,1,COM7
2,378799,37,rpm,546,457,36.7,36.7,3915,497,0,2147,2.083,1,COM7
2,378820,37,rpm,498,457,36.7,36.7,3915,497,0,2147,2.083,1,COM7
2,378841,37,rpm,339,457,36.7,36.7,3915,497,0,2147,2.083,1,COM7
2,378862,37,rpm,247,457,36.7,36.7,3915,497,0,2148,2.083,1,COM7
2,378882,37,rpm,-414,457,36.7,36.7,3915,497,0,2148,2.083,1,COM7
2,378903,37,rpm,57,457,36.7,36.7,3915,497,0,2148,2.083,1,COM7
2,378924,37,rpm,362,457,36.7,36.7,3915,497,0,2148,2.084,1,COM7
2,378944,37,rpm,758,457,36.7,36.7,3915,497,0,2148,2.084,1,COM7
2,378965,37,rpm,799,457,36.7,36.7,3915,497,0,2148,2.084,1,COM7
2,378986,37,rpm,759,457,36.7,36.7,3915,497,0,2149,2.084,1,COM7
2,379006,37,rpm,821,457,36.7,36.7,3915,497,0,2149,2.084,1,COM7
2,379027,37,rpm,644,457,36.7,36.7,3915,497,0,2149,2.084,1,COM7
2,379048,37,rpm,542,457,36.7,36.7,3915,497,0,2149,2.085,1,COM7
2,379069,37,rpm,588,457,36.7,36.7,3915,497,0,2149,2.085,1,COM7
2,379089,37,rpm,403,457,36.7,36.7,3915,497,0,2149,2.085,1,COM7
2,379110,37,rpm,262,457,36.7,36.7,3915,497,0,2149,2.085,1,COM7
2,379131,37,rpm,-175,457,36.7,36.7,3915,497,0,2150,2.085,1,COM7
2,379151,37,rpm,-122,457,36.7,36.7,3915,497,0,2150,2.085,1,COM7
2,379172,37,rpm,152,457,36.7,36.7,3915,497,0,2150,2.085,1,COM7
2,379193,37,rpm,634,457,36.7,36.7,3915,497,0,2150,2.086,1,COM7
2,379213,37,rpm,774,457,36.7,36.7,3915,497,0,2150,2.086,1,COM7
2,379234,37,rpm,909,457,36.7,36.7,3915,497,0,2150,2.086,1,COM7
2,379255,37,rpm,647,457,36.7,36.7,3915,497,0,2151,2.086,1,COM7
2,379276,37,rpm,734,457,36.7,36.7,3915,497,0,2151,2.086,1,COM7
2,379296,37,rpm,668,457,36.7,36.7,3915,497,0,2151,2.086,1,COM7
2,379317,37,rpm,501,457,36.7,36.7,3915,497,0,2151,2.087,1,COM7
2,379338,37,rpm,443,457,36.7,36.7,3915,497,0,2151,2.087,1,COM7
2,379358,37,rpm,353,457,36.7,36.7,3915,497,0,2151,2.087,1,COM7
2,379379,37,rpm,17,457,36.7,36.7,3915,497,0,2152,2.087,1,COM7
2,379400,37,rpm,-280,457,36.7,36.7,3915,497,0,2152,2.087,1,COM7
2,379421,37,rpm,113,457,36.7,36.7,3915,497,0,2152,2.087,1,COM7
2,379441,37,rpm,569,457,36.7,36.7,3915,497,0,2152,2.087,1,COM7
2,379462,37,rpm,653,457,36.7,36.7,3915,497,0,2152,2.088,1,COM7
2,379483,37,rpm,996,457,36.7,36.7,3915,497,0,2152,2.088,1,COM7
2,379503,37,rpm,772,457,36.7,36.7,3915,497,0,2152,2.088,1,COM7
2,379524,37,rpm,649,457,36.7,36.7,3915,497,0,2153,2.088,1,COM7
2,379545,37,rpm,706,457,36.7,36.7,3915,497,0,2153,2.088,1,COM7
2,379565,37,rpm,557,457,36.7,36.7,3915,497,0,2153,2.088,1,COM7
2,379586,37,rpm,443,457,36.7,36.7,3915,497,0,2153,2.088,1,COM7
2,379607,37,rpm,330,457,36.7,36.7,3915,497,0,2153,2.089,1,COM7
2,379628,37,rpm,127,457,36.7,36.7,3915,497,0,2153,2.089,1,COM7
2,379648,37,rpm,-332,457,36.7,36.7,3915,497,0,2154,2.089,1,COM7
2,379669,37,rpm,76,457,36.7,36.7,3915,497,0,2154,2.089,1,COM7
2,379690,37,rpm,498,457,36.7,36.7,3915,497,0,2154,2.089,1,COM7
2,379710,37,rpm,731,457,36.7,36.7,3915,497,0,2154,2.089,1,COM7
2,379731,37,rpm,825,457,36.7,36.7,3915,497,0,2154,2.09,1,COM7
2,379752,37,rpm,748,457,36.7,36.7,3915,497,0,2154,2.09,1,COM7
2,379772,37,rpm,798,457,36.7,36.7,3915,497,0,2154,2.09,1,COM7
2,379793,37,rpm,623,457,36.7,36.7,3915,497,0,2155,2.09,1,COM7
2,379814,37,rpm,533,457,36.7,36.7,3915,497,0,2155,2.09,1,COM7
2,379834,37,rpm,571,457,36.7,36.7,3915,497,0,2155,2.09,1,COM7
2,379855,37,rpm,370,457,36.7,36.7,3915,497,0,2155,2.09,1,COM7
2,379876,37,rpm,252,457,36.7,36.7,3915,497,0,2155,2.091,1,COM7
2,379897,37,rpm,-355,457,36.7,36.7,3915,497,0,2155,2.091,1,COM7
2,379917,37,rpm,21,457,36.7,36.7,3915,497,0,2156,2.091,1,COM7
2,379938,37,rpm,232,457,36.7,36.7,3915,497,0,2156,2.091,1,COM7
2,379959,37,rpm,709,457,36.7,36.7,3915,497,0,2156,2.091,1,COM7
2,379979,37,rpm,803,457,36.7,36.7,3915,497,0,2156,2.091,1,COM7
2,380000,37,rpm,765,457,36.7,36.7,3915,497,0,2156,2.092,1,COM7
2,380021,37,rpm,752,457,36.7,36.7,3915,497,0,2156,2.092,1,COM7
2,380042,37,rpm,690,457,36.7,36.7,3915,497,0,2157,2.092,1,COM7
2,380062,37,rpm,637,457,36.7,36.7,3915,497,0,2157,2.092,1,COM7
2,380083,37,rpm,486,457,36.7,36.7,3915,497,0,2157,2.092,1,COM7
2,380104,37,rpm,437,457,36.7,36.7,3915,497,0,2157,2.092,1,COM7
2,380125,37,rpm,337,457,36.7,36.7,3915,497,0,2157,2.092,1,COM7
2,380145,37,rpm,10,457,36.7,36.7,3915,497,0,2157,2.093,1,COM7
2,380166,37,rpm,-270,457,36.7,36.7,3915,497,0,2157,2.093,1,COM7
2,380187,37,rpm,117,457,36.7,36.7,3915,497,0,2158,2.093,1,COM7
2,380207,37,rpm,542,457,36.7,36.7,3915,497,0,2158,2.093,1,COM7
2,380228,37,rpm,668,457,36.7,36.7,3915,497,0,2158,2.093,1,COM7
2,380249,37,rpm,961,457,36.7,36.7,3915,497,0,2158,2.093,1,COM7
2,380270,37,rpm,745,457,36.7,36.7,3915,497,0,2158,2.094,1,COM7
2,380290,37,rpm,654,457,36.7,36.7,3915,497,0,2158,2.094,1,COM7
2,380311,37,rpm,735,457,36.7,36.7,3915,497,0,2159,2.094,1,COM7
2,380332,37,rpm,545,457,36.7,36.7,3915,497,0,2159,2.094,1,COM7
2,380352,37,rpm,468,457,36.7,36.7,3915,497,0,2159,2.094,1,COM7
2,380373,37,rpm,398,457,36.7,36.7,3915,497,0,2159,2.094,1,COM7
2,380394,37,rpm,236,457,36.7,36.7,3915,497,0,2159,2.094,1,COM7
2,380414,37,rpm,-395,457,36.7,36.7,3915,497,0,2159,2.095,1,COM7
2,380435,37,rpm,51,457,36.7,36.7,3915,497,0,2160,2.095,1,COM7
2,380456,37,rpm,356,457,36.7,36.7,3915,497,0,2160,2.095,1,COM7
2,380477,37,rpm,678,457,36.7,36.7,3915,497,0,2160,2.095,1,COM7
2,380497,37,rpm,821,457,36.7,36.7,3915,497,0,2160,2.095,1,COM7
2,380518,37,rpm,798,457,36.7,36.7,3915,497,0,2160,2.095,1,COM7
2,380539,37,rpm,802,457,36.7,36.7,3915,497,0,2160,2.096,1,COM7
2,380559,37,rpm,630,456,36.7,36.7,3915,497,0,2160,2.096,1,COM7
2,380580,37,rpm,567,456,36.7,36.7,3915,497,0,2161,2.096,1,COM7
2,380601,37,rpm,598,456,36.7,36.7,3915,497,0,2161,2.096,1,COM7
2,380621,37,rpm,396,456,36.7,36.7,3915,497,0,2161,2.096,1,COM7
2,380642,37,rpm,276,456,36.7,36.7,3915,497,0,2161,2.096,1,COM7
2,380663,37,rpm,-98,456,36.7,36.7,3915,497,0,2161,2.096,1,COM7
2,380684,37,rpm,-169,456,36.7,36.7,3915,497,0,2161,2.097,1,COM7
2,380704,37,rpm,124,456,36.7,36.7,3915,497,0,2162,2.097,1,COM7
2,380725,37,rpm,649,456,36.7,36.7,3915,497,0,2162,2.097,1,COM7
2,380746,37,rpm,785,456,36.7,36.7,3915,497,0,2162,2.097,1,COM7
2,380767,37,rpm,750,456,36.7,36.7,3915,497,0,2162,2.097,1,COM7
2,380787,37,rpm,863,456,36.7,36.7,3915,497,0,2162,2.097,1,COM7
2,380808,37,rpm,672,456,36.7,36.7,3915,497,0,2162,2.098,1,COM7
2,380829,37,rpm,608,456,36.7,36.7,3915,497,0,2163,2.098,1,COM7
2,380849,37,rpm,515,456,36.7,36.7,3915,497,0,2163,2.098,1,COM7
2,380870,37,rpm,475,456,36.7,36.7,3915,497,0,2163,2.098,1,COM7
2,380891,37,rpm,349,456,36.7,36.7,3915,497,0,2163,2.098,1,COM7
2,380911,37,rpm,106,456,36.7,36.7,3915,497,0,2163,2.098,1,COM7
2,380932,37,rpm,-320,456,36.7,36.7,3915,497,0,2163,2.098,1,COM7
2,380953,37,rpm,97,456,36.7,36.7,3915,497,0,2163,2.099,1,COM7
2,380973,37,rpm,512,456,36.7,36.7,3915,497,0,2164,2.099,1,COM7
2,380994,37,rpm,701,456,36.7,36.7,3915,497,0,2164,2.099,1,COM7
2,381015,37,rpm,1001,456,36.7,36.7,3915,497,0,2164,2.099,1,COM7
2,381036,37,rpm,722,456,36.7,36.7,3915,497,0,2164,2.099,1,COM7
2,381056,37,rpm,669,456,36.7,36.7,3915,497,0,2164,2.099,1,COM7
2,381077,37,rpm,740,456,36.7,36.7,3915,497,0,2164,2.099,1,COM7
2,381098,37,rpm,543,456,36.7,36.7,3915,497,0,2165,2.1,1,COM7
2,381118,37,rpm,436,456,36.7,36.7,3915,497,0,2165,2.1,1,COM7
2,381139,37,rpm,379,456,36.7,36.7,3915,497,0,2165,2.1,1,COM7
2,381160,37,rpm,177,456,36.7,36.7,3915,497,0,2165,2.1,1,COM7
2,381180,37,rpm,-388,456,36.7,36.7,3915,497,0,2165,2.1,1,COM7
2,381201,37,rpm,68,456,36.7,36.7,3915,497,0,2165,2.1,1,COM7
2,381222,37,rpm,457,456,36.7,36.7,3915,497,0,2166,2.101,1,COM7
2,381243,37,rpm,652,456,36.7,36.7,3915,497,0,2166,2.101,1,COM7
2,381263,37,rpm,872,456,36.7,36.7,3915,497,0,2166,2.101,1,COM7
2,381284,37,rpm,796,456,36.7,36.7,3915,497,0,2166,2.101,1,COM7
2,381305,37,rpm,741,456,36.7,36.7,3915,497,0,2166,2.101,1,COM7
2,381325,37,rpm,646,456,36.7,36.7,3915,497,0,2166,2.101,1,COM7
2,381346,37,rpm,570,456,36.7,36.7,3915,497,0,2166,2.101,1,COM7
2,381367,37,rpm,563,456,36.7,36.7,3915,497,0,2167,2.102,1,COM7
2,381387,37,rpm,347,456,36.7,36.7,3915,497,0,2167,2.102,1,COM7
2,381408,37,rpm,295,456,36.7,36.7,3915,497,0,2167,2.102,1,COM7
2,381429,37,rpm,-310,456,36.7,36.7,3915,497,0,2167,2.102,1,COM7
2,381450,37,rpm,-2,456,36.7,36.7,3915,497,0,2167,2.102,1,COM7
2,381470,37,rpm,214,456,36.7,36.7,3915,497,0,2167,2.102,1,COM7
2,381491,37,rpm,734,456,36.7,36.7,3915,497,0,2168,2.103,1,COM7
2,381512,37,rpm,764,456,36.7,36.7,3915,497,0,2168,2.103,1,COM7
2,381532,37,rpm,791,456,36.7,36.7,3915,497,0,2168,2.103,1,COM7
2,381553,37,rpm,809,456,36.7,36.7,3915,497,0,2168,2.103,1,COM7
2,381574,37,rpm,667,456,36.7,36.7,3915,497,0,2168,2.103,1,COM7
2,381595,37,rpm,533,456,36.7,36.7,3915,497,0,2168,2.103,1,COM7
2,381615,37,rpm,576,456,36.7,36.7,3915,497,0,2169,2.103,1,COM7
2,381636,37,rpm,459,456,36.7,36.7,3915,497,0,2169,2.104,1,COM7
2,381657,37,rpm,304,456,36.7,36.7,3915,497,0,2169,2.104,1,COM7
2,381677,37,rpm,86,456,36.7,36.7,3915,497,0,2169,2.104,1,COM7
2,381698,37,rpm,-310,456,36.7,36.7,3915,497,0,2169,2.104,1,COM7
2,381719,37,rpm,87,456,36.7,36.7,3915,497,0,2169,2.104,1,COM7
2,381740,37,rpm,505,456,36.7,36.7,3915,497,0,2169,2.104,1,COM7
2,381760,37,rpm,745,456,36.7,36.7,3915,497,0,2170,2.105,1,COM7
2,381781,37,rpm,884,456,36.7,36.7,3915,497,0,2170,2.105,1,COM7
2,381802,37,rpm,735,456,36.7,36.7,3915,497,0,2170,2.105,1,COM7
2,381822,37,rpm,697,456,36.7,36.7,3915,497,0,2170,2.105,1,COM7
2,381843,37,rpm,718,456,36.7,36.7,3915,497,0,2170,2.105,1,COM7
2,381864,37,rpm,532,456,36.7,36.7,3915,497,0,2170,2.105,1,COM7
2,381885,37,rpm,477,456,36.7,36.7,3915,497,0,2171,2.105,1,COM7
2,381905,37,rpm,422,456,36.7,36.7,3915,497,0,2171,2.106,1,COM7
2,381926,37,rpm,245,456,36.7,36.7,3915,497,0,2171,2.106,1,COM7
2,381947,37,rpm,-375,456,36.7,36.7,3915,497,0,2171,2.106,1,COM7
2,381967,37,rpm,37,456,36.7,36.7,3915,497,0,2171,2.106,1,COM7
2,381988,37,rpm,322,456,36.7,36.7,3915,497,0,2171,2.106,1,COM7
2,382009,37,rpm,628,456,36.7,36.7,3915,497,0,2172,2.106,1,COM7
2,382030,37,rpm,880,456,36.7,36.7,3915,497,0,2172,2.107,1,COM7
2,382050,37,rpm,838,456,36.7,36.7,3915,497,0,2172,2.107,1,COM7
2,382071,37,rpm,696,456,36.7,36.7,3915,497,0,2172,2.107,1,COM7
2,382092,37,rpm,692,456,36.7,36.7,3915,497,0,2172,2.107,1,COM7
2,382112,37,rpm,596,456,36.7,36.7,3915,497,0,2172,2.107,1,COM7
2,382133,37,rpm,554,456,36.7,36.7,3915,497,0,2172,2.107,1,COM7
2,382154,37,rpm,406,456,36.7,36.7,3915,497,0,2173,2.107,1,COM7
2,382174,37,rpm,293,456,36.7,36.7,3915,497,0,2173,2.108,1,COM7
2,382195,37,rpm,-31,456,36.7,36.7,3915,497,0,2173,2.108,1,COM7
2,382216,37,rpm,-246,456,36.7,36.7,3915,497,0,2173,2.108,1,COM7
2,382236,37,rpm,125,456,36.7,36.7,3915,497,0,2173,2.108,1,COM7
2,382257,37,rpm,642,456,36.7,36.7,3915,497,0,2173,2.108,1,COM7
2,382278,37,rpm,726,456,36.7,36.7,3915,497,0,2174,2.108,1,COM7
2,382298,37,rpm,762,456,36.7,36.7,3915,497,0,2174,2.108,1,COM7
2,382319,37,rpm,907,456,36.7,36.7,3915,497,0,2174,2.109,1,COM7
2,382340,37,rpm,653,456,36.7,36.7,3915,497,0,2174,2.109,1,COM7
2,382360,37,rpm,570,456,36.7,36.7,3915,497,0,2174,2.109,1,COM7
2,382381,37,rpm,624,456,36.7,36.7,3915,497,0,2174,2.109,1,COM7
2,382402,37,rpm,482,456,36.7,36.7,3915,497,0,2174,2.109,1,COM7
2,382422,37,rpm,304,456,36.7,36.7,3915,497,0,2175,2.109,1,COM7
2,382443,37,rpm,220,456,36.7,36.7,3915,497,0,2175,2.11,1,COM7
2,382464,37,rpm,-406,456,36.7,36.7,3915,497,0,2175,2.11,1,COM7
2,382484,37,rpm,66,456,36.7,36.7,3915,497,0,2175,2.11,1,COM7
2,382505,37,rpm,454,456,36.7,36.7,3915,497,0,2175,2.11,1,COM7
2,382526,37,rpm,758,456,36.7,36.7,3915,497,0,2175,2.11,1,COM7
2,382547,37,rpm,865,456,36.7,36.7,3915,497,0,2176,2.11,1,COM7
2,382567,37,rpm,747,456,36.7,36.7,3915,497,0,2176,2.11,1,COM7
2,382588,37,rpm,734,456,36.7,36.7,3915,497,0,2176,2.111,1,COM7
2,382609,37,rpm,708,456,36.7,36.7,3915,497,0,2176,2.111,1,COM7
2,382629,37,rpm,523,456,36.7,36.7,3915,497,0,2176,2.111,1,COM7
2,382650,37,rpm,474,456,36.7,36.7,3915,497,0,2176,2.111,1,COM7
2,382671,37,rpm,376,456,36.7,36.7,3915,497,0,2177,2.111,1,COM7
2,382691,37,rpm,205,456,36.7,36.7,3915,497,0,2177,2.111,1,COM7
2,382712,37,rpm,-382,456,36.7,36.7,3915,497,0,2177,2.112,1,COM7
2,382733,37,rpm,57,456,36.7,36.7,3915,497,0,2177,2.112,1,COM7
2,382754,37,rpm,403,456,36.7,36.7,3915,497,0,2177,2.112,1,COM7
2,382774,37,rpm,641,456,36.7,36.7,3915,497,0,2177,2.112,1,COM7
2,382795,37,rpm,950,456,36.7,36.7,3915,497,0,2177,2.112,1,COM7
2,382816,37,rpm,784,456,36.7,36.7,3915,497,0,2178,2.112,1,COM7
2,382836,37,rpm,666,456,36.7,36.7,3915,497,0,2178,2.112,1,COM7
2,382857,37,rpm,744,456,36.7,36.7,3915,497,0,2178,2.113,1,COM7
2,382878,37,rpm,569,456,36.7,36.7,3915,497,0,2178,2.113,1,COM7
2,382898,37,rpm,494,456,36.7,36.7,3915,497,0,2178,2.113,1,COM7
2,382919,37,rpm,426,456,36.7,36.7,3915,497,0,2178,2.113,1,COM7
2,382940,37,rpm,285,456,36.7,36.7,3915,497,0,2179,2.113,1,COM7
2,382960,37,rpm,-135,456,36.7,36.7,3915,497,0,2179,2.113,1,COM7
2,382981,37,rpm,-126,456,36.7,36.7,3915,497,0,2179,2.114,1,COM7
2,383002,37,rpm,168,456,36.7,36.7,3915,497,0,2179,2.114,1,COM7
2,383023,37,rpm,654,456,36.7,36.7,3915,497,0,2179,2.114,1,COM7
2,383043,37,rpm,715,456,36.7,36.7,3915,497,0,2179,2.114,1,COM7
2,383064,37,rpm,804,456,36.7,36.7,3915,497,0,2180,2.114,1,COM7
2,383084,37,rpm,856,456,36.7,36.7,3915,497,0,2180,2.114,1,COM7
2,383105,37,rpm,646,456,36.7,36.7,3915,497,0,2180,2.114,1,COM7
2,383126,37,rpm,609,456,36.7,36.7,3915,497,0,2180,2.115,1,COM7
2,383147,37,rpm,577,456,36.7,36.7,3915,497,0,2180,2.115,1,COM7
2,383167,37,rpm,441,456,36.7,36.7,3915,497,0,2180,2.115,1,COM7
2,383188,37,rpm,309,456,36.7,36.7,3915,497,0,2180,2.115,1,COM7
2,383209,37,rpm,158,456,36.7,36.7,3915,497,0,2181,2.115,1,COM7
2,383229,37,rpm,-349,456,36.7,36.7,3915,497,0,2181,2.115,1,COM7
2,383250,37,rpm,63,456,36.7,36.7,3915,497,0,2181,2.116,1,COM7
2,383271,37,rpm,494,456,36.7,36.7,3915,497,0,2181,2.116,1,COM7
2,383291,37,rpm,703,456,36.7,36.7,3915,497,0,2181,2.116,1,COM7
2,383312,37,rpm,697,456,36.7,36.7,3915,497,0,2181,2.116,1,COM7
2,383333,37,rpm,964,456,36.7,36.7,3915,497,0,2182,2.116,1,COM7
2,383354,37,rpm,728,456,36.7,36.7,3915,497,0,2182,2.116,1,COM7
2,383374,37,rpm,560,456,36.7,36.7,3915,497,0,2182,2.116,1,COM7
2,383395,37,rpm,637,456,36.7,36.7,3915,497,0,2182,2.117,1,COM7
2,383416,37,rpm,525,456,36.7,36.7,3915,497,0,2182,2.117,1,COM7
2,383436,37,rpm,378,456,36.7,36.7,3915,497,0,2182,2.117,1,COM7
2,383457,37,rpm,286,456,36.7,36.7,3915,497,0,2183,2.117,1,COM7
2,383478,37,rpm,-312,456,36.7,36.7,3915,497,0,2183,2.117,1,COM7
2,383498,37,rpm,-26,456,36.7,36.7,3915,497,0,2183,2.117,1,COM7
2,383519,37,rpm,225,456,36.7,36.7,3915,497,0,2183,2.118,1,COM7
2,383540,37,rpm,690,456,36.7,36.7,3915,497,0,2183,2.118,1,COM7
2,383560,37,rpm,857,456,36.7,36.7,3915,497,0,2183,2.118,1,COM7
2,383581,37,rpm,761,456,36.7,36.7,3915,497,0,2183,2.118,1,COM7
2,383602,37,rpm,743,456,36.7,36.7,3915,497,0,2184,2.118,1,COM7
2,383622,37,rpm,761,456,36.7,36.7,3915,497,0,2184,2.118,1,COM7
2,383643,37,rpm,557,456,36.7,36.7,3915,497,0,2184,2.118,1,COM7
2,383664,37,rpm,513,456,36.7,36.7,3915,497,0,2184,2.119,1,COM7
2,383685,37,rpm,510,456,36.7,36.7,3915,497,0,2184,2.119,1,COM7
2,383705,37,rpm,296,456,36.7,36.7,3915,497,0,2184,2.119,1,COM7
2,383726,37,rpm,51,456,36.7,36.7,3915,497,0,2185,2.119,1,COM7
2,383747,37,rpm,-332,456,36.7,36.7,3915,497,0,2185,2.119,1,COM7
2,383767,37,rpm,104,456,36.7,36.7,3915,497,0,2185,2.119,1,COM7
2,383788,37,rpm,497,456,36.7,36.7,3915,497,0,2185,2.119,1,COM7
2,383809,37,rpm,769,456,36.7,36.7,3915,497,0,2185,2.12,1,COM7
2,383830,37,rpm,823,456,36.7,36.7,3915,497,0,2185,2.12,1,COM7
2,383850,37,rpm,804,456,36.7,36.7,3915,497,0,2186,2.12,1,COM7
2,383871,37,rpm,705,456,36.7,36.7,3915,497,0,2186,2.12,1,COM7
2,383892,37,rpm,594,456,36.7,36.7,3915,497,0,2186,2.12,1,COM7
2,383913,37,rpm,616,456,36.7,36.7,3915,497,0,2186,2.12,1,COM7
2,383933,37,rpm,467,456,36.7,36.7,3915,497,0,2186,2.121,1,COM7
2,383954,37,rpm,327,456,36.7,36.7,3915,497,0,2186,2.121,1,COM7
2,383975,37,rpm,243,456,36.7,36.7,3915,497,0,2186,2.121,1,COM7
2,383995,37,rpm,-413,456,36.7,36.7,3915,497,0,2187,2.121,1,COM7
2,384016,37,rpm,60,456,36.7,36.7,3915,497,0,2187,2.121,1,COM7
2,384037,37,rpm,457,456,36.7,36.7,3915,497,0,2187,2.121,1,COM7
2,384057,37,rpm,718,456,36.7,36.7,3915,497,0,2187,2.121,1,COM7
2,384078,37,rpm,807,456,36.7,36.7,3915,497,0,2187,2.122,1,COM7
2,384099,37,rpm,893,456,36.7,36.7,3915,497,0,2187,2.122,1,COM7
2,384120,37,rpm,737,456,36.7,36.7,3915,497,0,2188,2.122,1,COM7
2,384140,37,rpm,575,456,36.7,36.7,3915,497,0,2188,2.122,1,COM7
2,384161,37,rpm,644,456,36.7,36.7,3915,497,0,2188,2.122,1,COM7
2,384182,37,rpm,501,456,36.7,36.7,3915,497,0,2188,2.122,1,COM7
2,384202,37,rpm,344,456,36.7,36.7,3915,497,0,2188,2.123,1,COM7
2,384223,37,rpm,238,456,36.7,36.7,3915,497,0,2188,2.123,1,COM7
2,384244,37,rpm,-369,456,36.7,36.7,3915,497,0,2189,2.123,1,COM7
2,384265,37,rpm,39,456,36.7,36.7,3915,497,0,2189,2.123,1,COM7
2,384285,37,rpm,333,456,36.7,36.7,3915,497,0,2189,2.123,1,COM7
2,384306,37,rpm,710,456,36.7,36.7,3915,497,0,2189,2.123,1,COM7
2,384327,37,rpm,840,456,36.7,36.7,3915,497,0,2189,2.123,1,COM7
2,384347,37,rpm,702,456,36.7,36.7,3915,497,0,2189,2.124,1,COM7
2,384368,37,rpm,793,456,36.7,36.7,3915,497,0,2189,2.124,1,COM7
2,384389,37,rpm,726,456,36.7,36.7,3915,497,0,2190,2.124,1,COM7
2,384409,37,rpm,532,456,36.7,36.7,3915,497,0,2190,2.124,1,COM7
2,384430,37,rpm,508,456,36.7,36.7,3915,497,0,2190,2.124,1,COM7
2,384451,37,rpm,461,456,36.7,36.7,3915,497,0,2190,2.124,1,COM7
2,384471,37,rpm,270,456,36.7,36.7,3915,497,0,2190,2.125,1,COM7
2,384492,37,rpm,-138,456,36.7,36.7,3915,497,0,2190,2.125,1,COM7
2,384513,37,rpm,-148,456,36.7,36.7,3915,497,0,2191,2.125,1,COM7
2,384534,37,rpm,169,456,36.7,36.7,3915,497,0,2191,2.125,1,COM7
2,384554,37,rpm,597,456,36.7,36.7,3915,497,0,2191,2.125,1,COM7
2,384575,37,rpm,817,456,36.7,36.7,3915,497,0,2191,2.125,1,COM7
2,384596,37,rpm,816,456,36.7,36.7,3915,497,0,2191,2.125,1,COM7
2,384617,37,rpm,745,456,36.7,36.7,3915,497,0,2191,2.126,1,COM7
2,384637,37,rpm,715,456,36.7,36.7,3915,497,0,2191,2.126,1,COM7
2,384658,37,rpm,595,456,36.7,36.7,3915,497,0,2192,2.126,1,COM7
2,384679,37,rpm,572,456,36.7,36.7,3915,497,0,2192,2.126,1,COM7
2,384699,37,rpm,450,456,36.7,36.7,3915,497,0,2192,2.126,1,COM7
2,384720,37,rpm,332,456,36.7,36.7,3915,497,0,2192,2.126,1,COM7
2,384741,37,rpm,212,456,36.7,36.7,3915,497,0,2192,2.127,1,COM7
2,384761,37,rpm,-378,456,36.7,36.7,3915,497,0,2192,2.127,1,COM7
2,384782,37,rpm,59,456,36.7,36.7,3915,497,0,2193,2.127,1,COM7
2,384803,37,rpm,448,456,36.7,36.7,3915,497,0,2193,2.127,1,COM7
2,384824,37,rpm,685,456,36.7,36.7,3915,497,0,2193,2.127,1,COM7
2,384844,37,rpm,718,456,36.7,36.7,3915,497,0,2193,2.127,1,COM7
2,384865,37,rpm,981,456,36.7,36.7,3915,497,0,2193,2.127,1,COM7
2,384886,37,rpm,710,456,36.7,36.7,3915,497,0,2193,2.128,1,COM7
2,384906,37,rpm,554,456,36.7,36.7,3915,497,0,2194,2.128,1,COM7
2,384927,37,rpm,689,456,36.7,36.7,3915,497,0,2194,2.128,1,COM7
2,384948,37,rpm,531,456,36.7,36.7,3915,497,0,2194,2.128,1,COM7
2,384969,37,rpm,351,456,36.7,36.7,3915,497,0,2194,2.128,1,COM7
2,384989,37,rpm,319,456,36.7,36.7,3915,497,0,2194,2.128,1,COM7
2,385010,37,rpm,-230,456,36.7,36.7,3915,497,0,2194,2.128,1,COM7
2,385031,37,rpm,-96,456,36.7,36.7,3915,497,0,2194,2.129,1,COM7
2,385051,37,rpm,194,456,36.7,36.7,3915,497,0,2195,2.129,1,COM7
2,385072,37,rpm,705,456,36.7,36.7,3915,497,0,2195,2.129,1,COM7
2,385093,37,rpm,758,456,36.7,36.7,3915,497,0,2195,2.129,1,COM7
2,385114,37,rpm,781,456,36.7,36.7,3915,497,0,2195,2.129,1,COM7
2,385134,37,rpm,797,456,36.7,36.7,3915,497,0,2195,2.129,1,COM7
2,385155,37,rpm,716,456,36.7,36.7,3915,497,0,2195,2.13,1,COM7
2,385176,37,rpm,546,456,36.7,36.7,3915,497,0,2196,2.13,1,COM7
2,385196,37,rpm,547,456,36.7,36.7,3915,497,0,2196,2.13,1,COM7
2,385217,37,rpm,493,456,36.7,36.7,3915,497,0,2196,2.13,1,COM7
2,385238,37,rpm,292,456,36.7,36.7,3915,497,0,2196,2.13,1,COM7
2,385259,37,rpm,117,456,36.7,36.7,3915,497,0,2196,2.13,1,COM7
2,385279,37,rpm,-340,456,36.7,36.7,3915,497,0,2196,2.13,1,COM7
2,385300,37,rpm,93,456,36.7,36.7,3915,497,0,2197,2.131,1,COM7
2,385321,37,rpm,483,456,36.7,36.7,3915,497,0,2197,2.131,1,COM7
2,385342,37,rpm,811,456,36.7,36.7,3915,497,0,2197,2.131,1,COM7
2,385362,37,rpm,802,456,36.7,36.7,3915,497,0,2197,2.131,1,COM7
2,385383,37,rpm,767,456,36.7,36.7,3915,497,0,2197,2.131,1,COM7
2,385403,37,rpm,760,456,36.7,36.7,3915,497,0,2197,2.131,1,COM7
2,385424,37,rpm,597,456,36.7,36.7,3915,497,0,2197,2.132,1,COM7
2,385445,37,rpm,575,456,36.7,36.7,3915,497,0,2198,2.132,1,COM7
2,385466,37,rpm,484,456,36.7,36.7,3915,497,0,2198,2.132,1,COM7
2,385486,37,rpm,358,456,36.7,36.7,3915,497,0,2198,2.132,1,COM7
2,385507,37,rpm,251,456,36.7,36.7,3915,497,0,2198,2.132,1,COM7
2,385528,37,rpm,-390,456,36.7,36.7,3915,497,0,2198,2.132,1,COM7
2,385548,37,rpm,53,456,36.7,36.7,3915,497,0,2198,2.132,1,COM7
2,385569,37,rpm,402,456,36.7,36.7,3915,497,0,2199,2.133,1,COM7
2,385590,37,rpm,685,456,36.7,36.7,3915,497,0,2199,2.133,1,COM7
2,385610,37,rpm,782,456,36.7,36.7,3915,497,0,2199,2.133,1,COM7
2,385631,37,rpm,958,456,36.7,36.7,3915,497,0,2199,2.133,1,COM7
2,385652,37,rpm,708,456,36.7,36.7,3915,497,0,2199,2.133,1,COM7
2,385673,37,rpm,579,456,36.7,36.7,3915,497,0,2199,2.133,1,COM7
2,385693,37,rpm,677,456,36.7,36.7,3915,497,0,2200,2.134,1,COM7
2,385714,37,rpm,491,456,36.7,36.7,3915,497,0,2200,2.134,1,COM7
2,385735,37,rpm,339,456,36.7,36.7,3915,497,0,2200,2.134,1,COM7
2,385755,37,rpm,281,456,36.7,36.7,3915,497,0,2200,2.134,1,COM7
2,385776,37,rpm,-354,456,36.7,36.7,3915,497,0,2200,2.134,1,COM7
2,385797,37,rpm,19,456,36.7,36.7,3915,497,0,2200,2.134,1,COM7
2,385817,37,rpm,302,456,36.7,36.7,3915,497,0,2200,2.134,1,COM7
2,385838,37,rpm,700,456,36.7,36.7,3915,497,0,2201,2.135,1,COM7
2,385859,37,rpm,723,456,36.7,36.7,3915,497,0,2201,2.135,1,COM7
2,385880,37,rpm,888,456,36.7,36.7,3915,497,0,2201,2.135,1,COM7
2,385900,37,rpm,790,456,36.7,36.7,3915,497,0,2201,2.135,1,COM7
2,385921,37,rpm,676,456,36.7,36.7,3915,497,0,2201,2.135,1,COM7
2,385942,37,rpm,555,456,36.7,36.7,3915,497,0,2201,2.135,1,COM7
2,385963,37,rpm,575,456,36.7,36.7,3915,497,0,2202,2.136,1,COM7
2,385983,37,rpm,431,456,36.7,36.7,3915,497,0,2202,2.136,1,COM7
2,386004,37,rpm,279,456,36.7,36.7,3915,497,0,2202,2.136,1,COM7
2,386025,37,rpm,-99,456,36.7,36.7,3915,497,0,2202,2.136,1,COM7
2,386045,37,rpm,-176,456,36.7,36.7,3915,497,0,2202,2.136,1,COM7
2,386066,37,rpm,138,456,36.7,36.7,3915,497,0,2202,2.136,1,COM7
2,386087,37,rpm,591,456,36.7,36.7,3915,497,0,2203,2.136,1,COM7
2,386108,37,rpm,831,456,36.7,36.7,3915,497,0,2203,2.137,1,COM7
2,386128,37,rpm,785,456,36.7,36.7,3915,497,0,2203,2.137,1,COM7
2,386149,37,rpm,737,456,36.7,36.7,3915,497,0,2203,2.137,1,COM7
2,386170,37,rpm,791,456,36.7,36.7,3915,497,0,2203,2.137,1,COM7
2,386190,37,rpm,606,456,36.7,36.7,3915,497,0,2203,2.137,1,COM7
2,386211,37,rpm,521,456,36.7,36.7,3915,497,0,2203,2.137,1,COM7
2,386232,37,rpm,526,456,36.7,36.7,3915,497,0,2204,2.138,1,COM7
2,386253,37,rpm,338,456,36.7,36.7,3915,497,0,2204,2.138,1,COM7
2,386273,37,rpm,231,456,36.7,36.7,3915,497,0,2204,2.138,1,COM7
2,386294,37,rpm,-385,456,36.7,36.7,3915,497,0,2204,2.138,1,COM7
2,386315,37,rpm,56,456,36.7,36.7,3915,497,0,2204,2.138,1,COM7
2,386336,37,rpm,405,456,36.7,36.7,3915,497,0,2204,2.138,1,COM7
2,386356,37,rpm,688,456,36.7,36.7,3915,497,0,2205,2.138,1,COM7
2,386377,37,rpm,727,456,36.7,36.7,3915,497,0,2205,2.139,1,COM7
2,386398,37,rpm,957,456,36.7,36.7,3915,497,0,2205,2.139,1,COM7
2,386418,37,rpm,705,456,36.7,36.7,3915,497,0,2205,2.139,1,COM7
2,386439,37,rpm,575,456,36.7,36.7,3915,497,0,2205,2.139,1,COM7
2,386460,37,rpm,688,456,36.7,36.7,3915,497,0,2205,2.139,1,COM7
2,386481,37,rpm,519,456,36.7,36.7,3915,497,0,2206,2.139,1,COM7
2,386501,37,rpm,358,456,36.7,36.7,3915,497,0,2206,2.139,1,COM7
2,386522,37,rpm,337,456,36.7,36.7,3915,497,0,2206,2.14,1,COM7
2,386543,37,rpm,-221,456,36.7,36.7,3915,497,0,2206,2.14,1,COM7
2,386564,37,rpm,-115,456,36.7,36.7,3915,497,0,2206,2.14,1,COM7
2,386584,37,rpm,197,456,36.7,36.7,3915,497,0,2206,2.14,1,COM7
2,386605,37,rpm,694,456,36.7,36.7,3915,497,0,2206,2.14,1,COM7
2,386626,37,rpm,689,456,36.7,36.7,3915,497,0,2207,2.14,1,COM7
2,386646,37,rpm,883,456,36.7,36.7,3915,497,0,2207,2.141,1,COM7
2,386667,37,rpm,823,456,36.7,36.7,3915,497,0,2207,2.141,1,COM7
2,386688,37,rpm,691,456,36.7,36.7,3915,497,0,2207,2.141,1,COM7
2,386709,37,rpm,552,456,36.7,36.7,3915,497,0,2207,2.141,1,COM7
2,386729,37,rpm,567,456,36.7,36.7,3915,497,0,2207,2.141,1,COM7
2,386750,37,rpm,480,456,36.7,36.7,3915,497,0,2208,2.141,1,COM7
2,386771,37,rpm,296,456,36.7,36.7,3915,497,0,2208,2.141,1,COM7
2,386792,37,rpm,135,456,36.7,36.7,3915,497,0,2208,2.142,1,COM7
2,386812,37,rpm,-349,456,36.7,36.7,3915,497,0,2208,2.142,1,COM7
2,386833,37,rpm,76,456,36.7,36.7,3915,497,0,2208,2.142,1,COM7
2,386854,37,rpm,503,456,36.7,36.7,3915,497,0,2208,2.142,1,COM7
2,386875,37,rpm,798,456,36.7,36.7,3915,497,0,2209,2.142,1,COM7
2,386895,37,rpm,781,456,36.7,36.7,3915,497,0,2209,2.142,1,COM7
2,386916,37,rpm,755,456,36.7,36.7,3915,497,0,2209,2.143,1,COM7
2,386937,37,rpm,804,456,36.7,36.7,3915,497,0,2209,2.143,1,COM7
2,386957,37,rpm,596,456,36.7,36.7,3915,497,0,2209,2.143,1,COM7
2,386978,37,rpm,558,456,36.7,36.7,3915,497,0,2209,2.143,1,COM7
2,386999,37,rpm,513,456,36.7,36.7,3915,497,0,2209,2.143,1,COM7
2,387020,37,rpm,353,456,36.7,36.7,3915,497,0,2210,2.143,1,COM7
2,387040,37,rpm,261,456,36.7,36.7,3915,497,0,2210,2.143,1,COM7
2,387061,37,rpm,-399,456,36.7,36.7,3915,497,0,2210,2.144,1,COM7
2,387082,37,rpm,46,456,36.7,36.7,3915,497,0,2210,2.144,1,COM7
2,387102,37,rpm,376,456,36.7,36.7,3915,497,0,2210,2.144,1,COM7
2,387123,37,rpm,680,456,36.7,36.7,3915,497,0,2210,2.144,1,COM7
2,387144,37,rpm,798,456,36.7,36.7,3915,497,0,2211,2.144,1,COM7
2,387165,37,rpm,955,456,36.7,36.7,3915,497,0,2211,2.144,1,COM7
2,387185,37,rpm,716,456,36.7,36.7,3915,497,0,2211,2.145,1,COM7
2,387206,37,rpm,574,456,36.7,36.7,3915,497,0,2211,2.145,1,COM7
2,387227,37,rpm,683,456,36.7,36.7,3915,497,0,2211,2.145,1,COM7
2,387247,37,rpm,486,456,36.7,36.7,3915,497,0,2211,2.145,1,COM7
2,387268,37,rpm,358,456,36.7,36.7,3915,497,0,2211,2.145,1,COM7
2,387289,37,rpm,274,456,36.7,36.7,3915,497,0,2212,2.145,1,COM7
2,387310,37,rpm,-377,456,36.7,36.7,3915,497,0,2212,2.145,1,COM7
2,387330,37,rpm,22,456,36.7,36.7,3915,497,0,2212,2.146,1,COM7
2,387351,37,rpm,304,456,36.7,36.7,3915,497,0,2212,2.146,1,COM7
2,387372,37,rpm,709,456,36.7,36.7,3915,497,0,2212,2.146,1,COM7
2,387392,37,rpm,683,456,36.7,36.7,3915,497,0,2212,2.146,1,COM7
2,387413,37,rpm,902,456,36.7,36.7,3915,497,0,2213,2.146,1,COM7
2,387434,37,rpm,773,456,36.7,36.7,3915,497,0,2213,2.146,1,COM7
2,387455,37,rpm,646,456,36.7,36.7,3915,497,0,2213,2.147,1,COM7
2,387475,37,rpm,564,456,36.7,36.7,3915,497,0,2213,2.147,1,COM7
2,387496,37,rpm,565,456,36.7,36.7,3915,497,0,2213,2.147,1,COM7
2,387517,37,rpm,442,456,36.7,36.7,3915,497,0,2213,2.147,1,COM7
2,387537,37,rpm,271,456,36.7,36.7,3915,497,0,2214,2.147,1,COM7
2,387558,37,rpm,-19,456,36.7,36.7,3915,497,0,2214,2.147,1,COM7
2,387579,37,rpm,-227,456,36.7,36.7,3915,497,0,2214,2.147,1,COM7
2,387599,37,rpm,115,456,36.7,36.7,3915,497,0,2214,2.148,1,COM7
2,387620,37,rpm,590,456,36.7,36.7,3915,497,0,2214,2.148,1,COM7
2,387641,37,rpm,823,456,36.7,36.7,3915,497,0,2214,2.148,1,COM7
2,387661,37,rpm,776,456,36.7,36.7,3915,497,0,2214,2.148,1,COM7
2,387682,37,rpm,751,456,36.7,36.7,3915,497,0,2215,2.148,1,COM7
2,387703,37,rpm,793,456,36.7,36.7,3915,497,0,2215,2.148,1,COM7
2,387724,37,rpm,575,456,36.7,36.7,3915,497,0,2215,2.149,1,COM7
2,387744,37,rpm,526,456,36.7,36.7,3915,497,0,2215,2.149,1,COM7
2,387765,37,rpm,536,456,36.7,36.7,3915,497,0,2215,2.149,1,COM7
2,387786,37,rpm,333,456,36.7,36.7,3915,497,0,2215,2.149,1,COM7
2,387806,37,rpm,234,456,36.7,36.7,3915,497,0,2216,2.149,1,COM7
2,387827,37,rpm,-390,456,36.7,36.7,3915,497,0,2216,2.149,1,COM7
2,387848,37,rpm,53,456,36.7,36.7,3915,497,0,2216,2.149,1,COM7
2,387869,37,rpm,350,456,36.7,36.7,3915,497,0,2216,2.15,1,COM7
2,387889,37,rpm,724,456,36.7,36.7,3915,497,0,2216,2.15,1,COM7
2,387910,37,rpm,744,456,36.7,36.7,3915,497,0,2216,2.15,1,COM7
2,387931,37,rpm,906,456,36.7,36.7,3915,497,0,2217,2.15,1,COM7
2,387951,37,rpm,694,456,36.7,36.7,3915,497,0,2217,2.15,1,COM7
2,387972,37,rpm,641,456,36.7,36.7,3915,497,0,2217,2.15,1,COM7
2,387993,37,rpm,652,456,36.7,36.7,3915,497,0,2217,2.151,1,COM7
2,388013,37,rpm,533,456,36.7,36.7,3915,497,0,2217,2.151,1,COM7
2,388034,37,rpm,366,456,36.7,36.7,3915,497,0,2217,2.151,1,COM7
2,388055,37,rpm,339,456,36.7,36.7,3915,497,0,2217,2.151,1,COM7
2,388075,37,rpm,-157,456,36.7,36.7,3915,497,0,2218,2.151,1,COM7
2,388096,37,rpm,-151,456,36.7,36.7,3915,497,0,2218,2.151,1,COM7
2,388117,37,rpm,184,456,36.7,36.7,3915,497,0,2218,2.151,1,COM7
2,388137,37,rpm,673,456,36.7,36.7,3915,497,0,2218,2.152,1,COM7
2,388158,37,rpm,642,456,36.7,36.7,3915,497,0,2218,2.152,1,COM7
2,388179,37,rpm,943,456,36.7,36.7,3915,497,0,2218,2.152,1,COM7
2,388200,37,rpm,813,456,36.7,36.7,3915,497,0,2219,2.152,1,COM7
2,388220,37,rpm,591,456,36.7,36.7,3915,497,0,2219,2.152,1,COM7
2,388241,37,rpm,659,456,36.7,36.7,3915,497,0,2219,2.152,1,COM7
2,388262,37,rpm,583,456,36.7,36.7,3915,497,0,2219,2.152,1,COM7
2,388282,37,rpm,455,456,36.7,36.7,3915,497,0,2219,2.153,1,COM7
2,388303,37,rpm,309,456,36.7,36.7,3915,497,0,2219,2.153,1,COM7
2,388324,37,rpm,166,456,36.7,36.7,3915,497,0,2220,2.153,1,COM7
2,388345,37,rpm,-401,456,36.7,36.7,3915,497,0,2220,2.153,1,COM7
2,388365,37,rpm,70,456,36.7,36.7,3915,497,0,2220,2.153,1,COM7
2,388386,37,rpm,487,456,36.7,36.7,3915,497,0,2220,2.153,1,COM7
2,388407,37,rpm,770,456,36.7,36.7,3915,497,0,2220,2.154,1,COM7
2,388427,37,rpm,778,456,36.7,36.7,3915,497,0,2220,2.154,1,COM7
2,388448,37,rpm,794,456,36.7,36.7,3915,497,0,2220,2.154,1,COM7
2,388469,37,rpm,811,456,36.7,36.7,3915,497,0,2221,2.154,1,COM7
2,388490,37,rpm,562,456,36.7,36.7,3915,497,0,2221,2.154,1,COM7
2,388510,37,rpm,546,456,36.7,36.7,3915,497,0,2221,2.154,1,COM7
2,388531,37,rpm,575,456,36.7,36.7,3915,497,0,2221,2.154,1,COM7
2,388552,37,rpm,347,456,36.7,36.7,3915,497,0,2221,2.155,1,COM7
2,388572,37,rpm,263,456,36.7,36.7,3915,497,0,2221,2.155,1,COM7
2,388593,37,rpm,-388,456,36.7,36.7,3915,497,0,2222,2.155,1,COM7
2,388614,37,rpm,40,456,36.7,36.7,3915,497,0,2222,2.155,1,COM7
2,388635,37,rpm,288,456,36.7,36.7,3915,497,0,2222,2.155,1,COM7
2,388655,37,rpm,747,456,36.7,36.7,3915,497,0,2222,2.155,1,COM7
2,388676,37,rpm,833,456,36.7,36.7,3915,497,0,2222,2.156,1,COM7
2,388697,37,rpm,840,456,36.7,36.7,3915,497,0,2222,2.156,1,COM7
2,388717,37,rpm,751,456,36.7,36.7,3915,497,0,2223,2.156,1,COM7
2,388738,37,rpm,642,456,36.7,36.7,3915,497,0,2223,2.156,1,COM7
2,388759,37,rpm,661,456,36.7,36.7,3915,497,0,2223,2.156,1,COM7
2,388779,37,rpm,476,456,36.7,36.7,3915,497,0,2223,2.156,1,COM7
2,388800,37,rpm,360,456,36.7,36.7,3915,497,0,2223,2.156,1,COM7
2,388821,37,rpm,281,456,36.7,36.7,3915,497,0,2223,2.157,1,COM7
2,388842,37,rpm,-328,456,36.7,36.7,3915,497,0,2223,2.157,1,COM7
2,388862,37,rpm,2,456,36.7,36.7,3915,497,0,2224,2.157,1,COM7
2,388883,37,rpm,292,456,36.7,36.7,3915,497,0,2224,2.157,1,COM7
2,388904,37,rpm,695,456,36.7,36.7,3915,497,0,2224,2.157,1,COM7
2,388925,37,rpm,663,456,36.7,36.7,3915,497,0,2224,2.157,1,COM7
2,388945,37,rpm,984,456,36.7,36.7,3915,497,0,2224,2.158,1,COM7
2,388966,37,rpm,772,456,36.7,36.7,3915,497,0,2224,2.158,1,COM7
2,388987,37,rpm,575,456,36.7,36.7,3915,497,0,2225,2.158,1,COM7
2,389007,37,rpm,678,456,36.7,36.7,3915,497,0,2225,2.158,1,COM7
2,389028,37,rpm,563,456,36.7,36.7,3915,497,0,2225,2.158,1,COM7
2,389049,37,rpm,404,456,36.7,36.7,3915,497,0,2225,2.158,1,COM7
2,389070,37,rpm,295,456,36.7,36.7,3915,497,0,2225,2.158,1,COM7
2,389090,37,rpm,36,456,36.7,36.7,3915,497,0,2225,2.159,1,COM7
2,389111,37,rpm,-270,456,36.7,36.7,3915,497,0,2226,2.159,1,COM7
2,389132,37,rpm,96,456,36.7,36.7,3915,497,0,2226,2.159,1,COM7
2,389152,37,rpm,592,456,36.7,36.7,3915,497,0,2226,2.159,1,COM7
2,389173,37,rpm,765,456,36.7,36.7,3915,497,0,2226,2.159,1,COM7
2,389194,37,rpm,752,456,36.7,36.7,3915,497,0,2226,2.159,1,COM7
2,389215,37,rpm,859,456,36.7,36.7,3915,497,0,2226,2.16,1,COM7
2,389235,37,rpm,745,456,36.7,36.7,3915,497,0,2226,2.16,1,COM7
2,389256,37,rpm,557,456,36.7,36.7,3915,497,0,2227,2.16,1,COM7
2,389277,37,rpm,544,456,36.7,36.7,3915,497,0,2227,2.16,1,COM7
2,389297,37,rpm,553,456,36.7,36.7,3915,497,0,2227,2.16,1,COM7
2,389318,37,rpm,325,456,36.7,36.7,3915,497,0,2227,2.16,1,COM7
2,389339,37,rpm,255,456,36.7,36.7,3915,497,0,2227,2.16,1,COM7
2,389360,37,rpm,-396,456,36.7,36.7,3915,497,0,2227,2.161,1,COM7
2,389380,37,rpm,46,456,36.7,36.7,3915,497,0,2228,2.161,1,COM7
2,389401,37,rpm,292,456,36.7,36.7,3915,497,0,2228,2.161,1,COM7
2,389422,37,rpm,760,456,36.7,36.7,3915,497,0,2228,2.161,1,COM7
2,389442,37,rpm,771,456,36.7,36.7,3915,497,0,2228,2.161,1,COM7
2,389463,37,rpm,809,456,36.7,36.7,3915,497,0,2228,2.161,1,COM7
2,389484,37,rpm,771,457,36.7,36.7,3915,497,0,2228,2.161,1,COM7
2,389505,37,rpm,630,457,36.7,36.7,3915,497,0,2229,2.162,1,COM7
2,389525,37,rpm,620,457,36.7,36.7,3915,497,0,2229,2.162,1,COM7
2,389546,37,rpm,535,457,36.7,36.7,3915,497,0,2229,2.162,1,COM7
2,389567,37,rpm,397,457,36.7,36.7,3915,497,0,2229,2.162,1,COM7
2,389587,37,rpm,326,457,36.7,36.7,3915,497,0,2229,2.162,1,COM7
2,389608,37,rpm,-136,457,36.7,36.7,3915,497,0,2229,2.162,1,COM7
2,389629,37,rpm,-174,457,36.7,36.7,3915,497,0,2229,2.163,1,COM7
2,389650,37,rpm,170,457,36.7,36.7,3915,497,0,2230,2.163,1,COM7
2,389670,37,rpm,621,457,36.7,36.7,3915,497,0,2230,2.163,1,COM7
2,389691,37,rpm,690,457,36.7,36.7,3915,497,0,2230,2.163,1,COM7
2,389712,37,rpm,967,457,36.7,36.7,3915,497,0,2230,2.163,1,COM7
2,389733,37,rpm,800,457,36.7,36.7,3915,497,0,2230,2.163,1,COM7
2,389753,37,rpm,589,457,36.7,36.7,3915,497,0,2230,2.163,1,COM7
2,389774,37,rpm,692,457,36.7,36.7,3915,497,0,2231,2.164,1,COM7
2,389795,37,rpm,574,457,36.7,36.7,3915,497,0,2231,2.164,1,COM7
2,389815,37,rpm,432,457,36.7,36.7,3915,497,0,2231,2.164,1,COM7
2,389836,37,rpm,333,457,36.7,36.7,3915,497,0,2231,2.164,1,COM7
2,389857,37,rpm,194,457,36.7,36.7,3915,497,0,2231,2.164,1,COM7
2,389877,37,rpm,-391,457,36.7,36.7,3915,497,0,2231,2.164,1,COM7
2,389898,37,rpm,64,457,36.7,36.7,3915,497,0,2231,2.165,1,COM7
2,389919,37,rpm,459,457,36.7,36.7,3915,497,0,2232,2.165,1,COM7
2,389940,37,rpm,711,457,36.7,36.7,3915,497,0,2232,2.165,1,COM7
2,389960,37,rpm,778,457,36.7,36.7,3915,497,0,2232,2.165,1,COM7
2,389981,37,rpm,899,457,36.7,36.7,3915,497,0,2232,2.165,1,COM7
2,390002,37,rpm,755,457,36.7,36.7,3915,497,0,2232,2.165,1,COM7
2,390022,37,rpm,567,457,36.7,36.7,3915,497,0,2232,2.165,1,COM7
2,390043,37,rpm,563,457,36.7,36.7,3915,497,0,2233,2.166,1,COM7
2,390064,37,rpm,579,457,36.7,36.7,3915,497,0,2233,2.166,1,COM7
2,390084,37,rpm,355,457,36.7,36.7,3915,497,0,2233,2.166,1,COM7
2,390105,37,rpm,272,457,36.7,36.7,3915,497,0,2233,2.166,1,COM7
2,390126,37,rpm,-363,457,36.7,36.7,3915,497,0,2233,2.166,1,COM7
2,390147,37,rpm,29,457,36.7,36.7,3915,497,0,2233,2.166,1,COM7
2,390167,37,rpm,244,457,36.7,36.7,3915,497,0,2234,2.167,1,COM7
2,390188,37,rpm,762,457,36.7,36.7,3915,497,0,2234,2.167,1,COM7
2,390209,37,rpm,808,457,36.7,36.7,3915,497,0,2234,2.167,1,COM7
2,390229,37,rpm,801,457,36.7,36.7,3915,497,0,2234,2.167,1,COM7
2,390250,37,rpm,828,457,36.7,36.7,3915,497,0,2234,2.167,1,COM7
2,390271,37,rpm,648,457,36.7,36.7,3915,497,0,2234,2.167,1,COM7
2,390292,37,rpm,615,457,36.7,36.7,3915,497,0,2234,2.167,1,COM7
2,390312,37,rpm,504,457,36.7,36.7,3915,497,0,2235,2.168,1,COM7
2,390333,37,rpm,377,457,36.7,36.7,3915,497,0,2235,2.168,1,COM7
2,390354,37,rpm,274,457,36.7,36.7,3915,497,0,2235,2.168,1,COM7
2,390374,37,rpm,-296,457,36.7,36.7,3915,497,0,2235,2.168,1,COM7
2,390395,37,rpm,-16,457,36.7,36.7,3915,497,0,2235,2.168,1,COM7
2,390416,37,rpm,256,457,36.7,36.7,3915,497,0,2235,2.168,1,COM7
2,390437,37,rpm,668,457,36.7,36.7,3915,497,0,2236,2.169,1,COM7
2,390457,37,rpm,680,457,36.7,36.7,3915,497,0,2236,2.169,1,COM7
2,390478,37,rpm,953,457,36.7,36.7,3915,497,0,2236,2.169,1,COM7
2,390499,37,rpm,720,457,36.7,36.7,3915,497,0,2236,2.169,1,COM7
2,390519,37,rpm,649,457,36.7,36.7,3915,497,0,2236,2.169,1,COM7
2,390540,37,rpm,637,457,36.7,36.7,3915,497,0,2236,2.169,1,COM7
2,390561,37,rpm,561,457,36.7,36.7,3915,497,0,2237,2.169,1,COM7
2,390581,37,rpm,397,457,36.7,36.7,3915,497,0,2237,2.17,1,COM7
2,390602,37,rpm,342,457,36.7,36.7,3915,497,0,2237,2.17,1,COM7
2,390623,37,rpm,-15,457,36.7,36.7,3915,497,0,2237,2.17,1,COM7
2,390644,37,rpm,-257,457,36.7,36.7,3915,497,0,2237,2.17,1,COM7
2,390664,37,rpm,100,457,36.7,36.7,3915,497,0,2237,2.17,1,COM7
2,390685,37,rpm,600,457,36.7,36.7,3915,497,0,2237,2.17,1,COM7
2,390706,37,rpm,694,457,36.7,36.7,3915,497,0,2238,2.171,1,COM7
2,390726,37,rpm,772,457,36.7,36.7,3915,497,0,2238,2.171,1,COM7
2,390747,37,rpm,851,457,36.7,36.7,3915,497,0,2238,2.171,1,COM7
2,390768,37,rpm,717,457,36.7,36.7,3915,497,0,2238,2.171,1,COM7
2,390788,37,rpm,555,457,36.7,36.7,3915,497,0,2238,2.171,1,COM7
2,390809,37,rpm,585,457,36.7,36.7,3915,497,0,2238,2.171,1,COM7
2,390830,37,rpm,541,457,36.7,36.7,3915,497,0,2239,2.171,1,COM7
2,390851,37,rpm,317,457,36.7,36.7,3915,497,0,2239,2.172,1,COM7
2,390871,37,rpm,272,457,36.7,36.7,3915,497,0,2239,2.172,1,COM7
2,390892,37,rpm,-369,457,36.7,36.7,3915,497,0,2239,2.172,1,COM7
2,390913,37,rpm,29,457,36.7,36.7,3915,497,0,2239,2.172,1,COM7
2,390933,37,rpm,287,457,36.7,36.7,3915,497,0,2239,2.172,1,COM7
2,390954,37,rpm,772,457,36.7,36.7,3915,497,0,2240,2.172,1,COM7
2,390975,37,rpm,713,457,36.7,36.7,3915,497,0,2240,2.173,1,COM7
2,390996,37,rpm,818,457,36.7,36.7,3915,497,0,2240,2.173,1,COM7
2,391016,37,rpm,866,457,36.7,36.7,3915,497,0,2240,2.173,1,COM7
2,391037,37,rpm,591,457,36.7,36.7,3915,497,0,2240,2.173,1,COM7
2,391058,37,rpm,579,457,36.7,36.7,3915,497,0,2240,2.173,1,COM7
2,391078,37,rpm,602,457,36.7,36.7,3915,497,0,2240,2.173,1,COM7
2,391099,37,rpm,393,457,36.7,36.7,3915,497,0,2241,2.173,1,COM7
2,391120,37,rpm,312,457,36.7,36.7,3915,497,0,2241,2.174,1,COM7
2,391140,37,rpm,-53,457,36.7,36.7,3915,497,0,2241,2.174,1,COM7
2,391161,37,rpm,-246,457,36.7,36.7,3915,497,0,2241,2.174,1,COM7
2,391182,37,rpm,135,457,36.7,36.7,3915,497,0,2241,2.174,1,COM7
2,391203,37,rpm,633,457,36.7,36.7,3915,497,0,2241,2.174,1,COM7
2,391223,37,rpm,677,457,36.7,36.7,3915,497,0,2242,2.174,1,COM7
2,391244,37,rpm,911,457,36.7,36.7,3915,497,0,2242,2.174,1,COM7
2,391265,37,rpm,798,457,36.7,36.7,3915,497,0,2242,2.175,1,COM7
2,391285,37,rpm,616,457,36.7,36.7,3915,497,0,2242,2.175,1,COM7
2,391306,37,rpm,695,457,36.7,36.7,3915,497,0,2242,2.175,1,COM7
2,391327,37,rpm,538,457,36.7,36.7,3915,497,0,2242,2.175,1,COM7
2,391347,37,rpm,463,457,36.7,36.7,3915,497,0,2243,2.175,1,COM7
2,391368,37,rpm,371,457,36.7,36.7,3915,497,0,2243,2.175,1,COM7
2,391389,37,rpm,222,457,36.7,36.7,3915,497,0,2243,2.176,1,COM7
2,391410,37,rpm,-415,457,36.7,36.7,3915,497,0,2243,2.176,1,COM7
2,391430,37,rpm,61,457,36.7,36.7,3915,497,0,2243,2.176,1,COM7
2,391451,37,rpm,431,457,36.7,36.7,3915,497,0,2243,2.176,1,COM7
2,391472,37,rpm,605,457,36.7,36.7,3915,497,0,2243,2.176,1,COM7
2,391492,37,rpm,867,457,36.7,36.7,3915,497,0,2244,2.176,1,COM7
2,391513,37,rpm,879,457,36.7,36.7,3915,497,0,2244,2.176,1,COM7
2,391534,37,rpm,696,457,36.7,36.7,3915,497,0,2244,2.177,1,COM7
2,391555,37,rpm,585,457,36.7,36.7,3915,497,0,2244,2.177,1,COM7
2,391575,37,rpm,619,457,36.7,36.7,3915,497,0,2244,2.177,1,COM7
2,391596,37,rpm,544,457,36.7,36.7,3915,497,0,2244,2.177,1,COM7
2,391617,37,rpm,338,457,36.7,36.7,3915,497,0,2245,2.177,1,COM7
2,391637,37,rpm,296,457,36.7,36.7,3915,497,0,2245,2.177,1,COM7
2,391658,37,rpm,-325,457,36.7,36.7,3915,497,0,2245,2.178,1,COM7
2,391679,37,rpm,1,457,36.7,36.7,3915,497,0,2245,2.178,1,COM7
2,391700,37,rpm,218,457,36.7,36.7,3915,497,0,2245,2.178,1,COM7
2,391720,37,rpm,770,457,36.7,36.7,3915,497,0,2245,2.178,1,COM7
2,391741,37,rpm,770,457,36.7,36.7,3915,497,0,2246,2.178,1,COM7
2,391762,37,rpm,805,457,36.7,36.7,3915,497,0,2246,2.178,1,COM7
2,391782,37,rpm,884,457,36.7,36.7,3915,497,0,2246,2.178,1,COM7
2,391803,37,rpm,633,457,36.7,36.7,3915,497,0,2246,2.179,1,COM7
2,391824,37,rpm,568,457,36.7,36.7,3915,497,0,2246,2.179,1,COM7
2,391845,37,rpm,567,457,36.7,36.7,3915,497,0,2246,2.179,1,COM7
2,391865,37,rpm,383,457,36.7,36.7,3915,497,0,2246,2.179,1,COM7
2,391886,37,rpm,265,457,36.7,36.7,3915,497,0,2247,2.179,1,COM7
2,391907,37,rpm,-227,457,36.7,36.7,3915,497,0,2247,2.179,1,COM7
2,391928,37,rpm,-85,457,36.7,36.7,3915,497,0,2247,2.18,1,COM7
2,391948,37,rpm,191,457,36.7,36.7,3915,497,0,2247,2.18,1,COM7
2,391969,37,rpm,680,457,36.7,36.7,3915,497,0,2247,2.18,1,COM7
2,391990,37,rpm,759,457,36.7,36.7,3915,497,0,2247,2.18,1,COM7
2,392010,37,rpm,877,457,36.7,36.7,3915,497,0,2248,2.18,1,COM7
2,392031,37,rpm,743,457,36.7,36.7,3915,497,0,2248,2.18,1,COM7
2,392052,37,rpm,615,457,36.7,36.7,3915,497,0,2248,2.18,1,COM7
2,392072,37,rpm,694,457,36.7,36.7,3915,497,0,2248,2.181,1,COM7
2,392093,37,rpm,544,457,36.7,36.7,3915,497,0,2248,2.181,1,COM7
2,392114,37,rpm,426,457,36.7,36.7,3915,497,0,2248,2.181,1,COM7
2,392135,37,rpm,346,457,36.7,36.7,3915,497,0,2249,2.181,1,COM7
2,392155,37,rpm,45,457,36.7,36.7,3915,497,0,2249,2.181,1,COM7
2,392176,37,rpm,-271,457,36.7,36.7,3915,497,0,2249,2.181,1,COM7
2,392197,37,rpm,90,457,36.7,36.7,3915,497,0,2249,2.182,1,COM7
2,392217,37,rpm,575,457,36.7,36.7,3915,497,0,2249,2.182,1,COM7
2,392238,37,rpm,606,457,36.7,36.7,3915,497,0,2249,2.182,1,COM7
2,392259,37,rpm,890,457,36.7,36.7,3915,497,0,2249,2.182,1,COM7
2,392280,37,rpm,881,457,36.7,36.7,3915,497,0,2250,2.182,1,COM7
2,392300,37,rpm,625,457,36.7,36.7,3915,497,0,2250,2.182,1,COM7
2,392321,37,rpm,630,457,36.7,36.7,3915,497,0,2250,2.182,1,COM7
2,392342,37,rpm,610,457,36.7,36.7,3915,497,0,2250,2.183,1,COM7
2,392362,37,rpm,503,457,36.7,36.7,3915,497,0,2250,2.183,1,COM7
2,392383,37,rpm,342,457,36.7,36.7,3915,497,0,2250,2.183,1,COM7
2,392404,37,rpm,293,457,36.7,36.7,3915,497,0,2251,2.183,1,COM7
2,392425,37,rpm,-361,457,36.7,36.7,3915,497,0,2251,2.183,1,COM7
2,392445,37,rpm,17,457,36.7,36.7,3915,497,0,2251,2.183,1,COM7
2,392466,37,rpm,254,457,36.7,36.7,3915,497,0,2251,2.184,1,COM7
2,392487,37,rpm,744,457,36.7,36.7,3915,497,0,2251,2.184,1,COM7
2,392508,37,rpm,683,457,36.7,36.7,3915,497,0,2251,2.184,1,COM7
2,392528,37,rpm,833,457,36.7,36.7,3915,497,0,2252,2.184,1,COM7
2,392549,37,rpm,886,457,36.7,36.7,3915,497,0,2252,2.184,1,COM7
2,392570,37,rpm,584,457,36.7,36.7,3915,497,0,2252,2.184,1,COM7
2,392590,37,rpm,579,457,36.7,36.7,3915,497,0,2252,2.184,1,COM7
2,392611,37,rpm,621,457,36.7,36.7,3915,497,0,2252,2.185,1,COM7
2,392632,37,rpm,389,457,36.7,36.7,3915,497,0,2252,2.185,1,COM7
2,392653,37,rpm,316,457,36.7,36.7,3915,497,0,2252,2.185,1,COM7
2,392673,37,rpm,-45,457,36.7,36.7,3915,497,0,2253,2.185,1,COM7
2,392694,37,rpm,-231,457,36.7,36.7,3915,497,0,2253,2.185,1,COM7
2,392715,37,rpm,115,457,36.7,36.7,3915,497,0,2253,2.185,1,COM7
2,392736,37,rpm,636,457,36.7,36.7,3915,497,0,2253,2.186,1,COM7
2,392756,37,rpm,710,457,36.7,36.7,3915,497,0,2253,2.186,1,COM7
2,392777,37,rpm,864,457,36.7,36.7,3915,497,0,2253,2.186,1,COM7
2,392798,37,rpm,816,457,36.7,36.7,3915,497,0,2254,2.186,1,COM7
2,392818,37,rpm,634,457,36.7,36.7,3915,497,0,2254,2.186,1,COM7
2,392839,37,rpm,683,457,36.7,36.7,3915,497,0,2254,2.186,1,COM7
2,392860,37,rpm,554,457,36.7,36.7,3915,497,0,2254,2.186,1,COM7
2,392881,37,rpm,453,457,36.7,36.7,3915,497,0,2254,2.187,1,COM7
2,392901,37,rpm,378,457,36.7,36.7,3915,497,0,2254,2.187,1,COM7
2,392922,37,rpm,220,457,36.7,36.7,3915,497,0,2255,2.187,1,COM7
2,392943,37,rpm,-413,457,36.7,36.7,3915,497,0,2255,2.187,1,COM7
2,392963,37,rpm,53,457,36.7,36.7,3915,497,0,2255,2.187,1,COM7
2,392984,37,rpm,409,457,36.7,36.7,3915,497,0,2255,2.187,1,COM7
2,393005,37,rpm,605,456,36.7,36.7,3915,497,0,2255,2.188,1,COM7
2,393025,37,rpm,894,456,36.7,36.7,3915,497,0,2255,2.188,1,COM7
2,393046,37,rpm,877,456,36.7,36.7,3915,497,0,2255,2.188,1,COM7
2,393067,37,rpm,678,456,36.7,36.7,3915,497,0,2256,2.188,1,COM7
2,393088,37,rpm,635,456,36.7,36.7,3915,497,0,2256,2.188,1,COM7
2,393108,37,rpm,612,456,36.7,36.7,3915,497,0,2256,2.188,1,COM7
2,393129,37,rpm,535,456,36.7,36.7,3915,497,0,2256,2.188,1,COM7
2,393150,37,rpm,354,456,36.7,36.7,3915,497,0,2256,2.189,1,COM7
2,393170,37,rpm,301,456,36.7,36.7,3915,497,0,2256,2.189,1,COM7
2,393191,37,rpm,-308,456,36.7,36.7,3915,497,0,2257,2.189,1,COM7
2,393212,37,rpm,-15,456,36.7,36.7,3915,497,0,2257,2.189,1,COM7
2,393233,37,rpm,228,456,36.7,36.7,3915,497,0,2257,2.189,1,COM7
2,393253,37,rpm,762,456,36.7,36.7,3915,497,0,2257,2.189,1,COM7
2,393274,37,rpm,740,456,36.7,36.7,3915,497,0,2257,2.189,1,COM7
2,393295,37,rpm,826,456,36.7,36.7,3915,497,0,2257,2.19,1,COM7
2,393315,37,rpm,869,456,36.7,36.7,3915,497,0,2258,2.19,1,COM7
2,393336,37,rpm,620,456,36.7,36.7,3915,497,0,2258,2.19,1,COM7
2,393357,37,rpm,588,456,36.7,36.7,3915,497,0,2258,2.19,1,COM7
2,393377,37,rpm,585,456,36.7,36.7,3915,497,0,2258,2.19,1,COM7
2,393398,37,rpm,374,456,36.7,36.7,3915,497,0,2258,2.19,1,COM7
2,393419,37,rpm,270,456,36.7,36.7,3915,497,0,2258,2.191,1,COM7
2,393440,37,rpm,-188,456,36.7,36.7,3915,497,0,2258,2.191,1,COM7
2,393460,37,rpm,-93,456,36.7,36.7,3915,497,0,2259,2.191,1,COM7
2,393481,37,rpm,155,456,36.7,36.7,3915,497,0,2259,2.191,1,COM7
2,393502,37,rpm,706,456,36.7,36.7,3915,497,0,2259,2.191,1,COM7
2,393522,37,rpm,728,456,36.7,36.7,3915,497,0,2259,2.191,1,COM7
2,393543,37,rpm,831,456,36.7,36.7,3915,497,0,2259,2.191,1,COM7
2,393564,37,rpm,816,456,36.7,36.7,3915,497,0,2259,2.192,1,COM7
2,393584,37,rpm,640,456,36.7,36.7,3915,497,0,2260,2.192,1,COM7
2,393605,37,rpm,654,456,36.7,36.7,3915,497,0,2260,2.192,1,COM7
2,393626,37,rpm,528,456,36.7,36.7,3915,497,0,2260,2.192,1,COM7
2,393646,37,rpm,469,456,36.7,36.7,3915,497,0,2260,2.192,1,COM7
2,393667,37,rpm,345,456,36.7,36.7,3915,497,0,2260,2.192,1,COM7
2,393688,37,rpm,145,456,36.7,36.7,3915,497,0,2260,2.193,1,COM7
2,393709,37,rpm,-325,456,36.7,36.7,3915,497,0,2261,2.193,1,COM7
2,393729,37,rpm,79,456,36.7,36.7,3915,497,0,2261,2.193,1,COM7
2,393750,37,rpm,514,456,36.7,36.7,3915,497,0,2261,2.193,1,COM7
2,393771,37,rpm,622,456,36.7,36.7,3915,497,0,2261,2.193,1,COM7
2,393792,37,rpm,916,456,36.7,36.7,3915,497,0,2261,2.193,1,COM7
2,393812,37,rpm,818,456,36.7,36.7,3915,497,0,2261,2.193,1,COM7
2,393833,37,rpm,612,456,36.7,36.7,3915,497,0,2261,2.194,1,COM7
2,393854,37,rpm,696,456,36.7,36.7,3915,497,0,2262,2.194,1,COM7
2,393874,37,rpm,596,456,36.7,36.7,3915,497,0,2262,2.194,1,COM7
2,393895,37,rpm,461,456,36.7,36.7,3915,497,0,2262,2.194,1,COM7
2,393916,37,rpm,377,456,36.7,36.7,3915,497,0,2262,2.194,1,COM7
2,393936,37,rpm,297,456,36.7,36.7,3915,497,0,2262,2.194,1,COM7
2,393957,37,rpm,-338,456,36.7,36.7,3915,497,0,2262,2.195,1,COM7
2,393978,37,rpm,5,456,36.7,36.7,3915,497,0,2263,2.195,1,COM7
2,393999,37,rpm,259,456,36.7,36.7,3915,497,0,2263,2.195,1,COM7
2,394019,37,rpm,696,456,36.7,36.7,3915,497,0,2263,2.195,1,COM7
2,394040,37,rpm,705,456,36.7,36.7,3915,497,0,2263,2.195,1,COM7
2,394061,37,rpm,887,456,36.7,36.7,3915,497,0,2263,2.195,1,COM7
2,394082,37,rpm,841,456,36.7,36.7,3915,497,0,2263,2.195,1,COM7
2,394102,37,rpm,575,456,36.7,36.7,3915,497,0,2263,2.196,1,COM7
2,394123,37,rpm,604,456,36.7,36.7,3915,497,0,2264,2.196,1,COM7
2,394144,37,rpm,628,456,36.7,36.7,3915,497,0,2264,2.196,1,COM7
2,394164,37,rpm,385,456,36.7,36.7,3915,497,0,2264,2.196,1,COM7
2,394185,37,rpm,324,456,36.7,36.7,3915,497,0,2264,2.196,1,COM7
2,394206,37,rpm,10,456,36.7,36.7,3915,497,0,2264,2.196,1,COM7
2,394226,37,rpm,-272,456,36.7,36.7,3915,497,0,2264,2.197,1,COM7
2,394247,37,rpm,98,456,36.7,36.7,3915,497,0,2265,2.197,1,COM7
2,394268,37,rpm,638,456,36.7,36.7,3915,497,0,2265,2.197,1,COM7
2,394289,37,rpm,681,456,36.7,36.7,3915,497,0,2265,2.197,1,COM7
2,394309,37,rpm,788,456,36.7,36.7,3915,497,0,2265,2.197,1,COM7
2,394330,37,rpm,917,456,36.7,36.7,3915,497,0,2265,2.197,1,COM7
2,394351,37,rpm,659,456,36.7,36.7,3915,497,0,2265,2.197,1,COM7
2,394372,37,rpm,626,456,36.7,36.7,3915,497,0,2266,2.198,1,COM7
2,394392,37,rpm,580,456,36.7,36.7,3915,497,0,2266,2.198,1,COM7
2,394413,37,rpm,472,456,36.7,36.7,3915,497,0,2266,2.198,1,COM7
2,394434,37,rpm,367,456,36.7,36.7,3915,497,0,2266,2.198,1,COM7
2,394454,37,rpm,242,456,36.7,36.7,3915,497,0,2266,2.198,1,COM7
2,394475,37,rpm,-397,456,36.7,36.7,3915,497,0,2266,2.198,1,COM7
2,394496,37,rpm,49,456,36.7,36.7,3915,497,0,2266,2.198,1,COM7
2,394517,37,rpm,357,456,36.7,36.7,3915,497,0,2267,2.199,1,COM7
2,394537,37,rpm,616,456,36.7,36.7,3915,497,0,2267,2.199,1,COM7
2,394558,37,rpm,906,456,36.7,36.7,3915,497,0,2267,2.199,1,COM7
2,394579,37,rpm,870,456,36.7,36.7,3915,497,0,2267,2.199,1,COM7
2,394599,37,rpm,626,456,36.7,36.7,3915,497,0,2267,2.199,1,COM7
2,394620,37,rpm,698,456,36.7,36.7,3915,497,0,2267,2.199,1,COM7
2,394641,37,rpm,618,456,36.7,36.7,3915,497,0,2268,2.2,1,COM7
2,394662,37,rpm,477,456,36.7,36.7,3915,497,0,2268,2.2,1,COM7
2,394682,37,rpm,411,456,36.7,36.7,3915,497,0,2268,2.2,1,COM7
2,394703,37,rpm,312,456,36.7,36.7,3915,497,0,2268,2.2,1,COM7
2,394724,37,rpm,-271,456,36.7,36.7,3915,497,0,2268,2.2,1,COM7
2,394744,37,rpm,-46,456,36.7,36.7,3915,497,0,2268,2.2,1,COM7
2,394765,37,rpm,215,456,36.7,36.7,3915,497,0,2269,2.2,1,COM7
2,394786,37,rpm,689,456,36.7,36.7,3915,497,0,2269,2.201,1,COM7
2,394807,37,rpm,749,456,36.7,36.7,3915,497,0,2269,2.201,1,COM7
2,394827,37,rpm,880,456,36.7,36.7,3915,497,0,2269,2.201,1,COM7
2,394848,37,rpm,841,456,36.7,36.7,3915,497,0,2269,2.201,1,COM7
2,394869,37,rpm,601,456,36.7,36.7,3915,497,0,2269,2.201,1,COM7
2,394890,37,rpm,601,456,36.7,36.7,3915,497,0,2269,2.201,1,COM7
2,394910,37,rpm,590,456,36.7,36.7,3915,497,0,2270,2.202,1,COM7
2,394931,37,rpm,373,456,36.7,36.7,3915,497,0,2270,2.202,1,COM7
2,394952,37,rpm,284,456,36.7,36.7,3915,497,0,2270,2.202,1,COM7
2,394972,37,rpm,-98,456,36.7,36.7,3915,497,0,2270,2.202,1,COM7
2,394993,37,rpm,-167,456,36.7,36.7,3915,497,0,2270,2.202,1,COM7
2,395014,37,rpm,136,456,36.7,36.7,3915,497,0,2270,2.202,1,COM7
2,395034,37,rpm,713,456,36.7,36.7,3915,497,0,2271,2.202,1,COM7
2,395055,37,rpm,699,456,36.7,36.7,3915,497,0,2271,2.203,1,COM7
2,395076,37,rpm,804,456,36.7,36.7,3915,497,0,2271,2.203,1,COM7
2,395097,37,rpm,861,456,36.7,36.7,3915,497,0,2271,2.203,1,COM7
2,395117,37,rpm,634,456,36.7,36.7,3915,497,0,2271,2.203,1,COM7
2,395138,37,rpm,611,456,36.7,36.7,3915,497,0,2271,2.203,1,COM7
2,395159,37,rpm,556,456,36.7,36.7,3915,497,0,2272,2.203,1,COM7
2,395179,37,rpm,442,456,36.7,36.7,3915,497,0,2272,2.204,1,COM7
2,395200,37,rpm,345,456,36.7,36.7,3915,497,0,2272,2.204,1,COM7
2,395221,37,rpm,132,456,36.7,36.7,3915,497,0,2272,2.204,1,COM7
2,395242,37,rpm,-342,456,36.7,36.7,3915,497,0,2272,2.204,1,COM7
2,395262,37,rpm,79,456,36.7,36.7,3915,497,0,2272,2.204,1,COM7
2,395283,37,rpm,520,456,36.7,36.7,3915,497,0,2272,2.204,1,COM7
2,395304,37,rpm,671,456,36.7,36.7,3915,497,0,2273,2.204,1,COM7
2,395324,37,rpm,901,456,36.7,36.7,3915,497,0,2273,2.205,1,COM7
2,395345,37,rpm,822,456,36.7,36.7,3915,497,0,2273,2.205,1,COM7
2,395366,37,rpm,617,456,36.7,36.7,3915,497,0,2273,2.205,1,COM7
2,395387,37,rpm,707,456,36.7,36.7,3915,497,0,2273,2.205,1,COM7
2,395407,37,rpm,595,456,36.7,36.7,3915,497,0,2273,2.205,1,COM7
2,395428,37,rpm,452,456,36.7,36.7,3915,497,0,2274,2.205,1,COM7
2,395449,37,rpm,413,456,36.7,36.7,3915,497,0,2274,2.206,1,COM7
2,395469,37,rpm,285,456,36.7,36.7,3915,497,0,2274,2.206,1,COM7
2,395490,37,rpm,-328,456,36.7,36.7,3915,497,0,2274,2.206,1,COM7
2,395511,37,rpm,-4,456,36.7,36.7,3915,497,0,2274,2.206,1,COM7
2,395531,37,rpm,237,456,36.7,36.7,3915,497,0,2274,2.206,1,COM7
2,395552,37,rpm,631,456,36.7,36.7,3915,497,0,2275,2.206,1,COM7
2,395573,37,rpm,743,456,36.7,36.7,3915,497,0,2275,2.206,1,COM7
2,395594,37,rpm,905,456,36.7,36.7,3915,497,0,2275,2.207,1,COM7
2,395614,37,rpm,791,456,36.7,36.7,3915,497,0,2275,2.207,1,COM7
2,395635,37,rpm,557,456,36.7,36.7,3915,497,0,2275,2.207,1,COM7
2,395656,37,rpm,667,456,36.7,36.7,3915,497,0,2275,2.207,1,COM7
2,395676,37,rpm,609,456,36.7,36.7,3915,497,0,2275,2.207,1,COM7
2,395697,37,rpm,387,456,36.7,36.7,3915,497,0,2276,2.207,1,COM7
2,395718,37,rpm,334,456,36.7,36.7,3915,497,0,2276,2.208,1,COM7
2,395739,37,rpm,25,456,36.7,36.7,3915,497,0,2276,2.208,1,COM7
2,395759,37,rpm,-271,456,36.7,36.7,3915,497,0,2276,2.208,1,COM7
2,395780,37,rpm,96,456,36.7,36.7,3915,497,0,2276,2.208,1,COM7
2,395801,37,rpm,621,456,36.7,36.7,3915,497,0,2276,2.208,1,COM7
2,395821,37,rpm,627,456,36.7,36.7,3915,497,0,2277,2.208,1,COM7
2,395842,37,rpm,764,456,36.7,36.7,3915,497,0,2277,2.208,1,COM7
2,395863,37,rpm,952,456,36.7,36.7,3915,497,0,2277,2.209,1,COM7
2,395884,37,rpm,658,456,36.7,36.7,3915,497,0,2277,2.209,1,COM7
2,395904,37,rpm,584,456,36.7,36.7,3915,497,0,2277,2.209,1,COM7
2,395925,37,rpm,648,456,36.7,36.7,3915,497,0,2277,2.209,1,COM7
2,395946,37,rpm,475,456,36.7,36.7,3915,497,0,2278,2.209,1,COM7
2,395966,37,rpm,358,456,36.7,36.7,3915,497,0,2278,2.209,1,COM7
2,395987,37,rpm,256,456,36.7,36.7,3915,497,0,2278,2.209,1,COM7
2,396008,37,rpm,-386,456,36.7,36.7,3915,497,0,2278,2.21,1,COM7
2,396029,37,rpm,39,456,36.7,36.7,3915,497,0,2278,2.21,1,COM7
2,396049,37,rpm,343,456,36.7,36.7,3915,497,0,2278,2.21,1,COM7
2,396070,37,rpm,661,456,36.7,36.7,3915,497,0,2278,2.21,1,COM7
2,396091,37,rpm,864,456,36.7,36.7,3915,497,0,2279,2.21,1,COM7
2,396111,37,rpm,835,456,36.7,36.7,3915,497,0,2279,2.21,1,COM7
2,396132,37,rpm,664,456,36.7,36.7,3915,497,0,2279,2.211,1,COM7
2,396153,37,rpm,720,456,36.7,36.7,3915,497,0,2279,2.211,1,COM7
2,396173,37,rpm,600,456,36.7,36.7,3915,497,0,2279,2.211,1,COM7
2,396194,37,rpm,477,456,36.7,36.7,3915,497,0,2279,2.211,1,COM7
2,396215,37,rpm,444,456,36.7,36.7,3915,497,0,2280,2.211,1,COM7
2,396235,37,rpm,308,456,36.7,36.7,3915,497,0,2280,2.211,1,COM7
2,396256,37,rpm,-178,456,36.7,36.7,3915,497,0,2280,2.211,1,COM7
2,396277,37,rpm,-129,456,36.7,36.7,3915,497,0,2280,2.212,1,COM7
2,396298,37,rpm,181,456,36.7,36.7,3915,497,0,2280,2.212,1,COM7
2,396318,37,rpm,636,456,36.7,36.7,3915,497,0,2280,2.212,1,COM7
2,396339,37,rpm,749,456,36.7,36.7,3915,497,0,2281,2.212,1,COM7
2,396360,37,rpm,913,456,36.7,36.7,3915,497,0,2281,2.212,1,COM7
2,396381,37,rpm,791,456,36.7,36.7,3915,497,0,2281,2.212,1,COM7
2,396401,37,rpm,642,456,36.7,36.7,3915,497,0,2281,2.213,1,COM7
2,396422,37,rpm,642,456,36.7,36.7,3915,497,0,2281,2.213,1,COM7
2,396443,37,rpm,576,456,36.7,36.7,3915,497,0,2281,2.213,1,COM7
2,396463,37,rpm,365,456,36.7,36.7,3915,497,0,2281,2.213,1,COM7
2,396484,37,rpm,297,456,36.7,36.7,3915,497,0,2282,2.213,1,COM7
2,396505,37,rpm,-71,456,36.7,36.7,3915,497,0,2282,2.213,1,COM7
2,396525,37,rpm,-191,456,36.7,36.7,3915,497,0,2282,2.213,1,COM7
2,396546,37,rpm,131,456,36.7,36.7,3915,497,0,2282,2.214,1,COM7
2,396567,37,rpm,688,456,36.7,36.7,3915,497,0,2282,2.214,1,COM7
2,396587,37,rpm,673,456,36.7,36.7,3915,497,0,2282,2.214,1,COM7
2,396608,37,rpm,820,456,36.7,36.7,3915,497,0,2283,2.214,1,COM7
2,396629,37,rpm,926,456,36.7,36.7,3915,497,0,2283,2.214,1,COM7
2,396650,37,rpm,610,456,36.7,36.7,3915,497,0,2283,2.214,1,COM7
2,396670,37,rpm,574,456,36.7,36.7,3915,497,0,2283,2.215,1,COM7
2,396691,37,rpm,645,456,36.7,36.7,3915,497,0,2283,2.215,1,COM7
2,396712,37,rpm,448,456,36.7,36.7,3915,497,0,2283,2.215,1,COM7
2,396732,37,rpm,327,456,36.7,36.7,3915,497,0,2283,2.215,1,COM7
2,396753,37,rpm,184,456,36.7,36.7,3915,497,0,2284,2.215,1,COM7
2,396774,37,rpm,-389,456,36.7,36.7,3915,497,0,2284,2.215,1,COM7
2,396795,37,rpm,67,456,36.7,36.7,3915,497,0,2284,2.215,1,COM7
2,396815,37,rpm,475,456,36.7,36.7,3915,497,0,2284,2.216,1,COM7
2,396836,37,rpm,675,456,36.7,36.7,3915,497,0,2284,2.216,1,COM7
2,396857,37,rpm,846,456,36.7,36.7,3915,497,0,2284,2.216,1,COM7
2,396877,37,rpm,813,456,36.7,36.7,3915,497,0,2285,2.216,1,COM7
2,396898,37,rpm,669,456,36.7,36.7,3915,497,0,2285,2.216,1,COM7
2,396919,37,rpm,698,456,36.7,36.7,3915,497,0,2285,2.216,1,COM7
2,396939,37,rpm,579,456,36.7,36.7,3915,497,0,2285,2.217,1,COM7
2,396960,37,rpm,471,456,36.7,36.7,3915,497,0,2285,2.217,1,COM7
2,396981,37,rpm,431,456,36.7,36.7,3915,497,0,2285,2.217,1,COM7
2,397002,37,rpm,288,456,36.7,36.7,3915,497,0,2286,2.217,1,COM7
2,397022,37,rpm,-256,456,36.7,36.7,3915,497,0,2286,2.217,1,COM7
2,397043,37,rpm,-55,456,36.7,36.7,3915,497,0,2286,2.217,1,COM7
2,397064,37,rpm,210,456,36.7,36.7,3915,497,0,2286,2.217,1,COM7
2,397085,37,rpm,585,456,36.7,36.7,3915,497,0,2286,2.218,1,COM7
2,397105,37,rpm,813,456,36.7,36.7,3915,497,0,2286,2.218,1,COM7
2,397126,37,rpm,911,456,36.7,36.7,3915,497,0,2286,2.218,1,COM7
2,397147,37,rpm,660,456,36.7,36.7,3915,497,0,2287,2.218,1,COM7
2,397167,37,rpm,708,456,36.7,36.7,3915,497,0,2287,2.218,1,COM7
2,397188,37,rpm,644,456,36.7,36.7,3915,497,0,2287,2.218,1,COM7
2,397209,37,rpm,550,456,36.7,36.7,3915,497,0,2287,2.219,1,COM7
2,397229,37,rpm,420,456,36.7,36.7,3915,497,0,2287,2.219,1,COM7
2,397250,37,rpm,351,456,36.7,36.7,3915,497,0,2287,2.219,1,COM7
2,397271,37,rpm,102,456,36.7,36.7,3915,497,0,2288,2.219,1,COM7
2,397291,37,rpm,-362,456,36.7,36.7,3915,497,0,2288,2.219,1,COM7
2,397312,37,rpm,92,456,36.7,36.7,3915,497,0,2288,2.219,1,COM7
2,397333,37,rpm,569,456,36.7,36.7,3915,497,0,2288,2.219,1,COM7
2,397354,37,rpm,638,456,36.7,36.7,3915,497,0,2288,2.22,1,COM7
2,397374,37,rpm,812,456,36.7,36.7,3915,497,0,2288,2.22,1,COM7
2,397395,37,rpm,979,456,36.7,36.7,3915,497,0,2289,2.22,1,COM7
2,397416,37,rpm,606,456,36.7,36.7,3915,497,0,2289,2.22,1,COM7
2,397436,37,rpm,588,456,36.7,36.7,3915,497,0,2289,2.22,1,COM7
2,397457,37,rpm,688,456,36.7,36.7,3915,497,0,2289,2.22,1,COM7
2,397478,37,rpm,470,456,36.7,36.7,3915,497,0,2289,2.22,1,COM7
2,397499,37,rpm,346,456,36.7,36.7,3915,497,0,2289,2.221,1,COM7
2,397519,37,rpm,293,456,36.7,36.7,3915,497,0,2289,2.221,1,COM7
2,397540,37,rpm,-406,456,36.7,36.7,3915,497,0,2290,2.221,1,COM7
2,397561,37,rpm,17,456,36.7,36.7,3915,497,0,2290,2.221,1,COM7
2,397581,37,rpm,305,456,36.7,36.7,3915,497,0,2290,2.221,1,COM7
2,397602,37,rpm,678,456,36.7,36.7,3915,497,0,2290,2.221,1,COM7
2,397623,37,rpm,753,456,36.7,36.7,3915,497,0,2290,2.222,1,COM7
2,397644,37,rpm,878,456,36.7,36.7,3915,497,0,2290,2.222,1,COM7
2,397664,37,rpm,700,456,36.7,36.7,3915,497,0,2291,2.222,1,COM7
2,397685,37,rpm,689,456,36.7,36.7,3915,497,0,2291,2.222,1,COM7
2,397706,37,rpm,594,456,36.7,36.7,3915,497,0,2291,2.222,1,COM7
2,397726,37,rpm,509,456,36.7,36.7,3915,497,0,2291,2.222,1,COM7
2,397747,37,rpm,438,456,36.7,36.7,3915,497,0,2291,2.222,1,COM7
2,397768,37,rpm,283,456,36.7,36.7,3915,497,0,2291,2.223,1,COM7
2,397789,37,rpm,-126,456,36.7,36.7,3915,497,0,2292,2.223,1,COM7
2,397809,37,rpm,-170,456,36.7,36.7,3915,497,0,2292,2.223,1,COM7
2,397830,37,rpm,171,456,36.7,36.7,3915,497,0,2292,2.223,1,COM7
2,397851,37,rpm,607,456,36.7,36.7,3915,497,0,2292,2.223,1,COM7
2,397872,37,rpm,818,456,36.7,36.7,3915,497,0,2292,2.223,1,COM7
2,397892,37,rpm,899,456,36.7,36.7,3915,497,0,2292,2.224,1,COM7
2,397913,37,rpm,690,456,36.7,36.7,3915,497,0,2292,2.224,1,COM7
2,397934,37,rpm,741,456,36.7,36.7,3915,497,0,2293,2.224,1,COM7
2,397955,37,rpm,646,456,36.7,36.7,3915,497,0,2293,2.224,1,COM7
2,397975,37,rpm,528,456,36.7,36.7,3915,497,0,2293,2.224,1,COM7
2,397996,37,rpm,393,456,36.7,36.7,3915,497,0,2293,2.224,1,COM7
2,398017,37,rpm,315,456,36.7,36.7,3915,497,0,2293,2.224,1,COM7
2,398037,37,rpm,-49,456,36.7,36.7,3915,497,0,2293,2.225,1,COM7
2,398058,37,rpm,-236,456,36.7,36.7,3915,497,0,2294,2.225,1,COM7
2,398079,37,rpm,126,456,36.7,36.7,3915,497,0,2294,2.225,1,COM7
2,398099,37,rpm,665,456,36.7,36.7,3915,497,0,2294,2.225,1,COM7
2,398120,37,rpm,648,456,36.7,36.7,3915,497,0,2294,2.225,1,COM7
2,398141,37,rpm,844,456,36.7,36.7,3915,497,0,2294,2.225,1,COM7
2,398162,37,rpm,907,456,36.7,36.7,3915,497,0,2294,2.226,1,COM7
2,398182,37,rpm,600,456,36.7,36.7,3915,497,0,2295,2.226,1,COM7
2,398203,37,rpm,626,456,36.7,36.7,3915,497,0,2295,2.226,1,COM7
2,398224,37,rpm,631,456,36.7,36.7,3915,497,0,2295,2.226,1,COM7
2,398245,37,rpm,442,456,36.7,36.7,3915,497,0,2295,2.226,1,COM7
2,398265,37,rpm,320,456,36.7,36.7,3915,497,0,2295,2.226,1,COM7
2,398286,37,rpm,238,456,36.7,36.7,3915,497,0,2295,2.226,1,COM7
2,398307,37,rpm,-373,456,36.7,36.7,3915,497,0,2295,2.227,1,COM7
2,398327,37,rpm,48,456,36.7,36.7,3915,497,0,2296,2.227,1,COM7
2,398348,37,rpm,437,456,36.7,36.7,3915,497,0,2296,2.227,1,COM7
2,398369,37,rpm,677,456,36.7,36.7,3915,497,0,2296,2.227,1,COM7
2,398390,37,rpm,797,456,36.7,36.7,3915,497,0,2296,2.227,1,COM7
2,398410,37,rpm,836,456,36.7,36.7,3915,497,0,2296,2.227,1,COM7
2,398431,37,rpm,688,456,36.7,36.7,3915,497,0,2296,2.228,1,COM7
2,398452,37,rpm,676,456,36.7,36.7,3915,497,0,2297,2.228,1,COM7
2,398472,37,rpm,553,456,36.7,36.7,3915,497,0,2297,2.228,1,COM7
2,398493,37,rpm,524,456,36.7,36.7,3915,497,0,2297,2.228,1,COM7
2,398514,37,rpm,413,456,36.7,36.7,3915,497,0,2297,2.228,1,COM7
2,398535,37,rpm,283,456,36.7,36.7,3915,497,0,2297,2.228,1,COM7
2,398555,37,rpm,-181,456,36.7,36.7,3915,497,0,2297,2.228,1,COM7
2,398576,37,rpm,-118,456,36.7,36.7,3915,497,0,2298,2.229,1,COM7
2,398597,37,rpm,179,456,36.7,36.7,3915,497,0,2298,2.229,1,COM7
2,398617,37,rpm,586,456,36.7,36.7,3915,497,0,2298,2.229,1,COM7
2,398638,37,rpm,819,456,36.7,36.7,3915,497,0,2298,2.229,1,COM7
2,398659,37,rpm,880,456,36.7,36.7,3915,497,0,2298,2.229,1,COM7
2,398679,37,rpm,681,456,36.7,36.7,3915,497,0,2298,2.229,1,COM7
2,398700,37,rpm,759,456,36.7,36.7,3915,497,0,2298,2.23,1,COM7
2,398721,37,rpm,642,456,36.7,36.7,3915,497,0,2299,2.23,1,COM7
2,398742,37,rpm,495,456,36.7,36.7,3915,497,0,2299,2.23,1,COM7
2,398762,37,rpm,484,456,36.7,36.7,3915,497,0,2299,2.23,1,COM7
2,398783,37,rpm,356,456,36.7,36.7,3915,497,0,2299,2.23,1,COM7
2,398804,37,rpm,120,456,36.7,36.7,3915,497,0,2299,2.23,1,COM7
2,398824,37,rpm,-333,456,36.7,36.7,3915,497,0,2299,2.23,1,COM7
2,398845,37,rpm,88,456,36.7,36.7,3915,497,0,2300,2.231,1,COM7
2,398866,37,rpm,554,456,36.7,36.7,3915,497,0,2300,2.231,1,COM7
2,398887,37,rpm,632,456,36.7,36.7,3915,497,0,2300,2.231,1,COM7
2,398907,37,rpm,823,456,36.7,36.7,3915,497,0,2300,2.231,1,COM7
2,398928,37,rpm,962,456,36.7,36.7,3915,497,0,2300,2.231,1,COM7
2,398949,37,rpm,608,456,36.7,36.7,3915,497,0,2300,2.231,1,COM7
2,398970,37,rpm,597,456,36.7,36.7,3915,497,0,2301,2.231,1,COM7
2,398990,37,rpm,686,456,36.7,36.7,3915,497,0,2301,2.232,1,COM7
2,399011,37,rpm,464,456,36.7,36.7,3915,497,0,2301,2.232,1,COM7
2,399032,37,rpm,352,456,36.7,36.7,3915,497,0,2301,2.232,1,COM7
2,399053,37,rpm,296,456,36.7,36.7,3915,497,0,2301,2.232,1,COM7
2,399073,37,rpm,-368,456,36.7,36.7,3915,497,0,2301,2.232,1,COM7
2,399094,37,rpm,14,456,36.7,36.7,3915,497,0,2301,2.232,1,COM7
2,399115,37,rpm,298,456,36.7,36.7,3915,497,0,2302,2.233,1,COM7
2,399135,37,rpm,656,456,36.7,36.7,3915,497,0,2302,2.233,1,COM7
2,399156,37,rpm,741,456,36.7,36.7,3915,497,0,2302,2.233,1,COM7
2,399177,37,rpm,926,456,36.7,36.7,3915,497,0,2302,2.233,1,COM7
2,399198,37,rpm,712,456,36.7,36.7,3915,497,0,2302,2.233,1,COM7
2,399218,37,rpm,658,456,36.7,36.7,3915,497,0,2302,2.233,1,COM7
2,399239,37,rpm,597,456,36.7,36.7,3915,497,0,2303,2.233,1,COM7
2,399260,37,rpm,505,456,36.7,36.7,3915,497,0,2303,2.234,1,COM7
2,399281,37,rpm,451,456,36.7,36.7,3915,497,0,2303,2.234,1,COM7
2,399301,37,rpm,303,456,36.7,36.7,3915,497,0,2303,2.234,1,COM7
2,399322,37,rpm,-117,456,36.7,36.7,3915,497,0,2303,2.234,1,COM7
2,399343,37,rpm,-163,456,36.7,36.7,3915,497,0,2303,2.234,1,COM7
2,399363,37,rpm,172,456,36.7,36.7,3915,497,0,2304,2.234,1,COM7
2,399384,37,rpm,593,456,36.7,36.7,3915,497,0,2304,2.235,1,COM7
2,399405,37,rpm,842,456,36.7,36.7,3915,497,0,2304,2.235,1,COM7
2,399426,37,rpm,894,456,36.7,36.7,3915,497,0,2304,2.235,1,COM7
2,399446,37,rpm,684,456,36.7,36.7,3915,497,0,2304,2.235,1,COM7
2,399467,37,rpm,758,456,36.7,36.7,3915,497,0,2304,2.235,1,COM7
2,399488,37,rpm,663,456,36.7,36.7,3915,497,0,2304,2.235,1,COM7
2,399508,37,rpm,493,456,36.7,36.7,3915,497,0,2305,2.235,1,COM7
2,399529,37,rpm,420,456,36.7,36.7,3915,497,0,2305,2.236,1,COM7
2,399550,37,rpm,319,456,36.7,36.7,3915,497,0,2305,2.236,1,COM7
2,399571,37,rpm,-25,456,36.7,36.7,3915,497,0,2305,2.236,1,COM7
2,399591,37,rpm,-220,456,36.7,36.7,3915,497,0,2305,2.236,1,COM7
2,399612,37,rpm,132,456,36.7,36.7,3915,497,0,2305,2.236,1,COM7
2,399633,37,rpm,662,456,36.7,36.7,3915,497,0,2306,2.236,1,COM7
2,399653,37,rpm,606,456,36.7,36.7,3915,497,0,2306,2.237,1,COM7
2,399674,37,rpm,905,456,36.7,36.7,3915,497,0,2306,2.237,1,COM7
2,399695,37,rpm,894,456,36.7,36.7,3915,497,0,2306,2.237,1,COM7
2,399716,37,rpm,544,456,36.7,36.7,3915,497,0,2306,2.237,1,COM7
2,399736,37,rpm,652,456,36.7,36.7,3915,497,0,2306,2.237,1,COM7
2,399757,37,rpm,651,456,36.7,36.7,3915,497,0,2306,2.237,1,COM7
2,399778,37,rpm,429,456,36.7,36.7,3915,497,0,2307,2.237,1,COM7
2,399798,37,rpm,323,456,36.7,36.7,3915,497,0,2307,2.238,1,COM7
2,399819,37,rpm,251,456,36.7,36.7,3915,497,0,2307,2.238,1,COM7
2,399840,37,rpm,-384,456,36.7,36.7,3915,497,0,2307,2.238,1,COM7
2,399860,37,rpm,44,456,36.7,36.7,3915,497,0,2307,2.238,1,COM7
2,399881,37,rpm,438,456,36.7,36.7,3915,497,0,2307,2.238,1,COM7
2,399902,37,rpm,673,456,36.7,36.7,3915,497,0,2308,2.238,1,COM7
2,399923,37,rpm,748,456,36.7,36.7,3915,497,0,2308,2.239,1,COM7
2,399943,37,rpm,924,456,36.7,36.7,3915,497,0,2308,2.239,1,COM7
2,399964,37,rpm,696,456,36.7,36.7,3915,497,0,2308,2.239,1,COM7
2,399985,37,rpm,619,456,36.7,36.7,3915,497,0,2308,2.239,1,COM7
2,400005,37,rpm,607,456,36.7,36.7,3915,497,0,2308,2.239,1,COM7
2,400026,37,rpm,503,456,36.7,36.7,3915,497,0,2309,2.239,1,COM7
2,400047,37,rpm,409,456,36.7,36.7,3915,497,0,2309,2.239,1,COM7
2,400068,37,rpm,297,456,36.7,36.7,3915,497,0,2309,2.24,1,COM7
2,400088,37,rpm,-191,456,36.7,36.7,3915,497,0,2309,2.24,1,COM7
2,400109,37,rpm,-104,456,36.7,36.7,3915,497,0,2309,2.24,1,COM7
2,400130,37,rpm,181,456,36.7,36.7,3915,497,0,2309,2.24,1,COM7
2,400150,37,rpm,600,456,36.7,36.7,3915,497,0,2309,2.24,1,COM7
2,400171,37,rpm,819,456,36.7,36.7,3915,497,0,2310,2.24,1,COM7
2,400192,37,rpm,865,456,36.7,36.7,3915,497,0,2310,2.241,1,COM7
2,400213,37,rpm,696,456,36.7,36.7,3915,497,0,2310,2.241,1,COM7
2,400233,37,rpm,764,456,36.7,36.7,3915,497,0,2310,2.241,1,COM7
2,400254,37,rpm,625,456,36.7,36.7,3915,497,0,2310,2.241,1,COM7
2,400275,37,rpm,498,456,36.7,36.7,3915,497,0,2310,2.241,1,COM7
2,400296,37,rpm,496,456,36.7,36.7,3915,497,0,2311,2.241,1,COM7
2,400316,37,rpm,355,456,36.7,36.7,3915,497,0,2311,2.241,1,COM7
2,400337,37,rpm,168,456,36.7,36.7,3915,497,0,2311,2.242,1,COM7
2,400358,37,rpm,-389,456,36.7,36.7,3915,497,0,2311,2.242,1,COM7
2,400378,37,rpm,85,456,36.7,36.7,3915,497,0,2311,2.242,1,COM7
2,400399,37,rpm,498,456,36.7,36.7,3915,497,0,2311,2.242,1,COM7
2,400420,37,rpm,658,456,36.7,36.7,3915,497,0,2312,2.242,1,COM7
2,400440,37,rpm,842,456,36.7,36.7,3915,497,0,2312,2.242,1,COM7
2,400461,37,rpm,924,456,36.7,36.7,3915,497,0,2312,2.242,1,COM7
2,400482,37,rpm,619,456,36.7,36.7,3915,497,0,2312,2.243,1,COM7
2,400503,37,rpm,612,456,36.7,36.7,3915,497,0,2312,2.243,1,COM7
2,400523,37,rpm,674,456,36.7,36.7,3915,497,0,2312,2.243,1,COM7
2,400544,37,rpm,469,456,36.7,36.7,3915,497,0,2312,2.243,1,COM7
2,400565,37,rpm,368,456,36.7,36.7,3915,497,0,2313,2.243,1,COM7
2,400585,37,rpm,296,456,36.7,36.7,3915,497,0,2313,2.243,1,COM7
2,400606,37,rpm,-344,456,36.7,36.7,3915,497,0,2313,2.244,1,COM7
2,400627,37,rpm,5,456,36.7,36.7,3915,497,0,2313,2.244,1,COM7
2,400648,37,rpm,305,456,36.7,36.7,3915,497,0,2313,2.244,1,COM7
2,400668,37,rpm,650,456,36.7,36.7,3915,497,0,2313,2.244,1,COM7
2,400689,37,rpm,701,456,36.7,36.7,3915,497,0,2314,2.244,1,COM7
2,400710,37,rpm,964,456,36.7,36.7,3915,497,0,2314,2.244,1,COM7
2,400730,37,rpm,729,456,36.7,36.7,3915,497,0,2314,2.244,1,COM7
2,400751,37,rpm,605,456,36.7,36.7,3915,497,0,2314,2.245,1,COM7
2,400772,37,rpm,650,456,36.7,36.7,3915,497,0,2314,2.245,1,COM7
2,400792,37,rpm,527,456,36.7,36.7,3915,497,0,2314,2.245,1,COM7
2,400813,37,rpm,426,456,36.7,36.7,3915,497,0,2315,2.245,1,COM7
2,400834,37,rpm,291,456,36.7,36.7,3915,497,0,2315,2.245,1,COM7
2,400855,37,rpm,-58,456,36.7,36.7,3915,497,0,2315,2.245,1,COM7
2,400875,37,rpm,-223,456,36.7,36.7,3915,497,0,2315,2.246,1,COM7
2,400896,37,rpm,135,456,36.7,36.7,3915,497,0,2315,2.246,1,COM7
2,400917,37,rpm,604,456,36.7,36.7,3915,497,0,2315,2.246,1,COM7
2,400938,37,rpm,847,456,36.7,36.7,3915,497,0,2315,2.246,1,COM7
2,400958,37,rpm,863,456,36.7,36.7,3915,497,0,2316,2.246,1,COM7
2,400979,37,rpm,695,456,36.7,36.7,3915,497,0,2316,2.246,1,COM7
2,401000,37,rpm,784,456,36.7,36.7,3915,497,0,2316,2.246,1,COM7
2,401020,37,rpm,641,456,36.7,36.7,3915,497,0,2316,2.247,1,COM7
2,401041,37,rpm,501,456,36.7,36.7,3915,497,0,2316,2.247,1,COM7
2,401062,37,rpm,443,456,36.7,36.7,3915,497,0,2316,2.247,1,COM7
2,401083,37,rpm,333,456,36.7,36.7,3915,497,0,2317,2.247,1,COM7
2,401103,37,rpm,9,456,36.7,36.7,3915,497,0,2317,2.247,1,COM7
2,401124,37,rpm,-265,456,36.7,36.7,3915,497,0,2317,2.247,1,COM7
2,401145,37,rpm,117,456,36.7,36.7,3915,497,0,2317,2.248,1,COM7
2,401166,37,rpm,577,456,36.7,36.7,3915,497,0,2317,2.248,1,COM7
2,401186,37,rpm,687,456,36.7,36.7,3915,497,0,2317,2.248,1,COM7
2,401207,37,rpm,893,456,36.7,36.7,3915,497,0,2318,2.248,1,COM7
2,401228,37,rpm,834,456,36.7,36.7,3915,497,0,2318,2.248,1,COM7
2,401248,37,rpm,625,456,36.7,36.7,3915,497,0,2318,2.248,1,COM7
2,401269,37,rpm,615,456,36.7,36.7,3915,497,0,2318,2.248,1,COM7
2,401290,37,rpm,661,456,36.7,36.7,3915,497,0,2318,2.249,1,COM7
2,401311,37,rpm,428,456,36.7,36.7,3915,497,0,2318,2.249,1,COM7
2,401331,37,rpm,350,456,36.7,36.7,3915,497,0,2318,2.249,1,COM7
2,401352,37,rpm,232,456,36.7,36.7,3915,497,0,2319,2.249,1,COM7
2,401373,37,rpm,-396,456,36.7,36.7,3915,497,0,2319,2.249,1,COM7
2,401393,37,rpm,45,456,36.7,36.7,3915,497,0,2319,2.249,1,COM7
2,401414,37,rpm,454,456,36.7,36.7,3915,497,0,2319,2.25,1,COM7
2,401435,37,rpm,661,456,36.7,36.7,3915,497,0,2319,2.25,1,COM7
2,401456,37,rpm,734,456,36.7,36.7,3915,497,0,2319,2.25,1,COM7
2,401476,37,rpm,958,456,36.7,36.7,3915,497,0,2320,2.25,1,COM7
2,401497,37,rpm,677,456,36.7,36.7,3915,497,0,2320,2.25,1,COM7
2,401518,37,rpm,598,456,36.7,36.7,3915,497,0,2320,2.25,1,COM7
2,401538,37,rpm,645,456,36.7,36.7,3915,497,0,2320,2.25,1,COM7
2,401559,37,rpm,510,456,36.7,36.7,3915,497,0,2320,2.251,1,COM7
2,401580,37,rpm,393,456,36.7,36.7,3915,497,0,2320,2.251,1,COM7
2,401601,37,rpm,319,456,36.7,36.7,3915,497,0,2321,2.251,1,COM7
2,401621,37,rpm,-130,456,36.7,36.7,3915,497,0,2321,2.251,1,COM7
2,401642,37,rpm,-154,456,36.7,36.7,3915,497,0,2321,2.251,1,COM7
2,401663,37,rpm,155,456,36.7,36.7,3915,497,0,2321,2.251,1,COM7
2,401683,37,rpm,601,456,36.7,36.7,3915,497,0,2321,2.251,1,COM7
2,401704,37,rpm,794,456,36.7,36.7,3915,497,0,2321,2.252,1,COM7
2,401725,37,rpm,859,456,36.7,36.7,3915,497,0,2321,2.252,1,COM7
2,401745,37,rpm,715,456,36.7,36.7,3915,497,0,2322,2.252,1,COM7
2,401766,37,rpm,765,456,36.7,36.7,3915,497,0,2322,2.252,1,COM7
2,401787,37,rpm,617,456,36.7,36.7,3915,497,0,2322,2.252,1,COM7
2,401808,37,rpm,495,456,36.7,36.7,3915,497,0,2322,2.252,1,COM7
2,401828,37,rpm,534,456,36.7,36.7,3915,497,0,2322,2.253,1,COM7
2,401849,37,rpm,349,456,36.7,36.7,3915,497,0,2322,2.253,1,COM7
2,401870,37,rpm,177,456,36.7,36.7,3915,497,0,2323,2.253,1,COM7
2,401890,37,rpm,-403,456,36.7,36.7,3915,497,0,2323,2.253,1,COM7
2,401911,37,rpm,80,456,36.7,36.7,3915,497,0,2323,2.253,1,COM7
2,401932,37,rpm,410,456,36.7,36.7,3915,497,0,2323,2.253,1,COM7
2,401952,37,rpm,730,456,36.7,36.7,3915,497,0,2323,2.253,1,COM7
2,401973,37,rpm,871,456,36.7,36.7,3915,497,0,2323,2.254,1,COM7
2,401994,37,rpm,817,456,36.7,36.7,3915,497,0,2323,2.254,1,COM7
2,402015,37,rpm,647,456,36.7,36.7,3915,497,0,2324,2.254,1,COM7
2,402035,37,rpm,679,456,36.7,36.7,3915,497,0,2324,2.254,1,COM7
2,402056,37,rpm,617,456,36.7,36.7,3915,497,0,2324,2.254,1,COM7
2,402077,37,rpm,456,456,36.7,36.7,3915,497,0,2324,2.254,1,COM7
2,402097,37,rpm,387,456,36.7,36.7,3915,497,0,2324,2.255,1,COM7
2,402118,37,rpm,292,456,36.7,36.7,3915,497,0,2324,2.255,1,COM7
2,402139,37,rpm,-326,456,36.7,36.7,3915,497,0,2325,2.255,1,COM7
2,402160,37,rpm,-15,456,36.7,36.7,3915,497,0,2325,2.255,1,COM7
2,402180,37,rpm,269,456,36.7,36.7,3915,497,0,2325,2.255,1,COM7
2,402201,37,rpm,641,456,36.7,36.7,3915,497,0,2325,2.255,1,COM7
2,402222,37,rpm,696,456,36.7,36.7,3915,497,0,2325,2.255,1,COM7
2,402242,37,rpm,1017,456,36.7,36.7,3915,497,0,2325,2.256,1,COM7
2,402263,37,rpm,693,456,36.7,36.7,3915,497,0,2326,2.256,1,COM7
2,402284,37,rpm,607,456,36.7,36.7,3915,497,0,2326,2.256,1,COM7
2,402304,37,rpm,673,456,36.7,36.7,3915,497,0,2326,2.256,1,COM7
2,402325,37,rpm,550,456,36.7,36.7,3915,497,0,2326,2.256,1,COM7
2,402346,37,rpm,407,456,36.7,36.7,3915,497,0,2326,2.256,1,COM7
2,402367,37,rpm,325,456,36.7,36.7,3915,497,0,2326,2.257,1,COM7
2,402387,37,rpm,-67,456,36.7,36.7,3915,497,0,2326,2.257,1,COM7
2,402408,37,rpm,-224,456,36.7,36.7,3915,497,0,2327,2.257,1,COM7
2,402429,37,rpm,117,456,36.7,36.7,3915,497,0,2327,2.257,1,COM7
2,402449,37,rpm,653,456,36.7,36.7,3915,497,0,2327,2.257,1,COM7
2,402470,37,rpm,802,456,36.7,36.7,3915,497,0,2327,2.257,1,COM7
2,402491,37,rpm,859,456,36.7,36.7,3915,497,0,2327,2.257,1,COM7
2,402512,37,rpm,720,456,36.7,36.7,3915,497,0,2327,2.258,1,COM7
2,402532,37,rpm,776,456,36.7,36.7,3915,497,0,2328,2.258,1,COM7
2,402553,37,rpm,636,456,36.7,36.7,3915,497,0,2328,2.258,1,COM7
2,402574,37,rpm,505,456,36.7,36.7,3915,497,0,2328,2.258,1,COM7
2,402594,37,rpm,488,456,36.7,36.7,3915,497,0,2328,2.258,1,COM7
2,402615,37,rpm,314,456,36.7,36.7,3915,497,0,2328,2.258,1,COM7
2,402636,37,rpm,45,456,36.7,36.7,3915,497,0,2328,2.259,1,COM7
2,402656,37,rpm,-313,456,36.7,36.7,3915,497,0,2329,2.259,1,COM7
2,402677,37,rpm,104,456,36.7,36.7,3915,497,0,2329,2.259,1,COM7
2,402698,37,rpm,502,456,36.7,36.7,3915,497,0,2329,2.259,1,COM7
2,402719,37,rpm,758,456,36.7,36.7,3915,497,0,2329,2.259,1,COM7
2,402739,37,rpm,886,456,36.7,36.7,3915,497,0,2329,2.259,1,COM7
2,402760,37,rpm,741,456,36.7,36.7,3915,497,0,2329,2.259,1,COM7
2,402781,37,rpm,685,456,36.7,36.7,3915,497,0,2329,2.26,1,COM7
2,402801,37,rpm,663,456,36.7,36.7,3915,497,0,2330,2.26,1,COM7
2,402822,37,rpm,584,456,36.7,36.7,3915,497,0,2330,2.26,1,COM7
2,402843,37,rpm,454,456,36.7,36.7,3915,497,0,2330,2.26,1,COM7
2,402863,37,rpm,369,456,36.7,36.7,3915,497,0,2330,2.26,1,COM7
2,402884,37,rpm,243,456,36.7,36.7,3915,497,0,2330,2.26,1,COM7
2,402905,37,rpm,-391,456,36.7,36.7,3915,497,0,2330,2.261,1,COM7
2,402926,37,rpm,41,456,36.7,36.7,3915,497,0,2331,2.261,1,COM7
2,402946,37,rpm,411,456,36.7,36.7,3915,497,0,2331,2.261,1,COM7
2,402967,37,rpm,621,456,36.7,36.7,3915,497,0,2331,2.261,1,COM7
2,402988,37,rpm,748,456,36.7,36.7,3915,497,0,2331,2.261,1,COM7
2,403009,37,rpm,967,456,36.7,36.7,3915,497,0,2331,2.261,1,COM7
2,403029,37,rpm,634,456,36.7,36.7,3915,497,0,2331,2.261,1,COM7
2,403050,37,rpm,618,456,36.7,36.7,3915,497,0,2332,2.262,1,COM7
2,403071,37,rpm,687,456,36.7,36.7,3915,497,0,2332,2.262,1,COM7
2,403091,37,rpm,495,456,36.7,36.7,3915,497,0,2332,2.262,1,COM7
2,403112,37,rpm,381,456,36.7,36.7,3915,497,0,2332,2.262,1,COM7
2,403133,37,rpm,341,456,36.7,36.7,3915,497,0,2332,2.262,1,COM7
2,403153,37,rpm,-70,457,36.7,36.7,3915,497,0,2332,2.262,1,COM7
2,403174,37,rpm,-214,457,36.7,36.7,3915,497,0,2332,2.262,1,COM7
2,403195,37,rpm,140,457,36.7,36.7,3915,497,0,2333,2.263,1,COM7
2,403215,37,rpm,609,457,36.7,36.7,3915,497,0,2333,2.263,1,COM7
2,403236,37,rpm,689,457,36.7,36.7,3915,497,0,2333,2.263,1,COM7
2,403257,37,rpm,903,457,36.7,36.7,3915,497,0,2333,2.263,1,COM7
2,403278,37,rpm,814,457,36.7,36.7,3915,497,0,2333,2.263,1,COM7
2,403298,37,rpm,665,457,36.7,36.7,3915,497,0,2333,2.263,1,COM7
2,403319,37,rpm,632,457,36.7,36.7,3915,497,0,2334,2.264,1,COM7
2,403340,37,rpm,523,457,36.7,36.7,3915,497,0,2334,2.264,1,COM7
2,403360,37,rpm,520,457,36.7,36.7,3915,497,0,2334,2.264,1,COM7
2,403381,37,rpm,340,457,36.7,36.7,3915,497,0,2334,2.264,1,COM7
2,403402,37,rpm,216,457,36.7,36.7,3915,497,0,2334,2.264,1,COM7
2,403422,37,rpm,-409,457,36.7,36.7,3915,497,0,2334,2.264,1,COM7
2,403443,37,rpm,64,457,36.7,36.7,3915,497,0,2335,2.264,1,COM7
2,403464,37,rpm,366,457,36.7,36.7,3915,497,0,2335,2.265,1,COM7
2,403484,37,rpm,775,457,36.7,36.7,3915,497,0,2335,2.265,1,COM7
2,403505,37,rpm,815,457,36.7,36.7,3915,497,0,2335,2.265,1,COM7
2,403526,37,rpm,746,457,36.7,36.7,3915,497,0,2335,2.265,1,COM7
2,403547,37,rpm,812,457,36.7,36.7,3915,497,0,2335,2.265,1,COM7
2,403567,37,rpm,662,457,36.7,36.7,3915,497,0,2335,2.265,1,COM7
2,403588,37,rpm,543,457,36.7,36.7,3915,497,0,2336,2.266,1,COM7
2,403609,37,rpm,540,457,36.7,36.7,3915,497,0,2336,2.266,1,COM7
2,403629,37,rpm,414,457,36.7,36.7,3915,497,0,2336,2.266,1,COM7
2,403650,37,rpm,267,457,36.7,36.7,3915,497,0,2336,2.266,1,COM7
2,403671,37,rpm,-246,457,36.7,36.7,3915,497,0,2336,2.266,1,COM7
2,403691,37,rpm,-64,457,36.7,36.7,3915,497,0,2336,2.266,1,COM7
2,403712,37,rpm,210,457,36.7,36.7,3915,497,0,2337,2.266,1,COM7
2,403733,37,rpm,602,457,36.7,36.7,3915,497,0,2337,2.267,1,COM7
2,403753,37,rpm,828,457,36.7,36.7,3915,497,0,2337,2.267,1,COM7
2,403774,37,rpm,948,457,36.7,36.7,3915,497,0,2337,2.267,1,COM7
2,403795,37,rpm,700,457,36.7,36.7,3915,497,0,2337,2.267,1,COM7
2,403815,37,rpm,617,457,36.7,36.7,3915,497,0,2337,2.267,1,COM7
2,403836,37,rpm,706,457,36.7,36.7,3915,497,0,2338,2.267,1,COM7
2,403857,37,rpm,516,457,36.7,36.7,3915,497,0,2338,2.268,1,COM7
2,403878,37,rpm,406,457,36.7,36.7,3915,497,0,2338,2.268,1,COM7
2,403898,37,rpm,370,457,36.7,36.7,3915,497,0,2338,2.268,1,COM7
2,403919,37,rpm,-4,457,36.7,36.7,3915,497,0,2338,2.268,1,COM7
2,403940,37,rpm,-263,457,36.7,36.7,3915,497,0,2338,2.268,1,COM7
2,403960,37,rpm,120,457,36.7,36.7,3915,497,0,2338,2.268,1,COM7
2,403981,37,rpm,590,457,36.7,36.7,3915,497,0,2339,2.268,1,COM7
2,404002,37,rpm,670,457,36.7,36.7,3915,497,0,2339,2.269,1,COM7
2,404023,37,rpm,940,457,36.7,36.7,3915,497,0,2339,2.269,1,COM7
2,404043,37,rpm,813,457,36.7,36.7,3915,497,0,2339,2.269,1,COM7
2,404064,37,rpm,667,457,36.7,36.7,3915,497,0,2339,2.269,1,COM7
2,404085,37,rpm,655,457,36.7,36.7,3915,497,0,2339,2.269,1,COM7
2,404105,37,rpm,547,457,36.7,36.7,3915,497,0,2340,2.269,1,COM7
2,404126,37,rpm,462,457,36.7,36.7,3915,497,0,2340,2.27,1,COM7
2,404147,37,rpm,309,457,36.7,36.7,3915,497,0,2340,2.27,1,COM7
2,404167,37,rpm,100,457,36.7,36.7,3915,497,0,2340,2.27,1,COM7
2,404188,37,rpm,-325,457,36.7,36.7,3915,497,0,2340,2.27,1,COM7
2,404209,37,rpm,86,457,36.7,36.7,3915,497,0,2340,2.27,1,COM7
2,404230,37,rpm,504,457,36.7,36.7,3915,497,0,2341,2.27,1,COM7
2,404250,37,rpm,763,457,36.7,36.7,3915,497,0,2341,2.27,1,COM7
2,404271,37,rpm,839,457,36.7,36.7,3915,497,0,2341,2.271,1,COM7
2,404292,37,rpm,725,457,36.7,36.7,3915,497,0,2341,2.271,1,COM7
2,404313,37,rpm,811,457,36.7,36.7,3915,497,0,2341,2.271,1,COM7
2,404333,37,rpm,636,457,36.7,36.7,3915,497,0,2341,2.271,1,COM7
2,404354,37,rpm,528,457,36.7,36.7,3915,497,0,2341,2.271,1,COM7
2,404375,37,rpm,552,457,36.7,36.7,3915,497,0,2342,2.271,1,COM7
2,404395,37,rpm,380,457,36.7,36.7,3915,497,0,2342,2.272,1,COM7
2,404416,37,rpm,251,457,36.7,36.7,3915,497,0,2342,2.272,1,COM7
2,404437,37,rpm,-316,457,36.7,36.7,3915,497,0,2342,2.272,1,COM7
2,404457,37,rpm,16,457,36.7,36.7,3915,497,0,2342,2.272,1,COM7
2,404478,37,rpm,242,457,36.7,36.7,3915,497,0,2342,2.272,1,COM7
2,404499,37,rpm,675,457,36.7,36.7,3915,497,0,2343,2.272,1,COM7
2,404520,37,rpm,801,457,36.7,36.7,3915,497,0,2343,2.272,1,COM7
2,404540,37,rpm,892,457,36.7,36.7,3915,497,0,2343,2.273,1,COM7
2,404561,37,rpm,690,457,36.7,36.7,3915,497,0,2343,2.273,1,COM7
2,404582,37,rpm,645,457,36.7,36.7,3915,497,0,2343,2.273,1,COM7
2,404603,37,rpm,688,457,36.7,36.7,3915,497,0,2343,2.273,1,COM7
2,404623,37,rpm,490,457,36.7,36.7,3915,497,0,2343,2.273,1,COM7
2,404644,37,rpm,390,457,36.7,36.7,3915,497,0,2344,2.273,1,COM7
2,404665,37,rpm,352,457,36.7,36.7,3915,497,0,2344,2.274,1,COM7
2,404685,37,rpm,-33,457,36.7,36.7,3915,497,0,2344,2.274,1,COM7
2,404706,37,rpm,-246,457,36.7,36.7,3915,497,0,2344,2.274,1,COM7
2,404727,37,rpm,122,457,36.7,36.7,3915,497,0,2344,2.274,1,COM7
2,404747,37,rpm,567,457,36.7,36.7,3915,497,0,2344,2.274,1,COM7
2,404768,37,rpm,668,457,36.7,36.7,3915,497,0,2345,2.274,1,COM7
2,404789,37,rpm,911,457,36.7,36.7,3915,497,0,2345,2.274,1,COM7
2,404809,37,rpm,782,457,36.7,36.7,3915,497,0,2345,2.275,1,COM7
2,404830,37,rpm,650,457,36.7,36.7,3915,497,0,2345,2.275,1,COM7
2,404851,37,rpm,699,457,36.7,36.7,3915,497,0,2345,2.275,1,COM7
2,404872,37,rpm,532,457,36.7,36.7,3915,497,0,2345,2.275,1,COM7
2,404892,37,rpm,496,457,36.7,36.7,3915,497,0,2346,2.275,1,COM7
2,404913,37,rpm,362,457,36.7,36.7,3915,497,0,2346,2.275,1,COM7
2,404934,37,rpm,236,457,36.7,36.7,3915,497,0,2346,2.275,1,COM7
2,404954,37,rpm,-412,457,36.7,36.7,3915,497,0,2346,2.276,1,COM7
2,404975,37,rpm,57,457,36.7,36.7,3915,497,0,2346,2.276,1,COM7
2,404996,37,rpm,389,457,36.7,36.7,3915,497,0,2346,2.276,1,COM7
2,405017,37,rpm,708,457,36.7,36.7,3915,497,0,2346,2.276,1,COM7
2,405037,37,rpm,798,457,36.7,36.7,3915,497,0,2347,2.276,1,COM7
2,405058,37,rpm,777,457,36.7,36.7,3915,497,0,2347,2.276,1,COM7
2,405079,37,rpm,838,457,36.7,36.7,3915,497,0,2347,2.277,1,COM7
2,405099,37,rpm,634,457,36.7,36.7,3915,497,0,2347,2.277,1,COM7
2,405120,37,rpm,546,457,36.7,36.7,3915,497,0,2347,2.277,1,COM7
2,405141,37,rpm,588,457,36.7,36.7,3915,497,0,2347,2.277,1,COM7
2,405161,37,rpm,395,457,36.7,36.7,3915,497,0,2348,2.277,1,COM7
2,405182,37,rpm,265,457,36.7,36.7,3915,497,0,2348,2.277,1,COM7
2,405203,37,rpm,-130,457,36.7,36.7,3915,497,0,2348,2.277,1,COM7
2,405223,37,rpm,-141,457,36.7,36.7,3915,497,0,2348,2.278,1,COM7
2,405244,37,rpm,142,457,36.7,36.7,3915,497,0,2348,2.278,1,COM7
2,405265,37,rpm,658,457,36.7,36.7,3915,497,0,2348,2.278,1,COM7
2,405286,37,rpm,774,457,36.7,36.7,3915,497,0,2349,2.278,1,COM7
2,405306,37,rpm,838,457,36.7,36.7,3915,497,0,2349,2.278,1,COM7
2,405327,37,rpm,715,457,36.7,36.7,3915,497,0,2349,2.278,1,COM7
2,405348,37,rpm,699,457,36.7,36.7,3915,497,0,2349,2.279,1,COM7
2,405368,37,rpm,666,457,36.7,36.7,3915,497,0,2349,2.279,1,COM7
2,405389,37,rpm,501,457,36.7,36.7,3915,497,0,2349,2.279,1,COM7
2,405410,37,rpm,446,457,36.7,36.7,3915,497,0,2349,2.279,1,COM7
2,405431,37,rpm,357,457,36.7,36.7,3915,497,0,2350,2.279,1,COM7
2,405451,37,rpm,82,457,36.7,36.7,3915,497,0,2350,2.279,1,COM7
2,405472,37,rpm,-310,457,36.7,36.7,3915,497,0,2350,2.279,1,COM7
2,405493,37,rpm,98,457,36.7,36.7,3915,497,0,2350,2.28,1,COM7
2,405513,37,rpm,475,457,36.7,36.7,3915,497,0,2350,2.28,1,COM7
2,405534,37,rpm,717,457,36.7,36.7,3915,497,0,2350,2.28,1,COM7
2,405555,37,rpm,999,457,36.7,36.7,3915,497,0,2351,2.28,1,COM7
2,405576,37,rpm,757,457,36.7,36.7,3915,497,0,2351,2.28,1,COM7
2,405596,37,rpm,650,457,36.7,36.7,3915,497,0,2351,2.28,1,COM7
2,405617,37,rpm,731,457,36.7,36.7,3915,497,0,2351,2.281,1,COM7
2,405638,37,rpm,559,457,36.7,36.7,3915,497,0,2351,2.281,1,COM7
2,405658,37,rpm,434,457,36.7,36.7,3915,497,0,2351,2.281,1,COM7
2,405679,37,rpm,351,457,36.7,36.7,3915,497,0,2352,2.281,1,COM7
2,405700,37,rpm,150,457,36.7,36.7,3915,497,0,2352,2.281,1,COM7
2,405721,37,rpm,-344,457,36.7,36.7,3915,497,0,2352,2.281,1,COM7
2,405741,37,rpm,73,457,36.7,36.7,3915,497,0,2352,2.281,1,COM7
2,405762,37,rpm,488,457,36.7,36.7,3915,497,0,2352,2.282,1,COM7
2,405783,37,rpm,708,457,36.7,36.7,3915,497,0,2352,2.282,1,COM7
2,405803,37,rpm,826,457,36.7,36.7,3915,497,0,2352,2.282,1,COM7
2,405824,37,rpm,780,457,36.7,36.7,3915,497,0,2353,2.282,1,COM7
2,405845,37,rpm,774,457,36.7,36.7,3915,497,0,2353,2.282,1,COM7
2,405865,37,rpm,613,457,36.7,36.7,3915,497,0,2353,2.282,1,COM7
2,405886,37,rpm,536,457,36.7,36.7,3915,497,0,2353,2.283,1,COM7
2,405907,37,rpm,571,457,36.7,36.7,3915,497,0,2353,2.283,1,COM7
2,405927,37,rpm,366,457,36.7,36.7,3915,497,0,2353,2.283,1,COM7
2,405948,37,rpm,257,457,36.7,36.7,3915,497,0,2354,2.283,1,COM7
2,405969,37,rpm,-318,457,36.7,36.7,3915,497,0,2354,2.283,1,COM7
2,405990,37,rpm,12,457,36.7,36.7,3915,497,0,2354,2.283,1,COM7
2,406010,37,rpm,229,457,36.7,36.7,3915,497,0,2354,2.283,1,COM7
2,406031,37,rpm,728,457,36.7,36.7,3915,497,0,2354,2.284,1,COM7
2,406052,37,rpm,777,457,36.7,36.7,3915,497,0,2354,2.284,1,COM7
2,406072,37,rpm,742,457,36.7,36.7,3915,497,0,2355,2.284,1,COM7
2,406093,37,rpm,792,457,36.7,36.7,3915,497,0,2355,2.284,1,COM7
2,406114,37,rpm,702,457,36.7,36.7,3915,497,0,2355,2.284,1,COM7
2,406135,37,rpm,574,457,36.7,36.7,3915,497,0,2355,2.284,1,COM7
2,406155,37,rpm,510,457,36.7,36.7,3915,497,0,2355,2.285,1,COM7
2,406176,37,rpm,445,457,36.7,36.7,3915,497,0,2355,2.285,1,COM7
2,406197,37,rpm,328,457,36.7,36.7,3915,497,0,2355,2.285,1,COM7
2,406217,37,rpm,13,457,36.7,36.7,3915,497,0,2356,2.285,1,COM7
2,406238,37,rpm,-255,457,36.7,36.7,3915,497,0,2356,2.285,1,COM7
2,406259,37,rpm,105,457,36.7,36.7,3915,497,0,2356,2.285,1,COM7
2,406280,37,rpm,527,457,36.7,36.7,3915,497,0,2356,2.285,1,COM7
2,406300,37,rpm,694,457,36.7,36.7,3915,497,0,2356,2.286,1,COM7
2,406321,37,rpm,958,457,36.7,36.7,3915,497,0,2356,2.286,1,COM7
2,406342,37,rpm,734,457,36.7,36.7,3915,497,0,2357,2.286,1,COM7
2,406362,37,rpm,666,457,36.7,36.7,3915,497,0,2357,2.286,1,COM7
2,406383,37,rpm,738,457,36.7,36.7,3915,497,0,2357,2.286,1,COM7
2,406404,37,rpm,524,457,36.7,36.7,3915,497,0,2357,2.286,1,COM7
2,406424,37,rpm,474,457,36.7,36.7,3915,497,0,2357,2.286,1,COM7
2,406445,37,rpm,415,457,36.7,36.7,3915,497,0,2357,2.287,1,COM7
2,406466,37,rpm,246,457,36.7,36.7,3915,497,0,2358,2.287,1,COM7
2,406487,37,rpm,-389,457,36.7,36.7,3915,497,0,2358,2.287,1,COM7
2,406507,37,rpm,41,457,36.7,36.7,3915,497,0,2358,2.287,1,COM7
2,406528,37,rpm,323,457,36.7,36.7,3915,497,0,2358,2.287,1,COM7
2,406549,37,rpm,653,457,36.7,36.7,3915,497,0,2358,2.287,1,COM7
2,406569,37,rpm,844,457,36.7,36.7,3915,497,0,2358,2.288,1,COM7
2,406590,37,rpm,820,457,36.7,36.7,3915,497,0,2358,2.288,1,COM7
2,406611,37,rpm,772,457,36.7,36.7,3915,497,0,2359,2.288,1,COM7
2,406631,37,rpm,643,457,36.7,36.7,3915,497,0,2359,2.288,1,COM7
2,406652,37,rpm,577,457,36.7,36.7,3915,497,0,2359,2.288,1,COM7
2,406673,37,rpm,577,457,36.7,36.7,3915,497,0,2359,2.288,1,COM7
2,406694,37,rpm,394,457,36.7,36.7,3915,497,0,2359,2.288,1,COM7
2,406714,37,rpm,285,457,36.7,36.7,3915,497,0,2359,2.289,1,COM7
2,406735,37,rpm,-90,457,36.7,36.7,3915,497,0,2360,2.289,1,COM7
2,406756,37,rpm,-213,457,36.7,36.7,3915,497,0,2360,2.289,1,COM7
2,406777,37,rpm,119,457,36.7,36.7,3915,497,0,2360,2.289,1,COM7
2,406797,37,rpm,659,457,36.7,36.7,3915,497,0,2360,2.289,1,COM7
2,406818,37,rpm,739,457,36.7,36.7,3915,497,0,2360,2.289,1,COM7
2,406839,37,rpm,754,457,36.7,36.7,3915,497,0,2360,2.29,1,COM7
2,406859,37,rpm,881,457,36.7,36.7,3915,497,0,2361,2.29,1,COM7
2,406880,37,rpm,696,457,36.7,36.7,3915,497,0,2361,2.29,1,COM7
2,406901,37,rpm,563,457,36.7,36.7,3915,497,0,2361,2.29,1,COM7
2,406922,37,rpm,560,457,36.7,36.7,3915,497,0,2361,2.29,1,COM7
2,406942,37,rpm,477,457,36.7,36.7,3915,497,0,2361,2.29,1,COM7
2,406963,37,rpm,331,457,36.7,36.7,3915,497,0,2361,2.29,1,COM7
2,406984,37,rpm,136,457,36.7,36.7,3915,497,0,2361,2.291,1,COM7
2,407004,37,rpm,-363,457,36.7,36.7,3915,497,0,2362,2.291,1,COM7
2,407025,37,rpm,97,457,36.7,36.7,3915,497,0,2362,2.291,1,COM7
2,407046,37,rpm,500,457,36.7,36.7,3915,497,0,2362,2.291,1,COM7
2,407067,37,rpm,708,457,36.7,36.7,3915,497,0,2362,2.291,1,COM7
2,407087,37,rpm,991,457,36.7,36.7,3915,497,0,2362,2.291,1,COM7
2,407108,37,rpm,725,457,36.7,36.7,3915,497,0,2362,2.292,1,COM7
2,407129,37,rpm,679,457,36.7,36.7,3915,497,0,2363,2.292,1,COM7
2,407149,37,rpm,731,457,36.7,36.7,3915,497,0,2363,2.292,1,COM7
2,407170,37,rpm,540,457,36.7,36.7,3915,497,0,2363,2.292,1,COM7
2,407191,37,rpm,441,457,36.7,36.7,3915,497,0,2363,2.292,1,COM7
2,407211,37,rpm,382,457,36.7,36.7,3915,497,0,2363,2.292,1,COM7
2,407232,37,rpm,179,457,36.7,36.7,3915,497,0,2363,2.292,1,COM7
2,407253,37,rpm,-374,457,36.7,36.7,3915,497,0,2364,2.293,1,COM7
2,407274,37,rpm,66,457,36.7,36.7,3915,497,0,2364,2.293,1,COM7
2,407294,37,rpm,450,457,36.7,36.7,3915,497,0,2364,2.293,1,COM7
2,407315,37,rpm,631,456,36.7,36.7,3915,497,0,2364,2.293,1,COM7
2,407336,37,rpm,912,456,36.7,36.7,3915,497,0,2364,2.293,1,COM7
2,407356,37,rpm,792,456,36.7,36.7,3915,497,0,2364,2.293,1,COM7
2,407377,37,rpm,717,456,36.7,36.7,3915,497,0,2364,2.294,1,COM7
2,407398,37,rpm,640,456,36.7,36.7,3915,497,0,2365,2.294,1,COM7
2,407418,37,rpm,571,456,36.7,36.7,3915,497,0,2365,2.294,1,COM7
2,407439,37,rpm,547,456,36.7,36.7,3915,497,0,2365,2.294,1,COM7
2,407460,37,rpm,367,456,36.7,36.7,3915,497,0,2365,2.294,1,COM7
2,407481,37,rpm,278,456,36.7,36.7,3915,497,0,2365,2.294,1,COM7
2,407501,37,rpm,-326,456,36.7,36.7,3915,497,0,2365,2.294,1,COM7
2,407522,37,rpm,-4,456,36.7,36.7,3915,497,0,2366,2.295,1,COM7
2,407543,37,rpm,211,456,36.7,36.7,3915,497,0,2366,2.295,1,COM7
2,407563,37,rpm,743,456,36.7,36.7,3915,497,0,2366,2.295,1,COM7
2,407584,37,rpm,714,456,36.7,36.7,3915,497,0,2366,2.295,1,COM7
2,407605,37,rpm,779,456,36.7,36.7,3915,497,0,2366,2.295,1,COM7
2,407626,37,rpm,888,456,36.7,36.7,3915,497,0,2366,2.295,1,COM7
2,407646,37,rpm,663,456,36.7,36.7,3915,497,0,2367,2.296,1,COM7
2,407667,37,rpm,541,456,36.7,36.7,3915,497,0,2367,2.296,1,COM7
2,407688,37,rpm,610,456,36.7,36.7,3915,497,0,2367,2.296,1,COM7
2,407708,37,rpm,453,456,36.7,36.7,3915,497,0,2367,2.296,1,COM7
2,407729,37,rpm,298,456,36.7,36.7,3915,497,0,2367,2.296,1,COM7
2,407750,37,rpm,90,456,36.7,36.7,3915,497,0,2367,2.296,1,COM7
2,407770,37,rpm,-305,456,36.7,36.7,3915,497,0,2367,2.296,1,COM7
2,407791,37,rpm,78,456,36.7,36.7,3915,497,0,2368,2.297,1,COM7
2,407812,37,rpm,508,456,36.7,36.7,3915,497,0,2368,2.297,1,COM7
2,407833,37,rpm,752,456,36.7,36.7,3915,497,0,2368,2.297,1,COM7
2,407853,37,rpm,838,456,36.7,36.7,3915,497,0,2368,2.297,1,COM7
2,407874,37,rpm,751,456,36.7,36.7,3915,497,0,2368,2.297,1,COM7
2,407895,37,rpm,704,456,36.7,36.7,3915,497,0,2368,2.297,1,COM7
2,407915,37,rpm,702,456,36.7,36.7,3915,497,0,2369,2.297,1,COM7
2,407936,37,rpm,515,456,36.7,36.7,3915,497,0,2369,2.298,1,COM7
2,407957,37,rpm,499,456,36.7,36.7,3915,497,0,2369,2.298,1,COM7
2,407978,37,rpm,415,456,36.7,36.7,3915,497,0,2369,2.298,1,COM7
2,407998,37,rpm,245,456,36.7,36.7,3915,497,0,2369,2.298,1,COM7
2,408019,37,rpm,-384,456,36.7,36.7,3915,497,0,2369,2.298,1,COM7
2,408040,37,rpm,31,456,36.7,36.7,3915,497,0,2370,2.298,1,COM7
2,408060,37,rpm,301,456,36.7,36.7,3915,497,0,2370,2.299,1,COM7
2,408081,37,rpm,638,456,36.7,36.7,3915,497,0,2370,2.299,1,COM7
2,408102,37,rpm,893,456,36.7,36.7,3915,497,0,2370,2.299,1,COM7
2,408123,37,rpm,807,456,36.7,36.7,3915,497,0,2370,2.299,1,COM7
2,408143,37,rpm,706,456,36.7,36.7,3915,497,0,2370,2.299,1,COM7
2,408164,37,rpm,702,456,36.7,36.7,3915,497,0,2370,2.299,1,COM7
2,408185,37,rpm,585,456,36.7,36.7,3915,497,0,2371,2.299,1,COM7
2,408206,37,rpm,552,456,36.7,36.7,3915,497,0,2371,2.3,1,COM7
2,408226,37,rpm,406,456,36.7,36.7,3915,497,0,2371,2.3,1,COM7
2,408247,37,rpm,297,456,36.7,36.7,3915,497,0,2371,2.3,1,COM7
2,408268,37,rpm,-33,456,36.7,36.7,3915,497,0,2371,2.3,1,COM7
2,408288,37,rpm,-245,456,36.7,36.7,3915,497,0,2371,2.3,1,COM7
2,408309,37,rpm,116,456,36.7,36.7,3915,497,0,2372,2.3,1,COM7
2,408330,37,rpm,625,456,36.7,36.7,3915,497,0,2372,2.301,1,COM7
2,408350,37,rpm,744,456,36.7,36.7,3915,497,0,2372,2.301,1,COM7
2,408371,37,rpm,775,456,36.7,36.7,3915,497,0,2372,2.301,1,COM7
2,408392,37,rpm,922,456,36.7,36.7,3915,497,0,2372,2.301,1,COM7
2,408413,37,rpm,650,456,36.7,36.7,3915,497,0,2372,2.301,1,COM7
2,408433,37,rpm,546,456,36.7,36.7,3915,497,0,2372,2.301,1,COM7
2,408454,37,rpm,627,456,36.7,36.7,3915,497,0,2373,2.301,1,COM7
2,408475,37,rpm,478,456,36.7,36.7,3915,497,0,2373,2.302,1,COM7
2,408495,37,rpm,320,456,36.7,36.7,3915,497,0,2373,2.302,1,COM7
2,408516,37,rpm,204,456,36.7,36.7,3915,497,0,2373,2.302,1,COM7
2,408537,37,rpm,-389,456,36.7,36.7,3915,497,0,2373,2.302,1,COM7
2,408558,37,rpm,74,456,36.7,36.7,3915,497,0,2373,2.302,1,COM7
2,408578,37,rpm,470,456,36.7,36.7,3915,497,0,2374,2.302,1,COM7
2,408599,37,rpm,732,456,36.7,36.7,3915,497,0,2374,2.303,1,COM7
2,408620,37,rpm,907,456,36.7,36.7,3915,497,0,2374,2.303,1,COM7
2,408640,37,rpm,722,456,36.7,36.7,3915,497,0,2374,2.303,1,COM7
2,408661,37,rpm,744,456,36.7,36.7,3915,497,0,2374,2.303,1,COM7
2,408682,37,rpm,693,456,36.7,36.7,3915,497,0,2374,2.303,1,COM7
2,408703,37,rpm,489,456,36.7,36.7,3915,497,0,2375,2.303,1,COM7
2,408723,37,rpm,518,456,36.7,36.7,3915,497,0,2375,2.303,1,COM7
2,408744,37,rpm,372,456,36.7,36.7,3915,497,0,2375,2.304,1,COM7
2,408765,37,rpm,192,456,36.7,36.7,3915,497,0,2375,2.304,1,COM7
2,408785,37,rpm,-396,456,36.7,36.7,3915,497,0,2375,2.304,1,COM7
2,408806,37,rpm,63,456,36.7,36.7,3915,497,0,2375,2.304,1,COM7
2,408827,37,rpm,425,456,36.7,36.7,3915,497,0,2375,2.304,1,COM7
2,408847,37,rpm,631,456,36.7,36.7,3915,497,0,2376,2.304,1,COM7
2,408868,37,rpm,939,456,36.7,36.7,3915,497,0,2376,2.305,1,COM7
2,408889,37,rpm,792,456,36.7,36.7,3915,497,0,2376,2.305,1,COM7
2,408910,37,rpm,666,456,36.7,36.7,3915,497,0,2376,2.305,1,COM7
2,408930,37,rpm,710,456,36.7,36.7,3915,497,0,2376,2.305,1,COM7
2,408951,37,rpm,575,456,36.7,36.7,3915,497,0,2376,2.305,1,COM7
2,408972,37,rpm,532,456,36.7,36.7,3915,497,0,2377,2.305,1,COM7
2,408993,37,rpm,376,456,36.7,36.7,3915,497,0,2377,2.305,1,COM7
2,409013,37,rpm,302,456,36.7,36.7,3915,497,0,2377,2.306,1,COM7
2,409034,37,rpm,-197,456,36.7,36.7,3915,497,0,2377,2.306,1,COM7
2,409055,37,rpm,-91,456,36.7,36.7,3915,497,0,2377,2.306,1,COM7
2,409075,37,rpm,188,456,36.7,36.7,3915,497,0,2377,2.306,1,COM7
2,409096,37,rpm,688,456,36.7,36.7,3915,497,0,2378,2.306,1,COM7
2,409117,37,rpm,727,456,36.7,36.7,3915,497,0,2378,2.306,1,COM7
2,409138,37,rpm,772,456,36.7,36.7,3915,497,0,2378,2.307,1,COM7
2,409158,37,rpm,871,456,36.7,36.7,3915,497,0,2378,2.307,1,COM7
2,409179,37,rpm,610,456,36.7,36.7,3915,497,0,2378,2.307,1,COM7
2,409200,37,rpm,580,456,36.7,36.7,3915,497,0,2378,2.307,1,COM7
2,409220,37,rpm,634,456,36.7,36.7,3915,497,0,2378,2.307,1,COM7
2,409241,37,rpm,438,456,36.7,36.7,3915,497,0,2379,2.307,1,COM7
2,409262,37,rpm,303,456,36.7,36.7,3915,497,0,2379,2.307,1,COM7
2,409283,37,rpm,146,456,36.7,36.7,3915,497,0,2379,2.308,1,COM7
2,409303,37,rpm,-327,456,36.7,36.7,3915,497,0,2379,2.308,1,COM7
2,409324,37,rpm,70,456,36.7,36.7,3915,497,0,2379,2.308,1,COM7
2,409345,37,rpm,500,456,36.7,36.7,3915,497,0,2379,2.308,1,COM7
2,409365,37,rpm,721,456,36.7,36.7,3915,497,0,2380,2.308,1,COM7
2,409386,37,rpm,750,456,36.7,36.7,3915,497,0,2380,2.308,1,COM7
2,409407,37,rpm,850,456,36.7,36.7,3915,497,0,2380,2.309,1,COM7
2,409427,37,rpm,733,456,36.7,36.7,3915,497,0,2380,2.309,1,COM7
2,409448,37,rpm,662,456,36.7,36.7,3915,497,0,2380,2.309,1,COM7
2,409469,37,rpm,534,456,36.7,36.7,3915,497,0,2380,2.309,1,COM7
2,409490,37,rpm,518,456,36.7,36.7,3915,497,0,2381,2.309,1,COM7
2,409510,37,rpm,398,456,36.7,36.7,3915,497,0,2381,2.309,1,COM7
2,409531,37,rpm,252,456,36.7,36.7,3915,497,0,2381,2.309,1,COM7
2,409552,37,rpm,-332,456,36.7,36.7,3915,497,0,2381,2.31,1,COM7
2,409572,37,rpm,1,456,36.7,36.7,3915,497,0,2381,2.31,1,COM7
2,409593,37,rpm,216,456,36.7,36.7,3915,497,0,2381,2.31,1,COM7
2,409614,37,rpm,683,456,36.7,36.7,3915,497,0,2381,2.31,1,COM7
2,409635,37,rpm,902,456,36.7,36.7,3915,497,0,2382,2.31,1,COM7
2,409655,37,rpm,777,456,36.7,36.7,3915,497,0,2382,2.31,1,COM7
2,409676,37,rpm,699,456,36.7,36.7,3915,497,0,2382,2.31,1,COM7
2,409697,37,rpm,765,456,36.7,36.7,3915,497,0,2382,2.311,1,COM7
2,409717,37,rpm,588,456,36.7,36.7,3915,497,0,2382,2.311,1,COM7
2,409738,37,rpm,509,456,36.7,36.7,3915,497,0,2382,2.311,1,COM7
2,409759,37,rpm,448,456,36.7,36.7,3915,497,0,2383,2.311,1,COM7
2,409780,37,rpm,305,456,36.7,36.7,3915,497,0,2383,2.311,1,COM7
2,409800,37,rpm,9,456,36.7,36.7,3915,497,0,2383,2.311,1,COM7
2,409821,37,rpm,-275,456,36.7,36.7,3915,497,0,2383,2.312,1,COM7
2,409842,37,rpm,117,456,36.7,36.7,3915,497,0,2383,2.312,1,COM7
2,409863,37,rpm,614,456,36.7,36.7,3915,497,0,2383,2.312,1,COM7
2,409883,37,rpm,673,456,36.7,36.7,3915,497,0,2384,2.312,1,COM7
2,409904,37,rpm,842,456,36.7,36.7,3915,497,0,2384,2.312,1,COM7
2,409925,37,rpm,896,456,36.7,36.7,3915,497,0,2384,2.312,1,COM7
2,409946,37,rpm,661,456,36.7,36.7,3915,497,0,2384,2.312,1,COM7
2,409966,37,rpm,555,456,36.7,36.7,3915,497,0,2384,2.313,1,COM7
2,409987,37,rpm,637,456,36.7,36.7,3915,497,0,2384,2.313,1,COM7
2,410008,37,rpm,472,456,36.7,36.7,3915,497,0,2384,2.313,1,COM7
2,410028,37,rpm,314,456,36.7,36.7,3915,497,0,2385,2.313,1,COM7
2,410049,37,rpm,236,456,36.7,36.7,3915,497,0,2385,2.313,1,COM7
2,410070,37,rpm,-395,456,36.7,36.7,3915,497,0,2385,2.313,1,COM7
2,410091,37,rpm,59,456,36.7,36.7,3915,497,0,2385,2.314,1,COM7
2,410111,37,rpm,440,456,36.7,36.7,3915,497,0,2385,2.314,1,COM7
2,410132,37,rpm,728,456,36.7,36.7,3915,497,0,2385,2.314,1,COM7
2,410153,37,rpm,839,456,36.7,36.7,3915,497,0,2386,2.314,1,COM7
2,410173,37,rpm,802,456,36.7,36.7,3915,497,0,2386,2.314,1,COM7
2,410194,37,rpm,736,456,36.7,36.7,3915,497,0,2386,2.314,1,COM7
2,410215,37,rpm,685,456,36.7,36.7,3915,497,0,2386,2.314,1,COM7
2,410235,37,rpm,517,456,36.7,36.7,3915,497,0,2386,2.315,1,COM7
2,410256,37,rpm,534,456,36.7,36.7,3915,497,0,2386,2.315,1,COM7
2,410277,37,rpm,368,456,36.7,36.7,3915,497,0,2387,2.315,1,COM7
2,410298,37,rpm,207,456,36.7,36.7,3915,497,0,2387,2.315,1,COM7
2,410318,37,rpm,-370,456,36.7,36.7,3915,497,0,2387,2.315,1,COM7
2,410339,37,rpm,58,456,36.7,36.7,3915,497,0,2387,2.315,1,COM7
2,410360,37,rpm,353,456,36.7,36.7,3915,497,0,2387,2.316,1,COM7
2,410381,37,rpm,687,456,36.7,36.7,3915,497,0,2387,2.316,1,COM7
2,410401,37,rpm,938,456,36.7,36.7,3915,497,0,2387,2.316,1,COM7
2,410422,37,rpm,784,456,36.7,36.7,3915,497,0,2388,2.316,1,COM7
2,410443,37,rpm,662,456,36.7,36.7,3915,497,0,2388,2.316,1,COM7
2,410463,37,rpm,750,456,36.7,36.7,3915,497,0,2388,2.316,1,COM7
2,410484,37,rpm,580,456,36.7,36.7,3915,497,0,2388,2.316,1,COM7
2,410505,37,rpm,493,456,36.7,36.7,3915,497,0,2388,2.317,1,COM7
2,410526,37,rpm,410,456,36.7,36.7,3915,497,0,2388,2.317,1,COM7
2,410546,37,rpm,280,456,36.7,36.7,3915,497,0,2389,2.317,1,COM7
2,410567,37,rpm,-177,456,36.7,36.7,3915,497,0,2389,2.317,1,COM7
2,410588,37,rpm,-113,456,36.7,36.7,3915,497,0,2389,2.317,1,COM7
2,410609,37,rpm,181,456,36.7,36.7,3915,497,0,2389,2.317,1,COM7
2,410629,37,rpm,703,456,36.7,36.7,3915,497,0,2389,2.318,1,COM7
2,410650,37,rpm,729,456,36.7,36.7,3915,497,0,2389,2.318,1,COM7
2,410671,37,rpm,786,456,36.7,36.7,3915,497,0,2389,2.318,1,COM7
2,410692,37,rpm,866,456,36.7,36.7,3915,497,0,2390,2.318,1,COM7
2,410712,37,rpm,651,456,36.7,36.7,3915,497,0,2390,2.318,1,COM7
2,410733,37,rpm,545,456,36.7,36.7,3915,497,0,2390,2.318,1,COM7
2,410754,37,rpm,619,456,36.7,36.7,3915,497,0,2390,2.318,1,COM7
2,410775,37,rpm,439,456,36.7,36.7,3915,497,0,2390,2.319,1,COM7
2,410795,37,rpm,307,456,36.7,36.7,3915,497,0,2390,2.319,1,COM7
2,410816,37,rpm,165,456,36.7,36.7,3915,497,0,2391,2.319,1,COM7
2,410837,37,rpm,-350,456,36.7,36.7,3915,497,0,2391,2.319,1,COM7
2,410857,37,rpm,64,456,36.7,36.7,3915,497,0,2391,2.319,1,COM7
2,410878,37,rpm,492,456,36.7,36.7,3915,497,0,2391,2.319,1,COM7
2,410899,37,rpm,719,456,36.7,36.7,3915,497,0,2391,2.319,1,COM7
2,410920,37,rpm,720,456,36.7,36.7,3915,497,0,2391,2.32,1,COM7
2,410940,37,rpm,870,456,36.7,36.7,3915,497,0,2392,2.32,1,COM7
2,410961,37,rpm,733,456,36.7,36.7,3915,497,0,2392,2.32,1,COM7
2,410982,37,rpm,644,456,36.7,36.7,3915,497,0,2392,2.32,1,COM7
2,411002,37,rpm,536,456,36.7,36.7,3915,497,0,2392,2.32,1,COM7
2,411023,37,rpm,522,456,36.7,36.7,3915,497,0,2392,2.32,1,COM7
2,411044,37,rpm,401,456,36.7,36.7,3915,497,0,2392,2.321,1,COM7
2,411064,37,rpm,253,456,36.7,36.7,3915,497,0,2392,2.321,1,COM7
2,411085,37,rpm,-342,456,36.7,36.7,3915,497,0,2393,2.321,1,COM7
2,411106,37,rpm,12,456,36.7,36.7,3915,497,0,2393,2.321,1,COM7
2,411127,37,rpm,267,456,36.7,36.7,3915,497,0,2393,2.321,1,COM7
2,411147,37,rpm,643,456,36.7,36.7,3915,497,0,2393,2.321,1,COM7
2,411168,37,rpm,885,456,36.7,36.7,3915,497,0,2393,2.321,1,COM7
2,411189,37,rpm,779,456,36.7,36.7,3915,497,0,2393,2.322,1,COM7
2,411210,37,rpm,702,456,36.7,36.7,3915,497,0,2394,2.322,1,COM7
2,411230,37,rpm,760,456,36.7,36.7,3915,497,0,2394,2.322,1,COM7
2,411251,37,rpm,582,456,36.7,36.7,3915,497,0,2394,2.322,1,COM7
2,411272,37,rpm,508,456,36.7,36.7,3915,497,0,2394,2.322,1,COM7
2,411293,37,rpm,458,456,36.7,36.7,3915,497,0,2394,2.322,1,COM7
2,411313,37,rpm,304,456,36.7,36.7,3915,497,0,2394,2.323,1,COM7
2,411334,37,rpm,5,456,36.7,36.7,3915,497,0,2395,2.323,1,COM7
2,411355,37,rpm,-282,456,36.7,36.7,3915,497,0,2395,2.323,1,COM7
2,411375,37,rpm,111,456,36.7,36.7,3915,497,0,2395,2.323,1,COM7
2,411396,37,rpm,599,456,36.7,36.7,3915,497,0,2395,2.323,1,COM7
2,411417,37,rpm,708,456,36.7,36.7,3915,497,0,2395,2.323,1,COM7
2,411438,37,rpm,796,456,36.7,36.7,3915,497,0,2395,2.323,1,COM7
2,411458,37,rpm,889,456,36.7,36.7,3915,497,0,2395,2.324,1,COM7
2,411479,37,rpm,673,456,36.7,36.7,3915,497,0,2396,2.324,1,COM7
2,411500,37,rpm,548,456,36.7,36.7,3915,497,0,2396,2.324,1,COM7
2,411521,37,rpm,632,456,36.7,36.7,3915,497,0,2396,2.324,1,COM7
2,411541,37,rpm,474,456,36.7,36.7,3915,497,0,2396,2.324,1,COM7
2,411562,37,rpm,311,456,36.7,36.7,3915,497,0,2396,2.324,1,COM7
2,411583,37,rpm,222,456,36.7,36.7,3915,497,0,2396,2.325,1,COM7
2,411603,37,rpm,-405,456,36.7,36.7,3915,497,0,2397,2.325,1,COM7
2,411624,37,rpm,68,456,36.7,36.7,3915,497,0,2397,2.325,1,COM7
2,411645,37,rpm,473,456,36.7,36.7,3915,497,0,2397,2.325,1,COM7
2,411666,37,rpm,723,456,36.7,36.7,3915,497,0,2397,2.325,1,COM7
2,411686,37,rpm,840,456,36.7,36.7,3915,497,0,2397,2.325,1,COM7
2,411707,37,rpm,786,456,36.7,36.7,3915,497,0,2397,2.325,1,COM7
2,411728,37,rpm,741,456,36.7,36.7,3915,497,0,2398,2.326,1,COM7
2,411748,37,rpm,671,456,36.7,36.7,3915,497,0,2398,2.326,1,COM7
2,411769,37,rpm,572,456,36.7,36.7,3915,497,0,2398,2.326,1,COM7
2,411790,37,rpm,467,456,36.7,36.7,3915,497,0,2398,2.326,1,COM7
2,411810,37,rpm,382,456,36.7,36.7,3915,497,0,2398,2.326,1,COM7
2,411831,37,rpm,206,456,36.7,36.7,3915,497,0,2398,2.326,1,COM7
2,411852,37,rpm,-361,456,36.7,36.7,3915,497,0,2398,2.327,1,COM7
2,411873,37,rpm,54,456,36.7,36.7,3915,497,0,2399,2.327,1,COM7
2,411893,37,rpm,392,456,36.7,36.7,3915,497,0,2399,2.327,1,COM7
2,411914,37,rpm,646,456,36.7,36.7,3915,497,0,2399,2.327,1,COM7
2,411935,37,rpm,943,456,36.7,36.7,3915,497,0,2399,2.327,1,COM7
2,411956,37,rpm,735,456,36.7,36.7,3915,497,0,2399,2.327,1,COM7
2,411976,37,rpm,694,456,36.7,36.7,3915,497,0,2399,2.327,1,COM7
2,411997,37,rpm,739,456,36.7,36.7,3915,497,0,2400,2.328,1,COM7
2,412018,37,rpm,582,456,36.7,36.7,3915,497,0,2400,2.328,1,COM7
2,412039,37,rpm,491,456,36.7,36.7,3915,497,0,2400,2.328,1,COM7
2,412059,37,rpm,419,456,36.7,36.7,3915,497,0,2400,2.328,1,COM7
2,412080,37,rpm,285,456,36.7,36.7,3915,497,0,2400,2.328,1,COM7
2,412101,37,rpm,-248,456,36.7,36.7,3915,497,0,2400,2.328,1,COM7
2,412121,37,rpm,-51,456,36.7,36.7,3915,497,0,2401,2.328,1,COM7
2,412142,37,rpm,196,456,36.7,36.7,3915,497,0,2401,2.329,1,COM7
2,412163,37,rpm,690,456,36.7,36.7,3915,497,0,2401,2.329,1,COM7
2,412184,37,rpm,748,456,36.7,36.7,3915,497,0,2401,2.329,1,COM7
2,412204,37,rpm,774,456,36.7,36.7,3915,497,0,2401,2.329,1,COM7
2,412225,37,rpm,860,456,36.7,36.7,3915,497,0,2401,2.329,1,COM7
2,412246,37,rpm,658,456,36.7,36.7,3915,497,0,2401,2.329,1,COM7
2,412266,37,rpm,540,456,36.7,36.7,3915,497,0,2402,2.33,1,COM7
2,412287,37,rpm,636,456,36.7,36.7,3915,497,0,2402,2.33,1,COM7
2,412308,37,rpm,437,456,36.7,36.7,3915,497,0,2402,2.33,1,COM7
2,412328,37,rpm,307,456,36.7,36.7,3915,497,0,2402,2.33,1,COM7
2,412349,37,rpm,160,456,36.7,36.7,3915,497,0,2402,2.33,1,COM7
2,412370,37,rpm,-354,456,36.7,36.7,3915,497,0,2402,2.33,1,COM7
2,412390,37,rpm,67,456,36.7,36.7,3915,497,0,2403,2.33,1,COM7
2,412411,37,rpm,496,456,36.7,36.7,3915,497,0,2403,2.331,1,COM7
2,412432,37,rpm,709,456,36.7,36.7,3915,497,0,2403,2.331,1,COM7
2,412453,37,rpm,704,456,36.7,36.7,3915,497,0,2403,2.331,1,COM7
2,412473,37,rpm,935,456,36.7,36.7,3915,497,0,2403,2.331,1,COM7
2,412494,37,rpm,736,456,36.7,36.7,3915,497,0,2403,2.331,1,COM7
2,412515,37,rpm,595,456,36.7,36.7,3915,497,0,2403,2.331,1,COM7
2,412535,37,rpm,572,456,36.7,36.7,3915,497,0,2404,2.332,1,COM7
2,412556,37,rpm,538,456,36.7,36.7,3915,497,0,2404,2.332,1,COM7
2,412577,37,rpm,389,456,36.7,36.7,3915,497,0,2404,2.332,1,COM7
2,412598,37,rpm,262,456,36.7,36.7,3915,497,0,2404,2.332,1,COM7
2,412618,37,rpm,-311,456,36.7,36.7,3915,497,0,2404,2.332,1,COM7
2,412639,37,rpm,-13,456,36.7,36.7,3915,497,0,2404,2.332,1,COM7
2,412660,37,rpm,233,456,36.7,36.7,3915,497,0,2405,2.332,1,COM7
2,412680,37,rpm,672,456,36.7,36.7,3915,497,0,2405,2.333,1,COM7
2,412701,37,rpm,891,456,36.7,36.7,3915,497,0,2405,2.333,1,COM7
2,412722,37,rpm,761,456,36.7,36.7,3915,497,0,2405,2.333,1,COM7
2,412743,37,rpm,723,456,36.7,36.7,3915,497,0,2405,2.333,1,COM7
2,412763,37,rpm,769,456,36.7,36.7,3915,497,0,2405,2.333,1,COM7
2,412784,37,rpm,572,456,36.7,36.7,3915,497,0,2406,2.333,1,COM7
2,412805,37,rpm,507,456,36.7,36.7,3915,497,0,2406,2.334,1,COM7
2,412825,37,rpm,490,456,36.7,36.7,3915,497,0,2406,2.334,1,COM7
2,412846,37,rpm,304,456,36.7,36.7,3915,497,0,2406,2.334,1,COM7
2,412867,37,rpm,53,456,36.7,36.7,3915,497,0,2406,2.334,1,COM7
2,412887,37,rpm,-304,456,36.7,36.7,3915,497,0,2406,2.334,1,COM7
2,412908,37,rpm,108,456,36.7,36.7,3915,497,0,2406,2.334,1,COM7
2,412929,37,rpm,526,456,36.7,36.7,3915,497,0,2407,2.334,1,COM7
2,412950,37,rpm,759,456,36.7,36.7,3915,497,0,2407,2.335,1,COM7
2,412970,37,rpm,863,456,36.7,36.7,3915,497,0,2407,2.335,1,COM7
2,412991,37,rpm,850,456,36.7,36.7,3915,497,0,2407,2.335,1,COM7
2,413012,37,rpm,651,456,36.7,36.7,3915,497,0,2407,2.335,1,COM7
2,413032,37,rpm,586,456,36.7,36.7,3915,497,0,2407,2.335,1,COM7
2,413053,37,rpm,629,456,36.7,36.7,3915,497,0,2408,2.335,1,COM7
2,413074,37,rpm,462,456,36.7,36.7,3915,497,0,2408,2.336,1,COM7
2,413095,37,rpm,341,456,36.7,36.7,3915,497,0,2408,2.336,1,COM7
2,413115,37,rpm,241,456,36.7,36.7,3915,497,0,2408,2.336,1,COM7
2,413136,37,rpm,-395,456,36.7,36.7,3915,497,0,2408,2.336,1,COM7
2,413157,37,rpm,63,456,36.7,36.7,3915,497,0,2408,2.336,1,COM7
2,413177,37,rpm,458,456,36.7,36.7,3915,497,0,2409,2.336,1,COM7
2,413198,37,rpm,706,456,36.7,36.7,3915,497,0,2409,2.336,1,COM7
2,413219,37,rpm,760,456,36.7,36.7,3915,497,0,2409,2.337,1,COM7
2,413240,37,rpm,905,456,36.7,36.7,3915,497,0,2409,2.337,1,COM7
2,413260,37,rpm,747,456,36.7,36.7,3915,497,0,2409,2.337,1,COM7
2,413281,37,rpm,603,456,36.7,36.7,3915,497,0,2409,2.337,1,COM7
2,413302,37,rpm,622,456,36.7,36.7,3915,497,0,2409,2.337,1,COM7
2,413322,37,rpm,505,456,36.7,36.7,3915,497,0,2410,2.337,1,COM7
2,413343,37,rpm,359,456,36.7,36.7,3915,497,0,2410,2.337,1,COM7
2,413364,37,rpm,234,456,36.7,36.7,3915,497,0,2410,2.338,1,COM7
2,413385,37,rpm,-402,456,36.7,36.7,3915,497,0,2410,2.338,1,COM7
2,413405,37,rpm,49,456,36.7,36.7,3915,497,0,2410,2.338,1,COM7
2,413426,37,rpm,345,456,36.7,36.7,3915,497,0,2410,2.338,1,COM7
2,413447,37,rpm,690,456,36.7,36.7,3915,497,0,2411,2.338,1,COM7
2,413467,37,rpm,868,456,36.7,36.7,3915,497,0,2411,2.338,1,COM7
2,413488,37,rpm,771,456,36.7,36.7,3915,497,0,2411,2.339,1,COM7
2,413509,37,rpm,720,456,36.7,36.7,3915,497,0,2411,2.339,1,COM7
2,413529,37,rpm,746,456,36.7,36.7,3915,497,0,2411,2.339,1,COM7
2,413550,37,rpm,523,456,36.7,36.7,3915,497,0,2411,2.339,1,COM7
2,413571,37,rpm,543,456,36.7,36.7,3915,497,0,2412,2.339,1,COM7
2,413592,37,rpm,435,456,36.7,36.7,3915,497,0,2412,2.339,1,COM7
2,413612,37,rpm,285,456,36.7,36.7,3915,497,0,2412,2.339,1,COM7
2,413633,37,rpm,-141,456,36.7,36.7,3915,497,0,2412,2.34,1,COM7
2,413654,37,rpm,-148,456,36.7,36.7,3915,497,0,2412,2.34,1,COM7
2,413675,37,rpm,169,456,36.7,36.7,3915,497,0,2412,2.34,1,COM7
2,413695,37,rpm,609,456,36.7,36.7,3915,497,0,2412,2.34,1,COM7
2,413716,37,rpm,778,456,36.7,36.7,3915,497,0,2413,2.34,1,COM7
2,413737,37,rpm,819,456,36.7,36.7,3915,497,0,2413,2.34,1,COM7
2,413757,37,rpm,797,456,36.7,36.7,3915,497,0,2413,2.341,1,COM7
2,413778,37,rpm,665,456,36.7,36.7,3915,497,0,2413,2.341,1,COM7
2,413799,37,rpm,588,456,36.7,36.7,3915,497,0,2413,2.341,1,COM7
2,413820,37,rpm,597,456,36.7,36.7,3915,497,0,2413,2.341,1,COM7
2,413840,37,rpm,446,456,36.7,36.7,3915,497,0,2414,2.341,1,COM7
2,413861,37,rpm,325,456,36.7,36.7,3915,497,0,2414,2.341,1,COM7
2,413882,37,rpm,197,456,36.7,36.7,3915,497,0,2414,2.341,1,COM7
2,413902,37,rpm,-373,456,36.7,36.7,3915,497,0,2414,2.342,1,COM7
2,413923,37,rpm,59,456,36.7,36.7,3915,497,0,2414,2.342,1,COM7
2,413944,37,rpm,475,456,36.7,36.7,3915,497,0,2414,2.342,1,COM7
2,413965,37,rpm,698,456,36.7,36.7,3915,497,0,2415,2.342,1,COM7
2,413985,37,rpm,700,456,36.7,36.7,3915,497,0,2415,2.342,1,COM7
2,414006,37,rpm,976,456,36.7,36.7,3915,497,0,2415,2.342,1,COM7
2,414027,37,rpm,717,456,36.7,36.7,3915,497,0,2415,2.343,1,COM7
2,414048,37,rpm,550,456,36.7,36.7,3915,497,0,2415,2.343,1,COM7
2,414068,37,rpm,649,456,36.7,36.7,3915,497,0,2415,2.343,1,COM7
2,414089,37,rpm,536,456,36.7,36.7,3915,497,0,2415,2.343,1,COM7
2,414110,37,rpm,360,456,36.7,36.7,3915,497,0,2416,2.343,1,COM7
2,414130,37,rpm,290,456,36.7,36.7,3915,497,0,2416,2.343,1,COM7
2,414151,37,rpm,-277,456,36.7,36.7,3915,497,0,2416,2.343,1,COM7
2,414172,37,rpm,-39,456,36.7,36.7,3915,497,0,2416,2.344,1,COM7
2,414193,37,rpm,220,456,36.7,36.7,3915,497,0,2416,2.344,1,COM7
2,414213,37,rpm,693,456,36.7,36.7,3915,497,0,2416,2.344,1,COM7
2,414234,37,rpm,866,456,36.7,36.7,3915,497,0,2417,2.344,1,COM7
2,414255,37,rpm,749,456,36.7,36.7,3915,497,0,2417,2.344,1,COM7
2,414275,37,rpm,763,456,36.7,36.7,3915,497,0,2417,2.344,1,COM7
2,414296,37,rpm,730,456,36.7,36.7,3915,497,0,2417,2.345,1,COM7
2,414317,37,rpm,565,456,36.7,36.7,3915,497,0,2417,2.345,1,COM7
2,414338,37,rpm,521,456,36.7,36.7,3915,497,0,2417,2.345,1,COM7
2,414358,37,rpm,497,456,36.7,36.7,3915,497,0,2417,2.345,1,COM7
2,414379,37,rpm,299,456,36.7,36.7,3915,497,0,2418,2.345,1,COM7
2,414400,37,rpm,78,456,36.7,36.7,3915,497,0,2418,2.345,1,COM7
2,414421,37,rpm,-313,456,36.7,36.7,3915,497,0,2418,2.345,1,COM7
2,414441,37,rpm,105,456,36.7,36.7,3915,497,0,2418,2.346,1,COM7
2,414462,37,rpm,512,456,36.7,36.7,3915,497,0,2418,2.346,1,COM7
2,414483,37,rpm,776,456,36.7,36.7,3915,497,0,2418,2.346,1,COM7
2,414503,37,rpm,816,456,36.7,36.7,3915,497,0,2419,2.346,1,COM7
2,414524,37,rpm,812,456,36.7,36.7,3915,497,0,2419,2.346,1,COM7
2,414545,37,rpm,690,456,36.7,36.7,3915,497,0,2419,2.346,1,COM7
2,414565,37,rpm,604,456,36.7,36.7,3915,497,0,2419,2.346,1,COM7
2,414586,37,rpm,614,456,36.7,36.7,3915,497,0,2419,2.347,1,COM7
2,414607,37,rpm,478,456,36.7,36.7,3915,497,0,2419,2.347,1,COM7
2,414627,37,rpm,339,456,36.7,36.7,3915,497,0,2420,2.347,1,COM7
2,414648,37,rpm,254,456,36.7,36.7,3915,497,0,2420,2.347,1,COM7
2,414669,37,rpm,-407,456,36.7,36.7,3915,497,0,2420,2.347,1,COM7
2,414690,37,rpm,52,456,36.7,36.7,3915,497,0,2420,2.347,1,COM7
2,414710,37,rpm,422,456,36.7,36.7,3915,497,0,2420,2.348,1,COM7
2,414731,37,rpm,693,456,36.7,36.7,3915,497,0,2420,2.348,1,COM7
2,414752,37,rpm,767,456,36.7,36.7,3915,497,0,2420,2.348,1,COM7
2,414772,37,rpm,960,456,36.7,36.7,3915,497,0,2421,2.348,1,COM7
2,414793,37,rpm,732,456,36.7,36.7,3915,497,0,2421,2.348,1,COM7
2,414814,37,rpm,576,456,36.7,36.7,3915,497,0,2421,2.348,1,COM7
2,414835,37,rpm,660,456,36.7,36.7,3915,497,0,2421,2.348,1,COM7
2,414855,37,rpm,504,456,36.7,36.7,3915,497,0,2421,2.349,1,COM7
2,414876,37,rpm,347,456,36.7,36.7,3915,497,0,2421,2.349,1,COM7
2,414897,37,rpm,248,456,36.7,36.7,3915,497,0,2422,2.349,1,COM7
2,414917,37,rpm,-382,456,36.7,36.7,3915,497,0,2422,2.349,1,COM7
2,414938,37,rpm,37,456,36.7,36.7,3915,497,0,2422,2.349,1,COM7
2,414959,37,rpm,320,456,36.7,36.7,3915,497,0,2422,2.349,1,COM7
2,414980,37,rpm,705,456,36.7,36.7,3915,497,0,2422,2.35,1,COM7
2,415000,37,rpm,847,456,36.7,36.7,3915,497,0,2422,2.35,1,COM7
2,415021,37,rpm,750,456,36.7,36.7,3915,497,0,2423,2.35,1,COM7
2,415042,37,rpm,752,456,36.7,36.7,3915,497,0,2423,2.35,1,COM7
2,415062,37,rpm,732,456,36.7,36.7,3915,497,0,2423,2.35,1,COM7
2,415083,37,rpm,539,456,36.7,36.7,3915,497,0,2423,2.35,1,COM7
2,415104,37,rpm,521,456,36.7,36.7,3915,497,0,2423,2.35,1,COM7
2,415125,37,rpm,464,456,36.7,36.7,3915,497,0,2423,2.351,1,COM7
2,415145,37,rpm,278,456,36.7,36.7,3915,497,0,2423,2.351,1,COM7
2,415166,37,rpm,-47,456,36.7,36.7,3915,497,0,2424,2.351,1,COM7
2,415187,37,rpm,-216,456,36.7,36.7,3915,497,0,2424,2.351,1,COM7
2,415207,37,rpm,136,456,36.7,36.7,3915,497,0,2424,2.351,1,COM7
2,415228,37,rpm,572,456,36.7,36.7,3915,497,0,2424,2.351,1,COM7
2,415249,37,rpm,808,456,36.7,36.7,3915,497,0,2424,2.352,1,COM7
2,415270,37,rpm,816,456,36.7,36.7,3915,497,0,2424,2.352,1,COM7
2,415290,37,rpm,753,456,36.7,36.7,3915,497,0,2425,2.352,1,COM7
2,415311,37,rpm,714,456,36.7,36.7,3915,497,0,2425,2.352,1,COM7
2,415332,37,rpm,593,456,36.7,36.7,3915,497,0,2425,2.352,1,COM7
2,415352,37,rpm,588,456,36.7,36.7,3915,497,0,2425,2.352,1,COM7
2,415373,37,rpm,463,456,36.7,36.7,3915,497,0,2425,2.352,1,COM7
2,415394,37,rpm,330,456,36.7,36.7,3915,497,0,2425,2.353,1,COM7
2,415415,37,rpm,225,456,36.7,36.7,3915,497,0,2426,2.353,1,COM7
2,415435,37,rpm,-385,456,36.7,36.7,3915,497,0,2426,2.353,1,COM7
2,415456,37,rpm,62,456,36.7,36.7,3915,497,0,2426,2.353,1,COM7
2,415477,37,rpm,437,456,36.7,36.7,3915,497,0,2426,2.353,1,COM7
2,415497,37,rpm,687,456,36.7,36.7,3915,497,0,2426,2.353,1,COM7
2,415518,37,rpm,715,456,36.7,36.7,3915,497,0,2426,2.354,1,COM7
2,415539,37,rpm,987,456,36.7,36.7,3915,497,0,2426,2.354,1,COM7
2,415560,37,rpm,711,456,36.7,36.7,3915,497,0,2427,2.354,1,COM7
2,415580,37,rpm,564,456,36.7,36.7,3915,497,0,2427,2.354,1,COM7
2,415601,37,rpm,684,456,36.7,36.7,3915,497,0,2427,2.354,1,COM7
2,415622,37,rpm,524,456,36.7,36.7,3915,497,0,2427,2.354,1,COM7
2,415642,37,rpm,346,456,36.7,36.7,3915,497,0,2427,2.354,1,COM7
2,415663,37,rpm,323,456,36.7,36.7,3915,497,0,2427,2.355,1,COM7
2,415684,37,rpm,-204,456,36.7,36.7,3915,497,0,2428,2.355,1,COM7
2,415704,37,rpm,-127,456,36.7,36.7,3915,497,0,2428,2.355,1,COM7
2,415725,37,rpm,194,456,36.7,36.7,3915,497,0,2428,2.355,1,COM7
2,415746,37,rpm,702,456,36.7,36.7,3915,497,0,2428,2.355,1,COM7
2,415767,37,rpm,755,456,36.7,36.7,3915,497,0,2428,2.355,1,COM7
2,415787,37,rpm,779,456,36.7,36.7,3915,497,0,2428,2.356,1,COM7
2,415808,37,rpm,804,456,36.7,36.7,3915,497,0,2429,2.356,1,COM7
2,415829,37,rpm,721,456,36.7,36.7,3915,497,0,2429,2.356,1,COM7
2,415849,37,rpm,546,456,36.7,36.7,3915,497,0,2429,2.356,1,COM7
2,415870,37,rpm,544,456,36.7,36.7,3915,497,0,2429,2.356,1,COM7
2,415891,37,rpm,495,456,36.7,36.7,3915,497,0,2429,2.356,1,COM7
2,415912,37,rpm,291,456,36.7,36.7,3915,497,0,2429,2.356,1,COM7
2,415932,37,rpm,107,456,36.7,36.7,3915,497,0,2429,2.357,1,COM7
2,415953,37,rpm,-356,456,36.7,36.7,3915,497,0,2430,2.357,1,COM7
2,415974,37,rpm,92,456,36.7,36.7,3915,497,0,2430,2.357,1,COM7
2,415995,37,rpm,492,456,36.7,36.7,3915,497,0,2430,2.357,1,COM7
2,416015,37,rpm,789,456,36.7,36.7,3915,497,0,2430,2.357,1,COM7
2,416036,37,rpm,806,456,36.7,36.7,3915,497,0,2430,2.357,1,COM7
2,416057,37,rpm,757,456,36.7,36.7,3915,497,0,2430,2.357,1,COM7
2,416078,37,rpm,764,456,36.7,36.7,3915,497,0,2431,2.358,1,COM7
2,416098,37,rpm,595,456,36.7,36.7,3915,497,0,2431,2.358,1,COM7
2,416119,37,rpm,579,456,36.7,36.7,3915,497,0,2431,2.358,1,COM7
2,416140,37,rpm,481,456,36.7,36.7,3915,497,0,2431,2.358,1,COM7
2,416161,37,rpm,343,456,36.7,36.7,3915,497,0,2431,2.358,1,COM7
2,416181,37,rpm,252,456,36.7,36.7,3915,497,0,2431,2.358,1,COM7
2,416202,37,rpm,-411,456,36.7,36.7,3915,497,0,2432,2.359,1,COM7
2,416223,37,rpm,55,457,36.7,36.7,3915,497,0,2432,2.359,1,COM7
2,416243,37,rpm,425,457,36.7,36.7,3915,497,0,2432,2.359,1,COM7
2,416264,37,rpm,632,457,36.7,36.7,3915,497,0,2432,2.359,1,COM7
2,416285,37,rpm,841,457,36.7,36.7,3915,497,0,2432,2.359,1,COM7
2,416305,37,rpm,937,457,36.7,36.7,3915,497,0,2432,2.359,1,COM7
2,416326,37,rpm,715,457,36.7,36.7,3915,497,0,2432,2.359,1,COM7
2,416347,37,rpm,570,457,36.7,36.7,3915,497,0,2433,2.36,1,COM7
2,416368,37,rpm,680,457,36.7,36.7,3915,497,0,2433,2.36,1,COM7
2,416388,37,rpm,495,457,36.7,36.7,3915,497,0,2433,2.36,1,COM7
2,416409,37,rpm,336,457,36.7,36.7,3915,497,0,2433,2.36,1,COM7
2,416430,37,rpm,268,457,36.7,36.7,3915,497,0,2433,2.36,1,COM7
2,416450,37,rpm,-352,457,36.7,36.7,3915,497,0,2433,2.36,1,COM7
2,416471,37,rpm,28,457,36.7,36.7,3915,497,0,2434,2.361,1,COM7
2,416492,37,rpm,321,457,36.7,36.7,3915,497,0,2434,2.361,1,COM7
2,416513,37,rpm,718,457,36.7,36.7,3915,497,0,2434,2.361,1,COM7
2,416533,37,rpm,730,457,36.7,36.7,3915,497,0,2434,2.361,1,COM7
2,416554,37,rpm,826,457,36.7,36.7,3915,497,0,2434,2.361,1,COM7
2,416575,37,rpm,762,457,36.7,36.7,3915,497,0,2434,2.361,1,COM7
2,416595,37,rpm,689,457,36.7,36.7,3915,497,0,2435,2.361,1,COM7
2,416616,37,rpm,530,457,36.7,36.7,3915,497,0,2435,2.362,1,COM7
2,416637,37,rpm,543,457,36.7,36.7,3915,497,0,2435,2.362,1,COM7
2,416657,37,rpm,449,457,36.7,36.7,3915,497,0,2435,2.362,1,COM7
2,416678,37,rpm,277,457,36.7,36.7,3915,497,0,2435,2.362,1,COM7
2,416699,37,rpm,-94,457,36.7,36.7,3915,497,0,2435,2.362,1,COM7
2,416719,37,rpm,-193,457,36.7,36.7,3915,497,0,2435,2.362,1,COM7
2,416740,37,rpm,149,457,36.7,36.7,3915,497,0,2436,2.363,1,COM7
2,416761,37,rpm,596,457,36.7,36.7,3915,497,0,2436,2.363,1,COM7
2,416782,37,rpm,832,457,36.7,36.7,3915,497,0,2436,2.363,1,COM7
2,416802,37,rpm,795,457,36.7,36.7,3915,497,0,2436,2.363,1,COM7
2,416823,37,rpm,739,457,36.7,36.7,3915,497,0,2436,2.363,1,COM7
2,416844,37,rpm,774,457,36.7,36.7,3915,497,0,2436,2.363,1,COM7
2,416864,37,rpm,601,457,36.7,36.7,3915,497,0,2437,2.363,1,COM7
2,416885,37,rpm,526,457,36.7,36.7,3915,497,0,2437,2.364,1,COM7
2,416906,37,rpm,514,457,36.7,36.7,3915,497,0,2437,2.364,1,COM7
2,416927,37,rpm,339,457,36.7,36.7,3915,497,0,2437,2.364,1,COM7
2,416947,37,rpm,231,457,36.7,36.7,3915,497,0,2437,2.364,1,COM7
2,416968,37,rpm,-389,457,36.7,36.7,3915,497,0,2437,2.364,1,COM7
2,416989,37,rpm,54,457,36.7,36.7,3915,497,0,2438,2.364,1,COM7
2,417009,37,rpm,382,457,36.7,36.7,3915,497,0,2438,2.365,1,COM7
2,417030,37,rpm,689,457,36.7,36.7,3915,497,0,2438,2.365,1,COM7
2,417051,37,rpm,728,457,36.7,36.7,3915,497,0,2438,2.365,1,COM7
2,417072,37,rpm,961,457,36.7,36.7,3915,497,0,2438,2.365,1,COM7
2,417092,37,rpm,706,457,36.7,36.7,3915,497,0,2438,2.365,1,COM7
2,417113,37,rpm,571,457,36.7,36.7,3915,497,0,2438,2.365,1,COM7
2,417134,37,rpm,686,457,36.7,36.7,3915,497,0,2439,2.365,1,COM7
2,417154,37,rpm,522,457,36.7,36.7,3915,497,0,2439,2.366,1,COM7
2,417175,37,rpm,353,457,36.7,36.7,3915,497,0,2439,2.366,1,COM7
2,417196,37,rpm,337,457,36.7,36.7,3915,497,0,2439,2.366,1,COM7
2,417217,37,rpm,-198,457,36.7,36.7,3915,497,0,2439,2.366,1,COM7
2,417237,37,rpm,-129,457,36.7,36.7,3915,497,0,2439,2.366,1,COM7
2,417258,37,rpm,193,457,36.7,36.7,3915,497,0,2440,2.366,1,COM7
2,417279,37,rpm,687,457,36.7,36.7,3915,497,0,2440,2.367,1,COM7
2,417299,37,rpm,661,457,36.7,36.7,3915,497,0,2440,2.367,1,COM7
2,417320,37,rpm,876,457,36.7,36.7,3915,497,0,2440,2.367,1,COM7
2,417341,37,rpm,851,457,36.7,36.7,3915,497,0,2440,2.367,1,COM7
2,417362,37,rpm,648,457,36.7,36.7,3915,497,0,2440,2.367,1,COM7
2,417382,37,rpm,563,457,36.7,36.7,3915,497,0,2440,2.367,1,COM7
2,417403,37,rpm,571,457,36.7,36.7,3915,497,0,2441,2.367,1,COM7
2,417424,37,rpm,481,457,36.7,36.7,3915,497,0,2441,2.368,1,COM7
2,417444,37,rpm,303,457,36.7,36.7,3915,497,0,2441,2.368,1,COM7
2,417465,37,rpm,138,457,36.7,36.7,3915,497,0,2441,2.368,1,COM7
2,417486,37,rpm,-359,457,36.7,36.7,3915,497,0,2441,2.368,1,COM7
2,417506,37,rpm,82,457,36.7,36.7,3915,497,0,2441,2.368,1,COM7
2,417527,37,rpm,475,457,36.7,36.7,3915,497,0,2442,2.368,1,COM7
2,417548,37,rpm,809,457,36.7,36.7,3915,497,0,2442,2.369,1,COM7
2,417569,37,rpm,744,457,36.7,36.7,3915,497,0,2442,2.369,1,COM7
2,417589,37,rpm,798,457,36.7,36.7,3915,497,0,2442,2.369,1,COM7
2,417610,37,rpm,789,457,36.7,36.7,3915,497,0,2442,2.369,1,COM7
2,417631,37,rpm,578,457,36.7,36.7,3915,497,0,2442,2.369,1,COM7
2,417652,37,rpm,547,457,36.7,36.7,3915,497,0,2443,2.369,1,COM7
2,417672,37,rpm,530,457,36.7,36.7,3915,497,0,2443,2.369,1,COM7
2,417693,37,rpm,361,457,36.7,36.7,3915,497,0,2443,2.37,1,COM7
2,417714,37,rpm,257,457,36.7,36.7,3915,497,0,2443,2.37,1,COM7
2,417734,37,rpm,-398,457,36.7,36.7,3915,497,0,2443,2.37,1,COM7
2,417755,37,rpm,49,457,36.7,36.7,3915,497,0,2443,2.37,1,COM7
2,417776,37,rpm,369,457,36.7,36.7,3915,497,0,2443,2.37,1,COM7
2,417797,37,rpm,697,457,36.7,36.7,3915,497,0,2444,2.37,1,COM7
2,417817,37,rpm,792,457,36.7,36.7,3915,497,0,2444,2.37,1,COM7
2,417838,37,rpm,943,457,36.7,36.7,3915,497,0,2444,2.371,1,COM7
2,417859,37,rpm,703,457,36.7,36.7,3915,497,0,2444,2.371,1,COM7
2,417879,37,rpm,598,457,36.7,36.7,3915,497,0,2444,2.371,1,COM7
2,417900,37,rpm,687,457,36.7,36.7,3915,497,0,2444,2.371,1,COM7
2,417921,37,rpm,486,457,36.7,36.7,3915,497,0,2445,2.371,1,COM7
2,417942,37,rpm,355,456,36.7,36.7,3915,497,0,2445,2.371,1,COM7
2,417962,37,rpm,281,456,36.7,36.7,3915,497,0,2445,2.372,1,COM7
2,417983,37,rpm,-361,456,36.7,36.7,3915,497,0,2445,2.372,1,COM7
2,418004,37,rpm,13,456,36.7,36.7,3915,497,0,2445,2.372,1,COM7
2,418025,37,rpm,295,456,36.7,36.7,3915,497,0,2445,2.372,1,COM7
2,418045,37,rpm,700,456,36.7,36.7,3915,497,0,2446,2.372,1,COM7
2,418066,37,rpm,696,456,36.7,36.7,3915,497,0,2446,2.372,1,COM7
2,418087,37,rpm,891,456,36.7,36.7,3915,497,0,2446,2.372,1,COM7
2,418107,37,rpm,785,456,36.7,36.7,3915,497,0,2446,2.373,1,COM7
2,418128,37,rpm,650,456,36.7,36.7,3915,497,0,2446,2.373,1,COM7
2,418149,37,rpm,578,456,36.7,36.7,3915,497,0,2446,2.373,1,COM7
2,418170,37,rpm,559,456,36.7,36.7,3915,497,0,2446,2.373,1,COM7
2,418190,37,rpm,438,456,36.7,36.7,3915,497,0,2447,2.373,1,COM7
2,418211,37,rpm,282,456,36.7,36.7,3915,497,0,2447,2.373,1,COM7
2,418232,37,rpm,-74,456,36.7,36.7,3915,497,0,2447,2.374,1,COM7
2,418252,37,rpm,-199,456,36.7,36.7,3915,497,0,2447,2.374,1,COM7
2,418273,37,rpm,120,456,36.7,36.7,3915,497,0,2447,2.374,1,COM7
2,418294,37,rpm,597,456,36.7,36.7,3915,497,0,2447,2.374,1,COM7
2,418315,37,rpm,803,456,36.7,36.7,3915,497,0,2448,2.374,1,COM7
2,418335,37,rpm,768,456,36.7,36.7,3915,497,0,2448,2.374,1,COM7
2,418356,37,rpm,754,456,36.7,36.7,3915,497,0,2448,2.374,1,COM7
2,418377,37,rpm,785,456,36.7,36.7,3915,497,0,2448,2.375,1,COM7
2,418398,37,rpm,580,456,36.7,36.7,3915,497,0,2448,2.375,1,COM7
2,418418,37,rpm,529,456,36.7,36.7,3915,497,0,2448,2.375,1,COM7
2,418439,37,rpm,531,456,36.7,36.7,3915,497,0,2449,2.375,1,COM7
2,418460,37,rpm,333,456,36.7,36.7,3915,497,0,2449,2.375,1,COM7
2,418480,37,rpm,239,456,36.7,36.7,3915,497,0,2449,2.375,1,COM7
2,418501,37,rpm,-402,456,36.7,36.7,3915,497,0,2449,2.376,1,COM7
2,418522,37,rpm,55,456,36.7,36.7,3915,497,0,2449,2.376,1,COM7
2,418543,37,rpm,354,456,36.7,36.7,3915,497,0,2449,2.376,1,COM7
2,418563,37,rpm,720,456,36.7,36.7,3915,497,0,2449,2.376,1,COM7
2,418584,37,rpm,743,456,36.7,36.7,3915,497,0,2450,2.376,1,COM7
2,418605,37,rpm,932,456,36.7,36.7,3915,497,0,2450,2.376,1,COM7
2,418625,37,rpm,715,456,36.7,36.7,3915,497,0,2450,2.376,1,COM7
2,418646,37,rpm,582,456,36.7,36.7,3915,497,0,2450,2.377,1,COM7
2,418667,37,rpm,678,456,36.7,36.7,3915,497,0,2450,2.377,1,COM7
2,418688,37,rpm,519,456,36.7,36.7,3915,497,0,2450,2.377,1,COM7
2,418708,37,rpm,362,456,36.7,36.7,3915,497,0,2451,2.377,1,COM7
2,418729,37,rpm,340,456,36.7,36.7,3915,497,0,2451,2.377,1,COM7
2,418750,37,rpm,-162,456,36.7,36.7,3915,497,0,2451,2.377,1,COM7
2,418770,37,rpm,-162,456,36.7,36.7,3915,497,0,2451,2.378,1,COM7
2,418791,37,rpm,185,456,36.7,36.7,3915,497,0,2451,2.378,1,COM7
2,418812,37,rpm,680,456,36.7,36.7,3915,497,0,2451,2.378,1,COM7
2,418833,37,rpm,642,456,36.7,36.7,3915,497,0,2452,2.378,1,COM7
2,418853,37,rpm,935,456,36.7,36.7,3915,497,0,2452,2.378,1,COM7
2,418874,37,rpm,813,456,36.7,36.7,3915,497,0,2452,2.378,1,COM7
2,418895,37,rpm,630,456,36.7,36.7,3915,497,0,2452,2.378,1,COM7
2,418915,37,rpm,605,456,36.7,36.7,3915,497,0,2452,2.379,1,COM7
2,418936,37,rpm,577,456,36.7,36.7,3915,497,0,2452,2.379,1,COM7
2,418957,37,rpm,467,456,36.7,36.7,3915,497,0,2452,2.379,1,COM7
2,418978,37,rpm,295,456,36.7,36.7,3915,497,0,2453,2.379,1,COM7
2,418998,37,rpm,164,456,36.7,36.7,3915,497,0,2453,2.379,1,COM7
2,419019,37,rpm,-379,456,36.7,36.7,3915,497,0,2453,2.379,1,COM7
2,419040,37,rpm,79,456,36.7,36.7,3915,497,0,2453,2.38,1,COM7
2,419060,37,rpm,488,456,36.7,36.7,3915,497,0,2453,2.38,1,COM7
2,419081,37,rpm,797,456,36.7,36.7,3915,497,0,2453,2.38,1,COM7
2,419102,37,rpm,758,456,36.7,36.7,3915,497,0,2454,2.38,1,COM7
2,419123,37,rpm,782,456,36.7,36.7,3915,497,0,2454,2.38,1,COM7
2,419143,37,rpm,814,456,36.7,36.7,3915,497,0,2454,2.38,1,COM7
2,419164,37,rpm,581,456,36.7,36.7,3915,497,0,2454,2.38,1,COM7
2,419185,37,rpm,548,456,36.7,36.7,3915,497,0,2454,2.381,1,COM7
2,419206,37,rpm,545,456,36.7,36.7,3915,497,0,2454,2.381,1,COM7
2,419226,37,rpm,354,456,36.7,36.7,3915,497,0,2455,2.381,1,COM7
2,419247,37,rpm,266,456,36.7,36.7,3915,497,0,2455,2.381,1,COM7
2,419268,37,rpm,-400,456,36.7,36.7,3915,497,0,2455,2.381,1,COM7
2,419288,37,rpm,40,456,36.7,36.7,3915,497,0,2455,2.381,1,COM7
2,419309,37,rpm,311,456,36.7,36.7,3915,497,0,2455,2.381,1,COM7
2,419330,37,rpm,705,456,36.7,36.7,3915,497,0,2455,2.382,1,COM7
2,419350,37,rpm,821,456,36.7,36.7,3915,497,0,2455,2.382,1,COM7
2,419371,37,rpm,911,456,36.7,36.7,3915,497,0,2456,2.382,1,COM7
2,419392,37,rpm,746,456,36.7,36.7,3915,497,0,2456,2.382,1,COM7
2,419413,37,rpm,591,456,36.7,36.7,3915,497,0,2456,2.382,1,COM7
2,419434,37,rpm,688,456,36.7,36.7,3915,497,0,2456,2.382,1,COM7
2,419454,37,rpm,480,456,36.7,36.7,3915,497,0,2456,2.383,1,COM7
2,419475,37,rpm,350,456,36.7,36.7,3915,497,0,2456,2.383,1,COM7
2,419496,37,rpm,283,456,36.7,36.7,3915,497,0,2457,2.383,1,COM7
2,419516,37,rpm,-362,456,36.7,36.7,3915,497,0,2457,2.383,1,COM7
2,419537,37,rpm,16,456,36.7,36.7,3915,497,0,2457,2.383,1,COM7
2,419558,37,rpm,293,456,36.7,36.7,3915,497,0,2457,2.383,1,COM7
2,419579,37,rpm,694,456,36.7,36.7,3915,497,0,2457,2.383,1,COM7
2,419599,37,rpm,674,456,36.7,36.7,3915,497,0,2457,2.384,1,COM7
2,419620,37,rpm,938,456,36.7,36.7,3915,497,0,2458,2.384,1,COM7
2,419641,37,rpm,777,456,36.7,36.7,3915,497,0,2458,2.384,1,COM7
2,419661,37,rpm,611,456,36.7,36.7,3915,497,0,2458,2.384,1,COM7
2,419682,37,rpm,592,456,36.7,36.7,3915,497,0,2458,2.384,1,COM7
2,419703,37,rpm,580,456,36.7,36.7,3915,497,0,2458,2.384,1,COM7
2,419724,37,rpm,432,456,36.7,36.7,3915,497,0,2458,2.385,1,COM7
2,419744,37,rpm,284,456,36.7,36.7,3915,497,0,2458,2.385,1,COM7
2,419765,37,rpm,-13,456,36.7,36.7,3915,497,0,2459,2.385,1,COM7
2,419786,37,rpm,-241,456,36.7,36.7,3915,497,0,2459,2.385,1,COM7
2,419807,37,rpm,97,456,36.7,36.7,3915,497,0,2459,2.385,1,COM7
2,419827,37,rpm,608,456,36.7,36.7,3915,497,0,2459,2.385,1,COM7
2,419848,37,rpm,800,456,36.7,36.7,3915,497,0,2459,2.385,1,COM7
2,419869,37,rpm,714,456,36.7,36.7,3915,497,0,2459,2.386,1,COM7
2,419889,37,rpm,798,456,36.7,36.7,3915,497,0,2460,2.386,1,COM7
2,419910,37,rpm,796,456,36.7,36.7,3915,497,0,2460,2.386,1,COM7
2,419931,37,rpm,565,456,36.7,36.7,3915,497,0,2460,2.386,1,COM7
2,419951,37,rpm,532,456,36.7,36.7,3915,497,0,2460,2.386,1,COM7
2,419972,37,rpm,537,456,36.7,36.7,3915,497,0,2460,2.386,1,COM7
2,419993,37,rpm,332,456,36.7,36.7,3915,497,0,2460,2.387,1,COM7
2,420014,37,rpm,243,456,36.7,36.7,3915,497,0,2461,2.387,1,COM7
2,420034,37,rpm,-385,456,36.7,36.7,3915,497,0,2461,2.387,1,COM7
2,420055,37,rpm,52,456,36.7,36.7,3915,497,0,2461,2.387,1,COM7
2,420076,37,rpm,344,456,36.7,36.7,3915,497,0,2461,2.387,1,COM7
2,420097,37,rpm,736,456,36.7,36.7,3915,497,0,2461,2.387,1,COM7
2,420117,37,rpm,800,456,36.7,36.7,3915,497,0,2461,2.387,1,COM7
2,420138,37,rpm,840,456,36.7,36.7,3915,497,0,2461,2.388,1,COM7
2,420159,37,rpm,732,456,36.7,36.7,3915,497,0,2462,2.388,1,COM7
2,420179,37,rpm,588,456,36.7,36.7,3915,497,0,2462,2.388,1,COM7
2,420200,37,rpm,664,456,36.7,36.7,3915,497,0,2462,2.388,1,COM7
2,420221,37,rpm,519,456,36.7,36.7,3915,497,0,2462,2.388,1,COM7
2,420242,37,rpm,370,456,36.7,36.7,3915,497,0,2462,2.388,1,COM7
2,420262,37,rpm,340,456,36.7,36.7,3915,497,0,2462,2.389,1,COM7
2,420283,37,rpm,-159,456,36.7,36.7,3915,497,0,2463,2.389,1,COM7
2,420304,37,rpm,-155,456,36.7,36.7,3915,497,0,2463,2.389,1,COM7
2,420324,37,rpm,186,456,36.7,36.7,3915,497,0,2463,2.389,1,COM7
2,420345,37,rpm,680,456,36.7,36.7,3915,497,0,2463,2.389,1,COM7
2,420366,37,rpm,640,456,36.7,36.7,3915,497,0,2463,2.389,1,COM7
2,420386,37,rpm,944,455,36.7,36.7,3915,497,0,2463,2.389,1,COM7
2,420407,37,rpm,819,455,36.7,36.7,3915,497,0,2463,2.39,1,COM7
2,420428,37,rpm,598,455,36.7,36.7,3915,497,0,2464,2.39,1,COM7
2,420449,37,rpm,650,455,36.7,36.7,3915,497,0,2464,2.39,1,COM7
2,420469,37,rpm,579,455,36.7,36.7,3915,497,0,2464,2.39,1,COM7
2,420490,37,rpm,451,455,36.7,36.7,3915,497,0,2464,2.39,1,COM7
2,420511,37,rpm,308,455,36.7,36.7,3915,497,0,2464,2.39,1,COM7
2,420531,37,rpm,183,455,36.7,36.7,3915,497,0,2464,2.39,1,COM7
2,420552,37,rpm,-407,455,36.7,36.7,3915,497,0,2465,2.391,1,COM7
2,420573,37,rpm,69,455,36.7,36.7,3915,497,0,2465,2.391,1,COM7
2,420594,37,rpm,477,455,36.7,36.7,3915,497,0,2465,2.391,1,COM7
2,420614,37,rpm,763,455,36.7,36.7,3915,497,0,2465,2.391,1,COM7
2,420635,37,rpm,759,455,36.7,36.7,3915,497,0,2465,2.391,1,COM7
2,420656,37,rpm,809,455,36.7,36.7,3915,497,0,2465,2.391,1,COM7
2,420676,37,rpm,815,455,36.7,36.7,3915,497,0,2466,2.392,1,COM7
2,420697,37,rpm,563,455,36.7,36.7,3915,497,0,2466,2.392,1,COM7
2,420718,37,rpm,544,455,36.7,36.7,3915,497,0,2466,2.392,1,COM7
2,420738,37,rpm,573,455,36.7,36.7,3915,497,0,2466,2.392,1,COM7
2,420759,37,rpm,347,455,36.7,36.7,3915,497,0,2466,2.392,1,COM7
2,420780,37,rpm,264,455,36.7,36.7,3915,497,0,2466,2.392,1,COM7
2,420801,37,rpm,-393,455,36.7,36.7,3915,497,0,2466,2.392,1,COM7
2,420821,37,rpm,43,455,36.7,36.7,3915,497,0,2467,2.393,1,COM7
2,420842,37,rpm,283,455,36.7,36.7,3915,497,0,2467,2.393,1,COM7
2,420863,37,rpm,752,455,36.7,36.7,3915,497,0,2467,2.393,1,COM7
2,420884,37,rpm,818,455,36.7,36.7,3915,497,0,2467,2.393,1,COM7
2,420904,37,rpm,851,455,36.7,36.7,3915,497,0,2467,2.393,1,COM7
2,420925,37,rpm,736,455,36.7,36.7,3915,497,0,2467,2.393,1,COM7
2,420946,37,rpm,638,455,36.7,36.7,3915,497,0,2468,2.394,1,COM7
2,420966,37,rpm,661,455,36.7,36.7,3915,497,0,2468,2.394,1,COM7
2,420987,37,rpm,492,455,36.7,36.7,3915,497,0,2468,2.394,1,COM7
2,421008,37,rpm,354,455,36.7,36.7,3915,497,0,2468,2.394,1,COM7
2,421029,37,rpm,287,455,36.7,36.7,3915,497,0,2468,2.394,1,COM7
2,421049,37,rpm,-320,455,36.7,36.7,3915,497,0,2468,2.394,1,COM7
2,421070,37,rpm,2,455,36.7,36.7,3915,497,0,2469,2.394,1,COM7
2,421091,37,rpm,292,455,36.7,36.7,3915,497,0,2469,2.395,1,COM7
2,421111,37,rpm,693,455,36.7,36.7,3915,497,0,2469,2.395,1,COM7
2,421132,37,rpm,665,455,36.7,36.7,3915,497,0,2469,2.395,1,COM7
2,421153,37,rpm,972,455,36.7,36.7,3915,497,0,2469,2.395,1,COM7
2,421174,37,rpm,767,455,36.7,36.7,3915,497,0,2469,2.395,1,COM7
2,421194,37,rpm,600,455,36.7,36.7,3915,497,0,2469,2.395,1,COM7
2,421215,37,rpm,631,455,36.7,36.7,3915,497,0,2470,2.396,1,COM7
2,421236,37,rpm,584,455,36.7,36.7,3915,497,0,2470,2.396,1,COM7
2,421256,37,rpm,395,455,36.7,36.7,3915,497,0,2470,2.396,1,COM7
2,421277,37,rpm,297,455,36.7,36.7,3915,497,0,2470,2.396,1,COM7
2,421298,37,rpm,26,455,36.7,36.7,3915,497,0,2470,2.396,1,COM7
2,421319,37,rpm,-272,455,36.7,36.7,3915,497,0,2470,2.396,1,COM7
2,421339,37,rpm,101,455,36.7,36.7,3915,497,0,2471,2.396,1,COM7
2,421360,37,rpm,581,455,36.7,36.7,3915,497,0,2471,2.397,1,COM7
2,421381,37,rpm,787,455,36.7,36.7,3915,497,0,2471,2.397,1,COM7
2,421402,37,rpm,756,455,36.7,36.7,3915,497,0,2471,2.397,1,COM7
2,421422,37,rpm,793,455,36.7,36.7,3915,497,0,2471,2.397,1,COM7
2,421443,37,rpm,802,455,36.7,36.7,3915,497,0,2471,2.397,1,COM7
2,421464,37,rpm,555,455,36.7,36.7,3915,497,0,2472,2.397,1,COM7
2,421484,37,rpm,539,455,36.7,36.7,3915,497,0,2472,2.398,1,COM7
2,421505,37,rpm,547,455,36.7,36.7,3915,497,0,2472,2.398,1,COM7
2,421526,37,rpm,320,455,36.7,36.7,3915,497,0,2472,2.398,1,COM7
2,421547,37,rpm,264,455,36.7,36.7,3915,497,0,2472,2.398,1,COM7
2,421567,37,rpm,-374,455,36.7,36.7,3915,497,0,2472,2.398,1,COM7
2,421588,37,rpm,43,455,36.7,36.7,3915,497,0,2472,2.398,1,COM7
2,421609,37,rpm,289,455,36.7,36.7,3915,497,0,2473,2.398,1,COM7
2,421630,37,rpm,749,455,36.7,36.7,3915,497,0,2473,2.399,1,COM7
2,421650,37,rpm,740,455,36.7,36.7,3915,497,0,2473,2.399,1,COM7
2,421671,37,rpm,841,455,36.7,36.7,3915,497,0,2473,2.399,1,COM7
2,421692,37,rpm,782,455,36.7,36.7,3915,497,0,2473,2.399,1,COM7
2,421712,37,rpm,607,455,36.7,36.7,3915,497,0,2473,2.399,1,COM7
2,421733,37,rpm,647,455,36.7,36.7,3915,497,0,2474,2.399,1,COM7
2,421754,37,rpm,528,455,36.7,36.7,3915,497,0,2474,2.4,1,COM7
2,421774,37,rpm,378,455,36.7,36.7,3915,497,0,2474,2.4,1,COM7
2,421795,37,rpm,329,455,36.7,36.7,3915,497,0,2474,2.4,1,COM7
2,421816,37,rpm,-114,455,36.7,36.7,3915,497,0,2474,2.4,1,COM7
2,421837,37,rpm,-198,455,36.7,36.7,3915,497,0,2474,2.4,1,COM7
2,421857,37,rpm,158,455,36.7,36.7,3915,497,0,2474,2.4,1,COM7
2,421878,37,rpm,663,455,36.7,36.7,3915,497,0,2475,2.4,1,COM7
2,421899,37,rpm,644,455,36.7,36.7,3915,497,0,2475,2.401,1,COM7
2,421919,37,rpm,937,455,36.7,36.7,3915,497,0,2475,2.401,1,COM7
2,421940,37,rpm,816,455,36.7,36.7,3915,497,0,2475,2.401,1,COM7
2,421961,37,rpm,599,455,36.7,36.7,3915,497,0,2475,2.401,1,COM7
2,421982,37,rpm,689,455,36.7,36.7,3915,497,0,2475,2.401,1,COM7
2,422002,37,rpm,580,455,36.7,36.7,3915,497,0,2476,2.401,1,COM7
2,422023,37,rpm,435,455,36.7,36.7,3915,497,0,2476,2.401,1,COM7
2,422044,37,rpm,346,455,36.7,36.7,3915,497,0,2476,2.402,1,COM7
2,422064,37,rpm,201,455,36.7,36.7,3915,497,0,2476,2.402,1,COM7
2,422085,37,rpm,-395,455,36.7,36.7,3915,497,0,2476,2.402,1,COM7
2,422106,37,rpm,67,455,36.7,36.7,3915,497,0,2476,2.402,1,COM7
2,422127,37,rpm,464,455,36.7,36.7,3915,497,0,2477,2.402,1,COM7
2,422147,37,rpm,730,455,36.7,36.7,3915,497,0,2477,2.402,1,COM7
2,422168,37,rpm,762,455,36.7,36.7,3915,497,0,2477,2.403,1,COM7
2,422189,37,rpm,857,455,36.7,36.7,3915,497,0,2477,2.403,1,COM7
2,422209,37,rpm,780,455,36.7,36.7,3915,497,0,2477,2.403,1,COM7
2,422230,37,rpm,558,455,36.7,36.7,3915,497,0,2477,2.403,1,COM7
2,422251,37,rpm,564,455,36.7,36.7,3915,497,0,2477,2.403,1,COM7
2,422272,37,rpm,571,455,36.7,36.7,3915,497,0,2478,2.403,1,COM7
2,422292,37,rpm,352,455,36.7,36.7,3915,497,0,2478,2.403,1,COM7
2,422313,37,rpm,277,455,36.7,36.7,3915,497,0,2478,2.404,1,COM7
2,422334,37,rpm,-348,455,36.7,36.7,3915,497,0,2478,2.404,1,COM7
2,422354,37,rpm,35,455,36.7,36.7,3915,497,0,2478,2.404,1,COM7
2,422375,37,rpm,250,455,36.7,36.7,3915,497,0,2478,2.404,1,COM7
2,422396,37,rpm,746,455,36.7,36.7,3915,497,0,2479,2.404,1,COM7
2,422417,37,rpm,874,455,36.7,36.7,3915,497,0,2479,2.404,1,COM7
2,422437,37,rpm,775,455,36.7,36.7,3915,497,0,2479,2.405,1,COM7
2,422458,37,rpm,769,455,36.7,36.7,3915,497,0,2479,2.405,1,COM7
2,422479,37,rpm,641,455,36.7,36.7,3915,497,0,2479,2.405,1,COM7
2,422499,37,rpm,639,455,36.7,36.7,3915,497,0,2479,2.405,1,COM7
2,422520,37,rpm,500,455,36.7,36.7,3915,497,0,2480,2.405,1,COM7
2,422541,37,rpm,370,455,36.7,36.7,3915,497,0,2480,2.405,1,COM7
2,422561,37,rpm,277,455,36.7,36.7,3915,497,0,2480,2.405,1,COM7
2,422582,37,rpm,-312,455,36.7,36.7,3915,497,0,2480,2.406,1,COM7
2,422603,37,rpm,-8,455,36.7,36.7,3915,497,0,2480,2.406,1,COM7
2,422624,37,rpm,263,455,36.7,36.7,3915,497,0,2480,2.406,1,COM7
2,422644,37,rpm,675,455,36.7,36.7,3915,497,0,2480,2.406,1,COM7
2,422665,37,rpm,672,455,36.7,36.7,3915,497,0,2481,2.406,1,COM7
2,422686,37,rpm,958,455,36.7,36.7,3915,497,0,2481,2.406,1,COM7
2,422707,37,rpm,770,455,36.7,36.7,3915,497,0,2481,2.407,1,COM7
2,422728,37,rpm,562,455,36.7,36.7,3915,497,0,2481,2.407,1,COM7
2,422748,37,rpm,692,455,36.7,36.7,3915,497,0,2481,2.407,1,COM7
2,422769,37,rpm,571,455,36.7,36.7,3915,497,0,2481,2.407,1,COM7
2,422790,37,rpm,401,455,36.7,36.7,3915,497,0,2482,2.407,1,COM7
2,422810,37,rpm,322,455,36.7,36.7,3915,497,0,2482,2.407,1,COM7
2,422831,37,rpm,-31,455,36.7,36.7,3915,497,0,2482,2.407,1,COM7
2,422852,37,rpm,-239,455,36.7,36.7,3915,497,0,2482,2.408,1,COM7
2,422873,37,rpm,105,455,36.7,36.7,3915,497,0,2482,2.408,1,COM7
2,422893,37,rpm,635,455,36.7,36.7,3915,497,0,2482,2.408,1,COM7
2,422914,37,rpm,775,455,36.7,36.7,3915,497,0,2483,2.408,1,COM7
2,422935,37,rpm,753,455,36.7,36.7,3915,497,0,2483,2.408,1,COM7
2,422956,37,rpm,814,455,36.7,36.7,3915,497,0,2483,2.408,1,COM7
2,422976,37,rpm,768,455,36.7,36.7,3915,497,0,2483,2.409,1,COM7
2,422997,37,rpm,550,455,36.7,36.7,3915,497,0,2483,2.409,1,COM7
2,423018,37,rpm,584,455,36.7,36.7,3915,497,0,2483,2.409,1,COM7
2,423038,37,rpm,524,455,36.7,36.7,3915,497,0,2483,2.409,1,COM7
2,423059,37,rpm,324,455,36.7,36.7,3915,497,0,2484,2.409,1,COM7
2,423080,37,rpm,252,455,36.7,36.7,3915,497,0,2484,2.409,1,COM7
2,423101,37,rpm,-380,455,36.7,36.7,3915,497,0,2484,2.409,1,COM7
2,423121,37,rpm,42,456,36.7,36.7,3915,497,0,2484,2.41,1,COM7
2,423142,37,rpm,293,456,36.7,36.7,3915,497,0,2484,2.41,1,COM7
2,423163,37,rpm,766,456,36.7,36.7,3915,497,0,2484,2.41,1,COM7
2,423183,37,rpm,731,456,36.7,36.7,3915,497,0,2485,2.41,1,COM7
2,423204,37,rpm,815,456,36.7,36.7,3915,497,0,2485,2.41,1,COM7
2,423225,37,rpm,821,456,36.7,36.7,3915,497,0,2485,2.41,1,COM7
2,423245,37,rpm,611,456,36.7,36.7,3915,497,0,2485,2.41,1,COM7
2,423266,37,rpm,610,456,36.7,36.7,3915,497,0,2485,2.411,1,COM7
2,423287,37,rpm,547,456,36.7,36.7,3915,497,0,2485,2.411,1,COM7
2,423308,37,rpm,388,456,36.7,36.7,3915,497,0,2486,2.411,1,COM7
2,423328,37,rpm,326,456,36.7,36.7,3915,497,0,2486,2.411,1,COM7
2,423349,37,rpm,-119,456,36.7,36.7,3915,497,0,2486,2.411,1,COM7
2,423370,37,rpm,-201,456,36.7,36.7,3915,497,0,2486,2.411,1,COM7
2,423391,37,rpm,166,456,36.7,36.7,3915,497,0,2486,2.412,1,COM7
2,423411,37,rpm,649,456,36.7,36.7,3915,497,0,2486,2.412,1,COM7
2,423432,37,rpm,655,456,36.7,36.7,3915,497,0,2486,2.412,1,COM7
2,423453,37,rpm,925,456,36.7,36.7,3915,497,0,2487,2.412,1,COM7
2,423473,37,rpm,809,456,36.7,36.7,3915,497,0,2487,2.412,1,COM7
2,423494,37,rpm,600,456,36.7,36.7,3915,497,0,2487,2.412,1,COM7
2,423515,37,rpm,691,456,36.7,36.7,3915,497,0,2487,2.412,1,COM7
2,423536,37,rpm,570,456,36.7,36.7,3915,497,0,2487,2.413,1,COM7
2,423556,37,rpm,429,456,36.7,36.7,3915,497,0,2487,2.413,1,COM7
2,423577,37,rpm,346,456,36.7,36.7,3915,497,0,2488,2.413,1,COM7
2,423598,37,rpm,195,456,36.7,36.7,3915,497,0,2488,2.413,1,COM7
2,423619,37,rpm,-395,456,36.7,36.7,3915,497,0,2488,2.413,1,COM7
2,423639,37,rpm,66,456,36.7,36.7,3915,497,0,2488,2.413,1,COM7
2,423660,37,rpm,469,456,36.7,36.7,3915,497,0,2488,2.414,1,COM7
2,423681,37,rpm,701,456,36.7,36.7,3915,497,0,2488,2.414,1,COM7
2,423702,37,rpm,778,456,36.7,36.7,3915,497,0,2489,2.414,1,COM7
2,423722,37,rpm,857,456,36.7,36.7,3915,497,0,2489,2.414,1,COM7
2,423743,37,rpm,792,456,36.7,36.7,3915,497,0,2489,2.414,1,COM7
2,423764,37,rpm,564,456,36.7,36.7,3915,497,0,2489,2.414,1,COM7
2,423784,37,rpm,572,456,36.7,36.7,3915,497,0,2489,2.414,1,COM7
2,423805,37,rpm,572,456,36.7,36.7,3915,497,0,2489,2.415,1,COM7
2,423826,37,rpm,345,456,36.7,36.7,3915,497,0,2489,2.415,1,COM7
2,423847,37,rpm,273,456,36.7,36.7,3915,497,0,2490,2.415,1,COM7
2,423867,37,rpm,-363,456,36.7,36.7,3915,497,0,2490,2.415,1,COM7
2,423888,37,rpm,28,456,36.7,36.7,3915,497,0,2490,2.415,1,COM7
2,423909,37,rpm,239,456,36.7,36.7,3915,497,0,2490,2.415,1,COM7
2,423930,37,rpm,752,456,36.7,36.7,3915,497,0,2490,2.416,1,COM7
2,423950,37,rpm,821,456,36.7,36.7,3915,497,0,2490,2.416,1,COM7
2,423971,37,rpm,825,456,36.7,36.7,3915,497,0,2491,2.416,1,COM7
2,423992,37,rpm,790,456,36.7,36.7,3915,497,0,2491,2.416,1,COM7
2,424012,37,rpm,646,456,36.7,36.7,3915,497,0,2491,2.416,1,COM7
2,424033,37,rpm,635,456,36.7,36.7,3915,497,0,2491,2.416,1,COM7
2,424054,37,rpm,508,456,36.7,36.7,3915,497,0,2491,2.416,1,COM7
2,424075,37,rpm,356,456,36.7,36.7,3915,497,0,2491,2.417,1,COM7
2,424095,37,rpm,284,456,36.7,36.7,3915,497,0,2491,2.417,1,COM7
2,424116,37,rpm,-324,456,36.7,36.7,3915,497,0,2492,2.417,1,COM7
2,424137,37,rpm,-10,456,36.7,36.7,3915,497,0,2492,2.417,1,COM7
2,424158,37,rpm,264,456,36.7,36.7,3915,497,0,2492,2.417,1,COM7
2,424178,37,rpm,677,456,36.7,36.7,3915,497,0,2492,2.417,1,COM7
2,424199,37,rpm,673,456,36.7,36.7,3915,497,0,2492,2.418,1,COM7
2,424220,37,rpm,982,456,36.7,36.7,3915,497,0,2492,2.418,1,COM7
2,424240,37,rpm,757,456,36.7,36.7,3915,497,0,2493,2.418,1,COM7
2,424261,37,rpm,576,456,36.7,36.7,3915,497,0,2493,2.418,1,COM7
2,424282,37,rpm,682,456,36.7,36.7,3915,497,0,2493,2.418,1,COM7
2,424303,37,rpm,571,456,36.7,36.7,3915,497,0,2493,2.418,1,COM7
2,424323,37,rpm,402,456,36.7,36.7,3915,497,0,2493,2.418,1,COM7
2,424344,37,rpm,325,456,36.7,36.7,3915,497,0,2493,2.419,1,COM7
2,424365,37,rpm,1,456,36.7,36.7,3915,497,0,2494,2.419,1,COM7
2,424386,37,rpm,-242,456,36.7,36.7,3915,497,0,2494,2.419,1,COM7
2,424406,37,rpm,99,456,36.7,36.7,3915,497,0,2494,2.419,1,COM7
2,424427,37,rpm,609,456,36.7,36.7,3915,497,0,2494,2.419,1,COM7
2,424448,37,rpm,756,456,36.7,36.7,3915,497,0,2494,2.419,1,COM7
2,424469,37,rpm,714,456,36.7,36.7,3915,497,0,2494,2.42,1,COM7
2,424489,37,rpm,878,456,36.7,36.7,3915,497,0,2494,2.42,1,COM7
2,424510,37,rpm,775,456,36.7,36.7,3915,497,0,2495,2.42,1,COM7
2,424531,37,rpm,569,456,36.7,36.7,3915,497,0,2495,2.42,1,COM7
2,424551,37,rpm,537,456,36.7,36.7,3915,497,0,2495,2.42,1,COM7
2,424572,37,rpm,556,456,36.7,36.7,3915,497,0,2495,2.42,1,COM7
2,424593,37,rpm,324,456,36.7,36.7,3915,497,0,2495,2.42,1,COM7
2,424614,37,rpm,253,456,36.7,36.7,3915,497,0,2495,2.421,1,COM7
2,424634,37,rpm,-403,456,36.7,36.7,3915,497,0,2496,2.421,1,COM7
2,424655,37,rpm,46,456,36.7,36.7,3915,497,0,2496,2.421,1,COM7
2,424676,37,rpm,288,456,36.7,36.7,3915,497,0,2496,2.421,1,COM7
2,424696,37,rpm,769,456,36.7,36.7,3915,497,0,2496,2.421,1,COM7
2,424717,37,rpm,736,456,36.7,36.7,3915,497,0,2496,2.421,1,COM7
2,424738,37,rpm,833,456,36.7,36.7,3915,497,0,2496,2.421,1,COM7
2,424759,37,rpm,798,456,36.7,36.7,3915,497,0,2497,2.422,1,COM7
2,424779,37,rpm,606,456,36.7,36.7,3915,497,0,2497,2.422,1,COM7
2,424800,37,rpm,605,456,36.7,36.7,3915,497,0,2497,2.422,1,COM7
2,424821,37,rpm,547,456,36.7,36.7,3915,497,0,2497,2.422,1,COM7
2,424841,37,rpm,390,456,36.7,36.7,3915,497,0,2497,2.422,1,COM7
2,424862,37,rpm,329,456,36.7,36.7,3915,497,0,2497,2.422,1,COM7
2,424883,37,rpm,-112,456,36.7,36.7,3915,497,0,2497,2.423,1,COM7
2,424904,37,rpm,-190,456,36.7,36.7,3915,497,0,2498,2.423,1,COM7
2,424924,37,rpm,162,456,36.7,36.7,3915,497,0,2498,2.423,1,COM7
2,424945,37,rpm,650,456,36.7,36.7,3915,497,0,2498,2.423,1,COM7
2,424966,37,rpm,646,456,36.7,36.7,3915,497,0,2498,2.423,1,COM7
2,424986,37,rpm,968,456,36.7,36.7,3915,497,0,2498,2.423,1,COM7
2,425007,37,rpm,798,456,36.7,36.7,3915,497,0,2498,2.423,1,COM7
2,425028,37,rpm,592,456,36.7,36.7,3915,497,0,2499,2.424,1,COM7
2,425049,37,rpm,704,456,36.7,36.7,3915,497,0,2499,2.424,1,COM7
2,425069,37,rpm,583,456,36.7,36.7,3915,497,0,2499,2.424,1,COM7
2,425090,37,rpm,419,456,36.7,36.7,3915,497,0,2499,2.424,1,COM7
2,425111,37,rpm,356,456,36.7,36.7,3915,497,0,2499,2.424,1,COM7
2,425132,37,rpm,202,456,36.7,36.7,3915,497,0,2499,2.424,1,COM7
2,425152,37,rpm,-428,456,36.7,36.7,3915,497,0,2500,2.425,1,COM7
2,425173,37,rpm,66,456,36.7,36.7,3915,497,0,2500,2.425,1,COM7
2,425194,37,rpm,459,456,36.7,36.7,3915,497,0,2500,2.425,1,COM7
2,425215,37,rpm,711,456,36.7,36.7,3915,497,0,2500,2.425,1,COM7
2,425235,37,rpm,758,456,36.7,36.7,3915,497,0,2500,2.425,1,COM7
2,425256,37,rpm,845,456,36.7,36.7,3915,497,0,2500,2.425,1,COM7
2,425277,37,rpm,802,456,36.7,36.7,3915,497,0,2500,2.425,1,COM7
2,425298,37,rpm,555,456,36.7,36.7,3915,497,0,2501,2.426,1,COM7
2,425318,37,rpm,557,456,36.7,36.7,3915,497,0,2501,2.426,1,COM7
2,425339,37,rpm,575,456,36.7,36.7,3915,497,0,2501,2.426,1,COM7
2,425360,37,rpm,342,456,36.7,36.7,3915,497,0,2501,2.426,1,COM7
2,425380,37,rpm,267,456,36.7,36.7,3915,497,0,2501,2.426,1,COM7
2,425401,37,rpm,-386,456,36.7,36.7,3915,497,0,2501,2.426,1,COM7
2,425422,37,rpm,36,456,36.7,36.7,3915,497,0,2502,2.427,1,COM7
2,425443,37,rpm,263,456,36.7,36.7,3915,497,0,2502,2.427,1,COM7
2,425463,37,rpm,756,456,36.7,36.7,3915,497,0,2502,2.427,1,COM7
2,425484,37,rpm,806,456,36.7,36.7,3915,497,0,2502,2.427,1,COM7
2,425505,37,rpm,834,456,36.7,36.7,3915,497,0,2502,2.427,1,COM7
2,425526,37,rpm,759,456,36.7,36.7,3915,497,0,2502,2.427,1,COM7
2,425546,37,rpm,640,456,36.7,36.7,3915,497,0,2503,2.427,1,COM7
2,425567,37,rpm,664,456,36.7,36.7,3915,497,0,2503,2.428,1,COM7
2,425588,37,rpm,481,456,36.7,36.7,3915,497,0,2503,2.428,1,COM7
2,425609,37,rpm,360,456,36.7,36.7,3915,497,0,2503,2.428,1,COM7
2,425629,37,rpm,285,456,36.7,36.7,3915,497,0,2503,2.428,1,COM7
2,425650,37,rpm,-326,456,36.7,36.7,3915,497,0,2503,2.428,1,COM7
2,425671,37,rpm,-4,456,36.7,36.7,3915,497,0,2503,2.428,1,COM7
2,425691,37,rpm,270,456,36.7,36.7,3915,497,0,2504,2.429,1,COM7
2,425712,37,rpm,685,456,36.7,36.7,3915,497,0,2504,2.429,1,COM7
2,425733,37,rpm,718,456,36.7,36.7,3915,497,0,2504,2.429,1,COM7
2,425754,37,rpm,929,456,36.7,36.7,3915,497,0,2504,2.429,1,COM7
2,425774,37,rpm,772,456,36.7,36.7,3915,497,0,2504,2.429,1,COM7
2,425795,37,rpm,571,456,36.7,36.7,3915,497,0,2504,2.429,1,COM7
2,425816,37,rpm,676,456,36.7,36.7,3915,497,0,2505,2.429,1,COM7
2,425837,37,rpm,567,456,36.7,36.7,3915,497,0,2505,2.43,1,COM7
2,425857,37,rpm,394,456,36.7,36.7,3915,497,0,2505,2.43,1,COM7
2,425878,37,rpm,317,456,36.7,36.7,3915,497,0,2505,2.43,1,COM7
2,425899,37,rpm,37,456,36.7,36.7,3915,497,0,2505,2.43,1,COM7
2,425919,37,rpm,-271,456,36.7,36.7,3915,497,0,2505,2.43,1,COM7
2,425940,37,rpm,94,456,36.7,36.7,3915,497,0,2506,2.43,1,COM7
2,425961,37,rpm,575,456,36.7,36.7,3915,497,0,2506,2.431,1,COM7
2,425982,37,rpm,758,456,36.7,36.7,3915,497,0,2506,2.431,1,COM7
2,426002,37,rpm,746,456,36.7,36.7,3915,497,0,2506,2.431,1,COM7
2,426023,37,rpm,823,456,36.7,36.7,3915,497,0,2506,2.431,1,COM7
2,426044,37,rpm,771,456,36.7,36.7,3915,497,0,2506,2.431,1,COM7
2,426064,37,rpm,550,456,36.7,36.7,3915,497,0,2506,2.431,1,COM7
2,426085,37,rpm,556,456,36.7,36.7,3915,497,0,2507,2.431,1,COM7
2,426106,37,rpm,550,456,36.7,36.7,3915,497,0,2507,2.432,1,COM7
2,426126,37,rpm,321,457,36.7,36.7,3915,497,0,2507,2.432,1,COM7
2,426147,37,rpm,259,457,36.7,36.7,3915,497,0,2507,2.432,1,COM7
2,426168,37,rpm,-392,457,36.7,36.7,3915,497,0,2507,2.432,1,COM7
2,426189,37,rpm,45,457,36.7,36.7,3915,497,0,2507,2.432,1,COM7
2,426209,37,rpm,288,457,36.7,36.7,3915,497,0,2508,2.432,1,COM7
2,426230,37,rpm,769,457,36.7,36.7,3915,497,0,2508,2.432,1,COM7
2,426251,37,rpm,753,457,36.7,36.7,3915,497,0,2508,2.433,1,COM7
2,426271,37,rpm,812,457,36.7,36.7,3915,497,0,2508,2.433,1,COM7
2,426292,37,rpm,833,457,36.7,36.7,3915,497,0,2508,2.433,1,COM7
2,426313,37,rpm,611,457,36.7,36.7,3915,497,0,2508,2.433,1,COM7
2,426334,37,rpm,602,457,36.7,36.7,3915,497,0,2509,2.433,1,COM7
2,426354,37,rpm,558,457,36.7,36.7,3915,497,0,2509,2.433,1,COM7
2,426375,37,rpm,377,457,36.7,36.7,3915,497,0,2509,2.434,1,COM7
2,426396,37,rpm,333,457,36.7,36.7,3915,497,0,2509,2.434,1,COM7
2,426417,37,rpm,-123,457,36.7,36.7,3915,497,0,2509,2.434,1,COM7
2,426437,37,rpm,-184,457,36.7,36.7,3915,497,0,2509,2.434,1,COM7
2,426458,37,rpm,166,457,36.7,36.7,3915,497,0,2509,2.434,1,COM7
2,426479,37,rpm,657,457,36.7,36.7,3915,497,0,2510,2.434,1,COM7
2,426500,37,rpm,650,457,36.7,36.7,3915,497,0,2510,2.434,1,COM7
2,426520,37,rpm,957,457,36.7,36.7,3915,497,0,2510,2.435,1,COM7
2,426541,37,rpm,793,457,36.7,36.7,3915,497,0,2510,2.435,1,COM7
2,426562,37,rpm,590,457,36.7,36.7,3915,497,0,2510,2.435,1,COM7
2,426582,37,rpm,700,457,36.7,36.7,3915,497,0,2510,2.435,1,COM7
2,426603,37,rpm,576,457,36.7,36.7,3915,497,0,2511,2.435,1,COM7
2,426624,37,rpm,423,457,36.7,36.7,3915,497,0,2511,2.435,1,COM7
2,426644,37,rpm,354,457,36.7,36.7,3915,497,0,2511,2.436,1,COM7
2,426665,37,rpm,200,457,36.7,36.7,3915,497,0,2511,2.436,1,COM7
2,426686,37,rpm,-400,457,36.7,36.7,3915,497,0,2511,2.436,1,COM7
2,426706,37,rpm,65,457,36.7,36.7,3915,497,0,2511,2.436,1,COM7
2,426727,37,rpm,455,457,36.7,36.7,3915,497,0,2512,2.436,1,COM7
2,426748,37,rpm,704,457,36.7,36.7,3915,497,0,2512,2.436,1,COM7
2,426769,37,rpm,764,457,36.7,36.7,3915,497,0,2512,2.436,1,COM7
2,426789,37,rpm,869,457,36.7,36.7,3915,497,0,2512,2.437,1,COM7
2,426810,37,rpm,763,457,36.7,36.7,3915,497,0,2512,2.437,1,COM7
2,426831,37,rpm,545,457,36.7,36.7,3915,497,0,2512,2.437,1,COM7
2,426852,37,rpm,585,457,36.7,36.7,3915,497,0,2512,2.437,1,COM7
2,426872,37,rpm,560,457,36.7,36.7,3915,497,0,2513,2.437,1,COM7
2,426893,37,rpm,350,457,36.7,36.7,3915,497,0,2513,2.437,1,COM7
2,426914,37,rpm,278,457,36.7,36.7,3915,497,0,2513,2.438,1,COM7
2,426934,37,rpm,-352,457,36.7,36.7,3915,497,0,2513,2.438,1,COM7
2,426955,37,rpm,29,457,36.7,36.7,3915,497,0,2513,2.438,1,COM7
2,426976,37,rpm,246,457,36.7,36.7,3915,497,0,2513,2.438,1,COM7
2,426996,37,rpm,764,457,36.7,36.7,3915,497,0,2514,2.438,1,COM7
2,427017,37,rpm,795,457,36.7,36.7,3915,497,0,2514,2.438,1,COM7
2,427038,37,rpm,783,457,36.7,36.7,3915,497,0,2514,2.438,1,COM7
2,427059,37,rpm,845,457,36.7,36.7,3915,497,0,2514,2.439,1,COM7
2,427079,37,rpm,647,457,36.7,36.7,3915,497,0,2514,2.439,1,COM7
2,427100,37,rpm,603,457,36.7,36.7,3915,497,0,2514,2.439,1,COM7
2,427121,37,rpm,517,456,36.7,36.7,3915,497,0,2514,2.439,1,COM7
2,427141,37,rpm,378,456,36.7,36.7,3915,497,0,2515,2.439,1,COM7
2,427162,37,rpm,273,456,36.7,36.7,3915,497,0,2515,2.439,1,COM7
2,427183,37,rpm,-285,456,36.7,36.7,3915,497,0,2515,2.44,1,COM7
2,427204,37,rpm,-19,456,36.7,36.7,3915,497,0,2515,2.44,1,COM7
2,427224,37,rpm,249,456,36.7,36.7,3915,497,0,2515,2.44,1,COM7
2,427245,37,rpm,675,456,36.7,36.7,3915,497,0,2515,2.44,1,COM7
2,427266,37,rpm,684,456,36.7,36.7,3915,497,0,2516,2.44,1,COM7
2,427286,37,rpm,979,456,36.7,36.7,3915,497,0,2516,2.44,1,COM7
2,427307,37,rpm,746,456,36.7,36.7,3915,497,0,2516,2.44,1,COM7
2,427328,37,rpm,583,456,36.7,36.7,3915,497,0,2516,2.441,1,COM7
2,427348,37,rpm,678,456,36.7,36.7,3915,497,0,2516,2.441,1,COM7
2,427369,37,rpm,545,456,36.7,36.7,3915,497,0,2516,2.441,1,COM7
2,427390,37,rpm,389,456,36.7,36.7,3915,497,0,2517,2.441,1,COM7
2,427411,37,rpm,353,456,36.7,36.7,3915,497,0,2517,2.441,1,COM7
2,427431,37,rpm,2,456,36.7,36.7,3915,497,0,2517,2.441,1,COM7
2,427452,37,rpm,-251,456,36.7,36.7,3915,497,0,2517,2.442,1,COM7
2,427473,37,rpm,102,456,36.7,36.7,3915,497,0,2517,2.442,1,COM7
2,427494,37,rpm,613,456,36.7,36.7,3915,497,0,2517,2.442,1,COM7
2,427514,37,rpm,672,456,36.7,36.7,3915,497,0,2517,2.442,1,COM7
2,427535,37,rpm,787,456,36.7,36.7,3915,497,0,2518,2.442,1,COM7
2,427556,37,rpm,856,456,36.7,36.7,3915,497,0,2518,2.442,1,COM7
2,427577,37,rpm,747,456,36.7,36.7,3915,497,0,2518,2.442,1,COM7
2,427597,37,rpm,541,456,36.7,36.7,3915,497,0,2518,2.443,1,COM7
2,427618,37,rpm,581,456,36.7,36.7,3915,497,0,2518,2.443,1,COM7
2,427639,37,rpm,538,456,36.7,36.7,3915,497,0,2518,2.443,1,COM7
2,427659,37,rpm,318,456,36.7,36.7,3915,497,0,2519,2.443,1,COM7
2,427680,37,rpm,272,456,36.7,36.7,3915,497,0,2519,2.443,1,COM7
2,427701,37,rpm,-371,456,36.7,36.7,3915,497,0,2519,2.443,1,COM7
2,427722,37,rpm,34,456,36.7,36.7,3915,497,0,2519,2.443,1,COM7
2,427742,37,rpm,263,456,36.7,36.7,3915,497,0,2519,2.444,1,COM7
2,427763,37,rpm,770,456,36.7,36.7,3915,497,0,2519,2.444,1,COM7
2,427784,37,rpm,707,456,36.7,36.7,3915,497,0,2520,2.444,1,COM7
2,427804,37,rpm,797,456,36.7,36.7,3915,497,0,2520,2.444,1,COM7
2,427825,37,rpm,863,456,36.7,36.7,3915,497,0,2520,2.444,1,COM7
2,427846,37,rpm,596,456,36.7,36.7,3915,497,0,2520,2.444,1,COM7
2,427867,37,rpm,587,456,36.7,36.7,3915,497,0,2520,2.445,1,COM7
2,427887,37,rpm,583,456,36.7,36.7,3915,497,0,2520,2.445,1,COM7
2,427908,37,rpm,388,456,36.7,36.7,3915,497,0,2520,2.445,1,COM7
2,427929,37,rpm,319,456,36.7,36.7,3915,497,0,2521,2.445,1,COM7
2,427950,37,rpm,-72,456,36.7,36.7,3915,497,0,2521,2.445,1,COM7
2,427970,37,rpm,-238,456,36.7,36.7,3915,497,0,2521,2.445,1,COM7
2,427991,37,rpm,147,456,36.7,36.7,3915,497,0,2521,2.445,1,COM7
2,428012,37,rpm,643,456,36.7,36.7,3915,497,0,2521,2.446,1,COM7
2,428033,37,rpm,663,456,36.7,36.7,3915,497,0,2521,2.446,1,COM7
2,428053,37,rpm,948,456,36.7,36.7,3915,497,0,2522,2.446,1,COM7
2,428074,37,rpm,788,456,36.7,36.7,3915,497,0,2522,2.446,1,COM7
2,428095,37,rpm,600,456,36.7,36.7,3915,497,0,2522,2.446,1,COM7
2,428115,37,rpm,709,456,36.7,36.7,3915,497,0,2522,2.446,1,COM7
2,428136,37,rpm,561,456,36.7,36.7,3915,497,0,2522,2.447,1,COM7
2,428157,37,rpm,432,456,36.7,36.7,3915,497,0,2522,2.447,1,COM7
2,428178,37,rpm,358,456,36.7,36.7,3915,497,0,2523,2.447,1,COM7
2,428198,37,rpm,209,456,36.7,36.7,3915,497,0,2523,2.447,1,COM7
2,428219,37,rpm,-397,456,36.7,36.7,3915,497,0,2523,2.447,1,COM7
2,428240,37,rpm,64,456,36.7,36.7,3915,497,0,2523,2.447,1,COM7
2,428261,37,rpm,460,456,36.7,36.7,3915,497,0,2523,2.447,1,COM7
2,428281,37,rpm,696,456,36.7,36.7,3915,497,0,2523,2.448,1,COM7
2,428302,37,rpm,782,456,36.7,36.7,3915,497,0,2523,2.448,1,COM7
2,428323,37,rpm,877,456,36.7,36.7,3915,497,0,2524,2.448,1,COM7
2,428343,37,rpm,760,456,36.7,36.7,3915,497,0,2524,2.448,1,COM7
2,428364,37,rpm,561,456,36.7,36.7,3915,497,0,2524,2.448,1,COM7
2,428385,37,rpm,590,456,36.7,36.7,3915,497,0,2524,2.448,1,COM7
2,428406,37,rpm,565,456,36.7,36.7,3915,497,0,2524,2.449,1,COM7
2,428426,37,rpm,348,456,36.7,36.7,3915,497,0,2524,2.449,1,COM7
2,428447,37,rpm,274,456,36.7,36.7,3915,497,0,2525,2.449,1,COM7
2,428468,37,rpm,-357,456,36.7,36.7,3915,497,0,2525,2.449,1,COM7
2,428489,37,rpm,18,456,36.7,36.7,3915,497,0,2525,2.449,1,COM7
2,428509,37,rpm,228,456,36.7,36.7,3915,497,0,2525,2.449,1,COM7
2,428530,37,rpm,757,456,36.7,36.7,3915,497,0,2525,2.449,1,COM7
2,428551,37,rpm,799,456,36.7,36.7,3915,497,0,2525,2.45,1,COM7
2,428571,37,rpm,795,456,36.7,36.7,3915,497,0,2526,2.45,1,COM7
2,428592,37,rpm,821,456,36.7,36.7,3915,497,0,2526,2.45,1,COM7
2,428613,37,rpm,642,456,36.7,36.7,3915,497,0,2526,2.45,1,COM7
2,428634,37,rpm,591,456,36.7,36.7,3915,497,0,2526,2.45,1,COM7
2,428654,37,rpm,521,456,36.7,36.7,3915,497,0,2526,2.45,1,COM7
2,428675,37,rpm,391,456,36.7,36.7,3915,497,0,2526,2.451,1,COM7
2,428696,37,rpm,273,456,36.7,36.7,3915,497,0,2526,2.451,1,COM7
2,428716,37,rpm,-296,456,36.7,36.7,3915,497,0,2527,2.451,1,COM7
2,428737,37,rpm,-31,456,36.7,36.7,3915,497,0,2527,2.451,1,COM7
2,428758,37,rpm,227,456,36.7,36.7,3915,497,0,2527,2.451,1,COM7
2,428779,37,rpm,668,456,36.7,36.7,3915,497,0,2527,2.451,1,COM7
2,428799,37,rpm,692,456,36.7,36.7,3915,497,0,2527,2.451,1,COM7
2,428820,37,rpm,982,456,36.7,36.7,3915,497,0,2527,2.452,1,COM7
2,428841,37,rpm,752,456,36.7,36.7,3915,497,0,2528,2.452,1,COM7
2,428862,37,rpm,579,456,36.7,36.7,3915,497,0,2528,2.452,1,COM7
2,428882,37,rpm,698,456,36.7,36.7,3915,497,0,2528,2.452,1,COM7
2,428903,37,rpm,556,456,36.7,36.7,3915,497,0,2528,2.452,1,COM7
2,428924,37,rpm,391,456,36.7,36.7,3915,497,0,2528,2.452,1,COM7
2,428944,37,rpm,343,456,36.7,36.7,3915,497,0,2528,2.453,1,COM7
2,428965,37,rpm,-8,456,36.7,36.7,3915,497,0,2529,2.453,1,COM7
2,428986,37,rpm,-246,456,36.7,36.7,3915,497,0,2529,2.453,1,COM7
2,429007,37,rpm,101,456,36.7,36.7,3915,497,0,2529,2.453,1,COM7
2,429027,37,rpm,610,456,36.7,36.7,3915,497,0,2529,2.453,1,COM7
2,429048,37,rpm,718,456,36.7,36.7,3915,497,0,2529,2.453,1,COM7
2,429069,37,rpm,790,456,36.7,36.7,3915,497,0,2529,2.453,1,COM7
2,429089,37,rpm,843,456,36.7,36.7,3915,497,0,2529,2.454,1,COM7
2,429110,37,rpm,729,456,36.7,36.7,3915,497,0,2530,2.454,1,COM7
2,429131,37,rpm,548,456,36.7,36.7,3915,497,0,2530,2.454,1,COM7
2,429152,37,rpm,577,456,36.7,36.7,3915,497,0,2530,2.454,1,COM7
2,429172,37,rpm,529,456,36.7,36.7,3915,497,0,2530,2.454,1,COM7
2,429193,37,rpm,319,456,36.7,36.7,3915,497,0,2530,2.454,1,COM7
2,429214,37,rpm,271,456,36.7,36.7,3915,497,0,2530,2.454,1,COM7
2,429234,37,rpm,-376,456,36.7,36.7,3915,497,0,2531,2.455,1,COM7
2,429255,37,rpm,35,456,36.7,36.7,3915,497,0,2531,2.455,1,COM7
2,429276,37,rpm,284,456,36.7,36.7,3915,497,0,2531,2.455,1,COM7
2,429296,37,rpm,768,456,36.7,36.7,3915,497,0,2531,2.455,1,COM7
2,429317,37,rpm,707,456,36.7,36.7,3915,497,0,2531,2.455,1,COM7
2,429338,37,rpm,809,456,36.7,36.7,3915,497,0,2531,2.455,1,COM7
2,429358,37,rpm,875,456,36.7,36.7,3915,497,0,2532,2.456,1,COM7
2,429379,37,rpm,613,456,36.7,36.7,3915,497,0,2532,2.456,1,COM7
2,429400,37,rpm,566,456,36.7,36.7,3915,497,0,2532,2.456,1,COM7
2,429421,37,rpm,588,456,36.7,36.7,3915,497,0,2532,2.456,1,COM7
2,429441,37,rpm,416,456,36.7,36.7,3915,497,0,2532,2.456,1,COM7
2,429462,37,rpm,315,456,36.7,36.7,3915,497,0,2532,2.456,1,COM7
2,429483,37,rpm,-80,456,36.7,36.7,3915,497,0,2532,2.456,1,COM7
2,429504,37,rpm,-204,456,36.7,36.7,3915,497,0,2533,2.457,1,COM7
2,429524,37,rpm,144,456,36.7,36.7,3915,497,0,2533,2.457,1,COM7
2,429545,37,rpm,639,456,36.7,36.7,3915,497,0,2533,2.457,1,COM7
2,429566,37,rpm,678,456,36.7,36.7,3915,497,0,2533,2.457,1,COM7
2,429586,37,rpm,922,456,36.7,36.7,3915,497,0,2533,2.457,1,COM7
2,429607,37,rpm,799,456,36.7,36.7,3915,497,0,2533,2.457,1,COM7
2,429628,37,rpm,605,456,36.7,36.7,3915,497,0,2534,2.458,1,COM7
2,429649,37,rpm,707,456,36.7,36.7,3915,497,0,2534,2.458,1,COM7
2,429669,37,rpm,559,456,36.7,36.7,3915,497,0,2534,2.458,1,COM7
2,429690,37,rpm,435,456,36.7,36.7,3915,497,0,2534,2.458,1,COM7
2,429711,37,rpm,380,456,36.7,36.7,3915,497,0,2534,2.458,1,COM7
2,429731,37,rpm,216,456,36.7,36.7,3915,497,0,2534,2.458,1,COM7
2,429752,37,rpm,-421,456,36.7,36.7,3915,497,0,2534,2.458,1,COM7
2,429773,37,rpm,60,456,36.7,36.7,3915,497,0,2535,2.459,1,COM7
2,429794,37,rpm,439,456,36.7,36.7,3915,497,0,2535,2.459,1,COM7
2,429814,37,rpm,640,456,36.7,36.7,3915,497,0,2535,2.459,1,COM7
2,429835,37,rpm,831,456,36.7,36.7,3915,497,0,2535,2.459,1,COM7
2,429856,37,rpm,888,456,36.7,36.7,3915,497,0,2535,2.459,1,COM7
2,429876,37,rpm,718,456,36.7,36.7,3915,497,0,2535,2.459,1,COM7
2,429897,37,rpm,577,456,36.7,36.7,3915,497,0,2536,2.46,1,COM7
2,429918,37,rpm,600,456,36.7,36.7,3915,497,0,2536,2.46,1,COM7
2,429939,37,rpm,560,456,36.7,36.7,3915,497,0,2536,2.46,1,COM7
2,429959,37,rpm,337,456,36.7,36.7,3915,497,0,2536,2.46,1,COM7
2,429980,37,rpm,287,456,36.7,36.7,3915,497,0,2536,2.46,1,COM7
2,430001,37,rpm,-360,456,36.7,36.7,3915,497,0,2536,2.46,1,COM7
2,430022,37,rpm,12,456,36.7,36.7,3915,497,0,2537,2.46,1,COM7
2,430042,37,rpm,233,456,36.7,36.7,3915,497,0,2537,2.461,1,COM7
2,430063,37,rpm,781,456,36.7,36.7,3915,497,0,2537,2.461,1,COM7
2,430084,37,rpm,780,456,36.7,36.7,3915,497,0,2537,2.461,1,COM7
2,430104,37,rpm,792,456,36.7,36.7,3915,497,0,2537,2.461,1,COM7
2,430125,37,rpm,865,456,36.7,36.7,3915,497,0,2537,2.461,1,COM7
2,430146,37,rpm,629,456,36.7,36.7,3915,497,0,2537,2.461,1,COM7
2,430166,37,rpm,576,456,36.7,36.7,3915,497,0,2538,2.462,1,COM7
2,430187,37,rpm,556,456,36.7,36.7,3915,497,0,2538,2.462,1,COM7
2,430208,37,rpm,397,456,36.7,36.7,3915,497,0,2538,2.462,1,COM7
2,430229,37,rpm,264,456,36.7,36.7,3915,497,0,2538,2.462,1,COM7
2,430249,37,rpm,-253,456,36.7,36.7,3915,497,0,2538,2.462,1,COM7
2,430270,37,rpm,-47,456,36.7,36.7,3915,497,0,2538,2.462,1,COM7
2,430291,37,rpm,203,456,36.7,36.7,3915,497,0,2539,2.462,1,COM7
2,430312,37,rpm,647,456,36.7,36.7,3915,497,0,2539,2.463,1,COM7
2,430332,37,rpm,746,456,36.7,36.7,3915,497,0,2539,2.463,1,COM7
2,430353,37,rpm,955,456,36.7,36.7,3915,497,0,2539,2.463,1,COM7
2,430374,37,rpm,746,456,36.7,36.7,3915,497,0,2539,2.463,1,COM7
2,430395,37,rpm,598,456,36.7,36.7,3915,497,0,2539,2.463,1,COM7
2,430415,37,rpm,692,456,36.7,36.7,3915,497,0,2540,2.463,1,COM7
2,430436,37,rpm,561,456,36.7,36.7,3915,497,0,2540,2.463,1,COM7
2,430457,37,rpm,385,456,36.7,36.7,3915,497,0,2540,2.464,1,COM7
2,430478,37,rpm,364,456,36.7,36.7,3915,497,0,2540,2.464,1,COM7
2,430498,37,rpm,61,456,36.7,36.7,3915,497,0,2540,2.464,1,COM7
2,430519,37,rpm,-268,456,36.7,36.7,3915,497,0,2540,2.464,1,COM7
2,430540,37,rpm,90,456,36.7,36.7,3915,497,0,2540,2.464,1,COM7
2,430561,37,rpm,573,456,36.7,36.7,3915,497,0,2541,2.464,1,COM7
2,430581,37,rpm,655,456,36.7,36.7,3915,497,0,2541,2.465,1,COM7
2,430602,37,rpm,791,456,36.7,36.7,3915,497,0,2541,2.465,1,COM7
2,430623,37,rpm,890,456,36.7,36.7,3915,497,0,2541,2.465,1,COM7
2,430643,37,rpm,717,456,36.7,36.7,3915,497,0,2541,2.465,1,COM7
2,430664,37,rpm,570,456,36.7,36.7,3915,497,0,2541,2.465,1,COM7
2,430685,37,rpm,594,456,36.7,36.7,3915,497,0,2542,2.465,1,COM7
2,430706,37,rpm,527,456,36.7,36.7,3915,497,0,2542,2.465,1,COM7
2,430726,37,rpm,334,456,36.7,36.7,3915,497,0,2542,2.466,1,COM7
2,430747,37,rpm,263,456,36.7,36.7,3915,497,0,2542,2.466,1,COM7
2,430768,37,rpm,-383,456,36.7,36.7,3915,497,0,2542,2.466,1,COM7
2,430789,37,rpm,35,456,36.7,36.7,3915,497,0,2542,2.466,1,COM7
2,430809,37,rpm,293,456,36.7,36.7,3915,497,0,2543,2.466,1,COM7
2,430830,37,rpm,756,456,36.7,36.7,3915,497,0,2543,2.466,1,COM7
2,430851,37,rpm,725,456,36.7,36.7,3915,497,0,2543,2.467,1,COM7
2,430872,37,rpm,797,456,36.7,36.7,3915,497,0,2543,2.467,1,COM7
2,430892,37,rpm,871,456,36.7,36.7,3915,497,0,2543,2.467,1,COM7
2,430913,37,rpm,594,456,36.7,36.7,3915,497,0,2543,2.467,1,COM7
2,430934,37,rpm,571,456,36.7,36.7,3915,497,0,2543,2.467,1,COM7
2,430954,37,rpm,597,456,36.7,36.7,3915,497,0,2544,2.467,1,COM7
2,430975,37,rpm,408,456,36.7,36.7,3915,497,0,2544,2.467,1,COM7
2,430996,37,rpm,309,456,36.7,36.7,3915,497,0,2544,2.468,1,COM7
2,431017,37,rpm,-64,456,36.7,36.7,3915,497,0,2544,2.468,1,COM7
2,431037,37,rpm,-228,456,36.7,36.7,3915,497,0,2544,2.468,1,COM7
2,431058,37,rpm,138,456,36.7,36.7,3915,497,0,2544,2.468,1,COM7
2,431079,37,rpm,645,456,36.7,36.7,3915,497,0,2545,2.468,1,COM7
2,431099,37,rpm,683,456,36.7,36.7,3915,497,0,2545,2.468,1,COM7
2,431120,37,rpm,925,456,36.7,36.7,3915,497,0,2545,2.469,1,COM7
2,431141,37,rpm,794,456,36.7,36.7,3915,497,0,2545,2.469,1,COM7
2,431162,37,rpm,650,456,36.7,36.7,3915,497,0,2545,2.469,1,COM7
2,431182,37,rpm,654,456,36.7,36.7,3915,497,0,2545,2.469,1,COM7
2,431203,37,rpm,563,456,36.7,36.7,3915,497,0,2546,2.469,1,COM7
2,431224,37,rpm,424,456,36.7,36.7,3915,497,0,2546,2.469,1,COM7
2,431245,37,rpm,382,456,36.7,36.7,3915,497,0,2546,2.469,1,COM7
2,431265,37,rpm,215,456,36.7,36.7,3915,497,0,2546,2.47,1,COM7
2,431286,37,rpm,-413,456,36.7,36.7,3915,497,0,2546,2.47,1,COM7
2,431307,37,rpm,65,456,36.7,36.7,3915,497,0,2546,2.47,1,COM7
2,431327,37,rpm,430,456,36.7,36.7,3915,497,0,2546,2.47,1,COM7
2,431348,37,rpm,639,456,36.7,36.7,3915,497,0,2547,2.47,1,COM7
2,431369,37,rpm,818,456,36.7,36.7,3915,497,0,2547,2.47,1,COM7
2,431389,37,rpm,901,456,36.7,36.7,3915,497,0,2547,2.471,1,COM7
2,431410,37,rpm,724,456,36.7,36.7,3915,497,0,2547,2.471,1,COM7
2,431431,37,rpm,551,456,36.7,36.7,3915,497,0,2547,2.471,1,COM7
2,431452,37,rpm,632,456,36.7,36.7,3915,497,0,2547,2.471,1,COM7
2,431472,37,rpm,537,456,36.7,36.7,3915,497,0,2548,2.471,1,COM7
2,431493,37,rpm,346,456,36.7,36.7,3915,497,0,2548,2.471,1,COM7
2,431514,37,rpm,289,456,36.7,36.7,3915,497,0,2548,2.471,1,COM7
2,431534,37,rpm,-341,456,36.7,36.7,3915,497,0,2548,2.472,1,COM7
2,431555,37,rpm,16,456,36.7,36.7,3915,497,0,2548,2.472,1,COM7
2,431576,37,rpm,238,456,36.7,36.7,3915,497,0,2548,2.472,1,COM7
2,431597,37,rpm,773,456,36.7,36.7,3915,497,0,2549,2.472,1,COM7
2,431617,37,rpm,792,456,36.7,36.7,3915,497,0,2549,2.472,1,COM7
2,431638,37,rpm,775,456,36.7,36.7,3915,497,0,2549,2.472,1,COM7
2,431659,37,rpm,861,456,36.7,36.7,3915,497,0,2549,2.473,1,COM7
2,431679,37,rpm,630,456,36.7,36.7,3915,497,0,2549,2.473,1,COM7
2,431700,37,rpm,599,456,36.7,36.7,3915,497,0,2549,2.473,1,COM7
2,431721,37,rpm,556,456,36.7,36.7,3915,497,0,2549,2.473,1,COM7
2,431742,37,rpm,383,456,36.7,36.7,3915,497,0,2550,2.473,1,COM7
2,431762,37,rpm,268,456,36.7,36.7,3915,497,0,2550,2.473,1,COM7
2,431783,37,rpm,-243,456,36.7,36.7,3915,497,0,2550,2.473,1,COM7
2,431804,37,rpm,-40,456,36.7,36.7,3915,497,0,2550,2.474,1,COM7
2,431825,37,rpm,210,456,36.7,36.7,3915,497,0,2550,2.474,1,COM7
2,431845,37,rpm,681,456,36.7,36.7,3915,497,0,2550,2.474,1,COM7
2,431866,37,rpm,701,456,36.7,36.7,3915,497,0,2551,2.474,1,COM7
2,431887,37,rpm,926,456,36.7,36.7,3915,497,0,2551,2.474,1,COM7
2,431907,37,rpm,729,456,36.7,36.7,3915,497,0,2551,2.474,1,COM7
2,431928,37,rpm,637,456,36.7,36.7,3915,497,0,2551,2.474,1,COM7
2,431949,37,rpm,684,456,36.7,36.7,3915,497,0,2551,2.475,1,COM7
2,431970,37,rpm,551,456,36.7,36.7,3915,497,0,2551,2.475,1,COM7
2,431990,37,rpm,395,456,36.7,36.7,3915,497,0,2551,2.475,1,COM7
2,432011,37,rpm,347,456,36.7,36.7,3915,497,0,2552,2.475,1,COM7
2,432032,37,rpm,95,456,36.7,36.7,3915,497,0,2552,2.475,1,COM7
2,432052,37,rpm,-329,456,36.7,36.7,3915,497,0,2552,2.475,1,COM7
2,432073,37,rpm,90,456,36.7,36.7,3915,497,0,2552,2.476,1,COM7
2,432094,37,rpm,544,456,36.7,36.7,3915,497,0,2552,2.476,1,COM7
2,432115,37,rpm,626,456,36.7,36.7,3915,497,0,2552,2.476,1,COM7
2,432135,37,rpm,857,456,36.7,36.7,3915,497,0,2553,2.476,1,COM7
2,432156,37,rpm,846,456,36.7,36.7,3915,497,0,2553,2.476,1,COM7
2,432177,37,rpm,677,456,36.7,36.7,3915,497,0,2553,2.476,1,COM7
2,432197,37,rpm,579,456,36.7,36.7,3915,497,0,2553,2.476,1,COM7
2,432218,37,rpm,597,456,36.7,36.7,3915,497,0,2553,2.477,1,COM7
2,432239,37,rpm,525,456,36.7,36.7,3915,497,0,2553,2.477,1,COM7
2,432260,37,rpm,322,456,36.7,36.7,3915,497,0,2554,2.477,1,COM7
2,432280,37,rpm,283,456,36.7,36.7,3915,497,0,2554,2.477,1,COM7
2,432301,37,rpm,-363,456,36.7,36.7,3915,497,0,2554,2.477,1,COM7
2,432322,37,rpm,32,456,36.7,36.7,3915,497,0,2554,2.477,1,COM7
2,432343,37,rpm,273,456,36.7,36.7,3915,497,0,2554,2.478,1,COM7
2,432363,37,rpm,772,456,36.7,36.7,3915,497,0,2554,2.478,1,COM7
2,432384,37,rpm,703,456,36.7,36.7,3915,497,0,2554,2.478,1,COM7
2,432405,37,rpm,831,456,36.7,36.7,3915,497,0,2555,2.478,1,COM7
2,432425,37,rpm,869,456,36.7,36.7,3915,497,0,2555,2.478,1,COM7
2,432446,37,rpm,607,456,36.7,36.7,3915,497,0,2555,2.478,1,COM7
2,432467,37,rpm,557,456,36.7,36.7,3915,497,0,2555,2.478,1,COM7
2,432488,37,rpm,604,456,36.7,36.7,3915,497,0,2555,2.479,1,COM7
2,432509,37,rpm,383,456,36.7,36.7,3915,497,0,2555,2.479,1,COM7
2,432529,37,rpm,321,456,36.7,36.7,3915,497,0,2556,2.479,1,COM7
2,432550,37,rpm,-90,456,36.7,36.7,3915,497,0,2556,2.479,1,COM7
2,432571,37,rpm,-203,456,36.7,36.7,3915,497,0,2556,2.479,1,COM7
2,432592,37,rpm,140,456,36.7,36.7,3915,497,0,2556,2.479,1,COM7
2,432613,37,rpm,643,456,36.7,36.7,3915,497,0,2556,2.48,1,COM7
2,432633,37,rpm,674,456,36.7,36.7,3915,497,0,2556,2.48,1,COM7
2,432654,37,rpm,941,456,36.7,36.7,3915,497,0,2557,2.48,1,COM7
2,432675,37,rpm,791,456,36.7,36.7,3915,497,0,2557,2.48,1,COM7
2,432696,37,rpm,604,456,36.7,36.7,3915,497,0,2557,2.48,1,COM7
2,432716,37,rpm,709,456,36.7,36.7,3915,497,0,2557,2.48,1,COM7
2,432737,37,rpm,560,456,36.7,36.7,3915,497,0,2557,2.48,1,COM7
2,432758,37,rpm,426,456,36.7,36.7,3915,497,0,2557,2.481,1,COM7
2,432779,37,rpm,373,456,36.7,36.7,3915,497,0,2557,2.481,1,COM7
2,432799,37,rpm,219,456,36.7,36.7,3915,497,0,2558,2.481,1,COM7
2,432820,37,rpm,-395,456,36.7,36.7,3915,497,0,2558,2.481,1,COM7
2,432841,37,rpm,66,456,36.7,36.7,3915,497,0,2558,2.481,1,COM7
2,432862,37,rpm,460,456,36.7,36.7,3915,497,0,2558,2.481,1,COM7
2,432882,37,rpm,669,456,36.7,36.7,3915,497,0,2558,2.482,1,COM7
2,432903,37,rpm,768,456,36.7,36.7,3915,497,0,2558,2.482,1,COM7
2,432924,37,rpm,872,456,36.7,36.7,3915,497,0,2559,2.482,1,COM7
2,432945,37,rpm,758,456,36.7,36.7,3915,497,0,2559,2.482,1,COM7
2,432965,37,rpm,553,456,36.7,36.7,3915,497,0,2559,2.482,1,COM7
2,432986,37,rpm,590,456,36.7,36.7,3915,497,0,2559,2.482,1,COM7
2,433007,37,rpm,554,456,36.7,36.7,3915,497,0,2559,2.482,1,COM7
2,433027,37,rpm,344,456,36.7,36.7,3915,497,0,2559,2.483,1,COM7
2,433048,37,rpm,275,456,36.7,36.7,3915,497,0,2560,2.483,1,COM7
2,433069,37,rpm,-351,456,36.7,36.7,3915,497,0,2560,2.483,1,COM7
2,433090,37,rpm,20,456,36.7,36.7,3915,497,0,2560,2.483,1,COM7
2,433110,37,rpm,235,456,36.7,36.7,3915,497,0,2560,2.483,1,COM7
2,433131,37,rpm,768,456,36.7,36.7,3915,497,0,2560,2.483,1,COM7
2,433152,37,rpm,823,456,36.7,36.7,3915,497,0,2560,2.484,1,COM7
2,433173,37,rpm,801,456,36.7,36.7,3915,497,0,2560,2.484,1,COM7
2,433193,37,rpm,794,456,36.7,36.7,3915,497,0,2561,2.484,1,COM7
2,433214,37,rpm,643,456,36.7,36.7,3915,497,0,2561,2.484,1,COM7
2,433235,37,rpm,636,456,36.7,36.7,3915,497,0,2561,2.484,1,COM7
2,433256,37,rpm,473,456,36.7,36.7,3915,497,0,2561,2.484,1,COM7
2,433276,37,rpm,401,456,36.7,36.7,3915,497,0,2561,2.484,1,COM7
2,433297,37,rpm,268,456,36.7,36.7,3915,497,0,2561,2.485,1,COM7
2,433318,37,rpm,-309,456,36.7,36.7,3915,497,0,2562,2.485,1,COM7
2,433339,37,rpm,-8,456,36.7,36.7,3915,497,0,2562,2.485,1,COM7
2,433359,37,rpm,264,456,36.7,36.7,3915,497,0,2562,2.485,1,COM7
2,433380,37,rpm,674,456,36.7,36.7,3915,497,0,2562,2.485,1,COM7
2,433401,37,rpm,673,456,36.7,36.7,3915,497,0,2562,2.485,1,COM7
2,433422,37,rpm,955,456,36.7,36.7,3915,497,0,2562,2.485,1,COM7
2,433442,37,rpm,754,456,36.7,36.7,3915,497,0,2563,2.486,1,COM7
2,433463,37,rpm,571,456,36.7,36.7,3915,497,0,2563,2.486,1,COM7
2,433484,37,rpm,690,456,36.7,36.7,3915,497,0,2563,2.486,1,COM7
2,433505,37,rpm,569,456,36.7,36.7,3915,497,0,2563,2.486,1,COM7
2,433525,37,rpm,399,456,36.7,36.7,3915,497,0,2563,2.486,1,COM7
2,433546,37,rpm,313,456,36.7,36.7,3915,497,0,2563,2.486,1,COM7
2,433567,37,rpm,-22,456,36.7,36.7,3915,497,0,2563,2.487,1,COM7
2,433588,37,rpm,-240,456,36.7,36.7,3915,497,0,2564,2.487,1,COM7
2,433609,37,rpm,101,456,36.7,36.7,3915,497,0,2564,2.487,1,COM7
2,433629,37,rpm,606,456,36.7,36.7,3915,497,0,2564,2.487,1,COM7
2,433650,37,rpm,780,456,36.7,36.7,3915,497,0,2564,2.487,1,COM7
2,433671,37,rpm,756,456,36.7,36.7,3915,497,0,2564,2.487,1,COM7
2,433691,37,rpm,857,456,36.7,36.7,3915,497,0,2564,2.487,1,COM7
2,433712,37,rpm,735,456,36.7,36.7,3915,497,0,2565,2.488,1,COM7
2,433733,37,rpm,559,456,36.7,36.7,3915,497,0,2565,2.488,1,COM7
2,433754,37,rpm,545,456,36.7,36.7,3915,497,0,2565,2.488,1,COM7
2,433774,37,rpm,554,456,36.7,36.7,3915,497,0,2565,2.488,1,COM7
2,433795,37,rpm,323,456,36.7,36.7,3915,497,0,2565,2.488,1,COM7
2,433816,37,rpm,255,456,36.7,36.7,3915,497,0,2565,2.488,1,COM7
2,433837,37,rpm,-371,456,36.7,36.7,3915,497,0,2566,2.489,1,COM7
2,433858,37,rpm,40,456,36.7,36.7,3915,497,0,2566,2.489,1,COM7
2,433878,37,rpm,281,456,36.7,36.7,3915,497,0,2566,2.489,1,COM7
2,433899,37,rpm,762,456,36.7,36.7,3915,497,0,2566,2.489,1,COM7
2,433920,37,rpm,748,456,36.7,36.7,3915,497,0,2566,2.489,1,COM7
2,433940,37,rpm,856,456,36.7,36.7,3915,497,0,2566,2.489,1,COM7
2,433961,37,rpm,792,456,36.7,36.7,3915,497,0,2566,2.489,1,COM7
2,433982,37,rpm,610,456,36.7,36.7,3915,497,0,2567,2.49,1,COM7
2,434003,37,rpm,647,456,36.7,36.7,3915,497,0,2567,2.49,1,COM7
2,434023,37,rpm,532,456,36.7,36.7,3915,497,0,2567,2.49,1,COM7
2,434044,37,rpm,378,456,36.7,36.7,3915,497,0,2567,2.49,1,COM7
2,434065,37,rpm,331,456,36.7,36.7,3915,497,0,2567,2.49,1,COM7
2,434086,37,rpm,-135,456,36.7,36.7,3915,497,0,2567,2.49,1,COM7
2,434106,37,rpm,-182,456,36.7,36.7,3915,497,0,2568,2.491,1,COM7
2,434127,37,rpm,169,456,36.7,36.7,3915,497,0,2568,2.491,1,COM7
2,434148,37,rpm,662,456,36.7,36.7,3915,497,0,2568,2.491,1,COM7
2,434169,37,rpm,628,456,36.7,36.7,3915,497,0,2568,2.491,1,COM7
2,434189,37,rpm,951,456,36.7,36.7,3915,497,0,2568,2.491,1,COM7
2,434210,37,rpm,804,456,36.7,36.7,3915,497,0,2568,2.491,1,COM7
2,434231,37,rpm,587,456,36.7,36.7,3915,497,0,2569,2.491,1,COM7
2,434252,37,rpm,665,456,36.7,36.7,3915,497,0,2569,2.492,1,COM7
2,434272,37,rpm,579,456,36.7,36.7,3915,497,0,2569,2.492,1,COM7
2,434293,37,rpm,443,456,36.7,36.7,3915,497,0,2569,2.492,1,COM7
2,434314,37,rpm,316,456,36.7,36.7,3915,497,0,2569,2.492,1,COM7
2,434335,37,rpm,176,456,36.7,36.7,3915,497,0,2569,2.492,1,COM7
2,434355,37,rpm,-412,456,36.7,36.7,3915,497,0,2569,2.492,1,COM7
2,434376,37,rpm,71,456,36.7,36.7,3915,497,0,2570,2.493,1,COM7
2,434397,37,rpm,477,456,36.7,36.7,3915,497,0,2570,2.493,1,COM7
2,434418,37,rpm,771,456,36.7,36.7,3915,497,0,2570,2.493,1,COM7
2,434438,37,rpm,759,456,36.7,36.7,3915,497,0,2570,2.493,1,COM7
2,434459,37,rpm,839,456,36.7,36.7,3915,497,0,2570,2.493,1,COM7
2,434480,37,rpm,778,456,36.7,36.7,3915,497,0,2570,2.493,1,COM7
2,434501,37,rpm,574,456,36.7,36.7,3915,497,0,2571,2.493,1,COM7
2,434521,37,rpm,538,456,36.7,36.7,3915,497,0,2571,2.494,1,COM7
2,434542,37,rpm,571,456,36.7,36.7,3915,497,0,2571,2.494,1,COM7
2,434563,37,rpm,349,456,36.7,36.7,3915,497,0,2571,2.494,1,COM7
2,434584,37,rpm,260,456,36.7,36.7,3915,497,0,2571,2.494,1,COM7
2,434604,37,rpm,-391,456,36.7,36.7,3915,497,0,2571,2.494,1,COM7
2,434625,37,rpm,43,456,36.7,36.7,3915,497,0,2572,2.494,1,COM7
2,434646,37,rpm,299,456,36.7,36.7,3915,497,0,2572,2.495,1,COM7
2,434666,37,rpm,707,456,36.7,36.7,3915,497,0,2572,2.495,1,COM7
2,434687,37,rpm,825,456,36.7,36.7,3915,497,0,2572,2.495,1,COM7
2,434708,37,rpm,893,456,36.7,36.7,3915,497,0,2572,2.495,1,COM7
2,434729,37,rpm,714,456,36.7,36.7,3915,497,0,2572,2.495,1,COM7
2,434749,37,rpm,616,456,36.7,36.7,3915,497,0,2572,2.495,1,COM7
2,434770,37,rpm,670,456,36.7,36.7,3915,497,0,2573,2.495,1,COM7
2,434791,37,rpm,457,456,36.7,36.7,3915,497,0,2573,2.496,1,COM7
2,434812,37,rpm,388,456,36.7,36.7,3915,497,0,2573,2.496,1,COM7
2,434832,37,rpm,278,456,36.7,36.7,3915,497,0,2573,2.496,1,COM7
2,434853,37,rpm,-365,456,36.7,36.7,3915,497,0,2573,2.496,1,COM7
2,434874,37,rpm,6,456,36.7,36.7,3915,497,0,2573,2.496,1,COM7
2,434894,37,rpm,280,456,36.7,36.7,3915,497,0,2574,2.496,1,COM7
2,434915,37,rpm,696,456,36.7,36.7,3915,497,0,2574,2.497,1,COM7
2,434936,37,rpm,660,456,36.7,36.7,3915,497,0,2574,2.497,1,COM7
2,434957,37,rpm,949,456,36.7,36.7,3915,497,0,2574,2.497,1,COM7
2,434977,37,rpm,766,456,36.7,36.7,3915,497,0,2574,2.497,1,COM7
2,434998,37,rpm,588,456,36.7,36.7,3915,497,0,2574,2.497,1,COM7
2,435019,37,rpm,630,456,36.7,36.7,3915,497,0,2575,2.497,1,COM7
2,435039,37,rpm,572,456,36.7,36.7,3915,497,0,2575,2.497,1,COM7
2,435060,37,rpm,421,456,36.7,36.7,3915,497,0,2575,2.498,1,COM7
2,435081,37,rpm,284,456,36.7,36.7,3915,497,0,2575,2.498,1,COM7
2,435102,37,rpm,-32,456,36.7,36.7,3915,497,0,2575,2.498,1,COM7
2,435122,37,rpm,-224,456,36.7,36.7,3915,497,0,2575,2.498,1,COM7
2,435143,37,rpm,111,456,36.7,36.7,3915,497,0,2575,2.498,1,COM7
2,435164,37,rpm,604,456,36.7,36.7,3915,497,0,2576,2.498,1,COM7
2,435185,37,rpm,795,456,36.7,36.7,3915,497,0,2576,2.499,1,COM7
2,435205,37,rpm,752,456,36.7,36.7,3915,497,0,2576,2.499,1,COM7
2,435226,37,rpm,764,456,36.7,36.7,3915,497,0,2576,2.499,1,COM7
2,435247,37,rpm,778,456,36.7,36.7,3915,497,0,2576,2.499,1,COM7
2,435268,37,rpm,578,456,36.7,36.7,3915,497,0,2576,2.499,1,COM7
2,435288,37,rpm,516,456,36.7,36.7,3915,497,0,2577,2.499,1,COM7
2,435309,37,rpm,547,456,36.7,36.7,3915,497,0,2577,2.499,1,COM7
2,435330,37,rpm,334,456,36.7,36.7,3915,497,0,2577,2.5,1,COM7
2,435351,37,rpm,240,456,36.7,36.7,3915,497,0,2577,2.5,1,COM7
2,435371,37,rpm,-387,456,36.7,36.7,3915,497,0,2577,2.5,1,COM7
2,435392,37,rpm,55,456,36.7,36.7,3915,497,0,2577,2.5,1,COM7
2,435413,37,rpm,354,456,36.7,36.7,3915,497,0,2578,2.5,1,COM7
2,435434,37,rpm,724,456,36.7,36.7,3915,497,0,2578,2.5,1,COM7
2,435454,37,rpm,742,456,36.7,36.7,3915,497,0,2578,2.5,1,COM7
2,435475,37,rpm,910,456,36.7,36.7,3915,497,0,2578,2.501,1,COM7
2,435496,37,rpm,734,456,36.7,36.7,3915,497,0,2578,2.501,1,COM7
2,435516,37,rpm,592,456,36.7,36.7,3915,497,0,2578,2.501,1,COM7
2,435537,37,rpm,666,456,36.7,36.7,3915,497,0,2578,2.501,1,COM7
2,435558,37,rpm,522,456,36.7,36.7,3915,497,0,2579,2.501,1,COM7
2,435579,37,rpm,365,456,36.7,36.7,3915,497,0,2579,2.501,1,COM7
2,435599,37,rpm,342,456,36.7,36.7,3915,497,0,2579,2.502,1,COM7
2,435620,37,rpm,-173,456,36.7,36.7,3915,497,0,2579,2.502,1,COM7
2,435641,37,rpm,-136,456,36.7,36.7,3915,497,0,2579,2.502,1,COM7
2,435662,37,rpm,184,456,36.7,36.7,3915,497,0,2579,2.502,1,COM7
2,435682,37,rpm,684,456,36.7,36.7,3915,497,0,2580,2.502,1,COM7
2,435703,37,rpm,644,456,36.7,36.7,3915,497,0,2580,2.502,1,COM7
2,435724,37,rpm,916,456,36.7,36.7,3915,497,0,2580,2.502,1,COM7
2,435745,37,rpm,816,456,36.7,36.7,3915,497,0,2580,2.503,1,COM7
2,435765,37,rpm,630,456,36.7,36.7,3915,497,0,2580,2.503,1,COM7
2,435786,37,rpm,603,456,36.7,36.7,3915,497,0,2580,2.503,1,COM7
2,435807,37,rpm,573,456,36.7,36.7,3915,497,0,2581,2.503,1,COM7
2,435828,37,rpm,471,456,36.7,36.7,3915,497,0,2581,2.503,1,COM7
2,435848,37,rpm,296,456,36.7,36.7,3915,497,0,2581,2.503,1,COM7
2,435869,37,rpm,156,456,36.7,36.7,3915,497,0,2581,2.504,1,COM7
2,435890,37,rpm,-376,456,36.7,36.7,3915,497,0,2581,2.504,1,COM7
2,435911,37,rpm,81,456,36.7,36.7,3915,497,0,2581,2.504,1,COM7
2,435931,37,rpm,468,456,36.7,36.7,3915,497,0,2581,2.504,1,COM7
2,435952,37,rpm,806,456,36.7,36.7,3915,497,0,2582,2.504,1,COM7
2,435973,37,rpm,776,456,36.7,36.7,3915,497,0,2582,2.504,1,COM7
2,435993,37,rpm,787,456,36.7,36.7,3915,497,0,2582,2.504,1,COM7
2,436014,37,rpm,785,456,36.7,36.7,3915,497,0,2582,2.505,1,COM7
2,436035,37,rpm,580,456,36.7,36.7,3915,497,0,2582,2.505,1,COM7
2,436056,37,rpm,565,456,36.7,36.7,3915,497,0,2582,2.505,1,COM7
2,436076,37,rpm,532,456,36.7,36.7,3915,497,0,2583,2.505,1,COM7
2,436097,37,rpm,366,456,36.7,36.7,3915,497,0,2583,2.505,1,COM7
2,436118,37,rpm,258,456,36.7,36.7,3915,497,0,2583,2.505,1,COM7
2,436139,37,rpm,-386,456,36.7,36.7,3915,497,0,2583,2.506,1,COM7
2,436159,37,rpm,50,456,36.7,36.7,3915,497,0,2583,2.506,1,COM7
2,436180,37,rpm,366,456,36.7,36.7,3915,497,0,2583,2.506,1,COM7
2,436201,37,rpm,689,456,36.7,36.7,3915,497,0,2583,2.506,1,COM7
2,436222,37,rpm,809,456,36.7,36.7,3915,497,0,2584,2.506,1,COM7
2,436242,37,rpm,924,456,36.7,36.7,3915,497,0,2584,2.506,1,COM7
2,436263,37,rpm,706,456,36.7,36.7,3915,497,0,2584,2.506,1,COM7
2,436284,37,rpm,595,456,36.7,36.7,3915,497,0,2584,2.507,1,COM7
2,436304,37,rpm,688,456,36.7,36.7,3915,497,0,2584,2.507,1,COM7
2,436325,37,rpm,487,456,36.7,36.7,3915,497,0,2584,2.507,1,COM7
2,436346,37,rpm,342,456,36.7,36.7,3915,497,0,2585,2.507,1,COM7
2,436367,37,rpm,286,456,36.7,36.7,3915,497,0,2585,2.507,1,COM7
2,436387,37,rpm,-350,456,36.7,36.7,3915,497,0,2585,2.507,1,COM7
2,436408,37,rpm,16,456,36.7,36.7,3915,497,0,2585,2.508,1,COM7
2,436429,37,rpm,304,456,36.7,36.7,3915,497,0,2585,2.508,1,COM7
2,436450,37,rpm,700,456,36.7,36.7,3915,497,0,2585,2.508,1,COM7
2,436470,37,rpm,684,456,36.7,36.7,3915,497,0,2586,2.508,1,COM7
2,436491,37,rpm,896,456,36.7,36.7,3915,497,0,2586,2.508,1,COM7
2,436512,37,rpm,783,456,36.7,36.7,3915,497,0,2586,2.508,1,COM7
2,436533,37,rpm,652,456,36.7,36.7,3915,497,0,2586,2.508,1,COM7
2,436553,37,rpm,556,456,36.7,36.7,3915,497,0,2586,2.509,1,COM7
2,436574,37,rpm,561,456,36.7,36.7,3915,497,0,2586,2.509,1,COM7
2,436595,37,rpm,445,456,36.7,36.7,3915,497,0,2586,2.509,1,COM7
2,436616,37,rpm,277,456,36.7,36.7,3915,497,0,2587,2.509,1,COM7
2,436636,37,rpm,-13,456,36.7,36.7,3915,497,0,2587,2.509,1,COM7
2,436657,37,rpm,-244,456,36.7,36.7,3915,497,0,2587,2.509,1,COM7
2,436678,37,rpm,101,456,36.7,36.7,3915,497,0,2587,2.51,1,COM7
2,436699,37,rpm,596,456,36.7,36.7,3915,497,0,2587,2.51,1,COM7
2,436719,37,rpm,816,456,36.7,36.7,3915,497,0,2587,2.51,1,COM7
2,436740,37,rpm,791,456,36.7,36.7,3915,497,0,2588,2.51,1,COM7
2,436761,37,rpm,732,456,36.7,36.7,3915,497,0,2588,2.51,1,COM7
2,436781,37,rpm,781,456,36.7,36.7,3915,497,0,2588,2.51,1,COM7
2,436802,37,rpm,584,456,36.7,36.7,3915,497,0,2588,2.51,1,COM7
2,436823,37,rpm,535,456,36.7,36.7,3915,497,0,2588,2.511,1,COM7
2,436844,37,rpm,497,456,36.7,36.7,3915,497,0,2588,2.511,1,COM7
2,436865,37,rpm,337,456,36.7,36.7,3915,497,0,2589,2.511,1,COM7
2,436885,37,rpm,224,456,36.7,36.7,3915,497,0,2589,2.511,1,COM7
2,436906,37,rpm,-403,456,36.7,36.7,3915,497,0,2589,2.511,1,COM7
2,436927,37,rpm,56,456,36.7,36.7,3915,497,0,2589,2.511,1,COM7
2,436948,37,rpm,408,456,36.7,36.7,3915,497,0,2589,2.511,1,COM7
2,436968,37,rpm,697,456,36.7,36.7,3915,497,0,2589,2.512,1,COM7
2,436989,37,rpm,729,456,36.7,36.7,3915,497,0,2589,2.512,1,COM7
2,437010,37,rpm,957,456,36.7,36.7,3915,497,0,2590,2.512,1,COM7
2,437031,37,rpm,713,456,36.7,36.7,3915,497,0,2590,2.512,1,COM7
2,437051,37,rpm,572,456,36.7,36.7,3915,497,0,2590,2.512,1,COM7
2,437072,37,rpm,676,456,36.7,36.7,3915,497,0,2590,2.512,1,COM7
2,437093,37,rpm,520,456,36.7,36.7,3915,497,0,2590,2.513,1,COM7
2,437113,37,rpm,352,456,36.7,36.7,3915,497,0,2590,2.513,1,COM7
2,437134,37,rpm,339,456,36.7,36.7,3915,497,0,2591,2.513,1,COM7
2,437155,37,rpm,-200,456,36.7,36.7,3915,497,0,2591,2.513,1,COM7
2,437176,37,rpm,-111,455,36.7,36.7,3915,497,0,2591,2.513,1,COM7
2,437196,37,rpm,194,455,36.7,36.7,3915,497,0,2591,2.513,1,COM7
2,437217,37,rpm,689,455,36.7,36.7,3915,497,0,2591,2.513,1,COM7
2,437238,37,rpm,683,455,36.7,36.7,3915,497,0,2591,2.514,1,COM7
2,437258,37,rpm,837,455,36.7,36.7,3915,497,0,2592,2.514,1,COM7
2,437279,37,rpm,837,455,36.7,36.7,3915,497,0,2592,2.514,1,COM7
2,437300,37,rpm,694,455,36.7,36.7,3915,497,0,2592,2.514,1,COM7
2,437321,37,rpm,531,455,36.7,36.7,3915,497,0,2592,2.514,1,COM7
2,437341,37,rpm,592,455,36.7,36.7,3915,497,0,2592,2.514,1,COM7
2,437362,37,rpm,489,455,36.7,36.7,3915,497,0,2592,2.515,1,COM7
2,437383,37,rpm,290,455,36.7,36.7,3915,497,0,2592,2.515,1,COM7
2,437404,37,rpm,131,455,36.7,36.7,3915,497,0,2593,2.515,1,COM7
2,437424,37,rpm,-365,455,36.7,36.7,3915,497,0,2593,2.515,1,COM7
2,437445,37,rpm,92,455,36.7,36.7,3915,497,0,2593,2.515,1,COM7
2,437466,37,rpm,488,455,36.7,36.7,3915,497,0,2593,2.515,1,COM7
2,437487,37,rpm,798,455,36.7,36.7,3915,497,0,2593,2.515,1,COM7
2,437508,37,rpm,793,455,36.7,36.7,3915,497,0,2593,2.516,1,COM7
2,437528,37,rpm,755,455,36.7,36.7,3915,497,0,2594,2.516,1,COM7
2,437549,37,rpm,771,455,36.7,36.7,3915,497,0,2594,2.516,1,COM7
2,437570,37,rpm,603,455,36.7,36.7,3915,497,0,2594,2.516,1,COM7
2,437591,37,rpm,576,455,36.7,36.7,3915,497,0,2594,2.516,1,COM7
2,437611,37,rpm,483,455,36.7,36.7,3915,497,0,2594,2.516,1,COM7
2,437632,37,rpm,346,455,36.7,36.7,3915,497,0,2594,2.517,1,COM7
2,437653,37,rpm,256,455,36.7,36.7,3915,497,0,2595,2.517,1,COM7
2,437674,37,rpm,-400,455,36.7,36.7,3915,497,0,2595,2.517,1,COM7
2,437694,37,rpm,50,455,36.7,36.7,3915,497,0,2595,2.517,1,COM7
2,437715,37,rpm,405,455,36.7,36.7,3915,497,0,2595,2.517,1,COM7
2,437736,37,rpm,695,455,36.7,36.7,3915,497,0,2595,2.517,1,COM7
2,437757,37,rpm,762,455,36.7,36.7,3915,497,0,2595,2.517,1,COM7
2,437777,37,rpm,946,455,36.7,36.7,3915,497,0,2595,2.518,1,COM7
2,437798,37,rpm,724,455,36.7,36.7,3915,497,0,2596,2.518,1,COM7
2,437819,37,rpm,572,455,36.7,36.7,3915,497,0,2596,2.518,1,COM7
2,437840,37,rpm,671,455,36.7,36.7,3915,497,0,2596,2.518,1,COM7
2,437860,37,rpm,499,455,36.7,36.7,3915,497,0,2596,2.518,1,COM7
2,437881,37,rpm,337,455,36.7,36.7,3915,497,0,2596,2.518,1,COM7
2,437902,37,rpm,254,455,36.7,36.7,3915,497,0,2596,2.519,1,COM7
2,437923,37,rpm,-369,455,36.7,36.7,3915,497,0,2597,2.519,1,COM7
2,437944,37,rpm,37,455,36.7,36.7,3915,497,0,2597,2.519,1,COM7
2,437964,37,rpm,335,455,36.7,36.7,3915,497,0,2597,2.519,1,COM7
2,437985,37,rpm,711,455,36.7,36.7,3915,497,0,2597,2.519,1,COM7
2,438006,37,rpm,854,455,36.7,36.7,3915,497,0,2597,2.519,1,COM7
2,438026,37,rpm,762,455,36.7,36.7,3915,497,0,2597,2.519,1,COM7
2,438047,37,rpm,739,455,36.7,36.7,3915,497,0,2598,2.52,1,COM7
2,438068,37,rpm,723,455,36.7,36.7,3915,497,0,2598,2.52,1,COM7
2,438089,37,rpm,534,455,36.7,36.7,3915,497,0,2598,2.52,1,COM7
2,438109,37,rpm,510,455,36.7,36.7,3915,497,0,2598,2.52,1,COM7
2,438130,37,rpm,453,455,36.7,36.7,3915,497,0,2598,2.52,1,COM7
2,438151,37,rpm,285,455,36.7,36.7,3915,497,0,2598,2.52,1,COM7
2,438172,37,rpm,-142,455,36.7,36.7,3915,497,0,2598,2.521,1,COM7
2,438192,37,rpm,-146,455,36.7,36.7,3915,497,0,2599,2.521,1,COM7
2,438213,37,rpm,170,455,36.7,36.7,3915,497,0,2599,2.521,1,COM7
2,438234,37,rpm,600,455,36.7,36.7,3915,497,0,2599,2.521,1,COM7
2,438255,37,rpm,793,455,36.7,36.7,3915,497,0,2599,2.521,1,COM7
2,438275,37,rpm,818,455,36.7,36.7,3915,497,0,2599,2.521,1,COM7
2,438296,37,rpm,773,455,36.7,36.7,3915,497,0,2599,2.521,1,COM7
2,438317,37,rpm,693,455,36.7,36.7,3915,497,0,2600,2.522,1,COM7
2,438338,37,rpm,600,455,36.7,36.7,3915,497,0,2600,2.522,1,COM7
2,438358,37,rpm,594,455,36.7,36.7,3915,497,0,2600,2.522,1,COM7
2,438379,37,rpm,460,455,36.7,36.7,3915,497,0,2600,2.522,1,COM7
2,438400,37,rpm,313,455,36.7,36.7,3915,497,0,2600,2.522,1,COM7
2,438421,37,rpm,218,455,36.7,36.7,3915,497,0,2600,2.522,1,COM7
2,438441,37,rpm,-379,455,36.7,36.7,3915,497,0,2601,2.522,1,COM7
2,438462,37,rpm,63,455,36.7,36.7,3915,497,0,2601,2.523,1,COM7
2,438483,37,rpm,455,455,36.7,36.7,3915,497,0,2601,2.523,1,COM7
2,438504,37,rpm,699,455,36.7,36.7,3915,497,0,2601,2.523,1,COM7
2,438524,37,rpm,702,455,36.7,36.7,3915,497,0,2601,2.523,1,COM7
2,438545,37,rpm,980,455,36.7,36.7,3915,497,0,2601,2.523,1,COM7
2,438566,37,rpm,715,455,36.7,36.7,3915,497,0,2601,2.523,1,COM7
2,438587,37,rpm,552,455,36.7,36.7,3915,497,0,2602,2.524,1,COM7
2,438607,37,rpm,651,455,36.7,36.7,3915,497,0,2602,2.524,1,COM7
2,438628,37,rpm,535,455,36.7,36.7,3915,497,0,2602,2.524,1,COM7
2,438649,37,rpm,361,455,36.7,36.7,3915,497,0,2602,2.524,1,COM7
2,438669,37,rpm,290,455,36.7,36.7,3915,497,0,2602,2.524,1,COM7
2,438690,37,rpm,-290,455,36.7,36.7,3915,497,0,2602,2.524,1,COM7
2,438711,37,rpm,-49,455,36.7,36.7,3915,497,0,2603,2.524,1,COM7
2,438732,37,rpm,198,455,36.7,36.7,3915,497,0,2603,2.525,1,COM7
2,438752,37,rpm,712,455,36.7,36.7,3915,497,0,2603,2.525,1,COM7
2,438773,37,rpm,846,455,36.7,36.7,3915,497,0,2603,2.525,1,COM7
2,438794,37,rpm,753,455,36.7,36.7,3915,497,0,2603,2.525,1,COM7
2,438815,37,rpm,780,455,36.7,36.7,3915,497,0,2603,2.525,1,COM7
2,438835,37,rpm,720,455,36.7,36.7,3915,497,0,2603,2.525,1,COM7
2,438856,37,rpm,565,455,36.7,36.7,3915,497,0,2604,2.526,1,COM7
2,438877,37,rpm,511,455,36.7,36.7,3915,497,0,2604,2.526,1,COM7
2,438898,37,rpm,496,455,36.7,36.7,3915,497,0,2604,2.526,1,COM7
2,438918,37,rpm,300,455,36.7,36.7,3915,497,0,2604,2.526,1,COM7
2,438939,37,rpm,67,455,36.7,36.7,3915,497,0,2604,2.526,1,COM7
2,438960,37,rpm,-341,455,36.7,36.7,3915,497,0,2604,2.526,1,COM7
2,438980,37,rpm,99,455,36.7,36.7,3915,497,0,2605,2.526,1,COM7
2,439001,37,rpm,511,455,36.7,36.7,3915,497,0,2605,2.527,1,COM7
2,439022,37,rpm,759,455,36.7,36.7,3915,497,0,2605,2.527,1,COM7
2,439043,37,rpm,828,455,36.7,36.7,3915,497,0,2605,2.527,1,COM7
2,439063,37,rpm,819,455,36.7,36.7,3915,497,0,2605,2.527,1,COM7
2,439084,37,rpm,686,455,36.7,36.7,3915,497,0,2605,2.527,1,COM7
2,439105,37,rpm,591,455,36.7,36.7,3915,497,0,2606,2.527,1,COM7
2,439126,37,rpm,619,455,36.7,36.7,3915,497,0,2606,2.528,1,COM7
2,439146,37,rpm,464,455,36.7,36.7,3915,497,0,2606,2.528,1,COM7
2,439167,37,rpm,323,455,36.7,36.7,3915,497,0,2606,2.528,1,COM7
2,439188,37,rpm,243,455,36.7,36.7,3915,497,0,2606,2.528,1,COM7
2,439209,37,rpm,-397,455,36.7,36.7,3915,497,0,2606,2.528,1,COM7
2,439229,37,rpm,61,455,36.7,36.7,3915,497,0,2606,2.528,1,COM7
2,439250,37,rpm,449,455,36.7,36.7,3915,497,0,2607,2.528,1,COM7
2,439271,37,rpm,707,455,36.7,36.7,3915,497,0,2607,2.529,1,COM7
2,439292,37,rpm,768,455,36.7,36.7,3915,497,0,2607,2.529,1,COM7
2,439313,37,rpm,917,455,36.7,36.7,3915,497,0,2607,2.529,1,COM7
2,439333,37,rpm,748,455,36.7,36.7,3915,497,0,2607,2.529,1,COM7
2,439354,37,rpm,596,455,36.7,36.7,3915,497,0,2607,2.529,1,COM7
2,439375,37,rpm,587,455,36.7,36.7,3915,497,0,2608,2.529,1,COM7
2,439395,37,rpm,504,455,36.7,36.7,3915,497,0,2608,2.53,1,COM7
2,439416,37,rpm,361,455,36.7,36.7,3915,497,0,2608,2.53,1,COM7
2,439437,37,rpm,222,455,36.7,36.7,3915,497,0,2608,2.53,1,COM7
2,439458,37,rpm,-389,455,36.7,36.7,3915,497,0,2608,2.53,1,COM7
2,439478,37,rpm,48,455,36.7,36.7,3915,497,0,2608,2.53,1,COM7
2,439499,37,rpm,346,455,36.7,36.7,3915,497,0,2609,2.53,1,COM7
2,439520,37,rpm,670,455,36.7,36.7,3915,497,0,2609,2.53,1,COM7
2,439541,37,rpm,931,455,36.7,36.7,3915,497,0,2609,2.531,1,COM7
2,439561,37,rpm,762,455,36.7,36.7,3915,497,0,2609,2.531,1,COM7
2,439582,37,rpm,728,455,36.7,36.7,3915,497,0,2609,2.531,1,COM7
2,439603,37,rpm,715,455,36.7,36.7,3915,497,0,2609,2.531,1,COM7
2,439623,37,rpm,561,455,36.7,36.7,3915,497,0,2609,2.531,1,COM7
2,439644,37,rpm,487,455,36.7,36.7,3915,497,0,2610,2.531,1,COM7
2,439665,37,rpm,449,455,36.7,36.7,3915,497,0,2610,2.532,1,COM7
2,439686,37,rpm,292,455,36.7,36.7,3915,497,0,2610,2.532,1,COM7
2,439706,37,rpm,-224,455,36.7,36.7,3915,497,0,2610,2.532,1,COM7
2,439727,37,rpm,-86,455,36.7,36.7,3915,497,0,2610,2.532,1,COM7
2,439748,37,rpm,191,455,36.7,36.7,3915,497,0,2610,2.532,1,COM7
2,439769,37,rpm,663,455,36.7,36.7,3915,497,0,2611,2.532,1,COM7
2,439789,37,rpm,764,455,36.7,36.7,3915,497,0,2611,2.532,1,COM7
2,439810,37,rpm,849,455,36.7,36.7,3915,497,0,2611,2.533,1,COM7
2,439831,37,rpm,799,455,36.7,36.7,3915,497,0,2611,2.533,1,COM7
2,439852,37,rpm,650,455,36.7,36.7,3915,497,0,2611,2.533,1,COM7
2,439872,37,rpm,569,455,36.7,36.7,3915,497,0,2611,2.533,1,COM7
2,439893,37,rpm,617,455,36.7,36.7,3915,497,0,2612,2.533,1,COM7
2,439914,37,rpm,431,455,36.7,36.7,3915,497,0,2612,2.533,1,COM7
2,439935,37,rpm,312,455,36.7,36.7,3915,497,0,2612,2.533,1,COM7
2,439955,37,rpm,189,455,36.7,36.7,3915,497,0,2612,2.534,1,COM7
2,439976,37,rpm,-359,455,36.7,36.7,3915,497,0,2612,2.534,1,COM7
2,439997,37,rpm,59,455,36.7,36.7,3915,497,0,2612,2.534,1,COM7
2,440017,37,rpm,482,455,36.7,36.7,3915,497,0,2612,2.534,1,COM7
2,440038,37,rpm,720,455,36.7,36.7,3915,497,0,2613,2.534,1,COM7
2,440059,37,rpm,691,455,36.7,36.7,3915,497,0,2613,2.534,1,COM7
2,440080,37,rpm,953,455,36.7,36.7,3915,497,0,2613,2.535,1,COM7
2,440100,37,rpm,729,455,36.7,36.7,3915,497,0,2613,2.535,1,COM7
2,440121,37,rpm,593,455,36.7,36.7,3915,497,0,2613,2.535,1,COM7
2,440142,37,rpm,586,455,36.7,36.7,3915,497,0,2613,2.535,1,COM7
2,440163,37,rpm,534,455,36.7,36.7,3915,497,0,2614,2.535,1,COM7
2,440183,37,rpm,378,455,36.7,36.7,3915,497,0,2614,2.535,1,COM7
2,440204,37,rpm,265,455,36.7,36.7,3915,497,0,2614,2.535,1,COM7
2,440225,37,rpm,-313,455,36.7,36.7,3915,497,0,2614,2.536,1,COM7
2,440246,37,rpm,-20,455,36.7,36.7,3915,497,0,2614,2.536,1,COM7
2,440266,37,rpm,234,455,36.7,36.7,3915,497,0,2614,2.536,1,COM7
2,440287,37,rpm,668,455,36.7,36.7,3915,497,0,2615,2.536,1,COM7
2,440308,37,rpm,872,455,36.7,36.7,3915,497,0,2615,2.536,1,COM7
2,440328,37,rpm,772,455,36.7,36.7,3915,497,0,2615,2.536,1,COM7
2,440349,37,rpm,721,455,36.7,36.7,3915,497,0,2615,2.537,1,COM7
2,440370,37,rpm,751,455,36.7,36.7,3915,497,0,2615,2.537,1,COM7
2,440391,37,rpm,579,455,36.7,36.7,3915,497,0,2615,2.537,1,COM7
2,440411,37,rpm,509,455,36.7,36.7,3915,497,0,2615,2.537,1,COM7
2,440432,37,rpm,482,455,36.7,36.7,3915,497,0,2616,2.537,1,COM7
2,440453,37,rpm,306,455,36.7,36.7,3915,497,0,2616,2.537,1,COM7
2,440474,37,rpm,47,455,36.7,36.7,3915,497,0,2616,2.537,1,COM7
2,440494,37,rpm,-298,455,36.7,36.7,3915,497,0,2616,2.538,1,COM7
2,440515,37,rpm,108,455,36.7,36.7,3915,497,0,2616,2.538,1,COM7
2,440536,37,rpm,551,455,36.7,36.7,3915,497,0,2616,2.538,1,COM7
2,440556,37,rpm,733,455,36.7,36.7,3915,497,0,2617,2.538,1,COM7
2,440577,37,rpm,813,455,36.7,36.7,3915,497,0,2617,2.538,1,COM7
2,440598,37,rpm,894,455,36.7,36.7,3915,497,0,2617,2.538,1,COM7
2,440619,37,rpm,643,455,36.7,36.7,3915,497,0,2617,2.539,1,COM7
2,440639,37,rpm,568,455,36.7,36.7,3915,497,0,2617,2.539,1,COM7
2,440660,37,rpm,639,455,36.7,36.7,3915,497,0,2617,2.539,1,COM7
2,440681,37,rpm,463,455,36.7,36.7,3915,497,0,2618,2.539,1,COM7
2,440702,37,rpm,321,455,36.7,36.7,3915,497,0,2618,2.539,1,COM7
2,440722,37,rpm,233,455,36.7,36.7,3915,497,0,2618,2.539,1,COM7
2,440743,37,rpm,-403,455,36.7,36.7,3915,497,0,2618,2.539,1,COM7
2,440764,37,rpm,64,455,36.7,36.7,3915,497,0,2618,2.54,1,COM7
2,440784,37,rpm,456,455,36.7,36.7,3915,497,0,2618,2.54,1,COM7
2,440805,37,rpm,737,455,36.7,36.7,3915,497,0,2618,2.54,1,COM7
2,440826,37,rpm,762,455,36.7,36.7,3915,497,0,2619,2.54,1,COM7
2,440847,37,rpm,875,455,36.7,36.7,3915,497,0,2619,2.54,1,COM7
2,440867,37,rpm,782,455,36.7,36.7,3915,497,0,2619,2.54,1,COM7
2,440888,37,rpm,619,455,36.7,36.7,3915,497,0,2619,2.541,1,COM7
2,440909,37,rpm,546,455,36.7,36.7,3915,497,0,2619,2.541,1,COM7
2,440929,37,rpm,498,455,36.7,36.7,3915,497,0,2619,2.541,1,COM7
2,440950,37,rpm,374,455,36.7,36.7,3915,497,0,2620,2.541,1,COM7
2,440971,37,rpm,209,455,36.7,36.7,3915,497,0,2620,2.541,1,COM7
2,440992,37,rpm,-388,455,36.7,36.7,3915,497,0,2620,2.541,1,COM7
2,441013,37,rpm,57,455,36.7,36.7,3915,497,0,2620,2.541,1,COM7
2,441033,37,rpm,377,455,36.7,36.7,3915,497,0,2620,2.542,1,COM7
2,441054,37,rpm,655,455,36.7,36.7,3915,497,0,2620,2.542,1,COM7
2,441075,37,rpm,937,455,36.8,36.8,3925,496,0,2620,2.542,1,COM7
2,441096,37,rpm,784,455,36.8,36.8,3925,496,0,2621,2.542,1,COM7
2,441116,37,rpm,670,455,36.8,36.8,3925,496,0,2621,2.542,1,COM7
2,441137,37,rpm,733,455,36.8,36.8,3925,496,0,2621,2.542,1,COM7
2,441158,37,rpm,584,455,36.8,36.8,3925,496,0,2621,2.542,1,COM7
2,441179,37,rpm,516,455,36.8,36.8,3925,496,0,2621,2.543,1,COM7
2,441200,37,rpm,413,455,36.8,36.8,3925,496,0,2621,2.543,1,COM7
2,441220,37,rpm,283,455,36.8,36.8,3925,496,0,2622,2.543,1,COM7
2,441241,37,rpm,-192,455,36.8,36.8,3925,496,0,2622,2.543,1,COM7
2,441262,37,rpm,-78,455,36.8,36.8,3925,496,0,2622,2.543,1,COM7
2,441283,37,rpm,189,455,36.8,36.8,3925,496,0,2622,2.543,1,COM7
2,441303,37,rpm,713,455,36.8,36.8,3925,496,0,2622,2.544,1,COM7
2,441324,37,rpm,754,455,36.8,36.8,3925,496,0,2622,2.544,1,COM7
2,441345,37,rpm,736,455,36.8,36.8,3925,496,0,2623,2.544,1,COM7
2,441366,37,rpm,875,455,36.8,36.8,3925,496,0,2623,2.544,1,COM7
2,441387,37,rpm,664,455,36.8,36.8,3925,496,0,2623,2.544,1,COM7
2,441407,37,rpm,543,455,36.8,36.8,3925,496,0,2623,2.544,1,COM7
2,441428,37,rpm,599,455,36.8,36.8,3925,496,0,2623,2.544,1,COM7
2,441449,37,rpm,462,455,36.8,36.8,3925,496,0,2623,2.545,1,COM7
2,441470,37,rpm,309,455,36.8,36.8,3925,496,0,2623,2.545,1,COM7
2,441491,37,rpm,64,455,36.8,36.8,3925,496,0,2624,2.545,1,COM7
2,441511,37,rpm,-301,455,36.8,36.8,3925,496,0,2624,2.545,1,COM7
2,441532,37,rpm,94,455,36.8,36.8,3925,496,0,2624,2.545,1,COM7
2,441553,37,rpm,524,455,36.8,36.8,3925,496,0,2624,2.545,1,COM7
2,441574,37,rpm,728,455,36.8,36.8,3925,496,0,2624,2.546,1,COM7
2,441594,37,rpm,899,455,36.8,36.8,3925,496,0,2624,2.546,1,COM7
2,441615,37,rpm,767,455,36.8,36.8,3925,496,0,2625,2.546,1,COM7
2,441636,37,rpm,684,455,36.8,36.8,3925,496,0,2625,2.546,1,COM7
2,441657,37,rpm,692,456,36.8,36.8,3925,496,0,2625,2.546,1,COM7
2,441677,37,rpm,534,456,36.8,36.8,3925,496,0,2625,2.546,1,COM7
2,441698,37,rpm,495,456,36.8,36.8,3925,496,0,2625,2.546,1,COM7
2,441719,37,rpm,394,456,36.8,36.8,3925,496,0,2625,2.547,1,COM7
2,441740,37,rpm,246,456,36.8,36.8,3925,496,0,2626,2.547,1,COM7
2,441761,37,rpm,-388,456,36.8,36.8,3925,496,0,2626,2.547,1,COM7
2,441781,37,rpm,49,456,36.8,36.8,3925,496,0,2626,2.547,1,COM7
2,441802,37,rpm,365,456,36.8,36.8,3925,496,0,2626,2.547,1,COM7
2,441823,37,rpm,666,456,36.8,36.8,3925,496,0,2626,2.547,1,COM7
2,441844,37,rpm,764,456,36.8,36.8,3925,496,0,2626,2.548,1,COM7
2,441865,37,rpm,868,456,36.8,36.8,3925,496,0,2626,2.548,1,COM7
2,441886,37,rpm,758,456,36.8,36.8,3925,496,0,2627,2.548,1,COM7
2,441906,37,rpm,643,456,36.8,36.8,3925,496,0,2627,2.548,1,COM7
2,441927,37,rpm,574,456,36.8,36.8,3925,496,0,2627,2.548,1,COM7
2,441948,37,rpm,558,456,36.8,36.8,3925,496,0,2627,2.548,1,COM7
2,441969,37,rpm,407,456,36.8,36.8,3925,496,0,2627,2.548,1,COM7
2,441989,37,rpm,266,456,36.8,36.8,3925,496,0,2627,2.549,1,COM7
2,442010,37,rpm,-171,456,36.8,36.8,3925,496,0,2628,2.549,1,COM7
2,442031,37,rpm,-108,456,36.8,36.8,3925,496,0,2628,2.549,1,COM7
2,442052,37,rpm,165,456,36.8,36.8,3925,496,0,2628,2.549,1,COM7
2,442072,37,rpm,646,456,36.8,36.8,3925,496,0,2628,2.549,1,COM7
2,442093,37,rpm,768,456,36.8,36.8,3925,496,0,2628,2.549,1,COM7
2,442114,37,rpm,949,456,36.8,36.8,3925,496,0,2628,2.55,1,COM7
2,442135,37,rpm,686,456,36.8,36.8,3925,496,0,2629,2.55,1,COM7
2,442156,37,rpm,661,456,36.8,36.8,3925,496,0,2629,2.55,1,COM7
2,442176,37,rpm,665,456,36.8,36.8,3925,496,0,2629,2.55,1,COM7
2,442197,37,rpm,527,456,36.8,36.8,3925,496,0,2629,2.55,1,COM7
2,442218,37,rpm,400,456,36.8,36.8,3925,496,0,2629,2.55,1,COM7
2,442239,37,rpm,361,456,36.8,36.8,3925,496,0,2629,2.55,1,COM7
2,442260,37,rpm,-6,456,36.8,36.8,3925,496,0,2629,2.551,1,COM7
2,442280,37,rpm,-260,456,36.8,36.8,3925,496,0,2630,2.551,1,COM7
2,442301,37,rpm,110,456,36.8,36.8,3925,496,0,2630,2.551,1,COM7
2,442322,37,rpm,598,456,36.8,36.8,3925,496,0,2630,2.551,1,COM7
2,442343,37,rpm,737,456,36.8,36.8,3925,496,0,2630,2.551,1,COM7
2,442364,37,rpm,882,456,36.8,36.8,3925,496,0,2630,2.551,1,COM7
2,442384,37,rpm,751,456,36.8,36.8,3925,496,0,2630,2.552,1,COM7
2,442405,37,rpm,764,456,36.8,36.8,3925,496,0,2631,2.552,1,COM7
2,442426,37,rpm,619,456,36.8,36.8,3925,496,0,2631,2.552,1,COM7
2,442447,37,rpm,510,456,36.8,36.8,3925,496,0,2631,2.552,1,COM7
2,442467,37,rpm,478,456,36.8,36.8,3925,496,0,2631,2.552,1,COM7
2,442488,37,rpm,312,456,36.8,36.8,3925,496,0,2631,2.552,1,COM7
2,442509,37,rpm,50,456,36.8,36.8,3925,496,0,2631,2.552,1,COM7
2,442530,37,rpm,-299,456,36.8,36.8,3925,496,0,2632,2.553,1,COM7
2,442550,37,rpm,110,456,36.8,36.8,3925,496,0,2632,2.553,1,COM7
2,442571,37,rpm,518,456,36.8,36.8,3925,496,0,2632,2.553,1,COM7
2,442592,37,rpm,745,456,36.8,36.8,3925,496,0,2632,2.553,1,COM7
2,442613,37,rpm,891,456,36.8,36.8,3925,496,0,2632,2.553,1,COM7
2,442633,37,rpm,774,456,36.8,36.8,3925,496,0,2632,2.553,1,COM7
2,442654,37,rpm,661,456,36.8,36.8,3925,496,0,2632,2.554,1,COM7
2,442675,37,rpm,660,456,36.8,36.8,3925,496,0,2633,2.554,1,COM7
2,442696,37,rpm,634,456,36.8,36.8,3925,496,0,2633,2.554,1,COM7
2,442717,37,rpm,425,456,36.8,36.8,3925,496,0,2633,2.554,1,COM7
2,442737,37,rpm,336,456,36.8,36.8,3925,496,0,2633,2.554,1,COM7
2,442758,37,rpm,251,456,36.8,36.8,3925,496,0,2633,2.554,1,COM7
2,442779,37,rpm,-399,456,36.8,36.8,3925,496,0,2633,2.554,1,COM7
2,442800,37,rpm,41,456,36.8,36.8,3925,496,0,2634,2.555,1,COM7
2,442820,37,rpm,419,456,36.8,36.8,3925,496,0,2634,2.555,1,COM7
2,442841,37,rpm,663,456,36.8,36.8,3925,496,0,2634,2.555,1,COM7
2,442862,37,rpm,751,456,36.8,36.8,3925,496,0,2634,2.555,1,COM7
2,442883,37,rpm,924,456,36.8,36.8,3925,496,0,2634,2.555,1,COM7
2,442903,37,rpm,701,456,36.8,36.8,3925,496,0,2634,2.555,1,COM7
2,442924,37,rpm,627,456,36.8,36.8,3925,496,0,2635,2.556,1,COM7
2,442945,37,rpm,605,456,36.8,36.8,3925,496,0,2635,2.556,1,COM7
2,442966,37,rpm,528,456,36.8,36.8,3925,496,0,2635,2.556,1,COM7
2,442987,37,rpm,386,456,36.8,36.8,3925,496,0,2635,2.556,1,COM7
2,443007,37,rpm,284,456,36.8,36.8,3925,496,0,2635,2.556,1,COM7
2,443028,37,rpm,-174,456,36.8,36.8,3925,496,0,2635,2.556,1,COM7
2,443049,37,rpm,-97,456,36.8,36.8,3925,496,0,2635,2.556,1,COM7
2,443070,37,rpm,195,456,36.8,36.8,3925,496,0,2636,2.557,1,COM7
2,443091,37,rpm,590,456,36.8,36.8,3925,496,0,2636,2.557,1,COM7
2,443111,37,rpm,818,456,36.8,36.8,3925,496,0,2636,2.557,1,COM7
2,443132,37,rpm,891,456,36.8,36.8,3925,496,0,2636,2.557,1,COM7
2,443153,37,rpm,680,456,36.8,36.8,3925,496,0,2636,2.557,1,COM7
2,443174,37,rpm,744,456,36.8,36.8,3925,496,0,2636,2.557,1,COM7
2,443194,37,rpm,633,456,36.8,36.8,3925,496,0,2637,2.557,1,COM7
2,443215,37,rpm,552,456,36.8,36.8,3925,496,0,2637,2.558,1,COM7
2,443236,37,rpm,440,456,36.8,36.8,3925,496,0,2637,2.558,1,COM7
2,443257,37,rpm,369,456,36.8,36.8,3925,496,0,2637,2.558,1,COM7
2,443277,37,rpm,79,456,36.8,36.8,3925,496,0,2637,2.558,1,COM7
2,443298,37,rpm,-331,456,36.8,36.8,3925,496,0,2637,2.558,1,COM7
2,443319,37,rpm,94,456,36.8,36.8,3925,496,0,2638,2.558,1,COM7
2,443340,37,rpm,601,456,36.8,36.8,3925,496,0,2638,2.559,1,COM7
2,443360,37,rpm,639,456,36.8,36.8,3925,496,0,2638,2.559,1,COM7
2,443381,37,rpm,780,456,36.8,36.8,3925,496,0,2638,2.559,1,COM7
2,443402,37,rpm,971,456,36.8,36.8,3925,496,0,2638,2.559,1,COM7
2,443423,37,rpm,627,456,36.8,36.8,3925,496,0,2638,2.559,1,COM7
2,443444,37,rpm,602,456,36.8,36.8,3925,496,0,2638,2.559,1,COM7
2,443464,37,rpm,623,456,36.8,36.8,3925,496,0,2639,2.559,1,COM7
2,443485,37,rpm,488,456,36.8,36.8,3925,496,0,2639,2.56,1,COM7
2,443506,37,rpm,355,456,36.8,36.8,3925,496,0,2639,2.56,1,COM7
2,443527,37,rpm,264,456,36.8,36.8,3925,496,0,2639,2.56,1,COM7
2,443547,37,rpm,-413,456,36.8,36.8,3925,496,0,2639,2.56,1,COM7
2,443568,37,rpm,36,456,36.8,36.8,3925,496,0,2639,2.56,1,COM7
2,443589,37,rpm,305,456,36.8,36.8,3925,496,0,2640,2.56,1,COM7
2,443610,37,rpm,679,456,36.8,36.8,3925,496,0,2640,2.561,1,COM7
2,443631,37,rpm,874,456,36.8,36.8,3925,496,0,2640,2.561,1,COM7
2,443651,37,rpm,860,456,36.8,36.8,3925,496,0,2640,2.561,1,COM7
2,443672,37,rpm,650,456,36.8,36.8,3925,496,0,2640,2.561,1,COM7
2,443693,37,rpm,720,456,36.8,36.8,3925,496,0,2640,2.561,1,COM7
2,443714,37,rpm,604,456,36.8,36.8,3925,496,0,2641,2.561,1,COM7
2,443734,37,rpm,499,456,36.8,36.8,3925,496,0,2641,2.561,1,COM7
2,443755,37,rpm,401,456,36.8,36.8,3925,496,0,2641,2.562,1,COM7
2,443776,37,rpm,306,456,36.8,36.8,3925,496,0,2641,2.562,1,COM7
2,443797,37,rpm,-285,456,36.8,36.8,3925,496,0,2641,2.562,1,COM7
2,443817,37,rpm,-40,456,36.8,36.8,3925,496,0,2641,2.562,1,COM7
2,443838,37,rpm,222,456,36.8,36.8,3925,496,0,2641,2.562,1,COM7
2,443859,37,rpm,733,456,36.8,36.8,3925,496,0,2642,2.562,1,COM7
2,443880,37,rpm,661,456,36.8,36.8,3925,496,0,2642,2.563,1,COM7
2,443900,37,rpm,953,456,36.8,36.8,3925,496,0,2642,2.563,1,COM7
2,443921,37,rpm,862,456,36.8,36.8,3925,496,0,2642,2.563,1,COM7
2,443942,37,rpm,611,456,36.8,36.8,3925,496,0,2642,2.563,1,COM7
2,443963,37,rpm,576,456,36.8,36.8,3925,496,0,2642,2.563,1,COM7
2,443984,37,rpm,591,456,36.8,36.8,3925,496,0,2643,2.563,1,COM7
2,444004,37,rpm,379,456,36.8,36.8,3925,496,0,2643,2.563,1,COM7
2,444025,37,rpm,269,456,36.8,36.8,3925,496,0,2643,2.564,1,COM7
2,444046,37,rpm,-209,456,36.8,36.8,3925,496,0,2643,2.564,1,COM7
2,444067,37,rpm,-57,456,36.8,36.8,3925,496,0,2643,2.564,1,COM7
2,444088,37,rpm,189,456,36.8,36.8,3925,496,0,2643,2.564,1,COM7
2,444108,37,rpm,684,456,36.8,36.8,3925,496,0,2644,2.564,1,COM7
2,444129,37,rpm,708,456,36.8,36.8,3925,496,0,2644,2.564,1,COM7
2,444150,37,rpm,919,456,36.8,36.8,3925,496,0,2644,2.565,1,COM7
2,444171,37,rpm,764,456,36.8,36.8,3925,496,0,2644,2.565,1,COM7
2,444191,37,rpm,583,456,36.8,36.8,3925,496,0,2644,2.565,1,COM7
2,444212,37,rpm,695,456,36.8,36.8,3925,496,0,2644,2.565,1,COM7
2,444233,37,rpm,550,456,36.8,36.8,3925,496,0,2644,2.565,1,COM7
2,444254,37,rpm,404,456,36.8,36.8,3925,496,0,2645,2.565,1,COM7
2,444274,37,rpm,357,456,36.8,36.8,3925,496,0,2645,2.565,1,COM7
2,444295,37,rpm,2,456,36.8,36.8,3925,496,0,2645,2.566,1,COM7
2,444316,37,rpm,-260,456,36.8,36.8,3925,496,0,2645,2.566,1,COM7
2,444337,37,rpm,97,456,36.8,36.8,3925,496,0,2645,2.566,1,COM7
2,444357,37,rpm,595,457,36.8,36.8,3925,496,0,2645,2.566,1,COM7
2,444378,37,rpm,668,457,36.8,36.8,3925,496,0,2646,2.566,1,COM7
2,444399,37,rpm,796,457,36.8,36.8,3925,496,0,2646,2.566,1,COM7
2,444420,37,rpm,845,457,36.8,36.8,3925,496,0,2646,2.567,1,COM7
2,444441,37,rpm,748,457,36.8,36.8,3925,496,0,2646,2.567,1,COM7
2,444461,37,rpm,571,457,36.8,36.8,3925,496,0,2646,2.567,1,COM7
2,444482,37,rpm,592,457,36.8,36.8,3925,496,0,2646,2.567,1,COM7
2,444503,37,rpm,520,457,36.8,36.8,3925,496,0,2647,2.567,1,COM7
2,444524,37,rpm,310,457,36.8,36.8,3925,496,0,2647,2.567,1,COM7
2,444544,37,rpm,275,457,36.8,36.8,3925,496,0,2647,2.567,1,COM7
2,444565,37,rpm,-377,457,36.8,36.8,3925,496,0,2647,2.568,1,COM7
2,444586,37,rpm,42,457,36.8,36.8,3925,496,0,2647,2.568,1,COM7
2,444606,37,rpm,282,457,36.8,36.8,3925,496,0,2647,2.568,1,COM7
2,444627,37,rpm,774,457,36.8,36.8,3925,496,0,2647,2.568,1,COM7
2,444648,37,rpm,747,457,36.8,36.8,3925,496,0,2648,2.568,1,COM7
2,444669,37,rpm,838,457,36.8,36.8,3925,496,0,2648,2.568,1,COM7
2,444690,37,rpm,793,457,36.8,36.8,3925,496,0,2648,2.569,1,COM7
2,444710,37,rpm,618,457,36.8,36.8,3925,496,0,2648,2.569,1,COM7
2,444731,37,rpm,637,457,36.8,36.8,3925,496,0,2648,2.569,1,COM7
2,444752,37,rpm,544,457,36.8,36.8,3925,496,0,2648,2.569,1,COM7
2,444773,37,rpm,363,457,36.8,36.8,3925,496,0,2649,2.569,1,COM7
2,444793,37,rpm,339,457,36.8,36.8,3925,496,0,2649,2.569,1,COM7
2,444814,37,rpm,-162,457,36.8,36.8,3925,496,0,2649,2.569,1,COM7
2,444835,37,rpm,-164,457,36.8,36.8,3925,496,0,2649,2.57,1,COM7
2,444856,37,rpm,183,457,36.8,36.8,3925,496,0,2649,2.57,1,COM7
2,444877,37,rpm,649,457,36.8,36.8,3925,496,0,2649,2.57,1,COM7
2,444897,37,rpm,688,457,36.8,36.8,3925,496,0,2650,2.57,1,COM7
2,444918,37,rpm,870,457,36.8,36.8,3925,496,0,2650,2.57,1,COM7
2,444939,37,rpm,824,457,36.8,36.8,3925,496,0,2650,2.57,1,COM7
2,444960,37,rpm,631,457,36.8,36.8,3925,496,0,2650,2.571,1,COM7
2,444980,37,rpm,606,457,36.8,36.8,3925,496,0,2650,2.571,1,COM7
2,445001,37,rpm,588,457,36.8,36.8,3925,496,0,2650,2.571,1,COM7
2,445022,37,rpm,466,457,36.8,36.8,3925,496,0,2650,2.571,1,COM7
2,445043,37,rpm,283,457,36.8,36.8,3925,496,0,2651,2.571,1,COM7
2,445064,37,rpm,165,457,36.8,36.8,3925,496,0,2651,2.571,1,COM7
2,445084,37,rpm,-361,457,36.8,36.8,3925,496,0,2651,2.571,1,COM7
2,445105,37,rpm,84,457,36.8,36.8,3925,496,0,2651,2.572,1,COM7
2,445126,37,rpm,476,457,36.8,36.8,3925,496,0,2651,2.572,1,COM7
2,445147,37,rpm,818,457,36.8,36.8,3925,496,0,2651,2.572,1,COM7
2,445167,37,rpm,806,457,36.8,36.8,3925,496,0,2652,2.572,1,COM7
2,445188,37,rpm,790,457,36.8,36.8,3925,496,0,2652,2.572,1,COM7
2,445209,37,rpm,776,457,36.8,36.8,3925,496,0,2652,2.572,1,COM7
2,445230,37,rpm,598,457,36.8,36.8,3925,496,0,2652,2.573,1,COM7
2,445250,37,rpm,557,457,36.8,36.8,3925,496,0,2652,2.573,1,COM7
2,445271,37,rpm,492,457,36.8,36.8,3925,496,0,2652,2.573,1,COM7
2,445292,37,rpm,381,457,36.8,36.8,3925,496,0,2653,2.573,1,COM7
2,445313,37,rpm,251,457,36.8,36.8,3925,496,0,2653,2.573,1,COM7
2,445333,37,rpm,-402,457,36.8,36.8,3925,496,0,2653,2.573,1,COM7
2,445354,37,rpm,55,457,36.8,36.8,3925,496,0,2653,2.573,1,COM7
2,445375,37,rpm,400,457,36.8,36.8,3925,496,0,2653,2.574,1,COM7
2,445396,37,rpm,706,457,36.8,36.8,3925,496,0,2653,2.574,1,COM7
2,445416,37,rpm,816,457,36.8,36.8,3925,496,0,2653,2.574,1,COM7
2,445437,37,rpm,923,457,36.8,36.8,3925,496,0,2654,2.574,1,COM7
2,445458,37,rpm,723,457,36.8,36.8,3925,496,0,2654,2.574,1,COM7
2,445479,37,rpm,571,457,36.8,36.8,3925,496,0,2654,2.574,1,COM7
2,445499,37,rpm,651,457,36.8,36.8,3925,496,0,2654,2.575,1,COM7
2,445520,37,rpm,503,457,36.8,36.8,3925,496,0,2654,2.575,1,COM7
2,445541,37,rpm,339,457,36.8,36.8,3925,496,0,2654,2.575,1,COM7
2,445562,37,rpm,245,457,36.8,36.8,3925,496,0,2655,2.575,1,COM7
2,445582,37,rpm,-390,457,36.8,36.8,3925,496,0,2655,2.575,1,COM7
2,445603,37,rpm,42,457,36.8,36.8,3925,496,0,2655,2.575,1,COM7
2,445624,37,rpm,329,457,36.8,36.8,3925,496,0,2655,2.575,1,COM7
2,445645,37,rpm,689,457,36.8,36.8,3925,496,0,2655,2.576,1,COM7
2,445666,37,rpm,846,457,36.8,36.8,3925,496,0,2655,2.576,1,COM7
2,445686,37,rpm,794,457,36.8,36.8,3925,496,0,2656,2.576,1,COM7
2,445707,37,rpm,712,457,36.8,36.8,3925,496,0,2656,2.576,1,COM7
2,445728,37,rpm,738,457,36.8,36.8,3925,496,0,2656,2.576,1,COM7
2,445749,37,rpm,561,457,36.8,36.8,3925,496,0,2656,2.576,1,COM7
2,445770,37,rpm,494,457,36.8,36.8,3925,496,0,2656,2.577,1,COM7
2,445790,37,rpm,442,457,36.8,36.8,3925,496,0,2656,2.577,1,COM7
2,445811,37,rpm,290,457,36.8,36.8,3925,496,0,2657,2.577,1,COM7
2,445832,37,rpm,-187,457,36.8,36.8,3925,496,0,2657,2.577,1,COM7
2,445853,37,rpm,-97,457,36.8,36.8,3925,496,0,2657,2.577,1,COM7
2,445874,37,rpm,201,457,36.8,36.8,3925,496,0,2657,2.577,1,COM7
2,445894,37,rpm,664,457,36.8,36.8,3925,496,0,2657,2.577,1,COM7
2,445915,37,rpm,684,457,36.8,36.8,3925,496,0,2657,2.578,1,COM7
2,445936,37,rpm,859,457,36.8,36.8,3925,496,0,2657,2.578,1,COM7
2,445956,37,rpm,871,457,36.8,36.8,3925,496,0,2658,2.578,1,COM7
2,445996,37,rpm,612,457,36.8,36.8,3925,496,0,2658,2.578,1,COM7
2,446017,37,rpm,599,457,36.8,36.8,3925,496,0,2658,2.578,1,COM7
2,446038,37,rpm,415,457,36.8,36.8,3925,496,0,2658,2.578,1,COM7
2,446059,37,rpm,338,457,36.8,36.8,3925,496,0,2658,2.579,1,COM7
2,446080,37,rpm,196,457,36.8,36.8,3925,496,0,2659,2.579,1,COM7
2,446101,37,rpm,-369,457,36.8,36.8,3925,496,0,2659,2.579,1,COM7
2,446121,37,rpm,60,457,36.8,36.8,3925,496,0,2659,2.579,1,COM7
2,446142,37,rpm,466,457,36.8,36.8,3925,496,0,2659,2.579,1,COM7
2,446163,37,rpm,708,457,36.8,36.8,3925,496,0,2659,2.579,1,COM7
2,446184,37,rpm,719,457,36.8,36.8,3925,496,0,2659,2.58,1,COM7
2,446204,37,rpm,920,457,36.8,36.8,3925,496,0,2659,2.58,1,COM7
2,446225,37,rpm,722,457,36.8,36.8,3925,496,0,2660,2.58,1,COM7
2,446246,37,rpm,627,457,36.8,36.8,3925,496,0,2660,2.58,1,COM7
2,446267,37,rpm,556,457,36.8,36.8,3925,496,0,2660,2.58,1,COM7
2,446287,37,rpm,525,457,36.8,36.8,3925,496,0,2660,2.58,1,COM7
2,446308,37,rpm,397,457,36.8,36.8,3925,496,0,2660,2.58,1,COM7
2,446329,37,rpm,245,457,36.8,36.8,3925,496,0,2660,2.581,1,COM7
2,446350,37,rpm,-348,457,36.8,36.8,3925,496,0,2661,2.581,1,COM7
2,446371,37,rpm,13,457,36.8,36.8,3925,496,0,2661,2.581,1,COM7
2,446391,37,rpm,238,457,36.8,36.8,3925,496,0,2661,2.581,1,COM7
2,446412,37,rpm,688,457,36.8,36.8,3925,496,0,2661,2.581,1,COM7
2,446433,37,rpm,875,457,36.8,36.8,3925,496,0,2661,2.581,1,COM7
2,446454,37,rpm,790,457,36.8,36.8,3925,496,0,2661,2.582,1,COM7
2,446474,37,rpm,686,457,36.8,36.8,3925,496,0,2662,2.582,1,COM7
2,446495,37,rpm,721,457,36.8,36.8,3925,496,0,2662,2.582,1,COM7
2,446516,37,rpm,587,457,36.8,36.8,3925,496,0,2662,2.582,1,COM7
2,446537,37,rpm,552,457,36.8,36.8,3925,496,0,2662,2.582,1,COM7
2,446558,37,rpm,413,457,36.8,36.8,3925,496,0,2662,2.582,1,COM7
2,446578,37,rpm,297,457,36.8,36.8,3925,496,0,2662,2.582,1,COM7
2,446599,37,rpm,-39,457,36.8,36.8,3925,496,0,2663,2.583,1,COM7
2,446620,37,rpm,-221,457,36.8,36.8,3925,496,0,2663,2.583,1,COM7
2,446641,37,rpm,125,457,36.8,36.8,3925,496,0,2663,2.583,1,COM7
2,446661,37,rpm,668,457,36.8,36.8,3925,496,0,2663,2.583,1,COM7
2,446682,37,rpm,718,457,36.8,36.8,3925,496,0,2663,2.583,1,COM7
2,446703,37,rpm,763,457,36.8,36.8,3925,496,0,2663,2.583,1,COM7
2,446724,37,rpm,872,457,36.8,36.8,3925,496,0,2663,2.584,1,COM7
2,446745,37,rpm,678,457,36.8,36.8,3925,496,0,2664,2.584,1,COM7
2,446765,37,rpm,571,457,36.8,36.8,3925,496,0,2664,2.584,1,COM7
2,446786,37,rpm,561,457,36.8,36.8,3925,496,0,2664,2.584,1,COM7
2,446807,37,rpm,471,457,36.8,36.8,3925,496,0,2664,2.584,1,COM7
2,446828,37,rpm,349,457,36.8,36.8,3925,496,0,2664,2.584,1,COM7
2,446849,37,rpm,122,457,36.8,36.8,3925,496,0,2664,2.584,1,COM7
2,446869,37,rpm,-350,457,36.8,36.8,3925,496,0,2665,2.585,1,COM7
2,446890,37,rpm,93,457,36.8,36.8,3925,496,0,2665,2.585,1,COM7
2,446911,37,rpm,460,457,36.8,36.8,3925,496,0,2665,2.585,1,COM7
2,446932,37,rpm,740,457,36.8,36.8,3925,496,0,2665,2.585,1,COM7
2,446953,37,rpm,987,457,36.8,36.8,3925,496,0,2665,2.585,1,COM7
2,446973,37,rpm,760,457,36.8,36.8,3925,496,0,2665,2.585,1,COM7
2,446994,37,rpm,648,457,36.8,36.8,3925,496,0,2666,2.586,1,COM7
2,447015,37,rpm,733,457,36.8,36.8,3925,496,0,2666,2.586,1,COM7
2,447036,37,rpm,554,457,36.8,36.8,3925,496,0,2666,2.586,1,COM7
2,447056,37,rpm,437,457,36.8,36.8,3925,496,0,2666,2.586,1,COM7
2,447077,37,rpm,338,457,36.8,36.8,3925,496,0,2666,2.586,1,COM7
2,447098,37,rpm,125,457,36.8,36.8,3925,496,0,2666,2.586,1,COM7
2,447119,37,rpm,-343,457,36.8,36.8,3925,496,0,2666,2.586,1,COM7
2,447140,37,rpm,70,457,36.8,36.8,3925,496,0,2667,2.587,1,COM7
2,447160,37,rpm,515,457,36.8,36.8,3925,496,0,2667,2.587,1,COM7
2,447181,37,rpm,759,457,36.7,36.7,3915,497,0,2667,2.587,1,COM7
2,447202,37,rpm,843,457,36.7,36.7,3915,497,0,2667,2.587,1,COM7
2,447223,37,rpm,725,457,36.7,36.7,3915,497,0,2667,2.587,1,COM7
2,447243,37,rpm,808,457,36.7,36.7,3915,497,0,2667,2.587,1,COM7
2,447264,37,rpm,643,457,36.7,36.7,3915,497,0,2668,2.588,1,COM7
2,447285,37,rpm,518,457,36.7,36.7,3915,497,0,2668,2.588,1,COM7
2,447306,37,rpm,557,457,36.7,36.7,3915,497,0,2668,2.588,1,COM7
2,447326,37,rpm,374,457,36.7,36.7,3915,497,0,2668,2.588,1,COM7
2,447347,37,rpm,246,457,36.7,36.7,3915,497,0,2668,2.588,1,COM7
2,447368,37,rpm,-316,457,36.7,36.7,3915,497,0,2668,2.588,1,COM7
2,447388,37,rpm,16,457,36.7,36.7,3915,497,0,2669,2.588,1,COM7
2,447409,37,rpm,244,457,36.7,36.7,3915,497,0,2669,2.589,1,COM7
2,447430,37,rpm,680,457,36.7,36.7,3915,497,0,2669,2.589,1,COM7
2,447450,37,rpm,801,457,36.7,36.7,3915,497,0,2669,2.589,1,COM7
2,447471,37,rpm,881,457,36.7,36.7,3915,497,0,2669,2.589,1,COM7
2,447492,37,rpm,683,457,36.7,36.7,3915,497,0,2669,2.589,1,COM7
2,447513,37,rpm,669,457,36.7,36.7,3915,497,0,2669,2.589,1,COM7
2,447533,37,rpm,668,457,36.7,36.7,3915,497,0,2670,2.59,1,COM7
2,447554,37,rpm,479,457,36.7,36.7,3915,497,0,2670,2.59,1,COM7
2,447575,37,rpm,411,457,36.7,36.7,3915,497,0,2670,2.59,1,COM7
2,447596,37,rpm,345,457,36.7,36.7,3915,497,0,2670,2.59,1,COM7
2,447616,37,rpm,-52,457,36.7,36.7,3915,497,0,2670,2.59,1,COM7
2,447637,37,rpm,-241,457,36.7,36.7,3915,497,0,2670,2.59,1,COM7
2,447658,37,rpm,133,457,36.7,36.7,3915,497,0,2671,2.59,1,COM7
2,447678,37,rpm,570,457,36.7,36.7,3915,497,0,2671,2.591,1,COM7
2,447699,37,rpm,646,457,36.7,36.7,3915,497,0,2671,2.591,1,COM7
2,447720,37,rpm,979,457,36.7,36.7,3915,497,0,2671,2.591,1,COM7
2,447741,37,rpm,756,457,36.7,36.7,3915,497,0,2671,2.591,1,COM7
2,447761,37,rpm,648,457,36.7,36.7,3915,497,0,2671,2.591,1,COM7
2,447782,37,rpm,695,457,36.7,36.7,3915,497,0,2672,2.591,1,COM7
2,447803,37,rpm,544,457,36.7,36.7,3915,497,0,2672,2.592,1,COM7
2,447823,37,rpm,490,457,36.7,36.7,3915,497,0,2672,2.592,1,COM7
2,447844,37,rpm,374,457,36.7,36.7,3915,497,0,2672,2.592,1,COM7
2,447865,37,rpm,231,457,36.7,36.7,3915,497,0,2672,2.592,1,COM7
2,447885,37,rpm,-411,457,36.7,36.7,3915,497,0,2672,2.592,1,COM7
2,447906,37,rpm,54,457,36.7,36.7,3915,497,0,2672,2.592,1,COM7
2,447927,37,rpm,353,457,36.7,36.7,3915,497,0,2673,2.592,1,COM7
2,447948,37,rpm,745,457,36.7,36.7,3915,497,0,2673,2.593,1,COM7
2,447968,37,rpm,797,457,36.7,36.7,3915,497,0,2673,2.593,1,COM7
2,447989,37,rpm,774,457,36.7,36.7,3915,497,0,2673,2.593,1,COM7
2,448010,37,rpm,813,457,36.7,36.7,3915,497,0,2673,2.593,1,COM7
2,448030,37,rpm,651,457,36.7,36.7,3915,497,0,2673,2.593,1,COM7
2,448051,37,rpm,529,457,36.7,36.7,3915,497,0,2674,2.593,1,COM7
2,448072,37,rpm,596,457,36.7,36.7,3915,497,0,2674,2.594,1,COM7
2,448093,37,rpm,396,457,36.7,36.7,3915,497,0,2674,2.594,1,COM7
2,448113,37,rpm,265,457,36.7,36.7,3915,497,0,2674,2.594,1,COM7
2,448134,37,rpm,-161,457,36.7,36.7,3915,497,0,2674,2.594,1,COM7
2,448155,37,rpm,-135,456,36.7,36.7,3915,497,0,2674,2.594,1,COM7
2,448175,37,rpm,138,456,36.7,36.7,3915,497,0,2675,2.594,1,COM7
2,448196,37,rpm,650,456,36.7,36.7,3915,497,0,2675,2.594,1,COM7
2,448217,37,rpm,772,456,36.7,36.7,3915,497,0,2675,2.595,1,COM7
2,448237,37,rpm,858,456,36.7,36.7,3915,497,0,2675,2.595,1,COM7
2,448258,37,rpm,750,456,36.7,36.7,3915,497,0,2675,2.595,1,COM7
2,448279,37,rpm,703,456,36.7,36.7,3915,497,0,2675,2.595,1,COM7
2,448300,37,rpm,644,456,36.7,36.7,3915,497,0,2675,2.595,1,COM7
2,448320,37,rpm,498,456,36.7,36.7,3915,497,0,2676,2.595,1,COM7
2,448341,37,rpm,448,456,36.7,36.7,3915,497,0,2676,2.595,1,COM7
2,448362,37,rpm,355,456,36.7,36.7,3915,497,0,2676,2.596,1,COM7
2,448382,37,rpm,59,456,36.7,36.7,3915,497,0,2676,2.596,1,COM7
2,448403,37,rpm,-305,456,36.7,36.7,3915,497,0,2676,2.596,1,COM7
2,448424,37,rpm,108,456,36.7,36.7,3915,497,0,2676,2.596,1,COM7
2,448444,37,rpm,549,456,36.7,36.7,3915,497,0,2677,2.596,1,COM7
2,448465,37,rpm,661,456,36.7,36.7,3915,497,0,2677,2.596,1,COM7
2,448486,37,rpm,1018,456,36.7,36.7,3915,497,0,2677,2.597,1,COM7
2,448506,37,rpm,744,456,36.7,36.7,3915,497,0,2677,2.597,1,COM7
2,448527,37,rpm,664,456,36.7,36.7,3915,497,0,2677,2.597,1,COM7
2,448548,37,rpm,727,456,36.7,36.7,3915,497,0,2677,2.597,1,COM7
2,448569,37,rpm,560,456,36.7,36.7,3915,497,0,2678,2.597,1,COM7
2,448589,37,rpm,428,456,36.7,36.7,3915,497,0,2678,2.597,1,COM7
2,448610,37,rpm,348,456,36.7,36.7,3915,497,0,2678,2.597,1,COM7
2,448631,37,rpm,157,456,36.7,36.7,3915,497,0,2678,2.598,1,COM7
2,448651,37,rpm,-363,456,36.7,36.7,3915,497,0,2678,2.598,1,COM7
2,448672,37,rpm,74,456,36.7,36.7,3915,497,0,2678,2.598,1,COM7
2,448693,37,rpm,483,456,36.7,36.7,3915,497,0,2678,2.598,1,COM7
2,448713,37,rpm,692,456,36.7,36.7,3915,497,0,2679,2.598,1,COM7
2,448734,37,rpm,830,456,36.7,36.7,3915,497,0,2679,2.598,1,COM7
2,448755,37,rpm,783,456,36.7,36.7,3915,497,0,2679,2.599,1,COM7
2,448776,37,rpm,756,456,36.7,36.7,3915,497,0,2679,2.599,1,COM7
2,448796,37,rpm,610,456,36.7,36.7,3915,497,0,2679,2.599,1,COM7
2,448817,37,rpm,535,456,36.7,36.7,3915,497,0,2679,2.599,1,COM7
2,448838,37,rpm,561,456,36.7,36.7,3915,497,0,2680,2.599,1,COM7
2,448858,37,rpm,370,456,36.7,36.7,3915,497,0,2680,2.599,1,COM7
2,448879,37,rpm,260,456,36.7,36.7,3915,497,0,2680,2.599,1,COM7
2,448900,37,rpm,-346,456,36.7,36.7,3915,497,0,2680,2.6,1,COM7
2,448921,37,rpm,16,456,36.7,36.7,3915,497,0,2680,2.6,1,COM7
2,448941,37,rpm,232,456,36.7,36.7,3915,497,0,2680,2.6,1,COM7
2,448962,37,rpm,733,456,36.7,36.7,3915,497,0,2680,2.6,1,COM7
2,448983,37,rpm,780,456,36.7,36.7,3915,497,0,2681,2.6,1,COM7
2,449004,37,rpm,750,456,36.7,36.7,3915,497,0,2681,2.6,1,COM7
2,449024,37,rpm,800,456,36.7,36.7,3915,497,0,2681,2.601,1,COM7
2,449045,37,rpm,702,456,36.7,36.7,3915,497,0,2681,2.601,1,COM7
2,449066,37,rpm,582,456,36.7,36.7,3915,497,0,2681,2.601,1,COM7
2,449086,37,rpm,501,456,36.7,36.7,3915,497,0,2681,2.601,1,COM7
2,449107,37,rpm,438,456,36.7,36.7,3915,497,0,2682,2.601,1,COM7
2,449128,37,rpm,329,456,36.7,36.7,3915,497,0,2682,2.601,1,COM7
2,449149,37,rpm,14,456,36.7,36.7,3915,497,0,2682,2.601,1,COM7
2,449169,37,rpm,-264,456,36.7,36.7,3915,497,0,2682,2.602,1,COM7
2,449190,37,rpm,109,456,36.7,36.7,3915,497,0,2682,2.602,1,COM7
2,449211,37,rpm,533,456,36.7,36.7,3915,497,0,2682,2.602,1,COM7
2,449231,37,rpm,726,456,36.7,36.7,3915,497,0,2683,2.602,1,COM7
2,449252,37,rpm,928,456,36.7,36.7,3915,497,0,2683,2.602,1,COM7
2,449273,37,rpm,739,456,36.7,36.7,3915,497,0,2683,2.602,1,COM7
2,449294,37,rpm,658,456,36.7,36.7,3915,497,0,2683,2.603,1,COM7
2,449314,37,rpm,735,456,36.7,36.7,3915,497,0,2683,2.603,1,COM7
2,449335,37,rpm,524,456,36.7,36.7,3915,497,0,2683,2.603,1,COM7
2,449356,37,rpm,471,456,36.7,36.7,3915,497,0,2683,2.603,1,COM7
2,449376,37,rpm,412,456,36.7,36.7,3915,497,0,2684,2.603,1,COM7
2,449397,37,rpm,247,456,36.7,36.7,3915,497,0,2684,2.603,1,COM7
2,449418,37,rpm,-388,456,36.7,36.7,3915,497,0,2684,2.603,1,COM7
2,449439,37,rpm,42,456,36.7,36.7,3915,497,0,2684,2.604,1,COM7
2,449459,37,rpm,326,456,36.7,36.7,3915,497,0,2684,2.604,1,COM7
2,449480,37,rpm,681,456,36.7,36.7,3915,497,0,2684,2.604,1,COM7
2,449501,37,rpm,833,456,36.7,36.7,3915,497,0,2685,2.604,1,COM7
2,449522,37,rpm,817,456,36.7,36.7,3915,497,0,2685,2.604,1,COM7
2,449542,37,rpm,788,456,36.7,36.7,3915,497,0,2685,2.604,1,COM7
2,449563,37,rpm,630,456,36.7,36.7,3915,497,0,2685,2.605,1,COM7
2,449584,37,rpm,572,456,36.7,36.7,3915,497,0,2685,2.605,1,COM7
2,449604,37,rpm,589,456,36.7,36.7,3915,497,0,2685,2.605,1,COM7
2,449625,37,rpm,390,456,36.7,36.7,3915,497,0,2686,2.605,1,COM7
2,449646,37,rpm,276,456,36.7,36.7,3915,497,0,2686,2.605,1,COM7
2,449667,37,rpm,-85,456,36.7,36.7,3915,497,0,2686,2.605,1,COM7
2,449687,37,rpm,-183,456,36.7,36.7,3915,497,0,2686,2.605,1,COM7
2,449708,37,rpm,124,456,36.7,36.7,3915,497,0,2686,2.606,1,COM7
2,449729,37,rpm,658,456,36.7,36.7,3915,497,0,2686,2.606,1,COM7
2,449749,37,rpm,776,456,36.7,36.7,3915,497,0,2686,2.606,1,COM7
2,449770,37,rpm,760,456,36.7,36.7,3915,497,0,2687,2.606,1,COM7
2,449791,37,rpm,862,456,36.7,36.7,3915,497,0,2687,2.606,1,COM7
2,449811,37,rpm,665,456,36.7,36.7,3915,497,0,2687,2.606,1,COM7
2,449832,37,rpm,609,456,36.7,36.7,3915,497,0,2687,2.606,1,COM7
2,449853,37,rpm,548,456,36.7,36.7,3915,497,0,2687,2.607,1,COM7
2,449874,37,rpm,470,456,36.7,36.7,3915,497,0,2687,2.607,1,COM7
2,449894,37,rpm,346,456,36.7,36.7,3915,497,0,2688,2.607,1,COM7
2,449915,37,rpm,127,456,36.7,36.7,3915,497,0,2688,2.607,1,COM7
2,449936,37,rpm,-343,456,36.7,36.7,3915,497,0,2688,2.607,1,COM7
2,449956,37,rpm,101,456,36.7,36.7,3915,497,0,2688,2.607,1,COM7
2,449977,37,rpm,494,456,36.7,36.7,3915,497,0,2688,2.608,1,COM7
2,449998,37,rpm,688,456,36.7,36.7,3915,497,0,2688,2.608,1,COM7
2,450019,37,rpm,987,455,36.7,36.7,3915,497,0,2689,2.608,1,COM7
2,450039,37,rpm,735,455,36.7,36.7,3915,497,0,2689,2.608,1,COM7
2,450060,37,rpm,689,455,36.7,36.7,3915,497,0,2689,2.608,1,COM7
2,450081,37,rpm,720,455,36.7,36.7,3915,497,0,2689,2.608,1,COM7
2,450101,37,rpm,535,455,36.7,36.7,3915,497,0,2689,2.608,1,COM7
2,450122,37,rpm,430,455,36.7,36.7,3915,497,0,2689,2.609,1,COM7
2,450143,37,rpm,380,455,36.7,36.7,3915,497,0,2689,2.609,1,COM7
2,450163,37,rpm,171,455,36.7,36.7,3915,497,0,2690,2.609,1,COM7
2,450184,37,rpm,-370,455,36.7,36.7,3915,497,0,2690,2.609,1,COM7
2,450205,37,rpm,68,455,36.7,36.7,3915,497,0,2690,2.609,1,COM7
2,450226,37,rpm,452,455,36.7,36.7,3915,497,0,2690,2.609,1,COM7
2,450246,37,rpm,644,455,36.7,36.7,3915,497,0,2690,2.61,1,COM7
2,450267,37,rpm,861,455,36.7,36.7,3915,497,0,2690,2.61,1,COM7
2,450288,37,rpm,825,455,36.7,36.7,3915,497,0,2691,2.61,1,COM7
2,450309,37,rpm,737,455,36.7,36.7,3915,497,0,2691,2.61,1,COM7
2,450329,37,rpm,620,455,36.7,36.7,3915,497,0,2691,2.61,1,COM7
2,450350,37,rpm,561,455,36.7,36.7,3915,497,0,2691,2.61,1,COM7
2,450371,37,rpm,558,455,36.7,36.7,3915,497,0,2691,2.61,1,COM7
2,450391,37,rpm,364,455,36.7,36.7,3915,497,0,2691,2.611,1,COM7
2,450412,37,rpm,270,455,36.7,36.7,3915,497,0,2692,2.611,1,COM7
2,450433,37,rpm,-338,455,36.7,36.7,3915,497,0,2692,2.611,1,COM7
2,450454,37,rpm,10,455,36.7,36.7,3915,497,0,2692,2.611,1,COM7
2,450474,37,rpm,214,455,36.7,36.7,3915,497,0,2692,2.611,1,COM7
2,450495,37,rpm,737,455,36.7,36.7,3915,497,0,2692,2.611,1,COM7
2,450516,37,rpm,775,455,36.7,36.7,3915,497,0,2692,2.612,1,COM7
2,450536,37,rpm,729,455,36.7,36.7,3915,497,0,2692,2.612,1,COM7
2,450557,37,rpm,853,455,36.7,36.7,3915,497,0,2693,2.612,1,COM7
2,450578,37,rpm,681,455,36.7,36.7,3915,497,0,2693,2.612,1,COM7
2,450599,37,rpm,555,455,36.7,36.7,3915,497,0,2693,2.612,1,COM7
2,450619,37,rpm,588,455,36.7,36.7,3915,497,0,2693,2.612,1,COM7
2,450640,37,rpm,451,455,36.7,36.7,3915,497,0,2693,2.612,1,COM7
2,450661,37,rpm,310,455,36.7,36.7,3915,497,0,2693,2.613,1,COM7
2,450681,37,rpm,70,455,36.7,36.7,3915,497,0,2694,2.613,1,COM7
2,450702,37,rpm,-300,455,36.7,36.7,3915,497,0,2694,2.613,1,COM7
2,450723,37,rpm,88,455,36.7,36.7,3915,497,0,2694,2.613,1,COM7
2,450744,37,rpm,512,455,36.7,36.7,3915,497,0,2694,2.613,1,COM7
2,450764,37,rpm,708,455,36.7,36.7,3915,497,0,2694,2.613,1,COM7
2,450785,37,rpm,919,455,36.7,36.7,3915,497,0,2694,2.614,1,COM7
2,450806,37,rpm,736,455,36.7,36.7,3915,497,0,2694,2.614,1,COM7
2,450826,37,rpm,684,455,36.7,36.7,3915,497,0,2695,2.614,1,COM7
2,450847,37,rpm,717,455,36.7,36.7,3915,497,0,2695,2.614,1,COM7
2,450868,37,rpm,517,455,36.7,36.7,3915,497,0,2695,2.614,1,COM7
2,450889,37,rpm,482,455,36.7,36.7,3915,497,0,2695,2.614,1,COM7
2,450909,37,rpm,414,455,36.7,36.7,3915,497,0,2695,2.614,1,COM7
2,450930,37,rpm,245,455,36.7,36.7,3915,497,0,2695,2.615,1,COM7
2,450951,37,rpm,-390,455,36.7,36.7,3915,497,0,2696,2.615,1,COM7
2,450971,37,rpm,38,455,36.7,36.7,3915,497,0,2696,2.615,1,COM7
2,451011,37,rpm,475,455,36.7,36.7,3915,497,0,2696,2.615,1,COM7
2,451032,37,rpm,894,455,36.7,36.7,3915,497,0,2696,2.615,1,COM7
2,451053,37,rpm,801,455,36.7,36.7,3915,497,0,2696,2.615,1,COM7
2,451074,37,rpm,701,455,36.7,36.7,3915,497,0,2697,2.616,1,COM7
2,451095,37,rpm,730,455,36.7,36.7,3915,497,0,2697,2.616,1,COM7
2,451115,37,rpm,592,455,36.7,36.7,3915,497,0,2697,2.616,1,COM7
2,451136,37,rpm,526,455,36.7,36.7,3915,497,0,2697,2.616,1,COM7
2,451157,37,rpm,428,455,36.7,36.7,3915,497,0,2697,2.616,1,COM7
2,451178,37,rpm,292,455,36.7,36.7,3915,497,0,2697,2.616,1,COM7
2,451198,37,rpm,-12,455,36.7,36.7,3915,497,0,2697,2.617,1,COM7
2,451219,37,rpm,-260,455,36.7,36.7,3915,497,0,2698,2.617,1,COM7
2,451240,37,rpm,119,455,36.7,36.7,3915,497,0,2698,2.617,1,COM7
2,451260,37,rpm,624,455,36.7,36.7,3915,497,0,2698,2.617,1,COM7
2,451281,37,rpm,722,455,36.7,36.7,3915,497,0,2698,2.617,1,COM7
2,451302,37,rpm,776,455,36.7,36.7,3915,497,0,2698,2.617,1,COM7
2,451323,37,rpm,898,455,36.7,36.7,3915,497,0,2698,2.617,1,COM7
2,451343,37,rpm,665,455,36.7,36.7,3915,497,0,2699,2.618,1,COM7
2,451364,37,rpm,553,455,36.7,36.7,3915,497,0,2699,2.618,1,COM7
2,451385,37,rpm,643,455,36.7,36.7,3915,497,0,2699,2.618,1,COM7
2,451405,37,rpm,466,455,36.7,36.7,3915,497,0,2699,2.618,1,COM7
2,451426,37,rpm,314,455,36.7,36.7,3915,497,0,2699,2.618,1,COM7
2,451447,37,rpm,221,455,36.7,36.7,3915,497,0,2699,2.618,1,COM7
2,451468,37,rpm,-401,455,36.7,36.7,3915,497,0,2700,2.619,1,COM7
2,451488,37,rpm,65,455,36.7,36.7,3915,497,0,2700,2.619,1,COM7
2,451509,37,rpm,445,455,36.7,36.7,3915,497,0,2700,2.619,1,COM7
2,451530,37,rpm,727,455,36.7,36.7,3915,497,0,2700,2.619,1,COM7
2,451551,37,rpm,914,455,36.7,36.7,3915,497,0,2700,2.619,1,COM7
2,451571,37,rpm,772,455,36.7,36.7,3915,497,0,2700,2.619,1,COM7
2,451592,37,rpm,753,455,36.7,36.7,3915,497,0,2700,2.619,1,COM7
2,451613,37,rpm,698,455,36.7,36.7,3915,497,0,2701,2.62,1,COM7
2,451633,37,rpm,530,455,36.7,36.7,3915,497,0,2701,2.62,1,COM7
2,451654,37,rpm,461,455,36.7,36.7,3915,497,0,2701,2.62,1,COM7
2,451675,37,rpm,381,455,36.7,36.7,3915,497,0,2701,2.62,1,COM7
2,451696,37,rpm,196,455,36.7,36.7,3915,497,0,2701,2.62,1,COM7
2,451716,37,rpm,-400,455,36.7,36.7,3915,497,0,2701,2.62,1,COM7
2,451737,37,rpm,62,455,36.7,36.7,3915,497,0,2702,2.621,1,COM7
2,451758,37,rpm,398,455,36.7,36.7,3915,497,0,2702,2.621,1,COM7
2,451778,37,rpm,632,455,36.7,36.7,3915,497,0,2702,2.621,1,COM7
2,451799,37,rpm,945,455,36.7,36.7,3915,497,0,2702,2.621,1,COM7
2,451820,37,rpm,780,455,36.7,36.7,3915,497,0,2702,2.621,1,COM7
2,451841,37,rpm,674,455,36.7,36.7,3915,497,0,2702,2.621,1,COM7
2,451861,37,rpm,731,455,36.7,36.7,3915,497,0,2703,2.621,1,COM7
2,451882,37,rpm,576,455,36.7,36.7,3915,497,0,2703,2.622,1,COM7
2,451903,37,rpm,508,455,36.7,36.7,3915,497,0,2703,2.622,1,COM7
2,451923,37,rpm,402,455,36.7,36.7,3915,497,0,2703,2.622,1,COM7
2,451944,37,rpm,280,455,36.7,36.7,3915,497,0,2703,2.622,1,COM7
2,451965,37,rpm,-202,455,36.7,36.7,3915,497,0,2703,2.622,1,COM7
2,451986,37,rpm,-83,455,36.7,36.7,3915,497,0,2703,2.622,1,COM7
2,452006,37,rpm,182,455,36.7,36.7,3915,497,0,2704,2.622,1,COM7
2,452027,37,rpm,692,455,36.7,36.7,3915,497,0,2704,2.623,1,COM7
2,452048,37,rpm,737,455,36.7,36.7,3915,497,0,2704,2.623,1,COM7
2,452068,37,rpm,780,455,36.7,36.7,3915,497,0,2704,2.623,1,COM7
2,452089,37,rpm,868,455,36.7,36.7,3915,497,0,2704,2.623,1,COM7
2,452110,37,rpm,645,455,36.7,36.7,3915,497,0,2704,2.623,1,COM7
2,452131,37,rpm,543,455,36.7,36.7,3915,497,0,2705,2.623,1,COM7
2,452151,37,rpm,620,455,36.7,36.7,3915,497,0,2705,2.624,1,COM7
2,452172,37,rpm,439,455,36.7,36.7,3915,497,0,2705,2.624,1,COM7
2,452193,37,rpm,296,455,36.7,36.7,3915,497,0,2705,2.624,1,COM7
2,452213,37,rpm,164,455,36.7,36.7,3915,497,0,2705,2.624,1,COM7
2,452234,37,rpm,-348,455,36.7,36.7,3915,497,0,2705,2.624,1,COM7
2,452255,37,rpm,64,455,36.7,36.7,3915,497,0,2705,2.624,1,COM7
2,452275,37,rpm,493,455,36.7,36.7,3915,497,0,2706,2.624,1,COM7
2,452296,37,rpm,718,456,36.7,36.7,3915,497,0,2706,2.625,1,COM7
2,452317,37,rpm,734,456,36.7,36.7,3915,497,0,2706,2.625,1,COM7
2,452338,37,rpm,875,456,36.7,36.7,3915,497,0,2706,2.625,1,COM7
2,452358,37,rpm,738,456,36.7,36.7,3915,497,0,2706,2.625,1,COM7
2,452379,37,rpm,656,456,36.7,36.7,3915,497,0,2706,2.625,1,COM7
2,452400,37,rpm,559,456,36.7,36.7,3915,497,0,2707,2.625,1,COM7
2,452420,37,rpm,527,456,36.7,36.7,3915,497,0,2707,2.626,1,COM7
2,452441,37,rpm,395,456,36.7,36.7,3915,497,0,2707,2.626,1,COM7
2,452462,37,rpm,256,456,36.7,36.7,3915,497,0,2707,2.626,1,COM7
2,452483,37,rpm,-318,456,36.7,36.7,3915,497,0,2707,2.626,1,COM7
2,452503,37,rpm,1,456,36.7,36.7,3915,497,0,2707,2.626,1,COM7
2,452524,37,rpm,237,456,36.7,36.7,3915,497,0,2708,2.626,1,COM7
2,452545,37,rpm,656,456,36.7,36.7,3915,497,0,2708,2.626,1,COM7
2,452565,37,rpm,885,456,36.7,36.7,3915,497,0,2708,2.627,1,COM7
2,452586,37,rpm,781,456,36.7,36.7,3915,497,0,2708,2.627,1,COM7
2,452607,37,rpm,750,456,36.7,36.7,3915,497,0,2708,2.627,1,COM7
2,452627,37,rpm,723,456,36.7,36.7,3915,497,0,2708,2.627,1,COM7
2,452648,37,rpm,593,456,36.7,36.7,3915,497,0,2708,2.627,1,COM7
2,452669,37,rpm,483,456,36.7,36.7,3915,497,0,2709,2.627,1,COM7
2,452690,37,rpm,465,456,36.7,36.7,3915,497,0,2709,2.628,1,COM7
2,452710,37,rpm,305,456,36.7,36.7,3915,497,0,2709,2.628,1,COM7
2,452731,37,rpm,11,456,36.7,36.7,3915,497,0,2709,2.628,1,COM7
2,452752,37,rpm,-298,456,36.7,36.7,3915,497,0,2709,2.628,1,COM7
2,452773,37,rpm,111,456,36.7,36.7,3915,497,0,2709,2.628,1,COM7
2,452793,37,rpm,584,456,36.7,36.7,3915,497,0,2710,2.628,1,COM7
2,452814,37,rpm,720,456,36.7,36.7,3915,497,0,2710,2.628,1,COM7
2,452835,37,rpm,805,456,36.7,36.7,3915,497,0,2710,2.629,1,COM7
2,452856,37,rpm,889,456,36.7,36.7,3915,497,0,2710,2.629,1,COM7
2,452876,37,rpm,666,456,36.7,36.7,3915,497,0,2710,2.629,1,COM7
2,452897,37,rpm,558,456,36.7,36.7,3915,497,0,2710,2.629,1,COM7
2,452918,37,rpm,636,456,36.7,36.7,3915,497,0,2711,2.629,1,COM7
2,452938,37,rpm,470,456,36.7,36.7,3915,497,0,2711,2.629,1,COM7
2,452959,37,rpm,311,456,36.7,36.7,3915,497,0,2711,2.63,1,COM7
2,452980,37,rpm,228,456,36.7,36.7,3915,497,0,2711,2.63,1,COM7
2,453001,37,rpm,-405,456,36.7,36.7,3915,497,0,2711,2.63,1,COM7
2,453021,37,rpm,66,456,36.7,36.7,3915,497,0,2711,2.63,1,COM7
2,453042,37,rpm,458,456,36.7,36.7,3915,497,0,2711,2.63,1,COM7
2,453063,37,rpm,722,456,36.7,36.7,3915,497,0,2712,2.63,1,COM7
2,453083,37,rpm,794,456,36.7,36.7,3915,497,0,2712,2.63,1,COM7
2,453104,37,rpm,838,456,36.7,36.7,3915,497,0,2712,2.631,1,COM7
2,453125,37,rpm,754,456,36.7,36.7,3915,497,0,2712,2.631,1,COM7
2,453145,37,rpm,654,456,36.7,36.7,3915,497,0,2712,2.631,1,COM7
2,453166,37,rpm,536,456,36.7,36.7,3915,497,0,2712,2.631,1,COM7
2,453187,37,rpm,496,456,36.7,36.7,3915,497,0,2713,2.631,1,COM7
2,453208,37,rpm,371,456,36.7,36.7,3915,497,0,2713,2.631,1,COM7
2,453228,37,rpm,208,456,36.7,36.7,3915,497,0,2713,2.631,1,COM7
2,453249,37,rpm,-382,456,36.7,36.7,3915,497,0,2713,2.632,1,COM7
2,453270,37,rpm,56,456,36.7,36.7,3915,497,0,2713,2.632,1,COM7
2,453291,37,rpm,385,456,36.7,36.7,3915,497,0,2713,2.632,1,COM7
2,453311,37,rpm,668,456,36.7,36.7,3915,497,0,2714,2.632,1,COM7
2,453332,37,rpm,923,456,36.7,36.7,3915,497,0,2714,2.632,1,COM7
2,453353,37,rpm,763,456,36.7,36.7,3915,497,0,2714,2.632,1,COM7
2,453373,37,rpm,686,456,36.7,36.7,3915,497,0,2714,2.633,1,COM7
2,453394,37,rpm,745,456,36.7,36.7,3915,497,0,2714,2.633,1,COM7
2,453415,37,rpm,559,456,36.7,36.7,3915,497,0,2714,2.633,1,COM7
2,453435,37,rpm,495,456,36.7,36.7,3915,497,0,2714,2.633,1,COM7
2,453456,37,rpm,440,456,36.7,36.7,3915,497,0,2715,2.633,1,COM7
2,453477,37,rpm,281,456,36.7,36.7,3915,497,0,2715,2.633,1,COM7
2,453497,37,rpm,-108,456,36.7,36.7,3915,497,0,2715,2.633,1,COM7
2,453518,37,rpm,-164,456,36.7,36.7,3915,497,0,2715,2.634,1,COM7
2,453539,37,rpm,166,456,36.7,36.7,3915,497,0,2715,2.634,1,COM7
2,453560,37,rpm,632,456,36.7,36.7,3915,497,0,2715,2.634,1,COM7
2,453580,37,rpm,741,456,36.7,36.7,3915,497,0,2716,2.634,1,COM7
2,453601,37,rpm,828,456,36.7,36.7,3915,497,0,2716,2.634,1,COM7
2,453622,37,rpm,835,456,36.7,36.7,3915,497,0,2716,2.634,1,COM7
2,453642,37,rpm,648,456,36.7,36.7,3915,497,0,2716,2.635,1,COM7
2,453663,37,rpm,581,456,36.7,36.7,3915,497,0,2716,2.635,1,COM7
2,453684,37,rpm,616,456,36.7,36.7,3915,497,0,2716,2.635,1,COM7
2,453704,37,rpm,433,456,36.7,36.7,3915,497,0,2716,2.635,1,COM7
2,453725,37,rpm,316,456,36.7,36.7,3915,497,0,2717,2.635,1,COM7
2,453746,37,rpm,190,456,36.7,36.7,3915,497,0,2717,2.635,1,COM7
2,453767,37,rpm,-370,456,36.7,36.7,3915,497,0,2717,2.635,1,COM7
2,453787,37,rpm,64,456,36.7,36.7,3915,497,0,2717,2.636,1,COM7
2,453808,37,rpm,493,456,36.7,36.7,3915,497,0,2717,2.636,1,COM7
2,453829,37,rpm,691,456,36.7,36.7,3915,497,0,2717,2.636,1,COM7
2,453849,37,rpm,688,456,36.7,36.7,3915,497,0,2718,2.636,1,COM7
2,453870,37,rpm,965,456,36.7,36.7,3915,497,0,2718,2.636,1,COM7
2,453891,37,rpm,727,456,36.7,36.7,3915,497,0,2718,2.636,1,COM7
2,453912,37,rpm,574,456,36.7,36.7,3915,497,0,2718,2.637,1,COM7
2,453932,37,rpm,602,456,36.7,36.7,3915,497,0,2718,2.637,1,COM7
2,453953,37,rpm,544,456,36.7,36.7,3915,497,0,2718,2.637,1,COM7
2,453974,37,rpm,373,456,36.7,36.7,3915,497,0,2719,2.637,1,COM7
2,453994,37,rpm,286,456,36.7,36.7,3915,497,0,2719,2.637,1,COM7
2,454015,37,rpm,-316,456,36.7,36.7,3915,497,0,2719,2.637,1,COM7
2,454036,37,rpm,-22,456,36.7,36.7,3915,497,0,2719,2.637,1,COM7
2,454057,37,rpm,230,456,36.7,36.7,3915,497,0,2719,2.638,1,COM7
2,454077,37,rpm,684,456,36.7,36.7,3915,497,0,2719,2.638,1,COM7
2,454098,37,rpm,869,456,36.7,36.7,3915,497,0,2719,2.638,1,COM7
2,454119,37,rpm,763,456,36.7,36.7,3915,497,0,2720,2.638,1,COM7
2,454139,37,rpm,737,456,36.7,36.7,3915,497,0,2720,2.638,1,COM7
2,454160,37,rpm,772,456,36.7,36.7,3915,497,0,2720,2.638,1,COM7
2,454181,37,rpm,561,456,36.7,36.7,3915,497,0,2720,2.639,1,COM7
2,454202,37,rpm,504,456,36.7,36.7,3915,497,0,2720,2.639,1,COM7
2,454222,37,rpm,496,456,36.7,36.7,3915,497,0,2720,2.639,1,COM7
2,454243,37,rpm,298,456,36.7,36.7,3915,497,0,2721,2.639,1,COM7
2,454264,37,rpm,56,456,36.7,36.7,3915,497,0,2721,2.639,1,COM7
2,454285,37,rpm,-310,456,36.7,36.7,3915,497,0,2721,2.639,1,COM7
2,454305,37,rpm,104,456,36.7,36.7,3915,497,0,2721,2.639,1,COM7
2,454326,37,rpm,527,456,36.7,36.7,3915,497,0,2721,2.64,1,COM7
2,454347,37,rpm,765,456,36.7,36.7,3915,497,0,2721,2.64,1,COM7
2,454367,37,rpm,834,456,36.7,36.7,3915,497,0,2722,2.64,1,COM7
2,454388,37,rpm,840,456,36.7,36.7,3915,497,0,2722,2.64,1,COM7
2,454409,37,rpm,666,456,36.7,36.7,3915,497,0,2722,2.64,1,COM7
2,454430,37,rpm,581,456,36.7,36.7,3915,497,0,2722,2.64,1,COM7
2,454450,37,rpm,629,456,36.7,36.7,3915,497,0,2722,2.64,1,COM7
2,454471,37,rpm,460,456,36.7,36.7,3915,497,0,2722,2.641,1,COM7
2,454492,37,rpm,333,456,36.7,36.7,3915,497,0,2722,2.641,1,COM7
2,454512,37,rpm,244,456,36.7,36.7,3915,497,0,2723,2.641,1,COM7
2,454533,37,rpm,-410,456,36.7,36.7,3915,497,0,2723,2.641,1,COM7
2,454554,37,rpm,61,456,36.7,36.7,3915,497,0,2723,2.641,1,COM7
2,454575,37,rpm,454,456,36.7,36.7,3915,497,0,2723,2.641,1,COM7
2,454595,37,rpm,696,456,36.7,36.7,3915,497,0,2723,2.642,1,COM7
2,454616,37,rpm,749,456,36.7,36.7,3915,497,0,2723,2.642,1,COM7
2,454637,37,rpm,943,456,36.7,36.7,3915,497,0,2724,2.642,1,COM7
2,454657,37,rpm,736,456,36.7,36.7,3915,497,0,2724,2.642,1,COM7
2,454678,37,rpm,582,456,36.7,36.7,3915,497,0,2724,2.642,1,COM7
2,454699,37,rpm,627,456,36.7,36.7,3915,497,0,2724,2.642,1,COM7
2,454719,37,rpm,505,456,36.7,36.7,3915,497,0,2724,2.642,1,COM7
2,454740,37,rpm,348,456,36.7,36.7,3915,497,0,2724,2.643,1,COM7
2,454761,37,rpm,244,456,36.7,36.7,3915,497,0,2725,2.643,1,COM7
2,454782,37,rpm,-360,456,36.7,36.7,3915,497,0,2725,2.643,1,COM7
2,454802,37,rpm,40,456,36.7,36.7,3915,497,0,2725,2.643,1,COM7
2,454823,37,rpm,329,456,36.7,36.7,3915,497,0,2725,2.643,1,COM7
2,454844,37,rpm,694,456,36.7,36.7,3915,497,0,2725,2.643,1,COM7
2,454864,37,rpm,874,456,36.7,36.7,3915,497,0,2725,2.644,1,COM7
2,454885,37,rpm,738,456,36.7,36.7,3915,497,0,2725,2.644,1,COM7
2,454906,37,rpm,725,456,36.7,36.7,3915,497,0,2726,2.644,1,COM7
2,454927,37,rpm,743,456,36.7,36.7,3915,497,0,2726,2.644,1,COM7
2,454947,37,rpm,544,456,36.7,36.7,3915,497,0,2726,2.644,1,COM7
2,454968,37,rpm,508,456,36.7,36.7,3915,497,0,2726,2.644,1,COM7
2,454989,37,rpm,457,456,36.7,36.7,3915,497,0,2726,2.644,1,COM7
2,455009,37,rpm,280,456,36.7,36.7,3915,497,0,2726,2.645,1,COM7
2,455030,37,rpm,-159,456,36.7,36.7,3915,497,0,2727,2.645,1,COM7
2,455051,37,rpm,-144,456,36.7,36.7,3915,497,0,2727,2.645,1,COM7
2,455071,37,rpm,168,456,36.7,36.7,3915,497,0,2727,2.645,1,COM7
2,455092,37,rpm,596,456,36.7,36.7,3915,497,0,2727,2.645,1,COM7
2,455113,37,rpm,806,456,36.7,36.7,3915,497,0,2727,2.645,1,COM7
2,455134,37,rpm,819,456,36.7,36.7,3915,497,0,2727,2.646,1,COM7
2,455154,37,rpm,774,456,36.7,36.7,3915,497,0,2728,2.646,1,COM7
2,455175,37,rpm,682,456,36.7,36.7,3915,497,0,2728,2.646,1,COM7
2,455196,37,rpm,645,456,36.7,36.7,3915,497,0,2728,2.646,1,COM7
2,455216,37,rpm,546,456,36.7,36.7,3915,497,0,2728,2.646,1,COM7
2,455237,37,rpm,444,456,36.7,36.7,3915,497,0,2728,2.646,1,COM7
2,455258,37,rpm,326,456,36.7,36.7,3915,497,0,2728,2.646,1,COM7
2,455279,37,rpm,209,456,36.7,36.7,3915,497,0,2728,2.647,1,COM7
2,455299,37,rpm,-389,456,36.7,36.7,3915,497,0,2729,2.647,1,COM7
2,455320,37,rpm,62,456,36.7,36.7,3915,497,0,2729,2.647,1,COM7
2,455341,37,rpm,467,456,36.7,36.7,3915,497,0,2729,2.647,1,COM7
2,455362,37,rpm,690,456,36.7,36.7,3915,497,0,2729,2.647,1,COM7
2,455382,37,rpm,705,456,36.7,36.7,3915,497,0,2729,2.647,1,COM7
2,455403,37,rpm,980,456,36.7,36.7,3915,497,0,2729,2.648,1,COM7
2,455424,37,rpm,721,456,36.7,36.7,3915,497,0,2730,2.648,1,COM7
2,455445,37,rpm,550,456,36.7,36.7,3915,497,0,2730,2.648,1,COM7
2,455465,37,rpm,665,456,36.7,36.7,3915,497,0,2730,2.648,1,COM7
2,455486,37,rpm,538,456,36.7,36.7,3915,497,0,2730,2.648,1,COM7
2,455507,37,rpm,358,456,36.7,36.7,3915,497,0,2730,2.648,1,COM7
2,455528,37,rpm,309,456,36.7,36.7,3915,497,0,2730,2.648,1,COM7
2,455548,37,rpm,-265,456,36.7,36.7,3915,497,0,2730,2.649,1,COM7
2,455569,37,rpm,-58,456,36.7,36.7,3915,497,0,2731,2.649,1,COM7
2,455590,37,rpm,211,456,36.7,36.7,3915,497,0,2731,2.649,1,COM7
2,455610,37,rpm,695,456,36.7,36.7,3915,497,0,2731,2.649,1,COM7
2,455631,37,rpm,835,456,36.7,36.7,3915,497,0,2731,2.649,1,COM7
2,455652,37,rpm,759,456,36.7,36.7,3915,497,0,2731,2.649,1,COM7
2,455673,37,rpm,749,456,36.7,36.7,3915,497,0,2731,2.649,1,COM7
2,455693,37,rpm,766,456,36.7,36.7,3915,497,0,2732,2.65,1,COM7
2,455714,37,rpm,558,456,36.7,36.7,3915,497,0,2732,2.65,1,COM7
2,455735,37,rpm,518,456,36.7,36.7,3915,497,0,2732,2.65,1,COM7
2,455756,37,rpm,502,456,36.7,36.7,3915,497,0,2732,2.65,1,COM7
2,455776,37,rpm,295,456,36.7,36.7,3915,497,0,2732,2.65,1,COM7
2,455797,37,rpm,88,456,36.7,36.7,3915,497,0,2732,2.65,1,COM7
2,455818,37,rpm,-341,456,36.7,36.7,3915,497,0,2733,2.651,1,COM7
2,455838,37,rpm,101,456,36.7,36.7,3915,497,0,2733,2.651,1,COM7
2,455859,37,rpm,501,456,36.7,36.7,3915,497,0,2733,2.651,1,COM7
2,455880,37,rpm,786,456,36.7,36.7,3915,497,0,2733,2.651,1,COM7
2,455901,37,rpm,819,456,36.7,36.7,3915,497,0,2733,2.651,1,COM7
2,455921,37,rpm,813,456,36.7,36.7,3915,497,0,2733,2.651,1,COM7
2,455942,37,rpm,715,456,36.7,36.7,3915,497,0,2733,2.651,1,COM7
2,455963,37,rpm,597,456,36.7,36.7,3915,497,0,2734,2.652,1,COM7
2,455983,37,rpm,617,456,36.7,36.7,3915,497,0,2734,2.652,1,COM7
2,456004,37,rpm,460,456,36.7,36.7,3915,497,0,2734,2.652,1,COM7
2,456025,37,rpm,328,456,36.7,36.7,3915,497,0,2734,2.652,1,COM7
2,456046,37,rpm,256,456,36.7,36.7,3915,497,0,2734,2.652,1,COM7
2,456066,37,rpm,-411,456,36.7,36.7,3915,497,0,2734,2.652,1,COM7
2,456087,37,rpm,52,456,36.7,36.7,3915,497,0,2735,2.653,1,COM7
2,456108,37,rpm,416,456,36.7,36.7,3915,497,0,2735,2.653,1,COM7
2,456128,37,rpm,698,456,36.7,36.7,3915,497,0,2735,2.653,1,COM7
2,456149,37,rpm,755,456,36.7,36.7,3915,497,0,2735,2.653,1,COM7
2,456170,37,rpm,932,456,36.7,36.7,3915,497,0,2735,2.653,1,COM7
2,456191,37,rpm,728,456,36.7,36.7,3915,497,0,2735,2.653,1,COM7
2,456211,37,rpm,582,456,36.7,36.7,3915,497,0,2736,2.653,1,COM7
2,456232,37,rpm,649,456,36.7,36.7,3915,497,0,2736,2.654,1,COM7
2,456253,37,rpm,503,456,36.7,36.7,3915,497,0,2736,2.654,1,COM7
2,456273,37,rpm,339,456,36.7,36.7,3915,497,0,2736,2.654,1,COM7
2,456294,37,rpm,248,456,36.7,36.7,3915,497,0,2736,2.654,1,COM7
2,456315,37,rpm,-389,456,36.7,36.7,3915,497,0,2736,2.654,1,COM7
2,456336,37,rpm,34,456,36.7,36.7,3915,497,0,2736,2.654,1,COM7
2,456356,37,rpm,316,456,36.7,36.7,3915,497,0,2737,2.655,1,COM7
2,456377,37,rpm,705,456,36.7,36.7,3915,497,0,2737,2.655,1,COM7
2,456398,37,rpm,869,456,36.7,36.7,3915,497,0,2737,2.655,1,COM7
2,456418,37,rpm,739,456,36.7,36.7,3915,497,0,2737,2.655,1,COM7
2,456439,37,rpm,744,456,36.7,36.7,3915,497,0,2737,2.655,1,COM7
2,456460,37,rpm,707,456,36.7,36.7,3915,497,0,2737,2.655,1,COM7
2,456481,37,rpm,554,456,36.7,36.7,3915,497,0,2738,2.655,1,COM7
2,456501,37,rpm,526,456,36.7,36.7,3915,497,0,2738,2.656,1,COM7
2,456522,37,rpm,449,456,36.7,36.7,3915,497,0,2738,2.656,1,COM7
2,456543,37,rpm,278,456,36.7,36.7,3915,497,0,2738,2.656,1,COM7
2,456564,37,rpm,-123,456,36.7,36.7,3915,497,0,2738,2.656,1,COM7
2,456584,37,rpm,-155,456,36.7,36.7,3915,497,0,2738,2.656,1,COM7
2,456605,37,rpm,156,456,36.7,36.7,3915,497,0,2739,2.656,1,COM7
2,456626,37,rpm,588,456,36.7,36.7,3915,497,0,2739,2.657,1,COM7
2,456646,37,rpm,806,456,36.7,36.7,3915,497,0,2739,2.657,1,COM7
2,456667,37,rpm,809,456,36.7,36.7,3915,497,0,2739,2.657,1,COM7
2,456688,37,rpm,763,456,36.7,36.7,3915,497,0,2739,2.657,1,COM7
2,456709,37,rpm,717,456,36.7,36.7,3915,497,0,2739,2.657,1,COM7
2,456729,37,rpm,592,456,36.7,36.7,3915,497,0,2739,2.657,1,COM7
2,456750,37,rpm,580,456,36.7,36.7,3915,497,0,2740,2.657,1,COM7
2,456771,37,rpm,462,456,36.7,36.7,3915,497,0,2740,2.658,1,COM7
2,456791,37,rpm,332,456,36.7,36.7,3915,497,0,2740,2.658,1,COM7
2,456812,37,rpm,225,456,36.7,36.7,3915,497,0,2740,2.658,1,COM7
2,456833,37,rpm,-386,456,36.7,36.7,3915,497,0,2740,2.658,1,COM7
2,456853,37,rpm,58,456,36.7,36.7,3915,497,0,2740,2.658,1,COM7
2,456874,37,rpm,438,456,36.7,36.7,3915,497,0,2741,2.658,1,COM7
2,456895,37,rpm,683,456,36.7,36.7,3915,497,0,2741,2.658,1,COM7
2,456916,37,rpm,708,456,36.7,36.7,3915,497,0,2741,2.659,1,COM7
2,456936,37,rpm,969,456,36.7,36.7,3915,497,0,2741,2.659,1,COM7
2,456957,37,rpm,713,456,36.7,36.7,3915,497,0,2741,2.659,1,COM7
2,456978,37,rpm,552,456,36.7,36.7,3915,497,0,2741,2.659,1,COM7
2,456998,37,rpm,675,456,36.7,36.7,3915,497,0,2742,2.659,1,COM7
2,457019,37,rpm,523,456,36.7,36.7,3915,497,0,2742,2.659,1,COM7
2,457040,37,rpm,353,456,36.7,36.7,3915,497,0,2742,2.66,1,COM7
2,457061,37,rpm,319,456,36.7,36.7,3915,497,0,2742,2.66,1,COM7
2,457081,37,rpm,-247,456,36.7,36.7,3915,497,0,2742,2.66,1,COM7
2,457102,37,rpm,-71,456,36.7,36.7,3915,497,0,2742,2.66,1,COM7
2,457123,37,rpm,203,456,36.7,36.7,3915,497,0,2742,2.66,1,COM7
2,457143,37,rpm,700,456,36.7,36.7,3915,497,0,2743,2.66,1,COM7
2,457164,37,rpm,760,456,36.7,36.7,3915,497,0,2743,2.66,1,COM7
2,457185,37,rpm,771,456,36.7,36.7,3915,497,0,2743,2.661,1,COM7
2,457205,37,rpm,802,456,36.7,36.7,3915,497,0,2743,2.661,1,COM7
2,457226,37,rpm,725,456,36.7,36.7,3915,497,0,2743,2.661,1,COM7
2,457247,37,rpm,544,456,36.7,36.7,3915,497,0,2743,2.661,1,COM7
2,457268,37,rpm,548,456,36.7,36.7,3915,497,0,2744,2.661,1,COM7
2,457288,37,rpm,495,456,36.7,36.7,3915,497,0,2744,2.661,1,COM7
2,457309,37,rpm,292,456,36.7,36.7,3915,497,0,2744,2.662,1,COM7
2,457330,37,rpm,105,456,36.7,36.7,3915,497,0,2744,2.662,1,COM7
2,457351,37,rpm,-366,456,36.7,36.7,3915,497,0,2744,2.662,1,COM7
2,457371,37,rpm,90,456,36.7,36.7,3915,497,0,2744,2.662,1,COM7
2,457392,37,rpm,481,456,36.7,36.7,3915,497,0,2744,2.662,1,COM7
2,457413,37,rpm,799,456,36.7,36.7,3915,497,0,2745,2.662,1,COM7
2,457433,37,rpm,806,456,36.7,36.7,3915,497,0,2745,2.662,1,COM7
2,457454,37,rpm,762,456,36.7,36.7,3915,497,0,2745,2.663,1,COM7
2,457475,37,rpm,770,456,36.7,36.7,3915,497,0,2745,2.663,1,COM7
2,457495,37,rpm,601,456,36.7,36.7,3915,497,0,2745,2.663,1,COM7
2,457516,37,rpm,576,456,36.7,36.7,3915,497,0,2745,2.663,1,COM7
2,457537,37,rpm,477,456,36.7,36.7,3915,497,0,2746,2.663,1,COM7
2,457558,37,rpm,347,456,36.7,36.7,3915,497,0,2746,2.663,1,COM7
2,457578,37,rpm,249,456,36.7,36.7,3915,497,0,2746,2.664,1,COM7
2,457599,37,rpm,-401,456,36.7,36.7,3915,497,0,2746,2.664,1,COM7
2,457620,37,rpm,58,456,36.7,36.7,3915,497,0,2746,2.664,1,COM7
2,457641,37,rpm,421,456,36.7,36.7,3915,497,0,2746,2.664,1,COM7
2,457661,37,rpm,682,456,36.7,36.7,3915,497,0,2747,2.664,1,COM7
2,457682,37,rpm,840,456,36.7,36.7,3915,497,0,2747,2.664,1,COM7
2,457703,37,rpm,910,456,36.7,36.7,3915,497,0,2747,2.664,1,COM7
2,457723,37,rpm,715,456,36.7,36.7,3915,497,0,2747,2.665,1,COM7
2,457744,37,rpm,578,456,36.7,36.7,3915,497,0,2747,2.665,1,COM7
2,457765,37,rpm,683,456,36.7,36.7,3915,497,0,2747,2.665,1,COM7
2,457786,37,rpm,493,456,36.7,36.7,3915,497,0,2747,2.665,1,COM7
2,457806,37,rpm,334,456,36.7,36.7,3915,497,0,2748,2.665,1,COM7
2,457827,37,rpm,275,456,36.7,36.7,3915,497,0,2748,2.665,1,COM7
2,457848,37,rpm,-375,456,36.7,36.7,3915,497,0,2748,2.666,1,COM7
2,457868,37,rpm,27,456,36.7,36.7,3915,497,0,2748,2.666,1,COM7
2,457889,37,rpm,305,456,36.7,36.7,3915,497,0,2748,2.666,1,COM7
2,457910,37,rpm,714,456,36.7,36.7,3915,497,0,2748,2.666,1,COM7
2,457930,37,rpm,744,456,36.7,36.7,3915,497,0,2749,2.666,1,COM7
2,457951,37,rpm,823,456,36.7,36.7,3915,497,0,2749,2.666,1,COM7
2,457972,37,rpm,770,456,36.7,36.7,3915,497,0,2749,2.666,1,COM7
2,457993,37,rpm,691,456,36.7,36.7,3915,497,0,2749,2.667,1,COM7
2,458013,37,rpm,533,456,36.7,36.7,3915,497,0,2749,2.667,1,COM7
2,458034,37,rpm,540,456,36.7,36.7,3915,497,0,2749,2.667,1,COM7
2,458055,37,rpm,447,456,36.7,36.7,3915,497,0,2750,2.667,1,COM7
2,458075,37,rpm,276,456,36.7,36.7,3915,497,0,2750,2.667,1,COM7
2,458096,37,rpm,-24,456,36.7,36.7,3915,497,0,2750,2.667,1,COM7
2,458117,37,rpm,-220,456,36.7,36.7,3915,497,0,2750,2.667,1,COM7
2,458138,37,rpm,123,456,36.7,36.7,3915,497,0,2750,2.668,1,COM7
2,458158,37,rpm,579,456,36.7,36.7,3915,497,0,2750,2.668,1,COM7
2,458179,37,rpm,818,456,36.7,36.7,3915,497,0,2750,2.668,1,COM7
2,458200,37,rpm,803,456,36.7,36.7,3915,497,0,2751,2.668,1,COM7
2,458221,37,rpm,731,456,36.7,36.7,3915,497,0,2751,2.668,1,COM7
2,458241,37,rpm,761,456,36.7,36.7,3915,497,0,2751,2.668,1,COM7
2,458262,37,rpm,579,456,36.7,36.7,3915,497,0,2751,2.669,1,COM7
2,458283,37,rpm,545,456,36.7,36.7,3915,497,0,2751,2.669,1,COM7
2,458304,37,rpm,483,456,36.7,36.7,3915,497,0,2751,2.669,1,COM7
2,458324,37,rpm,333,456,36.7,36.7,3915,497,0,2752,2.669,1,COM7
2,458345,37,rpm,225,456,36.7,36.7,3915,497,0,2752,2.669,1,COM7
2,458366,37,rpm,-388,456,36.7,36.7,3915,497,0,2752,2.669,1,COM7
2,458386,37,rpm,56,456,36.7,36.7,3915,497,0,2752,2.669,1,COM7
2,458407,37,rpm,417,456,36.7,36.7,3915,497,0,2752,2.67,1,COM7
2,458428,37,rpm,687,456,36.7,36.7,3915,497,0,2752,2.67,1,COM7
2,458448,37,rpm,737,456,36.7,36.7,3915,497,0,2753,2.67,1,COM7
2,458469,37,rpm,955,456,36.7,36.7,3915,497,0,2753,2.67,1,COM7
2,458490,37,rpm,707,456,36.7,36.7,3915,497,0,2753,2.67,1,COM7
2,458510,37,rpm,570,456,36.7,36.7,3915,497,0,2753,2.67,1,COM7
2,458531,37,rpm,690,456,36.7,36.7,3915,497,0,2753,2.671,1,COM7
2,458552,37,rpm,522,455,36.7,36.7,3915,497,0,2753,2.671,1,COM7
2,458573,37,rpm,348,455,36.7,36.7,3915,497,0,2753,2.671,1,COM7
2,458593,37,rpm,339,455,36.7,36.7,3915,497,0,2754,2.671,1,COM7
2,458614,37,rpm,-183,455,36.7,36.7,3915,497,0,2754,2.671,1,COM7
2,458635,37,rpm,-139,455,36.7,36.7,3915,497,0,2754,2.671,1,COM7
2,458655,37,rpm,187,455,36.7,36.7,3915,497,0,2754,2.671,1,COM7
2,458676,37,rpm,694,455,36.7,36.7,3915,497,0,2754,2.672,1,COM7
2,458697,37,rpm,665,455,36.7,36.7,3915,497,0,2754,2.672,1,COM7
2,458718,37,rpm,866,455,36.7,36.7,3915,497,0,2755,2.672,1,COM7
2,458738,37,rpm,820,455,36.7,36.7,3915,497,0,2755,2.672,1,COM7
2,458759,37,rpm,671,455,36.7,36.7,3915,497,0,2755,2.672,1,COM7
2,458780,37,rpm,567,455,36.7,36.7,3915,497,0,2755,2.672,1,COM7
2,458800,37,rpm,571,455,36.7,36.7,3915,497,0,2755,2.673,1,COM7
2,458821,37,rpm,479,455,36.7,36.7,3915,497,0,2755,2.673,1,COM7
2,458842,37,rpm,293,455,36.7,36.7,3915,497,0,2756,2.673,1,COM7
2,458862,37,rpm,155,455,36.7,36.7,3915,497,0,2756,2.673,1,COM7
2,458883,37,rpm,-371,455,36.7,36.7,3915,497,0,2756,2.673,1,COM7
2,458904,37,rpm,81,455,36.7,36.7,3915,497,0,2756,2.673,1,COM7
2,458925,37,rpm,468,455,36.7,36.7,3915,497,0,2756,2.673,1,COM7
2,458945,37,rpm,809,455,36.7,36.7,3915,497,0,2756,2.674,1,COM7
2,458966,37,rpm,783,455,36.7,36.7,3915,497,0,2756,2.674,1,COM7
2,458987,37,rpm,783,455,36.7,36.7,3915,497,0,2757,2.674,1,COM7
2,459007,37,rpm,808,455,36.7,36.7,3915,497,0,2757,2.674,1,COM7
2,459028,37,rpm,577,455,36.7,36.7,3915,497,0,2757,2.674,1,COM7
2,459049,37,rpm,547,455,36.7,36.7,3915,497,0,2757,2.674,1,COM7
2,459069,37,rpm,541,455,36.7,36.7,3915,497,0,2757,2.675,1,COM7
2,459090,37,rpm,362,455,36.7,36.7,3915,497,0,2757,2.675,1,COM7
2,459111,37,rpm,262,455,36.7,36.7,3915,497,0,2758,2.675,1,COM7
2,459131,37,rpm,-396,455,36.7,36.7,3915,497,0,2758,2.675,1,COM7
2,459152,37,rpm,46,455,36.7,36.7,3915,497,0,2758,2.675,1,COM7
2,459173,37,rpm,338,455,36.7,36.7,3915,497,0,2758,2.675,1,COM7
2,459194,37,rpm,697,455,36.7,36.7,3915,497,0,2758,2.675,1,COM7
2,459214,37,rpm,806,455,36.7,36.7,3915,497,0,2758,2.676,1,COM7
2,459235,37,rpm,916,455,36.7,36.7,3915,497,0,2758,2.676,1,COM7
2,459256,37,rpm,707,455,36.7,36.7,3915,497,0,2759,2.676,1,COM7
2,459277,37,rpm,609,455,36.7,36.7,3915,497,0,2759,2.676,1,COM7
2,459297,37,rpm,692,455,36.7,36.7,3915,497,0,2759,2.676,1,COM7
2,459318,37,rpm,482,455,36.7,36.7,3915,497,0,2759,2.676,1,COM7
2,459339,37,rpm,338,455,36.7,36.7,3915,497,0,2759,2.676,1,COM7
2,459359,37,rpm,288,455,36.7,36.7,3915,497,0,2759,2.677,1,COM7
2,459380,37,rpm,-332,455,36.7,36.7,3915,497,0,2760,2.677,1,COM7
2,459401,37,rpm,10,455,36.7,36.7,3915,497,0,2760,2.677,1,COM7
2,459422,37,rpm,299,455,36.7,36.7,3915,497,0,2760,2.677,1,COM7
2,459442,37,rpm,704,455,36.7,36.7,3915,497,0,2760,2.677,1,COM7
2,459463,37,rpm,656,455,36.7,36.7,3915,497,0,2760,2.677,1,COM7
2,459484,37,rpm,928,455,36.7,36.7,3915,497,0,2760,2.678,1,COM7
2,459505,37,rpm,779,455,36.7,36.7,3915,497,0,2761,2.678,1,COM7
2,459525,37,rpm,608,455,36.7,36.7,3915,497,0,2761,2.678,1,COM7
2,459546,37,rpm,578,455,36.7,36.7,3915,497,0,2761,2.678,1,COM7
2,459567,37,rpm,560,455,36.7,36.7,3915,497,0,2761,2.678,1,COM7
2,459588,37,rpm,436,455,36.7,36.7,3915,497,0,2761,2.678,1,COM7
2,459608,37,rpm,281,455,36.7,36.7,3915,497,0,2761,2.678,1,COM7
2,459629,37,rpm,-54,455,36.7,36.7,3915,497,0,2761,2.679,1,COM7
2,459650,37,rpm,-202,455,36.7,36.7,3915,497,0,2762,2.679,1,COM7
2,459670,37,rpm,121,455,36.7,36.7,3915,497,0,2762,2.679,1,COM7
2,459691,37,rpm,598,455,36.7,36.7,3915,497,0,2762,2.679,1,COM7
2,459712,37,rpm,833,455,36.7,36.7,3915,497,0,2762,2.679,1,COM7
2,459733,37,rpm,770,455,36.7,36.7,3915,497,0,2762,2.679,1,COM7
2,459753,37,rpm,754,455,36.7,36.7,3915,497,0,2762,2.68,1,COM7
2,459774,37,rpm,787,455,36.7,36.7,3915,497,0,2763,2.68,1,COM7
2,459795,37,rpm,573,455,36.7,36.7,3915,497,0,2763,2.68,1,COM7
2,459815,37,rpm,522,455,36.7,36.7,3915,497,0,2763,2.68,1,COM7
2,459836,37,rpm,533,455,36.7,36.7,3915,497,0,2763,2.68,1,COM7
2,459857,37,rpm,326,455,36.7,36.7,3915,497,0,2763,2.68,1,COM7
2,459877,37,rpm,241,455,36.7,36.7,3915,497,0,2763,2.68,1,COM7
2,459898,37,rpm,-411,455,36.7,36.7,3915,497,0,2764,2.681,1,COM7
2,459919,37,rpm,54,455,36.7,36.7,3915,497,0,2764,2.681,1,COM7
2,459940,37,rpm,342,455,36.7,36.7,3915,497,0,2764,2.681,1,COM7
2,459960,37,rpm,727,455,36.7,36.7,3915,497,0,2764,2.681,1,COM7
2,459981,37,rpm,742,455,36.7,36.7,3915,497,0,2764,2.681,1,COM7
2,460002,37,rpm,889,455,36.7,36.7,3915,497,0,2764,2.681,1,COM7
2,460022,37,rpm,738,455,36.7,36.7,3915,497,0,2764,2.682,1,COM7
2,460043,37,rpm,597,455,36.7,36.7,3915,497,0,2765,2.682,1,COM7
2,460064,37,rpm,661,455,36.7,36.7,3915,497,0,2765,2.682,1,COM7
2,460084,37,rpm,523,455,36.7,36.7,3915,497,0,2765,2.682,1,COM7
2,460105,37,rpm,367,455,36.7,36.7,3915,497,0,2765,2.682,1,COM7
2,460126,37,rpm,337,455,36.7,36.7,3915,497,0,2765,2.682,1,COM7
2,460146,37,rpm,-175,455,36.7,36.7,3915,497,0,2765,2.682,1,COM7
2,460167,37,rpm,-157,455,36.7,36.7,3915,497,0,2766,2.683,1,COM7
2,460188,37,rpm,183,455,36.7,36.7,3915,497,0,2766,2.683,1,COM7
2,460209,37,rpm,665,455,36.7,36.7,3915,497,0,2766,2.683,1,COM7
2,460229,37,rpm,639,455,36.7,36.7,3915,497,0,2766,2.683,1,COM7
2,460250,37,rpm,935,455,36.7,36.7,3915,497,0,2766,2.683,1,COM7
2,460271,37,rpm,811,455,36.7,36.7,3915,497,0,2766,2.683,1,COM7
2,460291,37,rpm,597,455,36.7,36.7,3915,497,0,2766,2.684,1,COM7
2,460312,37,rpm,647,455,36.7,36.7,3915,497,0,2767,2.684,1,COM7
2,460333,37,rpm,588,455,36.7,36.7,3915,497,0,2767,2.684,1,COM7
2,460354,37,rpm,451,455,36.7,36.7,3915,497,0,2767,2.684,1,COM7
2,460374,37,rpm,310,455,36.7,36.7,3915,497,0,2767,2.684,1,COM7
2,460395,37,rpm,181,455,36.7,36.7,3915,497,0,2767,2.684,1,COM7
2,460416,37,rpm,-373,455,36.7,36.7,3915,497,0,2767,2.684,1,COM7
2,460437,37,rpm,73,455,36.7,36.7,3915,497,0,2768,2.685,1,COM7
2,460457,37,rpm,482,455,36.7,36.7,3915,497,0,2768,2.685,1,COM7
2,460478,37,rpm,774,455,36.7,36.7,3915,497,0,2768,2.685,1,COM7
2,460499,37,rpm,744,455,36.7,36.7,3915,497,0,2768,2.685,1,COM7
2,460519,37,rpm,811,455,36.7,36.7,3915,497,0,2768,2.685,1,COM7
2,460540,37,rpm,802,455,36.7,36.7,3915,497,0,2768,2.685,1,COM7
2,460561,37,rpm,570,455,36.7,36.7,3915,497,0,2769,2.685,1,COM7
2,460582,37,rpm,552,455,36.7,36.7,3915,497,0,2769,2.686,1,COM7
2,460602,37,rpm,556,455,36.7,36.7,3915,497,0,2769,2.686,1,COM7
2,460623,37,rpm,348,455,36.7,36.7,3915,497,0,2769,2.686,1,COM7
2,460644,37,rpm,266,455,36.7,36.7,3915,497,0,2769,2.686,1,COM7
2,460665,37,rpm,-383,455,36.7,36.7,3915,497,0,2769,2.686,1,COM7
2,460685,37,rpm,36,455,36.7,36.7,3915,497,0,2769,2.686,1,COM7
2,460706,37,rpm,277,455,36.7,36.7,3915,497,0,2770,2.687,1,COM7
2,460727,37,rpm,714,455,36.7,36.7,3915,497,0,2770,2.687,1,COM7
2,460747,37,rpm,821,455,36.7,36.7,3915,497,0,2770,2.687,1,COM7
2,460768,37,rpm,870,455,36.7,36.7,3915,497,0,2770,2.687,1,COM7
2,460789,37,rpm,714,455,36.7,36.7,3915,497,0,2770,2.687,1,COM7
2,460809,37,rpm,628,455,36.7,36.7,3915,497,0,2770,2.687,1,COM7
2,460830,37,rpm,666,455,36.7,36.7,3915,497,0,2771,2.687,1,COM7
2,460851,37,rpm,487,455,36.7,36.7,3915,497,0,2771,2.688,1,COM7
2,460871,37,rpm,355,455,36.7,36.7,3915,497,0,2771,2.688,1,COM7
2,460892,37,rpm,286,455,36.7,36.7,3915,497,0,2771,2.688,1,COM7
2,460913,37,rpm,-336,455,36.7,36.7,3915,497,0,2771,2.688,1,COM7
2,460934,37,rpm,2,455,36.7,36.7,3915,497,0,2771,2.688,1,COM7
2,460954,37,rpm,268,455,36.7,36.7,3915,497,0,2772,2.688,1,COM7
2,460975,37,rpm,677,455,36.7,36.7,3915,497,0,2772,2.689,1,COM7
2,460996,37,rpm,673,455,36.7,36.7,3915,497,0,2772,2.689,1,COM7
2,461016,37,rpm,973,455,36.7,36.7,3915,497,0,2772,2.689,1,COM7
2,461037,37,rpm,758,455,36.7,36.7,3915,497,0,2772,2.689,1,COM7
2,461058,37,rpm,568,455,36.7,36.7,3915,497,0,2772,2.689,1,COM7
2,461078,37,rpm,672,455,36.7,36.7,3915,497,0,2772,2.689,1,COM7
2,461099,37,rpm,563,455,36.7,36.7,3915,497,0,2773,2.689,1,COM7
2,461120,37,rpm,403,455,36.7,36.7,3915,497,0,2773,2.69,1,COM7
2,461141,37,rpm,311,455,36.7,36.7,3915,497,0,2773,2.69,1,COM7
2,461161,37,rpm,-44,455,36.7,36.7,3915,497,0,2773,2.69,1,COM7
2,461182,37,rpm,-229,455,36.7,36.7,3915,497,0,2773,2.69,1,COM7
2,461203,37,rpm,105,455,36.7,36.7,3915,497,0,2773,2.69,1,COM7
2,461223,37,rpm,616,455,36.7,36.7,3915,497,0,2774,2.69,1,COM7
2,461244,37,rpm,774,455,36.7,36.7,3915,497,0,2774,2.691,1,COM7
2,461265,37,rpm,754,455,36.7,36.7,3915,497,0,2774,2.691,1,COM7
2,461286,37,rpm,810,455,36.7,36.7,3915,497,0,2774,2.691,1,COM7
2,461306,37,rpm,775,455,36.7,36.7,3915,497,0,2774,2.691,1,COM7
2,461327,37,rpm,548,455,36.7,36.7,3915,497,0,2774,2.691,1,COM7
2,461348,37,rpm,550,455,36.7,36.7,3915,497,0,2775,2.691,1,COM7
2,461368,37,rpm,551,455,36.7,36.7,3915,497,0,2775,2.691,1,COM7
2,461389,37,rpm,320,455,36.7,36.7,3915,497,0,2775,2.692,1,COM7
2,461410,37,rpm,257,455,36.7,36.7,3915,497,0,2775,2.692,1,COM7
2,461431,37,rpm,-397,455,36.7,36.7,3915,497,0,2775,2.692,1,COM7
2,461451,37,rpm,47,455,36.7,36.7,3915,497,0,2775,2.692,1,COM7
2,461472,37,rpm,286,455,36.7,36.7,3915,497,0,2775,2.692,1,COM7
2,461493,37,rpm,781,455,36.7,36.7,3915,497,0,2776,2.692,1,COM7
2,461513,37,rpm,739,455,36.7,36.7,3915,497,0,2776,2.692,1,COM7
2,461534,37,rpm,811,455,36.7,36.7,3915,497,0,2776,2.693,1,COM7
2,461555,37,rpm,825,455,36.7,36.7,3915,497,0,2776,2.693,1,COM7
2,461576,37,rpm,600,455,36.7,36.7,3915,497,0,2776,2.693,1,COM7
2,461596,37,rpm,609,455,36.7,36.7,3915,497,0,2776,2.693,1,COM7
2,461617,37,rpm,549,455,36.7,36.7,3915,497,0,2777,2.693,1,COM7
2,461638,37,rpm,386,455,36.7,36.7,3915,497,0,2777,2.693,1,COM7
2,461658,37,rpm,326,455,36.7,36.7,3915,497,0,2777,2.694,1,COM7
2,461679,37,rpm,-120,455,36.7,36.7,3915,497,0,2777,2.694,1,COM7
2,461700,37,rpm,-190,455,36.7,36.7,3915,497,0,2777,2.694,1,COM7
2,461721,37,rpm,160,455,36.7,36.7,3915,497,0,2777,2.694,1,COM7
2,461741,37,rpm,657,455,36.7,36.7,3915,497,0,2777,2.694,1,COM7
2,461762,37,rpm,663,455,36.7,36.7,3915,497,0,2778,2.694,1,COM7
2,461783,37,rpm,945,455,36.7,36.7,3915,497,0,2778,2.694,1,COM7
2,461803,37,rpm,790,455,36.7,36.7,3915,497,0,2778,2.695,1,COM7
2,461824,37,rpm,588,455,36.7,36.7,3915,497,0,2778,2.695,1,COM7
2,461845,37,rpm,704,455,36.7,36.7,3915,497,0,2778,2.695,1,COM7
2,461866,37,rpm,568,455,36.7,36.7,3915,497,0,2778,2.695,1,COM7
2,461886,37,rpm,426,455,36.7,36.7,3915,497,0,2779,2.695,1,COM7
2,461907,37,rpm,355,455,36.7,36.7,3915,497,0,2779,2.695,1,COM7
2,461927,37,rpm,202,455,36.7,36.7,3915,497,0,2779,2.696,1,COM7
2,461948,37,rpm,-412,455,36.7,36.7,3915,497,0,2779,2.696,1,COM7
2,461969,37,rpm,64,455,36.7,36.7,3915,497,0,2779,2.696,1,COM7
2,461990,37,rpm,468,455,36.7,36.7,3915,497,0,2779,2.696,1,COM7
2,462010,37,rpm,673,455,36.7,36.7,3915,497,0,2780,2.696,1,COM7
2,462031,37,rpm,767,455,36.7,36.7,3915,497,0,2780,2.696,1,COM7
2,462052,37,rpm,870,455,36.7,36.7,3915,497,0,2780,2.696,1,COM7
2,462072,37,rpm,768,455,36.7,36.7,3915,497,0,2780,2.697,1,COM7
2,462093,37,rpm,548,455,36.7,36.7,3915,497,0,2780,2.697,1,COM7
2,462114,37,rpm,586,455,36.7,36.7,3915,497,0,2780,2.697,1,COM7
2,462134,37,rpm,562,455,36.7,36.7,3915,497,0,2780,2.697,1,COM7
2,462155,37,rpm,338,455,36.7,36.7,3915,497,0,2781,2.697,1,COM7
2,462176,37,rpm,279,455,36.7,36.7,3915,497,0,2781,2.697,1,COM7
2,462197,37,rpm,-361,455,36.7,36.7,3915,497,0,2781,2.698,1,COM7
2,462217,37,rpm,24,455,36.7,36.7,3915,497,0,2781,2.698,1,COM7
2,462238,37,rpm,242,455,36.7,36.7,3915,497,0,2781,2.698,1,COM7
2,462259,37,rpm,780,455,36.7,36.7,3915,497,0,2781,2.698,1,COM7
2,462279,37,rpm,775,455,36.7,36.7,3915,497,0,2782,2.698,1,COM7
2,462300,37,rpm,801,455,36.7,36.7,3915,497,0,2782,2.698,1,COM7
2,462321,37,rpm,842,455,36.7,36.7,3915,497,0,2782,2.698,1,COM7
2,462342,37,rpm,663,455,36.7,36.7,3915,497,0,2782,2.699,1,COM7
2,462362,37,rpm,576,455,36.7,36.7,3915,497,0,2782,2.699,1,COM7
2,462383,37,rpm,531,455,36.7,36.7,3915,497,0,2782,2.699,1,COM7
2,462404,37,rpm,378,455,36.7,36.7,3915,497,0,2783,2.699,1,COM7
2,462424,37,rpm,272,455,36.7,36.7,3915,497,0,2783,2.699,1,COM7
2,462445,37,rpm,-300,455,36.7,36.7,3915,497,0,2783,2.699,1,COM7
2,462466,37,rpm,-15,455,36.7,36.7,3915,497,0,2783,2.699,1,COM7
2,462487,37,rpm,222,455,36.7,36.7,3915,497,0,2783,2.7,1,COM7
2,462507,37,rpm,673,455,36.7,36.7,3915,497,0,2783,2.7,1,COM7
2,462528,37,rpm,700,455,36.7,36.7,3915,497,0,2783,2.7,1,COM7
2,462549,37,rpm,968,455,36.7,36.7,3915,497,0,2784,2.7,1,COM7
2,462569,37,rpm,748,455,36.7,36.7,3915,497,0,2784,2.7,1,COM7
2,462590,37,rpm,587,455,36.7,36.7,3915,497,0,2784,2.7,1,COM7
2,462611,37,rpm,705,455,36.7,36.7,3915,497,0,2784,2.701,1,COM7
2,462632,37,rpm,560,455,36.7,36.7,3915,497,0,2784,2.701,1,COM7
2,462652,37,rpm,392,455,36.7,36.7,3915,497,0,2784,2.701,1,COM7
2,462673,37,rpm,348,455,36.7,36.7,3915,497,0,2785,2.701,1,COM7
2,462694,37,rpm,49,455,36.7,36.7,3915,497,0,2785,2.701,1,COM7
2,462715,37,rpm,-268,455,36.7,36.7,3915,497,0,2785,2.701,1,COM7
2,462735,37,rpm,90,455,36.7,36.7,3915,497,0,2785,2.701,1,COM7
2,462756,37,rpm,571,455,36.7,36.7,3915,497,0,2785,2.702,1,COM7
2,462777,37,rpm,676,455,36.7,36.7,3915,497,0,2785,2.702,1,COM7
2,462798,37,rpm,830,455,36.7,36.7,3915,497,0,2785,2.702,1,COM7
2,462818,37,rpm,863,455,36.7,36.7,3915,497,0,2786,2.702,1,COM7
2,462839,37,rpm,706,455,36.7,36.7,3915,497,0,2786,2.702,1,COM7
2,462860,37,rpm,562,455,36.7,36.7,3915,497,0,2786,2.702,1,COM7
2,462880,37,rpm,590,455,36.7,36.7,3915,497,0,2786,2.703,1,COM7
2,462901,37,rpm,538,455,36.7,36.7,3915,497,0,2786,2.703,1,COM7
2,462922,37,rpm,318,455,36.7,36.7,3915,497,0,2786,2.703,1,COM7
2,462943,37,rpm,275,455,36.7,36.7,3915,497,0,2787,2.703,1,COM7
2,462963,37,rpm,-368,455,36.7,36.7,3915,497,0,2787,2.703,1,COM7
2,462984,37,rpm,30,455,36.7,36.7,3915,497,0,2787,2.703,1,COM7
2,463005,37,rpm,255,455,36.7,36.7,3915,497,0,2787,2.703,1,COM7
2,463025,37,rpm,777,455,36.7,36.7,3915,497,0,2787,2.704,1,COM7
2,463046,37,rpm,715,455,36.7,36.7,3915,497,0,2787,2.704,1,COM7
2,463067,37,rpm,814,455,36.7,36.7,3915,497,0,2788,2.704,1,COM7
2,463088,37,rpm,869,455,36.7,36.7,3915,497,0,2788,2.704,1,COM7
2,463108,37,rpm,597,455,36.7,36.7,3915,497,0,2788,2.704,1,COM7
2,463129,37,rpm,576,455,36.7,36.7,3915,497,0,2788,2.704,1,COM7
2,463150,37,rpm,598,455,36.7,36.7,3915,497,0,2788,2.705,1,COM7
2,463170,37,rpm,395,455,36.7,36.7,3915,497,0,2788,2.705,1,COM7
2,463191,37,rpm,316,455,36.7,36.7,3915,497,0,2788,2.705,1,COM7
2,463212,37,rpm,-90,455,36.7,36.7,3915,497,0,2789,2.705,1,COM7
2,463233,37,rpm,-210,455,36.7,36.7,3915,497,0,2789,2.705,1,COM7
2,463253,37,rpm,136,455,36.7,36.7,3915,497,0,2789,2.705,1,COM7
2,463274,37,rpm,646,455,36.7,36.7,3915,497,0,2789,2.705,1,COM7
2,463295,37,rpm,678,455,36.7,36.7,3915,497,0,2789,2.706,1,COM7
2,463316,37,rpm,931,455,36.7,36.7,3915,497,0,2789,2.706,1,COM7
2,463336,37,rpm,794,455,36.7,36.7,3915,497,0,2790,2.706,1,COM7
2,463357,37,rpm,607,455,36.7,36.7,3915,497,0,2790,2.706,1,COM7
2,463378,37,rpm,706,455,36.7,36.7,3915,497,0,2790,2.706,1,COM7
2,463398,37,rpm,559,455,36.7,36.7,3915,497,0,2790,2.706,1,COM7
2,463419,37,rpm,426,455,36.7,36.7,3915,497,0,2790,2.707,1,COM7
2,463440,37,rpm,375,455,36.7,36.7,3915,497,0,2790,2.707,1,COM7
2,463461,37,rpm,212,455,36.7,36.7,3915,497,0,2791,2.707,1,COM7
2,463481,37,rpm,-397,455,36.7,36.7,3915,497,0,2791,2.707,1,COM7
2,463502,37,rpm,63,455,36.7,36.7,3915,497,0,2791,2.707,1,COM7
2,463523,37,rpm,444,455,36.7,36.7,3915,497,0,2791,2.707,1,COM7
2,463544,37,rpm,659,455,36.7,36.7,3915,497,0,2791,2.707,1,COM7
2,463564,37,rpm,790,455,36.7,36.7,3915,497,0,2791,2.708,1,COM7
2,463585,37,rpm,896,455,36.7,36.7,3915,497,0,2791,2.708,1,COM7
2,463606,37,rpm,740,455,36.7,36.7,3915,497,0,2792,2.708,1,COM7
2,463626,37,rpm,559,455,36.7,36.7,3915,497,0,2792,2.708,1,COM7
2,463647,37,rpm,598,455,36.7,36.7,3915,497,0,2792,2.708,1,COM7
2,463668,37,rpm,561,455,36.7,36.7,3915,497,0,2792,2.708,1,COM7
2,463689,37,rpm,341,455,36.7,36.7,3915,497,0,2792,2.708,1,COM7
2,463709,37,rpm,284,455,36.7,36.7,3915,497,0,2792,2.709,1,COM7
2,463730,37,rpm,-349,455,36.7,36.7,3915,497,0,2793,2.709,1,COM7
2,463751,37,rpm,17,455,36.7,36.7,3915,497,0,2793,2.709,1,COM7
2,463772,37,rpm,235,455,36.7,36.7,3915,497,0,2793,2.709,1,COM7
2,463792,37,rpm,768,455,36.7,36.7,3915,497,0,2793,2.709,1,COM7
2,463813,37,rpm,799,455,36.7,36.7,3915,497,0,2793,2.709,1,COM7
2,463834,37,rpm,773,455,36.7,36.7,3915,497,0,2793,2.71,1,COM7
2,463855,37,rpm,834,455,36.7,36.7,3915,497,0,2794,2.71,1,COM7
2,463875,37,rpm,641,455,36.7,36.7,3915,497,0,2794,2.71,1,COM7
2,463896,37,rpm,602,455,36.7,36.7,3915,497,0,2794,2.71,1,COM7
2,463917,37,rpm,523,455,36.7,36.7,3915,497,0,2794,2.71,1,COM7
2,463937,37,rpm,375,455,36.7,36.7,3915,497,0,2794,2.71,1,COM7
2,463958,37,rpm,276,455,36.7,36.7,3915,497,0,2794,2.71,1,COM7
2,463979,37,rpm,-273,455,36.7,36.7,3915,497,0,2794,2.711,1,COM7
2,463999,37,rpm,-29,455,36.7,36.7,3915,497,0,2795,2.711,1,COM7
2,464020,37,rpm,235,455,36.7,36.7,3915,497,0,2795,2.711,1,COM7
2,464041,37,rpm,684,455,36.7,36.7,3915,497,0,2795,2.711,1,COM7
2,464062,37,rpm,695,455,36.7,36.7,3915,497,0,2795,2.711,1,COM7
2,464082,37,rpm,959,455,36.7,36.7,3915,497,0,2795,2.711,1,COM7
2,464103,37,rpm,750,455,36.7,36.7,3915,497,0,2795,2.712,1,COM7
2,464124,37,rpm,590,455,36.7,36.7,3915,497,0,2796,2.712,1,COM7
2,464144,37,rpm,698,455,36.7,36.7,3915,497,0,2796,2.712,1,COM7
2,464165,37,rpm,550,455,36.7,36.7,3915,497,0,2796,2.712,1,COM7
2,464186,37,rpm,391,455,36.7,36.7,3915,497,0,2796,2.712,1,COM7
2,464207,37,rpm,345,455,36.7,36.7,3915,497,0,2796,2.712,1,COM7
2,464227,37,rpm,67,455,36.7,36.7,3915,497,0,2796,2.712,1,COM7
2,464248,37,rpm,-288,455,36.7,36.7,3915,497,0,2796,2.713,1,COM7
2,464269,37,rpm,88,455,36.7,36.7,3915,497,0,2797,2.713,1,COM7
2,464289,37,rpm,574,455,36.7,36.7,3915,497,0,2797,2.713,1,COM7
2,464310,37,rpm,636,455,36.7,36.7,3915,497,0,2797,2.713,1,COM7
2,464331,37,rpm,833,455,36.7,36.7,3915,497,0,2797,2.713,1,COM7
2,464352,37,rpm,846,455,36.7,36.7,3915,497,0,2797,2.713,1,COM7
2,464372,37,rpm,697,455,36.7,36.7,3915,497,0,2797,2.714,1,COM7
2,464393,37,rpm,559,455,36.7,36.7,3915,497,0,2798,2.714,1,COM7
2,464414,37,rpm,593,455,36.7,36.7,3915,497,0,2798,2.714,1,COM7
2,464435,37,rpm,532,455,36.7,36.7,3915,497,0,2798,2.714,1,COM7
2,464455,37,rpm,322,455,36.7,36.7,3915,497,0,2798,2.714,1,COM7
2,464476,37,rpm,278,455,36.7,36.7,3915,497,0,2798,2.714,1,COM7
2,464497,37,rpm,-372,455,36.7,36.7,3915,497,0,2798,2.714,1,COM7
2,464517,37,rpm,33,455,36.7,36.7,3915,497,0,2799,2.715,1,COM7
2,464538,37,rpm,269,455,36.7,36.7,3915,497,0,2799,2.715,1,COM7
2,464559,37,rpm,774,455,36.7,36.7,3915,497,0,2799,2.715,1,COM7
2,464580,37,rpm,709,455,36.7,36.7,3915,497,0,2799,2.715,1,COM7
2,464600,37,rpm,806,455,36.7,36.7,3915,497,0,2799,2.715,1,COM7
2,464621,37,rpm,873,455,36.7,36.7,3915,497,0,2799,2.715,1,COM7
2,464642,37,rpm,613,455,36.7,36.7,3915,497,0,2799,2.715,1,COM7
2,464663,37,rpm,569,455,36.7,36.7,3915,497,0,2800,2.716,1,COM7
2,464683,37,rpm,606,455,36.7,36.7,3915,497,0,2800,2.716,1,COM7
2,464704,37,rpm,393,455,36.7,36.7,3915,497,0,2800,2.716,1,COM7
2,464725,37,rpm,319,455,36.7,36.7,3915,497,0,2800,2.716,1,COM7
2,464745,37,rpm,-63,455,36.7,36.7,3915,497,0,2800,2.716,1,COM7
2,464766,37,rpm,-219,455,36.7,36.7,3915,497,0,2800,2.716,1,COM7
2,464787,37,rpm,140,455,36.7,36.7,3915,497,0,2801,2.717,1,COM7
2,464808,37,rpm,633,455,36.7,36.7,3915,497,0,2801,2.717,1,COM7
2,464828,37,rpm,672,455,36.7,36.7,3915,497,0,2801,2.717,1,COM7
2,464849,37,rpm,927,455,36.7,36.7,3915,497,0,2801,2.717,1,COM7
2,464870,37,rpm,800,455,36.7,36.7,3915,497,0,2801,2.717,1,COM7
2,464891,37,rpm,607,455,36.7,36.7,3915,497,0,2801,2.717,1,COM7
2,464911,37,rpm,707,455,36.7,36.7,3915,497,0,2802,2.717,1,COM7
2,464932,37,rpm,559,455,36.7,36.7,3915,497,0,2802,2.718,1,COM7
2,464953,37,rpm,428,455,36.7,36.7,3915,497,0,2802,2.718,1,COM7
2,464973,37,rpm,374,455,36.7,36.7,3915,497,0,2802,2.718,1,COM7
2,464994,37,rpm,214,455,36.7,36.7,3915,497,0,2802,2.718,1,COM7
2,465015,37,rpm,-397,455,36.7,36.7,3915,497,0,2802,2.718,1,COM7
2,465036,37,rpm,60,455,36.7,36.7,3915,497,0,2802,2.718,1,COM7
2,465056,37,rpm,448,455,36.7,36.7,3915,497,0,2803,2.719,1,COM7
2,465077,37,rpm,639,455,36.7,36.7,3915,497,0,2803,2.719,1,COM7
2,465098,37,rpm,799,455,36.7,36.7,3915,497,0,2803,2.719,1,COM7
2,465119,37,rpm,885,455,36.7,36.7,3915,497,0,2803,2.719,1,COM7
2,465139,37,rpm,739,455,36.7,36.7,3915,497,0,2803,2.719,1,COM7
2,465160,37,rpm,579,455,36.7,36.7,3915,497,0,2803,2.719,1,COM7
2,465181,37,rpm,608,455,36.7,36.7,3915,497,0,2804,2.719,1,COM7
2,465201,37,rpm,553,455,36.7,36.7,3915,497,0,2804,2.72,1,COM7
2,465222,37,rpm,338,455,36.7,36.7,3915,497,0,2804,2.72,1,COM7
2,465243,37,rpm,288,455,36.7,36.7,3915,497,0,2804,2.72,1,COM7
2,465264,37,rpm,-341,455,36.7,36.7,3915,497,0,2804,2.72,1,COM7
2,465284,37,rpm,7,455,36.7,36.7,3915,497,0,2804,2.72,1,COM7
2,465305,37,rpm,218,455,36.7,36.7,3915,497,0,2805,2.72,1,COM7
2,465326,37,rpm,774,455,36.7,36.7,3915,497,0,2805,2.721,1,COM7
2,465346,37,rpm,789,455,36.7,36.7,3915,497,0,2805,2.721,1,COM7
2,465367,37,rpm,779,455,36.7,36.7,3915,497,0,2805,2.721,1,COM7
2,465388,37,rpm,849,455,36.7,36.7,3915,497,0,2805,2.721,1,COM7
2,465409,37,rpm,635,455,36.7,36.7,3915,497,0,2805,2.721,1,COM7
2,465429,37,rpm,594,455,36.7,36.7,3915,497,0,2805,2.721,1,COM7
2,465450,37,rpm,531,455,36.7,36.7,3915,497,0,2806,2.721,1,COM7
2,465471,37,rpm,382,455,36.7,36.7,3915,497,0,2806,2.722,1,COM7
2,465492,37,rpm,272,455,36.7,36.7,3915,497,0,2806,2.722,1,COM7
2,465512,37,rpm,-272,455,36.7,36.7,3915,497,0,2806,2.722,1,COM7
2,465533,37,rpm,-23,455,36.7,36.7,3915,497,0,2806,2.722,1,COM7
2,465554,37,rpm,234,455,36.7,36.7,3915,497,0,2806,2.722,1,COM7
2,465575,37,rpm,666,455,36.7,36.7,3915,497,0,2807,2.722,1,COM7
2,465595,37,rpm,698,455,36.7,36.7,3915,497,0,2807,2.722,1,COM7
2,465616,37,rpm,943,455,36.7,36.7,3915,497,0,2807,2.723,1,COM7
2,465637,37,rpm,744,455,36.7,36.7,3915,497,0,2807,2.723,1,COM7
2,465657,37,rpm,595,455,36.7,36.7,3915,497,0,2807,2.723,1,COM7
2,465678,37,rpm,687,455,36.7,36.7,3915,497,0,2807,2.723,1,COM7
2,465699,37,rpm,552,455,36.7,36.7,3915,497,0,2807,2.723,1,COM7
2,465720,37,rpm,393,455,36.7,36.7,3915,497,0,2808,2.723,1,COM7
2,465740,37,rpm,352,455,36.7,36.7,3915,497,0,2808,2.724,1,COM7
2,465761,37,rpm,5,455,36.7,36.7,3915,497,0,2808,2.724,1,COM7
2,465782,37,rpm,-264,455,36.7,36.7,3915,497,0,2808,2.724,1,COM7
2,465802,37,rpm,95,455,36.7,36.7,3915,497,0,2808,2.724,1,COM7
2,465823,37,rpm,590,455,36.7,36.7,3915,497,0,2808,2.724,1,COM7
2,465844,37,rpm,671,455,36.7,36.7,3915,497,0,2809,2.724,1,COM7
2,465865,37,rpm,854,455,36.7,36.7,3915,497,0,2809,2.724,1,COM7
2,465885,37,rpm,844,455,36.7,36.7,3915,497,0,2809,2.725,1,COM7
2,465906,37,rpm,699,455,36.7,36.7,3915,497,0,2809,2.725,1,COM7
2,465927,37,rpm,582,455,36.7,36.7,3915,497,0,2809,2.725,1,COM7
2,465948,37,rpm,600,455,36.7,36.7,3915,497,0,2809,2.725,1,COM7
2,465968,37,rpm,527,455,36.7,36.7,3915,497,0,2810,2.725,1,COM7
2,465989,37,rpm,305,455,36.7,36.7,3915,497,0,2810,2.725,1,COM7
2,466010,37,rpm,286,455,36.7,36.7,3915,497,0,2810,2.726,1,COM7
2,466030,37,rpm,-382,455,36.7,36.7,3915,497,0,2810,2.726,1,COM7
2,466051,37,rpm,35,455,36.7,36.7,3915,497,0,2810,2.726,1,COM7
2,466072,37,rpm,276,455,36.7,36.7,3915,497,0,2810,2.726,1,COM7
2,466092,37,rpm,779,455,36.7,36.7,3915,497,0,2810,2.726,1,COM7
2,466113,37,rpm,697,455,36.7,36.7,3915,497,0,2811,2.726,1,COM7
2,466134,37,rpm,864,455,36.7,36.7,3915,497,0,2811,2.726,1,COM7
2,466155,37,rpm,822,455,36.7,36.7,3915,497,0,2811,2.727,1,COM7
2,466175,37,rpm,602,455,36.7,36.7,3915,497,0,2811,2.727,1,COM7
2,466196,37,rpm,563,455,36.7,36.7,3915,497,0,2811,2.727,1,COM7
2,466217,37,rpm,610,455,36.7,36.7,3915,497,0,2811,2.727,1,COM7
2,466237,37,rpm,391,455,36.7,36.7,3915,497,0,2812,2.727,1,COM7
2,466258,37,rpm,314,455,36.7,36.7,3915,497,0,2812,2.727,1,COM7
2,466279,37,rpm,-75,455,36.7,36.7,3915,497,0,2812,2.728,1,COM7
2,466299,37,rpm,-210,455,36.7,36.7,3915,497,0,2812,2.728,1,COM7
2,466320,37,rpm,129,455,36.7,36.7,3915,497,0,2812,2.728,1,COM7
2,466341,37,rpm,638,455,36.7,36.7,3915,497,0,2812,2.728,1,COM7
2,466362,37,rpm,685,455,36.7,36.7,3915,497,0,2813,2.728,1,COM7
2,466382,37,rpm,897,455,36.7,36.7,3915,497,0,2813,2.728,1,COM7
2,466403,37,rpm,831,455,36.7,36.7,3915,497,0,2813,2.728,1,COM7
2,466424,37,rpm,611,455,36.7,36.7,3915,497,0,2813,2.729,1,COM7
2,466444,37,rpm,697,455,36.7,36.7,3915,497,0,2813,2.729,1,COM7
2,466465,37,rpm,553,455,36.7,36.7,3915,497,0,2813,2.729,1,COM7
2,466486,37,rpm,435,455,36.7,36.7,3915,497,0,2813,2.729,1,COM7
2,466507,37,rpm,387,455,36.7,36.7,3915,497,0,2814,2.729,1,COM7
2,466527,37,rpm,219,455,36.7,36.7,3915,497,0,2814,2.729,1,COM7
2,466548,37,rpm,-420,455,36.7,36.7,3915,497,0,2814,2.73,1,COM7
2,466569,37,rpm,55,455,36.7,36.7,3915,497,0,2814,2.73,1,COM7
2,466589,37,rpm,422,456,36.7,36.7,3915,497,0,2814,2.73,1,COM7
2,466610,37,rpm,614,456,36.7,36.7,3915,497,0,2814,2.73,1,COM7
2,466631,37,rpm,863,456,36.7,36.7,3915,497,0,2815,2.73,1,COM7
2,466651,37,rpm,886,456,36.7,36.7,3915,497,0,2815,2.73,1,COM7
2,466672,37,rpm,670,456,36.7,36.7,3915,497,0,2815,2.73,1,COM7
2,466693,37,rpm,612,456,36.7,36.7,3915,497,0,2815,2.731,1,COM7
2,466714,37,rpm,612,456,36.7,36.7,3915,497,0,2815,2.731,1,COM7
2,466734,37,rpm,540,456,36.7,36.7,3915,497,0,2815,2.731,1,COM7
2,466755,37,rpm,340,456,36.7,36.7,3915,497,0,2816,2.731,1,COM7
2,466776,37,rpm,292,456,36.7,36.7,3915,497,0,2816,2.731,1,COM7
2,466797,37,rpm,-343,456,36.7,36.7,3915,497,0,2816,2.731,1,COM7
2,466817,37,rpm,2,456,36.7,36.7,3915,497,0,2816,2.731,1,COM7
2,466838,37,rpm,233,456,36.7,36.7,3915,497,0,2816,2.732,1,COM7
2,466859,37,rpm,770,456,36.7,36.7,3915,497,0,2816,2.732,1,COM7
2,466879,37,rpm,749,456,36.7,36.7,3915,497,0,2816,2.732,1,COM7
2,466900,37,rpm,809,456,36.7,36.7,3915,497,0,2817,2.732,1,COM7
2,466921,37,rpm,866,456,36.7,36.7,3915,497,0,2817,2.732,1,COM7
2,466942,37,rpm,628,456,36.7,36.7,3915,497,0,2817,2.732,1,COM7
2,466962,37,rpm,573,456,36.7,36.7,3915,497,0,2817,2.733,1,COM7
2,466983,37,rpm,577,456,36.7,36.7,3915,497,0,2817,2.733,1,COM7
2,467004,37,rpm,379,456,36.7,36.7,3915,497,0,2817,2.733,1,COM7
2,467024,37,rpm,265,456,36.7,36.7,3915,497,0,2818,2.733,1,COM7
2,467045,37,rpm,-256,456,36.7,36.7,3915,497,0,2818,2.733,1,COM7
2,467066,37,rpm,-62,456,36.7,36.7,3915,497,0,2818,2.733,1,COM7
2,467087,37,rpm,181,456,36.7,36.7,3915,497,0,2818,2.733,1,COM7
2,467107,37,rpm,682,456,36.7,36.7,3915,497,0,2818,2.734,1,COM7
2,467128,37,rpm,714,456,36.7,36.7,3915,497,0,2818,2.734,1,COM7
2,467149,37,rpm,916,456,36.7,36.7,3915,497,0,2818,2.734,1,COM7
2,467169,37,rpm,759,456,36.7,36.7,3915,497,0,2819,2.734,1,COM7
2,467190,37,rpm,615,456,36.7,36.7,3915,497,0,2819,2.734,1,COM7
2,467211,37,rpm,681,456,36.7,36.7,3915,497,0,2819,2.734,1,COM7
2,467232,37,rpm,557,456,36.7,36.7,3915,497,0,2819,2.735,1,COM7
2,467252,37,rpm,396,456,36.7,36.7,3915,497,0,2819,2.735,1,COM7
2,467273,37,rpm,359,456,36.7,36.7,3915,497,0,2819,2.735,1,COM7
2,467294,37,rpm,42,456,36.7,36.7,3915,497,0,2820,2.735,1,COM7
2,467314,37,rpm,-284,456,36.7,36.7,3915,497,0,2820,2.735,1,COM7
2,467335,37,rpm,92,456,36.7,36.7,3915,497,0,2820,2.735,1,COM7
2,467356,37,rpm,559,456,36.7,36.7,3915,497,0,2820,2.735,1,COM7
2,467377,37,rpm,609,456,36.7,36.7,3915,497,0,2820,2.736,1,COM7
2,467397,37,rpm,893,456,36.7,36.7,3915,497,0,2820,2.736,1,COM7
2,467418,37,rpm,845,456,36.7,36.7,3915,497,0,2821,2.736,1,COM7
2,467439,37,rpm,639,456,36.7,36.7,3915,497,0,2821,2.736,1,COM7
2,467459,37,rpm,644,456,36.7,36.7,3915,497,0,2821,2.736,1,COM7
2,467480,37,rpm,610,456,36.7,36.7,3915,497,0,2821,2.736,1,COM7
2,467501,37,rpm,504,456,36.7,36.7,3915,497,0,2821,2.737,1,COM7
2,467522,37,rpm,330,456,36.7,36.7,3915,497,0,2821,2.737,1,COM7
2,467542,37,rpm,282,456,36.7,36.7,3915,497,0,2821,2.737,1,COM7
2,467563,37,rpm,-372,456,36.7,36.7,3915,497,0,2822,2.737,1,COM7
2,467584,37,rpm,23,456,36.7,36.7,3915,497,0,2822,2.737,1,COM7
2,467605,37,rpm,267,456,36.7,36.7,3915,497,0,2822,2.737,1,COM7
2,467625,37,rpm,753,456,36.7,36.7,3915,497,0,2822,2.737,1,COM7
2,467646,37,rpm,690,456,36.7,36.7,3915,497,0,2822,2.738,1,COM7
2,467667,37,rpm,850,456,36.7,36.7,3915,497,0,2822,2.738,1,COM7
2,467688,37,rpm,872,456,36.7,36.7,3915,497,0,2823,2.738,1,COM7
2,467708,37,rpm,576,456,36.7,36.7,3915,497,0,2823,2.738,1,COM7
2,467729,37,rpm,571,456,36.7,36.7,3915,497,0,2823,2.738,1,COM7
2,467750,37,rpm,622,456,36.7,36.7,3915,497,0,2823,2.738,1,COM7
2,467770,37,rpm,388,456,36.7,36.7,3915,497,0,2823,2.739,1,COM7
2,467791,37,rpm,315,456,36.7,36.7,3915,497,0,2823,2.739,1,COM7
2,467812,37,rpm,-33,456,36.7,36.7,3915,497,0,2824,2.739,1,COM7
2,467833,37,rpm,-230,456,36.7,36.7,3915,497,0,2824,2.739,1,COM7
2,467853,37,rpm,112,456,36.7,36.7,3915,497,0,2824,2.739,1,COM7
2,467874,37,rpm,638,456,36.7,36.7,3915,497,0,2824,2.739,1,COM7
2,467895,37,rpm,686,456,36.7,36.7,3915,497,0,2824,2.739,1,COM7
2,467916,37,rpm,874,456,36.7,36.7,3915,497,0,2824,2.74,1,COM7
2,467936,37,rpm,814,456,36.7,36.7,3915,497,0,2824,2.74,1,COM7
2,467957,37,rpm,629,456,36.7,36.7,3915,497,0,2825,2.74,1,COM7
2,467978,37,rpm,682,456,36.7,36.7,3915,497,0,2825,2.74,1,COM7
2,467998,37,rpm,559,456,36.7,36.7,3915,497,0,2825,2.74,1,COM7
2,468019,37,rpm,447,456,36.7,36.7,3915,497,0,2825,2.74,1,COM7
2,468040,37,rpm,380,456,36.7,36.7,3915,497,0,2825,2.741,1,COM7
2,468060,37,rpm,226,456,36.7,36.7,3915,497,0,2825,2.741,1,COM7
2,468081,37,rpm,-405,456,36.7,36.7,3915,497,0,2826,2.741,1,COM7
2,468102,37,rpm,58,456,36.7,36.7,3915,497,0,2826,2.741,1,COM7
2,468123,37,rpm,395,456,36.7,36.7,3915,497,0,2826,2.741,1,COM7
2,468143,37,rpm,602,456,36.7,36.7,3915,497,0,2826,2.741,1,COM7
2,468164,37,rpm,898,456,36.7,36.7,3915,497,0,2826,2.741,1,COM7
2,468185,37,rpm,882,456,36.7,36.7,3915,497,0,2826,2.742,1,COM7
2,468205,37,rpm,657,456,36.7,36.7,3915,497,0,2827,2.742,1,COM7
2,468226,37,rpm,646,456,36.7,36.7,3915,497,0,2827,2.742,1,COM7
2,468247,37,rpm,622,456,36.7,36.7,3915,497,0,2827,2.742,1,COM7
2,468268,37,rpm,526,456,36.7,36.7,3915,497,0,2827,2.742,1,COM7
2,468288,37,rpm,365,456,36.7,36.7,3915,497,0,2827,2.742,1,COM7
2,468309,37,rpm,302,456,36.7,36.7,3915,497,0,2827,2.742,1,COM7
2,468330,37,rpm,-310,456,36.7,36.7,3915,497,0,2827,2.743,1,COM7
2,468350,37,rpm,-13,456,36.7,36.7,3915,497,0,2828,2.743,1,COM7
2,468371,37,rpm,224,456,36.7,36.7,3915,497,0,2828,2.743,1,COM7
2,468392,37,rpm,754,456,36.7,36.7,3915,497,0,2828,2.743,1,COM7
2,468413,37,rpm,757,456,36.7,36.7,3915,497,0,2828,2.743,1,COM7
2,468433,37,rpm,817,456,36.7,36.7,3915,497,0,2828,2.743,1,COM7
2,468454,37,rpm,872,456,36.7,36.7,3915,497,0,2828,2.744,1,COM7
2,468475,37,rpm,617,456,36.7,36.7,3915,497,0,2829,2.744,1,COM7
2,468496,37,rpm,585,456,36.7,36.7,3915,497,0,2829,2.744,1,COM7
2,468516,37,rpm,587,456,36.7,36.7,3915,497,0,2829,2.744,1,COM7
2,468537,37,rpm,378,456,36.7,36.7,3915,497,0,2829,2.744,1,COM7
2,468558,37,rpm,269,456,36.7,36.7,3915,497,0,2829,2.744,1,COM7
2,468579,37,rpm,-208,456,36.7,36.7,3915,497,0,2829,2.744,1,COM7
2,468599,37,rpm,-78,456,36.7,36.7,3915,497,0,2830,2.745,1,COM7
2,468620,37,rpm,170,456,36.7,36.7,3915,497,0,2830,2.745,1,COM7
2,468641,37,rpm,685,456,36.7,36.7,3915,497,0,2830,2.745,1,COM7
2,468661,37,rpm,721,456,36.7,36.7,3915,497,0,2830,2.745,1,COM7
2,468682,37,rpm,880,456,36.7,36.7,3915,497,0,2830,2.745,1,COM7
2,468703,37,rpm,794,456,36.7,36.7,3915,497,0,2830,2.745,1,COM7
2,468724,37,rpm,640,456,36.7,36.7,3915,497,0,2830,2.746,1,COM7
2,468744,37,rpm,670,456,36.7,36.7,3915,497,0,2831,2.746,1,COM7
2,468765,37,rpm,547,456,36.7,36.7,3915,497,0,2831,2.746,1,COM7
2,468786,37,rpm,410,456,36.7,36.7,3915,497,0,2831,2.746,1,COM7
2,468807,37,rpm,356,456,36.7,36.7,3915,497,0,2831,2.746,1,COM7
2,468827,37,rpm,96,456,36.7,36.7,3915,497,0,2831,2.746,1,COM7
2,468848,37,rpm,-302,456,36.7,36.7,3915,497,0,2831,2.746,1,COM7
2,468869,37,rpm,82,456,36.7,36.7,3915,497,0,2832,2.747,1,COM7
2,468890,37,rpm,529,456,36.7,36.7,3915,497,0,2832,2.747,1,COM7
2,468910,37,rpm,622,456,36.7,36.7,3915,497,0,2832,2.747,1,COM7
2,468931,37,rpm,882,456,36.7,36.7,3915,497,0,2832,2.747,1,COM7
2,468952,37,rpm,844,456,36.7,36.7,3915,497,0,2832,2.747,1,COM7
2,468972,37,rpm,633,456,36.7,36.7,3915,497,0,2832,2.747,1,COM7
2,468993,37,rpm,627,456,36.7,36.7,3915,497,0,2832,2.748,1,COM7
2,469014,37,rpm,609,456,36.7,36.7,3915,497,0,2833,2.748,1,COM7
2,469035,37,rpm,496,456,36.7,36.7,3915,497,0,2833,2.748,1,COM7
2,469055,37,rpm,328,456,36.7,36.7,3915,497,0,2833,2.748,1,COM7
2,469076,37,rpm,289,456,36.7,36.7,3915,497,0,2833,2.748,1,COM7
2,469097,37,rpm,-346,456,36.7,36.7,3915,497,0,2833,2.748,1,COM7
2,469118,37,rpm,15,456,36.7,36.7,3915,497,0,2833,2.748,1,COM7
2,469138,37,rpm,247,456,36.7,36.7,3915,497,0,2834,2.749,1,COM7
2,469159,37,rpm,751,456,36.7,36.7,3915,497,0,2834,2.749,1,COM7
2,469180,37,rpm,694,456,36.7,36.7,3915,497,0,2834,2.749,1,COM7
2,469200,37,rpm,845,456,36.7,36.7,3915,497,0,2834,2.749,1,COM7
2,469221,37,rpm,874,456,36.7,36.7,3915,497,0,2834,2.749,1,COM7
2,469242,37,rpm,576,456,36.7,36.7,3915,497,0,2834,2.749,1,COM7
2,469263,37,rpm,572,456,36.7,36.7,3915,497,0,2835,2.75,1,COM7
2,469283,37,rpm,623,456,36.7,36.7,3915,497,0,2835,2.75,1,COM7
2,469304,37,rpm,388,456,36.7,36.7,3915,497,0,2835,2.75,1,COM7
2,469325,37,rpm,313,456,36.7,36.7,3915,497,0,2835,2.75,1,COM7
2,469345,37,rpm,-50,456,36.7,36.7,3915,497,0,2835,2.75,1,COM7
2,469366,37,rpm,-226,456,36.7,36.7,3915,497,0,2835,2.75,1,COM7
2,469387,37,rpm,111,456,36.7,36.7,3915,497,0,2835,2.75,1,COM7
2,469408,37,rpm,652,456,36.7,36.7,3915,497,0,2836,2.751,1,COM7
2,469428,37,rpm,688,456,36.7,36.7,3915,497,0,2836,2.751,1,COM7
2,469449,37,rpm,851,456,36.7,36.7,3915,497,0,2836,2.751,1,COM7
2,469470,37,rpm,813,456,36.7,36.7,3915,497,0,2836,2.751,1,COM7
2,469491,37,rpm,628,456,36.7,36.7,3915,497,0,2836,2.751,1,COM7
2,469511,37,rpm,679,456,36.7,36.7,3915,497,0,2836,2.751,1,COM7
2,469532,37,rpm,554,456,36.7,36.7,3915,497,0,2837,2.751,1,COM7
2,469553,37,rpm,441,456,36.7,36.7,3915,497,0,2837,2.752,1,COM7
2,469574,37,rpm,376,456,36.7,36.7,3915,497,0,2837,2.752,1,COM7
2,469594,37,rpm,221,456,36.7,36.7,3915,497,0,2837,2.752,1,COM7
2,469615,37,rpm,-394,456,36.7,36.7,3915,497,0,2837,2.752,1,COM7
2,469636,37,rpm,56,456,36.7,36.7,3915,497,0,2837,2.752,1,COM7
2,469657,37,rpm,423,456,36.7,36.7,3915,497,0,2838,2.752,1,COM7
2,469677,37,rpm,616,456,36.7,36.7,3915,497,0,2838,2.753,1,COM7
2,469698,37,rpm,854,456,36.7,36.7,3915,497,0,2838,2.753,1,COM7
2,469719,37,rpm,882,456,36.7,36.7,3915,497,0,2838,2.753,1,COM7
2,469740,37,rpm,686,456,36.7,36.7,3915,497,0,2838,2.753,1,COM7
2,469760,37,rpm,590,456,36.7,36.7,3915,497,0,2838,2.753,1,COM7
2,469781,37,rpm,624,456,36.7,36.7,3915,497,0,2838,2.753,1,COM7
2,469802,37,rpm,542,456,36.7,36.7,3915,497,0,2839,2.753,1,COM7
2,469823,37,rpm,335,456,36.7,36.7,3915,497,0,2839,2.754,1,COM7
2,469843,37,rpm,297,456,36.7,36.7,3915,497,0,2839,2.754,1,COM7
2,469864,37,rpm,-324,456,36.7,36.7,3915,497,0,2839,2.754,1,COM7
2,469885,37,rpm,-18,456,36.7,36.7,3915,497,0,2839,2.754,1,COM7
2,469906,37,rpm,217,456,36.7,36.7,3915,497,0,2839,2.754,1,COM7
2,469926,37,rpm,762,456,36.7,36.7,3915,497,0,2840,2.754,1,COM7
2,469947,37,rpm,777,456,36.7,36.7,3915,497,0,2840,2.755,1,COM7
2,469968,37,rpm,787,456,36.7,36.7,3915,497,0,2840,2.755,1,COM7
2,469989,37,rpm,863,456,36.7,36.7,3915,497,0,2840,2.755,1,COM7
2,470009,37,rpm,626,456,36.7,36.7,3915,497,0,2840,2.755,1,COM7
2,470030,37,rpm,579,456,36.7,36.7,3915,497,0,2840,2.755,1,COM7
2,470051,37,rpm,563,456,36.7,36.7,3915,497,0,2841,2.755,1,COM7
2,470071,37,rpm,384,456,36.7,36.7,3915,497,0,2841,2.755,1,COM7
2,470092,37,rpm,268,456,36.7,36.7,3915,497,0,2841,2.756,1,COM7
2,470113,37,rpm,-244,456,36.7,36.7,3915,497,0,2841,2.756,1,COM7
2,470134,37,rpm,-43,456,36.7,36.7,3915,497,0,2841,2.756,1,COM7
2,470154,37,rpm,204,456,36.7,36.7,3915,497,0,2841,2.756,1,COM7
2,470175,37,rpm,681,456,36.7,36.7,3915,497,0,2841,2.756,1,COM7
2,470196,37,rpm,704,456,36.7,36.7,3915,497,0,2842,2.756,1,COM7
2,470216,37,rpm,925,456,36.7,36.7,3915,497,0,2842,2.757,1,COM7
2,470237,37,rpm,706,456,36.7,36.7,3915,497,0,2842,2.757,1,COM7
2,470258,37,rpm,644,456,36.7,36.7,3915,497,0,2842,2.757,1,COM7
2,470279,37,rpm,671,455,36.7,36.7,3915,497,0,2842,2.757,1,COM7
2,470299,37,rpm,542,455,36.7,36.7,3915,497,0,2842,2.757,1,COM7
2,470320,37,rpm,404,455,36.7,36.7,3915,497,0,2843,2.757,1,COM7
2,470341,37,rpm,361,455,36.7,36.7,3915,497,0,2843,2.757,1,COM7
2,470361,37,rpm,22,455,36.7,36.7,3915,497,0,2843,2.758,1,COM7
2,470382,37,rpm,-265,455,36.7,36.7,3915,497,0,2843,2.758,1,COM7
2,470403,37,rpm,99,455,36.7,36.7,3915,497,0,2843,2.758,1,COM7
2,470424,37,rpm,584,455,36.7,36.7,3915,497,0,2843,2.758,1,COM7
2,470444,37,rpm,614,455,36.7,36.7,3915,497,0,2844,2.758,1,COM7
2,470465,37,rpm,876,455,36.7,36.7,3915,497,0,2844,2.758,1,COM7
2,470486,37,rpm,845,455,36.7,36.7,3915,497,0,2844,2.759,1,COM7
2,470506,37,rpm,645,455,36.7,36.7,3915,497,0,2844,2.759,1,COM7
2,470527,37,rpm,598,455,36.7,36.7,3915,497,0,2844,2.759,1,COM7
2,470548,37,rpm,611,455,36.7,36.7,3915,497,0,2844,2.759,1,COM7
2,470569,37,rpm,515,455,36.7,36.7,3915,497,0,2844,2.759,1,COM7
2,470589,37,rpm,335,455,36.7,36.7,3915,497,0,2845,2.759,1,COM7
2,470610,37,rpm,285,455,36.7,36.7,3915,497,0,2845,2.759,1,COM7
2,470631,37,rpm,-360,455,36.7,36.7,3915,497,0,2845,2.76,1,COM7
2,470652,37,rpm,23,455,36.7,36.7,3915,497,0,2845,2.76,1,COM7
2,470672,37,rpm,268,455,36.7,36.7,3915,497,0,2845,2.76,1,COM7
2,470693,37,rpm,757,455,36.7,36.7,3915,497,0,2845,2.76,1,COM7
2,470714,37,rpm,699,455,36.7,36.7,3915,497,0,2846,2.76,1,COM7
2,470735,37,rpm,818,455,36.7,36.7,3915,497,0,2846,2.76,1,COM7
2,470755,37,rpm,873,455,36.7,36.7,3915,497,0,2846,2.76,1,COM7
2,470776,37,rpm,592,455,36.7,36.7,3915,497,0,2846,2.761,1,COM7
2,470797,37,rpm,574,455,36.7,36.7,3915,497,0,2846,2.761,1,COM7
2,470818,37,rpm,619,455,36.7,36.7,3915,497,0,2846,2.761,1,COM7
2,470838,37,rpm,388,455,36.7,36.7,3915,497,0,2847,2.761,1,COM7
2,470859,37,rpm,312,455,36.7,36.7,3915,497,0,2847,2.761,1,COM7
2,470880,37,rpm,-53,455,36.7,36.7,3915,497,0,2847,2.761,1,COM7
2,470900,37,rpm,-234,455,36.7,36.7,3915,497,0,2847,2.762,1,COM7
2,470921,37,rpm,121,455,36.7,36.7,3915,497,0,2847,2.762,1,COM7
2,470942,37,rpm,637,455,36.7,36.7,3915,497,0,2847,2.762,1,COM7
2,470963,37,rpm,680,455,36.7,36.7,3915,497,0,2847,2.762,1,COM7
2,470983,37,rpm,883,455,36.7,36.7,3915,497,0,2848,2.762,1,COM7
2,471004,37,rpm,804,455,36.7,36.7,3915,497,0,2848,2.762,1,COM7
2,471025,37,rpm,621,455,36.7,36.7,3915,497,0,2848,2.762,1,COM7
2,471045,37,rpm,691,455,36.7,36.7,3915,497,0,2848,2.763,1,COM7
2,471066,37,rpm,560,455,36.7,36.7,3915,497,0,2848,2.763,1,COM7
2,471087,37,rpm,432,455,36.7,36.7,3915,497,0,2848,2.763,1,COM7
2,471108,37,rpm,376,455,36.7,36.7,3915,497,0,2849,2.763,1,COM7
2,471129,37,rpm,226,455,36.7,36.7,3915,497,0,2849,2.763,1,COM7
2,471149,37,rpm,-428,455,36.7,36.7,3915,497,0,2849,2.763,1,COM7
2,471170,37,rpm,57,455,36.7,36.7,3915,497,0,2849,2.764,1,COM7
2,471191,37,rpm,418,455,36.7,36.7,3915,497,0,2849,2.764,1,COM7
2,471211,37,rpm,620,455,36.7,36.7,3915,497,0,2849,2.764,1,COM7
2,471232,37,rpm,854,455,36.7,36.7,3915,497,0,2849,2.764,1,COM7
2,471253,37,rpm,892,455,36.7,36.7,3915,497,0,2850,2.764,1,COM7
2,471274,37,rpm,726,455,36.7,36.7,3915,497,0,2850,2.764,1,COM7
2,471294,37,rpm,594,455,36.7,36.7,3915,497,0,2850,2.764,1,COM7
2,471315,37,rpm,594,455,36.7,36.7,3915,497,0,2850,2.765,1,COM7
2,471336,37,rpm,558,455,36.7,36.7,3915,497,0,2850,2.765,1,COM7
2,471357,37,rpm,339,455,36.7,36.7,3915,497,0,2850,2.765,1,COM7
2,471377,37,rpm,287,455,36.7,36.7,3915,497,0,2851,2.765,1,COM7
2,471398,37,rpm,-344,455,36.7,36.7,3915,497,0,2851,2.765,1,COM7
2,471419,37,rpm,8,455,36.7,36.7,3915,497,0,2851,2.765,1,COM7
2,471439,37,rpm,231,455,36.7,36.7,3915,497,0,2851,2.766,1,COM7
2,471460,37,rpm,773,455,36.7,36.7,3915,497,0,2851,2.766,1,COM7
2,471481,37,rpm,777,455,36.7,36.7,3915,497,0,2851,2.766,1,COM7
2,471502,37,rpm,795,455,36.7,36.7,3915,497,0,2852,2.766,1,COM7
2,471522,37,rpm,855,455,36.7,36.7,3915,497,0,2852,2.766,1,COM7
2,471543,37,rpm,628,455,36.7,36.7,3915,497,0,2852,2.766,1,COM7
2,471564,37,rpm,576,455,36.7,36.7,3915,497,0,2852,2.766,1,COM7
2,471585,37,rpm,554,455,36.7,36.7,3915,497,0,2852,2.767,1,COM7
2,471605,37,rpm,381,455,36.7,36.7,3915,497,0,2852,2.767,1,COM7
2,471626,37,rpm,270,455,36.7,36.7,3915,497,0,2852,2.767,1,COM7
2,471647,37,rpm,-271,455,36.7,36.7,3915,497,0,2853,2.767,1,COM7
2,471668,37,rpm,-30,455,36.7,36.7,3915,497,0,2853,2.767,1,COM7
2,471688,37,rpm,204,455,36.7,36.7,3915,497,0,2853,2.767,1,COM7
2,471709,37,rpm,668,455,36.7,36.7,3915,497,0,2853,2.768,1,COM7
2,471730,37,rpm,707,455,36.7,36.7,3915,497,0,2853,2.768,1,COM7
2,471751,37,rpm,953,455,36.7,36.7,3915,497,0,2853,2.768,1,COM7
2,471771,37,rpm,749,455,36.7,36.7,3915,497,0,2854,2.768,1,COM7
2,471792,37,rpm,599,455,36.7,36.7,3915,497,0,2854,2.768,1,COM7
2,471813,37,rpm,682,455,36.7,36.7,3915,497,0,2854,2.768,1,COM7
2,471833,37,rpm,541,455,36.7,36.7,3915,497,0,2854,2.768,1,COM7
2,471854,37,rpm,398,455,36.7,36.7,3915,497,0,2854,2.769,1,COM7
2,471875,37,rpm,357,455,36.7,36.7,3915,497,0,2854,2.769,1,COM7
2,471895,37,rpm,3,455,36.7,36.7,3915,497,0,2855,2.769,1,COM7
2,471916,37,rpm,-264,455,36.7,36.7,3915,497,0,2855,2.769,1,COM7
2,471937,37,rpm,97,455,36.7,36.7,3915,497,0,2855,2.769,1,COM7
2,471958,37,rpm,585,455,36.7,36.7,3915,497,0,2855,2.769,1,COM7
2,471978,37,rpm,642,455,36.7,36.7,3915,497,0,2855,2.769,1,COM7
2,471999,37,rpm,842,455,36.7,36.7,3915,497,0,2855,2.77,1,COM7
2,472020,37,rpm,844,455,36.7,36.7,3915,497,0,2855,2.77,1,COM7
2,472041,37,rpm,693,455,36.7,36.7,3915,497,0,2856,2.77,1,COM7
2,472061,37,rpm,560,455,36.7,36.7,3915,497,0,2856,2.77,1,COM7
2,472082,37,rpm,605,455,36.7,36.7,3915,497,0,2856,2.77,1,COM7
2,472103,37,rpm,527,455,36.7,36.7,3915,497,0,2856,2.77,1,COM7
2,472123,37,rpm,326,455,36.7,36.7,3915,497,0,2856,2.771,1,COM7
2,472144,37,rpm,276,455,36.7,36.7,3915,497,0,2856,2.771,1,COM7
2,472165,37,rpm,-372,455,36.7,36.7,3915,497,0,2857,2.771,1,COM7
2,472186,37,rpm,29,455,36.7,36.7,3915,497,0,2857,2.771,1,COM7
2,472206,37,rpm,273,455,36.7,36.7,3915,497,0,2857,2.771,1,COM7
2,472227,37,rpm,767,455,36.7,36.7,3915,497,0,2857,2.771,1,COM7
2,472248,37,rpm,692,455,36.7,36.7,3915,497,0,2857,2.771,1,COM7
2,472268,37,rpm,820,455,36.7,36.7,3915,497,0,2857,2.772,1,COM7
2,472289,37,rpm,882,455,36.7,36.7,3915,497,0,2858,2.772,1,COM7
2,472310,37,rpm,590,455,36.7,36.7,3915,497,0,2858,2.772,1,COM7
2,472331,37,rpm,573,455,36.7,36.7,3915,497,0,2858,2.772,1,COM7
2,472351,37,rpm,610,455,36.7,36.7,3915,497,0,2858,2.772,1,COM7
2,472372,37,rpm,394,455,36.7,36.7,3915,497,0,2858,2.772,1,COM7
2,472393,37,rpm,315,455,36.7,36.7,3915,497,0,2858,2.773,1,COM7
2,472413,37,rpm,-62,455,36.7,36.7,3915,497,0,2858,2.773,1,COM7
2,472434,37,rpm,-217,455,36.7,36.7,3915,497,0,2859,2.773,1,COM7
2,472455,37,rpm,135,455,36.7,36.7,3915,497,0,2859,2.773,1,COM7
2,472476,37,rpm,637,455,36.7,36.7,3915,497,0,2859,2.773,1,COM7
2,472496,37,rpm,680,455,36.7,36.7,3915,497,0,2859,2.773,1,COM7
2,472517,37,rpm,886,455,36.7,36.7,3915,497,0,2859,2.773,1,COM7
2,472538,37,rpm,801,455,36.7,36.7,3915,497,0,2859,2.774,1,COM7
2,472558,37,rpm,622,455,36.7,36.7,3915,497,0,2860,2.774,1,COM7
2,472579,37,rpm,701,455,36.7,36.7,3915,497,0,2860,2.774,1,COM7
2,472600,37,rpm,556,455,36.7,36.7,3915,497,0,2860,2.774,1,COM7
2,472621,37,rpm,437,455,36.7,36.7,3915,497,0,2860,2.774,1,COM7
2,472641,37,rpm,384,455,36.7,36.7,3915,497,0,2860,2.774,1,COM7
2,472662,37,rpm,213,455,36.7,36.7,3915,497,0,2860,2.775,1,COM7
2,472683,37,rpm,-396,455,36.7,36.7,3915,497,0,2860,2.775,1,COM7
2,472704,37,rpm,60,455,36.7,36.7,3915,497,0,2861,2.775,1,COM7
2,472724,37,rpm,425,455,36.7,36.7,3915,497,0,2861,2.775,1,COM7
2,472745,37,rpm,614,455,36.7,36.7,3915,497,0,2861,2.775,1,COM7
2,472766,37,rpm,847,455,36.7,36.7,3915,497,0,2861,2.775,1,COM7
2,472787,37,rpm,893,455,36.7,36.7,3915,497,0,2861,2.775,1,COM7
2,472807,37,rpm,705,455,36.7,36.7,3915,497,0,2861,2.776,1,COM7
2,472828,37,rpm,591,455,36.7,36.7,3915,497,0,2862,2.776,1,COM7
2,472849,37,rpm,618,455,36.7,36.7,3915,497,0,2862,2.776,1,COM7
2,472869,37,rpm,544,455,36.7,36.7,3915,497,0,2862,2.776,1,COM7
2,472890,37,rpm,347,455,36.7,36.7,3915,497,0,2862,2.776,1,COM7
2,472911,37,rpm,293,455,36.7,36.7,3915,497,0,2862,2.776,1,COM7
2,472932,37,rpm,-333,455,36.7,36.7,3915,497,0,2862,2.777,1,COM7
2,472952,37,rpm,4,455,36.7,36.7,3915,497,0,2863,2.777,1,COM7
2,472973,37,rpm,231,455,36.7,36.7,3915,497,0,2863,2.777,1,COM7
2,472994,37,rpm,784,455,36.7,36.7,3915,497,0,2863,2.777,1,COM7
2,473014,37,rpm,770,455,36.7,36.7,3915,497,0,2863,2.777,1,COM7
2,473035,37,rpm,779,455,36.7,36.7,3915,497,0,2863,2.777,1,COM7
2,473056,37,rpm,873,455,36.7,36.7,3915,497,0,2863,2.777,1,COM7
2,473077,37,rpm,637,455,36.7,36.7,3915,497,0,2863,2.778,1,COM7
2,473097,37,rpm,578,455,36.7,36.7,3915,497,0,2864,2.778,1,COM7
2,473118,37,rpm,563,455,36.7,36.7,3915,497,0,2864,2.778,1,COM7
2,473139,37,rpm,379,455,36.7,36.7,3915,497,0,2864,2.778,1,COM7
2,473160,37,rpm,272,455,36.7,36.7,3915,497,0,2864,2.778,1,COM7
2,473180,37,rpm,-252,455,36.7,36.7,3915,497,0,2864,2.778,1,COM7
2,473201,37,rpm,-53,455,36.7,36.7,3915,497,0,2864,2.778,1,COM7
2,473222,37,rpm,198,455,36.7,36.7,3915,497,0,2865,2.779,1,COM7
2,473242,37,rpm,681,455,36.7,36.7,3915,497,0,2865,2.779,1,COM7
2,473263,37,rpm,718,455,36.7,36.7,3915,497,0,2865,2.779,1,COM7
2,473284,37,rpm,921,455,36.7,36.7,3915,497,0,2865,2.779,1,COM7
2,473305,37,rpm,754,455,36.7,36.7,3915,497,0,2865,2.779,1,COM7
2,473325,37,rpm,607,455,36.7,36.7,3915,497,0,2865,2.779,1,COM7
2,473346,37,rpm,688,455,36.7,36.7,3915,497,0,2866,2.78,1,COM7
2,473367,37,rpm,551,455,36.7,36.7,3915,497,0,2866,2.78,1,COM7
2,473387,37,rpm,401,455,36.7,36.7,3915,497,0,2866,2.78,1,COM7
2,473408,37,rpm,356,455,36.7,36.7,3915,497,0,2866,2.78,1,COM7
2,473429,37,rpm,58,455,36.7,36.7,3915,497,0,2866,2.78,1,COM7
2,473450,37,rpm,-289,455,36.7,36.7,3915,497,0,2866,2.78,1,COM7
2,473470,37,rpm,89,455,36.7,36.7,3915,497,0,2866,2.78,1,COM7
2,473491,37,rpm,554,455,36.7,36.7,3915,497,0,2867,2.781,1,COM7
2,473512,37,rpm,620,455,36.7,36.7,3915,497,0,2867,2.781,1,COM7
2,473533,37,rpm,851,455,36.7,36.7,3915,497,0,2867,2.781,1,COM7
2,473553,37,rpm,846,455,36.7,36.7,3915,497,0,2867,2.781,1,COM7
2,473574,37,rpm,671,455,36.7,36.7,3915,497,0,2867,2.781,1,COM7
2,473595,37,rpm,570,455,36.7,36.7,3915,497,0,2867,2.781,1,COM7
2,473616,37,rpm,604,455,36.7,36.7,3915,497,0,2868,2.782,1,COM7
2,473636,37,rpm,522,455,36.7,36.7,3915,497,0,2868,2.782,1,COM7
2,473657,37,rpm,320,455,36.7,36.7,3915,497,0,2868,2.782,1,COM7
2,473678,37,rpm,281,455,36.7,36.7,3915,497,0,2868,2.782,1,COM7
2,473698,37,rpm,-373,454,36.7,36.7,3915,497,0,2868,2.782,1,COM7
2,473719,37,rpm,31,454,36.7,36.7,3915,497,0,2868,2.782,1,COM7
2,473740,37,rpm,270,454,36.7,36.7,3915,497,0,2869,2.782,1,COM7
2,473761,37,rpm,771,454,36.7,36.7,3915,497,0,2869,2.783,1,COM7
2,473781,37,rpm,698,454,36.7,36.7,3915,497,0,2869,2.783,1,COM7
2,473802,37,rpm,815,454,36.7,36.7,3915,497,0,2869,2.783,1,COM7
2,473823,37,rpm,868,454,36.7,36.7,3915,497,0,2869,2.783,1,COM7
2,473844,37,rpm,604,454,36.7,36.7,3915,497,0,2869,2.783,1,COM7
2,473864,37,rpm,552,454,36.7,36.7,3915,497,0,2869,2.783,1,COM7
2,473885,37,rpm,616,454,36.7,36.7,3915,497,0,2870,2.784,1,COM7
2,473906,37,rpm,393,454,36.7,36.7,3915,497,0,2870,2.784,1,COM7
2,473927,37,rpm,312,454,36.7,36.7,3915,497,0,2870,2.784,1,COM7
2,473947,37,rpm,-65,454,36.7,36.7,3915,497,0,2870,2.784,1,COM7
2,473968,37,rpm,-226,454,36.7,36.7,3915,497,0,2870,2.784,1,COM7
2,473989,37,rpm,129,454,36.7,36.7,3915,497,0,2870,2.784,1,COM7
2,474009,37,rpm,631,454,36.7,36.7,3915,497,0,2871,2.784,1,COM7
2,474030,37,rpm,687,454,36.7,36.7,3915,497,0,2871,2.785,1,COM7
2,474051,37,rpm,910,454,36.7,36.7,3915,497,0,2871,2.785,1,COM7
2,474072,37,rpm,794,454,36.7,36.7,3915,497,0,2871,2.785,1,COM7
2,474092,37,rpm,625,454,36.7,36.7,3915,497,0,2871,2.785,1,COM7
2,474113,37,rpm,687,454,36.7,36.7,3915,497,0,2871,2.785,1,COM7
2,474134,37,rpm,559,454,36.7,36.7,3915,497,0,2871,2.785,1,COM7
2,474154,37,rpm,435,454,36.7,36.7,3915,497,0,2872,2.785,1,COM7
2,474175,37,rpm,382,454,36.7,36.7,3915,497,0,2872,2.786,1,COM7
2,474196,37,rpm,224,454,36.7,36.7,3915,497,0,2872,2.786,1,COM7
2,474216,37,rpm,-403,454,36.7,36.7,3915,497,0,2872,2.786,1,COM7
2,474237,37,rpm,59,454,36.7,36.7,3915,497,0,2872,2.786,1,COM7
2,474258,37,rpm,423,454,36.7,36.7,3915,497,0,2872,2.786,1,COM7
2,474278,37,rpm,608,454,36.7,36.7,3915,497,0,2873,2.786,1,COM7
2,474299,37,rpm,875,454,36.7,36.7,3915,497,0,2873,2.787,1,COM7
2,474320,37,rpm,884,454,36.7,36.7,3915,497,0,2873,2.787,1,COM7
2,474341,37,rpm,663,454,36.7,36.7,3915,497,0,2873,2.787,1,COM7
2,474361,37,rpm,619,454,36.7,36.7,3915,497,0,2873,2.787,1,COM7
2,474382,37,rpm,623,454,36.7,36.7,3915,497,0,2873,2.787,1,COM7
2,474403,37,rpm,535,454,36.7,36.7,3915,497,0,2874,2.787,1,COM7
2,474423,37,rpm,339,454,36.7,36.7,3915,497,0,2874,2.787,1,COM7
2,474444,37,rpm,300,454,36.7,36.7,3915,497,0,2874,2.788,1,COM7
2,474465,37,rpm,-308,454,36.7,36.7,3915,497,0,2874,2.788,1,COM7
2,474485,37,rpm,-16,454,36.7,36.7,3915,497,0,2874,2.788,1,COM7
2,474506,37,rpm,213,454,36.7,36.7,3915,497,0,2874,2.788,1,COM7
2,474527,37,rpm,760,454,36.7,36.7,3915,497,0,2874,2.788,1,COM7
2,474548,37,rpm,759,454,36.7,36.7,3915,497,0,2875,2.788,1,COM7
2,474568,37,rpm,806,454,36.7,36.7,3915,497,0,2875,2.789,1,COM7
2,474589,37,rpm,849,454,36.7,36.7,3915,497,0,2875,2.789,1,COM7
2,474610,37,rpm,624,454,36.7,36.7,3915,497,0,2875,2.789,1,COM7
2,474631,37,rpm,584,454,36.7,36.7,3915,497,0,2875,2.789,1,COM7
2,474651,37,rpm,579,454,36.7,36.7,3915,497,0,2875,2.789,1,COM7
2,474672,37,rpm,378,454,36.7,36.7,3915,497,0,2876,2.789,1,COM7
2,474693,37,rpm,267,454,36.7,36.7,3915,497,0,2876,2.789,1,COM7
2,474714,37,rpm,-208,454,36.7,36.7,3915,497,0,2876,2.79,1,COM7
2,474734,37,rpm,-60,454,36.7,36.7,3915,497,0,2876,2.79,1,COM7
2,474755,37,rpm,180,454,36.7,36.7,3915,497,0,2876,2.79,1,COM7
2,474776,37,rpm,696,454,36.7,36.7,3915,497,0,2876,2.79,1,COM7
2,474796,37,rpm,717,454,36.7,36.7,3915,497,0,2877,2.79,1,COM7
2,474817,37,rpm,898,454,36.7,36.7,3915,497,0,2877,2.79,1,COM7
2,474838,37,rpm,753,454,36.7,36.7,3915,497,0,2877,2.791,1,COM7
2,474858,37,rpm,622,454,36.7,36.7,3915,497,0,2877,2.791,1,COM7
2,474879,37,rpm,674,454,36.7,36.7,3915,497,0,2877,2.791,1,COM7
2,474900,37,rpm,545,454,36.7,36.7,3915,497,0,2877,2.791,1,COM7
2,474921,37,rpm,407,454,36.7,36.7,3915,497,0,2877,2.791,1,COM7
2,474941,37,rpm,346,454,36.7,36.7,3915,497,0,2878,2.791,1,COM7
2,474962,37,rpm,91,454,36.7,36.7,3915,497,0,2878,2.791,1,COM7
2,474983,37,rpm,-316,454,36.7,36.7,3915,497,0,2878,2.792,1,COM7
2,475003,37,rpm,85,454,36.7,36.7,3915,497,0,2878,2.792,1,COM7
2,475024,37,rpm,544,454,36.7,36.7,3915,497,0,2878,2.792,1,COM7
2,475045,37,rpm,612,454,36.7,36.7,3915,497,0,2878,2.792,1,COM7
2,475066,37,rpm,905,454,36.7,36.7,3915,497,0,2879,2.792,1,COM7
2,475086,37,rpm,849,455,36.7,36.7,3915,497,0,2879,2.792,1,COM7
2,475107,37,rpm,639,455,36.7,36.7,3915,497,0,2879,2.793,1,COM7
2,475128,37,rpm,624,455,36.7,36.7,3915,497,0,2879,2.793,1,COM7
2,475149,37,rpm,609,455,36.7,36.7,3915,497,0,2879,2.793,1,COM7
2,475169,37,rpm,495,455,36.7,36.7,3915,497,0,2879,2.793,1,COM7
2,475190,37,rpm,330,455,36.7,36.7,3915,497,0,2879,2.793,1,COM7
2,475211,37,rpm,293,455,36.7,36.7,3915,497,0,2880,2.793,1,COM7
2,475231,37,rpm,-348,455,36.7,36.7,3915,497,0,2880,2.793,1,COM7
2,475252,37,rpm,10,455,36.7,36.7,3915,497,0,2880,2.794,1,COM7
2,475273,37,rpm,247,455,36.7,36.7,3915,497,0,2880,2.794,1,COM7
2,475294,37,rpm,742,455,36.7,36.7,3915,497,0,2880,2.794,1,COM7
2,475314,37,rpm,696,455,36.7,36.7,3915,497,0,2880,2.794,1,COM7
2,475335,37,rpm,839,455,36.7,36.7,3915,497,0,2881,2.794,1,COM7
2,475356,37,rpm,886,455,36.7,36.7,3915,497,0,2881,2.794,1,COM7
2,475377,37,rpm,575,455,36.7,36.7,3915,497,0,2881,2.794,1,COM7
2,475397,37,rpm,574,455,36.7,36.7,3915,497,0,2881,2.795,1,COM7
2,475418,37,rpm,631,455,36.7,36.7,3915,497,0,2881,2.795,1,COM7
2,475439,37,rpm,390,455,36.7,36.7,3915,497,0,2881,2.795,1,COM7
2,475459,37,rpm,315,455,36.7,36.7,3915,497,0,2882,2.795,1,COM7
2,475480,37,rpm,-39,455,36.7,36.7,3915,497,0,2882,2.795,1,COM7
2,475501,37,rpm,-240,455,36.7,36.7,3915,497,0,2882,2.795,1,COM7
2,475522,37,rpm,112,455,36.7,36.7,3915,497,0,2882,2.796,1,COM7
2,475542,37,rpm,642,455,36.7,36.7,3915,497,0,2882,2.796,1,COM7
2,475563,37,rpm,695,455,36.7,36.7,3915,497,0,2882,2.796,1,COM7
2,475584,37,rpm,865,455,36.7,36.7,3915,497,0,2882,2.796,1,COM7
2,475604,37,rpm,831,455,36.7,36.7,3915,497,0,2883,2.796,1,COM7
2,475625,37,rpm,638,455,36.7,36.7,3915,497,0,2883,2.796,1,COM7
2,475646,37,rpm,678,455,36.7,36.7,3915,497,0,2883,2.796,1,COM7
2,475667,37,rpm,555,455,36.7,36.7,3915,497,0,2883,2.797,1,COM7
2,475687,37,rpm,449,455,36.7,36.7,3915,497,0,2883,2.797,1,COM7
2,475708,37,rpm,384,455,36.7,36.7,3915,497,0,2883,2.797,1,COM7
2,475729,37,rpm,223,455,36.7,36.7,3915,497,0,2884,2.797,1,COM7
2,475750,37,rpm,-420,455,36.7,36.7,3915,497,0,2884,2.797,1,COM7
2,475770,37,rpm,58,455,36.7,36.7,3915,497,0,2884,2.797,1,COM7
2,475791,37,rpm,404,455,36.7,36.7,3915,497,0,2884,2.798,1,COM7
2,475812,37,rpm,605,455,36.7,36.7,3915,497,0,2884,2.798,1,COM7
2,475832,37,rpm,880,455,36.7,36.7,3915,497,0,2884,2.798,1,COM7
2,475853,37,rpm,879,455,36.7,36.7,3915,497,0,2885,2.798,1,COM7
2,475874,37,rpm,656,455,36.7,36.7,3915,497,0,2885,2.798,1,COM7
2,475895,37,rpm,669,455,36.7,36.7,3915,497,0,2885,2.798,1,COM7
2,475915,37,rpm,615,455,36.7,36.7,3915,497,0,2885,2.798,1,COM7
2,475936,37,rpm,529,455,36.7,36.7,3915,497,0,2885,2.799,1,COM7
2,475957,37,rpm,356,455,36.7,36.7,3915,497,0,2885,2.799,1,COM7
2,475977,37,rpm,299,455,36.7,36.7,3915,497,0,2885,2.799,1,COM7
2,475998,37,rpm,-319,455,36.7,36.7,3915,497,0,2886,2.799,1,COM7
2,476019,37,rpm,-14,455,36.7,36.7,3915,497,0,2886,2.799,1,COM7
2,476040,37,rpm,227,455,36.7,36.7,3915,497,0,2886,2.799,1,COM7
2,476060,37,rpm,774,455,36.7,36.7,3915,497,0,2886,2.8,1,COM7
2,476081,37,rpm,735,455,36.7,36.7,3915,497,0,2886,2.8,1,COM7
2,476102,37,rpm,830,455,36.7,36.7,3915,497,0,2886,2.8,1,COM7
2,476123,37,rpm,877,455,36.7,36.7,3915,497,0,2887,2.8,1,COM7
2,476143,37,rpm,609,455,36.7,36.7,3915,497,0,2887,2.8,1,COM7
2,476164,37,rpm,584,455,36.7,36.7,3915,497,0,2887,2.8,1,COM7
2,476185,37,rpm,588,455,36.7,36.7,3915,497,0,2887,2.8,1,COM7
2,476206,37,rpm,377,455,36.7,36.7,3915,497,0,2887,2.801,1,COM7
2,476226,37,rpm,266,455,36.7,36.7,3915,497,0,2887,2.801,1,COM7
2,476247,37,rpm,-202,455,36.7,36.7,3915,497,0,2888,2.801,1,COM7
2,476268,37,rpm,-74,455,36.7,36.7,3915,497,0,2888,2.801,1,COM7
2,476288,37,rpm,174,455,36.7,36.7,3915,497,0,2888,2.801,1,COM7
2,476309,37,rpm,690,455,36.7,36.7,3915,497,0,2888,2.801,1,COM7
2,476330,37,rpm,719,455,36.7,36.7,3915,497,0,2888,2.801,1,COM7
2,476351,37,rpm,878,455,36.7,36.7,3915,497,0,2888,2.802,1,COM7
2,476371,37,rpm,771,455,36.7,36.7,3915,497,0,2888,2.802,1,COM7
2,476392,37,rpm,630,455,36.7,36.7,3915,497,0,2889,2.802,1,COM7
2,476413,37,rpm,672,455,36.7,36.7,3915,497,0,2889,2.802,1,COM7
2,476433,37,rpm,546,455,36.7,36.7,3915,497,0,2889,2.802,1,COM7
2,476454,37,rpm,413,455,36.7,36.7,3915,497,0,2889,2.802,1,COM7
2,476475,37,rpm,351,455,36.7,36.7,3915,497,0,2889,2.803,1,COM7
2,476496,37,rpm,35,455,36.7,36.7,3915,497,0,2889,2.803,1,COM7
2,476516,37,rpm,-281,455,36.7,36.7,3915,497,0,2890,2.803,1,COM7
2,476537,37,rpm,93,455,36.7,36.7,3915,497,0,2890,2.803,1,COM7
2,476558,37,rpm,566,455,36.7,36.7,3915,497,0,2890,2.803,1,COM7
2,476579,37,rpm,600,455,36.7,36.7,3915,497,0,2890,2.803,1,COM7
2,476599,37,rpm,891,455,36.7,36.7,3915,497,0,2890,2.803,1,COM7
2,476620,37,rpm,833,455,36.7,36.7,3915,497,0,2890,2.804,1,COM7
2,476641,37,rpm,617,455,36.7,36.7,3915,497,0,2890,2.804,1,COM7
2,476662,37,rpm,646,455,36.7,36.7,3915,497,0,2891,2.804,1,COM7
2,476682,37,rpm,612,455,36.7,36.7,3915,497,0,2891,2.804,1,COM7
2,476703,37,rpm,499,455,36.7,36.7,3915,497,0,2891,2.804,1,COM7
2,476724,37,rpm,336,455,36.7,36.7,3915,497,0,2891,2.804,1,COM7
2,476744,37,rpm,281,455,36.7,36.7,3915,497,0,2891,2.805,1,COM7
2,476765,37,rpm,-357,455,36.7,36.7,3915,497,0,2891,2.805,1,COM7
2,476786,37,rpm,21,455,36.7,36.7,3915,497,0,2892,2.805,1,COM7
2,476807,37,rpm,263,455,36.7,36.7,3915,497,0,2892,2.805,1,COM7
2,476827,37,rpm,744,455,36.7,36.7,3915,497,0,2892,2.805,1,COM7
2,476848,37,rpm,694,455,36.7,36.7,3915,497,0,2892,2.805,1,COM7
2,476869,37,rpm,852,455,36.7,36.7,3915,497,0,2892,2.805,1,COM7
2,476890,37,rpm,871,455,36.7,36.7,3915,497,0,2892,2.806,1,COM7
2,476910,37,rpm,578,455,36.7,36.7,3915,497,0,2893,2.806,1,COM7
2,476931,37,rpm,580,455,36.7,36.7,3915,497,0,2893,2.806,1,COM7
2,476952,37,rpm,629,455,36.7,36.7,3915,497,0,2893,2.806,1,COM7
2,476972,37,rpm,384,455,36.7,36.7,3915,497,0,2893,2.806,1,COM7
2,476993,37,rpm,309,455,36.7,36.7,3915,497,0,2893,2.806,1,COM7
2,477014,37,rpm,-26,455,36.7,36.7,3915,497,0,2893,2.807,1,COM7
2,477035,37,rpm,-251,455,36.7,36.7,3915,497,0,2893,2.807,1,COM7
2,477055,37,rpm,107,455,36.7,36.7,3915,497,0,2894,2.807,1,COM7
2,477076,37,rpm,644,455,36.7,36.7,3915,497,0,2894,2.807,1,COM7
2,477097,37,rpm,691,455,36.7,36.7,3915,497,0,2894,2.807,1,COM7
2,477118,37,rpm,864,455,36.7,36.7,3915,497,0,2894,2.807,1,COM7
2,477138,37,rpm,818,455,36.7,36.7,3915,497,0,2894,2.807,1,COM7
2,477159,37,rpm,631,455,36.7,36.7,3915,497,0,2894,2.808,1,COM7
2,477180,37,rpm,672,455,36.7,36.7,3915,497,0,2895,2.808,1,COM7
2,477200,37,rpm,554,455,36.7,36.7,3915,497,0,2895,2.808,1,COM7
2,477221,37,rpm,443,455,36.7,36.7,3915,497,0,2895,2.808,1,COM7
2,477242,37,rpm,377,455,36.7,36.7,3915,497,0,2895,2.808,1,COM7
2,477263,37,rpm,224,455,36.7,36.7,3915,497,0,2895,2.808,1,COM7
2,477283,37,rpm,-408,455,36.7,36.7,3915,497,0,2895,2.809,1,COM7
2,477304,37,rpm,58,455,36.7,36.7,3915,497,0,2896,2.809,1,COM7
2,477325,37,rpm,413,455,36.7,36.7,3915,497,0,2896,2.809,1,COM7
2,477346,37,rpm,598,455,36.7,36.7,3915,497,0,2896,2.809,1,COM7
2,477366,37,rpm,896,455,36.7,36.7,3915,497,0,2896,2.809,1,COM7
2,477387,37,rpm,884,455,36.7,36.7,3915,497,0,2896,2.809,1,COM7
2,477408,37,rpm,689,455,36.7,36.7,3915,497,0,2896,2.809,1,COM7
2,477429,37,rpm,621,455,36.7,36.7,3915,497,0,2896,2.81,1,COM7
2,477449,37,rpm,623,455,36.7,36.7,3915,497,0,2897,2.81,1,COM7
2,477470,37,rpm,538,455,36.7,36.7,3915,497,0,2897,2.81,1,COM7
2,477491,37,rpm,350,455,36.7,36.7,3915,497,0,2897,2.81,1,COM7
2,477512,37,rpm,300,455,36.7,36.7,3915,497,0,2897,2.81,1,COM7
2,477532,37,rpm,-321,455,36.7,36.7,3915,497,0,2897,2.81,1,COM7
2,477553,37,rpm,-5,455,36.7,36.7,3915,497,0,2897,2.81,1,COM7
2,477574,37,rpm,230,455,36.7,36.7,3915,497,0,2898,2.811,1,COM7
2,477594,37,rpm,761,455,36.7,36.7,3915,497,0,2898,2.811,1,COM7
2,477615,37,rpm,764,455,36.7,36.7,3915,497,0,2898,2.811,1,COM7
2,477636,37,rpm,812,455,36.7,36.7,3915,497,0,2898,2.811,1,COM7
2,477657,37,rpm,868,455,36.7,36.7,3915,497,0,2898,2.811,1,COM7
2,477677,37,rpm,626,455,36.7,36.7,3915,497,0,2898,2.811,1,COM7
2,477698,37,rpm,580,455,36.7,36.7,3915,497,0,2899,2.812,1,COM7
2,477719,37,rpm,581,455,36.7,36.7,3915,497,0,2899,2.812,1,COM7
2,477740,37,rpm,381,455,36.7,36.7,3915,497,0,2899,2.812,1,COM7
2,477760,37,rpm,269,455,36.7,36.7,3915,497,0,2899,2.812,1,COM7
2,477781,37,rpm,-235,455,36.7,36.7,3915,497,0,2899,2.812,1,COM7
2,477802,37,rpm,-68,455,36.7,36.7,3915,497,0,2899,2.812,1,COM7
2,477822,37,rpm,180,455,36.7,36.7,3915,497,0,2899,2.812,1,COM7
2,477843,37,rpm,683,455,36.7,36.7,3915,497,0,2900,2.813,1,COM7
2,477864,37,rpm,720,455,36.7,36.7,3915,497,0,2900,2.813,1,COM7
2,477884,37,rpm,892,455,36.7,36.7,3915,497,0,2900,2.813,1,COM7
2,477905,37,rpm,759,455,36.7,36.7,3915,497,0,2900,2.813,1,COM7
2,477926,37,rpm,620,455,36.7,36.7,3915,497,0,2900,2.813,1,COM7
2,477947,37,rpm,683,455,36.7,36.7,3915,497,0,2900,2.813,1,COM7
2,477967,37,rpm,547,455,36.7,36.7,3915,497,0,2901,2.814,1,COM7
2,477988,37,rpm,408,455,36.7,36.7,3915,497,0,2901,2.814,1,COM7
2,478009,37,rpm,358,455,36.7,36.7,3915,497,0,2901,2.814,1,COM7
2,478030,37,rpm,39,455,36.7,36.7,3915,497,0,2901,2.814,1,COM7
2,478050,37,rpm,-288,455,36.7,36.7,3915,497,0,2901,2.814,1,COM7
2,478071,37,rpm,92,455,36.7,36.7,3915,497,0,2901,2.814,1,COM7
2,478092,37,rpm,566,455,36.7,36.7,3915,497,0,2901,2.814,1,COM7
2,478112,37,rpm,611,455,36.7,36.7,3915,497,0,2902,2.815,1,COM7
2,478133,37,rpm,896,455,36.7,36.7,3915,497,0,2902,2.815,1,COM7
2,478154,37,rpm,848,455,36.7,36.7,3915,497,0,2902,2.815,1,COM7
2,478175,37,rpm,624,455,36.7,36.7,3915,497,0,2902,2.815,1,COM7
2,478195,37,rpm,637,455,36.7,36.7,3915,497,0,2902,2.815,1,COM7
2,478216,37,rpm,612,455,36.7,36.7,3915,497,0,2902,2.815,1,COM7
2,478237,37,rpm,495,455,36.7,36.7,3915,497,0,2903,2.816,1,COM7
2,478257,37,rpm,336,455,36.7,36.7,3915,497,0,2903,2.816,1,COM7
2,478278,37,rpm,287,455,36.7,36.7,3915,497,0,2903,2.816,1,COM7
2,478299,37,rpm,-364,455,36.7,36.7,3915,497,0,2903,2.816,1,COM7
2,478320,37,rpm,22,455,36.7,36.7,3915,497,0,2903,2.816,1,COM7
2,478340,37,rpm,265,455,36.7,36.7,3915,497,0,2903,2.816,1,COM7
2,478361,37,rpm,746,455,36.7,36.7,3915,497,0,2904,2.816,1,COM7
2,478382,37,rpm,678,455,36.7,36.7,3915,497,0,2904,2.817,1,COM7
2,478402,37,rpm,840,455,36.7,36.7,3915,497,0,2904,2.817,1,COM7
2,478423,37,rpm,872,455,36.7,36.7,3915,497,0,2904,2.817,1,COM7
2,478444,37,rpm,575,455,36.7,36.7,3915,497,0,2904,2.817,1,COM7
2,478465,37,rpm,574,455,36.7,36.7,3915,497,0,2904,2.817,1,COM7
2,478485,37,rpm,628,455,36.7,36.7,3915,497,0,2904,2.817,1,COM7
2,478506,37,rpm,388,455,36.7,36.7,3915,497,0,2905,2.817,1,COM7
2,478527,37,rpm,314,455,36.7,36.7,3915,497,0,2905,2.818,1,COM7
2,478548,37,rpm,-33,455,36.7,36.7,3915,497,0,2905,2.818,1,COM7
2,478568,37,rpm,-238,455,36.7,36.7,3915,497,0,2905,2.818,1,COM7
2,478589,37,rpm,108,455,36.7,36.7,3915,497,0,2905,2.818,1,COM7
2,478610,37,rpm,622,455,36.7,36.7,3915,497,0,2905,2.818,1,COM7
2,478630,37,rpm,705,455,36.7,36.7,3915,497,0,2906,2.818,1,COM7
2,478651,37,rpm,842,455,36.7,36.7,3915,497,0,2906,2.819,1,COM7
2,478672,37,rpm,827,455,36.7,36.7,3915,497,0,2906,2.819,1,COM7
2,478693,37,rpm,636,455,36.7,36.7,3915,497,0,2906,2.819,1,COM7
2,478713,37,rpm,684,455,36.7,36.7,3915,497,0,2906,2.819,1,COM7
2,478734,37,rpm,550,455,36.7,36.7,3915,497,0,2906,2.819,1,COM7
2,478755,37,rpm,445,455,36.7,36.7,3915,497,0,2907,2.819,1,COM7
2,478775,37,rpm,376,455,36.7,36.7,3915,497,0,2907,2.819,1,COM7
2,478796,37,rpm,223,455,36.7,36.7,3915,497,0,2907,2.82,1,COM7
2,478817,37,rpm,-397,455,36.7,36.7,3915,497,0,2907,2.82,1,COM7
2,478838,37,rpm,56,455,36.7,36.7,3915,497,0,2907,2.82,1,COM7
2,478858,37,rpm,418,455,36.7,36.7,3915,497,0,2907,2.82,1,COM7
2,478879,37,rpm,609,455,36.7,36.7,3915,497,0,2907,2.82,1,COM7
2,478900,37,rpm,872,455,36.7,36.7,3915,497,0,2908,2.82,1,COM7
2,478921,37,rpm,877,455,36.7,36.7,3915,497,0,2908,2.821,1,COM7
2,478941,37,rpm,643,455,36.7,36.7,3915,497,0,2908,2.821,1,COM7
2,478962,37,rpm,652,455,36.7,36.7,3915,497,0,2908,2.821,1,COM7
2,478983,37,rpm,622,455,36.7,36.7,3915,497,0,2908,2.821,1,COM7
2,479003,37,rpm,517,455,36.7,36.7,3915,497,0,2908,2.821,1,COM7
2,479024,37,rpm,345,455,36.7,36.7,3915,497,0,2909,2.821,1,COM7
2,479045,37,rpm,304,455,36.7,36.7,3915,497,0,2909,2.821,1,COM7
2,479066,37,rpm,-305,455,36.7,36.7,3915,497,0,2909,2.822,1,COM7
2,479086,37,rpm,-29,455,36.7,36.7,3915,497,0,2909,2.822,1,COM7
2,479107,37,rpm,211,455,36.7,36.7,3915,497,0,2909,2.822,1,COM7
2,479128,37,rpm,751,455,36.7,36.7,3915,497,0,2909,2.822,1,COM7
2,479148,37,rpm,746,455,36.7,36.7,3915,497,0,2910,2.822,1,COM7
2,479169,37,rpm,833,455,36.7,36.7,3915,497,0,2910,2.822,1,COM7
2,479190,37,rpm,857,455,36.7,36.7,3915,497,0,2910,2.823,1,COM7
2,479211,37,rpm,614,455,36.7,36.7,3915,497,0,2910,2.823,1,COM7
2,479231,37,rpm,588,455,36.7,36.7,3915,497,0,2910,2.823,1,COM7
2,479252,37,rpm,582,455,36.7,36.7,3915,497,0,2910,2.823,1,COM7
2,479273,37,rpm,378,455,36.7,36.7,3915,497,0,2910,2.823,1,COM7
2,479293,37,rpm,269,455,36.7,36.7,3915,497,0,2911,2.823,1,COM7
2,479314,37,rpm,-195,455,36.7,36.7,3915,497,0,2911,2.823,1,COM7
2,479335,37,rpm,-81,455,36.7,36.7,3915,497,0,2911,2.824,1,COM7
2,479356,37,rpm,163,455,36.7,36.7,3915,497,0,2911,2.824,1,COM7
2,479376,37,rpm,698,455,36.7,36.7,3915,497,0,2911,2.824,1,COM7
2,479397,37,rpm,716,455,36.7,36.7,3915,497,0,2911,2.824,1,COM7
2,479418,37,rpm,890,455,36.7,36.7,3915,497,0,2912,2.824,1,COM7
2,479438,37,rpm,774,455,36.7,36.7,3915,497,0,2912,2.824,1,COM7
2,479459,37,rpm,667,455,36.7,36.7,3915,497,0,2912,2.825,1,COM7
2,479480,37,rpm,632,455,36.7,36.7,3915,497,0,2912,2.825,1,COM7
2,479501,37,rpm,549,455,36.7,36.7,3915,497,0,2912,2.825,1,COM7
2,479521,37,rpm,411,455,36.7,36.7,3915,497,0,2912,2.825,1,COM7
2,479542,37,rpm,359,455,36.7,36.7,3915,497,0,2912,2.825,1,COM7
2,479563,37,rpm,116,455,36.7,36.7,3915,497,0,2913,2.825,1,COM7
2,479583,37,rpm,-327,455,36.7,36.7,3915,497,0,2913,2.825,1,COM7
2,479604,37,rpm,82,455,36.7,36.7,3915,497,0,2913,2.826,1,COM7
2,479625,37,rpm,506,455,36.7,36.7,3915,497,0,2913,2.826,1,COM7
2,479646,37,rpm,607,455,36.7,36.7,3915,497,0,2913,2.826,1,COM7
2,479666,37,rpm,915,455,36.7,36.7,3915,497,0,2913,2.826,1,COM7
2,479687,37,rpm,837,455,36.7,36.7,3915,497,0,2914,2.826,1,COM7
2,479708,37,rpm,620,455,36.7,36.7,3915,497,0,2914,2.826,1,COM7
2,479728,37,rpm,680,455,36.7,36.7,3915,497,0,2914,2.826,1,COM7
2,479749,37,rpm,610,455,36.7,36.7,3915,497,0,2914,2.827,1,COM7
2,479770,37,rpm,479,455,36.7,36.7,3915,497,0,2914,2.827,1,COM7
2,479791,37,rpm,363,455,36.7,36.7,3915,497,0,2914,2.827,1,COM7
2,479811,37,rpm,301,455,36.7,36.7,3915,497,0,2915,2.827,1,COM7
2,479832,37,rpm,-357,455,36.7,36.7,3915,497,0,2915,2.827,1,COM7
2,479853,37,rpm,16,455,36.7,36.7,3915,497,0,2915,2.827,1,COM7
2,479873,37,rpm,252,455,36.7,36.7,3915,497,0,2915,2.828,1,COM7
2,479894,37,rpm,718,455,36.7,36.7,3915,497,0,2915,2.828,1,COM7
2,479915,37,rpm,680,455,36.7,36.7,3915,497,0,2915,2.828,1,COM7
2,479936,37,rpm,913,455,36.7,36.7,3915,497,0,2915,2.828,1,COM7
2,479956,37,rpm,820,455,36.7,36.7,3915,497,0,2916,2.828,1,COM7
2,479977,37,rpm,579,455,36.7,36.7,3915,497,0,2916,2.828,1,COM7
2,479998,37,rpm,576,455,36.7,36.7,3915,497,0,2916,2.828,1,COM7
2,480019,37,rpm,636,455,36.7,36.7,3915,497,0,2916,2.829,1,COM7
2,480039,37,rpm,386,455,36.7,36.7,3915,497,0,2916,2.829,1,COM7
2,480060,37,rpm,317,455,36.7,36.7,3915,497,0,2916,2.829,1,COM7
2,480081,37,rpm,-10,455,36.7,36.7,3915,497,0,2917,2.829,1,COM7
2,480101,37,rpm,-254,455,36.7,36.7,3915,497,0,2917,2.829,1,COM7
2,480122,37,rpm,105,455,36.7,36.7,3915,497,0,2917,2.829,1,COM7
2,480143,37,rpm,639,455,36.7,36.7,3915,497,0,2917,2.83,1,COM7
2,480164,37,rpm,682,455,36.7,36.7,3915,497,0,2917,2.83,1,COM7
2,480184,37,rpm,795,455,36.7,36.7,3915,497,0,2917,2.83,1,COM7
2,480205,37,rpm,878,455,36.7,36.7,3915,497,0,2918,2.83,1,COM7
2,480226,37,rpm,638,455,36.7,36.7,3915,497,0,2918,2.83,1,COM7
2,480247,37,rpm,660,455,36.7,36.7,3915,497,0,2918,2.83,1,COM7
2,480267,37,rpm,560,455,36.7,36.7,3915,497,0,2918,2.83,1,COM7
2,480288,37,rpm,459,455,36.7,36.7,3915,497,0,2918,2.831,1,COM7
2,480309,37,rpm,378,455,36.7,36.7,3915,497,0,2918,2.831,1,COM7
2,480329,37,rpm,229,455,36.7,36.7,3915,497,0,2918,2.831,1,COM7
2,480350,37,rpm,-424,455,36.7,36.7,3915,497,0,2919,2.831,1,COM7
2,480371,37,rpm,51,455,36.7,36.7,3915,497,0,2919,2.831,1,COM7
2,480391,37,rpm,402,455,36.7,36.7,3915,497,0,2919,2.831,1,COM7
2,480412,37,rpm,605,455,36.7,36.7,3915,497,0,2919,2.832,1,COM7
2,480433,37,rpm,893,455,36.7,36.7,3915,497,0,2919,2.832,1,COM7
2,480454,37,rpm,882,455,36.7,36.7,3915,497,0,2919,2.832,1,COM7
2,480474,37,rpm,617,455,36.7,36.7,3915,497,0,2920,2.832,1,COM7
2,480495,37,rpm,698,455,36.7,36.7,3915,497,0,2920,2.832,1,COM7
2,480516,37,rpm,607,455,36.7,36.7,3915,497,0,2920,2.832,1,COM7
2,480536,37,rpm,496,455,36.7,36.7,3915,497,0,2920,2.832,1,COM7
2,480557,37,rpm,369,455,36.7,36.7,3915,497,0,2920,2.833,1,COM7
2,480578,37,rpm,323,455,36.7,36.7,3915,497,0,2920,2.833,1,COM7
2,480599,37,rpm,-299,455,36.7,36.7,3915,497,0,2921,2.833,1,COM7
2,480619,37,rpm,-28,455,36.7,36.7,3915,497,0,2921,2.833,1,COM7
2,480640,37,rpm,227,455,36.7,36.7,3915,497,0,2921,2.833,1,COM7
2,480661,37,rpm,756,455,36.7,36.7,3915,497,0,2921,2.833,1,COM7
2,480682,37,rpm,660,455,36.7,36.7,3915,497,0,2921,2.834,1,COM7
2,480702,37,rpm,921,455,36.7,36.7,3915,497,0,2921,2.834,1,COM7
2,480723,37,rpm,843,455,36.7,36.7,3915,497,0,2921,2.834,1,COM7
2,480744,37,rpm,612,455,36.7,36.7,3915,497,0,2922,2.834,1,COM7
2,480765,37,rpm,602,455,36.7,36.7,3915,497,0,2922,2.834,1,COM7
2,480785,37,rpm,587,455,36.7,36.7,3915,497,0,2922,2.834,1,COM7
2,480806,37,rpm,370,455,36.7,36.7,3915,497,0,2922,2.834,1,COM7
2,480827,37,rpm,276,455,36.7,36.7,3915,497,0,2922,2.835,1,COM7
2,480847,37,rpm,-155,455,36.7,36.7,3915,497,0,2922,2.835,1,COM7
2,480868,37,rpm,-106,455,36.7,36.7,3915,497,0,2923,2.835,1,COM7
2,480889,37,rpm,152,455,36.7,36.7,3915,497,0,2923,2.835,1,COM7
2,480909,37,rpm,727,455,36.7,36.7,3915,497,0,2923,2.835,1,COM7
2,480930,37,rpm,706,455,36.7,36.7,3915,497,0,2923,2.835,1,COM7
2,480951,37,rpm,830,455,36.7,36.7,3915,497,0,2923,2.835,1,COM7
2,480972,37,rpm,800,455,36.7,36.7,3915,497,0,2923,2.836,1,COM7
2,480992,37,rpm,655,455,36.7,36.7,3915,497,0,2924,2.836,1,COM7
2,481013,37,rpm,633,455,36.7,36.7,3915,497,0,2924,2.836,1,COM7
2,481034,37,rpm,537,455,36.7,36.7,3915,497,0,2924,2.836,1,COM7
2,481055,37,rpm,422,455,36.7,36.7,3915,497,0,2924,2.836,1,COM7
2,481075,37,rpm,354,455,36.7,36.7,3915,497,0,2924,2.836,1,COM7
2,481096,37,rpm,69,455,36.7,36.7,3915,497,0,2924,2.837,1,COM7
2,481117,37,rpm,-306,455,36.7,36.7,3915,497,0,2924,2.837,1,COM7
2,481137,37,rpm,93,455,36.7,36.7,3915,497,0,2925,2.837,1,COM7
2,481158,37,rpm,547,455,36.7,36.7,3915,497,0,2925,2.837,1,COM7
2,481179,37,rpm,613,455,36.7,36.7,3915,497,0,2925,2.837,1,COM7
2,481199,37,rpm,927,455,36.7,36.7,3915,497,0,2925,2.837,1,COM7
2,481220,37,rpm,829,455,36.7,36.7,3915,497,0,2925,2.837,1,COM7
2,481241,37,rpm,608,455,36.7,36.7,3915,497,0,2925,2.838,1,COM7
2,481262,37,rpm,692,455,36.7,36.7,3915,497,0,2926,2.838,1,COM7
2,481282,37,rpm,604,455,36.7,36.7,3915,497,0,2926,2.838,1,COM7
2,481303,37,rpm,462,455,36.7,36.7,3915,497,0,2926,2.838,1,COM7
2,481324,37,rpm,370,455,36.7,36.7,3915,497,0,2926,2.838,1,COM7
2,481344,37,rpm,299,455,36.7,36.7,3915,497,0,2926,2.838,1,COM7
2,481365,37,rpm,-321,455,36.7,36.7,3915,497,0,2926,2.839,1,COM7
2,481386,37,rpm,-11,455,36.7,36.7,3915,497,0,2926,2.839,1,COM7
2,481407,37,rpm,235,455,36.7,36.7,3915,497,0,2927,2.839,1,COM7
2,481427,37,rpm,698,455,36.7,36.7,3915,497,0,2927,2.839,1,COM7
2,481448,37,rpm,715,455,36.7,36.7,3915,497,0,2927,2.839,1,COM7
2,481469,37,rpm,887,455,36.7,36.7,3915,497,0,2927,2.839,1,COM7
2,481490,37,rpm,839,455,36.7,36.7,3915,497,0,2927,2.839,1,COM7
2,481510,37,rpm,569,455,36.7,36.7,3915,497,0,2927,2.84,1,COM7
2,481531,37,rpm,600,455,36.7,36.7,3915,497,0,2928,2.84,1,COM7
2,481552,37,rpm,629,455,36.7,36.7,3915,497,0,2928,2.84,1,COM7
2,481572,37,rpm,382,455,36.7,36.7,3915,497,0,2928,2.84,1,COM7
2,481593,37,rpm,323,455,36.7,36.7,3915,497,0,2928,2.84,1,COM7
2,481614,37,rpm,-4,455,36.7,36.7,3915,497,0,2928,2.84,1,COM7
2,481635,37,rpm,-260,455,36.7,36.7,3915,497,0,2928,2.841,1,COM7
2,481655,37,rpm,102,455,36.7,36.7,3915,497,0,2929,2.841,1,COM7
2,481676,37,rpm,650,455,36.7,36.7,3915,497,0,2929,2.841,1,COM7
2,481697,37,rpm,678,455,36.7,36.7,3915,497,0,2929,2.841,1,COM7
2,481717,37,rpm,784,455,36.7,36.7,3915,497,0,2929,2.841,1,COM7
2,481738,37,rpm,920,455,36.7,36.7,3915,497,0,2929,2.841,1,COM7
2,481759,37,rpm,656,455,36.7,36.7,3915,497,0,2929,2.841,1,COM7
2,481780,37,rpm,619,455,36.7,36.7,3915,497,0,2929,2.842,1,COM7
2,481800,37,rpm,576,455,36.7,36.7,3915,497,0,2930,2.842,1,COM7
2,481821,37,rpm,469,455,36.7,36.7,3915,497,0,2930,2.842,1,COM7
2,481842,37,rpm,369,455,36.7,36.7,3915,497,0,2930,2.842,1,COM7
2,481862,37,rpm,239,455,36.7,36.7,3915,497,0,2930,2.842,1,COM7
2,481883,37,rpm,-395,455,36.7,36.7,3915,497,0,2930,2.842,1,COM7
2,481904,37,rpm,46,455,36.7,36.7,3915,497,0,2930,2.843,1,COM7
2,481924,37,rpm,361,455,36.7,36.7,3915,497,0,2931,2.843,1,COM7
2,481945,37,rpm,623,455,36.7,36.7,3915,497,0,2931,2.843,1,COM7
2,481966,37,rpm,903,455,36.7,36.7,3915,497,0,2931,2.843,1,COM7
2,481987,37,rpm,859,455,36.7,36.7,3915,497,0,2931,2.843,1,COM7
2,482007,37,rpm,632,455,36.7,36.7,3915,497,0,2931,2.843,1,COM7
2,482028,37,rpm,716,455,36.7,36.7,3915,497,0,2931,2.843,1,COM7
2,482049,37,rpm,606,455,36.7,36.7,3915,497,0,2932,2.844,1,COM7
2,482069,37,rpm,485,455,36.7,36.7,3915,497,0,2932,2.844,1,COM7
2,482090,37,rpm,414,455,36.7,36.7,3915,497,0,2932,2.844,1,COM7
2,482111,37,rpm,317,455,36.7,36.7,3915,497,0,2932,2.844,1,COM7
2,482131,37,rpm,-242,455,36.7,36.7,3915,497,0,2932,2.844,1,COM7
2,482152,37,rpm,-77,455,36.7,36.7,3915,497,0,2932,2.844,1,COM7
2,482173,37,rpm,205,455,36.7,36.7,3915,497,0,2932,2.844,1,COM7
2,482194,37,rpm,696,455,36.7,36.7,3915,497,0,2933,2.845,1,COM7
2,482214,37,rpm,736,455,36.7,36.7,3915,497,0,2933,2.845,1,COM7
2,482235,37,rpm,899,455,36.7,36.7,3915,497,0,2933,2.845,1,COM7
2,482256,37,rpm,833,455,36.7,36.7,3915,497,0,2933,2.845,1,COM7
2,482277,37,rpm,602,455,36.7,36.7,3915,497,0,2933,2.845,1,COM7
2,482297,37,rpm,612,455,36.7,36.7,3915,497,0,2933,2.845,1,COM7
2,482318,37,rpm,594,455,36.7,36.7,3915,497,0,2934,2.846,1,COM7
2,482339,37,rpm,369,455,36.7,36.7,3915,497,0,2934,2.846,1,COM7
2,482359,37,rpm,283,455,36.7,36.7,3915,497,0,2934,2.846,1,COM7
2,482380,37,rpm,-106,455,36.7,36.7,3915,497,0,2934,2.846,1,COM7
2,482401,37,rpm,-158,455,36.7,36.7,3915,497,0,2934,2.846,1,COM7
2,482422,37,rpm,129,455,36.7,36.7,3915,497,0,2934,2.846,1,COM7
2,482442,37,rpm,695,455,36.7,36.7,3915,497,0,2934,2.846,1,COM7
2,482463,37,rpm,700,455,36.7,36.7,3915,497,0,2935,2.847,1,COM7
2,482484,37,rpm,834,455,36.7,36.7,3915,497,0,2935,2.847,1,COM7
2,482504,37,rpm,864,455,36.7,36.7,3915,497,0,2935,2.847,1,COM7
2,482525,37,rpm,637,455,36.7,36.7,3915,497,0,2935,2.847,1,COM7
2,482546,37,rpm,585,455,36.7,36.7,3915,497,0,2935,2.847,1,COM7
2,482567,37,rpm,579,455,36.7,36.7,3915,497,0,2935,2.847,1,COM7
2,482587,37,rpm,444,455,36.7,36.7,3915,497,0,2936,2.848,1,COM7
2,482608,37,rpm,343,455,36.7,36.7,3915,497,0,2936,2.848,1,COM7
2,482629,37,rpm,128,455,36.7,36.7,3915,497,0,2936,2.848,1,COM7
2,482649,37,rpm,-326,455,36.7,36.7,3915,497,0,2936,2.848,1,COM7
2,482670,37,rpm,76,455,36.7,36.7,3915,497,0,2936,2.848,1,COM7
2,482691,37,rpm,515,455,36.7,36.7,3915,497,0,2936,2.848,1,COM7
2,482712,37,rpm,639,455,36.7,36.7,3915,497,0,2937,2.848,1,COM7
2,482732,37,rpm,890,455,36.7,36.7,3915,497,0,2937,2.849,1,COM7
2,482753,37,rpm,818,455,36.7,36.7,3915,497,0,2937,2.849,1,COM7
2,482774,37,rpm,620,455,36.7,36.7,3915,497,0,2937,2.849,1,COM7
2,482795,37,rpm,710,455,36.7,36.7,3915,497,0,2937,2.849,1,COM7
2,482815,37,rpm,595,455,36.7,36.7,3915,497,0,2937,2.849,1,COM7
2,482836,37,rpm,457,455,36.7,36.7,3915,497,0,2937,2.849,1,COM7
2,482857,37,rpm,409,455,36.7,36.7,3915,497,0,2938,2.85,1,COM7
2,482877,37,rpm,286,455,36.7,36.7,3915,497,0,2938,2.85,1,COM7
2,482898,37,rpm,-326,455,36.7,36.7,3915,497,0,2938,2.85,1,COM7
2,482919,37,rpm,-9,455,36.7,36.7,3915,497,0,2938,2.85,1,COM7
2,482940,37,rpm,232,455,36.7,36.7,3915,497,0,2938,2.85,1,COM7
2,482960,37,rpm,629,455,36.7,36.7,3915,497,0,2938,2.85,1,COM7
2,482981,37,rpm,742,455,36.7,36.7,3915,497,0,2939,2.85,1,COM7
2,483002,37,rpm,903,455,36.7,36.7,3915,497,0,2939,2.851,1,COM7
2,483022,37,rpm,794,455,36.7,36.7,3915,497,0,2939,2.851,1,COM7
2,483043,37,rpm,587,455,36.7,36.7,3915,497,0,2939,2.851,1,COM7
2,483064,37,rpm,624,455,36.7,36.7,3915,497,0,2939,2.851,1,COM7
2,483085,37,rpm,608,455,36.7,36.7,3915,497,0,2939,2.851,1,COM7
2,483105,37,rpm,380,455,36.7,36.7,3915,497,0,2940,2.851,1,COM7
2,483126,37,rpm,328,455,36.7,36.7,3915,497,0,2940,2.851,1,COM7
2,483147,37,rpm,40,455,36.7,36.7,3915,497,0,2940,2.852,1,COM7
2,483168,37,rpm,-289,455,36.7,36.7,3915,497,0,2940,2.852,1,COM7
2,483188,37,rpm,93,455,36.7,36.7,3915,497,0,2940,2.852,1,COM7
2,483209,37,rpm,623,455,36.7,36.7,3915,497,0,2940,2.852,1,COM7
2,483230,37,rpm,660,455,36.7,36.7,3915,497,0,2940,2.852,1,COM7
2,483251,37,rpm,760,455,36.7,36.7,3915,497,0,2941,2.852,1,COM7
2,483271,37,rpm,950,455,36.7,36.7,3915,497,0,2941,2.853,1,COM7
2,483292,37,rpm,647,455,36.7,36.7,3915,497,0,2941,2.853,1,COM7
2,483313,37,rpm,613,455,36.7,36.7,3915,497,0,2941,2.853,1,COM7
2,483334,37,rpm,612,455,36.7,36.7,3915,497,0,2941,2.853,1,COM7
2,483354,37,rpm,478,455,36.7,36.7,3915,497,0,2941,2.853,1,COM7
2,483375,37,rpm,364,455,36.7,36.7,3915,497,0,2942,2.853,1,COM7
2,483396,37,rpm,251,455,36.7,36.7,3915,497,0,2942,2.853,1,COM7
2,483416,37,rpm,-412,455,36.7,36.7,3915,497,0,2942,2.854,1,COM7
2,483437,37,rpm,42,455,36.7,36.7,3915,497,0,2942,2.854,1,COM7
2,483458,37,rpm,360,455,36.7,36.7,3915,497,0,2942,2.854,1,COM7
2,483479,37,rpm,634,455,36.7,36.7,3915,497,0,2942,2.854,1,COM7
2,483499,37,rpm,886,455,36.7,36.7,3915,497,0,2943,2.854,1,COM7
2,483520,37,rpm,841,455,36.7,36.7,3915,497,0,2943,2.854,1,COM7
2,483541,37,rpm,637,455,36.7,36.7,3915,497,0,2943,2.855,1,COM7
2,483562,37,rpm,725,455,36.7,36.7,3915,497,0,2943,2.855,1,COM7
2,483582,37,rpm,610,455,36.7,36.7,3915,497,0,2943,2.855,1,COM7
2,483603,37,rpm,474,455,36.7,36.7,3915,497,0,2943,2.855,1,COM7
2,483624,37,rpm,411,455,36.7,36.7,3915,497,0,2943,2.855,1,COM7
2,483644,37,rpm,312,455,36.7,36.7,3915,497,0,2944,2.855,1,COM7
2,483665,37,rpm,-216,455,36.7,36.7,3915,497,0,2944,2.855,1,COM7
2,483686,37,rpm,-93,455,36.7,36.7,3915,497,0,2944,2.856,1,COM7
2,483707,37,rpm,191,455,36.7,36.7,3915,497,0,2944,2.856,1,COM7
2,483727,37,rpm,687,455,36.7,36.7,3915,497,0,2944,2.856,1,COM7
2,483748,37,rpm,736,455,36.7,36.7,3915,497,0,2944,2.856,1,COM7
2,483769,37,rpm,900,455,36.7,36.7,3915,497,0,2945,2.856,1,COM7
2,483789,37,rpm,836,455,36.7,36.7,3915,497,0,2945,2.856,1,COM7
2,483810,37,rpm,596,455,36.7,36.7,3915,497,0,2945,2.857,1,COM7
2,483831,37,rpm,611,455,36.7,36.7,3915,497,0,2945,2.857,1,COM7
2,483852,37,rpm,593,455,36.7,36.7,3915,497,0,2945,2.857,1,COM7
2,483872,37,rpm,370,455,36.7,36.7,3915,497,0,2945,2.857,1,COM7
2,483893,37,rpm,284,455,36.7,36.7,3915,497,0,2945,2.857,1,COM7
2,483914,37,rpm,-139,455,36.7,36.7,3915,497,0,2946,2.857,1,COM7
2,483935,37,rpm,-148,455,36.7,36.7,3915,497,0,2946,2.857,1,COM7
2,483955,37,rpm,133,455,36.7,36.7,3915,497,0,2946,2.858,1,COM7
2,483976,37,rpm,720,455,36.7,36.7,3915,497,0,2946,2.858,1,COM7
2,483997,37,rpm,698,455,36.7,36.7,3915,497,0,2946,2.858,1,COM7
2,484018,37,rpm,809,455,36.7,36.7,3915,497,0,2946,2.858,1,COM7
2,484038,37,rpm,864,455,36.7,36.7,3915,497,0,2947,2.858,1,COM7
2,484059,37,rpm,634,455,36.7,36.7,3915,497,0,2947,2.858,1,COM7
2,484080,37,rpm,609,455,36.7,36.7,3915,497,0,2947,2.859,1,COM7
2,484101,37,rpm,581,455,36.7,36.7,3915,497,0,2947,2.859,1,COM7
2,484121,37,rpm,436,455,36.7,36.7,3915,497,0,2947,2.859,1,COM7
2,484142,37,rpm,348,455,36.7,36.7,3915,497,0,2947,2.859,1,COM7
2,484163,37,rpm,160,455,36.7,36.7,3915,497,0,2948,2.859,1,COM7
2,484183,37,rpm,-359,455,36.7,36.7,3915,497,0,2948,2.859,1,COM7
2,484204,37,rpm,78,455,36.7,36.7,3915,497,0,2948,2.859,1,COM7
2,484225,37,rpm,496,455,36.7,36.7,3915,497,0,2948,2.86,1,COM7
2,484246,37,rpm,623,455,36.7,36.7,3915,497,0,2948,2.86,1,COM7
2,484266,37,rpm,903,455,36.7,36.7,3915,497,0,2948,2.86,1,COM7
2,484287,37,rpm,823,455,36.7,36.7,3915,497,0,2948,2.86,1,COM7
2,484308,37,rpm,616,455,36.7,36.7,3915,497,0,2949,2.86,1,COM7
2,484329,37,rpm,705,455,36.7,36.7,3915,497,0,2949,2.86,1,COM7
2,484349,37,rpm,602,455,36.7,36.7,3915,497,0,2949,2.86,1,COM7
2,484370,37,rpm,453,455,36.7,36.7,3915,497,0,2949,2.861,1,COM7
2,484391,37,rpm,398,455,36.7,36.7,3915,497,0,2949,2.861,1,COM7
2,484411,37,rpm,295,455,36.7,36.7,3915,497,0,2949,2.861,1,COM7
2,484432,37,rpm,-330,455,36.7,36.7,3915,497,0,2950,2.861,1,COM7
2,484453,37,rpm,-3,455,36.7,36.7,3915,497,0,2950,2.861,1,COM7
2,484474,37,rpm,243,455,36.7,36.7,3915,497,0,2950,2.861,1,COM7
2,484494,37,rpm,651,455,36.7,36.7,3915,497,0,2950,2.862,1,COM7
2,484515,37,rpm,705,455,36.7,36.7,3915,497,0,2950,2.862,1,COM7
2,484536,37,rpm,894,455,36.7,36.7,3915,497,0,2950,2.862,1,COM7
2,484557,37,rpm,826,455,36.7,36.7,3915,497,0,2951,2.862,1,COM7
2,484577,37,rpm,579,455,36.7,36.7,3915,497,0,2951,2.862,1,COM7
2,484598,37,rpm,644,455,36.7,36.7,3915,497,0,2951,2.862,1,COM7
2,484619,37,rpm,592,455,36.7,36.7,3915,497,0,2951,2.862,1,COM7
2,484640,37,rpm,387,455,36.7,36.7,3915,497,0,2951,2.863,1,COM7
2,484660,37,rpm,323,455,36.7,36.7,3915,497,0,2951,2.863,1,COM7
2,484681,37,rpm,7,455,36.7,36.7,3915,497,0,2951,2.863,1,COM7
2,484702,37,rpm,-269,455,36.7,36.7,3915,497,0,2952,2.863,1,COM7
2,484722,37,rpm,97,455,36.7,36.7,3915,497,0,2952,2.863,1,COM7
2,484743,37,rpm,616,455,36.7,36.7,3915,497,0,2952,2.863,1,COM7
2,484764,37,rpm,675,455,36.7,36.7,3915,497,0,2952,2.864,1,COM7
2,484785,37,rpm,763,455,36.7,36.7,3915,497,0,2952,2.864,1,COM7
2,484805,37,rpm,935,455,36.7,36.7,3915,497,0,2952,2.864,1,COM7
2,484826,37,rpm,643,455,36.7,36.7,3915,497,0,2953,2.864,1,COM7
2,484847,37,rpm,606,455,36.7,36.7,3915,497,0,2953,2.864,1,COM7
2,484867,37,rpm,589,455,36.7,36.7,3915,497,0,2953,2.864,1,COM7
2,484888,37,rpm,477,455,36.7,36.7,3915,497,0,2953,2.864,1,COM7
2,484909,37,rpm,367,455,36.7,36.7,3915,497,0,2953,2.865,1,COM7
2,484929,37,rpm,244,455,36.7,36.7,3915,497,0,2953,2.865,1,COM7
2,484950,37,rpm,-419,455,36.7,36.7,3915,497,0,2954,2.865,1,COM7
2,484971,37,rpm,42,455,36.7,36.7,3915,497,0,2954,2.865,1,COM7
2,484992,37,rpm,348,455,36.7,36.7,3915,497,0,2954,2.865,1,COM7
2,485012,37,rpm,634,455,36.7,36.7,3915,497,0,2954,2.865,1,COM7
2,485033,37,rpm,888,455,36.7,36.7,3915,497,0,2954,2.866,1,COM7
2,485054,37,rpm,846,455,36.7,36.7,3915,497,0,2954,2.866,1,COM7
2,485074,37,rpm,638,455,36.7,36.7,3915,497,0,2954,2.866,1,COM7
2,485095,37,rpm,727,455,36.7,36.7,3915,497,0,2955,2.866,1,COM7
2,485116,37,rpm,600,455,36.7,36.7,3915,497,0,2955,2.866,1,COM7
2,485137,37,rpm,477,455,36.7,36.7,3915,497,0,2955,2.866,1,COM7
2,485157,37,rpm,413,455,36.7,36.7,3915,497,0,2955,2.866,1,COM7
2,485178,37,rpm,306,455,36.7,36.7,3915,497,0,2955,2.867,1,COM7
2,485199,37,rpm,-255,455,36.7,36.7,3915,497,0,2955,2.867,1,COM7
2,485220,37,rpm,-69,455,36.7,36.7,3915,497,0,2956,2.867,1,COM7
2,485240,37,rpm,209,455,36.7,36.7,3915,497,0,2956,2.867,1,COM7
2,485261,37,rpm,696,455,36.7,36.7,3915,497,0,2956,2.867,1,COM7
2,485282,37,rpm,730,455,36.7,36.7,3915,497,0,2956,2.867,1,COM7
2,485303,37,rpm,889,455,36.7,36.7,3915,497,0,2956,2.868,1,COM7
2,485323,37,rpm,817,455,36.7,36.7,3915,497,0,2956,2.868,1,COM7
2,485344,37,rpm,600,455,36.7,36.7,3915,497,0,2957,2.868,1,COM7
2,485365,37,rpm,607,455,36.7,36.7,3915,497,0,2957,2.868,1,COM7
2,485385,37,rpm,590,455,36.7,36.7,3915,497,0,2957,2.868,1,COM7
2,485406,37,rpm,366,455,36.7,36.7,3915,497,0,2957,2.868,1,COM7
2,485427,37,rpm,282,455,36.7,36.7,3915,497,0,2957,2.868,1,COM7
2,485448,37,rpm,-127,455,36.7,36.7,3915,497,0,2957,2.869,1,COM7
2,485468,37,rpm,-148,455,36.7,36.7,3915,497,0,2957,2.869,1,COM7
2,485489,37,rpm,136,455,36.7,36.7,3915,497,0,2958,2.869,1,COM7
2,485510,37,rpm,727,455,36.7,36.7,3915,497,0,2958,2.869,1,COM7
2,485531,37,rpm,697,455,36.7,36.7,3915,497,0,2958,2.869,1,COM7
2,485551,37,rpm,795,455,36.7,36.7,3915,497,0,2958,2.869,1,COM7
2,485572,37,rpm,870,455,36.7,36.7,3915,497,0,2958,2.869,1,COM7
2,485593,37,rpm,638,455,36.7,36.7,3915,497,0,2958,2.87,1,COM7
2,485614,37,rpm,603,455,36.7,36.7,3915,497,0,2959,2.87,1,COM7
2,485634,37,rpm,572,455,36.7,36.7,3915,497,0,2959,2.87,1,COM7
2,485655,37,rpm,438,455,36.7,36.7,3915,497,0,2959,2.87,1,COM7
2,485676,37,rpm,340,455,36.7,36.7,3915,497,0,2959,2.87,1,COM7
2,485696,37,rpm,156,455,36.7,36.7,3915,497,0,2959,2.87,1,COM7
2,485717,37,rpm,-368,455,36.7,36.7,3915,497,0,2959,2.871,1,COM7
2,485738,37,rpm,75,455,36.7,36.7,3915,497,0,2960,2.871,1,COM7
2,485759,37,rpm,481,455,36.7,36.7,3915,497,0,2960,2.871,1,COM7
2,485779,37,rpm,667,455,36.7,36.7,3915,497,0,2960,2.871,1,COM7
2,485800,37,rpm,872,455,36.7,36.7,3915,497,0,2960,2.871,1,COM7
2,485821,37,rpm,819,455,36.7,36.7,3915,497,0,2960,2.871,1,COM7
2,485841,37,rpm,620,455,36.7,36.7,3915,497,0,2960,2.871,1,COM7
2,485862,37,rpm,715,455,36.7,36.7,3915,497,0,2960,2.872,1,COM7
2,485883,37,rpm,597,455,36.7,36.7,3915,497,0,2961,2.872,1,COM7
2,485903,37,rpm,446,455,36.7,36.7,3915,497,0,2961,2.872,1,COM7
2,485924,37,rpm,414,455,36.7,36.7,3915,497,0,2961,2.872,1,COM7
2,485945,37,rpm,296,455,36.7,36.7,3915,497,0,2961,2.872,1,COM7
2,485966,37,rpm,-322,455,36.7,36.7,3915,497,0,2961,2.872,1,COM7
2,485986,37,rpm,-7,455,36.7,36.7,3915,497,0,2961,2.873,1,COM7
2,486007,37,rpm,234,455,36.7,36.7,3915,497,0,2962,2.873,1,COM7
2,486028,37,rpm,643,455,36.7,36.7,3915,497,0,2962,2.873,1,COM7
2,486049,37,rpm,715,455,36.7,36.7,3915,497,0,2962,2.873,1,COM7
2,486069,37,rpm,895,455,36.7,36.7,3915,497,0,2962,2.873,1,COM7
2,486090,37,rpm,806,455,36.7,36.7,3915,497,0,2962,2.873,1,COM7
2,486111,37,rpm,582,455,36.7,36.7,3915,497,0,2962,2.873,1,COM7
2,486131,37,rpm,650,455,36.7,36.7,3915,497,0,2962,2.874,1,COM7
2,486152,37,rpm,583,455,36.7,36.7,3915,497,0,2963,2.874,1,COM7
2,486173,37,rpm,389,455,36.7,36.7,3915,497,0,2963,2.874,1,COM7
2,486194,37,rpm,330,455,36.7,36.7,3915,497,0,2963,2.874,1,COM7
2,486214,37,rpm,39,455,36.7,36.7,3915,497,0,2963,2.874,1,COM7
2,486235,37,rpm,-285,455,36.7,36.7,3915,497,0,2963,2.874,1,COM7
2,486256,37,rpm,96,455,36.7,36.7,3915,497,0,2963,2.875,1,COM7
2,486277,37,rpm,629,455,36.7,36.7,3915,497,0,2964,2.875,1,COM7
2,486297,37,rpm,661,455,36.7,36.7,3915,497,0,2964,2.875,1,COM7
2,486318,37,rpm,763,455,36.7,36.7,3915,497,0,2964,2.875,1,COM7
2,486339,37,rpm,935,455,36.7,36.7,3915,497,0,2964,2.875,1,COM7
2,486359,37,rpm,645,455,36.7,36.7,3915,497,0,2964,2.875,1,COM7
2,486380,37,rpm,611,455,36.7,36.7,3915,497,0,2964,2.875,1,COM7
2,486401,37,rpm,601,455,36.7,36.7,3915,497,0,2965,2.876,1,COM7
2,486422,37,rpm,478,455,36.7,36.7,3915,497,0,2965,2.876,1,COM7
2,486442,37,rpm,361,455,36.7,36.7,3915,497,0,2965,2.876,1,COM7
2,486463,37,rpm,257,455,36.7,36.7,3915,497,0,2965,2.876,1,COM7
2,486484,37,rpm,-405,455,36.7,36.7,3915,497,0,2965,2.876,1,COM7
2,486504,37,rpm,43,455,36.7,36.7,3915,497,0,2965,2.876,1,COM7
2,486525,37,rpm,334,455,36.7,36.7,3915,497,0,2965,2.877,1,COM7
2,486546,37,rpm,631,455,36.7,36.7,3915,497,0,2966,2.877,1,COM7
2,486566,37,rpm,897,455,36.7,36.7,3915,497,0,2966,2.877,1,COM7
2,486587,37,rpm,809,455,36.7,36.7,3915,497,0,2966,2.877,1,COM7
2,486608,37,rpm,700,455,36.7,36.7,3915,497,0,2966,2.877,1,COM7
2,486629,37,rpm,706,455,36.7,36.7,3915,497,0,2966,2.877,1,COM7
2,486649,37,rpm,600,455,36.7,36.7,3915,497,0,2966,2.877,1,COM7
2,486670,37,rpm,471,455,36.7,36.7,3915,497,0,2967,2.878,1,COM7
2,486691,37,rpm,422,455,36.7,36.7,3915,497,0,2967,2.878,1,COM7
2,486712,37,rpm,316,455,36.7,36.7,3915,497,0,2967,2.878,1,COM7
2,486732,37,rpm,-231,455,36.7,36.7,3915,497,0,2967,2.878,1,COM7
2,486753,37,rpm,-75,455,36.7,36.7,3915,497,0,2967,2.878,1,COM7
2,486774,37,rpm,202,455,36.7,36.7,3915,497,0,2967,2.878,1,COM7
2,486795,37,rpm,673,455,36.7,36.7,3915,497,0,2968,2.879,1,COM7
2,486815,37,rpm,719,455,36.7,36.7,3915,497,0,2968,2.879,1,COM7
2,486836,37,rpm,905,455,36.7,36.7,3915,497,0,2968,2.879,1,COM7
2,486857,37,rpm,830,455,36.7,36.7,3915,497,0,2968,2.879,1,COM7
2,486877,37,rpm,595,455,36.7,36.7,3915,497,0,2968,2.879,1,COM7
2,486898,37,rpm,623,455,36.7,36.7,3915,497,0,2968,2.879,1,COM7
2,486919,37,rpm,584,455,36.7,36.7,3915,497,0,2968,2.879,1,COM7
2,486940,37,rpm,366,455,36.7,36.7,3915,497,0,2969,2.88,1,COM7
2,486960,37,rpm,283,455,36.7,36.7,3915,497,0,2969,2.88,1,COM7
2,486981,37,rpm,-107,455,36.7,36.7,3915,497,0,2969,2.88,1,COM7
2,487002,37,rpm,-146,455,36.7,36.7,3915,497,0,2969,2.88,1,COM7
2,487023,37,rpm,136,455,36.7,36.7,3915,497,0,2969,2.88,1,COM7
2,487043,37,rpm,715,455,36.7,36.7,3915,497,0,2969,2.88,1,COM7
2,487064,37,rpm,684,455,36.7,36.7,3915,497,0,2970,2.88,1,COM7
2,487085,37,rpm,787,455,36.7,36.7,3915,497,0,2970,2.881,1,COM7
2,487106,37,rpm,865,455,36.7,36.7,3915,497,0,2970,2.881,1,COM7
2,487126,37,rpm,635,455,36.7,36.7,3915,497,0,2970,2.881,1,COM7
2,487147,37,rpm,601,455,36.7,36.7,3915,497,0,2970,2.881,1,COM7
2,487168,37,rpm,579,455,36.7,36.7,3915,497,0,2970,2.881,1,COM7
2,487189,37,rpm,443,455,36.7,36.7,3915,497,0,2971,2.881,1,COM7
2,487209,37,rpm,343,455,36.7,36.7,3915,497,0,2971,2.882,1,COM7
2,487230,37,rpm,99,455,36.7,36.7,3915,497,0,2971,2.882,1,COM7
2,487251,37,rpm,-344,455,36.7,36.7,3915,497,0,2971,2.882,1,COM7
2,487272,37,rpm,83,455,36.7,36.7,3915,497,0,2971,2.882,1,COM7
2,487292,37,rpm,523,455,36.7,36.7,3915,497,0,2971,2.882,1,COM7
2,487313,37,rpm,636,455,36.7,36.7,3915,497,0,2971,2.882,1,COM7
2,487334,37,rpm,913,455,36.7,36.7,3915,497,0,2972,2.882,1,COM7
2,487354,37,rpm,822,455,36.7,36.7,3915,497,0,2972,2.883,1,COM7
2,487375,37,rpm,621,455,36.7,36.7,3915,497,0,2972,2.883,1,COM7
2,487396,37,rpm,700,455,36.7,36.7,3915,497,0,2972,2.883,1,COM7
2,487416,37,rpm,590,455,36.7,36.7,3915,497,0,2972,2.883,1,COM7
2,487437,37,rpm,448,455,36.7,36.7,3915,497,0,2972,2.883,1,COM7
2,487458,37,rpm,409,455,36.7,36.7,3915,497,0,2973,2.883,1,COM7
2,487478,37,rpm,294,455,36.7,36.7,3915,497,0,2973,2.884,1,COM7
2,487499,37,rpm,-295,455,36.7,36.7,3915,497,0,2973,2.884,1,COM7
2,487520,37,rpm,-20,455,36.7,36.7,3915,497,0,2973,2.884,1,COM7
2,487541,37,rpm,213,455,36.7,36.7,3915,497,0,2973,2.884,1,COM7
2,487561,37,rpm,651,455,36.7,36.7,3915,497,0,2973,2.884,1,COM7
2,487582,37,rpm,732,455,36.7,36.7,3915,497,0,2973,2.884,1,COM7
2,487603,37,rpm,905,455,36.7,36.7,3915,497,0,2974,2.884,1,COM7
2,487623,37,rpm,774,455,36.7,36.7,3915,497,0,2974,2.885,1,COM7
2,487644,37,rpm,627,455,36.7,36.7,3915,497,0,2974,2.885,1,COM7
2,487665,37,rpm,599,455,36.7,36.7,3915,497,0,2974,2.885,1,COM7
2,487686,37,rpm,607,455,36.7,36.7,3915,497,0,2974,2.885,1,COM7
2,487706,37,rpm,389,455,36.7,36.7,3915,497,0,2974,2.885,1,COM7
2,487727,37,rpm,333,455,36.7,36.7,3915,497,0,2975,2.885,1,COM7
2,487748,37,rpm,26,455,36.7,36.7,3915,497,0,2975,2.886,1,COM7
2,487768,37,rpm,-275,455,36.7,36.7,3915,497,0,2975,2.886,1,COM7
2,487789,37,rpm,94,455,36.7,36.7,3915,497,0,2975,2.886,1,COM7
2,487810,37,rpm,645,455,36.7,36.7,3915,497,0,2975,2.886,1,COM7
2,487831,37,rpm,659,454,36.7,36.7,3915,497,0,2975,2.886,1,COM7
2,487851,37,rpm,758,454,36.7,36.7,3915,497,0,2976,2.886,1,COM7
2,487872,37,rpm,950,454,36.7,36.7,3915,497,0,2976,2.886,1,COM7
2,487893,37,rpm,634,454,36.7,36.7,3915,497,0,2976,2.887,1,COM7
2,487913,37,rpm,577,454,36.7,36.7,3915,497,0,2976,2.887,1,COM7
2,487934,37,rpm,638,454,36.7,36.7,3915,497,0,2976,2.887,1,COM7
2,487955,37,rpm,482,454,36.7,36.7,3915,497,0,2976,2.887,1,COM7
2,487975,37,rpm,355,454,36.7,36.7,3915,497,0,2976,2.887,1,COM7
2,487996,37,rpm,257,454,36.7,36.7,3915,497,0,2977,2.887,1,COM7
2,488017,37,rpm,-385,454,36.7,36.7,3915,497,0,2977,2.887,1,COM7
2,488038,37,rpm,37,454,36.7,36.7,3915,497,0,2977,2.888,1,COM7
2,488058,37,rpm,335,454,36.7,36.7,3915,497,0,2977,2.888,1,COM7
2,488079,37,rpm,658,454,36.7,36.7,3915,497,0,2977,2.888,1,COM7
2,488100,37,rpm,861,454,36.7,36.7,3915,497,0,2977,2.888,1,COM7
2,488120,37,rpm,837,454,36.7,36.7,3915,497,0,2978,2.888,1,COM7
2,488141,37,rpm,653,454,36.7,36.7,3915,497,0,2978,2.888,1,COM7
2,488162,37,rpm,729,454,36.7,36.7,3915,497,0,2978,2.889,1,COM7
2,488183,37,rpm,600,454,36.7,36.7,3915,497,0,2978,2.889,1,COM7
2,488203,37,rpm,474,454,36.7,36.7,3915,497,0,2978,2.889,1,COM7
2,488224,37,rpm,430,454,36.7,36.7,3915,497,0,2978,2.889,1,COM7
2,488245,37,rpm,310,454,36.7,36.7,3915,497,0,2979,2.889,1,COM7
2,488266,37,rpm,-185,454,36.7,36.7,3915,497,0,2979,2.889,1,COM7
2,488286,37,rpm,-135,454,36.7,36.7,3915,497,0,2979,2.889,1,COM7
2,488307,37,rpm,181,454,36.7,36.7,3915,497,0,2979,2.89,1,COM7
2,488328,37,rpm,628,454,36.7,36.7,3915,497,0,2979,2.89,1,COM7
2,488348,37,rpm,768,454,36.7,36.7,3915,497,0,2979,2.89,1,COM7
2,488369,37,rpm,911,454,36.7,36.7,3915,497,0,2979,2.89,1,COM7
2,488390,37,rpm,797,454,36.7,36.7,3915,497,0,2980,2.89,1,COM7
2,488411,37,rpm,607,454,36.7,36.7,3915,497,0,2980,2.89,1,COM7
2,488431,37,rpm,624,454,36.7,36.7,3915,497,0,2980,2.891,1,COM7
2,488452,37,rpm,581,454,36.7,36.7,3915,497,0,2980,2.891,1,COM7
2,488473,37,rpm,369,454,36.7,36.7,3915,497,0,2980,2.891,1,COM7
2,488493,37,rpm,295,454,36.7,36.7,3915,497,0,2980,2.891,1,COM7
2,488514,37,rpm,-94,454,36.7,36.7,3915,497,0,2981,2.891,1,COM7
2,488535,37,rpm,-180,454,36.7,36.7,3915,497,0,2981,2.891,1,COM7
2,488556,37,rpm,131,454,36.7,36.7,3915,497,0,2981,2.891,1,COM7
2,488576,37,rpm,708,454,36.7,36.7,3915,497,0,2981,2.892,1,COM7
2,488597,37,rpm,677,454,36.7,36.7,3915,497,0,2981,2.892,1,COM7
2,488618,37,rpm,782,454,36.7,36.7,3915,497,0,2981,2.892,1,COM7
2,488639,37,rpm,901,454,36.7,36.7,3915,497,0,2981,2.892,1,COM7
2,488660,37,rpm,636,454,36.7,36.7,3915,497,0,2982,2.892,1,COM7
2,488680,37,rpm,577,454,36.7,36.7,3915,497,0,2982,2.892,1,COM7
2,488701,37,rpm,613,454,36.7,36.7,3915,497,0,2982,2.893,1,COM7
2,488722,37,rpm,447,454,36.7,36.7,3915,497,0,2982,2.893,1,COM7
2,488743,37,rpm,339,454,36.7,36.7,3915,497,0,2982,2.893,1,COM7
2,488763,37,rpm,152,454,36.7,36.7,3915,497,0,2982,2.893,1,COM7
2,488784,37,rpm,-342,454,36.7,36.7,3915,497,0,2983,2.893,1,COM7
2,488805,37,rpm,75,454,36.7,36.7,3915,497,0,2983,2.893,1,COM7
2,488825,37,rpm,499,454,36.7,36.7,3915,497,0,2983,2.893,1,COM7
2,488846,37,rpm,637,454,36.7,36.7,3915,497,0,2983,2.894,1,COM7
2,488867,37,rpm,895,454,36.7,36.7,3915,497,0,2983,2.894,1,COM7
2,488888,37,rpm,813,454,36.7,36.7,3915,497,0,2983,2.894,1,COM7
2,488908,37,rpm,630,454,36.7,36.7,3915,497,0,2984,2.894,1,COM7
2,488929,37,rpm,719,454,36.7,36.7,3915,497,0,2984,2.894,1,COM7
2,488950,37,rpm,589,454,36.7,36.7,3915,497,0,2984,2.894,1,COM7
2,488971,37,rpm,446,454,36.7,36.7,3915,497,0,2984,2.894,1,COM7
2,488991,37,rpm,419,454,36.7,36.7,3915,497,0,2984,2.895,1,COM7
2,489012,37,rpm,292,454,36.7,36.7,3915,497,0,2984,2.895,1,COM7
2,489033,37,rpm,-307,454,36.7,36.7,3915,497,0,2984,2.895,1,COM7
2,489053,37,rpm,-10,454,36.7,36.7,3915,497,0,2985,2.895,1,COM7
2,489074,37,rpm,224,454,36.7,36.7,3915,497,0,2985,2.895,1,COM7
2,489095,37,rpm,605,454,36.7,36.7,3915,497,0,2985,2.895,1,COM7
2,489116,37,rpm,766,454,36.7,36.7,3915,497,0,2985,2.896,1,COM7
2,489136,37,rpm,913,454,36.7,36.7,3915,497,0,2985,2.896,1,COM7
2,489157,37,rpm,794,454,36.7,36.7,3915,497,0,2985,2.896,1,COM7
2,489178,37,rpm,610,454,36.7,36.7,3915,497,0,2986,2.896,1,COM7
2,489199,37,rpm,634,454,36.7,36.7,3915,497,0,2986,2.896,1,COM7
2,489219,37,rpm,610,454,36.7,36.7,3915,497,0,2986,2.896,1,COM7
2,489240,37,rpm,380,454,36.7,36.7,3915,497,0,2986,2.896,1,COM7
2,489261,37,rpm,328,454,36.7,36.7,3915,497,0,2986,2.897,1,COM7
2,489282,37,rpm,33,454,36.7,36.7,3915,497,0,2986,2.897,1,COM7
2,489302,37,rpm,-285,454,36.7,36.7,3915,497,0,2987,2.897,1,COM7
2,489323,37,rpm,95,454,36.7,36.7,3915,497,0,2987,2.897,1,COM7
2,489344,37,rpm,633,454,36.7,36.7,3915,497,0,2987,2.897,1,COM7
2,489365,37,rpm,665,454,36.7,36.7,3915,497,0,2987,2.897,1,COM7
2,489385,37,rpm,764,454,36.7,36.7,3915,497,0,2987,2.898,1,COM7
2,489406,37,rpm,962,454,36.7,36.7,3915,497,0,2987,2.898,1,COM7
2,489427,37,rpm,636,454,36.7,36.7,3915,497,0,2987,2.898,1,COM7
2,489448,37,rpm,615,454,36.7,36.7,3915,497,0,2988,2.898,1,COM7
2,489468,37,rpm,605,454,36.7,36.7,3915,497,0,2988,2.898,1,COM7
2,489489,37,rpm,479,454,36.7,36.7,3915,497,0,2988,2.898,1,COM7
2,489510,37,rpm,366,454,36.7,36.7,3915,497,0,2988,2.898,1,COM7
2,489531,37,rpm,248,454,36.7,36.7,3915,497,0,2988,2.899,1,COM7
2,489551,37,rpm,-429,454,36.7,36.7,3915,497,0,2988,2.899,1,COM7
2,489572,37,rpm,46,454,36.7,36.7,3915,497,0,2989,2.899,1,COM7
2,489593,37,rpm,354,454,36.7,36.7,3915,497,0,2989,2.899,1,COM7
2,489613,37,rpm,627,454,36.7,36.7,3915,497,0,2989,2.899,1,COM7
2,489634,37,rpm,885,454,36.7,36.7,3915,497,0,2989,2.899,1,COM7
2,489655,37,rpm,852,454,36.7,36.7,3915,497,0,2989,2.9,1,COM7
2,489676,37,rpm,637,454,36.7,36.7,3915,497,0,2989,2.9,1,COM7
2,489697,37,rpm,707,454,36.7,36.7,3915,497,0,2990,2.9,1,COM7
2,489717,37,rpm,598,454,36.7,36.7,3915,497,0,2990,2.9,1,COM7
2,489738,37,rpm,479,454,36.7,36.7,3915,497,0,2990,2.9,1,COM7
2,489759,37,rpm,403,454,36.7,36.7,3915,497,0,2990,2.9,1,COM7
2,489780,37,rpm,307,454,36.7,36.7,3915,497,0,2990,2.9,1,COM7
2,489800,37,rpm,-260,454,36.7,36.7,3915,497,0,2990,2.901,1,COM7
2,489821,37,rpm,-56,454,36.7,36.7,3915,497,0,2990,2.901,1,COM7
2,489842,37,rpm,213,454,36.7,36.7,3915,497,0,2991,2.901,1,COM7
2,489863,37,rpm,710,454,36.7,36.7,3915,497,0,2991,2.901,1,COM7
2,489883,37,rpm,735,454,36.7,36.7,3915,497,0,2991,2.901,1,COM7
2,489904,37,rpm,876,454,36.7,36.7,3915,497,0,2991,2.901,1,COM7
2,489925,37,rpm,859,454,36.7,36.7,3915,497,0,2991,2.901,1,COM7
2,489946,37,rpm,598,454,36.7,36.7,3915,497,0,2991,2.902,1,COM7
2,489966,37,rpm,600,454,36.7,36.7,3915,497,0,2992,2.902,1,COM7
2,489987,37,rpm,592,454,36.7,36.7,3915,497,0,2992,2.902,1,COM7
2,490008,37,rpm,370,454,36.7,36.7,3915,497,0,2992,2.902,1,COM7
2,490028,37,rpm,276,454,36.7,36.7,3915,497,0,2992,2.902,1,COM7
2,490049,37,rpm,-147,454,36.7,36.7,3915,497,0,2992,2.902,1,COM7
2,490070,37,rpm,-119,454,36.7,36.7,3915,497,0,2992,2.903,1,COM7
2,490091,37,rpm,139,454,36.7,36.7,3915,497,0,2992,2.903,1,COM7
2,490111,37,rpm,717,454,36.7,36.7,3915,497,0,2993,2.903,1,COM7
2,490132,37,rpm,728,454,36.7,36.7,3915,497,0,2993,2.903,1,COM7
2,490153,37,rpm,803,454,36.7,36.7,3915,497,0,2993,2.903,1,COM7
2,490173,37,rpm,852,454,36.7,36.7,3915,497,0,2993,2.903,1,COM7
2,490194,37,rpm,638,454,36.7,36.7,3915,497,0,2993,2.903,1,COM7
2,490215,37,rpm,643,454,36.7,36.7,3915,497,0,2993,2.904,1,COM7
2,490236,37,rpm,575,454,36.7,36.7,3915,497,0,2994,2.904,1,COM7
2,490256,37,rpm,418,454,36.7,36.7,3915,497,0,2994,2.904,1,COM7
2,490277,37,rpm,358,454,36.7,36.7,3915,497,0,2994,2.904,1,COM7
2,490298,37,rpm,147,454,36.7,36.7,3915,497,0,2994,2.904,1,COM7
2,490318,37,rpm,-356,454,36.7,36.7,3915,497,0,2994,2.904,1,COM7
2,490339,37,rpm,77,454,36.7,36.7,3915,497,0,2994,2.905,1,COM7
2,490360,37,rpm,496,454,36.7,36.7,3915,497,0,2995,2.905,1,COM7
2,490381,37,rpm,621,454,36.7,36.7,3915,497,0,2995,2.905,1,COM7
2,490401,37,rpm,922,454,36.7,36.7,3915,497,0,2995,2.905,1,COM7
2,490422,37,rpm,821,454,36.7,36.7,3915,497,0,2995,2.905,1,COM7
2,490443,37,rpm,612,454,36.7,36.7,3915,497,0,2995,2.905,1,COM7
2,490464,37,rpm,703,454,36.7,36.7,3915,497,0,2995,2.905,1,COM7
2,490484,37,rpm,603,454,36.7,36.7,3915,497,0,2995,2.906,1,COM7
2,490505,37,rpm,457,454,36.7,36.7,3915,497,0,2996,2.906,1,COM7
2,490526,37,rpm,377,454,36.7,36.7,3915,497,0,2996,2.906,1,COM7
2,490546,37,rpm,296,454,36.7,36.7,3915,497,0,2996,2.906,1,COM7
2,490567,37,rpm,-336,454,36.7,36.7,3915,497,0,2996,2.906,1,COM7
2,490588,37,rpm,2,454,36.7,36.7,3915,497,0,2996,2.906,1,COM7
2,490609,37,rpm,253,454,36.7,36.7,3915,497,0,2996,2.907,1,COM7
2,490629,37,rpm,655,454,36.7,36.7,3915,497,0,2997,2.907,1,COM7
2,490650,37,rpm,703,454,36.7,36.7,3915,497,0,2997,2.907,1,COM7
2,490671,37,rpm,888,454,36.7,36.7,3915,497,0,2997,2.907,1,COM7
2,490692,37,rpm,833,454,36.7,36.7,3915,497,0,2997,2.907,1,COM7
2,490712,37,rpm,579,454,36.7,36.7,3915,497,0,2997,2.907,1,COM7
2,490733,37,rpm,606,454,36.7,36.7,3915,497,0,2997,2.907,1,COM7
2,490754,37,rpm,628,454,36.7,36.7,3915,497,0,2998,2.908,1,COM7
2,490775,37,rpm,380,454,36.7,36.7,3915,497,0,2998,2.908,1,COM7
2,490795,37,rpm,323,454,36.7,36.7,3915,497,0,2998,2.908,1,COM7
2,490816,37,rpm,1,454,36.7,36.7,3915,497,0,2998,2.908,1,COM7
2,490837,37,rpm,-257,454,36.7,36.7,3915,497,0,2998,2.908,1,COM7
2,490857,37,rpm,98,454,36.7,36.7,3915,497,0,2998,2.908,1,COM7
2,490878,37,rpm,648,454,36.7,36.7,3915,497,0,2998,2.908,1,COM7
2,490899,37,rpm,674,454,36.7,36.7,3915,497,0,2999,2.909,1,COM7
2,490920,37,rpm,778,454,36.7,36.7,3915,497,0,2999,2.909,1,COM7
2,490940,37,rpm,900,454,36.7,36.7,3915,497,0,2999,2.909,1,COM7
2,490961,37,rpm,646,454,36.7,36.7,3915,497,0,2999,2.909,1,COM7
2,490982,37,rpm,634,454,36.7,36.7,3915,497,0,2999,2.909,1,COM7
2,491003,37,rpm,566,454,36.7,36.7,3915,497,0,2999,2.909,1,COM7
2,491023,37,rpm,471,454,36.7,36.7,3915,497,0,3000,2.91,1,COM7
2,491044,37,rpm,373,454,36.7,36.7,3915,497,0,3000,2.91,1,COM7
2,491065,37,rpm,235,454,36.7,36.7,3915,497,0,3000,2.91,1,COM7
2,491086,37,rpm,-393,454,36.7,36.7,3915,497,0,3000,2.91,1,COM7
2,491106,37,rpm,50,454,36.7,36.7,3915,497,0,3000,2.91,1,COM7
2,491127,37,rpm,375,454,36.7,36.7,3915,497,0,3000,2.91,1,COM7
2,491148,37,rpm,608,454,36.7,36.7,3915,497,0,3000,2.91,1,COM7
2,491169,37,rpm,913,454,36.7,36.7,3915,497,0,3001,2.911,1,COM7
2,491189,37,rpm,870,454,36.7,36.7,3915,497,0,3001,2.911,1,COM7
2,491210,37,rpm,626,454,36.7,36.7,3915,497,0,3001,2.911,1,COM7
2,491231,37,rpm,671,454,36.7,36.7,3915,497,0,3001,2.911,1,COM7
2,491252,37,rpm,618,454,36.7,36.7,3915,497,0,3001,2.911,1,COM7
2,491272,37,rpm,501,454,36.7,36.7,3915,497,0,3001,2.911,1,COM7
2,491293,37,rpm,367,454,36.7,36.7,3915,497,0,3002,2.912,1,COM7
2,491314,37,rpm,314,454,36.7,36.7,3915,497,0,3002,2.912,1,COM7
2,491335,37,rpm,-294,454,36.7,36.7,3915,497,0,3002,2.912,1,COM7
2,491355,37,rpm,-23,454,36.7,36.7,3915,497,0,3002,2.912,1,COM7
2,491376,37,rpm,224,454,36.7,36.7,3915,497,0,3002,2.912,1,COM7
2,491397,37,rpm,741,454,36.7,36.7,3915,497,0,3002,2.912,1,COM7
2,491418,37,rpm,729,454,36.7,36.7,3915,497,0,3003,2.912,1,COM7
2,491438,37,rpm,825,454,36.7,36.7,3915,497,0,3003,2.913,1,COM7
2,491459,37,rpm,858,454,36.7,36.7,3915,497,0,3003,2.913,1,COM7
2,491480,37,rpm,585,454,36.7,36.7,3915,497,0,3003,2.913,1,COM7
2,491500,37,rpm,615,454,36.7,36.7,3915,497,0,3003,2.913,1,COM7
2,491521,37,rpm,588,454,36.7,36.7,3915,497,0,3003,2.913,1,COM7
2,491542,37,rpm,376,454,36.7,36.7,3915,497,0,3003,2.913,1,COM7
2,491563,37,rpm,264,454,36.7,36.7,3915,497,0,3004,2.914,1,COM7
2,491583,37,rpm,-170,454,36.7,36.7,3915,497,0,3004,2.914,1,COM7
2,491604,37,rpm,-93,454,36.7,36.7,3915,497,0,3004,2.914,1,COM7
2,491625,37,rpm,156,454,36.7,36.7,3915,497,0,3004,2.914,1,COM7
2,491646,37,rpm,717,454,36.7,36.7,3915,497,0,3004,2.914,1,COM7
2,491666,37,rpm,710,454,36.7,36.7,3915,497,0,3004,2.914,1,COM7
2,491687,37,rpm,847,454,36.7,36.7,3915,497,0,3005,2.914,1,COM7
2,491708,37,rpm,785,454,36.7,36.7,3915,497,0,3005,2.915,1,COM7
2,491729,37,rpm,623,454,36.7,36.7,3915,497,0,3005,2.915,1,COM7
2,491749,37,rpm,657,454,36.7,36.7,3915,497,0,3005,2.915,1,COM7
2,491770,37,rpm,538,454,36.7,36.7,3915,497,0,3005,2.915,1,COM7
2,491791,37,rpm,423,454,36.7,36.7,3915,497,0,3005,2.915,1,COM7
2,491811,37,rpm,357,454,36.7,36.7,3915,497,0,3006,2.915,1,COM7
2,491832,37,rpm,56,454,36.7,36.7,3915,497,0,3006,2.915,1,COM7
2,491853,37,rpm,-282,455,36.7,36.7,3915,497,0,3006,2.916,1,COM7
2,491874,37,rpm,91,455,36.7,36.7,3915,497,0,3006,2.916,1,COM7
2,491894,37,rpm,562,455,36.7,36.7,3915,497,0,3006,2.916,1,COM7
2,491915,37,rpm,603,455,36.7,36.7,3915,497,0,3006,2.916,1,COM7
2,491936,37,rpm,912,455,36.7,36.7,3915,497,0,3006,2.916,1,COM7
2,491957,37,rpm,845,455,36.7,36.7,3915,497,0,3007,2.916,1,COM7
2,491977,37,rpm,634,455,36.7,36.7,3915,497,0,3007,2.917,1,COM7
2,491998,37,rpm,640,455,36.7,36.7,3915,497,0,3007,2.917,1,COM7
2,492019,37,rpm,611,455,36.7,36.7,3915,497,0,3007,2.917,1,COM7
2,492040,37,rpm,492,455,36.7,36.7,3915,497,0,3007,2.917,1,COM7
2,492060,37,rpm,340,455,36.7,36.7,3915,497,0,3007,2.917,1,COM7
2,492081,37,rpm,298,455,36.7,36.7,3915,497,0,3008,2.917,1,COM7
2,492102,37,rpm,-349,455,36.7,36.7,3915,497,0,3008,2.917,1,COM7
2,492123,37,rpm,11,455,36.7,36.7,3915,497,0,3008,2.918,1,COM7
2,492143,37,rpm,250,455,36.7,36.7,3915,497,0,3008,2.918,1,COM7
2,492164,37,rpm,737,455,36.7,36.7,3915,497,0,3008,2.918,1,COM7
2,492185,37,rpm,684,455,36.7,36.7,3915,497,0,3008,2.918,1,COM7
2,492206,37,rpm,857,455,36.7,36.7,3915,497,0,3008,2.918,1,COM7
2,492226,37,rpm,877,455,36.7,36.7,3915,497,0,3009,2.918,1,COM7
2,492247,37,rpm,572,455,36.7,36.7,3915,497,0,3009,2.919,1,COM7
2,492268,37,rpm,582,455,36.7,36.7,3915,497,0,3009,2.919,1,COM7
2,492288,37,rpm,624,455,36.7,36.7,3915,497,0,3009,2.919,1,COM7
2,492309,37,rpm,387,455,36.7,36.7,3915,497,0,3009,2.919,1,COM7
2,492330,37,rpm,313,455,36.7,36.7,3915,497,0,3009,2.919,1,COM7
2,492351,37,rpm,-33,455,36.7,36.7,3915,497,0,3010,2.919,1,COM7
2,492371,37,rpm,-241,455,36.7,36.7,3915,497,0,3010,2.919,1,COM7
2,492392,37,rpm,105,455,36.7,36.7,3915,497,0,3010,2.92,1,COM7
2,492413,37,rpm,647,455,36.7,36.7,3915,497,0,3010,2.92,1,COM7
2,492434,37,rpm,692,455,36.7,36.7,3915,497,0,3010,2.92,1,COM7
2,492454,37,rpm,858,455,36.7,36.7,3915,497,0,3010,2.92,1,COM7
2,492475,37,rpm,811,455,36.7,36.7,3915,497,0,3011,2.92,1,COM7
2,492496,37,rpm,634,455,36.7,36.7,3915,497,0,3011,2.92,1,COM7
2,492517,37,rpm,682,455,36.7,36.7,3915,497,0,3011,2.921,1,COM7
2,492537,37,rpm,551,455,36.7,36.7,3915,497,0,3011,2.921,1,COM7
2,492558,37,rpm,443,455,36.7,36.7,3915,497,0,3011,2.921,1,COM7
2,492579,37,rpm,385,455,36.7,36.7,3915,497,0,3011,2.921,1,COM7
2,492600,37,rpm,226,455,36.7,36.7,3915,497,0,3011,2.921,1,COM7
2,492620,37,rpm,-391,455,36.7,36.7,3915,497,0,3012,2.921,1,COM7
2,492641,37,rpm,59,455,36.7,36.7,3915,497,0,3012,2.921,1,COM7
2,492662,37,rpm,417,455,36.7,36.7,3915,497,0,3012,2.922,1,COM7
2,492682,37,rpm,611,455,36.7,36.7,3915,497,0,3012,2.922,1,COM7
2,492703,37,rpm,867,455,36.7,36.7,3915,497,0,3012,2.922,1,COM7
2,492724,37,rpm,875,455,36.7,36.7,3915,497,0,3012,2.922,1,COM7
2,492745,37,rpm,664,455,36.7,36.7,3915,497,0,3013,2.922,1,COM7
2,492765,37,rpm,646,455,36.7,36.7,3915,497,0,3013,2.922,1,COM7
2,492786,37,rpm,631,455,36.7,36.7,3915,497,0,3013,2.923,1,COM7
2,492807,37,rpm,534,455,36.7,36.7,3915,497,0,3013,2.923,1,COM7
2,492828,37,rpm,350,455,36.7,36.7,3915,497,0,3013,2.923,1,COM7
2,492848,37,rpm,302,455,36.7,36.7,3915,497,0,3013,2.923,1,COM7
2,492869,37,rpm,-316,455,36.7,36.7,3915,497,0,3014,2.923,1,COM7
2,492890,37,rpm,-23,455,36.7,36.7,3915,497,0,3014,2.923,1,COM7
2,492911,37,rpm,212,455,36.7,36.7,3915,497,0,3014,2.923,1,COM7
2,492931,37,rpm,756,455,36.7,36.7,3915,497,0,3014,2.924,1,COM7
2,492952,37,rpm,754,455,36.7,36.7,3915,497,0,3014,2.924,1,COM7
2,492973,37,rpm,808,455,36.7,36.7,3915,497,0,3014,2.924,1,COM7
2,492993,37,rpm,884,455,36.7,36.7,3915,497,0,3014,2.924,1,COM7
2,493014,37,rpm,627,455,36.7,36.7,3915,497,0,3015,2.924,1,COM7
2,493035,37,rpm,562,455,36.7,36.7,3915,497,0,3015,2.924,1,COM7
2,493056,37,rpm,584,455,36.7,36.7,3915,497,0,3015,2.924,1,COM7
2,493076,37,rpm,378,455,36.7,36.7,3915,497,0,3015,2.925,1,COM7
2,493097,37,rpm,268,455,36.7,36.7,3915,497,0,3015,2.925,1,COM7
2,493118,37,rpm,-221,455,36.7,36.7,3915,497,0,3015,2.925,1,COM7
2,493139,37,rpm,-64,455,36.7,36.7,3915,497,0,3016,2.925,1,COM7
2,493159,37,rpm,174,455,36.7,36.7,3915,497,0,3016,2.925,1,COM7
2,493180,37,rpm,674,455,36.7,36.7,3915,497,0,3016,2.925,1,COM7
2,493201,37,rpm,717,455,36.7,36.7,3915,497,0,3016,2.926,1,COM7
2,493222,37,rpm,914,455,36.7,36.7,3915,497,0,3016,2.926,1,COM7
2,493242,37,rpm,748,455,36.7,36.7,3915,497,0,3016,2.926,1,COM7
2,493263,37,rpm,605,455,36.7,36.7,3915,497,0,3017,2.926,1,COM7
2,493284,37,rpm,686,455,36.7,36.7,3915,497,0,3017,2.926,1,COM7
2,493305,37,rpm,542,455,36.7,36.7,3915,497,0,3017,2.926,1,COM7
2,493325,37,rpm,400,455,36.7,36.7,3915,497,0,3017,2.926,1,COM7
2,493346,37,rpm,360,455,36.7,36.7,3915,497,0,3017,2.927,1,COM7
2,493367,37,rpm,21,455,36.7,36.7,3915,497,0,3017,2.927,1,COM7
2,493387,37,rpm,-260,455,36.7,36.7,3915,497,0,3017,2.927,1,COM7
2,493408,37,rpm,95,455,36.7,36.7,3915,497,0,3018,2.927,1,COM7
2,493429,37,rpm,582,455,36.7,36.7,3915,497,0,3018,2.927,1,COM7
2,493450,37,rpm,617,455,36.7,36.7,3915,497,0,3018,2.927,1,COM7
2,493470,37,rpm,883,455,36.7,36.7,3915,497,0,3018,2.928,1,COM7
2,493491,37,rpm,841,455,36.7,36.7,3915,497,0,3018,2.928,1,COM7
2,493512,37,rpm,627,455,36.7,36.7,3915,497,0,3018,2.928,1,COM7
2,493532,37,rpm,621,455,36.7,36.7,3915,497,0,3019,2.928,1,COM7
2,493553,37,rpm,605,455,36.7,36.7,3915,497,0,3019,2.928,1,COM7
2,493574,37,rpm,498,455,36.7,36.7,3915,497,0,3019,2.928,1,COM7
2,493595,37,rpm,328,455,36.7,36.7,3915,497,0,3019,2.928,1,COM7
2,493615,37,rpm,278,455,36.7,36.7,3915,497,0,3019,2.929,1,COM7
2,493636,37,rpm,-359,455,36.7,36.7,3915,497,0,3019,2.929,1,COM7
2,493657,37,rpm,23,455,36.7,36.7,3915,497,0,3019,2.929,1,COM7
2,493677,37,rpm,268,455,36.7,36.7,3915,497,0,3020,2.929,1,COM7
2,493698,37,rpm,755,455,36.7,36.7,3915,497,0,3020,2.929,1,COM7
2,493719,37,rpm,633,455,36.7,36.7,3915,497,0,3020,2.929,1,COM7
2,493740,37,rpm,885,455,0.0,36.7,0,0,0,3020,2.93,0,COM7
2,493760,37,rpm,330,455,0.0,36.7,0,0,0,3020,2.93,0,COM7
2,493781,37,rpm,7,455,0.0,36.7,0,0,0,3020,2.93,0,COM7
2,493801,37,rpm,5,455,0.0,36.7,0,0,0,3021,2.93,0,COM7
2,493822,37,rpm,4,455,0.0,36.7,0,0,0,3021,2.93,0,COM7
2,493842,37,rpm,2,455,0.0,36.7,0,0,0,3021,2.93,0,COM7
2,493863,37,rpm,2,455,0.0,36.7,0,0,0,3021,2.93,0,COM7
2,493883,37,rpm,2,455,0.0,36.7,0,0,0,3021,2.931,0,COM7
2,493904,37,rpm,1,455,0.0,36.7,0,0,0,3021,2.931,0,COM7
2,493924,37,rpm,1,455,0.0,36.7,0,0,0,3022,2.931,0,COM7
2,493945,37,rpm,1,455,0.0,36.7,0,0,0,3022,2.931,0,COM7
2,493965,37,rpm,1,455,0.0,36.7,0,0,0,3022,2.931,0,COM7
2,493985,37,rpm,1,455,0.0,36.7,0,0,0,3022,2.931,0,COM7
2,494006,37,rpm,1,455,0.0,36.7,0,0,0,3022,2.931,0,COM7
2,494026,37,rpm,1,455,0.0,36.7,0,0,0,3022,2.932,0,COM7
2,494047,37,rpm,1,455,0.0,36.7,0,0,0,3022,2.932,0,COM7
2,494067,37,rpm,1,455,0.0,36.7,0,0,0,3023,2.932,0,COM7
2,494088,37,rpm,1,455,0.0,36.7,0,0,0,3023,2.932,0,COM7
2,494108,37,rpm,1,455,0.0,36.7,0,0,0,3023,2.932,0,COM7
2,494129,37,rpm,0,455,0.0,36.7,0,0,0,3023,2.932,0,COM7
2,494149,37,rpm,1,455,0.0,36.7,0,0,0,3023,2.933,0,COM7
2,494170,37,rpm,1,455,0.0,36.7,0,0,0,3023,2.933,0,COM7
2,494190,37,rpm,1,455,0.0,36.7,0,0,0,3024,2.933,0,COM7
2,494211,37,rpm,0,455,0.0,36.7,0,0,0,3024,2.933,0,COM7
2,494231,37,rpm,0,455,0.0,36.7,0,0,0,3024,2.933,0,COM7
2,494252,37,rpm,0,455,0.0,36.7,0,0,0,3024,2.933,0,COM7
2,494272,37,rpm,0,455,0.0,36.8,0,0,0,3024,2.933,0,COM7
2,494293,37,rpm,0,455,0.0,36.8,0,0,0,3024,2.934,0,COM7
2,494313,37,rpm,0,455,0.0,36.8,0,0,0,3024,2.934,0,COM7
2,494334,37,rpm,0,455,0.0,36.8,0,0,0,3025,2.934,0,COM7
2,494354,37,rpm,0,455,0.0,36.8,0,0,0,3025,2.934,0,COM7
2,494375,37,rpm,0,455,0.0,36.8,0,0,0,3025,2.934,0,COM7
2,494395,37,rpm,0,454,0.0,36.8,0,0,0,3025,2.934,0,COM7
2,494416,37,rpm,0,454,0.0,36.8,0,0,0,3025,2.934,0,COM7
2,494437,37,rpm,0,454,0.0,36.8,0,0,0,3025,2.935,0,COM7
2,494457,37,rpm,0,454,0.0,36.8,0,0,0,3026,2.935,0,COM7
2,494478,37,rpm,0,454,0.0,36.8,0,0,0,3026,2.935,0,COM7
2,494498,37,rpm,0,454,0.0,36.8,0,0,0,3026,2.935,0,COM7
2,494519,37,rpm,0,454,0.0,36.8,0,0,0,3026,2.935,0,COM7
2,494539,37,rpm,0,454,0.0,36.8,0,0,0,3026,2.935,0,COM7
2,494560,37,rpm,0,453,0.0,36.8,0,0,0,3026,2.936,0,COM7
2,494580,37,rpm,0,453,0.0,36.8,0,0,0,3026,2.936,0,COM7
2,494600,37,rpm,1,453,0.0,36.8,0,0,0,3027,2.936,0,COM7
2,494621,37,rpm,0,453,0.0,36.8,0,0,0,3027,2.936,0,COM7
2,494641,37,rpm,0,453,0.0,36.8,0,0,0,3027,2.936,0,COM7
2,494662,37,rpm,0,452,0.0,36.8,0,0,0,3027,2.936,0,COM7
2,494682,37,rpm,0,452,0.0,36.8,0,0,0,3027,2.936,0,COM7
2,494703,37,rpm,0,452,0.0,36.8,0,0,0,3027,2.937,0,COM7
2,494723,37,rpm,0,451,0.0,36.8,0,0,0,3028,2.937,0,COM7
2,494744,37,rpm,0,451,0.0,36.8,0,0,0,3028,2.937,0,COM7
2,494764,37,rpm,0,451,0.0,36.8,0,0,0,3028,2.937,0,COM7
2,494785,37,rpm,0,451,0.0,36.8,0,0,0,3028,2.937,0,COM7
2,494806,37,rpm,0,450,0.0,36.8,0,0,0,3028,2.937,0,COM7
2,494826,37,rpm,0,450,0.0,36.8,0,0,0,3028,2.937,0,COM7
2,494847,37,rpm,0,449,0.0,36.8,0,0,0,3029,2.938,0,COM7
2,494867,37,rpm,0,449,0.0,36.8,0,0,0,3029,2.938,0,COM7
2,494888,37,rpm,0,449,0.0,36.8,0,0,0,3029,2.938,0,COM7
2,494908,37,rpm,0,448,0.0,36.8,0,0,0,3029,2.938,0,COM7
2,494929,37,rpm,0,448,0.0,36.8,0,0,0,3029,2.938,0,COM7
2,494949,37,rpm,0,447,0.0,36.8,0,0,0,3029,2.938,0,COM7
2,494970,37,rpm,0,447,0.0,36.8,0,0,0,3029,2.939,0,COM7
2,494990,37,rpm,0,446,0.0,36.8,0,0,0,3030,2.939,0,COM7
2,495011,37,rpm,0,446,0.0,36.8,0,0,0,3030,2.939,0,COM7
2,495031,37,rpm,0,445,0.0,36.8,0,0,0,3030,2.939,0,COM7
2,495052,37,rpm,0,445,0.0,36.8,0,0,0,3030,2.939,0,COM7
2,495072,37,rpm,0,444,0.0,36.8,0,0,0,3030,2.939,0,COM7
2,495093,37,rpm,0,443,0.0,36.8,0,0,0,3030,2.939,0,COM7
2,495113,37,rpm,0,443,0.0,36.8,0,0,0,3030,2.94,0,COM7
2,495134,37,rpm,0,442,0.0,36.8,0,0,0,3031,2.94,0,COM7
2,495154,37,rpm,0,441,0.0,36.8,0,0,0,3031,2.94,0,COM7
2,495175,37,rpm,0,441,0.0,36.8,0,0,0,3031,2.94,0,COM7
2,495195,37,rpm,0,440,0.0,36.8,0,0,0,3031,2.94,0,COM7
2,495216,37,rpm,0,439,0.0,36.8,0,0,0,3031,2.94,0,COM7
2,495236,37,rpm,0,439,0.0,36.8,0,0,0,3031,2.94,0,COM7
2,495257,37,rpm,0,438,0.0,36.8,0,0,0,3032,2.941,0,COM7
2,495277,37,rpm,0,437,0.0,36.8,0,0,0,3032,2.941,0,COM7
2,495298,37,rpm,0,436,0.0,36.8,0,0,0,3032,2.941,0,COM7
2,495318,37,rpm,0,435,0.0,36.8,0,0,0,3032,2.941,0,COM7
2,495338,37,rpm,0,434,0.0,36.8,0,0,0,3032,2.941,0,COM7
2,495359,37,rpm,0,433,0.0,36.8,0,0,0,3032,2.941,0,COM7
2,495379,37,rpm,0,433,0.0,36.8,0,0,0,3032,2.941,0,COM7
2,495400,37,rpm,0,432,0.0,36.8,0,0,0,3033,2.942,0,COM7
2,495420,37,rpm,0,431,0.0,36.8,0,0,0,3033,2.942,0,COM7
2,495441,37,rpm,0,430,0.0,36.8,0,0,0,3033,2.942,0,COM7
2,495461,37,rpm,0,429,0.0,36.8,0,0,0,3033,2.942,0,COM7
2,495482,37,rpm,0,428,0.0,36.8,0,0,0,3033,2.942,0,COM7
2,495502,37,rpm,0,426,0.0,36.8,0,0,0,3033,2.942,0,COM7
2,495523,37,rpm,0,425,0.0,36.8,0,0,0,3033,2.942,0,COM7
2,495543,37,rpm,0,424,0.0,36.8,0,0,0,3034,2.943,0,COM7
2,495564,37,rpm,0,423,0.0,36.8,0,0,0,3034,2.943,0,COM7
2,495584,37,rpm,0,422,0.0,36.8,0,0,0,3034,2.943,0,COM7
2,495605,37,rpm,0,421,0.0,36.8,0,0,0,3034,2.943,0,COM7
2,495626,37,rpm,0,419,0.0,36.8,0,0,0,3034,2.943,0,COM7
2,495646,37,rpm,0,418,0.0,36.8,0,0,0,3034,2.943,0,COM7
2,495667,37,rpm,0,417,0.0,36.8,0,0,0,3034,2.943,0,COM7
2,495687,37,rpm,0,416,0.0,36.8,0,0,0,3035,2.944,0,COM7
2,495707,37,rpm,0,414,0.0,36.8,0,0,0,3035,2.944,0,COM7
2,495728,37,rpm,0,413,0.0,36.8,0,0,0,3035,2.944,0,COM7
2,495748,37,rpm,0,412,0.0,36.8,0,0,0,3035,2.944,0,COM7
2,495769,37,rpm,0,410,0.0,36.8,0,0,0,3035,2.944,0,COM7
2,495789,37,rpm,0,409,0.0,36.8,0,0,0,3035,2.944,0,COM7
2,495810,37,rpm,0,407,0.0,36.8,0,0,0,3035,2.944,0,COM7
2,495830,37,rpm,0,406,0.0,36.8,0,0,0,3036,2.945,0,COM7
2,495851,37,rpm,0,404,0.0,36.8,0,0,0,3036,2.945,0,COM7
2,495871,37,rpm,0,403,0.0,36.8,0,0,0,3036,2.945,0,COM7
2,495892,37,rpm,0,401,0.0,36.8,0,0,0,3036,2.945,0,COM7
2,495913,37,rpm,0,400,0.0,36.8,0,0,0,3036,2.945,0,COM7
2,495933,37,rpm,0,398,0.0,36.8,0,0,0,3036,2.945,0,COM7
2,495954,37,rpm,0,396,0.0,36.8,0,0,0,3036,2.945,0,COM7
2,495974,37,rpm,0,395,0.0,36.8,0,0,0,3037,2.945,0,COM7
2,495995,37,rpm,0,393,0.0,36.8,0,0,0,3037,2.946,0,COM7
2,496015,37,rpm,0,391,0.0,36.8,0,0,0,3037,2.946,0,COM7
2,496036,37,rpm,0,390,0.0,36.8,0,0,0,3037,2.946,0,COM7
2,496056,37,rpm,0,388,0.0,36.8,0,0,0,3037,2.946,0,COM7
2,496077,37,rpm,0,386,0.0,36.8,0,0,0,3037,2.946,0,COM7
2,496097,37,rpm,0,384,0.0,36.8,0,0,0,3037,2.946,0,COM7
2,496137,37,rpm,0,382,0.0,36.8,0,0,0,3038,2.946,0,COM7
2,496158,37,rpm,0,381,0.0,36.8,0,0,0,3038,2.947,0,COM7
2,496178,37,rpm,0,379,0.0,36.8,0,0,0,3038,2.947,0,COM7
2,496199,37,rpm,0,377,0.0,36.8,0,0,0,3038,2.947,0,COM7
2,496219,37,rpm,0,375,0.0,36.8,0,0,0,3038,2.947,0,COM7
2,496240,37,rpm,0,373,0.0,36.8,0,0,0,3038,2.947,0,COM7
2,496260,37,rpm,0,371,0.0,36.8,0,0,0,3038,2.947,0,COM7
2,496281,37,rpm,0,369,0.0,36.8,0,0,0,3038,2.947,0,COM7
2,496301,37,rpm,0,367,0.0,36.8,0,0,0,3039,2.947,0,COM7
2,496322,37,rpm,0,365,0.0,36.8,0,0,0,3039,2.948,0,COM7
2,496342,37,rpm,0,363,0.0,36.8,0,0,0,3039,2.948,0,COM7
2,496363,37,rpm,0,361,0.0,36.8,0,0,0,3039,2.948,0,COM7
2,496383,37,rpm,0,359,0.0,36.8,0,0,0,3039,2.948,0,COM7
2,496404,37,rpm,0,357,0.0,36.8,0,0,0,3039,2.948,0,COM7
2,496424,37,rpm,0,355,0.0,36.8,0,0,0,3039,2.948,0,COM7
2,496445,37,rpm,0,352,0.0,36.8,0,0,0,3039,2.948,0,COM7
2,496465,37,rpm,0,350,0.0,36.8,0,0,0,3040,2.948,0,COM7
2,496486,37,rpm,0,348,0.0,36.8,0,0,0,3040,2.949,0,COM7
2,496506,37,rpm,0,346,0.0,36.8,0,0,0,3040,2.949,0,COM7
2,496527,37,rpm,0,344,0.0,36.8,0,0,0,3040,2.949,0,COM7
2,496547,37,rpm,0,341,0.0,36.8,0,0,0,3040,2.949,0,COM7
2,496568,37,rpm,0,339,0.0,36.8,0,0,0,3040,2.949,0,COM7
2,496588,37,rpm,0,337,0.0,36.8,0,0,0,3040,2.949,0,COM7
2,496609,37,rpm,0,334,0.0,36.8,0,0,0,3040,2.949,0,COM7
2,496629,37,rpm,0,332,0.0,36.8,0,0,0,3041,2.949,0,COM7
2,496650,37,rpm,0,330,0.0,36.8,0,0,0,3041,2.949,0,COM7
2,496670,37,rpm,0,327,0.0,36.8,0,0,0,3041,2.95,0,COM7
2,496691,37,rpm,0,325,0.0,36.8,0,0,0,3041,2.95,0,COM7
2,496711,37,rpm,0,323,0.0,36.8,0,0,0,3041,2.95,0,COM7
2,496732,37,rpm,0,320,0.0,36.8,0,0,0,3041,2.95,0,COM7
2,496752,37,rpm,0,318,0.0,36.8,0,0,0,3041,2.95,0,COM7
2,496773,37,rpm,0,315,0.0,36.8,0,0,0,3041,2.95,0,COM7
2,496793,37,rpm,0,313,0.0,36.8,0,0,0,3041,2.95,0,COM7
2,496814,37,rpm,0,311,0.0,36.8,0,0,0,3042,2.95,0,COM7
2,496834,37,rpm,0,308,0.0,36.8,0,0,0,3042,2.95,0,COM7
2,496855,37,rpm,0,306,0.0,36.8,0,0,0,3042,2.95,0,COM7
2,496875,37,rpm,0,303,0.0,36.8,0,0,0,3042,2.951,0,COM7
2,496896,37,rpm,0,301,0.0,36.8,0,0,0,3042,2.951,0,COM7
2,496916,37,rpm,0,298,0.0,36.8,0,0,0,3042,2.951,0,COM7
2,496937,37,rpm,0,295,0.0,36.8,0,0,0,3042,2.951,0,COM7
2,496957,37,rpm,0,293,0.0,36.8,0,0,0,3042,2.951,0,COM7
2,496978,37,rpm,0,290,0.0,36.8,0,0,0,3042,2.951,0,COM7
2,496998,37,rpm,0,288,0.0,36.8,0,0,0,3042,2.951,0,COM7
2,497019,37,rpm,0,285,0.0,36.8,0,0,0,3043,2.951,0,COM7
2,497039,37,rpm,0,283,0.0,36.8,0,0,0,3043,2.951,0,COM7
2,497060,37,rpm,0,280,0.0,36.8,0,0,0,3043,2.951,0,COM7
2,497081,37,rpm,0,277,0.0,36.8,0,0,0,3043,2.952,0,COM7
2,497101,37,rpm,0,275,0.0,36.8,0,0,0,3043,2.952,0,COM7
2,497122,37,rpm,0,272,0.0,36.8,0,0,0,3043,2.952,0,COM7
2,497142,37,rpm,0,269,0.0,36.8,0,0,0,3043,2.952,0,COM7
2,497163,37,rpm,0,267,0.0,36.8,0,0,0,3043,2.952,0,COM7
2,497183,37,rpm,0,264,0.0,36.8,0,0,0,3043,2.952,0,COM7
2,497203,37,rpm,0,261,0.0,36.8,0,0,0,3043,2.952,0,COM7
2,497224,37,rpm,0,259,0.0,36.8,0,0,0,3043,2.952,0,COM7
2,497245,37,rpm,0,256,0.0,36.8,0,0,0,3044,2.952,0,COM7
2,497265,37,rpm,0,253,0.0,36.8,0,0,0,3044,2.952,0,COM7
2,497286,37,rpm,0,251,0.0,36.8,0,0,0,3044,2.952,0,COM7
2,497306,37,rpm,0,248,0.0,36.8,0,0,0,3044,2.952,0,COM7
2,497327,37,rpm,0,245,0.0,36.8,0,0,0,3044,2.953,0,COM7
2,497347,37,rpm,0,243,0.0,36.8,0,0,0,3044,2.953,0,COM7
2,497368,37,rpm,0,240,0.0,36.8,0,0,0,3044,2.953,0,COM7
2,497388,37,rpm,0,237,0.0,36.8,0,0,0,3044,2.953,0,COM7
2,497409,37,rpm,0,235,0.0,36.8,0,0,0,3044,2.953,0,COM7
2,497429,37,rpm,0,232,0.0,36.8,0,0,0,3044,2.953,0,COM7
2,497450,37,rpm,0,229,0.0,36.8,0,0,0,3044,2.953,0,COM7
2,497470,37,rpm,0,226,0.0,36.8,0,0,0,3044,2.953,0,COM7
2,497491,37,rpm,0,224,0.0,36.8,0,0,0,3045,2.953,0,COM7
2,497511,37,rpm,0,221,0.0,36.8,0,0,0,3045,2.953,0,COM7
2,497532,37,rpm,0,218,0.0,36.8,0,0,0,3045,2.953,0,COM7
2,497552,37,rpm,0,215,0.0,36.8,0,0,0,3045,2.953,0,COM7
2,497573,37,rpm,0,213,0.0,36.8,0,0,0,3045,2.953,0,COM7
2,497593,37,rpm,0,210,0.0,36.8,0,0,0,3045,2.954,0,COM7
2,497614,37,rpm,0,207,0.0,36.8,0,0,0,3045,2.954,0,COM7
2,497634,37,rpm,0,205,0.0,36.8,0,0,0,3045,2.954,0,COM7
2,497655,37,rpm,0,202,0.0,36.8,0,0,0,3045,2.954,0,COM7
2,497675,37,rpm,0,199,0.0,36.8,0,0,0,3045,2.954,0,COM7
2,497696,37,rpm,0,196,0.0,36.8,0,0,0,3045,2.954,0,COM7
2,497716,37,rpm,0,194,0.0,36.8,0,0,0,3045,2.954,0,COM7
2,497737,37,rpm,0,191,0.0,36.8,0,0,0,3045,2.954,0,COM7
2,497757,37,rpm,0,188,0.0,36.8,0,0,0,3045,2.954,0,COM7
2,497778,37,rpm,0,186,0.0,36.8,0,0,0,3045,2.954,0,COM7
2,497798,37,rpm,0,183,0.0,36.8,0,0,0,3046,2.954,0,COM7
2,497819,37,rpm,0,180,0.0,36.8,0,0,0,3046,2.954,0,COM7
2,497839,37,rpm,0,177,0.0,36.8,0,0,0,3046,2.954,0,COM7
2,497860,37,rpm,0,175,0.0,36.8,0,0,0,3046,2.954,0,COM7
2,497880,37,rpm,0,172,0.0,36.8,0,0,0,3046,2.954,0,COM7
2,497901,37,rpm,0,169,0.0,36.8,0,0,0,3046,2.954,0,COM7
2,497921,37,rpm,0,167,0.0,36.8,0,0,0,3046,2.955,0,COM7
2,497942,37,rpm,0,164,0.0,36.8,0,0,0,3046,2.955,0,COM7
2,497962,37,rpm,0,161,0.0,36.8,0,0,0,3046,2.955,0,COM7
2,497983,37,rpm,0,159,0.0,36.8,0,0,0,3046,2.955,0,COM7
2,498003,37,rpm,0,156,0.0,36.8,0,0,0,3046,2.955,0,COM7
2,498024,37,rpm,0,153,0.0,36.8,0,0,0,3046,2.955,0,COM7
2,498044,37,rpm,0,151,0.0,36.8,0,0,0,3046,2.955,0,COM7
2,498065,37,rpm,0,148,0.0,36.8,0,0,0,3046,2.955,0,COM7
2,498085,37,rpm,0,146,0.0,36.8,0,0,0,3046,2.955,0,COM7
2,498106,37,rpm,0,143,0.0,36.8,0,0,0,3046,2.955,0,COM7
2,498126,37,rpm,0,140,0.0,36.8,0,0,0,3046,2.955,0,COM7
2,498147,37,rpm,0,138,0.0,36.8,0,0,0,3046,2.955,0,COM7
2,498167,37,rpm,0,135,0.0,36.8,0,0,0,3047,2.955,0,COM7
2,498188,37,rpm,0,133,0.0,36.8,0,0,0,3047,2.955,0,COM7
2,498208,37,rpm,0,130,0.0,36.8,0,0,0,3047,2.955,0,COM7
2,498229,37,rpm,0,128,0.0,36.8,0,0,0,3047,2.955,0,COM7
2,498249,37,rpm,0,125,0.0,36.8,0,0,0,3047,2.955,0,COM7
2,498270,37,rpm,0,123,0.0,36.8,0,0,0,3047,2.955,0,COM7
2,498290,37,rpm,0,120,0.0,36.8,0,0,0,3047,2.955,0,COM7
2,498311,37,rpm,0,118,0.0,36.8,0,0,0,3047,2.955,0,COM7
2,498331,37,rpm,0,115,0.0,36.8,0,0,0,3047,2.955,0,COM7
2,498352,37,rpm,0,113,0.0,36.8,0,0,0,3047,2.955,0,COM7
2,498372,37,rpm,0,110,0.0,36.8,0,0,0,3047,2.956,0,COM7
2,498393,37,rpm,0,108,0.0,36.8,0,0,0,3047,2.956,0,COM7
2,498413,37,rpm,0,105,0.0,36.8,0,0,0,3047,2.956,0,COM7
2,498434,37,rpm,0,103,0.0,36.8,0,0,0,3047,2.956,0,COM7
2,498454,37,rpm,0,101,0.0,36.8,0,0,0,3047,2.956,0,COM7
2,498475,37,rpm,0,98,0.0,36.8,0,0,0,3047,2.956,0,COM7
2,498495,37,rpm,0,96,0.0,36.8,0,0,0,3047,2.956,0,COM7
2,498516,37,rpm,0,93,0.0,36.8,0,0,0,3047,2.956,0,COM7
2,498536,37,rpm,0,91,0.0,36.8,0,0,0,3047,2.956,0,COM7
2,498557,37,rpm,0,89,0.0,36.8,0,0,0,3047,2.956,0,COM7
2,498577,37,rpm,0,87,0.0,36.8,0,0,0,3047,2.956,0,COM7
2,498598,37,rpm,0,84,0.0,36.8,0,0,0,3047,2.956,0,COM7
2,498618,37,rpm,0,82,0.0,36.8,0,0,0,3047,2.956,0,COM7
2,498639,37,rpm,0,80,0.0,36.8,0,0,0,3047,2.956,0,COM7
2,498659,37,rpm,0,77,0.0,36.8,0,0,0,3047,2.956,0,COM7
2,498680,37,rpm,0,75,0.0,36.8,0,0,0,3047,2.956,0,COM7
2,498700,37,rpm,0,73,0.0,36.8,0,0,0,3047,2.956,0,COM7
2,498720,37,rpm,0,71,0.0,36.8,0,0,0,3047,2.956,0,COM7
2,498741,37,rpm,0,69,0.0,36.8,0,0,0,3047,2.956,0,COM7
2,498761,37,rpm,0,67,0.0,36.8,0,0,0,3047,2.956,0,COM7
2,498782,37,rpm,0,64,0.0,36.8,0,0,0,3048,2.956,0,COM7
2,498802,37,rpm,0,62,0.0,36.8,0,0,0,3048,2.956,0,COM7
2,498823,37,rpm,0,60,0.0,36.8,0,0,0,3048,2.956,0,COM7
2,498843,37,rpm,0,58,0.0,36.8,0,0,0,3048,2.956,0,COM7
2,498864,37,rpm,0,56,0.0,36.8,0,0,0,3048,2.956,0,COM7
2,498884,37,rpm,0,54,0.0,36.8,0,0,0,3048,2.956,0,COM7
2,498905,37,rpm,0,52,0.0,36.8,0,0,0,3048,2.956,0,COM7
2,498925,37,rpm,0,50,0.0,36.8,0,0,0,3048,2.956,0,COM7
2,498946,37,rpm,0,48,0.0,36.8,0,0,0,3048,2.956,0,COM7
2,498966,37,rpm,0,46,0.0,36.8,0,0,0,3048,2.956,0,COM7
2,498987,37,rpm,0,44,0.0,36.8,0,0,0,3048,2.956,0,COM7
2,499007,37,rpm,0,42,0.0,36.8,0,0,0,3048,2.956,0,COM7
2,499027,37,rpm,0,40,0.0,36.8,0,0,0,3048,2.956,0,COM7
2,499048,37,rpm,0,38,0.0,36.8,0,0,0,3048,2.956,0,COM7
2,499068,37,rpm,0,36,0.0,36.8,0,0,0,3048,2.956,0,COM7
2,499089,37,rpm,0,35,0.0,36.8,0,0,0,3048,2.956,0,COM7
2,499109,37,rpm,0,33,0.0,36.8,0,0,0,3048,2.956,0,COM7
2,499130,37,rpm,0,31,0.0,36.8,0,0,0,3048,2.956,0,COM7
2,499150,37,rpm,0,29,0.0,36.8,0,0,0,3048,2.956,0,COM7
2,499171,37,rpm,0,27,0.0,36.8,0,0,0,3048,2.956,0,COM7
2,499191,37,rpm,0,26,0.0,36.8,0,0,0,3048,2.956,0,COM7
2,499212,37,rpm,0,24,0.0,36.8,0,0,0,3048,2.956,0,COM7
2,499232,37,rpm,0,22,0.0,36.8,0,0,0,3048,2.956,0,COM7
2,499253,37,rpm,0,20,0.0,36.8,0,0,0,3048,2.956,0,COM7
2,499273,37,rpm,0,19,0.0,36.8,0,0,0,3048,2.956,0,COM7
2,499294,37,rpm,0,17,0.0,36.8,0,0,0,3048,2.956,0,COM7
2,499314,37,rpm,0,16,0.0,36.8,0,0,0,3048,2.956,0,COM7
2,499334,37,rpm,0,14,0.0,36.8,0,0,0,3048,2.956,0,COM7
2,499355,37,rpm,0,12,0.0,36.8,0,0,0,3048,2.956,0,COM7
2,499375,37,rpm,0,11,0.0,36.8,0,0,0,3048,2.956,0,COM7
2,499396,37,rpm,0,9,0.0,36.8,0,0,0,3048,2.956,0,COM7
2,499416,37,rpm,0,8,0.0,36.8,0,0,0,3048,2.956,0,COM7
2,499437,37,rpm,0,6,0.0,36.8,0,0,0,3048,2.956,0,COM7
2,499457,37,rpm,0,5,0.0,36.8,0,0,0,3048,2.956,0,COM7
2,499478,37,rpm,0,3,0.0,36.8,0,0,0,3048,2.956,0,COM7
2,499498,37,rpm,0,2,0.0,36.8,0,0,0,3048,2.956,0,COM7
2,499518,37,rpm,0,0,0.0,36.8,0,0,0,3048,2.956,0,COM7
2,499539,37,rpm,0,-1,0.0,36.8,0,0,0,3048,2.956,0,COM7
2,499559,37,rpm,0,-2,0.0,36.8,0,0,0,3048,2.956,0,COM7
2,499580,37,rpm,0,-4,0.0,36.8,0,0,0,3048,2.956,0,COM7
2,499600,37,rpm,0,-5,0.0,36.8,0,0,0,3048,2.956,0,COM7
2,499621,37,rpm,0,-6,0.0,36.8,0,0,0,3048,2.956,0,COM7
2,499641,37,rpm,0,-8,0.0,36.8,0,0,0,3048,2.956,0,COM7
2,499662,37,rpm,0,-9,0.0,36.8,0,0,0,3048,2.956,0,COM7
2,499682,37,rpm,0,-10,0.0,36.8,0,0,0,3048,2.956,0,COM7
2,499703,37,rpm,0,-11,0.0,36.8,0,0,0,3048,2.956,0,COM7
2,499723,37,rpm,0,-13,0.0,36.8,0,0,0,3048,2.956,0,COM7
2,499743,37,rpm,0,-14,0.0,36.8,0,0,0,3048,2.956,0,COM7
2,499764,37,rpm,0,-15,0.0,36.8,0,0,0,3048,2.956,0,COM7
2,499784,37,rpm,0,-16,0.0,36.8,0,0,0,3048,2.956,0,COM7
2,499805,37,rpm,0,-17,0.0,36.8,0,0,0,3048,2.956,0,COM7
2,499825,37,rpm,0,-18,0.0,36.8,0,0,0,3048,2.956,0,COM7
2,499846,37,rpm,0,-19,0.0,36.8,0,0,0,3048,2.956,0,COM7
2,499866,37,rpm,0,-20,0.0,36.8,0,0,0,3048,2.956,0,COM7
2,499887,37,rpm,0,-21,0.0,36.8,0,0,0,3048,2.956,0,COM7
2,499907,37,rpm,0,-22,0.0,36.8,0,0,0,3048,2.956,0,COM7
2,499928,37,rpm,0,-23,0.0,36.8,0,0,0,3048,2.956,0,COM7
2,499948,37,rpm,0,-24,0.0,36.8,0,0,0,3048,2.956,0,COM7
2,499969,37,rpm,0,-25,0.0,36.8,0,0,0,3048,2.956,0,COM7
2,499989,37,rpm,0,-26,0.0,36.8,0,0,0,3048,2.956,0,COM7
2,500010,37,rpm,0,-27,0.0,36.8,0,0,0,3048,2.956,0,COM7
2,500030,37,rpm,0,-28,0.0,36.8,0,0,0,3048,2.956,0,COM7
2,500051,37,rpm,0,-29,0.0,36.8,0,0,0,3048,2.956,0,COM7
2,500071,37,rpm,0,-30,0.0,36.8,0,0,0,3048,2.956,0,COM7
2,500092,37,rpm,0,-31,0.0,36.8,0,0,0,3048,2.956,0,COM7
2,500112,37,rpm,0,-31,0.0,36.8,0,0,0,3048,2.956,0,COM7
2,500133,37,rpm,0,-32,0.0,36.8,0,0,0,3048,2.956,0,COM7
2,500153,37,rpm,0,-33,0.0,36.8,0,0,0,3048,2.956,0,COM7
2,500174,37,rpm,0,-34,0.0,36.8,0,0,0,3048,2.956,0,COM7
2,500194,37,rpm,0,-34,0.0,36.8,0,0,0,3048,2.956,0,COM7
2,500215,37,rpm,0,-35,0.0,36.8,0,0,0,3048,2.956,0,COM7
2,500235,37,rpm,0,-36,0.0,36.8,0,0,0,3048,2.956,0,COM7
2,500256,37,rpm,0,-37,0.0,36.8,0,0,0,3048,2.956,0,COM7
2,500276,37,rpm,0,-37,0.0,36.8,0,0,0,3048,2.956,0,COM7
2,500297,37,rpm,0,-38,0.0,36.8,0,0,0,3048,2.956,0,COM7
2,500317,37,rpm,0,-38,0.0,36.8,0,0,0,3048,2.956,0,COM7
2,500338,37,rpm,0,-39,0.0,36.8,0,0,0,3048,2.956,0,COM7
2,500358,37,rpm,0,-40,0.0,36.8,0,0,0,3048,2.956,0,COM7
2,500379,37,rpm,0,-40,0.0,36.8,0,0,0,3048,2.956,0,COM7
2,500399,37,rpm,0,-41,0.0,36.8,0,0,0,3048,2.956,0,COM7
2,500420,37,rpm,0,-41,0.0,36.8,0,0,0,3048,2.956,0,COM7
2,500440,37,rpm,0,-42,0.0,36.8,0,0,0,3047,2.956,0,COM7
2,500461,37,rpm,0,-42,0.0,36.8,0,0,0,3047,2.956,0,COM7
2,500481,37,rpm,0,-43,0.0,36.8,0,0,0,3047,2.956,0,COM7
2,500502,37,rpm,0,-43,0.0,36.8,0,0,0,3047,2.956,0,COM7
2,500522,37,rpm,0,-44,0.0,36.8,0,0,0,3047,2.956,0,COM7
2,500543,37,rpm,0,-44,0.0,36.8,0,0,0,3047,2.956,0,COM7
2,500563,37,rpm,0,-44,0.0,36.8,0,0,0,3047,2.956,0,COM7
2,500584,37,rpm,0,-45,0.0,36.8,0,0,0,3047,2.956,0,COM7
2,500604,37,rpm,0,-45,0.0,36.8,0,0,0,3047,2.956,0,COM7
2,500625,37,rpm,0,-45,0.0,36.8,0,0,0,3047,2.956,0,COM7
2,500645,37,rpm,0,-46,0.0,36.8,0,0,0,3047,2.956,0,COM7
2,500666,37,rpm,0,-46,0.0,36.8,0,0,0,3047,2.956,0,COM7
2,500686,37,rpm,0,-46,0.0,36.8,0,0,0,3047,2.956,0,COM7
2,500707,37,rpm,0,-47,0.0,36.8,0,0,0,3047,2.956,0,COM7
2,500727,37,rpm,0,-47,0.0,36.8,0,0,0,3047,2.956,0,COM7
2,500748,37,rpm,0,-47,0.0,36.8,0,0,0,3047,2.956,0,COM7
2,500768,37,rpm,0,-47,0.0,36.8,0,0,0,3047,2.956,0,COM7
2,500788,37,rpm,0,-48,0.0,36.8,0,0,0,3047,2.956,0,COM7
2,500809,37,rpm,0,-48,0.0,36.8,0,0,0,3047,2.956,0,COM7
2,500829,37,rpm,0,-48,0.0,36.8,0,0,0,3047,2.956,0,COM7
2,500850,37,rpm,0,-48,0.0,36.8,0,0,0,3047,2.956,0,COM7
2,500870,37,rpm,0,-48,0.0,36.8,0,0,0,3047,2.956,0,COM7
2,500891,37,rpm,0,-48,0.0,36.8,0,0,0,3047,2.956,0,COM7
2,500911,37,rpm,0,-49,0.0,36.8,0,0,0,3047,2.956,0,COM7
2,500932,37,rpm,0,-49,0.0,36.8,0,0,0,3047,2.956,0,COM7
2,500952,37,rpm,0,-49,0.0,36.8,0,0,0,3047,2.956,0,COM7
2,500973,37,rpm,0,-49,0.0,36.8,0,0,0,3047,2.956,0,COM7
2,500993,37,rpm,0,-49,0.0,36.8,0,0,0,3047,2.956,0,COM7
2,501014,37,rpm,0,-49,0.0,36.8,0,0,0,3047,2.956,0,COM7
2,501034,37,rpm,0,-49,0.0,36.8,0,0,0,3047,2.956,0,COM7
2,501055,37,rpm,0,-49,0.0,36.8,0,0,0,3047,2.956,0,COM7
2,501075,37,rpm,0,-49,0.0,36.8,0,0,0,3047,2.956,0,COM7
2,501096,37,rpm,0,-49,0.0,36.8,0,0,0,3047,2.956,0,COM7
2,501116,37,rpm,0,-49,0.0,36.8,0,0,0,3047,2.956,0,COM7
2,501137,37,rpm,0,-49,0.0,36.8,0,0,0,3047,2.956,0,COM7
2,501157,37,rpm,0,-49,0.0,36.8,0,0,0,3047,2.956,0,COM7
2,501178,37,rpm,0,-49,0.0,36.8,0,0,0,3047,2.956,0,COM7
2,501198,37,rpm,0,-49,0.0,36.8,0,0,0,3047,2.955,0,COM7
2,501219,37,rpm,0,-49,0.0,36.8,0,0,0,3047,2.955,0,COM7
2,501239,37,rpm,0,-49,0.0,36.8,0,0,0,3047,2.955,0,COM7
2,501260,37,rpm,0,-49,0.0,36.8,0,0,0,3047,2.955,0,COM7
2,501280,37,rpm,0,-48,0.0,36.8,0,0,0,3047,2.955,0,COM7
2,501301,37,rpm,0,-48,0.0,36.8,0,0,0,3047,2.955,0,COM7
2,501321,37,rpm,0,-48,0.0,36.8,0,0,0,3047,2.955,0,COM7
2,501342,37,rpm,0,-48,0.0,36.8,0,0,0,3047,2.955,0,COM7
2,501362,37,rpm,0,-48,0.0,36.8,0,0,0,3047,2.955,0,COM7
2,501383,37,rpm,0,-48,0.0,36.8,0,0,0,3047,2.955,0,COM7
2,501403,37,rpm,0,-48,0.0,36.8,0,0,0,3047,2.955,0,COM7
2,501424,37,rpm,0,-47,0.0,36.8,0,0,0,3047,2.955,0,COM7
2,501444,37,rpm,0,-47,0.0,36.8,0,0,0,3047,2.955,0,COM7
2,501465,37,rpm,0,-47,0.0,36.8,0,0,0,3047,2.955,0,COM7
2,501485,37,rpm,0,-47,0.0,36.8,0,0,0,3047,2.955,0,COM7
2,501506,37,rpm,0,-47,0.0,36.8,0,0,0,3047,2.955,0,COM7
2,501526,37,rpm,0,-46,0.0,36.8,0,0,0,3047,2.955,0,COM7
2,501547,37,rpm,0,-46,0.0,36.8,0,0,0,3047,2.955,0,COM7
2,501567,37,rpm,0,-46,0.0,36.8,0,0,0,3047,2.955,0,COM7
2,501588,37,rpm,0,-46,0.0,36.8,0,0,0,3047,2.955,0,COM7
2,501608,37,rpm,0,-45,0.0,36.8,0,0,0,3047,2.955,0,COM7
2,501629,37,rpm,0,-45,0.0,36.8,0,0,0,3047,2.955,0,COM7
2,501649,37,rpm,0,-45,0.0,36.8,0,0,0,3047,2.955,0,COM7
2,501670,37,rpm,0,-44,0.0,36.8,0,0,0,3047,2.955,0,COM7
2,501690,37,rpm,0,-44,0.0,36.8,0,0,0,3047,2.955,0,COM7
2,501711,37,rpm,0,-44,0.0,36.8,0,0,0,3047,2.955,0,COM7
2,501731,37,rpm,0,-43,0.0,36.8,0,0,0,3046,2.955,0,COM7
2,501752,37,rpm,0,-43,0.0,36.8,0,0,0,3046,2.955,0,COM7
2,501772,37,rpm,0,-43,0.0,36.8,0,0,0,3046,2.955,0,COM7
2,501793,37,rpm,0,-42,0.0,36.8,0,0,0,3046,2.955,0,COM7
2,501813,37,rpm,0,-42,0.0,36.8,0,0,0,3046,2.955,0,COM7
2,501834,37,rpm,0,-42,0.0,36.8,0,0,0,3046,2.955,0,COM7
2,501854,37,rpm,0,-41,0.0,36.8,0,0,0,3046,2.955,0,COM7
2,501875,37,rpm,0,-41,0.0,36.8,0,0,0,3046,2.955,0,COM7
2,501895,37,rpm,0,-41,0.0,36.8,0,0,0,3046,2.955,0,COM7
2,501916,37,rpm,0,-40,0.0,36.8,0,0,0,3046,2.955,0,COM7
2,501936,37,rpm,0,-40,0.0,36.8,0,0,0,3046,2.955,0,COM7
2,501957,37,rpm,0,-40,0.0,36.8,0,0,0,3046,2.955,0,COM7
2,501977,37,rpm,0,-39,0.0,36.8,0,0,0,3046,2.955,0,COM7
2,501998,37,rpm,0,-39,0.0,36.8,0,0,0,3046,2.955,0,COM7
2,502018,37,rpm,0,-38,0.0,36.8,0,0,0,3046,2.955,0,COM7
2,502039,37,rpm,0,-38,0.0,36.8,0,0,0,3046,2.955,0,COM7
2,502059,37,rpm,0,-37,0.0,36.8,0,0,0,3046,2.955,0,COM7
2,502080,37,rpm,0,-37,0.0,36.8,0,0,0,3046,2.955,0,COM7
2,502100,37,rpm,0,-37,0.0,36.8,0,0,0,3046,2.955,0,COM7
2,502121,37,rpm,0,-36,0.0,36.8,0,0,0,3046,2.955,0,COM7
2,502141,37,rpm,0,-36,0.0,36.8,0,0,0,3046,2.955,0,COM7
2,502162,37,rpm,0,-35,0.0,36.8,0,0,0,3046,2.955,0,COM7
2,502182,37,rpm,0,-35,0.0,36.8,0,0,0,3046,2.955,0,COM7
2,502203,37,rpm,0,-34,0.0,36.8,0,0,0,3046,2.955,0,COM7
2,502223,37,rpm,0,-34,0.0,36.8,0,0,0,3046,2.955,0,COM7
2,502244,37,rpm,0,-34,0.0,36.8,0,0,0,3046,2.955,0,COM7
2,502264,37,rpm,0,-33,0.0,36.8,0,0,0,3046,2.955,0,COM7
2,502285,37,rpm,0,-33,0.0,36.8,0,0,0,3046,2.955,0,COM7
2,502305,37,rpm,0,-32,0.0,36.8,0,0,0,3046,2.955,0,COM7
2,502326,37,rpm,0,-32,0.0,36.8,0,0,0,3046,2.955,0,COM7
2,502346,37,rpm,0,-31,0.0,36.8,0,0,0,3046,2.955,0,COM7
2,502367,37,rpm,0,-31,0.0,36.8,0,0,0,3046,2.955,0,COM7
2,502387,37,rpm,0,-30,0.0,36.8,0,0,0,3046,2.955,0,COM7
2,502408,37,rpm,0,-30,0.0,36.8,0,0,0,3046,2.955,0,COM7
2,502428,37,rpm,0,-29,0.0,36.8,0,0,0,3046,2.955,0,COM7
2,502449,37,rpm,0,-29,0.0,36.8,0,0,0,3046,2.955,0,COM7
2,502469,37,rpm,0,-28,0.0,36.8,0,0,0,3046,2.955,0,COM7
2,502490,37,rpm,0,-28,0.0,36.8,0,0,0,3046,2.955,0,COM7
2,502510,37,rpm,0,-27,0.0,36.8,0,0,0,3046,2.955,0,COM7
2,502531,37,rpm,0,-27,0.0,36.8,0,0,0,3046,2.955,0,COM7
2,502551,37,rpm,0,-27,0.0,36.8,0,0,0,3046,2.955,0,COM7
2,502572,37,rpm,0,-26,0.0,36.8,0,0,0,3046,2.955,0,COM7
2,502592,37,rpm,0,-26,0.0,36.8,0,0,0,3046,2.955,0,COM7
2,502613,37,rpm,0,-25,0.0,36.8,0,0,0,3046,2.955,0,COM7
2,502633,37,rpm,0,-25,0.0,36.8,0,0,0,3046,2.955,0,COM7
2,502654,37,rpm,0,-24,0.0,36.8,0,0,0,3046,2.955,0,COM7
2,502674,37,rpm,0,-24,0.0,36.8,0,0,0,3046,2.955,0,COM7
2,502695,37,rpm,0,-23,0.0,36.8,0,0,0,3046,2.955,0,COM7
2,502715,37,rpm,0,-23,0.0,36.8,0,0,0,3046,2.955,0,COM7
2,502736,37,rpm,0,-22,0.0,36.8,0,0,0,3046,2.955,0,COM7
2,502756,37,rpm,0,-22,0.0,36.8,0,0,0,3046,2.955,0,COM7
2,502777,37,rpm,0,-21,0.0,36.8,0,0,0,3046,2.955,0,COM7
2,502797,37,rpm,0,-21,0.0,36.8,0,0,0,3046,2.955,0,COM7
2,502818,37,rpm,0,-20,0.0,36.8,0,0,0,3046,2.955,0,COM7
2,502838,37,rpm,0,-20,0.0,36.8,0,0,0,3046,2.955,0,COM7
2,502859,37,rpm,0,-19,0.0,36.8,0,0,0,3046,2.955,0,COM7
2,502879,37,rpm,0,-19,0.0,36.8,0,0,0,3046,2.955,0,COM7
2,502900,37,rpm,0,-18,0.0,36.8,0,0,0,3046,2.954,0,COM7
2,502920,37,rpm,0,-18,0.0,36.8,0,0,0,3046,2.954,0,COM7
2,502941,37,rpm,0,-17,0.0,36.8,0,0,0,3046,2.954,0,COM7
2,502961,37,rpm,0,-17,0.0,36.8,0,0,0,3046,2.954,0,COM7
2,502982,37,rpm,0,-16,0.0,36.8,0,0,0,3046,2.954,0,COM7
2,503002,37,rpm,0,-16,0.0,36.8,0,0,0,3046,2.954,0,COM7
2,503023,37,rpm,0,-15,0.0,36.8,0,0,0,3046,2.954,0,COM7
2,503043,37,rpm,0,-15,0.0,36.8,0,0,0,3046,2.954,0,COM7
2,503064,37,rpm,0,-15,0.0,36.8,0,0,0,3046,2.954,0,COM7
2,503084,37,rpm,0,-14,0.0,36.8,0,0,0,3046,2.954,0,COM7
2,503105,37,rpm,0,-14,0.0,36.8,0,0,0,3046,2.954,0,COM7
2,503125,37,rpm,0,-13,0.0,36.8,0,0,0,3046,2.954,0,COM7
2,503146,37,rpm,0,-13,0.0,36.8,0,0,0,3046,2.954,0,COM7
2,503166,37,rpm,0,-12,0.0,36.8,0,0,0,3046,2.954,0,COM7
2,503187,37,rpm,0,-12,0.0,36.8,0,0,0,3046,2.954,0,COM7
2,503208,37,rpm,0,-11,0.0,36.8,0,0,0,3046,2.954,0,COM7
2,503228,37,rpm,0,-11,0.0,36.8,0,0,0,3046,2.954,0,COM7
2,503249,37,rpm,0,-10,0.0,36.8,0,0,0,3046,2.954,0,COM7
2,503269,37,rpm,0,-10,0.0,36.8,0,0,0,3046,2.954,0,COM7
2,503290,37,rpm,0,-10,0.0,36.8,0,0,0,3046,2.954,0,COM7
2,503310,37,rpm,0,-9,0.0,36.8,0,0,0,3046,2.954,0,COM7
2,503331,37,rpm,0,-9,0.0,36.8,0,0,0,3046,2.954,0,COM7
2,503351,37,rpm,0,-8,0.0,36.8,0,0,0,3046,2.954,0,COM7
2,503372,37,rpm,0,-8,0.0,36.8,0,0,0,3046,2.954,0,COM7
2,503392,37,rpm,0,-7,0.0,36.8,0,0,0,3046,2.954,0,COM7
2,503412,37,rpm,0,-7,0.0,36.8,0,0,0,3046,2.954,0,COM7
2,503433,37,rpm,0,-7,0.0,36.8,0,0,0,3046,2.954,0,COM7
2,503453,37,rpm,0,-6,0.0,36.8,0,0,0,3046,2.954,0,COM7
2,503474,37,rpm,0,-6,0.0,36.8,0,0,0,3046,2.954,0,COM7
2,503494,37,rpm,0,-5,0.0,36.8,0,0,0,3046,2.954,0,COM7
2,503515,37,rpm,0,-5,0.0,36.8,0,0,0,3046,2.954,0,COM7
2,503536,37,rpm,0,-5,0.0,36.8,0,0,0,3046,2.954,0,COM7
2,503556,37,rpm,0,-4,0.0,36.8,0,0,0,3046,2.954,0,COM7
2,503576,37,rpm,0,-4,0.0,36.8,0,0,0,3046,2.954,0,COM7
2,503597,37,rpm,0,-3,0.0,36.8,0,0,0,3046,2.954,0,COM7
2,503617,37,rpm,0,-3,0.0,36.8,0,0,0,3046,2.954,0,COM7
2,503638,37,rpm,0,-3,0.0,36.8,0,0,0,3046,2.954,0,COM7
2,503658,37,rpm,0,-2,0.0,36.8,0,0,0,3046,2.954,0,COM7
2,503679,37,rpm,0,-2,0.0,36.8,0,0,0,3046,2.954,0,COM7
2,503699,37,rpm,0,-1,0.0,36.8,0,0,0,3046,2.954,0,COM7
2,503720,37,rpm,0,-1,0.0,36.8,0,0,0,3046,2.954,0,COM7
2,503740,37,rpm,0,-1,0.0,36.8,0,0,0,3046,2.954,0,COM7
2,503761,37,rpm,0,0,0.0,36.8,0,0,0,3046,2.954,0,COM7
2,503781,37,rpm,0,0,0.0,36.8,0,0,0,3046,2.954,0,COM7
2,503802,37,rpm,0,0,0.0,36.8,0,0,0,3046,2.954,0,COM7
2,503822,37,rpm,0,1,0.0,36.8,0,0,0,3046,2.954,0,COM7
2,503843,37,rpm,0,1,0.0,36.8,0,0,0,3046,2.954,0,COM7
2,503863,37,rpm,0,1,0.0,36.8,0,0,0,3046,2.954,0,COM7
2,503884,37,rpm,0,2,0.0,36.8,0,0,0,3046,2.954,0,COM7
2,503904,37,rpm,0,2,0.0,36.8,0,0,0,3046,2.954,0,COM7
2,503924,37,rpm,0,2,0.0,36.8,0,0,0,3046,2.954,0,COM7
2,503945,37,rpm,0,3,0.0,36.8,0,0,0,3046,2.954,0,COM7
2,503965,37,rpm,0,3,0.0,36.8,0,0,0,3046,2.954,0,COM7
2,503986,37,rpm,0,3,0.0,36.8,0,0,0,3046,2.954,0,COM7
2,504006,37,rpm,0,4,0.0,36.8,0,0,0,3046,2.954,0,COM7
2,504026,37,rpm,0,4,0.0,36.8,0,0,0,3046,2.954,0,COM7
2,504047,37,rpm,0,4,0.0,36.8,0,0,0,3046,2.954,0,COM7
2,504067,37,rpm,0,4,0.0,36.8,0,0,0,3046,2.954,0,COM7
2,504088,37,rpm,0,5,0.0,36.8,0,0,0,3046,2.954,0,COM7
2,504108,37,rpm,0,5,0.0,36.8,0,0,0,3046,2.954,0,COM7
2,504129,37,rpm,0,5,0.0,36.8,0,0,0,3046,2.954,0,COM7
2,504149,37,rpm,0,6,0.0,36.8,0,0,0,3046,2.954,0,COM7
2,504170,37,rpm,0,6,0.0,36.8,0,0,0,3046,2.954,0,COM7
2,504190,37,rpm,0,6,0.0,36.8,0,0,0,3046,2.954,0,COM7
2,504210,37,rpm,0,6,0.0,36.8,0,0,0,3046,2.954,0,COM7
2,504231,37,rpm,0,7,0.0,36.8,0,0,0,3046,2.954,0,COM7
2,504251,37,rpm,0,7,0.0,36.8,0,0,0,3046,2.954,0,COM7
2,504272,37,rpm,0,7,0.0,36.8,0,0,0,3046,2.954,0,COM7
2,504292,37,rpm,0,7,0.0,36.8,0,0,0,3046,2.954,0,COM7
2,504313,37,rpm,0,8,0.0,36.8,0,0,0,3046,2.954,0,COM7
2,504333,37,rpm,0,8,0.0,36.8,0,0,0,3046,2.954,0,COM7
2,504354,37,rpm,0,8,0.0,36.8,0,0,0,3046,2.954,0,COM7
2,504374,37,rpm,0,8,0.0,36.8,0,0,0,3046,2.954,0,COM7
2,504395,37,rpm,0,9,0.0,36.8,0,0,0,3046,2.954,0,COM7
2,504415,37,rpm,0,9,0.0,36.8,0,0,0,3046,2.954,0,COM7
2,504435,37,rpm,0,9,0.0,36.8,0,0,0,3046,2.954,0,COM7
2,504456,37,rpm,0,9,0.0,36.8,0,0,0,3046,2.954,0,COM7
2,504476,37,rpm,0,9,0.0,36.8,0,0,0,3046,2.954,0,COM7
2,504497,37,rpm,0,10,0.0,36.8,0,0,0,3046,2.954,0,COM7
2,504517,37,rpm,0,10,0.0,36.8,0,0,0,3046,2.954,0,COM7
2,504538,37,rpm,0,10,0.0,36.8,0,0,0,3046,2.954,0,COM7
2,504558,37,rpm,0,10,0.0,36.8,0,0,0,3046,2.954,0,COM7
2,504578,37,rpm,0,10,0.0,36.8,0,0,0,3046,2.954,0,COM7
2,504599,37,rpm,0,10,0.0,36.8,0,0,0,3046,2.954,0,COM7
2,504619,37,rpm,0,11,0.0,36.8,0,0,0,3046,2.954,0,COM7
2,504640,37,rpm,0,11,0.0,36.8,0,0,0,3046,2.954,0,COM7
2,504660,37,rpm,0,11,0.0,36.8,0,0,0,3046,2.954,0,COM7
2,504681,37,rpm,0,11,0.0,36.8,0,0,0,3046,2.954,0,COM7
2,504701,37,rpm,0,11,0.0,36.8,0,0,0,3046,2.954,0,COM7
2,504722,37,rpm,0,11,0.0,36.8,0,0,0,3046,2.954,0,COM7
2,504742,37,rpm,0,11,0.0,36.8,0,0,0,3046,2.954,0,COM7
2,504763,37,rpm,0,12,0.0,36.8,0,0,0,3046,2.954,0,COM7
2,504783,37,rpm,0,12,0.0,36.8,0,0,0,3046,2.954,0,COM7
2,504804,37,rpm,0,12,0.0,36.8,0,0,0,3046,2.954,0,COM7
2,504824,37,rpm,0,12,0.0,36.8,0,0,0,3046,2.954,0,COM7
2,504844,37,rpm,0,12,0.0,36.8,0,0,0,3046,2.955,0,COM7
2,504865,37,rpm,0,12,0.0,36.8,0,0,0,3046,2.955,0,COM7
2,504885,37,rpm,0,12,0.0,36.8,0,0,0,3046,2.955,0,COM7
2,504906,37,rpm,0,12,0.0,36.8,0,0,0,3046,2.955,0,COM7
2,504926,37,rpm,0,13,0.0,36.8,0,0,0,3046,2.955,0,COM7
2,504947,37,rpm,0,13,0.0,36.8,0,0,0,3046,2.955,0,COM7
2,504967,37,rpm,0,13,0.0,36.8,0,0,0,3046,2.955,0,COM7
2,504988,37,rpm,0,13,0.0,36.8,0,0,0,3046,2.955,0,COM7
2,505008,37,rpm,0,13,0.0,36.8,0,0,0,3046,2.955,0,COM7
2,505029,37,rpm,0,13,0.0,36.8,0,0,0,3046,2.955,0,COM7
2,505049,37,rpm,0,13,0.0,36.8,0,0,0,3046,2.955,0,COM7
2,505070,37,rpm,0,13,0.0,36.8,0,0,0,3046,2.955,0,COM7
2,505090,37,rpm,0,13,0.0,36.8,0,0,0,3046,2.955,0,COM7
2,505111,37,rpm,0,13,0.0,36.8,0,0,0,3046,2.955,0,COM7
2,505131,37,rpm,0,13,0.0,36.8,0,0,0,3046,2.955,0,COM7
2,505152,37,rpm,0,13,0.0,36.8,0,0,0,3046,2.955,0,COM7
2,505172,37,rpm,0,13,0.0,36.8,0,0,0,3046,2.955,0,COM7
2,505192,37,rpm,0,13,0.0,36.8,0,0,0,3046,2.955,0,COM7
2,505213,37,rpm,0,13,0.0,36.8,0,0,0,3046,2.955,0,COM7
2,505233,37,rpm,0,14,0.0,36.8,0,0,0,3046,2.955,0,COM7
2,505254,37,rpm,0,14,0.0,36.8,0,0,0,3046,2.955,0,COM7
2,505274,37,rpm,0,14,0.0,36.8,0,0,0,3046,2.955,0,COM7
2,505295,37,rpm,0,14,0.0,36.8,0,0,0,3046,2.955,0,COM7
2,505315,37,rpm,0,14,0.0,36.8,0,0,0,3046,2.955,0,COM7
2,505336,37,rpm,0,14,0.0,36.8,0,0,0,3046,2.955,0,COM7
2,505356,37,rpm,0,14,0.0,36.8,0,0,0,3046,2.955,0,COM7
2,505377,37,rpm,0,14,0.0,36.8,0,0,0,3046,2.955,0,COM7
2,505397,37,rpm,0,14,0.0,36.8,0,0,0,3046,2.955,0,COM7
2,505418,37,rpm,0,14,0.0,36.8,0,0,0,3046,2.955,0,COM7
2,505438,37,rpm,0,14,0.0,36.8,0,0,0,3046,2.955,0,COM7
2,505459,37,rpm,0,14,0.0,36.8,0,0,0,3046,2.955,0,COM7
2,505479,37,rpm,0,14,0.0,36.8,0,0,0,3046,2.955,0,COM7
2,505500,37,rpm,0,14,0.0,36.8,0,0,0,3046,2.955,0,COM7
2,505520,37,rpm,0,14,0.0,36.8,0,0,0,3046,2.955,0,COM7
2,505540,37,rpm,0,14,0.0,36.8,0,0,0,3046,2.955,0,COM7
2,505561,37,rpm,0,14,0.0,36.8,0,0,0,3046,2.955,0,COM7
2,505581,37,rpm,0,14,0.0,36.8,0,0,0,3046,2.955,0,COM7
2,505602,37,rpm,0,14,0.0,36.8,0,0,0,3046,2.955,0,COM7
2,505622,37,rpm,0,14,0.0,36.8,0,0,0,3046,2.955,0,COM7
2,505643,37,rpm,0,14,0.0,36.8,0,0,0,3046,2.955,0,COM7
2,505663,37,rpm,0,13,0.0,36.8,0,0,0,3046,2.955,0,COM7
2,505684,37,rpm,0,13,0.0,36.8,0,0,0,3046,2.955,0,COM7
2,505704,37,rpm,0,13,0.0,36.8,0,0,0,3046,2.955,0,COM7
2,505725,37,rpm,0,13,0.0,36.8,0,0,0,3046,2.955,0,COM7
2,505745,37,rpm,0,13,0.0,36.8,0,0,0,3046,2.955,0,COM7
2,505766,37,rpm,0,13,0.0,36.8,0,0,0,3046,2.955,0,COM7
2,505786,37,rpm,0,13,0.0,36.8,0,0,0,3046,2.955,0,COM7
2,505807,37,rpm,0,13,0.0,36.8,0,0,0,3046,2.955,0,COM7
2,505827,37,rpm,0,13,0.0,36.8,0,0,0,3046,2.955,0,COM7
2,505847,37,rpm,0,13,0.0,36.8,0,0,0,3046,2.955,0,COM7
2,505868,37,rpm,0,13,0.0,36.8,0,0,0,3046,2.955,0,COM7
2,505888,37,rpm,0,13,0.0,36.8,0,0,0,3046,2.955,0,COM7
2,505909,37,rpm,0,13,0.0,36.8,0,0,0,3046,2.955,0,COM7
2,505929,37,rpm,0,13,0.0,36.8,0,0,0,3046,2.955,0,COM7
2,505950,37,rpm,0,13,0.0,36.8,0,0,0,3046,2.955,0,COM7
2,505970,37,rpm,0,13,0.0,36.8,0,0,0,3046,2.955,0,COM7
2,505991,37,rpm,0,13,0.0,36.8,0,0,0,3046,2.955,0,COM7
2,506011,37,rpm,0,13,0.0,36.8,0,0,0,3046,2.955,0,COM7
2,506031,37,rpm,0,12,0.0,36.8,0,0,0,3046,2.955,0,COM7
2,506052,37,rpm,0,12,0.0,36.8,0,0,0,3046,2.955,0,COM7
2,506072,37,rpm,0,12,0.0,36.8,0,0,0,3046,2.955,0,COM7
2,506093,37,rpm,0,12,0.0,36.8,0,0,0,3046,2.955,0,COM7
2,506113,37,rpm,0,12,0.0,36.8,0,0,0,3046,2.955,0,COM7
2,506134,37,rpm,0,12,0.0,36.8,0,0,0,3046,2.955,0,COM7
2,506154,37,rpm,0,12,0.0,36.8,0,0,0,3046,2.955,0,COM7
2,506175,37,rpm,0,12,0.0,36.8,0,0,0,3046,2.955,0,COM7
2,506195,37,rpm,0,12,0.0,36.8,0,0,0,3046,2.955,0,COM7
2,506216,37,rpm,0,12,0.0,36.8,0,0,0,3046,2.955,0,COM7
2,506236,37,rpm,0,12,0.0,36.8,0,0,0,3046,2.955,0,COM7
2,506257,37,rpm,0,11,0.0,36.8,0,0,0,3046,2.955,0,COM7
2,506277,37,rpm,0,11,0.0,36.8,0,0,0,3046,2.955,0,COM7
2,506297,37,rpm,0,11,0.0,36.8,0,0,0,3046,2.955,0,COM7
2,506318,37,rpm,0,11,0.0,36.8,0,0,0,3046,2.955,0,COM7
2,506338,37,rpm,0,11,0.0,36.8,0,0,0,3046,2.955,0,COM7
2,506359,37,rpm,0,11,0.0,36.8,0,0,0,3046,2.955,0,COM7
2,506379,37,rpm,0,11,0.0,36.8,0,0,0,3046,2.955,0,COM7
2,506400,37,rpm,0,11,0.0,36.8,0,0,0,3046,2.955,0,COM7
2,506420,37,rpm,0,11,0.0,36.8,0,0,0,3046,2.955,0,COM7
2,506441,37,rpm,0,10,0.0,36.8,0,0,0,3046,2.955,0,COM7
2,506461,37,rpm,0,10,0.0,36.8,0,0,0,3046,2.955,0,COM7
2,506482,37,rpm,0,10,0.0,36.8,0,0,0,3046,2.955,0,COM7
2,506502,37,rpm,0,10,0.0,36.8,0,0,0,3046,2.955,0,COM7
2,506523,37,rpm,0,10,0.0,36.8,0,0,0,3046,2.955,0,COM7
2,506543,37,rpm,0,10,0.0,36.8,0,0,0,3046,2.955,0,COM7
2,506563,37,rpm,0,10,0.0,36.8,0,0,0,3046,2.955,0,COM7
2,506584,37,rpm,0,10,0.0,36.8,0,0,0,3046,2.955,0,COM7
2,506604,37,rpm,0,10,0.0,36.8,0,0,0,3046,2.955,0,COM7
2,506625,37,rpm,0,9,0.0,36.8,0,0,0,3046,2.955,0,COM7
2,506645,37,rpm,0,9,0.0,36.8,0,0,0,3046,2.955,0,COM7
2,506666,37,rpm,0,9,0.0,36.8,0,0,0,3046,2.955,0,COM7
2,506686,37,rpm,0,9,0.0,36.8,0,0,0,3046,2.955,0,COM7
2,506706,37,rpm,0,9,0.0,36.8,0,0,0,3046,2.955,0,COM7
2,506727,37,rpm,0,9,0.0,36.8,0,0,0,3046,2.955,0,COM7
2,506747,37,rpm,0,9,0.0,36.8,0,0,0,3046,2.955,0,COM7
2,506768,37,rpm,0,9,0.0,36.8,0,0,0,3046,2.955,0,COM7
2,506788,37,rpm,0,8,0.0,36.8,0,0,0,3046,2.955,0,COM7
2,506809,37,rpm,0,8,0.0,36.8,0,0,0,3046,2.955,0,COM7
2,506829,37,rpm,0,8,0.0,36.8,0,0,0,3046,2.955,0,COM7
2,506849,37,rpm,0,8,0.0,36.8,0,0,0,3046,2.955,0,COM7
2,506870,37,rpm,0,8,0.0,36.8,0,0,0,3046,2.955,0,COM7
2,506890,37,rpm,0,8,0.0,36.8,0,0,0,3046,2.955,0,COM7
2,506911,37,rpm,0,8,0.0,36.8,0,0,0,3046,2.955,0,COM7
2,506931,37,rpm,0,7,0.0,36.8,0,0,0,3046,2.955,0,COM7
2,506952,37,rpm,0,7,0.0,36.8,0,0,0,3046,2.955,0,COM7
2,506972,37,rpm,0,7,0.0,36.8,0,0,0,3046,2.955,0,COM7
2,506992,37,rpm,0,7,0.0,36.8,0,0,0,3046,2.955,0,COM7
2,507013,37,rpm,0,7,0.0,36.8,0,0,0,3046,2.955,0,COM7
2,507033,37,rpm,0,7,0.0,36.8,0,0,0,3046,2.955,0,COM7
2,507054,37,rpm,0,7,0.0,36.8,0,0,0,3046,2.955,0,COM7
2,507074,37,rpm,0,7,0.0,36.8,0,0,0,3046,2.955,0,COM7
2,507095,37,rpm,0,6,0.0,36.8,0,0,0,3046,2.955,0,COM7
2,507115,37,rpm,0,6,0.0,36.8,0,0,0,3046,2.955,0,COM7
2,507135,37,rpm,0,6,0.0,36.8,0,0,0,3046,2.955,0,COM7
2,507156,37,rpm,0,6,0.0,36.8,0,0,0,3046,2.955,0,COM7
2,507176,37,rpm,0,6,0.0,36.8,0,0,0,3046,2.955,0,COM7
2,507197,37,rpm,0,6,0.0,36.8,0,0,0,3046,2.955,0,COM7
2,507217,37,rpm,0,6,0.0,36.8,0,0,0,3046,2.955,0,COM7
2,507238,37,rpm,0,6,0.0,36.8,0,0,0,3046,2.955,0,COM7
2,507258,37,rpm,0,5,0.0,36.8,0,0,0,3046,2.955,0,COM7
2,507278,37,rpm,0,5,0.0,36.8,0,0,0,3046,2.955,0,COM7
2,507299,37,rpm,0,5,0.0,36.8,0,0,0,3046,2.955,0,COM7
2,507319,37,rpm,0,5,0.0,36.8,0,0,0,3046,2.955,0,COM7
2,507340,37,rpm,0,5,0.0,36.8,0,0,0,3046,2.955,0,COM7
2,507360,37,rpm,0,5,0.0,36.8,0,0,0,3046,2.955,0,COM7
2,507381,37,rpm,0,5,0.0,36.8,0,0,0,3046,2.955,0,COM7
2,507401,37,rpm,0,4,0.0,36.8,0,0,0,3046,2.955,0,COM7
2,507422,37,rpm,0,4,0.0,36.8,0,0,0,3046,2.955,0,COM7
2,507442,37,rpm,0,4,0.0,36.8,0,0,0,3046,2.955,0,COM7
2,507462,37,rpm,0,4,0.0,36.8,0,0,0,3046,2.955,0,COM7
2,507483,37,rpm,0,4,0.0,36.8,0,0,0,3046,2.955,0,COM7
2,507503,37,rpm,0,4,0.0,36.8,0,0,0,3046,2.955,0,COM7
2,507524,37,rpm,0,4,0.0,36.8,0,0,0,3046,2.955,0,COM7
2,507544,37,rpm,0,4,0.0,36.8,0,0,0,3046,2.955,0,COM7
2,507565,37,rpm,0,3,0.0,36.8,0,0,0,3046,2.955,0,COM7
2,507585,37,rpm,0,3,0.0,36.8,0,0,0,3046,2.955,0,COM7
2,507605,37,rpm,0,3,0.0,36.8,0,0,0,3046,2.955,0,COM7
2,507626,37,rpm,0,3,0.0,36.8,0,0,0,3046,2.955,0,COM7
2,507646,37,rpm,0,3,0.0,36.8,0,0,0,3046,2.955,0,COM7
2,507667,37,rpm,0,3,0.0,36.8,0,0,0,3046,2.955,0,COM7
2,507687,37,rpm,0,3,0.0,36.8,0,0,0,3046,2.955,0,COM7
2,507708,37,rpm,0,3,0.0,36.8,0,0,0,3046,2.955,0,COM7
2,507728,37,rpm,0,3,0.0,36.8,0,0,0,3046,2.955,0,COM7
2,507749,37,rpm,0,2,0.0,36.8,0,0,0,3046,2.955,0,COM7
2,507769,37,rpm,0,2,0.0,36.8,0,0,0,3046,2.955,0,COM7
2,507789,37,rpm,0,2,0.0,36.8,0,0,0,3046,2.955,0,COM7
2,507810,37,rpm,0,2,0.0,36.8,0,0,0,3046,2.955,0,COM7
2,507830,37,rpm,0,2,0.0,36.8,0,0,0,3046,2.955,0,COM7
2,507851,37,rpm,0,2,0.0,36.8,0,0,0,3046,2.955,0,COM7
2,507871,37,rpm,0,2,0.0,36.8,0,0,0,3046,2.955,0,COM7
2,507892,37,rpm,0,2,0.0,36.8,0,0,0,3046,2.955,0,COM7
2,507912,37,rpm,0,1,0.0,36.8,0,0,0,3046,2.955,0,COM7
2,507932,37,rpm,1,1,0.0,36.8,0,0,0,3046,2.955,0,COM7
2,507953,37,rpm,0,1,0.0,36.8,0,0,0,3046,2.955,0,COM7
2,507973,37,rpm,0,1,0.0,36.8,0,0,0,3046,2.955,0,COM7
2,507994,37,rpm,0,1,0.0,36.8,0,0,0,3046,2.955,0,COM7
2,508014,37,rpm,0,1,0.0,36.8,0,0,0,3046,2.955,0,COM7
2,508035,37,rpm,0,1,0.0,36.8,0,0,0,3046,2.955,0,COM7
2,508055,37,rpm,0,1,0.0,36.8,0,0,0,3046,2.955,0,COM7
2,508075,37,rpm,1,1,0.0,36.8,0,0,0,3046,2.955,0,COM7
2,508096,37,rpm,0,1,0.0,36.8,0,0,0,3046,2.955,0,COM7
2,508116,37,rpm,0,0,0.0,36.8,0,0,0,3046,2.955,0,COM7
2,508137,37,rpm,0,0,0.0,36.8,0,0,0,3046,2.955,0,COM7
2,508157,37,rpm,0,0,0.0,36.8,0,0,0,3046,2.955,0,COM7
2,508178,37,rpm,0,0,0.0,36.8,0,0,0,3046,2.955,0,COM7
2,508198,37,rpm,0,0,0.0,36.8,0,0,0,3046,2.955,0,COM7
2,508218,37,rpm,0,0,0.0,36.8,0,0,0,3046,2.955,0,COM7
2,508239,37,rpm,0,0,0.0,36.8,0,0,0,3046,2.955,0,COM7
2,508259,37,rpm,0,0,0.0,36.8,0,0,0,3046,2.955,0,COM7
2,508280,37,rpm,0,0,0.0,36.8,0,0,0,3046,2.955,0,COM7
2,508300,37,rpm,0,0,0.0,36.8,0,0,0,3046,2.955,0,COM7
2,508321,37,rpm,0,-1,0.0,36.8,0,0,0,3046,2.955,0,COM7
2,508341,37,rpm,0,-1,0.0,36.8,0,0,0,3046,2.955,0,COM7
2,508362,37,rpm,0,-1,0.0,36.8,0,0,0,3046,2.955,0,COM7
2,508382,37,rpm,0,-1,0.0,36.8,0,0,0,3046,2.955,0,COM7
2,508403,37,rpm,0,-1,0.0,36.8,0,0,0,3046,2.955,0,COM7
2,508423,37,rpm,0,-1,0.0,36.8,0,0,0,3046,2.955,0,COM7
2,508444,37,rpm,0,-1,0.0,36.8,0,0,0,3046,2.955,0,COM7
2,508464,37,rpm,0,-1,0.0,36.8,0,0,0,3046,2.955,0,COM7
2,508485,37,rpm,0,-1,0.0,36.8,0,0,0,3046,2.955,0,COM7
2,508505,37,rpm,0,-1,0.0,36.8,0,0,0,3046,2.955,0,COM7
2,508525,37,rpm,0,-1,0.0,36.8,0,0,0,3046,2.955,0,COM7
2,508546,37,rpm,0,-1,0.0,36.8,0,0,0,3046,2.955,0,COM7
2,508566,37,rpm,0,-1,0.0,36.8,0,0,0,3046,2.955,0,COM7
2,508587,37,rpm,0,-2,0.0,36.8,0,0,0,3046,2.955,0,COM7
2,508607,37,rpm,0,-2,0.0,36.8,0,0,0,3046,2.955,0,COM7
2,508628,37,rpm,0,-2,0.0,36.8,0,0,0,3046,2.955,0,COM7
2,508648,37,rpm,0,-2,0.0,36.8,0,0,0,3046,2.955,0,COM7
2,508669,37,rpm,0,-2,0.0,36.8,0,0,0,3046,2.955,0,COM7
2,508689,37,rpm,0,-2,0.0,36.8,0,0,0,3046,2.955,0,COM7
2,508710,37,rpm,0,-2,0.0,36.8,0,0,0,3046,2.955,0,COM7
2,508730,37,rpm,0,-2,0.0,36.8,0,0,0,3046,2.955,0,COM7
2,508751,37,rpm,0,-2,0.0,36.8,0,0,0,3046,2.955,0,COM7
2,508771,37,rpm,0,-2,0.0,36.8,0,0,0,3046,2.955,0,COM7
2,508791,37,rpm,0,-2,0.0,36.8,0,0,0,3046,2.955,0,COM7
2,508812,37,rpm,0,-2,0.0,36.8,0,0,0,3046,2.955,0,COM7
2,508832,37,rpm,0,-2,0.0,36.8,0,0,0,3046,2.955,0,COM7
2,508853,37,rpm,0,-2,0.0,36.8,0,0,0,3046,2.955,0,COM7
2,508873,37,rpm,0,-2,0.0,36.8,0,0,0,3046,2.955,0,COM7
2,508894,37,rpm,0,-2,0.0,36.8,0,0,0,3046,2.955,0,COM7
2,508914,37,rpm,0,-3,0.0,36.8,0,0,0,3046,2.955,0,COM7
2,508935,37,rpm,0,-3,0.0,36.8,0,0,0,3046,2.955,0,COM7
2,508955,37,rpm,0,-3,0.0,36.8,0,0,0,3046,2.955,0,COM7
2,508976,37,rpm,0,-3,0.0,36.8,0,0,0,3046,2.955,0,COM7
2,508996,37,rpm,0,-3,0.0,36.8,0,0,0,3046,2.955,0,COM7
2,509017,37,rpm,0,-3,0.0,36.8,0,0,0,3046,2.955,0,COM7
2,509037,37,rpm,0,-3,0.0,36.8,0,0,0,3046,2.955,0,COM7
2,509058,37,rpm,0,-3,0.0,36.8,0,0,0,3046,2.955,0,COM7
2,509078,37,rpm,0,-3,0.0,36.8,0,0,0,3046,2.955,0,COM7
2,509098,37,rpm,0,-3,0.0,36.8,0,0,0,3046,2.955,0,COM7
2,509119,37,rpm,0,-3,0.0,36.8,0,0,0,3046,2.955,0,COM7
2,509139,37,rpm,0,-3,0.0,36.8,0,0,0,3046,2.955,0,COM7
2,509160,37,rpm,0,-3,0.0,36.8,0,0,0,3046,2.955,0,COM7
2,509180,37,rpm,0,-3,0.0,36.8,0,0,0,3046,2.955,0,COM7
2,509201,37,rpm,0,-3,0.0,36.8,0,0,0,3046,2.955,0,COM7
2,509221,37,rpm,0,-3,0.0,36.8,0,0,0,3046,2.955,0,COM7
2,509242,37,rpm,0,-3,0.0,36.8,0,0,0,3046,2.955,0,COM7
2,509262,37,rpm,0,-3,0.0,36.8,0,0,0,3046,2.955,0,COM7
2,509283,37,rpm,0,-3,0.0,36.8,0,0,0,3046,2.955,0,COM7
2,509303,37,rpm,0,-3,0.0,36.8,0,0,0,3046,2.955,0,COM7
2,509324,37,rpm,0,-3,0.0,36.8,0,0,0,3046,2.955,0,COM7
2,509344,37,rpm,0,-3,0.0,36.8,0,0,0,3046,2.955,0,COM7
2,509364,37,rpm,0,-3,0.0,36.8,0,0,0,3046,2.955,0,COM7
2,509385,37,rpm,0,-3,0.0,36.8,0,0,0,3046,2.955,0,COM7
2,509405,37,rpm,0,-3,0.0,36.8,0,0,0,3046,2.955,0,COM7
2,509426,37,rpm,0,-3,0.0,36.8,0,0,0,3046,2.955,0,COM7
2,509446,37,rpm,0,-3,0.0,36.8,0,0,0,3046,2.955,0,COM7
2,509467,37,rpm,0,-3,0.0,36.8,0,0,0,3046,2.955,0,COM7
2,509487,37,rpm,0,-3,0.0,36.8,0,0,0,3046,2.955,0,COM7
2,509508,37,rpm,0,-4,0.0,36.8,0,0,0,3046,2.955,0,COM7
2,509528,37,rpm,0,-4,0.0,36.8,0,0,0,3046,2.955,0,COM7
2,509549,37,rpm,0,-4,0.0,36.8,0,0,0,3046,2.955,0,COM7
2,509569,37,rpm,0,-4,0.0,36.8,0,0,0,3046,2.955,0,COM7
2,509590,37,rpm,0,-4,0.0,36.8,0,0,0,3046,2.955,0,COM7
2,509610,37,rpm,0,-4,0.0,36.8,0,0,0,3046,2.955,0,COM7
2,509631,37,rpm,0,-4,0.0,36.8,0,0,0,3046,2.955,0,COM7
2,509651,37,rpm,0,-4,0.0,36.8,0,0,0,3046,2.955,0,COM7
2,509671,37,rpm,0,-4,0.0,36.8,0,0,0,3046,2.955,0,COM7
2,509692,37,rpm,0,-4,0.0,36.8,0,0,0,3046,2.955,0,COM7
2,509712,37,rpm,0,-4,0.0,36.8,0,0,0,3046,2.955,0,COM7
2,509733,37,rpm,0,-4,0.0,36.8,0,0,0,3046,2.955,0,COM7
2,509753,37,rpm,0,-4,0.0,36.8,0,0,0,3046,2.955,0,COM7
2,509774,37,rpm,0,-4,0.0,36.8,0,0,0,3046,2.955,0,COM7
2,509794,37,rpm,0,-4,0.0,36.8,0,0,0,3046,2.955,0,COM7
2,509815,37,rpm,0,-4,0.0,36.8,0,0,0,3046,2.955,0,COM7
2,509835,37,rpm,0,-4,0.0,36.8,0,0,0,3046,2.955,0,COM7
2,509856,37,rpm,0,-4,0.0,36.8,0,0,0,3046,2.955,0,COM7
2,509876,37,rpm,0,-4,0.0,36.8,0,0,0,3046,2.955,0,COM7
2,509897,37,rpm,0,-4,0.0,36.8,0,0,0,3046,2.955,0,COM7
2,509917,37,rpm,0,-4,0.0,36.8,0,0,0,3046,2.955,0,COM7
2,509937,37,rpm,0,-4,0.0,36.8,0,0,0,3046,2.955,0,COM7
2,509958,37,rpm,0,-4,0.0,36.8,0,0,0,3046,2.955,0,COM7
2,509978,37,rpm,0,-4,0.0,36.8,0,0,0,3046,2.955,0,COM7
2,509999,37,rpm,0,-4,0.0,36.8,0,0,0,3046,2.955,0,COM7
2,510019,37,rpm,0,-4,0.0,36.8,0,0,0,3046,2.955,0,COM7
2,510040,37,rpm,0,-4,0.0,36.8,0,0,0,3046,2.955,0,COM7
2,510060,37,rpm,0,-4,0.0,36.8,0,0,0,3046,2.955,0,COM7
2,510081,37,rpm,0,-4,0.0,36.8,0,0,0,3046,2.955,0,COM7
2,510101,37,rpm,0,-4,0.0,36.8,0,0,0,3046,2.955,0,COM7
2,510122,37,rpm,0,-4,0.0,36.8,0,0,0,3046,2.955,0,COM7
2,510142,37,rpm,0,-4,0.0,36.8,0,0,0,3046,2.955,0,COM7
2,510162,37,rpm,0,-4,0.0,36.8,0,0,0,3046,2.955,0,COM7
2,510183,37,rpm,0,-4,0.0,36.8,0,0,0,3046,2.955,0,COM7
2,510203,37,rpm,0,-4,0.0,36.8,0,0,0,3046,2.955,0,COM7
2,510224,37,rpm,0,-3,0.0,36.8,0,0,0,3046,2.955,0,COM7
2,510244,37,rpm,0,-3,0.0,36.8,0,0,0,3046,2.955,0,COM7
2,510265,37,rpm,0,-3,0.0,36.8,0,0,0,3046,2.955,0,COM7
2,510285,37,rpm,0,-3,0.0,36.8,0,0,0,3046,2.955,0,COM7
2,510306,37,rpm,0,-3,0.0,36.8,0,0,0,3046,2.955,0,COM7
2,510326,37,rpm,0,-3,0.0,36.8,0,0,0,3046,2.955,0,COM7
2,510347,37,rpm,0,-3,0.0,36.8,0,0,0,3046,2.955,0,COM7
2,510367,37,rpm,0,-3,0.0,36.8,0,0,0,3046,2.955,0,COM7
2,510388,37,rpm,0,-3,0.0,36.8,0,0,0,3046,2.955,0,COM7
2,510408,37,rpm,0,-3,0.0,36.8,0,0,0,3046,2.955,0,COM7
2,510429,37,rpm,0,-3,0.0,36.8,0,0,0,3046,2.955,0,COM7
2,510449,37,rpm,0,-3,0.0,36.8,0,0,0,3046,2.955,0,COM7
2,510470,37,rpm,0,-3,0.0,36.8,0,0,0,3046,2.955,0,COM7
2,510490,37,rpm,0,-3,0.0,36.8,0,0,0,3046,2.955,0,COM7
2,510510,37,rpm,0,-3,0.0,36.8,0,0,0,3046,2.955,0,COM7
2,510531,37,rpm,0,-3,0.0,36.8,0,0,0,3046,2.955,0,COM7
2,510551,37,rpm,0,-3,0.0,36.8,0,0,0,3046,2.955,0,COM7
2,510572,37,rpm,0,-3,0.0,36.8,0,0,0,3046,2.955,0,COM7
2,510592,37,rpm,0,-3,0.0,36.8,0,0,0,3046,2.955,0,COM7
2,510613,37,rpm,0,-3,0.0,36.8,0,0,0,3046,2.955,0,COM7
2,510633,37,rpm,0,-3,0.0,36.8,0,0,0,3046,2.955,0,COM7
2,510654,37,rpm,0,-3,0.0,36.8,0,0,0,3046,2.955,0,COM7
2,510674,37,rpm,0,-3,0.0,36.8,0,0,0,3046,2.955,0,COM7
2,510695,37,rpm,0,-3,0.0,36.8,0,0,0,3046,2.955,0,COM7
2,510715,37,rpm,0,-3,0.0,36.8,0,0,0,3046,2.955,0,COM7
2,510736,37,rpm,0,-3,0.0,36.8,0,0,0,3046,2.955,0,COM7
2,510756,37,rpm,0,-3,0.0,36.8,0,0,0,3046,2.955,0,COM7
2,510776,37,rpm,0,-3,0.0,36.8,0,0,0,3046,2.955,0,COM7
2,510797,37,rpm,0,-3,0.0,36.8,0,0,0,3046,2.955,0,COM7
2,510818,37,rpm,0,-3,0.0,36.8,0,0,0,3046,2.955,0,COM7
2,510838,37,rpm,0,-3,0.0,36.8,0,0,0,3046,2.955,0,COM7
2,510858,37,rpm,0,-3,0.0,36.8,0,0,0,3046,2.955,0,COM7
2,510879,37,rpm,0,-3,0.0,36.8,0,0,0,3046,2.955,0,COM7
2,510899,37,rpm,0,-3,0.0,36.8,0,0,0,3046,2.955,0,COM7
2,510920,37,rpm,0,-3,0.0,36.8,0,0,0,3046,2.955,0,COM7
2,510940,37,rpm,0,-3,0.0,36.8,0,0,0,3046,2.955,0,COM7
2,510961,37,rpm,0,-3,0.0,36.8,0,0,0,3046,2.955,0,COM7
2,510981,37,rpm,0,-3,0.0,36.8,0,0,0,3046,2.955,0,COM7
2,511002,37,rpm,0,-3,0.0,36.8,0,0,0,3046,2.955,0,COM7
2,511022,37,rpm,0,-2,0.0,36.8,0,0,0,3046,2.955,0,COM7
2,511043,37,rpm,0,-2,0.0,36.8,0,0,0,3046,2.955,0,COM7
2,511063,37,rpm,0,-2,0.0,36.8,0,0,0,3046,2.955,0,COM7
2,511084,37,rpm,0,-2,0.0,36.8,0,0,0,3046,2.955,0,COM7
2,511104,37,rpm,0,-2,0.0,36.8,0,0,0,3046,2.955,0,COM7
2,511125,37,rpm,0,-2,0.0,36.8,0,0,0,3046,2.955,0,COM7
2,511145,37,rpm,0,-2,0.0,36.8,0,0,0,3046,2.955,0,COM7
2,511166,37,rpm,0,-2,0.0,36.8,0,0,0,3046,2.955,0,COM7
2,511186,37,rpm,0,-2,0.0,36.8,0,0,0,3046,2.955,0,COM7
2,511207,37,rpm,0,-2,0.0,36.8,0,0,0,3046,2.955,0,COM7
2,511227,37,rpm,0,-2,0.0,36.8,0,0,0,3046,2.955,0,COM7
2,511247,37,rpm,0,-2,0.0,36.8,0,0,0,3046,2.955,0,COM7
2,511268,37,rpm,0,-2,0.0,36.8,0,0,0,3046,2.955,0,COM7
2,511288,37,rpm,0,-2,0.0,36.8,0,0,0,3046,2.955,0,COM7
2,511309,37,rpm,0,-2,0.0,36.8,0,0,0,3046,2.955,0,COM7
2,511329,37,rpm,0,-2,0.0,36.8,0,0,0,3046,2.955,0,COM7
2,511350,37,rpm,0,-2,0.0,36.8,0,0,0,3046,2.955,0,COM7
2,511370,37,rpm,0,-2,0.0,36.8,0,0,0,3046,2.955,0,COM7
2,511391,37,rpm,0,-2,0.0,36.8,0,0,0,3046,2.955,0,COM7
2,511411,37,rpm,0,-2,0.0,36.8,0,0,0,3046,2.955,0,COM7
2,511432,37,rpm,0,-2,0.0,36.8,0,0,0,3046,2.955,0,COM7
2,511452,37,rpm,0,-2,0.0,36.8,0,0,0,3046,2.955,0,COM7
2,511473,37,rpm,0,-2,0.0,36.8,0,0,0,3046,2.955,0,COM7
2,511493,37,rpm,0,-2,0.0,36.8,0,0,0,3046,2.955,0,COM7
2,511514,37,rpm,0,-2,0.0,36.8,0,0,0,3046,2.955,0,COM7
2,511534,37,rpm,0,-2,0.0,36.8,0,0,0,3046,2.955,0,COM7
2,511555,37,rpm,0,-2,0.0,36.8,0,0,0,3046,2.955,0,COM7
2,511575,37,rpm,0,-2,0.0,36.8,0,0,0,3046,2.955,0,COM7
2,511595,37,rpm,0,-1,0.0,36.8,0,0,0,3046,2.955,0,COM7
2,511616,37,rpm,0,-1,0.0,36.8,0,0,0,3046,2.955,0,COM7
2,511636,37,rpm,0,-1,0.0,36.8,0,0,0,3046,2.955,0,COM7
2,511657,37,rpm,0,-1,0.0,36.8,0,0,0,3046,2.955,0,COM7
2,511677,37,rpm,0,-1,0.0,36.8,0,0,0,3046,2.955,0,COM7
2,511698,37,rpm,0,-1,0.0,36.8,0,0,0,3046,2.955,0,COM7
2,511718,37,rpm,0,-1,0.0,36.8,0,0,0,3046,2.955,0,COM7
2,511739,37,rpm,0,-1,0.0,36.8,0,0,0,3046,2.955,0,COM7
2,511759,37,rpm,0,-1,0.0,36.8,0,0,0,3046,2.955,0,COM7
2,511780,37,rpm,0,-1,0.0,36.8,0,0,0,3046,2.955,0,COM7
2,511800,37,rpm,0,-1,0.0,36.8,0,0,0,3046,2.955,0,COM7
2,511821,37,rpm,0,-1,0.0,36.8,0,0,0,3046,2.955,0,COM7
2,511841,37,rpm,0,-1,0.0,36.8,0,0,0,3046,2.955,0,COM7
2,511862,37,rpm,0,-1,0.0,36.8,0,0,0,3046,2.955,0,COM7
2,511882,37,rpm,0,-1,0.0,36.8,0,0,0,3046,2.955,0,COM7
2,511903,37,rpm,0,-1,0.0,36.8,0,0,0,3046,2.955,0,COM7
2,511923,37,rpm,0,-1,0.0,36.8,0,0,0,3046,2.955,0,COM7
2,511944,37,rpm,0,-1,0.0,36.8,0,0,0,3046,2.955,0,COM7
2,511964,37,rpm,0,-1,0.0,36.8,0,0,0,3046,2.955,0,COM7
2,511985,37,rpm,0,-1,0.0,36.8,0,0,0,3046,2.955,0,COM7
2,512005,37,rpm,0,-1,0.0,36.8,0,0,0,3046,2.955,0,COM7
2,512026,37,rpm,0,-1,0.0,36.8,0,0,0,3046,2.955,0,COM7
2,512046,37,rpm,0,-1,0.0,36.8,0,0,0,3046,2.955,0,COM7
2,512067,37,rpm,0,-1,0.0,36.8,0,0,0,3046,2.955,0,COM7
2,512087,37,rpm,0,-1,0.0,36.8,0,0,0,3046,2.955,0,COM7
2,512107,37,rpm,0,-1,0.0,36.8,0,0,0,3046,2.955,0,COM7
2,512128,37,rpm,0,-1,0.0,36.8,0,0,0,3046,2.955,0,COM7
2,512148,37,rpm,0,-1,0.0,36.8,0,0,0,3046,2.955,0,COM7
2,512169,37,rpm,0,-1,0.0,36.8,0,0,0,3046,2.955,0,COM7
2,512189,37,rpm,0,0,0.0,36.8,0,0,0,3046,2.955,0,COM7
2,512210,37,rpm,0,0,0.0,36.8,0,0,0,3046,2.955,0,COM7
2,512230,37,rpm,0,0,0.0,36.8,0,0,0,3046,2.955,0,COM7
2,512251,37,rpm,0,0,0.0,36.8,0,0,0,3046,2.955,0,COM7
2,512271,37,rpm,0,0,0.0,36.8,0,0,0,3046,2.955,0,COM7
2,512292,37,rpm,0,0,0.0,36.8,0,0,0,3046,2.955,0,COM7
2,512312,37,rpm,0,0,0.0,36.8,0,0,0,3046,2.955,0,COM7
2,512333,37,rpm,0,0,0.0,36.8,0,0,0,3046,2.955,0,COM7
2,512353,37,rpm,0,0,0.0,36.8,0,0,0,3046,2.955,0,COM7
2,512374,37,rpm,0,0,0.0,36.8,0,0,0,3046,2.955,0,COM7
2,512394,37,rpm,0,0,0.0,36.8,0,0,0,3046,2.955,0,COM7
2,512415,37,rpm,0,0,0.0,36.8,0,0,0,3046,2.955,0,COM7
2,512435,37,rpm,0,0,0.0,36.8,0,0,0,3046,2.955,0,COM7
2,512456,37,rpm,0,0,0.0,36.8,0,0,0,3046,2.955,0,COM7
2,512476,37,rpm,0,0,0.0,36.8,0,0,0,3046,2.955,0,COM7
2,512497,37,rpm,0,0,0.0,36.8,0,0,0,3046,2.955,0,COM7
2,512517,37,rpm,0,0,0.0,36.8,0,0,0,3046,2.955,0,COM7
2,512537,37,rpm,0,0,0.0,36.8,0,0,0,3046,2.955,0,COM7
2,512558,37,rpm,0,0,0.0,36.8,0,0,0,3046,2.955,0,COM7
2,512578,37,rpm,0,0,0.0,36.8,0,0,0,3046,2.955,0,COM7
2,512599,37,rpm,0,0,0.0,36.8,0,0,0,3046,2.955,0,COM7
2,512619,37,rpm,0,0,0.0,36.8,0,0,0,3046,2.955,0,COM7
2,512640,37,rpm,0,0,0.0,36.8,0,0,0,3046,2.955,0,COM7
2,512660,37,rpm,0,0,0.0,36.8,0,0,0,3046,2.955,0,COM7
2,512681,37,rpm,0,0,0.0,36.8,0,0,0,3046,2.955,0,COM7
2,512701,37,rpm,0,0,0.0,36.8,0,0,0,3046,2.955,0,COM7
2,512721,37,rpm,0,0,0.0,36.8,0,0,0,3046,2.955,0,COM7
2,512742,37,rpm,0,0,0.0,36.8,0,0,0,3046,2.955,0,COM7
2,512762,37,rpm,0,0,0.0,36.8,0,0,0,3046,2.955,0,COM7
2,512783,37,rpm,0,0,0.0,36.8,0,0,0,3046,2.955,0,COM7
2,512803,37,rpm,0,0,0.0,36.8,0,0,0,3046,2.955,0,COM7
2,512824,37,rpm,0,0,0.0,36.8,0,0,0,3046,2.955,0,COM7
2,512844,37,rpm,0,0,0.0,36.8,0,0,0,3046,2.955,0,COM7
2,512865,37,rpm,0,0,0.0,36.8,0,0,0,3046,2.955,0,COM7
2,512885,37,rpm,0,0,0.0,36.8,0,0,0,3046,2.955,0,COM7
2,512905,37,rpm,0,0,0.0,36.8,0,0,0,3046,2.955,0,COM7
2,512926,37,rpm,0,0,0.0,36.8,0,0,0,3046,2.955,0,COM7
2,512946,37,rpm,0,1,0.0,36.8,0,0,0,3046,2.955,0,COM7
2,512967,37,rpm,0,1,0.0,36.8,0,0,0,3046,2.955,0,COM7
2,512987,37,rpm,0,1,0.0,36.8,0,0,0,3046,2.955,0,COM7
2,513008,37,rpm,0,1,0.0,36.8,0,0,0,3046,2.955,0,COM7
2,513028,37,rpm,0,1,0.0,36.8,0,0,0,3046,2.955,0,COM7
2,513048,37,rpm,0,1,0.0,36.8,0,0,0,3046,2.955,0,COM7
2,513069,37,rpm,0,1,0.0,36.8,0,0,0,3046,2.955,0,COM7
2,513089,37,rpm,0,1,0.0,36.8,0,0,0,3046,2.955,0,COM7
2,513110,37,rpm,0,1,0.0,36.8,0,0,0,3046,2.955,0,COM7
2,513130,37,rpm,0,1,0.0,36.8,0,0,0,3046,2.955,0,COM7
2,513151,37,rpm,0,1,0.0,36.8,0,0,0,3046,2.955,0,COM7
2,513171,37,rpm,0,1,0.0,36.8,0,0,0,3046,2.955,0,COM7
2,513192,37,rpm,0,1,0.0,36.8,0,0,0,3046,2.955,0,COM7
2,513212,37,rpm,0,1,0.0,36.8,0,0,0,3046,2.955,0,COM7
2,513232,37,rpm,0,1,0.0,36.8,0,0,0,3046,2.955,0,COM7
2,513253,37,rpm,0,1,0.0,36.8,0,0,0,3046,2.955,0,COM7
2,513273,37,rpm,0,1,0.0,36.8,0,0,0,3046,2.955,0,COM7
2,513294,37,rpm,0,1,0.0,36.8,0,0,0,3046,2.955,0,COM7
2,513314,37,rpm,0,1,0.0,36.8,0,0,0,3046,2.955,0,COM7
2,513335,37,rpm,0,1,0.0,36.8,0,0,0,3046,2.955,0,COM7
2,513355,37,rpm,0,1,0.0,36.8,0,0,0,3046,2.955,0,COM7
2,513375,37,rpm,0,1,0.0,36.8,0,0,0,3046,2.955,0,COM7
2,513396,37,rpm,0,1,0.0,36.8,0,0,0,3046,2.955,0,COM7
2,513416,37,rpm,0,1,0.0,36.8,0,0,0,3046,2.955,0,COM7
2,513437,37,rpm,0,1,0.0,36.8,0,0,0,3046,2.955,0,COM7
2,513457,37,rpm,0,1,0.0,36.8,0,0,0,3046,2.955,0,COM7
2,513478,37,rpm,0,1,0.0,36.8,0,0,0,3046,2.955,0,COM7
2,513498,37,rpm,0,1,0.0,36.8,0,0,0,3046,2.955,0,COM7
2,513518,37,rpm,0,1,0.0,36.8,0,0,0,3046,2.955,0,COM7
2,513539,37,rpm,0,1,0.0,36.8,0,0,0,3046,2.955,0,COM7
2,513559,37,rpm,0,1,0.0,36.8,0,0,0,3046,2.955,0,COM7
2,513580,37,rpm,0,1,0.0,36.8,0,0,0,3046,2.955,0,COM7
2,513600,37,rpm,0,1,0.0,36.8,0,0,0,3046,2.955,0,COM7
2,513621,37,rpm,0,1,0.0,36.8,0,0,0,3046,2.955,0,COM7
2,513641,37,rpm,0,1,0.0,36.8,0,0,0,3046,2.955,0,COM7
2,513661,37,rpm,0,1,0.0,36.8,0,0,0,3046,2.955,0,COM7
2,513682,37,rpm,0,1,0.0,36.8,0,0,0,3046,2.955,0,COM7
2,513702,37,rpm,0,1,0.0,36.8,0,0,0,3046,2.955,0,COM7
2,513723,37,rpm,0,1,0.0,36.8,0,0,0,3046,2.955,0,COM7
2,513743,37,rpm,0,1,0.0,36.8,0,0,0,3046,2.955,0,COM7
2,513764,37,rpm,0,1,0.0,36.8,0,0,0,3046,2.955,0,COM7
2,513784,37,rpm,0,1,0.0,36.8,0,0,0,3046,2.955,0,COM7
2,513804,37,rpm,0,1,0.0,36.8,0,0,0,3046,2.955,0,COM7
2,513825,37,rpm,0,1,0.0,36.8,0,0,0,3046,2.955,0,COM7
2,513845,37,rpm,0,1,0.0,36.8,0,0,0,3046,2.955,0,COM7
2,513866,37,rpm,0,1,0.0,36.8,0,0,0,3046,2.955,0,COM7
2,513886,37,rpm,0,1,0.0,36.8,0,0,0,3046,2.955,0,COM7
2,513907,37,rpm,0,1,0.0,36.8,0,0,0,3046,2.955,0,COM7
2,513927,37,rpm,0,1,0.0,36.8,0,0,0,3046,2.955,0,COM7
2,513948,37,rpm,0,1,0.0,36.8,0,0,0,3046,2.955,0,COM7
2,513968,37,rpm,0,1,0.0,36.8,0,0,0,3046,2.955,0,COM7
2,513988,37,rpm,0,1,0.0,36.8,0,0,0,3046,2.955,0,COM7
2,514009,37,rpm,0,1,0.0,36.8,0,0,0,3046,2.955,0,COM7
2,514029,37,rpm,0,1,0.0,36.8,0,0,0,3046,2.955,0,COM7
2,514050,37,rpm,0,1,0.0,36.8,0,0,0,3046,2.955,0,COM7
2,514070,37,rpm,0,1,0.0,36.8,0,0,0,3046,2.955,0,COM7
2,514091,37,rpm,0,1,0.0,36.8,0,0,0,3046,2.955,0,COM7
2,514111,37,rpm,0,1,0.0,36.8,0,0,0,3046,2.955,0,COM7
2,514131,37,rpm,0,1,0.0,36.8,0,0,0,3046,2.955,0,COM7
2,514152,37,rpm,0,1,0.0,36.8,0,0,0,3046,2.955,0,COM7
2,514172,37,rpm,0,1,0.0,36.8,0,0,0,3046,2.955,0,COM7
2,514193,37,rpm,0,1,0.0,36.8,0,0,0,3046,2.955,0,COM7
2,514213,37,rpm,0,1,0.0,36.8,0,0,0,3046,2.955,0,COM7
2,514234,37,rpm,0,1,0.0,36.8,0,0,0,3046,2.955,0,COM7
2,514254,37,rpm,0,1,0.0,36.8,0,0,0,3046,2.955,0,COM7
2,514274,37,rpm,0,1,0.0,36.8,0,0,0,3046,2.955,0,COM7
2,514295,37,rpm,0,1,0.0,36.8,0,0,0,3046,2.955,0,COM7
2,514315,37,rpm,0,1,0.0,36.8,0,0,0,3046,2.955,0,COM7
2,514336,37,rpm,0,1,0.0,36.8,0,0,0,3046,2.955,0,COM7
2,514356,37,rpm,0,1,0.0,36.8,0,0,0,3046,2.955,0,COM7
2,514377,37,rpm,0,1,0.0,36.8,0,0,0,3046,2.955,0,COM7
2,514397,37,rpm,0,1,0.0,36.8,0,0,0,3046,2.955,0,COM7
2,514417,37,rpm,0,1,0.0,36.8,0,0,0,3046,2.955,0,COM7
2,514438,37,rpm,0,1,0.0,36.8,0,0,0,3046,2.955,0,COM7
2,514458,37,rpm,0,1,0.0,36.8,0,0,0,3046,2.955,0,COM7
2,514479,37,rpm,0,1,0.0,36.8,0,0,0,3046,2.955,0,COM7
2,514499,37,rpm,0,1,0.0,36.8,0,0,0,3046,2.955,0,COM7
2,514520,37,rpm,0,1,0.0,36.8,0,0,0,3046,2.955,0,COM7
2,514540,37,rpm,0,1,0.0,36.8,0,0,0,3046,2.955,0,COM7
2,514560,37,rpm,0,1,0.0,36.8,0,0,0,3046,2.955,0,COM7
2,514581,37,rpm,0,1,0.0,36.8,0,0,0,3046,2.955,0,COM7
2,514601,37,rpm,0,1,0.0,36.8,0,0,0,3046,2.955,0,COM7
2,514622,37,rpm,0,1,0.0,36.8,0,0,0,3046,2.955,0,COM7
2,514642,37,rpm,0,1,0.0,36.8,0,0,0,3046,2.955,0,COM7
2,514663,37,rpm,0,1,0.0,36.8,0,0,0,3046,2.955,0,COM7
2,514683,37,rpm,0,1,0.0,36.8,0,0,0,3046,2.955,0,COM7
2,514703,37,rpm,0,1,0.0,36.8,0,0,0,3046,2.955,0,COM7
2,514724,37,rpm,0,1,0.0,36.8,0,0,0,3046,2.955,0,COM7
2,514744,37,rpm,0,1,0.0,36.8,0,0,0,3046,2.955,0,COM7
2,514765,37,rpm,0,1,0.0,36.8,0,0,0,3046,2.955,0,COM7
2,514785,37,rpm,0,1,0.0,36.8,0,0,0,3046,2.955,0,COM7
2,514806,37,rpm,0,1,0.0,36.8,0,0,0,3046,2.955,0,COM7
2,514826,37,rpm,0,1,0.0,36.8,0,0,0,3046,2.955,0,COM7
2,514847,37,rpm,0,1,0.0,36.8,0,0,0,3046,2.955,0,COM7
2,514867,37,rpm,0,1,0.0,36.8,0,0,0,3046,2.955,0,COM7
2,514888,37,rpm,0,1,0.0,36.8,0,0,0,3046,2.955,0,COM7
2,514908,37,rpm,0,1,0.0,36.8,0,0,0,3046,2.955,0,COM7
2,514928,37,rpm,0,1,0.0,36.8,0,0,0,3046,2.955,0,COM7
2,514949,37,rpm,0,1,0.0,36.8,0,0,0,3046,2.955,0,COM7
2,514969,37,rpm,0,1,0.0,36.8,0,0,0,3046,2.955,0,COM7
2,514990,37,rpm,0,1,0.0,36.8,0,0,0,3046,2.955,0,COM7
2,515010,37,rpm,0,1,0.0,36.8,0,0,0,3046,2.955,0,COM7
2,515030,37,rpm,0,1,0.0,36.8,0,0,0,3046,2.955,0,COM7
2,515051,37,rpm,0,1,0.0,36.8,0,0,0,3046,2.955,0,COM7
2,515071,37,rpm,0,1,0.0,36.8,0,0,0,3046,2.955,0,COM7
2,515092,37,rpm,0,1,0.0,36.8,0,0,0,3046,2.955,0,COM7
2,515112,37,rpm,0,1,0.0,36.8,0,0,0,3046,2.955,0,COM7
2,515133,37,rpm,0,1,0.0,36.8,0,0,0,3046,2.955,0,COM7
2,515153,37,rpm,0,1,0.0,36.8,0,0,0,3046,2.955,0,COM7
2,515173,37,rpm,0,1,0.0,36.8,0,0,0,3046,2.955,0,COM7
2,515194,37,rpm,0,1,0.0,36.8,0,0,0,3046,2.955,0,COM7
2,515214,37,rpm,0,1,0.0,36.8,0,0,0,3046,2.955,0,COM7
2,515235,37,rpm,0,1,0.0,36.8,0,0,0,3046,2.955,0,COM7
2,515255,37,rpm,0,1,0.0,36.8,0,0,0,3046,2.955,0,COM7
2,515276,37,rpm,0,1,0.0,36.8,0,0,0,3046,2.955,0,COM7
2,515296,37,rpm,0,1,0.0,36.8,0,0,0,3046,2.955,0,COM7
2,515317,37,rpm,0,1,0.0,36.8,0,0,0,3046,2.955,0,COM7
2,515337,37,rpm,0,1,0.0,36.8,0,0,0,3046,2.955,0,COM7
2,515358,37,rpm,0,1,0.0,36.8,0,0,0,3046,2.955,0,COM7
2,515378,37,rpm,0,1,0.0,36.8,0,0,0,3046,2.955,0,COM7
2,515398,37,rpm,0,1,0.0,36.8,0,0,0,3046,2.955,0,COM7
2,515419,37,rpm,0,1,0.0,36.8,0,0,0,3046,2.955,0,COM7
2,515439,37,rpm,0,1,0.0,36.8,0,0,0,3046,2.955,0,COM7
2,515460,37,rpm,0,1,0.0,36.8,0,0,0,3046,2.955,0,COM7
2,515480,37,rpm,0,1,0.0,36.8,0,0,0,3046,2.955,0,COM7
2,515501,37,rpm,0,1,0.0,36.8,0,0,0,3046,2.955,0,COM7
2,515521,37,rpm,0,1,0.0,36.8,0,0,0,3046,2.955,0,COM7
2,515542,37,rpm,0,1,0.0,36.8,0,0,0,3046,2.955,0,COM7
2,515562,37,rpm,0,1,0.0,36.8,0,0,0,3046,2.955,0,COM7
2,515582,37,rpm,0,1,0.0,36.8,0,0,0,3046,2.955,0,COM7
2,515603,37,rpm,0,1,0.0,36.8,0,0,0,3046,2.955,0,COM7
2,515623,37,rpm,0,1,0.0,36.8,0,0,0,3046,2.955,0,COM7
2,515644,37,rpm,0,1,0.0,36.8,0,0,0,3046,2.955,0,COM7
2,515664,37,rpm,0,1,0.0,36.8,0,0,0,3046,2.955,0,COM7
2,515685,37,rpm,0,1,0.0,36.8,0,0,0,3046,2.955,0,COM7
2,515705,37,rpm,0,1,0.0,36.8,0,0,0,3046,2.955,0,COM7
2,515725,37,rpm,0,1,0.0,36.8,0,0,0,3046,2.955,0,COM7
2,515746,37,rpm,0,1,0.0,36.8,0,0,0,3046,2.955,0,COM7
2,515766,37,rpm,0,1,0.0,36.8,0,0,0,3046,2.955,0,COM7
2,515787,37,rpm,0,1,0.0,36.8,0,0,0,3046,2.955,0,COM7
2,515807,37,rpm,0,1,0.0,36.8,0,0,0,3046,2.955,0,COM7
2,515828,37,rpm,0,1,0.0,36.8,0,0,0,3046,2.955,0,COM7
2,515848,37,rpm,0,1,0.0,36.8,0,0,0,3046,2.955,0,COM7
2,515869,37,rpm,0,1,0.0,36.8,0,0,0,3046,2.955,0,COM7
2,515889,37,rpm,0,1,0.0,36.8,0,0,0,3046,2.955,0,COM7
2,515909,37,rpm,0,1,0.0,36.8,0,0,0,3046,2.955,0,COM7
2,515930,37,rpm,0,1,0.0,36.8,0,0,0,3046,2.955,0,COM7
2,515950,37,rpm,0,1,0.0,36.8,0,0,0,3046,2.955,0,COM7
2,515971,37,rpm,0,1,0.0,36.8,0,0,0,3046,2.955,0,COM7
2,515991,37,rpm,0,1,0.0,36.8,0,0,0,3046,2.955,0,COM7
2,516011,37,rpm,0,1,0.0,36.8,0,0,0,3046,2.955,0,COM7
2,516032,37,rpm,0,1,0.0,36.8,0,0,0,3046,2.955,0,COM7
2,516052,37,rpm,0,1,0.0,36.8,0,0,0,3046,2.955,0,COM7
2,516073,37,rpm,0,1,0.0,36.8,0,0,0,3046,2.955,0,COM7
2,516093,37,rpm,0,1,0.0,36.8,0,0,0,3046,2.955,0,COM7
2,516114,37,rpm,0,1,0.0,36.8,0,0,0,3046,2.955,0,COM7
2,516134,37,rpm,0,1,0.0,36.8,0,0,0,3046,2.955,0,COM7
2,516155,37,rpm,0,1,0.0,36.8,0,0,0,3046,2.955,0,COM7
2,516175,37,rpm,0,1,0.0,36.8,0,0,0,3046,2.955,0,COM7
2,516195,37,rpm,0,0,0.0,36.8,0,0,0,3046,2.955,0,COM7
2,516216,37,rpm,0,0,0.0,36.8,0,0,0,3046,2.955,0,COM7
2,516236,37,rpm,0,0,0.0,36.8,0,0,0,3046,2.955,0,COM7
2,516257,37,rpm,0,0,0.0,36.8,0,0,0,3046,2.955,0,COM7
2,516277,37,rpm,0,0,0.0,36.8,0,0,0,3046,2.955,0,COM7
2,516298,37,rpm,0,0,0.0,36.8,0,0,0,3046,2.955,0,COM7
2,516318,37,rpm,0,0,0.0,36.8,0,0,0,3046,2.955,0,COM7
2,516339,37,rpm,0,0,0.0,36.8,0,0,0,3046,2.955,0,COM7
2,516359,37,rpm,0,0,0.0,36.8,0,0,0,3046,2.955,0,COM7
2,516379,37,rpm,0,0,0.0,36.8,0,0,0,3046,2.955,0,COM7
2,516400,37,rpm,0,0,0.0,36.8,0,0,0,3046,2.955,0,COM7
2,516420,37,rpm,0,0,0.0,36.8,0,0,0,3046,2.955,0,COM7
2,516441,37,rpm,0,0,0.0,36.8,0,0,0,3046,2.955,0,COM7
2,516461,37,rpm,0,0,0.0,36.8,0,0,0,3046,2.955,0,COM7
2,516482,37,rpm,0,0,0.0,36.8,0,0,0,3046,2.955,0,COM7
2,516502,37,rpm,0,0,0.0,36.8,0,0,0,3046,2.955,0,COM7
2,516523,37,rpm,0,0,0.0,36.8,0,0,0,3046,2.955,0,COM7
2,516543,37,rpm,0,0,0.0,36.8,0,0,0,3046,2.955,0,COM7
2,516563,37,rpm,0,0,0.0,36.8,0,0,0,3046,2.955,0,COM7
2,516584,37,rpm,0,0,0.0,36.8,0,0,0,3046,2.955,0,COM7
2,516604,37,rpm,0,0,0.0,36.8,0,0,0,3046,2.955,0,COM7
2,516625,37,rpm,0,0,0.0,36.8,0,0,0,3046,2.955,0,COM7
2,516645,37,rpm,0,0,0.0,36.8,0,0,0,3046,2.955,0,COM7
2,516666,37,rpm,0,0,0.0,36.8,0,0,0,3046,2.955,0,COM7
2,516686,37,rpm,0,0,0.0,36.8,0,0,0,3046,2.955,0,COM7
2,516707,37,rpm,0,0,0.0,36.8,0,0,0,3046,2.955,0,COM7
2,516727,37,rpm,0,0,0.0,36.8,0,0,0,3046,2.955,0,COM7
2,516747,37,rpm,0,0,0.0,36.8,0,0,0,3046,2.955,0,COM7
2,516768,37,rpm,0,0,0.0,36.8,0,0,0,3046,2.955,0,COM7
2,516788,37,rpm,0,0,0.0,36.8,0,0,0,3046,2.955,0,COM7
2,516809,37,rpm,0,0,0.0,36.8,0,0,0,3046,2.955,0,COM7
2,516829,37,rpm,0,0,0.0,36.8,0,0,0,3046,2.955,0,COM7
2,516850,37,rpm,0,0,0.0,36.8,0,0,0,3046,2.955,0,COM7
2,516870,37,rpm,0,0,0.0,36.8,0,0,0,3046,2.955,0,COM7
2,516890,37,rpm,0,0,0.0,36.8,0,0,0,3046,2.955,0,COM7
2,516911,37,rpm,0,0,0.0,36.8,0,0,0,3046,2.955,0,COM7
2,516931,37,rpm,0,0,0.0,36.8,0,0,0,3046,2.955,0,COM7
2,516952,37,rpm,0,0,0.0,36.8,0,0,0,3046,2.955,0,COM7
2,516972,37,rpm,0,0,0.0,36.8,0,0,0,3046,2.955,0,COM7
2,516993,37,rpm,0,0,0.0,36.8,0,0,0,3046,2.955,0,COM7
2,517013,37,rpm,0,0,0.0,36.8,0,0,0,3046,2.955,0,COM7
2,517034,37,rpm,0,0,0.0,36.8,0,0,0,3046,2.955,0,COM7
2,517054,37,rpm,0,0,0.0,36.8,0,0,0,3046,2.955,0,COM7
2,517075,37,rpm,0,0,0.0,36.8,0,0,0,3046,2.955,0,COM7
2,517095,37,rpm,0,0,0.0,36.8,0,0,0,3046,2.955,0,COM7
2,517116,37,rpm,0,0,0.0,36.8,0,0,0,3046,2.955,0,COM7
2,517136,37,rpm,0,0,0.0,36.8,0,0,0,3046,2.955,0,COM7
2,517156,37,rpm,0,0,0.0,36.8,0,0,0,3046,2.955,0,COM7
2,517177,37,rpm,0,0,0.0,36.8,0,0,0,3046,2.955,0,COM7
2,517197,37,rpm,0,0,0.0,36.8,0,0,0,3046,2.955,0,COM7
2,517218,37,rpm,0,0,0.0,36.8,0,0,0,3046,2.955,0,COM7
2,517238,37,rpm,0,0,0.0,36.8,0,0,0,3046,2.955,0,COM7
2,517259,37,rpm,0,0,0.0,36.8,0,0,0,3046,2.955,0,COM7
2,517279,37,rpm,0,0,0.0,36.8,0,0,0,3046,2.955,0,COM7
2,517300,37,rpm,0,0,0.0,36.8,0,0,0,3046,2.955,0,COM7
2,517320,37,rpm,0,0,0.0,36.8,0,0,0,3046,2.955,0,COM7
2,517341,37,rpm,0,0,0.0,36.8,0,0,0,3046,2.955,0,COM7
2,517361,37,rpm,0,0,0.0,36.8,0,0,0,3046,2.955,0,COM7
2,517382,37,rpm,0,0,0.0,36.8,0,0,0,3046,2.955,0,COM7
2,517402,37,rpm,0,0,0.0,36.8,0,0,0,3046,2.955,0,COM7
2,517422,37,rpm,0,0,0.0,36.8,0,0,0,3046,2.955,0,COM7
2,517443,37,rpm,0,0,0.0,36.8,0,0,0,3046,2.955,0,COM7
2,517463,37,rpm,0,0,0.0,36.8,0,0,0,3046,2.955,0,COM7
2,517484,37,rpm,0,0,0.0,36.8,0,0,0,3046,2.955,0,COM7
2,517504,37,rpm,0,0,0.0,36.8,0,0,0,3046,2.955,0,COM7
2,517525,37,rpm,0,0,0.0,36.8,0,0,0,3046,2.955,0,COM7
2,517545,37,rpm,0,0,0.0,36.8,0,0,0,3046,2.955,0,COM7
2,517566,37,rpm,0,0,0.0,36.8,0,0,0,3046,2.955,0,COM7
2,517586,37,rpm,0,0,0.0,36.8,0,0,0,3046,2.955,0,COM7
2,517607,37,rpm,0,0,0.0,36.8,0,0,0,3046,2.955,0,COM7
2,517627,37,rpm,0,0,0.0,36.8,0,0,0,3046,2.955,0,COM7
2,517648,37,rpm,0,0,0.0,36.8,0,0,0,3046,2.955,0,COM7
2,517668,37,rpm,0,0,0.0,36.8,0,0,0,3046,2.955,0,COM7
2,517688,37,rpm,0,0,0.0,36.8,0,0,0,3046,2.955,0,COM7
2,517709,37,rpm,0,0,0.0,36.8,0,0,0,3046,2.955,0,COM7
2,517729,37,rpm,0,0,0.0,36.8,0,0,0,3046,2.955,0,COM7
2,517750,37,rpm,0,0,0.0,36.8,0,0,0,3046,2.955,0,COM7
2,517770,37,rpm,0,0,0.0,36.8,0,0,0,3046,2.955,0,COM7
2,517791,37,rpm,0,0,0.0,36.8,0,0,0,3046,2.955,0,COM7
2,517811,37,rpm,0,0,0.0,36.8,0,0,0,3046,2.955,0,COM7
2,517832,37,rpm,0,0,0.0,36.8,0,0,0,3046,2.955,0,COM7
2,517852,37,rpm,0,0,0.0,36.8,0,0,0,3046,2.955,0,COM7
2,517873,37,rpm,0,0,0.0,36.8,0,0,0,3046,2.955,0,COM7
2,517893,37,rpm,0,0,0.0,36.8,0,0,0,3046,2.955,0,COM7
2,517914,37,rpm,0,0,0.0,36.8,0,0,0,3046,2.955,0,COM7
2,517934,37,rpm,0,0,0.0,36.8,0,0,0,3046,2.955,0,COM7
2,517955,37,rpm,0,0,0.0,36.8,0,0,0,3046,2.955,0,COM7
2,517975,37,rpm,0,0,0.0,36.8,0,0,0,3046,2.955,0,COM7
2,517996,37,rpm,0,0,0.0,36.8,0,0,0,3046,2.955,0,COM7
2,518016,37,rpm,0,0,0.0,36.8,0,0,0,3046,2.955,0,COM7
2,518037,37,rpm,0,0,0.0,36.8,0,0,0,3046,2.955,0,COM7
2,518057,37,rpm,0,0,0.0,36.8,0,0,0,3046,2.955,0,COM7
2,518078,37,rpm,0,0,0.0,36.8,0,0,0,3046,2.955,0,COM7
2,518098,37,rpm,0,0,0.0,36.8,0,0,0,3046,2.955,0,COM7
2,518119,37,rpm,0,0,0.0,36.8,0,0,0,3046,2.955,0,COM7
2,518139,37,rpm,0,0,0.0,36.8,0,0,0,3046,2.955,0,COM7
2,518160,37,rpm,0,0,0.0,36.8,0,0,0,3046,2.955,0,COM7
2,518180,37,rpm,0,0,0.0,36.8,0,0,0,3046,2.955,0,COM7
2,518201,37,rpm,0,0,0.0,36.8,0,0,0,3046,2.955,0,COM7
2,518221,37,rpm,0,0,0.0,36.8,0,0,0,3046,2.955,0,COM7
2,518242,37,rpm,0,0,0.0,36.8,0,0,0,3046,2.955,0,COM7
2,518262,37,rpm,0,0,0.0,36.8,0,0,0,3046,2.955,0,COM7
2,518283,37,rpm,0,0,0.0,36.8,0,0,0,3046,2.955,0,COM7
2,518303,37,rpm,0,0,0.0,36.8,0,0,0,3046,2.955,0,COM7
2,518323,37,rpm,0,0,0.0,36.8,0,0,0,3046,2.955,0,COM7
2,518344,37,rpm,0,0,0.0,36.8,0,0,0,3046,2.955,0,COM7
2,518364,37,rpm,0,0,0.0,36.8,0,0,0,3046,2.955,0,COM7
2,518385,37,rpm,0,0,0.0,36.8,0,0,0,3046,2.955,0,COM7
2,518405,37,rpm,0,0,0.0,36.8,0,0,0,3046,2.955,0,COM7
2,518426,37,rpm,0,0,0.0,36.8,0,0,0,3046,2.955,0,COM7
2,518446,37,rpm,0,0,0.0,36.8,0,0,0,3046,2.955,0,COM7
2,518467,37,rpm,0,0,0.0,36.8,0,0,0,3046,2.955,0,COM7
2,518487,37,rpm,0,0,0.0,36.8,0,0,0,3046,2.955,0,COM7
2,518508,37,rpm,0,0,0.0,36.8,0,0,0,3046,2.955,0,COM7
2,518528,37,rpm,0,0,0.0,36.8,0,0,0,3046,2.955,0,COM7
2,518549,37,rpm,0,0,0.0,36.8,0,0,0,3046,2.955,0,COM7
2,518569,37,rpm,0,0,0.0,36.8,0,0,0,3046,2.955,0,COM7
2,518590,37,rpm,0,0,0.0,36.8,0,0,0,3046,2.955,0,COM7
2,518610,37,rpm,0,0,0.0,36.8,0,0,0,3046,2.955,0,COM7
2,518631,37,rpm,0,0,0.0,36.8,0,0,0,3046,2.955,0,COM7
2,518651,37,rpm,0,0,0.0,36.8,0,0,0,3046,2.955,0,COM7
2,518671,37,rpm,0,0,0.0,36.8,0,0,0,3046,2.955,0,COM7
2,518692,37,rpm,0,0,0.0,36.8,0,0,0,3046,2.955,0,COM7
2,518712,37,rpm,0,0,0.0,36.8,0,0,0,3046,2.955,0,COM7
2,518733,37,rpm,0,0,0.0,36.8,0,0,0,3046,2.955,0,COM7
2,518753,37,rpm,0,0,0.0,36.8,0,0,0,3046,2.955,0,COM7
2,518774,37,rpm,0,0,0.0,36.8,0,0,0,3046,2.955,0,COM7
2,518794,37,rpm,0,0,0.0,36.8,0,0,0,3046,2.955,0,COM7
2,518815,37,rpm,0,0,0.0,36.8,0,0,0,3046,2.955,0,COM7
2,518835,37,rpm,0,0,0.0,36.8,0,0,0,3046,2.955,0,COM7
2,518856,37,rpm,0,0,0.0,36.8,0,0,0,3046,2.955,0,COM7
2,518876,37,rpm,0,0,0.0,36.8,0,0,0,3046,2.955,0,COM7
2,518897,37,rpm,0,0,0.0,36.8,0,0,0,3046,2.955,0,COM7
2,518917,37,rpm,0,0,0.0,36.8,0,0,0,3046,2.955,0,COM7
2,518938,37,rpm,0,0,0.0,36.8,0,0,0,3046,2.955,0,COM7
2,518958,37,rpm,0,0,0.0,36.8,0,0,0,3046,2.955,0,COM7
2,518978,37,rpm,0,0,0.0,36.8,0,0,0,3046,2.955,0,COM7
2,518999,37,rpm,0,0,0.0,36.8,0,0,0,3046,2.955,0,COM7
2,519019,37,rpm,0,0,0.0,36.8,0,0,0,3046,2.955,0,COM7
2,519040,37,rpm,0,0,0.0,36.8,0,0,0,3046,2.955,0,COM7
2,519060,37,rpm,0,0,0.0,36.8,0,0,0,3046,2.955,0,COM7
2,519081,37,rpm,0,0,0.0,36.8,0,0,0,3046,2.955,0,COM7
2,519101,37,rpm,0,0,0.0,36.8,0,0,0,3046,2.955,0,COM7
2,519122,37,rpm,0,0,0.0,36.8,0,0,0,3046,2.955,0,COM7
2,519142,37,rpm,0,0,0.0,36.8,0,0,0,3046,2.955,0,COM7
2,519163,37,rpm,0,0,0.0,36.8,0,0,0,3046,2.955,0,COM7
2,519183,37,rpm,0,0,0.0,36.8,0,0,0,3046,2.955,0,COM7
2,519204,37,rpm,0,0,0.0,36.8,0,0,0,3046,2.955,0,COM7
2,519224,37,rpm,0,0,0.0,36.8,0,0,0,3046,2.955,0,COM7
2,519245,37,rpm,0,0,0.0,36.8,0,0,0,3046,2.955,0,COM7
2,519265,37,rpm,0,0,0.0,36.8,0,0,0,3046,2.955,0,COM7
2,519286,37,rpm,0,0,0.0,36.8,0,0,0,3046,2.955,0,COM7
2,519306,37,rpm,0,0,0.0,36.8,0,0,0,3046,2.955,0,COM7
2,519327,37,rpm,0,0,0.0,36.8,0,0,0,3046,2.955,0,COM7
2,519347,37,rpm,0,0,0.0,36.8,0,0,0,3046,2.955,0,COM7
2,519368,37,rpm,0,0,0.0,36.8,0,0,0,3046,2.955,0,COM7
2,519388,37,rpm,0,0,0.0,36.8,0,0,0,3046,2.955,0,COM7
2,519409,37,rpm,0,0,0.0,36.8,0,0,0,3046,2.955,0,COM7
2,519429,37,rpm,0,0,0.0,36.8,0,0,0,3046,2.955,0,COM7
2,519450,37,rpm,0,0,0.0,36.8,0,0,0,3046,2.955,0,COM7
2,519470,37,rpm,0,0,0.0,36.8,0,0,0,3046,2.955,0,COM7
2,519490,37,rpm,0,0,0.0,36.8,0,0,0,3046,2.955,0,COM7
2,519511,37,rpm,0,0,0.0,36.8,0,0,0,3046,2.955,0,COM7
2,519531,37,rpm,0,0,0.0,36.8,0,0,0,3046,2.955,0,COM7
2,519552,37,rpm,0,0,0.0,36.8,0,0,0,3046,2.955,0,COM7
2,519572,37,rpm,0,0,0.0,36.8,0,0,0,3046,2.955,0,COM7
2,519593,37,rpm,0,0,0.0,36.8,0,0,0,3046,2.955,0,COM7
2,519613,37,rpm,0,0,0.0,36.8,0,0,0,3046,2.955,0,COM7
2,519634,37,rpm,0,0,0.0,36.8,0,0,0,3046,2.955,0,COM7
2,519654,37,rpm,0,0,0.0,36.8,0,0,0,3046,2.955,0,COM7
2,519675,37,rpm,0,0,0.0,36.8,0,0,0,3046,2.955,0,COM7
2,519695,37,rpm,0,0,0.0,36.8,0,0,0,3046,2.955,0,COM7
2,519716,37,rpm,0,0,0.0,36.8,0,0,0,3046,2.955,0,COM7
2,519736,37,rpm,0,0,0.0,36.8,0,0,0,3046,2.955,0,COM7
2,519757,37,rpm,0,0,0.0,36.8,0,0,0,3046,2.955,0,COM7
2,519777,37,rpm,0,0,0.0,36.8,0,0,0,3046,2.955,0,COM7
2,519798,37,rpm,0,0,0.0,36.8,0,0,0,3046,2.955,0,COM7
2,519818,37,rpm,0,0,0.0,36.8,0,0,0,3046,2.955,0,COM7
2,519839,37,rpm,0,0,0.0,36.8,0,0,0,3046,2.955,0,COM7
2,519859,37,rpm,0,0,0.0,36.8,0,0,0,3046,2.955,0,COM7
2,519880,37,rpm,0,0,0.0,36.8,0,0,0,3046,2.955,0,COM7
2,519900,37,rpm,0,0,0.0,36.8,0,0,0,3046,2.955,0,COM7
2,519920,37,rpm,0,0,0.0,36.8,0,0,0,3046,2.955,0,COM7
2,519941,37,rpm,0,0,0.0,36.8,0,0,0,3046,2.955,0,COM7
2,519961,37,rpm,0,0,0.0,36.8,0,0,0,3046,2.955,0,COM7
2,519982,37,rpm,0,0,0.0,36.8,0,0,0,3046,2.955,0,COM7
2,520002,37,rpm,0,0,0.0,36.8,0,0,0,3046,2.955,0,COM7
2,520023,37,rpm,0,0,0.0,36.8,0,0,0,3046,2.955,0,COM7
2,520043,37,rpm,0,0,0.0,36.8,0,0,0,3046,2.955,0,COM7
2,520064,37,rpm,0,0,0.0,36.8,0,0,0,3046,2.955,0,COM7
2,520084,37,rpm,0,0,0.0,36.8,0,0,0,3046,2.955,0,COM7
2,520105,37,rpm,0,0,0.0,36.8,0,0,0,3046,2.955,0,COM7
2,520125,37,rpm,0,0,0.0,36.8,0,0,0,3046,2.955,0,COM7
2,520146,37,rpm,0,0,0.0,36.8,0,0,0,3046,2.955,0,COM7
2,520166,37,rpm,0,0,0.0,36.8,0,0,0,3046,2.955,0,COM7
2,520187,37,rpm,0,0,0.0,36.8,0,0,0,3046,2.955,0,COM7
2,520207,37,rpm,0,0,0.0,36.8,0,0,0,3046,2.955,0,COM7
2,520228,37,rpm,0,0,0.0,36.8,0,0,0,3046,2.955,0,COM7
2,520248,37,rpm,0,0,0.0,36.8,0,0,0,3046,2.955,0,COM7
2,520269,37,rpm,0,0,0.0,36.8,0,0,0,3046,2.955,0,COM7
2,520289,37,rpm,0,0,0.0,36.8,0,0,0,3046,2.955,0,COM7
2,520310,37,rpm,0,0,0.0,36.8,0,0,0,3046,2.955,0,COM7
2,520330,37,rpm,0,0,0.0,36.8,0,0,0,3046,2.955,0,COM7
2,520351,37,rpm,0,0,0.0,36.8,0,0,0,3046,2.955,0,COM7
2,520371,37,rpm,0,0,0.0,36.8,0,0,0,3046,2.955,0,COM7
2,520391,37,rpm,0,0,0.0,36.8,0,0,0,3046,2.955,0,COM7
2,520412,37,rpm,0,0,0.0,36.8,0,0,0,3046,2.955,0,COM7
2,520432,37,rpm,0,0,0.0,36.8,0,0,0,3046,2.955,0,COM7
2,520453,37,rpm,0,0,0.0,36.8,0,0,0,3046,2.955,0,COM7
2,520473,37,rpm,0,0,0.0,36.8,0,0,0,3046,2.955,0,COM7
2,520494,37,rpm,0,0,0.0,36.8,0,0,0,3046,2.955,0,COM7
2,520514,37,rpm,0,0,0.0,36.8,0,0,0,3046,2.955,0,COM7
2,520535,37,rpm,0,0,0.0,36.8,0,0,0,3046,2.955,0,COM7
2,520555,37,rpm,0,0,0.0,36.8,0,0,0,3046,2.955,0,COM7
2,520576,37,rpm,0,0,0.0,36.8,0,0,0,3046,2.955,0,COM7
2,520596,37,rpm,0,0,0.0,36.8,0,0,0,3046,2.955,0,COM7
2,520617,37,rpm,0,0,0.0,36.8,0,0,0,3046,2.955,0,COM7
2,520637,37,rpm,0,0,0.0,36.8,0,0,0,3046,2.955,0,COM7
2,520657,37,rpm,0,0,0.0,36.8,0,0,0,3046,2.955,0,COM7
2,520678,37,rpm,0,0,0.0,36.8,0,0,0,3046,2.955,0,COM7
2,520698,37,rpm,0,0,0.0,36.8,0,0,0,3046,2.955,0,COM7
2,520719,37,rpm,0,0,0.0,36.8,0,0,0,3046,2.955,0,COM7
2,520739,37,rpm,0,0,0.0,36.8,0,0,0,3046,2.955,0,COM7
2,520760,37,rpm,0,0,0.0,36.8,0,0,0,3046,2.955,0,COM7
2,520780,37,rpm,0,0,0.0,36.8,0,0,0,3046,2.955,0,COM7
2,520801,37,rpm,0,0,0.0,36.8,0,0,0,3046,2.955,0,COM7
2,520821,37,rpm,0,0,0.0,36.8,0,0,0,3046,2.955,0,COM7
2,520842,37,rpm,0,0,0.0,36.8,0,0,0,3046,2.955,0,COM7
2,520862,37,rpm,0,0,0.0,36.8,0,0,0,3046,2.955,0,COM7
2,520883,37,rpm,0,0,0.0,36.8,0,0,0,3046,2.955,0,COM7
2,520903,37,rpm,0,0,0.0,36.8,0,0,0,3046,2.955,0,COM7
2,520923,37,rpm,0,0,0.0,36.8,0,0,0,3046,2.955,0,COM7
2,520944,37,rpm,0,0,0.0,36.8,0,0,0,3046,2.955,0,COM7
2,520964,37,rpm,0,0,0.0,36.8,0,0,0,3046,2.955,0,COM7
2,520985,37,rpm,0,0,0.0,36.8,0,0,0,3046,2.955,0,COM7
2,521005,37,rpm,0,0,0.0,36.8,0,0,0,3046,2.955,0,COM7
2,521026,37,rpm,0,0,0.0,36.8,0,0,0,3046,2.955,0,COM7
2,521046,37,rpm,0,0,0.0,36.8,0,0,0,3046,2.955,0,COM7
2,521067,37,rpm,0,0,0.0,36.8,0,0,0,3046,2.955,0,COM7
2,521087,37,rpm,0,0,0.0,36.8,0,0,0,3046,2.955,0,COM7
2,521107,37,rpm,0,0,0.0,36.8,0,0,0,3046,2.955,0,COM7
2,521128,37,rpm,0,0,0.0,36.8,0,0,0,3046,2.955,0,COM7
2,521148,37,rpm,0,0,0.0,36.8,0,0,0,3046,2.955,0,COM7
2,521169,37,rpm,0,0,0.0,36.8,0,0,0,3046,2.955,0,COM7
2,521189,37,rpm,0,0,0.0,36.8,0,0,0,3046,2.955,0,COM7
2,521210,37,rpm,0,0,0.0,36.8,0,0,0,3046,2.955,0,COM7
2,521230,37,rpm,0,0,0.0,36.8,0,0,0,3046,2.955,0,COM7
2,521251,37,rpm,0,0,0.0,36.8,0,0,0,3046,2.955,0,COM7
2,521271,37,rpm,0,0,0.0,36.8,0,0,0,3046,2.955,0,COM7
2,521291,37,rpm,0,0,0.0,36.8,0,0,0,3046,2.955,0,COM7
2,521312,37,rpm,0,0,0.0,36.8,0,0,0,3046,2.955,0,COM7
2,521332,37,rpm,0,0,0.0,36.8,0,0,0,3046,2.955,0,COM7
2,521353,37,rpm,0,0,0.0,36.8,0,0,0,3046,2.955,0,COM7
2,521373,37,rpm,0,0,0.0,36.8,0,0,0,3046,2.955,0,COM7
2,521394,37,rpm,0,0,0.0,36.8,0,0,0,3046,2.955,0,COM7
2,521414,37,rpm,0,0,0.0,36.8,0,0,0,3046,2.955,0,COM7
2,521435,37,rpm,0,0,0.0,36.8,0,0,0,3046,2.955,0,COM7
2,521455,37,rpm,0,0,0.0,36.8,0,0,0,3046,2.955,0,COM7
2,521476,37,rpm,0,0,0.0,36.8,0,0,0,3046,2.955,0,COM7
2,521496,37,rpm,0,0,0.0,36.8,0,0,0,3046,2.955,0,COM7
2,521516,37,rpm,0,0,0.0,36.8,0,0,0,3046,2.955,0,COM7
2,521537,37,rpm,0,0,0.0,36.8,0,0,0,3046,2.955,0,COM7
2,521557,37,rpm,0,0,0.0,36.8,0,0,0,3046,2.955,0,COM7
2,521578,37,rpm,0,0,0.0,36.8,0,0,0,3046,2.955,0,COM7
2,521598,37,rpm,0,0,0.0,36.8,0,0,0,3046,2.955,0,COM7
2,521619,37,rpm,0,0,0.0,36.8,0,0,0,3046,2.955,0,COM7
2,521639,37,rpm,0,0,0.0,36.8,0,0,0,3046,2.955,0,COM7
2,521660,37,rpm,0,0,0.0,36.8,0,0,0,3046,2.955,0,COM7
2,521680,37,rpm,0,0,0.0,36.8,0,0,0,3046,2.955,0,COM7
2,521701,37,rpm,0,0,0.0,36.8,0,0,0,3046,2.955,0,COM7
2,521721,37,rpm,0,0,0.0,36.8,0,0,0,3046,2.955,0,COM7
2,521741,37,rpm,0,0,0.0,36.8,0,0,0,3046,2.955,0,COM7
2,521762,37,rpm,0,0,0.0,36.8,0,0,0,3046,2.955,0,COM7
2,521782,37,rpm,0,0,0.0,36.8,0,0,0,3046,2.955,0,COM7
2,521803,37,rpm,0,0,0.0,36.8,0,0,0,3046,2.955,0,COM7
2,521823,37,rpm,0,0,0.0,36.8,0,0,0,3046,2.955,0,COM7
2,521844,37,rpm,0,0,0.0,36.8,0,0,0,3046,2.955,0,COM7
2,521864,37,rpm,0,0,0.0,36.8,0,0,0,3046,2.955,0,COM7
2,521885,37,rpm,0,0,0.0,36.8,0,0,0,3046,2.955,0,COM7
2,521905,37,rpm,0,0,0.0,36.8,0,0,0,3046,2.955,0,COM7
2,521925,37,rpm,0,0,0.0,36.8,0,0,0,3046,2.955,0,COM7
2,521946,37,rpm,0,0,0.0,36.8,0,0,0,3046,2.955,0,COM7
2,521966,37,rpm,0,0,0.0,36.8,0,0,0,3046,2.955,0,COM7
2,521987,37,rpm,0,0,0.0,36.8,0,0,0,3046,2.955,0,COM7
2,522007,37,rpm,0,0,0.0,36.8,0,0,0,3046,2.955,0,COM7
2,522028,37,rpm,0,0,0.0,36.8,0,0,0,3046,2.955,0,COM7
2,522048,37,rpm,0,0,0.0,36.8,0,0,0,3046,2.955,0,COM7
2,522069,37,rpm,0,0,0.0,36.8,0,0,0,3046,2.955,0,COM7
2,522089,37,rpm,0,0,0.0,36.8,0,0,0,3046,2.955,0,COM7
2,522110,37,rpm,0,0,0.0,36.8,0,0,0,3046,2.955,0,COM7
2,522130,37,rpm,0,0,0.0,36.8,0,0,0,3046,2.955,0,COM7
2,522150,37,rpm,0,0,0.0,36.8,0,0,0,3046,2.955,0,COM7
2,522171,37,rpm,0,0,0.0,36.8,0,0,0,3046,2.955,0,COM7
2,522191,37,rpm,0,0,0.0,36.8,0,0,0,3046,2.955,0,COM7
2,522212,37,rpm,0,0,0.0,36.8,0,0,0,3046,2.955,0,COM7
2,522232,37,rpm,0,0,0.0,36.8,0,0,0,3046,2.955,0,COM7
2,522253,37,rpm,0,0,0.0,36.8,0,0,0,3046,2.955,0,COM7
2,522273,37,rpm,0,0,0.0,36.8,0,0,0,3046,2.955,0,COM7
2,522294,37,rpm,0,0,0.0,36.8,0,0,0,3046,2.955,0,COM7
2,522314,37,rpm,0,0,0.0,36.8,0,0,0,3046,2.955,0,COM7
2,522335,37,rpm,0,0,0.0,36.8,0,0,0,3046,2.955,0,COM7
2,522355,37,rpm,0,0,0.0,36.8,0,0,0,3046,2.955,0,COM7
2,522376,37,rpm,0,0,0.0,36.8,0,0,0,3046,2.955,0,COM7
2,522396,37,rpm,0,0,0.0,36.8,0,0,0,3046,2.955,0,COM7
2,522417,37,rpm,0,0,0.0,36.8,0,0,0,3046,2.955,0,COM7
2,522437,37,rpm,0,0,0.0,36.8,0,0,0,3046,2.955,0,COM7
2,522458,37,rpm,0,0,0.0,36.8,0,0,0,3046,2.955,0,COM7
2,522478,37,rpm,0,0,0.0,36.8,0,0,0,3046,2.955,0,COM7
2,522498,37,rpm,0,0,0.0,36.8,0,0,0,3046,2.955,0,COM7
2,522519,37,rpm,0,0,0.0,36.8,0,0,0,3046,2.955,0,COM7
2,522539,37,rpm,0,0,0.0,36.8,0,0,0,3046,2.955,0,COM7
2,522560,37,rpm,0,0,0.0,36.8,0,0,0,3046,2.955,0,COM7
2,522580,37,rpm,0,0,0.0,36.8,0,0,0,3046,2.955,0,COM7
2,522601,37,rpm,0,0,0.0,36.8,0,0,0,3046,2.955,0,COM7
2,522621,37,rpm,0,0,0.0,36.8,0,0,0,3046,2.955,0,COM7
2,522642,37,rpm,0,0,0.0,36.8,0,0,0,3046,2.955,0,COM7
2,522662,37,rpm,0,0,0.0,36.8,0,0,0,3046,2.955,0,COM7
2,522683,37,rpm,0,0,0.0,36.8,0,0,0,3046,2.955,0,COM7
2,522703,37,rpm,0,0,0.0,36.8,0,0,0,3046,2.955,0,COM7
2,522724,37,rpm,0,0,0.0,36.8,0,0,0,3046,2.955,0,COM7
2,522744,37,rpm,0,0,0.0,36.8,0,0,0,3046,2.955,0,COM7
2,522764,37,rpm,0,0,0.0,36.8,0,0,0,3046,2.955,0,COM7
2,522785,37,rpm,0,0,0.0,36.8,0,0,0,3046,2.955,0,COM7
2,522805,37,rpm,0,0,0.0,36.8,0,0,0,3046,2.955,0,COM7
2,522826,37,rpm,0,0,0.0,36.8,0,0,0,3046,2.955,0,COM7
2,522846,37,rpm,0,0,0.0,36.8,0,0,0,3046,2.955,0,COM7
2,522867,37,rpm,0,0,0.0,36.8,0,0,0,3046,2.955,0,COM7
2,522887,37,rpm,0,0,0.0,36.8,0,0,0,3046,2.955,0,COM7
2,522908,37,rpm,0,0,0.0,36.8,0,0,0,3046,2.955,0,COM7
2,522928,37,rpm,0,0,0.0,36.8,0,0,0,3046,2.955,0,COM7
2,522949,37,rpm,0,0,0.0,36.8,0,0,0,3046,2.955,0,COM7
2,522969,37,rpm,0,0,0.0,36.8,0,0,0,3046,2.955,0,COM7
2,522989,37,rpm,0,0,0.0,36.8,0,0,0,3046,2.955,0,COM7
2,523010,37,rpm,0,0,0.0,36.8,0,0,0,3046,2.955,0,COM7
2,523030,37,rpm,0,0,0.0,36.8,0,0,0,3046,2.955,0,COM7
2,523051,37,rpm,0,0,0.0,36.8,0,0,0,3046,2.955,0,COM7
2,523071,37,rpm,0,0,0.0,36.8,0,0,0,3046,2.955,0,COM7
2,523092,37,rpm,0,0,0.0,36.8,0,0,0,3046,2.955,0,COM7
2,523112,37,rpm,0,0,0.0,36.8,0,0,0,3046,2.955,0,COM7
2,523133,37,rpm,0,0,0.0,36.8,0,0,0,3046,2.955,0,COM7
2,523153,37,rpm,0,0,0.0,36.8,0,0,0,3046,2.955,0,COM7
2,523174,37,rpm,0,0,0.0,36.8,0,0,0,3046,2.955,0,COM7
2,523194,37,rpm,0,0,0.0,36.8,0,0,0,3046,2.955,0,COM7
2,523214,37,rpm,0,0,0.0,36.8,0,0,0,3046,2.955,0,COM7
2,523235,37,rpm,0,0,0.0,36.8,0,0,0,3046,2.955,0,COM7
2,523255,37,rpm,0,0,0.0,36.8,0,0,0,3046,2.955,0,COM7
2,523276,37,rpm,0,0,0.0,36.8,0,0,0,3046,2.955,0,COM7
2,523296,37,rpm,0,0,0.0,36.8,0,0,0,3046,2.955,0,COM7
2,523317,37,rpm,0,0,0.0,36.8,0,0,0,3046,2.955,0,COM7
2,523337,37,rpm,0,0,0.0,36.8,0,0,0,3046,2.955,0,COM7
2,523358,37,rpm,0,0,0.0,36.8,0,0,0,3046,2.955,0,COM7
2,523378,37,rpm,0,0,0.0,36.8,0,0,0,3046,2.955,0,COM7
2,523399,37,rpm,0,0,0.0,36.8,0,0,0,3046,2.955,0,COM7
2,523419,37,rpm,0,0,0.0,36.8,0,0,0,3046,2.955,0,COM7
2,523439,37,rpm,0,0,0.0,36.8,0,0,0,3046,2.955,0,COM7
2,523460,37,rpm,0,0,0.0,36.8,0,0,0,3046,2.955,0,COM7
2,523480,37,rpm,0,0,0.0,36.8,0,0,0,3046,2.955,0,COM7
2,523501,37,rpm,0,0,0.0,36.8,0,0,0,3046,2.955,0,COM7
2,523521,37,rpm,0,0,0.0,36.8,0,0,0,3046,2.955,0,COM7
2,523542,37,rpm,0,0,0.0,36.8,0,0,0,3046,2.955,0,COM7
2,523562,37,rpm,0,0,0.0,36.8,0,0,0,3046,2.955,0,COM7
2,523583,37,rpm,0,0,0.0,36.8,0,0,0,3046,2.955,0,COM7
2,523603,37,rpm,0,0,0.0,36.8,0,0,0,3046,2.955,0,COM7
2,523624,37,rpm,0,0,0.0,36.8,0,0,0,3046,2.955,0,COM7
2,523644,37,rpm,0,0,0.0,36.8,0,0,0,3046,2.955,0,COM7
2,523664,37,rpm,0,0,0.0,36.8,0,0,0,3046,2.955,0,COM7
2,523685,37,rpm,0,0,0.0,36.8,0,0,0,3046,2.955,0,COM7
2,523705,37,rpm,0,0,0.0,36.8,0,0,0,3046,2.955,0,COM7
2,523726,37,rpm,0,0,0.0,36.8,0,0,0,3046,2.955,0,COM7
2,523746,37,rpm,0,0,0.0,36.8,0,0,0,3046,2.955,0,COM7
2,523767,37,rpm,0,0,0.0,36.8,0,0,0,3046,2.955,0,COM7
2,523787,37,rpm,0,0,0.0,36.8,0,0,0,3046,2.955,0,COM7
2,523808,37,rpm,0,0,0.0,36.8,0,0,0,3046,2.955,0,COM7
2,523828,37,rpm,0,0,0.0,36.8,0,0,0,3046,2.955,0,COM7
2,523848,37,rpm,0,0,0.0,36.8,0,0,0,3046,2.955,0,COM7
2,523869,37,rpm,0,0,0.0,36.8,0,0,0,3046,2.955,0,COM7
2,523889,37,rpm,0,0,0.0,36.8,0,0,0,3046,2.955,0,COM7
2,523910,37,rpm,0,0,0.0,36.8,0,0,0,3046,2.955,0,COM7
2,523930,37,rpm,0,0,0.0,36.8,0,0,0,3046,2.955,0,COM7
2,523951,37,rpm,0,0,0.0,36.8,0,0,0,3046,2.955,0,COM7
2,523971,37,rpm,0,0,0.0,36.8,0,0,0,3046,2.955,0,COM7
2,523992,37,rpm,0,0,0.0,36.8,0,0,0,3046,2.955,0,COM7
2,524012,37,rpm,0,0,0.0,36.8,0,0,0,3046,2.955,0,COM7
2,524033,37,rpm,0,0,0.0,36.8,0,0,0,3046,2.955,0,COM7
2,524053,37,rpm,0,0,0.0,36.8,0,0,0,3046,2.955,0,COM7
2,524073,37,rpm,0,0,0.0,36.8,0,0,0,3046,2.955,0,COM7
2,524094,37,rpm,0,0,0.0,36.8,0,0,0,3046,2.955,0,COM7
2,524114,37,rpm,0,0,0.0,36.8,0,0,0,3046,2.955,0,COM7
2,524135,37,rpm,0,0,0.0,36.8,0,0,0,3046,2.955,0,COM7
2,524155,37,rpm,0,0,0.0,36.8,0,0,0,3046,2.955,0,COM7
2,524176,37,rpm,0,0,0.0,36.8,0,0,0,3046,2.955,0,COM7
2,524196,37,rpm,0,0,0.0,36.8,0,0,0,3046,2.955,0,COM7
2,524216,37,rpm,0,0,0.0,36.8,0,0,0,3046,2.955,0,COM7
2,524237,37,rpm,0,0,0.0,36.8,0,0,0,3046,2.955,0,COM7
2,524257,37,rpm,0,0,0.0,36.8,0,0,0,3046,2.955,0,COM7
2,524278,37,rpm,0,0,0.0,36.8,0,0,0,3046,2.955,0,COM7
2,524298,37,rpm,0,0,0.0,36.8,0,0,0,3046,2.955,0,COM7
2,524319,37,rpm,0,0,0.0,36.8,0,0,0,3046,2.955,0,COM7
2,524339,37,rpm,0,0,0.0,36.8,0,0,0,3046,2.955,0,COM7
2,524360,37,rpm,0,0,0.0,36.8,0,0,0,3046,2.955,0,COM7
2,524380,37,rpm,0,0,0.0,36.8,0,0,0,3046,2.955,0,COM7
2,524401,37,rpm,0,0,0.0,36.8,0,0,0,3046,2.955,0,COM7
2,524421,37,rpm,0,0,0.0,36.8,0,0,0,3046,2.955,0,COM7
2,524441,37,rpm,0,0,0.0,36.8,0,0,0,3046,2.955,0,COM7
2,524462,37,rpm,0,0,0.0,36.8,0,0,0,3046,2.955,0,COM7
2,524482,37,rpm,0,0,0.0,36.8,0,0,0,3046,2.955,0,COM7
2,524503,37,rpm,0,0,0.0,36.8,0,0,0,3046,2.955,0,COM7
2,524523,37,rpm,0,0,0.0,36.8,0,0,0,3046,2.955,0,COM7
2,524544,37,rpm,0,0,0.0,36.8,0,0,0,3046,2.955,0,COM7
2,524564,37,rpm,0,0,0.0,36.8,0,0,0,3046,2.955,0,COM7
2,524585,37,rpm,0,0,0.0,36.8,0,0,0,3046,2.955,0,COM7
2,524605,37,rpm,0,0,0.0,36.8,0,0,0,3046,2.955,0,COM7
2,524626,37,rpm,0,0,0.0,36.8,0,0,0,3046,2.955,0,COM7
2,524646,37,rpm,0,0,0.0,36.8,0,0,0,3046,2.955,0,COM7
2,524666,37,rpm,0,0,0.0,36.8,0,0,0,3046,2.955,0,COM7
2,524687,37,rpm,0,0,0.0,36.8,0,0,0,3046,2.955,0,COM7
2,524707,37,rpm,0,0,0.0,36.8,0,0,0,3046,2.955,0,COM7
2,524728,37,rpm,0,0,0.0,36.8,0,0,0,3046,2.955,0,COM7
2,524748,37,rpm,0,0,0.0,36.8,0,0,0,3046,2.955,0,COM7
2,524769,37,rpm,0,0,0.0,36.8,0,0,0,3046,2.955,0,COM7
2,524789,37,rpm,0,0,0.0,36.8,0,0,0,3046,2.955,0,COM7
2,524810,37,rpm,0,0,0.0,36.8,0,0,0,3046,2.955,0,COM7
2,524830,37,rpm,0,0,0.0,36.8,0,0,0,3046,2.955,0,COM7
2,524851,37,rpm,0,0,0.0,36.8,0,0,0,3046,2.955,0,COM7
2,524871,37,rpm,0,0,0.0,36.8,0,0,0,3046,2.955,0,COM7
2,524892,37,rpm,0,0,0.0,36.8,0,0,0,3046,2.955,0,COM7
2,524912,37,rpm,0,0,0.0,36.8,0,0,0,3046,2.955,0,COM7
2,524932,37,rpm,0,0,0.0,36.8,0,0,0,3046,2.955,0,COM7
2,524953,37,rpm,0,0,0.0,36.8,0,0,0,3046,2.955,0,COM7
2,524973,37,rpm,0,0,0.0,36.8,0,0,0,3046,2.955,0,COM7
2,524994,37,rpm,0,0,0.0,36.8,0,0,0,3046,2.955,0,COM7
2,525014,37,rpm,0,0,0.0,36.8,0,0,0,3046,2.955,0,COM7
2,525035,37,rpm,0,0,0.0,36.8,0,0,0,3046,2.955,0,COM7
2,525055,37,rpm,0,0,0.0,36.8,0,0,0,3046,2.955,0,COM7
2,525076,37,rpm,0,0,0.0,36.8,0,0,0,3046,2.955,0,COM7
2,525096,37,rpm,0,0,0.0,36.8,0,0,0,3046,2.955,0,COM7
2,525117,37,rpm,0,0,0.0,36.8,0,0,0,3046,2.955,0,COM7
2,525137,37,rpm,0,0,0.0,36.8,0,0,0,3046,2.955,0,COM7
2,525157,37,rpm,0,0,0.0,36.8,0,0,0,3046,2.955,0,COM7
2,525178,37,rpm,0,0,0.0,36.8,0,0,0,3046,2.955,0,COM7
2,525198,37,rpm,0,0,0.0,36.8,0,0,0,3046,2.955,0,COM7
2,525219,37,rpm,0,0,0.0,36.8,0,0,0,3046,2.955,0,COM7
2,525239,37,rpm,0,0,0.0,36.8,0,0,0,3046,2.955,0,COM7
2,525260,37,rpm,0,0,0.0,36.8,0,0,0,3046,2.955,0,COM7
2,525280,37,rpm,0,0,0.0,36.8,0,0,0,3046,2.955,0,COM7
2,525301,37,rpm,0,0,0.0,36.8,0,0,0,3046,2.955,0,COM7
2,525321,37,rpm,0,0,0.0,36.8,0,0,0,3046,2.955,0,COM7
2,525342,37,rpm,0,0,0.0,36.8,0,0,0,3046,2.955,0,COM7
2,525362,37,rpm,0,0,0.0,36.8,0,0,0,3046,2.955,0,COM7
2,525383,37,rpm,0,0,0.0,36.8,0,0,0,3046,2.955,0,COM7
2,525403,37,rpm,0,0,0.0,36.8,0,0,0,3046,2.955,0,COM7
2,525424,37,rpm,0,0,0.0,36.8,0,0,0,3046,2.955,0,COM7
2,525444,37,rpm,0,0,0.0,36.8,0,0,0,3046,2.955,0,COM7
2,525464,37,rpm,0,0,0.0,36.8,0,0,0,3046,2.955,0,COM7
2,525485,37,rpm,0,0,0.0,36.8,0,0,0,3046,2.955,0,COM7
2,525505,37,rpm,0,0,0.0,36.8,0,0,0,3046,2.955,0,COM7
2,525526,37,rpm,0,0,0.0,36.8,0,0,0,3046,2.955,0,COM7
2,525546,37,rpm,0,0,0.0,36.8,0,0,0,3046,2.955,0,COM7
2,525567,37,rpm,0,0,0.0,36.8,0,0,0,3046,2.955,0,COM7
2,525587,37,rpm,0,0,0.0,36.8,0,0,0,3046,2.955,0,COM7
2,525607,37,rpm,0,0,0.0,36.8,0,0,0,3046,2.955,0,COM7
2,525628,37,rpm,0,0,0.0,36.8,0,0,0,3046,2.955,0,COM7
2,525648,37,rpm,0,0,0.0,36.8,0,0,0,3046,2.955,0,COM7
2,525669,37,rpm,0,0,0.0,36.8,0,0,0,3046,2.955,0,COM7
2,525689,37,rpm,0,0,0.0,36.8,0,0,0,3046,2.955,0,COM7
2,525710,37,rpm,0,0,0.0,36.8,0,0,0,3046,2.955,0,COM7
2,525730,37,rpm,0,0,0.0,36.8,0,0,0,3046,2.955,0,COM7
2,525751,37,rpm,0,0,0.0,36.8,0,0,0,3046,2.955,0,COM7
2,525771,37,rpm,0,0,0.0,36.8,0,0,0,3046,2.955,0,COM7
2,525791,37,rpm,0,0,0.0,36.8,0,0,0,3046,2.955,0,COM7
2,525812,37,rpm,0,0,0.0,36.8,0,0,0,3046,2.955,0,COM7
2,525832,37,rpm,0,0,0.0,36.8,0,0,0,3046,2.955,0,COM7
2,525853,37,rpm,0,0,0.0,36.8,0,0,0,3046,2.955,0,COM7
2,525873,37,rpm,0,0,0.0,36.8,0,0,0,3046,2.955,0,COM7
2,525894,37,rpm,0,0,0.0,36.8,0,0,0,3046,2.955,0,COM7
2,525914,37,rpm,0,0,0.0,36.8,0,0,0,3046,2.955,0,COM7
2,525935,37,rpm,0,0,0.0,36.8,0,0,0,3046,2.955,0,COM7
2,525955,37,rpm,0,0,0.0,36.8,0,0,0,3046,2.955,0,COM7
2,525976,37,rpm,0,0,0.0,36.8,0,0,0,3046,2.955,0,COM7
2,525996,37,rpm,0,0,0.0,36.8,0,0,0,3046,2.955,0,COM7
2,526017,37,rpm,0,0,0.0,36.8,0,0,0,3046,2.955,0,COM7
2,526037,37,rpm,0,0,0.0,36.8,0,0,0,3046,2.955,0,COM7
2,526057,37,rpm,0,0,0.0,36.8,0,0,0,3046,2.955,0,COM7
2,526078,37,rpm,0,0,0.0,36.8,0,0,0,3046,2.955,0,COM7
2,526098,37,rpm,0,0,0.0,36.8,0,0,0,3046,2.955,0,COM7
2,526119,37,rpm,0,0,0.0,36.8,0,0,0,3046,2.955,0,COM7
2,526139,37,rpm,0,0,0.0,36.8,0,0,0,3046,2.955,0,COM7
2,526160,37,rpm,0,0,0.0,36.8,0,0,0,3046,2.955,0,COM7
2,526180,37,rpm,0,0,0.0,36.8,0,0,0,3046,2.955,0,COM7
2,526201,37,rpm,0,0,0.0,36.8,0,0,0,3046,2.955,0,COM7
2,526221,37,rpm,0,0,0.0,36.8,0,0,0,3046,2.955,0,COM7
2,526242,37,rpm,0,0,0.0,36.8,0,0,0,3046,2.955,0,COM7
2,526262,37,rpm,0,0,0.0,36.8,0,0,0,3046,2.955,0,COM7
2,526283,37,rpm,0,0,0.0,36.8,0,0,0,3046,2.955,0,COM7
2,526303,37,rpm,0,0,0.0,36.8,0,0,0,3046,2.955,0,COM7
2,526324,37,rpm,0,0,0.0,36.8,0,0,0,3046,2.955,0,COM7
2,526344,37,rpm,0,0,0.0,36.8,0,0,0,3046,2.955,0,COM7
2,526364,37,rpm,0,0,0.0,36.8,0,0,0,3046,2.955,0,COM7
2,526385,37,rpm,0,0,0.0,36.8,0,0,0,3046,2.955,0,COM7
2,526405,37,rpm,0,0,0.0,36.8,0,0,0,3046,2.955,0,COM7
2,526426,37,rpm,0,0,0.0,36.8,0,0,0,3046,2.955,0,COM7
2,526446,37,rpm,0,0,0.0,36.8,0,0,0,3046,2.955,0,COM7
2,526467,37,rpm,0,0,0.0,36.8,0,0,0,3046,2.955,0,COM7
2,526487,37,rpm,0,0,0.0,36.8,0,0,0,3046,2.955,0,COM7
2,526508,37,rpm,0,0,0.0,36.8,0,0,0,3046,2.955,0,COM7
2,526528,37,rpm,0,0,0.0,36.8,0,0,0,3046,2.955,0,COM7
2,526549,37,rpm,0,0,0.0,36.8,0,0,0,3046,2.955,0,COM7
2,526569,37,rpm,0,0,0.0,36.8,0,0,0,3046,2.955,0,COM7
2,526590,37,rpm,0,0,0.0,36.8,0,0,0,3046,2.955,0,COM7
2,526610,37,rpm,0,0,0.0,36.8,0,0,0,3046,2.955,0,COM7
2,526631,37,rpm,0,0,0.0,36.8,0,0,0,3046,2.955,0,COM7
2,526651,37,rpm,0,0,0.0,36.8,0,0,0,3046,2.955,0,COM7
2,526671,37,rpm,0,0,0.0,36.8,0,0,0,3046,2.955,0,COM7
2,526692,37,rpm,0,0,0.0,36.8,0,0,0,3046,2.955,0,COM7
2,526712,37,rpm,0,0,0.0,36.8,0,0,0,3046,2.955,0,COM7
2,526733,37,rpm,0,0,0.0,36.8,0,0,0,3046,2.955,0,COM7
2,526753,37,rpm,0,0,0.0,36.8,0,0,0,3046,2.955,0,COM7
2,526774,37,rpm,0,0,0.0,36.8,0,0,0,3046,2.955,0,COM7
2,526794,37,rpm,0,0,0.0,36.8,0,0,0,3046,2.955,0,COM7
2,526815,37,rpm,0,0,0.0,36.8,0,0,0,3046,2.955,0,COM7
2,526835,37,rpm,0,0,0.0,36.8,0,0,0,3046,2.955,0,COM7
2,526855,37,rpm,0,0,0.0,36.8,0,0,0,3046,2.955,0,COM7
2,526876,37,rpm,0,0,0.0,36.8,0,0,0,3046,2.955,0,COM7
2,526896,37,rpm,0,0,0.0,36.8,0,0,0,3046,2.955,0,COM7
2,526917,37,rpm,0,0,0.0,36.8,0,0,0,3046,2.955,0,COM7
2,526937,37,rpm,0,0,0.0,36.8,0,0,0,3046,2.955,0,COM7
2,526958,37,rpm,0,0,0.0,36.8,0,0,0,3046,2.955,0,COM7
2,526978,37,rpm,0,0,0.0,36.8,0,0,0,3046,2.955,0,COM7
2,526999,37,rpm,0,0,0.0,36.8,0,0,0,3046,2.955,0,COM7
2,527019,37,rpm,0,0,0.0,36.8,0,0,0,3046,2.955,0,COM7
2,527040,37,rpm,0,0,0.0,36.8,0,0,0,3046,2.955,0,COM7
2,527060,37,rpm,0,0,0.0,36.8,0,0,0,3046,2.955,0,COM7
2,527080,37,rpm,0,0,0.0,36.8,0,0,0,3046,2.955,0,COM7
2,527101,37,rpm,0,0,0.0,36.8,0,0,0,3046,2.955,0,COM7
2,527121,37,rpm,0,0,0.0,36.8,0,0,0,3046,2.955,0,COM7
2,527142,37,rpm,0,0,0.0,36.8,0,0,0,3046,2.955,0,COM7
2,527162,37,rpm,0,0,0.0,36.8,0,0,0,3046,2.955,0,COM7
2,527183,37,rpm,0,0,0.0,36.8,0,0,0,3046,2.955,0,COM7
2,527203,37,rpm,0,0,0.0,36.8,0,0,0,3046,2.955,0,COM7
2,527224,37,rpm,0,0,0.0,36.8,0,0,0,3046,2.955,0,COM7
2,527244,37,rpm,0,0,0.0,36.8,0,0,0,3046,2.955,0,COM7
2,527265,37,rpm,0,0,0.0,36.8,0,0,0,3046,2.955,0,COM7
2,527285,37,rpm,0,0,0.0,36.8,0,0,0,3046,2.955,0,COM7
2,527305,37,rpm,0,0,0.0,36.8,0,0,0,3046,2.955,0,COM7
2,527326,37,rpm,0,0,0.0,36.8,0,0,0,3046,2.955,0,COM7
2,527346,37,rpm,0,0,0.0,36.8,0,0,0,3046,2.955,0,COM7
2,527367,37,rpm,0,0,0.0,36.8,0,0,0,3046,2.955,0,COM7
2,527387,37,rpm,0,0,0.0,36.8,0,0,0,3046,2.955,0,COM7
2,527408,37,rpm,0,0,0.0,36.8,0,0,0,3046,2.955,0,COM7
2,527428,37,rpm,0,0,0.0,36.8,0,0,0,3046,2.955,0,COM7
2,527449,37,rpm,0,0,0.0,36.8,0,0,0,3046,2.955,0,COM7
2,527469,37,rpm,0,0,0.0,36.8,0,0,0,3046,2.955,0,COM7
2,527490,37,rpm,0,0,0.0,36.8,0,0,0,3046,2.955,0,COM7
2,527510,37,rpm,0,0,0.0,36.8,0,0,0,3046,2.955,0,COM7
2,527530,37,rpm,0,0,0.0,36.8,0,0,0,3046,2.955,0,COM7
2,527551,37,rpm,0,0,0.0,36.8,0,0,0,3046,2.955,0,COM7
2,527571,37,rpm,0,0,0.0,36.8,0,0,0,3046,2.955,0,COM7
2,527592,37,rpm,0,0,0.0,36.8,0,0,0,3046,2.955,0,COM7
2,527612,37,rpm,0,0,0.0,36.8,0,0,0,3046,2.955,0,COM7
2,527632,37,rpm,0,0,0.0,36.8,0,0,0,3046,2.955,0,COM7
2,527653,37,rpm,0,0,0.0,36.8,0,0,0,3046,2.955,0,COM7
2,527673,37,rpm,0,0,0.0,36.8,0,0,0,3046,2.955,0,COM7
2,527694,37,rpm,0,0,0.0,36.8,0,0,0,3046,2.955,0,COM7
2,527714,37,rpm,0,0,0.0,36.8,0,0,0,3046,2.955,0,COM7
2,527735,37,rpm,0,0,0.0,36.8,0,0,0,3046,2.955,0,COM7
2,527755,37,rpm,0,0,0.0,36.8,0,0,0,3046,2.955,0,COM7
2,527776,37,rpm,0,0,0.0,36.8,0,0,0,3046,2.955,0,COM7
2,527796,37,rpm,0,0,0.0,36.8,0,0,0,3046,2.955,0,COM7
2,527817,37,rpm,0,0,0.0,36.8,0,0,0,3046,2.955,0,COM7
2,527837,37,rpm,0,0,0.0,36.8,0,0,0,3046,2.955,0,COM7
2,527857,37,rpm,0,0,0.0,36.8,0,0,0,3046,2.955,0,COM7
2,527878,37,rpm,0,0,0.0,36.8,0,0,0,3046,2.955,0,COM7
2,527898,37,rpm,0,0,0.0,36.8,0,0,0,3046,2.955,0,COM7
2,527919,37,rpm,0,0,0.0,36.8,0,0,0,3046,2.955,0,COM7
2,527939,37,rpm,0,0,0.0,36.8,0,0,0,3046,2.955,0,COM7
2,527960,37,rpm,0,0,0.0,36.8,0,0,0,3046,2.955,0,COM7
2,527980,37,rpm,0,0,0.0,36.8,0,0,0,3046,2.955,0,COM7
2,528000,37,rpm,0,0,0.0,36.8,0,0,0,3046,2.955,0,COM7
2,528021,37,rpm,0,0,0.0,36.8,0,0,0,3046,2.955,0,COM7
2,528041,37,rpm,0,0,0.0,36.8,0,0,0,3046,2.955,0,COM7
2,528062,37,rpm,0,0,0.0,36.8,0,0,0,3046,2.955,0,COM7
2,528082,37,rpm,0,0,0.0,36.8,0,0,0,3046,2.955,0,COM7
2,528103,37,rpm,0,0,0.0,36.8,0,0,0,3046,2.955,0,COM7
2,528123,37,rpm,0,0,0.0,36.8,0,0,0,3046,2.955,0,COM7
2,528144,37,rpm,0,0,0.0,36.8,0,0,0,3046,2.955,0,COM7
2,528164,37,rpm,0,0,0.0,36.8,0,0,0,3046,2.955,0,COM7
2,528185,37,rpm,0,0,0.0,36.8,0,0,0,3046,2.955,0,COM7
2,528205,37,rpm,0,0,0.0,36.8,0,0,0,3046,2.955,0,COM7
2,528225,37,rpm,0,0,0.0,36.8,0,0,0,3046,2.955,0,COM7
2,528246,37,rpm,0,0,0.0,36.8,0,0,0,3046,2.955,0,COM7
2,528266,37,rpm,0,0,0.0,36.8,0,0,0,3046,2.955,0,COM7
2,528287,37,rpm,0,0,0.0,36.8,0,0,0,3046,2.955,0,COM7
2,528307,37,rpm,0,0,0.0,36.8,0,0,0,3046,2.955,0,COM7
2,528328,37,rpm,0,0,0.0,36.8,0,0,0,3046,2.955,0,COM7
2,528348,37,rpm,0,0,0.0,36.8,0,0,0,3046,2.955,0,COM7
2,528369,37,rpm,0,0,0.0,36.8,0,0,0,3046,2.955,0,COM7
2,528389,37,rpm,0,0,0.0,36.8,0,0,0,3046,2.955,0,COM7
2,528410,37,rpm,0,0,0.0,36.8,0,0,0,3046,2.955,0,COM7
2,528430,37,rpm,0,0,0.0,36.8,0,0,0,3046,2.955,0,COM7
2,528450,37,rpm,0,0,0.0,36.8,0,0,0,3046,2.955,0,COM7
2,528471,37,rpm,0,0,0.0,36.8,0,0,0,3046,2.955,0,COM7
2,528491,37,rpm,0,0,0.0,36.8,0,0,0,3046,2.955,0,COM7
2,528512,37,rpm,0,0,0.0,36.8,0,0,0,3046,2.955,0,COM7
2,528532,37,rpm,0,0,0.0,36.8,0,0,0,3046,2.955,0,COM7
2,528553,37,rpm,0,0,0.0,36.8,0,0,0,3046,2.955,0,COM7
2,528573,37,rpm,0,0,0.0,36.8,0,0,0,3046,2.955,0,COM7
2,528594,37,rpm,0,0,0.0,36.8,0,0,0,3046,2.955,0,COM7
2,528614,37,rpm,0,0,0.0,36.8,0,0,0,3046,2.955,0,COM7
2,528635,37,rpm,0,0,0.0,36.8,0,0,0,3046,2.955,0,COM7
2,528655,37,rpm,0,0,0.0,36.8,0,0,0,3046,2.955,0,COM7
2,528675,37,rpm,0,0,0.0,36.8,0,0,0,3046,2.955,0,COM7
2,528696,37,rpm,0,0,0.0,36.8,0,0,0,3046,2.955,0,COM7
2,528716,37,rpm,0,0,0.0,36.8,0,0,0,3046,2.955,0,COM7
2,528737,37,rpm,0,0,0.0,36.8,0,0,0,3046,2.955,0,COM7
2,528757,37,rpm,0,0,0.0,36.8,0,0,0,3046,2.955,0,COM7
2,528778,37,rpm,0,0,0.0,36.8,0,0,0,3046,2.955,0,COM7
2,528798,37,rpm,0,0,0.0,36.8,0,0,0,3046,2.955,0,COM7
2,528819,37,rpm,0,0,0.0,36.8,0,0,0,3046,2.955,0,COM7
2,528839,37,rpm,0,0,0.0,36.8,0,0,0,3046,2.955,0,COM7
2,528860,37,rpm,0,0,0.0,36.8,0,0,0,3046,2.955,0,COM7
2,528880,37,rpm,0,0,0.0,36.8,0,0,0,3046,2.955,0,COM7
2,528901,37,rpm,0,0,0.0,36.8,0,0,0,3046,2.955,0,COM7
2,528921,37,rpm,0,0,0.0,36.8,0,0,0,3046,2.955,0,COM7
2,528941,37,rpm,0,0,0.0,36.8,0,0,0,3046,2.955,0,COM7
2,528962,37,rpm,0,0,0.0,36.8,0,0,0,3046,2.955,0,COM7
2,528982,37,rpm,0,0,0.0,36.8,0,0,0,3046,2.955,0,COM7
2,529003,37,rpm,0,0,0.0,36.8,0,0,0,3046,2.955,0,COM7
2,529023,37,rpm,0,0,0.0,36.8,0,0,0,3046,2.955,0,COM7
2,529044,37,rpm,0,0,0.0,36.8,0,0,0,3046,2.955,0,COM7
2,529064,37,rpm,0,0,0.0,36.8,0,0,0,3046,2.955,0,COM7
2,529085,37,rpm,0,0,0.0,36.8,0,0,0,3046,2.955,0,COM7
2,529105,37,rpm,0,0,0.0,36.8,0,0,0,3046,2.955,0,COM7
2,529125,37,rpm,0,0,0.0,36.8,0,0,0,3046,2.955,0,COM7
2,529146,37,rpm,0,0,0.0,36.8,0,0,0,3046,2.955,0,COM7
2,529166,37,rpm,0,0,0.0,36.8,0,0,0,3046,2.955,0,COM7
2,529187,37,rpm,0,0,0.0,36.8,0,0,0,3046,2.955,0,COM7
2,529207,37,rpm,0,0,0.0,36.8,0,0,0,3046,2.955,0,COM7
2,529228,37,rpm,0,0,0.0,36.8,0,0,0,3046,2.955,0,COM7
2,529248,37,rpm,0,0,0.0,36.8,0,0,0,3046,2.955,0,COM7
2,529269,37,rpm,0,0,0.0,36.8,0,0,0,3046,2.955,0,COM7
2,529289,37,rpm,0,0,0.0,36.8,0,0,0,3046,2.955,0,COM7
2,529310,37,rpm,0,0,0.0,36.8,0,0,0,3046,2.955,0,COM7
2,529330,37,rpm,0,0,0.0,36.8,0,0,0,3046,2.955,0,COM7
2,529351,37,rpm,0,0,0.0,36.8,0,0,0,3046,2.955,0,COM7
2,529371,37,rpm,0,0,0.0,36.8,0,0,0,3046,2.955,0,COM7
2,529392,37,rpm,0,0,0.0,36.8,0,0,0,3046,2.955,0,COM7
2,529412,37,rpm,0,0,0.0,36.8,0,0,0,3046,2.955,0,COM7
2,529433,37,rpm,0,0,0.0,36.8,0,0,0,3046,2.955,0,COM7
2,529453,37,rpm,0,0,0.0,36.8,0,0,0,3046,2.955,0,COM7
2,529473,37,rpm,0,0,0.0,36.8,0,0,0,3046,2.955,0,COM7
2,529494,37,rpm,0,0,0.0,36.8,0,0,0,3046,2.955,0,COM7
2,529514,37,rpm,0,0,0.0,36.8,0,0,0,3046,2.955,0,COM7
2,529535,37,rpm,0,0,0.0,36.8,0,0,0,3046,2.955,0,COM7
2,529555,37,rpm,0,0,0.0,36.8,0,0,0,3046,2.955,0,COM7
2,529576,37,rpm,0,0,0.0,36.8,0,0,0,3046,2.955,0,COM7
2,529596,37,rpm,0,0,0.0,36.8,0,0,0,3046,2.955,0,COM7
2,529616,37,rpm,0,0,0.0,36.8,0,0,0,3046,2.955,0,COM7
2,529637,37,rpm,0,0,0.0,36.8,0,0,0,3046,2.955,0,COM7
2,529657,37,rpm,0,0,0.0,36.8,0,0,0,3046,2.955,0,COM7
2,529678,37,rpm,0,0,0.0,36.8,0,0,0,3046,2.955,0,COM7
2,529698,37,rpm,0,0,0.0,36.8,0,0,0,3046,2.955,0,COM7
2,529719,37,rpm,0,0,0.0,36.8,0,0,0,3046,2.955,0,COM7
2,529739,37,rpm,0,0,0.0,36.8,0,0,0,3046,2.955,0,COM7
2,529760,37,rpm,0,0,0.0,36.8,0,0,0,3046,2.955,0,COM7
2,529780,37,rpm,0,0,0.0,36.8,0,0,0,3046,2.955,0,COM7
2,529801,37,rpm,0,0,0.0,36.8,0,0,0,3046,2.955,0,COM7
2,529821,37,rpm,0,0,0.0,36.8,0,0,0,3046,2.955,0,COM7
2,529842,37,rpm,0,0,0.0,36.8,0,0,0,3046,2.955,0,COM7
2,529862,37,rpm,0,0,0.0,36.8,0,0,0,3046,2.955,0,COM7
2,529882,37,rpm,0,0,0.0,36.8,0,0,0,3046,2.955,0,COM7
2,529903,37,rpm,0,0,0.0,36.8,0,0,0,3046,2.955,0,COM7
2,529923,37,rpm,0,0,0.0,36.8,0,0,0,3046,2.955,0,COM7
2,529944,37,rpm,0,0,0.0,36.8,0,0,0,3046,2.955,0,COM7
2,529964,37,rpm,0,0,0.0,36.8,0,0,0,3046,2.955,0,COM7
2,529985,37,rpm,0,0,0.0,36.8,0,0,0,3046,2.955,0,COM7
2,530005,37,rpm,0,0,0.0,36.8,0,0,0,3046,2.955,0,COM7
2,530026,37,rpm,0,0,0.0,36.8,0,0,0,3046,2.955,0,COM7
2,530046,37,rpm,0,0,0.0,36.8,0,0,0,3046,2.955,0,COM7
2,530066,37,rpm,0,0,0.0,36.8,0,0,0,3046,2.955,0,COM7
2,530087,37,rpm,0,0,0.0,36.8,0,0,0,3046,2.955,0,COM7
2,530107,37,rpm,0,0,0.0,36.8,0,0,0,3046,2.955,0,COM7
2,530128,37,rpm,0,0,0.0,36.8,0,0,0,3046,2.955,0,COM7
2,530148,37,rpm,0,0,0.0,36.8,0,0,0,3046,2.955,0,COM7
2,530168,37,rpm,0,0,0.0,36.8,0,0,0,3046,2.955,0,COM7
2,530189,37,rpm,0,0,0.0,36.8,0,0,0,3046,2.955,0,COM7
2,530209,37,rpm,0,0,0.0,36.8,0,0,0,3046,2.955,0,COM7
2,530230,37,rpm,0,0,0.0,36.8,0,0,0,3046,2.955,0,COM7
2,530250,37,rpm,0,0,0.0,36.8,0,0,0,3046,2.955,0,COM7
2,530271,37,rpm,0,0,0.0,36.8,0,0,0,3046,2.955,0,COM7
2,530291,37,rpm,0,0,0.0,36.8,0,0,0,3046,2.955,0,COM7
2,530312,37,rpm,0,0,0.0,36.8,0,0,0,3046,2.955,0,COM7
2,530332,37,rpm,0,0,0.0,36.8,0,0,0,3046,2.955,0,COM7
2,530353,37,rpm,0,0,0.0,36.8,0,0,0,3046,2.955,0,COM7
2,530373,37,rpm,0,0,0.0,36.8,0,0,0,3046,2.955,0,COM7
2,530393,37,rpm,0,0,0.0,36.8,0,0,0,3046,2.955,0,COM7
2,530414,37,rpm,0,0,0.0,36.8,0,0,0,3046,2.955,0,COM7
2,530434,37,rpm,0,0,0.0,36.8,0,0,0,3046,2.955,0,COM7
2,530455,37,rpm,0,0,0.0,36.8,0,0,0,3046,2.955,0,COM7
2,530475,37,rpm,0,0,0.0,36.8,0,0,0,3046,2.955,0,COM7
2,530496,37,rpm,0,0,0.0,36.8,0,0,0,3046,2.955,0,COM7
2,530516,37,rpm,0,0,0.0,36.8,0,0,0,3046,2.955,0,COM7
2,530537,37,rpm,0,0,0.0,36.8,0,0,0,3046,2.955,0,COM7
2,530557,37,rpm,0,0,0.0,36.8,0,0,0,3046,2.955,0,COM7
2,530578,37,rpm,0,0,0.0,36.8,0,0,0,3046,2.955,0,COM7
2,530598,37,rpm,0,0,0.0,36.8,0,0,0,3046,2.955,0,COM7
2,530618,37,rpm,0,0,0.0,36.8,0,0,0,3046,2.955,0,COM7
2,530639,37,rpm,0,0,0.0,36.8,0,0,0,3046,2.955,0,COM7
2,530659,37,rpm,0,0,0.0,36.8,0,0,0,3046,2.955,0,COM7
2,530680,37,rpm,0,0,0.0,36.8,0,0,0,3046,2.955,0,COM7
2,530700,37,rpm,0,0,0.0,36.8,0,0,0,3046,2.955,0,COM7
2,530721,37,rpm,0,0,0.0,36.8,0,0,0,3046,2.955,0,COM7
2,530741,37,rpm,0,0,0.0,36.8,0,0,0,3046,2.955,0,COM7
2,530762,37,rpm,0,0,0.0,36.8,0,0,0,3046,2.955,0,COM7
2,530782,37,rpm,0,0,0.0,36.8,0,0,0,3046,2.955,0,COM7
2,530802,37,rpm,0,0,0.0,36.8,0,0,0,3046,2.955,0,COM7
2,530823,37,rpm,0,0,0.0,36.8,0,0,0,3046,2.955,0,COM7
2,530843,37,rpm,0,0,0.0,36.8,0,0,0,3046,2.955,0,COM7
2,530864,37,rpm,0,0,0.0,36.8,0,0,0,3046,2.955,0,COM7
2,530884,37,rpm,0,0,0.0,36.8,0,0,0,3046,2.955,0,COM7
2,530905,37,rpm,0,0,0.0,36.8,0,0,0,3046,2.955,0,COM7
2,530925,37,rpm,0,0,0.0,36.8,0,0,0,3046,2.955,0,COM7
2,530946,37,rpm,0,0,0.0,36.8,0,0,0,3046,2.955,0,COM7
2,530966,37,rpm,0,0,0.0,36.8,0,0,0,3046,2.955,0,COM7
2,530986,37,rpm,0,0,0.0,36.8,0,0,0,3046,2.955,0,COM7
2,531007,37,rpm,0,0,0.0,36.8,0,0,0,3046,2.955,0,COM7
2,531027,37,rpm,0,0,0.0,36.8,0,0,0,3046,2.955,0,COM7
2,531048,37,rpm,0,0,0.0,36.8,0,0,0,3046,2.955,0,COM7
2,531068,37,rpm,0,0,0.0,36.8,0,0,0,3046,2.955,0,COM7
2,531089,37,rpm,0,0,0.0,36.8,0,0,0,3046,2.955,0,COM7
2,531109,37,rpm,0,0,0.0,36.8,0,0,0,3046,2.955,0,COM7
2,531129,37,rpm,0,0,0.0,36.8,0,0,0,3046,2.955,0,COM7
2,531150,37,rpm,0,0,0.0,36.8,0,0,0,3046,2.955,0,COM7
2,531170,37,rpm,0,0,0.0,36.8,0,0,0,3046,2.955,0,COM7
2,531191,37,rpm,0,0,0.0,36.8,0,0,0,3046,2.955,0,COM7
2,531211,37,rpm,0,0,0.0,36.8,0,0,0,3046,2.955,0,COM7
2,531232,37,rpm,0,0,0.0,36.8,0,0,0,3046,2.955,0,COM7
2,531252,37,rpm,0,0,0.0,36.8,0,0,0,3046,2.955,0,COM7
2,531272,37,rpm,0,0,0.0,36.8,0,0,0,3046,2.955,0,COM7
2,531293,37,rpm,0,0,0.0,36.8,0,0,0,3046,2.955,0,COM7
2,531313,37,rpm,0,0,0.0,36.8,0,0,0,3046,2.955,0,COM7
2,531334,37,rpm,0,0,0.0,36.8,0,0,0,3046,2.955,0,COM7
2,531354,37,rpm,0,0,0.0,36.8,0,0,0,3046,2.955,0,COM7
2,531375,37,rpm,0,0,0.0,36.8,0,0,0,3046,2.955,0,COM7
2,531395,37,rpm,0,0,0.0,36.8,0,0,0,3046,2.955,0,COM7
2,531416,37,rpm,0,0,0.0,36.8,0,0,0,3046,2.955,0,COM7
2,531436,37,rpm,0,0,0.0,36.8,0,0,0,3046,2.955,0,COM7
2,531457,37,rpm,0,0,0.0,36.8,0,0,0,3046,2.955,0,COM7
2,531477,37,rpm,0,0,0.0,36.8,0,0,0,3046,2.955,0,COM7
2,531498,37,rpm,0,0,0.0,36.8,0,0,0,3046,2.955,0,COM7
2,531518,37,rpm,0,0,0.0,36.8,0,0,0,3046,2.955,0,COM7
2,531538,37,rpm,0,0,0.0,36.8,0,0,0,3046,2.955,0,COM7
2,531559,37,rpm,0,0,0.0,36.8,0,0,0,3046,2.955,0,COM7
2,531579,37,rpm,0,0,0.0,36.8,0,0,0,3046,2.955,0,COM7
2,531600,37,rpm,0,0,0.0,36.8,0,0,0,3046,2.955,0,COM7
2,531620,37,rpm,0,0,0.0,36.8,0,0,0,3046,2.955,0,COM7
2,531641,37,rpm,0,0,0.0,36.8,0,0,0,3046,2.955,0,COM7
2,531661,37,rpm,0,0,0.0,36.8,0,0,0,3046,2.955,0,COM7
2,531682,37,rpm,0,0,0.0,36.8,0,0,0,3046,2.955,0,COM7
2,531702,37,rpm,0,0,0.0,36.8,0,0,0,3046,2.955,0,COM7
2,531723,37,rpm,0,0,0.0,36.8,0,0,0,3046,2.955,0,COM7
2,531743,37,rpm,0,0,0.0,36.8,0,0,0,3046,2.955,0,COM7
2,531764,37,rpm,0,0,0.0,36.8,0,0,0,3046,2.955,0,COM7
2,531784,37,rpm,0,0,0.0,36.8,0,0,0,3046,2.955,0,COM7
2,531804,37,rpm,0,0,0.0,36.8,0,0,0,3046,2.955,0,COM7
2,531825,37,rpm,0,0,0.0,36.8,0,0,0,3046,2.955,0,COM7
2,531845,37,rpm,0,0,0.0,36.8,0,0,0,3046,2.955,0,COM7
2,531866,37,rpm,0,0,0.0,36.8,0,0,0,3046,2.955,0,COM7
2,531886,37,rpm,0,0,0.0,36.8,0,0,0,3046,2.955,0,COM7
2,531907,37,rpm,0,0,0.0,36.8,0,0,0,3046,2.955,0,COM7
2,531927,37,rpm,0,0,0.0,36.8,0,0,0,3046,2.955,0,COM7
2,531948,37,rpm,0,0,0.0,36.8,0,0,0,3046,2.955,0,COM7
2,531968,37,rpm,0,0,0.0,36.8,0,0,0,3046,2.955,0,COM7
2,531989,37,rpm,0,0,0.0,36.8,0,0,0,3046,2.955,0,COM7
2,532009,37,rpm,0,0,0.0,36.8,0,0,0,3046,2.955,0,COM7
2,532030,37,rpm,0,0,0.0,36.8,0,0,0,3046,2.955,0,COM7
2,532050,37,rpm,0,0,0.0,36.8,0,0,0,3046,2.955,0,COM7
2,532070,37,rpm,0,0,0.0,36.8,0,0,0,3046,2.955,0,COM7
2,532091,37,rpm,0,0,0.0,36.8,0,0,0,3046,2.955,0,COM7
2,532111,37,rpm,0,0,0.0,36.8,0,0,0,3046,2.955,0,COM7
2,532132,37,rpm,0,0,0.0,36.8,0,0,0,3046,2.955,0,COM7
2,532152,37,rpm,0,0,0.0,36.8,0,0,0,3046,2.955,0,COM7
2,532173,37,rpm,0,0,0.0,36.8,0,0,0,3046,2.955,0,COM7
2,532193,37,rpm,0,0,0.0,36.8,0,0,0,3046,2.955,0,COM7
2,532214,37,rpm,0,0,0.0,36.8,0,0,0,3046,2.955,0,COM7
2,532234,37,rpm,0,0,0.0,36.8,0,0,0,3046,2.955,0,COM7
2,532254,37,rpm,0,0,0.0,36.8,0,0,0,3046,2.955,0,COM7
2,532275,37,rpm,0,0,0.0,36.8,0,0,0,3046,2.955,0,COM7
2,532295,37,rpm,0,0,0.0,36.8,0,0,0,3046,2.955,0,COM7
2,532316,37,rpm,0,0,0.0,36.8,0,0,0,3046,2.955,0,COM7
2,532336,37,rpm,0,0,0.0,36.8,0,0,0,3046,2.955,0,COM7
2,532357,37,rpm,0,0,0.0,36.8,0,0,0,3046,2.955,0,COM7
2,532377,37,rpm,0,0,0.0,36.8,0,0,0,3046,2.955,0,COM7
2,532397,37,rpm,0,0,0.0,36.8,0,0,0,3046,2.955,0,COM7
2,532418,37,rpm,0,0,0.0,36.8,0,0,0,3046,2.955,0,COM7
2,532438,37,rpm,0,0,0.0,36.8,0,0,0,3046,2.955,0,COM7
2,532459,37,rpm,0,0,0.0,36.8,0,0,0,3046,2.955,0,COM7
2,532479,37,rpm,0,0,0.0,36.8,0,0,0,3046,2.955,0,COM7
2,532500,37,rpm,0,0,0.0,36.8,0,0,0,3046,2.955,0,COM7
2,532520,37,rpm,0,0,0.0,36.8,0,0,0,3046,2.955,0,COM7
2,532541,37,rpm,0,0,0.0,36.8,0,0,0,3046,2.955,0,COM7
2,532561,37,rpm,0,0,0.0,36.8,0,0,0,3046,2.955,0,COM7
2,532582,37,rpm,0,0,0.0,36.8,0,0,0,3046,2.955,0,COM7
2,532602,37,rpm,0,0,0.0,36.8,0,0,0,3046,2.955,0,COM7
2,532622,37,rpm,0,0,0.0,36.8,0,0,0,3046,2.955,0,COM7
2,532643,37,rpm,0,0,0.0,36.8,0,0,0,3046,2.955,0,COM7
2,532663,37,rpm,0,0,0.0,36.8,0,0,0,3046,2.955,0,COM7
2,532684,37,rpm,0,0,0.0,36.8,0,0,0,3046,2.955,0,COM7
2,532704,37,rpm,0,0,0.0,36.8,0,0,0,3046,2.955,0,COM7
2,532725,37,rpm,0,0,0.0,36.8,0,0,0,3046,2.955,0,COM7
2,532745,37,rpm,0,0,0.0,36.8,0,0,0,3046,2.955,0,COM7
2,532766,37,rpm,0,0,0.0,36.8,0,0,0,3046,2.955,0,COM7
2,532786,37,rpm,0,0,0.0,36.8,0,0,0,3046,2.955,0,COM7
2,532807,37,rpm,0,0,0.0,36.8,0,0,0,3046,2.955,0,COM7
2,532827,37,rpm,0,0,0.0,36.8,0,0,0,3046,2.955,0,COM7
2,532848,37,rpm,0,0,0.0,36.8,0,0,0,3046,2.955,0,COM7
2,532868,37,rpm,0,0,0.0,36.8,0,0,0,3046,2.955,0,COM7
2,532889,37,rpm,0,0,0.0,36.8,0,0,0,3046,2.955,0,COM7
2,532909,37,rpm,0,0,0.0,36.8,0,0,0,3046,2.955,0,COM7
2,532929,37,rpm,0,0,0.0,36.8,0,0,0,3046,2.955,0,COM7
2,532950,37,rpm,0,0,0.0,36.8,0,0,0,3046,2.955,0,COM7
2,532970,37,rpm,0,0,0.0,36.8,0,0,0,3046,2.955,0,COM7
2,532991,37,rpm,0,0,0.0,36.8,0,0,0,3046,2.955,0,COM7
2,533011,37,rpm,0,0,0.0,36.8,0,0,0,3046,2.955,0,COM7
2,533032,37,rpm,0,0,0.0,36.8,0,0,0,3046,2.955,0,COM7
2,533052,37,rpm,0,0,0.0,36.8,0,0,0,3046,2.955,0,COM7
2,533073,37,rpm,0,0,0.0,36.8,0,0,0,3046,2.955,0,COM7
2,533093,37,rpm,0,0,0.0,36.8,0,0,0,3046,2.955,0,COM7
2,533113,37,rpm,0,0,0.0,36.8,0,0,0,3046,2.955,0,COM7
2,533134,37,rpm,0,0,0.0,36.8,0,0,0,3046,2.955,0,COM7
2,533154,37,rpm,0,0,0.0,36.8,0,0,0,3046,2.955,0,COM7
2,533175,37,rpm,0,0,0.0,36.8,0,0,0,3046,2.955,0,COM7
2,533195,37,rpm,0,0,0.0,36.8,0,0,0,3046,2.955,0,COM7
2,533216,37,rpm,0,0,0.0,36.8,0,0,0,3046,2.955,0,COM7
2,533236,37,rpm,0,0,0.0,36.8,0,0,0,3046,2.955,0,COM7
2,533257,37,rpm,0,0,0.0,36.8,0,0,0,3046,2.955,0,COM7
2,533277,37,rpm,0,0,0.0,36.8,0,0,0,3046,2.955,0,COM7
2,533297,37,rpm,0,0,0.0,36.8,0,0,0,3046,2.955,0,COM7
2,533318,37,rpm,0,0,0.0,36.8,0,0,0,3046,2.955,0,COM7
2,533338,37,rpm,0,0,0.0,36.8,0,0,0,3046,2.955,0,COM7
2,533359,37,rpm,0,0,0.0,36.8,0,0,0,3046,2.955,0,COM7
2,533379,37,rpm,0,0,0.0,36.8,0,0,0,3046,2.955,0,COM7
2,533400,37,rpm,0,0,0.0,36.8,0,0,0,3046,2.955,0,COM7
2,533420,37,rpm,0,0,0.0,36.8,0,0,0,3046,2.955,0,COM7
2,533440,37,rpm,0,0,0.0,36.8,0,0,0,3046,2.955,0,COM7
2,533461,37,rpm,0,0,0.0,36.8,0,0,0,3046,2.955,0,COM7
2,533481,37,rpm,0,0,0.0,36.8,0,0,0,3046,2.955,0,COM7
2,533502,37,rpm,0,0,0.0,36.8,0,0,0,3046,2.955,0,COM7
2,533522,37,rpm,0,0,0.0,36.8,0,0,0,3046,2.955,0,COM7
2,533543,37,rpm,0,0,0.0,36.8,0,0,0,3046,2.955,0,COM7
2,533563,37,rpm,0,0,0.0,36.8,0,0,0,3046,2.955,0,COM7
2,533584,37,rpm,0,0,0.0,36.8,0,0,0,3046,2.955,0,COM7
2,533604,37,rpm,0,0,0.0,36.8,0,0,0,3046,2.955,0,COM7
2,533625,37,rpm,0,0,0.0,36.8,0,0,0,3046,2.955,0,COM7
2,533645,37,rpm,0,0,0.0,36.8,0,0,0,3046,2.955,0,COM7
2,533665,37,rpm,0,0,0.0,36.8,0,0,0,3046,2.955,0,COM7
2,533686,37,rpm,0,0,0.0,36.8,0,0,0,3046,2.955,0,COM7
2,533706,37,rpm,0,0,0.0,36.8,0,0,0,3046,2.955,0,COM7
2,533727,37,rpm,0,0,0.0,36.8,0,0,0,3046,2.955,0,COM7
2,533747,37,rpm,0,0,0.0,36.8,0,0,0,3046,2.955,0,COM7
2,533768,37,rpm,0,0,0.0,36.8,0,0,0,3046,2.955,0,COM7
2,533788,37,rpm,0,0,0.0,36.8,0,0,0,3046,2.955,0,COM7
2,533809,37,rpm,0,0,0.0,36.8,0,0,0,3046,2.955,0,COM7
2,533829,37,rpm,0,0,0.0,36.8,0,0,0,3046,2.955,0,COM7
2,533849,37,rpm,0,0,0.0,36.8,0,0,0,3046,2.955,0,COM7
2,533870,37,rpm,0,0,0.0,36.8,0,0,0,3046,2.955,0,COM7
2,533890,37,rpm,0,0,0.0,36.8,0,0,0,3046,2.955,0,COM7
2,533911,37,rpm,0,0,0.0,36.8,0,0,0,3046,2.955,0,COM7
2,533931,37,rpm,0,0,0.0,36.8,0,0,0,3046,2.955,0,COM7
2,533952,37,rpm,0,0,0.0,36.8,0,0,0,3046,2.955,0,COM7
2,533972,37,rpm,0,0,0.0,36.8,0,0,0,3046,2.955,0,COM7
2,533992,37,rpm,0,0,0.0,36.8,0,0,0,3046,2.955,0,COM7
2,534013,37,rpm,0,0,0.0,36.8,0,0,0,3046,2.955,0,COM7
2,534033,37,rpm,0,0,0.0,36.8,0,0,0,3046,2.955,0,COM7
2,534054,37,rpm,0,0,0.0,36.8,0,0,0,3046,2.955,0,COM7
2,534074,37,rpm,0,0,0.0,36.8,0,0,0,3046,2.955,0,COM7
2,534095,37,rpm,0,0,0.0,36.8,0,0,0,3046,2.955,0,COM7
2,534115,37,rpm,0,0,0.0,36.8,0,0,0,3046,2.955,0,COM7
2,534136,37,rpm,0,0,0.0,36.8,0,0,0,3046,2.955,0,COM7
2,534156,37,rpm,0,0,0.0,36.8,0,0,0,3046,2.955,0,COM7
2,534176,37,rpm,0,0,0.0,36.8,0,0,0,3046,2.955,0,COM7
2,534197,37,rpm,0,0,0.0,36.8,0,0,0,3046,2.955,0,COM7
2,534217,37,rpm,0,0,0.0,36.8,0,0,0,3046,2.955,0,COM7
2,534238,37,rpm,0,0,0.0,36.8,0,0,0,3046,2.955,0,COM7
2,534258,37,rpm,0,0,0.0,36.8,0,0,0,3046,2.955,0,COM7
2,534279,37,rpm,0,0,0.0,36.8,0,0,0,3046,2.955,0,COM7
2,534299,37,rpm,0,0,0.0,36.8,0,0,0,3046,2.955,0,COM7
2,534320,37,rpm,0,0,0.0,36.8,0,0,0,3046,2.955,0,COM7
2,534340,37,rpm,0,0,0.0,36.8,0,0,0,3046,2.955,0,COM7
2,534361,37,rpm,0,0,0.0,36.8,0,0,0,3046,2.955,0,COM7
2,534381,37,rpm,0,0,0.0,36.8,0,0,0,3046,2.955,0,COM7
2,534401,37,rpm,0,0,0.0,36.8,0,0,0,3046,2.955,0,COM7
2,534422,37,rpm,0,0,0.0,36.8,0,0,0,3046,2.955,0,COM7
2,534442,37,rpm,0,0,0.0,36.8,0,0,0,3046,2.955,0,COM7
2,534463,37,rpm,0,0,0.0,36.8,0,0,0,3046,2.955,0,COM7
2,534483,37,rpm,0,0,0.0,36.8,0,0,0,3046,2.955,0,COM7
2,534504,37,rpm,0,0,0.0,36.8,0,0,0,3046,2.955,0,COM7
2,534524,37,rpm,0,0,0.0,36.8,0,0,0,3046,2.955,0,COM7
2,534545,37,rpm,0,0,0.0,36.8,0,0,0,3046,2.955,0,COM7
2,534565,37,rpm,0,0,0.0,36.8,0,0,0,3046,2.955,0,COM7
2,534585,37,rpm,0,0,0.0,36.8,0,0,0,3046,2.955,0,COM7
2,534606,37,rpm,0,0,0.0,36.8,0,0,0,3046,2.955,0,COM7
2,534626,37,rpm,0,0,0.0,36.8,0,0,0,3046,2.955,0,COM7
2,534647,37,rpm,0,0,0.0,36.8,0,0,0,3046,2.955,0,COM7
2,534667,37,rpm,0,0,0.0,36.8,0,0,0,3046,2.955,0,COM7
2,534688,37,rpm,0,0,0.0,36.8,0,0,0,3046,2.955,0,COM7
2,534708,37,rpm,0,0,0.0,36.8,0,0,0,3046,2.955,0,COM7
2,534729,37,rpm,0,0,0.0,36.8,0,0,0,3046,2.955,0,COM7
2,534749,37,rpm,0,0,0.0,36.8,0,0,0,3046,2.955,0,COM7
2,534769,37,rpm,0,0,0.0,36.8,0,0,0,3046,2.955,0,COM7
2,534790,37,rpm,0,0,0.0,36.8,0,0,0,3046,2.955,0,COM7
2,534810,37,rpm,0,0,0.0,36.8,0,0,0,3046,2.955,0,COM7
2,534831,37,rpm,0,0,0.0,36.8,0,0,0,3046,2.955,0,COM7
2,534851,37,rpm,0,0,0.0,36.8,0,0,0,3046,2.955,0,COM7
2,534872,37,rpm,0,0,0.0,36.8,0,0,0,3046,2.955,0,COM7
2,534892,37,rpm,0,0,0.0,36.8,0,0,0,3046,2.955,0,COM7
2,534913,37,rpm,0,0,0.0,36.8,0,0,0,3046,2.955,0,COM7
2,534933,37,rpm,0,0,0.0,36.8,0,0,0,3046,2.955,0,COM7
2,534953,37,rpm,0,0,0.0,36.8,0,0,0,3046,2.955,0,COM7
2,534974,37,rpm,0,0,0.0,36.8,0,0,0,3046,2.955,0,COM7
2,534994,37,rpm,0,0,0.0,36.8,0,0,0,3046,2.955,0,COM7
2,535015,37,rpm,0,0,0.0,36.8,0,0,0,3046,2.955,0,COM7
2,535035,37,rpm,0,0,0.0,36.8,0,0,0,3046,2.955,0,COM7
2,535055,37,rpm,0,0,0.0,36.8,0,0,0,3046,2.955,0,COM7
2,535076,37,rpm,0,0,0.0,36.8,0,0,0,3046,2.955,0,COM7
2,535096,37,rpm,0,0,0.0,36.8,0,0,0,3046,2.955,0,COM7
2,535117,37,rpm,0,0,0.0,36.8,0,0,0,3046,2.955,0,COM7
2,535137,37,rpm,0,0,0.0,36.8,0,0,0,3046,2.955,0,COM7
2,535158,37,rpm,0,0,0.0,36.8,0,0,0,3046,2.955,0,COM7
2,535178,37,rpm,0,0,0.0,36.8,0,0,0,3046,2.955,0,COM7
2,535199,37,rpm,0,0,0.0,36.8,0,0,0,3046,2.955,0,COM7
2,535219,37,rpm,0,0,0.0,36.8,0,0,0,3046,2.955,0,COM7
2,535240,37,rpm,0,0,0.0,36.8,0,0,0,3046,2.955,0,COM7
2,535260,37,rpm,0,0,0.0,36.8,0,0,0,3046,2.955,0,COM7
2,535280,37,rpm,0,0,0.0,36.8,0,0,0,3046,2.955,0,COM7
2,535301,37,rpm,0,0,0.0,36.8,0,0,0,3046,2.955,0,COM7
2,535321,37,rpm,0,0,0.0,36.8,0,0,0,3046,2.955,0,COM7
2,535342,37,rpm,0,0,0.0,36.8,0,0,0,3046,2.955,0,COM7
2,535362,37,rpm,0,0,0.0,36.8,0,0,0,3046,2.955,0,COM7
2,535383,37,rpm,0,0,0.0,36.8,0,0,0,3046,2.955,0,COM7
2,535403,37,rpm,0,0,0.0,36.8,0,0,0,3046,2.955,0,COM7
2,535424,37,rpm,0,0,0.0,36.8,0,0,0,3046,2.955,0,COM7
2,535444,37,rpm,0,0,0.0,36.8,0,0,0,3046,2.955,0,COM7
2,535464,37,rpm,0,0,0.0,36.8,0,0,0,3046,2.955,0,COM7
2,535485,37,rpm,0,0,0.0,36.8,0,0,0,3046,2.955,0,COM7
2,535505,37,rpm,0,0,0.0,36.8,0,0,0,3046,2.955,0,COM7
2,535526,37,rpm,0,0,0.0,36.8,0,0,0,3046,2.955,0,COM7
2,535546,37,rpm,0,0,0.0,36.8,0,0,0,3046,2.955,0,COM7
2,535567,37,rpm,0,0,0.0,36.8,0,0,0,3046,2.955,0,COM7
2,535587,37,rpm,0,0,0.0,36.8,0,0,0,3046,2.955,0,COM7
2,535608,37,rpm,0,0,0.0,36.8,0,0,0,3046,2.955,0,COM7
2,535628,37,rpm,0,0,0.0,36.8,0,0,0,3046,2.955,0,COM7
2,535649,37,rpm,0,0,0.0,36.8,0,0,0,3046,2.955,0,COM7
2,535669,37,rpm,0,0,0.0,36.8,0,0,0,3046,2.955,0,COM7
2,535689,37,rpm,0,0,0.0,36.8,0,0,0,3046,2.955,0,COM7
2,535710,37,rpm,0,0,0.0,36.8,0,0,0,3046,2.955,0,COM7
2,535730,37,rpm,0,0,0.0,36.8,0,0,0,3046,2.955,0,COM7
2,535751,37,rpm,0,0,0.0,36.8,0,0,0,3046,2.955,0,COM7
2,535771,37,rpm,0,0,0.0,36.8,0,0,0,3046,2.955,0,COM7
2,535792,37,rpm,0,0,0.0,36.8,0,0,0,3046,2.955,0,COM7
2,535812,37,rpm,0,0,0.0,36.8,0,0,0,3046,2.955,0,COM7
2,535833,37,rpm,0,0,0.0,36.8,0,0,0,3046,2.955,0,COM7
2,535853,37,rpm,0,0,0.0,36.8,0,0,0,3046,2.955,0,COM7
2,535873,37,rpm,0,0,0.0,36.8,0,0,0,3046,2.955,0,COM7
2,535894,37,rpm,0,0,0.0,36.8,0,0,0,3046,2.955,0,COM7
2,535914,37,rpm,0,0,0.0,36.8,0,0,0,3046,2.955,0,COM7
2,535935,37,rpm,0,0,0.0,36.8,0,0,0,3046,2.955,0,COM7
2,535955,37,rpm,0,0,0.0,36.8,0,0,0,3046,2.955,0,COM7
2,535976,37,rpm,0,0,0.0,36.8,0,0,0,3046,2.955,0,COM7
2,535996,37,rpm,0,0,0.0,36.8,0,0,0,3046,2.955,0,COM7
2,536017,37,rpm,0,0,0.0,36.8,0,0,0,3046,2.955,0,COM7
2,536037,37,rpm,0,0,0.0,36.8,0,0,0,3046,2.955,0,COM7
2,536057,37,rpm,0,0,0.0,36.8,0,0,0,3046,2.955,0,COM7
2,536078,37,rpm,0,0,0.0,36.8,0,0,0,3046,2.955,0,COM7
2,536098,37,rpm,0,0,0.0,36.8,0,0,0,3046,2.955,0,COM7
2,536119,37,rpm,0,0,0.0,36.8,0,0,0,3046,2.955,0,COM7
2,536139,37,rpm,0,0,0.0,36.8,0,0,0,3046,2.955,0,COM7
2,536160,37,rpm,0,0,0.0,36.8,0,0,0,3046,2.955,0,COM7
2,536180,37,rpm,0,0,0.0,36.8,0,0,0,3046,2.955,0,COM7
2,536201,37,rpm,0,0,0.0,36.8,0,0,0,3046,2.955,0,COM7
2,536221,37,rpm,0,0,0.0,36.8,0,0,0,3046,2.955,0,COM7
2,536241,37,rpm,0,0,0.0,36.8,0,0,0,3046,2.955,0,COM7
2,536262,37,rpm,0,0,0.0,36.8,0,0,0,3046,2.955,0,COM7
2,536282,37,rpm,0,0,0.0,36.8,0,0,0,3046,2.955,0,COM7
2,536303,37,rpm,0,0,0.0,36.8,0,0,0,3046,2.955,0,COM7
2,536323,37,rpm,0,0,0.0,36.8,0,0,0,3046,2.955,0,COM7
2,536344,37,rpm,0,0,0.0,36.8,0,0,0,3046,2.955,0,COM7
2,536364,37,rpm,0,0,0.0,36.8,0,0,0,3046,2.955,0,COM7
2,536385,37,rpm,0,0,0.0,36.8,0,0,0,3046,2.955,0,COM7
2,536405,37,rpm,0,0,0.0,36.8,0,0,0,3046,2.955,0,COM7
2,536426,37,rpm,0,0,0.0,36.8,0,0,0,3046,2.955,0,COM7
2,536446,37,rpm,0,0,0.0,36.8,0,0,0,3046,2.955,0,COM7
2,536467,37,rpm,0,0,0.0,36.8,0,0,0,3046,2.955,0,COM7
2,536487,37,rpm,0,0,0.0,36.8,0,0,0,3046,2.955,0,COM7
2,536507,37,rpm,0,0,0.0,36.8,0,0,0,3046,2.955,0,COM7
2,536528,37,rpm,0,0,0.0,36.8,0,0,0,3046,2.955,0,COM7
2,536548,37,rpm,0,0,0.0,36.8,0,0,0,3046,2.955,0,COM7
2,536569,37,rpm,0,0,0.0,36.8,0,0,0,3046,2.955,0,COM7
2,536589,37,rpm,0,0,0.0,36.8,0,0,0,3046,2.955,0,COM7
2,536610,37,rpm,0,0,0.0,36.8,0,0,0,3046,2.955,0,COM7
2,536630,37,rpm,0,0,0.0,36.8,0,0,0,3046,2.955,0,COM7
2,536651,37,rpm,0,0,0.0,36.8,0,0,0,3046,2.955,0,COM7
2,536671,37,rpm,0,0,0.0,36.8,0,0,0,3046,2.955,0,COM7
2,536692,37,rpm,0,0,0.0,36.8,0,0,0,3046,2.955,0,COM7
2,536712,37,rpm,0,0,0.0,36.8,0,0,0,3046,2.955,0,COM7
2,536732,37,rpm,0,0,0.0,36.8,0,0,0,3046,2.955,0,COM7
2,536753,37,rpm,0,0,0.0,36.8,0,0,0,3046,2.955,0,COM7
2,536773,37,rpm,0,0,0.0,36.8,0,0,0,3046,2.955,0,COM7
2,536794,37,rpm,0,0,0.0,36.8,0,0,0,3046,2.955,0,COM7
2,536814,37,rpm,0,0,0.0,36.8,0,0,0,3046,2.955,0,COM7
2,536835,37,rpm,0,0,0.0,36.8,0,0,0,3046,2.955,0,COM7
2,536855,37,rpm,0,0,0.0,36.8,0,0,0,3046,2.955,0,COM7
2,536875,37,rpm,0,0,0.0,36.8,0,0,0,3046,2.955,0,COM7
2,536896,37,rpm,0,0,0.0,36.8,0,0,0,3046,2.955,0,COM7
2,536916,37,rpm,0,0,0.0,36.8,0,0,0,3046,2.955,0,COM7
2,536937,37,rpm,0,0,0.0,36.8,0,0,0,3046,2.955,0,COM7
2,536957,37,rpm,0,0,0.0,36.8,0,0,0,3046,2.955,0,COM7
2,536978,37,rpm,0,0,0.0,36.8,0,0,0,3046,2.955,0,COM7
2,536998,37,rpm,0,0,0.0,36.8,0,0,0,3046,2.955,0,COM7
2,537018,37,rpm,0,0,0.0,36.8,0,0,0,3046,2.955,0,COM7
2,537039,37,rpm,0,0,0.0,36.8,0,0,0,3046,2.955,0,COM7
2,537059,37,rpm,0,0,0.0,36.8,0,0,0,3046,2.955,0,COM7
2,537080,37,rpm,0,0,0.0,36.8,0,0,0,3046,2.955,0,COM7
2,537100,37,rpm,0,0,0.0,36.8,0,0,0,3046,2.955,0,COM7
2,537121,37,rpm,0,0,0.0,36.8,0,0,0,3046,2.955,0,COM7
2,537141,37,rpm,0,0,0.0,36.8,0,0,0,3046,2.955,0,COM7
2,537162,37,rpm,0,0,0.0,36.8,0,0,0,3046,2.955,0,COM7
2,537182,37,rpm,0,0,0.0,36.8,0,0,0,3046,2.955,0,COM7
2,537203,37,rpm,0,0,0.0,36.8,0,0,0,3046,2.955,0,COM7
2,537223,37,rpm,0,0,0.0,36.8,0,0,0,3046,2.955,0,COM7
2,537243,37,rpm,0,0,0.0,36.8,0,0,0,3046,2.955,0,COM7
2,537264,37,rpm,0,0,0.0,36.8,0,0,0,3046,2.955,0,COM7
2,537284,37,rpm,0,0,0.0,36.8,0,0,0,3046,2.955,0,COM7
2,537305,37,rpm,0,0,0.0,36.8,0,0,0,3046,2.955,0,COM7
2,537325,37,rpm,0,0,0.0,36.8,0,0,0,3046,2.955,0,COM7
2,537346,37,rpm,0,0,0.0,36.8,0,0,0,3046,2.955,0,COM7
2,537366,37,rpm,0,0,0.0,36.8,0,0,0,3046,2.955,0,COM7
2,537386,37,rpm,0,0,0.0,36.8,0,0,0,3046,2.955,0,COM7
2,537407,37,rpm,0,0,0.0,36.8,0,0,0,3046,2.955,0,COM7
2,537427,37,rpm,0,0,0.0,36.8,0,0,0,3046,2.955,0,COM7
2,537448,37,rpm,0,0,0.0,36.8,0,0,0,3046,2.955,0,COM7
2,537468,37,rpm,0,0,0.0,36.8,0,0,0,3046,2.955,0,COM7
2,537489,37,rpm,0,0,0.0,36.8,0,0,0,3046,2.955,0,COM7
2,537509,37,rpm,0,0,0.0,36.8,0,0,0,3046,2.955,0,COM7
2,537530,37,rpm,0,0,0.0,36.8,0,0,0,3046,2.955,0,COM7
2,537550,37,rpm,0,0,0.0,36.8,0,0,0,3046,2.955,0,COM7
2,537570,37,rpm,0,0,0.0,36.8,0,0,0,3046,2.955,0,COM7
2,537591,37,rpm,0,0,0.0,36.8,0,0,0,3046,2.955,0,COM7
2,537611,37,rpm,0,0,0.0,36.8,0,0,0,3046,2.955,0,COM7
2,537632,37,rpm,0,0,0.0,36.8,0,0,0,3046,2.955,0,COM7
2,537652,37,rpm,0,0,0.0,36.8,0,0,0,3046,2.955,0,COM7
2,537673,37,rpm,0,0,0.0,36.8,0,0,0,3046,2.955,0,COM7
2,537693,37,rpm,0,0,0.0,36.8,0,0,0,3046,2.955,0,COM7
2,537714,37,rpm,0,0,0.0,36.8,0,0,0,3046,2.955,0,COM7
2,537734,37,rpm,0,0,0.0,36.8,0,0,0,3046,2.955,0,COM7
2,537754,37,rpm,0,0,0.0,36.8,0,0,0,3046,2.955,0,COM7
2,537775,37,rpm,0,0,0.0,36.8,0,0,0,3046,2.955,0,COM7
2,537795,37,rpm,0,0,0.0,36.8,0,0,0,3046,2.955,0,COM7
2,537816,37,rpm,0,0,0.0,36.8,0,0,0,3046,2.955,0,COM7
2,537836,37,rpm,0,0,0.0,36.8,0,0,0,3046,2.955,0,COM7
2,537857,37,rpm,0,0,0.0,36.8,0,0,0,3046,2.955,0,COM7
2,537877,37,rpm,0,0,0.0,36.8,0,0,0,3046,2.955,0,COM7
2,537897,37,rpm,0,0,0.0,36.8,0,0,0,3046,2.955,0,COM7
2,537918,37,rpm,0,0,0.0,36.8,0,0,0,3046,2.955,0,COM7
2,537938,37,rpm,0,0,0.0,36.8,0,0,0,3046,2.955,0,COM7
2,537959,37,rpm,0,0,0.0,36.8,0,0,0,3046,2.955,0,COM7
2,537979,37,rpm,0,0,0.0,36.8,0,0,0,3046,2.955,0,COM7
2,538000,37,rpm,0,0,0.0,36.8,0,0,0,3046,2.955,0,COM7
2,538020,37,rpm,0,0,0.0,36.8,0,0,0,3046,2.955,0,COM7
2,538040,37,rpm,0,0,0.0,36.8,0,0,0,3046,2.955,0,COM7
2,538061,37,rpm,0,0,0.0,36.8,0,0,0,3046,2.955,0,COM7
2,538081,37,rpm,0,0,0.0,36.8,0,0,0,3046,2.955,0,COM7
2,538102,37,rpm,0,0,0.0,36.8,0,0,0,3046,2.955,0,COM7
2,538122,37,rpm,0,0,0.0,36.8,0,0,0,3046,2.955,0,COM7
2,538143,37,rpm,0,0,0.0,36.8,0,0,0,3046,2.955,0,COM7
2,538163,37,rpm,0,0,0.0,36.8,0,0,0,3046,2.955,0,COM7
2,538183,37,rpm,0,0,0.0,36.8,0,0,0,3046,2.955,0,COM7
2,538204,37,rpm,0,0,0.0,36.8,0,0,0,3046,2.955,0,COM7
2,538224,37,rpm,0,0,0.0,36.8,0,0,0,3046,2.955,0,COM7
2,538245,37,rpm,0,0,0.0,36.8,0,0,0,3046,2.955,0,COM7
2,538265,37,rpm,0,0,0.0,36.8,0,0,0,3046,2.955,0,COM7
2,538286,37,rpm,0,0,0.0,36.8,0,0,0,3046,2.955,0,COM7
2,538306,37,rpm,0,0,0.0,36.8,0,0,0,3046,2.955,0,COM7
2,538327,37,rpm,0,0,0.0,36.8,0,0,0,3046,2.955,0,COM7
2,538347,37,rpm,0,0,0.0,36.8,0,0,0,3046,2.955,0,COM7
2,538367,37,rpm,0,0,0.0,36.8,0,0,0,3046,2.955,0,COM7
2,538388,37,rpm,0,0,0.0,36.8,0,0,0,3046,2.955,0,COM7
2,538408,37,rpm,0,0,0.0,36.8,0,0,0,3046,2.955,0,COM7
2,538429,37,rpm,0,0,0.0,36.8,0,0,0,3046,2.955,0,COM7
2,538449,37,rpm,0,0,0.0,36.8,0,0,0,3046,2.955,0,COM7
2,538470,37,rpm,0,0,0.0,36.8,0,0,0,3046,2.955,0,COM7
2,538490,37,rpm,0,0,0.0,36.8,0,0,0,3046,2.955,0,COM7
2,538510,37,rpm,0,0,0.0,36.8,0,0,0,3046,2.955,0,COM7
2,538531,37,rpm,0,0,0.0,36.8,0,0,0,3046,2.955,0,COM7
2,538551,37,rpm,0,0,0.0,36.8,0,0,0,3046,2.955,0,COM7
2,538572,37,rpm,0,0,0.0,36.8,0,0,0,3046,2.955,0,COM7
2,538592,37,rpm,0,0,0.0,36.8,0,0,0,3046,2.955,0,COM7
2,538613,37,rpm,0,0,0.0,36.8,0,0,0,3046,2.955,0,COM7
2,538633,37,rpm,0,0,0.0,36.8,0,0,0,3046,2.955,0,COM7
2,538653,37,rpm,0,0,0.0,36.8,0,0,0,3046,2.955,0,COM7
2,538674,37,rpm,0,0,0.0,36.8,0,0,0,3046,2.955,0,COM7
2,538694,37,rpm,0,0,0.0,36.8,0,0,0,3046,2.955,0,COM7
2,538715,37,rpm,0,0,0.0,36.8,0,0,0,3046,2.955,0,COM7
2,538735,37,rpm,0,0,0.0,36.8,0,0,0,3046,2.955,0,COM7
2,538756,37,rpm,0,0,0.0,36.8,0,0,0,3046,2.955,0,COM7
2,538776,37,rpm,0,0,0.0,36.8,0,0,0,3046,2.955,0,COM7
2,538797,37,rpm,0,0,0.0,36.8,0,0,0,3046,2.955,0,COM7
2,538817,37,rpm,0,0,0.0,36.8,0,0,0,3046,2.955,0,COM7
2,538838,37,rpm,0,0,0.0,36.8,0,0,0,3046,2.955,0,COM7
2,538858,37,rpm,0,0,0.0,36.8,0,0,0,3046,2.955,0,COM7
2,538879,37,rpm,0,0,0.0,36.8,0,0,0,3046,2.955,0,COM7
2,538899,37,rpm,0,0,0.0,36.8,0,0,0,3046,2.955,0,COM7
2,538919,37,rpm,0,0,0.0,36.8,0,0,0,3046,2.955,0,COM7
2,538940,37,rpm,0,0,0.0,36.8,0,0,0,3046,2.955,0,COM7
2,538960,37,rpm,0,0,0.0,36.8,0,0,0,3046,2.955,0,COM7
2,538981,37,rpm,0,0,0.0,36.8,0,0,0,3046,2.955,0,COM7
2,539001,37,rpm,0,0,0.0,36.8,0,0,0,3046,2.955,0,COM7
2,539022,37,rpm,0,0,0.0,36.8,0,0,0,3046,2.955,0,COM7
2,539042,37,rpm,0,0,0.0,36.8,0,0,0,3046,2.955,0,COM7
2,539062,37,rpm,0,0,0.0,36.8,0,0,0,3046,2.955,0,COM7
2,539083,37,rpm,0,0,0.0,36.8,0,0,0,3046,2.955,0,COM7
2,539103,37,rpm,0,0,0.0,36.8,0,0,0,3046,2.955,0,COM7
2,539124,37,rpm,0,0,0.0,36.8,0,0,0,3046,2.955,0,COM7
2,539144,37,rpm,0,0,0.0,36.8,0,0,0,3046,2.955,0,COM7
2,539165,37,rpm,0,0,0.0,36.8,0,0,0,3046,2.955,0,COM7
2,539185,37,rpm,0,0,0.0,36.8,0,0,0,3046,2.955,0,COM7
2,539206,37,rpm,0,0,0.0,36.8,0,0,0,3046,2.955,0,COM7
2,539226,37,rpm,0,0,0.0,36.8,0,0,0,3046,2.955,0,COM7
2,539247,37,rpm,0,0,0.0,36.8,0,0,0,3046,2.955,0,COM7
2,539267,37,rpm,0,0,0.0,36.8,0,0,0,3046,2.955,0,COM7
2,539287,37,rpm,0,0,0.0,36.8,0,0,0,3046,2.955,0,COM7
2,539308,37,rpm,0,0,0.0,36.8,0,0,0,3046,2.955,0,COM7
2,539328,37,rpm,0,0,0.0,36.8,0,0,0,3046,2.955,0,COM7
2,539349,37,rpm,0,0,0.0,36.8,0,0,0,3046,2.955,0,COM7
2,539369,37,rpm,0,0,0.0,36.8,0,0,0,3046,2.955,0,COM7
2,539390,37,rpm,0,0,0.0,36.8,0,0,0,3046,2.955,0,COM7
2,539410,37,rpm,0,0,0.0,36.8,0,0,0,3046,2.955,0,COM7
2,539430,37,rpm,0,0,0.0,36.8,0,0,0,3046,2.955,0,COM7
2,539451,37,rpm,0,0,0.0,36.8,0,0,0,3046,2.955,0,COM7
2,539471,37,rpm,0,0,0.0,36.8,0,0,0,3046,2.955,0,COM7
2,539492,37,rpm,0,0,0.0,36.8,0,0,0,3046,2.955,0,COM7
2,539512,37,rpm,0,0,0.0,36.8,0,0,0,3046,2.955,0,COM7
2,539533,37,rpm,0,0,0.0,36.8,0,0,0,3046,2.955,0,COM7
2,539553,37,rpm,0,0,0.0,36.8,0,0,0,3046,2.955,0,COM7
2,539573,37,rpm,0,0,0.0,36.8,0,0,0,3046,2.955,0,COM7
2,539594,37,rpm,0,0,0.0,36.8,0,0,0,3046,2.955,0,COM7
2,539614,37,rpm,0,0,0.0,36.8,0,0,0,3046,2.955,0,COM7
2,539635,37,rpm,0,0,0.0,36.8,0,0,0,3046,2.955,0,COM7
2,539655,37,rpm,0,0,0.0,36.8,0,0,0,3046,2.955,0,COM7
2,539676,37,rpm,0,0,0.0,36.8,0,0,0,3046,2.955,0,COM7
2,539696,37,rpm,0,0,0.0,36.8,0,0,0,3046,2.955,0,COM7
2,539716,37,rpm,0,0,0.0,36.8,0,0,0,3046,2.955,0,COM7
2,539737,37,rpm,0,0,0.0,36.8,0,0,0,3046,2.955,0,COM7
2,539757,37,rpm,0,0,0.0,36.8,0,0,0,3046,2.955,0,COM7
2,539778,37,rpm,0,0,0.0,36.8,0,0,0,3046,2.955,0,COM7
2,539798,37,rpm,0,0,0.0,36.8,0,0,0,3046,2.955,0,COM7
2,539819,37,rpm,0,0,0.0,36.8,0,0,0,3046,2.955,0,COM7
2,539839,37,rpm,0,0,0.0,36.8,0,0,0,3046,2.955,0,COM7
2,539860,37,rpm,0,0,0.0,36.8,0,0,0,3046,2.955,0,COM7
2,539880,37,rpm,0,0,0.0,36.8,0,0,0,3046,2.955,0,COM7
2,539900,37,rpm,0,0,0.0,36.8,0,0,0,3046,2.955,0,COM7
2,539921,37,rpm,0,0,0.0,36.8,0,0,0,3046,2.955,0,COM7
2,539941,37,rpm,0,0,0.0,36.8,0,0,0,3046,2.955,0,COM7
2,539962,37,rpm,0,0,0.0,36.8,0,0,0,3046,2.955,0,COM7
2,539982,37,rpm,0,0,0.0,36.8,0,0,0,3046,2.955,0,COM7
2,540003,37,rpm,0,0,0.0,36.8,0,0,0,3046,2.955,0,COM7
2,540023,37,rpm,0,0,0.0,36.8,0,0,0,3046,2.955,0,COM7
2,540044,37,rpm,0,0,0.0,36.8,0,0,0,3046,2.955,0,COM7
2,540064,37,rpm,0,0,0.0,36.8,0,0,0,3046,2.955,0,COM7
2,540085,37,rpm,0,0,0.0,36.8,0,0,0,3046,2.955,0,COM7
2,540105,37,rpm,0,0,0.0,36.8,0,0,0,3046,2.955,0,COM7
2,540125,37,rpm,0,0,0.0,36.8,0,0,0,3046,2.955,0,COM7
2,540146,37,rpm,0,0,0.0,36.8,0,0,0,3046,2.955,0,COM7
2,540166,37,rpm,0,0,0.0,36.8,0,0,0,3046,2.955,0,COM7
2,540187,37,rpm,0,0,0.0,36.8,0,0,0,3046,2.955,0,COM7
2,540207,37,rpm,0,0,0.0,36.8,0,0,0,3046,2.955,0,COM7
2,540228,37,rpm,0,0,0.0,36.8,0,0,0,3046,2.955,0,COM7
2,540248,37,rpm,0,0,0.0,36.8,0,0,0,3046,2.955,0,COM7
2,540268,37,rpm,0,0,0.0,36.8,0,0,0,3046,2.955,0,COM7
2,540289,37,rpm,0,0,0.0,36.8,0,0,0,3046,2.955,0,COM7
2,540309,37,rpm,0,0,0.0,36.8,0,0,0,3046,2.955,0,COM7
2,540330,37,rpm,0,0,0.0,36.8,0,0,0,3046,2.955,0,COM7
2,540350,37,rpm,0,0,0.0,36.8,0,0,0,3046,2.955,0,COM7
2,540371,37,rpm,0,0,0.0,36.8,0,0,0,3046,2.955,0,COM7
2,540391,37,rpm,0,0,0.0,36.8,0,0,0,3046,2.955,0,COM7
2,540412,37,rpm,0,0,0.0,36.8,0,0,0,3046,2.955,0,COM7
2,540432,37,rpm,0,0,0.0,36.8,0,0,0,3046,2.955,0,COM7
2,540452,37,rpm,0,0,0.0,36.8,0,0,0,3046,2.955,0,COM7
2,540473,37,rpm,0,0,0.0,36.8,0,0,0,3046,2.955,0,COM7
2,540493,37,rpm,0,0,0.0,36.8,0,0,0,3046,2.955,0,COM7
2,540514,37,rpm,0,0,0.0,36.8,0,0,0,3046,2.955,0,COM7
2,540534,37,rpm,0,0,0.0,36.8,0,0,0,3046,2.955,0,COM7
2,540555,37,rpm,0,0,0.0,36.8,0,0,0,3046,2.955,0,COM7
2,540575,37,rpm,0,0,0.0,36.8,0,0,0,3046,2.955,0,COM7
2,540595,37,rpm,0,0,0.0,36.8,0,0,0,3046,2.955,0,COM7
2,540616,37,rpm,0,0,0.0,36.8,0,0,0,3046,2.955,0,COM7
2,540636,37,rpm,0,0,0.0,36.8,0,0,0,3046,2.955,0,COM7
2,540657,37,rpm,0,0,0.0,36.8,0,0,0,3046,2.955,0,COM7
2,540677,37,rpm,0,0,0.0,36.8,0,0,0,3046,2.955,0,COM7
2,540698,37,rpm,0,0,0.0,36.8,0,0,0,3046,2.955,0,COM7
2,540718,37,rpm,0,0,0.0,36.8,0,0,0,3046,2.955,0,COM7
2,540739,37,rpm,0,0,0.0,36.8,0,0,0,3046,2.955,0,COM7
2,540759,37,rpm,0,0,0.0,36.8,0,0,0,3046,2.955,0,COM7
2,540780,37,rpm,0,0,0.0,36.8,0,0,0,3046,2.955,0,COM7
2,540800,37,rpm,0,0,0.0,36.8,0,0,0,3046,2.955,0,COM7
2,540821,37,rpm,0,0,0.0,36.8,0,0,0,3046,2.955,0,COM7
2,540841,37,rpm,0,0,0.0,36.8,0,0,0,3046,2.955,0,COM7
2,540861,37,rpm,0,0,0.0,36.8,0,0,0,3046,2.955,0,COM7
2,540882,37,rpm,0,0,0.0,36.8,0,0,0,3046,2.955,0,COM7
2,540902,37,rpm,0,0,0.0,36.8,0,0,0,3046,2.955,0,COM7
2,540923,37,rpm,0,0,0.0,36.8,0,0,0,3046,2.955,0,COM7
2,540943,37,rpm,0,0,0.0,36.8,0,0,0,3046,2.955,0,COM7
2,540964,37,rpm,0,0,0.0,36.8,0,0,0,3046,2.955,0,COM7
2,540984,37,rpm,0,0,0.0,36.8,0,0,0,3046,2.955,0,COM7
2,541005,37,rpm,0,0,0.0,36.8,0,0,0,3046,2.955,0,COM7
2,541025,37,rpm,0,0,0.0,36.8,0,0,0,3046,2.955,0,COM7
2,541045,37,rpm,0,0,0.0,36.8,0,0,0,3046,2.955,0,COM7
2,541066,37,rpm,0,0,0.0,36.8,0,0,0,3046,2.955,0,COM7
2,541086,37,rpm,0,0,0.0,36.8,0,0,0,3046,2.955,0,COM7
2,541107,37,rpm,0,0,0.0,36.8,0,0,0,3046,2.955,0,COM7
2,541127,37,rpm,0,0,0.0,36.8,0,0,0,3046,2.955,0,COM7
2,541148,37,rpm,0,0,0.0,36.8,0,0,0,3046,2.955,0,COM7
2,541168,37,rpm,0,0,0.0,36.8,0,0,0,3046,2.955,0,COM7
2,541189,37,rpm,0,0,0.0,36.8,0,0,0,3046,2.955,0,COM7
2,541209,37,rpm,0,0,0.0,36.8,0,0,0,3046,2.955,0,COM7
2,541229,37,rpm,0,0,0.0,36.8,0,0,0,3046,2.955,0,COM7
2,541250,37,rpm,0,0,0.0,36.8,0,0,0,3046,2.955,0,COM7
2,541270,37,rpm,0,0,0.0,36.8,0,0,0,3046,2.955,0,COM7
2,541291,37,rpm,0,0,0.0,36.8,0,0,0,3046,2.955,0,COM7
2,541311,37,rpm,0,0,0.0,36.8,0,0,0,3046,2.955,0,COM7
2,541332,37,rpm,0,0,0.0,36.8,0,0,0,3046,2.955,0,COM7
2,541352,37,rpm,0,0,0.0,36.8,0,0,0,3046,2.955,0,COM7
2,541373,37,rpm,0,0,0.0,36.8,0,0,0,3046,2.955,0,COM7
2,541393,37,rpm,0,0,0.0,36.8,0,0,0,3046,2.955,0,COM7
2,541413,37,rpm,0,0,0.0,36.8,0,0,0,3046,2.955,0,COM7
2,541434,37,rpm,0,0,0.0,36.8,0,0,0,3046,2.955,0,COM7
2,541454,37,rpm,0,0,0.0,36.8,0,0,0,3046,2.955,0,COM7
2,541475,37,rpm,0,0,0.0,36.8,0,0,0,3046,2.955,0,COM7
2,541495,37,rpm,0,0,0.0,36.8,0,0,0,3046,2.955,0,COM7
2,541516,37,rpm,0,0,0.0,36.8,0,0,0,3046,2.955,0,COM7
2,541536,37,rpm,0,0,0.0,36.8,0,0,0,3046,2.955,0,COM7
2,541557,37,rpm,0,0,0.0,36.8,0,0,0,3046,2.955,0,COM7
2,541577,37,rpm,0,0,0.0,36.8,0,0,0,3046,2.955,0,COM7
2,541597,37,rpm,0,0,0.0,36.8,0,0,0,3046,2.955,0,COM7
2,541618,37,rpm,0,0,0.0,36.8,0,0,0,3046,2.955,0,COM7
2,541638,37,rpm,0,0,0.0,36.8,0,0,0,3046,2.955,0,COM7
2,541659,37,rpm,0,0,0.0,36.8,0,0,0,3046,2.955,0,COM7
2,541679,37,rpm,0,0,0.0,36.8,0,0,0,3046,2.955,0,COM7
2,541700,37,rpm,0,0,0.0,36.8,0,0,0,3046,2.955,0,COM7
2,541720,37,rpm,0,0,0.0,36.8,0,0,0,3046,2.955,0,COM7
2,541740,37,rpm,0,0,0.0,36.8,0,0,0,3046,2.955,0,COM7
2,541761,37,rpm,0,0,0.0,36.8,0,0,0,3046,2.955,0,COM7
2,541781,37,rpm,0,0,0.0,36.8,0,0,0,3046,2.955,0,COM7
2,541802,37,rpm,0,0,0.0,36.8,0,0,0,3046,2.955,0,COM7
2,541822,37,rpm,0,0,0.0,36.8,0,0,0,3046,2.955,0,COM7
2,541843,37,rpm,0,0,0.0,36.8,0,0,0,3046,2.955,0,COM7
2,541863,37,rpm,0,0,0.0,36.8,0,0,0,3046,2.955,0,COM7
2,541884,37,rpm,0,0,0.0,36.8,0,0,0,3046,2.955,0,COM7
2,541904,37,rpm,0,0,0.0,36.8,0,0,0,3046,2.955,0,COM7
2,541924,37,rpm,0,0,0.0,36.8,0,0,0,3046,2.955,0,COM7
2,541945,37,rpm,0,0,0.0,36.8,0,0,0,3046,2.955,0,COM7
2,541965,37,rpm,0,0,0.0,36.8,0,0,0,3046,2.955,0,COM7
2,541986,37,rpm,0,0,0.0,36.8,0,0,0,3046,2.955,0,COM7
2,542006,37,rpm,0,0,0.0,36.8,0,0,0,3046,2.955,0,COM7
2,542027,37,rpm,0,0,0.0,36.8,0,0,0,3046,2.955,0,COM7
2,542047,37,rpm,0,0,0.0,36.8,0,0,0,3046,2.955,0,COM7
2,542068,37,rpm,0,0,0.0,36.8,0,0,0,3046,2.955,0,COM7
2,542088,37,rpm,0,0,0.0,36.8,0,0,0,3046,2.955,0,COM7
2,542108,37,rpm,0,0,0.0,36.8,0,0,0,3046,2.955,0,COM7
2,542129,37,rpm,0,0,0.0,36.8,0,0,0,3046,2.955,0,COM7
2,542149,37,rpm,0,0,0.0,36.8,0,0,0,3046,2.955,0,COM7
2,542170,37,rpm,0,0,0.0,36.8,0,0,0,3046,2.955,0,COM7
2,542190,37,rpm,0,0,0.0,36.8,0,0,0,3046,2.955,0,COM7
2,542211,37,rpm,0,0,0.0,36.8,0,0,0,3046,2.955,0,COM7
2,542231,37,rpm,0,0,0.0,36.8,0,0,0,3046,2.955,0,COM7
2,542252,37,rpm,0,0,0.0,36.8,0,0,0,3046,2.955,0,COM7
2,542272,37,rpm,0,0,0.0,36.8,0,0,0,3046,2.955,0,COM7
2,542292,37,rpm,0,0,0.0,36.8,0,0,0,3046,2.955,0,COM7
2,542313,37,rpm,0,0,0.0,36.8,0,0,0,3046,2.955,0,COM7
2,542333,37,rpm,0,0,0.0,36.8,0,0,0,3046,2.955,0,COM7
2,542354,37,rpm,0,0,0.0,36.8,0,0,0,3046,2.955,0,COM7
2,542374,37,rpm,0,0,0.0,36.8,0,0,0,3046,2.955,0,COM7
2,542395,37,rpm,0,0,0.0,36.8,0,0,0,3046,2.955,0,COM7
2,542415,37,rpm,0,0,0.0,36.8,0,0,0,3046,2.955,0,COM7
2,542436,37,rpm,0,0,0.0,36.8,0,0,0,3046,2.955,0,COM7
2,542456,37,rpm,0,0,0.0,36.8,0,0,0,3046,2.955,0,COM7
2,542476,37,rpm,0,0,0.0,36.8,0,0,0,3046,2.955,0,COM7
2,542497,37,rpm,0,0,0.0,36.8,0,0,0,3046,2.955,0,COM7
2,542517,37,rpm,0,0,0.0,36.8,0,0,0,3046,2.955,0,COM7
2,542538,37,rpm,0,0,0.0,36.8,0,0,0,3046,2.955,0,COM7
2,542558,37,rpm,0,0,0.0,36.8,0,0,0,3046,2.955,0,COM7
2,542579,37,rpm,0,0,0.0,36.8,0,0,0,3046,2.955,0,COM7
2,542599,37,rpm,0,0,0.0,36.8,0,0,0,3046,2.955,0,COM7
2,542620,37,rpm,0,0,0.0,36.8,0,0,0,3046,2.955,0,COM7
2,542640,37,rpm,0,0,0.0,36.8,0,0,0,3046,2.955,0,COM7
2,542661,37,rpm,0,0,0.0,36.8,0,0,0,3046,2.955,0,COM7
2,542681,37,rpm,0,0,0.0,36.8,0,0,0,3046,2.955,0,COM7
2,542701,37,rpm,0,0,0.0,36.8,0,0,0,3046,2.955,0,COM7
2,542722,37,rpm,0,0,0.0,36.8,0,0,0,3046,2.955,0,COM7
2,542742,37,rpm,0,0,0.0,36.8,0,0,0,3046,2.955,0,COM7
2,542763,37,rpm,0,0,0.0,36.8,0,0,0,3046,2.955,0,COM7
2,542783,37,rpm,0,0,0.0,36.8,0,0,0,3046,2.955,0,COM7
2,542803,37,rpm,0,0,0.0,36.8,0,0,0,3046,2.955,0,COM7
2,542824,37,rpm,0,0,0.0,36.8,0,0,0,3046,2.955,0,COM7
2,542844,37,rpm,0,0,0.0,36.8,0,0,0,3046,2.955,0,COM7
2,542865,37,rpm,0,0,0.0,36.8,0,0,0,3046,2.955,0,COM7
2,542885,37,rpm,0,0,0.0,36.8,0,0,0,3046,2.955,0,COM7
2,542906,37,rpm,0,0,0.0,36.8,0,0,0,3046,2.955,0,COM7
2,542926,37,rpm,0,0,0.0,36.8,0,0,0,3046,2.955,0,COM7
2,542947,37,rpm,0,0,0.0,36.8,0,0,0,3046,2.955,0,COM7
2,542967,37,rpm,0,0,0.0,36.8,0,0,0,3046,2.955,0,COM7
2,542988,37,rpm,0,0,0.0,36.8,0,0,0,3046,2.955,0,COM7
2,543008,37,rpm,0,0,0.0,36.8,0,0,0,3046,2.955,0,COM7
2,543028,37,rpm,0,0,0.0,36.8,0,0,0,3046,2.955,0,COM7
2,543049,37,rpm,0,0,0.0,36.8,0,0,0,3046,2.955,0,COM7
2,543069,37,rpm,0,0,0.0,36.8,0,0,0,3046,2.955,0,COM7
2,543090,37,rpm,0,0,0.0,36.8,0,0,0,3046,2.955,0,COM7
2,543110,37,rpm,0,0,0.0,36.8,0,0,0,3046,2.955,0,COM7
2,543131,37,rpm,0,0,0.0,36.8,0,0,0,3046,2.955,0,COM7
2,543151,37,rpm,0,0,0.0,36.8,0,0,0,3046,2.955,0,COM7
2,543171,37,rpm,0,0,0.0,36.8,0,0,0,3046,2.955,0,COM7
2,543192,37,rpm,0,0,0.0,36.8,0,0,0,3046,2.955,0,COM7
2,543212,37,rpm,0,0,0.0,36.8,0,0,0,3046,2.955,0,COM7
2,543233,37,rpm,0,0,0.0,36.8,0,0,0,3046,2.955,0,COM7
2,543253,37,rpm,0,0,0.0,36.8,0,0,0,3046,2.955,0,COM7
2,543274,37,rpm,0,0,0.0,36.8,0,0,0,3046,2.955,0,COM7
2,543294,37,rpm,0,0,0.0,36.8,0,0,0,3046,2.955,0,COM7
2,543314,37,rpm,0,0,0.0,36.8,0,0,0,3046,2.955,0,COM7
2,543335,37,rpm,0,0,0.0,36.8,0,0,0,3046,2.955,0,COM7
2,543355,37,rpm,0,0,0.0,36.8,0,0,0,3046,2.955,0,COM7
2,543376,37,rpm,0,0,0.0,36.8,0,0,0,3046,2.955,0,COM7
2,543396,37,rpm,0,0,0.0,36.8,0,0,0,3046,2.955,0,COM7
2,543417,37,rpm,0,0,0.0,36.8,0,0,0,3046,2.955,0,COM7
2,543437,37,rpm,0,0,0.0,36.8,0,0,0,3046,2.955,0,COM7
2,543457,37,rpm,0,0,0.0,36.8,0,0,0,3046,2.955,0,COM7
2,543478,37,rpm,0,0,0.0,36.8,0,0,0,3046,2.955,0,COM7
2,543498,37,rpm,0,0,0.0,36.8,0,0,0,3046,2.955,0,COM7
2,543519,37,rpm,0,0,0.0,36.8,0,0,0,3046,2.955,0,COM7
2,543539,37,rpm,0,0,0.0,36.8,0,0,0,3046,2.955,0,COM7
2,543560,37,rpm,0,0,0.0,36.8,0,0,0,3046,2.955,0,COM7
2,543580,37,rpm,0,0,0.0,36.8,0,0,0,3046,2.955,0,COM7
2,543600,37,rpm,0,0,0.0,36.8,0,0,0,3046,2.955,0,COM7
2,543621,37,rpm,0,0,0.0,36.8,0,0,0,3046,2.955,0,COM7
2,543641,37,rpm,0,0,0.0,36.8,0,0,0,3046,2.955,0,COM7
2,543662,37,rpm,0,0,0.0,36.8,0,0,0,3046,2.955,0,COM7
2,543682,37,rpm,0,0,0.0,36.8,0,0,0,3046,2.955,0,COM7
2,543702,37,rpm,0,0,0.0,36.8,0,0,0,3046,2.955,0,COM7
2,543723,37,rpm,0,0,0.0,36.8,0,0,0,3046,2.955,0,COM7
2,543743,37,rpm,0,0,0.0,36.8,0,0,0,3046,2.955,0,COM7
2,543764,37,rpm,0,0,0.0,36.8,0,0,0,3046,2.955,0,COM7
2,543784,37,rpm,0,0,0.0,36.8,0,0,0,3046,2.955,0,COM7
2,543805,37,rpm,0,0,0.0,36.8,0,0,0,3046,2.955,0,COM7
2,543825,37,rpm,0,0,0.0,36.8,0,0,0,3046,2.955,0,COM7
2,543846,37,rpm,0,0,0.0,36.8,0,0,0,3046,2.955,0,COM7
2,543866,37,rpm,0,0,0.0,36.8,0,0,0,3046,2.955,0,COM7
2,543887,37,rpm,0,0,0.0,36.8,0,0,0,3046,2.955,0,COM7
2,543907,37,rpm,0,0,0.0,36.8,0,0,0,3046,2.955,0,COM7
2,543927,37,rpm,0,0,0.0,36.8,0,0,0,3046,2.955,0,COM7
2,543948,37,rpm,0,0,0.0,36.8,0,0,0,3046,2.955,0,COM7
2,543968,37,rpm,0,0,0.0,36.8,0,0,0,3046,2.955,0,COM7
2,543989,37,rpm,0,0,0.0,36.8,0,0,0,3046,2.955,0,COM7
2,544009,37,rpm,0,0,0.0,36.8,0,0,0,3046,2.955,0,COM7
2,544029,37,rpm,0,0,0.0,36.8,0,0,0,3046,2.955,0,COM7
2,544050,37,rpm,0,0,0.0,36.8,0,0,0,3046,2.955,0,COM7
2,544070,37,rpm,0,0,0.0,36.8,0,0,0,3046,2.955,0,COM7
2,544091,37,rpm,0,0,0.0,36.8,0,0,0,3046,2.955,0,COM7
2,544111,37,rpm,0,0,0.0,36.8,0,0,0,3046,2.955,0,COM7
2,544132,37,rpm,0,0,0.0,36.8,0,0,0,3046,2.955,0,COM7
2,544152,37,rpm,0,0,0.0,36.8,0,0,0,3046,2.955,0,COM7
2,544173,37,rpm,0,0,0.0,36.8,0,0,0,3046,2.955,0,COM7
2,544193,37,rpm,0,0,0.0,36.8,0,0,0,3046,2.955,0,COM7
2,544214,37,rpm,0,0,0.0,36.8,0,0,0,3046,2.955,0,COM7
2,544234,37,rpm,0,0,0.0,36.8,0,0,0,3046,2.955,0,COM7
2,544254,37,rpm,0,0,0.0,36.8,0,0,0,3046,2.955,0,COM7
2,544275,37,rpm,0,0,0.0,36.8,0,0,0,3046,2.955,0,COM7
2,544295,37,rpm,0,0,0.0,36.8,0,0,0,3046,2.955,0,COM7
2,544316,37,rpm,0,0,0.0,36.8,0,0,0,3046,2.955,0,COM7
2,544336,37,rpm,0,0,0.0,36.8,0,0,0,3046,2.955,0,COM7
2,544357,37,rpm,0,0,0.0,36.8,0,0,0,3046,2.955,0,COM7
2,544377,37,rpm,0,0,0.0,36.8,0,0,0,3046,2.955,0,COM7
2,544398,37,rpm,0,0,0.0,36.8,0,0,0,3046,2.955,0,COM7
2,544418,37,rpm,0,0,0.0,36.8,0,0,0,3046,2.955,0,COM7
2,544438,37,rpm,0,0,0.0,36.8,0,0,0,3046,2.955,0,COM7
2,544459,37,rpm,0,0,0.0,36.8,0,0,0,3046,2.955,0,COM7
2,544479,37,rpm,0,0,0.0,36.8,0,0,0,3046,2.955,0,COM7
2,544500,37,rpm,0,0,0.0,36.8,0,0,0,3046,2.955,0,COM7
2,544520,37,rpm,0,0,0.0,36.8,0,0,0,3046,2.955,0,COM7
2,544541,37,rpm,0,0,0.0,36.8,0,0,0,3046,2.955,0,COM7
2,544561,37,rpm,0,0,0.0,36.8,0,0,0,3046,2.955,0,COM7
2,544582,37,rpm,0,0,0.0,36.8,0,0,0,3046,2.955,0,COM7
2,544602,37,rpm,0,0,0.0,36.8,0,0,0,3046,2.955,0,COM7
2,544622,37,rpm,0,0,0.0,36.8,0,0,0,3046,2.955,0,COM7
2,544643,37,rpm,0,0,0.0,36.8,0,0,0,3046,2.955,0,COM7
2,544663,37,rpm,0,0,0.0,36.8,0,0,0,3046,2.955,0,COM7
2,544684,37,rpm,0,0,0.0,36.8,0,0,0,3046,2.955,0,COM7
2,544704,37,rpm,0,0,0.0,36.8,0,0,0,3046,2.955,0,COM7
2,544725,37,rpm,0,0,0.0,36.8,0,0,0,3046,2.955,0,COM7
2,544745,37,rpm,0,0,0.0,36.8,0,0,0,3046,2.955,0,COM7
2,544766,37,rpm,0,0,0.0,36.8,0,0,0,3046,2.955,0,COM7
2,544786,37,rpm,0,0,0.0,36.8,0,0,0,3046,2.955,0,COM7
2,544807,37,rpm,0,0,0.0,36.8,0,0,0,3046,2.955,0,COM7
2,544827,37,rpm,0,0,0.0,36.8,0,0,0,3046,2.955,0,COM7
2,544847,37,rpm,0,0,0.0,36.8,0,0,0,3046,2.955,0,COM7
2,544868,37,rpm,0,0,0.0,36.8,0,0,0,3046,2.955,0,COM7
2,544888,37,rpm,0,0,0.0,36.8,0,0,0,3046,2.955,0,COM7
2,544909,37,rpm,0,0,0.0,36.8,0,0,0,3046,2.955,0,COM7
2,544929,37,rpm,0,0,0.0,36.8,0,0,0,3046,2.955,0,COM7
2,544950,37,rpm,0,0,0.0,36.8,0,0,0,3046,2.955,0,COM7
2,544970,37,rpm,0,0,0.0,36.8,0,0,0,3046,2.955,0,COM7
2,544991,37,rpm,0,0,0.0,36.8,0,0,0,3046,2.955,0,COM7
2,545011,37,rpm,0,0,0.0,36.8,0,0,0,3046,2.955,0,COM7
2,545031,37,rpm,0,0,0.0,36.8,0,0,0,3046,2.955,0,COM7
2,545052,37,rpm,0,0,0.0,36.8,0,0,0,3046,2.955,0,COM7
2,545072,37,rpm,0,0,0.0,36.8,0,0,0,3046,2.955,0,COM7
2,545093,37,rpm,0,0,0.0,36.8,0,0,0,3046,2.955,0,COM7
2,545113,37,rpm,0,0,0.0,36.8,0,0,0,3046,2.955,0,COM7
2,545134,37,rpm,0,0,0.0,36.8,0,0,0,3046,2.955,0,COM7
2,545154,37,rpm,0,0,0.0,36.8,0,0,0,3046,2.955,0,COM7
2,545175,37,rpm,0,0,0.0,36.8,0,0,0,3046,2.955,0,COM7
2,545195,37,rpm,0,0,0.0,36.8,0,0,0,3046,2.955,0,COM7
2,545216,37,rpm,0,0,0.0,36.8,0,0,0,3046,2.955,0,COM7
2,545236,37,rpm,0,0,0.0,36.8,0,0,0,3046,2.955,0,COM7
2,545256,37,rpm,0,0,0.0,36.8,0,0,0,3046,2.955,0,COM7
2,545277,37,rpm,0,0,0.0,36.8,0,0,0,3046,2.955,0,COM7
2,545297,37,rpm,0,0,0.0,36.8,0,0,0,3046,2.955,0,COM7
2,545318,37,rpm,0,0,0.0,36.8,0,0,0,3046,2.955,0,COM7
2,545338,37,rpm,0,0,0.0,36.8,0,0,0,3046,2.955,0,COM7
2,545359,37,rpm,0,0,0.0,36.8,0,0,0,3046,2.955,0,COM7
2,545379,37,rpm,0,0,0.0,36.8,0,0,0,3046,2.955,0,COM7
2,545400,37,rpm,0,0,0.0,36.8,0,0,0,3046,2.955,0,COM7
2,545420,37,rpm,0,0,0.0,36.8,0,0,0,3046,2.955,0,COM7
2,545441,37,rpm,0,0,0.0,36.8,0,0,0,3046,2.955,0,COM7
2,545461,37,rpm,0,0,0.0,36.8,0,0,0,3046,2.955,0,COM7
2,545482,37,rpm,0,0,0.0,36.8,0,0,0,3046,2.955,0,COM7
2,545502,37,rpm,0,0,0.0,36.8,0,0,0,3046,2.955,0,COM7
2,545522,37,rpm,0,0,0.0,36.8,0,0,0,3046,2.955,0,COM7
2,545543,37,rpm,0,0,0.0,36.8,0,0,0,3046,2.955,0,COM7
2,545563,37,rpm,0,0,0.0,36.8,0,0,0,3046,2.955,0,COM7
2,545584,37,rpm,0,0,0.0,36.8,0,0,0,3046,2.955,0,COM7
2,545604,37,rpm,0,0,0.0,36.8,0,0,0,3046,2.955,0,COM7
2,545625,37,rpm,0,0,0.0,36.8,0,0,0,3046,2.955,0,COM7
2,545645,37,rpm,0,0,0.0,36.8,0,0,0,3046,2.955,0,COM7
2,545666,37,rpm,0,0,0.0,36.8,0,0,0,3046,2.955,0,COM7
2,545686,37,rpm,0,0,0.0,36.8,0,0,0,3046,2.955,0,COM7
2,545707,37,rpm,0,0,0.0,36.8,0,0,0,3046,2.955,0,COM7
2,545727,37,rpm,0,0,0.0,36.8,0,0,0,3046,2.955,0,COM7
2,545747,37,rpm,0,0,0.0,36.8,0,0,0,3046,2.955,0,COM7
2,545768,37,rpm,0,0,0.0,36.8,0,0,0,3046,2.955,0,COM7
2,545788,37,rpm,0,0,0.0,36.8,0,0,0,3046,2.955,0,COM7
2,545809,37,rpm,0,0,0.0,36.8,0,0,0,3046,2.955,0,COM7
2,545829,37,rpm,0,0,0.0,36.8,0,0,0,3046,2.955,0,COM7
2,545850,37,rpm,0,0,0.0,36.8,0,0,0,3046,2.955,0,COM7
2,545870,37,rpm,0,0,0.0,36.8,0,0,0,3046,2.955,0,COM7
2,545890,37,rpm,0,0,0.0,36.8,0,0,0,3046,2.955,0,COM7
2,545911,37,rpm,0,0,0.0,36.8,0,0,0,3046,2.955,0,COM7
2,545931,37,rpm,0,0,0.0,36.8,0,0,0,3046,2.955,0,COM7
2,545952,37,rpm,0,0,0.0,36.8,0,0,0,3046,2.955,0,COM7
2,545972,37,rpm,0,0,0.0,36.8,0,0,0,3046,2.955,0,COM7
2,545993,37,rpm,0,0,0.0,36.8,0,0,0,3046,2.955,0,COM7
2,546013,37,rpm,0,0,0.0,36.8,0,0,0,3046,2.955,0,COM7
2,546033,37,rpm,0,0,0.0,36.8,0,0,0,3046,2.955,0,COM7
2,546054,37,rpm,0,0,0.0,36.8,0,0,0,3046,2.955,0,COM7
2,546074,37,rpm,0,0,0.0,36.8,0,0,0,3046,2.955,0,COM7
2,546095,37,rpm,0,0,0.0,36.8,0,0,0,3046,2.955,0,COM7
2,546115,37,rpm,0,0,0.0,36.8,0,0,0,3046,2.955,0,COM7
2,546136,37,rpm,0,0,0.0,36.8,0,0,0,3046,2.955,0,COM7
2,546156,37,rpm,0,0,0.0,36.8,0,0,0,3046,2.955,0,COM7
2,546177,37,rpm,0,0,0.0,36.8,0,0,0,3046,2.955,0,COM7
2,546197,37,rpm,0,0,0.0,36.8,0,0,0,3046,2.955,0,COM7
2,546217,37,rpm,0,0,0.0,36.8,0,0,0,3046,2.955,0,COM7
2,546238,37,rpm,0,0,0.0,36.8,0,0,0,3046,2.955,0,COM7
2,546258,37,rpm,0,0,0.0,36.8,0,0,0,3046,2.955,0,COM7
2,546279,37,rpm,0,0,0.0,36.8,0,0,0,3046,2.955,0,COM7
2,546299,37,rpm,0,0,0.0,36.8,0,0,0,3046,2.955,0,COM7
2,546320,37,rpm,0,0,0.0,36.8,0,0,0,3046,2.955,0,COM7
2,546340,37,rpm,0,0,0.0,36.8,0,0,0,3046,2.955,0,COM7
2,546360,37,rpm,0,0,0.0,36.8,0,0,0,3046,2.955,0,COM7
2,546381,37,rpm,0,0,0.0,36.8,0,0,0,3046,2.955,0,COM7
2,546401,37,rpm,0,0,0.0,36.8,0,0,0,3046,2.955,0,COM7
2,546422,37,rpm,0,0,0.0,36.8,0,0,0,3046,2.955,0,COM7
2,546442,37,rpm,0,0,0.0,36.8,0,0,0,3046,2.955,0,COM7
2,546463,37,rpm,0,0,0.0,36.8,0,0,0,3046,2.955,0,COM7
2,546483,37,rpm,0,0,0.0,36.8,0,0,0,3046,2.955,0,COM7
2,546503,37,rpm,0,0,0.0,36.8,0,0,0,3046,2.955,0,COM7
2,546524,37,rpm,0,0,0.0,36.8,0,0,0,3046,2.955,0,COM7
2,546544,37,rpm,0,0,0.0,36.8,0,0,0,3046,2.955,0,COM7
2,546565,37,rpm,0,0,0.0,36.8,0,0,0,3046,2.955,0,COM7
2,546585,37,rpm,0,0,0.0,36.8,0,0,0,3046,2.955,0,COM7
2,546606,37,rpm,0,0,0.0,36.8,0,0,0,3046,2.955,0,COM7
2,546626,37,rpm,0,0,0.0,36.8,0,0,0,3046,2.955,0,COM7
2,546647,37,rpm,0,0,0.0,36.8,0,0,0,3046,2.955,0,COM7
2,546667,37,rpm,0,0,0.0,36.8,0,0,0,3046,2.955,0,COM7
2,546687,37,rpm,0,0,0.0,36.8,0,0,0,3046,2.955,0,COM7
2,546708,37,rpm,0,0,0.0,36.8,0,0,0,3046,2.955,0,COM7
2,546728,37,rpm,0,0,0.0,36.8,0,0,0,3046,2.955,0,COM7
2,546749,37,rpm,0,0,0.0,36.8,0,0,0,3046,2.955,0,COM7
2,546769,37,rpm,0,0,0.0,36.8,0,0,0,3046,2.955,0,COM7
2,546790,37,rpm,0,0,0.0,36.8,0,0,0,3046,2.955,0,COM7
2,546810,37,rpm,0,0,0.0,36.8,0,0,0,3046,2.955,0,COM7
2,546830,37,rpm,0,0,0.0,36.8,0,0,0,3046,2.955,0,COM7
2,546851,37,rpm,0,0,0.0,36.8,0,0,0,3046,2.955,0,COM7
2,546871,37,rpm,0,0,0.0,36.8,0,0,0,3046,2.955,0,COM7
2,546892,37,rpm,0,0,0.0,36.8,0,0,0,3046,2.955,0,COM7
2,546912,37,rpm,0,0,0.0,36.8,0,0,0,3046,2.955,0,COM7
2,546933,37,rpm,0,0,0.0,36.8,0,0,0,3046,2.955,0,COM7
2,546953,37,rpm,0,0,0.0,36.8,0,0,0,3046,2.955,0,COM7
2,546973,37,rpm,0,0,0.0,36.8,0,0,0,3046,2.955,0,COM7
2,546994,37,rpm,0,0,0.0,36.8,0,0,0,3046,2.955,0,COM7
2,547014,37,rpm,0,0,0.0,36.8,0,0,0,3046,2.955,0,COM7
2,547035,37,rpm,0,0,0.0,36.8,0,0,0,3046,2.955,0,COM7
2,547055,37,rpm,0,0,0.0,36.8,0,0,0,3046,2.955,0,COM7
2,547076,37,rpm,0,0,0.0,36.8,0,0,0,3046,2.955,0,COM7
2,547096,37,rpm,0,0,0.0,36.8,0,0,0,3046,2.955,0,COM7
2,547116,37,rpm,0,0,0.0,36.8,0,0,0,3046,2.955,0,COM7
2,547137,37,rpm,0,0,0.0,36.8,0,0,0,3046,2.955,0,COM7
2,547157,37,rpm,0,0,0.0,36.8,0,0,0,3046,2.955,0,COM7
2,547178,37,rpm,0,0,0.0,36.8,0,0,0,3046,2.955,0,COM7
2,547198,37,rpm,0,0,0.0,36.8,0,0,0,3046,2.955,0,COM7
2,547219,37,rpm,0,0,0.0,36.8,0,0,0,3046,2.955,0,COM7
2,547239,37,rpm,0,0,0.0,36.8,0,0,0,3046,2.955,0,COM7
2,547259,37,rpm,0,0,0.0,36.8,0,0,0,3046,2.955,0,COM7
2,547280,37,rpm,0,0,0.0,36.8,0,0,0,3046,2.955,0,COM7
2,547300,37,rpm,0,0,0.0,36.8,0,0,0,3046,2.955,0,COM7
2,547321,37,rpm,0,0,0.0,36.8,0,0,0,3046,2.955,0,COM7
2,547341,37,rpm,0,0,0.0,36.8,0,0,0,3046,2.955,0,COM7
2,547362,37,rpm,0,0,0.0,36.8,0,0,0,3046,2.955,0,COM7
2,547382,37,rpm,0,0,0.0,36.8,0,0,0,3046,2.955,0,COM7
2,547403,37,rpm,0,0,0.0,36.8,0,0,0,3046,2.955,0,COM7
2,547423,37,rpm,0,0,0.0,36.8,0,0,0,3046,2.955,0,COM7
2,547443,37,rpm,0,0,0.0,36.8,0,0,0,3046,2.955,0,COM7
2,547464,37,rpm,0,0,0.0,36.8,0,0,0,3046,2.955,0,COM7
2,547484,37,rpm,0,0,0.0,36.8,0,0,0,3046,2.955,0,COM7
2,547505,37,rpm,0,0,0.0,36.8,0,0,0,3046,2.955,0,COM7
2,547525,37,rpm,0,0,0.0,36.8,0,0,0,3046,2.955,0,COM7
2,547546,37,rpm,0,0,0.0,36.8,0,0,0,3046,2.955,0,COM7
2,547566,37,rpm,0,0,0.0,36.8,0,0,0,3046,2.955,0,COM7
2,547587,37,rpm,0,0,0.0,36.8,0,0,0,3046,2.955,0,COM7
2,547607,37,rpm,0,0,0.0,36.8,0,0,0,3046,2.955,0,COM7
2,547628,37,rpm,0,0,0.0,36.8,0,0,0,3046,2.955,0,COM7
2,547648,37,rpm,0,0,0.0,36.8,0,0,0,3046,2.955,0,COM7
2,547669,37,rpm,0,0,0.0,36.8,0,0,0,3046,2.955,0,COM7
2,547689,37,rpm,0,0,0.0,36.8,0,0,0,3046,2.955,0,COM7
2,547710,37,rpm,0,0,0.0,36.8,0,0,0,3046,2.955,0,COM7
2,547730,37,rpm,0,0,0.0,36.8,0,0,0,3046,2.955,0,COM7
2,547750,37,rpm,0,0,0.0,36.8,0,0,0,3046,2.955,0,COM7
2,547771,37,rpm,0,0,0.0,36.8,0,0,0,3046,2.955,0,COM7
2,547791,37,rpm,0,0,0.0,36.8,0,0,0,3046,2.955,0,COM7
2,547812,37,rpm,0,0,0.0,36.8,0,0,0,3046,2.955,0,COM7
2,547832,37,rpm,0,0,0.0,36.8,0,0,0,3046,2.955,0,COM7
2,547853,37,rpm,0,0,0.0,36.8,0,0,0,3046,2.955,0,COM7
2,547873,37,rpm,0,0,0.0,36.8,0,0,0,3046,2.955,0,COM7
2,547894,37,rpm,0,0,0.0,36.8,0,0,0,3046,2.955,0,COM7
2,547914,37,rpm,0,0,0.0,36.8,0,0,0,3046,2.955,0,COM7
2,547935,37,rpm,0,0,0.0,36.8,0,0,0,3046,2.955,0,COM7
2,547955,37,rpm,0,0,0.0,36.8,0,0,0,3046,2.955,0,COM7
2,547975,37,rpm,0,0,0.0,36.8,0,0,0,3046,2.955,0,COM7
2,547996,37,rpm,0,0,0.0,36.8,0,0,0,3046,2.955,0,COM7
2,548016,37,rpm,0,0,0.0,36.8,0,0,0,3046,2.955,0,COM7
2,548037,37,rpm,0,0,0.0,36.8,0,0,0,3046,2.955,0,COM7
2,548057,37,rpm,0,0,0.0,36.8,0,0,0,3046,2.955,0,COM7
2,548078,37,rpm,0,0,0.0,36.8,0,0,0,3046,2.955,0,COM7
2,548098,37,rpm,0,0,0.0,36.8,0,0,0,3046,2.955,0,COM7
2,548119,37,rpm,0,0,0.0,36.8,0,0,0,3046,2.955,0,COM7
2,548139,37,rpm,0,0,0.0,36.8,0,0,0,3046,2.955,0,COM7
2,548159,37,rpm,0,0,0.0,36.8,0,0,0,3046,2.955,0,COM7
2,548180,37,rpm,0,0,0.0,36.8,0,0,0,3046,2.955,0,COM7
2,548200,37,rpm,0,0,0.0,36.8,0,0,0,3046,2.955,0,COM7
2,548221,37,rpm,0,0,0.0,36.8,0,0,0,3046,2.955,0,COM7
2,548241,37,rpm,0,0,0.0,36.8,0,0,0,3046,2.955,0,COM7
2,548262,37,rpm,0,0,0.0,36.8,0,0,0,3046,2.955,0,COM7
2,548282,37,rpm,0,0,0.0,36.8,0,0,0,3046,2.955,0,COM7
2,548303,37,rpm,0,0,0.0,36.8,0,0,0,3046,2.955,0,COM7
2,548323,37,rpm,0,0,0.0,36.8,0,0,0,3046,2.955,0,COM7
2,548344,37,rpm,0,0,0.0,36.8,0,0,0,3046,2.955,0,COM7
2,548364,37,rpm,0,0,0.0,36.8,0,0,0,3046,2.955,0,COM7
2,548384,37,rpm,0,0,0.0,36.8,0,0,0,3046,2.955,0,COM7
2,548405,37,rpm,0,0,0.0,36.8,0,0,0,3046,2.955,0,COM7
2,548425,37,rpm,0,0,0.0,36.8,0,0,0,3046,2.955,0,COM7
2,548446,37,rpm,0,0,0.0,36.8,0,0,0,3046,2.955,0,COM7
2,548466,37,rpm,0,0,0.0,36.8,0,0,0,3046,2.955,0,COM7
2,548487,37,rpm,0,0,0.0,36.8,0,0,0,3046,2.955,0,COM7
2,548507,37,rpm,0,0,0.0,36.8,0,0,0,3046,2.955,0,COM7
2,548528,37,rpm,0,0,0.0,36.8,0,0,0,3046,2.955,0,COM7
2,548548,37,rpm,0,0,0.0,36.8,0,0,0,3046,2.955,0,COM7
2,548568,37,rpm,0,0,0.0,36.8,0,0,0,3046,2.955,0,COM7
2,548589,37,rpm,0,0,0.0,36.8,0,0,0,3046,2.955,0,COM7
2,548609,37,rpm,0,0,0.0,36.8,0,0,0,3046,2.955,0,COM7
2,548630,37,rpm,0,0,0.0,36.8,0,0,0,3046,2.955,0,COM7
2,548650,37,rpm,0,0,0.0,36.8,0,0,0,3046,2.955,0,COM7
2,548671,37,rpm,0,0,0.0,36.8,0,0,0,3046,2.955,0,COM7
2,548691,37,rpm,0,0,0.0,36.8,0,0,0,3046,2.955,0,COM7
2,548712,37,rpm,0,0,0.0,36.8,0,0,0,3046,2.955,0,COM7
2,548732,37,rpm,0,0,0.0,36.8,0,0,0,3046,2.955,0,COM7
2,548753,37,rpm,0,0,0.0,36.8,0,0,0,3046,2.955,0,COM7
2,548773,37,rpm,0,0,0.0,36.8,0,0,0,3046,2.955,0,COM7
2,548793,37,rpm,0,0,0.0,36.8,0,0,0,3046,2.955,0,COM7
2,548814,37,rpm,0,0,0.0,36.8,0,0,0,3046,2.955,0,COM7
2,548834,37,rpm,0,0,0.0,36.8,0,0,0,3046,2.955,0,COM7
2,548855,37,rpm,0,0,0.0,36.8,0,0,0,3046,2.955,0,COM7
2,548875,37,rpm,0,0,0.0,36.8,0,0,0,3046,2.955,0,COM7
2,548896,37,rpm,0,0,0.0,36.8,0,0,0,3046,2.955,0,COM7
2,548916,37,rpm,0,0,0.0,36.8,0,0,0,3046,2.955,0,COM7
2,548937,37,rpm,0,0,0.0,36.8,0,0,0,3046,2.955,0,COM7
2,548957,37,rpm,0,0,0.0,36.8,0,0,0,3046,2.955,0,COM7
2,548977,37,rpm,0,0,0.0,36.8,0,0,0,3046,2.955,0,COM7
2,548998,37,rpm,0,0,0.0,36.8,0,0,0,3046,2.955,0,COM7
2,549018,37,rpm,0,0,0.0,36.8,0,0,0,3046,2.955,0,COM7
2,549039,37,rpm,0,0,0.0,36.8,0,0,0,3046,2.955,0,COM7
2,549059,37,rpm,0,0,0.0,36.8,0,0,0,3046,2.955,0,COM7
2,549080,37,rpm,0,0,0.0,36.8,0,0,0,3046,2.955,0,COM7
2,549100,37,rpm,0,0,0.0,36.8,0,0,0,3046,2.955,0,COM7
2,549121,37,rpm,0,0,0.0,36.8,0,0,0,3046,2.955,0,COM7
2,549141,37,rpm,0,0,0.0,36.8,0,0,0,3046,2.955,0,COM7
2,549161,37,rpm,0,0,0.0,36.8,0,0,0,3046,2.955,0,COM7
2,549182,37,rpm,0,0,0.0,36.8,0,0,0,3046,2.955,0,COM7
2,549202,37,rpm,0,0,0.0,36.8,0,0,0,3046,2.955,0,COM7
2,549223,37,rpm,0,0,0.0,36.8,0,0,0,3046,2.955,0,COM7
2,549243,37,rpm,0,0,0.0,36.8,0,0,0,3046,2.955,0,COM7
2,549264,37,rpm,0,0,0.0,36.8,0,0,0,3046,2.955,0,COM7
2,549284,37,rpm,0,0,0.0,36.8,0,0,0,3046,2.955,0,COM7
2,549304,37,rpm,0,0,0.0,36.8,0,0,0,3046,2.955,0,COM7
2,549325,37,rpm,0,0,0.0,36.8,0,0,0,3046,2.955,0,COM7
2,549345,37,rpm,0,0,0.0,36.8,0,0,0,3046,2.955,0,COM7
2,549366,37,rpm,0,0,0.0,36.8,0,0,0,3046,2.955,0,COM7
2,549386,37,rpm,0,0,0.0,36.8,0,0,0,3046,2.955,0,COM7
2,549407,37,rpm,0,0,0.0,36.8,0,0,0,3046,2.955,0,COM7
2,549427,37,rpm,0,0,0.0,36.8,0,0,0,3046,2.955,0,COM7
2,549447,37,rpm,0,0,0.0,36.8,0,0,0,3046,2.955,0,COM7
2,549468,37,rpm,0,0,0.0,36.8,0,0,0,3046,2.955,0,COM7
2,549488,37,rpm,0,0,0.0,36.8,0,0,0,3046,2.955,0,COM7
2,549509,37,rpm,0,0,0.0,36.8,0,0,0,3046,2.955,0,COM7
2,549529,37,rpm,0,0,0.0,36.8,0,0,0,3046,2.955,0,COM7
2,549550,37,rpm,0,0,0.0,36.8,0,0,0,3046,2.955,0,COM7
2,549570,37,rpm,0,0,0.0,36.8,0,0,0,3046,2.955,0,COM7
2,549590,37,rpm,0,0,0.0,36.8,0,0,0,3046,2.955,0,COM7
2,549611,37,rpm,0,0,0.0,36.8,0,0,0,3046,2.955,0,COM7
2,549631,37,rpm,0,0,0.0,36.8,0,0,0,3046,2.955,0,COM7
2,549652,37,rpm,0,0,0.0,36.8,0,0,0,3046,2.955,0,COM7
2,549672,37,rpm,0,0,0.0,36.8,0,0,0,3046,2.955,0,COM7
2,549693,37,rpm,0,0,0.0,36.8,0,0,0,3046,2.955,0,COM7
2,549713,37,rpm,0,0,0.0,36.8,0,0,0,3046,2.955,0,COM7
2,549734,37,rpm,0,0,0.0,36.8,0,0,0,3046,2.955,0,COM7
2,549754,37,rpm,0,0,0.0,36.8,0,0,0,3046,2.955,0,COM7
2,549774,37,rpm,0,0,0.0,36.8,0,0,0,3046,2.955,0,COM7
2,549795,37,rpm,0,0,0.0,36.8,0,0,0,3046,2.955,0,COM7
2,549815,37,rpm,0,0,0.0,36.8,0,0,0,3046,2.955,0,COM7
2,549836,37,rpm,0,0,0.0,36.8,0,0,0,3046,2.955,0,COM7
2,549856,37,rpm,0,0,0.0,36.8,0,0,0,3046,2.955,0,COM7
2,549877,37,rpm,0,0,0.0,36.8,0,0,0,3046,2.955,0,COM7
2,549897,37,rpm,0,0,0.0,36.8,0,0,0,3046,2.955,0,COM7
2,549918,37,rpm,0,0,0.0,36.8,0,0,0,3046,2.955,0,COM7
2,549938,37,rpm,0,0,0.0,36.8,0,0,0,3046,2.955,0,COM7
2,549958,37,rpm,0,0,0.0,36.8,0,0,0,3046,2.955,0,COM7
2,549979,37,rpm,0,0,0.0,36.8,0,0,0,3046,2.955,0,COM7
2,549999,37,rpm,0,0,0.0,36.8,0,0,0,3046,2.955,0,COM7
2,550020,37,rpm,0,0,0.0,36.8,0,0,0,3046,2.955,0,COM7
2,550040,37,rpm,0,0,0.0,36.8,0,0,0,3046,2.955,0,COM7
2,550061,37,rpm,0,0,0.0,36.8,0,0,0,3046,2.955,0,COM7
2,550081,37,rpm,0,0,0.0,36.8,0,0,0,3046,2.955,0,COM7
2,550101,37,rpm,0,0,0.0,36.8,0,0,0,3046,2.955,0,COM7
2,550122,37,rpm,0,0,0.0,36.8,0,0,0,3046,2.955,0,COM7
2,550142,37,rpm,0,0,0.0,36.8,0,0,0,3046,2.955,0,COM7
2,550163,37,rpm,0,0,0.0,36.8,0,0,0,3046,2.955,0,COM7
2,550183,37,rpm,0,0,0.0,36.8,0,0,0,3046,2.955,0,COM7
2,550204,37,rpm,0,0,0.0,36.8,0,0,0,3046,2.955,0,COM7
2,550224,37,rpm,0,0,0.0,36.8,0,0,0,3046,2.955,0,COM7
2,550244,37,rpm,0,0,0.0,36.8,0,0,0,3046,2.955,0,COM7
2,550265,37,rpm,0,0,0.0,36.8,0,0,0,3046,2.955,0,COM7
2,550285,37,rpm,0,0,0.0,36.8,0,0,0,3046,2.955,0,COM7
2,550306,37,rpm,0,0,0.0,36.8,0,0,0,3046,2.955,0,COM7
2,550326,37,rpm,0,0,0.0,36.8,0,0,0,3046,2.955,0,COM7
2,550347,37,rpm,0,0,0.0,36.8,0,0,0,3046,2.955,0,COM7
2,550367,37,rpm,0,0,0.0,36.8,0,0,0,3046,2.955,0,COM7
2,550387,37,rpm,0,0,0.0,36.8,0,0,0,3046,2.955,0,COM7
2,550408,37,rpm,0,0,0.0,36.8,0,0,0,3046,2.955,0,COM7
2,550428,37,rpm,0,0,0.0,36.8,0,0,0,3046,2.955,0,COM7
2,550449,37,rpm,0,0,0.0,36.8,0,0,0,3046,2.955,0,COM7
2,550469,37,rpm,0,0,0.0,36.8,0,0,0,3046,2.955,0,COM7
2,550490,37,rpm,0,0,0.0,36.8,0,0,0,3046,2.955,0,COM7
2,550510,37,rpm,0,0,0.0,36.8,0,0,0,3046,2.955,0,COM7
2,550530,37,rpm,0,0,0.0,36.8,0,0,0,3046,2.955,0,COM7
2,550551,37,rpm,0,0,0.0,36.8,0,0,0,3046,2.955,0,COM7
2,550571,37,rpm,0,0,0.0,36.8,0,0,0,3046,2.955,0,COM7
2,550592,37,rpm,0,0,0.0,36.8,0,0,0,3046,2.955,0,COM7
2,550612,37,rpm,0,0,0.0,36.8,0,0,0,3046,2.955,0,COM7
2,550633,37,rpm,0,0,0.0,36.8,0,0,0,3046,2.955,0,COM7
2,550653,37,rpm,0,0,0.0,36.8,0,0,0,3046,2.955,0,COM7
2,550674,37,rpm,0,0,0.0,36.8,0,0,0,3046,2.955,0,COM7
2,550694,37,rpm,0,0,0.0,36.8,0,0,0,3046,2.955,0,COM7
2,550715,37,rpm,0,0,0.0,36.8,0,0,0,3046,2.955,0,COM7
2,550735,37,rpm,0,0,0.0,36.8,0,0,0,3046,2.955,0,COM7
2,550755,37,rpm,0,0,0.0,36.8,0,0,0,3046,2.955,0,COM7
2,550776,37,rpm,0,0,0.0,36.8,0,0,0,3046,2.955,0,COM7
2,550796,37,rpm,0,0,0.0,36.8,0,0,0,3046,2.955,0,COM7
2,550817,37,rpm,0,0,0.0,36.8,0,0,0,3046,2.955,0,COM7
2,550837,37,rpm,0,0,0.0,36.8,0,0,0,3046,2.955,0,COM7
2,550858,37,rpm,0,0,0.0,36.8,0,0,0,3046,2.955,0,COM7
2,550878,37,rpm,0,0,0.0,36.8,0,0,0,3046,2.955,0,COM7
2,550899,37,rpm,0,0,0.0,36.8,0,0,0,3046,2.955,0,COM7
2,550919,37,rpm,0,0,0.0,36.8,0,0,0,3046,2.955,0,COM7
2,550939,37,rpm,0,0,0.0,36.8,0,0,0,3046,2.955,0,COM7
2,550960,37,rpm,0,0,0.0,36.8,0,0,0,3046,2.955,0,COM7
2,550980,37,rpm,0,0,0.0,36.8,0,0,0,3046,2.955,0,COM7
2,551001,37,rpm,0,0,0.0,36.8,0,0,0,3046,2.955,0,COM7
2,551021,37,rpm,0,0,0.0,36.8,0,0,0,3046,2.955,0,COM7
2,551042,37,rpm,0,0,0.0,36.8,0,0,0,3046,2.955,0,COM7
2,551062,37,rpm,0,0,0.0,36.8,0,0,0,3046,2.955,0,COM7
2,551083,37,rpm,0,0,0.0,36.8,0,0,0,3046,2.955,0,COM7
2,551103,37,rpm,0,0,0.0,36.8,0,0,0,3046,2.955,0,COM7
2,551123,37,rpm,0,0,0.0,36.8,0,0,0,3046,2.955,0,COM7
2,551144,37,rpm,0,0,0.0,36.8,0,0,0,3046,2.955,0,COM7
2,551164,37,rpm,0,0,0.0,36.8,0,0,0,3046,2.955,0,COM7
2,551185,37,rpm,0,0,0.0,36.8,0,0,0,3046,2.955,0,COM7
2,551205,37,rpm,0,0,0.0,36.8,0,0,0,3046,2.955,0,COM7
2,551226,37,rpm,0,0,0.0,36.8,0,0,0,3046,2.955,0,COM7
2,551246,37,rpm,0,0,0.0,36.8,0,0,0,3046,2.955,0,COM7
2,551267,37,rpm,0,0,0.0,36.8,0,0,0,3046,2.955,0,COM7
2,551287,37,rpm,0,0,0.0,36.8,0,0,0,3046,2.955,0,COM7
2,551308,37,rpm,0,0,0.0,36.8,0,0,0,3046,2.955,0,COM7
2,551328,37,rpm,0,0,0.0,36.8,0,0,0,3046,2.955,0,COM7
2,551348,37,rpm,0,0,0.0,36.8,0,0,0,3046,2.955,0,COM7
2,551369,37,rpm,0,0,0.0,36.8,0,0,0,3046,2.955,0,COM7
2,551389,37,rpm,0,0,0.0,36.8,0,0,0,3046,2.955,0,COM7
2,551410,37,rpm,0,0,0.0,36.8,0,0,0,3046,2.955,0,COM7
2,551430,37,rpm,0,0,0.0,36.8,0,0,0,3046,2.955,0,COM7
2,551451,37,rpm,0,0,0.0,36.8,0,0,0,3046,2.955,0,COM7
2,551471,37,rpm,0,0,0.0,36.8,0,0,0,3046,2.955,0,COM7
2,551492,37,rpm,0,0,0.0,36.8,0,0,0,3046,2.955,0,COM7
2,551512,37,rpm,0,0,0.0,36.8,0,0,0,3046,2.955,0,COM7
2,551533,37,rpm,0,0,0.0,36.8,0,0,0,3046,2.955,0,COM7
2,551553,37,rpm,0,0,0.0,36.8,0,0,0,3046,2.955,0,COM7
2,551573,37,rpm,0,0,0.0,36.8,0,0,0,3046,2.955,0,COM7
2,551594,37,rpm,0,0,0.0,36.8,0,0,0,3046,2.955,0,COM7
2,551614,37,rpm,0,0,0.0,36.8,0,0,0,3046,2.955,0,COM7
2,551635,37,rpm,0,0,0.0,36.8,0,0,0,3046,2.955,0,COM7
2,551655,37,rpm,0,0,0.0,36.8,0,0,0,3046,2.955,0,COM7
2,551676,37,rpm,0,0,0.0,36.8,0,0,0,3046,2.955,0,COM7
2,551696,37,rpm,0,0,0.0,36.8,0,0,0,3046,2.955,0,COM7
2,551717,37,rpm,0,0,0.0,36.8,0,0,0,3046,2.955,0,COM7
2,551737,37,rpm,0,0,0.0,36.8,0,0,0,3046,2.955,0,COM7
2,551757,37,rpm,0,0,0.0,36.8,0,0,0,3046,2.955,0,COM7
2,551778,37,rpm,0,0,0.0,36.8,0,0,0,3046,2.955,0,COM7
2,551798,37,rpm,0,0,0.0,36.8,0,0,0,3046,2.955,0,COM7
2,551819,37,rpm,0,0,0.0,36.8,0,0,0,3046,2.955,0,COM7
2,551839,37,rpm,0,0,0.0,36.8,0,0,0,3046,2.955,0,COM7
2,551860,37,rpm,0,0,0.0,36.8,0,0,0,3046,2.955,0,COM7
2,551880,37,rpm,0,0,0.0,36.8,0,0,0,3046,2.955,0,COM7
2,551901,37,rpm,0,0,0.0,36.8,0,0,0,3046,2.955,0,COM7
2,551921,37,rpm,0,0,0.0,36.8,0,0,0,3046,2.955,0,COM7
2,551941,37,rpm,0,0,0.0,36.8,0,0,0,3046,2.955,0,COM7
2,551962,37,rpm,0,0,0.0,36.8,0,0,0,3046,2.955,0,COM7
2,551982,37,rpm,0,0,0.0,36.8,0,0,0,3046,2.955,0,COM7
2,552003,37,rpm,0,0,0.0,36.8,0,0,0,3046,2.955,0,COM7
2,552023,37,rpm,0,0,0.0,36.8,0,0,0,3046,2.955,0,COM7
2,552044,37,rpm,0,0,0.0,36.8,0,0,0,3046,2.955,0,COM7
2,552064,37,rpm,0,0,0.0,36.8,0,0,0,3046,2.955,0,COM7
2,552085,37,rpm,0,0,0.0,36.8,0,0,0,3046,2.955,0,COM7
2,552105,37,rpm,0,0,0.0,36.8,0,0,0,3046,2.955,0,COM7
2,552125,37,rpm,0,0,0.0,36.8,0,0,0,3046,2.955,0,COM7
2,552146,37,rpm,0,0,0.0,36.8,0,0,0,3046,2.955,0,COM7
2,552166,37,rpm,0,0,0.0,36.8,0,0,0,3046,2.955,0,COM7
2,552187,37,rpm,0,0,0.0,36.8,0,0,0,3046,2.955,0,COM7
2,552207,37,rpm,0,0,0.0,36.8,0,0,0,3046,2.955,0,COM7
2,552228,37,rpm,0,0,0.0,36.8,0,0,0,3046,2.955,0,COM7
2,552248,37,rpm,0,0,0.0,36.8,0,0,0,3046,2.955,0,COM7
2,552269,37,rpm,0,0,0.0,36.8,0,0,0,3046,2.955,0,COM7
2,552289,37,rpm,0,0,0.0,36.8,0,0,0,3046,2.955,0,COM7
2,552309,37,rpm,0,0,0.0,36.8,0,0,0,3046,2.955,0,COM7
2,552330,37,rpm,0,0,0.0,36.8,0,0,0,3046,2.955,0,COM7
2,552350,37,rpm,0,0,0.0,36.8,0,0,0,3046,2.955,0,COM7
2,552371,37,rpm,0,0,0.0,36.8,0,0,0,3046,2.955,0,COM7
2,552391,37,rpm,0,0,0.0,36.8,0,0,0,3046,2.955,0,COM7
2,552411,37,rpm,0,0,0.0,36.8,0,0,0,3046,2.955,0,COM7
2,552432,37,rpm,0,0,0.0,36.8,0,0,0,3046,2.955,0,COM7
2,552452,37,rpm,0,0,0.0,36.8,0,0,0,3046,2.955,0,COM7
2,552473,37,rpm,0,0,0.0,36.8,0,0,0,3046,2.955,0,COM7
2,552493,37,rpm,0,0,0.0,36.8,0,0,0,3046,2.955,0,COM7
2,552514,37,rpm,0,0,0.0,36.8,0,0,0,3046,2.955,0,COM7
2,552534,37,rpm,0,0,0.0,36.8,0,0,0,3046,2.955,0,COM7
2,552554,37,rpm,0,0,0.0,36.8,0,0,0,3046,2.955,0,COM7
2,552575,37,rpm,0,0,0.0,36.8,0,0,0,3046,2.955,0,COM7
2,552595,37,rpm,0,0,0.0,36.8,0,0,0,3046,2.955,0,COM7
2,552616,37,rpm,0,0,0.0,36.8,0,0,0,3046,2.955,0,COM7
2,552636,37,rpm,0,0,0.0,36.8,0,0,0,3046,2.955,0,COM7
2,552657,37,rpm,0,0,0.0,36.8,0,0,0,3046,2.955,0,COM7
2,552677,37,rpm,0,0,0.0,36.8,0,0,0,3046,2.955,0,COM7
2,552697,37,rpm,0,0,0.0,36.8,0,0,0,3046,2.955,0,COM7
2,552718,37,rpm,0,0,0.0,36.8,0,0,0,3046,2.955,0,COM7
2,552738,37,rpm,0,0,0.0,36.8,0,0,0,3046,2.955,0,COM7
2,552759,37,rpm,0,0,0.0,36.8,0,0,0,3046,2.955,0,COM7
2,552779,37,rpm,0,0,0.0,36.8,0,0,0,3046,2.955,0,COM7
2,552800,37,rpm,0,0,0.0,36.8,0,0,0,3046,2.955,0,COM7
2,552820,37,rpm,0,0,0.0,36.8,0,0,0,3046,2.955,0,COM7
2,552841,37,rpm,0,0,0.0,36.8,0,0,0,3046,2.955,0,COM7
2,552861,37,rpm,0,0,0.0,36.8,0,0,0,3046,2.955,0,COM7
2,552881,37,rpm,0,0,0.0,36.8,0,0,0,3046,2.955,0,COM7
2,552902,37,rpm,0,0,0.0,36.8,0,0,0,3046,2.955,0,COM7
2,552922,37,rpm,0,0,0.0,36.8,0,0,0,3046,2.955,0,COM7
2,552943,37,rpm,0,0,0.0,36.8,0,0,0,3046,2.955,0,COM7
2,552963,37,rpm,0,0,0.0,36.8,0,0,0,3046,2.955,0,COM7
2,552984,37,rpm,0,0,0.0,36.8,0,0,0,3046,2.955,0,COM7
2,553004,37,rpm,0,0,0.0,36.8,0,0,0,3046,2.955,0,COM7
2,553024,37,rpm,0,0,0.0,36.8,0,0,0,3046,2.955,0,COM7
2,553045,37,rpm,0,0,0.0,36.8,0,0,0,3046,2.955,0,COM7
2,553065,37,rpm,0,0,0.0,36.8,0,0,0,3046,2.955,0,COM7
2,553086,37,rpm,0,0,0.0,36.8,0,0,0,3046,2.955,0,COM7
2,553106,37,rpm,0,0,0.0,36.8,0,0,0,3046,2.955,0,COM7
2,553127,37,rpm,0,0,0.0,36.8,0,0,0,3046,2.955,0,COM7
2,553147,37,rpm,0,0,0.0,36.8,0,0,0,3046,2.955,0,COM7
2,553168,37,rpm,0,0,0.0,36.8,0,0,0,3046,2.955,0,COM7
2,553188,37,rpm,0,0,0.0,36.8,0,0,0,3046,2.955,0,COM7
2,553208,37,rpm,0,0,0.0,36.8,0,0,0,3046,2.955,0,COM7
2,553229,37,rpm,0,0,0.0,36.8,0,0,0,3046,2.955,0,COM7
2,553249,37,rpm,0,0,0.0,36.8,0,0,0,3046,2.955,0,COM7
2,553270,37,rpm,0,0,0.0,36.8,0,0,0,3046,2.955,0,COM7
2,553290,37,rpm,0,0,0.0,36.8,0,0,0,3046,2.955,0,COM7
2,553310,37,rpm,0,0,0.0,36.8,0,0,0,3046,2.955,0,COM7
2,553331,37,rpm,0,0,0.0,36.8,0,0,0,3046,2.955,0,COM7
2,553351,37,rpm,0,0,0.0,36.8,0,0,0,3046,2.955,0,COM7
2,553372,37,rpm,0,0,0.0,36.8,0,0,0,3046,2.955,0,COM7
2,553392,37,rpm,0,0,0.0,36.8,0,0,0,3046,2.955,0,COM7
2,553413,37,rpm,0,0,0.0,36.8,0,0,0,3046,2.955,0,COM7
2,553433,37,rpm,0,0,0.0,36.8,0,0,0,3046,2.955,0,COM7
2,553454,37,rpm,0,0,0.0,36.8,0,0,0,3046,2.955,0,COM7
2,553474,37,rpm,0,0,0.0,36.8,0,0,0,3046,2.955,0,COM7
2,553494,37,rpm,0,0,0.0,36.8,0,0,0,3046,2.955,0,COM7
2,553515,37,rpm,0,0,0.0,36.8,0,0,0,3046,2.955,0,COM7
2,553535,37,rpm,0,0,0.0,36.8,0,0,0,3046,2.955,0,COM7
2,553556,37,rpm,0,0,0.0,36.8,0,0,0,3046,2.955,0,COM7
2,553576,37,rpm,0,0,0.0,36.8,0,0,0,3046,2.955,0,COM7
2,553597,37,rpm,0,0,0.0,36.8,0,0,0,3046,2.955,0,COM7
2,553617,37,rpm,0,0,0.0,36.8,0,0,0,3046,2.955,0,COM7
2,553638,37,rpm,0,0,0.0,36.8,0,0,0,3046,2.955,0,COM7
2,553658,37,rpm,0,0,0.0,36.8,0,0,0,3046,2.955,0,COM7
2,553678,37,rpm,0,0,0.0,36.8,0,0,0,3046,2.955,0,COM7
2,553699,37,rpm,0,0,0.0,36.8,0,0,0,3046,2.955,0,COM7
2,553719,37,rpm,0,0,0.0,36.8,0,0,0,3046,2.955,0,COM7
2,553740,37,rpm,0,0,0.0,36.8,0,0,0,3046,2.955,0,COM7
2,553760,37,rpm,0,0,0.0,36.8,0,0,0,3046,2.955,0,COM7
2,553781,37,rpm,0,0,0.0,36.8,0,0,0,3046,2.955,0,COM7
2,553801,37,rpm,0,0,0.0,36.8,0,0,0,3046,2.955,0,COM7
2,553822,37,rpm,0,0,0.0,36.8,0,0,0,3046,2.955,0,COM7
2,553842,37,rpm,0,0,0.0,36.8,0,0,0,3046,2.955,0,COM7
2,553863,37,rpm,0,0,0.0,36.8,0,0,0,3046,2.955,0,COM7
2,553883,37,rpm,0,0,0.0,36.8,0,0,0,3046,2.955,0,COM7
2,553903,37,rpm,0,0,0.0,36.8,0,0,0,3046,2.955,0,COM7
2,553924,37,rpm,0,0,0.0,36.8,0,0,0,3046,2.955,0,COM7
2,553944,37,rpm,0,0,0.0,36.8,0,0,0,3046,2.955,0,COM7
2,553965,37,rpm,0,0,0.0,36.8,0,0,0,3046,2.955,0,COM7
2,553985,37,rpm,0,0,0.0,36.8,0,0,0,3046,2.955,0,COM7
2,554006,37,rpm,0,0,0.0,36.8,0,0,0,3046,2.955,0,COM7
2,554026,37,rpm,0,0,0.0,36.8,0,0,0,3046,2.955,0,COM7
2,554047,37,rpm,0,0,0.0,36.8,0,0,0,3046,2.955,0,COM7
2,554067,37,rpm,0,0,0.0,36.8,0,0,0,3046,2.955,0,COM7
2,554088,37,rpm,0,0,0.0,36.8,0,0,0,3046,2.955,0,COM7
2,554108,37,rpm,0,0,0.0,36.8,0,0,0,3046,2.955,0,COM7
2,554128,37,rpm,0,0,0.0,36.8,0,0,0,3046,2.955,0,COM7
2,554149,37,rpm,0,0,0.0,36.8,0,0,0,3046,2.955,0,COM7
2,554169,37,rpm,0,0,0.0,36.8,0,0,0,3046,2.955,0,COM7
2,554190,37,rpm,0,0,0.0,36.8,0,0,0,3046,2.955,0,COM7
2,554210,37,rpm,0,0,0.0,36.8,0,0,0,3046,2.955,0,COM7
2,554231,37,rpm,0,0,0.0,36.8,0,0,0,3046,2.955,0,COM7
2,554251,37,rpm,0,0,0.0,36.8,0,0,0,3046,2.955,0,COM7
2,554272,37,rpm,0,0,0.0,36.8,0,0,0,3046,2.955,0,COM7
2,554292,37,rpm,0,0,0.0,36.8,0,0,0,3046,2.955,0,COM7
2,554313,37,rpm,0,0,0.0,36.8,0,0,0,3046,2.955,0,COM7
2,554333,37,rpm,0,0,0.0,36.8,0,0,0,3046,2.955,0,COM7
2,554353,37,rpm,0,0,0.0,36.8,0,0,0,3046,2.955,0,COM7
2,554374,37,rpm,0,0,0.0,36.8,0,0,0,3046,2.955,0,COM7
2,554394,37,rpm,0,0,0.0,36.8,0,0,0,3046,2.955,0,COM7
2,554415,37,rpm,0,0,0.0,36.8,0,0,0,3046,2.955,0,COM7
2,554435,37,rpm,0,0,0.0,36.8,0,0,0,3046,2.955,0,COM7
2,554456,37,rpm,0,0,0.0,36.8,0,0,0,3046,2.955,0,COM7
2,554476,37,rpm,0,0,0.0,36.8,0,0,0,3046,2.955,0,COM7
2,554497,37,rpm,0,0,0.0,36.8,0,0,0,3046,2.955,0,COM7
2,554517,37,rpm,0,0,0.0,36.8,0,0,0,3046,2.955,0,COM7
2,554537,37,rpm,0,0,0.0,36.8,0,0,0,3046,2.955,0,COM7
2,554558,37,rpm,0,0,0.0,36.8,0,0,0,3046,2.955,0,COM7
2,554578,37,rpm,0,0,0.0,36.8,0,0,0,3046,2.955,0,COM7
2,554599,37,rpm,0,0,0.0,36.8,0,0,0,3046,2.955,0,COM7
2,554619,37,rpm,0,0,0.0,36.8,0,0,0,3046,2.955,0,COM7
2,554639,37,rpm,0,0,0.0,36.8,0,0,0,3046,2.955,0,COM7
2,554660,37,rpm,0,0,0.0,36.8,0,0,0,3046,2.955,0,COM7
2,554680,37,rpm,0,0,0.0,36.8,0,0,0,3046,2.955,0,COM7
2,554701,37,rpm,0,0,0.0,36.8,0,0,0,3046,2.955,0,COM7
2,554721,37,rpm,0,0,0.0,36.8,0,0,0,3046,2.955,0,COM7
2,554742,37,rpm,0,0,0.0,36.8,0,0,0,3046,2.955,0,COM7
2,554762,37,rpm,0,0,0.0,36.8,0,0,0,3046,2.955,0,COM7
2,554782,37,rpm,0,0,0.0,36.8,0,0,0,3046,2.955,0,COM7
2,554803,37,rpm,0,0,0.0,36.8,0,0,0,3046,2.955,0,COM7
2,554823,37,rpm,0,0,0.0,36.8,0,0,0,3046,2.955,0,COM7
2,554844,37,rpm,0,0,0.0,36.8,0,0,0,3046,2.955,0,COM7
2,554864,37,rpm,0,0,0.0,36.8,0,0,0,3046,2.955,0,COM7
2,554885,37,rpm,0,0,0.0,36.8,0,0,0,3046,2.955,0,COM7
2,554905,37,rpm,0,0,0.0,36.8,0,0,0,3046,2.955,0,COM7
2,554926,37,rpm,0,0,0.0,36.8,0,0,0,3046,2.955,0,COM7
2,554946,37,rpm,0,0,0.0,36.8,0,0,0,3046,2.955,0,COM7
2,554967,37,rpm,0,0,0.0,36.8,0,0,0,3046,2.955,0,COM7
2,554987,37,rpm,0,0,0.0,36.8,0,0,0,3046,2.955,0,COM7
2,555007,37,rpm,0,0,0.0,36.8,0,0,0,3046,2.955,0,COM7
2,555028,37,rpm,0,0,0.0,36.8,0,0,0,3046,2.955,0,COM7
2,555048,37,rpm,0,0,0.0,36.8,0,0,0,3046,2.955,0,COM7
2,555069,37,rpm,0,0,0.0,36.8,0,0,0,3046,2.955,0,COM7
2,555089,37,rpm,0,0,0.0,36.8,0,0,0,3046,2.955,0,COM7
2,555110,37,rpm,0,0,0.0,36.8,0,0,0,3046,2.955,0,COM7
2,555130,37,rpm,0,0,0.0,36.8,0,0,0,3046,2.955,0,COM7
2,555151,37,rpm,0,0,0.0,36.8,0,0,0,3046,2.955,0,COM7
2,555171,37,rpm,0,0,0.0,36.8,0,0,0,3046,2.955,0,COM7
2,555192,37,rpm,0,0,0.0,36.8,0,0,0,3046,2.955,0,COM7
2,555212,37,rpm,0,0,0.0,36.8,0,0,0,3046,2.955,0,COM7
2,555232,37,rpm,0,0,0.0,36.8,0,0,0,3046,2.955,0,COM7
2,555253,37,rpm,0,0,0.0,36.8,0,0,0,3046,2.955,0,COM7
2,555273,37,rpm,0,0,0.0,36.8,0,0,0,3046,2.955,0,COM7
2,555294,37,rpm,0,0,0.0,36.8,0,0,0,3046,2.955,0,COM7
2,555314,37,rpm,0,0,0.0,36.8,0,0,0,3046,2.955,0,COM7
2,555335,37,rpm,0,0,0.0,36.8,0,0,0,3046,2.955,0,COM7
2,555355,37,rpm,0,0,0.0,36.8,0,0,0,3046,2.955,0,COM7
2,555375,37,rpm,0,0,0.0,36.8,0,0,0,3046,2.955,0,COM7
2,555396,37,rpm,0,0,0.0,36.8,0,0,0,3046,2.955,0,COM7
2,555416,37,rpm,0,0,0.0,36.8,0,0,0,3046,2.955,0,COM7
2,555437,37,rpm,0,0,0.0,36.8,0,0,0,3046,2.955,0,COM7
2,555457,37,rpm,0,0,0.0,36.8,0,0,0,3046,2.955,0,COM7
2,555478,37,rpm,0,0,0.0,36.8,0,0,0,3046,2.955,0,COM7
2,555498,37,rpm,0,0,0.0,36.8,0,0,0,3046,2.955,0,COM7
2,555518,37,rpm,0,0,0.0,36.8,0,0,0,3046,2.955,0,COM7
2,555539,37,rpm,0,0,0.0,36.8,0,0,0,3046,2.955,0,COM7
2,555559,37,rpm,0,0,0.0,36.8,0,0,0,3046,2.955,0,COM7
2,555580,37,rpm,0,0,0.0,36.8,0,0,0,3046,2.955,0,COM7
2,555600,37,rpm,0,0,0.0,36.8,0,0,0,3046,2.955,0,COM7
2,555621,37,rpm,0,0,0.0,36.8,0,0,0,3046,2.955,0,COM7
2,555641,37,rpm,0,0,0.0,36.8,0,0,0,3046,2.955,0,COM7
2,555661,37,rpm,0,0,0.0,36.8,0,0,0,3046,2.955,0,COM7
2,555682,37,rpm,0,0,0.0,36.8,0,0,0,3046,2.955,0,COM7
2,555702,37,rpm,0,0,0.0,36.8,0,0,0,3046,2.955,0,COM7
2,555723,37,rpm,0,0,0.0,36.8,0,0,0,3046,2.955,0,COM7
2,555743,37,rpm,0,0,0.0,36.8,0,0,0,3046,2.955,0,COM7
2,555764,37,rpm,0,0,0.0,36.8,0,0,0,3046,2.955,0,COM7
2,555784,37,rpm,0,0,0.0,36.8,0,0,0,3046,2.955,0,COM7
2,555805,37,rpm,0,0,0.0,36.8,0,0,0,3046,2.955,0,COM7
2,555825,37,rpm,0,0,0.0,36.8,0,0,0,3046,2.955,0,COM7
2,555845,37,rpm,0,0,0.0,36.8,0,0,0,3046,2.955,0,COM7
2,555866,37,rpm,0,0,0.0,36.8,0,0,0,3046,2.955,0,COM7
2,555886,37,rpm,0,0,0.0,36.8,0,0,0,3046,2.955,0,COM7
2,555907,37,rpm,0,0,0.0,36.8,0,0,0,3046,2.955,0,COM7
2,555927,37,rpm,0,0,0.0,36.8,0,0,0,3046,2.955,0,COM7
2,555948,37,rpm,0,0,0.0,36.8,0,0,0,3046,2.955,0,COM7
2,555968,37,rpm,0,0,0.0,36.8,0,0,0,3046,2.955,0,COM7
2,555988,37,rpm,0,0,0.0,36.8,0,0,0,3046,2.955,0,COM7
2,556009,37,rpm,0,0,0.0,36.8,0,0,0,3046,2.955,0,COM7
2,556029,37,rpm,0,0,0.0,36.8,0,0,0,3046,2.955,0,COM7
2,556050,37,rpm,0,0,0.0,36.8,0,0,0,3046,2.955,0,COM7
2,556070,37,rpm,0,0,0.0,36.8,0,0,0,3046,2.955,0,COM7
2,556090,37,rpm,0,0,0.0,36.8,0,0,0,3046,2.955,0,COM7
2,556111,37,rpm,0,0,0.0,36.8,0,0,0,3046,2.955,0,COM7
2,556131,37,rpm,0,0,0.0,36.8,0,0,0,3046,2.955,0,COM7
2,556152,37,rpm,0,0,0.0,36.8,0,0,0,3046,2.955,0,COM7
2,556172,37,rpm,0,0,0.0,36.8,0,0,0,3046,2.955,0,COM7
2,556193,37,rpm,0,0,0.0,36.8,0,0,0,3046,2.955,0,COM7
2,556213,37,rpm,0,0,0.0,36.8,0,0,0,3046,2.955,0,COM7
2,556234,37,rpm,0,0,0.0,36.8,0,0,0,3046,2.955,0,COM7
2,556254,37,rpm,0,0,0.0,36.8,0,0,0,3046,2.955,0,COM7
2,556275,37,rpm,0,0,0.0,36.8,0,0,0,3046,2.955,0,COM7
2,556295,37,rpm,0,0,0.0,36.8,0,0,0,3046,2.955,0,COM7
2,556315,37,rpm,0,0,0.0,36.8,0,0,0,3046,2.955,0,COM7
2,556336,37,rpm,0,0,0.0,36.8,0,0,0,3046,2.955,0,COM7
2,556356,37,rpm,0,0,0.0,36.8,0,0,0,3046,2.955,0,COM7
2,556377,37,rpm,0,0,0.0,36.8,0,0,0,3046,2.955,0,COM7
2,556397,37,rpm,0,0,0.0,36.8,0,0,0,3046,2.955,0,COM7
2,556418,37,rpm,0,0,0.0,36.8,0,0,0,3046,2.955,0,COM7
2,556438,37,rpm,0,0,0.0,36.8,0,0,0,3046,2.955,0,COM7
2,556459,37,rpm,0,0,0.0,36.8,0,0,0,3046,2.955,0,COM7
2,556479,37,rpm,0,0,0.0,36.8,0,0,0,3046,2.955,0,COM7
2,556499,37,rpm,0,0,0.0,36.8,0,0,0,3046,2.955,0,COM7
2,556520,37,rpm,0,0,0.0,36.8,0,0,0,3046,2.955,0,COM7
2,556540,37,rpm,0,0,0.0,36.8,0,0,0,3046,2.955,0,COM7
2,556561,37,rpm,0,0,0.0,36.8,0,0,0,3046,2.955,0,COM7
2,556581,37,rpm,0,0,0.0,36.8,0,0,0,3046,2.955,0,COM7
2,556602,37,rpm,0,0,0.0,36.8,0,0,0,3046,2.955,0,COM7
2,556622,37,rpm,0,0,0.0,36.8,0,0,0,3046,2.955,0,COM7
2,556642,37,rpm,0,0,0.0,36.8,0,0,0,3046,2.955,0,COM7
2,556663,37,rpm,0,0,0.0,36.8,0,0,0,3046,2.955,0,COM7
2,556683,37,rpm,0,0,0.0,36.8,0,0,0,3046,2.955,0,COM7
2,556704,37,rpm,0,0,0.0,36.8,0,0,0,3046,2.955,0,COM7
2,556724,37,rpm,0,0,0.0,36.8,0,0,0,3046,2.955,0,COM7
2,556745,37,rpm,0,0,0.0,36.8,0,0,0,3046,2.955,0,COM7
2,556765,37,rpm,0,0,0.0,36.8,0,0,0,3046,2.955,0,COM7
2,556785,37,rpm,0,0,0.0,36.8,0,0,0,3046,2.955,0,COM7
2,556806,37,rpm,0,0,0.0,36.8,0,0,0,3046,2.955,0,COM7
2,556826,37,rpm,0,0,0.0,36.8,0,0,0,3046,2.955,0,COM7
2,556847,37,rpm,0,0,0.0,36.8,0,0,0,3046,2.955,0,COM7
2,556867,37,rpm,0,0,0.0,36.8,0,0,0,3046,2.955,0,COM7
2,556888,37,rpm,0,0,0.0,36.8,0,0,0,3046,2.955,0,COM7
2,556908,37,rpm,0,0,0.0,36.8,0,0,0,3046,2.955,0,COM7
2,556928,37,rpm,0,0,0.0,36.8,0,0,0,3046,2.955,0,COM7
2,556949,37,rpm,0,0,0.0,36.8,0,0,0,3046,2.955,0,COM7
2,556969,37,rpm,0,0,0.0,36.8,0,0,0,3046,2.955,0,COM7
2,556990,37,rpm,0,0,0.0,36.8,0,0,0,3046,2.955,0,COM7
2,557010,37,rpm,0,0,0.0,36.8,0,0,0,3046,2.955,0,COM7
2,557031,37,rpm,0,0,0.0,36.8,0,0,0,3046,2.955,0,COM7
2,557051,37,rpm,0,0,0.0,36.8,0,0,0,3046,2.955,0,COM7
2,557071,37,rpm,0,0,0.0,36.8,0,0,0,3046,2.955,0,COM7
2,557092,37,rpm,0,0,0.0,36.8,0,0,0,3046,2.955,0,COM7
2,557112,37,rpm,0,0,0.0,36.8,0,0,0,3046,2.955,0,COM7
2,557133,37,rpm,0,0,0.0,36.8,0,0,0,3046,2.955,0,COM7
2,557153,37,rpm,0,0,0.0,36.8,0,0,0,3046,2.955,0,COM7
2,557174,37,rpm,0,0,0.0,36.8,0,0,0,3046,2.955,0,COM7
2,557194,37,rpm,0,0,0.0,36.8,0,0,0,3046,2.955,0,COM7
2,557215,37,rpm,0,0,0.0,36.8,0,0,0,3046,2.955,0,COM7
2,557235,37,rpm,0,0,0.0,36.8,0,0,0,3046,2.955,0,COM7
2,557255,37,rpm,0,0,0.0,36.8,0,0,0,3046,2.955,0,COM7
2,557276,37,rpm,0,0,0.0,36.8,0,0,0,3046,2.955,0,COM7
2,557296,37,rpm,0,0,0.0,36.8,0,0,0,3046,2.955,0,COM7
2,557317,37,rpm,0,0,0.0,36.8,0,0,0,3046,2.955,0,COM7
2,557337,37,rpm,0,0,0.0,36.8,0,0,0,3046,2.955,0,COM7
2,557358,37,rpm,0,0,0.0,36.8,0,0,0,3046,2.955,0,COM7
2,557378,37,rpm,0,0,0.0,36.8,0,0,0,3046,2.955,0,COM7
2,557399,37,rpm,0,0,0.0,36.8,0,0,0,3046,2.955,0,COM7
2,557419,37,rpm,0,0,0.0,36.8,0,0,0,3046,2.955,0,COM7
2,557439,37,rpm,0,0,0.0,36.8,0,0,0,3046,2.955,0,COM7
2,557460,37,rpm,0,0,0.0,36.8,0,0,0,3046,2.955,0,COM7
2,557480,37,rpm,0,0,0.0,36.8,0,0,0,3046,2.955,0,COM7
2,557501,37,rpm,0,0,0.0,36.8,0,0,0,3046,2.955,0,COM7
2,557521,37,rpm,0,0,0.0,36.8,0,0,0,3046,2.955,0,COM7
2,557542,37,rpm,0,0,0.0,36.8,0,0,0,3046,2.955,0,COM7
2,557562,37,rpm,0,0,0.0,36.8,0,0,0,3046,2.955,0,COM7
2,557583,37,rpm,0,0,0.0,36.8,0,0,0,3046,2.955,0,COM7
2,557603,37,rpm,0,0,0.0,36.8,0,0,0,3046,2.955,0,COM7
2,557623,37,rpm,0,0,0.0,36.8,0,0,0,3046,2.955,0,COM7
2,557644,37,rpm,0,0,0.0,36.8,0,0,0,3046,2.955,0,COM7
2,557664,37,rpm,0,0,0.0,36.8,0,0,0,3046,2.955,0,COM7
2,557685,37,rpm,0,0,0.0,36.8,0,0,0,3046,2.955,0,COM7
2,557705,37,rpm,0,0,0.0,36.8,0,0,0,3046,2.955,0,COM7
2,557726,37,rpm,0,0,0.0,36.8,0,0,0,3046,2.955,0,COM7
2,557746,37,rpm,0,0,0.0,36.8,0,0,0,3046,2.955,0,COM7
2,557767,37,rpm,0,0,0.0,36.8,0,0,0,3046,2.955,0,COM7
2,557787,37,rpm,0,0,0.0,36.8,0,0,0,3046,2.955,0,COM7
2,557808,37,rpm,0,0,0.0,36.8,0,0,0,3046,2.955,0,COM7
2,557828,37,rpm,0,0,0.0,36.8,0,0,0,3046,2.955,0,COM7
2,557848,37,rpm,0,0,0.0,36.8,0,0,0,3046,2.955,0,COM7
2,557869,37,rpm,0,0,0.0,36.8,0,0,0,3046,2.955,0,COM7
2,557889,37,rpm,0,0,0.0,36.8,0,0,0,3046,2.955,0,COM7
2,557910,37,rpm,0,0,0.0,36.8,0,0,0,3046,2.955,0,COM7
2,557930,37,rpm,0,0,0.0,36.8,0,0,0,3046,2.955,0,COM7
2,557951,37,rpm,0,0,0.0,36.8,0,0,0,3046,2.955,0,COM7
2,557971,37,rpm,0,0,0.0,36.8,0,0,0,3046,2.955,0,COM7
2,557992,37,rpm,0,0,0.0,36.8,0,0,0,3046,2.955,0,COM7
2,558012,37,rpm,0,0,0.0,36.8,0,0,0,3046,2.955,0,COM7
2,558033,37,rpm,0,0,0.0,36.8,0,0,0,3046,2.955,0,COM7
2,558053,37,rpm,0,0,0.0,36.8,0,0,0,3046,2.955,0,COM7
2,558073,37,rpm,0,0,0.0,36.8,0,0,0,3046,2.955,0,COM7
2,558094,37,rpm,0,0,0.0,36.8,0,0,0,3046,2.955,0,COM7
2,558115,37,rpm,0,0,0.0,36.8,0,0,0,3046,2.955,0,COM7
2,558135,37,rpm,0,0,0.0,36.8,0,0,0,3046,2.955,0,COM7
2,558155,37,rpm,0,0,0.0,36.8,0,0,0,3046,2.955,0,COM7
2,558176,37,rpm,0,0,0.0,36.8,0,0,0,3046,2.955,0,COM7
2,558196,37,rpm,0,0,0.0,36.8,0,0,0,3046,2.955,0,COM7
2,558217,37,rpm,0,0,0.0,36.8,0,0,0,3046,2.955,0,COM7
2,558237,37,rpm,0,0,0.0,36.8,0,0,0,3046,2.955,0,COM7
2,558258,37,rpm,0,0,0.0,36.8,0,0,0,3046,2.955,0,COM7
2,558278,37,rpm,0,0,0.0,36.8,0,0,0,3046,2.955,0,COM7
2,558298,37,rpm,0,0,0.0,36.8,0,0,0,3046,2.955,0,COM7
2,558319,37,rpm,0,0,0.0,36.8,0,0,0,3046,2.955,0,COM7
2,558339,37,rpm,0,0,0.0,36.8,0,0,0,3046,2.955,0,COM7
2,558360,37,rpm,0,0,0.0,36.8,0,0,0,3046,2.955,0,COM7
2,558380,37,rpm,0,0,0.0,36.8,0,0,0,3046,2.955,0,COM7
2,558401,37,rpm,0,0,0.0,36.8,0,0,0,3046,2.955,0,COM7
2,558421,37,rpm,0,0,0.0,36.8,0,0,0,3046,2.955,0,COM7
2,558442,37,rpm,0,0,0.0,36.8,0,0,0,3046,2.955,0,COM7
2,558462,37,rpm,0,0,0.0,36.8,0,0,0,3046,2.955,0,COM7
2,558482,37,rpm,0,0,0.0,36.8,0,0,0,3046,2.955,0,COM7
2,558503,37,rpm,0,0,0.0,36.8,0,0,0,3046,2.955,0,COM7
2,558523,37,rpm,0,0,0.0,36.8,0,0,0,3046,2.955,0,COM7
2,558544,37,rpm,0,0,0.0,36.8,0,0,0,3046,2.955,0,COM7
2,558564,37,rpm,0,0,0.0,36.8,0,0,0,3046,2.955,0,COM7
2,558585,37,rpm,0,0,0.0,36.8,0,0,0,3046,2.955,0,COM7
2,558605,37,rpm,0,0,0.0,36.8,0,0,0,3046,2.955,0,COM7
2,558626,37,rpm,0,0,0.0,36.8,0,0,0,3046,2.955,0,COM7
2,558646,37,rpm,0,0,0.0,36.8,0,0,0,3046,2.955,0,COM7
2,558667,37,rpm,0,0,0.0,36.8,0,0,0,3046,2.955,0,COM7
2,558687,37,rpm,0,0,0.0,36.8,0,0,0,3046,2.955,0,COM7
2,558708,37,rpm,0,0,0.0,36.8,0,0,0,3046,2.955,0,COM7
2,558728,37,rpm,0,0,0.0,36.8,0,0,0,3046,2.955,0,COM7
2,558749,37,rpm,0,0,0.0,36.8,0,0,0,3046,2.955,0,COM7
2,558769,37,rpm,0,0,0.0,36.8,0,0,0,3046,2.955,0,COM7
2,558789,37,rpm,0,0,0.0,36.8,0,0,0,3046,2.955,0,COM7
2,558810,37,rpm,0,0,0.0,36.8,0,0,0,3046,2.955,0,COM7
2,558830,37,rpm,0,0,0.0,36.8,0,0,0,3046,2.955,0,COM7
2,558851,37,rpm,0,0,0.0,36.8,0,0,0,3046,2.955,0,COM7
2,558871,37,rpm,0,0,0.0,36.8,0,0,0,3046,2.955,0,COM7
2,558892,37,rpm,0,0,0.0,36.8,0,0,0,3046,2.955,0,COM7
2,558912,37,rpm,0,0,0.0,36.8,0,0,0,3046,2.955,0,COM7
2,558933,37,rpm,0,0,0.0,36.8,0,0,0,3046,2.955,0,COM7
2,558953,37,rpm,0,0,0.0,36.8,0,0,0,3046,2.955,0,COM7
2,558973,37,rpm,0,0,0.0,36.8,0,0,0,3046,2.955,0,COM7
2,558994,37,rpm,0,0,0.0,36.8,0,0,0,3046,2.955,0,COM7
2,559014,37,rpm,0,0,0.0,36.8,0,0,0,3046,2.955,0,COM7
2,559035,37,rpm,0,0,0.0,36.8,0,0,0,3046,2.955,0,COM7
2,559055,37,rpm,0,0,0.0,36.8,0,0,0,3046,2.955,0,COM7
2,559076,37,rpm,0,0,0.0,36.8,0,0,0,3046,2.955,0,COM7
2,559096,37,rpm,0,0,0.0,36.8,0,0,0,3046,2.955,0,COM7
2,559116,37,rpm,0,0,0.0,36.8,0,0,0,3046,2.955,0,COM7
2,559137,37,rpm,0,0,0.0,36.8,0,0,0,3046,2.955,0,COM7
2,559157,37,rpm,0,0,0.0,36.8,0,0,0,3046,2.955,0,COM7
2,559178,37,rpm,0,0,0.0,36.8,0,0,0,3046,2.955,0,COM7
2,559198,37,rpm,0,0,0.0,36.8,0,0,0,3046,2.955,0,COM7
2,559218,37,rpm,0,0,0.0,36.8,0,0,0,3046,2.955,0,COM7
2,559239,37,rpm,0,0,0.0,36.8,0,0,0,3046,2.955,0,COM7
2,559259,37,rpm,0,0,0.0,36.8,0,0,0,3046,2.955,0,COM7
2,559280,37,rpm,0,0,0.0,36.8,0,0,0,3046,2.955,0,COM7
2,559300,37,rpm,0,0,0.0,36.8,0,0,0,3046,2.955,0,COM7
2,559321,37,rpm,0,0,0.0,36.8,0,0,0,3046,2.955,0,COM7
2,559341,37,rpm,0,0,0.0,36.8,0,0,0,3046,2.955,0,COM7
2,559362,37,rpm,0,0,0.0,36.8,0,0,0,3046,2.955,0,COM7
2,559382,37,rpm,0,0,0.0,36.8,0,0,0,3046,2.955,0,COM7
2,559402,37,rpm,0,0,0.0,36.8,0,0,0,3046,2.955,0,COM7
2,559423,37,rpm,0,0,0.0,36.8,0,0,0,3046,2.955,0,COM7
2,559443,37,rpm,0,0,0.0,36.8,0,0,0,3046,2.955,0,COM7
2,559464,37,rpm,0,0,0.0,36.8,0,0,0,3046,2.955,0,COM7
2,559484,37,rpm,0,0,0.0,36.8,0,0,0,3046,2.955,0,COM7
2,559505,37,rpm,0,0,0.0,36.8,0,0,0,3046,2.955,0,COM7
2,559525,37,rpm,0,0,0.0,36.8,0,0,0,3046,2.955,0,COM7
2,559545,37,rpm,0,0,0.0,36.8,0,0,0,3046,2.955,0,COM7
2,559566,37,rpm,0,0,0.0,36.8,0,0,0,3046,2.955,0,COM7
2,559586,37,rpm,0,0,0.0,36.8,0,0,0,3046,2.955,0,COM7
2,559607,37,rpm,0,0,0.0,36.8,0,0,0,3046,2.955,0,COM7
2,559627,37,rpm,0,0,0.0,36.8,0,0,0,3046,2.955,0,COM7
2,559648,37,rpm,0,0,0.0,36.8,0,0,0,3046,2.955,0,COM7
2,559668,37,rpm,0,0,0.0,36.8,0,0,0,3046,2.955,0,COM7
2,559688,37,rpm,0,0,0.0,36.8,0,0,0,3046,2.955,0,COM7
2,559709,37,rpm,0,0,0.0,36.8,0,0,0,3046,2.955,0,COM7
2,559729,37,rpm,0,0,0.0,36.8,0,0,0,3046,2.955,0,COM7
2,559750,37,rpm,0,0,0.0,36.8,0,0,0,3046,2.955,0,COM7
2,559770,37,rpm,0,0,0.0,36.8,0,0,0,3046,2.955,0,COM7
2,559790,37,rpm,0,0,0.0,36.8,0,0,0,3046,2.955,0,COM7
2,559811,37,rpm,0,0,0.0,36.8,0,0,0,3046,2.955,0,COM7
2,559831,37,rpm,0,0,0.0,36.8,0,0,0,3046,2.955,0,COM7
2,559852,37,rpm,0,0,0.0,36.8,0,0,0,3046,2.955,0,COM7
2,559872,37,rpm,0,0,0.0,36.8,0,0,0,3046,2.955,0,COM7
2,559893,37,rpm,0,0,0.0,36.8,0,0,0,3046,2.955,0,COM7
2,559913,37,rpm,0,0,0.0,36.8,0,0,0,3046,2.955,0,COM7
2,559934,37,rpm,0,0,0.0,36.8,0,0,0,3046,2.955,0,COM7
2,559954,37,rpm,0,0,0.0,36.8,0,0,0,3046,2.955,0,COM7
2,559974,37,rpm,0,0,0.0,36.8,0,0,0,3046,2.955,0,COM7
2,559995,37,rpm,0,0,0.0,36.8,0,0,0,3046,2.955,0,COM7
2,560015,37,rpm,0,0,0.0,36.8,0,0,0,3046,2.955,0,COM7
2,560036,37,rpm,0,0,0.0,36.8,0,0,0,3046,2.955,0,COM7
2,560056,37,rpm,0,0,0.0,36.8,0,0,0,3046,2.955,0,COM7
2,560077,37,rpm,0,0,0.0,36.8,0,0,0,3046,2.955,0,COM7
2,560097,37,rpm,0,0,0.0,36.8,0,0,0,3046,2.955,0,COM7
2,560118,37,rpm,0,0,0.0,36.8,0,0,0,3046,2.955,0,COM7
2,560138,37,rpm,0,0,0.0,36.8,0,0,0,3046,2.955,0,COM7
2,560158,37,rpm,0,0,0.0,36.8,0,0,0,3046,2.955,0,COM7
2,560179,37,rpm,0,0,0.0,36.8,0,0,0,3046,2.955,0,COM7
2,560199,37,rpm,0,0,0.0,36.8,0,0,0,3046,2.955,0,COM7
2,560220,37,rpm,0,0,0.0,36.8,0,0,0,3046,2.955,0,COM7
2,560240,37,rpm,0,0,0.0,36.8,0,0,0,3046,2.955,0,COM7
2,560261,37,rpm,0,0,0.0,36.8,0,0,0,3046,2.955,0,COM7
2,560281,37,rpm,0,0,0.0,36.8,0,0,0,3046,2.955,0,COM7
2,560302,37,rpm,0,0,0.0,36.8,0,0,0,3046,2.955,0,COM7
2,560322,37,rpm,0,0,0.0,36.8,0,0,0,3046,2.955,0,COM7
2,560342,37,rpm,0,0,0.0,36.8,0,0,0,3046,2.955,0,COM7
2,560363,37,rpm,0,0,0.0,36.8,0,0,0,3046,2.955,0,COM7
2,560383,37,rpm,0,0,0.0,36.8,0,0,0,3046,2.955,0,COM7
2,560404,37,rpm,0,0,0.0,36.8,0,0,0,3046,2.955,0,COM7
2,560424,37,rpm,0,0,0.0,36.8,0,0,0,3046,2.955,0,COM7
2,560445,37,rpm,0,0,0.0,36.8,0,0,0,3046,2.955,0,COM7
2,560465,37,rpm,0,0,0.0,36.8,0,0,0,3046,2.955,0,COM7
2,560486,37,rpm,0,0,0.0,36.8,0,0,0,3046,2.955,0,COM7
2,560506,37,rpm,0,0,0.0,36.8,0,0,0,3046,2.955,0,COM7
2,560527,37,rpm,0,0,0.0,36.8,0,0,0,3046,2.955,0,COM7
2,560547,37,rpm,0,0,0.0,36.8,0,0,0,3046,2.955,0,COM7
2,560567,37,rpm,0,0,0.0,36.8,0,0,0,3046,2.955,0,COM7
2,560588,37,rpm,0,0,0.0,36.8,0,0,0,3046,2.955,0,COM7
2,560608,37,rpm,0,0,0.0,36.8,0,0,0,3046,2.955,0,COM7
2,560629,37,rpm,0,0,0.0,36.8,0,0,0,3046,2.955,0,COM7
2,560649,37,rpm,0,0,0.0,36.8,0,0,0,3046,2.955,0,COM7
2,560670,37,rpm,0,0,0.0,36.8,0,0,0,3046,2.955,0,COM7
2,560690,37,rpm,0,0,0.0,36.8,0,0,0,3046,2.955,0,COM7
2,560711,37,rpm,0,0,0.0,36.8,0,0,0,3046,2.955,0,COM7
2,560731,37,rpm,0,0,0.0,36.8,0,0,0,3046,2.955,0,COM7
2,560751,37,rpm,0,0,0.0,36.8,0,0,0,3046,2.955,0,COM7
2,560772,37,rpm,0,0,0.0,36.8,0,0,0,3046,2.955,0,COM7
2,560792,37,rpm,0,0,0.0,36.8,0,0,0,3046,2.955,0,COM7
2,560813,37,rpm,0,0,0.0,36.8,0,0,0,3046,2.955,0,COM7
2,560833,37,rpm,0,0,0.0,36.8,0,0,0,3046,2.955,0,COM7
2,560854,37,rpm,0,0,0.0,36.8,0,0,0,3046,2.955,0,COM7
2,560874,37,rpm,0,0,0.0,36.8,0,0,0,3046,2.955,0,COM7
2,560895,37,rpm,0,0,0.0,36.8,0,0,0,3046,2.955,0,COM7
2,560915,37,rpm,0,0,0.0,36.8,0,0,0,3046,2.955,0,COM7
2,560935,37,rpm,0,0,0.0,36.8,0,0,0,3046,2.955,0,COM7
2,560956,37,rpm,0,0,0.0,36.8,0,0,0,3046,2.955,0,COM7
2,560976,37,rpm,0,0,0.0,36.8,0,0,0,3046,2.955,0,COM7
2,560997,37,rpm,0,0,0.0,36.8,0,0,0,3046,2.955,0,COM7
2,561017,37,rpm,0,0,0.0,36.8,0,0,0,3046,2.955,0,COM7
2,561038,37,rpm,0,0,0.0,36.8,0,0,0,3046,2.955,0,COM7
2,561058,37,rpm,0,0,0.0,36.8,0,0,0,3046,2.955,0,COM7
2,561079,37,rpm,0,0,0.0,36.8,0,0,0,3046,2.955,0,COM7
2,561099,37,rpm,0,0,0.0,36.8,0,0,0,3046,2.955,0,COM7
2,561119,37,rpm,0,0,0.0,36.8,0,0,0,3046,2.955,0,COM7
2,561140,37,rpm,0,0,0.0,36.8,0,0,0,3046,2.955,0,COM7
2,561160,37,rpm,0,0,0.0,36.8,0,0,0,3046,2.955,0,COM7
2,561181,37,rpm,0,0,0.0,36.8,0,0,0,3046,2.955,0,COM7
2,561201,37,rpm,0,0,0.0,36.8,0,0,0,3046,2.955,0,COM7
2,561222,37,rpm,0,0,0.0,36.8,0,0,0,3046,2.955,0,COM7
2,561242,37,rpm,0,0,0.0,36.8,0,0,0,3046,2.955,0,COM7
2,561262,37,rpm,0,0,0.0,36.8,0,0,0,3046,2.955,0,COM7
2,561283,37,rpm,0,0,0.0,36.8,0,0,0,3046,2.955,0,COM7
2,561303,37,rpm,0,0,0.0,36.8,0,0,0,3046,2.955,0,COM7
2,561324,37,rpm,0,0,0.0,36.8,0,0,0,3046,2.955,0,COM7
2,561344,37,rpm,0,0,0.0,36.8,0,0,0,3046,2.955,0,COM7
2,561365,37,rpm,0,0,0.0,36.8,0,0,0,3046,2.955,0,COM7
2,561385,37,rpm,0,0,0.0,36.8,0,0,0,3046,2.955,0,COM7
2,561406,37,rpm,0,0,0.0,36.8,0,0,0,3046,2.955,0,COM7
2,561426,37,rpm,0,0,0.0,36.8,0,0,0,3046,2.955,0,COM7
2,561446,37,rpm,0,0,0.0,36.8,0,0,0,3046,2.955,0,COM7
2,561467,37,rpm,0,0,0.0,36.8,0,0,0,3046,2.955,0,COM7
2,561487,37,rpm,0,0,0.0,36.8,0,0,0,3046,2.955,0,COM7
2,561508,37,rpm,0,0,0.0,36.8,0,0,0,3046,2.955,0,COM7
2,561528,37,rpm,0,0,0.0,36.8,0,0,0,3046,2.955,0,COM7
2,561549,37,rpm,0,0,0.0,36.8,0,0,0,3046,2.955,0,COM7
2,561569,37,rpm,0,0,0.0,36.8,0,0,0,3046,2.955,0,COM7
2,561590,37,rpm,0,0,0.0,36.8,0,0,0,3046,2.955,0,COM7
2,561610,37,rpm,0,0,0.0,36.8,0,0,0,3046,2.955,0,COM7
2,561631,37,rpm,0,0,0.0,36.8,0,0,0,3046,2.955,0,COM7
2,561651,37,rpm,0,0,0.0,36.8,0,0,0,3046,2.955,0,COM7
2,561671,37,rpm,0,0,0.0,36.8,0,0,0,3046,2.955,0,COM7
2,561692,37,rpm,0,0,0.0,36.8,0,0,0,3046,2.955,0,COM7
2,561712,37,rpm,0,0,0.0,36.8,0,0,0,3046,2.955,0,COM7
2,561733,37,rpm,0,0,0.0,36.8,0,0,0,3046,2.955,0,COM7
2,561753,37,rpm,0,0,0.0,36.8,0,0,0,3046,2.955,0,COM7
2,561774,37,rpm,0,0,0.0,36.8,0,0,0,3046,2.955,0,COM7
2,561794,37,rpm,0,0,0.0,36.8,0,0,0,3046,2.955,0,COM7
2,561815,37,rpm,0,0,0.0,36.8,0,0,0,3046,2.955,0,COM7
2,561835,37,rpm,0,0,0.0,36.8,0,0,0,3046,2.955,0,COM7
2,561856,37,rpm,0,0,0.0,36.8,0,0,0,3046,2.955,0,COM7
2,561876,37,rpm,0,0,0.0,36.8,0,0,0,3046,2.955,0,COM7
2,561896,37,rpm,0,0,0.0,36.8,0,0,0,3046,2.955,0,COM7
2,561917,37,rpm,0,0,0.0,36.8,0,0,0,3046,2.955,0,COM7
2,561937,37,rpm,0,0,0.0,36.8,0,0,0,3046,2.955,0,COM7
2,561958,37,rpm,0,0,0.0,36.8,0,0,0,3046,2.955,0,COM7
2,561978,37,rpm,0,0,0.0,36.8,0,0,0,3046,2.955,0,COM7
2,561999,37,rpm,0,0,0.0,36.8,0,0,0,3046,2.955,0,COM7
2,562019,37,rpm,0,0,0.0,36.8,0,0,0,3046,2.955,0,COM7
2,562040,37,rpm,0,0,0.0,36.8,0,0,0,3046,2.955,0,COM7
2,562060,37,rpm,0,0,0.0,36.8,0,0,0,3046,2.955,0,COM7
2,562080,37,rpm,0,0,0.0,36.8,0,0,0,3046,2.955,0,COM7
2,562101,37,rpm,0,0,0.0,36.8,0,0,0,3046,2.955,0,COM7
2,562121,37,rpm,0,0,0.0,36.8,0,0,0,3046,2.955,0,COM7
2,562142,37,rpm,0,0,0.0,36.8,0,0,0,3046,2.955,0,COM7
2,562162,37,rpm,0,0,0.0,36.8,0,0,0,3046,2.955,0,COM7
2,562183,37,rpm,0,0,0.0,36.8,0,0,0,3046,2.955,0,COM7
2,562203,37,rpm,0,0,0.0,36.8,0,0,0,3046,2.955,0,COM7
2,562224,37,rpm,0,0,0.0,36.8,0,0,0,3046,2.955,0,COM7
2,562244,37,rpm,0,0,0.0,36.8,0,0,0,3046,2.955,0,COM7
2,562265,37,rpm,0,0,0.0,36.8,0,0,0,3046,2.955,0,COM7
2,562285,37,rpm,0,0,0.0,36.8,0,0,0,3046,2.955,0,COM7
2,562305,37,rpm,0,0,0.0,36.8,0,0,0,3046,2.955,0,COM7
2,562326,37,rpm,0,0,0.0,36.8,0,0,0,3046,2.955,0,COM7
2,562346,37,rpm,0,0,0.0,36.8,0,0,0,3046,2.955,0,COM7
2,562367,37,rpm,0,0,0.0,36.8,0,0,0,3046,2.955,0,COM7
2,562387,37,rpm,0,0,0.0,36.8,0,0,0,3046,2.955,0,COM7
2,562408,37,rpm,0,0,0.0,36.8,0,0,0,3046,2.955,0,COM7
2,562428,37,rpm,0,0,0.0,36.8,0,0,0,3046,2.955,0,COM7
2,562449,37,rpm,0,0,0.0,36.8,0,0,0,3046,2.955,0,COM7
2,562469,37,rpm,0,0,0.0,36.8,0,0,0,3046,2.955,0,COM7
2,562490,37,rpm,0,0,0.0,36.8,0,0,0,3046,2.955,0,COM7
2,562510,37,rpm,0,0,0.0,36.8,0,0,0,3046,2.955,0,COM7
2,562531,37,rpm,0,0,0.0,36.8,0,0,0,3046,2.955,0,COM7
2,562551,37,rpm,0,0,0.0,36.8,0,0,0,3046,2.955,0,COM7
2,562571,37,rpm,0,0,0.0,36.8,0,0,0,3046,2.955,0,COM7
2,562592,37,rpm,0,0,0.0,36.8,0,0,0,3046,2.955,0,COM7
2,562612,37,rpm,0,0,0.0,36.8,0,0,0,3046,2.955,0,COM7
2,562633,37,rpm,0,0,0.0,36.8,0,0,0,3046,2.955,0,COM7
2,562653,37,rpm,0,0,0.0,36.8,0,0,0,3046,2.955,0,COM7
2,562674,37,rpm,0,0,0.0,36.8,0,0,0,3046,2.955,0,COM7
2,562694,37,rpm,0,0,0.0,36.8,0,0,0,3046,2.955,0,COM7
2,562715,37,rpm,0,0,0.0,36.8,0,0,0,3046,2.955,0,COM7
2,562735,37,rpm,0,0,0.0,36.8,0,0,0,3046,2.955,0,COM7
2,562755,37,rpm,0,0,0.0,36.8,0,0,0,3046,2.955,0,COM7
2,562776,37,rpm,0,0,0.0,36.8,0,0,0,3046,2.955,0,COM7
2,562796,37,rpm,0,0,0.0,36.8,0,0,0,3046,2.955,0,COM7
2,562817,37,rpm,0,0,0.0,36.8,0,0,0,3046,2.955,0,COM7
2,562837,37,rpm,0,0,0.0,36.8,0,0,0,3046,2.955,0,COM7
2,562858,37,rpm,0,0,0.0,36.8,0,0,0,3046,2.955,0,COM7
2,562878,37,rpm,0,0,0.0,36.8,0,0,0,3046,2.955,0,COM7
2,562899,37,rpm,0,0,0.0,36.8,0,0,0,3046,2.955,0,COM7
2,562919,37,rpm,0,0,0.0,36.8,0,0,0,3046,2.955,0,COM7
2,562939,37,rpm,0,0,0.0,36.8,0,0,0,3046,2.955,0,COM7
2,562960,37,rpm,0,0,0.0,36.8,0,0,0,3046,2.955,0,COM7
2,562980,37,rpm,0,0,0.0,36.8,0,0,0,3046,2.955,0,COM7
2,563001,37,rpm,0,0,0.0,36.8,0,0,0,3046,2.955,0,COM7
2,563021,37,rpm,0,0,0.0,36.8,0,0,0,3046,2.955,0,COM7
2,563042,37,rpm,0,0,0.0,36.8,0,0,0,3046,2.955,0,COM7
2,563062,37,rpm,0,0,0.0,36.8,0,0,0,3046,2.955,0,COM7
2,563082,37,rpm,0,0,0.0,36.8,0,0,0,3046,2.955,0,COM7
2,563103,37,rpm,0,0,0.0,36.8,0,0,0,3046,2.955,0,COM7
2,563123,37,rpm,0,0,0.0,36.8,0,0,0,3046,2.955,0,COM7
2,563144,37,rpm,0,0,0.0,36.8,0,0,0,3046,2.955,0,COM7
2,563164,37,rpm,0,0,0.0,36.8,0,0,0,3046,2.955,0,COM7
2,563185,37,rpm,0,0,0.0,36.8,0,0,0,3046,2.955,0,COM7
2,563205,37,rpm,0,0,0.0,36.8,0,0,0,3046,2.955,0,COM7
2,563226,37,rpm,0,0,0.0,36.8,0,0,0,3046,2.955,0,COM7
2,563246,37,rpm,0,0,0.0,36.8,0,0,0,3046,2.955,0,COM7
2,563266,37,rpm,0,0,0.0,36.8,0,0,0,3046,2.955,0,COM7
2,563287,37,rpm,0,0,0.0,36.8,0,0,0,3046,2.955,0,COM7
2,563307,37,rpm,0,0,0.0,36.8,0,0,0,3046,2.955,0,COM7
2,563328,37,rpm,0,0,0.0,36.8,0,0,0,3046,2.955,0,COM7
2,563348,37,rpm,0,0,0.0,36.8,0,0,0,3046,2.955,0,COM7
2,563369,37,rpm,0,0,0.0,36.8,0,0,0,3046,2.955,0,COM7
2,563389,37,rpm,0,0,0.0,36.8,0,0,0,3046,2.955,0,COM7
2,563410,37,rpm,0,0,0.0,36.8,0,0,0,3046,2.955,0,COM7
2,563430,37,rpm,0,0,0.0,36.8,0,0,0,3046,2.955,0,COM7
2,563450,37,rpm,0,0,0.0,36.8,0,0,0,3046,2.955,0,COM7
2,563471,37,rpm,0,0,0.0,36.8,0,0,0,3046,2.955,0,COM7
2,563491,37,rpm,0,0,0.0,36.8,0,0,0,3046,2.955,0,COM7
2,563512,37,rpm,0,0,0.0,36.8,0,0,0,3046,2.955,0,COM7
2,563532,37,rpm,0,0,0.0,36.8,0,0,0,3046,2.955,0,COM7
2,563553,37,rpm,0,0,0.0,36.8,0,0,0,3046,2.955,0,COM7
2,563573,37,rpm,0,0,0.0,36.8,0,0,0,3046,2.955,0,COM7
2,563593,37,rpm,0,0,0.0,36.8,0,0,0,3046,2.955,0,COM7
2,563614,37,rpm,0,0,0.0,36.8,0,0,0,3046,2.955,0,COM7
2,563634,37,rpm,0,0,0.0,36.8,0,0,0,3046,2.955,0,COM7
2,563655,37,rpm,0,0,0.0,36.8,0,0,0,3046,2.955,0,COM7
2,563675,37,rpm,0,0,0.0,36.8,0,0,0,3046,2.955,0,COM7
2,563696,37,rpm,0,0,0.0,36.8,0,0,0,3046,2.955,0,COM7
2,563716,37,rpm,0,0,0.0,36.8,0,0,0,3046,2.955,0,COM7
2,563737,37,rpm,0,0,0.0,36.8,0,0,0,3046,2.955,0,COM7
2,563757,37,rpm,0,0,0.0,36.8,0,0,0,3046,2.955,0,COM7
2,563777,37,rpm,0,0,0.0,36.8,0,0,0,3046,2.955,0,COM7
2,563798,37,rpm,0,0,0.0,36.8,0,0,0,3046,2.955,0,COM7
2,563818,37,rpm,0,0,0.0,36.8,0,0,0,3046,2.955,0,COM7
2,563839,37,rpm,0,0,0.0,36.8,0,0,0,3046,2.955,0,COM7
2,563859,37,rpm,0,0,0.0,36.8,0,0,0,3046,2.955,0,COM7
2,563880,37,rpm,0,0,0.0,36.8,0,0,0,3046,2.955,0,COM7
2,563900,37,rpm,0,0,0.0,36.8,0,0,0,3046,2.955,0,COM7
2,563920,37,rpm,0,0,0.0,36.8,0,0,0,3046,2.955,0,COM7
2,563941,37,rpm,0,0,0.0,36.8,0,0,0,3046,2.955,0,COM7
2,563961,37,rpm,0,0,0.0,36.8,0,0,0,3046,2.955,0,COM7
2,563982,37,rpm,0,0,0.0,36.8,0,0,0,3046,2.955,0,COM7
2,564002,37,rpm,0,0,0.0,36.8,0,0,0,3046,2.955,0,COM7
2,564023,37,rpm,0,0,0.0,36.8,0,0,0,3046,2.955,0,COM7
2,564043,37,rpm,0,0,0.0,36.8,0,0,0,3046,2.955,0,COM7
2,564064,37,rpm,0,0,0.0,36.8,0,0,0,3046,2.955,0,COM7
2,564084,37,rpm,0,0,0.0,36.8,0,0,0,3046,2.955,0,COM7
2,564105,37,rpm,0,0,0.0,36.8,0,0,0,3046,2.955,0,COM7
2,564125,37,rpm,0,0,0.0,36.8,0,0,0,3046,2.955,0,COM7
2,564145,37,rpm,0,0,0.0,36.8,0,0,0,3046,2.955,0,COM7
2,564166,37,rpm,0,0,0.0,36.8,0,0,0,3046,2.955,0,COM7
2,564186,37,rpm,0,0,0.0,36.8,0,0,0,3046,2.955,0,COM7
2,564207,37,rpm,0,0,0.0,36.8,0,0,0,3046,2.955,0,COM7
2,564227,37,rpm,0,0,0.0,36.8,0,0,0,3046,2.955,0,COM7
2,564248,37,rpm,0,0,0.0,36.8,0,0,0,3046,2.955,0,COM7
2,564268,37,rpm,0,0,0.0,36.8,0,0,0,3046,2.955,0,COM7
2,564289,37,rpm,0,0,0.0,36.8,0,0,0,3046,2.955,0,COM7
2,564309,37,rpm,0,0,0.0,36.8,0,0,0,3046,2.955,0,COM7
2,564330,37,rpm,0,0,0.0,36.8,0,0,0,3046,2.955,0,COM7
2,564350,37,rpm,0,0,0.0,36.8,0,0,0,3046,2.955,0,COM7
2,564370,37,rpm,0,0,0.0,36.8,0,0,0,3046,2.955,0,COM7
2,564391,37,rpm,0,0,0.0,36.8,0,0,0,3046,2.955,0,COM7
2,564411,37,rpm,0,0,0.0,36.8,0,0,0,3046,2.955,0,COM7
2,564432,37,rpm,0,0,0.0,36.8,0,0,0,3046,2.955,0,COM7
2,564452,37,rpm,0,0,0.0,36.8,0,0,0,3046,2.955,0,COM7
2,564473,37,rpm,0,0,0.0,36.8,0,0,0,3046,2.955,0,COM7
2,564493,37,rpm,0,0,0.0,36.8,0,0,0,3046,2.955,0,COM7
2,564513,37,rpm,0,0,0.0,36.8,0,0,0,3046,2.955,0,COM7
2,564534,37,rpm,0,0,0.0,36.8,0,0,0,3046,2.955,0,COM7
2,564554,37,rpm,0,0,0.0,36.8,0,0,0,3046,2.955,0,COM7
2,564575,37,rpm,0,0,0.0,36.8,0,0,0,3046,2.955,0,COM7
2,564595,37,rpm,0,0,0.0,36.8,0,0,0,3046,2.955,0,COM7
2,564616,37,rpm,0,0,0.0,36.8,0,0,0,3046,2.955,0,COM7
2,564636,37,rpm,0,0,0.0,36.8,0,0,0,3046,2.955,0,COM7
2,564657,37,rpm,0,0,0.0,36.8,0,0,0,3046,2.955,0,COM7
2,564677,37,rpm,0,0,0.0,36.8,0,0,0,3046,2.955,0,COM7
2,564697,37,rpm,0,0,0.0,36.8,0,0,0,3046,2.955,0,COM7
2,564718,37,rpm,0,0,0.0,36.8,0,0,0,3046,2.955,0,COM7
2,564738,37,rpm,0,0,0.0,36.8,0,0,0,3046,2.955,0,COM7
2,564759,37,rpm,0,0,0.0,36.8,0,0,0,3046,2.955,0,COM7
2,564779,37,rpm,0,0,0.0,36.8,0,0,0,3046,2.955,0,COM7
2,564800,37,rpm,0,0,0.0,36.8,0,0,0,3046,2.955,0,COM7
2,564820,37,rpm,0,0,0.0,36.8,0,0,0,3046,2.955,0,COM7
2,564840,37,rpm,0,0,0.0,36.8,0,0,0,3046,2.955,0,COM7
2,564861,37,rpm,0,0,0.0,36.8,0,0,0,3046,2.955,0,COM7
2,564881,37,rpm,0,0,0.0,36.8,0,0,0,3046,2.955,0,COM7
2,564902,37,rpm,0,0,0.0,36.8,0,0,0,3046,2.955,0,COM7
2,564922,37,rpm,0,0,0.0,36.8,0,0,0,3046,2.955,0,COM7
2,564943,37,rpm,0,0,0.0,36.8,0,0,0,3046,2.955,0,COM7
2,564963,37,rpm,0,0,0.0,36.8,0,0,0,3046,2.955,0,COM7
2,564983,37,rpm,0,0,0.0,36.8,0,0,0,3046,2.955,0,COM7
2,565004,37,rpm,0,0,0.0,36.8,0,0,0,3046,2.955,0,COM7
2,565024,37,rpm,0,0,0.0,36.8,0,0,0,3046,2.955,0,COM7
2,565045,37,rpm,0,0,0.0,36.8,0,0,0,3046,2.955,0,COM7
2,565065,37,rpm,0,0,0.0,36.8,0,0,0,3046,2.955,0,COM7
2,565086,37,rpm,0,0,0.0,36.8,0,0,0,3046,2.955,0,COM7
2,565106,37,rpm,0,0,0.0,36.8,0,0,0,3046,2.955,0,COM7
2,565127,37,rpm,0,0,0.0,36.8,0,0,0,3046,2.955,0,COM7
2,565147,37,rpm,0,0,0.0,36.8,0,0,0,3046,2.955,0,COM7
2,565167,37,rpm,0,0,0.0,36.8,0,0,0,3046,2.955,0,COM7
2,565188,37,rpm,0,0,0.0,36.8,0,0,0,3046,2.955,0,COM7
2,565208,37,rpm,0,0,0.0,36.8,0,0,0,3046,2.955,0,COM7
2,565229,37,rpm,0,0,0.0,36.8,0,0,0,3046,2.955,0,COM7
2,565249,37,rpm,0,0,0.0,36.8,0,0,0,3046,2.955,0,COM7
2,565270,37,rpm,0,0,0.0,36.8,0,0,0,3046,2.955,0,COM7
2,565290,37,rpm,0,0,0.0,36.8,0,0,0,3046,2.955,0,COM7
2,565310,37,rpm,0,0,0.0,36.8,0,0,0,3046,2.955,0,COM7
2,565331,37,rpm,0,0,0.0,36.8,0,0,0,3046,2.955,0,COM7
2,565351,37,rpm,0,0,0.0,36.8,0,0,0,3046,2.955,0,COM7
2,565372,37,rpm,0,0,0.0,36.8,0,0,0,3046,2.955,0,COM7
2,565392,37,rpm,0,0,0.0,36.8,0,0,0,3046,2.955,0,COM7
2,565413,37,rpm,0,0,0.0,36.8,0,0,0,3046,2.955,0,COM7
2,565433,37,rpm,0,0,0.0,36.8,0,0,0,3046,2.955,0,COM7
2,565453,37,rpm,0,0,0.0,36.8,0,0,0,3046,2.955,0,COM7
2,565474,37,rpm,0,0,0.0,36.8,0,0,0,3046,2.955,0,COM7
2,565494,37,rpm,0,0,0.0,36.8,0,0,0,3046,2.955,0,COM7
2,565515,37,rpm,0,0,0.0,36.8,0,0,0,3046,2.955,0,COM7
2,565535,37,rpm,0,0,0.0,36.8,0,0,0,3046,2.955,0,COM7
2,565556,37,rpm,0,0,0.0,36.8,0,0,0,3046,2.955,0,COM7
2,565576,37,rpm,0,0,0.0,36.8,0,0,0,3046,2.955,0,COM7
2,565596,37,rpm,0,0,0.0,36.8,0,0,0,3046,2.955,0,COM7
2,565617,37,rpm,0,0,0.0,36.8,0,0,0,3046,2.955,0,COM7
2,565637,37,rpm,0,0,0.0,36.8,0,0,0,3046,2.955,0,COM7
2,565658,37,rpm,0,0,0.0,36.8,0,0,0,3046,2.955,0,COM7
2,565678,37,rpm,0,0,0.0,36.8,0,0,0,3046,2.955,0,COM7
2,565699,37,rpm,0,0,0.0,36.8,0,0,0,3046,2.955,0,COM7
2,565719,37,rpm,0,0,0.0,36.8,0,0,0,3046,2.955,0,COM7
2,565740,37,rpm,0,0,0.0,36.8,0,0,0,3046,2.955,0,COM7
2,565760,37,rpm,0,0,0.0,36.8,0,0,0,3046,2.955,0,COM7
2,565780,37,rpm,0,0,0.0,36.8,0,0,0,3046,2.955,0,COM7
2,565801,37,rpm,0,0,0.0,36.8,0,0,0,3046,2.955,0,COM7
2,565821,37,rpm,0,0,0.0,36.8,0,0,0,3046,2.955,0,COM7
2,565842,37,rpm,0,0,0.0,36.8,0,0,0,3046,2.955,0,COM7
2,565862,37,rpm,0,0,0.0,36.8,0,0,0,3046,2.955,0,COM7
2,565883,37,rpm,0,0,0.0,36.8,0,0,0,3046,2.955,0,COM7
2,565903,37,rpm,0,0,0.0,36.8,0,0,0,3046,2.955,0,COM7
2,565924,37,rpm,0,0,0.0,36.8,0,0,0,3046,2.955,0,COM7
2,565944,37,rpm,0,0,0.0,36.8,0,0,0,3046,2.955,0,COM7
2,565964,37,rpm,0,0,0.0,36.8,0,0,0,3046,2.955,0,COM7
2,565985,37,rpm,0,0,0.0,36.8,0,0,0,3046,2.955,0,COM7
2,566005,37,rpm,0,0,0.0,36.8,0,0,0,3046,2.955,0,COM7
2,566026,37,rpm,0,0,0.0,36.8,0,0,0,3046,2.955,0,COM7
2,566046,37,rpm,0,0,0.0,36.8,0,0,0,3046,2.955,0,COM7
2,566067,37,rpm,0,0,0.0,36.8,0,0,0,3046,2.955,0,COM7
2,566087,37,rpm,0,0,0.0,36.8,0,0,0,3046,2.955,0,COM7
2,566108,37,rpm,0,0,0.0,36.8,0,0,0,3046,2.955,0,COM7
2,566128,37,rpm,0,0,0.0,36.8,0,0,0,3046,2.955,0,COM7
2,566148,37,rpm,0,0,0.0,36.8,0,0,0,3046,2.955,0,COM7
2,566169,37,rpm,0,0,0.0,36.8,0,0,0,3046,2.955,0,COM7
2,566189,37,rpm,0,0,0.0,36.8,0,0,0,3046,2.955,0,COM7
2,566210,37,rpm,0,0,0.0,36.8,0,0,0,3046,2.955,0,COM7
2,566230,37,rpm,0,0,0.0,36.8,0,0,0,3046,2.955,0,COM7
2,566251,37,rpm,0,0,0.0,36.8,0,0,0,3046,2.955,0,COM7
2,566271,37,rpm,0,0,0.0,36.8,0,0,0,3046,2.955,0,COM7
2,566292,37,rpm,0,0,0.0,36.8,0,0,0,3046,2.955,0,COM7
2,566312,37,rpm,0,0,0.0,36.8,0,0,0,3046,2.955,0,COM7
2,566333,37,rpm,0,0,0.0,36.8,0,0,0,3046,2.955,0,COM7
2,566353,37,rpm,0,0,0.0,36.8,0,0,0,3046,2.955,0,COM7
2,566373,37,rpm,0,0,0.0,36.8,0,0,0,3046,2.955,0,COM7
2,566394,37,rpm,0,0,0.0,36.8,0,0,0,3046,2.955,0,COM7
2,566414,37,rpm,0,0,0.0,36.8,0,0,0,3046,2.955,0,COM7
2,566435,37,rpm,0,0,0.0,36.8,0,0,0,3046,2.955,0,COM7
2,566455,37,rpm,0,0,0.0,36.8,0,0,0,3046,2.955,0,COM7
2,566476,37,rpm,0,0,0.0,36.8,0,0,0,3046,2.955,0,COM7
2,566496,37,rpm,0,0,0.0,36.8,0,0,0,3046,2.955,0,COM7
2,566517,37,rpm,0,0,0.0,36.8,0,0,0,3046,2.955,0,COM7
2,566537,37,rpm,0,0,0.0,36.8,0,0,0,3046,2.955,0,COM7
2,566557,37,rpm,0,0,0.0,36.8,0,0,0,3046,2.955,0,COM7
2,566578,37,rpm,0,0,0.0,36.8,0,0,0,3046,2.955,0,COM7
2,566598,37,rpm,0,0,0.0,36.8,0,0,0,3046,2.955,0,COM7
2,566619,37,rpm,0,0,0.0,36.8,0,0,0,3046,2.955,0,COM7
2,566639,37,rpm,0,0,0.0,36.8,0,0,0,3046,2.955,0,COM7
2,566660,37,rpm,0,0,0.0,36.8,0,0,0,3046,2.955,0,COM7
2,566680,37,rpm,0,0,0.0,36.8,0,0,0,3046,2.955,0,COM7
2,566700,37,rpm,0,0,0.0,36.8,0,0,0,3046,2.955,0,COM7
2,566721,37,rpm,0,0,0.0,36.8,0,0,0,3046,2.955,0,COM7
2,566741,37,rpm,0,0,0.0,36.8,0,0,0,3046,2.955,0,COM7
2,566762,37,rpm,0,0,0.0,36.8,0,0,0,3046,2.955,0,COM7
2,566782,37,rpm,0,0,0.0,36.8,0,0,0,3046,2.955,0,COM7
2,566803,37,rpm,0,0,0.0,36.8,0,0,0,3046,2.955,0,COM7
2,566823,37,rpm,0,0,0.0,36.8,0,0,0,3046,2.955,0,COM7
2,566844,37,rpm,0,0,0.0,36.8,0,0,0,3046,2.955,0,COM7
2,566864,37,rpm,0,0,0.0,36.8,0,0,0,3046,2.955,0,COM7
2,566885,37,rpm,0,0,0.0,36.8,0,0,0,3046,2.955,0,COM7
2,566905,37,rpm,0,0,0.0,36.8,0,0,0,3046,2.955,0,COM7
2,566926,37,rpm,0,0,0.0,36.8,0,0,0,3046,2.955,0,COM7
2,566946,37,rpm,0,0,0.0,36.8,0,0,0,3046,2.955,0,COM7
2,566966,37,rpm,0,0,0.0,36.8,0,0,0,3046,2.955,0,COM7
2,566987,37,rpm,0,0,0.0,36.8,0,0,0,3046,2.955,0,COM7
2,567007,37,rpm,0,0,0.0,36.8,0,0,0,3046,2.955,0,COM7
2,567028,37,rpm,0,0,0.0,36.8,0,0,0,3046,2.955,0,COM7
2,567048,37,rpm,0,0,0.0,36.8,0,0,0,3046,2.955,0,COM7
2,567069,37,rpm,0,0,0.0,36.8,0,0,0,3046,2.955,0,COM7
2,567089,37,rpm,0,0,0.0,36.8,0,0,0,3046,2.955,0,COM7
2,567110,37,rpm,0,0,0.0,36.8,0,0,0,3046,2.955,0,COM7
2,567130,37,rpm,0,0,0.0,36.8,0,0,0,3046,2.955,0,COM7
2,567151,37,rpm,0,0,0.0,36.8,0,0,0,3046,2.955,0,COM7
2,567171,37,rpm,0,0,0.0,36.8,0,0,0,3046,2.955,0,COM7
2,567191,37,rpm,0,0,0.0,36.8,0,0,0,3046,2.955,0,COM7
2,567212,37,rpm,0,0,0.0,36.8,0,0,0,3046,2.955,0,COM7
2,567232,37,rpm,0,0,0.0,36.8,0,0,0,3046,2.955,0,COM7
2,567253,37,rpm,0,0,0.0,36.8,0,0,0,3046,2.955,0,COM7
2,567273,37,rpm,0,0,0.0,36.8,0,0,0,3046,2.955,0,COM7
2,567294,37,rpm,0,0,0.0,36.8,0,0,0,3046,2.955,0,COM7
2,567314,37,rpm,0,0,0.0,36.8,0,0,0,3046,2.955,0,COM7
2,567335,37,rpm,0,0,0.0,36.8,0,0,0,3046,2.955,0,COM7
2,567355,37,rpm,0,0,0.0,36.8,0,0,0,3046,2.955,0,COM7
2,567376,37,rpm,0,0,0.0,36.8,0,0,0,3046,2.955,0,COM7
2,567396,37,rpm,0,0,0.0,36.8,0,0,0,3046,2.955,0,COM7
2,567416,37,rpm,0,0,0.0,36.8,0,0,0,3046,2.955,0,COM7
2,567437,37,rpm,0,0,0.0,36.8,0,0,0,3046,2.955,0,COM7
2,567457,37,rpm,0,0,0.0,36.8,0,0,0,3046,2.955,0,COM7
2,567478,37,rpm,0,0,0.0,36.8,0,0,0,3046,2.955,0,COM7
2,567498,37,rpm,0,0,0.0,36.8,0,0,0,3046,2.955,0,COM7
2,567519,37,rpm,0,0,0.0,36.8,0,0,0,3046,2.955,0,COM7
2,567539,37,rpm,0,0,0.0,36.8,0,0,0,3046,2.955,0,COM7
2,567560,37,rpm,0,0,0.0,36.8,0,0,0,3046,2.955,0,COM7
2,567580,37,rpm,0,0,0.0,36.8,0,0,0,3046,2.955,0,COM7
2,567601,37,rpm,0,0,0.0,36.8,0,0,0,3046,2.955,0,COM7
2,567621,37,rpm,0,0,0.0,36.8,0,0,0,3046,2.955,0,COM7
2,567641,37,rpm,0,0,0.0,36.8,0,0,0,3046,2.955,0,COM7
2,567662,37,rpm,0,0,0.0,36.8,0,0,0,3046,2.955,0,COM7
2,567682,37,rpm,0,0,0.0,36.8,0,0,0,3046,2.955,0,COM7
2,567703,37,rpm,0,0,0.0,36.8,0,0,0,3046,2.955,0,COM7
2,567723,37,rpm,0,0,0.0,36.8,0,0,0,3046,2.955,0,COM7
2,567744,37,rpm,0,0,0.0,36.8,0,0,0,3046,2.955,0,COM7
2,567764,37,rpm,0,0,0.0,36.8,0,0,0,3046,2.955,0,COM7
2,567785,37,rpm,0,0,0.0,36.8,0,0,0,3046,2.955,0,COM7
2,567805,37,rpm,0,0,0.0,36.8,0,0,0,3046,2.955,0,COM7
2,567825,37,rpm,0,0,0.0,36.8,0,0,0,3046,2.955,0,COM7
2,567846,37,rpm,0,0,0.0,36.8,0,0,0,3046,2.955,0,COM7
2,567866,37,rpm,0,0,0.0,36.8,0,0,0,3046,2.955,0,COM7
2,567887,37,rpm,0,0,0.0,36.8,0,0,0,3046,2.955,0,COM7
2,567907,37,rpm,0,0,0.0,36.8,0,0,0,3046,2.955,0,COM7
2,567928,37,rpm,0,0,0.0,36.8,0,0,0,3046,2.955,0,COM7
2,567948,37,rpm,0,0,0.0,36.8,0,0,0,3046,2.955,0,COM7
2,567969,37,rpm,0,0,0.0,36.8,0,0,0,3046,2.955,0,COM7
2,567989,37,rpm,0,0,0.0,36.8,0,0,0,3046,2.955,0,COM7
2,568009,37,rpm,0,0,0.0,36.8,0,0,0,3046,2.955,0,COM7
2,568030,37,rpm,0,0,0.0,36.8,0,0,0,3046,2.955,0,COM7
2,568050,37,rpm,0,0,0.0,36.8,0,0,0,3046,2.955,0,COM7
2,568071,37,rpm,0,0,0.0,36.8,0,0,0,3046,2.955,0,COM7
2,568091,37,rpm,0,0,0.0,36.8,0,0,0,3046,2.955,0,COM7
2,568112,37,rpm,0,0,0.0,36.8,0,0,0,3046,2.955,0,COM7
2,568132,37,rpm,0,0,0.0,36.8,0,0,0,3046,2.955,0,COM7
2,568152,37,rpm,0,0,0.0,36.8,0,0,0,3046,2.955,0,COM7
2,568173,37,rpm,0,0,0.0,36.8,0,0,0,3046,2.955,0,COM7
2,568193,37,rpm,0,0,0.0,36.8,0,0,0,3046,2.955,0,COM7
2,568214,37,rpm,0,0,0.0,36.8,0,0,0,3046,2.955,0,COM7
2,568234,37,rpm,0,0,0.0,36.8,0,0,0,3046,2.955,0,COM7
2,568255,37,rpm,0,0,0.0,36.8,0,0,0,3046,2.955,0,COM7
2,568275,37,rpm,0,0,0.0,36.8,0,0,0,3046,2.955,0,COM7
2,568296,37,rpm,0,0,0.0,36.8,0,0,0,3046,2.955,0,COM7
2,568316,37,rpm,0,0,0.0,36.8,0,0,0,3046,2.955,0,COM7
2,568337,37,rpm,0,0,0.0,36.8,0,0,0,3046,2.955,0,COM7
2,568357,37,rpm,0,0,0.0,36.8,0,0,0,3046,2.955,0,COM7
2,568378,37,rpm,0,0,0.0,36.8,0,0,0,3046,2.955,0,COM7
2,568398,37,rpm,0,0,0.0,36.8,0,0,0,3046,2.955,0,COM7
2,568418,37,rpm,0,0,0.0,36.8,0,0,0,3046,2.955,0,COM7
2,568439,37,rpm,0,0,0.0,36.8,0,0,0,3046,2.955,0,COM7
2,568459,37,rpm,0,0,0.0,36.8,0,0,0,3046,2.955,0,COM7
2,568480,37,rpm,0,0,0.0,36.8,0,0,0,3046,2.955,0,COM7
2,568500,37,rpm,0,0,0.0,36.8,0,0,0,3046,2.955,0,COM7
2,568521,37,rpm,0,0,0.0,36.8,0,0,0,3046,2.955,0,COM7
2,568541,37,rpm,0,0,0.0,36.8,0,0,0,3046,2.955,0,COM7
2,568561,37,rpm,0,0,0.0,36.8,0,0,0,3046,2.955,0,COM7
2,568582,37,rpm,0,0,0.0,36.8,0,0,0,3046,2.955,0,COM7
2,568602,37,rpm,0,0,0.0,36.8,0,0,0,3046,2.955,0,COM7
2,568623,37,rpm,0,0,0.0,36.8,0,0,0,3046,2.955,0,COM7
2,568643,37,rpm,0,0,0.0,36.8,0,0,0,3046,2.955,0,COM7
2,568664,37,rpm,0,0,0.0,36.8,0,0,0,3046,2.955,0,COM7
2,568684,37,rpm,0,0,0.0,36.8,0,0,0,3046,2.955,0,COM7
2,568705,37,rpm,0,0,0.0,36.8,0,0,0,3046,2.955,0,COM7
2,568725,37,rpm,0,0,0.0,36.8,0,0,0,3046,2.955,0,COM7
2,568745,37,rpm,0,0,0.0,36.8,0,0,0,3046,2.955,0,COM7
2,568766,37,rpm,0,0,0.0,36.8,0,0,0,3046,2.955,0,COM7
2,568786,37,rpm,0,0,0.0,36.8,0,0,0,3046,2.955,0,COM7
2,568807,37,rpm,0,0,0.0,36.8,0,0,0,3046,2.955,0,COM7
2,568827,37,rpm,0,0,0.0,36.8,0,0,0,3046,2.955,0,COM7
2,568848,37,rpm,0,0,0.0,36.8,0,0,0,3046,2.955,0,COM7
2,568868,37,rpm,0,0,0.0,36.8,0,0,0,3046,2.955,0,COM7
2,568889,37,rpm,0,0,0.0,36.8,0,0,0,3046,2.955,0,COM7
2,568909,37,rpm,0,0,0.0,36.8,0,0,0,3046,2.955,0,COM7
2,568929,37,rpm,0,0,0.0,36.8,0,0,0,3046,2.955,0,COM7
2,568950,37,rpm,0,0,0.0,36.8,0,0,0,3046,2.955,0,COM7
2,568970,37,rpm,0,0,0.0,36.8,0,0,0,3046,2.955,0,COM7
2,568991,37,rpm,0,0,0.0,36.8,0,0,0,3046,2.955,0,COM7
2,569011,37,rpm,0,0,0.0,36.8,0,0,0,3046,2.955,0,COM7
2,569032,37,rpm,0,0,0.0,36.8,0,0,0,3046,2.955,0,COM7
2,569052,37,rpm,0,0,0.0,36.8,0,0,0,3046,2.955,0,COM7
2,569073,37,rpm,0,0,0.0,36.8,0,0,0,3046,2.955,0,COM7
2,569093,37,rpm,0,0,0.0,36.8,0,0,0,3046,2.955,0,COM7
2,569113,37,rpm,0,0,0.0,36.8,0,0,0,3046,2.955,0,COM7
2,569134,37,rpm,0,0,0.0,36.8,0,0,0,3046,2.955,0,COM7
2,569154,37,rpm,0,0,0.0,36.8,0,0,0,3046,2.955,0,COM7
2,569175,37,rpm,0,0,0.0,36.8,0,0,0,3046,2.955,0,COM7
2,569195,37,rpm,0,0,0.0,36.8,0,0,0,3046,2.955,0,COM7
2,569216,37,rpm,0,0,0.0,36.8,0,0,0,3046,2.955,0,COM7
2,569236,37,rpm,0,0,0.0,36.8,0,0,0,3046,2.955,0,COM7
2,569256,37,rpm,0,0,0.0,36.8,0,0,0,3046,2.955,0,COM7
2,569277,37,rpm,0,0,0.0,36.8,0,0,0,3046,2.955,0,COM7
2,569297,37,rpm,0,0,0.0,36.8,0,0,0,3046,2.955,0,COM7
2,569318,37,rpm,0,0,0.0,36.8,0,0,0,3046,2.955,0,COM7
2,569338,37,rpm,0,0,0.0,36.8,0,0,0,3046,2.955,0,COM7
2,569359,37,rpm,0,0,0.0,36.8,0,0,0,3046,2.955,0,COM7
2,569379,37,rpm,0,0,0.0,36.8,0,0,0,3046,2.955,0,COM7
2,569400,37,rpm,0,0,0.0,36.8,0,0,0,3046,2.955,0,COM7
2,569420,37,rpm,0,0,0.0,36.8,0,0,0,3046,2.955,0,COM7
2,569440,37,rpm,0,0,0.0,36.8,0,0,0,3046,2.955,0,COM7
2,569461,37,rpm,0,0,0.0,36.8,0,0,0,3046,2.955,0,COM7
2,569481,37,rpm,0,0,0.0,36.8,0,0,0,3046,2.955,0,COM7
2,569502,37,rpm,0,0,0.0,36.8,0,0,0,3046,2.955,0,COM7
2,569522,37,rpm,0,0,0.0,36.8,0,0,0,3046,2.955,0,COM7
2,569543,37,rpm,0,0,0.0,36.8,0,0,0,3046,2.955,0,COM7
2,569563,37,rpm,0,0,0.0,36.8,0,0,0,3046,2.955,0,COM7
2,569583,37,rpm,0,0,0.0,36.8,0,0,0,3046,2.955,0,COM7
2,569604,37,rpm,0,0,0.0,36.8,0,0,0,3046,2.955,0,COM7
2,569624,37,rpm,0,0,0.0,36.8,0,0,0,3046,2.955,0,COM7
2,569645,37,rpm,0,0,0.0,36.8,0,0,0,3046,2.955,0,COM7
2,569665,37,rpm,0,0,0.0,36.8,0,0,0,3046,2.955,0,COM7
2,569686,37,rpm,0,0,0.0,36.8,0,0,0,3046,2.955,0,COM7
2,569706,37,rpm,0,0,0.0,36.8,0,0,0,3046,2.955,0,COM7
2,569727,37,rpm,0,0,0.0,36.8,0,0,0,3046,2.955,0,COM7
2,569747,37,rpm,0,0,0.0,36.8,0,0,0,3046,2.955,0,COM7
2,569768,37,rpm,0,0,0.0,36.8,0,0,0,3046,2.955,0,COM7
2,569788,37,rpm,0,0,0.0,36.8,0,0,0,3046,2.955,0,COM7
2,569808,37,rpm,0,0,0.0,36.8,0,0,0,3046,2.955,0,COM7
2,569829,37,rpm,0,0,0.0,36.8,0,0,0,3046,2.955,0,COM7
2,569849,37,rpm,0,0,0.0,36.8,0,0,0,3046,2.955,0,COM7
2,569870,37,rpm,0,0,0.0,36.8,0,0,0,3046,2.955,0,COM7
2,569890,37,rpm,0,0,0.0,36.8,0,0,0,3046,2.955,0,COM7
2,569911,37,rpm,0,0,0.0,36.8,0,0,0,3046,2.955,0,COM7
2,569931,37,rpm,0,0,0.0,36.8,0,0,0,3046,2.955,0,COM7
2,569952,37,rpm,0,0,0.0,36.8,0,0,0,3046,2.955,0,COM7
2,569972,37,rpm,0,0,0.0,36.8,0,0,0,3046,2.955,0,COM7
2,569992,37,rpm,0,0,0.0,36.8,0,0,0,3046,2.955,0,COM7
2,570013,37,rpm,0,0,0.0,36.8,0,0,0,3046,2.955,0,COM7
2,570033,37,rpm,0,0,0.0,36.8,0,0,0,3046,2.955,0,COM7
2,570054,37,rpm,0,0,0.0,36.8,0,0,0,3046,2.955,0,COM7
2,570074,37,rpm,0,0,0.0,36.8,0,0,0,3046,2.955,0,COM7
2,570095,37,rpm,0,0,0.0,36.8,0,0,0,3046,2.955,0,COM7
2,570115,37,rpm,0,0,0.0,36.8,0,0,0,3046,2.955,0,COM7
2,570135,37,rpm,0,0,0.0,36.8,0,0,0,3046,2.955,0,COM7
2,570156,37,rpm,0,0,0.0,36.8,0,0,0,3046,2.955,0,COM7
2,570176,37,rpm,0,0,0.0,36.8,0,0,0,3046,2.955,0,COM7
2,570197,37,rpm,0,0,0.0,36.8,0,0,0,3046,2.955,0,COM7
2,570217,37,rpm,0,0,0.0,36.8,0,0,0,3046,2.955,0,COM7
2,570238,37,rpm,0,0,0.0,36.8,0,0,0,3046,2.955,0,COM7
2,570258,37,rpm,0,0,0.0,36.8,0,0,0,3046,2.955,0,COM7
2,570278,37,rpm,0,0,0.0,36.8,0,0,0,3046,2.955,0,COM7
2,570299,37,rpm,0,0,0.0,36.8,0,0,0,3046,2.955,0,COM7
2,570319,37,rpm,0,0,0.0,36.8,0,0,0,3046,2.955,0,COM7
2,570340,37,rpm,0,0,0.0,36.8,0,0,0,3046,2.955,0,COM7
2,570360,37,rpm,0,0,0.0,36.8,0,0,0,3046,2.955,0,COM7
2,570381,37,rpm,0,0,0.0,36.8,0,0,0,3046,2.955,0,COM7
2,570401,37,rpm,0,0,0.0,36.8,0,0,0,3046,2.955,0,COM7
2,570422,37,rpm,0,0,0.0,36.8,0,0,0,3046,2.955,0,COM7
2,570442,37,rpm,0,0,0.0,36.8,0,0,0,3046,2.955,0,COM7
2,570463,37,rpm,0,0,0.0,36.8,0,0,0,3046,2.955,0,COM7
2,570483,37,rpm,0,0,0.0,36.8,0,0,0,3046,2.955,0,COM7
2,570504,37,rpm,0,0,0.0,36.8,0,0,0,3046,2.955,0,COM7
2,570524,37,rpm,0,0,0.0,36.8,0,0,0,3046,2.955,0,COM7
2,570544,37,rpm,0,0,0.0,36.8,0,0,0,3046,2.955,0,COM7
2,570565,37,rpm,0,0,0.0,36.8,0,0,0,3046,2.955,0,COM7
2,570585,37,rpm,0,0,0.0,36.8,0,0,0,3046,2.955,0,COM7
2,570606,37,rpm,0,0,0.0,36.8,0,0,0,3046,2.955,0,COM7
2,570626,37,rpm,0,0,0.0,36.8,0,0,0,3046,2.955,0,COM7
2,570647,37,rpm,0,0,0.0,36.8,0,0,0,3046,2.955,0,COM7
2,570667,37,rpm,0,0,0.0,36.8,0,0,0,3046,2.955,0,COM7
2,570688,37,rpm,0,0,0.0,36.8,0,0,0,3046,2.955,0,COM7
2,570708,37,rpm,0,0,0.0,36.8,0,0,0,3046,2.955,0,COM7
2,570729,37,rpm,0,0,0.0,36.8,0,0,0,3046,2.955,0,COM7
2,570749,37,rpm,0,0,0.0,36.8,0,0,0,3046,2.955,0,COM7
2,570769,37,rpm,0,0,0.0,36.8,0,0,0,3046,2.955,0,COM7
2,570790,37,rpm,0,0,0.0,36.8,0,0,0,3046,2.955,0,COM7
2,570810,37,rpm,0,0,0.0,36.8,0,0,0,3046,2.955,0,COM7
2,570831,37,rpm,0,0,0.0,36.8,0,0,0,3046,2.955,0,COM7
2,570851,37,rpm,0,0,0.0,36.8,0,0,0,3046,2.955,0,COM7
2,570872,37,rpm,0,0,0.0,36.8,0,0,0,3046,2.955,0,COM7
2,570892,37,rpm,0,0,0.0,36.8,0,0,0,3046,2.955,0,COM7
2,570913,37,rpm,0,0,0.0,36.8,0,0,0,3046,2.955,0,COM7
2,570933,37,rpm,0,0,0.0,36.8,0,0,0,3046,2.955,0,COM7
2,570954,37,rpm,0,0,0.0,36.8,0,0,0,3046,2.955,0,COM7
2,570974,37,rpm,0,0,0.0,36.8,0,0,0,3046,2.955,0,COM7
2,570994,37,rpm,0,0,0.0,36.8,0,0,0,3046,2.955,0,COM7
2,571015,37,rpm,0,0,0.0,36.8,0,0,0,3046,2.955,0,COM7
2,571035,37,rpm,0,0,0.0,36.8,0,0,0,3046,2.955,0,COM7
2,571056,37,rpm,0,0,0.0,36.8,0,0,0,3046,2.955,0,COM7
2,571076,37,rpm,0,0,0.0,36.8,0,0,0,3046,2.955,0,COM7
2,571097,37,rpm,0,0,0.0,36.8,0,0,0,3046,2.955,0,COM7
2,571117,37,rpm,0,0,0.0,36.8,0,0,0,3046,2.955,0,COM7
2,571138,37,rpm,0,0,0.0,36.8,0,0,0,3046,2.955,0,COM7
2,571158,37,rpm,0,0,0.0,36.8,0,0,0,3046,2.955,0,COM7
2,571178,37,rpm,0,0,0.0,36.8,0,0,0,3046,2.955,0,COM7
2,571199,37,rpm,0,0,0.0,36.8,0,0,0,3046,2.955,0,COM7
2,571219,37,rpm,0,0,0.0,36.8,0,0,0,3046,2.955,0,COM7
2,571240,37,rpm,0,0,0.0,36.8,0,0,0,3046,2.955,0,COM7
2,571260,37,rpm,0,0,0.0,36.8,0,0,0,3046,2.955,0,COM7
2,571281,37,rpm,0,0,0.0,36.8,0,0,0,3046,2.955,0,COM7
2,571301,37,rpm,0,0,0.0,36.8,0,0,0,3046,2.955,0,COM7
2,571321,37,rpm,0,0,0.0,36.8,0,0,0,3046,2.955,0,COM7
2,571342,37,rpm,0,0,0.0,36.8,0,0,0,3046,2.955,0,COM7
2,571362,37,rpm,0,0,0.0,36.8,0,0,0,3046,2.955,0,COM7
2,571383,37,rpm,0,0,0.0,36.8,0,0,0,3046,2.955,0,COM7
2,571403,37,rpm,0,0,0.0,36.8,0,0,0,3046,2.955,0,COM7
2,571424,37,rpm,0,0,0.0,36.8,0,0,0,3046,2.955,0,COM7
2,571444,37,rpm,0,0,0.0,36.8,0,0,0,3046,2.955,0,COM7
2,571465,37,rpm,0,0,0.0,36.8,0,0,0,3046,2.955,0,COM7
2,571485,37,rpm,0,0,0.0,36.8,0,0,0,3046,2.955,0,COM7
2,571505,37,rpm,0,0,0.0,36.8,0,0,0,3046,2.955,0,COM7
2,571526,37,rpm,0,0,0.0,36.8,0,0,0,3046,2.955,0,COM7
2,571546,37,rpm,0,0,0.0,36.8,0,0,0,3046,2.955,0,COM7
2,571567,37,rpm,0,0,0.0,36.8,0,0,0,3046,2.955,0,COM7
2,571587,37,rpm,0,0,0.0,36.8,0,0,0,3046,2.955,0,COM7
2,571608,37,rpm,0,0,0.0,36.8,0,0,0,3046,2.955,0,COM7
2,571628,37,rpm,0,0,0.0,36.8,0,0,0,3046,2.955,0,COM7
2,571649,37,rpm,0,0,0.0,36.8,0,0,0,3046,2.955,0,COM7
2,571669,37,rpm,0,0,0.0,36.8,0,0,0,3046,2.955,0,COM7
2,571690,37,rpm,0,0,0.0,36.8,0,0,0,3046,2.955,0,COM7
2,571710,37,rpm,0,0,0.0,36.8,0,0,0,3046,2.955,0,COM7
2,571730,37,rpm,0,0,0.0,36.8,0,0,0,3046,2.955,0,COM7
2,571751,37,rpm,0,0,0.0,36.8,0,0,0,3046,2.955,0,COM7
2,571771,37,rpm,0,0,0.0,36.8,0,0,0,3046,2.955,0,COM7
2,571792,37,rpm,0,0,0.0,36.8,0,0,0,3046,2.955,0,COM7
2,571812,37,rpm,0,0,0.0,36.8,0,0,0,3046,2.955,0,COM7
2,571833,37,rpm,0,0,0.0,36.8,0,0,0,3046,2.955,0,COM7
2,571853,37,rpm,0,0,0.0,36.8,0,0,0,3046,2.955,0,COM7
2,571874,37,rpm,0,0,0.0,36.8,0,0,0,3046,2.955,0,COM7
2,571894,37,rpm,0,0,0.0,36.8,0,0,0,3046,2.955,0,COM7
2,571915,37,rpm,0,0,0.0,36.8,0,0,0,3046,2.955,0,COM7
2,571935,37,rpm,0,0,0.0,36.8,0,0,0,3046,2.955,0,COM7
2,571956,37,rpm,0,0,0.0,36.8,0,0,0,3046,2.955,0,COM7
2,571976,37,rpm,0,0,0.0,36.8,0,0,0,3046,2.955,0,COM7
2,571996,37,rpm,0,0,0.0,36.8,0,0,0,3046,2.955,0,COM7
2,572017,37,rpm,0,0,0.0,36.8,0,0,0,3046,2.955,0,COM7
2,572037,37,rpm,0,0,0.0,36.8,0,0,0,3046,2.955,0,COM7
2,572058,37,rpm,0,0,0.0,36.8,0,0,0,3046,2.955,0,COM7
2,572078,37,rpm,0,0,0.0,36.8,0,0,0,3046,2.955,0,COM7
2,572099,37,rpm,0,0,0.0,36.8,0,0,0,3046,2.955,0,COM7
2,572119,37,rpm,0,0,0.0,36.8,0,0,0,3046,2.955,0,COM7
2,572140,37,rpm,0,0,0.0,36.8,0,0,0,3046,2.955,0,COM7
2,572160,37,rpm,0,0,0.0,36.8,0,0,0,3046,2.955,0,COM7
2,572181,37,rpm,0,0,0.0,36.8,0,0,0,3046,2.955,0,COM7
2,572201,37,rpm,0,0,0.0,36.8,0,0,0,3046,2.955,0,COM7
2,572221,37,rpm,0,0,0.0,36.8,0,0,0,3046,2.955,0,COM7
2,572242,37,rpm,0,0,0.0,36.8,0,0,0,3046,2.955,0,COM7
2,572262,37,rpm,0,0,0.0,36.8,0,0,0,3046,2.955,0,COM7
2,572283,37,rpm,0,0,0.0,36.8,0,0,0,3046,2.955,0,COM7
2,572303,37,rpm,0,0,0.0,36.8,0,0,0,3046,2.955,0,COM7
2,572324,37,rpm,0,0,0.0,36.8,0,0,0,3046,2.955,0,COM7
2,572344,37,rpm,0,0,0.0,36.8,0,0,0,3046,2.955,0,COM7
2,572364,37,rpm,0,0,0.0,36.8,0,0,0,3046,2.955,0,COM7
2,572385,37,rpm,0,0,0.0,36.8,0,0,0,3046,2.955,0,COM7
2,572405,37,rpm,0,0,0.0,36.8,0,0,0,3046,2.955,0,COM7
2,572426,37,rpm,0,0,0.0,36.8,0,0,0,3046,2.955,0,COM7
2,572446,37,rpm,0,0,0.0,36.8,0,0,0,3046,2.955,0,COM7
2,572467,37,rpm,0,0,0.0,36.8,0,0,0,3046,2.955,0,COM7
2,572487,37,rpm,0,0,0.0,36.8,0,0,0,3046,2.955,0,COM7
2,572508,37,rpm,0,0,0.0,36.8,0,0,0,3046,2.955,0,COM7
2,572528,37,rpm,0,0,0.0,36.8,0,0,0,3046,2.955,0,COM7
2,572548,37,rpm,0,0,0.0,36.8,0,0,0,3046,2.955,0,COM7
2,572569,37,rpm,0,0,0.0,36.8,0,0,0,3046,2.955,0,COM7
2,572589,37,rpm,0,0,0.0,36.8,0,0,0,3046,2.955,0,COM7
2,572610,37,rpm,0,0,0.0,36.8,0,0,0,3046,2.955,0,COM7
2,572630,37,rpm,0,0,0.0,36.8,0,0,0,3046,2.955,0,COM7
2,572651,37,rpm,0,0,0.0,36.8,0,0,0,3046,2.955,0,COM7
2,572671,37,rpm,0,0,0.0,36.8,0,0,0,3046,2.955,0,COM7
2,572692,37,rpm,0,0,0.0,36.8,0,0,0,3046,2.955,0,COM7
2,572712,37,rpm,0,0,0.0,36.8,0,0,0,3046,2.955,0,COM7
2,572733,37,rpm,0,0,0.0,36.8,0,0,0,3046,2.955,0,COM7
2,572753,37,rpm,0,0,0.0,36.8,0,0,0,3046,2.955,0,COM7
2,572773,37,rpm,0,0,0.0,36.8,0,0,0,3046,2.955,0,COM7
2,572794,37,rpm,0,0,0.0,36.8,0,0,0,3046,2.955,0,COM7
2,572814,37,rpm,0,0,0.0,36.8,0,0,0,3046,2.955,0,COM7
2,572835,37,rpm,0,0,0.0,36.8,0,0,0,3046,2.955,0,COM7
2,572855,37,rpm,0,0,0.0,36.8,0,0,0,3046,2.955,0,COM7
2,572876,37,rpm,0,0,0.0,36.8,0,0,0,3046,2.955,0,COM7
2,572896,37,rpm,0,0,0.0,36.8,0,0,0,3046,2.955,0,COM7
2,572917,37,rpm,0,0,0.0,36.8,0,0,0,3046,2.955,0,COM7
2,572937,37,rpm,0,0,0.0,36.8,0,0,0,3046,2.955,0,COM7
2,572958,37,rpm,0,0,0.0,36.8,0,0,0,3046,2.955,0,COM7
2,572978,37,rpm,0,0,0.0,36.8,0,0,0,3046,2.955,0,COM7
2,572998,37,rpm,0,0,0.0,36.8,0,0,0,3046,2.955,0,COM7
2,573019,37,rpm,0,0,0.0,36.8,0,0,0,3046,2.955,0,COM7
2,573039,37,rpm,0,0,0.0,36.8,0,0,0,3046,2.955,0,COM7
2,573060,37,rpm,0,0,0.0,36.8,0,0,0,3046,2.955,0,COM7
2,573080,37,rpm,0,0,0.0,36.8,0,0,0,3046,2.955,0,COM7
2,573101,37,rpm,0,0,0.0,36.8,0,0,0,3046,2.955,0,COM7
2,573121,37,rpm,0,0,0.0,36.8,0,0,0,3046,2.955,0,COM7
2,573141,37,rpm,0,0,0.0,36.8,0,0,0,3046,2.955,0,COM7
2,573162,37,rpm,0,0,0.0,36.8,0,0,0,3046,2.955,0,COM7
2,573182,37,rpm,0,0,0.0,36.8,0,0,0,3046,2.955,0,COM7
2,573203,37,rpm,0,0,0.0,36.8,0,0,0,3046,2.955,0,COM7
2,573223,37,rpm,0,0,0.0,36.8,0,0,0,3046,2.955,0,COM7
2,573244,37,rpm,0,0,0.0,36.8,0,0,0,3046,2.955,0,COM7
2,573264,37,rpm,0,0,0.0,36.8,0,0,0,3046,2.955,0,COM7
2,573285,37,rpm,0,0,0.0,36.8,0,0,0,3046,2.955,0,COM7
2,573305,37,rpm,0,0,0.0,36.8,0,0,0,3046,2.955,0,COM7
2,573326,37,rpm,0,0,0.0,36.8,0,0,0,3046,2.955,0,COM7
2,573346,37,rpm,0,0,0.0,36.8,0,0,0,3046,2.955,0,COM7
2,573367,37,rpm,0,0,0.0,36.8,0,0,0,3046,2.955,0,COM7
2,573387,37,rpm,0,0,0.0,36.8,0,0,0,3046,2.955,0,COM7
2,573407,37,rpm,0,0,0.0,36.8,0,0,0,3046,2.955,0,COM7
2,573428,37,rpm,0,0,0.0,36.8,0,0,0,3046,2.955,0,COM7
2,573448,37,rpm,0,0,0.0,36.8,0,0,0,3046,2.955,0,COM7
2,573469,37,rpm,0,0,0.0,36.8,0,0,0,3046,2.955,0,COM7
2,573489,37,rpm,0,0,0.0,36.8,0,0,0,3046,2.955,0,COM7
2,573510,37,rpm,0,0,0.0,36.8,0,0,0,3046,2.955,0,COM7
2,573530,37,rpm,0,0,0.0,36.8,0,0,0,3046,2.955,0,COM7
2,573551,37,rpm,0,0,0.0,36.8,0,0,0,3046,2.955,0,COM7
2,573571,37,rpm,0,0,0.0,36.8,0,0,0,3046,2.955,0,COM7
2,573592,37,rpm,0,0,0.0,36.8,0,0,0,3046,2.955,0,COM7
2,573612,37,rpm,0,0,0.0,36.8,0,0,0,3046,2.955,0,COM7
2,573632,37,rpm,0,0,0.0,36.8,0,0,0,3046,2.955,0,COM7
2,573653,37,rpm,0,0,0.0,36.8,0,0,0,3046,2.955,0,COM7
2,573673,37,rpm,0,0,0.0,36.8,0,0,0,3046,2.955,0,COM7
2,573694,37,rpm,0,0,0.0,36.8,0,0,0,3046,2.955,0,COM7
2,573714,37,rpm,0,0,0.0,36.8,0,0,0,3046,2.955,0,COM7
2,573735,37,rpm,0,0,0.0,36.8,0,0,0,3046,2.955,0,COM7
2,573755,37,rpm,0,0,0.0,36.8,0,0,0,3046,2.955,0,COM7
2,573776,37,rpm,0,0,0.0,36.8,0,0,0,3046,2.955,0,COM7
2,573796,37,rpm,0,0,0.0,36.8,0,0,0,3046,2.955,0,COM7
2,573817,37,rpm,0,0,0.0,36.8,0,0,0,3046,2.955,0,COM7
2,573837,37,rpm,0,0,0.0,36.8,0,0,0,3046,2.955,0,COM7
2,573857,37,rpm,0,0,0.0,36.8,0,0,0,3046,2.955,0,COM7
2,573878,37,rpm,0,0,0.0,36.8,0,0,0,3046,2.955,0,COM7
2,573898,37,rpm,0,0,0.0,36.8,0,0,0,3046,2.955,0,COM7
2,573919,37,rpm,0,0,0.0,36.8,0,0,0,3046,2.955,0,COM7
2,573939,37,rpm,0,0,0.0,36.8,0,0,0,3046,2.955,0,COM7
2,573960,37,rpm,0,0,0.0,36.8,0,0,0,3046,2.955,0,COM7
2,573980,37,rpm,0,0,0.0,36.8,0,0,0,3046,2.955,0,COM7
2,574001,37,rpm,0,0,0.0,36.8,0,0,0,3046,2.955,0,COM7
2,574021,37,rpm,0,0,0.0,36.8,0,0,0,3046,2.955,0,COM7
2,574042,37,rpm,0,0,0.0,36.8,0,0,0,3046,2.955,0,COM7
2,574062,37,rpm,0,0,0.0,36.8,0,0,0,3046,2.955,0,COM7
2,574082,37,rpm,0,0,0.0,36.8,0,0,0,3046,2.955,0,COM7
2,574103,37,rpm,0,0,0.0,36.8,0,0,0,3046,2.955,0,COM7
2,574123,37,rpm,0,0,0.0,36.8,0,0,0,3046,2.955,0,COM7
2,574144,37,rpm,0,0,0.0,36.8,0,0,0,3046,2.955,0,COM7
2,574164,37,rpm,0,0,0.0,36.8,0,0,0,3046,2.955,0,COM7
2,574185,37,rpm,0,0,0.0,36.8,0,0,0,3046,2.955,0,COM7
2,574205,37,rpm,0,0,0.0,36.8,0,0,0,3046,2.955,0,COM7
2,574226,37,rpm,0,0,0.0,36.8,0,0,0,3046,2.955,0,COM7
2,574246,37,rpm,0,0,0.0,36.8,0,0,0,3046,2.955,0,COM7
2,574267,37,rpm,0,0,0.0,36.8,0,0,0,3046,2.955,0,COM7
2,574287,37,rpm,0,0,0.0,36.8,0,0,0,3046,2.955,0,COM7
2,574307,37,rpm,0,0,0.0,36.8,0,0,0,3046,2.955,0,COM7
2,574328,37,rpm,0,0,0.0,36.8,0,0,0,3046,2.955,0,COM7
2,574348,37,rpm,0,0,0.0,36.8,0,0,0,3046,2.955,0,COM7
2,574369,37,rpm,0,0,0.0,36.8,0,0,0,3046,2.955,0,COM7
2,574389,37,rpm,0,0,0.0,36.8,0,0,0,3046,2.955,0,COM7
2,574410,37,rpm,0,0,0.0,36.8,0,0,0,3046,2.955,0,COM7
2,574430,37,rpm,0,0,0.0,36.8,0,0,0,3046,2.955,0,COM7
2,574451,37,rpm,0,0,0.0,36.8,0,0,0,3046,2.955,0,COM7
2,574471,37,rpm,0,0,0.0,36.8,0,0,0,3046,2.955,0,COM7
2,574491,37,rpm,0,0,0.0,36.8,0,0,0,3046,2.955,0,COM7
2,574512,37,rpm,0,0,0.0,36.8,0,0,0,3046,2.955,0,COM7
2,574532,37,rpm,0,0,0.0,36.8,0,0,0,3046,2.955,0,COM7
2,574553,37,rpm,0,0,0.0,36.8,0,0,0,3046,2.955,0,COM7
2,574573,37,rpm,0,0,0.0,36.8,0,0,0,3046,2.955,0,COM7
2,574594,37,rpm,0,0,0.0,36.8,0,0,0,3046,2.955,0,COM7
2,574614,37,rpm,0,0,0.0,36.8,0,0,0,3046,2.955,0,COM7
2,574635,37,rpm,0,0,0.0,36.8,0,0,0,3046,2.955,0,COM7
2,574655,37,rpm,0,0,0.0,36.8,0,0,0,3046,2.955,0,COM7
2,574676,37,rpm,0,0,0.0,36.8,0,0,0,3046,2.955,0,COM7
2,574696,37,rpm,0,0,0.0,36.8,0,0,0,3046,2.955,0,COM7
2,574716,37,rpm,0,0,0.0,36.8,0,0,0,3046,2.955,0,COM7
2,574737,37,rpm,0,0,0.0,36.8,0,0,0,3046,2.955,0,COM7
2,574757,37,rpm,0,0,0.0,36.8,0,0,0,3046,2.955,0,COM7
2,574778,37,rpm,0,0,0.0,36.8,0,0,0,3046,2.955,0,COM7
2,574798,37,rpm,0,0,0.0,36.8,0,0,0,3046,2.955,0,COM7
2,574819,37,rpm,0,0,0.0,36.8,0,0,0,3046,2.955,0,COM7
2,574839,37,rpm,0,0,0.0,36.8,0,0,0,3046,2.955,0,COM7
2,574859,37,rpm,0,0,0.0,36.8,0,0,0,3046,2.955,0,COM7
2,574880,37,rpm,0,0,0.0,36.8,0,0,0,3046,2.955,0,COM7
2,574900,37,rpm,0,0,0.0,36.8,0,0,0,3046,2.955,0,COM7
2,574921,37,rpm,0,0,0.0,36.8,0,0,0,3046,2.955,0,COM7
2,574941,37,rpm,0,0,0.0,36.8,0,0,0,3046,2.955,0,COM7
2,574962,37,rpm,0,0,0.0,36.8,0,0,0,3046,2.955,0,COM7
2,574982,37,rpm,0,0,0.0,36.8,0,0,0,3046,2.955,0,COM7
2,575003,37,rpm,0,0,0.0,36.8,0,0,0,3046,2.955,0,COM7
2,575023,37,rpm,0,0,0.0,36.8,0,0,0,3046,2.955,0,COM7
2,575043,37,rpm,0,0,0.0,36.8,0,0,0,3046,2.955,0,COM7
2,575064,37,rpm,0,0,0.0,36.8,0,0,0,3046,2.955,0,COM7
2,575084,37,rpm,0,0,0.0,36.8,0,0,0,3046,2.955,0,COM7
2,575105,37,rpm,0,0,0.0,36.8,0,0,0,3046,2.955,0,COM7
2,575125,37,rpm,0,0,0.0,36.8,0,0,0,3046,2.955,0,COM7
2,575146,37,rpm,0,0,0.0,36.8,0,0,0,3046,2.955,0,COM7
2,575166,37,rpm,0,0,0.0,36.8,0,0,0,3046,2.955,0,COM7
2,575187,37,rpm,0,0,0.0,36.8,0,0,0,3046,2.955,0,COM7
2,575207,37,rpm,0,0,0.0,36.8,0,0,0,3046,2.955,0,COM7
2,575227,37,rpm,0,0,0.0,36.8,0,0,0,3046,2.955,0,COM7
2,575248,37,rpm,0,0,0.0,36.8,0,0,0,3046,2.955,0,COM7
2,575268,37,rpm,0,0,0.0,36.8,0,0,0,3046,2.955,0,COM7
2,575289,37,rpm,0,0,0.0,36.8,0,0,0,3046,2.955,0,COM7
2,575309,37,rpm,0,0,0.0,36.8,0,0,0,3046,2.955,0,COM7
2,575330,37,rpm,0,0,0.0,36.8,0,0,0,3046,2.955,0,COM7
2,575350,37,rpm,0,0,0.0,36.8,0,0,0,3046,2.955,0,COM7
2,575370,37,rpm,0,0,0.0,36.8,0,0,0,3046,2.955,0,COM7
2,575391,37,rpm,0,0,0.0,36.8,0,0,0,3046,2.955,0,COM7
2,575411,37,rpm,0,0,0.0,36.8,0,0,0,3046,2.955,0,COM7
2,575432,37,rpm,0,0,0.0,36.8,0,0,0,3046,2.955,0,COM7
2,575452,37,rpm,0,0,0.0,36.8,0,0,0,3046,2.955,0,COM7
2,575473,37,rpm,0,0,0.0,36.8,0,0,0,3046,2.955,0,COM7
2,575493,37,rpm,0,0,0.0,36.8,0,0,0,3046,2.955,0,COM7
2,575514,37,rpm,0,0,0.0,36.8,0,0,0,3046,2.955,0,COM7
2,575534,37,rpm,0,0,0.0,36.8,0,0,0,3046,2.955,0,COM7
2,575555,37,rpm,0,0,0.0,36.8,0,0,0,3046,2.955,0,COM7
2,575575,37,rpm,0,0,0.0,36.8,0,0,0,3046,2.955,0,COM7
2,575595,37,rpm,0,0,0.0,36.8,0,0,0,3046,2.955,0,COM7
2,575616,37,rpm,0,0,0.0,36.8,0,0,0,3046,2.955,0,COM7
2,575636,37,rpm,0,0,0.0,36.8,0,0,0,3046,2.955,0,COM7
2,575657,37,rpm,0,0,0.0,36.8,0,0,0,3046,2.955,0,COM7
2,575677,37,rpm,0,0,0.0,36.8,0,0,0,3046,2.955,0,COM7
2,575697,37,rpm,0,0,0.0,36.8,0,0,0,3046,2.955,0,COM7
2,575718,37,rpm,0,0,0.0,36.8,0,0,0,3046,2.955,0,COM7
2,575738,37,rpm,0,0,0.0,36.8,0,0,0,3046,2.955,0,COM7
2,575759,37,rpm,0,0,0.0,36.8,0,0,0,3046,2.955,0,COM7
2,575779,37,rpm,0,0,0.0,36.8,0,0,0,3046,2.955,0,COM7
2,575800,37,rpm,0,0,0.0,36.8,0,0,0,3046,2.955,0,COM7
2,575820,37,rpm,0,0,0.0,36.8,0,0,0,3046,2.955,0,COM7
2,575841,37,rpm,0,0,0.0,36.8,0,0,0,3046,2.955,0,COM7
2,575861,37,rpm,0,0,0.0,36.8,0,0,0,3046,2.955,0,COM7
2,575882,37,rpm,0,0,0.0,36.8,0,0,0,3046,2.955,0,COM7
2,575902,37,rpm,0,0,0.0,36.8,0,0,0,3046,2.955,0,COM7
2,575923,37,rpm,0,0,0.0,36.8,0,0,0,3046,2.955,0,COM7
2,575943,37,rpm,0,0,0.0,36.8,0,0,0,3046,2.955,0,COM7
2,575964,37,rpm,0,0,0.0,36.8,0,0,0,3046,2.955,0,COM7
2,575984,37,rpm,0,0,0.0,36.8,0,0,0,3046,2.955,0,COM7
2,576004,37,rpm,0,0,0.0,36.8,0,0,0,3046,2.955,0,COM7
2,576025,37,rpm,0,0,0.0,36.8,0,0,0,3046,2.955,0,COM7
2,576045,37,rpm,0,0,0.0,36.8,0,0,0,3046,2.955,0,COM7
2,576066,37,rpm,0,0,0.0,36.8,0,0,0,3046,2.955,0,COM7
2,576086,37,rpm,0,0,0.0,36.8,0,0,0,3046,2.955,0,COM7
2,576107,37,rpm,0,0,0.0,36.8,0,0,0,3046,2.955,0,COM7
2,576127,37,rpm,0,0,0.0,36.8,0,0,0,3046,2.955,0,COM7
2,576148,37,rpm,0,0,0.0,36.8,0,0,0,3046,2.955,0,COM7
2,576168,37,rpm,0,0,0.0,36.8,0,0,0,3046,2.955,0,COM7
2,576189,37,rpm,0,0,0.0,36.8,0,0,0,3046,2.955,0,COM7
2,576209,37,rpm,0,0,0.0,36.8,0,0,0,3046,2.955,0,COM7
2,576229,37,rpm,0,0,0.0,36.8,0,0,0,3046,2.955,0,COM7
2,576250,37,rpm,0,0,0.0,36.8,0,0,0,3046,2.955,0,COM7
2,576270,37,rpm,0,0,0.0,36.8,0,0,0,3046,2.955,0,COM7
2,576291,37,rpm,0,0,0.0,36.8,0,0,0,3046,2.955,0,COM7
2,576311,37,rpm,0,0,0.0,36.8,0,0,0,3046,2.955,0,COM7
2,576332,37,rpm,0,0,0.0,36.8,0,0,0,3046,2.955,0,COM7
2,576352,37,rpm,0,0,0.0,36.8,0,0,0,3046,2.955,0,COM7
2,576372,37,rpm,0,0,0.0,36.8,0,0,0,3046,2.955,0,COM7
2,576393,37,rpm,0,0,0.0,36.8,0,0,0,3046,2.955,0,COM7
2,576413,37,rpm,0,0,0.0,36.8,0,0,0,3046,2.955,0,COM7
2,576434,37,rpm,0,0,0.0,36.8,0,0,0,3046,2.955,0,COM7
2,576454,37,rpm,0,0,0.0,36.8,0,0,0,3046,2.955,0,COM7
2,576475,37,rpm,0,0,0.0,36.8,0,0,0,3046,2.955,0,COM7
2,576495,37,rpm,0,0,0.0,36.8,0,0,0,3046,2.955,0,COM7
2,576516,37,rpm,0,0,0.0,36.8,0,0,0,3046,2.955,0,COM7
2,576536,37,rpm,0,0,0.0,36.8,0,0,0,3046,2.955,0,COM7
2,576557,37,rpm,0,0,0.0,36.8,0,0,0,3046,2.955,0,COM7
2,576577,37,rpm,0,0,0.0,36.8,0,0,0,3046,2.955,0,COM7
2,576598,37,rpm,0,0,0.0,36.8,0,0,0,3046,2.955,0,COM7
2,576618,37,rpm,0,0,0.0,36.8,0,0,0,3046,2.955,0,COM7
2,576638,37,rpm,0,0,0.0,36.8,0,0,0,3046,2.955,0,COM7
2,576659,37,rpm,0,0,0.0,36.8,0,0,0,3046,2.955,0,COM7
2,576679,37,rpm,0,0,0.0,36.8,0,0,0,3046,2.955,0,COM7
2,576700,37,rpm,0,0,0.0,36.8,0,0,0,3046,2.955,0,COM7
2,576720,37,rpm,0,0,0.0,36.8,0,0,0,3046,2.955,0,COM7
2,576741,37,rpm,0,0,0.0,36.8,0,0,0,3046,2.955,0,COM7
2,576761,37,rpm,0,0,0.0,36.8,0,0,0,3046,2.955,0,COM7
2,576782,37,rpm,0,0,0.0,36.8,0,0,0,3046,2.955,0,COM7
2,576802,37,rpm,0,0,0.0,36.8,0,0,0,3046,2.955,0,COM7
2,576823,37,rpm,0,0,0.0,36.8,0,0,0,3046,2.955,0,COM7
2,576843,37,rpm,0,0,0.0,36.8,0,0,0,3046,2.955,0,COM7
2,576863,37,rpm,0,0,0.0,36.8,0,0,0,3046,2.955,0,COM7
2,576884,37,rpm,0,0,0.0,36.8,0,0,0,3046,2.955,0,COM7
2,576904,37,rpm,0,0,0.0,36.8,0,0,0,3046,2.955,0,COM7
2,576925,37,rpm,0,0,0.0,36.8,0,0,0,3046,2.955,0,COM7
2,576945,37,rpm,0,0,0.0,36.8,0,0,0,3046,2.955,0,COM7
2,576966,37,rpm,0,0,0.0,36.8,0,0,0,3046,2.955,0,COM7
2,576986,37,rpm,0,0,0.0,36.8,0,0,0,3046,2.955,0,COM7
2,577007,37,rpm,0,0,0.0,36.8,0,0,0,3046,2.955,0,COM7
2,577027,37,rpm,0,0,0.0,36.8,0,0,0,3046,2.955,0,COM7
2,577047,37,rpm,0,0,0.0,36.8,0,0,0,3046,2.955,0,COM7
2,577068,37,rpm,0,0,0.0,36.8,0,0,0,3046,2.955,0,COM7
2,577088,37,rpm,0,0,0.0,36.8,0,0,0,3046,2.955,0,COM7
2,577109,37,rpm,0,0,0.0,36.8,0,0,0,3046,2.955,0,COM7
2,577129,37,rpm,0,0,0.0,36.8,0,0,0,3046,2.955,0,COM7
2,577150,37,rpm,0,0,0.0,36.8,0,0,0,3046,2.955,0,COM7
2,577170,37,rpm,0,0,0.0,36.8,0,0,0,3046,2.955,0,COM7
2,577191,37,rpm,0,0,0.0,36.8,0,0,0,3046,2.955,0,COM7
2,577211,37,rpm,0,0,0.0,36.8,0,0,0,3046,2.955,0,COM7
2,577232,37,rpm,0,0,0.0,36.8,0,0,0,3046,2.955,0,COM7
2,577252,37,rpm,0,0,0.0,36.8,0,0,0,3046,2.955,0,COM7
2,577272,37,rpm,0,0,0.0,36.8,0,0,0,3046,2.955,0,COM7
2,577293,37,rpm,0,0,0.0,36.8,0,0,0,3046,2.955,0,COM7
2,577313,37,rpm,0,0,0.0,36.8,0,0,0,3046,2.955,0,COM7
2,577334,37,rpm,0,0,0.0,36.8,0,0,0,3046,2.955,0,COM7
2,577354,37,rpm,0,0,0.0,36.8,0,0,0,3046,2.955,0,COM7
2,577375,37,rpm,0,0,0.0,36.8,0,0,0,3046,2.955,0,COM7
2,577395,37,rpm,0,0,0.0,36.8,0,0,0,3046,2.955,0,COM7
2,577415,37,rpm,0,0,0.0,36.8,0,0,0,3046,2.955,0,COM7
2,577436,37,rpm,0,0,0.0,36.8,0,0,0,3046,2.955,0,COM7
2,577456,37,rpm,0,0,0.0,36.8,0,0,0,3046,2.955,0,COM7
2,577477,37,rpm,0,0,0.0,36.8,0,0,0,3046,2.955,0,COM7
2,577497,37,rpm,0,0,0.0,36.8,0,0,0,3046,2.955,0,COM7
2,577518,37,rpm,0,0,0.0,36.8,0,0,0,3046,2.955,0,COM7
2,577538,37,rpm,0,0,0.0,36.8,0,0,0,3046,2.955,0,COM7
2,577558,37,rpm,0,0,0.0,36.8,0,0,0,3046,2.955,0,COM7
2,577579,37,rpm,0,0,0.0,36.8,0,0,0,3046,2.955,0,COM7
2,577599,37,rpm,0,0,0.0,36.8,0,0,0,3046,2.955,0,COM7
2,577620,37,rpm,0,0,0.0,36.8,0,0,0,3046,2.955,0,COM7
2,577640,37,rpm,0,0,0.0,36.8,0,0,0,3046,2.955,0,COM7
2,577660,37,rpm,0,0,0.0,36.8,0,0,0,3046,2.955,0,COM7
2,577681,37,rpm,0,0,0.0,36.8,0,0,0,3046,2.955,0,COM7
2,577701,37,rpm,0,0,0.0,36.8,0,0,0,3046,2.955,0,COM7
2,577722,37,rpm,0,0,0.0,36.8,0,0,0,3046,2.955,0,COM7
2,577742,37,rpm,0,0,0.0,36.8,0,0,0,3046,2.955,0,COM7
2,577763,37,rpm,0,0,0.0,36.8,0,0,0,3046,2.955,0,COM7
2,577783,37,rpm,0,0,0.0,36.8,0,0,0,3046,2.955,0,COM7
2,577804,37,rpm,0,0,0.0,36.8,0,0,0,3046,2.955,0,COM7
2,577824,37,rpm,0,0,0.0,36.8,0,0,0,3046,2.955,0,COM7
2,577844,37,rpm,0,0,0.0,36.8,0,0,0,3046,2.955,0,COM7
2,577865,37,rpm,0,0,0.0,36.8,0,0,0,3046,2.955,0,COM7
2,577885,37,rpm,0,0,0.0,36.8,0,0,0,3046,2.955,0,COM7
2,577906,37,rpm,0,0,0.0,36.8,0,0,0,3046,2.955,0,COM7
2,577926,37,rpm,0,0,0.0,36.8,0,0,0,3046,2.955,0,COM7
2,577947,37,rpm,0,0,0.0,36.8,0,0,0,3046,2.955,0,COM7
2,577967,37,rpm,0,0,0.0,36.8,0,0,0,3046,2.955,0,COM7
2,577987,37,rpm,0,0,0.0,36.8,0,0,0,3046,2.955,0,COM7
2,578008,37,rpm,0,0,0.0,36.8,0,0,0,3046,2.955,0,COM7
2,578028,37,rpm,0,0,0.0,36.8,0,0,0,3046,2.955,0,COM7
2,578049,37,rpm,0,0,0.0,36.8,0,0,0,3046,2.955,0,COM7
2,578069,37,rpm,0,0,0.0,36.8,0,0,0,3046,2.955,0,COM7
2,578090,37,rpm,0,0,0.0,36.8,0,0,0,3046,2.955,0,COM7
2,578110,37,rpm,0,0,0.0,36.8,0,0,0,3046,2.955,0,COM7
2,578131,37,rpm,0,0,0.0,36.8,0,0,0,3046,2.955,0,COM7
2,578151,37,rpm,0,0,0.0,36.8,0,0,0,3046,2.955,0,COM7
2,578171,37,rpm,0,0,0.0,36.8,0,0,0,3046,2.955,0,COM7
2,578192,37,rpm,0,0,0.0,36.8,0,0,0,3046,2.955,0,COM7
2,578212,37,rpm,0,0,0.0,36.8,0,0,0,3046,2.955,0,COM7
2,578233,37,rpm,0,0,0.0,36.8,0,0,0,3046,2.955,0,COM7
2,578253,37,rpm,0,0,0.0,36.8,0,0,0,3046,2.955,0,COM7
2,578274,37,rpm,0,0,0.0,36.8,0,0,0,3046,2.955,0,COM7
2,578294,37,rpm,0,0,0.0,36.8,0,0,0,3046,2.955,0,COM7
2,578314,37,rpm,0,0,0.0,36.8,0,0,0,3046,2.955,0,COM7
2,578335,37,rpm,0,0,0.0,36.8,0,0,0,3046,2.955,0,COM7
2,578355,37,rpm,0,0,0.0,36.8,0,0,0,3046,2.955,0,COM7
2,578376,37,rpm,0,0,0.0,36.8,0,0,0,3046,2.955,0,COM7
2,578396,37,rpm,0,0,0.0,36.8,0,0,0,3046,2.955,0,COM7
2,578416,37,rpm,0,0,0.0,36.8,0,0,0,3046,2.955,0,COM7
2,578437,37,rpm,0,0,0.0,36.8,0,0,0,3046,2.955,0,COM7
2,578457,37,rpm,0,0,0.0,36.8,0,0,0,3046,2.955,0,COM7
2,578478,37,rpm,0,0,0.0,36.8,0,0,0,3046,2.955,0,COM7
2,578498,37,rpm,0,0,0.0,36.8,0,0,0,3046,2.955,0,COM7
2,578519,37,rpm,0,0,0.0,36.8,0,0,0,3046,2.955,0,COM7
2,578539,37,rpm,0,0,0.0,36.8,0,0,0,3046,2.955,0,COM7
2,578560,37,rpm,0,0,0.0,36.8,0,0,0,3046,2.955,0,COM7
2,578580,37,rpm,0,0,0.0,36.8,0,0,0,3046,2.955,0,COM7
2,578600,37,rpm,0,0,0.0,36.8,0,0,0,3046,2.955,0,COM7
2,578621,37,rpm,0,0,0.0,36.8,0,0,0,3046,2.955,0,COM7
2,578641,37,rpm,0,0,0.0,36.8,0,0,0,3046,2.955,0,COM7
2,578662,37,rpm,0,0,0.0,36.8,0,0,0,3046,2.955,0,COM7
2,578682,37,rpm,0,0,0.0,36.8,0,0,0,3046,2.955,0,COM7
2,578702,37,rpm,0,0,0.0,36.8,0,0,0,3046,2.955,0,COM7
2,578723,37,rpm,0,0,0.0,36.8,0,0,0,3046,2.955,0,COM7
2,578743,37,rpm,0,0,0.0,36.8,0,0,0,3046,2.955,0,COM7
2,578764,37,rpm,0,0,0.0,36.8,0,0,0,3046,2.955,0,COM7
2,578784,37,rpm,0,0,0.0,36.8,0,0,0,3046,2.955,0,COM7
2,578805,37,rpm,0,0,0.0,36.8,0,0,0,3046,2.955,0,COM7
2,578825,37,rpm,0,0,0.0,36.8,0,0,0,3046,2.955,0,COM7
2,578845,37,rpm,0,0,0.0,36.8,0,0,0,3046,2.955,0,COM7
2,578866,37,rpm,0,0,0.0,36.8,0,0,0,3046,2.955,0,COM7
2,578886,37,rpm,0,0,0.0,36.8,0,0,0,3046,2.955,0,COM7
2,578907,37,rpm,0,0,0.0,36.8,0,0,0,3046,2.955,0,COM7
2,578927,37,rpm,0,0,0.0,36.8,0,0,0,3046,2.955,0,COM7
2,578948,37,rpm,0,0,0.0,36.8,0,0,0,3046,2.955,0,COM7
2,578968,37,rpm,0,0,0.0,36.8,0,0,0,3046,2.955,0,COM7
2,578988,37,rpm,0,0,0.0,36.8,0,0,0,3046,2.955,0,COM7
2,579009,37,rpm,0,0,0.0,36.8,0,0,0,3046,2.955,0,COM7
2,579029,37,rpm,0,0,0.0,36.8,0,0,0,3046,2.955,0,COM7
2,579050,37,rpm,0,0,0.0,36.8,0,0,0,3046,2.955,0,COM7
2,579070,37,rpm,0,0,0.0,36.8,0,0,0,3046,2.955,0,COM7
2,579091,37,rpm,0,0,0.0,36.8,0,0,0,3046,2.955,0,COM7
2,579111,37,rpm,0,0,0.0,36.8,0,0,0,3046,2.955,0,COM7
2,579132,37,rpm,0,0,0.0,36.8,0,0,0,3046,2.955,0,COM7
2,579152,37,rpm,0,0,0.0,36.8,0,0,0,3046,2.955,0,COM7
2,579172,37,rpm,0,0,0.0,36.8,0,0,0,3046,2.955,0,COM7
2,579193,37,rpm,0,0,0.0,36.8,0,0,0,3046,2.955,0,COM7
2,579213,37,rpm,0,0,0.0,36.8,0,0,0,3046,2.955,0,COM7
2,579234,37,rpm,0,0,0.0,36.8,0,0,0,3046,2.955,0,COM7
2,579254,37,rpm,0,0,0.0,36.8,0,0,0,3046,2.955,0,COM7
2,579275,37,rpm,0,0,0.0,36.8,0,0,0,3046,2.955,0,COM7
2,579295,37,rpm,0,0,0.0,36.8,0,0,0,3046,2.955,0,COM7
2,579316,37,rpm,0,0,0.0,36.8,0,0,0,3046,2.955,0,COM7
2,579336,37,rpm,0,0,0.0,36.8,0,0,0,3046,2.955,0,COM7
2,579357,37,rpm,0,0,0.0,36.8,0,0,0,3046,2.955,0,COM7
2,579377,37,rpm,0,0,0.0,36.8,0,0,0,3046,2.955,0,COM7
2,579398,37,rpm,0,0,0.0,36.8,0,0,0,3046,2.955,0,COM7
2,579418,37,rpm,0,0,0.0,36.8,0,0,0,3046,2.955,0,COM7
2,579439,37,rpm,0,0,0.0,36.8,0,0,0,3046,2.955,0,COM7
2,579459,37,rpm,0,0,0.0,36.8,0,0,0,3046,2.955,0,COM7
2,579479,37,rpm,0,0,0.0,36.8,0,0,0,3046,2.955,0,COM7
2,579500,37,rpm,0,0,0.0,36.8,0,0,0,3046,2.955,0,COM7
2,579520,37,rpm,0,0,0.0,36.8,0,0,0,3046,2.955,0,COM7
2,579541,37,rpm,0,0,0.0,36.8,0,0,0,3046,2.955,0,COM7
2,579561,37,rpm,0,0,0.0,36.8,0,0,0,3046,2.955,0,COM7
2,579582,37,rpm,0,0,0.0,36.8,0,0,0,3046,2.955,0,COM7
2,579602,37,rpm,0,0,0.0,36.8,0,0,0,3046,2.955,0,COM7
2,579623,37,rpm,0,0,0.0,36.8,0,0,0,3046,2.955,0,COM7
2,579643,37,rpm,0,0,0.0,36.8,0,0,0,3046,2.955,0,COM7
2,579663,37,rpm,0,0,0.0,36.8,0,0,0,3046,2.955,0,COM7
2,579684,37,rpm,0,0,0.0,36.8,0,0,0,3046,2.955,0,COM7
2,579704,37,rpm,0,0,0.0,36.8,0,0,0,3046,2.955,0,COM7
2,579725,37,rpm,0,0,0.0,36.8,0,0,0,3046,2.955,0,COM7
2,579745,37,rpm,0,0,0.0,36.8,0,0,0,3046,2.955,0,COM7
2,579765,37,rpm,0,0,0.0,36.8,0,0,0,3046,2.955,0,COM7
2,579786,37,rpm,0,0,0.0,36.8,0,0,0,3046,2.955,0,COM7
2,579806,37,rpm,0,0,0.0,36.8,0,0,0,3046,2.955,0,COM7
2,579827,37,rpm,0,0,0.0,36.8,0,0,0,3046,2.955,0,COM7
2,579847,37,rpm,0,0,0.0,36.8,0,0,0,3046,2.955,0,COM7
2,579868,37,rpm,0,0,0.0,36.8,0,0,0,3046,2.955,0,COM7
2,579888,37,rpm,0,0,0.0,36.8,0,0,0,3046,2.955,0,COM7
2,579909,37,rpm,0,0,0.0,36.8,0,0,0,3046,2.955,0,COM7
2,579929,37,rpm,0,0,0.0,36.8,0,0,0,3046,2.955,0,COM7
2,579950,37,rpm,0,0,0.0,36.8,0,0,0,3046,2.955,0,COM7
2,579970,37,rpm,0,0,0.0,36.8,0,0,0,3046,2.955,0,COM7
2,579991,37,rpm,0,0,0.0,36.8,0,0,0,3046,2.955,0,COM7
2,580011,37,rpm,0,0,0.0,36.8,0,0,0,3046,2.955,0,COM7
2,580031,37,rpm,0,0,0.0,36.8,0,0,0,3046,2.955,0,COM7
2,580052,37,rpm,0,0,0.0,36.8,0,0,0,3046,2.955,0,COM7
2,580072,37,rpm,0,0,0.0,36.8,0,0,0,3046,2.955,0,COM7
2,580093,37,rpm,0,0,0.0,36.8,0,0,0,3046,2.955,0,COM7
2,580113,37,rpm,0,0,0.0,36.8,0,0,0,3046,2.955,0,COM7
2,580134,37,rpm,0,0,0.0,36.8,0,0,0,3046,2.955,0,COM7
2,580154,37,rpm,0,0,0.0,36.8,0,0,0,3046,2.955,0,COM7
2,580175,37,rpm,0,0,0.0,36.8,0,0,0,3046,2.955,0,COM7
2,580195,37,rpm,0,0,0.0,36.8,0,0,0,3046,2.955,0,COM7
2,580215,37,rpm,0,0,0.0,36.8,0,0,0,3046,2.955,0,COM7
2,580236,37,rpm,0,0,0.0,36.8,0,0,0,3046,2.955,0,COM7
2,580256,37,rpm,0,0,0.0,36.8,0,0,0,3046,2.955,0,COM7
2,580277,37,rpm,0,0,0.0,36.8,0,0,0,3046,2.955,0,COM7
2,580297,37,rpm,0,0,0.0,36.8,0,0,0,3046,2.955,0,COM7
2,580318,37,rpm,0,0,0.0,36.8,0,0,0,3046,2.955,0,COM7
2,580338,37,rpm,0,0,0.0,36.8,0,0,0,3046,2.955,0,COM7
2,580358,37,rpm,0,0,0.0,36.8,0,0,0,3046,2.955,0,COM7
2,580379,37,rpm,0,0,0.0,36.8,0,0,0,3046,2.955,0,COM7
2,580399,37,rpm,0,0,0.0,36.8,0,0,0,3046,2.955,0,COM7
2,580420,37,rpm,0,0,0.0,36.8,0,0,0,3046,2.955,0,COM7
2,580440,37,rpm,0,0,0.0,36.8,0,0,0,3046,2.955,0,COM7
2,580461,37,rpm,0,0,0.0,36.8,0,0,0,3046,2.955,0,COM7
2,580481,37,rpm,0,0,0.0,36.8,0,0,0,3046,2.955,0,COM7
2,580502,37,rpm,0,0,0.0,36.8,0,0,0,3046,2.955,0,COM7
2,580522,37,rpm,0,0,0.0,36.8,0,0,0,3046,2.955,0,COM7
2,580542,37,rpm,0,0,0.0,36.8,0,0,0,3046,2.955,0,COM7
2,580563,37,rpm,0,0,0.0,36.8,0,0,0,3046,2.955,0,COM7
2,580583,37,rpm,0,0,0.0,36.8,0,0,0,3046,2.955,0,COM7
2,580604,37,rpm,0,0,0.0,36.8,0,0,0,3046,2.955,0,COM7
2,580624,37,rpm,0,0,0.0,36.8,0,0,0,3046,2.955,0,COM7
2,580645,37,rpm,0,0,0.0,36.8,0,0,0,3046,2.955,0,COM7
2,580665,37,rpm,0,0,0.0,36.8,0,0,0,3046,2.955,0,COM7
2,580686,37,rpm,0,0,0.0,36.8,0,0,0,3046,2.955,0,COM7
2,580706,37,rpm,0,0,0.0,36.8,0,0,0,3046,2.955,0,COM7
2,580726,37,rpm,0,0,0.0,36.8,0,0,0,3046,2.955,0,COM7
2,580747,37,rpm,0,0,0.0,36.8,0,0,0,3046,2.955,0,COM7
2,580767,37,rpm,0,0,0.0,36.8,0,0,0,3046,2.955,0,COM7
2,580788,37,rpm,0,0,0.0,36.8,0,0,0,3046,2.955,0,COM7
2,580808,37,rpm,0,0,0.0,36.8,0,0,0,3046,2.955,0,COM7
2,580829,37,rpm,0,0,0.0,36.8,0,0,0,3046,2.955,0,COM7
2,580849,37,rpm,0,0,0.0,36.8,0,0,0,3046,2.955,0,COM7
2,580869,37,rpm,0,0,0.0,36.8,0,0,0,3046,2.955,0,COM7
2,580890,37,rpm,0,0,0.0,36.8,0,0,0,3046,2.955,0,COM7
2,580910,37,rpm,0,0,0.0,36.8,0,0,0,3046,2.955,0,COM7
2,580931,37,rpm,0,0,0.0,36.8,0,0,0,3046,2.955,0,COM7
2,580951,37,rpm,0,0,0.0,36.8,0,0,0,3046,2.955,0,COM7
2,580972,37,rpm,0,0,0.0,36.8,0,0,0,3046,2.955,0,COM7
2,580992,37,rpm,0,0,0.0,36.8,0,0,0,3046,2.955,0,COM7
2,581013,37,rpm,0,0,0.0,36.8,0,0,0,3046,2.955,0,COM7
2,581033,37,rpm,0,0,0.0,36.8,0,0,0,3046,2.955,0,COM7
2,581054,37,rpm,0,0,0.0,36.8,0,0,0,3046,2.955,0,COM7
2,581074,37,rpm,0,0,0.0,36.8,0,0,0,3046,2.955,0,COM7
2,581094,37,rpm,0,0,0.0,36.8,0,0,0,3046,2.955,0,COM7
2,581115,37,rpm,0,0,0.0,36.8,0,0,0,3046,2.955,0,COM7
2,581135,37,rpm,0,0,0.0,36.8,0,0,0,3046,2.955,0,COM7
2,581156,37,rpm,0,0,0.0,36.8,0,0,0,3046,2.955,0,COM7
2,581176,37,rpm,0,0,0.0,36.8,0,0,0,3046,2.955,0,COM7
2,581197,37,rpm,0,0,0.0,36.8,0,0,0,3046,2.955,0,COM7
2,581217,37,rpm,0,0,0.0,36.8,0,0,0,3046,2.955,0,COM7
2,581238,37,rpm,0,0,0.0,36.8,0,0,0,3046,2.955,0,COM7
2,581258,37,rpm,0,0,0.0,36.8,0,0,0,3046,2.955,0,COM7
2,581278,37,rpm,0,0,0.0,36.8,0,0,0,3046,2.955,0,COM7
2,581299,37,rpm,0,0,0.0,36.8,0,0,0,3046,2.955,0,COM7
2,581319,37,rpm,0,0,0.0,36.8,0,0,0,3046,2.955,0,COM7
2,581340,37,rpm,0,0,0.0,36.8,0,0,0,3046,2.955,0,COM7
2,581360,37,rpm,0,0,0.0,36.8,0,0,0,3046,2.955,0,COM7
2,581381,37,rpm,0,0,0.0,36.8,0,0,0,3046,2.955,0,COM7
2,581401,37,rpm,0,0,0.0,36.8,0,0,0,3046,2.955,0,COM7
2,581421,37,rpm,0,0,0.0,36.8,0,0,0,3046,2.955,0,COM7
2,581442,37,rpm,0,0,0.0,36.8,0,0,0,3046,2.955,0,COM7
2,581462,37,rpm,0,0,0.0,36.8,0,0,0,3046,2.955,0,COM7
2,581483,37,rpm,0,0,0.0,36.8,0,0,0,3046,2.955,0,COM7
2,581503,37,rpm,0,0,0.0,36.8,0,0,0,3046,2.955,0,COM7
2,581524,37,rpm,0,0,0.0,36.8,0,0,0,3046,2.955,0,COM7
2,581544,37,rpm,0,0,0.0,36.8,0,0,0,3046,2.955,0,COM7
2,581565,37,rpm,0,0,0.0,36.8,0,0,0,3046,2.955,0,COM7
2,581585,37,rpm,0,0,0.0,36.8,0,0,0,3046,2.955,0,COM7
2,581606,37,rpm,0,0,0.0,36.8,0,0,0,3046,2.955,0,COM7
2,581626,37,rpm,0,0,0.0,36.8,0,0,0,3046,2.955,0,COM7
2,581647,37,rpm,0,0,0.0,36.8,0,0,0,3046,2.955,0,COM7
2,581667,37,rpm,0,0,0.0,36.8,0,0,0,3046,2.955,0,COM7
2,581687,37,rpm,0,0,0.0,36.8,0,0,0,3046,2.955,0,COM7
2,581708,37,rpm,0,0,0.0,36.8,0,0,0,3046,2.955,0,COM7
2,581728,37,rpm,0,0,0.0,36.8,0,0,0,3046,2.955,0,COM7
2,581749,37,rpm,0,0,0.0,36.8,0,0,0,3046,2.955,0,COM7
2,581769,37,rpm,0,0,0.0,36.8,0,0,0,3046,2.955,0,COM7
2,581789,37,rpm,0,0,0.0,36.8,0,0,0,3046,2.955,0,COM7
2,581810,37,rpm,0,0,0.0,36.8,0,0,0,3046,2.955,0,COM7
2,581830,37,rpm,0,0,0.0,36.8,0,0,0,3046,2.955,0,COM7
2,581851,37,rpm,0,0,0.0,36.8,0,0,0,3046,2.955,0,COM7
2,581871,37,rpm,0,0,0.0,36.8,0,0,0,3046,2.955,0,COM7
2,581892,37,rpm,0,0,0.0,36.8,0,0,0,3046,2.955,0,COM7
2,581912,37,rpm,0,0,0.0,36.8,0,0,0,3046,2.955,0,COM7
2,581933,37,rpm,0,0,0.0,36.8,0,0,0,3046,2.955,0,COM7
2,581953,37,rpm,0,0,0.0,36.8,0,0,0,3046,2.955,0,COM7
2,581973,37,rpm,0,0,0.0,36.8,0,0,0,3046,2.955,0,COM7
2,581994,37,rpm,0,0,0.0,36.8,0,0,0,3046,2.955,0,COM7
2,582014,37,rpm,0,0,0.0,36.8,0,0,0,3046,2.955,0,COM7
2,582035,37,rpm,0,0,0.0,36.8,0,0,0,3046,2.955,0,COM7
2,582055,37,rpm,0,0,0.0,36.8,0,0,0,3046,2.955,0,COM7
2,582076,37,rpm,0,0,0.0,36.8,0,0,0,3046,2.955,0,COM7
2,582096,37,rpm,0,0,0.0,36.8,0,0,0,3046,2.955,0,COM7
2,582117,37,rpm,0,0,0.0,36.8,0,0,0,3046,2.955,0,COM7
2,582137,37,rpm,0,0,0.0,36.8,0,0,0,3046,2.955,0,COM7
2,582158,37,rpm,0,0,0.0,36.8,0,0,0,3046,2.955,0,COM7
2,582178,37,rpm,0,0,0.0,36.8,0,0,0,3046,2.955,0,COM7
2,582199,37,rpm,0,0,0.0,36.8,0,0,0,3046,2.955,0,COM7
2,582219,37,rpm,0,0,0.0,36.8,0,0,0,3046,2.955,0,COM7
2,582239,37,rpm,0,0,0.0,36.8,0,0,0,3046,2.955,0,COM7
2,582260,37,rpm,0,0,0.0,36.8,0,0,0,3046,2.955,0,COM7
2,582280,37,rpm,0,0,0.0,36.8,0,0,0,3046,2.955,0,COM7
2,582301,37,rpm,0,0,0.0,36.8,0,0,0,3046,2.955,0,COM7
2,582321,37,rpm,0,0,0.0,36.8,0,0,0,3046,2.955,0,COM7
2,582342,37,rpm,0,0,0.0,36.8,0,0,0,3046,2.955,0,COM7
2,582362,37,rpm,0,0,0.0,36.8,0,0,0,3046,2.955,0,COM7
2,582383,37,rpm,0,0,0.0,36.8,0,0,0,3046,2.955,0,COM7
2,582403,37,rpm,0,0,0.0,36.8,0,0,0,3046,2.955,0,COM7
2,582424,37,rpm,0,0,0.0,36.8,0,0,0,3046,2.955,0,COM7
2,582444,37,rpm,0,0,0.0,36.8,0,0,0,3046,2.955,0,COM7
2,582464,37,rpm,0,0,0.0,36.8,0,0,0,3046,2.955,0,COM7
2,582485,37,rpm,0,0,0.0,36.8,0,0,0,3046,2.955,0,COM7
2,582505,37,rpm,0,0,0.0,36.8,0,0,0,3046,2.955,0,COM7
2,582526,37,rpm,0,0,0.0,36.8,0,0,0,3046,2.955,0,COM7
2,582546,37,rpm,0,0,0.0,36.8,0,0,0,3046,2.955,0,COM7
2,582567,37,rpm,0,0,0.0,36.8,0,0,0,3046,2.955,0,COM7
2,582587,37,rpm,0,0,0.0,36.8,0,0,0,3046,2.955,0,COM7
2,582607,37,rpm,0,0,0.0,36.8,0,0,0,3046,2.955,0,COM7
2,582628,37,rpm,0,0,0.0,36.8,0,0,0,3046,2.955,0,COM7
2,582648,37,rpm,0,0,0.0,36.8,0,0,0,3046,2.955,0,COM7
2,582669,37,rpm,0,0,0.0,36.8,0,0,0,3046,2.955,0,COM7
2,582689,37,rpm,0,0,0.0,36.8,0,0,0,3046,2.955,0,COM7
2,582710,37,rpm,0,0,0.0,36.8,0,0,0,3046,2.955,0,COM7
2,582730,37,rpm,0,0,0.0,36.8,0,0,0,3046,2.955,0,COM7
2,582751,37,rpm,0,0,0.0,36.8,0,0,0,3046,2.955,0,COM7
2,582771,37,rpm,0,0,0.0,36.8,0,0,0,3046,2.955,0,COM7
2,582792,37,rpm,0,0,0.0,36.8,0,0,0,3046,2.955,0,COM7
2,582812,37,rpm,0,0,0.0,36.8,0,0,0,3046,2.955,0,COM7
2,582833,37,rpm,0,0,0.0,36.8,0,0,0,3046,2.955,0,COM7
2,582853,37,rpm,0,0,0.0,36.8,0,0,0,3046,2.955,0,COM7
2,582873,37,rpm,0,0,0.0,36.8,0,0,0,3046,2.955,0,COM7
2,582894,37,rpm,0,0,0.0,36.8,0,0,0,3046,2.955,0,COM7
2,582914,37,rpm,0,0,0.0,36.8,0,0,0,3046,2.955,0,COM7
2,582935,37,rpm,0,0,0.0,36.8,0,0,0,3046,2.955,0,COM7
2,582955,37,rpm,0,0,0.0,36.8,0,0,0,3046,2.955,0,COM7
2,582976,37,rpm,0,0,0.0,36.8,0,0,0,3046,2.955,0,COM7
2,582996,37,rpm,0,0,0.0,36.8,0,0,0,3046,2.955,0,COM7
2,583016,37,rpm,0,0,0.0,36.8,0,0,0,3046,2.955,0,COM7
2,583037,37,rpm,0,0,0.0,36.8,0,0,0,3046,2.955,0,COM7
2,583057,37,rpm,0,0,0.0,36.8,0,0,0,3046,2.955,0,COM7
2,583078,37,rpm,0,0,0.0,36.8,0,0,0,3046,2.955,0,COM7
2,583098,37,rpm,0,0,0.0,36.8,0,0,0,3046,2.955,0,COM7
2,583119,37,rpm,0,0,0.0,36.8,0,0,0,3046,2.955,0,COM7
2,583139,37,rpm,0,0,0.0,36.8,0,0,0,3046,2.955,0,COM7
2,583160,37,rpm,0,0,0.0,36.8,0,0,0,3046,2.955,0,COM7
2,583180,37,rpm,0,0,0.0,36.8,0,0,0,3046,2.955,0,COM7
2,583200,37,rpm,0,0,0.0,36.8,0,0,0,3046,2.955,0,COM7
2,583221,37,rpm,0,0,0.0,36.8,0,0,0,3046,2.955,0,COM7
2,583241,37,rpm,0,0,0.0,36.8,0,0,0,3046,2.955,0,COM7
2,583262,37,rpm,0,0,0.0,36.8,0,0,0,3046,2.955,0,COM7
2,583282,37,rpm,0,0,0.0,36.8,0,0,0,3046,2.955,0,COM7
2,583303,37,rpm,0,0,0.0,36.8,0,0,0,3046,2.955,0,COM7
2,583323,37,rpm,0,0,0.0,36.8,0,0,0,3046,2.955,0,COM7
2,583344,37,rpm,0,0,0.0,36.8,0,0,0,3046,2.955,0,COM7
2,583364,37,rpm,0,0,0.0,36.8,0,0,0,3046,2.955,0,COM7
2,583385,37,rpm,0,0,0.0,36.8,0,0,0,3046,2.955,0,COM7
2,583405,37,rpm,0,0,0.0,36.8,0,0,0,3046,2.955,0,COM7
2,583425,37,rpm,0,0,0.0,36.8,0,0,0,3046,2.955,0,COM7
2,583446,37,rpm,0,0,0.0,36.8,0,0,0,3046,2.955,0,COM7
2,583466,37,rpm,0,0,0.0,36.8,0,0,0,3046,2.955,0,COM7
2,583487,37,rpm,0,0,0.0,36.8,0,0,0,3046,2.955,0,COM7
2,583507,37,rpm,0,0,0.0,36.8,0,0,0,3046,2.955,0,COM7
2,583528,37,rpm,0,0,0.0,36.8,0,0,0,3046,2.955,0,COM7
2,583548,37,rpm,0,0,0.0,36.8,0,0,0,3046,2.955,0,COM7
2,583569,37,rpm,0,0,0.0,36.8,0,0,0,3046,2.955,0,COM7
2,583589,37,rpm,0,0,0.0,36.8,0,0,0,3046,2.955,0,COM7
2,583609,37,rpm,0,0,0.0,36.8,0,0,0,3046,2.955,0,COM7
2,583630,37,rpm,0,0,0.0,36.8,0,0,0,3046,2.955,0,COM7
2,583650,37,rpm,0,0,0.0,36.8,0,0,0,3046,2.955,0,COM7
2,583671,37,rpm,0,0,0.0,36.8,0,0,0,3046,2.955,0,COM7
2,583691,37,rpm,0,0,0.0,36.8,0,0,0,3046,2.955,0,COM7
2,583711,37,rpm,0,0,0.0,36.8,0,0,0,3046,2.955,0,COM7
2,583732,37,rpm,0,0,0.0,36.8,0,0,0,3046,2.955,0,COM7
2,583752,37,rpm,0,0,0.0,36.8,0,0,0,3046,2.955,0,COM7
2,583773,37,rpm,0,0,0.0,36.8,0,0,0,3046,2.955,0,COM7
2,583793,37,rpm,0,0,0.0,36.8,0,0,0,3046,2.955,0,COM7
2,583814,37,rpm,0,0,0.0,36.8,0,0,0,3046,2.955,0,COM7
2,583834,37,rpm,0,0,0.0,36.8,0,0,0,3046,2.955,0,COM7
2,583854,37,rpm,0,0,0.0,36.8,0,0,0,3046,2.955,0,COM7
2,583875,37,rpm,0,0,0.0,36.8,0,0,0,3046,2.955,0,COM7
2,583895,37,rpm,0,0,0.0,36.8,0,0,0,3046,2.955,0,COM7
2,583916,37,rpm,0,0,0.0,36.8,0,0,0,3046,2.955,0,COM7
2,583936,37,rpm,0,0,0.0,36.8,0,0,0,3046,2.955,0,COM7
2,583957,37,rpm,0,0,0.0,36.8,0,0,0,3046,2.955,0,COM7
2,583977,37,rpm,0,0,0.0,36.8,0,0,0,3046,2.955,0,COM7
2,583998,37,rpm,0,0,0.0,36.8,0,0,0,3046,2.955,0,COM7
2,584018,37,rpm,0,0,0.0,36.8,0,0,0,3046,2.955,0,COM7
2,584039,37,rpm,0,0,0.0,36.8,0,0,0,3046,2.955,0,COM7
2,584059,37,rpm,0,0,0.0,36.8,0,0,0,3046,2.955,0,COM7
2,584079,37,rpm,0,0,0.0,36.8,0,0,0,3046,2.955,0,COM7
2,584100,37,rpm,0,0,0.0,36.8,0,0,0,3046,2.955,0,COM7
2,584120,37,rpm,0,0,0.0,36.8,0,0,0,3046,2.955,0,COM7
2,584141,37,rpm,0,0,0.0,36.8,0,0,0,3046,2.955,0,COM7
2,584161,37,rpm,0,0,0.0,36.8,0,0,0,3046,2.955,0,COM7
2,584182,37,rpm,0,0,0.0,36.8,0,0,0,3046,2.955,0,COM7
2,584202,37,rpm,0,0,0.0,36.8,0,0,0,3046,2.955,0,COM7
2,584222,37,rpm,0,0,0.0,36.8,0,0,0,3046,2.955,0,COM7
2,584243,37,rpm,0,0,0.0,36.8,0,0,0,3046,2.955,0,COM7
2,584263,37,rpm,0,0,0.0,36.8,0,0,0,3046,2.955,0,COM7
2,584284,37,rpm,0,0,0.0,36.8,0,0,0,3046,2.955,0,COM7
2,584304,37,rpm,0,0,0.0,36.8,0,0,0,3046,2.955,0,COM7
2,584325,37,rpm,0,0,0.0,36.8,0,0,0,3046,2.955,0,COM7
2,584345,37,rpm,0,0,0.0,36.8,0,0,0,3046,2.955,0,COM7
2,584365,37,rpm,0,0,0.0,36.8,0,0,0,3046,2.955,0,COM7
2,584386,37,rpm,0,0,0.0,36.8,0,0,0,3046,2.955,0,COM7
2,584406,37,rpm,0,0,0.0,36.8,0,0,0,3046,2.955,0,COM7
2,584427,37,rpm,0,0,0.0,36.8,0,0,0,3046,2.955,0,COM7
2,584447,37,rpm,0,0,0.0,36.8,0,0,0,3046,2.955,0,COM7
2,584468,37,rpm,0,0,0.0,36.8,0,0,0,3046,2.955,0,COM7
2,584488,37,rpm,0,0,0.0,36.8,0,0,0,3046,2.955,0,COM7
2,584508,37,rpm,0,0,0.0,36.8,0,0,0,3046,2.955,0,COM7
2,584529,37,rpm,0,0,0.0,36.8,0,0,0,3046,2.955,0,COM7
2,584549,37,rpm,0,0,0.0,36.8,0,0,0,3046,2.955,0,COM7
2,584570,37,rpm,0,0,0.0,36.8,0,0,0,3046,2.955,0,COM7
2,584590,37,rpm,0,0,0.0,36.8,0,0,0,3046,2.955,0,COM7
2,584611,37,rpm,0,0,0.0,36.8,0,0,0,3046,2.955,0,COM7
2,584631,37,rpm,0,0,0.0,36.8,0,0,0,3046,2.955,0,COM7
2,584652,37,rpm,0,0,0.0,36.8,0,0,0,3046,2.955,0,COM7
2,584672,37,rpm,0,0,0.0,36.8,0,0,0,3046,2.955,0,COM7
2,584692,37,rpm,0,0,0.0,36.8,0,0,0,3046,2.955,0,COM7
2,584713,37,rpm,0,0,0.0,36.8,0,0,0,3046,2.955,0,COM7
2,584733,37,rpm,0,0,0.0,36.8,0,0,0,3046,2.955,0,COM7
2,584754,37,rpm,0,0,0.0,36.8,0,0,0,3046,2.955,0,COM7
2,584774,37,rpm,0,0,0.0,36.8,0,0,0,3046,2.955,0,COM7
2,584795,37,rpm,0,0,0.0,36.8,0,0,0,3046,2.955,0,COM7
2,584815,37,rpm,0,0,0.0,36.8,0,0,0,3046,2.955,0,COM7
2,584836,37,rpm,0,0,0.0,36.8,0,0,0,3046,2.955,0,COM7
2,584856,37,rpm,0,0,0.0,36.8,0,0,0,3046,2.955,0,COM7
2,584876,37,rpm,0,0,0.0,36.8,0,0,0,3046,2.955,0,COM7
2,584897,37,rpm,0,0,0.0,36.8,0,0,0,3046,2.955,0,COM7
2,584917,37,rpm,0,0,0.0,36.8,0,0,0,3046,2.955,0,COM7
2,584938,37,rpm,0,0,0.0,36.8,0,0,0,3046,2.955,0,COM7
2,584958,37,rpm,0,0,0.0,36.8,0,0,0,3046,2.955,0,COM7
2,584979,37,rpm,0,0,0.0,36.8,0,0,0,3046,2.955,0,COM7
2,584999,37,rpm,0,0,0.0,36.8,0,0,0,3046,2.955,0,COM7
2,585019,37,rpm,0,0,0.0,36.8,0,0,0,3046,2.955,0,COM7
2,585040,37,rpm,0,0,0.0,36.8,0,0,0,3046,2.955,0,COM7
2,585060,37,rpm,0,0,0.0,36.8,0,0,0,3046,2.955,0,COM7
2,585081,37,rpm,0,0,0.0,36.8,0,0,0,3046,2.955,0,COM7
2,585101,37,rpm,0,0,0.0,36.8,0,0,0,3046,2.955,0,COM7
2,585122,37,rpm,0,0,0.0,36.8,0,0,0,3046,2.955,0,COM7
2,585142,37,rpm,0,0,0.0,36.8,0,0,0,3046,2.955,0,COM7
2,585163,37,rpm,0,0,0.0,36.8,0,0,0,3046,2.955,0,COM7
2,585183,37,rpm,0,0,0.0,36.8,0,0,0,3046,2.955,0,COM7
2,585203,37,rpm,0,0,0.0,36.8,0,0,0,3046,2.955,0,COM7
2,585224,37,rpm,0,0,0.0,36.8,0,0,0,3046,2.955,0,COM7
2,585244,37,rpm,0,0,0.0,36.8,0,0,0,3046,2.955,0,COM7
2,585265,37,rpm,0,0,0.0,36.8,0,0,0,3046,2.955,0,COM7
2,585285,37,rpm,0,0,0.0,36.8,0,0,0,3046,2.955,0,COM7
2,585306,37,rpm,0,0,0.0,36.8,0,0,0,3046,2.955,0,COM7
2,585326,37,rpm,0,0,0.0,36.8,0,0,0,3046,2.955,0,COM7
2,585347,37,rpm,0,0,0.0,36.8,0,0,0,3046,2.955,0,COM7
2,585367,37,rpm,0,0,0.0,36.8,0,0,0,3046,2.955,0,COM7
2,585388,37,rpm,0,0,0.0,36.8,0,0,0,3046,2.955,0,COM7
2,585408,37,rpm,0,0,0.0,36.8,0,0,0,3046,2.955,0,COM7
2,585429,37,rpm,0,0,0.0,36.8,0,0,0,3046,2.955,0,COM7
2,585449,37,rpm,0,0,0.0,36.8,0,0,0,3046,2.955,0,COM7
2,585469,37,rpm,0,0,0.0,36.8,0,0,0,3046,2.955,0,COM7
2,585490,37,rpm,0,0,0.0,36.8,0,0,0,3046,2.955,0,COM7
2,585510,37,rpm,0,0,0.0,36.8,0,0,0,3046,2.955,0,COM7
2,585531,37,rpm,0,0,0.0,36.8,0,0,0,3046,2.955,0,COM7
2,585551,37,rpm,0,0,0.0,36.8,0,0,0,3046,2.955,0,COM7
2,585572,37,rpm,0,0,0.0,36.8,0,0,0,3046,2.955,0,COM7
2,585592,37,rpm,0,0,0.0,36.8,0,0,0,3046,2.955,0,COM7
2,585613,37,rpm,0,0,0.0,36.8,0,0,0,3046,2.955,0,COM7
2,585633,37,rpm,0,0,0.0,36.8,0,0,0,3046,2.955,0,COM7
2,585654,37,rpm,0,0,0.0,36.8,0,0,0,3046,2.955,0,COM7
2,585674,37,rpm,0,0,0.0,36.8,0,0,0,3046,2.955,0,COM7
2,585695,37,rpm,0,0,0.0,36.8,0,0,0,3046,2.955,0,COM7
2,585715,37,rpm,0,0,0.0,36.8,0,0,0,3046,2.955,0,COM7
2,585736,37,rpm,0,0,0.0,36.8,0,0,0,3046,2.955,0,COM7
2,585756,37,rpm,0,0,0.0,36.8,0,0,0,3046,2.955,0,COM7
2,585776,37,rpm,0,0,0.0,36.8,0,0,0,3046,2.955,0,COM7
2,585797,37,rpm,0,0,0.0,36.8,0,0,0,3046,2.955,0,COM7
2,585817,37,rpm,0,0,0.0,36.8,0,0,0,3046,2.955,0,COM7
2,585838,37,rpm,0,0,0.0,36.8,0,0,0,3046,2.955,0,COM7
2,585858,37,rpm,0,0,0.0,36.8,0,0,0,3046,2.955,0,COM7
2,585878,37,rpm,0,0,0.0,36.8,0,0,0,3046,2.955,0,COM7
2,585899,37,rpm,0,0,0.0,36.8,0,0,0,3046,2.955,0,COM7
2,585919,37,rpm,0,0,0.0,36.8,0,0,0,3046,2.955,0,COM7
2,585940,37,rpm,0,0,0.0,36.8,0,0,0,3046,2.955,0,COM7
2,585960,37,rpm,0,0,0.0,36.8,0,0,0,3046,2.955,0,COM7
2,585981,37,rpm,0,0,0.0,36.8,0,0,0,3046,2.955,0,COM7
2,586001,37,rpm,0,0,0.0,36.8,0,0,0,3046,2.955,0,COM7
2,586022,37,rpm,0,0,0.0,36.8,0,0,0,3046,2.955,0,COM7
2,586042,37,rpm,0,0,0.0,36.8,0,0,0,3046,2.955,0,COM7
2,586063,37,rpm,0,0,0.0,36.8,0,0,0,3046,2.955,0,COM7
2,586083,37,rpm,0,0,0.0,36.8,0,0,0,3046,2.955,0,COM7
2,586104,37,rpm,0,0,0.0,36.8,0,0,0,3046,2.955,0,COM7
2,586124,37,rpm,0,0,0.0,36.8,0,0,0,3046,2.955,0,COM7
2,586144,37,rpm,0,0,0.0,36.8,0,0,0,3046,2.955,0,COM7
2,586165,37,rpm,0,0,0.0,36.8,0,0,0,3046,2.955,0,COM7
2,586185,37,rpm,0,0,0.0,36.8,0,0,0,3046,2.955,0,COM7
2,586206,37,rpm,0,0,0.0,36.8,0,0,0,3046,2.955,0,COM7
2,586226,37,rpm,0,0,0.0,36.8,0,0,0,3046,2.955,0,COM7
2,586247,37,rpm,0,0,0.0,36.8,0,0,0,3046,2.955,0,COM7
2,586267,37,rpm,0,0,0.0,36.8,0,0,0,3046,2.955,0,COM7
2,586288,37,rpm,0,0,0.0,36.8,0,0,0,3046,2.955,0,COM7
2,586308,37,rpm,0,0,0.0,36.8,0,0,0,3046,2.955,0,COM7
2,586328,37,rpm,0,0,0.0,36.8,0,0,0,3046,2.955,0,COM7
2,586349,37,rpm,0,0,0.0,36.8,0,0,0,3046,2.955,0,COM7
2,586369,37,rpm,0,0,0.0,36.8,0,0,0,3046,2.955,0,COM7
2,586390,37,rpm,0,0,0.0,36.8,0,0,0,3046,2.955,0,COM7
2,586410,37,rpm,0,0,0.0,36.8,0,0,0,3046,2.955,0,COM7
2,586431,37,rpm,0,0,0.0,36.8,0,0,0,3046,2.955,0,COM7
2,586451,37,rpm,0,0,0.0,36.8,0,0,0,3046,2.955,0,COM7
2,586472,37,rpm,0,0,0.0,36.8,0,0,0,3046,2.955,0,COM7
2,586492,37,rpm,0,0,0.0,36.8,0,0,0,3046,2.955,0,COM7
2,586513,37,rpm,0,0,0.0,36.8,0,0,0,3046,2.955,0,COM7
2,586533,37,rpm,0,0,0.0,36.8,0,0,0,3046,2.955,0,COM7
2,586553,37,rpm,0,0,0.0,36.8,0,0,0,3046,2.955,0,COM7
2,586574,37,rpm,0,0,0.0,36.8,0,0,0,3046,2.955,0,COM7
2,586594,37,rpm,0,0,0.0,36.8,0,0,0,3046,2.955,0,COM7
2,586615,37,rpm,0,0,0.0,36.8,0,0,0,3046,2.955,0,COM7
2,586635,37,rpm,0,0,0.0,36.8,0,0,0,3046,2.955,0,COM7
2,586656,37,rpm,0,0,0.0,36.8,0,0,0,3046,2.955,0,COM7
2,586676,37,rpm,0,0,0.0,36.8,0,0,0,3046,2.955,0,COM7
2,586696,37,rpm,0,0,0.0,36.8,0,0,0,3046,2.955,0,COM7
2,586717,37,rpm,0,0,0.0,36.8,0,0,0,3046,2.955,0,COM7
2,586737,37,rpm,0,0,0.0,36.8,0,0,0,3046,2.955,0,COM7
2,586758,37,rpm,0,0,0.0,36.8,0,0,0,3046,2.955,0,COM7
2,586778,37,rpm,0,0,0.0,36.8,0,0,0,3046,2.955,0,COM7
2,586799,37,rpm,0,0,0.0,36.8,0,0,0,3046,2.955,0,COM7
2,586819,37,rpm,0,0,0.0,36.8,0,0,0,3046,2.955,0,COM7
2,586840,37,rpm,0,0,0.0,36.8,0,0,0,3046,2.955,0,COM7
2,586860,37,rpm,0,0,0.0,36.8,0,0,0,3046,2.955,0,COM7
2,586881,37,rpm,0,0,0.0,36.8,0,0,0,3046,2.955,0,COM7
2,586901,37,rpm,0,0,0.0,36.8,0,0,0,3046,2.955,0,COM7
2,586922,37,rpm,0,0,0.0,36.8,0,0,0,3046,2.955,0,COM7
2,586942,37,rpm,0,0,0.0,36.8,0,0,0,3046,2.955,0,COM7
2,586962,37,rpm,0,0,0.0,36.8,0,0,0,3046,2.955,0,COM7
2,586983,37,rpm,0,0,0.0,36.8,0,0,0,3046,2.955,0,COM7
2,587003,37,rpm,0,0,0.0,36.8,0,0,0,3046,2.955,0,COM7
2,587024,37,rpm,0,0,0.0,36.8,0,0,0,3046,2.955,0,COM7
2,587044,37,rpm,0,0,0.0,36.8,0,0,0,3046,2.955,0,COM7
2,587065,37,rpm,0,0,0.0,36.8,0,0,0,3046,2.955,0,COM7
2,587085,37,rpm,0,0,0.0,36.8,0,0,0,3046,2.955,0,COM7
2,587106,37,rpm,0,0,0.0,36.8,0,0,0,3046,2.955,0,COM7
2,587126,37,rpm,0,0,0.0,36.8,0,0,0,3046,2.955,0,COM7
2,587147,37,rpm,0,0,0.0,36.8,0,0,0,3046,2.955,0,COM7
2,587167,37,rpm,0,0,0.0,36.8,0,0,0,3046,2.955,0,COM7
2,587188,37,rpm,0,0,0.0,36.8,0,0,0,3046,2.955,0,COM7
2,587208,37,rpm,0,0,0.0,36.8,0,0,0,3046,2.955,0,COM7
2,587228,37,rpm,0,0,0.0,36.8,0,0,0,3046,2.955,0,COM7
2,587249,37,rpm,0,0,0.0,36.8,0,0,0,3046,2.955,0,COM7
2,587269,37,rpm,0,0,0.0,36.8,0,0,0,3046,2.955,0,COM7
2,587290,37,rpm,0,0,0.0,36.8,0,0,0,3046,2.955,0,COM7
2,587310,37,rpm,0,0,0.0,36.8,0,0,0,3046,2.955,0,COM7
2,587331,37,rpm,0,0,0.0,36.8,0,0,0,3046,2.955,0,COM7
2,587351,37,rpm,0,0,0.0,36.8,0,0,0,3046,2.955,0,COM7
2,587372,37,rpm,0,0,0.0,36.8,0,0,0,3046,2.955,0,COM7
2,587392,37,rpm,0,0,0.0,36.8,0,0,0,3046,2.955,0,COM7
2,587413,37,rpm,0,0,0.0,36.8,0,0,0,3046,2.955,0,COM7
2,587433,37,rpm,0,0,0.0,36.8,0,0,0,3046,2.955,0,COM7
2,587453,37,rpm,0,0,0.0,36.8,0,0,0,3046,2.955,0,COM7
2,587474,37,rpm,0,0,0.0,36.8,0,0,0,3046,2.955,0,COM7
2,587494,37,rpm,0,0,0.0,36.8,0,0,0,3046,2.955,0,COM7
2,587515,37,rpm,0,0,0.0,36.8,0,0,0,3046,2.955,0,COM7
2,587535,37,rpm,0,0,0.0,36.8,0,0,0,3046,2.955,0,COM7
2,587556,37,rpm,0,0,0.0,36.8,0,0,0,3046,2.955,0,COM7
2,587576,37,rpm,0,0,0.0,36.8,0,0,0,3046,2.955,0,COM7
2,587596,37,rpm,0,0,0.0,36.8,0,0,0,3046,2.955,0,COM7
2,587617,37,rpm,0,0,0.0,36.8,0,0,0,3046,2.955,0,COM7
2,587637,37,rpm,0,0,0.0,36.8,0,0,0,3046,2.955,0,COM7
2,587658,37,rpm,0,0,0.0,36.8,0,0,0,3046,2.955,0,COM7
2,587678,37,rpm,0,0,0.0,36.8,0,0,0,3046,2.955,0,COM7
2,587699,37,rpm,0,0,0.0,36.8,0,0,0,3046,2.955,0,COM7
2,587719,37,rpm,0,0,0.0,36.8,0,0,0,3046,2.955,0,COM7
2,587740,37,rpm,0,0,0.0,36.8,0,0,0,3046,2.955,0,COM7
2,587760,37,rpm,0,0,0.0,36.8,0,0,0,3046,2.955,0,COM7
2,587780,37,rpm,0,0,0.0,36.8,0,0,0,3046,2.955,0,COM7
2,587801,37,rpm,0,0,0.0,36.8,0,0,0,3046,2.955,0,COM7
2,587821,37,rpm,0,0,0.0,36.8,0,0,0,3046,2.955,0,COM7
2,587842,37,rpm,0,0,0.0,36.8,0,0,0,3046,2.955,0,COM7
2,587862,37,rpm,0,0,0.0,36.8,0,0,0,3046,2.955,0,COM7
2,587883,37,rpm,0,0,0.0,36.8,0,0,0,3046,2.955,0,COM7
2,587903,37,rpm,0,0,0.0,36.8,0,0,0,3046,2.955,0,COM7
2,587924,37,rpm,0,0,0.0,36.8,0,0,0,3046,2.955,0,COM7
2,587944,37,rpm,0,0,0.0,36.8,0,0,0,3046,2.955,0,COM7
2,587964,37,rpm,0,0,0.0,36.8,0,0,0,3046,2.955,0,COM7
2,587985,37,rpm,0,0,0.0,36.8,0,0,0,3046,2.955,0,COM7
2,588005,37,rpm,0,0,0.0,36.8,0,0,0,3046,2.955,0,COM7
2,588026,37,rpm,0,0,0.0,36.8,0,0,0,3046,2.955,0,COM7
2,588046,37,rpm,0,0,0.0,36.8,0,0,0,3046,2.955,0,COM7
2,588067,37,rpm,0,0,0.0,36.8,0,0,0,3046,2.955,0,COM7
2,588087,37,rpm,0,0,0.0,36.8,0,0,0,3046,2.955,0,COM7
2,588108,37,rpm,0,0,0.0,36.8,0,0,0,3046,2.955,0,COM7
2,588128,37,rpm,0,0,0.0,36.8,0,0,0,3046,2.955,0,COM7
2,588148,37,rpm,0,0,0.0,36.8,0,0,0,3046,2.955,0,COM7
2,588169,37,rpm,0,0,0.0,36.8,0,0,0,3046,2.955,0,COM7
2,588189,37,rpm,0,0,0.0,36.8,0,0,0,3046,2.955,0,COM7
2,588210,37,rpm,0,0,0.0,36.8,0,0,0,3046,2.955,0,COM7
2,588230,37,rpm,0,0,0.0,36.8,0,0,0,3046,2.955,0,COM7
2,588251,37,rpm,0,0,0.0,36.8,0,0,0,3046,2.955,0,COM7
2,588271,37,rpm,0,0,0.0,36.8,0,0,0,3046,2.955,0,COM7
2,588292,37,rpm,0,0,0.0,36.8,0,0,0,3046,2.955,0,COM7
2,588312,37,rpm,0,0,0.0,36.8,0,0,0,3046,2.955,0,COM7
2,588333,37,rpm,0,0,0.0,36.8,0,0,0,3046,2.955,0,COM7
2,588353,37,rpm,0,0,0.0,36.8,0,0,0,3046,2.955,0,COM7
2,588374,37,rpm,0,0,0.0,36.8,0,0,0,3046,2.955,0,COM7
2,588394,37,rpm,0,0,0.0,36.8,0,0,0,3046,2.955,0,COM7
2,588414,37,rpm,0,0,0.0,36.8,0,0,0,3046,2.955,0,COM7
2,588435,37,rpm,0,0,0.0,36.8,0,0,0,3046,2.955,0,COM7
2,588455,37,rpm,0,0,0.0,36.8,0,0,0,3046,2.955,0,COM7
2,588476,37,rpm,0,0,0.0,36.8,0,0,0,3046,2.955,0,COM7
2,588496,37,rpm,0,0,0.0,36.8,0,0,0,3046,2.955,0,COM7
2,588517,37,rpm,0,0,0.0,36.8,0,0,0,3046,2.955,0,COM7
2,588537,37,rpm,0,0,0.0,36.8,0,0,0,3046,2.955,0,COM7
2,588557,37,rpm,0,0,0.0,36.8,0,0,0,3046,2.955,0,COM7
2,588578,37,rpm,0,0,0.0,36.8,0,0,0,3046,2.955,0,COM7
2,588598,37,rpm,0,0,0.0,36.8,0,0,0,3046,2.955,0,COM7
2,588619,37,rpm,0,0,0.0,36.8,0,0,0,3046,2.955,0,COM7
2,588639,37,rpm,0,0,0.0,36.8,0,0,0,3046,2.955,0,COM7
2,588660,37,rpm,0,0,0.0,36.8,0,0,0,3046,2.955,0,COM7
2,588680,37,rpm,0,0,0.0,36.8,0,0,0,3046,2.955,0,COM7
2,588701,37,rpm,0,0,0.0,36.8,0,0,0,3046,2.955,0,COM7
2,588721,37,rpm,0,0,0.0,36.8,0,0,0,3046,2.955,0,COM7
2,588742,37,rpm,0,0,0.0,36.8,0,0,0,3046,2.955,0,COM7
2,588762,37,rpm,0,0,0.0,36.8,0,0,0,3046,2.955,0,COM7
2,588782,37,rpm,0,0,0.0,36.8,0,0,0,3046,2.955,0,COM7
2,588803,37,rpm,0,0,0.0,36.8,0,0,0,3046,2.955,0,COM7
2,588823,37,rpm,0,0,0.0,36.8,0,0,0,3046,2.955,0,COM7
2,588844,37,rpm,0,0,0.0,36.8,0,0,0,3046,2.955,0,COM7
2,588864,37,rpm,0,0,0.0,36.8,0,0,0,3046,2.955,0,COM7
2,588885,37,rpm,0,0,0.0,36.8,0,0,0,3046,2.955,0,COM7
2,588905,37,rpm,0,0,0.0,36.8,0,0,0,3046,2.955,0,COM7
2,588926,37,rpm,0,0,0.0,36.8,0,0,0,3046,2.955,0,COM7
2,588946,37,rpm,0,0,0.0,36.8,0,0,0,3046,2.955,0,COM7
2,588967,37,rpm,0,0,0.0,36.8,0,0,0,3046,2.955,0,COM7
2,588987,37,rpm,0,0,0.0,36.8,0,0,0,3046,2.955,0,COM7
2,589007,37,rpm,0,0,0.0,36.8,0,0,0,3046,2.955,0,COM7
2,589028,37,rpm,0,0,0.0,36.8,0,0,0,3046,2.955,0,COM7
2,589048,37,rpm,0,0,0.0,36.8,0,0,0,3046,2.955,0,COM7
2,589069,37,rpm,0,0,0.0,36.8,0,0,0,3046,2.955,0,COM7
2,589089,37,rpm,0,0,0.0,36.8,0,0,0,3046,2.955,0,COM7
2,589110,37,rpm,0,0,0.0,36.8,0,0,0,3046,2.955,0,COM7
2,589130,37,rpm,0,0,0.0,36.8,0,0,0,3046,2.955,0,COM7
2,589151,37,rpm,0,0,0.0,36.8,0,0,0,3046,2.955,0,COM7
2,589171,37,rpm,0,0,0.0,36.8,0,0,0,3046,2.955,0,COM7
2,589191,37,rpm,0,0,0.0,36.8,0,0,0,3046,2.955,0,COM7
2,589212,37,rpm,0,0,0.0,36.8,0,0,0,3046,2.955,0,COM7
2,589232,37,rpm,0,0,0.0,36.8,0,0,0,3046,2.955,0,COM7
2,589253,37,rpm,0,0,0.0,36.8,0,0,0,3046,2.955,0,COM7
2,589273,37,rpm,0,0,0.0,36.8,0,0,0,3046,2.955,0,COM7
2,589294,37,rpm,0,0,0.0,36.8,0,0,0,3046,2.955,0,COM7
2,589314,37,rpm,0,0,0.0,36.8,0,0,0,3046,2.955,0,COM7
2,589335,37,rpm,0,0,0.0,36.8,0,0,0,3046,2.955,0,COM7
2,589355,37,rpm,0,0,0.0,36.8,0,0,0,3046,2.955,0,COM7
2,589376,37,rpm,0,0,0.0,36.8,0,0,0,3046,2.955,0,COM7
2,589396,37,rpm,0,0,0.0,36.8,0,0,0,3046,2.955,0,COM7
2,589417,37,rpm,0,0,0.0,36.8,0,0,0,3046,2.955,0,COM7
2,589437,37,rpm,0,0,0.0,36.8,0,0,0,3046,2.955,0,COM7
2,589457,37,rpm,0,0,0.0,36.8,0,0,0,3046,2.955,0,COM7
2,589478,37,rpm,0,0,0.0,36.8,0,0,0,3046,2.955,0,COM7
2,589498,37,rpm,0,0,0.0,36.8,0,0,0,3046,2.955,0,COM7
2,589519,37,rpm,0,0,0.0,36.8,0,0,0,3046,2.955,0,COM7
2,589539,37,rpm,0,0,0.0,36.8,0,0,0,3046,2.955,0,COM7
2,589560,37,rpm,0,0,0.0,36.8,0,0,0,3046,2.955,0,COM7
2,589580,37,rpm,0,0,0.0,36.8,0,0,0,3046,2.955,0,COM7
2,589601,37,rpm,0,0,0.0,36.8,0,0,0,3046,2.955,0,COM7
2,589621,37,rpm,0,0,0.0,36.8,0,0,0,3046,2.955,0,COM7
2,589642,37,rpm,0,0,0.0,36.8,0,0,0,3046,2.955,0,COM7
2,589662,37,rpm,0,0,0.0,36.8,0,0,0,3046,2.955,0,COM7
2,589683,37,rpm,0,0,0.0,36.8,0,0,0,3046,2.955,0,COM7
2,589703,37,rpm,0,0,0.0,36.8,0,0,0,3046,2.955,0,COM7
2,589723,37,rpm,0,0,0.0,36.8,0,0,0,3046,2.955,0,COM7
2,589744,37,rpm,0,0,0.0,36.8,0,0,0,3046,2.955,0,COM7
2,589764,37,rpm,0,0,0.0,36.8,0,0,0,3046,2.955,0,COM7
2,589785,37,rpm,0,0,0.0,36.8,0,0,0,3046,2.955,0,COM7
2,589805,37,rpm,0,0,0.0,36.8,0,0,0,3046,2.955,0,COM7
2,589826,37,rpm,0,0,0.0,36.8,0,0,0,3046,2.955,0,COM7
2,589846,37,rpm,0,0,0.0,36.8,0,0,0,3046,2.955,0,COM7
2,589867,37,rpm,0,0,0.0,36.8,0,0,0,3046,2.955,0,COM7
2,589887,37,rpm,0,0,0.0,36.8,0,0,0,3046,2.955,0,COM7
2,589907,37,rpm,0,0,0.0,36.8,0,0,0,3046,2.955,0,COM7
2,589928,37,rpm,0,0,0.0,36.8,0,0,0,3046,2.955,0,COM7
2,589948,37,rpm,0,0,0.0,36.8,0,0,0,3046,2.955,0,COM7
2,589969,37,rpm,0,0,0.0,36.8,0,0,0,3046,2.955,0,COM7
2,589989,37,rpm,0,0,0.0,36.8,0,0,0,3046,2.955,0,COM7
2,590010,37,rpm,0,0,0.0,36.8,0,0,0,3046,2.955,0,COM7
2,590030,37,rpm,0,0,0.0,36.8,0,0,0,3046,2.955,0,COM7
2,590051,37,rpm,0,0,0.0,36.8,0,0,0,3046,2.955,0,COM7
2,590071,37,rpm,0,0,0.0,36.8,0,0,0,3046,2.955,0,COM7
2,590092,37,rpm,0,0,0.0,36.8,0,0,0,3046,2.955,0,COM7
2,590112,37,rpm,0,0,0.0,36.8,0,0,0,3046,2.955,0,COM7
2,590133,37,rpm,0,0,0.0,36.8,0,0,0,3046,2.955,0,COM7
2,590153,37,rpm,0,0,0.0,36.8,0,0,0,3046,2.955,0,COM7
2,590173,37,rpm,0,0,0.0,36.8,0,0,0,3046,2.955,0,COM7
2,590194,37,rpm,0,0,0.0,36.8,0,0,0,3046,2.955,0,COM7
2,590214,37,rpm,0,0,0.0,36.8,0,0,0,3046,2.955,0,COM7
2,590235,37,rpm,0,0,0.0,36.8,0,0,0,3046,2.955,0,COM7
2,590255,37,rpm,0,0,0.0,36.8,0,0,0,3046,2.955,0,COM7
2,590276,37,rpm,0,0,0.0,36.8,0,0,0,3046,2.955,0,COM7
2,590296,37,rpm,0,0,0.0,36.8,0,0,0,3046,2.955,0,COM7
2,590316,37,rpm,0,0,0.0,36.8,0,0,0,3046,2.955,0,COM7
2,590337,37,rpm,0,0,0.0,36.8,0,0,0,3046,2.955,0,COM7
2,590357,37,rpm,0,0,0.0,36.8,0,0,0,3046,2.955,0,COM7
2,590378,37,rpm,0,0,0.0,36.8,0,0,0,3046,2.955,0,COM7
2,590398,37,rpm,0,0,0.0,36.8,0,0,0,3046,2.955,0,COM7
2,590418,37,rpm,0,0,0.0,36.8,0,0,0,3046,2.955,0,COM7
2,590439,37,rpm,0,0,0.0,36.8,0,0,0,3046,2.955,0,COM7
2,590459,37,rpm,0,0,0.0,36.8,0,0,0,3046,2.955,0,COM7
2,590480,37,rpm,0,0,0.0,36.8,0,0,0,3046,2.955,0,COM7
2,590500,37,rpm,0,0,0.0,36.8,0,0,0,3046,2.955,0,COM7
2,590521,37,rpm,0,0,0.0,36.8,0,0,0,3046,2.955,0,COM7
2,590541,37,rpm,0,0,0.0,36.8,0,0,0,3046,2.955,0,COM7
2,590561,37,rpm,0,0,0.0,36.8,0,0,0,3046,2.955,0,COM7
2,590582,37,rpm,0,0,0.0,36.8,0,0,0,3046,2.955,0,COM7
2,590602,37,rpm,0,0,0.0,36.8,0,0,0,3046,2.955,0,COM7
2,590623,37,rpm,0,0,0.0,36.8,0,0,0,3046,2.955,0,COM7
2,590643,37,rpm,0,0,0.0,36.8,0,0,0,3046,2.955,0,COM7
2,590664,37,rpm,0,0,0.0,36.8,0,0,0,3046,2.955,0,COM7
2,590684,37,rpm,0,0,0.0,36.8,0,0,0,3046,2.955,0,COM7
2,590704,37,rpm,0,0,0.0,36.8,0,0,0,3046,2.955,0,COM7
2,590725,37,rpm,0,0,0.0,36.8,0,0,0,3046,2.955,0,COM7
2,590745,37,rpm,0,0,0.0,36.8,0,0,0,3046,2.955,0,COM7
2,590766,37,rpm,0,0,0.0,36.8,0,0,0,3046,2.955,0,COM7
2,590786,37,rpm,0,0,0.0,36.8,0,0,0,3046,2.955,0,COM7
2,590806,37,rpm,0,0,0.0,36.8,0,0,0,3046,2.955,0,COM7
2,590827,37,rpm,0,0,0.0,36.8,0,0,0,3046,2.955,0,COM7
2,590847,37,rpm,0,0,0.0,36.8,0,0,0,3046,2.955,0,COM7
2,590868,37,rpm,0,0,0.0,36.8,0,0,0,3046,2.955,0,COM7
2,590888,37,rpm,0,0,0.0,36.8,0,0,0,3046,2.955,0,COM7
2,590909,37,rpm,0,0,0.0,36.8,0,0,0,3046,2.955,0,COM7
2,590929,37,rpm,0,0,0.0,36.8,0,0,0,3046,2.955,0,COM7
2,590949,37,rpm,0,0,0.0,36.8,0,0,0,3046,2.955,0,COM7
2,590970,37,rpm,0,0,0.0,36.8,0,0,0,3046,2.955,0,COM7
2,590990,37,rpm,0,0,0.0,36.8,0,0,0,3046,2.955,0,COM7
2,591011,37,rpm,0,0,0.0,36.8,0,0,0,3046,2.955,0,COM7
2,591031,37,rpm,0,0,0.0,36.8,0,0,0,3046,2.955,0,COM7
2,591052,37,rpm,0,0,0.0,36.8,0,0,0,3046,2.955,0,COM7
2,591072,37,rpm,0,0,0.0,36.8,0,0,0,3046,2.955,0,COM7
2,591093,37,rpm,0,0,0.0,36.8,0,0,0,3046,2.955,0,COM7
2,591113,37,rpm,0,0,0.0,36.8,0,0,0,3046,2.955,0,COM7
2,591133,37,rpm,0,0,0.0,36.8,0,0,0,3046,2.955,0,COM7
2,591154,37,rpm,0,0,0.0,36.8,0,0,0,3046,2.955,0,COM7
2,591174,37,rpm,0,0,0.0,36.8,0,0,0,3046,2.955,0,COM7
2,591195,37,rpm,0,0,0.0,36.8,0,0,0,3046,2.955,0,COM7
2,591215,37,rpm,0,0,0.0,36.8,0,0,0,3046,2.955,0,COM7
2,591235,37,rpm,0,0,0.0,36.8,0,0,0,3046,2.955,0,COM7
2,591256,37,rpm,0,0,0.0,36.8,0,0,0,3046,2.955,0,COM7
2,591276,37,rpm,0,0,0.0,36.8,0,0,0,3046,2.955,0,COM7
2,591297,37,rpm,0,0,0.0,36.8,0,0,0,3046,2.955,0,COM7
2,591317,37,rpm,0,0,0.0,36.8,0,0,0,3046,2.955,0,COM7
2,591338,37,rpm,0,0,0.0,36.8,0,0,0,3046,2.955,0,COM7
2,591358,37,rpm,0,0,0.0,36.8,0,0,0,3046,2.955,0,COM7
2,591378,37,rpm,0,0,0.0,36.8,0,0,0,3046,2.955,0,COM7
2,591399,37,rpm,0,0,0.0,36.8,0,0,0,3046,2.955,0,COM7
2,591419,37,rpm,0,0,0.0,36.8,0,0,0,3046,2.955,0,COM7
2,591440,37,rpm,0,0,0.0,36.8,0,0,0,3046,2.955,0,COM7
2,591460,37,rpm,0,0,0.0,36.8,0,0,0,3046,2.955,0,COM7
2,591481,37,rpm,0,0,0.0,36.8,0,0,0,3046,2.955,0,COM7
2,591501,37,rpm,0,0,0.0,36.8,0,0,0,3046,2.955,0,COM7
2,591522,37,rpm,0,0,0.0,36.8,0,0,0,3046,2.955,0,COM7
2,591542,37,rpm,0,0,0.0,36.8,0,0,0,3046,2.955,0,COM7
2,591563,37,rpm,0,0,0.0,36.8,0,0,0,3046,2.955,0,COM7
2,591583,37,rpm,0,0,0.0,36.8,0,0,0,3046,2.955,0,COM7
2,591603,37,rpm,0,0,0.0,36.8,0,0,0,3046,2.955,0,COM7
2,591624,37,rpm,0,0,0.0,36.8,0,0,0,3046,2.955,0,COM7
2,591644,37,rpm,0,0,0.0,36.8,0,0,0,3046,2.955,0,COM7
2,591665,37,rpm,0,0,0.0,36.8,0,0,0,3046,2.955,0,COM7
2,591685,37,rpm,0,0,0.0,36.8,0,0,0,3046,2.955,0,COM7
2,591706,37,rpm,0,0,0.0,36.8,0,0,0,3046,2.955,0,COM7
2,591726,37,rpm,0,0,0.0,36.8,0,0,0,3046,2.955,0,COM7
2,591747,37,rpm,0,0,0.0,36.8,0,0,0,3046,2.955,0,COM7
2,591767,37,rpm,0,0,0.0,36.8,0,0,0,3046,2.955,0,COM7
2,591788,37,rpm,0,0,0.0,36.8,0,0,0,3046,2.955,0,COM7
2,591808,37,rpm,0,0,0.0,36.8,0,0,0,3046,2.955,0,COM7
2,591828,37,rpm,0,0,0.0,36.8,0,0,0,3046,2.955,0,COM7
2,591849,37,rpm,0,0,0.0,36.8,0,0,0,3046,2.955,0,COM7
2,591869,37,rpm,0,0,0.0,36.8,0,0,0,3046,2.955,0,COM7
2,591890,37,rpm,0,0,0.0,36.8,0,0,0,3046,2.955,0,COM7
2,591910,37,rpm,0,0,0.0,36.8,0,0,0,3046,2.955,0,COM7
2,591931,37,rpm,0,0,0.0,36.8,0,0,0,3046,2.955,0,COM7
2,591951,37,rpm,0,0,0.0,36.8,0,0,0,3046,2.955,0,COM7
2,591972,37,rpm,0,0,0.0,36.8,0,0,0,3046,2.955,0,COM7
2,591992,37,rpm,0,0,0.0,36.8,0,0,0,3046,2.955,0,COM7
2,592013,37,rpm,0,0,0.0,36.8,0,0,0,3046,2.955,0,COM7
2,592033,37,rpm,0,0,0.0,36.8,0,0,0,3046,2.955,0,COM7
2,592054,37,rpm,0,0,0.0,36.8,0,0,0,3046,2.955,0,COM7
2,592074,37,rpm,0,0,0.0,36.8,0,0,0,3046,2.955,0,COM7
2,592094,37,rpm,0,0,0.0,36.8,0,0,0,3046,2.955,0,COM7
2,592115,37,rpm,0,0,0.0,36.8,0,0,0,3046,2.955,0,COM7
2,592135,37,rpm,0,0,0.0,36.8,0,0,0,3046,2.955,0,COM7
2,592156,37,rpm,0,0,0.0,36.8,0,0,0,3046,2.955,0,COM7
2,592176,37,rpm,0,0,0.0,36.8,0,0,0,3046,2.955,0,COM7
2,592197,37,rpm,0,0,0.0,36.8,0,0,0,3046,2.955,0,COM7
2,592217,37,rpm,0,0,0.0,36.8,0,0,0,3046,2.955,0,COM7
2,592238,37,rpm,0,0,0.0,36.8,0,0,0,3046,2.955,0,COM7
2,592258,37,rpm,0,0,0.0,36.8,0,0,0,3046,2.955,0,COM7
2,592279,37,rpm,0,0,0.0,36.8,0,0,0,3046,2.955,0,COM7
2,592299,37,rpm,0,0,0.0,36.8,0,0,0,3046,2.955,0,COM7
2,592320,37,rpm,0,0,0.0,36.8,0,0,0,3046,2.955,0,COM7
2,592340,37,rpm,0,0,0.0,36.8,0,0,0,3046,2.955,0,COM7
2,592360,37,rpm,0,0,0.0,36.8,0,0,0,3046,2.955,0,COM7
2,592381,37,rpm,0,0,0.0,36.8,0,0,0,3046,2.955,0,COM7
2,592401,37,rpm,0,0,0.0,36.8,0,0,0,3046,2.955,0,COM7
2,592422,37,rpm,0,0,0.0,36.8,0,0,0,3046,2.955,0,COM7
2,592442,37,rpm,0,0,0.0,36.8,0,0,0,3046,2.955,0,COM7
2,592463,37,rpm,0,0,0.0,36.8,0,0,0,3046,2.955,0,COM7
2,592483,37,rpm,0,0,0.0,36.8,0,0,0,3046,2.955,0,COM7
2,592504,37,rpm,0,0,0.0,36.8,0,0,0,3046,2.955,0,COM7
2,592524,37,rpm,0,0,0.0,36.8,0,0,0,3046,2.955,0,COM7
2,592545,37,rpm,0,0,0.0,36.8,0,0,0,3046,2.955,0,COM7
2,592565,37,rpm,0,0,0.0,36.8,0,0,0,3046,2.955,0,COM7
2,592585,37,rpm,0,0,0.0,36.8,0,0,0,3046,2.955,0,COM7
2,592606,37,rpm,0,0,0.0,36.8,0,0,0,3046,2.955,0,COM7
2,592626,37,rpm,0,0,0.0,36.8,0,0,0,3046,2.955,0,COM7
2,592647,37,rpm,0,0,0.0,36.8,0,0,0,3046,2.955,0,COM7
2,592667,37,rpm,0,0,0.0,36.8,0,0,0,3046,2.955,0,COM7
2,592688,37,rpm,0,0,0.0,36.8,0,0,0,3046,2.955,0,COM7
2,592708,37,rpm,0,0,0.0,36.8,0,0,0,3046,2.955,0,COM7
2,592729,37,rpm,0,0,0.0,36.8,0,0,0,3046,2.955,0,COM7
2,592749,37,rpm,0,0,0.0,36.8,0,0,0,3046,2.955,0,COM7
2,592770,37,rpm,0,0,0.0,36.8,0,0,0,3046,2.955,0,COM7
2,592790,37,rpm,0,0,0.0,36.8,0,0,0,3046,2.955,0,COM7
2,592811,37,rpm,0,0,0.0,36.8,0,0,0,3046,2.955,0,COM7
2,592831,37,rpm,0,0,0.0,36.8,0,0,0,3046,2.955,0,COM7
2,592852,37,rpm,0,0,0.0,36.8,0,0,0,3046,2.955,0,COM7
2,592872,37,rpm,0,0,0.0,36.8,0,0,0,3046,2.955,0,COM7
2,592892,37,rpm,0,0,0.0,36.8,0,0,0,3046,2.955,0,COM7
2,592913,37,rpm,0,0,0.0,36.8,0,0,0,3046,2.955,0,COM7
2,592933,37,rpm,0,0,0.0,36.8,0,0,0,3046,2.955,0,COM7
2,592954,37,rpm,0,0,0.0,36.8,0,0,0,3046,2.955,0,COM7
2,592974,37,rpm,0,0,0.0,36.8,0,0,0,3046,2.955,0,COM7
2,592995,37,rpm,0,0,0.0,36.8,0,0,0,3046,2.955,0,COM7
2,593015,37,rpm,0,0,0.0,36.8,0,0,0,3046,2.955,0,COM7
2,593036,37,rpm,0,0,0.0,36.8,0,0,0,3046,2.955,0,COM7
2,593056,37,rpm,0,0,0.0,36.8,0,0,0,3046,2.955,0,COM7
2,593076,37,rpm,0,0,0.0,36.8,0,0,0,3046,2.955,0,COM7
2,593097,37,rpm,0,0,0.0,36.8,0,0,0,3046,2.955,0,COM7
2,593117,37,rpm,0,0,0.0,36.8,0,0,0,3046,2.955,0,COM7
2,593138,37,rpm,0,0,0.0,36.8,0,0,0,3046,2.955,0,COM7
2,593158,37,rpm,0,0,0.0,36.8,0,0,0,3046,2.955,0,COM7
2,593179,37,rpm,0,0,0.0,36.8,0,0,0,3046,2.955,0,COM7
2,593199,37,rpm,0,0,0.0,36.8,0,0,0,3046,2.955,0,COM7
2,593220,37,rpm,0,0,0.0,36.8,0,0,0,3046,2.955,0,COM7
2,593240,37,rpm,0,0,0.0,36.8,0,0,0,3046,2.955,0,COM7
2,593260,37,rpm,0,0,0.0,36.8,0,0,0,3046,2.955,0,COM7
2,593281,37,rpm,0,0,0.0,36.8,0,0,0,3046,2.955,0,COM7
2,593301,37,rpm,0,0,0.0,36.8,0,0,0,3046,2.955,0,COM7
2,593322,37,rpm,0,0,0.0,36.8,0,0,0,3046,2.955,0,COM7
2,593342,37,rpm,0,0,0.0,36.8,0,0,0,3046,2.955,0,COM7
2,593363,37,rpm,0,0,0.0,36.8,0,0,0,3046,2.955,0,COM7
2,593383,37,rpm,0,0,0.0,36.8,0,0,0,3046,2.955,0,COM7
2,593404,37,rpm,0,0,0.0,36.8,0,0,0,3046,2.955,0,COM7
2,593424,37,rpm,0,0,0.0,36.8,0,0,0,3046,2.955,0,COM7
2,593444,37,rpm,0,0,0.0,36.8,0,0,0,3046,2.955,0,COM7
2,593465,37,rpm,0,0,0.0,36.8,0,0,0,3046,2.955,0,COM7
2,593485,37,rpm,0,0,0.0,36.8,0,0,0,3046,2.955,0,COM7
2,593506,37,rpm,0,0,0.0,36.8,0,0,0,3046,2.955,0,COM7
2,593526,37,rpm,0,0,0.0,36.8,0,0,0,3046,2.955,0,COM7
2,593547,37,rpm,0,0,0.0,36.8,0,0,0,3046,2.955,0,COM7
2,593567,37,rpm,0,0,0.0,36.8,0,0,0,3046,2.955,0,COM7
2,593588,37,rpm,0,0,0.0,36.8,0,0,0,3046,2.955,0,COM7
2,593608,37,rpm,0,0,0.0,36.8,0,0,0,3046,2.955,0,COM7
2,593629,37,rpm,0,0,0.0,36.8,0,0,0,3046,2.955,0,COM7
2,593649,37,rpm,0,0,0.0,36.8,0,0,0,3046,2.955,0,COM7
2,593669,37,rpm,0,0,0.0,36.8,0,0,0,3046,2.955,0,COM7
2,593690,37,rpm,0,0,0.0,36.8,0,0,0,3046,2.955,0,COM7
2,593710,37,rpm,0,0,0.0,36.8,0,0,0,3046,2.955,0,COM7
2,593731,37,rpm,0,0,0.0,36.8,0,0,0,3046,2.955,0,COM7
2,593751,37,rpm,0,0,0.0,36.8,0,0,0,3046,2.955,0,COM7
2,593772,37,rpm,0,0,0.0,36.8,0,0,0,3046,2.955,0,COM7
2,593792,37,rpm,0,0,0.0,36.8,0,0,0,3046,2.955,0,COM7
2,593813,37,rpm,0,0,0.0,36.8,0,0,0,3046,2.955,0,COM7
2,593833,37,rpm,0,0,0.0,36.8,0,0,0,3046,2.955,0,COM7
2,593853,37,rpm,0,0,0.0,36.8,0,0,0,3046,2.955,0,COM7
2,593874,37,rpm,0,0,0.0,36.8,0,0,0,3046,2.955,0,COM7
2,593894,37,rpm,0,0,0.0,36.8,0,0,0,3046,2.955,0,COM7
2,593915,37,rpm,0,0,0.0,36.8,0,0,0,3046,2.955,0,COM7
2,593935,37,rpm,0,0,0.0,36.8,0,0,0,3046,2.955,0,COM7
2,593956,37,rpm,0,0,0.0,36.8,0,0,0,3046,2.955,0,COM7
2,593976,37,rpm,0,0,0.0,36.8,0,0,0,3046,2.955,0,COM7
2,593996,37,rpm,0,0,0.0,36.8,0,0,0,3046,2.955,0,COM7
2,594017,37,rpm,0,0,0.0,36.8,0,0,0,3046,2.955,0,COM7
2,594037,37,rpm,0,0,0.0,36.8,0,0,0,3046,2.955,0,COM7
2,594058,37,rpm,0,0,0.0,36.8,0,0,0,3046,2.955,0,COM7
2,594078,37,rpm,0,0,0.0,36.8,0,0,0,3046,2.955,0,COM7
2,594099,37,rpm,0,0,0.0,36.8,0,0,0,3046,2.955,0,COM7
2,594119,37,rpm,0,0,0.0,36.8,0,0,0,3046,2.955,0,COM7
2,594139,37,rpm,0,0,0.0,36.8,0,0,0,3046,2.955,0,COM7
2,594160,37,rpm,0,0,0.0,36.8,0,0,0,3046,2.955,0,COM7
2,594180,37,rpm,0,0,0.0,36.8,0,0,0,3046,2.955,0,COM7
2,594201,37,rpm,0,0,0.0,36.8,0,0,0,3046,2.955,0,COM7
2,594221,37,rpm,0,0,0.0,36.8,0,0,0,3046,2.955,0,COM7
2,594242,37,rpm,0,0,0.0,36.8,0,0,0,3046,2.955,0,COM7
2,594262,37,rpm,0,0,0.0,36.8,0,0,0,3046,2.955,0,COM7
2,594282,37,rpm,0,0,0.0,36.8,0,0,0,3046,2.955,0,COM7
2,594303,37,rpm,0,0,0.0,36.8,0,0,0,3046,2.955,0,COM7
2,594323,37,rpm,0,0,0.0,36.8,0,0,0,3046,2.955,0,COM7
2,594344,37,rpm,0,0,0.0,36.8,0,0,0,3046,2.955,0,COM7
2,594364,37,rpm,0,0,0.0,36.8,0,0,0,3046,2.955,0,COM7
2,594385,37,rpm,0,0,0.0,36.8,0,0,0,3046,2.955,0,COM7
2,594405,37,rpm,0,0,0.0,36.8,0,0,0,3046,2.955,0,COM7
2,594426,37,rpm,0,0,0.0,36.8,0,0,0,3046,2.955,0,COM7
2,594446,37,rpm,0,0,0.0,36.8,0,0,0,3046,2.955,0,COM7
2,594467,37,rpm,0,0,0.0,36.8,0,0,0,3046,2.955,0,COM7
2,594487,37,rpm,0,0,0.0,36.8,0,0,0,3046,2.955,0,COM7
2,594508,37,rpm,0,0,0.0,36.8,0,0,0,3046,2.955,0,COM7
2,594528,37,rpm,0,0,0.0,36.8,0,0,0,3046,2.955,0,COM7
2,594548,37,rpm,0,0,0.0,36.8,0,0,0,3046,2.955,0,COM7
2,594569,37,rpm,0,0,0.0,36.8,0,0,0,3046,2.955,0,COM7
2,594589,37,rpm,0,0,0.0,36.8,0,0,0,3046,2.955,0,COM7
2,594610,37,rpm,0,0,0.0,36.8,0,0,0,3046,2.955,0,COM7
2,594630,37,rpm,0,0,0.0,36.8,0,0,0,3046,2.955,0,COM7
2,594651,37,rpm,0,0,0.0,36.8,0,0,0,3046,2.955,0,COM7
2,594671,37,rpm,0,0,0.0,36.8,0,0,0,3046,2.955,0,COM7
2,594692,37,rpm,0,0,0.0,36.8,0,0,0,3046,2.955,0,COM7
2,594712,37,rpm,0,0,0.0,36.8,0,0,0,3046,2.955,0,COM7
2,594732,37,rpm,0,0,0.0,36.8,0,0,0,3046,2.955,0,COM7
2,594753,37,rpm,0,0,0.0,36.8,0,0,0,3046,2.955,0,COM7
2,594773,37,rpm,0,0,0.0,36.8,0,0,0,3046,2.955,0,COM7
2,594794,37,rpm,0,0,0.0,36.8,0,0,0,3046,2.955,0,COM7
2,594814,37,rpm,0,0,0.0,36.8,0,0,0,3046,2.955,0,COM7
2,594835,37,rpm,0,0,0.0,36.8,0,0,0,3046,2.955,0,COM7
2,594855,37,rpm,0,0,0.0,36.8,0,0,0,3046,2.955,0,COM7
2,594875,37,rpm,0,0,0.0,36.8,0,0,0,3046,2.955,0,COM7
2,594896,37,rpm,0,0,0.0,36.8,0,0,0,3046,2.955,0,COM7
2,594916,37,rpm,0,0,0.0,36.8,0,0,0,3046,2.955,0,COM7
2,594937,37,rpm,0,0,0.0,36.8,0,0,0,3046,2.955,0,COM7
2,594957,37,rpm,0,0,0.0,36.8,0,0,0,3046,2.955,0,COM7
2,594978,37,rpm,0,0,0.0,36.8,0,0,0,3046,2.955,0,COM7
2,594998,37,rpm,0,0,0.0,36.8,0,0,0,3046,2.955,0,COM7
2,595019,37,rpm,0,0,0.0,36.8,0,0,0,3046,2.955,0,COM7
2,595039,37,rpm,0,0,0.0,36.8,0,0,0,3046,2.955,0,COM7
2,595059,37,rpm,0,0,0.0,36.8,0,0,0,3046,2.955,0,COM7
2,595080,37,rpm,0,0,0.0,36.8,0,0,0,3046,2.955,0,COM7
2,595100,37,rpm,0,0,0.0,36.8,0,0,0,3046,2.955,0,COM7
2,595121,37,rpm,0,0,0.0,36.8,0,0,0,3046,2.955,0,COM7
2,595141,37,rpm,0,0,0.0,36.8,0,0,0,3046,2.955,0,COM7
2,595162,37,rpm,0,0,0.0,36.8,0,0,0,3046,2.955,0,COM7
2,595182,37,rpm,0,0,0.0,36.8,0,0,0,3046,2.955,0,COM7
2,595203,37,rpm,0,0,0.0,36.8,0,0,0,3046,2.955,0,COM7
2,595223,37,rpm,0,0,0.0,36.8,0,0,0,3046,2.955,0,COM7
2,595244,37,rpm,0,0,0.0,36.8,0,0,0,3046,2.955,0,COM7
2,595264,37,rpm,0,0,0.0,36.8,0,0,0,3046,2.955,0,COM7
2,595284,37,rpm,0,0,0.0,36.8,0,0,0,3046,2.955,0,COM7
2,595305,37,rpm,0,0,0.0,36.8,0,0,0,3046,2.955,0,COM7
2,595325,37,rpm,0,0,0.0,36.8,0,0,0,3046,2.955,0,COM7
2,595346,37,rpm,0,0,0.0,36.8,0,0,0,3046,2.955,0,COM7
2,595366,37,rpm,0,0,0.0,36.8,0,0,0,3046,2.955,0,COM7
2,595387,37,rpm,0,0,0.0,36.8,0,0,0,3046,2.955,0,COM7
2,595407,37,rpm,0,0,0.0,36.8,0,0,0,3046,2.955,0,COM7
2,595427,37,rpm,0,0,0.0,36.8,0,0,0,3046,2.955,0,COM7
2,595448,37,rpm,0,0,0.0,36.8,0,0,0,3046,2.955,0,COM7
2,595468,37,rpm,0,0,0.0,36.8,0,0,0,3046,2.955,0,COM7
2,595489,37,rpm,0,0,0.0,36.8,0,0,0,3046,2.955,0,COM7
2,595509,37,rpm,0,0,0.0,36.8,0,0,0,3046,2.955,0,COM7
2,595530,37,rpm,0,0,0.0,36.8,0,0,0,3046,2.955,0,COM7
2,595550,37,rpm,0,0,0.0,36.8,0,0,0,3046,2.955,0,COM7
2,595570,37,rpm,0,0,0.0,36.8,0,0,0,3046,2.955,0,COM7
2,595591,37,rpm,0,0,0.0,36.8,0,0,0,3046,2.955,0,COM7
2,595611,37,rpm,0,0,0.0,36.8,0,0,0,3046,2.955,0,COM7
2,595632,37,rpm,0,0,0.0,36.8,0,0,0,3046,2.955,0,COM7
2,595652,37,rpm,0,0,0.0,36.8,0,0,0,3046,2.955,0,COM7
2,595673,37,rpm,0,0,0.0,36.8,0,0,0,3046,2.955,0,COM7
2,595693,37,rpm,0,0,0.0,36.8,0,0,0,3046,2.955,0,COM7
2,595713,37,rpm,0,0,0.0,36.8,0,0,0,3046,2.955,0,COM7
2,595734,37,rpm,0,0,0.0,36.8,0,0,0,3046,2.955,0,COM7
2,595754,37,rpm,0,0,0.0,36.8,0,0,0,3046,2.955,0,COM7
2,595775,37,rpm,0,0,0.0,36.8,0,0,0,3046,2.955,0,COM7
2,595795,37,rpm,0,0,0.0,36.8,0,0,0,3046,2.955,0,COM7
2,595816,37,rpm,0,0,0.0,36.8,0,0,0,3046,2.955,0,COM7
2,595836,37,rpm,0,0,0.0,36.8,0,0,0,3046,2.955,0,COM7
2,595857,37,rpm,0,0,0.0,36.8,0,0,0,3046,2.955,0,COM7
2,595877,37,rpm,0,0,0.0,36.8,0,0,0,3046,2.955,0,COM7
2,595897,37,rpm,0,0,0.0,36.8,0,0,0,3046,2.955,0,COM7
2,595918,37,rpm,0,0,0.0,36.8,0,0,0,3046,2.955,0,COM7
2,595939,37,rpm,0,0,0.0,36.8,0,0,0,3046,2.955,0,COM7
2,595959,37,rpm,0,0,0.0,36.8,0,0,0,3046,2.955,0,COM7
2,595979,37,rpm,0,0,0.0,36.8,0,0,0,3046,2.955,0,COM7
2,596000,37,rpm,0,0,0.0,36.8,0,0,0,3046,2.955,0,COM7
2,596020,37,rpm,0,0,0.0,36.8,0,0,0,3046,2.955,0,COM7
2,596041,37,rpm,0,0,0.0,36.8,0,0,0,3046,2.955,0,COM7
2,596061,37,rpm,0,0,0.0,36.8,0,0,0,3046,2.955,0,COM7
2,596082,37,rpm,0,0,0.0,36.8,0,0,0,3046,2.955,0,COM7
2,596102,37,rpm,0,0,0.0,36.8,0,0,0,3046,2.955,0,COM7
2,596122,37,rpm,0,0,0.0,36.8,0,0,0,3046,2.955,0,COM7
2,596143,37,rpm,0,0,0.0,36.8,0,0,0,3046,2.955,0,COM7
2,596163,37,rpm,0,0,0.0,36.8,0,0,0,3046,2.955,0,COM7
2,596184,37,rpm,0,0,0.0,36.8,0,0,0,3046,2.955,0,COM7
2,596204,37,rpm,0,0,0.0,36.8,0,0,0,3046,2.955,0,COM7
2,596225,37,rpm,0,0,0.0,36.8,0,0,0,3046,2.955,0,COM7
2,596245,37,rpm,0,0,0.0,36.8,0,0,0,3046,2.955,0,COM7
2,596266,37,rpm,0,0,0.0,36.8,0,0,0,3046,2.955,0,COM7
2,596286,37,rpm,0,0,0.0,36.8,0,0,0,3046,2.955,0,COM7
2,596307,37,rpm,0,0,0.0,36.8,0,0,0,3046,2.955,0,COM7
2,596327,37,rpm,0,0,0.0,36.8,0,0,0,3046,2.955,0,COM7
2,596347,37,rpm,0,0,0.0,36.8,0,0,0,3046,2.955,0,COM7
2,596368,37,rpm,0,0,0.0,36.8,0,0,0,3046,2.955,0,COM7
2,596388,37,rpm,0,0,0.0,36.8,0,0,0,3046,2.955,0,COM7
2,596409,37,rpm,0,0,0.0,36.8,0,0,0,3046,2.955,0,COM7
2,596429,37,rpm,0,0,0.0,36.8,0,0,0,3046,2.955,0,COM7
2,596450,37,rpm,0,0,0.0,36.8,0,0,0,3046,2.955,0,COM7
2,596470,37,rpm,0,0,0.0,36.8,0,0,0,3046,2.955,0,COM7
2,596491,37,rpm,0,0,0.0,36.8,0,0,0,3046,2.955,0,COM7
2,596511,37,rpm,0,0,0.0,36.8,0,0,0,3046,2.955,0,COM7
2,596531,37,rpm,0,0,0.0,36.8,0,0,0,3046,2.955,0,COM7
2,596552,37,rpm,0,0,0.0,36.8,0,0,0,3046,2.955,0,COM7
2,596572,37,rpm,0,0,0.0,36.8,0,0,0,3046,2.955,0,COM7
2,596593,37,rpm,0,0,0.0,36.8,0,0,0,3046,2.955,0,COM7
2,596613,37,rpm,0,0,0.0,36.8,0,0,0,3046,2.955,0,COM7
2,596634,37,rpm,0,0,0.0,36.8,0,0,0,3046,2.955,0,COM7
2,596654,37,rpm,0,0,0.0,36.8,0,0,0,3046,2.955,0,COM7
2,596675,37,rpm,0,0,0.0,36.8,0,0,0,3046,2.955,0,COM7
2,596695,37,rpm,0,0,0.0,36.8,0,0,0,3046,2.955,0,COM7
2,596715,37,rpm,0,0,0.0,36.8,0,0,0,3046,2.955,0,COM7
2,596736,37,rpm,0,0,0.0,36.8,0,0,0,3046,2.955,0,COM7
2,596756,37,rpm,0,0,0.0,36.8,0,0,0,3046,2.955,0,COM7
2,596777,37,rpm,0,0,0.0,36.8,0,0,0,3046,2.955,0,COM7
2,596797,37,rpm,0,0,0.0,36.8,0,0,0,3046,2.955,0,COM7
2,596818,37,rpm,0,0,0.0,36.8,0,0,0,3046,2.955,0,COM7
2,596838,37,rpm,0,0,0.0,36.8,0,0,0,3046,2.955,0,COM7
2,596858,37,rpm,0,0,0.0,36.8,0,0,0,3046,2.955,0,COM7
2,596879,37,rpm,0,0,0.0,36.8,0,0,0,3046,2.955,0,COM7
2,596899,37,rpm,0,0,0.0,36.8,0,0,0,3046,2.955,0,COM7
2,596920,37,rpm,0,0,0.0,36.8,0,0,0,3046,2.955,0,COM7
2,596940,37,rpm,0,0,0.0,36.8,0,0,0,3046,2.955,0,COM7
2,596961,37,rpm,0,0,0.0,36.8,0,0,0,3046,2.955,0,COM7
2,596981,37,rpm,0,0,0.0,36.8,0,0,0,3046,2.955,0,COM7
2,597002,37,rpm,0,0,0.0,36.8,0,0,0,3046,2.955,0,COM7
2,597022,37,rpm,0,0,0.0,36.8,0,0,0,3046,2.955,0,COM7
2,597043,37,rpm,0,0,0.0,36.8,0,0,0,3046,2.955,0,COM7
2,597063,37,rpm,0,0,0.0,36.8,0,0,0,3046,2.955,0,COM7
2,597083,37,rpm,0,0,0.0,36.8,0,0,0,3046,2.955,0,COM7
2,597104,37,rpm,0,0,0.0,36.8,0,0,0,3046,2.955,0,COM7
2,597124,37,rpm,0,0,0.0,36.8,0,0,0,3046,2.955,0,COM7
2,597145,37,rpm,0,0,0.0,36.8,0,0,0,3046,2.955,0,COM7
2,597165,37,rpm,0,0,0.0,36.8,0,0,0,3046,2.955,0,COM7
2,597186,37,rpm,0,0,0.0,36.8,0,0,0,3046,2.955,0,COM7
2,597206,37,rpm,0,0,0.0,36.8,0,0,0,3046,2.955,0,COM7
2,597226,37,rpm,0,0,0.0,36.8,0,0,0,3046,2.955,0,COM7
2,597247,37,rpm,0,0,0.0,36.8,0,0,0,3046,2.955,0,COM7
2,597267,37,rpm,0,0,0.0,36.8,0,0,0,3046,2.955,0,COM7
2,597288,37,rpm,0,0,0.0,36.8,0,0,0,3046,2.955,0,COM7
2,597308,37,rpm,0,0,0.0,36.8,0,0,0,3046,2.955,0,COM7
2,597329,37,rpm,0,0,0.0,36.8,0,0,0,3046,2.955,0,COM7
2,597349,37,rpm,0,0,0.0,36.8,0,0,0,3046,2.955,0,COM7
2,597370,37,rpm,0,0,0.0,36.8,0,0,0,3046,2.955,0,COM7
2,597390,37,rpm,0,0,0.0,36.8,0,0,0,3046,2.955,0,COM7
2,597411,37,rpm,0,0,0.0,36.8,0,0,0,3046,2.955,0,COM7
2,597431,37,rpm,0,0,0.0,36.8,0,0,0,3046,2.955,0,COM7
2,597452,37,rpm,0,0,0.0,36.8,0,0,0,3046,2.955,0,COM7
2,597472,37,rpm,0,0,0.0,36.8,0,0,0,3046,2.955,0,COM7
2,597493,37,rpm,0,0,0.0,36.8,0,0,0,3046,2.955,0,COM7
2,597513,37,rpm,0,0,0.0,36.8,0,0,0,3046,2.955,0,COM7
2,597534,37,rpm,0,0,0.0,36.8,0,0,0,3046,2.955,0,COM7
2,597554,37,rpm,0,0,0.0,36.8,0,0,0,3046,2.955,0,COM7
2,597574,37,rpm,0,0,0.0,36.8,0,0,0,3046,2.955,0,COM7
2,597595,37,rpm,0,0,0.0,36.8,0,0,0,3046,2.955,0,COM7
2,597615,37,rpm,0,0,0.0,36.8,0,0,0,3046,2.955,0,COM7
2,597636,37,rpm,0,0,0.0,36.8,0,0,0,3046,2.955,0,COM7
2,597656,37,rpm,0,0,0.0,36.8,0,0,0,3046,2.955,0,COM7
2,597677,37,rpm,0,0,0.0,36.8,0,0,0,3046,2.955,0,COM7
2,597697,37,rpm,0,0,0.0,36.8,0,0,0,3046,2.955,0,COM7
2,597717,37,rpm,0,0,0.0,36.8,0,0,0,3046,2.955,0,COM7
2,597738,37,rpm,0,0,0.0,36.8,0,0,0,3046,2.955,0,COM7
2,597758,37,rpm,0,0,0.0,36.8,0,0,0,3046,2.955,0,COM7
2,597779,37,rpm,0,0,0.0,36.8,0,0,0,3046,2.955,0,COM7
2,597799,37,rpm,0,0,0.0,36.8,0,0,0,3046,2.955,0,COM7
2,597820,37,rpm,0,0,0.0,36.8,0,0,0,3046,2.955,0,COM7
2,597840,37,rpm,0,0,0.0,36.8,0,0,0,3046,2.955,0,COM7
2,597860,37,rpm,0,0,0.0,36.8,0,0,0,3046,2.955,0,COM7
2,597881,37,rpm,0,0,0.0,36.8,0,0,0,3046,2.955,0,COM7
2,597901,37,rpm,0,0,0.0,36.8,0,0,0,3046,2.955,0,COM7
2,597922,37,rpm,0,0,0.0,36.8,0,0,0,3046,2.955,0,COM7
2,597942,37,rpm,0,0,0.0,36.8,0,0,0,3046,2.955,0,COM7
2,597963,37,rpm,0,0,0.0,36.8,0,0,0,3046,2.955,0,COM7
2,597983,37,rpm,0,0,0.0,36.8,0,0,0,3046,2.955,0,COM7
2,598004,37,rpm,0,0,0.0,36.8,0,0,0,3046,2.955,0,COM7
2,598024,37,rpm,0,0,0.0,36.8,0,0,0,3046,2.955,0,COM7
2,598044,37,rpm,0,0,0.0,36.8,0,0,0,3046,2.955,0,COM7
2,598065,37,rpm,0,0,0.0,36.8,0,0,0,3046,2.955,0,COM7
2,598085,37,rpm,0,0,0.0,36.8,0,0,0,3046,2.955,0,COM7
2,598106,37,rpm,0,0,0.0,36.8,0,0,0,3046,2.955,0,COM7
2,598126,37,rpm,0,0,0.0,36.8,0,0,0,3046,2.955,0,COM7
2,598147,37,rpm,0,0,0.0,36.8,0,0,0,3046,2.955,0,COM7
2,598167,37,rpm,0,0,0.0,36.8,0,0,0,3046,2.955,0,COM7
2,598188,37,rpm,0,0,0.0,36.8,0,0,0,3046,2.955,0,COM7
2,598208,37,rpm,0,0,0.0,36.8,0,0,0,3046,2.955,0,COM7
2,598228,37,rpm,0,0,0.0,36.8,0,0,0,3046,2.955,0,COM7
2,598249,37,rpm,0,0,0.0,36.8,0,0,0,3046,2.955,0,COM7
2,598269,37,rpm,0,0,0.0,36.8,0,0,0,3046,2.955,0,COM7
2,598290,37,rpm,0,0,0.0,36.8,0,0,0,3046,2.955,0,COM7
2,598310,37,rpm,0,0,0.0,36.8,0,0,0,3046,2.955,0,COM7
2,598331,37,rpm,0,0,0.0,36.8,0,0,0,3046,2.955,0,COM7
2,598351,37,rpm,0,0,0.0,36.8,0,0,0,3046,2.955,0,COM7
2,598372,37,rpm,0,0,0.0,36.8,0,0,0,3046,2.955,0,COM7
2,598392,37,rpm,0,0,0.0,36.8,0,0,0,3046,2.955,0,COM7
2,598412,37,rpm,0,0,0.0,36.8,0,0,0,3046,2.955,0,COM7
2,598433,37,rpm,0,0,0.0,36.8,0,0,0,3046,2.955,0,COM7
2,598453,37,rpm,0,0,0.0,36.8,0,0,0,3046,2.955,0,COM7
2,598474,37,rpm,0,0,0.0,36.8,0,0,0,3046,2.955,0,COM7
2,598494,37,rpm,0,0,0.0,36.8,0,0,0,3046,2.955,0,COM7
2,598515,37,rpm,0,0,0.0,36.8,0,0,0,3046,2.955,0,COM7
2,598535,37,rpm,0,0,0.0,36.8,0,0,0,3046,2.955,0,COM7
2,598556,37,rpm,0,0,0.0,36.8,0,0,0,3046,2.955,0,COM7
2,598576,37,rpm,0,0,0.0,36.8,0,0,0,3046,2.955,0,COM7
2,598596,37,rpm,0,0,0.0,36.8,0,0,0,3046,2.955,0,COM7
2,598617,37,rpm,0,0,0.0,36.8,0,0,0,3046,2.955,0,COM7
2,598637,37,rpm,0,0,0.0,36.8,0,0,0,3046,2.955,0,COM7
2,598658,37,rpm,0,0,0.0,36.8,0,0,0,3046,2.955,0,COM7
2,598678,37,rpm,0,0,0.0,36.8,0,0,0,3046,2.955,0,COM7
2,598699,37,rpm,0,0,0.0,36.8,0,0,0,3046,2.955,0,COM7
2,598719,37,rpm,0,0,0.0,36.8,0,0,0,3046,2.955,0,COM7
2,598740,37,rpm,0,0,0.0,36.8,0,0,0,3046,2.955,0,COM7
2,598760,37,rpm,0,0,0.0,36.8,0,0,0,3046,2.955,0,COM7
2,598780,37,rpm,0,0,0.0,36.8,0,0,0,3046,2.955,0,COM7
2,598801,37,rpm,0,0,0.0,36.8,0,0,0,3046,2.955,0,COM7
2,598821,37,rpm,0,0,0.0,36.8,0,0,0,3046,2.955,0,COM7
2,598842,37,rpm,0,0,0.0,36.8,0,0,0,3046,2.955,0,COM7
2,598862,37,rpm,0,0,0.0,36.8,0,0,0,3046,2.955,0,COM7
2,598883,37,rpm,0,0,0.0,36.8,0,0,0,3046,2.955,0,COM7
2,598903,37,rpm,0,0,0.0,36.8,0,0,0,3046,2.955,0,COM7
2,598924,37,rpm,0,0,0.0,36.8,0,0,0,3046,2.955,0,COM7
2,598944,37,rpm,0,0,0.0,36.8,0,0,0,3046,2.955,0,COM7
2,598964,37,rpm,0,0,0.0,36.8,0,0,0,3046,2.955,0,COM7
2,598985,37,rpm,0,0,0.0,36.8,0,0,0,3046,2.955,0,COM7
2,599005,37,rpm,0,0,0.0,36.8,0,0,0,3046,2.955,0,COM7
2,599026,37,rpm,0,0,0.0,36.8,0,0,0,3046,2.955,0,COM7
2,599046,37,rpm,0,0,0.0,36.8,0,0,0,3046,2.955,0,COM7
2,599067,37,rpm,0,0,0.0,36.8,0,0,0,3046,2.955,0,COM7
2,599087,37,rpm,0,0,0.0,36.8,0,0,0,3046,2.955,0,COM7
2,599108,37,rpm,0,0,0.0,36.8,0,0,0,3046,2.955,0,COM7
2,599128,37,rpm,0,0,0.0,36.8,0,0,0,3046,2.955,0,COM7
2,599148,37,rpm,0,0,0.0,36.8,0,0,0,3046,2.955,0,COM7
2,599169,37,rpm,0,0,0.0,36.8,0,0,0,3046,2.955,0,COM7
2,599189,37,rpm,0,0,0.0,36.8,0,0,0,3046,2.955,0,COM7
2,599210,37,rpm,0,0,0.0,36.8,0,0,0,3046,2.955,0,COM7
2,599230,37,rpm,0,0,0.0,36.8,0,0,0,3046,2.955,0,COM7
2,599251,37,rpm,0,0,0.0,36.8,0,0,0,3046,2.955,0,COM7
2,599271,37,rpm,0,0,0.0,36.8,0,0,0,3046,2.955,0,COM7
2,599291,37,rpm,0,0,0.0,36.8,0,0,0,3046,2.955,0,COM7
2,599312,37,rpm,0,0,0.0,36.8,0,0,0,3046,2.955,0,COM7
2,599332,37,rpm,0,0,0.0,36.8,0,0,0,3046,2.955,0,COM7
2,599353,37,rpm,0,0,0.0,36.8,0,0,0,3046,2.955,0,COM7
2,599373,37,rpm,0,0,0.0,36.8,0,0,0,3046,2.955,0,COM7
2,599394,37,rpm,0,0,0.0,36.8,0,0,0,3046,2.955,0,COM7
2,599414,37,rpm,0,0,0.0,36.8,0,0,0,3046,2.955,0,COM7
2,599435,37,rpm,0,0,0.0,36.8,0,0,0,3046,2.955,0,COM7
2,599455,37,rpm,0,0,0.0,36.8,0,0,0,3046,2.955,0,COM7
2,599475,37,rpm,0,0,0.0,36.8,0,0,0,3046,2.955,0,COM7
2,599496,37,rpm,0,0,0.0,36.8,0,0,0,3046,2.955,0,COM7
2,599516,37,rpm,0,0,0.0,36.8,0,0,0,3046,2.955,0,COM7
2,599537,37,rpm,0,0,0.0,36.8,0,0,0,3046,2.955,0,COM7
2,599557,37,rpm,0,0,0.0,36.8,0,0,0,3046,2.955,0,COM7
2,599578,37,rpm,0,0,0.0,36.8,0,0,0,3046,2.955,0,COM7
2,599598,37,rpm,0,0,0.0,36.8,0,0,0,3046,2.955,0,COM7
2,599618,37,rpm,0,0,0.0,36.8,0,0,0,3046,2.955,0,COM7
2,599639,37,rpm,0,0,0.0,36.8,0,0,0,3046,2.955,0,COM7
2,599659,37,rpm,0,0,0.0,36.8,0,0,0,3046,2.955,0,COM7
2,599680,37,rpm,0,0,0.0,36.8,0,0,0,3046,2.955,0,COM7
2,599700,37,rpm,0,0,0.0,36.8,0,0,0,3046,2.955,0,COM7
2,599721,37,rpm,0,0,0.0,36.8,0,0,0,3046,2.955,0,COM7
2,599741,37,rpm,0,0,0.0,36.8,0,0,0,3046,2.955,0,COM7
2,599762,37,rpm,0,0,0.0,36.8,0,0,0,3046,2.955,0,COM7
2,599782,37,rpm,0,0,0.0,36.8,0,0,0,3046,2.955,0,COM7
2,599803,37,rpm,0,0,0.0,36.8,0,0,0,3046,2.955,0,COM7
2,599823,37,rpm,0,0,0.0,36.8,0,0,0,3046,2.955,0,COM7
2,599843,37,rpm,0,0,0.0,36.8,0,0,0,3046,2.955,0,COM7
2,599864,37,rpm,0,0,0.0,36.8,0,0,0,3046,2.955,0,COM7
2,599884,37,rpm,0,0,0.0,36.8,0,0,0,3046,2.955,0,COM7
2,599905,37,rpm,0,0,0.0,36.8,0,0,0,3046,2.955,0,COM7
2,599925,37,rpm,0,0,0.0,36.8,0,0,0,3046,2.955,0,COM7
2,599946,37,rpm,0,0,0.0,36.8,0,0,0,3046,2.955,0,COM7
2,599966,37,rpm,0,0,0.0,36.8,0,0,0,3046,2.955,0,COM7
2,599987,37,rpm,0,0,0.0,36.8,0,0,0,3046,2.955,0,COM7
2,600007,37,rpm,0,0,0.0,36.8,0,0,0,3046,2.955,0,COM7
2,600027,37,rpm,0,0,0.0,36.8,0,0,0,3046,2.955,0,COM7
2,600048,37,rpm,0,0,0.0,36.8,0,0,0,3046,2.955,0,COM7
2,600068,37,rpm,0,0,0.0,36.8,0,0,0,3046,2.955,0,COM7
2,600089,37,rpm,0,0,0.0,36.8,0,0,0,3046,2.955,0,COM7
2,600109,37,rpm,0,0,0.0,36.8,0,0,0,3046,2.955,0,COM7
2,600130,37,rpm,0,0,0.0,36.8,0,0,0,3046,2.955,0,COM7
2,600150,37,rpm,0,0,0.0,36.8,0,0,0,3046,2.955,0,COM7
2,600171,37,rpm,0,0,0.0,36.8,0,0,0,3046,2.955,0,COM7
2,600191,37,rpm,0,0,0.0,36.8,0,0,0,3046,2.955,0,COM7
2,600211,37,rpm,0,0,0.0,36.8,0,0,0,3046,2.955,0,COM7
2,600232,37,rpm,0,0,0.0,36.8,0,0,0,3046,2.955,0,COM7
2,600252,37,rpm,0,0,0.0,36.8,0,0,0,3046,2.955,0,COM7
2,600273,37,rpm,0,0,0.0,36.8,0,0,0,3046,2.955,0,COM7
2,600293,37,rpm,0,0,0.0,36.8,0,0,0,3046,2.955,0,COM7
2,600314,37,rpm,0,0,0.0,36.8,0,0,0,3046,2.955,0,COM7
2,600334,37,rpm,0,0,0.0,36.8,0,0,0,3046,2.955,0,COM7
2,600355,37,rpm,0,0,0.0,36.8,0,0,0,3046,2.955,0,COM7
2,600375,37,rpm,0,0,0.0,36.8,0,0,0,3046,2.955,0,COM7
2,600395,37,rpm,0,0,0.0,36.8,0,0,0,3046,2.955,0,COM7
2,600416,37,rpm,0,0,0.0,36.8,0,0,0,3046,2.955,0,COM7
2,600436,37,rpm,0,0,0.0,36.8,0,0,0,3046,2.955,0,COM7
2,600457,37,rpm,0,0,0.0,36.8,0,0,0,3046,2.955,0,COM7
2,600477,37,rpm,0,0,0.0,36.8,0,0,0,3046,2.955,0,COM7
2,600498,37,rpm,0,0,0.0,36.8,0,0,0,3046,2.955,0,COM7
2,600518,37,rpm,0,0,0.0,36.8,0,0,0,3046,2.955,0,COM7
2,600538,37,rpm,0,0,0.0,36.8,0,0,0,3046,2.955,0,COM7
2,600559,37,rpm,0,0,0.0,36.8,0,0,0,3046,2.955,0,COM7
2,600579,37,rpm,0,0,0.0,36.8,0,0,0,3046,2.955,0,COM7
2,600600,37,rpm,0,0,0.0,36.8,0,0,0,3046,2.955,0,COM7
2,600620,37,rpm,0,0,0.0,36.8,0,0,0,3046,2.955,0,COM7
2,600641,37,rpm,0,0,0.0,36.8,0,0,0,3046,2.955,0,COM7
2,600661,37,rpm,0,0,0.0,36.8,0,0,0,3046,2.955,0,COM7
2,600682,37,rpm,0,0,0.0,36.8,0,0,0,3046,2.955,0,COM7
2,600702,37,rpm,0,0,0.0,36.8,0,0,0,3046,2.955,0,COM7
2,600723,37,rpm,0,0,0.0,36.8,0,0,0,3046,2.955,0,COM7
2,600743,37,rpm,0,0,0.0,36.8,0,0,0,3046,2.955,0,COM7
2,600763,37,rpm,0,0,0.0,36.8,0,0,0,3046,2.955,0,COM7
2,600784,37,rpm,0,0,0.0,36.8,0,0,0,3046,2.955,0,COM7
2,600804,37,rpm,0,0,0.0,36.8,0,0,0,3046,2.955,0,COM7
2,600825,37,rpm,0,0,0.0,36.8,0,0,0,3046,2.955,0,COM7
2,600845,37,rpm,0,0,0.0,36.8,0,0,0,3046,2.955,0,COM7
2,600866,37,rpm,0,0,0.0,36.8,0,0,0,3046,2.955,0,COM7
2,600886,37,rpm,0,0,0.0,36.8,0,0,0,3046,2.955,0,COM7
2,600906,37,rpm,0,0,0.0,36.8,0,0,0,3046,2.955,0,COM7
2,600927,37,rpm,0,0,0.0,36.8,0,0,0,3046,2.955,0,COM7
2,600947,37,rpm,0,0,0.0,36.8,0,0,0,3046,2.955,0,COM7
2,600968,37,rpm,0,0,0.0,36.8,0,0,0,3046,2.955,0,COM7
2,600988,37,rpm,0,0,0.0,36.8,0,0,0,3046,2.955,0,COM7
2,601009,37,rpm,0,0,0.0,36.8,0,0,0,3046,2.955,0,COM7
2,601029,37,rpm,0,0,0.0,36.8,0,0,0,3046,2.955,0,COM7
2,601050,37,rpm,0,0,0.0,36.8,0,0,0,3046,2.955,0,COM7
2,601070,37,rpm,0,0,0.0,36.8,0,0,0,3046,2.955,0,COM7
2,601090,37,rpm,0,0,0.0,36.8,0,0,0,3046,2.955,0,COM7
2,601111,37,rpm,0,0,0.0,36.8,0,0,0,3046,2.955,0,COM7
2,601131,37,rpm,0,0,0.0,36.8,0,0,0,3046,2.955,0,COM7
2,601152,37,rpm,0,0,0.0,36.8,0,0,0,3046,2.955,0,COM7
2,601172,37,rpm,0,0,0.0,36.8,0,0,0,3046,2.955,0,COM7
2,601193,37,rpm,0,0,0.0,36.8,0,0,0,3046,2.955,0,COM7
2,601213,37,rpm,0,0,0.0,36.8,0,0,0,3046,2.955,0,COM7
2,601233,37,rpm,0,0,0.0,36.8,0,0,0,3046,2.955,0,COM7
2,601254,37,rpm,0,0,0.0,36.8,0,0,0,3046,2.955,0,COM7
2,601274,37,rpm,0,0,0.0,36.8,0,0,0,3046,2.955,0,COM7
2,601295,37,rpm,0,0,0.0,36.8,0,0,0,3046,2.955,0,COM7
2,601315,37,rpm,0,0,0.0,36.8,0,0,0,3046,2.955,0,COM7
2,601336,37,rpm,0,0,0.0,36.8,0,0,0,3046,2.955,0,COM7
2,601356,37,rpm,0,0,0.0,36.8,0,0,0,3046,2.955,0,COM7
2,601377,37,rpm,0,0,0.0,36.8,0,0,0,3046,2.955,0,COM7
2,601397,37,rpm,0,0,0.0,36.8,0,0,0,3046,2.955,0,COM7
2,601417,37,rpm,0,0,0.0,36.8,0,0,0,3046,2.955,0,COM7
2,601438,37,rpm,0,0,0.0,36.8,0,0,0,3046,2.955,0,COM7
2,601458,37,rpm,0,0,0.0,36.8,0,0,0,3046,2.955,0,COM7
2,601479,37,rpm,0,0,0.0,36.8,0,0,0,3046,2.955,0,COM7
2,601499,37,rpm,0,0,0.0,36.8,0,0,0,3046,2.955,0,COM7
2,601520,37,rpm,0,0,0.0,36.8,0,0,0,3046,2.955,0,COM7
2,601540,37,rpm,0,0,0.0,36.8,0,0,0,3046,2.955,0,COM7
2,601561,37,rpm,0,0,0.0,36.8,0,0,0,3046,2.955,0,COM7
2,601581,37,rpm,0,0,0.0,36.8,0,0,0,3046,2.955,0,COM7
2,601601,37,rpm,0,0,0.0,36.8,0,0,0,3046,2.955,0,COM7
2,601622,37,rpm,0,0,0.0,36.8,0,0,0,3046,2.955,0,COM7
2,601642,37,rpm,0,0,0.0,36.8,0,0,0,3046,2.955,0,COM7
2,601663,37,rpm,0,0,0.0,36.8,0,0,0,3046,2.955,0,COM7
2,601683,37,rpm,0,0,0.0,36.8,0,0,0,3046,2.955,0,COM7
2,601704,37,rpm,0,0,0.0,36.8,0,0,0,3046,2.955,0,COM7
2,601724,37,rpm,0,0,0.0,36.8,0,0,0,3046,2.955,0,COM7
2,601744,37,rpm,0,0,0.0,36.8,0,0,0,3046,2.955,0,COM7
2,601765,37,rpm,0,0,0.0,36.8,0,0,0,3046,2.955,0,COM7
2,601785,37,rpm,0,0,0.0,36.8,0,0,0,3046,2.955,0,COM7
2,601806,37,rpm,0,0,0.0,36.8,0,0,0,3046,2.955,0,COM7
2,601826,37,rpm,0,0,0.0,36.8,0,0,0,3046,2.955,0,COM7
2,601847,37,rpm,0,0,0.0,36.8,0,0,0,3046,2.955,0,COM7
2,601867,37,rpm,0,0,0.0,36.8,0,0,0,3046,2.955,0,COM7
2,601888,37,rpm,0,0,0.0,36.8,0,0,0,3046,2.955,0,COM7
2,601908,37,rpm,0,0,0.0,36.8,0,0,0,3046,2.955,0,COM7
2,601929,37,rpm,0,0,0.0,36.8,0,0,0,3046,2.955,0,COM7
2,601949,37,rpm,0,0,0.0,36.8,0,0,0,3046,2.955,0,COM7
2,601969,37,rpm,0,0,0.0,36.8,0,0,0,3046,2.955,0,COM7
2,601990,37,rpm,0,0,0.0,36.8,0,0,0,3046,2.955,0,COM7
2,602010,37,rpm,0,0,0.0,36.8,0,0,0,3046,2.955,0,COM7
2,602031,37,rpm,0,0,0.0,36.8,0,0,0,3046,2.955,0,COM7
2,602051,37,rpm,0,0,0.0,36.8,0,0,0,3046,2.955,0,COM7
2,602072,37,rpm,0,0,0.0,36.8,0,0,0,3046,2.955,0,COM7
2,602092,37,rpm,0,0,0.0,36.8,0,0,0,3046,2.955,0,COM7
2,602113,37,rpm,0,0,0.0,36.8,0,0,0,3046,2.955,0,COM7
2,602133,37,rpm,0,0,0.0,36.8,0,0,0,3046,2.955,0,COM7
2,602153,37,rpm,0,0,0.0,36.8,0,0,0,3046,2.955,0,COM7
2,602174,37,rpm,0,0,0.0,36.8,0,0,0,3046,2.955,0,COM7
2,602194,37,rpm,0,0,0.0,36.8,0,0,0,3046,2.955,0,COM7
2,602215,37,rpm,0,0,0.0,36.8,0,0,0,3046,2.955,0,COM7
2,602235,37,rpm,0,0,0.0,36.8,0,0,0,3046,2.955,0,COM7
2,602256,37,rpm,0,0,0.0,36.8,0,0,0,3046,2.955,0,COM7
2,602276,37,rpm,0,0,0.0,36.8,0,0,0,3046,2.955,0,COM7
2,602297,37,rpm,0,0,0.0,36.8,0,0,0,3046,2.955,0,COM7
2,602317,37,rpm,0,0,0.0,36.8,0,0,0,3046,2.955,0,COM7
2,602337,37,rpm,0,0,0.0,36.8,0,0,0,3046,2.955,0,COM7
2,602358,37,rpm,0,0,0.0,36.8,0,0,0,3046,2.955,0,COM7
2,602378,37,rpm,0,0,0.0,36.8,0,0,0,3046,2.955,0,COM7
2,602399,37,rpm,0,0,0.0,36.8,0,0,0,3046,2.955,0,COM7
2,602419,37,rpm,0,0,0.0,36.8,0,0,0,3046,2.955,0,COM7
2,602440,37,rpm,0,0,0.0,36.8,0,0,0,3046,2.955,0,COM7
2,602460,37,rpm,0,0,0.0,36.8,0,0,0,3046,2.955,0,COM7
2,602481,37,rpm,0,0,0.0,36.8,0,0,0,3046,2.955,0,COM7
2,602501,37,rpm,0,0,0.0,36.8,0,0,0,3046,2.955,0,COM7
2,602522,37,rpm,0,0,0.0,36.8,0,0,0,3046,2.955,0,COM7
2,602542,37,rpm,0,0,0.0,36.8,0,0,0,3046,2.955,0,COM7
2,602562,37,rpm,0,0,0.0,36.8,0,0,0,3046,2.955,0,COM7
2,602583,37,rpm,0,0,0.0,36.8,0,0,0,3046,2.955,0,COM7
2,602603,37,rpm,0,0,0.0,36.8,0,0,0,3046,2.955,0,COM7
2,602624,37,rpm,0,0,0.0,36.8,0,0,0,3046,2.955,0,COM7
2,602644,37,rpm,0,0,0.0,36.8,0,0,0,3046,2.955,0,COM7
2,602665,37,rpm,0,0,0.0,36.8,0,0,0,3046,2.955,0,COM7
2,602685,37,rpm,0,0,0.0,36.8,0,0,0,3046,2.955,0,COM7
2,602706,37,rpm,0,0,0.0,36.8,0,0,0,3046,2.955,0,COM7
2,602726,37,rpm,0,0,0.0,36.8,0,0,0,3046,2.955,0,COM7
2,602747,37,rpm,0,0,0.0,36.8,0,0,0,3046,2.955,0,COM7
2,602767,37,rpm,0,0,0.0,36.8,0,0,0,3046,2.955,0,COM7
2,602787,37,rpm,0,0,0.0,36.8,0,0,0,3046,2.955,0,COM7
2,602808,37,rpm,0,0,0.0,36.8,0,0,0,3046,2.955,0,COM7
2,602828,37,rpm,0,0,0.0,36.8,0,0,0,3046,2.955,0,COM7
2,602849,37,rpm,0,0,0.0,36.8,0,0,0,3046,2.955,0,COM7
2,602869,37,rpm,0,0,0.0,36.8,0,0,0,3046,2.955,0,COM7
2,602890,37,rpm,0,0,0.0,36.8,0,0,0,3046,2.955,0,COM7
2,602910,37,rpm,0,0,0.0,36.8,0,0,0,3046,2.955,0,COM7
2,602931,37,rpm,0,0,0.0,36.8,0,0,0,3046,2.955,0,COM7
2,602951,37,rpm,0,0,0.0,36.8,0,0,0,3046,2.955,0,COM7
2,602972,37,rpm,0,0,0.0,36.8,0,0,0,3046,2.955,0,COM7
2,602992,37,rpm,0,0,0.0,36.8,0,0,0,3046,2.955,0,COM7
2,603012,37,rpm,0,0,0.0,36.8,0,0,0,3046,2.955,0,COM7
2,603033,37,rpm,0,0,0.0,36.8,0,0,0,3046,2.955,0,COM7
2,603053,37,rpm,0,0,0.0,36.8,0,0,0,3046,2.955,0,COM7
2,603074,37,rpm,0,0,0.0,36.8,0,0,0,3046,2.955,0,COM7
2,603094,37,rpm,0,0,0.0,36.8,0,0,0,3046,2.955,0,COM7
2,603115,37,rpm,0,0,0.0,36.8,0,0,0,3046,2.955,0,COM7
2,603135,37,rpm,0,0,0.0,36.8,0,0,0,3046,2.955,0,COM7
2,603156,37,rpm,0,0,0.0,36.8,0,0,0,3046,2.955,0,COM7
2,603176,37,rpm,0,0,0.0,36.8,0,0,0,3046,2.955,0,COM7
2,603196,37,rpm,0,0,0.0,36.8,0,0,0,3046,2.955,0,COM7
2,603217,37,rpm,0,0,0.0,36.8,0,0,0,3046,2.955,0,COM7
2,603237,37,rpm,0,0,0.0,36.8,0,0,0,3046,2.955,0,COM7
2,603258,37,rpm,0,0,0.0,36.8,0,0,0,3046,2.955,0,COM7
2,603278,37,rpm,0,0,0.0,36.8,0,0,0,3046,2.955,0,COM7
2,603299,37,rpm,0,0,0.0,36.8,0,0,0,3046,2.955,0,COM7
2,603319,37,rpm,0,0,0.0,36.8,0,0,0,3046,2.955,0,COM7
2,603339,37,rpm,0,0,0.0,36.8,0,0,0,3046,2.955,0,COM7
2,603360,37,rpm,0,0,0.0,36.8,0,0,0,3046,2.955,0,COM7
2,603380,37,rpm,0,0,0.0,36.8,0,0,0,3046,2.955,0,COM7
2,603401,37,rpm,0,0,0.0,36.8,0,0,0,3046,2.955,0,COM7
2,603421,37,rpm,0,0,0.0,36.8,0,0,0,3046,2.955,0,COM7
2,603442,37,rpm,0,0,0.0,36.8,0,0,0,3046,2.955,0,COM7
2,603462,37,rpm,0,0,0.0,36.8,0,0,0,3046,2.955,0,COM7
2,603483,37,rpm,0,0,0.0,36.8,0,0,0,3046,2.955,0,COM7
2,603503,37,rpm,0,0,0.0,36.8,0,0,0,3046,2.955,0,COM7
2,603523,37,rpm,0,0,0.0,36.8,0,0,0,3046,2.955,0,COM7
2,603544,37,rpm,0,0,0.0,36.8,0,0,0,3046,2.955,0,COM7
2,603564,37,rpm,0,0,0.0,36.8,0,0,0,3046,2.955,0,COM7
2,603585,37,rpm,0,0,0.0,36.8,0,0,0,3046,2.955,0,COM7
2,603605,37,rpm,0,0,0.0,36.8,0,0,0,3046,2.955,0,COM7
2,603626,37,rpm,0,0,0.0,36.8,0,0,0,3046,2.955,0,COM7
2,603646,37,rpm,0,0,0.0,36.8,0,0,0,3046,2.955,0,COM7
2,603667,37,rpm,0,0,0.0,36.8,0,0,0,3046,2.955,0,COM7
2,603687,37,rpm,0,0,0.0,36.8,0,0,0,3046,2.955,0,COM7
2,603708,37,rpm,0,0,0.0,36.8,0,0,0,3046,2.955,0,COM7
2,603728,37,rpm,0,0,0.0,36.8,0,0,0,3046,2.955,0,COM7
2,603749,37,rpm,0,0,0.0,36.8,0,0,0,3046,2.955,0,COM7
2,603769,37,rpm,0,0,0.0,36.8,0,0,0,3046,2.955,0,COM7
2,603790,37,rpm,0,0,0.0,36.8,0,0,0,3046,2.955,0,COM7
2,603810,37,rpm,0,0,0.0,36.8,0,0,0,3046,2.955,0,COM7
2,603830,37,rpm,0,0,0.0,36.8,0,0,0,3046,2.955,0,COM7
2,603851,37,rpm,0,0,0.0,36.8,0,0,0,3046,2.955,0,COM7
2,603871,37,rpm,0,0,0.0,36.8,0,0,0,3046,2.955,0,COM7
2,603892,37,rpm,0,0,0.0,36.8,0,0,0,3046,2.955,0,COM7
2,603912,37,rpm,0,0,0.0,36.8,0,0,0,3046,2.955,0,COM7
2,603933,37,rpm,0,0,0.0,36.8,0,0,0,3046,2.955,0,COM7
2,603953,37,rpm,0,0,0.0,36.8,0,0,0,3046,2.955,0,COM7
2,603974,37,rpm,0,0,0.0,36.8,0,0,0,3046,2.955,0,COM7
2,603994,37,rpm,0,0,0.0,36.8,0,0,0,3046,2.955,0,COM7
2,604014,37,rpm,0,0,0.0,36.8,0,0,0,3046,2.955,0,COM7
2,604035,37,rpm,0,0,0.0,36.8,0,0,0,3046,2.955,0,COM7
2,604055,37,rpm,0,0,0.0,36.8,0,0,0,3046,2.955,0,COM7
2,604076,37,rpm,0,0,0.0,36.8,0,0,0,3046,2.955,0,COM7
2,604096,37,rpm,0,0,0.0,36.8,0,0,0,3046,2.955,0,COM7
2,604117,37,rpm,0,0,0.0,36.8,0,0,0,3046,2.955,0,COM7
2,604137,37,rpm,0,0,0.0,36.8,0,0,0,3046,2.955,0,COM7
2,604157,37,rpm,0,0,0.0,36.8,0,0,0,3046,2.955,0,COM7
2,604178,37,rpm,0,0,0.0,36.8,0,0,0,3046,2.955,0,COM7
2,604198,37,rpm,0,0,0.0,36.8,0,0,0,3046,2.955,0,COM7
2,604219,37,rpm,0,0,0.0,36.8,0,0,0,3046,2.955,0,COM7
2,604239,37,rpm,0,0,0.0,36.8,0,0,0,3046,2.955,0,COM7
2,604260,37,rpm,0,0,0.0,36.8,0,0,0,3046,2.955,0,COM7
2,604280,37,rpm,0,0,0.0,36.8,0,0,0,3046,2.955,0,COM7
2,604301,37,rpm,0,0,0.0,36.8,0,0,0,3046,2.955,0,COM7
2,604321,37,rpm,0,0,0.0,36.8,0,0,0,3046,2.955,0,COM7
2,604342,37,rpm,0,0,0.0,36.8,0,0,0,3046,2.955,0,COM7
2,604362,37,rpm,0,0,0.0,36.8,0,0,0,3046,2.955,0,COM7
2,604383,37,rpm,0,0,0.0,36.8,0,0,0,3046,2.955,0,COM7
2,604403,37,rpm,0,0,0.0,36.8,0,0,0,3046,2.955,0,COM7
2,604423,37,rpm,0,0,0.0,36.8,0,0,0,3046,2.955,0,COM7
2,604444,37,rpm,0,0,0.0,36.8,0,0,0,3046,2.955,0,COM7
2,604464,37,rpm,0,0,0.0,36.8,0,0,0,3046,2.955,0,COM7
2,604485,37,rpm,0,0,0.0,36.8,0,0,0,3046,2.955,0,COM7
2,604505,37,rpm,0,0,0.0,36.8,0,0,0,3046,2.955,0,COM7
2,604526,37,rpm,0,0,0.0,36.8,0,0,0,3046,2.955,0,COM7
2,604546,37,rpm,0,0,0.0,36.8,0,0,0,3046,2.955,0,COM7
2,604567,37,rpm,0,0,0.0,36.8,0,0,0,3046,2.955,0,COM7
2,604587,37,rpm,0,0,0.0,36.8,0,0,0,3046,2.955,0,COM7
2,604608,37,rpm,0,0,0.0,36.8,0,0,0,3046,2.955,0,COM7
2,604628,37,rpm,0,0,0.0,36.8,0,0,0,3046,2.955,0,COM7
2,604649,37,rpm,0,0,0.0,36.8,0,0,0,3046,2.955,0,COM7
2,604669,37,rpm,0,0,0.0,36.8,0,0,0,3046,2.955,0,COM7
2,604689,37,rpm,0,0,0.0,36.8,0,0,0,3046,2.955,0,COM7
2,604710,37,rpm,0,0,0.0,36.8,0,0,0,3046,2.955,0,COM7
2,604730,37,rpm,0,0,0.0,36.8,0,0,0,3046,2.955,0,COM7
2,604751,37,rpm,0,0,0.0,36.8,0,0,0,3046,2.955,0,COM7
2,604771,37,rpm,0,0,0.0,36.8,0,0,0,3046,2.955,0,COM7
2,604792,37,rpm,0,0,0.0,36.8,0,0,0,3046,2.955,0,COM7
2,604812,37,rpm,0,0,0.0,36.8,0,0,0,3046,2.955,0,COM7
2,604833,37,rpm,0,0,0.0,36.8,0,0,0,3046,2.955,0,COM7
2,604853,37,rpm,0,0,0.0,36.8,0,0,0,3046,2.955,0,COM7
2,604874,37,rpm,0,0,0.0,36.8,0,0,0,3046,2.955,0,COM7
2,604894,37,rpm,0,0,0.0,36.8,0,0,0,3046,2.955,0,COM7
2,604914,37,rpm,0,0,0.0,36.8,0,0,0,3046,2.955,0,COM7
2,604935,37,rpm,0,0,0.0,36.8,0,0,0,3046,2.955,0,COM7
2,604955,37,rpm,0,0,0.0,36.8,0,0,0,3046,2.955,0,COM7
2,604976,37,rpm,0,0,0.0,36.8,0,0,0,3046,2.955,0,COM7
2,604996,37,rpm,0,0,0.0,36.8,0,0,0,3046,2.955,0,COM7
2,605017,37,rpm,0,0,0.0,36.8,0,0,0,3046,2.955,0,COM7
2,605037,37,rpm,0,0,0.0,36.8,0,0,0,3046,2.955,0,COM7
2,605058,37,rpm,0,0,0.0,36.8,0,0,0,3046,2.955,0,COM7
2,605078,37,rpm,0,0,0.0,36.8,0,0,0,3046,2.955,0,COM7
2,605099,37,rpm,0,0,0.0,36.8,0,0,0,3046,2.955,0,COM7
2,605119,37,rpm,0,0,0.0,36.8,0,0,0,3046,2.955,0,COM7
2,605140,37,rpm,0,0,0.0,36.8,0,0,0,3046,2.955,0,COM7
2,605160,37,rpm,0,0,0.0,36.8,0,0,0,3046,2.955,0,COM7
2,605181,37,rpm,0,0,0.0,36.8,0,0,0,3046,2.955,0,COM7
2,605201,37,rpm,0,0,0.0,36.8,0,0,0,3046,2.955,0,COM7
2,605221,37,rpm,0,0,0.0,36.8,0,0,0,3046,2.955,0,COM7
2,605242,37,rpm,0,0,0.0,36.8,0,0,0,3046,2.955,0,COM7
2,605262,37,rpm,0,0,0.0,36.8,0,0,0,3046,2.955,0,COM7
2,605283,37,rpm,0,0,0.0,36.8,0,0,0,3046,2.955,0,COM7
2,605303,37,rpm,0,0,0.0,36.8,0,0,0,3046,2.955,0,COM7
2,605324,37,rpm,0,0,0.0,36.8,0,0,0,3046,2.955,0,COM7
2,605344,37,rpm,0,0,0.0,36.8,0,0,0,3046,2.955,0,COM7
2,605365,37,rpm,0,0,0.0,36.8,0,0,0,3046,2.955,0,COM7
2,605385,37,rpm,0,0,0.0,36.8,0,0,0,3046,2.955,0,COM7
2,605405,37,rpm,0,0,0.0,36.8,0,0,0,3046,2.955,0,COM7
2,605426,37,rpm,0,0,0.0,36.8,0,0,0,3046,2.955,0,COM7
2,605446,37,rpm,0,0,0.0,36.8,0,0,0,3046,2.955,0,COM7
2,605467,37,rpm,0,0,0.0,36.8,0,0,0,3046,2.955,0,COM7
2,605487,37,rpm,0,0,0.0,36.8,0,0,0,3046,2.955,0,COM7
2,605508,37,rpm,0,0,0.0,36.8,0,0,0,3046,2.955,0,COM7
2,605528,37,rpm,0,0,0.0,36.8,0,0,0,3046,2.955,0,COM7
2,605548,37,rpm,0,0,0.0,36.8,0,0,0,3046,2.955,0,COM7
2,605569,37,rpm,0,0,0.0,36.8,0,0,0,3046,2.955,0,COM7
2,605589,37,rpm,0,0,0.0,36.8,0,0,0,3046,2.955,0,COM7
2,605610,37,rpm,0,0,0.0,36.8,0,0,0,3046,2.955,0,COM7
2,605630,37,rpm,0,0,0.0,36.8,0,0,0,3046,2.955,0,COM7
2,605651,37,rpm,0,0,0.0,36.8,0,0,0,3046,2.955,0,COM7
2,605671,37,rpm,0,0,0.0,36.8,0,0,0,3046,2.955,0,COM7
2,605692,37,rpm,0,0,0.0,36.8,0,0,0,3046,2.955,0,COM7
2,605712,37,rpm,0,0,0.0,36.8,0,0,0,3046,2.955,0,COM7
2,605732,37,rpm,0,0,0.0,36.8,0,0,0,3046,2.955,0,COM7
2,605753,37,rpm,0,0,0.0,36.8,0,0,0,3046,2.955,0,COM7
2,605773,37,rpm,0,0,0.0,36.8,0,0,0,3046,2.955,0,COM7
2,605794,37,rpm,0,0,0.0,36.8,0,0,0,3046,2.955,0,COM7
2,605814,37,rpm,0,0,0.0,36.8,0,0,0,3046,2.955,0,COM7
2,605835,37,rpm,0,0,0.0,36.8,0,0,0,3046,2.955,0,COM7
2,605855,37,rpm,0,0,0.0,36.8,0,0,0,3046,2.955,0,COM7
2,605876,37,rpm,0,0,0.0,36.8,0,0,0,3046,2.955,0,COM7
2,605896,37,rpm,0,0,0.0,36.8,0,0,0,3046,2.955,0,COM7
2,605917,37,rpm,0,0,0.0,36.8,0,0,0,3046,2.955,0,COM7
2,605937,37,rpm,0,0,0.0,36.8,0,0,0,3046,2.955,0,COM7
2,605957,37,rpm,0,0,0.0,36.8,0,0,0,3046,2.955,0,COM7
2,605978,37,rpm,0,0,0.0,36.8,0,0,0,3046,2.955,0,COM7
2,605998,37,rpm,0,0,0.0,36.8,0,0,0,3046,2.955,0,COM7
2,606019,37,rpm,0,0,0.0,36.8,0,0,0,3046,2.955,0,COM7
2,606039,37,rpm,0,0,0.0,36.8,0,0,0,3046,2.955,0,COM7
2,606059,37,rpm,0,0,0.0,36.8,0,0,0,3046,2.955,0,COM7
2,606080,37,rpm,0,0,0.0,36.8,0,0,0,3046,2.955,0,COM7
2,606100,37,rpm,0,0,0.0,36.8,0,0,0,3046,2.955,0,COM7
2,606121,37,rpm,0,0,0.0,36.8,0,0,0,3046,2.955,0,COM7
2,606141,37,rpm,0,0,0.0,36.8,0,0,0,3046,2.955,0,COM7
2,606162,37,rpm,0,0,0.0,36.8,0,0,0,3046,2.955,0,COM7
2,606182,37,rpm,0,0,0.0,36.8,0,0,0,3046,2.955,0,COM7
2,606202,37,rpm,0,0,0.0,36.8,0,0,0,3046,2.955,0,COM7
2,606223,37,rpm,0,0,0.0,36.8,0,0,0,3046,2.955,0,COM7
2,606243,37,rpm,0,0,0.0,36.8,0,0,0,3046,2.955,0,COM7
2,606264,37,rpm,0,0,0.0,36.8,0,0,0,3046,2.955,0,COM7
2,606284,37,rpm,0,0,0.0,36.8,0,0,0,3046,2.955,0,COM7
2,606305,37,rpm,0,0,0.0,36.8,0,0,0,3046,2.955,0,COM7
2,606325,37,rpm,0,0,0.0,36.8,0,0,0,3046,2.955,0,COM7
2,606345,37,rpm,0,0,0.0,36.8,0,0,0,3046,2.955,0,COM7
2,606366,37,rpm,0,0,0.0,36.8,0,0,0,3046,2.955,0,COM7
2,606386,37,rpm,0,0,0.0,36.8,0,0,0,3046,2.955,0,COM7
2,606407,37,rpm,0,0,0.0,36.8,0,0,0,3046,2.955,0,COM7
2,606427,37,rpm,0,0,0.0,36.8,0,0,0,3046,2.955,0,COM7
2,606448,37,rpm,0,0,0.0,36.8,0,0,0,3046,2.955,0,COM7
2,606468,37,rpm,0,0,0.0,36.8,0,0,0,3046,2.955,0,COM7
2,606489,37,rpm,0,0,0.0,36.8,0,0,0,3046,2.955,0,COM7
2,606509,37,rpm,0,0,0.0,36.8,0,0,0,3046,2.955,0,COM7
2,606529,37,rpm,0,0,0.0,36.8,0,0,0,3046,2.955,0,COM7
2,606550,37,rpm,0,0,0.0,36.8,0,0,0,3046,2.955,0,COM7
2,606570,37,rpm,0,0,0.0,36.8,0,0,0,3046,2.955,0,COM7
2,606591,37,rpm,0,0,0.0,36.8,0,0,0,3046,2.955,0,COM7
2,606611,37,rpm,0,0,0.0,36.8,0,0,0,3046,2.955,0,COM7
2,606632,37,rpm,0,0,0.0,36.8,0,0,0,3046,2.955,0,COM7
2,606652,37,rpm,0,0,0.0,36.8,0,0,0,3046,2.955,0,COM7
2,606672,37,rpm,0,0,0.0,36.8,0,0,0,3046,2.955,0,COM7
2,606693,37,rpm,0,0,0.0,36.8,0,0,0,3046,2.955,0,COM7
2,606713,37,rpm,0,0,0.0,36.8,0,0,0,3046,2.955,0,COM7
2,606734,37,rpm,0,0,0.0,36.8,0,0,0,3046,2.955,0,COM7
2,606754,37,rpm,0,0,0.0,36.8,0,0,0,3046,2.955,0,COM7
2,606775,37,rpm,0,0,0.0,36.8,0,0,0,3046,2.955,0,COM7
2,606795,37,rpm,0,0,0.0,36.8,0,0,0,3046,2.955,0,COM7
2,606815,37,rpm,0,0,0.0,36.8,0,0,0,3046,2.955,0,COM7
2,606836,37,rpm,0,0,0.0,36.8,0,0,0,3046,2.955,0,COM7
2,606856,37,rpm,0,0,0.0,36.8,0,0,0,3046,2.955,0,COM7
2,606877,37,rpm,0,0,0.0,36.8,0,0,0,3046,2.955,0,COM7
2,606897,37,rpm,0,0,0.0,36.8,0,0,0,3046,2.955,0,COM7
2,606918,37,rpm,0,0,0.0,36.8,0,0,0,3046,2.955,0,COM7
2,606938,37,rpm,0,0,0.0,36.8,0,0,0,3046,2.955,0,COM7
2,606958,37,rpm,0,0,0.0,36.8,0,0,0,3046,2.955,0,COM7
2,606979,37,rpm,0,0,0.0,36.8,0,0,0,3046,2.955,0,COM7
2,606999,37,rpm,0,0,0.0,36.8,0,0,0,3046,2.955,0,COM7
2,607020,37,rpm,0,0,0.0,36.8,0,0,0,3046,2.955,0,COM7
2,607040,37,rpm,0,0,0.0,36.8,0,0,0,3046,2.955,0,COM7
2,607061,37,rpm,0,0,0.0,36.8,0,0,0,3046,2.955,0,COM7
2,607081,37,rpm,0,0,0.0,36.8,0,0,0,3046,2.955,0,COM7
2,607102,37,rpm,0,0,0.0,36.8,0,0,0,3046,2.955,0,COM7
2,607122,37,rpm,0,0,0.0,36.8,0,0,0,3046,2.955,0,COM7
2,607142,37,rpm,0,0,0.0,36.8,0,0,0,3046,2.955,0,COM7
2,607163,37,rpm,0,0,0.0,36.8,0,0,0,3046,2.955,0,COM7
2,607183,37,rpm,0,0,0.0,36.8,0,0,0,3046,2.955,0,COM7
2,607204,37,rpm,0,0,0.0,36.8,0,0,0,3046,2.955,0,COM7
2,607224,37,rpm,0,0,0.0,36.8,0,0,0,3046,2.955,0,COM7
2,607245,37,rpm,0,0,0.0,36.8,0,0,0,3046,2.955,0,COM7
2,607265,37,rpm,0,0,0.0,36.8,0,0,0,3046,2.955,0,COM7
2,607285,37,rpm,0,0,0.0,36.8,0,0,0,3046,2.955,0,COM7
2,607306,37,rpm,0,0,0.0,36.8,0,0,0,3046,2.955,0,COM7
2,607326,37,rpm,0,0,0.0,36.8,0,0,0,3046,2.955,0,COM7
2,607347,37,rpm,0,0,0.0,36.8,0,0,0,3046,2.955,0,COM7
2,607367,37,rpm,0,0,0.0,36.8,0,0,0,3046,2.955,0,COM7
2,607387,37,rpm,0,0,0.0,36.8,0,0,0,3046,2.955,0,COM7
2,607408,37,rpm,0,0,0.0,36.8,0,0,0,3046,2.955,0,COM7
2,607428,37,rpm,0,0,0.0,36.8,0,0,0,3046,2.955,0,COM7
2,607449,37,rpm,0,0,0.0,36.8,0,0,0,3046,2.955,0,COM7
2,607469,37,rpm,0,0,0.0,36.8,0,0,0,3046,2.955,0,COM7
2,607490,37,rpm,0,0,0.0,36.8,0,0,0,3046,2.955,0,COM7
2,607510,37,rpm,0,0,0.0,36.8,0,0,0,3046,2.955,0,COM7
2,607531,37,rpm,0,0,0.0,36.8,0,0,0,3046,2.955,0,COM7
2,607551,37,rpm,0,0,0.0,36.8,0,0,0,3046,2.955,0,COM7
2,607571,37,rpm,0,0,0.0,36.8,0,0,0,3046,2.955,0,COM7
2,607592,37,rpm,0,0,0.0,36.8,0,0,0,3046,2.955,0,COM7
2,607612,37,rpm,0,0,0.0,36.8,0,0,0,3046,2.955,0,COM7
2,607633,37,rpm,0,0,0.0,36.8,0,0,0,3046,2.955,0,COM7
2,607653,37,rpm,0,0,0.0,36.8,0,0,0,3046,2.955,0,COM7
2,607674,37,rpm,0,0,0.0,36.8,0,0,0,3046,2.955,0,COM7
2,607694,37,rpm,0,0,0.0,36.8,0,0,0,3046,2.955,0,COM7
2,607714,37,rpm,0,0,0.0,36.8,0,0,0,3046,2.955,0,COM7
2,607735,37,rpm,0,0,0.0,36.8,0,0,0,3046,2.955,0,COM7
2,607755,37,rpm,0,0,0.0,36.8,0,0,0,3046,2.955,0,COM7
2,607776,37,rpm,0,0,0.0,36.8,0,0,0,3046,2.955,0,COM7
2,607796,37,rpm,0,0,0.0,36.8,0,0,0,3046,2.955,0,COM7
2,607817,37,rpm,0,0,0.0,36.8,0,0,0,3046,2.955,0,COM7
2,607837,37,rpm,0,0,0.0,36.8,0,0,0,3046,2.955,0,COM7
2,607858,37,rpm,0,0,0.0,36.8,0,0,0,3046,2.955,0,COM7
2,607878,37,rpm,0,0,0.0,36.8,0,0,0,3046,2.955,0,COM7
2,607899,37,rpm,0,0,0.0,36.8,0,0,0,3046,2.955,0,COM7
2,607919,37,rpm,0,0,0.0,36.8,0,0,0,3046,2.955,0,COM7
2,607940,37,rpm,0,0,0.0,36.8,0,0,0,3046,2.955,0,COM7
2,607960,37,rpm,0,0,0.0,36.8,0,0,0,3046,2.955,0,COM7
2,607981,37,rpm,0,0,0.0,36.8,0,0,0,3046,2.955,0,COM7
2,608001,37,rpm,0,0,0.0,36.8,0,0,0,3046,2.955,0,COM7
2,608021,37,rpm,0,0,0.0,36.8,0,0,0,3046,2.955,0,COM7
2,608042,37,rpm,0,0,0.0,36.8,0,0,0,3046,2.955,0,COM7
2,608062,37,rpm,0,0,0.0,36.8,0,0,0,3046,2.955,0,COM7
2,608083,37,rpm,0,0,0.0,36.8,0,0,0,3046,2.955,0,COM7
2,608103,37,rpm,0,0,0.0,36.8,0,0,0,3046,2.955,0,COM7
2,608124,37,rpm,0,0,0.0,36.8,0,0,0,3046,2.955,0,COM7
2,608144,37,rpm,0,0,0.0,36.8,0,0,0,3046,2.955,0,COM7
2,608165,37,rpm,0,0,0.0,36.8,0,0,0,3046,2.955,0,COM7
2,608185,37,rpm,0,0,0.0,36.8,0,0,0,3046,2.955,0,COM7
2,608205,37,rpm,0,0,0.0,36.8,0,0,0,3046,2.955,0,COM7
2,608226,37,rpm,0,0,0.0,36.8,0,0,0,3046,2.955,0,COM7
2,608246,37,rpm,0,0,0.0,36.8,0,0,0,3046,2.955,0,COM7
2,608267,37,rpm,0,0,0.0,36.8,0,0,0,3046,2.955,0,COM7
2,608287,37,rpm,0,0,0.0,36.8,0,0,0,3046,2.955,0,COM7
2,608308,37,rpm,0,0,0.0,36.8,0,0,0,3046,2.955,0,COM7
2,608328,37,rpm,0,0,0.0,36.8,0,0,0,3046,2.955,0,COM7
2,608349,37,rpm,0,0,0.0,36.8,0,0,0,3046,2.955,0,COM7
2,608369,37,rpm,0,0,0.0,36.8,0,0,0,3046,2.955,0,COM7
2,608390,37,rpm,0,0,0.0,36.8,0,0,0,3046,2.955,0,COM7
2,608410,37,rpm,0,0,0.0,36.8,0,0,0,3046,2.955,0,COM7
2,608430,37,rpm,0,0,0.0,36.8,0,0,0,3046,2.955,0,COM7
2,608451,37,rpm,0,0,0.0,36.8,0,0,0,3046,2.955,0,COM7
2,608471,37,rpm,0,0,0.0,36.8,0,0,0,3046,2.955,0,COM7
2,608492,37,rpm,0,0,0.0,36.8,0,0,0,3046,2.955,0,COM7
2,608512,37,rpm,0,0,0.0,36.8,0,0,0,3046,2.955,0,COM7
2,608533,37,rpm,0,0,0.0,36.8,0,0,0,3046,2.955,0,COM7
2,608553,37,rpm,0,0,0.0,36.8,0,0,0,3046,2.955,0,COM7
2,608574,37,rpm,0,0,0.0,36.8,0,0,0,3046,2.955,0,COM7
2,608594,37,rpm,0,0,0.0,36.8,0,0,0,3046,2.955,0,COM7
2,608615,37,rpm,0,0,0.0,36.8,0,0,0,3046,2.955,0,COM7
2,608635,37,rpm,0,0,0.0,36.8,0,0,0,3046,2.955,0,COM7
2,608655,37,rpm,0,0,0.0,36.8,0,0,0,3046,2.955,0,COM7
2,608676,37,rpm,0,0,0.0,36.8,0,0,0,3046,2.955,0,COM7
2,608696,37,rpm,0,0,0.0,36.8,0,0,0,3046,2.955,0,COM7
2,608717,37,rpm,0,0,0.0,36.8,0,0,0,3046,2.955,0,COM7
2,608737,37,rpm,0,0,0.0,36.8,0,0,0,3046,2.955,0,COM7
2,608758,37,rpm,0,0,0.0,36.8,0,0,0,3046,2.955,0,COM7
2,608778,37,rpm,0,0,0.0,36.8,0,0,0,3046,2.955,0,COM7
2,608798,37,rpm,0,0,0.0,36.8,0,0,0,3046,2.955,0,COM7
2,608819,37,rpm,0,0,0.0,36.8,0,0,0,3046,2.955,0,COM7
2,608839,37,rpm,0,0,0.0,36.8,0,0,0,3046,2.955,0,COM7
2,608860,37,rpm,0,0,0.0,36.8,0,0,0,3046,2.955,0,COM7
2,608880,37,rpm,0,0,0.0,36.8,0,0,0,3046,2.955,0,COM7
2,608901,37,rpm,0,0,0.0,36.8,0,0,0,3046,2.955,0,COM7
2,608921,37,rpm,0,0,0.0,36.8,0,0,0,3046,2.955,0,COM7
2,608942,37,rpm,0,0,0.0,36.8,0,0,0,3046,2.955,0,COM7
2,608962,37,rpm,0,0,0.0,36.8,0,0,0,3046,2.955,0,COM7
2,608982,37,rpm,0,0,0.0,36.8,0,0,0,3046,2.955,0,COM7
2,609003,37,rpm,0,0,0.0,36.8,0,0,0,3046,2.955,0,COM7
2,609023,37,rpm,0,0,0.0,36.8,0,0,0,3046,2.955,0,COM7
2,609044,37,rpm,0,0,0.0,36.8,0,0,0,3046,2.955,0,COM7
2,609064,37,rpm,0,0,0.0,36.8,0,0,0,3046,2.955,0,COM7
2,609085,37,rpm,0,0,0.0,36.8,0,0,0,3046,2.955,0,COM7
2,609105,37,rpm,0,0,0.0,36.8,0,0,0,3046,2.955,0,COM7
2,609125,37,rpm,0,0,0.0,36.8,0,0,0,3046,2.955,0,COM7
2,609146,37,rpm,0,0,0.0,36.8,0,0,0,3046,2.955,0,COM7
2,609166,37,rpm,0,0,0.0,36.8,0,0,0,3046,2.955,0,COM7
2,609187,37,rpm,0,0,0.0,36.8,0,0,0,3046,2.955,0,COM7
2,609207,37,rpm,0,0,0.0,36.8,0,0,0,3046,2.955,0,COM7
2,609227,37,rpm,0,0,0.0,36.8,0,0,0,3046,2.955,0,COM7
2,609248,37,rpm,0,0,0.0,36.8,0,0,0,3046,2.955,0,COM7
2,609268,37,rpm,0,0,0.0,36.8,0,0,0,3046,2.955,0,COM7
2,609289,37,rpm,0,0,0.0,36.8,0,0,0,3046,2.955,0,COM7
2,609309,37,rpm,0,0,0.0,36.8,0,0,0,3046,2.955,0,COM7
2,609330,37,rpm,0,0,0.0,36.8,0,0,0,3046,2.955,0,COM7
2,609350,37,rpm,0,0,0.0,36.8,0,0,0,3046,2.955,0,COM7
2,609371,37,rpm,0,0,0.0,36.8,0,0,0,3046,2.955,0,COM7
2,609391,37,rpm,0,0,0.0,36.8,0,0,0,3046,2.955,0,COM7
2,609411,37,rpm,0,0,0.0,36.8,0,0,0,3046,2.955,0,COM7
2,609432,37,rpm,0,0,0.0,36.8,0,0,0,3046,2.955,0,COM7
2,609452,37,rpm,0,0,0.0,36.8,0,0,0,3046,2.955,0,COM7
2,609473,37,rpm,0,0,0.0,36.8,0,0,0,3046,2.955,0,COM7
2,609493,37,rpm,0,0,0.0,36.8,0,0,0,3046,2.955,0,COM7
2,609514,37,rpm,0,0,0.0,36.8,0,0,0,3046,2.955,0,COM7
2,609534,37,rpm,0,0,0.0,36.8,0,0,0,3046,2.955,0,COM7
2,609555,37,rpm,0,0,0.0,36.8,0,0,0,3046,2.955,0,COM7
2,609575,37,rpm,0,0,0.0,36.8,0,0,0,3046,2.955,0,COM7
2,609595,37,rpm,0,0,0.0,36.8,0,0,0,3046,2.955,0,COM7
2,609616,37,rpm,0,0,0.0,36.8,0,0,0,3046,2.955,0,COM7
2,609636,37,rpm,0,0,0.0,36.8,0,0,0,3046,2.955,0,COM7
2,609657,37,rpm,0,0,0.0,36.8,0,0,0,3046,2.955,0,COM7
2,609677,37,rpm,0,0,0.0,36.8,0,0,0,3046,2.955,0,COM7
2,609698,37,rpm,0,0,0.0,36.8,0,0,0,3046,2.955,0,COM7
2,609718,37,rpm,0,0,0.0,36.8,0,0,0,3046,2.955,0,COM7
2,609739,37,rpm,0,0,0.0,36.8,0,0,0,3046,2.955,0,COM7
2,609759,37,rpm,0,0,0.0,36.8,0,0,0,3046,2.955,0,COM7
2,609780,37,rpm,0,0,0.0,36.8,0,0,0,3046,2.955,0,COM7
2,609800,37,rpm,0,0,0.0,36.8,0,0,0,3046,2.955,0,COM7
2,609820,37,rpm,0,0,0.0,36.8,0,0,0,3046,2.955,0,COM7
2,609841,37,rpm,0,0,0.0,36.8,0,0,0,3046,2.955,0,COM7
2,609861,37,rpm,0,0,0.0,36.8,0,0,0,3046,2.955,0,COM7
2,609882,37,rpm,0,0,0.0,36.8,0,0,0,3046,2.955,0,COM7
2,609902,37,rpm,0,0,0.0,36.8,0,0,0,3046,2.955,0,COM7
2,609923,37,rpm,0,0,0.0,36.8,0,0,0,3046,2.955,0,COM7
2,609943,37,rpm,0,0,0.0,36.8,0,0,0,3046,2.955,0,COM7
2,609963,37,rpm,0,0,0.0,36.8,0,0,0,3046,2.955,0,COM7
2,609984,37,rpm,0,0,0.0,36.8,0,0,0,3046,2.955,0,COM7
2,610004,37,rpm,0,0,0.0,36.8,0,0,0,3046,2.955,0,COM7
2,610025,37,rpm,0,0,0.0,36.8,0,0,0,3046,2.955,0,COM7
2,610045,37,rpm,0,0,0.0,36.8,0,0,0,3046,2.955,0,COM7
2,610066,37,rpm,0,0,0.0,36.8,0,0,0,3046,2.955,0,COM7
2,610086,37,rpm,0,0,0.0,36.8,0,0,0,3046,2.955,0,COM7
2,610107,37,rpm,0,0,0.0,36.8,0,0,0,3046,2.955,0,COM7
2,610127,37,rpm,0,0,0.0,36.8,0,0,0,3046,2.955,0,COM7
2,610148,37,rpm,0,0,0.0,36.8,0,0,0,3046,2.955,0,COM7
2,610168,37,rpm,0,0,0.0,36.8,0,0,0,3046,2.955,0,COM7
2,610188,37,rpm,0,0,0.0,36.8,0,0,0,3046,2.955,0,COM7
2,610209,37,rpm,0,0,0.0,36.8,0,0,0,3046,2.955,0,COM7
2,610229,37,rpm,0,0,0.0,36.8,0,0,0,3046,2.955,0,COM7
2,610250,37,rpm,0,0,0.0,36.8,0,0,0,3046,2.955,0,COM7
2,610270,37,rpm,0,0,0.0,36.8,0,0,0,3046,2.955,0,COM7
2,610291,37,rpm,0,0,0.0,36.8,0,0,0,3046,2.955,0,COM7
2,610311,37,rpm,0,0,0.0,36.8,0,0,0,3046,2.955,0,COM7
2,610332,37,rpm,0,0,0.0,36.8,0,0,0,3046,2.955,0,COM7
2,610352,37,rpm,0,0,0.0,36.8,0,0,0,3046,2.955,0,COM7
2,610372,37,rpm,0,0,0.0,36.8,0,0,0,3046,2.955,0,COM7
2,610393,37,rpm,0,0,0.0,36.8,0,0,0,3046,2.955,0,COM7
2,610413,37,rpm,0,0,0.0,36.8,0,0,0,3046,2.955,0,COM7
2,610434,37,rpm,0,0,0.0,36.8,0,0,0,3046,2.955,0,COM7
2,610454,37,rpm,0,0,0.0,36.8,0,0,0,3046,2.955,0,COM7
2,610475,37,rpm,0,0,0.0,36.8,0,0,0,3046,2.955,0,COM7
2,610495,37,rpm,0,0,0.0,36.8,0,0,0,3046,2.955,0,COM7
2,610516,37,rpm,0,0,0.0,36.8,0,0,0,3046,2.955,0,COM7
2,610536,37,rpm,0,0,0.0,36.8,0,0,0,3046,2.955,0,COM7
2,610556,37,rpm,0,0,0.0,36.8,0,0,0,3046,2.955,0,COM7
2,610577,37,rpm,0,0,0.0,36.8,0,0,0,3046,2.955,0,COM7
2,610597,37,rpm,0,0,0.0,36.8,0,0,0,3046,2.955,0,COM7
2,610618,37,rpm,0,0,0.0,36.8,0,0,0,3046,2.955,0,COM7
2,610638,37,rpm,0,0,0.0,36.8,0,0,0,3046,2.955,0,COM7
2,610659,37,rpm,0,0,0.0,36.8,0,0,0,3046,2.955,0,COM7
2,610679,37,rpm,0,0,0.0,36.8,0,0,0,3046,2.955,0,COM7
2,610700,37,rpm,0,0,0.0,36.8,0,0,0,3046,2.955,0,COM7
2,610720,37,rpm,0,0,0.0,36.8,0,0,0,3046,2.955,0,COM7
2,610740,37,rpm,0,0,0.0,36.8,0,0,0,3046,2.955,0,COM7
2,610761,37,rpm,0,0,0.0,36.8,0,0,0,3046,2.955,0,COM7
2,610781,37,rpm,0,0,0.0,36.8,0,0,0,3046,2.955,0,COM7
2,610802,37,rpm,0,0,0.0,36.8,0,0,0,3046,2.955,0,COM7
2,610822,37,rpm,0,0,0.0,36.8,0,0,0,3046,2.955,0,COM7
2,610843,37,rpm,0,0,0.0,36.8,0,0,0,3046,2.955,0,COM7
2,610863,37,rpm,0,0,0.0,36.8,0,0,0,3046,2.955,0,COM7
2,610884,37,rpm,0,0,0.0,36.8,0,0,0,3046,2.955,0,COM7
2,610904,37,rpm,0,0,0.0,36.8,0,0,0,3046,2.955,0,COM7
2,610925,37,rpm,0,0,0.0,36.8,0,0,0,3046,2.955,0,COM7
2,610945,37,rpm,0,0,0.0,36.8,0,0,0,3046,2.955,0,COM7
2,610965,37,rpm,0,0,0.0,36.8,0,0,0,3046,2.955,0,COM7
2,610986,37,rpm,0,0,0.0,36.8,0,0,0,3046,2.955,0,COM7
2,611006,37,rpm,0,0,0.0,36.8,0,0,0,3046,2.955,0,COM7
2,611027,37,rpm,0,0,0.0,36.8,0,0,0,3046,2.955,0,COM7
2,611047,37,rpm,0,0,0.0,36.8,0,0,0,3046,2.955,0,COM7
2,611068,37,rpm,0,0,0.0,36.8,0,0,0,3046,2.955,0,COM7
2,611088,37,rpm,0,0,0.0,36.8,0,0,0,3046,2.955,0,COM7
2,611108,37,rpm,0,0,0.0,36.8,0,0,0,3046,2.955,0,COM7
2,611129,37,rpm,0,0,0.0,36.8,0,0,0,3046,2.955,0,COM7
2,611149,37,rpm,0,0,0.0,36.8,0,0,0,3046,2.955,0,COM7
2,611170,37,rpm,0,0,0.0,36.8,0,0,0,3046,2.955,0,COM7
2,611190,37,rpm,0,0,0.0,36.8,0,0,0,3046,2.955,0,COM7
2,611211,37,rpm,0,0,0.0,36.8,0,0,0,3046,2.955,0,COM7
2,611231,37,rpm,0,0,0.0,36.8,0,0,0,3046,2.955,0,COM7
2,611252,37,rpm,0,0,0.0,36.8,0,0,0,3046,2.955,0,COM7
2,611272,37,rpm,0,0,0.0,36.8,0,0,0,3046,2.955,0,COM7
2,611293,37,rpm,0,0,0.0,36.8,0,0,0,3046,2.955,0,COM7
2,611313,37,rpm,0,0,0.0,36.8,0,0,0,3046,2.955,0,COM7
2,611334,37,rpm,0,0,0.0,36.8,0,0,0,3046,2.955,0,COM7
2,611354,37,rpm,0,0,0.0,36.8,0,0,0,3046,2.955,0,COM7
2,611374,37,rpm,0,0,0.0,36.8,0,0,0,3046,2.955,0,COM7
2,611395,37,rpm,0,0,0.0,36.8,0,0,0,3046,2.955,0,COM7
2,611415,37,rpm,0,0,0.0,36.8,0,0,0,3046,2.955,0,COM7
2,611436,37,rpm,0,0,0.0,36.8,0,0,0,3046,2.955,0,COM7
2,611456,37,rpm,0,0,0.0,36.8,0,0,0,3046,2.955,0,COM7
2,611477,37,rpm,0,0,0.0,36.8,0,0,0,3046,2.955,0,COM7
2,611497,37,rpm,0,0,0.0,36.8,0,0,0,3046,2.955,0,COM7
2,611518,37,rpm,0,0,0.0,36.8,0,0,0,3046,2.955,0,COM7
2,611538,37,rpm,0,0,0.0,36.8,0,0,0,3046,2.955,0,COM7
2,611559,37,rpm,0,0,0.0,36.8,0,0,0,3046,2.955,0,COM7
2,611579,37,rpm,0,0,0.0,36.8,0,0,0,3046,2.955,0,COM7
2,611599,37,rpm,0,0,0.0,36.8,0,0,0,3046,2.955,0,COM7
2,611620,37,rpm,0,0,0.0,36.8,0,0,0,3046,2.955,0,COM7
2,611640,37,rpm,0,0,0.0,36.8,0,0,0,3046,2.955,0,COM7
2,611661,37,rpm,0,0,0.0,36.8,0,0,0,3046,2.955,0,COM7
2,611681,37,rpm,0,0,0.0,36.8,0,0,0,3046,2.955,0,COM7
2,611702,37,rpm,0,0,0.0,36.8,0,0,0,3046,2.955,0,COM7
2,611722,37,rpm,0,0,0.0,36.8,0,0,0,3046,2.955,0,COM7
2,611743,37,rpm,0,0,0.0,36.8,0,0,0,3046,2.955,0,COM7
2,611763,37,rpm,0,0,0.0,36.8,0,0,0,3046,2.955,0,COM7
2,611784,37,rpm,0,0,0.0,36.8,0,0,0,3046,2.955,0,COM7
2,611804,37,rpm,0,0,0.0,36.8,0,0,0,3046,2.955,0,COM7
2,611825,37,rpm,0,0,0.0,36.8,0,0,0,3046,2.955,0,COM7
2,611845,37,rpm,0,0,0.0,36.8,0,0,0,3046,2.955,0,COM7
2,611865,37,rpm,0,0,0.0,36.8,0,0,0,3046,2.955,0,COM7
2,611886,37,rpm,0,0,0.0,36.8,0,0,0,3046,2.955,0,COM7
2,611906,37,rpm,0,0,0.0,36.8,0,0,0,3046,2.955,0,COM7
2,611927,37,rpm,0,0,0.0,36.8,0,0,0,3046,2.955,0,COM7
2,611947,37,rpm,0,0,0.0,36.8,0,0,0,3046,2.955,0,COM7
2,611968,37,rpm,0,0,0.0,36.8,0,0,0,3046,2.955,0,COM7
2,611988,37,rpm,0,0,0.0,36.8,0,0,0,3046,2.955,0,COM7
2,612009,37,rpm,0,0,0.0,36.8,0,0,0,3046,2.955,0,COM7
2,612029,37,rpm,0,0,0.0,36.8,0,0,0,3046,2.955,0,COM7
2,612049,37,rpm,0,0,0.0,36.8,0,0,0,3046,2.955,0,COM7
2,612070,37,rpm,0,0,0.0,36.8,0,0,0,3046,2.955,0,COM7
2,612090,37,rpm,0,0,0.0,36.8,0,0,0,3046,2.955,0,COM7
2,612111,37,rpm,0,0,0.0,36.8,0,0,0,3046,2.955,0,COM7
2,612131,37,rpm,0,0,0.0,36.8,0,0,0,3046,2.955,0,COM7
2,612152,37,rpm,0,0,0.0,36.8,0,0,0,3046,2.955,0,COM7
2,612172,37,rpm,0,0,0.0,36.8,0,0,0,3046,2.955,0,COM7
2,612193,37,rpm,0,0,0.0,36.8,0,0,0,3046,2.955,0,COM7
2,612213,37,rpm,0,0,0.0,36.8,0,0,0,3046,2.955,0,COM7
2,612233,37,rpm,0,0,0.0,36.8,0,0,0,3046,2.955,0,COM7
2,612254,37,rpm,0,0,0.0,36.8,0,0,0,3046,2.955,0,COM7
2,612274,37,rpm,0,0,0.0,36.8,0,0,0,3046,2.955,0,COM7
2,612295,37,rpm,0,0,0.0,36.8,0,0,0,3046,2.955,0,COM7
2,612315,37,rpm,0,0,0.0,36.8,0,0,0,3046,2.955,0,COM7
2,612336,37,rpm,0,0,0.0,36.8,0,0,0,3046,2.955,0,COM7
2,612356,37,rpm,0,0,0.0,36.8,0,0,0,3046,2.955,0,COM7
2,612377,37,rpm,0,0,0.0,36.8,0,0,0,3046,2.955,0,COM7
2,612397,37,rpm,0,0,0.0,36.8,0,0,0,3046,2.955,0,COM7
2,612417,37,rpm,0,0,0.0,36.8,0,0,0,3046,2.955,0,COM7
2,612438,37,rpm,0,0,0.0,36.8,0,0,0,3046,2.955,0,COM7
2,612458,37,rpm,0,0,0.0,36.8,0,0,0,3046,2.955,0,COM7
2,612479,37,rpm,0,0,0.0,36.8,0,0,0,3046,2.955,0,COM7
2,612499,37,rpm,0,0,0.0,36.8,0,0,0,3046,2.955,0,COM7
2,612520,37,rpm,0,0,0.0,36.8,0,0,0,3046,2.955,0,COM7
2,612540,37,rpm,0,0,0.0,36.8,0,0,0,3046,2.955,0,COM7
2,612561,37,rpm,0,0,0.0,36.8,0,0,0,3046,2.955,0,COM7
2,612581,37,rpm,0,0,0.0,36.8,0,0,0,3046,2.955,0,COM7
2,612601,37,rpm,0,0,0.0,36.8,0,0,0,3046,2.955,0,COM7
2,612622,37,rpm,0,0,0.0,36.8,0,0,0,3046,2.955,0,COM7
2,612642,37,rpm,0,0,0.0,36.8,0,0,0,3046,2.955,0,COM7
2,612663,37,rpm,0,0,0.0,36.8,0,0,0,3046,2.955,0,COM7
2,612683,37,rpm,0,0,0.0,36.8,0,0,0,3046,2.955,0,COM7
2,612704,37,rpm,0,0,0.0,36.8,0,0,0,3046,2.955,0,COM7
2,612724,37,rpm,0,0,0.0,36.8,0,0,0,3046,2.955,0,COM7
2,612744,37,rpm,0,0,0.0,36.8,0,0,0,3046,2.955,0,COM7
2,612765,37,rpm,0,0,0.0,36.8,0,0,0,3046,2.955,0,COM7
2,612785,37,rpm,0,0,0.0,36.8,0,0,0,3046,2.955,0,COM7
2,612806,37,rpm,0,0,0.0,36.8,0,0,0,3046,2.955,0,COM7
2,612826,37,rpm,0,0,0.0,36.8,0,0,0,3046,2.955,0,COM7
2,612847,37,rpm,0,0,0.0,36.8,0,0,0,3046,2.955,0,COM7
2,612867,37,rpm,0,0,0.0,36.8,0,0,0,3046,2.955,0,COM7
2,612887,37,rpm,0,0,0.0,36.8,0,0,0,3046,2.955,0,COM7
2,612908,37,rpm,0,0,0.0,36.8,0,0,0,3046,2.955,0,COM7
2,612928,37,rpm,0,0,0.0,36.8,0,0,0,3046,2.955,0,COM7
2,612949,37,rpm,0,0,0.0,36.8,0,0,0,3046,2.955,0,COM7
2,612969,37,rpm,0,0,0.0,36.8,0,0,0,3046,2.955,0,COM7
2,612990,37,rpm,0,0,0.0,36.8,0,0,0,3046,2.955,0,COM7
2,613010,37,rpm,0,0,0.0,36.8,0,0,0,3046,2.955,0,COM7
2,613031,37,rpm,0,0,0.0,36.8,0,0,0,3046,2.955,0,COM7
2,613051,37,rpm,0,0,0.0,36.8,0,0,0,3046,2.955,0,COM7
2,613071,37,rpm,0,0,0.0,36.8,0,0,0,3046,2.955,0,COM7
2,613092,37,rpm,0,0,0.0,36.8,0,0,0,3046,2.955,0,COM7
2,613112,37,rpm,0,0,0.0,36.8,0,0,0,3046,2.955,0,COM7
2,613133,37,rpm,0,0,0.0,36.8,0,0,0,3046,2.955,0,COM7
2,613153,37,rpm,0,0,0.0,36.8,0,0,0,3046,2.955,0,COM7
2,613174,37,rpm,0,0,0.0,36.8,0,0,0,3046,2.955,0,COM7
2,613194,37,rpm,0,0,0.0,36.8,0,0,0,3046,2.955,0,COM7
2,613214,37,rpm,0,0,0.0,36.8,0,0,0,3046,2.955,0,COM7
2,613235,37,rpm,0,0,0.0,36.8,0,0,0,3046,2.955,0,COM7
2,613255,37,rpm,0,0,0.0,36.8,0,0,0,3046,2.955,0,COM7
2,613276,37,rpm,0,0,0.0,36.8,0,0,0,3046,2.955,0,COM7
2,613296,37,rpm,0,0,0.0,36.8,0,0,0,3046,2.955,0,COM7
2,613317,37,rpm,0,0,0.0,36.8,0,0,0,3046,2.955,0,COM7
2,613337,37,rpm,0,0,0.0,36.8,0,0,0,3046,2.955,0,COM7
2,613358,37,rpm,0,0,0.0,36.8,0,0,0,3046,2.955,0,COM7
2,613378,37,rpm,0,0,0.0,36.8,0,0,0,3046,2.955,0,COM7
2,613399,37,rpm,0,0,0.0,36.8,0,0,0,3046,2.955,0,COM7
2,613419,37,rpm,0,0,0.0,36.8,0,0,0,3046,2.955,0,COM7
2,613439,37,rpm,0,0,0.0,36.8,0,0,0,3046,2.955,0,COM7
2,613460,37,rpm,0,0,0.0,36.8,0,0,0,3046,2.955,0,COM7
2,613480,37,rpm,0,0,0.0,36.8,0,0,0,3046,2.955,0,COM7
2,613501,37,rpm,0,0,0.0,36.8,0,0,0,3046,2.955,0,COM7
2,613521,37,rpm,0,0,0.0,36.8,0,0,0,3046,2.955,0,COM7
2,613542,37,rpm,0,0,0.0,36.8,0,0,0,3046,2.955,0,COM7
2,613562,37,rpm,0,0,0.0,36.8,0,0,0,3046,2.955,0,COM7
2,613582,37,rpm,0,0,0.0,36.8,0,0,0,3046,2.955,0,COM7
2,613603,37,rpm,0,0,0.0,36.8,0,0,0,3046,2.955,0,COM7
2,613623,37,rpm,0,0,0.0,36.8,0,0,0,3046,2.955,0,COM7
2,613644,37,rpm,0,0,0.0,36.8,0,0,0,3046,2.955,0,COM7
2,613664,37,rpm,0,0,0.0,36.8,0,0,0,3046,2.955,0,COM7
2,613685,37,rpm,0,0,0.0,36.8,0,0,0,3046,2.955,0,COM7
2,613705,37,rpm,0,0,0.0,36.8,0,0,0,3046,2.955,0,COM7
2,613725,37,rpm,0,0,0.0,36.8,0,0,0,3046,2.955,0,COM7
2,613746,37,rpm,0,0,0.0,36.8,0,0,0,3046,2.955,0,COM7
2,613766,37,rpm,0,0,0.0,36.8,0,0,0,3046,2.955,0,COM7
2,613787,37,rpm,0,0,0.0,36.8,0,0,0,3046,2.955,0,COM7
2,613807,37,rpm,0,0,0.0,36.8,0,0,0,3046,2.955,0,COM7
2,613828,37,rpm,0,0,0.0,36.8,0,0,0,3046,2.955,0,COM7
2,613848,37,rpm,0,0,0.0,36.8,0,0,0,3046,2.955,0,COM7
2,613869,37,rpm,0,0,0.0,36.8,0,0,0,3046,2.955,0,COM7
2,613889,37,rpm,0,0,0.0,36.8,0,0,0,3046,2.955,0,COM7
2,613910,37,rpm,0,0,0.0,36.8,0,0,0,3046,2.955,0,COM7
2,613930,37,rpm,0,0,0.0,36.8,0,0,0,3046,2.955,0,COM7
2,613950,37,rpm,0,0,0.0,36.8,0,0,0,3046,2.955,0,COM7
2,613971,37,rpm,0,0,0.0,36.8,0,0,0,3046,2.955,0,COM7
2,613991,37,rpm,0,0,0.0,36.8,0,0,0,3046,2.955,0,COM7
2,614012,37,rpm,0,0,0.0,36.8,0,0,0,3046,2.955,0,COM7
2,614032,37,rpm,0,0,0.0,36.8,0,0,0,3046,2.955,0,COM7
2,614053,37,rpm,0,0,0.0,36.8,0,0,0,3046,2.955,0,COM7
2,614073,37,rpm,0,0,0.0,36.8,0,0,0,3046,2.955,0,COM7
2,614094,37,rpm,0,0,0.0,36.8,0,0,0,3046,2.955,0,COM7
2,614114,37,rpm,0,0,0.0,36.8,0,0,0,3046,2.955,0,COM7
2,614135,37,rpm,0,0,0.0,36.8,0,0,0,3046,2.955,0,COM7
2,614155,37,rpm,0,0,0.0,36.8,0,0,0,3046,2.955,0,COM7
2,614175,37,rpm,0,0,0.0,36.8,0,0,0,3046,2.955,0,COM7
2,614196,37,rpm,0,0,0.0,36.8,0,0,0,3046,2.955,0,COM7
2,614216,37,rpm,0,0,0.0,36.8,0,0,0,3046,2.955,0,COM7
2,614237,37,rpm,0,0,0.0,36.8,0,0,0,3046,2.955,0,COM7
2,614257,37,rpm,0,0,0.0,36.8,0,0,0,3046,2.955,0,COM7
2,614278,37,rpm,0,0,0.0,36.8,0,0,0,3046,2.955,0,COM7
2,614298,37,rpm,0,0,0.0,36.8,0,0,0,3046,2.955,0,COM7
2,614319,37,rpm,0,0,0.0,36.8,0,0,0,3046,2.955,0,COM7
2,614339,37,rpm,0,0,0.0,36.8,0,0,0,3046,2.955,0,COM7
2,614359,37,rpm,0,0,0.0,36.8,0,0,0,3046,2.955,0,COM7
2,614380,37,rpm,0,0,0.0,36.8,0,0,0,3046,2.955,0,COM7
2,614400,37,rpm,0,0,0.0,36.8,0,0,0,3046,2.955,0,COM7
2,614421,37,rpm,0,0,0.0,36.8,0,0,0,3046,2.955,0,COM7
2,614441,37,rpm,0,0,0.0,36.8,0,0,0,3046,2.955,0,COM7
2,614462,37,rpm,0,0,0.0,36.8,0,0,0,3046,2.955,0,COM7
2,614482,37,rpm,0,0,0.0,36.8,0,0,0,3046,2.955,0,COM7
2,614503,37,rpm,0,0,0.0,36.8,0,0,0,3046,2.955,0,COM7
2,614523,37,rpm,0,0,0.0,36.8,0,0,0,3046,2.955,0,COM7
2,614544,37,rpm,0,0,0.0,36.8,0,0,0,3046,2.955,0,COM7
2,614564,37,rpm,0,0,0.0,36.8,0,0,0,3046,2.955,0,COM7
2,614584,37,rpm,0,0,0.0,36.8,0,0,0,3046,2.955,0,COM7
2,614605,37,rpm,0,0,0.0,36.8,0,0,0,3046,2.955,0,COM7
2,614625,37,rpm,0,0,0.0,36.8,0,0,0,3046,2.955,0,COM7
2,614646,37,rpm,0,0,0.0,36.8,0,0,0,3046,2.955,0,COM7
2,614666,37,rpm,0,0,0.0,36.8,0,0,0,3046,2.955,0,COM7
2,614687,37,rpm,0,0,0.0,36.8,0,0,0,3046,2.955,0,COM7
2,614707,37,rpm,0,0,0.0,36.8,0,0,0,3046,2.955,0,COM7
2,614728,37,rpm,0,0,0.0,36.8,0,0,0,3046,2.955,0,COM7
2,614748,37,rpm,0,0,0.0,36.8,0,0,0,3046,2.955,0,COM7
2,614769,37,rpm,0,0,0.0,36.8,0,0,0,3046,2.955,0,COM7
2,614789,37,rpm,0,0,0.0,36.8,0,0,0,3046,2.955,0,COM7
2,614809,37,rpm,0,0,0.0,36.8,0,0,0,3046,2.955,0,COM7
2,614830,37,rpm,0,0,0.0,36.8,0,0,0,3046,2.955,0,COM7
2,614850,37,rpm,0,0,0.0,36.8,0,0,0,3046,2.955,0,COM7
2,614871,37,rpm,0,0,0.0,36.8,0,0,0,3046,2.955,0,COM7
2,614891,37,rpm,0,0,0.0,36.8,0,0,0,3046,2.955,0,COM7
2,614912,37,rpm,0,0,0.0,36.8,0,0,0,3046,2.955,0,COM7
2,614932,37,rpm,0,0,0.0,36.8,0,0,0,3046,2.955,0,COM7
2,614953,37,rpm,0,0,0.0,36.8,0,0,0,3046,2.955,0,COM7
2,614973,37,rpm,0,0,0.0,36.8,0,0,0,3046,2.955,0,COM7
2,614993,37,rpm,0,0,0.0,36.8,0,0,0,3046,2.955,0,COM7
2,615014,37,rpm,0,0,0.0,36.8,0,0,0,3046,2.955,0,COM7
2,615034,37,rpm,0,0,0.0,36.8,0,0,0,3046,2.955,0,COM7
2,615055,37,rpm,0,0,0.0,36.8,0,0,0,3046,2.955,0,COM7
2,615075,37,rpm,0,0,0.0,36.8,0,0,0,3046,2.955,0,COM7
2,615096,37,rpm,0,0,0.0,36.8,0,0,0,3046,2.955,0,COM7
2,615116,37,rpm,0,0,0.0,36.8,0,0,0,3046,2.955,0,COM7
2,615136,37,rpm,0,0,0.0,36.8,0,0,0,3046,2.955,0,COM7
2,615157,37,rpm,0,0,0.0,36.8,0,0,0,3046,2.955,0,COM7
2,615177,37,rpm,0,0,0.0,36.8,0,0,0,3046,2.955,0,COM7
2,615198,37,rpm,0,0,0.0,36.8,0,0,0,3046,2.955,0,COM7
2,615218,37,rpm,0,0,0.0,36.8,0,0,0,3046,2.955,0,COM7
2,615239,37,rpm,0,0,0.0,36.8,0,0,0,3046,2.955,0,COM7
2,615259,37,rpm,0,0,0.0,36.8,0,0,0,3046,2.955,0,COM7
2,615279,37,rpm,0,0,0.0,36.8,0,0,0,3046,2.955,0,COM7
2,615300,37,rpm,0,0,0.0,36.8,0,0,0,3046,2.955,0,COM7
2,615320,37,rpm,0,0,0.0,36.8,0,0,0,3046,2.955,0,COM7
2,615341,37,rpm,0,0,0.0,36.8,0,0,0,3046,2.955,0,COM7
2,615361,37,rpm,0,0,0.0,36.8,0,0,0,3046,2.955,0,COM7
2,615382,37,rpm,0,0,0.0,36.8,0,0,0,3046,2.955,0,COM7
2,615402,37,rpm,0,0,0.0,36.8,0,0,0,3046,2.955,0,COM7
2,615423,37,rpm,0,0,0.0,36.8,0,0,0,3046,2.955,0,COM7
2,615443,37,rpm,0,0,0.0,36.8,0,0,0,3046,2.955,0,COM7
2,615463,37,rpm,0,0,0.0,36.8,0,0,0,3046,2.955,0,COM7
2,615484,37,rpm,0,0,0.0,36.8,0,0,0,3046,2.955,0,COM7
2,615504,37,rpm,0,0,0.0,36.8,0,0,0,3046,2.955,0,COM7
2,615525,37,rpm,0,0,0.0,36.8,0,0,0,3046,2.955,0,COM7
2,615545,37,rpm,0,0,0.0,36.8,0,0,0,3046,2.955,0,COM7
2,615566,37,rpm,0,0,0.0,36.8,0,0,0,3046,2.955,0,COM7
2,615586,37,rpm,0,0,0.0,36.8,0,0,0,3046,2.955,0,COM7
2,615606,37,rpm,0,0,0.0,36.8,0,0,0,3046,2.955,0,COM7
2,615627,37,rpm,0,0,0.0,36.8,0,0,0,3046,2.955,0,COM7
2,615647,37,rpm,0,0,0.0,36.8,0,0,0,3046,2.955,0,COM7
2,615668,37,rpm,0,0,0.0,36.8,0,0,0,3046,2.955,0,COM7
2,615688,37,rpm,0,0,0.0,36.8,0,0,0,3046,2.955,0,COM7
2,615709,37,rpm,0,0,0.0,36.8,0,0,0,3046,2.955,0,COM7
2,615729,37,rpm,0,0,0.0,36.8,0,0,0,3046,2.955,0,COM7
2,615749,37,rpm,0,0,0.0,36.8,0,0,0,3046,2.955,0,COM7
2,615770,37,rpm,0,0,0.0,36.8,0,0,0,3046,2.955,0,COM7
2,615790,37,rpm,0,0,0.0,36.8,0,0,0,3046,2.955,0,COM7
2,615811,37,rpm,0,0,0.0,36.8,0,0,0,3046,2.955,0,COM7
2,615831,37,rpm,0,0,0.0,36.8,0,0,0,3046,2.955,0,COM7
2,615851,37,rpm,0,0,0.0,36.8,0,0,0,3046,2.955,0,COM7
2,615872,37,rpm,0,0,0.0,36.8,0,0,0,3046,2.955,0,COM7
2,615892,37,rpm,0,0,0.0,36.8,0,0,0,3046,2.955,0,COM7
2,615913,37,rpm,0,0,0.0,36.8,0,0,0,3046,2.955,0,COM7
2,615933,37,rpm,0,0,0.0,36.8,0,0,0,3046,2.955,0,COM7
2,615954,37,rpm,0,0,0.0,36.8,0,0,0,3046,2.955,0,COM7
2,615974,37,rpm,0,0,0.0,36.8,0,0,0,3046,2.955,0,COM7
2,615995,37,rpm,0,0,0.0,36.8,0,0,0,3046,2.955,0,COM7
2,616015,37,rpm,0,0,0.0,36.8,0,0,0,3046,2.955,0,COM7
2,616035,37,rpm,0,0,0.0,36.8,0,0,0,3046,2.955,0,COM7
2,616056,37,rpm,0,0,0.0,36.8,0,0,0,3046,2.955,0,COM7
2,616076,37,rpm,0,0,0.0,36.8,0,0,0,3046,2.955,0,COM7
2,616097,37,rpm,0,0,0.0,36.8,0,0,0,3046,2.955,0,COM7
2,616117,37,rpm,0,0,0.0,36.8,0,0,0,3046,2.955,0,COM7
2,616138,37,rpm,0,0,0.0,36.8,0,0,0,3046,2.955,0,COM7
2,616158,37,rpm,0,0,0.0,36.8,0,0,0,3046,2.955,0,COM7
2,616179,37,rpm,0,0,0.0,36.8,0,0,0,3046,2.955,0,COM7
2,616199,37,rpm,0,0,0.0,36.8,0,0,0,3046,2.955,0,COM7
2,616220,37,rpm,0,0,0.0,36.8,0,0,0,3046,2.955,0,COM7
2,616240,37,rpm,0,0,0.0,36.8,0,0,0,3046,2.955,0,COM7
2,616260,37,rpm,0,0,0.0,36.8,0,0,0,3046,2.955,0,COM7
2,616281,37,rpm,0,0,0.0,36.8,0,0,0,3046,2.955,0,COM7
2,616301,37,rpm,0,0,0.0,36.8,0,0,0,3046,2.955,0,COM7
2,616322,37,rpm,0,0,0.0,36.8,0,0,0,3046,2.955,0,COM7
2,616342,37,rpm,0,0,0.0,36.8,0,0,0,3046,2.955,0,COM7
2,616363,37,rpm,0,0,0.0,36.8,0,0,0,3046,2.955,0,COM7
2,616383,37,rpm,0,0,0.0,36.8,0,0,0,3046,2.955,0,COM7
2,616404,37,rpm,0,0,0.0,36.8,0,0,0,3046,2.955,0,COM7
2,616424,37,rpm,0,0,0.0,36.8,0,0,0,3046,2.955,0,COM7
2,616444,37,rpm,0,0,0.0,36.8,0,0,0,3046,2.955,0,COM7
2,616465,37,rpm,0,0,0.0,36.8,0,0,0,3046,2.955,0,COM7
2,616485,37,rpm,0,0,0.0,36.8,0,0,0,3046,2.955,0,COM7
2,616506,37,rpm,0,0,0.0,36.8,0,0,0,3046,2.955,0,COM7
2,616526,37,rpm,0,0,0.0,36.8,0,0,0,3046,2.955,0,COM7
2,616546,37,rpm,0,0,0.0,36.8,0,0,0,3046,2.955,0,COM7
2,616567,37,rpm,0,0,0.0,36.8,0,0,0,3046,2.955,0,COM7
2,616587,37,rpm,0,0,0.0,36.8,0,0,0,3046,2.955,0,COM7
2,616608,37,rpm,0,0,0.0,36.8,0,0,0,3046,2.955,0,COM7
2,616628,37,rpm,0,0,0.0,36.8,0,0,0,3046,2.955,0,COM7
2,616649,37,rpm,0,0,0.0,36.8,0,0,0,3046,2.955,0,COM7
2,616669,37,rpm,0,0,0.0,36.8,0,0,0,3046,2.955,0,COM7
2,616689,37,rpm,0,0,0.0,36.8,0,0,0,3046,2.955,0,COM7
2,616710,37,rpm,0,0,0.0,36.8,0,0,0,3046,2.955,0,COM7
2,616730,37,rpm,0,0,0.0,36.8,0,0,0,3046,2.955,0,COM7
2,616751,37,rpm,0,0,0.0,36.8,0,0,0,3046,2.955,0,COM7
2,616771,37,rpm,0,0,0.0,36.8,0,0,0,3046,2.955,0,COM7
2,616792,37,rpm,0,0,0.0,36.8,0,0,0,3046,2.955,0,COM7
2,616812,37,rpm,0,0,0.0,36.8,0,0,0,3046,2.955,0,COM7
2,616833,37,rpm,0,0,0.0,36.8,0,0,0,3046,2.955,0,COM7
2,616853,37,rpm,0,0,0.0,36.8,0,0,0,3046,2.955,0,COM7
2,616873,37,rpm,0,0,0.0,36.8,0,0,0,3046,2.955,0,COM7
2,616894,37,rpm,0,0,0.0,36.8,0,0,0,3046,2.955,0,COM7
2,616914,37,rpm,0,0,0.0,36.8,0,0,0,3046,2.955,0,COM7
2,616935,37,rpm,0,0,0.0,36.8,0,0,0,3046,2.955,0,COM7
2,616955,37,rpm,0,0,0.0,36.8,0,0,0,3046,2.955,0,COM7
2,616976,37,rpm,0,0,0.0,36.8,0,0,0,3046,2.955,0,COM7
2,616996,37,rpm,0,0,0.0,36.8,0,0,0,3046,2.955,0,COM7
2,617016,37,rpm,0,0,0.0,36.8,0,0,0,3046,2.955,0,COM7
2,617037,37,rpm,0,0,0.0,36.8,0,0,0,3046,2.955,0,COM7
2,617057,37,rpm,0,0,0.0,36.8,0,0,0,3046,2.955,0,COM7
2,617078,37,rpm,0,0,0.0,36.8,0,0,0,3046,2.955,0,COM7
2,617098,37,rpm,0,0,0.0,36.8,0,0,0,3046,2.955,0,COM7
2,617119,37,rpm,0,0,0.0,36.8,0,0,0,3046,2.955,0,COM7
2,617139,37,rpm,0,0,0.0,36.8,0,0,0,3046,2.955,0,COM7
2,617160,37,rpm,0,0,0.0,36.8,0,0,0,3046,2.955,0,COM7
2,617180,37,rpm,0,0,0.0,36.8,0,0,0,3046,2.955,0,COM7
2,617200,37,rpm,0,0,0.0,36.8,0,0,0,3046,2.955,0,COM7
2,617221,37,rpm,0,0,0.0,36.8,0,0,0,3046,2.955,0,COM7
2,617241,37,rpm,0,0,0.0,36.8,0,0,0,3046,2.955,0,COM7
2,617262,37,rpm,0,0,0.0,36.8,0,0,0,3046,2.955,0,COM7
2,617282,37,rpm,0,0,0.0,36.8,0,0,0,3046,2.955,0,COM7
2,617303,37,rpm,0,0,0.0,36.8,0,0,0,3046,2.955,0,COM7
2,617323,37,rpm,0,0,0.0,36.8,0,0,0,3046,2.955,0,COM7
2,617344,37,rpm,0,0,0.0,36.8,0,0,0,3046,2.955,0,COM7
2,617364,37,rpm,0,0,0.0,36.8,0,0,0,3046,2.955,0,COM7
2,617385,37,rpm,0,0,0.0,36.8,0,0,0,3046,2.955,0,COM7
2,617405,37,rpm,0,0,0.0,36.8,0,0,0,3046,2.955,0,COM7
2,617425,37,rpm,0,0,0.0,36.8,0,0,0,3046,2.955,0,COM7
2,617446,37,rpm,0,0,0.0,36.8,0,0,0,3046,2.955,0,COM7
2,617466,37,rpm,0,0,0.0,36.8,0,0,0,3046,2.955,0,COM7
2,617487,37,rpm,0,0,0.0,36.8,0,0,0,3046,2.955,0,COM7
2,617507,37,rpm,0,0,0.0,36.8,0,0,0,3046,2.955,0,COM7
2,617528,37,rpm,0,0,0.0,36.8,0,0,0,3046,2.955,0,COM7
2,617548,37,rpm,0,0,0.0,36.8,0,0,0,3046,2.955,0,COM7
2,617569,37,rpm,0,0,0.0,36.8,0,0,0,3046,2.955,0,COM7
2,617589,37,rpm,0,0,0.0,36.8,0,0,0,3046,2.955,0,COM7
2,617610,37,rpm,0,0,0.0,36.8,0,0,0,3046,2.955,0,COM7
2,617630,37,rpm,0,0,0.0,36.8,0,0,0,3046,2.955,0,COM7
2,617651,37,rpm,0,0,0.0,36.8,0,0,0,3046,2.955,0,COM7
2,617671,37,rpm,0,0,0.0,36.8,0,0,0,3046,2.955,0,COM7
2,617691,37,rpm,0,0,0.0,36.8,0,0,0,3046,2.955,0,COM7
2,617712,37,rpm,0,0,0.0,36.8,0,0,0,3046,2.955,0,COM7
2,617732,37,rpm,0,0,0.0,36.8,0,0,0,3046,2.955,0,COM7
2,617753,37,rpm,0,0,0.0,36.8,0,0,0,3046,2.955,0,COM7
2,617773,37,rpm,0,0,0.0,36.8,0,0,0,3046,2.955,0,COM7
2,617794,37,rpm,0,0,0.0,36.8,0,0,0,3046,2.955,0,COM7
2,617814,37,rpm,0,0,0.0,36.8,0,0,0,3046,2.955,0,COM7
2,617834,37,rpm,0,0,0.0,36.8,0,0,0,3046,2.955,0,COM7
2,617855,37,rpm,0,0,0.0,36.8,0,0,0,3046,2.955,0,COM7
2,617875,37,rpm,0,0,0.0,36.8,0,0,0,3046,2.955,0,COM7
2,617896,37,rpm,0,0,0.0,36.8,0,0,0,3046,2.955,0,COM7
2,617916,37,rpm,0,0,0.0,36.8,0,0,0,3046,2.955,0,COM7
2,617937,37,rpm,0,0,0.0,36.8,0,0,0,3046,2.955,0,COM7
2,617957,37,rpm,0,0,0.0,36.8,0,0,0,3046,2.955,0,COM7
2,617978,37,rpm,0,0,0.0,36.8,0,0,0,3046,2.955,0,COM7
2,617998,37,rpm,0,0,0.0,36.8,0,0,0,3046,2.955,0,COM7
2,618019,37,rpm,0,0,0.0,36.8,0,0,0,3046,2.955,0,COM7
2,618039,37,rpm,0,0,0.0,36.8,0,0,0,3046,2.955,0,COM7
2,618060,37,rpm,0,0,0.0,36.8,0,0,0,3046,2.955,0,COM7
2,618080,37,rpm,0,0,0.0,36.8,0,0,0,3046,2.955,0,COM7
2,618101,37,rpm,0,0,0.0,36.8,0,0,0,3046,2.955,0,COM7
2,618121,37,rpm,0,0,0.0,36.8,0,0,0,3046,2.955,0,COM7
2,618141,37,rpm,0,0,0.0,36.8,0,0,0,3046,2.955,0,COM7
2,618162,37,rpm,0,0,0.0,36.8,0,0,0,3046,2.955,0,COM7
2,618182,37,rpm,0,0,0.0,36.8,0,0,0,3046,2.955,0,COM7
2,618203,37,rpm,0,0,0.0,36.8,0,0,0,3046,2.955,0,COM7
2,618223,37,rpm,0,0,0.0,36.8,0,0,0,3046,2.955,0,COM7
2,618244,37,rpm,0,0,0.0,36.8,0,0,0,3046,2.955,0,COM7
2,618264,37,rpm,0,0,0.0,36.8,0,0,0,3046,2.955,0,COM7
2,618285,37,rpm,0,0,0.0,36.8,0,0,0,3046,2.955,0,COM7
2,618305,37,rpm,0,0,0.0,36.8,0,0,0,3046,2.955,0,COM7
2,618326,37,rpm,0,0,0.0,36.8,0,0,0,3046,2.955,0,COM7
2,618346,37,rpm,0,0,0.0,36.8,0,0,0,3046,2.955,0,COM7
2,618366,37,rpm,0,0,0.0,36.8,0,0,0,3046,2.955,0,COM7
2,618387,37,rpm,0,0,0.0,36.8,0,0,0,3046,2.955,0,COM7
2,618407,37,rpm,0,0,0.0,36.8,0,0,0,3046,2.955,0,COM7
2,618428,37,rpm,0,0,0.0,36.8,0,0,0,3046,2.955,0,COM7
2,618448,37,rpm,0,0,0.0,36.8,0,0,0,3046,2.955,0,COM7
2,618469,37,rpm,0,0,0.0,36.8,0,0,0,3046,2.955,0,COM7
2,618489,37,rpm,0,0,0.0,36.8,0,0,0,3046,2.955,0,COM7
2,618510,37,rpm,0,0,0.0,36.8,0,0,0,3046,2.955,0,COM7
2,618530,37,rpm,0,0,0.0,36.8,0,0,0,3046,2.955,0,COM7
2,618550,37,rpm,0,0,0.0,36.8,0,0,0,3046,2.955,0,COM7
2,618571,37,rpm,0,0,0.0,36.8,0,0,0,3046,2.955,0,COM7
2,618591,37,rpm,0,0,0.0,36.8,0,0,0,3046,2.955,0,COM7
2,618612,37,rpm,0,0,0.0,36.8,0,0,0,3046,2.955,0,COM7
2,618632,37,rpm,0,0,0.0,36.8,0,0,0,3046,2.955,0,COM7
2,618653,37,rpm,0,0,0.0,36.8,0,0,0,3046,2.955,0,COM7
2,618673,37,rpm,0,0,0.0,36.8,0,0,0,3046,2.955,0,COM7
2,618693,37,rpm,0,0,0.0,36.8,0,0,0,3046,2.955,0,COM7
2,618714,37,rpm,0,0,0.0,36.8,0,0,0,3046,2.955,0,COM7
2,618734,37,rpm,0,0,0.0,36.8,0,0,0,3046,2.955,0,COM7
2,618755,37,rpm,0,0,0.0,36.8,0,0,0,3046,2.955,0,COM7
2,618775,37,rpm,0,0,0.0,36.8,0,0,0,3046,2.955,0,COM7
2,618796,37,rpm,0,0,0.0,36.8,0,0,0,3046,2.955,0,COM7
2,618816,37,rpm,0,0,0.0,36.8,0,0,0,3046,2.955,0,COM7
2,618837,37,rpm,0,0,0.0,36.8,0,0,0,3046,2.955,0,COM7
2,618857,37,rpm,1,0,0.0,36.8,0,0,0,3046,2.955,0,COM7
2,618878,37,rpm,0,0,0.0,36.8,0,0,0,3046,2.955,0,COM7
2,618898,37,rpm,0,0,0.0,36.8,0,0,0,3046,2.955,0,COM7
2,618918,37,rpm,0,0,0.0,36.8,0,0,0,3046,2.955,0,COM7
2,618939,37,rpm,0,0,0.0,36.8,0,0,0,3046,2.955,0,COM7
2,618959,37,rpm,0,0,0.0,36.8,0,0,0,3046,2.955,0,COM7
2,618980,37,rpm,0,0,0.0,36.8,0,0,0,3046,2.955,0,COM7
2,619000,37,rpm,0,0,0.0,36.8,0,0,0,3046,2.955,0,COM7
2,619021,37,rpm,0,0,0.0,36.8,0,0,0,3046,2.955,0,COM7
2,619041,37,rpm,0,0,0.0,36.8,0,0,0,3046,2.955,0,COM7
2,619062,37,rpm,0,0,0.0,36.8,0,0,0,3046,2.955,0,COM7
2,619082,37,rpm,0,0,0.0,36.8,0,0,0,3046,2.955,0,COM7
2,619102,37,rpm,0,0,0.0,36.8,0,0,0,3046,2.955,0,COM7
2,619123,37,rpm,0,0,0.0,36.8,0,0,0,3046,2.955,0,COM7
2,619143,37,rpm,0,0,0.0,36.8,0,0,0,3046,2.955,0,COM7
2,619164,37,rpm,0,0,0.0,36.8,0,0,0,3046,2.955,0,COM7
2,619184,37,rpm,0,0,0.0,36.8,0,0,0,3046,2.955,0,COM7
2,619205,37,rpm,0,0,0.0,36.8,0,0,0,3046,2.955,0,COM7
2,619225,37,rpm,0,0,0.0,36.8,0,0,0,3046,2.955,0,COM7
2,619245,37,rpm,0,0,0.0,36.8,0,0,0,3046,2.955,0,COM7
2,619266,37,rpm,0,0,0.0,36.8,0,0,0,3046,2.955,0,COM7
2,619286,37,rpm,0,0,0.0,36.8,0,0,0,3046,2.955,0,COM7
2,619307,37,rpm,0,0,0.0,36.8,0,0,0,3046,2.955,0,COM7
2,619327,37,rpm,0,0,0.0,36.8,0,0,0,3046,2.955,0,COM7
2,619348,37,rpm,0,0,0.0,36.8,0,0,0,3046,2.955,0,COM7
2,619368,37,rpm,0,0,0.0,36.8,0,0,0,3046,2.955,0,COM7
2,619389,37,rpm,0,0,0.0,36.8,0,0,0,3046,2.955,0,COM7
2,619409,37,rpm,0,0,0.0,36.8,0,0,0,3046,2.955,0,COM7
2,619429,37,rpm,0,0,0.0,36.8,0,0,0,3046,2.955,0,COM7
2,619450,37,rpm,0,0,0.0,36.8,0,0,0,3046,2.955,0,COM7
2,619470,37,rpm,0,0,0.0,36.8,0,0,0,3046,2.955,0,COM7
2,619491,37,rpm,0,0,0.0,36.8,0,0,0,3046,2.955,0,COM7
2,619511,37,rpm,0,0,0.0,36.8,0,0,0,3046,2.955,0,COM7
2,619532,37,rpm,0,0,0.0,36.8,0,0,0,3046,2.955,0,COM7
2,619552,37,rpm,0,0,0.0,36.8,0,0,0,3046,2.955,0,COM7
2,619573,37,rpm,0,0,0.0,36.8,0,0,0,3046,2.955,0,COM7
2,619593,37,rpm,0,0,0.0,36.8,0,0,0,3046,2.955,0,COM7
2,619614,37,rpm,0,0,0.0,36.8,0,0,0,3046,2.955,0,COM7
2,619634,37,rpm,0,0,0.0,36.8,0,0,0,3046,2.955,0,COM7
2,619654,37,rpm,0,0,0.0,36.8,0,0,0,3046,2.955,0,COM7
2,619675,37,rpm,0,0,0.0,36.8,0,0,0,3046,2.955,0,COM7
2,619695,37,rpm,0,0,0.0,36.8,0,0,0,3046,2.955,0,COM7
2,619716,37,rpm,0,0,0.0,36.8,0,0,0,3046,2.955,0,COM7
2,619736,37,rpm,0,0,0.0,36.8,0,0,0,3046,2.955,0,COM7
2,619757,37,rpm,0,0,0.0,36.8,0,0,0,3046,2.955,0,COM7
2,619777,37,rpm,0,0,0.0,36.8,0,0,0,3046,2.955,0,COM7
2,619798,37,rpm,0,0,0.0,36.8,0,0,0,3046,2.955,0,COM7
2,619818,37,rpm,0,0,0.0,36.8,0,0,0,3046,2.955,0,COM7
2,619838,37,rpm,0,0,0.0,36.8,0,0,0,3046,2.955,0,COM7
2,619859,37,rpm,0,0,0.0,36.8,0,0,0,3046,2.955,0,COM7
2,619879,37,rpm,0,0,0.0,36.8,0,0,0,3046,2.955,0,COM7
2,619900,37,rpm,0,0,0.0,36.8,0,0,0,3046,2.955,0,COM7
2,619920,37,rpm,0,0,0.0,36.8,0,0,0,3046,2.955,0,COM7
2,619941,37,rpm,0,0,0.0,36.8,0,0,0,3046,2.955,0,COM7
2,619961,37,rpm,0,0,0.0,36.8,0,0,0,3046,2.955,0,COM7
2,619982,37,rpm,0,0,0.0,36.8,0,0,0,3046,2.955,0,COM7
2,620002,37,rpm,0,0,0.0,36.8,0,0,0,3046,2.955,0,COM7
2,620023,37,rpm,0,0,0.0,36.8,0,0,0,3046,2.955,0,COM7
2,620043,37,rpm,0,0,0.0,36.8,0,0,0,3046,2.955,0,COM7
2,620063,37,rpm,0,0,0.0,36.8,0,0,0,3046,2.955,0,COM7
2,620084,37,rpm,0,0,0.0,36.8,0,0,0,3046,2.955,0,COM7
2,620104,37,rpm,0,0,0.0,36.8,0,0,0,3046,2.955,0,COM7
2,620125,37,rpm,0,0,0.0,36.8,0,0,0,3046,2.955,0,COM7
2,620145,37,rpm,0,0,0.0,36.8,0,0,0,3046,2.955,0,COM7
2,620166,37,rpm,0,0,0.0,36.8,0,0,0,3046,2.955,0,COM7
2,620186,37,rpm,0,0,0.0,36.8,0,0,0,3046,2.955,0,COM7
2,620207,37,rpm,0,0,0.0,36.8,0,0,0,3046,2.955,0,COM7
2,620227,37,rpm,0,0,0.0,36.8,0,0,0,3046,2.955,0,COM7
2,620247,37,rpm,0,0,0.0,36.8,0,0,0,3046,2.955,0,COM7
2,620268,37,rpm,0,0,0.0,36.8,0,0,0,3046,2.955,0,COM7
2,620288,37,rpm,0,0,0.0,36.8,0,0,0,3046,2.955,0,COM7
2,620309,37,rpm,0,0,0.0,36.8,0,0,0,3046,2.955,0,COM7
2,620329,37,rpm,0,0,0.0,36.8,0,0,0,3046,2.955,0,COM7
2,620350,37,rpm,0,0,0.0,36.8,0,0,0,3046,2.955,0,COM7
2,620370,37,rpm,0,0,0.0,36.8,0,0,0,3046,2.955,0,COM7
2,620391,37,rpm,0,0,0.0,36.8,0,0,0,3046,2.955,0,COM7
2,620411,37,rpm,0,0,0.0,36.8,0,0,0,3046,2.955,0,COM7
2,620432,37,rpm,0,0,0.0,36.8,0,0,0,3046,2.955,0,COM7
2,620452,37,rpm,0,0,0.0,36.8,0,0,0,3046,2.955,0,COM7
2,620473,37,rpm,0,0,0.0,36.8,0,0,0,3046,2.955,0,COM7
2,620493,37,rpm,0,0,0.0,36.8,0,0,0,3046,2.955,0,COM7
2,620513,37,rpm,0,0,0.0,36.8,0,0,0,3046,2.955,0,COM7
2,620534,37,rpm,0,0,0.0,36.8,0,0,0,3046,2.955,0,COM7
2,620554,37,rpm,0,0,0.0,36.8,0,0,0,3046,2.955,0,COM7
2,620575,37,rpm,0,0,0.0,36.8,0,0,0,3046,2.955,0,COM7
2,620595,37,rpm,0,0,0.0,36.8,0,0,0,3046,2.955,0,COM7
2,620616,37,rpm,0,0,0.0,36.8,0,0,0,3046,2.955,0,COM7
2,620636,37,rpm,0,0,0.0,36.8,0,0,0,3046,2.955,0,COM7
2,620657,37,rpm,0,0,0.0,36.8,0,0,0,3046,2.955,0,COM7
2,620677,37,rpm,0,0,0.0,36.8,0,0,0,3046,2.955,0,COM7
2,620697,37,rpm,0,0,0.0,36.8,0,0,0,3046,2.955,0,COM7
2,620718,37,rpm,0,0,0.0,36.8,0,0,0,3046,2.955,0,COM7
2,620738,37,rpm,0,0,0.0,36.8,0,0,0,3046,2.955,0,COM7
2,620759,37,rpm,0,0,0.0,36.8,0,0,0,3046,2.955,0,COM7
2,620779,37,rpm,0,0,0.0,36.8,0,0,0,3046,2.955,0,COM7
2,620800,37,rpm,0,0,0.0,36.8,0,0,0,3046,2.955,0,COM7
2,620820,37,rpm,0,0,0.0,36.8,0,0,0,3046,2.955,0,COM7
2,620840,37,rpm,0,0,0.0,36.8,0,0,0,3046,2.955,0,COM7
2,620861,37,rpm,0,0,0.0,36.8,0,0,0,3046,2.955,0,COM7
2,620881,37,rpm,0,0,0.0,36.8,0,0,0,3046,2.955,0,COM7
2,620902,37,rpm,0,0,0.0,36.8,0,0,0,3046,2.955,0,COM7
2,620922,37,rpm,0,0,0.0,36.8,0,0,0,3046,2.955,0,COM7
2,620943,37,rpm,0,0,0.0,36.8,0,0,0,3046,2.955,0,COM7
2,620963,37,rpm,0,0,0.0,36.8,0,0,0,3046,2.955,0,COM7
2,620984,37,rpm,0,0,0.0,36.8,0,0,0,3046,2.955,0,COM7
2,621004,37,rpm,0,0,0.0,36.8,0,0,0,3046,2.955,0,COM7
2,621024,37,rpm,0,0,0.0,36.8,0,0,0,3046,2.955,0,COM7
2,621045,37,rpm,0,0,0.0,36.8,0,0,0,3046,2.955,0,COM7
2,621065,37,rpm,0,0,0.0,36.8,0,0,0,3046,2.955,0,COM7
2,621086,37,rpm,0,0,0.0,36.8,0,0,0,3046,2.955,0,COM7
