id,t,sp,unit,r_flw,f_flw,rpm_cmd,rpm_sp,sps,top,cal%,vol_uL,mass_g,pumpOn,port
3,1062326,30,rpm,1,1,30.0,30.0,3200,609,0,0,0.0,1,COM9
3,1062347,30,rpm,1,1,30.0,30.0,3200,609,0,0,0.0,1,COM9
3,1062367,30,rpm,1,1,30.0,30.0,3200,609,0,0,0.0,1,COM9
3,1062388,30,rpm,1,1,30.0,30.0,3200,609,0,0,0.0,1,COM9
3,1062408,30,rpm,1,1,30.0,30.0,3200,609,0,0,0.0,1,COM9
3,1062429,30,rpm,1,1,30.0,30.0,3200,609,0,0,0.0,1,COM9
3,1062450,30,rpm,1,1,30.0,30.0,3200,609,0,0,0.0,1,COM9
3,1062470,30,rpm,1,1,30.0,30.0,3200,609,0,0,0.0,1,COM9
3,1062491,30,rpm,1,1,30.0,30.0,3200,609,0,0,0.0,1,COM9
3,1062511,30,rpm,1,1,30.0,30.0,3200,609,0,0,0.0,1,COM9
3,1062532,30,rpm,1,1,30.0,30.0,3200,609,0,0,0.0,1,COM9
3,1062552,30,rpm,1,1,30.0,30.0,3200,609,0,0,0.0,1,COM9
3,1062573,30,rpm,1,1,30.0,30.0,3200,609,0,0,0.0,1,COM9
3,1062593,30,rpm,1,1,30.0,30.0,3200,609,0,0,0.0,1,COM9
3,1062614,30,rpm,1,1,30.0,30.0,3200,609,0,0,0.0,1,COM9
3,1062634,30,rpm,1,1,30.0,30.0,3200,609,0,0,0.0,1,COM9
3,1062655,30,rpm,1,1,30.0,30.0,3200,609,0,0,0.0,1,COM9
3,1062675,30,rpm,1,1,30.0,30.0,3200,609,0,0,0.0,1,COM9
3,1062696,30,rpm,1,1,30.0,30.0,3200,609,0,0,0.0,1,COM9
3,1062716,30,rpm,1,1,30.0,30.0,3200,609,0,0,0.0,1,COM9
3,1062737,30,rpm,1,1,30.0,30.0,3200,609,0,0,0.0,1,COM9
3,1062757,30,rpm,1,1,30.0,30.0,3200,609,0,0,0.0,1,COM9
3,1062778,30,rpm,1,1,30.0,30.0,3200,609,0,0,0.0,1,COM9
3,1062798,30,rpm,1,1,30.0,30.0,3200,609,0,0,0.0,1,COM9
3,1062819,30,rpm,1,1,30.0,30.0,3200,609,0,0,0.0,1,COM9
3,1062840,30,rpm,1,1,30.0,30.0,3200,609,0,0,0.0,1,COM9
3,1062860,30,rpm,1,1,30.0,30.0,3200,609,0,0,0.0,1,COM9
3,1062881,30,rpm,1,1,30.0,30.0,3200,609,0,0,0.0,1,COM9
3,1062901,30,rpm,1,1,30.0,30.0,3200,609,0,0,0.0,1,COM9
3,1062922,30,rpm,1,1,30.0,30.0,3200,609,0,0,0.0,1,COM9
3,1062942,30,rpm,1,1,30.0,30.0,3200,609,0,0,0.0,1,COM9
3,1062963,30,rpm,1,1,30.0,30.0,3200,609,0,0,0.0,1,COM9
3,1062983,30,rpm,1,1,30.0,30.0,3200,609,0,0,0.0,1,COM9
3,1063004,30,rpm,1,1,30.0,30.0,3200,609,0,0,0.0,1,COM9
3,1063024,30,rpm,1,1,30.0,30.0,3200,609,0,0,0.0,1,COM9
3,1063045,30,rpm,1,1,30.0,30.0,3200,609,0,0,0.0,1,COM9
3,1063065,30,rpm,1,1,30.0,30.0,3200,609,0,0,0.0,1,COM9
3,1063086,30,rpm,1,1,30.0,30.0,3200,609,0,0,0.0,1,COM9
3,1063106,30,rpm,1,1,30.0,30.0,3200,609,0,0,0.0,1,COM9
3,1063127,30,rpm,1,1,30.0,30.0,3200,609,0,0,0.0,1,COM9
3,1063147,30,rpm,1,1,30.0,30.0,3200,609,0,0,0.0,1,COM9
3,1063168,30,rpm,1,1,30.0,30.0,3200,609,0,0,0.0,1,COM9
3,1063188,30,rpm,1,1,30.0,30.0,3200,609,0,0,0.0,1,COM9
3,1063209,30,rpm,1,1,30.0,30.0,3200,609,0,0,0.0,1,COM9
3,1063229,30,rpm,1,1,30.0,30.0,3200,609,0,0,0.0,1,COM9
3,1063250,30,rpm,1,1,30.0,30.0,3200,609,0,0,0.0,1,COM9
3,1063270,30,rpm,1,1,30.0,30.0,3200,609,0,0,0.0,1,COM9
3,1063291,30,rpm,1,1,30.0,30.0,3200,609,0,0,0.0,1,COM9
3,1063311,30,rpm,1,1,30.0,30.0,3200,609,0,0,0.0,1,COM9
3,1063332,30,rpm,1,1,30.0,30.0,3200,609,0,0,0.0,1,COM9
3,1063353,30,rpm,1,1,30.0,30.0,3200,609,0,0,0.0,1,COM9
3,1063373,30,rpm,1,1,30.0,30.0,3200,609,0,0,0.0,1,COM9
3,1063394,30,rpm,1,1,30.0,30.0,3200,609,0,0,0.0,1,COM9
3,1063414,30,rpm,1,1,30.0,30.0,3200,609,0,0,0.0,1,COM9
3,1063435,30,rpm,1,1,30.0,30.0,3200,609,0,0,0.0,1,COM9
3,1063455,30,rpm,1,1,30.0,30.0,3200,609,0,0,0.0,1,COM9
3,1063476,30,rpm,1,1,30.0,30.0,3200,609,0,0,0.0,1,COM9
3,1063496,30,rpm,1,1,30.0,30.0,3200,609,0,0,0.0,1,COM9
3,1063517,30,rpm,1,1,30.0,30.0,3200,609,0,0,0.0,1,COM9
3,1063537,30,rpm,1,1,30.0,30.0,3200,609,0,0,0.0,1,COM9
3,1063558,30,rpm,1,1,30.0,30.0,3200,609,0,0,0.0,1,COM9
3,1063578,30,rpm,1,1,30.0,30.0,3200,609,0,0,0.0,1,COM9
3,1063599,30,rpm,1,1,30.0,30.0,3200,609,0,0,0.0,1,COM9
3,1063619,30,rpm,1,1,30.0,30.0,3200,609,0,0,0.0,1,COM9
3,1063640,30,rpm,1,1,30.0,30.0,3200,609,0,0,0.0,1,COM9
3,1063660,30,rpm,1,1,30.0,30.0,3200,609,0,0,0.0,1,COM9
3,1063681,30,rpm,1,1,30.0,30.0,3200,609,0,0,0.0,1,COM9
3,1063701,30,rpm,1,1,30.0,30.0,3200,609,0,0,0.0,1,COM9
3,1063722,30,rpm,1,1,30.0,30.0,3200,609,0,0,0.0,1,COM9
3,1063742,30,rpm,1,1,30.0,30.0,3200,609,0,0,0.0,1,COM9
3,1063763,30,rpm,1,1,30.0,30.0,3200,609,0,0,0.0,1,COM9
3,1063783,30,rpm,1,1,30.0,30.0,3200,609,0,0,0.0,1,COM9
3,1063804,30,rpm,1,1,30.0,30.0,3200,609,0,0,0.0,1,COM9
3,1063824,30,rpm,1,1,30.0,30.0,3200,609,0,0,0.0,1,COM9
3,1063845,30,rpm,1,1,30.0,30.0,3200,609,0,0,0.0,1,COM9
3,1063865,30,rpm,1,1,30.0,30.0,3200,609,0,0,0.0,1,COM9
3,1063886,30,rpm,1,1,30.0,30.0,3200,609,0,0,0.0,1,COM9
3,1063906,30,rpm,1,1,30.0,30.0,3200,609,0,0,0.0,1,COM9
3,1063927,30,rpm,1,1,30.0,30.0,3200,609,0,0,0.0,1,COM9
3,1063947,30,rpm,1,1,30.0,30.0,3200,609,0,0,0.0,1,COM9
3,1063968,30,rpm,1,1,30.0,30.0,3200,609,0,0,0.0,1,COM9
3,1063989,30,rpm,1,1,30.0,30.0,3200,609,0,0,0.0,1,COM9
3,1064009,30,rpm,1,1,30.0,30.0,3200,609,0,0,0.0,1,COM9
3,1064030,30,rpm,1,1,30.0,30.0,3200,609,0,0,0.0,1,COM9
3,1064050,30,rpm,1,1,30.0,30.0,3200,609,0,0,0.0,1,COM9
3,1064071,30,rpm,1,1,30.0,30.0,3200,609,0,0,0.0,1,COM9
3,1064091,30,rpm,1,1,30.0,30.0,3200,609,0,0,0.0,1,COM9
3,1064112,30,rpm,1,1,30.0,30.0,3200,609,0,0,0.0,1,COM9
3,1064132,30,rpm,1,1,30.0,30.0,3200,609,0,0,0.0,1,COM9
3,1064153,30,rpm,1,1,30.0,30.0,3200,609,0,0,0.0,1,COM9
3,1064173,30,rpm,1,1,30.0,30.0,3200,609,0,0,0.0,1,COM9
3,1064194,30,rpm,1,1,30.0,30.0,3200,609,0,0,0.0,1,COM9
3,1064214,30,rpm,1,1,30.0,30.0,3200,609,0,0,0.0,1,COM9
3,1064235,30,rpm,1,1,30.0,30.0,3200,609,0,0,0.0,1,COM9
3,1064255,30,rpm,1,1,30.0,30.0,3200,609,0,0,0.0,1,COM9
3,1064276,30,rpm,1,1,30.0,30.0,3200,609,0,0,0.0,1,COM9
3,1064296,30,rpm,1,1,30.0,30.0,3200,609,0,0,0.0,1,COM9
3,1064317,30,rpm,1,1,30.0,30.0,3200,609,0,0,0.0,1,COM9
3,1064337,30,rpm,1,1,30.0,30.0,3200,609,0,0,0.0,1,COM9
3,1064358,30,rpm,1,1,30.0,30.0,3200,609,0,0,0.0,1,COM9
3,1064378,30,rpm,1,1,30.0,30.0,3200,609,0,0,0.0,1,COM9
3,1064399,30,rpm,1,1,30.0,30.0,3200,609,0,0,0.0,1,COM9
3,1064419,30,rpm,1,1,30.0,30.0,3200,609,0,0,0.0,1,COM9
3,1064440,30,rpm,1,1,30.0,30.0,3200,609,0,0,0.0,1,COM9
3,1064460,30,rpm,1,1,30.0,30.0,3200,609,0,0,0.0,1,COM9
3,1064481,30,rpm,1,1,30.0,30.0,3200,609,0,0,0.0,1,COM9
3,1064501,30,rpm,1,1,30.0,30.0,3200,609,0,0,0.0,1,COM9
3,1064522,30,rpm,1,1,30.0,30.0,3200,609,0,0,0.0,1,COM9
3,1064542,30,rpm,1,1,30.0,30.0,3200,609,0,0,0.0,1,COM9
3,1064563,30,rpm,1,1,30.0,30.0,3200,609,0,0,0.0,1,COM9
3,1064583,30,rpm,1,1,30.0,30.0,3200,609,0,0,0.0,1,COM9
3,1064604,30,rpm,1,1,30.0,30.0,3200,609,0,0,0.0,1,COM9
3,1064624,30,rpm,1,1,30.0,30.0,3200,609,0,0,0.0,1,COM9
3,1064645,30,rpm,1,1,30.0,30.0,3200,609,0,0,0.0,1,COM9
3,1064665,30,rpm,1,1,30.0,30.0,3200,609,0,0,0.0,1,COM9
3,1064686,30,rpm,1,1,30.0,30.0,3200,609,0,0,0.0,1,COM9
3,1064706,30,rpm,1,1,30.0,30.0,3200,609,0,0,0.0,1,COM9
3,1064727,30,rpm,1,1,30.0,30.0,3200,609,0,0,0.0,1,COM9
3,1064748,30,rpm,1,1,30.0,30.0,3200,609,0,0,0.0,1,COM9
3,1064768,30,rpm,1,1,30.0,30.0,3200,609,0,0,0.0,1,COM9
3,1064788,30,rpm,1,1,30.0,30.0,3200,609,0,0,0.0,1,COM9
3,1064809,30,rpm,1,1,30.0,30.0,3200,609,0,0,0.0,1,COM9
3,1064829,30,rpm,1,1,30.0,30.0,3200,609,0,0,0.0,1,COM9
3,1064850,30,rpm,1,1,30.0,30.0,3200,609,0,0,0.0,1,COM9
3,1064870,30,rpm,1,1,30.0,30.0,3200,609,0,0,0.0,1,COM9
3,1064891,30,rpm,1,1,30.0,30.0,3200,609,0,0,0.0,1,COM9
3,1064911,30,rpm,1,1,30.0,30.0,3200,609,0,0,0.0,1,COM9
3,1064932,30,rpm,1,1,30.0,30.0,3200,609,0,0,0.0,1,COM9
3,1064952,30,rpm,1,1,30.0,30.0,3200,609,0,0,0.0,1,COM9
3,1064973,30,rpm,1,1,30.0,30.0,3200,609,0,0,0.0,1,COM9
3,1064994,30,rpm,1,1,30.0,30.0,3200,609,0,0,0.0,1,COM9
3,1065014,30,rpm,1,1,30.0,30.0,3200,609,0,0,0.0,1,COM9
3,1065035,30,rpm,1,1,30.0,30.0,3200,609,0,0,0.0,1,COM9
3,1065055,30,rpm,1,1,30.0,30.0,3200,609,0,0,0.0,1,COM9
3,1065076,30,rpm,1,1,30.0,30.0,3200,609,0,0,0.0,1,COM9
3,1065096,30,rpm,1,1,30.0,30.0,3200,609,0,0,0.0,1,COM9
3,1065117,30,rpm,1,1,30.0,30.0,3200,609,0,0,0.0,1,COM9
3,1065137,30,rpm,1,1,30.0,30.0,3200,609,0,0,0.0,1,COM9
3,1065158,30,rpm,1,1,30.0,30.0,3200,609,0,0,0.0,1,COM9
3,1065178,30,rpm,1,1,30.0,30.0,3200,609,0,0,0.0,1,COM9
3,1065199,30,rpm,1,1,30.0,30.0,3200,609,0,0,0.0,1,COM9
3,1065220,30,rpm,1,1,30.0,30.0,3200,609,0,0,0.0,1,COM9
3,1065240,30,rpm,1,1,30.0,30.0,3200,609,0,0,0.0,1,COM9
3,1065260,30,rpm,1,1,30.0,30.0,3200,609,0,0,0.0,1,COM9
3,1065281,30,rpm,1,1,30.0,30.0,3200,609,0,0,0.0,1,COM9
3,1065301,30,rpm,1,1,30.0,30.0,3200,609,0,0,0.0,1,COM9
3,1065322,30,rpm,1,1,30.0,30.0,3200,609,0,0,0.0,1,COM9
3,1065343,30,rpm,1,1,30.0,30.0,3200,609,0,0,0.0,1,COM9
3,1065363,30,rpm,1,1,30.0,30.0,3200,609,0,0,0.0,1,COM9
3,1065384,30,rpm,1,1,30.0,30.0,3200,609,0,0,0.0,1,COM9
3,1065404,30,rpm,1,1,30.0,30.0,3200,609,0,0,0.0,1,COM9
3,1065425,30,rpm,1,1,30.0,30.0,3200,609,0,0,0.0,1,COM9
3,1065445,30,rpm,1,1,30.0,30.0,3200,609,0,0,0.0,1,COM9
3,1065466,30,rpm,1,1,30.0,30.0,3200,609,0,0,0.0,1,COM9
3,1065486,30,rpm,1,1,30.0,30.0,3200,609,0,0,0.0,1,COM9
3,1065507,30,rpm,1,1,30.0,30.0,3200,609,0,0,0.0,1,COM9
3,1065527,30,rpm,1,1,30.0,30.0,3200,609,0,0,0.0,1,COM9
3,1065548,30,rpm,1,1,30.0,30.0,3200,609,0,0,0.0,1,COM9
3,1065568,30,rpm,1,1,30.0,30.0,3200,609,0,0,0.0,1,COM9
3,1065589,30,rpm,1,1,30.0,30.0,3200,609,0,0,0.0,1,COM9
3,1065609,30,rpm,1,1,30.0,30.0,3200,609,0,0,0.0,1,COM9
3,1065630,30,rpm,1,1,30.0,30.0,3200,609,0,0,0.0,1,COM9
3,1065650,30,rpm,1,1,30.0,30.0,3200,609,0,0,0.0,1,COM9
3,1065671,30,rpm,1,1,30.0,30.0,3200,609,0,0,0.0,1,COM9
3,1065691,30,rpm,1,1,30.0,30.0,3200,609,0,0,0.0,1,COM9
3,1065712,30,rpm,1,1,30.0,30.0,3200,609,0,0,0.0,1,COM9
3,1065732,30,rpm,1,1,30.0,30.0,3200,609,0,0,0.0,1,COM9
3,1065753,30,rpm,1,1,30.0,30.0,3200,609,0,0,0.0,1,COM9
3,1065773,30,rpm,1,1,30.0,30.0,3200,609,0,0,0.0,1,COM9
3,1065794,30,rpm,1,1,30.0,30.0,3200,609,0,0,0.0,1,COM9
3,1065814,30,rpm,1,1,30.0,30.0,3200,609,0,0,0.0,1,COM9
3,1065835,30,rpm,1,1,30.0,30.0,3200,609,0,0,0.0,1,COM9
3,1065855,30,rpm,1,1,30.0,30.0,3200,609,0,0,0.0,1,COM9
3,1065876,30,rpm,1,1,30.0,30.0,3200,609,0,0,0.0,1,COM9
3,1065896,30,rpm,1,1,30.0,30.0,3200,609,0,0,0.0,1,COM9
3,1065917,30,rpm,1,1,30.0,30.0,3200,609,0,0,0.0,1,COM9
3,1065956,30,rpm,1,1,30.0,30.0,3200,609,0,0,0.0,1,COM9
3,1065977,30,rpm,1,1,30.0,30.0,3200,609,0,0,0.0,1,COM9
3,1065998,30,rpm,1,1,30.0,30.0,3200,609,0,0,0.0,1,COM9
3,1066018,30,rpm,1,1,30.0,30.0,3200,609,0,0,0.0,1,COM9
3,1066039,30,rpm,1,1,30.0,30.0,3200,609,0,0,0.0,1,COM9
3,1066059,30,rpm,1,1,30.0,30.0,3200,609,0,0,0.0,1,COM9
3,1066080,30,rpm,1,1,30.0,30.0,3200,609,0,0,0.0,1,COM9
3,1066100,30,rpm,1,1,30.0,30.0,3200,609,0,0,0.0,1,COM9
3,1066121,30,rpm,1,1,30.0,30.0,3200,609,0,0,0.0,1,COM9
3,1066141,30,rpm,1,1,30.0,30.0,3200,609,0,0,0.0,1,COM9
3,1066162,30,rpm,1,1,30.0,30.0,3200,609,0,0,0.0,1,COM9
3,1066182,30,rpm,1,1,30.0,30.0,3200,609,0,0,0.0,1,COM9
3,1066203,30,rpm,1,1,30.0,30.0,3200,609,0,0,0.0,1,COM9
3,1066224,30,rpm,1,1,30.0,30.0,3200,609,0,0,0.0,1,COM9
3,1066244,30,rpm,1,1,30.0,30.0,3200,609,0,0,0.0,1,COM9
3,1066265,30,rpm,1,1,30.0,30.0,3200,609,0,0,0.0,1,COM9
3,1066285,30,rpm,1,1,30.0,30.0,3200,609,0,0,0.0,1,COM9
3,1066306,30,rpm,1,1,30.0,30.0,3200,609,0,0,0.0,1,COM9
3,1066326,30,rpm,1,1,30.0,30.0,3200,609,0,0,0.0,1,COM9
3,1066347,30,rpm,1,1,30.0,30.0,3200,609,0,0,0.0,1,COM9
3,1066367,30,rpm,1,1,30.0,30.0,3200,609,0,0,0.0,1,COM9
3,1066388,30,rpm,1,1,30.0,30.0,3200,609,0,0,0.0,1,COM9
3,1066408,30,rpm,1,1,30.0,30.0,3200,609,0,0,0.0,1,COM9
3,1066429,30,rpm,1,1,30.0,30.0,3200,609,0,0,0.0,1,COM9
3,1066449,30,rpm,1,1,30.0,30.0,3200,609,0,0,0.0,1,COM9
3,1066470,30,rpm,1,1,30.0,30.0,3200,609,0,0,0.0,1,COM9
3,1066490,30,rpm,1,1,30.0,30.0,3200,609,0,0,0.0,1,COM9
3,1066511,30,rpm,1,1,30.0,30.0,3200,609,0,0,0.0,1,COM9
3,1066531,30,rpm,1,1,30.0,30.0,3200,609,0,0,0.0,1,COM9
3,1066552,30,rpm,1,1,30.0,30.0,3200,609,0,0,0.0,1,COM9
3,1066573,30,rpm,1,1,30.0,30.0,3200,609,0,0,0.0,1,COM9
3,1066593,30,rpm,1,1,30.0,30.0,3200,609,0,0,0.0,1,COM9
3,1066614,30,rpm,1,1,30.0,30.0,3200,609,0,0,0.0,1,COM9
3,1066634,30,rpm,1,1,30.0,30.0,3200,609,0,0,0.0,1,COM9
3,1066655,30,rpm,1,1,30.0,30.0,3200,609,0,0,0.0,1,COM9
3,1066675,30,rpm,1,1,30.0,30.0,3200,609,0,0,0.0,1,COM9
3,1066696,30,rpm,1,1,30.0,30.0,3200,609,0,0,0.0,1,COM9
3,1066716,30,rpm,1,1,30.0,30.0,3200,609,0,0,0.0,1,COM9
3,1066737,30,rpm,1,1,30.0,30.0,3200,609,0,0,0.0,1,COM9
3,1066757,30,rpm,1,1,30.0,30.0,3200,609,0,0,0.0,1,COM9
3,1066778,30,rpm,1,1,30.0,30.0,3200,609,0,0,0.0,1,COM9
3,1066798,30,rpm,1,1,30.0,30.0,3200,609,0,0,0.0,1,COM9
3,1066819,30,rpm,1,1,30.0,30.0,3200,609,0,0,0.0,1,COM9
3,1066839,30,rpm,1,1,30.0,30.0,3200,609,0,0,0.0,1,COM9
3,1066860,30,rpm,1,1,30.0,30.0,3200,609,0,0,0.0,1,COM9
3,1066880,30,rpm,1,1,30.0,30.0,3200,609,0,0,0.0,1,COM9
3,1066901,30,rpm,1,1,30.0,30.0,3200,609,0,0,0.0,1,COM9
3,1066921,30,rpm,1,1,30.0,30.0,3200,609,0,0,0.0,1,COM9
3,1066942,30,rpm,1,1,30.0,30.0,3200,609,0,0,0.0,1,COM9
3,1066962,30,rpm,1,1,30.0,30.0,3200,609,0,0,0.0,1,COM9
3,1066983,30,rpm,1,1,30.0,30.0,3200,609,0,0,0.0,1,COM9
3,1067004,30,rpm,1,1,30.0,30.0,3200,609,0,0,0.0,1,COM9
3,1067024,30,rpm,1,1,30.0,30.0,3200,609,0,0,0.0,1,COM9
3,1067045,30,rpm,1,1,30.0,30.0,3200,609,0,0,0.0,1,COM9
3,1067065,30,rpm,1,1,30.0,30.0,3200,609,0,0,0.0,1,COM9
3,1067086,30,rpm,1,1,30.0,30.0,3200,609,0,0,0.0,1,COM9
3,1067106,30,rpm,1,1,30.0,30.0,3200,609,0,0,0.0,1,COM9
3,1067127,30,rpm,1,1,30.0,30.0,3200,609,0,0,0.0,1,COM9
3,1067147,30,rpm,1,1,30.0,30.0,3200,609,0,0,0.0,1,COM9
3,1067168,30,rpm,1,1,30.0,30.0,3200,609,0,0,0.0,1,COM9
3,1067188,30,rpm,1,1,30.0,30.0,3200,609,0,0,0.0,1,COM9
3,1067209,30,rpm,1,1,30.0,30.0,3200,609,0,0,0.0,1,COM9
3,1067229,30,rpm,1,1,30.0,30.0,3200,609,0,0,0.0,1,COM9
3,1067250,30,rpm,1,1,30.0,30.0,3200,609,0,0,0.0,1,COM9
3,1067270,30,rpm,1,1,30.0,30.0,3200,609,0,0,0.0,1,COM9
3,1067291,30,rpm,1,1,30.0,30.0,3200,609,0,0,0.0,1,COM9
3,1067311,30,rpm,1,1,30.0,30.0,3200,609,0,0,0.0,1,COM9
3,1067332,30,rpm,1,1,30.0,30.0,3200,609,0,0,0.0,1,COM9
3,1067352,30,rpm,1,1,30.0,30.0,3200,609,0,0,0.0,1,COM9
3,1067373,30,rpm,1,1,30.0,30.0,3200,609,0,0,0.0,1,COM9
3,1067394,30,rpm,1,1,30.0,30.0,3200,609,0,0,0.0,1,COM9
3,1067414,30,rpm,1,1,30.0,30.0,3200,609,0,0,0.0,1,COM9
3,1067435,30,rpm,1,1,30.0,30.0,3200,609,0,0,0.0,1,COM9
3,1067455,30,rpm,1,1,30.0,30.0,3200,609,0,0,0.0,1,COM9
3,1067476,30,rpm,1,1,30.0,30.0,3200,609,0,0,0.0,1,COM9
3,1067496,30,rpm,1,1,30.0,30.0,3200,609,0,0,0.0,1,COM9
3,1067517,30,rpm,1,1,30.0,30.0,3200,609,0,0,0.0,1,COM9
3,1067537,30,rpm,1,1,30.0,30.0,3200,609,0,0,0.0,1,COM9
3,1067558,30,rpm,1,1,30.0,30.0,3200,609,0,0,0.0,1,COM9
3,1067578,30,rpm,1,1,30.0,30.0,3200,609,0,0,0.0,1,COM9
3,1067599,30,rpm,1,1,30.0,30.0,3200,609,0,0,0.0,1,COM9
3,1067619,30,rpm,1,1,30.0,30.0,3200,609,0,0,0.0,1,COM9
3,1067640,30,rpm,1,1,30.0,30.0,3200,609,0,0,0.0,1,COM9
3,1067660,30,rpm,1,1,30.0,30.0,3200,609,0,0,0.0,1,COM9
3,1067681,30,rpm,1,1,30.0,30.0,3200,609,0,0,0.0,1,COM9
3,1067701,30,rpm,1,1,30.0,30.0,3200,609,0,0,0.0,1,COM9
3,1067722,30,rpm,1,1,30.0,30.0,3200,609,0,0,0.0,1,COM9
3,1067742,30,rpm,1,1,30.0,30.0,3200,609,0,0,0.0,1,COM9
3,1067763,30,rpm,1,1,30.0,30.0,3200,609,0,0,0.0,1,COM9
3,1067783,30,rpm,1,1,30.0,30.0,3200,609,0,0,0.0,1,COM9
3,1067804,30,rpm,1,1,30.0,30.0,3200,609,0,0,0.0,1,COM9
3,1067824,30,rpm,1,1,30.0,30.0,3200,609,0,0,0.0,1,COM9
3,1067845,30,rpm,1,1,30.0,30.0,3200,609,0,0,0.0,1,COM9
3,1067865,30,rpm,1,1,30.0,30.0,3200,609,0,0,0.0,1,COM9
3,1067886,30,rpm,1,1,30.0,30.0,3200,609,0,0,0.0,1,COM9
3,1067906,30,rpm,1,1,30.0,30.0,3200,609,0,0,0.0,1,COM9
3,1067927,30,rpm,1,1,30.0,30.0,3200,609,0,0,0.0,1,COM9
3,1067947,30,rpm,1,1,30.0,30.0,3200,609,0,0,0.0,1,COM9
3,1067968,30,rpm,1,1,30.0,30.0,3200,609,0,0,0.0,1,COM9
3,1067988,30,rpm,1,1,30.0,30.0,3200,609,0,0,0.0,1,COM9
3,1068009,30,rpm,1,1,30.0,30.0,3200,609,0,0,0.0,1,COM9
3,1068029,30,rpm,1,1,30.0,30.0,3200,609,0,0,0.0,1,COM9
3,1068050,30,rpm,1,1,30.0,30.0,3200,609,0,0,0.0,1,COM9
3,1068070,30,rpm,1,1,30.0,30.0,3200,609,0,0,0.0,1,COM9
3,1068091,30,rpm,1,1,30.0,30.0,3200,609,0,0,0.0,1,COM9
3,1068111,30,rpm,1,1,30.0,30.0,3200,609,0,0,0.0,1,COM9
3,1068132,30,rpm,1,1,30.0,30.0,3200,609,0,0,0.0,1,COM9
3,1068152,30,rpm,1,1,30.0,30.0,3200,609,0,0,0.0,1,COM9
3,1068173,30,rpm,1,1,30.0,30.0,3200,609,0,0,0.0,1,COM9
3,1068193,30,rpm,1,1,30.0,30.0,3200,609,0,0,0.0,1,COM9
3,1068214,30,rpm,1,1,30.0,30.0,3200,609,0,0,0.0,1,COM9
3,1068234,30,rpm,1,1,30.0,30.0,3200,609,0,0,0.0,1,COM9
3,1068255,30,rpm,1,1,30.0,30.0,3200,609,0,0,0.0,1,COM9
3,1068275,30,rpm,1,1,30.0,30.0,3200,609,0,0,0.0,1,COM9
3,1068296,30,rpm,1,1,30.0,30.0,3200,609,0,0,0.0,1,COM9
3,1068316,30,rpm,1,1,30.0,30.0,3200,609,0,0,0.0,1,COM9
3,1068337,30,rpm,1,1,30.0,30.0,3200,609,0,0,0.0,1,COM9
3,1068357,30,rpm,1,1,30.0,30.0,3200,609,0,0,0.0,1,COM9
3,1068378,30,rpm,1,1,30.0,30.0,3200,609,0,0,0.0,1,COM9
3,1068399,30,rpm,1,1,30.0,30.0,3200,609,0,0,0.0,1,COM9
3,1068419,30,rpm,1,1,30.0,30.0,3200,609,0,0,0.0,1,COM9
3,1068440,30,rpm,1,1,30.0,30.0,3200,609,0,0,0.0,1,COM9
3,1068460,30,rpm,1,1,30.0,30.0,3200,609,0,0,0.0,1,COM9
3,1068481,30,rpm,1,1,30.0,30.0,3200,609,0,0,0.0,1,COM9
3,1068501,30,rpm,1,1,30.0,30.0,3200,609,0,0,0.0,1,COM9
3,1068522,30,rpm,1,1,30.0,30.0,3200,609,0,0,0.0,1,COM9
3,1068542,30,rpm,1,1,30.0,30.0,3200,609,0,0,0.0,1,COM9
3,1068563,30,rpm,1,1,30.0,30.0,3200,609,0,0,0.0,1,COM9
3,1068583,30,rpm,1,1,30.0,30.0,3200,609,0,0,0.0,1,COM9
3,1068604,30,rpm,1,1,30.0,30.0,3200,609,0,0,0.0,1,COM9
3,1068624,30,rpm,1,1,30.0,30.0,3200,609,0,0,0.0,1,COM9
3,1068645,30,rpm,1,1,30.0,30.0,3200,609,0,0,0.0,1,COM9
3,1068665,30,rpm,1,1,30.0,30.0,3200,609,0,0,0.0,1,COM9
3,1068686,30,rpm,1,1,30.0,30.0,3200,609,0,0,0.0,1,COM9
3,1068706,30,rpm,1,1,30.0,30.0,3200,609,0,0,0.0,1,COM9
3,1068727,30,rpm,1,1,30.0,30.0,3200,609,0,0,0.0,1,COM9
3,1068747,30,rpm,1,1,30.0,30.0,3200,609,0,0,0.0,1,COM9
3,1068768,30,rpm,1,1,30.0,30.0,3200,609,0,0,0.0,1,COM9
3,1068788,30,rpm,1,1,30.0,30.0,3200,609,0,0,0.0,1,COM9
3,1068809,30,rpm,1,1,30.0,30.0,3200,609,0,0,0.0,1,COM9
3,1068829,30,rpm,1,1,30.0,30.0,3200,609,0,0,0.0,1,COM9
3,1068850,30,rpm,1,1,30.0,30.0,3200,609,0,0,0.0,1,COM9
3,1068870,30,rpm,1,1,30.0,30.0,3200,609,0,0,0.0,1,COM9
3,1068891,30,rpm,1,1,30.0,30.0,3200,609,0,0,0.0,1,COM9
3,1068912,30,rpm,1,1,30.0,30.0,3200,609,0,0,0.0,1,COM9
3,1068932,30,rpm,1,1,30.0,30.0,3200,609,0,0,0.0,1,COM9
3,1068953,30,rpm,1,1,30.0,30.0,3200,609,0,0,0.0,1,COM9
3,1068973,30,rpm,1,1,30.0,30.0,3200,609,0,0,0.0,1,COM9
3,1068994,30,rpm,1,1,30.0,30.0,3200,609,0,0,0.0,1,COM9
3,1069014,30,rpm,1,1,30.0,30.0,3200,609,0,0,0.0,1,COM9
3,1069035,30,rpm,1,1,30.0,30.0,3200,609,0,0,0.0,1,COM9
3,1069055,30,rpm,1,1,30.0,30.0,3200,609,0,0,0.0,1,COM9
3,1069076,30,rpm,1,1,30.0,30.0,3200,609,0,0,0.0,1,COM9
3,1069096,30,rpm,1,1,30.0,30.0,3200,609,0,0,0.0,1,COM9
3,1069116,30,rpm,1,1,30.0,30.0,3200,609,0,0,0.0,1,COM9
3,1069137,30,rpm,1,1,30.0,30.0,3200,609,0,0,0.0,1,COM9
3,1069157,30,rpm,1,1,30.0,30.0,3200,609,0,0,0.0,1,COM9
3,1069178,30,rpm,1,1,30.0,30.0,3200,609,0,0,0.0,1,COM9
3,1069198,30,rpm,1,1,30.0,30.0,3200,609,0,0,0.0,1,COM9
3,1069219,30,rpm,1,1,30.0,30.0,3200,609,0,0,0.0,1,COM9
3,1069240,30,rpm,1,1,30.0,30.0,3200,609,0,0,0.0,1,COM9
3,1069260,30,rpm,1,1,30.0,30.0,3200,609,0,0,0.0,1,COM9
3,1069281,30,rpm,1,1,30.0,30.0,3200,609,0,0,0.0,1,COM9
3,1069301,30,rpm,1,1,30.0,30.0,3200,609,0,0,0.0,1,COM9
3,1069322,30,rpm,1,1,30.0,30.0,3200,609,0,0,0.0,1,COM9
3,1069342,30,rpm,1,1,30.0,30.0,3200,609,0,0,0.0,1,COM9
3,1069363,30,rpm,1,1,30.0,30.0,3200,609,0,0,0.0,1,COM9
3,1069383,30,rpm,1,1,30.0,30.0,3200,609,0,0,0.0,1,COM9
3,1069403,30,rpm,1,1,30.0,30.0,3200,609,0,0,0.0,1,COM9
3,1069424,30,rpm,1,1,30.0,30.0,3200,609,0,0,0.0,1,COM9
3,1069445,30,rpm,1,1,30.0,30.0,3200,609,0,0,0.0,1,COM9
3,1069465,30,rpm,1,1,30.0,30.0,3200,609,0,0,0.0,1,COM9
3,1069486,30,rpm,1,1,30.0,30.0,3200,609,0,0,0.0,1,COM9
3,1069506,30,rpm,1,1,30.0,30.0,3200,609,0,0,0.0,1,COM9
3,1069527,30,rpm,1,1,30.0,30.0,3200,609,0,0,0.0,1,COM9
3,1069547,30,rpm,1,1,30.0,30.0,3200,609,0,0,0.0,1,COM9
3,1069568,30,rpm,1,1,30.0,30.0,3200,609,0,0,0.0,1,COM9
3,1069588,30,rpm,1,1,30.0,30.0,3200,609,0,0,0.0,1,COM9
3,1069609,30,rpm,1,1,30.0,30.0,3200,609,0,0,0.0,1,COM9
3,1069629,30,rpm,1,1,30.0,30.0,3200,609,0,0,0.0,1,COM9
3,1069650,30,rpm,1,1,30.0,30.0,3200,609,0,0,0.0,1,COM9
3,1069670,30,rpm,1,1,30.0,30.0,3200,609,0,0,0.0,1,COM9
3,1069690,30,rpm,1,1,30.0,30.0,3200,609,0,0,0.0,1,COM9
3,1069711,30,rpm,1,1,30.0,30.0,3200,609,0,0,0.0,1,COM9
3,1069732,30,rpm,1,1,30.0,30.0,3200,609,0,0,0.0,1,COM9
3,1069752,30,rpm,1,1,30.0,30.0,3200,609,0,0,0.0,1,COM9
3,1069772,30,rpm,1,1,30.0,30.0,3200,609,0,0,0.0,1,COM9
3,1069793,30,rpm,1,1,30.0,30.0,3200,609,0,0,0.0,1,COM9
3,1069813,30,rpm,1,1,30.0,30.0,3200,609,0,0,0.0,1,COM9
3,1069834,30,rpm,1,1,30.0,30.0,3200,609,0,0,0.0,1,COM9
3,1069854,30,rpm,1,1,30.0,30.0,3200,609,0,0,0.0,1,COM9
3,1069875,30,rpm,1,1,30.0,30.0,3200,609,0,0,0.0,1,COM9
3,1069895,30,rpm,1,1,30.0,30.0,3200,609,0,0,0.0,1,COM9
3,1069916,30,rpm,1,1,30.0,30.0,3200,609,0,0,0.0,1,COM9
3,1069937,30,rpm,1,1,30.0,30.0,3200,609,0,0,0.0,1,COM9
3,1069957,30,rpm,1,1,30.0,30.0,3200,609,0,0,0.0,1,COM9
3,1069978,30,rpm,1,1,30.0,30.0,3200,609,0,0,0.0,1,COM9
3,1069998,30,rpm,1,1,30.0,30.0,3200,609,0,0,0.0,1,COM9
3,1070019,30,rpm,1,1,30.0,30.0,3200,609,0,0,0.0,1,COM9
3,1070039,30,rpm,1,1,30.0,30.0,3200,609,0,0,0.0,1,COM9
3,1070060,30,rpm,1,1,30.0,30.0,3200,609,0,0,0.0,1,COM9
3,1070080,30,rpm,1,1,30.0,30.0,3200,609,0,0,0.0,1,COM9
3,1070101,30,rpm,1,1,30.0,30.0,3200,609,0,0,0.0,1,COM9
3,1070121,30,rpm,1,1,30.0,30.0,3200,609,0,0,0.0,1,COM9
3,1070142,30,rpm,1,1,30.0,30.0,3200,609,0,0,0.0,1,COM9
3,1070162,30,rpm,1,1,30.0,30.0,3200,609,0,0,0.0,1,COM9
3,1070183,30,rpm,1,1,30.0,30.0,3200,609,0,0,0.0,1,COM9
3,1070203,30,rpm,1,1,30.0,30.0,3200,609,0,0,0.0,1,COM9
3,1070224,30,rpm,1,1,30.0,30.0,3200,609,0,0,0.0,1,COM9
3,1070244,30,rpm,1,1,30.0,30.0,3200,609,0,0,0.0,1,COM9
3,1070265,30,rpm,1,1,30.0,30.0,3200,609,0,0,0.0,1,COM9
3,1070285,30,rpm,1,1,30.0,30.0,3200,609,0,0,0.0,1,COM9
3,1070306,30,rpm,1,1,30.0,30.0,3200,609,0,0,0.0,1,COM9
3,1070326,30,rpm,1,1,30.0,30.0,3200,609,0,0,0.0,1,COM9
3,1070347,30,rpm,1,1,30.0,30.0,3200,609,0,0,0.0,1,COM9
3,1070367,30,rpm,1,1,30.0,30.0,3200,609,0,0,0.0,1,COM9
3,1070388,30,rpm,1,1,30.0,30.0,3200,609,0,0,0.0,1,COM9
3,1070408,30,rpm,1,1,30.0,30.0,3200,609,0,0,0.0,1,COM9
3,1070429,30,rpm,1,1,30.0,30.0,3200,609,0,0,0.0,1,COM9
3,1070449,30,rpm,1,1,30.0,30.0,3200,609,0,0,0.0,1,COM9
3,1070470,30,rpm,1,1,30.0,30.0,3200,609,0,0,0.0,1,COM9
3,1070490,30,rpm,1,1,30.0,30.0,3200,609,0,0,0.0,1,COM9
3,1070511,30,rpm,1,1,30.0,30.0,3200,609,0,0,0.0,1,COM9
3,1070531,30,rpm,1,1,30.0,30.0,3200,609,0,0,0.0,1,COM9
3,1070552,30,rpm,1,1,30.0,30.0,3200,609,0,0,0.0,1,COM9
3,1070572,30,rpm,1,1,30.0,30.0,3200,609,0,0,0.0,1,COM9
3,1070593,30,rpm,1,1,30.0,30.0,3200,609,0,0,0.0,1,COM9
3,1070613,30,rpm,1,1,30.0,30.0,3200,609,0,0,0.0,1,COM9
3,1070634,30,rpm,1,1,30.0,30.0,3200,609,0,0,0.0,1,COM9
3,1070654,30,rpm,1,1,30.0,30.0,3200,609,0,0,0.0,1,COM9
3,1070675,30,rpm,1,1,30.0,30.0,3200,609,0,0,0.0,1,COM9
3,1070696,30,rpm,1,1,30.0,30.0,3200,609,0,0,0.0,1,COM9
3,1070716,30,rpm,1,1,30.0,30.0,3200,609,0,0,0.0,1,COM9
3,1070737,30,rpm,1,1,30.0,30.0,3200,609,0,0,0.0,1,COM9
3,1070757,30,rpm,1,1,30.0,30.0,3200,609,0,0,0.0,1,COM9
3,1070778,30,rpm,1,1,30.0,30.0,3200,609,0,0,0.0,1,COM9
3,1070798,30,rpm,1,1,30.0,30.0,3200,609,0,0,0.0,1,COM9
3,1070819,30,rpm,1,1,30.0,30.0,3200,609,0,0,0.0,1,COM9
3,1070839,30,rpm,1,1,30.0,30.0,3200,609,0,0,0.0,1,COM9
3,1070860,30,rpm,1,1,30.0,30.0,3200,609,0,0,0.0,1,COM9
3,1070880,30,rpm,1,1,30.0,30.0,3200,609,0,0,0.0,1,COM9
3,1070901,30,rpm,1,1,30.0,30.0,3200,609,0,0,0.0,1,COM9
3,1070921,30,rpm,1,1,30.0,30.0,3200,609,0,0,0.0,1,COM9
3,1070942,30,rpm,1,1,30.0,30.0,3200,609,0,0,0.0,1,COM9
3,1070962,30,rpm,1,1,30.0,30.0,3200,609,0,0,0.0,1,COM9
3,1070983,30,rpm,1,1,30.0,30.0,3200,609,0,0,0.0,1,COM9
3,1071003,30,rpm,1,1,30.0,30.0,3200,609,0,0,0.0,1,COM9
3,1071024,30,rpm,1,1,30.0,30.0,3200,609,0,0,0.0,1,COM9
3,1071044,30,rpm,1,1,30.0,30.0,3200,609,0,0,0.0,1,COM9
3,1071065,30,rpm,1,1,30.0,30.0,3200,609,0,0,0.0,1,COM9
3,1071085,30,rpm,1,1,30.0,30.0,3200,609,0,0,0.0,1,COM9
3,1071106,30,rpm,1,1,30.0,30.0,3200,609,0,0,0.0,1,COM9
3,1071126,30,rpm,1,1,30.0,30.0,3200,609,0,0,0.0,1,COM9
3,1071147,30,rpm,1,1,30.0,30.0,3200,609,0,0,0.0,1,COM9
3,1071167,30,rpm,1,1,30.0,30.0,3200,609,0,0,0.0,1,COM9
3,1071188,30,rpm,1,1,30.0,30.0,3200,609,0,0,0.0,1,COM9
3,1071208,30,rpm,1,1,30.0,30.0,3200,609,0,0,0.0,1,COM9
3,1071229,30,rpm,1,1,30.0,30.0,3200,609,0,0,0.0,1,COM9
3,1071249,30,rpm,1,1,30.0,30.0,3200,609,0,0,0.0,1,COM9
3,1071270,30,rpm,1,1,30.0,30.0,3200,609,0,0,0.0,1,COM9
3,1071290,30,rpm,1,1,30.0,30.0,3200,609,0,0,0.0,1,COM9
3,1071311,30,rpm,1,1,30.0,30.0,3200,609,0,0,0.0,1,COM9
3,1071332,30,rpm,1,1,30.0,30.0,3200,609,0,0,0.0,1,COM9
3,1071352,30,rpm,1,1,30.0,30.0,3200,609,0,0,0.0,1,COM9
3,1071373,30,rpm,1,1,30.0,30.0,3200,609,0,0,0.0,1,COM9
3,1071393,30,rpm,1,1,30.0,30.0,3200,609,0,0,0.0,1,COM9
3,1071414,30,rpm,1,1,30.0,30.0,3200,609,0,0,0.0,1,COM9
3,1071434,30,rpm,1,1,30.0,30.0,3200,609,0,0,0.0,1,COM9
3,1071455,30,rpm,1,1,30.0,30.0,3200,609,0,0,0.0,1,COM9
3,1071475,30,rpm,1,1,30.0,30.0,3200,609,0,0,0.0,1,COM9
3,1071496,30,rpm,1,1,30.0,30.0,3200,609,0,0,0.0,1,COM9
3,1071516,30,rpm,1,1,30.0,30.0,3200,609,0,0,0.0,1,COM9
3,1071537,30,rpm,1,1,30.0,30.0,3200,609,0,0,0.0,1,COM9
3,1071557,30,rpm,1,1,30.0,30.0,3200,609,0,0,0.0,1,COM9
3,1071578,30,rpm,1,1,30.0,30.0,3200,609,0,0,0.0,1,COM9
3,1071598,30,rpm,1,1,30.0,30.0,3200,609,0,0,0.0,1,COM9
3,1071619,30,rpm,1,1,30.0,30.0,3200,609,0,0,0.0,1,COM9
3,1071639,30,rpm,1,1,30.0,30.0,3200,609,0,0,0.0,1,COM9
3,1071660,30,rpm,1,1,30.0,30.0,3200,609,0,0,0.0,1,COM9
3,1071680,30,rpm,1,1,30.0,30.0,3200,609,0,0,0.0,1,COM9
3,1071701,30,rpm,1,1,30.0,30.0,3200,609,0,0,0.0,1,COM9
3,1071721,30,rpm,1,1,30.0,30.0,3200,609,0,0,0.0,1,COM9
3,1071742,30,rpm,1,1,30.0,30.0,3200,609,0,0,0.0,1,COM9
3,1071762,30,rpm,1,1,30.0,30.0,3200,609,0,0,0.0,1,COM9
3,1071783,30,rpm,1,1,30.0,30.0,3200,609,0,0,0.0,1,COM9
3,1071803,30,rpm,1,1,30.0,30.0,3200,609,0,0,0.0,1,COM9
3,1071824,30,rpm,1,1,30.0,30.0,3200,609,0,0,0.0,1,COM9
3,1071844,30,rpm,1,1,30.0,30.0,3200,609,0,0,0.0,1,COM9
3,1071865,30,rpm,1,1,30.0,30.0,3200,609,0,0,0.0,1,COM9
3,1071885,30,rpm,1,1,30.0,30.0,3200,609,0,0,0.0,1,COM9
3,1071906,30,rpm,1,1,30.0,30.0,3200,609,0,0,0.0,1,COM9
3,1071926,30,rpm,1,1,30.0,30.0,3200,609,0,0,0.0,1,COM9
3,1071947,30,rpm,1,1,30.0,30.0,3200,609,0,0,0.0,1,COM9
3,1071967,30,rpm,1,1,30.0,30.0,3200,609,0,0,0.0,1,COM9
3,1071988,30,rpm,1,1,30.0,30.0,3200,609,0,0,0.0,1,COM9
3,1072008,30,rpm,1,1,30.0,30.0,3200,609,0,0,0.0,1,COM9
3,1072029,30,rpm,1,1,30.0,30.0,3200,609,0,0,0.0,1,COM9
3,1072049,30,rpm,1,1,30.0,30.0,3200,609,0,0,0.0,1,COM9
3,1072070,30,rpm,1,1,30.0,30.0,3200,609,0,0,0.0,1,COM9
3,1072090,30,rpm,1,1,30.0,30.0,3200,609,0,0,0.0,1,COM9
3,1072111,30,rpm,1,1,30.0,30.0,3200,609,0,0,0.0,1,COM9
3,1072132,30,rpm,1,1,30.0,30.0,3200,609,0,0,0.0,1,COM9
3,1072152,30,rpm,1,1,30.0,30.0,3200,609,0,0,0.0,1,COM9
3,1072173,30,rpm,1,1,30.0,30.0,3200,609,0,0,0.0,1,COM9
3,1072193,30,rpm,1,1,30.0,30.0,3200,609,0,0,0.0,1,COM9
3,1072214,30,rpm,1,1,30.0,30.0,3200,609,0,0,0.0,1,COM9
3,1072234,30,rpm,1,1,30.0,30.0,3200,609,0,0,0.0,1,COM9
3,1072255,30,rpm,1,1,30.0,30.0,3200,609,0,0,0.0,1,COM9
3,1072275,30,rpm,1,1,30.0,30.0,3200,609,0,0,0.0,1,COM9
3,1072296,30,rpm,1,1,30.0,30.0,3200,609,0,0,0.0,1,COM9
3,1072316,30,rpm,1,1,30.0,30.0,3200,609,0,0,0.0,1,COM9
3,1072337,30,rpm,1,1,30.0,30.0,3200,609,0,0,0.0,1,COM9
3,1072357,30,rpm,1,1,30.0,30.0,3200,609,0,0,0.0,1,COM9
3,1072378,30,rpm,1,1,30.0,30.0,3200,609,0,0,0.0,1,COM9
3,1072398,30,rpm,1,1,30.0,30.0,3200,609,0,0,0.0,1,COM9
3,1072419,30,rpm,1,1,30.0,30.0,3200,609,0,0,0.0,1,COM9
3,1072439,30,rpm,1,1,30.0,30.0,3200,609,0,0,0.0,1,COM9
3,1072460,30,rpm,1,1,30.0,30.0,3200,609,0,0,0.0,1,COM9
3,1072480,30,rpm,1,1,30.0,30.0,3200,609,0,0,0.0,1,COM9
3,1072501,30,rpm,1,1,30.0,30.0,3200,609,0,0,0.0,1,COM9
3,1072522,30,rpm,1,1,30.0,30.0,3200,609,0,0,0.0,1,COM9
3,1072542,30,rpm,1,1,30.0,30.0,3200,609,0,0,0.0,1,COM9
3,1072563,30,rpm,1,1,30.0,30.0,3200,609,0,0,0.0,1,COM9
3,1072583,30,rpm,1,1,30.0,30.0,3200,609,0,0,0.0,1,COM9
3,1072604,30,rpm,1,1,30.0,30.0,3200,609,0,0,0.0,1,COM9
3,1072624,30,rpm,1,1,30.0,30.0,3200,609,0,0,0.0,1,COM9
3,1072645,30,rpm,1,1,30.0,30.0,3200,609,0,0,0.0,1,COM9
3,1072665,30,rpm,1,1,30.0,30.0,3200,609,0,0,0.0,1,COM9
3,1072686,30,rpm,1,1,30.0,30.0,3200,609,0,0,0.0,1,COM9
3,1072706,30,rpm,1,1,30.0,30.0,3200,609,0,0,0.0,1,COM9
3,1072727,30,rpm,1,1,30.0,30.0,3200,609,0,0,0.0,1,COM9
3,1072747,30,rpm,1,1,30.0,30.0,3200,609,0,0,0.0,1,COM9
3,1072768,30,rpm,1,1,30.0,30.0,3200,609,0,0,0.0,1,COM9
3,1072788,30,rpm,1,1,30.0,30.0,3200,609,0,0,0.0,1,COM9
3,1072809,30,rpm,1,1,30.0,30.0,3200,609,0,0,0.0,1,COM9
3,1072829,30,rpm,1,1,30.0,30.0,3200,609,0,0,0.0,1,COM9
3,1072850,30,rpm,1,1,30.0,30.0,3200,609,0,0,0.0,1,COM9
3,1072870,30,rpm,1,1,30.0,30.0,3200,609,0,0,0.0,1,COM9
3,1072891,30,rpm,1,1,30.0,30.0,3200,609,0,0,0.0,1,COM9
3,1072911,30,rpm,1,1,30.0,30.0,3200,609,0,0,0.0,1,COM9
3,1072932,30,rpm,1,1,30.0,30.0,3200,609,0,0,0.0,1,COM9
3,1072952,30,rpm,1,1,30.0,30.0,3200,609,0,0,0.0,1,COM9
3,1072973,30,rpm,1,1,30.0,30.0,3200,609,0,0,0.0,1,COM9
3,1072994,30,rpm,1,1,30.0,30.0,3200,609,0,0,0.0,1,COM9
3,1073014,30,rpm,1,1,30.0,30.0,3200,609,0,0,0.0,1,COM9
3,1073034,30,rpm,1,1,30.0,30.0,3200,609,0,0,0.0,1,COM9
3,1073055,30,rpm,1,1,30.0,30.0,3200,609,0,0,0.0,1,COM9
3,1073075,30,rpm,1,1,30.0,30.0,3200,609,0,0,0.0,1,COM9
3,1073096,30,rpm,1,1,30.0,30.0,3200,609,0,0,0.0,1,COM9
3,1073116,30,rpm,1,1,30.0,30.0,3200,609,0,0,0.0,1,COM9
3,1073137,30,rpm,1,1,30.0,30.0,3200,609,0,0,0.0,1,COM9
3,1073157,30,rpm,1,1,30.0,30.0,3200,609,0,0,0.0,1,COM9
3,1073178,30,rpm,1,1,30.0,30.0,3200,609,0,0,0.0,1,COM9
3,1073198,30,rpm,1,1,30.0,30.0,3200,609,0,0,0.0,1,COM9
3,1073219,30,rpm,1,1,30.0,30.0,3200,609,0,0,0.0,1,COM9
3,1073240,30,rpm,1,1,30.0,30.0,3200,609,0,0,0.0,1,COM9
3,1073260,30,rpm,1,1,30.0,30.0,3200,609,0,0,0.0,1,COM9
3,1073281,30,rpm,1,1,30.0,30.0,3200,609,0,0,0.0,1,COM9
3,1073301,30,rpm,1,1,30.0,30.0,3200,609,0,0,0.0,1,COM9
3,1073322,30,rpm,1,1,30.0,30.0,3200,609,0,0,0.0,1,COM9
3,1073342,30,rpm,1,1,30.0,30.0,3200,609,0,0,0.0,1,COM9
3,1073363,30,rpm,1,1,30.0,30.0,3200,609,0,0,0.0,1,COM9
3,1073383,30,rpm,1,1,30.0,30.0,3200,609,0,0,0.0,1,COM9
3,1073404,30,rpm,1,1,30.0,30.0,3200,609,0,0,0.0,1,COM9
3,1073424,30,rpm,1,1,30.0,30.0,3200,609,0,0,0.0,1,COM9
3,1073445,30,rpm,1,1,30.0,30.0,3200,609,0,0,0.0,1,COM9
3,1073465,30,rpm,1,1,30.0,30.0,3200,609,0,0,0.0,1,COM9
3,1073486,30,rpm,1,1,30.0,30.0,3200,609,0,0,0.0,1,COM9
3,1073506,30,rpm,1,1,30.0,30.0,3200,609,0,0,0.0,1,COM9
3,1073527,30,rpm,1,1,30.0,30.0,3200,609,0,0,0.0,1,COM9
3,1073548,30,rpm,1,1,30.0,30.0,3200,609,0,0,0.0,1,COM9
3,1073568,30,rpm,1,1,30.0,30.0,3200,609,0,0,0.0,1,COM9
3,1073589,30,rpm,1,1,30.0,30.0,3200,609,0,0,0.0,1,COM9
3,1073609,30,rpm,1,1,30.0,30.0,3200,609,0,0,0.0,1,COM9
3,1073630,30,rpm,1,1,30.0,30.0,3200,609,0,0,0.0,1,COM9
3,1073650,30,rpm,1,1,30.0,30.0,3200,609,0,0,0.0,1,COM9
3,1073671,30,rpm,1,1,30.0,30.0,3200,609,0,0,0.0,1,COM9
3,1073691,30,rpm,1,1,30.0,30.0,3200,609,0,0,0.0,1,COM9
3,1073712,30,rpm,1,1,30.0,30.0,3200,609,0,0,0.0,1,COM9
3,1073732,30,rpm,1,1,30.0,30.0,3200,609,0,0,0.0,1,COM9
3,1073753,30,rpm,1,1,30.0,30.0,3200,609,0,0,0.0,1,COM9
3,1073773,30,rpm,1,1,30.0,30.0,3200,609,0,0,0.0,1,COM9
3,1073794,30,rpm,1,1,30.0,30.0,3200,609,0,0,0.0,1,COM9
3,1073814,30,rpm,1,1,30.0,30.0,3200,609,0,0,0.0,1,COM9
3,1073835,30,rpm,1,1,30.0,30.0,3200,609,0,0,0.0,1,COM9
3,1073855,30,rpm,1,1,30.0,30.0,3200,609,0,0,0.0,1,COM9
3,1073876,30,rpm,1,1,30.0,30.0,3200,609,0,0,0.0,1,COM9
3,1073896,30,rpm,1,1,30.0,30.0,3200,609,0,0,0.0,1,COM9
3,1073917,30,rpm,1,1,30.0,30.0,3200,609,0,0,0.0,1,COM9
3,1073937,30,rpm,1,1,30.0,30.0,3200,609,0,0,0.0,1,COM9
3,1073958,30,rpm,1,1,30.0,30.0,3200,609,0,0,0.0,1,COM9
3,1073978,30,rpm,1,1,30.0,30.0,3200,609,0,0,0.0,1,COM9
3,1073999,30,rpm,1,1,30.0,30.0,3200,609,0,0,0.0,1,COM9
3,1074019,30,rpm,1,1,30.0,30.0,3200,609,0,0,0.0,1,COM9
3,1074040,30,rpm,1,1,30.0,30.0,3200,609,0,0,0.0,1,COM9
3,1074060,30,rpm,1,1,30.0,30.0,3200,609,0,0,0.0,1,COM9
3,1074081,30,rpm,1,1,30.0,30.0,3200,609,0,0,0.0,1,COM9
3,1074101,30,rpm,1,1,30.0,30.0,3200,609,0,0,0.0,1,COM9
3,1074122,30,rpm,1,1,30.0,30.0,3200,609,0,0,0.0,1,COM9
3,1074142,30,rpm,1,1,30.0,30.0,3200,609,0,0,0.0,1,COM9
3,1074163,30,rpm,1,1,30.0,30.0,3200,609,0,0,0.0,1,COM9
3,1074183,30,rpm,1,1,30.0,30.0,3200,609,0,0,0.0,1,COM9
3,1074204,30,rpm,1,1,30.0,30.0,3200,609,0,0,0.0,1,COM9
3,1074225,30,rpm,1,1,30.0,30.0,3200,609,0,0,0.0,1,COM9
3,1074245,30,rpm,1,1,30.0,30.0,3200,609,0,0,0.0,1,COM9
3,1074266,30,rpm,1,1,30.0,30.0,3200,609,0,0,0.0,1,COM9
3,1074286,30,rpm,1,1,30.0,30.0,3200,609,0,0,0.0,1,COM9
3,1074307,30,rpm,-2,1,30.0,30.0,3200,609,0,0,0.0,1,COM9
3,1074327,30,rpm,-4,1,30.0,30.0,3200,609,0,0,0.0,1,COM9
3,1074348,30,rpm,5,1,30.0,30.0,3200,609,0,0,0.0,1,COM9
3,1074368,30,rpm,1819,1,30.0,30.0,3200,609,0,0,0.0,1,COM9
3,1074389,30,rpm,3250,1,30.0,30.0,3200,609,0,0,0.0,1,COM9
3,1074409,30,rpm,2762,1,30.0,30.0,3200,609,0,0,0.0,1,COM9
3,1074430,30,rpm,1386,1,30.0,30.0,3200,609,0,0,0.0,1,COM9
3,1074450,30,rpm,928,1,30.0,30.0,3200,609,0,0,0.0,1,COM9
3,1074471,30,rpm,1250,1,30.0,30.0,3200,609,0,0,0.0,1,COM9
3,1074491,30,rpm,426,1,30.0,30.0,3200,609,0,0,0.0,1,COM9
3,1074512,30,rpm,251,1,30.0,30.0,3200,609,0,0,0.0,1,COM9
3,1074532,30,rpm,653,1,30.0,30.0,3200,609,0,0,0.0,1,COM9
3,1074553,30,rpm,962,1,30.0,30.0,3200,609,0,0,0.0,1,COM9
3,1074573,30,rpm,777,1,30.0,30.0,3200,609,0,0,0.0,1,COM9
3,1074594,30,rpm,632,1,30.0,30.0,3200,609,0,0,0.0,1,COM9
3,1074614,30,rpm,474,1,30.0,30.0,3200,609,0,0,0.0,1,COM9
3,1074635,30,rpm,334,1,30.0,30.0,3200,609,0,0,0.0,1,COM9
3,1074655,30,rpm,242,1,30.0,30.0,3200,609,0,0,0.0,1,COM9
3,1074676,30,rpm,206,1,30.0,30.0,3200,609,0,0,0.0,1,COM9
3,1074696,30,rpm,51,1,30.0,30.0,3200,609,0,0,0.0,1,COM9
3,1074717,30,rpm,16,1,30.0,30.0,3200,609,0,0,0.0,1,COM9
3,1074737,30,rpm,9,1,30.0,30.0,3200,609,0,0,0.0,1,COM9
3,1074758,30,rpm,7,1,30.0,30.0,3200,609,0,0,0.0,1,COM9
3,1074778,30,rpm,16,1,30.0,30.0,3200,609,0,0,0.0,1,COM9
3,1074799,30,rpm,120,1,30.0,30.0,3200,609,0,0,0.0,1,COM9
3,1074819,30,rpm,409,2,30.0,30.0,3200,609,0,0,0.0,1,COM9
3,1074840,30,rpm,583,2,30.0,30.0,3200,609,0,0,0.0,1,COM9
3,1074860,30,rpm,686,2,30.0,30.0,3200,609,0,0,0.0,1,COM9
3,1074881,30,rpm,734,2,30.0,30.0,3200,609,0,0,0.0,1,COM9
3,1074901,30,rpm,659,2,30.0,30.0,3200,609,0,0,0.0,1,COM9
3,1074922,30,rpm,526,2,30.0,30.0,3200,609,0,0,0.0,1,COM9
3,1074942,30,rpm,410,3,30.0,30.0,3200,609,0,0,0.0,1,COM9
3,1074963,30,rpm,312,3,30.0,30.0,3200,609,0,0,0.0,1,COM9
3,1074983,30,rpm,254,3,30.0,30.0,3200,609,0,0,0.0,1,COM9
3,1075004,30,rpm,51,3,30.0,30.0,3200,609,0,0,0.0,1,COM9
3,1075025,30,rpm,16,4,30.0,30.0,3200,609,0,0,0.0,1,COM9
3,1075045,30,rpm,11,4,30.0,30.0,3200,609,0,0,0.0,1,COM9
3,1075066,30,rpm,16,4,30.0,30.0,3200,609,0,0,0.0,1,COM9
3,1075086,30,rpm,23,4,30.0,30.0,3200,609,0,0,0.0,1,COM9
3,1075107,30,rpm,148,5,30.0,30.0,3200,609,0,0,0.0,1,COM9
3,1075127,30,rpm,430,5,30.0,30.0,3200,609,0,0,0.0,1,COM9
3,1075148,30,rpm,555,5,30.0,30.0,3200,609,0,0,0.0,1,COM9
3,1075168,30,rpm,629,6,30.0,30.0,3200,609,0,0,0.0,1,COM9
3,1075189,30,rpm,669,6,30.0,30.0,3200,609,0,0,0.0,1,COM9
3,1075209,30,rpm,622,7,30.0,30.0,3200,609,0,0,0.0,1,COM9
3,1075230,30,rpm,551,7,30.0,30.0,3200,609,0,0,0.0,1,COM9
3,1075250,30,rpm,445,7,30.0,30.0,3200,609,0,0,0.0,1,COM9
3,1075271,30,rpm,373,8,30.0,30.0,3200,609,0,0,0.0,1,COM9
3,1075291,30,rpm,348,8,30.0,30.0,3200,609,0,0,0.0,1,COM9
3,1075312,30,rpm,83,9,30.0,30.0,3200,609,0,0,0.0,1,COM9
3,1075333,30,rpm,18,9,30.0,30.0,3200,609,0,0,0.0,1,COM9
3,1075353,30,rpm,10,10,30.0,30.0,3200,609,0,0,0.0,1,COM9
3,1075374,30,rpm,8,11,30.0,30.0,3200,609,0,0,0.0,1,COM9
3,1075394,30,rpm,19,11,30.0,30.0,3200,609,0,0,0.0,1,COM9
3,1075415,30,rpm,123,12,30.0,30.0,3200,609,0,0,0.0,1,COM9
3,1075435,30,rpm,387,12,30.0,30.0,3200,609,0,0,0.0,1,COM9
3,1075456,30,rpm,508,13,30.0,30.0,3200,609,0,0,0.0,1,COM9
3,1075476,30,rpm,609,14,30.0,30.0,3200,609,0,0,0.0,1,COM9
3,1075497,30,rpm,603,14,30.0,30.0,3200,609,0,0,0.0,1,COM9
3,1075517,30,rpm,593,15,30.0,30.0,3200,609,0,0,0.0,1,COM9
3,1075538,30,rpm,515,16,30.0,30.0,3200,609,0,0,0.0,1,COM9
3,1075559,30,rpm,433,17,30.0,30.0,3200,609,0,0,0.0,1,COM9
3,1075579,30,rpm,416,17,30.0,30.0,3200,609,0,0,0.0,1,COM9
3,1075600,30,rpm,299,18,30.0,30.0,3200,609,0,0,0.0,1,COM9
3,1075620,30,rpm,86,19,30.0,30.0,3200,609,0,0,0.0,1,COM9
3,1075641,30,rpm,18,20,30.0,30.0,3200,609,0,0,0.0,1,COM9
3,1075661,30,rpm,9,21,30.0,30.0,3200,609,0,0,0.0,1,COM9
3,1075682,30,rpm,7,22,30.0,30.0,3200,609,0,0,0.0,1,COM9
3,1075702,30,rpm,16,22,30.0,30.0,3200,609,0,0,0.0,1,COM9
3,1075723,30,rpm,93,23,30.0,30.0,3200,609,0,0,0.0,1,COM9
3,1075743,30,rpm,332,24,30.0,30.0,3200,609,0,0,0.0,1,COM9
3,1075764,30,rpm,521,25,30.0,30.0,3200,609,0,0,0.0,1,COM9
3,1075785,30,rpm,727,26,30.0,30.0,3200,609,0,0,0.0,1,COM9
3,1075805,30,rpm,741,27,30.0,30.0,3200,609,0,0,0.0,1,COM9
3,1075826,30,rpm,655,28,30.0,30.0,3200,609,0,0,0.0,1,COM9
3,1075846,30,rpm,559,29,30.0,30.0,3200,609,0,0,0.0,1,COM9
3,1075867,30,rpm,501,31,30.0,30.0,3200,609,0,0,0.0,1,COM9
3,1075887,30,rpm,307,32,30.0,30.0,3200,609,0,0,0.0,1,COM9
3,1075908,30,rpm,251,33,30.0,30.0,3200,609,0,0,0.0,1,COM9
3,1075928,30,rpm,207,34,30.0,30.0,3200,609,0,0,0.0,1,COM9
3,1075949,30,rpm,37,35,30.0,30.0,3200,609,0,0,0.0,1,COM9
3,1075970,30,rpm,13,36,30.0,30.0,3200,609,0,0,0.0,1,COM9
3,1075990,30,rpm,8,37,30.0,30.0,3200,609,0,0,0.0,1,COM9
3,1076011,30,rpm,7,39,30.0,30.0,3200,609,0,0,0.0,1,COM9
3,1076031,30,rpm,23,40,30.0,30.0,3200,609,0,0,0.0,1,COM9
3,1076052,30,rpm,135,41,30.0,30.0,3200,609,0,0,0.0,1,COM9
3,1076072,30,rpm,364,43,30.0,30.0,3200,609,0,0,0.0,1,COM9
3,1076093,30,rpm,552,44,30.0,30.0,3200,609,0,1,0.0,1,COM9
3,1076114,30,rpm,677,45,30.0,30.0,3200,609,0,1,0.001,1,COM9
3,1076134,30,rpm,648,47,30.0,30.0,3200,609,0,1,0.001,1,COM9
3,1076155,30,rpm,595,48,30.0,30.0,3200,609,0,1,0.001,1,COM9
3,1076175,30,rpm,471,49,30.0,30.0,3200,609,0,1,0.001,1,COM9
3,1076196,30,rpm,360,51,30.0,30.0,3200,609,0,1,0.001,1,COM9
3,1076216,30,rpm,326,52,30.0,30.0,3200,609,0,1,0.001,1,COM9
3,1076237,30,rpm,242,54,30.0,30.0,3200,609,0,1,0.001,1,COM9
3,1076258,30,rpm,83,55,30.0,30.0,3200,609,0,1,0.001,1,COM9
3,1076278,30,rpm,17,57,30.0,30.0,3200,609,0,1,0.001,1,COM9
3,1076299,30,rpm,9,58,30.0,30.0,3200,609,0,1,0.001,1,COM9
3,1076319,30,rpm,7,60,30.0,30.0,3200,609,0,1,0.001,1,COM9
3,1076340,30,rpm,17,61,30.0,30.0,3200,609,0,1,0.001,1,COM9
3,1076360,30,rpm,106,63,30.0,30.0,3200,609,0,1,0.001,1,COM9
3,1076381,30,rpm,403,64,30.0,30.0,3200,609,0,1,0.001,1,COM9
3,1076401,30,rpm,616,66,30.0,30.0,3200,609,0,1,0.001,1,COM9
3,1076422,30,rpm,732,67,30.0,30.0,3200,609,0,1,0.001,1,COM9
3,1076443,30,rpm,675,69,30.0,30.0,3200,609,0,1,0.001,1,COM9
3,1076463,30,rpm,594,71,30.0,30.0,3200,609,0,1,0.001,1,COM9
3,1076484,30,rpm,483,72,30.0,30.0,3200,609,0,1,0.001,1,COM9
3,1076504,30,rpm,347,74,30.0,30.0,3200,609,0,1,0.001,1,COM9
3,1076525,30,rpm,248,76,30.0,30.0,3200,609,0,1,0.001,1,COM9
3,1076545,30,rpm,196,77,30.0,30.0,3200,609,0,1,0.001,1,COM9
3,1076566,30,rpm,142,79,30.0,30.0,3200,609,0,1,0.001,1,COM9
3,1076586,30,rpm,23,81,30.0,30.0,3200,609,0,1,0.001,1,COM9
3,1076607,30,rpm,10,83,30.0,30.0,3200,609,0,1,0.001,1,COM9
3,1076627,30,rpm,6,84,30.0,30.0,3200,609,0,1,0.001,1,COM9
3,1076648,30,rpm,8,86,30.0,30.0,3200,609,0,1,0.001,1,COM9
3,1076668,30,rpm,52,88,30.0,30.0,3200,609,0,1,0.001,1,COM9
3,1076689,30,rpm,300,90,30.0,30.0,3200,609,0,1,0.001,1,COM9
3,1076710,30,rpm,436,92,30.0,30.0,3200,609,0,1,0.001,1,COM9
3,1076730,30,rpm,559,93,30.0,30.0,3200,609,0,1,0.001,1,COM9
3,1076751,30,rpm,650,95,30.0,30.0,3200,609,0,1,0.001,1,COM9
3,1076771,30,rpm,632,97,30.0,30.0,3200,609,0,1,0.001,1,COM9
3,1076792,30,rpm,523,99,30.0,30.0,3200,609,0,1,0.001,1,COM9
3,1076812,30,rpm,420,101,30.0,30.0,3200,609,0,1,0.001,1,COM9
3,1076833,30,rpm,321,103,30.0,30.0,3200,609,0,1,0.001,1,COM9
3,1076853,30,rpm,271,105,30.0,30.0,3200,609,0,1,0.001,1,COM9
3,1076874,30,rpm,132,106,30.0,30.0,3200,609,0,1,0.001,1,COM9
3,1076894,30,rpm,21,108,30.0,30.0,3200,609,0,2,0.001,1,COM9
3,1076915,30,rpm,10,110,30.0,30.0,3200,609,0,2,0.002,1,COM9
3,1076936,30,rpm,7,112,30.0,30.0,3200,609,0,2,0.002,1,COM9
3,1076956,30,rpm,10,114,30.0,30.0,3200,609,0,2,0.002,1,COM9
3,1076977,30,rpm,72,116,30.0,30.0,3200,609,0,2,0.002,1,COM9
3,1076997,30,rpm,343,118,30.0,30.0,3200,609,0,2,0.002,1,COM9
3,1077018,30,rpm,573,120,30.0,30.0,3200,609,0,2,0.002,1,COM9
3,1077038,30,rpm,559,122,30.0,30.0,3200,609,0,2,0.002,1,COM9
3,1077059,30,rpm,605,124,30.0,30.0,3200,609,0,2,0.002,1,COM9
3,1077080,30,rpm,578,126,30.0,30.0,3200,609,0,2,0.002,1,COM9
3,1077100,30,rpm,547,128,30.0,30.0,3200,609,0,2,0.002,1,COM9
3,1077121,30,rpm,460,130,30.0,30.0,3200,609,0,2,0.002,1,COM9
3,1077141,30,rpm,389,132,30.0,30.0,3200,609,0,2,0.002,1,COM9
3,1077162,30,rpm,322,134,30.0,30.0,3200,609,0,2,0.002,1,COM9
3,1077183,30,rpm,170,136,30.0,30.0,3200,609,0,2,0.002,1,COM9
3,1077203,30,rpm,23,138,30.0,30.0,3200,609,0,2,0.002,1,COM9
3,1077224,30,rpm,11,140,30.0,30.0,3200,609,0,2,0.002,1,COM9
3,1077244,30,rpm,8,142,30.0,30.0,3200,609,0,2,0.002,1,COM9
3,1077265,30,rpm,12,144,30.0,30.0,3200,609,0,2,0.002,1,COM9
3,1077285,30,rpm,65,146,30.0,30.0,3200,609,0,2,0.002,1,COM9
3,1077306,30,rpm,299,148,30.0,30.0,3200,609,0,2,0.002,1,COM9
3,1077327,30,rpm,476,150,30.0,30.0,3200,609,0,2,0.002,1,COM9
3,1077347,30,rpm,565,152,30.0,30.0,3200,609,0,3,0.002,1,COM9
3,1077368,30,rpm,588,154,30.0,30.0,3200,609,0,3,0.002,1,COM9
3,1077388,30,rpm,642,156,30.0,30.0,3200,609,0,3,0.003,1,COM9
3,1077409,30,rpm,499,158,30.0,30.0,3200,609,0,3,0.003,1,COM9
3,1077430,30,rpm,443,160,30.0,30.0,3200,609,0,3,0.003,1,COM9
3,1077450,30,rpm,378,162,30.0,30.0,3200,609,0,3,0.003,1,COM9
3,1077471,30,rpm,321,164,30.0,30.0,3200,609,0,3,0.003,1,COM9
3,1077491,30,rpm,171,166,30.0,30.0,3200,609,0,3,0.003,1,COM9
3,1077512,30,rpm,23,168,30.0,30.0,3200,609,0,3,0.003,1,COM9
3,1077533,30,rpm,10,170,30.0,30.0,3200,609,0,3,0.003,1,COM9
3,1077553,30,rpm,7,173,30.0,30.0,3200,609,0,3,0.003,1,COM9
3,1077574,30,rpm,9,175,30.0,30.0,3200,609,0,3,0.003,1,COM9
3,1077594,30,rpm,48,177,30.0,30.0,3200,609,0,3,0.003,1,COM9
3,1077615,30,rpm,243,179,30.0,30.0,3200,609,0,3,0.003,1,COM9
3,1077636,30,rpm,486,181,30.0,30.0,3200,609,0,3,0.003,1,COM9
3,1077656,30,rpm,638,183,30.0,30.0,3200,609,0,3,0.003,1,COM9
3,1077677,30,rpm,717,185,30.0,30.0,3200,609,0,3,0.003,1,COM9
3,1077697,30,rpm,649,187,30.0,30.0,3200,609,0,3,0.003,1,COM9
3,1077718,30,rpm,570,189,30.0,30.0,3200,609,0,4,0.003,1,COM9
3,1077739,30,rpm,462,191,30.0,30.0,3200,609,0,4,0.004,1,COM9
3,1077759,30,rpm,406,193,30.0,30.0,3200,609,0,4,0.004,1,COM9
3,1077780,30,rpm,251,195,30.0,30.0,3200,609,0,4,0.004,1,COM9
3,1077800,30,rpm,230,197,30.0,30.0,3200,609,0,4,0.004,1,COM9
3,1077821,30,rpm,76,199,30.0,30.0,3200,609,0,4,0.004,1,COM9
3,1077841,30,rpm,17,201,30.0,30.0,3200,609,0,4,0.004,1,COM9
3,1077862,30,rpm,9,203,30.0,30.0,3200,609,0,4,0.004,1,COM9
3,1077883,30,rpm,7,205,30.0,30.0,3200,609,0,4,0.004,1,COM9
3,1077903,30,rpm,15,207,30.0,30.0,3200,609,0,4,0.004,1,COM9
3,1077924,30,rpm,91,209,30.0,30.0,3200,609,0,4,0.004,1,COM9
3,1077945,30,rpm,316,210,30.0,30.0,3200,609,0,4,0.004,1,COM9
3,1077965,30,rpm,521,212,30.0,30.0,3200,609,0,4,0.004,1,COM9
3,1077986,30,rpm,668,214,30.0,30.0,3200,609,0,4,0.004,1,COM9
3,1078006,30,rpm,650,216,30.0,30.0,3200,609,0,5,0.004,1,COM9
3,1078027,30,rpm,584,218,30.0,30.0,3200,609,0,5,0.004,1,COM9
3,1078048,30,rpm,488,220,30.0,30.0,3200,609,0,5,0.005,1,COM9
3,1078068,30,rpm,364,222,30.0,30.0,3200,609,0,5,0.005,1,COM9
3,1078089,30,rpm,266,224,30.0,30.0,3200,609,0,5,0.005,1,COM9
3,1078109,30,rpm,237,226,30.0,30.0,3200,609,0,5,0.005,1,COM9
3,1078130,30,rpm,140,228,30.0,30.0,3200,609,0,5,0.005,1,COM9
3,1078151,30,rpm,23,229,30.0,30.0,3200,609,0,5,0.005,1,COM9
3,1078171,30,rpm,24,231,30.0,30.0,3200,609,0,5,0.005,1,COM9
3,1078192,30,rpm,13,233,30.0,30.0,3200,609,0,5,0.005,1,COM9
3,1078212,30,rpm,12,235,30.0,30.0,3200,609,0,5,0.005,1,COM9
3,1078233,30,rpm,60,237,30.0,30.0,3200,609,0,5,0.005,1,COM9
3,1078253,30,rpm,282,239,30.0,30.0,3200,609,0,5,0.005,1,COM9
3,1078274,30,rpm,560,240,30.0,30.0,3200,609,0,6,0.005,1,COM9
3,1078295,30,rpm,688,242,30.0,30.0,3200,609,0,6,0.005,1,COM9
3,1078315,30,rpm,699,244,30.0,30.0,3200,609,0,6,0.006,1,COM9
3,1078336,30,rpm,610,246,30.0,30.0,3200,609,0,6,0.006,1,COM9
3,1078356,30,rpm,499,247,30.0,30.0,3200,609,0,6,0.006,1,COM9
3,1078377,30,rpm,373,249,30.0,30.0,3200,609,0,6,0.006,1,COM9
3,1078398,30,rpm,266,251,30.0,30.0,3200,609,0,6,0.006,1,COM9
3,1078418,30,rpm,201,253,30.0,30.0,3200,609,0,6,0.006,1,COM9
3,1078439,30,rpm,145,254,30.0,30.0,3200,609,0,6,0.006,1,COM9
3,1078459,30,rpm,29,256,30.0,30.0,3200,609,0,6,0.006,1,COM9
3,1078480,30,rpm,11,258,30.0,30.0,3200,609,0,6,0.006,1,COM9
3,1078501,30,rpm,7,259,30.0,30.0,3200,609,0,7,0.006,1,COM9
3,1078521,30,rpm,6,261,30.0,30.0,3200,609,0,7,0.006,1,COM9
3,1078542,30,rpm,27,263,30.0,30.0,3200,609,0,7,0.006,1,COM9
3,1078562,30,rpm,215,264,30.0,30.0,3200,609,0,7,0.007,1,COM9
3,1078583,30,rpm,453,266,30.0,30.0,3200,609,0,7,0.007,1,COM9
3,1078604,30,rpm,528,267,30.0,30.0,3200,609,0,7,0.007,1,COM9
3,1078624,30,rpm,140,269,30.0,30.0,3200,609,0,7,0.007,1,COM9
3,1078645,30,rpm,6,271,30.0,30.0,3200,609,0,7,0.007,1,COM9
3,1078665,30,rpm,8,272,30.0,30.0,3200,609,0,7,0.007,1,COM9
3,1078686,30,rpm,7,274,30.0,30.0,3200,609,0,7,0.007,1,COM9
3,1078706,30,rpm,-2,275,30.0,30.0,3200,609,0,7,0.007,1,COM9
3,1078727,30,rpm,-9,277,30.0,30.0,3200,609,0,8,0.007,1,COM9
3,1078748,30,rpm,-5,278,30.0,30.0,3200,609,0,8,0.007,1,COM9
3,1078768,30,rpm,-2,280,30.0,30.0,3200,609,0,8,0.007,1,COM9
3,1078789,30,rpm,-1,281,30.0,30.0,3200,609,0,8,0.008,1,COM9
3,1078809,30,rpm,-1,282,30.0,30.0,3200,609,0,8,0.008,1,COM9
3,1078830,30,rpm,0,284,30.0,30.0,3200,609,0,8,0.008,1,COM9
3,1078851,30,rpm,1,285,30.0,30.0,3200,609,0,8,0.008,1,COM9
3,1078871,30,rpm,1,287,30.0,30.0,3200,609,0,8,0.008,1,COM9
3,1078892,30,rpm,1,288,30.0,30.0,3200,609,0,8,0.008,1,COM9
3,1078912,30,rpm,1,289,30.0,30.0,3200,609,0,8,0.008,1,COM9
3,1078933,30,rpm,1,291,30.0,30.0,3200,609,0,9,0.008,1,COM9
3,1078953,30,rpm,1,292,30.0,30.0,3200,609,0,9,0.008,1,COM9
3,1078974,30,rpm,1,293,30.0,30.0,3200,609,0,9,0.008,1,COM9
3,1078994,30,rpm,1,295,30.0,30.0,3200,609,0,9,0.009,1,COM9
3,1079015,30,rpm,1,296,30.0,30.0,3200,609,0,9,0.009,1,COM9
3,1079036,30,rpm,1,297,30.0,30.0,3200,609,0,9,0.009,1,COM9
3,1079056,30,rpm,0,298,30.0,30.0,3200,609,0,9,0.009,1,COM9
3,1079077,30,rpm,0,299,30.0,30.0,3200,609,0,9,0.009,1,COM9
3,1079097,30,rpm,0,301,30.0,30.0,3200,609,0,9,0.009,1,COM9
3,1079118,30,rpm,0,302,30.0,30.0,3200,609,0,9,0.009,1,COM9
3,1079139,30,rpm,0,303,30.0,30.0,3200,609,0,10,0.009,1,COM9
3,1079159,30,rpm,0,304,30.0,30.0,3200,609,0,10,0.009,1,COM9
3,1079180,30,rpm,0,305,30.0,30.0,3200,609,0,10,0.009,1,COM9
3,1079200,30,rpm,-1,306,30.0,30.0,3200,609,0,10,0.01,1,COM9
3,1079221,30,rpm,-2,307,30.0,30.0,3200,609,0,10,0.01,1,COM9
3,1079242,30,rpm,1620,308,30.0,30.0,3200,609,0,10,0.01,1,COM9
3,1079262,30,rpm,115,309,30.0,30.0,3200,609,0,10,0.01,1,COM9
3,1079283,30,rpm,411,310,30.0,30.0,3200,609,0,10,0.01,1,COM9
3,1079304,30,rpm,491,311,30.0,30.0,3200,609,0,10,0.01,1,COM9
3,1079324,30,rpm,415,312,30.0,30.0,3200,609,0,10,0.01,1,COM9
3,1079345,30,rpm,360,313,30.0,30.0,3200,609,0,11,0.01,1,COM9
3,1079365,30,rpm,228,314,30.0,30.0,3200,609,0,11,0.01,1,COM9
3,1079386,30,rpm,31,315,30.0,30.0,3200,609,0,11,0.01,1,COM9
3,1079407,30,rpm,12,316,30.0,30.0,3200,609,0,11,0.011,1,COM9
3,1079427,30,rpm,7,316,30.0,30.0,3200,609,0,11,0.011,1,COM9
3,1079448,30,rpm,9,317,30.0,30.0,3200,609,0,11,0.011,1,COM9
3,1079469,30,rpm,37,318,30.0,30.0,3200,609,0,11,0.011,1,COM9
3,1079489,30,rpm,200,319,30.0,30.0,3200,609,0,11,0.011,1,COM9
3,1079510,30,rpm,441,319,30.0,30.0,3200,609,0,11,0.011,1,COM9
3,1079530,30,rpm,633,320,30.0,30.0,3200,609,0,12,0.011,1,COM9
3,1079551,30,rpm,766,321,30.0,30.0,3200,609,0,12,0.011,1,COM9
3,1079572,30,rpm,694,321,30.0,30.0,3200,609,0,12,0.011,1,COM9
3,1079592,30,rpm,613,322,30.0,30.0,3200,609,0,12,0.012,1,COM9
3,1079613,30,rpm,502,322,30.0,30.0,3200,609,0,12,0.012,1,COM9
3,1079634,30,rpm,374,323,30.0,30.0,3200,609,0,12,0.012,1,COM9
3,1079654,30,rpm,263,324,30.0,30.0,3200,609,0,12,0.012,1,COM9
3,1079675,30,rpm,237,324,30.0,30.0,3200,609,0,12,0.012,1,COM9
3,1079695,30,rpm,114,325,30.0,30.0,3200,609,0,12,0.012,1,COM9
3,1079716,30,rpm,20,325,30.0,30.0,3200,609,0,13,0.012,1,COM9
3,1079737,30,rpm,11,325,30.0,30.0,3200,609,0,13,0.012,1,COM9
3,1079757,30,rpm,7,326,30.0,30.0,3200,609,0,13,0.012,1,COM9
3,1079778,30,rpm,10,326,30.0,30.0,3200,609,0,13,0.013,1,COM9
3,1079799,30,rpm,64,327,30.0,30.0,3200,609,0,13,0.013,1,COM9
3,1079819,30,rpm,271,327,30.0,30.0,3200,609,0,13,0.013,1,COM9
3,1079840,30,rpm,480,327,30.0,30.0,3200,609,0,13,0.013,1,COM9
3,1079860,30,rpm,643,328,30.0,30.0,3200,609,0,13,0.013,1,COM9
3,1079881,30,rpm,696,328,30.0,30.0,3200,609,0,13,0.013,1,COM9
3,1079902,30,rpm,610,328,30.0,30.0,3200,609,0,14,0.013,1,COM9
3,1079922,30,rpm,524,328,30.0,30.0,3200,609,0,14,0.013,1,COM9
3,1079943,30,rpm,410,329,30.0,30.0,3200,609,0,14,0.013,1,COM9
3,1079964,30,rpm,301,329,30.0,30.0,3200,609,0,14,0.013,1,COM9
3,1079984,30,rpm,249,329,30.0,30.0,3200,609,0,14,0.014,1,COM9
3,1080005,30,rpm,181,329,30.0,30.0,3200,609,0,14,0.014,1,COM9
3,1080025,30,rpm,29,329,30.0,30.0,3200,609,0,14,0.014,1,COM9
3,1080046,30,rpm,11,329,30.0,30.0,3200,609,0,14,0.014,1,COM9
3,1080067,30,rpm,6,329,30.0,30.0,3200,609,0,14,0.014,1,COM9
3,1080087,30,rpm,8,329,30.0,30.0,3200,609,0,15,0.014,1,COM9
3,1080108,30,rpm,41,329,30.0,30.0,3200,609,0,15,0.014,1,COM9
3,1080128,30,rpm,222,329,30.0,30.0,3200,609,0,15,0.014,1,COM9
3,1080149,30,rpm,533,329,30.0,30.0,3200,609,0,15,0.014,1,COM9
3,1080170,30,rpm,673,329,30.0,30.0,3200,609,0,15,0.015,1,COM9
3,1080190,30,rpm,708,329,30.0,30.0,3200,609,0,15,0.015,1,COM9
3,1080211,30,rpm,629,329,30.0,30.0,3200,609,0,15,0.015,1,COM9
3,1080232,30,rpm,527,329,30.0,30.0,3200,609,0,15,0.015,1,COM9
3,1080252,30,rpm,399,329,30.0,30.0,3200,609,0,15,0.015,1,COM9
3,1080273,30,rpm,289,329,30.0,30.0,3200,609,0,16,0.015,1,COM9
3,1080294,30,rpm,212,329,30.0,30.0,3200,609,0,16,0.015,1,COM9
3,1080314,30,rpm,168,329,30.0,30.0,3200,609,0,16,0.015,1,COM9
3,1080335,30,rpm,34,328,30.0,30.0,3200,609,0,16,0.015,1,COM9
3,1080356,30,rpm,12,328,30.0,30.0,3200,609,0,16,0.016,1,COM9
3,1080376,30,rpm,7,328,30.0,30.0,3200,609,0,16,0.016,1,COM9
3,1080397,30,rpm,5,328,30.0,30.0,3200,609,0,16,0.016,1,COM9
3,1080418,30,rpm,21,328,30.0,30.0,3200,609,0,16,0.016,1,COM9
3,1080438,30,rpm,172,327,30.0,30.0,3200,609,0,17,0.016,1,COM9
3,1080459,30,rpm,433,327,30.0,30.0,3200,609,0,17,0.016,1,COM9
3,1080479,30,rpm,517,327,30.0,30.0,3200,609,0,17,0.016,1,COM9
3,1080500,30,rpm,627,326,30.0,30.0,3200,609,0,17,0.016,1,COM9
3,1080520,30,rpm,639,326,30.0,30.0,3200,609,0,17,0.016,1,COM9
3,1080541,30,rpm,569,326,30.0,30.0,3200,609,0,17,0.017,1,COM9
3,1080562,30,rpm,454,325,30.0,30.0,3200,609,0,17,0.017,1,COM9
3,1080582,30,rpm,349,325,30.0,30.0,3200,609,0,17,0.017,1,COM9
3,1080603,30,rpm,290,325,30.0,30.0,3200,609,0,17,0.017,1,COM9
3,1080624,30,rpm,212,324,30.0,30.0,3200,609,0,18,0.017,1,COM9
3,1080644,30,rpm,31,324,30.0,30.0,3200,609,0,18,0.017,1,COM9
3,1080665,30,rpm,11,323,30.0,30.0,3200,609,0,18,0.017,1,COM9
3,1080685,30,rpm,7,323,30.0,30.0,3200,609,0,18,0.017,1,COM9
3,1080706,30,rpm,7,322,30.0,30.0,3200,609,0,18,0.017,1,COM9
3,1080727,30,rpm,30,322,30.0,30.0,3200,609,0,18,0.018,1,COM9
3,1080747,30,rpm,226,322,30.0,30.0,3200,609,0,18,0.018,1,COM9
3,1080768,30,rpm,470,321,30.0,30.0,3200,609,0,18,0.018,1,COM9
3,1080789,30,rpm,551,321,30.0,30.0,3200,609,0,18,0.018,1,COM9
3,1080809,30,rpm,610,320,30.0,30.0,3200,609,0,19,0.018,1,COM9
3,1080830,30,rpm,586,319,30.0,30.0,3200,609,0,19,0.018,1,COM9
3,1080850,30,rpm,562,319,30.0,30.0,3200,609,0,19,0.018,1,COM9
3,1080871,30,rpm,486,318,30.0,30.0,3200,609,0,19,0.018,1,COM9
3,1080892,30,rpm,419,318,30.0,30.0,3200,609,0,19,0.018,1,COM9
3,1080912,30,rpm,335,317,30.0,30.0,3200,609,0,19,0.018,1,COM9
3,1080933,30,rpm,248,317,30.0,30.0,3200,609,0,19,0.019,1,COM9
3,1080954,30,rpm,37,316,30.0,30.0,3200,609,0,19,0.019,1,COM9
3,1080974,30,rpm,13,316,30.0,30.0,3200,609,0,19,0.019,1,COM9
3,1080995,30,rpm,7,315,30.0,30.0,3200,609,0,19,0.019,1,COM9
3,1081015,30,rpm,8,314,30.0,30.0,3200,609,0,20,0.019,1,COM9
3,1081036,30,rpm,33,314,30.0,30.0,3200,609,0,20,0.019,1,COM9
3,1081057,30,rpm,209,313,30.0,30.0,3200,609,0,20,0.019,1,COM9
3,1081077,30,rpm,445,312,30.0,30.0,3200,609,0,20,0.019,1,COM9
3,1081098,30,rpm,531,312,30.0,30.0,3200,609,0,20,0.019,1,COM9
3,1081118,30,rpm,591,311,30.0,30.0,3200,609,0,20,0.02,1,COM9
3,1081139,30,rpm,562,311,30.0,30.0,3200,609,0,20,0.02,1,COM9
3,1081160,30,rpm,537,310,30.0,30.0,3200,609,0,20,0.02,1,COM9
3,1081180,30,rpm,475,309,30.0,30.0,3200,609,0,20,0.02,1,COM9
3,1081201,30,rpm,394,309,30.0,30.0,3200,609,0,21,0.02,1,COM9
3,1081222,30,rpm,336,308,30.0,30.0,3200,609,0,21,0.02,1,COM9
3,1081242,30,rpm,253,307,30.0,30.0,3200,609,0,21,0.02,1,COM9
3,1081263,30,rpm,34,307,30.0,30.0,3200,609,0,21,0.02,1,COM9
3,1081283,30,rpm,12,306,30.0,30.0,3200,609,0,21,0.02,1,COM9
3,1081304,30,rpm,7,305,30.0,30.0,3200,609,0,21,0.02,1,COM9
3,1081325,30,rpm,7,304,30.0,30.0,3200,609,0,21,0.021,1,COM9
3,1081345,30,rpm,26,304,30.0,30.0,3200,609,0,21,0.021,1,COM9
3,1081366,30,rpm,160,303,30.0,30.0,3200,609,0,21,0.021,1,COM9
3,1081386,30,rpm,423,302,30.0,30.0,3200,609,0,22,0.021,1,COM9
3,1081407,30,rpm,584,302,30.0,30.0,3200,609,0,22,0.021,1,COM9
3,1081428,30,rpm,710,301,30.0,30.0,3200,609,0,22,0.021,1,COM9
3,1081448,30,rpm,663,300,30.0,30.0,3200,609,0,22,0.021,1,COM9
3,1081469,30,rpm,592,300,30.0,30.0,3200,609,0,22,0.021,1,COM9
3,1081490,30,rpm,496,299,30.0,30.0,3200,609,0,22,0.021,1,COM9
3,1081510,30,rpm,384,298,30.0,30.0,3200,609,0,22,0.021,1,COM9
3,1081531,30,rpm,280,297,30.0,30.0,3200,609,0,22,0.022,1,COM9
3,1081551,30,rpm,245,297,30.0,30.0,3200,609,0,22,0.022,1,COM9
3,1081572,30,rpm,131,296,30.0,30.0,3200,609,0,22,0.022,1,COM9
3,1081593,30,rpm,21,295,30.0,30.0,3200,609,0,23,0.022,1,COM9
3,1081613,30,rpm,9,295,30.0,30.0,3200,609,0,23,0.022,1,COM9
3,1081634,30,rpm,6,294,30.0,30.0,3200,609,0,23,0.022,1,COM9
3,1081655,30,rpm,9,293,30.0,30.0,3200,609,0,23,0.022,1,COM9
3,1081675,30,rpm,53,292,30.0,30.0,3200,609,0,23,0.022,1,COM9
3,1081696,30,rpm,257,292,30.0,30.0,3200,609,0,23,0.022,1,COM9
3,1081716,30,rpm,463,291,30.0,30.0,3200,609,0,23,0.022,1,COM9
3,1081737,30,rpm,610,290,30.0,30.0,3200,609,0,23,0.023,1,COM9
3,1081758,30,rpm,660,290,30.0,30.0,3200,609,0,23,0.023,1,COM9
3,1081778,30,rpm,589,289,30.0,30.0,3200,609,0,23,0.023,1,COM9
3,1081799,30,rpm,531,288,30.0,30.0,3200,609,0,24,0.023,1,COM9
3,1081819,30,rpm,398,288,30.0,30.0,3200,609,0,24,0.023,1,COM9
3,1081840,30,rpm,294,287,30.0,30.0,3200,609,0,24,0.023,1,COM9
3,1081860,30,rpm,252,286,30.0,30.0,3200,609,0,24,0.023,1,COM9
3,1081881,30,rpm,191,285,30.0,30.0,3200,609,0,24,0.023,1,COM9
3,1081902,30,rpm,29,285,30.0,30.0,3200,609,0,24,0.023,1,COM9
3,1081922,30,rpm,11,284,30.0,30.0,3200,609,0,24,0.023,1,COM9
3,1081943,30,rpm,6,283,30.0,30.0,3200,609,0,24,0.023,1,COM9
3,1081963,30,rpm,7,283,30.0,30.0,3200,609,0,24,0.024,1,COM9
3,1081984,30,rpm,38,282,30.0,30.0,3200,609,0,24,0.024,1,COM9
3,1082005,30,rpm,214,281,30.0,30.0,3200,609,0,25,0.024,1,COM9
3,1082025,30,rpm,530,281,30.0,30.0,3200,609,0,25,0.024,1,COM9
3,1082046,30,rpm,668,280,30.0,30.0,3200,609,0,25,0.024,1,COM9
3,1082066,30,rpm,718,280,30.0,30.0,3200,609,0,25,0.024,1,COM9
3,1082087,30,rpm,624,279,30.0,30.0,3200,609,0,25,0.024,1,COM9
3,1082108,30,rpm,536,278,30.0,30.0,3200,609,0,25,0.024,1,COM9
3,1082128,30,rpm,405,278,30.0,30.0,3200,609,0,25,0.024,1,COM9
3,1082149,30,rpm,299,277,30.0,30.0,3200,609,0,25,0.024,1,COM9
3,1082170,30,rpm,217,276,30.0,30.0,3200,609,0,25,0.025,1,COM9
3,1082190,30,rpm,177,276,30.0,30.0,3200,609,0,25,0.025,1,COM9
3,1082211,30,rpm,45,275,30.0,30.0,3200,609,0,25,0.025,1,COM9
3,1082232,30,rpm,13,275,30.0,30.0,3200,609,0,26,0.025,1,COM9
3,1082252,30,rpm,7,274,30.0,30.0,3200,609,0,26,0.025,1,COM9
3,1082273,30,rpm,5,273,30.0,30.0,3200,609,0,26,0.025,1,COM9
3,1082294,30,rpm,17,273,30.0,30.0,3200,609,0,26,0.025,1,COM9
3,1082314,30,rpm,143,272,30.0,30.0,3200,609,0,26,0.025,1,COM9
3,1082335,30,rpm,421,272,30.0,30.0,3200,609,0,26,0.025,1,COM9
3,1082355,30,rpm,500,271,30.0,30.0,3200,609,0,26,0.025,1,COM9
3,1082376,30,rpm,623,271,30.0,30.0,3200,609,0,26,0.025,1,COM9
3,1082397,30,rpm,631,270,30.0,30.0,3200,609,0,26,0.026,1,COM9
3,1082417,30,rpm,583,269,30.0,30.0,3200,609,0,26,0.026,1,COM9
3,1082438,30,rpm,464,269,30.0,30.0,3200,609,0,26,0.026,1,COM9
3,1082459,30,rpm,353,268,30.0,30.0,3200,609,0,27,0.026,1,COM9
3,1082479,30,rpm,272,268,30.0,30.0,3200,609,0,27,0.026,1,COM9
3,1082500,30,rpm,218,267,30.0,30.0,3200,609,0,27,0.026,1,COM9
3,1082520,30,rpm,37,267,30.0,30.0,3200,609,0,27,0.026,1,COM9
3,1082541,30,rpm,12,266,30.0,30.0,3200,609,0,27,0.026,1,COM9
3,1082562,30,rpm,7,266,30.0,30.0,3200,609,0,27,0.026,1,COM9
3,1082582,30,rpm,6,265,30.0,30.0,3200,609,0,27,0.026,1,COM9
3,1082603,30,rpm,25,265,30.0,30.0,3200,609,0,27,0.026,1,COM9
3,1082624,30,rpm,200,265,30.0,30.0,3200,609,0,27,0.027,1,COM9
3,1082644,30,rpm,463,264,30.0,30.0,3200,609,0,27,0.027,1,COM9
3,1082665,30,rpm,533,264,30.0,30.0,3200,609,0,28,0.027,1,COM9
3,1082685,30,rpm,607,263,30.0,30.0,3200,609,0,28,0.027,1,COM9
3,1082706,30,rpm,599,263,30.0,30.0,3200,609,0,28,0.027,1,COM9
3,1082727,30,rpm,566,262,30.0,30.0,3200,609,0,28,0.027,1,COM9
3,1082747,30,rpm,494,262,30.0,30.0,3200,609,0,28,0.027,1,COM9
3,1082768,30,rpm,409,262,30.0,30.0,3200,609,0,28,0.027,1,COM9
3,1082789,30,rpm,338,261,30.0,30.0,3200,609,0,28,0.027,1,COM9
3,1082809,30,rpm,268,261,30.0,30.0,3200,609,0,28,0.027,1,COM9
3,1082830,30,rpm,53,260,30.0,30.0,3200,609,0,28,0.027,1,COM9
3,1082850,30,rpm,14,260,30.0,30.0,3200,609,0,28,0.027,1,COM9
3,1082871,30,rpm,8,260,30.0,30.0,3200,609,0,28,0.028,1,COM9
3,1082892,30,rpm,7,259,30.0,30.0,3200,609,0,28,0.028,1,COM9
3,1082912,30,rpm,24,259,30.0,30.0,3200,609,0,29,0.028,1,COM9
3,1082933,30,rpm,167,259,30.0,30.0,3200,609,0,29,0.028,1,COM9
3,1082954,30,rpm,428,258,30.0,30.0,3200,609,0,29,0.028,1,COM9
3,1082974,30,rpm,515,258,30.0,30.0,3200,609,0,29,0.028,1,COM9
3,1082995,30,rpm,581,258,30.0,30.0,3200,609,0,29,0.028,1,COM9
3,1083016,30,rpm,555,257,30.0,30.0,3200,609,0,29,0.028,1,COM9
3,1083036,30,rpm,529,257,30.0,30.0,3200,609,0,29,0.028,1,COM9
3,1083057,30,rpm,477,257,30.0,30.0,3200,609,0,29,0.028,1,COM9
3,1083077,30,rpm,401,257,30.0,30.0,3200,609,0,29,0.028,1,COM9
3,1083098,30,rpm,345,256,30.0,30.0,3200,609,0,29,0.028,1,COM9
3,1083119,30,rpm,264,256,30.0,30.0,3200,609,0,29,0.029,1,COM9
3,1083139,30,rpm,41,256,30.0,30.0,3200,609,0,30,0.029,1,COM9
3,1083160,30,rpm,14,256,30.0,30.0,3200,609,0,30,0.029,1,COM9
3,1083181,30,rpm,8,255,30.0,30.0,3200,609,0,30,0.029,1,COM9
3,1083201,30,rpm,7,255,30.0,30.0,3200,609,0,30,0.029,1,COM9
3,1083222,30,rpm,24,255,30.0,30.0,3200,609,0,30,0.029,1,COM9
3,1083242,30,rpm,144,255,30.0,30.0,3200,609,0,30,0.029,1,COM9
3,1083263,30,rpm,397,255,30.0,30.0,3200,609,0,30,0.029,1,COM9
3,1083284,30,rpm,567,254,30.0,30.0,3200,609,0,30,0.029,1,COM9
3,1083304,30,rpm,706,254,30.0,30.0,3200,609,0,30,0.029,1,COM9
3,1083325,30,rpm,669,254,30.0,30.0,3200,609,0,30,0.029,1,COM9
3,1083346,30,rpm,603,254,30.0,30.0,3200,609,0,30,0.03,1,COM9
3,1083366,30,rpm,501,254,30.0,30.0,3200,609,0,31,0.03,1,COM9
3,1083387,30,rpm,385,254,30.0,30.0,3200,609,0,31,0.03,1,COM9
3,1083407,30,rpm,270,253,30.0,30.0,3200,609,0,31,0.03,1,COM9
3,1083428,30,rpm,231,253,30.0,30.0,3200,609,0,31,0.03,1,COM9
3,1083449,30,rpm,147,253,30.0,30.0,3200,609,0,31,0.03,1,COM9
3,1083469,30,rpm,23,253,30.0,30.0,3200,609,0,31,0.03,1,COM9
3,1083490,30,rpm,10,253,30.0,30.0,3200,609,0,31,0.03,1,COM9
3,1083510,30,rpm,6,253,30.0,30.0,3200,609,0,31,0.03,1,COM9
3,1083531,30,rpm,8,253,30.0,30.0,3200,609,0,31,0.03,1,COM9
3,1083552,30,rpm,45,253,30.0,30.0,3200,609,0,31,0.03,1,COM9
3,1083572,30,rpm,240,253,30.0,30.0,3200,609,0,31,0.03,1,COM9
3,1083593,30,rpm,455,253,30.0,30.0,3200,609,0,31,0.031,1,COM9
3,1083613,30,rpm,626,253,30.0,30.0,3200,609,0,32,0.031,1,COM9
3,1083634,30,rpm,675,253,30.0,30.0,3200,609,0,32,0.031,1,COM9
3,1083655,30,rpm,600,253,30.0,30.0,3200,609,0,32,0.031,1,COM9
3,1083675,30,rpm,532,253,30.0,30.0,3200,609,0,32,0.031,1,COM9
3,1083696,30,rpm,420,253,30.0,30.0,3200,609,0,32,0.031,1,COM9
3,1083717,30,rpm,306,253,30.0,30.0,3200,609,0,32,0.031,1,COM9
3,1083737,30,rpm,240,253,30.0,30.0,3200,609,0,32,0.031,1,COM9
3,1083758,30,rpm,205,253,30.0,30.0,3200,609,0,32,0.031,1,COM9
3,1083778,30,rpm,39,253,30.0,30.0,3200,609,0,32,0.031,1,COM9
3,1083799,30,rpm,12,253,30.0,30.0,3200,609,0,32,0.031,1,COM9
3,1083820,30,rpm,7,253,30.0,30.0,3200,609,0,32,0.031,1,COM9
3,1083840,30,rpm,6,253,30.0,30.0,3200,609,0,33,0.032,1,COM9
3,1083861,30,rpm,25,253,30.0,30.0,3200,609,0,33,0.032,1,COM9
3,1083882,30,rpm,160,253,30.0,30.0,3200,609,0,33,0.032,1,COM9
3,1083902,30,rpm,473,253,30.0,30.0,3200,609,0,33,0.032,1,COM9
3,1083923,30,rpm,630,253,30.0,30.0,3200,609,0,33,0.032,1,COM9
3,1083944,30,rpm,713,253,30.0,30.0,3200,609,0,33,0.032,1,COM9
3,1083964,30,rpm,624,253,30.0,30.0,3200,609,0,33,0.032,1,COM9
3,1083985,30,rpm,552,253,30.0,30.0,3200,609,0,33,0.032,1,COM9
3,1084005,30,rpm,411,253,30.0,30.0,3200,609,0,33,0.032,1,COM9
3,1084026,30,rpm,303,253,30.0,30.0,3200,609,0,33,0.032,1,COM9
3,1084047,30,rpm,220,254,30.0,30.0,3200,609,0,33,0.032,1,COM9
3,1084067,30,rpm,183,254,30.0,30.0,3200,609,0,33,0.032,1,COM9
3,1084088,30,rpm,53,254,30.0,30.0,3200,609,0,34,0.033,1,COM9
3,1084108,30,rpm,14,254,30.0,30.0,3200,609,0,34,0.033,1,COM9
3,1084129,30,rpm,7,254,30.0,30.0,3200,609,0,34,0.033,1,COM9
3,1084150,30,rpm,5,254,30.0,30.0,3200,609,0,34,0.033,1,COM9
3,1084170,30,rpm,13,254,30.0,30.0,3200,609,0,34,0.033,1,COM9
3,1084191,30,rpm,119,255,30.0,30.0,3200,609,0,34,0.033,1,COM9
3,1084212,30,rpm,408,255,30.0,30.0,3200,609,0,34,0.033,1,COM9
3,1084232,30,rpm,491,255,30.0,30.0,3200,609,0,34,0.033,1,COM9
3,1084253,30,rpm,587,255,30.0,30.0,3200,609,0,34,0.033,1,COM9
3,1084273,30,rpm,593,255,30.0,30.0,3200,609,0,34,0.033,1,COM9
3,1084294,30,rpm,580,255,30.0,30.0,3200,609,0,34,0.033,1,COM9
3,1084315,30,rpm,482,256,30.0,30.0,3200,609,0,35,0.033,1,COM9
3,1084335,30,rpm,378,256,30.0,30.0,3200,609,0,35,0.034,1,COM9
3,1084356,30,rpm,305,256,30.0,30.0,3200,609,0,35,0.034,1,COM9
3,1084376,30,rpm,240,256,30.0,30.0,3200,609,0,35,0.034,1,COM9
3,1084397,30,rpm,45,256,30.0,30.0,3200,609,0,35,0.034,1,COM9
3,1084418,30,rpm,13,257,30.0,30.0,3200,609,0,35,0.034,1,COM9
3,1084438,30,rpm,7,257,30.0,30.0,3200,609,0,35,0.034,1,COM9
3,1084459,30,rpm,6,257,30.0,30.0,3200,609,0,35,0.034,1,COM9
3,1084479,30,rpm,17,257,30.0,30.0,3200,609,0,35,0.034,1,COM9
3,1084500,30,rpm,146,258,30.0,30.0,3200,609,0,35,0.034,1,COM9
3,1084521,30,rpm,448,258,30.0,30.0,3200,609,0,35,0.034,1,COM9
3,1084541,30,rpm,552,258,30.0,30.0,3200,609,0,35,0.034,1,COM9
3,1084562,30,rpm,586,258,30.0,30.0,3200,609,0,36,0.035,1,COM9
3,1084582,30,rpm,580,259,30.0,30.0,3200,609,0,36,0.035,1,COM9
3,1084603,30,rpm,552,259,30.0,30.0,3200,609,0,36,0.035,1,COM9
3,1084624,30,rpm,501,259,30.0,30.0,3200,609,0,36,0.035,1,COM9
3,1084644,30,rpm,416,259,30.0,30.0,3200,609,0,36,0.035,1,COM9
3,1084665,30,rpm,351,260,30.0,30.0,3200,609,0,36,0.035,1,COM9
3,1084686,30,rpm,284,260,30.0,30.0,3200,609,0,36,0.035,1,COM9
3,1084706,30,rpm,74,260,30.0,30.0,3200,609,0,36,0.035,1,COM9
3,1084727,30,rpm,15,261,30.0,30.0,3200,609,0,36,0.035,1,COM9
3,1084747,30,rpm,8,261,30.0,30.0,3200,609,0,36,0.035,1,COM9
3,1084768,30,rpm,7,261,30.0,30.0,3200,609,0,36,0.035,1,COM9
3,1084789,30,rpm,19,261,30.0,30.0,3200,609,0,37,0.035,1,COM9
3,1084809,30,rpm,141,262,30.0,30.0,3200,609,0,37,0.036,1,COM9
3,1084830,30,rpm,410,262,30.0,30.0,3200,609,0,37,0.036,1,COM9
3,1084850,30,rpm,504,262,30.0,30.0,3200,609,0,37,0.036,1,COM9
3,1084871,30,rpm,574,263,30.0,30.0,3200,609,0,37,0.036,1,COM9
3,1084892,30,rpm,558,263,30.0,30.0,3200,609,0,37,0.036,1,COM9
3,1084912,30,rpm,534,263,30.0,30.0,3200,609,0,37,0.036,1,COM9
3,1084933,30,rpm,483,264,30.0,30.0,3200,609,0,37,0.036,1,COM9
3,1084954,30,rpm,402,264,30.0,30.0,3200,609,0,37,0.036,1,COM9
3,1084974,30,rpm,347,264,30.0,30.0,3200,609,0,37,0.036,1,COM9
3,1084995,30,rpm,280,265,30.0,30.0,3200,609,0,37,0.036,1,COM9
3,1085015,30,rpm,61,265,30.0,30.0,3200,609,0,38,0.036,1,COM9
3,1085036,30,rpm,18,265,30.0,30.0,3200,609,0,38,0.037,1,COM9
3,1085056,30,rpm,9,266,30.0,30.0,3200,609,0,38,0.037,1,COM9
3,1085077,30,rpm,7,266,30.0,30.0,3200,609,0,38,0.037,1,COM9
3,1085098,30,rpm,17,266,30.0,30.0,3200,609,0,38,0.037,1,COM9
3,1085118,30,rpm,114,267,30.0,30.0,3200,609,0,38,0.037,1,COM9
3,1085139,30,rpm,365,267,30.0,30.0,3200,609,0,38,0.037,1,COM9
3,1085159,30,rpm,526,267,30.0,30.0,3200,609,0,38,0.037,1,COM9
3,1085180,30,rpm,690,268,30.0,30.0,3200,609,0,38,0.037,1,COM9
3,1085201,30,rpm,674,268,30.0,30.0,3200,609,0,38,0.037,1,COM9
3,1085221,30,rpm,604,268,30.0,30.0,3200,609,0,38,0.037,1,COM9
3,1085242,30,rpm,518,269,30.0,30.0,3200,609,0,39,0.037,1,COM9
3,1085263,30,rpm,408,269,30.0,30.0,3200,609,0,39,0.037,1,COM9
3,1085283,30,rpm,301,269,30.0,30.0,3200,609,0,39,0.038,1,COM9
3,1085304,30,rpm,248,270,30.0,30.0,3200,609,0,39,0.038,1,COM9
3,1085324,30,rpm,181,270,30.0,30.0,3200,609,0,39,0.038,1,COM9
3,1085345,30,rpm,29,270,30.0,30.0,3200,609,0,39,0.038,1,COM9
3,1085366,30,rpm,11,271,30.0,30.0,3200,609,0,39,0.038,1,COM9
3,1085386,30,rpm,6,271,30.0,30.0,3200,609,0,39,0.038,1,COM9
3,1085407,30,rpm,6,271,30.0,30.0,3200,609,0,39,0.038,1,COM9
3,1085427,30,rpm,27,272,30.0,30.0,3200,609,0,39,0.038,1,COM9
3,1085448,30,rpm,168,272,30.0,30.0,3200,609,0,39,0.038,1,COM9
3,1085469,30,rpm,397,273,30.0,30.0,3200,609,0,40,0.038,1,COM9
3,1085489,30,rpm,563,273,30.0,30.0,3200,609,0,40,0.038,1,COM9
3,1085510,30,rpm,649,273,30.0,30.0,3200,609,0,40,0.039,1,COM9
3,1085531,30,rpm,597,274,30.0,30.0,3200,609,0,40,0.039,1,COM9
3,1085551,30,rpm,547,274,30.0,30.0,3200,609,0,40,0.039,1,COM9
3,1085572,30,rpm,433,274,30.0,30.0,3200,609,0,40,0.039,1,COM9
3,1085592,30,rpm,322,275,30.0,30.0,3200,609,0,40,0.039,1,COM9
3,1085613,30,rpm,264,275,30.0,30.0,3200,609,0,40,0.039,1,COM9
3,1085634,30,rpm,237,275,30.0,30.0,3200,609,0,40,0.039,1,COM9
3,1085654,30,rpm,51,276,30.0,30.0,3200,609,0,40,0.039,1,COM9
3,1085675,30,rpm,14,276,30.0,30.0,3200,609,0,41,0.039,1,COM9
3,1085696,30,rpm,7,276,30.0,30.0,3200,609,0,41,0.039,1,COM9
3,1085716,30,rpm,6,277,30.0,30.0,3200,609,0,41,0.039,1,COM9
3,1085737,30,rpm,24,277,30.0,30.0,3200,609,0,41,0.04,1,COM9
3,1085758,30,rpm,156,277,30.0,30.0,3200,609,0,41,0.04,1,COM9
3,1085778,30,rpm,473,278,30.0,30.0,3200,609,0,41,0.04,1,COM9
3,1085799,30,rpm,635,278,30.0,30.0,3200,609,0,41,0.04,1,COM9
3,1085819,30,rpm,707,278,30.0,30.0,3200,609,0,41,0.04,1,COM9
3,1085840,30,rpm,633,279,30.0,30.0,3200,609,0,41,0.04,1,COM9
3,1085861,30,rpm,560,279,30.0,30.0,3200,609,0,41,0.04,1,COM9
3,1085881,30,rpm,431,280,30.0,30.0,3200,609,0,41,0.04,1,COM9
3,1085902,30,rpm,321,280,30.0,30.0,3200,609,0,42,0.04,1,COM9
3,1085923,30,rpm,224,280,30.0,30.0,3200,609,0,42,0.04,1,COM9
3,1085943,30,rpm,185,281,30.0,30.0,3200,609,0,42,0.041,1,COM9
3,1085964,30,rpm,74,281,30.0,30.0,3200,609,0,42,0.041,1,COM9
3,1085985,30,rpm,16,281,30.0,30.0,3200,609,0,42,0.041,1,COM9
3,1086005,30,rpm,8,282,30.0,30.0,3200,609,0,42,0.041,1,COM9
3,1086026,30,rpm,5,282,30.0,30.0,3200,609,0,42,0.041,1,COM9
3,1086047,30,rpm,10,282,30.0,30.0,3200,609,0,42,0.041,1,COM9
3,1086067,30,rpm,89,283,30.0,30.0,3200,609,0,42,0.041,1,COM9
3,1086088,30,rpm,377,283,30.0,30.0,3200,609,0,42,0.041,1,COM9
3,1086108,30,rpm,477,283,30.0,30.0,3200,609,0,43,0.041,1,COM9
3,1086129,30,rpm,594,284,30.0,30.0,3200,609,0,43,0.041,1,COM9
3,1086150,30,rpm,618,284,30.0,30.0,3200,609,0,43,0.041,1,COM9
3,1086170,30,rpm,592,284,30.0,30.0,3200,609,0,43,0.042,1,COM9
3,1086191,30,rpm,478,284,30.0,30.0,3200,609,0,43,0.042,1,COM9
3,1086211,30,rpm,378,285,30.0,30.0,3200,609,0,43,0.042,1,COM9
3,1086232,30,rpm,291,285,30.0,30.0,3200,609,0,43,0.042,1,COM9
3,1086253,30,rpm,246,285,30.0,30.0,3200,609,0,43,0.042,1,COM9
3,1086273,30,rpm,65,286,30.0,30.0,3200,609,0,43,0.042,1,COM9
3,1086294,30,rpm,18,286,30.0,30.0,3200,609,0,43,0.042,1,COM9
3,1086314,30,rpm,10,286,30.0,30.0,3200,609,0,44,0.042,1,COM9
3,1086335,30,rpm,7,287,30.0,30.0,3200,609,0,44,0.042,1,COM9
3,1086356,30,rpm,16,287,30.0,30.0,3200,609,0,44,0.042,1,COM9
3,1086376,30,rpm,137,287,30.0,30.0,3200,609,0,44,0.043,1,COM9
3,1086397,30,rpm,427,288,30.0,30.0,3200,609,0,44,0.043,1,COM9
3,1086418,30,rpm,514,288,30.0,30.0,3200,609,0,44,0.043,1,COM9
3,1086438,30,rpm,592,288,30.0,30.0,3200,609,0,44,0.043,1,COM9
3,1086459,30,rpm,590,288,30.0,30.0,3200,609,0,44,0.043,1,COM9
3,1086480,30,rpm,567,289,30.0,30.0,3200,609,0,44,0.043,1,COM9
3,1086500,30,rpm,510,289,30.0,30.0,3200,609,0,44,0.043,1,COM9
3,1086521,30,rpm,413,289,30.0,30.0,3200,609,0,45,0.043,1,COM9
3,1086541,30,rpm,347,289,30.0,30.0,3200,609,0,45,0.043,1,COM9
3,1086562,30,rpm,284,290,30.0,30.0,3200,609,0,45,0.043,1,COM9
3,1086583,30,rpm,91,290,30.0,30.0,3200,609,0,45,0.043,1,COM9
3,1086603,30,rpm,16,290,30.0,30.0,3200,609,0,45,0.044,1,COM9
3,1086624,30,rpm,8,291,30.0,30.0,3200,609,0,45,0.044,1,COM9
3,1086645,30,rpm,6,291,30.0,30.0,3200,609,0,45,0.044,1,COM9
3,1086665,30,rpm,16,291,30.0,30.0,3200,609,0,45,0.044,1,COM9
3,1086686,30,rpm,120,291,30.0,30.0,3200,609,0,45,0.044,1,COM9
3,1086706,30,rpm,394,292,30.0,30.0,3200,609,0,45,0.044,1,COM9
3,1086727,30,rpm,502,292,30.0,30.0,3200,609,0,46,0.044,1,COM9
3,1086748,30,rpm,574,292,30.0,30.0,3200,609,0,46,0.044,1,COM9
3,1086768,30,rpm,560,292,30.0,30.0,3200,609,0,46,0.044,1,COM9
3,1086789,30,rpm,534,293,30.0,30.0,3200,609,0,46,0.044,1,COM9
3,1086810,30,rpm,489,293,30.0,30.0,3200,609,0,46,0.045,1,COM9
3,1086830,30,rpm,411,293,30.0,30.0,3200,609,0,46,0.045,1,COM9
3,1086851,30,rpm,347,293,30.0,30.0,3200,609,0,46,0.045,1,COM9
3,1086872,30,rpm,284,293,30.0,30.0,3200,609,0,46,0.045,1,COM9
3,1086892,30,rpm,79,294,30.0,30.0,3200,609,0,46,0.045,1,COM9
3,1086913,30,rpm,17,294,30.0,30.0,3200,609,0,46,0.045,1,COM9
3,1086934,30,rpm,8,294,30.0,30.0,3200,609,0,47,0.045,1,COM9
3,1086954,30,rpm,6,294,30.0,30.0,3200,609,0,47,0.045,1,COM9
3,1086975,30,rpm,15,295,30.0,30.0,3200,609,0,47,0.045,1,COM9
3,1086995,30,rpm,98,295,30.0,30.0,3200,609,0,47,0.045,1,COM9
3,1087016,30,rpm,353,295,30.0,30.0,3200,609,0,47,0.046,1,COM9
3,1087037,30,rpm,549,295,30.0,30.0,3200,609,0,47,0.046,1,COM9
3,1087057,30,rpm,693,295,30.0,30.0,3200,609,0,47,0.046,1,COM9
3,1087078,30,rpm,679,296,30.0,30.0,3200,609,0,47,0.046,1,COM9
3,1087099,30,rpm,604,296,30.0,30.0,3200,609,0,47,0.046,1,COM9
3,1087119,30,rpm,518,296,30.0,30.0,3200,609,0,47,0.046,1,COM9
3,1087140,30,rpm,410,296,30.0,30.0,3200,609,0,48,0.046,1,COM9
3,1087160,30,rpm,291,296,30.0,30.0,3200,609,0,48,0.046,1,COM9
3,1087181,30,rpm,234,296,30.0,30.0,3200,609,0,48,0.046,1,COM9
3,1087202,30,rpm,182,297,30.0,30.0,3200,609,0,48,0.046,1,COM9
3,1087222,30,rpm,30,297,30.0,30.0,3200,609,0,48,0.047,1,COM9
3,1087243,30,rpm,11,297,30.0,30.0,3200,609,0,48,0.047,1,COM9
3,1087263,30,rpm,6,297,30.0,30.0,3200,609,0,48,0.047,1,COM9
3,1087284,30,rpm,7,297,30.0,30.0,3200,609,0,48,0.047,1,COM9
3,1087305,30,rpm,31,297,30.0,30.0,3200,609,0,48,0.047,1,COM9
3,1087325,30,rpm,180,298,30.0,30.0,3200,609,0,48,0.047,1,COM9
3,1087346,30,rpm,437,298,30.0,30.0,3200,609,0,49,0.047,1,COM9
3,1087367,30,rpm,596,298,30.0,30.0,3200,609,0,49,0.047,1,COM9
3,1087387,30,rpm,668,298,30.0,30.0,3200,609,0,49,0.047,1,COM9
3,1087408,30,rpm,600,298,30.0,30.0,3200,609,0,49,0.047,1,COM9
3,1087429,30,rpm,544,298,30.0,30.0,3200,609,0,49,0.048,1,COM9
3,1087449,30,rpm,437,298,30.0,30.0,3200,609,0,49,0.048,1,COM9
3,1087470,30,rpm,314,299,30.0,30.0,3200,609,0,49,0.048,1,COM9
3,1087490,30,rpm,241,299,30.0,30.0,3200,609,0,49,0.048,1,COM9
3,1087511,30,rpm,233,299,30.0,30.0,3200,609,0,49,0.048,1,COM9
3,1087532,30,rpm,61,299,30.0,30.0,3200,609,0,49,0.048,1,COM9
3,1087552,30,rpm,14,299,30.0,30.0,3200,609,0,50,0.048,1,COM9
3,1087573,30,rpm,7,299,30.0,30.0,3200,609,0,50,0.048,1,COM9
3,1087594,30,rpm,5,299,30.0,30.0,3200,609,0,50,0.048,1,COM9
3,1087615,30,rpm,19,299,30.0,30.0,3200,609,0,50,0.048,1,COM9
3,1087635,30,rpm,125,299,30.0,30.0,3200,609,0,50,0.049,1,COM9
3,1087656,30,rpm,431,300,30.0,30.0,3200,609,0,50,0.049,1,COM9
3,1087676,30,rpm,618,300,30.0,30.0,3200,609,0,50,0.049,1,COM9
3,1087697,30,rpm,718,300,30.0,30.0,3200,609,0,50,0.049,1,COM9
3,1087718,30,rpm,624,300,30.0,30.0,3200,609,0,50,0.049,1,COM9
3,1087738,30,rpm,560,300,30.0,30.0,3200,609,0,51,0.049,1,COM9
3,1087759,30,rpm,435,300,30.0,30.0,3200,609,0,51,0.049,1,COM9
3,1087780,30,rpm,323,300,30.0,30.0,3200,609,0,51,0.049,1,COM9
3,1087800,30,rpm,232,300,30.0,30.0,3200,609,0,51,0.049,1,COM9
3,1087821,30,rpm,188,300,30.0,30.0,3200,609,0,51,0.049,1,COM9
3,1087842,30,rpm,78,300,30.0,30.0,3200,609,0,51,0.05,1,COM9
3,1087862,30,rpm,15,300,30.0,30.0,3200,609,0,51,0.05,1,COM9
3,1087883,30,rpm,8,300,30.0,30.0,3200,609,0,51,0.05,1,COM9
3,1087904,30,rpm,5,301,30.0,30.0,3200,609,0,51,0.05,1,COM9
3,1087924,30,rpm,9,301,30.0,30.0,3200,609,0,51,0.05,1,COM9
3,1087945,30,rpm,78,301,30.0,30.0,3200,609,0,52,0.05,1,COM9
3,1087965,30,rpm,362,301,30.0,30.0,3200,609,0,52,0.05,1,COM9
3,1087986,30,rpm,483,301,30.0,30.0,3200,609,0,52,0.05,1,COM9
3,1088007,30,rpm,576,301,30.0,30.0,3200,609,0,52,0.05,1,COM9
3,1088027,30,rpm,615,301,30.0,30.0,3200,609,0,52,0.05,1,COM9
3,1088048,30,rpm,597,301,30.0,30.0,3200,609,0,52,0.051,1,COM9
3,1088069,30,rpm,489,301,30.0,30.0,3200,609,0,52,0.051,1,COM9
3,1088089,30,rpm,392,301,30.0,30.0,3200,609,0,52,0.051,1,COM9
3,1088110,30,rpm,301,301,30.0,30.0,3200,609,0,52,0.051,1,COM9
3,1088131,30,rpm,250,301,30.0,30.0,3200,609,0,52,0.051,1,COM9
3,1088151,30,rpm,73,301,30.0,30.0,3200,609,0,53,0.051,1,COM9
3,1088172,30,rpm,15,301,30.0,30.0,3200,609,0,53,0.051,1,COM9
3,1088192,30,rpm,10,301,30.0,30.0,3200,609,0,53,0.051,1,COM9
3,1088213,30,rpm,8,301,30.0,30.0,3200,609,0,53,0.051,1,COM9
3,1088234,30,rpm,15,301,30.0,30.0,3200,609,0,53,0.051,1,COM9
3,1088254,30,rpm,118,301,30.0,30.0,3200,609,0,53,0.052,1,COM9
3,1088275,30,rpm,419,301,30.0,30.0,3200,609,0,53,0.052,1,COM9
3,1088295,30,rpm,513,301,30.0,30.0,3200,609,0,53,0.052,1,COM9
3,1088316,30,rpm,592,301,30.0,30.0,3200,609,0,53,0.052,1,COM9
3,1088337,30,rpm,590,301,30.0,30.0,3200,609,0,54,0.052,1,COM9
3,1088357,30,rpm,563,301,30.0,30.0,3200,609,0,54,0.052,1,COM9
3,1088378,30,rpm,513,301,30.0,30.0,3200,609,0,54,0.052,1,COM9
3,1088399,30,rpm,426,301,30.0,30.0,3200,609,0,54,0.052,1,COM9
3,1088419,30,rpm,354,301,30.0,30.0,3200,609,0,54,0.052,1,COM9
3,1088440,30,rpm,292,301,30.0,30.0,3200,609,0,54,0.052,1,COM9
3,1088460,30,rpm,103,301,30.0,30.0,3200,609,0,54,0.053,1,COM9
3,1088481,30,rpm,17,301,30.0,30.0,3200,609,0,54,0.053,1,COM9
3,1088502,30,rpm,8,301,30.0,30.0,3200,609,0,54,0.053,1,COM9
3,1088522,30,rpm,7,301,30.0,30.0,3200,609,0,54,0.053,1,COM9
3,1088543,30,rpm,16,301,30.0,30.0,3200,609,0,55,0.053,1,COM9
3,1088564,30,rpm,114,301,30.0,30.0,3200,609,0,55,0.053,1,COM9
3,1088584,30,rpm,382,301,30.0,30.0,3200,609,0,55,0.053,1,COM9
3,1088605,30,rpm,496,301,30.0,30.0,3200,609,0,55,0.053,1,COM9
3,1088626,30,rpm,570,301,30.0,30.0,3200,609,0,55,0.053,1,COM9
3,1088646,30,rpm,559,301,30.0,30.0,3200,609,0,55,0.053,1,COM9
3,1088667,30,rpm,539,301,30.0,30.0,3200,609,0,55,0.054,1,COM9
3,1088687,30,rpm,488,301,30.0,30.0,3200,609,0,55,0.054,1,COM9
3,1088708,30,rpm,409,301,30.0,30.0,3200,609,0,55,0.054,1,COM9
3,1088729,30,rpm,351,301,30.0,30.0,3200,609,0,55,0.054,1,COM9
3,1088749,30,rpm,293,301,30.0,30.0,3200,609,0,56,0.054,1,COM9
3,1088770,30,rpm,92,301,30.0,30.0,3200,609,0,56,0.054,1,COM9
3,1088791,30,rpm,16,301,30.0,30.0,3200,609,0,56,0.054,1,COM9
3,1088811,30,rpm,8,301,30.0,30.0,3200,609,0,56,0.054,1,COM9
3,1088832,30,rpm,6,301,30.0,30.0,3200,609,0,56,0.054,1,COM9
3,1088852,30,rpm,15,301,30.0,30.0,3200,609,0,56,0.054,1,COM9
3,1088873,30,rpm,93,301,30.0,30.0,3200,609,0,56,0.055,1,COM9
3,1088894,30,rpm,336,301,30.0,30.0,3200,609,0,56,0.055,1,COM9
3,1088914,30,rpm,510,301,30.0,30.0,3200,609,0,56,0.055,1,COM9
3,1088935,30,rpm,686,300,30.0,30.0,3200,609,0,57,0.055,1,COM9
3,1088956,30,rpm,686,300,30.0,30.0,3200,609,0,57,0.055,1,COM9
3,1088976,30,rpm,608,300,30.0,30.0,3200,609,0,57,0.055,1,COM9
3,1088997,30,rpm,528,300,30.0,30.0,3200,609,0,57,0.055,1,COM9
3,1089017,30,rpm,420,300,30.0,30.0,3200,609,0,57,0.055,1,COM9
3,1089038,30,rpm,304,300,30.0,30.0,3200,609,0,57,0.055,1,COM9
3,1089059,30,rpm,241,300,30.0,30.0,3200,609,0,57,0.055,1,COM9
3,1089079,30,rpm,197,300,30.0,30.0,3200,609,0,57,0.056,1,COM9
3,1089100,30,rpm,32,300,30.0,30.0,3200,609,0,57,0.056,1,COM9
3,1089121,30,rpm,11,300,30.0,30.0,3200,609,0,57,0.056,1,COM9
3,1089141,30,rpm,5,300,30.0,30.0,3200,609,0,58,0.056,1,COM9
3,1089162,30,rpm,5,300,30.0,30.0,3200,609,0,58,0.056,1,COM9
3,1089182,30,rpm,22,300,30.0,30.0,3200,609,0,58,0.056,1,COM9
3,1089203,30,rpm,147,300,30.0,30.0,3200,609,0,58,0.056,1,COM9
3,1089224,30,rpm,377,300,30.0,30.0,3200,609,0,58,0.056,1,COM9
3,1089244,30,rpm,553,300,30.0,30.0,3200,609,0,58,0.056,1,COM9
3,1089265,30,rpm,666,299,30.0,30.0,3200,609,0,58,0.056,1,COM9
3,1089286,30,rpm,601,299,30.0,30.0,3200,609,0,58,0.057,1,COM9
3,1089306,30,rpm,557,299,30.0,30.0,3200,609,0,58,0.057,1,COM9
3,1089327,30,rpm,444,299,30.0,30.0,3200,609,0,58,0.057,1,COM9
3,1089348,30,rpm,339,299,30.0,30.0,3200,609,0,59,0.057,1,COM9
3,1089368,30,rpm,263,299,30.0,30.0,3200,609,0,59,0.057,1,COM9
3,1089389,30,rpm,252,299,30.0,30.0,3200,609,0,59,0.057,1,COM9
3,1089410,30,rpm,66,299,30.0,30.0,3200,609,0,59,0.057,1,COM9
3,1089430,30,rpm,14,299,30.0,30.0,3200,609,0,59,0.057,1,COM9
3,1089451,30,rpm,7,299,30.0,30.0,3200,609,0,59,0.057,1,COM9
3,1089472,30,rpm,6,299,30.0,30.0,3200,609,0,59,0.057,1,COM9
3,1089492,30,rpm,19,299,30.0,30.0,3200,609,0,59,0.058,1,COM9
3,1089513,30,rpm,126,298,30.0,30.0,3200,609,0,59,0.058,1,COM9
3,1089534,30,rpm,439,298,30.0,30.0,3200,609,0,60,0.058,1,COM9
3,1089554,30,rpm,621,298,30.0,30.0,3200,609,0,60,0.058,1,COM9
3,1089575,30,rpm,704,298,30.0,30.0,3200,609,0,60,0.058,1,COM9
3,1089596,30,rpm,631,298,30.0,30.0,3200,609,0,60,0.058,1,COM9
3,1089616,30,rpm,559,298,30.0,30.0,3200,609,0,60,0.058,1,COM9
3,1089637,30,rpm,435,298,30.0,30.0,3200,609,0,60,0.058,1,COM9
3,1089658,30,rpm,323,298,30.0,30.0,3200,609,0,60,0.058,1,COM9
3,1089678,30,rpm,229,298,30.0,30.0,3200,609,0,60,0.058,1,COM9
3,1089699,30,rpm,187,298,30.0,30.0,3200,609,0,60,0.059,1,COM9
3,1089720,30,rpm,82,298,30.0,30.0,3200,609,0,60,0.059,1,COM9
3,1089740,30,rpm,15,298,30.0,30.0,3200,609,0,61,0.059,1,COM9
3,1089761,30,rpm,7,297,30.0,30.0,3200,609,0,61,0.059,1,COM9
3,1089781,30,rpm,5,297,30.0,30.0,3200,609,0,61,0.059,1,COM9
3,1089802,30,rpm,9,297,30.0,30.0,3200,609,0,61,0.059,1,COM9
3,1089823,30,rpm,75,297,30.0,30.0,3200,609,0,61,0.059,1,COM9
3,1089843,30,rpm,353,297,30.0,30.0,3200,609,0,61,0.059,1,COM9
3,1089864,30,rpm,482,297,30.0,30.0,3200,609,0,61,0.059,1,COM9
3,1089885,30,rpm,601,297,30.0,30.0,3200,609,0,61,0.059,1,COM9
3,1089905,30,rpm,612,297,30.0,30.0,3200,609,0,61,0.06,1,COM9
3,1089926,30,rpm,593,297,30.0,30.0,3200,609,0,61,0.06,1,COM9
3,1089946,30,rpm,483,297,30.0,30.0,3200,609,0,62,0.06,1,COM9
3,1089967,30,rpm,386,297,30.0,30.0,3200,609,0,62,0.06,1,COM9
3,1089987,30,rpm,297,296,30.0,30.0,3200,609,0,62,0.06,1,COM9
3,1090008,30,rpm,253,296,30.0,30.0,3200,609,0,62,0.06,1,COM9
3,1090029,30,rpm,82,296,30.0,30.0,3200,609,0,62,0.06,1,COM9
3,1090049,30,rpm,18,296,30.0,30.0,3200,609,0,62,0.06,1,COM9
3,1090070,30,rpm,9,296,30.0,30.0,3200,609,0,62,0.06,1,COM9
3,1090090,30,rpm,6,296,30.0,30.0,3200,609,0,62,0.06,1,COM9
3,1090111,30,rpm,14,296,30.0,30.0,3200,609,0,62,0.06,1,COM9
3,1090132,30,rpm,116,296,30.0,30.0,3200,609,0,62,0.061,1,COM9
3,1090152,30,rpm,409,296,30.0,30.0,3200,609,0,63,0.061,1,COM9
3,1090173,30,rpm,505,296,30.0,30.0,3200,609,0,63,0.061,1,COM9
3,1090193,30,rpm,585,295,30.0,30.0,3200,609,0,63,0.061,1,COM9
3,1090214,30,rpm,583,295,30.0,30.0,3200,609,0,63,0.061,1,COM9
3,1090235,30,rpm,553,295,30.0,30.0,3200,609,0,63,0.061,1,COM9
3,1090255,30,rpm,514,295,30.0,30.0,3200,609,0,63,0.061,1,COM9
3,1090276,30,rpm,427,295,30.0,30.0,3200,609,0,63,0.061,1,COM9
3,1090297,30,rpm,358,295,30.0,30.0,3200,609,0,63,0.061,1,COM9
3,1090317,30,rpm,294,295,30.0,30.0,3200,609,0,63,0.061,1,COM9
3,1090338,30,rpm,109,295,30.0,30.0,3200,609,0,63,0.062,1,COM9
3,1090359,30,rpm,17,295,30.0,30.0,3200,609,0,64,0.062,1,COM9
3,1090379,30,rpm,8,295,30.0,30.0,3200,609,0,64,0.062,1,COM9
3,1090400,30,rpm,6,295,30.0,30.0,3200,609,0,64,0.062,1,COM9
3,1090420,30,rpm,14,294,30.0,30.0,3200,609,0,64,0.062,1,COM9
3,1090441,30,rpm,102,294,30.0,30.0,3200,609,0,64,0.062,1,COM9
3,1090462,30,rpm,371,294,30.0,30.0,3200,609,0,64,0.062,1,COM9
3,1090482,30,rpm,500,294,30.0,30.0,3200,609,0,64,0.062,1,COM9
3,1090503,30,rpm,576,294,30.0,30.0,3200,609,0,64,0.062,1,COM9
3,1090524,30,rpm,563,294,30.0,30.0,3200,609,0,64,0.062,1,COM9
3,1090544,30,rpm,537,294,30.0,30.0,3200,609,0,64,0.063,1,COM9
3,1090565,30,rpm,493,294,30.0,30.0,3200,609,0,65,0.063,1,COM9
3,1090585,30,rpm,414,294,30.0,30.0,3200,609,0,65,0.063,1,COM9
3,1090606,30,rpm,355,294,30.0,30.0,3200,609,0,65,0.063,1,COM9
3,1090627,30,rpm,303,294,30.0,30.0,3200,609,0,65,0.063,1,COM9
3,1090647,30,rpm,102,293,30.0,30.0,3200,609,0,65,0.063,1,COM9
3,1090668,30,rpm,16,293,30.0,30.0,3200,609,0,65,0.063,1,COM9
3,1090689,30,rpm,8,293,30.0,30.0,3200,609,0,65,0.063,1,COM9
3,1090709,30,rpm,5,293,30.0,30.0,3200,609,0,65,0.063,1,COM9
3,1090730,30,rpm,12,293,30.0,30.0,3200,609,0,65,0.063,1,COM9
3,1090750,30,rpm,79,293,30.0,30.0,3200,609,0,66,0.064,1,COM9
3,1090771,30,rpm,319,293,30.0,30.0,3200,609,0,66,0.064,1,COM9
3,1090792,30,rpm,528,293,30.0,30.0,3200,609,0,66,0.064,1,COM9
3,1090812,30,rpm,686,293,30.0,30.0,3200,609,0,66,0.064,1,COM9
3,1090833,30,rpm,681,293,30.0,30.0,3200,609,0,66,0.064,1,COM9
3,1090853,30,rpm,607,293,30.0,30.0,3200,609,0,66,0.064,1,COM9
3,1090874,30,rpm,524,293,30.0,30.0,3200,609,0,66,0.064,1,COM9
3,1090895,30,rpm,419,292,30.0,30.0,3200,609,0,66,0.064,1,COM9
3,1090915,30,rpm,308,292,30.0,30.0,3200,609,0,66,0.064,1,COM9
3,1090936,30,rpm,245,292,30.0,30.0,3200,609,0,66,0.064,1,COM9
3,1090957,30,rpm,202,292,30.0,30.0,3200,609,0,67,0.065,1,COM9
3,1090978,30,rpm,32,292,30.0,30.0,3200,609,0,67,0.065,1,COM9
3,1090998,30,rpm,11,292,30.0,30.0,3200,609,0,67,0.065,1,COM9
3,1091019,30,rpm,6,292,30.0,30.0,3200,609,0,67,0.065,1,COM9
3,1091039,30,rpm,6,292,30.0,30.0,3200,609,0,67,0.065,1,COM9
3,1091060,30,rpm,24,292,30.0,30.0,3200,609,0,67,0.065,1,COM9
3,1091081,30,rpm,153,292,30.0,30.0,3200,609,0,67,0.065,1,COM9
3,1091101,30,rpm,403,292,30.0,30.0,3200,609,0,67,0.065,1,COM9
3,1091122,30,rpm,578,292,30.0,30.0,3200,609,0,67,0.065,1,COM9
3,1091142,30,rpm,670,292,30.0,30.0,3200,609,0,67,0.065,1,COM9
3,1091163,30,rpm,600,291,30.0,30.0,3200,609,0,68,0.065,1,COM9
3,1091184,30,rpm,544,291,30.0,30.0,3200,609,0,68,0.066,1,COM9
3,1091204,30,rpm,448,291,30.0,30.0,3200,609,0,68,0.066,1,COM9
3,1091225,30,rpm,326,291,30.0,30.0,3200,609,0,68,0.066,1,COM9
3,1091245,30,rpm,258,291,30.0,30.0,3200,609,0,68,0.066,1,COM9
3,1091266,30,rpm,229,291,30.0,30.0,3200,609,0,68,0.066,1,COM9
3,1091287,30,rpm,75,291,30.0,30.0,3200,609,0,68,0.066,1,COM9
3,1091307,30,rpm,14,291,30.0,30.0,3200,609,0,68,0.066,1,COM9
3,1091328,30,rpm,7,291,30.0,30.0,3200,609,0,68,0.066,1,COM9
3,1091349,30,rpm,5,291,30.0,30.0,3200,609,0,68,0.066,1,COM9
3,1091369,30,rpm,15,291,30.0,30.0,3200,609,0,69,0.066,1,COM9
3,1091390,30,rpm,105,291,30.0,30.0,3200,609,0,69,0.067,1,COM9
3,1091410,30,rpm,393,291,30.0,30.0,3200,609,0,69,0.067,1,COM9
3,1091431,30,rpm,615,291,30.0,30.0,3200,609,0,69,0.067,1,COM9
3,1091452,30,rpm,722,291,30.0,30.0,3200,609,0,69,0.067,1,COM9
3,1091472,30,rpm,644,290,30.0,30.0,3200,609,0,69,0.067,1,COM9
3,1091493,30,rpm,572,290,30.0,30.0,3200,609,0,69,0.067,1,COM9
3,1091514,30,rpm,450,290,30.0,30.0,3200,609,0,69,0.067,1,COM9
3,1091534,30,rpm,337,290,30.0,30.0,3200,609,0,69,0.067,1,COM9
3,1091555,30,rpm,240,290,30.0,30.0,3200,609,0,69,0.067,1,COM9
3,1091575,30,rpm,189,290,30.0,30.0,3200,609,0,70,0.067,1,COM9
3,1091596,30,rpm,98,290,30.0,30.0,3200,609,0,70,0.068,1,COM9
3,1091617,30,rpm,17,290,30.0,30.0,3200,609,0,70,0.068,1,COM9
3,1091637,30,rpm,8,290,30.0,30.0,3200,609,0,70,0.068,1,COM9
3,1091658,30,rpm,5,290,30.0,30.0,3200,609,0,70,0.068,1,COM9
3,1091679,30,rpm,7,290,30.0,30.0,3200,609,0,70,0.068,1,COM9
3,1091699,30,rpm,58,290,30.0,30.0,3200,609,0,70,0.068,1,COM9
3,1091720,30,rpm,329,290,30.0,30.0,3200,609,0,70,0.068,1,COM9
3,1091740,30,rpm,477,290,30.0,30.0,3200,609,0,70,0.068,1,COM9
3,1091761,30,rpm,602,290,30.0,30.0,3200,609,0,70,0.068,1,COM9
3,1091782,30,rpm,619,290,30.0,30.0,3200,609,0,71,0.068,1,COM9
3,1091802,30,rpm,606,290,30.0,30.0,3200,609,0,71,0.068,1,COM9
3,1091823,30,rpm,494,290,30.0,30.0,3200,609,0,71,0.069,1,COM9
3,1091844,30,rpm,392,290,30.0,30.0,3200,609,0,71,0.069,1,COM9
3,1091864,30,rpm,294,290,30.0,30.0,3200,609,0,71,0.069,1,COM9
3,1091885,30,rpm,259,289,30.0,30.0,3200,609,0,71,0.069,1,COM9
3,1091905,30,rpm,100,289,30.0,30.0,3200,609,0,71,0.069,1,COM9
3,1091926,30,rpm,16,289,30.0,30.0,3200,609,0,71,0.069,1,COM9
3,1091947,30,rpm,8,289,30.0,30.0,3200,609,0,71,0.069,1,COM9
3,1091967,30,rpm,5,289,30.0,30.0,3200,609,0,71,0.069,1,COM9
3,1091988,30,rpm,10,289,30.0,30.0,3200,609,0,72,0.069,1,COM9
3,1092008,30,rpm,85,289,30.0,30.0,3200,609,0,72,0.069,1,COM9
3,1092029,30,rpm,380,289,30.0,30.0,3200,609,0,72,0.07,1,COM9
3,1092050,30,rpm,509,289,30.0,30.0,3200,609,0,72,0.07,1,COM9
3,1092070,30,rpm,598,289,30.0,30.0,3200,609,0,72,0.07,1,COM9
3,1092091,30,rpm,594,289,30.0,30.0,3200,609,0,72,0.07,1,COM9
3,1092111,30,rpm,563,289,30.0,30.0,3200,609,0,72,0.07,1,COM9
3,1092132,30,rpm,522,289,30.0,30.0,3200,609,0,72,0.07,1,COM9
3,1092153,30,rpm,432,289,30.0,30.0,3200,609,0,72,0.07,1,COM9
3,1092173,30,rpm,363,289,30.0,30.0,3200,609,0,72,0.07,1,COM9
3,1092194,30,rpm,303,289,30.0,30.0,3200,609,0,72,0.07,1,COM9
3,1092215,30,rpm,139,289,30.0,30.0,3200,609,0,73,0.07,1,COM9
3,1092235,30,rpm,19,289,30.0,30.0,3200,609,0,73,0.071,1,COM9
3,1092256,30,rpm,9,289,30.0,30.0,3200,609,0,73,0.071,1,COM9
3,1092276,30,rpm,6,289,30.0,30.0,3200,609,0,73,0.071,1,COM9
3,1092297,30,rpm,11,289,30.0,30.0,3200,609,0,73,0.071,1,COM9
3,1092318,30,rpm,78,289,30.0,30.0,3200,609,0,73,0.071,1,COM9
3,1092338,30,rpm,336,289,30.0,30.0,3200,609,0,73,0.071,1,COM9
3,1092359,30,rpm,490,289,30.0,30.0,3200,609,0,73,0.071,1,COM9
3,1092379,30,rpm,575,289,30.0,30.0,3200,609,0,73,0.071,1,COM9
3,1092400,30,rpm,564,289,30.0,30.0,3200,609,0,73,0.071,1,COM9
3,1092421,30,rpm,524,289,30.0,30.0,3200,609,0,74,0.071,1,COM9
3,1092441,30,rpm,495,289,30.0,30.0,3200,609,0,74,0.071,1,COM9
3,1092462,30,rpm,421,289,30.0,30.0,3200,609,0,74,0.072,1,COM9
3,1092483,30,rpm,360,289,30.0,30.0,3200,609,0,74,0.072,1,COM9
3,1092503,30,rpm,315,289,30.0,30.0,3200,609,0,74,0.072,1,COM9
3,1092524,30,rpm,126,289,30.0,30.0,3200,609,0,74,0.072,1,COM9
3,1092544,30,rpm,16,289,30.0,30.0,3200,609,0,74,0.072,1,COM9
3,1092565,30,rpm,8,289,30.0,30.0,3200,609,0,74,0.072,1,COM9
3,1092585,30,rpm,6,289,30.0,30.0,3200,609,0,74,0.072,1,COM9
3,1092606,30,rpm,11,289,30.0,30.0,3200,609,0,74,0.072,1,COM9
3,1092627,30,rpm,70,289,30.0,30.0,3200,609,0,75,0.072,1,COM9
3,1092647,30,rpm,297,289,30.0,30.0,3200,609,0,75,0.072,1,COM9
3,1092668,30,rpm,496,289,30.0,30.0,3200,609,0,75,0.073,1,COM9
3,1092689,30,rpm,679,289,30.0,30.0,3200,609,0,75,0.073,1,COM9
3,1092709,30,rpm,691,289,30.0,30.0,3200,609,0,75,0.073,1,COM9
3,1092730,30,rpm,616,289,30.0,30.0,3200,609,0,75,0.073,1,COM9
3,1092750,30,rpm,541,289,30.0,30.0,3200,609,0,75,0.073,1,COM9
3,1092771,30,rpm,432,289,30.0,30.0,3200,609,0,75,0.073,1,COM9
3,1092791,30,rpm,311,289,30.0,30.0,3200,609,0,75,0.073,1,COM9
3,1092812,30,rpm,238,289,30.0,30.0,3200,609,0,75,0.073,1,COM9
3,1092833,30,rpm,214,289,30.0,30.0,3200,609,0,76,0.073,1,COM9
3,1092853,30,rpm,48,288,30.0,30.0,3200,609,0,76,0.073,1,COM9
3,1092874,30,rpm,13,288,30.0,30.0,3200,609,0,76,0.073,1,COM9
3,1092895,30,rpm,7,288,30.0,30.0,3200,609,0,76,0.074,1,COM9
3,1092915,30,rpm,5,288,30.0,30.0,3200,609,0,76,0.074,1,COM9
3,1092936,30,rpm,17,288,30.0,30.0,3200,609,0,76,0.074,1,COM9
3,1092956,30,rpm,118,288,30.0,30.0,3200,609,0,76,0.074,1,COM9
3,1092977,30,rpm,353,288,30.0,30.0,3200,609,0,76,0.074,1,COM9
3,1092998,30,rpm,543,288,30.0,30.0,3200,609,0,76,0.074,1,COM9
3,1093018,30,rpm,666,288,30.0,30.0,3200,609,0,76,0.074,1,COM9
3,1093039,30,rpm,625,288,30.0,30.0,3200,609,0,77,0.074,1,COM9
3,1093060,30,rpm,564,288,30.0,30.0,3200,609,0,77,0.074,1,COM9
3,1093080,30,rpm,464,288,30.0,30.0,3200,609,0,77,0.074,1,COM9
3,1093101,30,rpm,353,289,30.0,30.0,3200,609,0,77,0.075,1,COM9
3,1093122,30,rpm,275,289,30.0,30.0,3200,609,0,77,0.075,1,COM9
3,1093142,30,rpm,238,289,30.0,30.0,3200,609,0,77,0.075,1,COM9
3,1093163,30,rpm,103,289,30.0,30.0,3200,609,0,77,0.075,1,COM9
3,1093183,30,rpm,17,289,30.0,30.0,3200,609,0,77,0.075,1,COM9
3,1093204,30,rpm,8,289,30.0,30.0,3200,609,0,77,0.075,1,COM9
3,1093225,30,rpm,5,289,30.0,30.0,3200,609,0,77,0.075,1,COM9
3,1093245,30,rpm,11,289,30.0,30.0,3200,609,0,78,0.075,1,COM9
3,1093266,30,rpm,79,289,30.0,30.0,3200,609,0,78,0.075,1,COM9
3,1093287,30,rpm,343,289,30.0,30.0,3200,609,0,78,0.075,1,COM9
3,1093307,30,rpm,581,289,30.0,30.0,3200,609,0,78,0.076,1,COM9
3,1093328,30,rpm,691,289,30.0,30.0,3200,609,0,78,0.076,1,COM9
3,1093348,30,rpm,654,289,30.0,30.0,3200,609,0,78,0.076,1,COM9
3,1093369,30,rpm,582,289,30.0,30.0,3200,609,0,78,0.076,1,COM9
3,1093390,30,rpm,461,289,30.0,30.0,3200,609,0,78,0.076,1,COM9
3,1093410,30,rpm,346,289,30.0,30.0,3200,609,0,78,0.076,1,COM9
3,1093431,30,rpm,247,289,30.0,30.0,3200,609,0,78,0.076,1,COM9
3,1093452,30,rpm,194,289,30.0,30.0,3200,609,0,79,0.076,1,COM9
3,1093472,30,rpm,113,289,30.0,30.0,3200,609,0,79,0.076,1,COM9
3,1093493,30,rpm,19,289,30.0,30.0,3200,609,0,79,0.076,1,COM9
3,1093513,30,rpm,8,289,30.0,30.0,3200,609,0,79,0.076,1,COM9
3,1093534,30,rpm,5,289,30.0,30.0,3200,609,0,79,0.077,1,COM9
3,1093555,30,rpm,6,289,30.0,30.0,3200,609,0,79,0.077,1,COM9
3,1093575,30,rpm,46,289,30.0,30.0,3200,609,0,79,0.077,1,COM9
3,1093596,30,rpm,293,289,30.0,30.0,3200,609,0,79,0.077,1,COM9
3,1093617,30,rpm,470,289,30.0,30.0,3200,609,0,79,0.077,1,COM9
3,1093637,30,rpm,570,289,30.0,30.0,3200,609,0,79,0.077,1,COM9
3,1093658,30,rpm,607,289,30.0,30.0,3200,609,0,80,0.077,1,COM9
3,1093679,30,rpm,605,289,30.0,30.0,3200,609,0,80,0.077,1,COM9
3,1093699,30,rpm,502,289,30.0,30.0,3200,609,0,80,0.077,1,COM9
3,1093720,30,rpm,404,289,30.0,30.0,3200,609,0,80,0.077,1,COM9
3,1093740,30,rpm,312,289,30.0,30.0,3200,609,0,80,0.078,1,COM9
3,1093761,30,rpm,282,289,30.0,30.0,3200,609,0,80,0.078,1,COM9
3,1093782,30,rpm,126,289,30.0,30.0,3200,609,0,80,0.078,1,COM9
3,1093802,30,rpm,18,289,30.0,30.0,3200,609,0,80,0.078,1,COM9
3,1093823,30,rpm,8,289,30.0,30.0,3200,609,0,80,0.078,1,COM9
3,1093844,30,rpm,5,289,30.0,30.0,3200,609,0,80,0.078,1,COM9
3,1093864,30,rpm,9,289,30.0,30.0,3200,609,0,81,0.078,1,COM9
3,1093885,30,rpm,69,289,30.0,30.0,3200,609,0,81,0.078,1,COM9
3,1093905,30,rpm,349,289,30.0,30.0,3200,609,0,81,0.078,1,COM9
3,1093926,30,rpm,498,289,30.0,30.0,3200,609,0,81,0.078,1,COM9
3,1093947,30,rpm,587,289,30.0,30.0,3200,609,0,81,0.079,1,COM9
3,1093967,30,rpm,592,289,30.0,30.0,3200,609,0,81,0.079,1,COM9
3,1093988,30,rpm,562,289,30.0,30.0,3200,609,0,81,0.079,1,COM9
3,1094009,30,rpm,528,289,30.0,30.0,3200,609,0,81,0.079,1,COM9
3,1094029,30,rpm,441,289,30.0,30.0,3200,609,0,81,0.079,1,COM9
3,1094050,30,rpm,369,289,30.0,30.0,3200,609,0,81,0.079,1,COM9
3,1094070,30,rpm,306,289,30.0,30.0,3200,609,0,82,0.079,1,COM9
3,1094091,30,rpm,156,289,30.0,30.0,3200,609,0,82,0.079,1,COM9
3,1094112,30,rpm,20,289,30.0,30.0,3200,609,0,82,0.079,1,COM9
3,1094132,30,rpm,9,289,30.0,30.0,3200,609,0,82,0.079,1,COM9
3,1094153,30,rpm,6,289,30.0,30.0,3200,609,0,82,0.079,1,COM9
3,1094173,30,rpm,11,289,30.0,30.0,3200,609,0,82,0.08,1,COM9
3,1094194,30,rpm,67,289,30.0,30.0,3200,609,0,82,0.08,1,COM9
3,1094214,30,rpm,319,289,30.0,30.0,3200,609,0,82,0.08,1,COM9
3,1094235,30,rpm,486,289,30.0,30.0,3200,609,0,82,0.08,1,COM9
3,1094256,30,rpm,569,289,30.0,30.0,3200,609,0,82,0.08,1,COM9
3,1094276,30,rpm,563,289,30.0,30.0,3200,609,0,83,0.08,1,COM9
3,1094297,30,rpm,535,289,30.0,30.0,3200,609,0,83,0.08,1,COM9
3,1094318,30,rpm,509,289,30.0,30.0,3200,609,0,83,0.08,1,COM9
3,1094338,30,rpm,430,290,30.0,30.0,3200,609,0,83,0.08,1,COM9
3,1094359,30,rpm,362,290,30.0,30.0,3200,609,0,83,0.08,1,COM9
3,1094379,30,rpm,322,290,30.0,30.0,3200,609,0,83,0.081,1,COM9
3,1094400,30,rpm,150,290,30.0,30.0,3200,609,0,83,0.081,1,COM9
3,1094421,30,rpm,19,290,30.0,30.0,3200,609,0,83,0.081,1,COM9
3,1094441,30,rpm,9,290,30.0,30.0,3200,609,0,83,0.081,1,COM9
3,1094462,30,rpm,6,290,30.0,30.0,3200,609,0,83,0.081,1,COM9
3,1094483,30,rpm,9,290,30.0,30.0,3200,609,0,84,0.081,1,COM9
3,1094503,30,rpm,53,290,30.0,30.0,3200,609,0,84,0.081,1,COM9
3,1094524,30,rpm,263,290,30.0,30.0,3200,609,0,84,0.081,1,COM9
3,1094544,30,rpm,485,290,30.0,30.0,3200,609,0,84,0.081,1,COM9
3,1094565,30,rpm,652,290,30.0,30.0,3200,609,0,84,0.081,1,COM9
3,1094586,30,rpm,678,290,30.0,30.0,3200,609,0,84,0.081,1,COM9
3,1094606,30,rpm,615,290,30.0,30.0,3200,609,0,84,0.082,1,COM9
3,1094627,30,rpm,550,290,30.0,30.0,3200,609,0,84,0.082,1,COM9
3,1094648,30,rpm,447,290,30.0,30.0,3200,609,0,84,0.082,1,COM9
3,1094668,30,rpm,336,290,30.0,30.0,3200,609,0,84,0.082,1,COM9
3,1094689,30,rpm,256,290,30.0,30.0,3200,609,0,85,0.082,1,COM9
3,1094710,30,rpm,225,290,30.0,30.0,3200,609,0,85,0.082,1,COM9
3,1094730,30,rpm,60,290,30.0,30.0,3200,609,0,85,0.082,1,COM9
3,1094751,30,rpm,14,290,30.0,30.0,3200,609,0,85,0.082,1,COM9
3,1094771,30,rpm,7,290,30.0,30.0,3200,609,0,85,0.082,1,COM9
3,1094792,30,rpm,5,290,30.0,30.0,3200,609,0,85,0.082,1,COM9
3,1094813,30,rpm,15,290,30.0,30.0,3200,609,0,85,0.083,1,COM9
3,1094833,30,rpm,101,290,30.0,30.0,3200,609,0,85,0.083,1,COM9
3,1094854,30,rpm,334,290,30.0,30.0,3200,609,0,85,0.083,1,COM9
3,1094875,30,rpm,523,290,30.0,30.0,3200,609,0,85,0.083,1,COM9
3,1094895,30,rpm,647,290,30.0,30.0,3200,609,0,86,0.083,1,COM9
3,1094916,30,rpm,619,290,30.0,30.0,3200,609,0,86,0.083,1,COM9
3,1094936,30,rpm,560,290,30.0,30.0,3200,609,0,86,0.083,1,COM9
3,1094957,30,rpm,472,290,30.0,30.0,3200,609,0,86,0.083,1,COM9
3,1094978,30,rpm,349,290,30.0,30.0,3200,609,0,86,0.083,1,COM9
3,1094998,30,rpm,276,290,30.0,30.0,3200,609,0,86,0.083,1,COM9
3,1095019,30,rpm,244,290,30.0,30.0,3200,609,0,86,0.084,1,COM9
3,1095040,30,rpm,110,290,30.0,30.0,3200,609,0,86,0.084,1,COM9
3,1095060,30,rpm,17,290,30.0,30.0,3200,609,0,86,0.084,1,COM9
3,1095081,30,rpm,8,290,30.0,30.0,3200,609,0,86,0.084,1,COM9
3,1095102,30,rpm,5,290,30.0,30.0,3200,609,0,87,0.084,1,COM9
3,1095122,30,rpm,11,290,30.0,30.0,3200,609,0,87,0.084,1,COM9
3,1095143,30,rpm,82,290,30.0,30.0,3200,609,0,87,0.084,1,COM9
3,1095164,30,rpm,352,290,30.0,30.0,3200,609,0,87,0.084,1,COM9
3,1095184,30,rpm,595,290,30.0,30.0,3200,609,0,87,0.084,1,COM9
3,1095205,30,rpm,705,290,30.0,30.0,3200,609,0,87,0.084,1,COM9
3,1095225,30,rpm,659,290,30.0,30.0,3200,609,0,87,0.084,1,COM9
3,1095246,30,rpm,584,290,30.0,30.0,3200,609,0,87,0.085,1,COM9
3,1095267,30,rpm,472,290,30.0,30.0,3200,609,0,87,0.085,1,COM9
3,1095288,30,rpm,353,290,30.0,30.0,3200,609,0,87,0.085,1,COM9
3,1095308,30,rpm,252,290,30.0,30.0,3200,609,0,88,0.085,1,COM9
3,1095329,30,rpm,194,290,30.0,30.0,3200,609,0,88,0.085,1,COM9
3,1095349,30,rpm,124,290,30.0,30.0,3200,609,0,88,0.085,1,COM9
3,1095370,30,rpm,21,290,30.0,30.0,3200,609,0,88,0.085,1,COM9
3,1095391,30,rpm,9,291,30.0,30.0,3200,609,0,88,0.085,1,COM9
3,1095411,30,rpm,5,291,30.0,30.0,3200,609,0,88,0.085,1,COM9
3,1095432,30,rpm,6,291,30.0,30.0,3200,609,0,88,0.085,1,COM9
3,1095453,30,rpm,39,291,30.0,30.0,3200,609,0,88,0.086,1,COM9
3,1095473,30,rpm,273,291,30.0,30.0,3200,609,0,88,0.086,1,COM9
3,1095494,30,rpm,465,291,30.0,30.0,3200,609,0,88,0.086,1,COM9
3,1095514,30,rpm,571,291,30.0,30.0,3200,609,0,89,0.086,1,COM9
3,1095535,30,rpm,616,291,30.0,30.0,3200,609,0,89,0.086,1,COM9
3,1095556,30,rpm,611,291,30.0,30.0,3200,609,0,89,0.086,1,COM9
3,1095576,30,rpm,514,291,30.0,30.0,3200,609,0,89,0.086,1,COM9
3,1095597,30,rpm,407,291,30.0,30.0,3200,609,0,89,0.086,1,COM9
3,1095618,30,rpm,308,291,30.0,30.0,3200,609,0,89,0.086,1,COM9
3,1095638,30,rpm,263,291,30.0,30.0,3200,609,0,89,0.086,1,COM9
3,1095659,30,rpm,131,291,30.0,30.0,3200,609,0,89,0.087,1,COM9
3,1095679,30,rpm,19,291,30.0,30.0,3200,609,0,89,0.087,1,COM9
3,1095700,30,rpm,8,291,30.0,30.0,3200,609,0,89,0.087,1,COM9
3,1095721,30,rpm,6,291,30.0,30.0,3200,609,0,90,0.087,1,COM9
3,1095741,30,rpm,8,291,30.0,30.0,3200,609,0,90,0.087,1,COM9
3,1095762,30,rpm,61,291,30.0,30.0,3200,609,0,90,0.087,1,COM9
3,1095783,30,rpm,338,291,30.0,30.0,3200,609,0,90,0.087,1,COM9
3,1095803,30,rpm,498,291,30.0,30.0,3200,609,0,90,0.087,1,COM9
3,1095824,30,rpm,584,291,30.0,30.0,3200,609,0,90,0.087,1,COM9
3,1095845,30,rpm,592,291,30.0,30.0,3200,609,0,90,0.087,1,COM9
3,1095865,30,rpm,569,291,30.0,30.0,3200,609,0,90,0.087,1,COM9
3,1095886,30,rpm,538,291,30.0,30.0,3200,609,0,90,0.088,1,COM9
3,1095907,30,rpm,443,291,30.0,30.0,3200,609,0,90,0.088,1,COM9
3,1095927,30,rpm,367,291,30.0,30.0,3200,609,0,91,0.088,1,COM9
3,1095948,30,rpm,307,291,30.0,30.0,3200,609,0,91,0.088,1,COM9
3,1095969,30,rpm,176,291,30.0,30.0,3200,609,0,91,0.088,1,COM9
3,1095989,30,rpm,23,291,30.0,30.0,3200,609,0,91,0.088,1,COM9
3,1096010,30,rpm,9,291,30.0,30.0,3200,609,0,91,0.088,1,COM9
3,1096031,30,rpm,6,291,30.0,30.0,3200,609,0,91,0.088,1,COM9
3,1096051,30,rpm,9,291,30.0,30.0,3200,609,0,91,0.088,1,COM9
3,1096072,30,rpm,56,291,30.0,30.0,3200,609,0,91,0.088,1,COM9
3,1096092,30,rpm,294,291,30.0,30.0,3200,609,0,91,0.089,1,COM9
3,1096113,30,rpm,482,291,30.0,30.0,3200,609,0,91,0.089,1,COM9
3,1096134,30,rpm,563,291,30.0,30.0,3200,609,0,92,0.089,1,COM9
3,1096154,30,rpm,557,291,30.0,30.0,3200,609,0,92,0.089,1,COM9
3,1096175,30,rpm,529,291,30.0,30.0,3200,609,0,92,0.089,1,COM9
3,1096196,30,rpm,508,291,30.0,30.0,3200,609,0,92,0.089,1,COM9
3,1096216,30,rpm,435,291,30.0,30.0,3200,609,0,92,0.089,1,COM9
3,1096237,30,rpm,384,291,30.0,30.0,3200,609,0,92,0.089,1,COM9
3,1096257,30,rpm,310,291,30.0,30.0,3200,609,0,92,0.089,1,COM9
3,1096278,30,rpm,157,291,30.0,30.0,3200,609,0,92,0.089,1,COM9
3,1096299,30,rpm,20,291,30.0,30.0,3200,609,0,92,0.09,1,COM9
3,1096319,30,rpm,9,291,30.0,30.0,3200,609,0,92,0.09,1,COM9
3,1096340,30,rpm,6,291,30.0,30.0,3200,609,0,93,0.09,1,COM9
3,1096361,30,rpm,9,291,30.0,30.0,3200,609,0,93,0.09,1,COM9
3,1096381,30,rpm,49,291,30.0,30.0,3200,609,0,93,0.09,1,COM9
3,1096402,30,rpm,255,291,30.0,30.0,3200,609,0,93,0.09,1,COM9
3,1096422,30,rpm,478,291,30.0,30.0,3200,609,0,93,0.09,1,COM9
3,1096443,30,rpm,657,291,30.0,30.0,3200,609,0,93,0.09,1,COM9
3,1096464,30,rpm,685,291,30.0,30.0,3200,609,0,93,0.09,1,COM9
3,1096484,30,rpm,624,291,30.0,30.0,3200,609,0,93,0.09,1,COM9
3,1096505,30,rpm,557,291,30.0,30.0,3200,609,0,93,0.091,1,COM9
3,1096526,30,rpm,449,291,30.0,30.0,3200,609,0,93,0.091,1,COM9
3,1096546,30,rpm,328,291,30.0,30.0,3200,609,0,94,0.091,1,COM9
3,1096567,30,rpm,241,291,30.0,30.0,3200,609,0,94,0.091,1,COM9
3,1096587,30,rpm,215,291,30.0,30.0,3200,609,0,94,0.091,1,COM9
3,1096608,30,rpm,64,291,30.0,30.0,3200,609,0,94,0.091,1,COM9
3,1096629,30,rpm,14,291,30.0,30.0,3200,609,0,94,0.091,1,COM9
3,1096649,30,rpm,7,291,30.0,30.0,3200,609,0,94,0.091,1,COM9
3,1096670,30,rpm,5,291,30.0,30.0,3200,609,0,94,0.091,1,COM9
3,1096691,30,rpm,14,291,30.0,30.0,3200,609,0,94,0.091,1,COM9
3,1096711,30,rpm,101,291,30.0,30.0,3200,609,0,94,0.091,1,COM9
3,1096732,30,rpm,340,291,30.0,30.0,3200,609,0,94,0.092,1,COM9
3,1096752,30,rpm,548,291,30.0,30.0,3200,609,0,95,0.092,1,COM9
3,1096773,30,rpm,666,291,30.0,30.0,3200,609,0,95,0.092,1,COM9
3,1096794,30,rpm,634,291,30.0,30.0,3200,609,0,95,0.092,1,COM9
3,1096814,30,rpm,569,291,30.0,30.0,3200,609,0,95,0.092,1,COM9
3,1096835,30,rpm,474,291,30.0,30.0,3200,609,0,95,0.092,1,COM9
3,1096856,30,rpm,377,291,30.0,30.0,3200,609,0,95,0.092,1,COM9
3,1096876,30,rpm,261,291,30.0,30.0,3200,609,0,95,0.092,1,COM9
3,1096897,30,rpm,226,291,30.0,30.0,3200,609,0,95,0.092,1,COM9
3,1096918,30,rpm,127,291,30.0,30.0,3200,609,0,95,0.092,1,COM9
3,1096938,30,rpm,20,291,30.0,30.0,3200,609,0,95,0.093,1,COM9
3,1096959,30,rpm,9,291,30.0,30.0,3200,609,0,96,0.093,1,COM9
3,1096979,30,rpm,5,291,30.0,30.0,3200,609,0,96,0.093,1,COM9
3,1097000,30,rpm,9,291,30.0,30.0,3200,609,0,96,0.093,1,COM9
3,1097021,30,rpm,60,291,30.0,30.0,3200,609,0,96,0.093,1,COM9
3,1097041,30,rpm,293,291,30.0,30.0,3200,609,0,96,0.093,1,COM9
3,1097062,30,rpm,568,291,30.0,30.0,3200,609,0,96,0.093,1,COM9
3,1097082,30,rpm,680,291,30.0,30.0,3200,609,0,96,0.093,1,COM9
3,1097103,30,rpm,661,291,30.0,30.0,3200,609,0,96,0.093,1,COM9
3,1097124,30,rpm,589,291,30.0,30.0,3200,609,0,96,0.093,1,COM9
3,1097144,30,rpm,479,291,30.0,30.0,3200,609,0,96,0.094,1,COM9
3,1097165,30,rpm,360,291,30.0,30.0,3200,609,0,97,0.094,1,COM9
3,1097186,30,rpm,258,291,30.0,30.0,3200,609,0,97,0.094,1,COM9
3,1097206,30,rpm,198,291,30.0,30.0,3200,609,0,97,0.094,1,COM9
3,1097227,30,rpm,131,291,30.0,30.0,3200,609,0,97,0.094,1,COM9
3,1097248,30,rpm,22,291,30.0,30.0,3200,609,0,97,0.094,1,COM9
3,1097268,30,rpm,9,291,30.0,30.0,3200,609,0,97,0.094,1,COM9
3,1097289,30,rpm,5,291,30.0,30.0,3200,609,0,97,0.094,1,COM9
3,1097309,30,rpm,6,291,30.0,30.0,3200,609,0,97,0.094,1,COM9
3,1097330,30,rpm,33,291,30.0,30.0,3200,609,0,97,0.094,1,COM9
3,1097351,30,rpm,243,291,30.0,30.0,3200,609,0,97,0.094,1,COM9
3,1097371,30,rpm,463,291,30.0,30.0,3200,609,0,98,0.095,1,COM9
3,1097392,30,rpm,538,291,30.0,30.0,3200,609,0,98,0.095,1,COM9
3,1097413,30,rpm,595,291,30.0,30.0,3200,609,0,98,0.095,1,COM9
3,1097433,30,rpm,599,291,30.0,30.0,3200,609,0,98,0.095,1,COM9
3,1097454,30,rpm,521,291,30.0,30.0,3200,609,0,98,0.095,1,COM9
3,1097474,30,rpm,423,291,30.0,30.0,3200,609,0,98,0.095,1,COM9
3,1097495,30,rpm,343,291,30.0,30.0,3200,609,0,98,0.095,1,COM9
3,1097516,30,rpm,278,291,30.0,30.0,3200,609,0,98,0.095,1,COM9
3,1097536,30,rpm,151,291,30.0,30.0,3200,609,0,98,0.095,1,COM9
3,1097557,30,rpm,21,291,30.0,30.0,3200,609,0,98,0.095,1,COM9
3,1097578,30,rpm,9,291,30.0,30.0,3200,609,0,99,0.096,1,COM9
3,1097598,30,rpm,6,291,30.0,30.0,3200,609,0,99,0.096,1,COM9
3,1097619,30,rpm,7,291,30.0,30.0,3200,609,0,99,0.096,1,COM9
3,1097640,30,rpm,50,291,30.0,30.0,3200,609,0,99,0.096,1,COM9
3,1097660,30,rpm,312,291,30.0,30.0,3200,609,0,99,0.096,1,COM9
3,1097681,30,rpm,501,291,30.0,30.0,3200,609,0,99,0.096,1,COM9
3,1097701,30,rpm,580,291,30.0,30.0,3200,609,0,99,0.096,1,COM9
3,1097722,30,rpm,586,291,30.0,30.0,3200,609,0,99,0.096,1,COM9
3,1097743,30,rpm,558,291,30.0,30.0,3200,609,0,99,0.096,1,COM9
3,1097763,30,rpm,534,291,30.0,30.0,3200,609,0,99,0.096,1,COM9
3,1097784,30,rpm,451,291,30.0,30.0,3200,609,0,100,0.097,1,COM9
3,1097804,30,rpm,376,291,30.0,30.0,3200,609,0,100,0.097,1,COM9
3,1097825,30,rpm,314,291,30.0,30.0,3200,609,0,100,0.097,1,COM9
3,1097846,30,rpm,188,291,30.0,30.0,3200,609,0,100,0.097,1,COM9
3,1097866,30,rpm,24,291,30.0,30.0,3200,609,0,100,0.097,1,COM9
3,1097887,30,rpm,10,291,30.0,30.0,3200,609,0,100,0.097,1,COM9
3,1097908,30,rpm,6,291,30.0,30.0,3200,609,0,100,0.097,1,COM9
3,1097928,30,rpm,9,291,30.0,30.0,3200,609,0,100,0.097,1,COM9
3,1097949,30,rpm,53,291,30.0,30.0,3200,609,0,100,0.097,1,COM9
3,1097970,30,rpm,285,291,30.0,30.0,3200,609,0,100,0.097,1,COM9
3,1097990,30,rpm,480,291,30.0,30.0,3200,609,0,101,0.097,1,COM9
3,1098011,30,rpm,567,291,30.0,30.0,3200,609,0,101,0.098,1,COM9
3,1098032,30,rpm,559,291,30.0,30.0,3200,609,0,101,0.098,1,COM9
3,1098052,30,rpm,533,291,30.0,30.0,3200,609,0,101,0.098,1,COM9
3,1098073,30,rpm,509,291,30.0,30.0,3200,609,0,101,0.098,1,COM9
3,1098094,30,rpm,433,291,30.0,30.0,3200,609,0,101,0.098,1,COM9
3,1098114,30,rpm,381,291,30.0,30.0,3200,609,0,101,0.098,1,COM9
3,1098135,30,rpm,306,291,30.0,30.0,3200,609,0,101,0.098,1,COM9
3,1098156,30,rpm,167,291,30.0,30.0,3200,609,0,101,0.098,1,COM9
3,1098176,30,rpm,21,291,30.0,30.0,3200,609,0,101,0.098,1,COM9
3,1098197,30,rpm,9,291,30.0,30.0,3200,609,0,102,0.098,1,COM9
3,1098218,30,rpm,6,291,30.0,30.0,3200,609,0,102,0.099,1,COM9
3,1098238,30,rpm,8,291,30.0,30.0,3200,609,0,102,0.099,1,COM9
3,1098259,30,rpm,47,291,30.0,30.0,3200,609,0,102,0.099,1,COM9
3,1098280,30,rpm,252,291,30.0,30.0,3200,609,0,102,0.099,1,COM9
3,1098300,30,rpm,463,291,30.0,30.0,3200,609,0,102,0.099,1,COM9
3,1098321,30,rpm,636,291,30.0,30.0,3200,609,0,102,0.099,1,COM9
3,1098342,30,rpm,679,291,30.0,30.0,3200,609,0,102,0.099,1,COM9
3,1098362,30,rpm,621,291,30.0,30.0,3200,609,0,102,0.099,1,COM9
3,1098383,30,rpm,560,291,30.0,30.0,3200,609,0,102,0.099,1,COM9
3,1098403,30,rpm,458,291,30.0,30.0,3200,609,0,103,0.099,1,COM9
3,1098424,30,rpm,346,291,30.0,30.0,3200,609,0,103,0.1,1,COM9
3,1098445,30,rpm,258,291,30.0,30.0,3200,609,0,103,0.1,1,COM9
3,1098465,30,rpm,228,291,30.0,30.0,3200,609,0,103,0.1,1,COM9
3,1098486,30,rpm,76,291,30.0,30.0,3200,609,0,103,0.1,1,COM9
3,1098507,30,rpm,14,291,30.0,30.0,3200,609,0,103,0.1,1,COM9
3,1098527,30,rpm,7,291,30.0,30.0,3200,609,0,103,0.1,1,COM9
3,1098548,30,rpm,5,291,30.0,30.0,3200,609,0,103,0.1,1,COM9
3,1098568,30,rpm,12,291,30.0,30.0,3200,609,0,103,0.1,1,COM9
3,1098589,30,rpm,82,291,30.0,30.0,3200,609,0,103,0.1,1,COM9
3,1098610,30,rpm,302,291,30.0,30.0,3200,609,0,104,0.1,1,COM9
3,1098630,30,rpm,494,291,30.0,30.0,3200,609,0,104,0.101,1,COM9
3,1098651,30,rpm,630,291,30.0,30.0,3200,609,0,104,0.101,1,COM9
3,1098672,30,rpm,621,291,30.0,30.0,3200,609,0,104,0.101,1,COM9
3,1098692,30,rpm,559,291,30.0,30.0,3200,609,0,104,0.101,1,COM9
3,1098713,30,rpm,479,291,30.0,30.0,3200,609,0,104,0.101,1,COM9
3,1098734,30,rpm,382,291,30.0,30.0,3200,609,0,104,0.101,1,COM9
3,1098754,30,rpm,276,291,30.0,30.0,3200,609,0,104,0.101,1,COM9
3,1098775,30,rpm,251,291,30.0,30.0,3200,609,0,104,0.101,1,COM9
3,1098796,30,rpm,127,291,30.0,30.0,3200,609,0,104,0.101,1,COM9
3,1098816,30,rpm,18,291,30.0,30.0,3200,609,0,105,0.101,1,COM9
3,1098837,30,rpm,8,291,30.0,30.0,3200,609,0,105,0.101,1,COM9
3,1098858,30,rpm,5,291,30.0,30.0,3200,609,0,105,0.102,1,COM9
3,1098878,30,rpm,10,290,30.0,30.0,3200,609,0,105,0.102,1,COM9
3,1098899,30,rpm,71,290,30.0,30.0,3200,609,0,105,0.102,1,COM9
3,1098920,30,rpm,329,290,30.0,30.0,3200,609,0,105,0.102,1,COM9
3,1098940,30,rpm,584,290,30.0,30.0,3200,609,0,105,0.102,1,COM9
3,1098961,30,rpm,700,290,30.0,30.0,3200,609,0,105,0.102,1,COM9
3,1098982,30,rpm,665,290,30.0,30.0,3200,609,0,105,0.102,1,COM9
3,1099002,30,rpm,588,290,30.0,30.0,3200,609,0,105,0.102,1,COM9
3,1099023,30,rpm,481,290,30.0,30.0,3200,609,0,106,0.102,1,COM9
3,1099043,30,rpm,361,290,30.0,30.0,3200,609,0,106,0.102,1,COM9
3,1099064,30,rpm,258,290,30.0,30.0,3200,609,0,106,0.103,1,COM9
3,1099085,30,rpm,194,290,30.0,30.0,3200,609,0,106,0.103,1,COM9
3,1099105,30,rpm,130,290,30.0,30.0,3200,609,0,106,0.103,1,COM9
3,1099126,30,rpm,23,290,30.0,30.0,3200,609,0,106,0.103,1,COM9
3,1099147,30,rpm,9,290,30.0,30.0,3200,609,0,106,0.103,1,COM9
3,1099167,30,rpm,5,290,30.0,30.0,3200,609,0,106,0.103,1,COM9
3,1099188,30,rpm,5,290,30.0,30.0,3200,609,0,106,0.103,1,COM9
3,1099209,30,rpm,33,290,30.0,30.0,3200,609,0,106,0.103,1,COM9
3,1099229,30,rpm,248,290,30.0,30.0,3200,609,0,107,0.103,1,COM9
3,1099250,30,rpm,462,290,30.0,30.0,3200,609,0,107,0.103,1,COM9
3,1099271,30,rpm,554,290,30.0,30.0,3200,609,0,107,0.104,1,COM9
3,1099291,30,rpm,611,290,30.0,30.0,3200,609,0,107,0.104,1,COM9
3,1099312,30,rpm,607,290,30.0,30.0,3200,609,0,107,0.104,1,COM9
3,1099333,30,rpm,514,290,30.0,30.0,3200,609,0,107,0.104,1,COM9
3,1099354,30,rpm,428,290,30.0,30.0,3200,609,0,107,0.104,1,COM9
3,1099374,30,rpm,312,290,30.0,30.0,3200,609,0,107,0.104,1,COM9
3,1099395,30,rpm,260,290,30.0,30.0,3200,609,0,107,0.104,1,COM9
3,1099415,30,rpm,141,290,30.0,30.0,3200,609,0,107,0.104,1,COM9
3,1099436,30,rpm,20,290,30.0,30.0,3200,609,0,108,0.104,1,COM9
3,1099457,30,rpm,9,290,30.0,30.0,3200,609,0,108,0.104,1,COM9
3,1099477,30,rpm,6,290,30.0,30.0,3200,609,0,108,0.104,1,COM9
3,1099498,30,rpm,8,290,30.0,30.0,3200,609,0,108,0.105,1,COM9
3,1099519,30,rpm,57,290,30.0,30.0,3200,609,0,108,0.105,1,COM9
3,1099539,30,rpm,332,290,30.0,30.0,3200,609,0,108,0.105,1,COM9
3,1099560,30,rpm,496,290,30.0,30.0,3200,609,0,108,0.105,1,COM9
3,1099581,30,rpm,577,290,30.0,30.0,3200,609,0,108,0.105,1,COM9
3,1099601,30,rpm,589,290,30.0,30.0,3200,609,0,108,0.105,1,COM9
3,1099622,30,rpm,563,290,30.0,30.0,3200,609,0,108,0.105,1,COM9
3,1099643,30,rpm,537,290,30.0,30.0,3200,609,0,109,0.105,1,COM9
3,1099663,30,rpm,443,290,30.0,30.0,3200,609,0,109,0.105,1,COM9
3,1099684,30,rpm,365,290,30.0,30.0,3200,609,0,109,0.105,1,COM9
3,1099705,30,rpm,307,290,30.0,30.0,3200,609,0,109,0.106,1,COM9
3,1099725,30,rpm,174,290,30.0,30.0,3200,609,0,109,0.106,1,COM9
3,1099746,30,rpm,23,290,30.0,30.0,3200,609,0,109,0.106,1,COM9
3,1099767,30,rpm,9,290,30.0,30.0,3200,609,0,109,0.106,1,COM9
3,1099787,30,rpm,6,290,30.0,30.0,3200,609,0,109,0.106,1,COM9
3,1099808,30,rpm,9,290,30.0,30.0,3200,609,0,109,0.106,1,COM9
3,1099829,30,rpm,54,290,30.0,30.0,3200,609,0,109,0.106,1,COM9
3,1099849,30,rpm,293,290,30.0,30.0,3200,609,0,110,0.106,1,COM9
3,1099870,30,rpm,483,290,30.0,30.0,3200,609,0,110,0.106,1,COM9
3,1099891,30,rpm,568,290,30.0,30.0,3200,609,0,110,0.106,1,COM9
3,1099911,30,rpm,561,290,30.0,30.0,3200,609,0,110,0.107,1,COM9
3,1099932,30,rpm,537,290,30.0,30.0,3200,609,0,110,0.107,1,COM9
3,1099953,30,rpm,507,290,30.0,30.0,3200,609,0,110,0.107,1,COM9
3,1099974,30,rpm,448,290,30.0,30.0,3200,609,0,110,0.107,1,COM9
3,1099994,30,rpm,358,290,30.0,30.0,3200,609,0,110,0.107,1,COM9
3,1100015,30,rpm,304,290,30.0,30.0,3200,609,0,110,0.107,1,COM9
3,1100036,30,rpm,152,290,30.0,30.0,3200,609,0,110,0.107,1,COM9
3,1100056,30,rpm,19,290,30.0,30.0,3200,609,0,111,0.107,1,COM9
3,1100077,30,rpm,8,290,30.0,30.0,3200,609,0,111,0.107,1,COM9
3,1100098,30,rpm,6,290,30.0,30.0,3200,609,0,111,0.107,1,COM9
3,1100118,30,rpm,9,290,30.0,30.0,3200,609,0,111,0.107,1,COM9
3,1100139,30,rpm,51,290,30.0,30.0,3200,609,0,111,0.108,1,COM9
3,1100160,30,rpm,261,290,30.0,30.0,3200,609,0,111,0.108,1,COM9
3,1100180,30,rpm,500,290,30.0,30.0,3200,609,0,111,0.108,1,COM9
3,1100201,30,rpm,663,290,30.0,30.0,3200,609,0,111,0.108,1,COM9
3,1100222,30,rpm,686,290,30.0,30.0,3200,609,0,111,0.108,1,COM9
3,1100242,30,rpm,617,290,30.0,30.0,3200,609,0,111,0.108,1,COM9
3,1100263,30,rpm,546,290,30.0,30.0,3200,609,0,112,0.108,1,COM9
3,1100284,30,rpm,440,290,30.0,30.0,3200,609,0,112,0.108,1,COM9
3,1100304,30,rpm,323,290,30.0,30.0,3200,609,0,112,0.108,1,COM9
3,1100325,30,rpm,240,290,30.0,30.0,3200,609,0,112,0.108,1,COM9
3,1100346,30,rpm,216,290,30.0,30.0,3200,609,0,112,0.109,1,COM9
3,1100366,30,rpm,54,290,30.0,30.0,3200,609,0,112,0.109,1,COM9
3,1100387,30,rpm,13,290,30.0,30.0,3200,609,0,112,0.109,1,COM9
3,1100408,30,rpm,7,290,30.0,30.0,3200,609,0,112,0.109,1,COM9
3,1100428,30,rpm,5,290,30.0,30.0,3200,609,0,112,0.109,1,COM9
3,1100449,30,rpm,17,290,30.0,30.0,3200,609,0,112,0.109,1,COM9
3,1100470,30,rpm,114,290,30.0,30.0,3200,609,0,113,0.109,1,COM9
3,1100490,30,rpm,365,290,30.0,30.0,3200,609,0,113,0.109,1,COM9
3,1100511,30,rpm,557,290,30.0,30.0,3200,609,0,113,0.109,1,COM9
3,1100532,30,rpm,666,290,30.0,30.0,3200,609,0,113,0.109,1,COM9
3,1100552,30,rpm,617,290,30.0,30.0,3200,609,0,113,0.11,1,COM9
3,1100573,30,rpm,560,290,30.0,30.0,3200,609,0,113,0.11,1,COM9
3,1100594,30,rpm,468,290,30.0,30.0,3200,609,0,113,0.11,1,COM9
3,1100614,30,rpm,343,290,30.0,30.0,3200,609,0,113,0.11,1,COM9
3,1100635,30,rpm,249,290,30.0,30.0,3200,609,0,113,0.11,1,COM9
3,1100656,30,rpm,226,290,30.0,30.0,3200,609,0,113,0.11,1,COM9
3,1100676,30,rpm,109,290,30.0,30.0,3200,609,0,114,0.11,1,COM9
3,1100697,30,rpm,17,290,30.0,30.0,3200,609,0,114,0.11,1,COM9
3,1100718,30,rpm,8,290,30.0,30.0,3200,609,0,114,0.11,1,COM9
3,1100738,30,rpm,5,290,30.0,30.0,3200,609,0,114,0.11,1,COM9
3,1100759,30,rpm,10,290,30.0,30.0,3200,609,0,114,0.11,1,COM9
3,1100780,30,rpm,75,290,30.0,30.0,3200,609,0,114,0.111,1,COM9
3,1100800,30,rpm,335,289,30.0,30.0,3200,609,0,114,0.111,1,COM9
3,1100821,30,rpm,582,289,30.0,30.0,3200,609,0,114,0.111,1,COM9
3,1100841,30,rpm,692,289,30.0,30.0,3200,609,0,114,0.111,1,COM9
3,1100862,30,rpm,654,289,30.0,30.0,3200,609,0,114,0.111,1,COM9
3,1100883,30,rpm,579,289,30.0,30.0,3200,609,0,115,0.111,1,COM9
3,1100903,30,rpm,469,289,30.0,30.0,3200,609,0,115,0.111,1,COM9
3,1100924,30,rpm,352,289,30.0,30.0,3200,609,0,115,0.111,1,COM9
3,1100945,30,rpm,253,289,30.0,30.0,3200,609,0,115,0.111,1,COM9
3,1100965,30,rpm,196,289,30.0,30.0,3200,609,0,115,0.111,1,COM9
3,1100986,30,rpm,119,289,30.0,30.0,3200,609,0,115,0.112,1,COM9
3,1101007,30,rpm,20,289,30.0,30.0,3200,609,0,115,0.112,1,COM9
3,1101027,30,rpm,9,289,30.0,30.0,3200,609,0,115,0.112,1,COM9
3,1101048,30,rpm,5,289,30.0,30.0,3200,609,0,115,0.112,1,COM9
3,1101069,30,rpm,6,289,30.0,30.0,3200,609,0,115,0.112,1,COM9
3,1101089,30,rpm,40,289,30.0,30.0,3200,609,0,115,0.112,1,COM9
3,1101110,30,rpm,274,289,30.0,30.0,3200,609,0,116,0.112,1,COM9
3,1101131,30,rpm,473,289,30.0,30.0,3200,609,0,116,0.112,1,COM9
3,1101151,30,rpm,555,289,30.0,30.0,3200,609,0,116,0.112,1,COM9
3,1101172,30,rpm,597,289,30.0,30.0,3200,609,0,116,0.112,1,COM9
3,1101193,30,rpm,599,289,30.0,30.0,3200,609,0,116,0.113,1,COM9
3,1101213,30,rpm,527,289,30.0,30.0,3200,609,0,116,0.113,1,COM9
3,1101234,30,rpm,410,289,30.0,30.0,3200,609,0,116,0.113,1,COM9
3,1101255,30,rpm,320,289,30.0,30.0,3200,609,0,116,0.113,1,COM9
3,1101275,30,rpm,264,289,30.0,30.0,3200,609,0,116,0.113,1,COM9
3,1101296,30,rpm,123,289,30.0,30.0,3200,609,0,116,0.113,1,COM9
3,1101317,30,rpm,18,289,30.0,30.0,3200,609,0,117,0.113,1,COM9
3,1101337,30,rpm,8,289,30.0,30.0,3200,609,0,117,0.113,1,COM9
3,1101358,30,rpm,5,289,30.0,30.0,3200,609,0,117,0.113,1,COM9
3,1101379,30,rpm,9,289,30.0,30.0,3200,609,0,117,0.113,1,COM9
3,1101399,30,rpm,65,289,30.0,30.0,3200,609,0,117,0.113,1,COM9
3,1101420,30,rpm,357,289,30.0,30.0,3200,609,0,117,0.114,1,COM9
3,1101441,30,rpm,505,289,30.0,30.0,3200,609,0,117,0.114,1,COM9
3,1101461,30,rpm,586,289,30.0,30.0,3200,609,0,117,0.114,1,COM9
3,1101482,30,rpm,589,289,30.0,30.0,3200,609,0,117,0.114,1,COM9
3,1101503,30,rpm,559,289,30.0,30.0,3200,609,0,117,0.114,1,COM9
3,1101523,30,rpm,528,289,30.0,30.0,3200,609,0,118,0.114,1,COM9
3,1101544,30,rpm,438,289,30.0,30.0,3200,609,0,118,0.114,1,COM9
3,1101565,30,rpm,365,289,30.0,30.0,3200,609,0,118,0.114,1,COM9
3,1101585,30,rpm,305,289,30.0,30.0,3200,609,0,118,0.114,1,COM9
3,1101606,30,rpm,159,289,30.0,30.0,3200,609,0,118,0.114,1,COM9
3,1101626,30,rpm,21,289,30.0,30.0,3200,609,0,118,0.115,1,COM9
3,1101647,30,rpm,9,289,30.0,30.0,3200,609,0,118,0.115,1,COM9
3,1101668,30,rpm,6,289,30.0,30.0,3200,609,0,118,0.115,1,COM9
3,1101688,30,rpm,10,289,30.0,30.0,3200,609,0,118,0.115,1,COM9
3,1101709,30,rpm,66,289,30.0,30.0,3200,609,0,118,0.115,1,COM9
3,1101730,30,rpm,322,289,30.0,30.0,3200,609,0,119,0.115,1,COM9
3,1101750,30,rpm,483,289,30.0,30.0,3200,609,0,119,0.115,1,COM9
3,1101771,30,rpm,566,289,30.0,30.0,3200,609,0,119,0.115,1,COM9
3,1101792,30,rpm,563,289,30.0,30.0,3200,609,0,119,0.115,1,COM9
3,1101812,30,rpm,535,289,30.0,30.0,3200,609,0,119,0.115,1,COM9
3,1101833,30,rpm,507,289,30.0,30.0,3200,609,0,119,0.116,1,COM9
3,1101854,30,rpm,422,289,30.0,30.0,3200,609,0,119,0.116,1,COM9
3,1101874,30,rpm,359,289,30.0,30.0,3200,609,0,119,0.116,1,COM9
3,1101895,30,rpm,307,289,30.0,30.0,3200,609,0,119,0.116,1,COM9
3,1101916,30,rpm,137,289,30.0,30.0,3200,609,0,119,0.116,1,COM9
3,1101936,30,rpm,18,289,30.0,30.0,3200,609,0,120,0.116,1,COM9
3,1101957,30,rpm,8,289,30.0,30.0,3200,609,0,120,0.116,1,COM9
3,1101978,30,rpm,6,289,30.0,30.0,3200,609,0,120,0.116,1,COM9
3,1101998,30,rpm,10,289,30.0,30.0,3200,609,0,120,0.116,1,COM9
3,1102019,30,rpm,61,289,30.0,30.0,3200,609,0,120,0.116,1,COM9
3,1102039,30,rpm,284,289,30.0,30.0,3200,609,0,120,0.116,1,COM9
3,1102060,30,rpm,481,289,30.0,30.0,3200,609,0,120,0.117,1,COM9
3,1102081,30,rpm,660,289,30.0,30.0,3200,609,0,120,0.117,1,COM9
3,1102102,30,rpm,688,289,30.0,30.0,3200,609,0,120,0.117,1,COM9
3,1102122,30,rpm,614,289,30.0,30.0,3200,609,0,120,0.117,1,COM9
3,1102143,30,rpm,544,289,30.0,30.0,3200,609,0,121,0.117,1,COM9
3,1102164,30,rpm,434,289,30.0,30.0,3200,609,0,121,0.117,1,COM9
3,1102184,30,rpm,319,289,30.0,30.0,3200,609,0,121,0.117,1,COM9
3,1102205,30,rpm,240,289,30.0,30.0,3200,609,0,121,0.117,1,COM9
3,1102226,30,rpm,213,289,30.0,30.0,3200,609,0,121,0.117,1,COM9
3,1102246,30,rpm,49,289,30.0,30.0,3200,609,0,121,0.117,1,COM9
3,1102267,30,rpm,13,289,30.0,30.0,3200,609,0,121,0.118,1,COM9
3,1102288,30,rpm,6,289,30.0,30.0,3200,609,0,121,0.118,1,COM9
3,1102308,30,rpm,5,289,30.0,30.0,3200,609,0,121,0.118,1,COM9
3,1102329,30,rpm,15,289,30.0,30.0,3200,609,0,121,0.118,1,COM9
3,1102349,30,rpm,110,289,30.0,30.0,3200,609,0,122,0.118,1,COM9
3,1102370,30,rpm,344,289,30.0,30.0,3200,609,0,122,0.118,1,COM9
3,1102391,30,rpm,516,289,30.0,30.0,3200,609,0,122,0.118,1,COM9
3,1102412,30,rpm,649,289,30.0,30.0,3200,609,0,122,0.118,1,COM9
3,1102432,30,rpm,638,289,30.0,30.0,3200,609,0,122,0.118,1,COM9
3,1102453,30,rpm,556,289,30.0,30.0,3200,609,0,122,0.118,1,COM9
3,1102474,30,rpm,460,289,30.0,30.0,3200,609,0,122,0.119,1,COM9
3,1102494,30,rpm,354,289,30.0,30.0,3200,609,0,122,0.119,1,COM9
3,1102515,30,rpm,269,289,30.0,30.0,3200,609,0,122,0.119,1,COM9
3,1102536,30,rpm,239,289,30.0,30.0,3200,609,0,122,0.119,1,COM9
3,1102556,30,rpm,97,289,30.0,30.0,3200,609,0,123,0.119,1,COM9
3,1102577,30,rpm,16,289,30.0,30.0,3200,609,0,123,0.119,1,COM9
3,1102598,30,rpm,8,289,30.0,30.0,3200,609,0,123,0.119,1,COM9
3,1102618,30,rpm,5,289,30.0,30.0,3200,609,0,123,0.119,1,COM9
3,1102639,30,rpm,13,289,30.0,30.0,3200,609,0,123,0.119,1,COM9
3,1102660,30,rpm,93,289,30.0,30.0,3200,609,0,123,0.119,1,COM9
3,1102680,30,rpm,382,289,30.0,30.0,3200,609,0,123,0.119,1,COM9
3,1102701,30,rpm,603,289,30.0,30.0,3200,609,0,123,0.12,1,COM9
3,1102722,30,rpm,700,289,30.0,30.0,3200,609,0,123,0.12,1,COM9
3,1102742,30,rpm,639,289,30.0,30.0,3200,609,0,123,0.12,1,COM9
3,1102763,30,rpm,566,289,30.0,30.0,3200,609,0,124,0.12,1,COM9
3,1102784,30,rpm,450,289,30.0,30.0,3200,609,0,124,0.12,1,COM9
3,1102804,30,rpm,338,289,30.0,30.0,3200,609,0,124,0.12,1,COM9
3,1102825,30,rpm,240,289,30.0,30.0,3200,609,0,124,0.12,1,COM9
3,1102846,30,rpm,188,289,30.0,30.0,3200,609,0,124,0.12,1,COM9
3,1102866,30,rpm,100,289,30.0,30.0,3200,609,0,124,0.12,1,COM9
3,1102887,30,rpm,18,289,30.0,30.0,3200,609,0,124,0.12,1,COM9
3,1102908,30,rpm,8,289,30.0,30.0,3200,609,0,124,0.121,1,COM9
3,1102929,30,rpm,5,289,30.0,30.0,3200,609,0,124,0.121,1,COM9
3,1102949,30,rpm,7,289,30.0,30.0,3200,609,0,124,0.121,1,COM9
3,1102970,30,rpm,54,289,30.0,30.0,3200,609,0,125,0.121,1,COM9
3,1102991,30,rpm,317,289,30.0,30.0,3200,609,0,125,0.121,1,COM9
3,1103011,30,rpm,477,289,30.0,30.0,3200,609,0,125,0.121,1,COM9
3,1103032,30,rpm,595,289,30.0,30.0,3200,609,0,125,0.121,1,COM9
3,1103053,30,rpm,601,289,30.0,30.0,3200,609,0,125,0.121,1,COM9
3,1103073,30,rpm,594,289,30.0,30.0,3200,609,0,125,0.121,1,COM9
3,1103094,30,rpm,489,289,30.0,30.0,3200,609,0,125,0.121,1,COM9
3,1103114,30,rpm,395,289,30.0,30.0,3200,609,0,125,0.122,1,COM9
3,1103135,30,rpm,303,289,30.0,30.0,3200,609,0,125,0.122,1,COM9
3,1103156,30,rpm,257,289,30.0,30.0,3200,609,0,125,0.122,1,COM9
3,1103176,30,rpm,105,289,30.0,30.0,3200,609,0,126,0.122,1,COM9
3,1103197,30,rpm,16,289,30.0,30.0,3200,609,0,126,0.122,1,COM9
3,1103218,30,rpm,8,289,30.0,30.0,3200,609,0,126,0.122,1,COM9
3,1103238,30,rpm,5,289,30.0,30.0,3200,609,0,126,0.122,1,COM9
3,1103259,30,rpm,11,289,30.0,30.0,3200,609,0,126,0.122,1,COM9
3,1103280,30,rpm,89,289,30.0,30.0,3200,609,0,126,0.122,1,COM9
3,1103300,30,rpm,388,289,30.0,30.0,3200,609,0,126,0.122,1,COM9
3,1103321,30,rpm,505,289,30.0,30.0,3200,609,0,126,0.122,1,COM9
3,1103342,30,rpm,588,289,30.0,30.0,3200,609,0,126,0.123,1,COM9
3,1103362,30,rpm,582,289,30.0,30.0,3200,609,0,126,0.123,1,COM9
3,1103383,30,rpm,551,289,30.0,30.0,3200,609,0,127,0.123,1,COM9
3,1103404,30,rpm,516,289,30.0,30.0,3200,609,0,127,0.123,1,COM9
3,1103424,30,rpm,428,289,30.0,30.0,3200,609,0,127,0.123,1,COM9
3,1103445,30,rpm,360,289,30.0,30.0,3200,609,0,127,0.123,1,COM9
3,1103466,30,rpm,298,289,30.0,30.0,3200,609,0,127,0.123,1,COM9
3,1103486,30,rpm,128,289,30.0,30.0,3200,609,0,127,0.123,1,COM9
3,1103507,30,rpm,18,289,30.0,30.0,3200,609,0,127,0.123,1,COM9
3,1103527,30,rpm,11,289,30.0,30.0,3200,609,0,127,0.123,1,COM9
3,1103548,30,rpm,9,289,30.0,30.0,3200,609,0,127,0.124,1,COM9
3,1103569,30,rpm,13,289,30.0,30.0,3200,609,0,127,0.124,1,COM9
3,1103589,30,rpm,84,289,30.0,30.0,3200,609,0,128,0.124,1,COM9
3,1103610,30,rpm,346,289,30.0,30.0,3200,609,0,128,0.124,1,COM9
3,1103631,30,rpm,492,289,30.0,30.0,3200,609,0,128,0.124,1,COM9
3,1103651,30,rpm,572,289,30.0,30.0,3200,609,0,128,0.124,1,COM9
3,1103672,30,rpm,561,289,30.0,30.0,3200,609,0,128,0.124,1,COM9
3,1103693,30,rpm,537,289,30.0,30.0,3200,609,0,128,0.124,1,COM9
3,1103713,30,rpm,495,289,30.0,30.0,3200,609,0,128,0.124,1,COM9
3,1103734,30,rpm,415,289,30.0,30.0,3200,609,0,128,0.124,1,COM9
3,1103755,30,rpm,352,289,30.0,30.0,3200,609,0,128,0.125,1,COM9
3,1103775,30,rpm,293,289,30.0,30.0,3200,609,0,128,0.125,1,COM9
3,1103796,30,rpm,117,289,30.0,30.0,3200,609,0,129,0.125,1,COM9
3,1103817,30,rpm,17,289,30.0,30.0,3200,609,0,129,0.125,1,COM9
3,1103837,30,rpm,8,289,30.0,30.0,3200,609,0,129,0.125,1,COM9
3,1103858,30,rpm,5,289,30.0,30.0,3200,609,0,129,0.125,1,COM9
3,1103878,30,rpm,11,289,30.0,30.0,3200,609,0,129,0.125,1,COM9
3,1103899,30,rpm,67,289,30.0,30.0,3200,609,0,129,0.125,1,COM9
3,1103920,30,rpm,304,289,30.0,30.0,3200,609,0,129,0.125,1,COM9
3,1103940,30,rpm,517,289,30.0,30.0,3200,609,0,129,0.125,1,COM9
3,1103961,30,rpm,670,289,30.0,30.0,3200,609,0,129,0.125,1,COM9
3,1103982,30,rpm,670,289,30.0,30.0,3200,609,0,129,0.126,1,COM9
3,1104002,30,rpm,604,289,30.0,30.0,3200,609,0,130,0.126,1,COM9
3,1104023,30,rpm,541,289,30.0,30.0,3200,609,0,130,0.126,1,COM9
3,1104044,30,rpm,420,289,30.0,30.0,3200,609,0,130,0.126,1,COM9
3,1104064,30,rpm,312,289,30.0,30.0,3200,609,0,130,0.126,1,COM9
3,1104085,30,rpm,241,289,30.0,30.0,3200,609,0,130,0.126,1,COM9
3,1104106,30,rpm,206,289,30.0,30.0,3200,609,0,130,0.126,1,COM9
3,1104126,30,rpm,37,289,30.0,30.0,3200,609,0,130,0.126,1,COM9
3,1104147,30,rpm,12,289,30.0,30.0,3200,609,0,130,0.126,1,COM9
3,1104168,30,rpm,6,289,30.0,30.0,3200,609,0,130,0.126,1,COM9
3,1104188,30,rpm,6,289,30.0,30.0,3200,609,0,130,0.127,1,COM9
3,1104209,30,rpm,22,289,30.0,30.0,3200,609,0,131,0.127,1,COM9
3,1104230,30,rpm,139,289,30.0,30.0,3200,609,0,131,0.127,1,COM9
3,1104250,30,rpm,385,289,30.0,30.0,3200,609,0,131,0.127,1,COM9
3,1104271,30,rpm,559,289,30.0,30.0,3200,609,0,131,0.127,1,COM9
3,1104292,30,rpm,661,289,30.0,30.0,3200,609,0,131,0.127,1,COM9
3,1104312,30,rpm,597,289,30.0,30.0,3200,609,0,131,0.127,1,COM9
3,1104333,30,rpm,543,289,30.0,30.0,3200,609,0,131,0.127,1,COM9
3,1104354,30,rpm,450,289,30.0,30.0,3200,609,0,131,0.127,1,COM9
3,1104374,30,rpm,329,289,30.0,30.0,3200,609,0,131,0.127,1,COM9
3,1104395,30,rpm,250,289,30.0,30.0,3200,609,0,131,0.127,1,COM9
3,1104415,30,rpm,228,289,30.0,30.0,3200,609,0,132,0.128,1,COM9
3,1104436,30,rpm,82,289,30.0,30.0,3200,609,0,132,0.128,1,COM9
3,1104457,30,rpm,15,289,30.0,30.0,3200,609,0,132,0.128,1,COM9
3,1104477,30,rpm,7,289,30.0,30.0,3200,609,0,132,0.128,1,COM9
3,1104498,30,rpm,5,289,30.0,30.0,3200,609,0,132,0.128,1,COM9
3,1104519,30,rpm,14,289,30.0,30.0,3200,609,0,132,0.128,1,COM9
3,1104539,30,rpm,101,289,30.0,30.0,3200,609,0,132,0.128,1,COM9
3,1104560,30,rpm,382,289,30.0,30.0,3200,609,0,132,0.128,1,COM9
3,1104581,30,rpm,612,289,30.0,30.0,3200,609,0,132,0.128,1,COM9
3,1104601,30,rpm,709,289,30.0,30.0,3200,609,0,132,0.128,1,COM9
3,1104622,30,rpm,647,289,30.0,30.0,3200,609,0,133,0.129,1,COM9
3,1104643,30,rpm,579,289,30.0,30.0,3200,609,0,133,0.129,1,COM9
3,1104663,30,rpm,450,289,30.0,30.0,3200,609,0,133,0.129,1,COM9
3,1104684,30,rpm,337,289,30.0,30.0,3200,609,0,133,0.129,1,COM9
3,1104705,30,rpm,240,289,30.0,30.0,3200,609,0,133,0.129,1,COM9
3,1104725,30,rpm,187,289,30.0,30.0,3200,609,0,133,0.129,1,COM9
3,1104746,30,rpm,97,289,30.0,30.0,3200,609,0,133,0.129,1,COM9
3,1104766,30,rpm,18,289,30.0,30.0,3200,609,0,133,0.129,1,COM9
3,1104787,30,rpm,8,289,30.0,30.0,3200,609,0,133,0.129,1,COM9
3,1104808,30,rpm,5,289,30.0,30.0,3200,609,0,133,0.129,1,COM9
3,1104828,30,rpm,7,289,30.0,30.0,3200,609,0,134,0.13,1,COM9
3,1104849,30,rpm,54,289,30.0,30.0,3200,609,0,134,0.13,1,COM9
3,1104870,30,rpm,323,289,30.0,30.0,3200,609,0,134,0.13,1,COM9
3,1104890,30,rpm,480,289,30.0,30.0,3200,609,0,134,0.13,1,COM9
3,1104911,30,rpm,580,289,30.0,30.0,3200,609,0,134,0.13,1,COM9
3,1104931,30,rpm,611,289,30.0,30.0,3200,609,0,134,0.13,1,COM9
3,1104952,30,rpm,602,289,30.0,30.0,3200,609,0,134,0.13,1,COM9
3,1104973,30,rpm,498,289,30.0,30.0,3200,609,0,134,0.13,1,COM9
3,1104994,30,rpm,397,289,30.0,30.0,3200,609,0,134,0.13,1,COM9
3,1105014,30,rpm,295,289,30.0,30.0,3200,609,0,134,0.13,1,COM9
3,1105035,30,rpm,245,289,30.0,30.0,3200,609,0,135,0.13,1,COM9
3,1105056,30,rpm,97,289,30.0,30.0,3200,609,0,135,0.131,1,COM9
3,1105076,30,rpm,16,289,30.0,30.0,3200,609,0,135,0.131,1,COM9
3,1105097,30,rpm,8,289,30.0,30.0,3200,609,0,135,0.131,1,COM9
3,1105118,30,rpm,5,289,30.0,30.0,3200,609,0,135,0.131,1,COM9
3,1105138,30,rpm,10,289,30.0,30.0,3200,609,0,135,0.131,1,COM9
3,1105159,30,rpm,80,289,30.0,30.0,3200,609,0,135,0.131,1,COM9
3,1105179,30,rpm,386,289,30.0,30.0,3200,609,0,135,0.131,1,COM9
3,1105200,30,rpm,513,289,30.0,30.0,3200,609,0,135,0.131,1,COM9
3,1105221,30,rpm,592,289,30.0,30.0,3200,609,0,135,0.131,1,COM9
3,1105241,30,rpm,585,289,30.0,30.0,3200,609,0,136,0.131,1,COM9
3,1105262,30,rpm,557,289,30.0,30.0,3200,609,0,136,0.132,1,COM9
3,1105283,30,rpm,515,289,30.0,30.0,3200,609,0,136,0.132,1,COM9
3,1105304,30,rpm,444,289,30.0,30.0,3200,609,0,136,0.132,1,COM9
3,1105324,30,rpm,357,289,30.0,30.0,3200,609,0,136,0.132,1,COM9
3,1105345,30,rpm,298,289,30.0,30.0,3200,609,0,136,0.132,1,COM9
3,1105365,30,rpm,133,289,30.0,30.0,3200,609,0,136,0.132,1,COM9
3,1105386,30,rpm,18,289,30.0,30.0,3200,609,0,136,0.132,1,COM9
3,1105407,30,rpm,9,289,30.0,30.0,3200,609,0,136,0.132,1,COM9
3,1105427,30,rpm,6,289,30.0,30.0,3200,609,0,136,0.132,1,COM9
3,1105448,30,rpm,12,289,30.0,30.0,3200,609,0,137,0.132,1,COM9
3,1105469,30,rpm,81,289,30.0,30.0,3200,609,0,137,0.133,1,COM9
3,1105489,30,rpm,349,289,30.0,30.0,3200,609,0,137,0.133,1,COM9
3,1105510,30,rpm,492,289,30.0,30.0,3200,609,0,137,0.133,1,COM9
3,1105531,30,rpm,573,289,30.0,30.0,3200,609,0,137,0.133,1,COM9
3,1105551,30,rpm,554,289,30.0,30.0,3200,609,0,137,0.133,1,COM9
3,1105572,30,rpm,517,289,30.0,30.0,3200,609,0,137,0.133,1,COM9
3,1105593,30,rpm,491,289,30.0,30.0,3200,609,0,137,0.133,1,COM9
3,1105613,30,rpm,415,289,30.0,30.0,3200,609,0,137,0.133,1,COM9
3,1105634,30,rpm,353,289,30.0,30.0,3200,609,0,137,0.133,1,COM9
3,1105654,30,rpm,293,289,30.0,30.0,3200,609,0,138,0.133,1,COM9
3,1105675,30,rpm,107,289,30.0,30.0,3200,609,0,138,0.133,1,COM9
3,1105696,30,rpm,16,289,30.0,30.0,3200,609,0,138,0.134,1,COM9
3,1105717,30,rpm,8,289,30.0,30.0,3200,609,0,138,0.134,1,COM9
3,1105737,30,rpm,6,289,30.0,30.0,3200,609,0,138,0.134,1,COM9
3,1105758,30,rpm,12,289,30.0,30.0,3200,609,0,138,0.134,1,COM9
3,1105778,30,rpm,76,289,30.0,30.0,3200,609,0,138,0.134,1,COM9
3,1105799,30,rpm,315,289,30.0,30.0,3200,609,0,138,0.134,1,COM9
3,1105820,30,rpm,509,289,30.0,30.0,3200,609,0,138,0.134,1,COM9
3,1105840,30,rpm,684,289,30.0,30.0,3200,609,0,138,0.134,1,COM9
3,1105861,30,rpm,673,289,30.0,30.0,3200,609,0,139,0.134,1,COM9
3,1105882,30,rpm,600,289,30.0,30.0,3200,609,0,139,0.134,1,COM9
3,1105902,30,rpm,524,289,30.0,30.0,3200,609,0,139,0.135,1,COM9
3,1105923,30,rpm,436,289,30.0,30.0,3200,609,0,139,0.135,1,COM9
3,1105944,30,rpm,298,289,30.0,30.0,3200,609,0,139,0.135,1,COM9
3,1105964,30,rpm,233,289,30.0,30.0,3200,609,0,139,0.135,1,COM9
3,1105985,30,rpm,198,289,30.0,30.0,3200,609,0,139,0.135,1,COM9
3,1106006,30,rpm,34,289,30.0,30.0,3200,609,0,139,0.135,1,COM9
3,1106026,30,rpm,12,289,30.0,30.0,3200,609,0,139,0.135,1,COM9
3,1106047,30,rpm,6,289,30.0,30.0,3200,609,0,139,0.135,1,COM9
3,1106068,30,rpm,6,289,30.0,30.0,3200,609,0,139,0.135,1,COM9
3,1106089,30,rpm,21,289,30.0,30.0,3200,609,0,140,0.135,1,COM9
3,1106109,30,rpm,141,289,30.0,30.0,3200,609,0,140,0.136,1,COM9
3,1106130,30,rpm,380,289,30.0,30.0,3200,609,0,140,0.136,1,COM9
3,1106151,30,rpm,563,289,30.0,30.0,3200,609,0,140,0.136,1,COM9
3,1106171,30,rpm,670,289,30.0,30.0,3200,609,0,140,0.136,1,COM9
3,1106192,30,rpm,603,289,30.0,30.0,3200,609,0,140,0.136,1,COM9
3,1106212,30,rpm,548,289,30.0,30.0,3200,609,0,140,0.136,1,COM9
3,1106233,30,rpm,449,289,30.0,30.0,3200,609,0,140,0.136,1,COM9
3,1106254,30,rpm,339,289,30.0,30.0,3200,609,0,140,0.136,1,COM9
3,1106275,30,rpm,256,289,30.0,30.0,3200,609,0,140,0.136,1,COM9
3,1106295,30,rpm,228,289,30.0,30.0,3200,609,0,141,0.136,1,COM9
3,1106316,30,rpm,80,289,30.0,30.0,3200,609,0,141,0.136,1,COM9
3,1106337,30,rpm,15,289,30.0,30.0,3200,609,0,141,0.137,1,COM9
3,1106357,30,rpm,7,289,30.0,30.0,3200,609,0,141,0.137,1,COM9
3,1106378,30,rpm,5,289,30.0,30.0,3200,609,0,141,0.137,1,COM9
3,1106399,30,rpm,14,289,30.0,30.0,3200,609,0,141,0.137,1,COM9
3,1106419,30,rpm,100,289,30.0,30.0,3200,609,0,141,0.137,1,COM9
3,1106440,30,rpm,392,289,30.0,30.0,3200,609,0,141,0.137,1,COM9
3,1106461,30,rpm,601,289,30.0,30.0,3200,609,0,141,0.137,1,COM9
3,1106481,30,rpm,694,289,30.0,30.0,3200,609,0,141,0.137,1,COM9
3,1106502,30,rpm,625,289,30.0,30.0,3200,609,0,142,0.137,1,COM9
3,1106523,30,rpm,566,289,30.0,30.0,3200,609,0,142,0.137,1,COM9
3,1106543,30,rpm,437,289,30.0,30.0,3200,609,0,142,0.138,1,COM9
3,1106564,30,rpm,328,289,30.0,30.0,3200,609,0,142,0.138,1,COM9
3,1106585,30,rpm,234,289,30.0,30.0,3200,609,0,142,0.138,1,COM9
3,1106605,30,rpm,188,289,30.0,30.0,3200,609,0,142,0.138,1,COM9
3,1106626,30,rpm,89,289,30.0,30.0,3200,609,0,142,0.138,1,COM9
3,1106647,30,rpm,16,289,30.0,30.0,3200,609,0,142,0.138,1,COM9
3,1106667,30,rpm,8,289,30.0,30.0,3200,609,0,142,0.138,1,COM9
3,1106688,30,rpm,5,289,30.0,30.0,3200,609,0,142,0.138,1,COM9
3,1106709,30,rpm,8,289,30.0,30.0,3200,609,0,143,0.138,1,COM9
3,1106729,30,rpm,67,289,30.0,30.0,3200,609,0,143,0.138,1,COM9
3,1106750,30,rpm,362,289,30.0,30.0,3200,609,0,143,0.138,1,COM9
3,1106771,30,rpm,479,289,30.0,30.0,3200,609,0,143,0.139,1,COM9
3,1106791,30,rpm,583,289,30.0,30.0,3200,609,0,143,0.139,1,COM9
3,1106812,30,rpm,596,289,30.0,30.0,3200,609,0,143,0.139,1,COM9
3,1106832,30,rpm,585,289,30.0,30.0,3200,609,0,143,0.139,1,COM9
3,1106853,30,rpm,479,289,30.0,30.0,3200,609,0,143,0.139,1,COM9
3,1106874,30,rpm,385,289,30.0,30.0,3200,609,0,143,0.139,1,COM9
3,1106895,30,rpm,300,289,30.0,30.0,3200,609,0,143,0.139,1,COM9
3,1106915,30,rpm,268,289,30.0,30.0,3200,609,0,144,0.139,1,COM9
3,1106936,30,rpm,82,289,30.0,30.0,3200,609,0,144,0.139,1,COM9
3,1106957,30,rpm,15,289,30.0,30.0,3200,609,0,144,0.139,1,COM9
3,1106977,30,rpm,7,289,30.0,30.0,3200,609,0,144,0.14,1,COM9
3,1106998,30,rpm,5,289,30.0,30.0,3200,609,0,144,0.14,1,COM9
3,1107018,30,rpm,12,289,30.0,30.0,3200,609,0,144,0.14,1,COM9
3,1107039,30,rpm,101,289,30.0,30.0,3200,609,0,144,0.14,1,COM9
3,1107060,30,rpm,403,289,30.0,30.0,3200,609,0,144,0.14,1,COM9
3,1107080,30,rpm,514,289,30.0,30.0,3200,609,0,144,0.14,1,COM9
3,1107101,30,rpm,593,289,30.0,30.0,3200,609,0,144,0.14,1,COM9
3,1107122,30,rpm,582,289,30.0,30.0,3200,609,0,145,0.14,1,COM9
3,1107142,30,rpm,552,289,30.0,30.0,3200,609,0,145,0.14,1,COM9
3,1107163,30,rpm,506,289,30.0,30.0,3200,609,0,145,0.14,1,COM9
3,1107184,30,rpm,421,289,30.0,30.0,3200,609,0,145,0.141,1,COM9
3,1107204,30,rpm,351,289,30.0,30.0,3200,609,0,145,0.141,1,COM9
3,1107225,30,rpm,292,289,30.0,30.0,3200,609,0,145,0.141,1,COM9
3,1107246,30,rpm,115,289,30.0,30.0,3200,609,0,145,0.141,1,COM9
3,1107266,30,rpm,16,289,30.0,30.0,3200,609,0,145,0.141,1,COM9
3,1107287,30,rpm,8,289,30.0,30.0,3200,609,0,145,0.141,1,COM9
3,1107308,30,rpm,6,289,30.0,30.0,3200,609,0,145,0.141,1,COM9
3,1107328,30,rpm,15,289,30.0,30.0,3200,609,0,146,0.141,1,COM9
3,1107349,30,rpm,102,289,30.0,30.0,3200,609,0,146,0.141,1,COM9
3,1107370,30,rpm,382,289,30.0,30.0,3200,609,0,146,0.141,1,COM9
3,1107390,30,rpm,502,289,30.0,30.0,3200,609,0,146,0.141,1,COM9
3,1107411,30,rpm,575,289,30.0,30.0,3200,609,0,146,0.142,1,COM9
3,1107432,30,rpm,553,289,30.0,30.0,3200,609,0,146,0.142,1,COM9
3,1107452,30,rpm,526,289,30.0,30.0,3200,609,0,146,0.142,1,COM9
3,1107473,30,rpm,487,289,30.0,30.0,3200,609,0,146,0.142,1,COM9
3,1107494,30,rpm,406,289,30.0,30.0,3200,609,0,146,0.142,1,COM9
3,1107514,30,rpm,346,289,30.0,30.0,3200,609,0,146,0.142,1,COM9
3,1107535,30,rpm,286,289,30.0,30.0,3200,609,0,147,0.142,1,COM9
3,1107556,30,rpm,91,289,30.0,30.0,3200,609,0,147,0.142,1,COM9
3,1107576,30,rpm,15,289,30.0,30.0,3200,609,0,147,0.142,1,COM9
3,1107597,30,rpm,7,289,30.0,30.0,3200,609,0,147,0.142,1,COM9
3,1107617,30,rpm,5,289,30.0,30.0,3200,609,0,147,0.143,1,COM9
3,1107638,30,rpm,13,289,30.0,30.0,3200,609,0,147,0.143,1,COM9
3,1107659,30,rpm,82,289,30.0,30.0,3200,609,0,147,0.143,1,COM9
3,1107679,30,rpm,329,289,30.0,30.0,3200,609,0,147,0.143,1,COM9
3,1107700,30,rpm,534,289,30.0,30.0,3200,609,0,147,0.143,1,COM9
3,1107721,30,rpm,667,289,30.0,30.0,3200,609,0,147,0.143,1,COM9
3,1107741,30,rpm,663,289,30.0,30.0,3200,609,0,148,0.143,1,COM9
3,1107762,30,rpm,593,289,30.0,30.0,3200,609,0,148,0.143,1,COM9
3,1107783,30,rpm,517,289,30.0,30.0,3200,609,0,148,0.143,1,COM9
3,1107803,30,rpm,415,289,30.0,30.0,3200,609,0,148,0.143,1,COM9
3,1107824,30,rpm,307,289,30.0,30.0,3200,609,0,148,0.144,1,COM9
3,1107845,30,rpm,248,289,30.0,30.0,3200,609,0,148,0.144,1,COM9
3,1107865,30,rpm,196,289,30.0,30.0,3200,609,0,148,0.144,1,COM9
3,1107886,30,rpm,30,289,30.0,30.0,3200,609,0,148,0.144,1,COM9
3,1107907,30,rpm,11,289,30.0,30.0,3200,609,0,148,0.144,1,COM9
3,1107927,30,rpm,6,289,30.0,30.0,3200,609,0,148,0.144,1,COM9
3,1107948,30,rpm,6,289,30.0,30.0,3200,609,0,149,0.144,1,COM9
3,1107969,30,rpm,24,289,30.0,30.0,3200,609,0,149,0.144,1,COM9
3,1107989,30,rpm,151,289,30.0,30.0,3200,609,0,149,0.144,1,COM9
3,1108010,30,rpm,391,289,30.0,30.0,3200,609,0,149,0.144,1,COM9
3,1108030,30,rpm,561,289,30.0,30.0,3200,609,0,149,0.144,1,COM9
3,1108051,30,rpm,671,289,30.0,30.0,3200,609,0,149,0.145,1,COM9
3,1108072,30,rpm,585,289,30.0,30.0,3200,609,0,149,0.145,1,COM9
3,1108092,30,rpm,539,289,30.0,30.0,3200,609,0,149,0.145,1,COM9
3,1108113,30,rpm,435,289,30.0,30.0,3200,609,0,149,0.145,1,COM9
3,1108134,30,rpm,321,289,30.0,30.0,3200,609,0,149,0.145,1,COM9
3,1108154,30,rpm,255,289,30.0,30.0,3200,609,0,150,0.145,1,COM9
3,1108175,30,rpm,232,289,30.0,30.0,3200,609,0,150,0.145,1,COM9
3,1108196,30,rpm,59,289,30.0,30.0,3200,609,0,150,0.145,1,COM9
3,1108216,30,rpm,14,289,30.0,30.0,3200,609,0,150,0.145,1,COM9
3,1108237,30,rpm,8,289,30.0,30.0,3200,609,0,150,0.145,1,COM9
3,1108258,30,rpm,6,289,30.0,30.0,3200,609,0,150,0.146,1,COM9
3,1108278,30,rpm,19,289,30.0,30.0,3200,609,0,150,0.146,1,COM9
3,1108299,30,rpm,131,289,30.0,30.0,3200,609,0,150,0.146,1,COM9
3,1108319,30,rpm,445,289,30.0,30.0,3200,609,0,150,0.146,1,COM9
3,1108340,30,rpm,630,289,30.0,30.0,3200,609,0,150,0.146,1,COM9
3,1108361,30,rpm,712,289,30.0,30.0,3200,609,0,151,0.146,1,COM9
3,1108381,30,rpm,624,289,30.0,30.0,3200,609,0,151,0.146,1,COM9
3,1108402,30,rpm,554,289,30.0,30.0,3200,609,0,151,0.146,1,COM9
3,1108423,30,rpm,435,289,30.0,30.0,3200,609,0,151,0.146,1,COM9
3,1108443,30,rpm,325,289,30.0,30.0,3200,609,0,151,0.146,1,COM9
3,1108464,30,rpm,230,289,30.0,30.0,3200,609,0,151,0.147,1,COM9
3,1108485,30,rpm,182,289,30.0,30.0,3200,609,0,151,0.147,1,COM9
3,1108505,30,rpm,82,289,30.0,30.0,3200,609,0,151,0.147,1,COM9
3,1108526,30,rpm,16,289,30.0,30.0,3200,609,0,151,0.147,1,COM9
3,1108547,30,rpm,8,289,30.0,30.0,3200,609,0,151,0.147,1,COM9
3,1108567,30,rpm,5,289,30.0,30.0,3200,609,0,152,0.147,1,COM9
3,1108588,30,rpm,8,289,30.0,30.0,3200,609,0,152,0.147,1,COM9
3,1108608,30,rpm,71,289,30.0,30.0,3200,609,0,152,0.147,1,COM9
3,1108629,30,rpm,356,289,30.0,30.0,3200,609,0,152,0.147,1,COM9
3,1108650,30,rpm,489,289,30.0,30.0,3200,609,0,152,0.147,1,COM9
3,1108670,30,rpm,601,289,30.0,30.0,3200,609,0,152,0.147,1,COM9
3,1108691,30,rpm,612,289,30.0,30.0,3200,609,0,152,0.148,1,COM9
3,1108712,30,rpm,590,289,30.0,30.0,3200,609,0,152,0.148,1,COM9
3,1108732,30,rpm,480,289,30.0,30.0,3200,609,0,152,0.148,1,COM9
3,1108753,30,rpm,376,289,30.0,30.0,3200,609,0,152,0.148,1,COM9
3,1108774,30,rpm,283,289,30.0,30.0,3200,609,0,153,0.148,1,COM9
3,1108794,30,rpm,239,289,30.0,30.0,3200,609,0,153,0.148,1,COM9
3,1108815,30,rpm,78,289,30.0,30.0,3200,609,0,153,0.148,1,COM9
3,1108835,30,rpm,15,289,30.0,30.0,3200,609,0,153,0.148,1,COM9
3,1108856,30,rpm,7,289,30.0,30.0,3200,609,0,153,0.148,1,COM9
3,1108877,30,rpm,5,288,30.0,30.0,3200,609,0,153,0.148,1,COM9
3,1108897,30,rpm,13,288,30.0,30.0,3200,609,0,153,0.149,1,COM9
3,1108918,30,rpm,110,288,30.0,30.0,3200,609,0,153,0.149,1,COM9
3,1108939,30,rpm,421,288,30.0,30.0,3200,609,0,153,0.149,1,COM9
3,1108959,30,rpm,516,288,30.0,30.0,3200,609,0,153,0.149,1,COM9
3,1108980,30,rpm,596,288,30.0,30.0,3200,609,0,154,0.149,1,COM9
3,1109001,30,rpm,582,288,30.0,30.0,3200,609,0,154,0.149,1,COM9
3,1109021,30,rpm,554,288,30.0,30.0,3200,609,0,154,0.149,1,COM9
3,1109042,30,rpm,511,288,30.0,30.0,3200,609,0,154,0.149,1,COM9
3,1109063,30,rpm,419,288,30.0,30.0,3200,609,0,154,0.149,1,COM9
3,1109083,30,rpm,348,288,30.0,30.0,3200,609,0,154,0.149,1,COM9
3,1109104,30,rpm,289,288,30.0,30.0,3200,609,0,154,0.149,1,COM9
3,1109124,30,rpm,113,288,30.0,30.0,3200,609,0,154,0.15,1,COM9
3,1109145,30,rpm,17,288,30.0,30.0,3200,609,0,154,0.15,1,COM9
3,1109166,30,rpm,8,288,30.0,30.0,3200,609,0,154,0.15,1,COM9
3,1109186,30,rpm,6,288,30.0,30.0,3200,609,0,155,0.15,1,COM9
3,1109207,30,rpm,13,288,30.0,30.0,3200,609,0,155,0.15,1,COM9
3,1109228,30,rpm,94,288,30.0,30.0,3200,609,0,155,0.15,1,COM9
3,1109248,30,rpm,373,288,30.0,30.0,3200,609,0,155,0.15,1,COM9
3,1109269,30,rpm,502,288,30.0,30.0,3200,609,0,155,0.15,1,COM9
3,1109290,30,rpm,572,288,30.0,30.0,3200,609,0,155,0.15,1,COM9
3,1109310,30,rpm,550,288,30.0,30.0,3200,609,0,155,0.15,1,COM9
3,1109331,30,rpm,520,288,30.0,30.0,3200,609,0,155,0.151,1,COM9
3,1109352,30,rpm,488,288,30.0,30.0,3200,609,0,155,0.151,1,COM9
3,1109372,30,rpm,410,288,30.0,30.0,3200,609,0,155,0.151,1,COM9
3,1109393,30,rpm,351,288,30.0,30.0,3200,609,0,155,0.151,1,COM9
3,1109414,30,rpm,287,288,30.0,30.0,3200,609,0,156,0.151,1,COM9
3,1109434,30,rpm,88,288,30.0,30.0,3200,609,0,156,0.151,1,COM9
3,1109455,30,rpm,15,288,30.0,30.0,3200,609,0,156,0.151,1,COM9
3,1109476,30,rpm,8,288,30.0,30.0,3200,609,0,156,0.151,1,COM9
3,1109496,30,rpm,6,288,30.0,30.0,3200,609,0,156,0.151,1,COM9
3,1109517,30,rpm,13,288,30.0,30.0,3200,609,0,156,0.151,1,COM9
3,1109538,30,rpm,84,288,30.0,30.0,3200,609,0,156,0.152,1,COM9
3,1109558,30,rpm,335,288,30.0,30.0,3200,609,0,156,0.152,1,COM9
3,1109579,30,rpm,530,288,30.0,30.0,3200,609,0,156,0.152,1,COM9
3,1109600,30,rpm,690,288,30.0,30.0,3200,609,0,156,0.152,1,COM9
3,1109620,30,rpm,673,288,30.0,30.0,3200,609,0,157,0.152,1,COM9
3,1109641,30,rpm,601,288,30.0,30.0,3200,609,0,157,0.152,1,COM9
3,1109662,30,rpm,517,288,30.0,30.0,3200,609,0,157,0.152,1,COM9
3,1109682,30,rpm,411,288,30.0,30.0,3200,609,0,157,0.152,1,COM9
3,1109703,30,rpm,288,288,30.0,30.0,3200,609,0,157,0.152,1,COM9
3,1109724,30,rpm,234,288,30.0,30.0,3200,609,0,157,0.152,1,COM9
3,1109744,30,rpm,184,288,30.0,30.0,3200,609,0,157,0.152,1,COM9
3,1109765,30,rpm,29,288,30.0,30.0,3200,609,0,157,0.153,1,COM9
3,1109785,30,rpm,11,288,30.0,30.0,3200,609,0,157,0.153,1,COM9
3,1109806,30,rpm,6,288,30.0,30.0,3200,609,0,157,0.153,1,COM9
3,1109827,30,rpm,6,288,30.0,30.0,3200,609,0,158,0.153,1,COM9
3,1109847,30,rpm,27,288,30.0,30.0,3200,609,0,158,0.153,1,COM9
3,1109868,30,rpm,168,288,30.0,30.0,3200,609,0,158,0.153,1,COM9
3,1109889,30,rpm,421,288,30.0,30.0,3200,609,0,158,0.153,1,COM9
3,1109909,30,rpm,593,288,30.0,30.0,3200,609,0,158,0.153,1,COM9
3,1109930,30,rpm,672,288,30.0,30.0,3200,609,0,158,0.153,1,COM9
3,1109951,30,rpm,598,288,30.0,30.0,3200,609,0,158,0.153,1,COM9
3,1109971,30,rpm,543,288,30.0,30.0,3200,609,0,158,0.154,1,COM9
3,1109992,30,rpm,436,288,30.0,30.0,3200,609,0,158,0.154,1,COM9
3,1110012,30,rpm,323,288,30.0,30.0,3200,609,0,158,0.154,1,COM9
3,1110033,30,rpm,241,288,30.0,30.0,3200,609,0,159,0.154,1,COM9
3,1110054,30,rpm,213,288,30.0,30.0,3200,609,0,159,0.154,1,COM9
3,1110074,30,rpm,70,288,30.0,30.0,3200,609,0,159,0.154,1,COM9
3,1110095,30,rpm,15,288,30.0,30.0,3200,609,0,159,0.154,1,COM9
3,1110116,30,rpm,7,288,30.0,30.0,3200,609,0,159,0.154,1,COM9
3,1110136,30,rpm,6,288,30.0,30.0,3200,609,0,159,0.154,1,COM9
3,1110157,30,rpm,15,288,30.0,30.0,3200,609,0,159,0.154,1,COM9
3,1110178,30,rpm,108,288,30.0,30.0,3200,609,0,159,0.154,1,COM9
3,1110198,30,rpm,400,288,30.0,30.0,3200,609,0,159,0.155,1,COM9
3,1110219,30,rpm,609,288,30.0,30.0,3200,609,0,159,0.155,1,COM9
3,1110240,30,rpm,692,288,30.0,30.0,3200,609,0,160,0.155,1,COM9
3,1110260,30,rpm,626,288,30.0,30.0,3200,609,0,160,0.155,1,COM9
3,1110281,30,rpm,558,288,30.0,30.0,3200,609,0,160,0.155,1,COM9
3,1110302,30,rpm,436,288,30.0,30.0,3200,609,0,160,0.155,1,COM9
3,1110322,30,rpm,323,288,30.0,30.0,3200,609,0,160,0.155,1,COM9
3,1110343,30,rpm,230,288,30.0,30.0,3200,609,0,160,0.155,1,COM9
3,1110363,30,rpm,188,288,30.0,30.0,3200,609,0,160,0.155,1,COM9
3,1110384,30,rpm,81,288,30.0,30.0,3200,609,0,160,0.155,1,COM9
3,1110405,30,rpm,16,288,30.0,30.0,3200,609,0,160,0.156,1,COM9
3,1110425,30,rpm,7,288,30.0,30.0,3200,609,0,160,0.156,1,COM9
3,1110446,30,rpm,5,288,30.0,30.0,3200,609,0,161,0.156,1,COM9
3,1110467,30,rpm,9,288,30.0,30.0,3200,609,0,161,0.156,1,COM9
3,1110487,30,rpm,72,288,30.0,30.0,3200,609,0,161,0.156,1,COM9
3,1110508,30,rpm,356,288,30.0,30.0,3200,609,0,161,0.156,1,COM9
3,1110529,30,rpm,484,288,30.0,30.0,3200,609,0,161,0.156,1,COM9
3,1110549,30,rpm,579,288,30.0,30.0,3200,609,0,161,0.156,1,COM9
3,1110570,30,rpm,589,288,30.0,30.0,3200,609,0,161,0.156,1,COM9
3,1110591,30,rpm,579,288,30.0,30.0,3200,609,0,161,0.156,1,COM9
3,1110611,30,rpm,478,288,30.0,30.0,3200,609,0,161,0.157,1,COM9
3,1110632,30,rpm,384,288,30.0,30.0,3200,609,0,161,0.157,1,COM9
3,1110653,30,rpm,302,288,30.0,30.0,3200,609,0,162,0.157,1,COM9
3,1110673,30,rpm,258,288,30.0,30.0,3200,609,0,162,0.157,1,COM9
3,1110694,30,rpm,76,288,30.0,30.0,3200,609,0,162,0.157,1,COM9
3,1110715,30,rpm,15,288,30.0,30.0,3200,609,0,162,0.157,1,COM9
3,1110735,30,rpm,7,288,30.0,30.0,3200,609,0,162,0.157,1,COM9
3,1110756,30,rpm,5,288,30.0,30.0,3200,609,0,162,0.157,1,COM9
3,1110777,30,rpm,13,288,30.0,30.0,3200,609,0,162,0.157,1,COM9
3,1110797,30,rpm,108,288,30.0,30.0,3200,609,0,162,0.157,1,COM9
3,1110818,30,rpm,427,288,30.0,30.0,3200,609,0,162,0.157,1,COM9
3,1110838,30,rpm,522,288,30.0,30.0,3200,609,0,162,0.158,1,COM9
3,1110859,30,rpm,596,288,30.0,30.0,3200,609,0,163,0.158,1,COM9
3,1110880,30,rpm,579,288,30.0,30.0,3200,609,0,163,0.158,1,COM9
3,1110900,30,rpm,549,288,30.0,30.0,3200,609,0,163,0.158,1,COM9
3,1110921,30,rpm,504,288,30.0,30.0,3200,609,0,163,0.158,1,COM9
3,1110942,30,rpm,420,288,30.0,30.0,3200,609,0,163,0.158,1,COM9
3,1110962,30,rpm,351,288,30.0,30.0,3200,609,0,163,0.158,1,COM9
3,1110983,30,rpm,289,288,30.0,30.0,3200,609,0,163,0.158,1,COM9
3,1111004,30,rpm,102,288,30.0,30.0,3200,609,0,163,0.158,1,COM9
3,1111024,30,rpm,16,288,30.0,30.0,3200,609,0,163,0.158,1,COM9
3,1111045,30,rpm,8,288,30.0,30.0,3200,609,0,163,0.159,1,COM9
3,1111065,30,rpm,6,288,30.0,30.0,3200,609,0,164,0.159,1,COM9
3,1111086,30,rpm,15,288,30.0,30.0,3200,609,0,164,0.159,1,COM9
3,1111107,30,rpm,105,288,30.0,30.0,3200,609,0,164,0.159,1,COM9
3,1111127,30,rpm,386,288,30.0,30.0,3200,609,0,164,0.159,1,COM9
3,1111148,30,rpm,503,288,30.0,30.0,3200,609,0,164,0.159,1,COM9
3,1111169,30,rpm,578,288,30.0,30.0,3200,609,0,164,0.159,1,COM9
3,1111189,30,rpm,555,288,30.0,30.0,3200,609,0,164,0.159,1,COM9
3,1111210,30,rpm,525,288,30.0,30.0,3200,609,0,164,0.159,1,COM9
3,1111231,30,rpm,487,288,30.0,30.0,3200,609,0,164,0.159,1,COM9
3,1111251,30,rpm,406,288,30.0,30.0,3200,609,0,164,0.159,1,COM9
3,1111272,30,rpm,343,288,30.0,30.0,3200,609,0,165,0.16,1,COM9
3,1111292,30,rpm,283,288,30.0,30.0,3200,609,0,165,0.16,1,COM9
3,1111313,30,rpm,85,288,30.0,30.0,3200,609,0,165,0.16,1,COM9
3,1111334,30,rpm,15,288,30.0,30.0,3200,609,0,165,0.16,1,COM9
3,1111354,30,rpm,7,288,30.0,30.0,3200,609,0,165,0.16,1,COM9
3,1111375,30,rpm,6,288,30.0,30.0,3200,609,0,165,0.16,1,COM9
3,1111396,30,rpm,14,288,30.0,30.0,3200,609,0,165,0.16,1,COM9
3,1111416,30,rpm,90,288,30.0,30.0,3200,609,0,165,0.16,1,COM9
3,1111437,30,rpm,343,288,30.0,30.0,3200,609,0,165,0.16,1,COM9
3,1111458,30,rpm,511,288,30.0,30.0,3200,609,0,165,0.16,1,COM9
3,1111478,30,rpm,677,288,30.0,30.0,3200,609,0,166,0.161,1,COM9
3,1111499,30,rpm,668,288,30.0,30.0,3200,609,0,166,0.161,1,COM9
3,1111520,30,rpm,596,288,30.0,30.0,3200,609,0,166,0.161,1,COM9
3,1111540,30,rpm,522,288,30.0,30.0,3200,609,0,166,0.161,1,COM9
3,1111561,30,rpm,416,288,30.0,30.0,3200,609,0,166,0.161,1,COM9
3,1111581,30,rpm,307,288,30.0,30.0,3200,609,0,166,0.161,1,COM9
3,1111602,30,rpm,246,288,30.0,30.0,3200,609,0,166,0.161,1,COM9
3,1111623,30,rpm,196,288,30.0,30.0,3200,609,0,166,0.161,1,COM9
3,1111644,30,rpm,30,288,30.0,30.0,3200,609,0,166,0.161,1,COM9
3,1111664,30,rpm,11,288,30.0,30.0,3200,609,0,166,0.161,1,COM9
3,1111685,30,rpm,6,288,30.0,30.0,3200,609,0,167,0.162,1,COM9
3,1111706,30,rpm,6,288,30.0,30.0,3200,609,0,167,0.162,1,COM9
3,1111726,30,rpm,23,288,30.0,30.0,3200,609,0,167,0.162,1,COM9
3,1111747,30,rpm,149,288,30.0,30.0,3200,609,0,167,0.162,1,COM9
3,1111768,30,rpm,383,288,30.0,30.0,3200,609,0,167,0.162,1,COM9
3,1111788,30,rpm,550,288,30.0,30.0,3200,609,0,167,0.162,1,COM9
3,1111809,30,rpm,647,288,30.0,30.0,3200,609,0,167,0.162,1,COM9
3,1111830,30,rpm,585,288,30.0,30.0,3200,609,0,167,0.162,1,COM9
3,1111850,30,rpm,540,288,30.0,30.0,3200,609,0,167,0.162,1,COM9
3,1111871,30,rpm,437,288,30.0,30.0,3200,609,0,167,0.162,1,COM9
3,1111892,30,rpm,331,288,30.0,30.0,3200,609,0,168,0.162,1,COM9
3,1111912,30,rpm,264,288,30.0,30.0,3200,609,0,168,0.163,1,COM9
3,1111933,30,rpm,235,288,30.0,30.0,3200,609,0,168,0.163,1,COM9
3,1111954,30,rpm,53,288,30.0,30.0,3200,609,0,168,0.163,1,COM9
3,1111974,30,rpm,13,288,30.0,30.0,3200,609,0,168,0.163,1,COM9
3,1111995,30,rpm,7,288,30.0,30.0,3200,609,0,168,0.163,1,COM9
3,1112016,30,rpm,6,288,30.0,30.0,3200,609,0,168,0.163,1,COM9
3,1112036,30,rpm,20,288,30.0,30.0,3200,609,0,168,0.163,1,COM9
3,1112057,30,rpm,135,288,30.0,30.0,3200,609,0,168,0.163,1,COM9
3,1112078,30,rpm,455,288,30.0,30.0,3200,609,0,168,0.163,1,COM9
3,1112098,30,rpm,627,288,30.0,30.0,3200,609,0,168,0.163,1,COM9
3,1112119,30,rpm,711,288,30.0,30.0,3200,609,0,169,0.164,1,COM9
3,1112140,30,rpm,622,288,30.0,30.0,3200,609,0,169,0.164,1,COM9
3,1112160,30,rpm,555,288,30.0,30.0,3200,609,0,169,0.164,1,COM9
3,1112181,30,rpm,433,288,30.0,30.0,3200,609,0,169,0.164,1,COM9
3,1112201,30,rpm,319,288,30.0,30.0,3200,609,0,169,0.164,1,COM9
3,1112222,30,rpm,226,288,30.0,30.0,3200,609,0,169,0.164,1,COM9
3,1112243,30,rpm,181,288,30.0,30.0,3200,609,0,169,0.164,1,COM9
3,1112263,30,rpm,79,288,30.0,30.0,3200,609,0,169,0.164,1,COM9
3,1112284,30,rpm,15,288,30.0,30.0,3200,609,0,169,0.164,1,COM9
3,1112305,30,rpm,7,288,30.0,30.0,3200,609,0,169,0.164,1,COM9
3,1112325,30,rpm,5,288,30.0,30.0,3200,609,0,170,0.164,1,COM9
3,1112346,30,rpm,9,288,30.0,30.0,3200,609,0,170,0.165,1,COM9
3,1112367,30,rpm,79,288,30.0,30.0,3200,609,0,170,0.165,1,COM9
3,1112387,30,rpm,370,288,30.0,30.0,3200,609,0,170,0.165,1,COM9
3,1112408,30,rpm,487,288,30.0,30.0,3200,609,0,170,0.165,1,COM9
3,1112429,30,rpm,598,288,30.0,30.0,3200,609,0,170,0.165,1,COM9
3,1112449,30,rpm,601,288,30.0,30.0,3200,609,0,170,0.165,1,COM9
3,1112470,30,rpm,583,288,30.0,30.0,3200,609,0,170,0.165,1,COM9
3,1112490,30,rpm,474,288,30.0,30.0,3200,609,0,170,0.165,1,COM9
3,1112511,30,rpm,375,288,30.0,30.0,3200,609,0,170,0.165,1,COM9
3,1112532,30,rpm,286,288,30.0,30.0,3200,609,0,171,0.165,1,COM9
3,1112552,30,rpm,243,288,30.0,30.0,3200,609,0,171,0.166,1,COM9
3,1112573,30,rpm,71,288,30.0,30.0,3200,609,0,171,0.166,1,COM9
3,1112594,30,rpm,14,288,30.0,30.0,3200,609,0,171,0.166,1,COM9
3,1112614,30,rpm,7,288,30.0,30.0,3200,609,0,171,0.166,1,COM9
3,1112635,30,rpm,5,288,30.0,30.0,3200,609,0,171,0.166,1,COM9
3,1112656,30,rpm,14,288,30.0,30.0,3200,609,0,171,0.166,1,COM9
3,1112676,30,rpm,126,288,30.0,30.0,3200,609,0,171,0.166,1,COM9
3,1112697,30,rpm,436,288,30.0,30.0,3200,609,0,171,0.166,1,COM9
3,1112718,30,rpm,519,288,30.0,30.0,3200,609,0,171,0.166,1,COM9
3,1112738,30,rpm,593,288,30.0,30.0,3200,609,0,172,0.166,1,COM9
3,1112759,30,rpm,581,288,30.0,30.0,3200,609,0,172,0.167,1,COM9
3,1112780,30,rpm,554,288,30.0,30.0,3200,609,0,172,0.167,1,COM9
3,1112800,30,rpm,505,288,30.0,30.0,3200,609,0,172,0.167,1,COM9
3,1112821,30,rpm,411,288,30.0,30.0,3200,609,0,172,0.167,1,COM9
3,1112842,30,rpm,343,288,30.0,30.0,3200,609,0,172,0.167,1,COM9
3,1112862,30,rpm,282,288,30.0,30.0,3200,609,0,172,0.167,1,COM9
3,1112883,30,rpm,98,288,30.0,30.0,3200,609,0,172,0.167,1,COM9
3,1112903,30,rpm,16,288,30.0,30.0,3200,609,0,172,0.167,1,COM9
3,1112924,30,rpm,8,288,30.0,30.0,3200,609,0,172,0.167,1,COM9
3,1112945,30,rpm,6,288,30.0,30.0,3200,609,0,173,0.167,1,COM9
3,1112965,30,rpm,14,288,30.0,30.0,3200,609,0,173,0.167,1,COM9
3,1112986,30,rpm,104,288,30.0,30.0,3200,609,0,173,0.168,1,COM9
3,1113007,30,rpm,388,288,30.0,30.0,3200,609,0,173,0.168,1,COM9
3,1113027,30,rpm,505,288,30.0,30.0,3200,609,0,173,0.168,1,COM9
3,1113048,30,rpm,575,288,30.0,30.0,3200,609,0,173,0.168,1,COM9
3,1113068,30,rpm,552,288,30.0,30.0,3200,609,0,173,0.168,1,COM9
3,1113089,30,rpm,526,288,30.0,30.0,3200,609,0,173,0.168,1,COM9
3,1113110,30,rpm,487,288,30.0,30.0,3200,609,0,173,0.168,1,COM9
3,1113130,30,rpm,407,288,30.0,30.0,3200,609,0,173,0.168,1,COM9
3,1113151,30,rpm,343,288,30.0,30.0,3200,609,0,174,0.168,1,COM9
3,1113172,30,rpm,280,288,30.0,30.0,3200,609,0,174,0.168,1,COM9
3,1113192,30,rpm,78,288,30.0,30.0,3200,609,0,174,0.169,1,COM9
3,1113213,30,rpm,14,288,30.0,30.0,3200,609,0,174,0.169,1,COM9
3,1113234,30,rpm,7,288,30.0,30.0,3200,609,0,174,0.169,1,COM9
3,1113254,30,rpm,6,288,30.0,30.0,3200,609,0,174,0.169,1,COM9
3,1113275,30,rpm,14,288,30.0,30.0,3200,609,0,174,0.169,1,COM9
3,1113296,30,rpm,89,288,30.0,30.0,3200,609,0,174,0.169,1,COM9
3,1113316,30,rpm,351,288,30.0,30.0,3200,609,0,174,0.169,1,COM9
3,1113337,30,rpm,554,288,30.0,30.0,3200,609,0,174,0.169,1,COM9
3,1113358,30,rpm,687,288,30.0,30.0,3200,609,0,175,0.169,1,COM9
3,1113378,30,rpm,663,288,30.0,30.0,3200,609,0,175,0.169,1,COM9
3,1113399,30,rpm,594,288,30.0,30.0,3200,609,0,175,0.17,1,COM9
3,1113419,30,rpm,507,288,30.0,30.0,3200,609,0,175,0.17,1,COM9
3,1113440,30,rpm,402,288,30.0,30.0,3200,609,0,175,0.17,1,COM9
3,1113461,30,rpm,284,288,30.0,30.0,3200,609,0,175,0.17,1,COM9
3,1113481,30,rpm,230,288,30.0,30.0,3200,609,0,175,0.17,1,COM9
3,1113502,30,rpm,180,288,30.0,30.0,3200,609,0,175,0.17,1,COM9
3,1113523,30,rpm,28,288,30.0,30.0,3200,609,0,175,0.17,1,COM9
3,1113543,30,rpm,11,288,30.0,30.0,3200,609,0,175,0.17,1,COM9
3,1113564,30,rpm,6,288,30.0,30.0,3200,609,0,176,0.17,1,COM9
3,1113585,30,rpm,7,288,30.0,30.0,3200,609,0,176,0.17,1,COM9
3,1113605,30,rpm,30,288,30.0,30.0,3200,609,0,176,0.17,1,COM9
3,1113626,30,rpm,183,288,30.0,30.0,3200,609,0,176,0.171,1,COM9
3,1113647,30,rpm,441,288,30.0,30.0,3200,609,0,176,0.171,1,COM9
3,1113668,30,rpm,595,288,30.0,30.0,3200,609,0,176,0.171,1,COM9
3,1113688,30,rpm,666,288,30.0,30.0,3200,609,0,176,0.171,1,COM9
3,1113709,30,rpm,584,288,30.0,30.0,3200,609,0,176,0.171,1,COM9
3,1113729,30,rpm,532,288,30.0,30.0,3200,609,0,176,0.171,1,COM9
3,1113750,30,rpm,429,288,30.0,30.0,3200,609,0,176,0.171,1,COM9
3,1113771,30,rpm,308,288,30.0,30.0,3200,609,0,177,0.171,1,COM9
3,1113791,30,rpm,238,288,30.0,30.0,3200,609,0,177,0.171,1,COM9
3,1113812,30,rpm,216,288,30.0,30.0,3200,609,0,177,0.171,1,COM9
3,1113833,30,rpm,57,288,30.0,30.0,3200,609,0,177,0.172,1,COM9
3,1113853,30,rpm,14,288,30.0,30.0,3200,609,0,177,0.172,1,COM9
3,1113874,30,rpm,7,288,30.0,30.0,3200,609,0,177,0.172,1,COM9
3,1113895,30,rpm,5,288,30.0,30.0,3200,609,0,177,0.172,1,COM9
3,1113915,30,rpm,18,288,30.0,30.0,3200,609,0,177,0.172,1,COM9
3,1113936,30,rpm,125,288,30.0,30.0,3200,609,0,177,0.172,1,COM9
3,1113957,30,rpm,437,288,30.0,30.0,3200,609,0,177,0.172,1,COM9
3,1113977,30,rpm,618,288,30.0,30.0,3200,609,0,178,0.172,1,COM9
3,1113998,30,rpm,699,288,30.0,30.0,3200,609,0,178,0.172,1,COM9
3,1114019,30,rpm,615,288,30.0,30.0,3200,609,0,178,0.172,1,COM9
3,1114039,30,rpm,551,288,30.0,30.0,3200,609,0,178,0.172,1,COM9
3,1114060,30,rpm,431,288,30.0,30.0,3200,609,0,178,0.173,1,COM9
3,1114080,30,rpm,319,288,30.0,30.0,3200,609,0,178,0.173,1,COM9
3,1114101,30,rpm,230,288,30.0,30.0,3200,609,0,178,0.173,1,COM9
3,1114122,30,rpm,186,288,30.0,30.0,3200,609,0,178,0.173,1,COM9
3,1114142,30,rpm,75,288,30.0,30.0,3200,609,0,178,0.173,1,COM9
3,1114163,30,rpm,15,288,30.0,30.0,3200,609,0,178,0.173,1,COM9
3,1114184,30,rpm,7,288,30.0,30.0,3200,609,0,179,0.173,1,COM9
3,1114205,30,rpm,5,288,30.0,30.0,3200,609,0,179,0.173,1,COM9
3,1114225,30,rpm,10,288,30.0,30.0,3200,609,0,179,0.173,1,COM9
3,1114246,30,rpm,80,288,30.0,30.0,3200,609,0,179,0.173,1,COM9
3,1114267,30,rpm,377,288,30.0,30.0,3200,609,0,179,0.174,1,COM9
3,1114287,30,rpm,488,288,30.0,30.0,3200,609,0,179,0.174,1,COM9
3,1114308,30,rpm,575,288,30.0,30.0,3200,609,0,179,0.174,1,COM9
3,1114329,30,rpm,588,288,30.0,30.0,3200,609,0,179,0.174,1,COM9
3,1114349,30,rpm,580,288,30.0,30.0,3200,609,0,179,0.174,1,COM9
3,1114370,30,rpm,480,288,30.0,30.0,3200,609,0,179,0.174,1,COM9
3,1114390,30,rpm,384,288,30.0,30.0,3200,609,0,180,0.174,1,COM9
3,1114411,30,rpm,301,288,30.0,30.0,3200,609,0,180,0.174,1,COM9
3,1114432,30,rpm,250,288,30.0,30.0,3200,609,0,180,0.174,1,COM9
3,1114452,30,rpm,64,288,30.0,30.0,3200,609,0,180,0.174,1,COM9
3,1114473,30,rpm,14,288,30.0,30.0,3200,609,0,180,0.175,1,COM9
3,1114494,30,rpm,7,288,30.0,30.0,3200,609,0,180,0.175,1,COM9
3,1114514,30,rpm,5,288,30.0,30.0,3200,609,0,180,0.175,1,COM9
3,1114535,30,rpm,13,288,30.0,30.0,3200,609,0,180,0.175,1,COM9
3,1114556,30,rpm,121,288,30.0,30.0,3200,609,0,180,0.175,1,COM9
3,1114576,30,rpm,437,288,30.0,30.0,3200,609,0,180,0.175,1,COM9
3,1114597,30,rpm,522,288,30.0,30.0,3200,609,0,180,0.175,1,COM9
3,1114618,30,rpm,599,288,30.0,30.0,3200,609,0,181,0.175,1,COM9
3,1114638,30,rpm,573,288,30.0,30.0,3200,609,0,181,0.175,1,COM9
3,1114659,30,rpm,550,288,30.0,30.0,3200,609,0,181,0.175,1,COM9
3,1114680,30,rpm,500,288,30.0,30.0,3200,609,0,181,0.175,1,COM9
3,1114700,30,rpm,416,288,30.0,30.0,3200,609,0,181,0.176,1,COM9
3,1114721,30,rpm,345,288,30.0,30.0,3200,609,0,181,0.176,1,COM9
3,1114742,30,rpm,284,288,30.0,30.0,3200,609,0,181,0.176,1,COM9
3,1114762,30,rpm,88,288,30.0,30.0,3200,609,0,181,0.176,1,COM9
3,1114783,30,rpm,15,288,30.0,30.0,3200,609,0,181,0.176,1,COM9
3,1114804,30,rpm,8,288,30.0,30.0,3200,609,0,181,0.176,1,COM9
3,1114824,30,rpm,6,288,30.0,30.0,3200,609,0,182,0.176,1,COM9
3,1114845,30,rpm,16,288,30.0,30.0,3200,609,0,182,0.176,1,COM9
3,1114866,30,rpm,119,288,30.0,30.0,3200,609,0,182,0.176,1,COM9
3,1114886,30,rpm,401,288,30.0,30.0,3200,609,0,182,0.176,1,COM9
3,1114907,30,rpm,503,288,30.0,30.0,3200,609,0,182,0.177,1,COM9
3,1114928,30,rpm,573,288,30.0,30.0,3200,609,0,182,0.177,1,COM9
3,1114948,30,rpm,547,288,30.0,30.0,3200,609,0,182,0.177,1,COM9
3,1114969,30,rpm,517,288,30.0,30.0,3200,609,0,182,0.177,1,COM9
3,1114990,30,rpm,479,288,30.0,30.0,3200,609,0,182,0.177,1,COM9
3,1115010,30,rpm,402,288,30.0,30.0,3200,609,0,182,0.177,1,COM9
3,1115031,30,rpm,346,288,30.0,30.0,3200,609,0,183,0.177,1,COM9
3,1115052,30,rpm,280,288,30.0,30.0,3200,609,0,183,0.177,1,COM9
3,1115072,30,rpm,65,288,30.0,30.0,3200,609,0,183,0.177,1,COM9
3,1115093,30,rpm,14,288,30.0,30.0,3200,609,0,183,0.177,1,COM9
3,1115114,30,rpm,7,288,30.0,30.0,3200,609,0,183,0.177,1,COM9
3,1115134,30,rpm,6,288,30.0,30.0,3200,609,0,183,0.178,1,COM9
3,1115155,30,rpm,16,288,30.0,30.0,3200,609,0,183,0.178,1,COM9
3,1115176,30,rpm,108,288,30.0,30.0,3200,609,0,183,0.178,1,COM9
3,1115196,30,rpm,370,288,30.0,30.0,3200,609,0,183,0.178,1,COM9
3,1115217,30,rpm,533,288,30.0,30.0,3200,609,0,183,0.178,1,COM9
3,1115238,30,rpm,692,288,30.0,30.0,3200,609,0,184,0.178,1,COM9
3,1115258,30,rpm,663,288,30.0,30.0,3200,609,0,184,0.178,1,COM9
3,1115279,30,rpm,590,288,30.0,30.0,3200,609,0,184,0.178,1,COM9
3,1115300,30,rpm,510,288,30.0,30.0,3200,609,0,184,0.178,1,COM9
3,1115320,30,rpm,398,288,30.0,30.0,3200,609,0,184,0.178,1,COM9
3,1115341,30,rpm,281,288,30.0,30.0,3200,609,0,184,0.179,1,COM9
3,1115362,30,rpm,232,288,30.0,30.0,3200,609,0,184,0.179,1,COM9
3,1115383,30,rpm,170,288,30.0,30.0,3200,609,0,184,0.179,1,COM9
3,1115403,30,rpm,26,288,30.0,30.0,3200,609,0,184,0.179,1,COM9
3,1115424,30,rpm,10,288,30.0,30.0,3200,609,0,184,0.179,1,COM9
3,1115444,30,rpm,6,288,30.0,30.0,3200,609,0,185,0.179,1,COM9
3,1115465,30,rpm,6,288,30.0,30.0,3200,609,0,185,0.179,1,COM9
3,1115486,30,rpm,29,288,30.0,30.0,3200,609,0,185,0.179,1,COM9
3,1115506,30,rpm,180,288,30.0,30.0,3200,609,0,185,0.179,1,COM9
3,1115527,30,rpm,409,288,30.0,30.0,3200,609,0,185,0.179,1,COM9
3,1115548,30,rpm,568,288,30.0,30.0,3200,609,0,185,0.18,1,COM9
3,1115568,30,rpm,659,288,30.0,30.0,3200,609,0,185,0.18,1,COM9
3,1115589,30,rpm,587,288,30.0,30.0,3200,609,0,185,0.18,1,COM9
3,1115610,30,rpm,538,288,30.0,30.0,3200,609,0,185,0.18,1,COM9
3,1115630,30,rpm,427,288,30.0,30.0,3200,609,0,185,0.18,1,COM9
3,1115651,30,rpm,323,288,30.0,30.0,3200,609,0,186,0.18,1,COM9
3,1115672,30,rpm,255,288,30.0,30.0,3200,609,0,186,0.18,1,COM9
3,1115692,30,rpm,227,288,30.0,30.0,3200,609,0,186,0.18,1,COM9
3,1115713,30,rpm,44,288,30.0,30.0,3200,609,0,186,0.18,1,COM9
3,1115734,30,rpm,13,288,30.0,30.0,3200,609,0,186,0.18,1,COM9
3,1115754,30,rpm,7,288,30.0,30.0,3200,609,0,186,0.18,1,COM9
3,1115775,30,rpm,6,288,30.0,30.0,3200,609,0,186,0.181,1,COM9
3,1115796,30,rpm,22,288,30.0,30.0,3200,609,0,186,0.181,1,COM9
3,1115816,30,rpm,154,288,30.0,30.0,3200,609,0,186,0.181,1,COM9
3,1115837,30,rpm,492,288,30.0,30.0,3200,609,0,186,0.181,1,COM9
3,1115858,30,rpm,630,288,30.0,30.0,3200,609,0,187,0.181,1,COM9
3,1115878,30,rpm,692,288,30.0,30.0,3200,609,0,187,0.181,1,COM9
3,1115899,30,rpm,605,288,30.0,30.0,3200,609,0,187,0.181,1,COM9
3,1115920,30,rpm,537,288,30.0,30.0,3200,609,0,187,0.181,1,COM9
3,1115940,30,rpm,412,288,30.0,30.0,3200,609,0,187,0.181,1,COM9
3,1115961,30,rpm,304,288,30.0,30.0,3200,609,0,187,0.181,1,COM9
3,1115982,30,rpm,218,288,30.0,30.0,3200,609,0,187,0.182,1,COM9
3,1116002,30,rpm,180,288,30.0,30.0,3200,609,0,187,0.182,1,COM9
3,1116023,30,rpm,59,288,30.0,30.0,3200,609,0,187,0.182,1,COM9
3,1116044,30,rpm,14,288,30.0,30.0,3200,609,0,187,0.182,1,COM9
3,1116064,30,rpm,7,288,30.0,30.0,3200,609,0,188,0.182,1,COM9
3,1116085,30,rpm,5,288,30.0,30.0,3200,609,0,188,0.182,1,COM9
3,1116106,30,rpm,11,288,30.0,30.0,3200,609,0,188,0.182,1,COM9
3,1116126,30,rpm,104,288,30.0,30.0,3200,609,0,188,0.182,1,COM9
3,1116147,30,rpm,405,288,30.0,30.0,3200,609,0,188,0.182,1,COM9
3,1116168,30,rpm,496,288,30.0,30.0,3200,609,0,188,0.182,1,COM9
3,1116188,30,rpm,596,288,30.0,30.0,3200,609,0,188,0.182,1,COM9
3,1116209,30,rpm,604,288,30.0,30.0,3200,609,0,188,0.183,1,COM9
3,1116230,30,rpm,570,288,30.0,30.0,3200,609,0,188,0.183,1,COM9
3,1116250,30,rpm,462,288,30.0,30.0,3200,609,0,188,0.183,1,COM9
3,1116271,30,rpm,364,288,30.0,30.0,3200,609,0,189,0.183,1,COM9
3,1116292,30,rpm,284,288,30.0,30.0,3200,609,0,189,0.183,1,COM9
3,1116312,30,rpm,240,288,30.0,30.0,3200,609,0,189,0.183,1,COM9
3,1116333,30,rpm,47,288,30.0,30.0,3200,609,0,189,0.183,1,COM9
3,1116353,30,rpm,13,288,30.0,30.0,3200,609,0,189,0.183,1,COM9
3,1116374,30,rpm,7,288,30.0,30.0,3200,609,0,189,0.183,1,COM9
3,1116395,30,rpm,6,288,30.0,30.0,3200,609,0,189,0.183,1,COM9
3,1116415,30,rpm,18,288,30.0,30.0,3200,609,0,189,0.184,1,COM9
3,1116436,30,rpm,159,288,30.0,30.0,3200,609,0,189,0.184,1,COM9
3,1116457,30,rpm,453,288,30.0,30.0,3200,609,0,189,0.184,1,COM9
3,1116477,30,rpm,524,288,30.0,30.0,3200,609,0,190,0.184,1,COM9
3,1116498,30,rpm,596,288,30.0,30.0,3200,609,0,190,0.184,1,COM9
3,1116519,30,rpm,566,288,30.0,30.0,3200,609,0,190,0.184,1,COM9
3,1116539,30,rpm,547,288,30.0,30.0,3200,609,0,190,0.184,1,COM9
3,1116560,30,rpm,489,288,30.0,30.0,3200,609,0,190,0.184,1,COM9
3,1116581,30,rpm,405,288,30.0,30.0,3200,609,0,190,0.184,1,COM9
3,1116601,30,rpm,340,288,30.0,30.0,3200,609,0,190,0.184,1,COM9
3,1116622,30,rpm,275,288,30.0,30.0,3200,609,0,190,0.185,1,COM9
3,1116643,30,rpm,67,288,30.0,30.0,3200,609,0,190,0.185,1,COM9
3,1116663,30,rpm,14,288,30.0,30.0,3200,609,0,190,0.185,1,COM9
3,1116684,30,rpm,7,288,30.0,30.0,3200,609,0,191,0.185,1,COM9
3,1116705,30,rpm,6,288,30.0,30.0,3200,609,0,191,0.185,1,COM9
3,1116725,30,rpm,19,288,30.0,30.0,3200,609,0,191,0.185,1,COM9
3,1116746,30,rpm,142,288,30.0,30.0,3200,609,0,191,0.185,1,COM9
3,1116766,30,rpm,423,288,30.0,30.0,3200,609,0,191,0.185,1,COM9
3,1116787,30,rpm,513,288,30.0,30.0,3200,609,0,191,0.185,1,COM9
3,1116808,30,rpm,580,288,30.0,30.0,3200,609,0,191,0.185,1,COM9
3,1116828,30,rpm,548,288,30.0,30.0,3200,609,0,191,0.185,1,COM9
3,1116849,30,rpm,531,288,30.0,30.0,3200,609,0,191,0.186,1,COM9
3,1116870,30,rpm,474,288,30.0,30.0,3200,609,0,191,0.186,1,COM9
3,1116890,30,rpm,394,288,30.0,30.0,3200,609,0,192,0.186,1,COM9
3,1116911,30,rpm,335,288,30.0,30.0,3200,609,0,192,0.186,1,COM9
3,1116932,30,rpm,270,288,30.0,30.0,3200,609,0,192,0.186,1,COM9
3,1116952,30,rpm,54,288,30.0,30.0,3200,609,0,192,0.186,1,COM9
3,1116973,30,rpm,13,288,30.0,30.0,3200,609,0,192,0.186,1,COM9
3,1116994,30,rpm,7,288,30.0,30.0,3200,609,0,192,0.186,1,COM9
3,1117014,30,rpm,6,288,30.0,30.0,3200,609,0,192,0.186,1,COM9
3,1117035,30,rpm,17,288,30.0,30.0,3200,609,0,192,0.186,1,COM9
3,1117056,30,rpm,116,288,30.0,30.0,3200,609,0,192,0.187,1,COM9
3,1117076,30,rpm,386,288,30.0,30.0,3200,609,0,192,0.187,1,COM9
3,1117097,30,rpm,559,288,30.0,30.0,3200,609,0,193,0.187,1,COM9
3,1117118,30,rpm,687,288,30.0,30.0,3200,609,0,193,0.187,1,COM9
3,1117138,30,rpm,647,288,30.0,30.0,3200,609,0,193,0.187,1,COM9
3,1117159,30,rpm,584,288,30.0,30.0,3200,609,0,193,0.187,1,COM9
3,1117180,30,rpm,495,288,30.0,30.0,3200,609,0,193,0.187,1,COM9
3,1117200,30,rpm,390,288,30.0,30.0,3200,609,0,193,0.187,1,COM9
3,1117221,30,rpm,282,288,30.0,30.0,3200,609,0,193,0.187,1,COM9
3,1117242,30,rpm,240,288,30.0,30.0,3200,609,0,193,0.187,1,COM9
3,1117262,30,rpm,159,288,30.0,30.0,3200,609,0,193,0.187,1,COM9
3,1117283,30,rpm,24,288,30.0,30.0,3200,609,0,193,0.188,1,COM9
3,1117303,30,rpm,10,288,30.0,30.0,3200,609,0,193,0.188,1,COM9
3,1117324,30,rpm,6,288,30.0,30.0,3200,609,0,194,0.188,1,COM9
3,1117345,30,rpm,7,288,30.0,30.0,3200,609,0,194,0.188,1,COM9
3,1117365,30,rpm,37,288,30.0,30.0,3200,609,0,194,0.188,1,COM9
3,1117386,30,rpm,206,288,30.0,30.0,3200,609,0,194,0.188,1,COM9
3,1117407,30,rpm,448,288,30.0,30.0,3200,609,0,194,0.188,1,COM9
3,1117427,30,rpm,592,288,30.0,30.0,3200,609,0,194,0.188,1,COM9
3,1117448,30,rpm,648,288,30.0,30.0,3200,609,0,194,0.188,1,COM9
3,1117469,30,rpm,574,288,30.0,30.0,3200,609,0,194,0.188,1,COM9
3,1117489,30,rpm,526,288,30.0,30.0,3200,609,0,194,0.189,1,COM9
3,1117510,30,rpm,408,288,30.0,30.0,3200,609,0,194,0.189,1,COM9
3,1117531,30,rpm,296,288,30.0,30.0,3200,609,0,195,0.189,1,COM9
3,1117552,30,rpm,243,288,30.0,30.0,3200,609,0,195,0.189,1,COM9
3,1117572,30,rpm,212,288,30.0,30.0,3200,609,0,195,0.189,1,COM9
3,1117593,30,rpm,35,288,30.0,30.0,3200,609,0,195,0.189,1,COM9
3,1117614,30,rpm,12,288,30.0,30.0,3200,609,0,195,0.189,1,COM9
3,1117634,30,rpm,6,288,30.0,30.0,3200,609,0,195,0.189,1,COM9
3,1117655,30,rpm,6,288,30.0,30.0,3200,609,0,195,0.189,1,COM9
3,1117676,30,rpm,26,288,30.0,30.0,3200,609,0,195,0.189,1,COM9
3,1117696,30,rpm,173,288,30.0,30.0,3200,609,0,195,0.19,1,COM9
3,1117717,30,rpm,492,288,30.0,30.0,3200,609,0,195,0.19,1,COM9
3,1117738,30,rpm,644,288,30.0,30.0,3200,609,0,196,0.19,1,COM9
3,1117758,30,rpm,698,288,30.0,30.0,3200,609,0,196,0.19,1,COM9
3,1117779,30,rpm,612,288,30.0,30.0,3200,609,0,196,0.19,1,COM9
3,1117800,30,rpm,540,288,30.0,30.0,3200,609,0,196,0.19,1,COM9
3,1117820,30,rpm,406,288,30.0,30.0,3200,609,0,196,0.19,1,COM9
3,1117841,30,rpm,300,288,30.0,30.0,3200,609,0,196,0.19,1,COM9
3,1117862,30,rpm,217,288,30.0,30.0,3200,609,0,196,0.19,1,COM9
3,1117882,30,rpm,178,288,30.0,30.0,3200,609,0,196,0.19,1,COM9
3,1117903,30,rpm,53,288,30.0,30.0,3200,609,0,196,0.19,1,COM9
3,1117924,30,rpm,14,288,30.0,30.0,3200,609,0,196,0.191,1,COM9
3,1117944,30,rpm,7,288,30.0,30.0,3200,609,0,197,0.191,1,COM9
3,1117965,30,rpm,4,288,30.0,30.0,3200,609,0,197,0.191,1,COM9
3,1117986,30,rpm,12,288,30.0,30.0,3200,609,0,197,0.191,1,COM9
3,1118006,30,rpm,109,288,30.0,30.0,3200,609,0,197,0.191,1,COM9
3,1118027,30,rpm,421,288,30.0,30.0,3200,609,0,197,0.191,1,COM9
3,1118048,30,rpm,511,288,30.0,30.0,3200,609,0,197,0.191,1,COM9
3,1118068,30,rpm,594,288,30.0,30.0,3200,609,0,197,0.191,1,COM9
3,1118089,30,rpm,604,288,30.0,30.0,3200,609,0,197,0.191,1,COM9
3,1118110,30,rpm,571,288,30.0,30.0,3200,609,0,197,0.191,1,COM9
3,1118130,30,rpm,465,288,30.0,30.0,3200,609,0,197,0.192,1,COM9
3,1118151,30,rpm,361,288,30.0,30.0,3200,609,0,198,0.192,1,COM9
3,1118172,30,rpm,275,288,30.0,30.0,3200,609,0,198,0.192,1,COM9
3,1118192,30,rpm,228,288,30.0,30.0,3200,609,0,198,0.192,1,COM9
3,1118213,30,rpm,39,288,30.0,30.0,3200,609,0,198,0.192,1,COM9
3,1118234,30,rpm,12,288,30.0,30.0,3200,609,0,198,0.192,1,COM9
3,1118254,30,rpm,7,288,30.0,30.0,3200,609,0,198,0.192,1,COM9
3,1118275,30,rpm,5,288,30.0,30.0,3200,609,0,198,0.192,1,COM9
3,1118296,30,rpm,18,288,30.0,30.0,3200,609,0,198,0.192,1,COM9
3,1118316,30,rpm,163,288,30.0,30.0,3200,609,0,198,0.192,1,COM9
3,1118337,30,rpm,472,288,30.0,30.0,3200,609,0,198,0.193,1,COM9
3,1118358,30,rpm,542,288,30.0,30.0,3200,609,0,199,0.193,1,COM9
3,1118378,30,rpm,594,288,30.0,30.0,3200,609,0,199,0.193,1,COM9
3,1118399,30,rpm,573,288,30.0,30.0,3200,609,0,199,0.193,1,COM9
3,1118420,30,rpm,550,288,30.0,30.0,3200,609,0,199,0.193,1,COM9
3,1118440,30,rpm,481,288,30.0,30.0,3200,609,0,199,0.193,1,COM9
3,1118461,30,rpm,407,288,30.0,30.0,3200,609,0,199,0.193,1,COM9
3,1118482,30,rpm,331,288,30.0,30.0,3200,609,0,199,0.193,1,COM9
3,1118502,30,rpm,273,288,30.0,30.0,3200,609,0,199,0.193,1,COM9
3,1118523,30,rpm,53,288,30.0,30.0,3200,609,0,199,0.193,1,COM9
3,1118544,30,rpm,15,288,30.0,30.0,3200,609,0,199,0.193,1,COM9
3,1118564,30,rpm,5,288,30.0,30.0,3200,609,0,200,0.194,1,COM9
3,1118585,30,rpm,6,288,30.0,30.0,3200,609,0,200,0.194,1,COM9
3,1118606,30,rpm,22,288,30.0,30.0,3200,609,0,200,0.194,1,COM9
3,1118626,30,rpm,162,288,30.0,30.0,3200,609,0,200,0.194,1,COM9
3,1118647,30,rpm,436,288,30.0,30.0,3200,609,0,200,0.194,1,COM9
3,1118668,30,rpm,515,288,30.0,30.0,3200,609,0,200,0.194,1,COM9
3,1118688,30,rpm,576,288,30.0,30.0,3200,609,0,200,0.194,1,COM9
3,1118709,30,rpm,536,288,30.0,30.0,3200,609,0,200,0.194,1,COM9
3,1118730,30,rpm,515,288,30.0,30.0,3200,609,0,200,0.194,1,COM9
3,1118750,30,rpm,453,288,30.0,30.0,3200,609,0,200,0.194,1,COM9
3,1118771,30,rpm,429,288,30.0,30.0,3200,609,0,201,0.195,1,COM9
3,1118792,30,rpm,322,288,30.0,30.0,3200,609,0,201,0.195,1,COM9
3,1118813,30,rpm,260,288,30.0,30.0,3200,609,0,201,0.195,1,COM9
3,1118833,30,rpm,37,288,30.0,30.0,3200,609,0,201,0.195,1,COM9
3,1118854,30,rpm,12,288,30.0,30.0,3200,609,0,201,0.195,1,COM9
3,1118875,30,rpm,6,288,30.0,30.0,3200,609,0,201,0.195,1,COM9
3,1118895,30,rpm,7,288,30.0,30.0,3200,609,0,201,0.195,1,COM9
3,1118916,30,rpm,23,288,30.0,30.0,3200,609,0,201,0.195,1,COM9
3,1118936,30,rpm,150,288,30.0,30.0,3200,609,0,201,0.195,1,COM9
3,1118957,30,rpm,589,288,30.0,30.0,3200,609,0,201,0.195,1,COM9
3,1118978,30,rpm,547,288,30.0,30.0,3200,609,0,202,0.195,1,COM9
3,1118999,30,rpm,686,288,30.0,30.0,3200,609,0,202,0.196,1,COM9
3,1119019,30,rpm,633,288,30.0,30.0,3200,609,0,202,0.196,1,COM9
3,1119040,30,rpm,573,288,30.0,30.0,3200,609,0,202,0.196,1,COM9
3,1119060,30,rpm,486,288,30.0,30.0,3200,609,0,202,0.196,1,COM9
3,1119081,30,rpm,379,288,30.0,30.0,3200,609,0,202,0.196,1,COM9
3,1119102,30,rpm,263,288,30.0,30.0,3200,609,0,202,0.196,1,COM9
3,1119122,30,rpm,229,288,30.0,30.0,3200,609,0,202,0.196,1,COM9
3,1119143,30,rpm,141,288,30.0,30.0,3200,609,0,202,0.196,1,COM9
3,1119164,30,rpm,27,288,30.0,30.0,3200,609,0,202,0.196,1,COM9
3,1119184,30,rpm,10,288,30.0,30.0,3200,609,0,203,0.196,1,COM9
3,1119205,30,rpm,6,288,30.0,30.0,3200,609,0,203,0.197,1,COM9
3,1119226,30,rpm,7,288,30.0,30.0,3200,609,0,203,0.197,1,COM9
3,1119246,30,rpm,43,288,30.0,30.0,3200,609,0,203,0.197,1,COM9
3,1119267,30,rpm,231,288,30.0,30.0,3200,609,0,203,0.197,1,COM9
3,1119288,30,rpm,453,288,30.0,30.0,3200,609,0,203,0.197,1,COM9
3,1119308,30,rpm,621,288,30.0,30.0,3200,609,0,203,0.197,1,COM9
3,1119329,30,rpm,652,288,30.0,30.0,3200,609,0,203,0.197,1,COM9
3,1119350,30,rpm,577,288,30.0,30.0,3200,609,0,203,0.197,1,COM9
3,1119370,30,rpm,520,288,30.0,30.0,3200,609,0,203,0.197,1,COM9
3,1119391,30,rpm,405,288,30.0,30.0,3200,609,0,204,0.197,1,COM9
3,1119412,30,rpm,301,288,30.0,30.0,3200,609,0,204,0.198,1,COM9
3,1119432,30,rpm,239,288,30.0,30.0,3200,609,0,204,0.198,1,COM9
3,1119453,30,rpm,201,288,30.0,30.0,3200,609,0,204,0.198,1,COM9
3,1119474,30,rpm,31,288,30.0,30.0,3200,609,0,204,0.198,1,COM9
3,1119494,30,rpm,11,288,30.0,30.0,3200,609,0,204,0.198,1,COM9
3,1119515,30,rpm,6,288,30.0,30.0,3200,609,0,204,0.198,1,COM9
3,1119536,30,rpm,6,288,30.0,30.0,3200,609,0,204,0.198,1,COM9
3,1119556,30,rpm,30,288,30.0,30.0,3200,609,0,204,0.198,1,COM9
3,1119577,30,rpm,185,288,30.0,30.0,3200,609,0,204,0.198,1,COM9
3,1119598,30,rpm,503,288,30.0,30.0,3200,609,0,205,0.198,1,COM9
3,1119618,30,rpm,632,288,30.0,30.0,3200,609,0,205,0.198,1,COM9
3,1119639,30,rpm,676,288,30.0,30.0,3200,609,0,205,0.199,1,COM9
3,1119660,30,rpm,603,288,30.0,30.0,3200,609,0,205,0.199,1,COM9
3,1119680,30,rpm,519,288,30.0,30.0,3200,609,0,205,0.199,1,COM9
3,1119701,30,rpm,395,288,30.0,30.0,3200,609,0,205,0.199,1,COM9
3,1119722,30,rpm,289,288,30.0,30.0,3200,609,0,205,0.199,1,COM9
3,1119742,30,rpm,209,288,30.0,30.0,3200,609,0,205,0.199,1,COM9
3,1119763,30,rpm,171,288,30.0,30.0,3200,609,0,205,0.199,1,COM9
3,1119783,30,rpm,40,288,30.0,30.0,3200,609,0,205,0.199,1,COM9
3,1119804,30,rpm,12,288,30.0,30.0,3200,609,0,205,0.199,1,COM9
3,1119825,30,rpm,6,288,30.0,30.0,3200,609,0,206,0.199,1,COM9
3,1119845,30,rpm,5,288,30.0,30.0,3200,609,0,206,0.2,1,COM9
3,1119866,30,rpm,23,288,30.0,30.0,3200,609,0,206,0.2,1,COM9
3,1119887,30,rpm,149,288,30.0,30.0,3200,609,0,206,0.2,1,COM9
3,1119907,30,rpm,436,288,30.0,30.0,3200,609,0,206,0.2,1,COM9
3,1119928,30,rpm,499,288,30.0,30.0,3200,609,0,206,0.2,1,COM9
3,1119949,30,rpm,592,288,30.0,30.0,3200,609,0,206,0.2,1,COM9
3,1119969,30,rpm,624,288,30.0,30.0,3200,609,0,206,0.2,1,COM9
3,1119990,30,rpm,533,288,30.0,30.0,3200,609,0,206,0.2,1,COM9
3,1120011,30,rpm,460,288,30.0,30.0,3200,609,0,206,0.2,1,COM9
3,1120031,30,rpm,346,288,30.0,30.0,3200,609,0,207,0.2,1,COM9
3,1120052,30,rpm,283,288,30.0,30.0,3200,609,0,207,0.2,1,COM9
3,1120073,30,rpm,230,288,30.0,30.0,3200,609,0,207,0.201,1,COM9
3,1120093,30,rpm,29,288,30.0,30.0,3200,609,0,207,0.201,1,COM9
3,1120114,30,rpm,12,288,30.0,30.0,3200,609,0,207,0.201,1,COM9
3,1120135,30,rpm,7,288,30.0,30.0,3200,609,0,207,0.201,1,COM9
3,1120156,30,rpm,6,288,30.0,30.0,3200,609,0,207,0.201,1,COM9
3,1120176,30,rpm,28,288,30.0,30.0,3200,609,0,207,0.201,1,COM9
3,1120197,30,rpm,197,288,30.0,30.0,3200,609,0,207,0.201,1,COM9
3,1120218,30,rpm,494,288,30.0,30.0,3200,609,0,207,0.201,1,COM9
3,1120238,30,rpm,530,288,30.0,30.0,3200,609,0,208,0.201,1,COM9
3,1120259,30,rpm,601,288,30.0,30.0,3200,609,0,208,0.201,1,COM9
3,1120280,30,rpm,611,288,30.0,30.0,3200,609,0,208,0.202,1,COM9
3,1120300,30,rpm,523,288,30.0,30.0,3200,609,0,208,0.202,1,COM9
3,1120321,30,rpm,473,288,30.0,30.0,3200,609,0,208,0.202,1,COM9
3,1120342,30,rpm,387,288,30.0,30.0,3200,609,0,208,0.202,1,COM9
3,1120362,30,rpm,342,288,30.0,30.0,3200,609,0,208,0.202,1,COM9
3,1120383,30,rpm,247,288,30.0,30.0,3200,609,0,208,0.202,1,COM9
3,1120403,30,rpm,39,288,30.0,30.0,3200,609,0,208,0.202,1,COM9
3,1120424,30,rpm,12,288,30.0,30.0,3200,609,0,208,0.202,1,COM9
3,1120445,30,rpm,7,288,30.0,30.0,3200,609,0,209,0.202,1,COM9
3,1120465,30,rpm,7,288,30.0,30.0,3200,609,0,209,0.202,1,COM9
3,1120486,30,rpm,29,288,30.0,30.0,3200,609,0,209,0.203,1,COM9
3,1120507,30,rpm,197,288,30.0,30.0,3200,609,0,209,0.203,1,COM9
3,1120528,30,rpm,452,288,30.0,30.0,3200,609,0,209,0.203,1,COM9
3,1120548,30,rpm,519,288,30.0,30.0,3200,609,0,209,0.203,1,COM9
3,1120569,30,rpm,571,288,30.0,30.0,3200,609,0,209,0.203,1,COM9
3,1120589,30,rpm,544,288,30.0,30.0,3200,609,0,209,0.203,1,COM9
3,1120610,30,rpm,521,288,30.0,30.0,3200,609,0,209,0.203,1,COM9
3,1120631,30,rpm,459,288,30.0,30.0,3200,609,0,209,0.203,1,COM9
3,1120651,30,rpm,383,288,30.0,30.0,3200,609,0,210,0.203,1,COM9
3,1120672,30,rpm,328,288,30.0,30.0,3200,609,0,210,0.203,1,COM9
3,1120693,30,rpm,242,288,30.0,30.0,3200,609,0,210,0.203,1,COM9
3,1120713,30,rpm,32,288,30.0,30.0,3200,609,0,210,0.204,1,COM9
3,1120734,30,rpm,11,288,30.0,30.0,3200,609,0,210,0.204,1,COM9
3,1120755,30,rpm,6,288,30.0,30.0,3200,609,0,210,0.204,1,COM9
3,1120775,30,rpm,6,288,30.0,30.0,3200,609,0,210,0.204,1,COM9
3,1120796,30,rpm,24,288,30.0,30.0,3200,609,0,210,0.204,1,COM9
3,1120817,30,rpm,159,288,30.0,30.0,3200,609,0,210,0.204,1,COM9
3,1120837,30,rpm,416,288,30.0,30.0,3200,609,0,210,0.204,1,COM9
3,1120858,30,rpm,573,288,30.0,30.0,3200,609,0,211,0.204,1,COM9
3,1120879,30,rpm,682,288,30.0,30.0,3200,609,0,211,0.204,1,COM9
3,1120899,30,rpm,639,288,30.0,30.0,3200,609,0,211,0.204,1,COM9
3,1120920,30,rpm,573,288,30.0,30.0,3200,609,0,211,0.205,1,COM9
3,1120941,30,rpm,477,288,30.0,30.0,3200,609,0,211,0.205,1,COM9
3,1120961,30,rpm,373,288,30.0,30.0,3200,609,0,211,0.205,1,COM9
3,1120982,30,rpm,273,288,30.0,30.0,3200,609,0,211,0.205,1,COM9
3,1121003,30,rpm,241,288,30.0,30.0,3200,609,0,211,0.205,1,COM9
3,1121023,30,rpm,127,288,30.0,30.0,3200,609,0,211,0.205,1,COM9
3,1121044,30,rpm,20,288,30.0,30.0,3200,609,0,211,0.205,1,COM9
3,1121065,30,rpm,9,288,30.0,30.0,3200,609,0,212,0.205,1,COM9
3,1121085,30,rpm,6,288,30.0,30.0,3200,609,0,212,0.205,1,COM9
3,1121106,30,rpm,9,288,30.0,30.0,3200,609,0,212,0.205,1,COM9
3,1121126,30,rpm,52,289,30.0,30.0,3200,609,0,212,0.205,1,COM9
3,1121147,30,rpm,243,289,30.0,30.0,3200,609,0,212,0.206,1,COM9
3,1121168,30,rpm,446,289,30.0,30.0,3200,609,0,212,0.206,1,COM9
3,1121188,30,rpm,600,289,30.0,30.0,3200,609,0,212,0.206,1,COM9
3,1121209,30,rpm,644,289,30.0,30.0,3200,609,0,212,0.206,1,COM9
3,1121230,30,rpm,564,289,30.0,30.0,3200,609,0,212,0.206,1,COM9
3,1121250,30,rpm,507,289,30.0,30.0,3200,609,0,212,0.206,1,COM9
3,1121271,30,rpm,388,289,30.0,30.0,3200,609,0,213,0.206,1,COM9
3,1121292,30,rpm,284,289,30.0,30.0,3200,609,0,213,0.206,1,COM9
3,1121312,30,rpm,252,289,30.0,30.0,3200,609,0,213,0.206,1,COM9
3,1121333,30,rpm,181,289,30.0,30.0,3200,609,0,213,0.206,1,COM9
3,1121354,30,rpm,26,289,30.0,30.0,3200,609,0,213,0.207,1,COM9
3,1121374,30,rpm,10,289,30.0,30.0,3200,609,0,213,0.207,1,COM9
3,1121395,30,rpm,6,289,30.0,30.0,3200,609,0,213,0.207,1,COM9
3,1121416,30,rpm,7,289,30.0,30.0,3200,609,0,213,0.207,1,COM9
3,1121436,30,rpm,43,289,30.0,30.0,3200,609,0,213,0.207,1,COM9
3,1121457,30,rpm,238,289,30.0,30.0,3200,609,0,213,0.207,1,COM9
3,1121478,30,rpm,539,289,30.0,30.0,3200,609,0,214,0.207,1,COM9
3,1121498,30,rpm,661,289,30.0,30.0,3200,609,0,214,0.207,1,COM9
3,1121519,30,rpm,681,289,30.0,30.0,3200,609,0,214,0.207,1,COM9
3,1121540,30,rpm,597,289,30.0,30.0,3200,609,0,214,0.207,1,COM9
3,1121560,30,rpm,514,289,30.0,30.0,3200,609,0,214,0.208,1,COM9
3,1121581,30,rpm,391,289,30.0,30.0,3200,609,0,214,0.208,1,COM9
3,1121601,30,rpm,284,289,30.0,30.0,3200,609,0,214,0.208,1,COM9
3,1121622,30,rpm,205,289,30.0,30.0,3200,609,0,214,0.208,1,COM9
3,1121643,30,rpm,168,289,30.0,30.0,3200,609,0,214,0.208,1,COM9
3,1121663,30,rpm,37,289,30.0,30.0,3200,609,0,214,0.208,1,COM9
3,1121684,30,rpm,12,289,30.0,30.0,3200,609,0,215,0.208,1,COM9
3,1121705,30,rpm,6,289,30.0,30.0,3200,609,0,215,0.208,1,COM9
3,1121725,30,rpm,5,289,30.0,30.0,3200,609,0,215,0.208,1,COM9
3,1121746,30,rpm,17,289,30.0,30.0,3200,609,0,215,0.208,1,COM9
3,1121767,30,rpm,158,289,30.0,30.0,3200,609,0,215,0.208,1,COM9
3,1121787,30,rpm,449,289,30.0,30.0,3200,609,0,215,0.209,1,COM9
3,1121808,30,rpm,525,289,30.0,30.0,3200,609,0,215,0.209,1,COM9
3,1121829,30,rpm,615,289,30.0,30.0,3200,609,0,215,0.209,1,COM9
3,1121849,30,rpm,611,289,30.0,30.0,3200,609,0,215,0.209,1,COM9
3,1121870,30,rpm,546,289,30.0,30.0,3200,609,0,215,0.209,1,COM9
3,1121891,30,rpm,437,289,30.0,30.0,3200,609,0,216,0.209,1,COM9
3,1121911,30,rpm,333,289,30.0,30.0,3200,609,0,216,0.209,1,COM9
3,1121932,30,rpm,261,289,30.0,30.0,3200,609,0,216,0.209,1,COM9
3,1121952,30,rpm,200,289,30.0,30.0,3200,609,0,216,0.209,1,COM9
3,1121973,30,rpm,29,289,30.0,30.0,3200,609,0,216,0.209,1,COM9
3,1121994,30,rpm,11,289,30.0,30.0,3200,609,0,216,0.21,1,COM9
3,1122014,30,rpm,6,289,30.0,30.0,3200,609,0,216,0.21,1,COM9
3,1122035,30,rpm,6,289,30.0,30.0,3200,609,0,216,0.21,1,COM9
3,1122056,30,rpm,28,289,30.0,30.0,3200,609,0,216,0.21,1,COM9
3,1122076,30,rpm,228,289,30.0,30.0,3200,609,0,216,0.21,1,COM9
3,1122097,30,rpm,484,289,30.0,30.0,3200,609,0,217,0.21,1,COM9
3,1122118,30,rpm,541,289,30.0,30.0,3200,609,0,217,0.21,1,COM9
3,1122138,30,rpm,592,289,30.0,30.0,3200,609,0,217,0.21,1,COM9
3,1122159,30,rpm,568,289,30.0,30.0,3200,609,0,217,0.21,1,COM9
3,1122180,30,rpm,544,289,30.0,30.0,3200,609,0,217,0.21,1,COM9
3,1122200,30,rpm,473,289,30.0,30.0,3200,609,0,217,0.211,1,COM9
3,1122221,30,rpm,389,289,30.0,30.0,3200,609,0,217,0.211,1,COM9
3,1122242,30,rpm,325,289,30.0,30.0,3200,609,0,217,0.211,1,COM9
3,1122262,30,rpm,251,289,30.0,30.0,3200,609,0,217,0.211,1,COM9
3,1122283,30,rpm,38,289,30.0,30.0,3200,609,0,217,0.211,1,COM9
3,1122304,30,rpm,12,289,30.0,30.0,3200,609,0,218,0.211,1,COM9
3,1122324,30,rpm,7,289,30.0,30.0,3200,609,0,218,0.211,1,COM9
3,1122345,30,rpm,7,289,30.0,30.0,3200,609,0,218,0.211,1,COM9
3,1122366,30,rpm,27,289,30.0,30.0,3200,609,0,218,0.211,1,COM9
3,1122386,30,rpm,189,289,30.0,30.0,3200,609,0,218,0.211,1,COM9
3,1122407,30,rpm,453,289,30.0,30.0,3200,609,0,218,0.211,1,COM9
3,1122428,30,rpm,541,289,30.0,30.0,3200,609,0,218,0.212,1,COM9
3,1122448,30,rpm,563,289,30.0,30.0,3200,609,0,218,0.212,1,COM9
3,1122469,30,rpm,533,289,30.0,30.0,3200,609,0,218,0.212,1,COM9
3,1122490,30,rpm,511,289,30.0,30.0,3200,609,0,218,0.212,1,COM9
3,1122510,30,rpm,456,289,30.0,30.0,3200,609,0,219,0.212,1,COM9
3,1122531,30,rpm,383,289,30.0,30.0,3200,609,0,219,0.212,1,COM9
3,1122552,30,rpm,327,289,30.0,30.0,3200,609,0,219,0.212,1,COM9
3,1122572,30,rpm,231,289,30.0,30.0,3200,609,0,219,0.212,1,COM9
3,1122593,30,rpm,29,289,30.0,30.0,3200,609,0,219,0.212,1,COM9
3,1122614,30,rpm,11,289,30.0,30.0,3200,609,0,219,0.212,1,COM9
3,1122634,30,rpm,6,289,30.0,30.0,3200,609,0,219,0.213,1,COM9
3,1122655,30,rpm,7,289,30.0,30.0,3200,609,0,219,0.213,1,COM9
3,1122676,30,rpm,29,289,30.0,30.0,3200,609,0,219,0.213,1,COM9
3,1122696,30,rpm,174,289,30.0,30.0,3200,609,0,219,0.213,1,COM9
3,1122717,30,rpm,432,289,30.0,30.0,3200,609,0,220,0.213,1,COM9
3,1122738,30,rpm,595,289,30.0,30.0,3200,609,0,220,0.213,1,COM9
3,1122758,30,rpm,695,289,30.0,30.0,3200,609,0,220,0.213,1,COM9
3,1122779,30,rpm,635,289,30.0,30.0,3200,609,0,220,0.213,1,COM9
3,1122800,30,rpm,568,289,30.0,30.0,3200,609,0,220,0.213,1,COM9
3,1122820,30,rpm,471,289,30.0,30.0,3200,609,0,220,0.213,1,COM9
3,1122841,30,rpm,357,289,30.0,30.0,3200,609,0,220,0.213,1,COM9
3,1122862,30,rpm,252,289,30.0,30.0,3200,609,0,220,0.214,1,COM9
3,1122882,30,rpm,219,289,30.0,30.0,3200,609,0,220,0.214,1,COM9
3,1122903,30,rpm,110,289,30.0,30.0,3200,609,0,220,0.214,1,COM9
3,1122924,30,rpm,18,289,30.0,30.0,3200,609,0,221,0.214,1,COM9
3,1122945,30,rpm,8,289,30.0,30.0,3200,609,0,221,0.214,1,COM9
3,1122965,30,rpm,5,289,30.0,30.0,3200,609,0,221,0.214,1,COM9
3,1122986,30,rpm,10,289,30.0,30.0,3200,609,0,221,0.214,1,COM9
3,1123007,30,rpm,65,289,30.0,30.0,3200,609,0,221,0.214,1,COM9
3,1123027,30,rpm,286,289,30.0,30.0,3200,609,0,221,0.214,1,COM9
3,1123048,30,rpm,529,289,30.0,30.0,3200,609,0,221,0.214,1,COM9
3,1123069,30,rpm,630,289,30.0,30.0,3200,609,0,221,0.215,1,COM9
3,1123089,30,rpm,641,289,30.0,30.0,3200,609,0,221,0.215,1,COM9
3,1123110,30,rpm,566,289,30.0,30.0,3200,609,0,221,0.215,1,COM9
3,1123131,30,rpm,492,289,30.0,30.0,3200,609,0,221,0.215,1,COM9
3,1123151,30,rpm,382,289,30.0,30.0,3200,609,0,222,0.215,1,COM9
3,1123172,30,rpm,276,289,30.0,30.0,3200,609,0,222,0.215,1,COM9
3,1123193,30,rpm,228,289,30.0,30.0,3200,609,0,222,0.215,1,COM9
3,1123213,30,rpm,170,289,30.0,30.0,3200,609,0,222,0.215,1,COM9
3,1123234,30,rpm,26,289,30.0,30.0,3200,609,0,222,0.215,1,COM9
3,1123255,30,rpm,10,289,30.0,30.0,3200,609,0,222,0.215,1,COM9
3,1123275,30,rpm,6,289,30.0,30.0,3200,609,0,222,0.216,1,COM9
3,1123296,30,rpm,7,289,30.0,30.0,3200,609,0,222,0.216,1,COM9
3,1123317,30,rpm,38,289,30.0,30.0,3200,609,0,222,0.216,1,COM9
3,1123337,30,rpm,217,289,30.0,30.0,3200,609,0,222,0.216,1,COM9
3,1123358,30,rpm,523,289,30.0,30.0,3200,609,0,223,0.216,1,COM9
3,1123378,30,rpm,650,289,30.0,30.0,3200,609,0,223,0.216,1,COM9
3,1123399,30,rpm,667,289,30.0,30.0,3200,609,0,223,0.216,1,COM9
3,1123420,30,rpm,591,289,30.0,30.0,3200,609,0,223,0.216,1,COM9
3,1123441,30,rpm,506,289,30.0,30.0,3200,609,0,223,0.216,1,COM9
3,1123461,30,rpm,382,289,30.0,30.0,3200,609,0,223,0.216,1,COM9
3,1123482,30,rpm,277,289,30.0,30.0,3200,609,0,223,0.216,1,COM9
3,1123503,30,rpm,204,289,30.0,30.0,3200,609,0,223,0.217,1,COM9
3,1123523,30,rpm,159,289,30.0,30.0,3200,609,0,223,0.217,1,COM9
3,1123544,30,rpm,29,289,30.0,30.0,3200,609,0,223,0.217,1,COM9
3,1123565,30,rpm,11,289,30.0,30.0,3200,609,0,224,0.217,1,COM9
3,1123585,30,rpm,6,289,30.0,30.0,3200,609,0,224,0.217,1,COM9
3,1123606,30,rpm,5,289,30.0,30.0,3200,609,0,224,0.217,1,COM9
3,1123627,30,rpm,22,289,30.0,30.0,3200,609,0,224,0.217,1,COM9
3,1123647,30,rpm,187,289,30.0,30.0,3200,609,0,224,0.217,1,COM9
3,1123668,30,rpm,455,289,30.0,30.0,3200,609,0,224,0.217,1,COM9
3,1123689,30,rpm,524,289,30.0,30.0,3200,609,0,224,0.217,1,COM9
3,1123709,30,rpm,589,289,30.0,30.0,3200,609,0,224,0.218,1,COM9
3,1123730,30,rpm,594,289,30.0,30.0,3200,609,0,224,0.218,1,COM9
3,1123750,30,rpm,533,289,30.0,30.0,3200,609,0,224,0.218,1,COM9
3,1123771,30,rpm,433,289,30.0,30.0,3200,609,0,225,0.218,1,COM9
3,1123792,30,rpm,339,289,30.0,30.0,3200,609,0,225,0.218,1,COM9
3,1123812,30,rpm,279,289,30.0,30.0,3200,609,0,225,0.218,1,COM9
3,1123833,30,rpm,188,289,30.0,30.0,3200,609,0,225,0.218,1,COM9
3,1123854,30,rpm,26,289,30.0,30.0,3200,609,0,225,0.218,1,COM9
3,1123875,30,rpm,10,289,30.0,30.0,3200,609,0,225,0.218,1,COM9
3,1123895,30,rpm,6,289,30.0,30.0,3200,609,0,225,0.218,1,COM9
3,1123916,30,rpm,7,289,30.0,30.0,3200,609,0,225,0.219,1,COM9
3,1123937,30,rpm,35,289,30.0,30.0,3200,609,0,225,0.219,1,COM9
3,1123957,30,rpm,257,289,30.0,30.0,3200,609,0,225,0.219,1,COM9
3,1123978,30,rpm,495,289,30.0,30.0,3200,609,0,226,0.219,1,COM9
3,1123998,30,rpm,556,289,30.0,30.0,3200,609,0,226,0.219,1,COM9
3,1124019,30,rpm,593,289,30.0,30.0,3200,609,0,226,0.219,1,COM9
3,1124040,30,rpm,562,289,30.0,30.0,3200,609,0,226,0.219,1,COM9
3,1124060,30,rpm,537,289,30.0,30.0,3200,609,0,226,0.219,1,COM9
3,1124081,30,rpm,459,289,30.0,30.0,3200,609,0,226,0.219,1,COM9
3,1124102,30,rpm,381,289,30.0,30.0,3200,609,0,226,0.219,1,COM9
3,1124122,30,rpm,315,289,30.0,30.0,3200,609,0,226,0.219,1,COM9
3,1124143,30,rpm,215,289,30.0,30.0,3200,609,0,226,0.22,1,COM9
3,1124164,30,rpm,28,289,30.0,30.0,3200,609,0,226,0.22,1,COM9
3,1124185,30,rpm,11,289,30.0,30.0,3200,609,0,227,0.22,1,COM9
3,1124205,30,rpm,7,289,30.0,30.0,3200,609,0,227,0.22,1,COM9
3,1124226,30,rpm,8,289,30.0,30.0,3200,609,0,227,0.22,1,COM9
3,1124247,30,rpm,39,289,30.0,30.0,3200,609,0,227,0.22,1,COM9
3,1124267,30,rpm,247,288,30.0,30.0,3200,609,0,227,0.22,1,COM9
3,1124288,30,rpm,473,288,30.0,30.0,3200,609,0,227,0.22,1,COM9
3,1124309,30,rpm,549,288,30.0,30.0,3200,609,0,227,0.22,1,COM9
3,1124329,30,rpm,569,288,30.0,30.0,3200,609,0,227,0.22,1,COM9
3,1124350,30,rpm,534,288,30.0,30.0,3200,609,0,227,0.221,1,COM9
3,1124371,30,rpm,512,288,30.0,30.0,3200,609,0,227,0.221,1,COM9
3,1124391,30,rpm,444,288,30.0,30.0,3200,609,0,228,0.221,1,COM9
3,1124412,30,rpm,369,288,30.0,30.0,3200,609,0,228,0.221,1,COM9
3,1124433,30,rpm,315,288,30.0,30.0,3200,609,0,228,0.221,1,COM9
3,1124453,30,rpm,199,288,30.0,30.0,3200,609,0,228,0.221,1,COM9
3,1124474,30,rpm,26,288,30.0,30.0,3200,609,0,228,0.221,1,COM9
3,1124495,30,rpm,10,288,30.0,30.0,3200,609,0,228,0.221,1,COM9
3,1124515,30,rpm,6,288,30.0,30.0,3200,609,0,228,0.221,1,COM9
3,1124536,30,rpm,7,288,30.0,30.0,3200,609,0,228,0.221,1,COM9
3,1124557,30,rpm,37,288,30.0,30.0,3200,609,0,228,0.222,1,COM9
3,1124577,30,rpm,216,288,30.0,30.0,3200,609,0,228,0.222,1,COM9
3,1124598,30,rpm,436,288,30.0,30.0,3200,609,0,229,0.222,1,COM9
3,1124619,30,rpm,587,288,30.0,30.0,3200,609,0,229,0.222,1,COM9
3,1124639,30,rpm,692,288,30.0,30.0,3200,609,0,229,0.222,1,COM9
3,1124660,30,rpm,625,288,30.0,30.0,3200,609,0,229,0.222,1,COM9
3,1124681,30,rpm,562,288,30.0,30.0,3200,609,0,229,0.222,1,COM9
3,1124701,30,rpm,467,288,30.0,30.0,3200,609,0,229,0.222,1,COM9
3,1124722,30,rpm,359,288,30.0,30.0,3200,609,0,229,0.222,1,COM9
3,1124743,30,rpm,262,288,30.0,30.0,3200,609,0,229,0.222,1,COM9
3,1124763,30,rpm,228,288,30.0,30.0,3200,609,0,229,0.222,1,COM9
3,1124784,30,rpm,98,288,30.0,30.0,3200,609,0,229,0.223,1,COM9
3,1124805,30,rpm,16,288,30.0,30.0,3200,609,0,230,0.223,1,COM9
3,1124825,30,rpm,8,288,30.0,30.0,3200,609,0,230,0.223,1,COM9
3,1124846,30,rpm,5,288,30.0,30.0,3200,609,0,230,0.223,1,COM9
3,1124867,30,rpm,10,288,30.0,30.0,3200,609,0,230,0.223,1,COM9
3,1124887,30,rpm,62,288,30.0,30.0,3200,609,0,230,0.223,1,COM9
3,1124908,30,rpm,275,288,30.0,30.0,3200,609,0,230,0.223,1,COM9
3,1124929,30,rpm,472,288,30.0,30.0,3200,609,0,230,0.223,1,COM9
3,1124949,30,rpm,617,288,30.0,30.0,3200,609,0,230,0.223,1,COM9
3,1124970,30,rpm,619,288,30.0,30.0,3200,609,0,230,0.223,1,COM9
3,1124990,30,rpm,553,288,30.0,30.0,3200,609,0,230,0.224,1,COM9
3,1125011,30,rpm,495,288,30.0,30.0,3200,609,0,231,0.224,1,COM9
3,1125032,30,rpm,384,288,30.0,30.0,3200,609,0,231,0.224,1,COM9
3,1125052,30,rpm,290,288,30.0,30.0,3200,609,0,231,0.224,1,COM9
3,1125073,30,rpm,251,288,30.0,30.0,3200,609,0,231,0.224,1,COM9
3,1125094,30,rpm,147,288,30.0,30.0,3200,609,0,231,0.224,1,COM9
3,1125114,30,rpm,22,288,30.0,30.0,3200,609,0,231,0.224,1,COM9
3,1125135,30,rpm,9,288,30.0,30.0,3200,609,0,231,0.224,1,COM9
3,1125156,30,rpm,6,288,30.0,30.0,3200,609,0,231,0.224,1,COM9
3,1125176,30,rpm,9,288,30.0,30.0,3200,609,0,231,0.224,1,COM9
3,1125197,30,rpm,58,288,30.0,30.0,3200,609,0,231,0.224,1,COM9
3,1125218,30,rpm,287,288,30.0,30.0,3200,609,0,232,0.225,1,COM9
3,1125238,30,rpm,562,288,30.0,30.0,3200,609,0,232,0.225,1,COM9
3,1125259,30,rpm,671,288,30.0,30.0,3200,609,0,232,0.225,1,COM9
3,1125280,30,rpm,669,288,30.0,30.0,3200,609,0,232,0.225,1,COM9
3,1125300,30,rpm,588,288,30.0,30.0,3200,609,0,232,0.225,1,COM9
3,1125321,30,rpm,497,288,30.0,30.0,3200,609,0,232,0.225,1,COM9
3,1125342,30,rpm,374,288,30.0,30.0,3200,609,0,232,0.225,1,COM9
3,1125362,30,rpm,268,288,30.0,30.0,3200,609,0,232,0.225,1,COM9
3,1125383,30,rpm,195,288,30.0,30.0,3200,609,0,232,0.225,1,COM9
3,1125404,30,rpm,142,288,30.0,30.0,3200,609,0,232,0.225,1,COM9
3,1125424,30,rpm,26,288,30.0,30.0,3200,609,0,233,0.226,1,COM9
3,1125445,30,rpm,10,288,30.0,30.0,3200,609,0,233,0.226,1,COM9
3,1125466,30,rpm,6,288,30.0,30.0,3200,609,0,233,0.226,1,COM9
3,1125486,30,rpm,5,288,30.0,30.0,3200,609,0,233,0.226,1,COM9
3,1125507,30,rpm,26,288,30.0,30.0,3200,609,0,233,0.226,1,COM9
3,1125528,30,rpm,212,288,30.0,30.0,3200,609,0,233,0.226,1,COM9
3,1125548,30,rpm,459,288,30.0,30.0,3200,609,0,233,0.226,1,COM9
3,1125569,30,rpm,539,288,30.0,30.0,3200,609,0,233,0.226,1,COM9
3,1125589,30,rpm,606,288,30.0,30.0,3200,609,0,233,0.226,1,COM9
3,1125610,30,rpm,599,288,30.0,30.0,3200,609,0,233,0.226,1,COM9
3,1125631,30,rpm,526,288,30.0,30.0,3200,609,0,234,0.227,1,COM9
3,1125651,30,rpm,423,288,30.0,30.0,3200,609,0,234,0.227,1,COM9
3,1125672,30,rpm,324,288,30.0,30.0,3200,609,0,234,0.227,1,COM9
3,1125693,30,rpm,260,288,30.0,30.0,3200,609,0,234,0.227,1,COM9
3,1125713,30,rpm,161,288,30.0,30.0,3200,609,0,234,0.227,1,COM9
3,1125734,30,rpm,23,288,30.0,30.0,3200,609,0,234,0.227,1,COM9
3,1125755,30,rpm,9,288,30.0,30.0,3200,609,0,234,0.227,1,COM9
3,1125775,30,rpm,6,288,30.0,30.0,3200,609,0,234,0.227,1,COM9
3,1125796,30,rpm,7,288,30.0,30.0,3200,609,0,234,0.227,1,COM9
3,1125817,30,rpm,44,288,30.0,30.0,3200,609,0,234,0.227,1,COM9
3,1125837,30,rpm,291,288,30.0,30.0,3200,609,0,235,0.227,1,COM9
3,1125858,30,rpm,500,288,30.0,30.0,3200,609,0,235,0.228,1,COM9
3,1125879,30,rpm,557,288,30.0,30.0,3200,609,0,235,0.228,1,COM9
3,1125900,30,rpm,587,288,30.0,30.0,3200,609,0,235,0.228,1,COM9
3,1125920,30,rpm,559,288,30.0,30.0,3200,609,0,235,0.228,1,COM9
3,1125941,30,rpm,535,288,30.0,30.0,3200,609,0,235,0.228,1,COM9
3,1125962,30,rpm,454,288,30.0,30.0,3200,609,0,235,0.228,1,COM9
3,1125982,30,rpm,372,288,30.0,30.0,3200,609,0,235,0.228,1,COM9
3,1126003,30,rpm,309,287,30.0,30.0,3200,609,0,235,0.228,1,COM9
3,1126024,30,rpm,199,287,30.0,30.0,3200,609,0,235,0.228,1,COM9
3,1126044,30,rpm,27,287,30.0,30.0,3200,609,0,235,0.228,1,COM9
3,1126065,30,rpm,10,287,30.0,30.0,3200,609,0,236,0.229,1,COM9
3,1126086,30,rpm,6,287,30.0,30.0,3200,609,0,236,0.229,1,COM9
3,1126106,30,rpm,8,287,30.0,30.0,3200,609,0,236,0.229,1,COM9
3,1126127,30,rpm,42,287,30.0,30.0,3200,609,0,236,0.229,1,COM9
3,1126148,30,rpm,257,287,30.0,30.0,3200,609,0,236,0.229,1,COM9
3,1126168,30,rpm,483,287,30.0,30.0,3200,609,0,236,0.229,1,COM9
3,1126189,30,rpm,549,287,30.0,30.0,3200,609,0,236,0.229,1,COM9
3,1126210,30,rpm,565,287,30.0,30.0,3200,609,0,236,0.229,1,COM9
3,1126230,30,rpm,531,287,30.0,30.0,3200,609,0,236,0.229,1,COM9
3,1126251,30,rpm,509,287,30.0,30.0,3200,609,0,236,0.229,1,COM9
3,1126272,30,rpm,442,287,30.0,30.0,3200,609,0,237,0.229,1,COM9
3,1126292,30,rpm,365,287,30.0,30.0,3200,609,0,237,0.23,1,COM9
3,1126313,30,rpm,309,287,30.0,30.0,3200,609,0,237,0.23,1,COM9
3,1126334,30,rpm,180,287,30.0,30.0,3200,609,0,237,0.23,1,COM9
3,1126354,30,rpm,23,287,30.0,30.0,3200,609,0,237,0.23,1,COM9
3,1126375,30,rpm,9,287,30.0,30.0,3200,609,0,237,0.23,1,COM9
3,1126396,30,rpm,6,287,30.0,30.0,3200,609,0,237,0.23,1,COM9
3,1126416,30,rpm,8,287,30.0,30.0,3200,609,0,237,0.23,1,COM9
3,1126437,30,rpm,41,287,30.0,30.0,3200,609,0,237,0.23,1,COM9
3,1126458,30,rpm,230,287,30.0,30.0,3200,609,0,237,0.23,1,COM9
3,1126478,30,rpm,472,287,30.0,30.0,3200,609,0,238,0.23,1,COM9
3,1126499,30,rpm,623,287,30.0,30.0,3200,609,0,238,0.231,1,COM9
3,1126520,30,rpm,706,287,30.0,30.0,3200,609,0,238,0.231,1,COM9
3,1126540,30,rpm,605,287,30.0,30.0,3200,609,0,238,0.231,1,COM9
3,1126561,30,rpm,550,287,30.0,30.0,3200,609,0,238,0.231,1,COM9
3,1126582,30,rpm,449,287,30.0,30.0,3200,609,0,238,0.231,1,COM9
3,1126602,30,rpm,336,287,30.0,30.0,3200,609,0,238,0.231,1,COM9
3,1126623,30,rpm,243,287,30.0,30.0,3200,609,0,238,0.231,1,COM9
3,1126644,30,rpm,218,287,30.0,30.0,3200,609,0,238,0.231,1,COM9
3,1126664,30,rpm,73,287,30.0,30.0,3200,609,0,238,0.231,1,COM9
3,1126685,30,rpm,15,287,30.0,30.0,3200,609,0,239,0.231,1,COM9
3,1126706,30,rpm,7,287,30.0,30.0,3200,609,0,239,0.232,1,COM9
3,1126726,30,rpm,6,287,30.0,30.0,3200,609,0,239,0.232,1,COM9
3,1126747,30,rpm,14,287,30.0,30.0,3200,609,0,239,0.232,1,COM9
3,1126768,30,rpm,97,287,30.0,30.0,3200,609,0,239,0.232,1,COM9
3,1126789,30,rpm,339,287,30.0,30.0,3200,609,0,239,0.232,1,COM9
3,1126809,30,rpm,533,287,30.0,30.0,3200,609,0,239,0.232,1,COM9
3,1126830,30,rpm,636,287,30.0,30.0,3200,609,0,239,0.232,1,COM9
3,1126850,30,rpm,619,287,30.0,30.0,3200,609,0,239,0.232,1,COM9
3,1126871,30,rpm,549,287,30.0,30.0,3200,609,0,239,0.232,1,COM9
3,1126892,30,rpm,478,287,30.0,30.0,3200,609,0,240,0.232,1,COM9
3,1126912,30,rpm,357,287,30.0,30.0,3200,609,0,240,0.232,1,COM9
3,1126933,30,rpm,258,287,30.0,30.0,3200,609,0,240,0.233,1,COM9
3,1126954,30,rpm,226,287,30.0,30.0,3200,609,0,240,0.233,1,COM9
3,1126974,30,rpm,127,287,30.0,30.0,3200,609,0,240,0.233,1,COM9
3,1126995,30,rpm,20,287,30.0,30.0,3200,609,0,240,0.233,1,COM9
3,1127016,30,rpm,9,287,30.0,30.0,3200,609,0,240,0.233,1,COM9
3,1127036,30,rpm,5,287,30.0,30.0,3200,609,0,240,0.233,1,COM9
3,1127057,30,rpm,9,287,30.0,30.0,3200,609,0,240,0.233,1,COM9
3,1127078,30,rpm,64,287,30.0,30.0,3200,609,0,240,0.233,1,COM9
3,1127098,30,rpm,305,287,30.0,30.0,3200,609,0,241,0.233,1,COM9
3,1127119,30,rpm,576,287,30.0,30.0,3200,609,0,241,0.233,1,COM9
3,1127140,30,rpm,670,287,30.0,30.0,3200,609,0,241,0.234,1,COM9
3,1127160,30,rpm,656,287,30.0,30.0,3200,609,0,241,0.234,1,COM9
3,1127181,30,rpm,579,287,30.0,30.0,3200,609,0,241,0.234,1,COM9
3,1127202,30,rpm,482,287,30.0,30.0,3200,609,0,241,0.234,1,COM9
3,1127223,30,rpm,366,287,30.0,30.0,3200,609,0,241,0.234,1,COM9
3,1127243,30,rpm,262,287,30.0,30.0,3200,609,0,241,0.234,1,COM9
3,1127264,30,rpm,198,287,30.0,30.0,3200,609,0,241,0.234,1,COM9
3,1127285,30,rpm,129,287,30.0,30.0,3200,609,0,241,0.234,1,COM9
3,1127305,30,rpm,23,287,30.0,30.0,3200,609,0,242,0.234,1,COM9
3,1127326,30,rpm,9,287,30.0,30.0,3200,609,0,242,0.234,1,COM9
3,1127347,30,rpm,5,287,30.0,30.0,3200,609,0,242,0.234,1,COM9
3,1127367,30,rpm,6,287,30.0,30.0,3200,609,0,242,0.235,1,COM9
3,1127388,30,rpm,32,287,30.0,30.0,3200,609,0,242,0.235,1,COM9
3,1127409,30,rpm,239,287,30.0,30.0,3200,609,0,242,0.235,1,COM9
3,1127429,30,rpm,474,287,30.0,30.0,3200,609,0,242,0.235,1,COM9
3,1127450,30,rpm,523,287,30.0,30.0,3200,609,0,242,0.235,1,COM9
3,1127471,30,rpm,585,287,30.0,30.0,3200,609,0,242,0.235,1,COM9
3,1127491,30,rpm,589,287,30.0,30.0,3200,609,0,242,0.235,1,COM9
3,1127512,30,rpm,518,287,30.0,30.0,3200,609,0,243,0.235,1,COM9
3,1127533,30,rpm,420,287,30.0,30.0,3200,609,0,243,0.235,1,COM9
3,1127553,30,rpm,329,287,30.0,30.0,3200,609,0,243,0.235,1,COM9
3,1127574,30,rpm,272,287,30.0,30.0,3200,609,0,243,0.236,1,COM9
3,1127595,30,rpm,138,287,30.0,30.0,3200,609,0,243,0.236,1,COM9
3,1127615,30,rpm,19,287,30.0,30.0,3200,609,0,243,0.236,1,COM9
3,1127636,30,rpm,9,287,30.0,30.0,3200,609,0,243,0.236,1,COM9
3,1127657,30,rpm,5,287,30.0,30.0,3200,609,0,243,0.236,1,COM9
3,1127677,30,rpm,7,287,30.0,30.0,3200,609,0,243,0.236,1,COM9
3,1127698,30,rpm,49,287,30.0,30.0,3200,609,0,243,0.236,1,COM9
3,1127718,30,rpm,318,287,30.0,30.0,3200,609,0,244,0.236,1,COM9
3,1127739,30,rpm,516,287,30.0,30.0,3200,609,0,244,0.236,1,COM9
3,1127760,30,rpm,582,287,30.0,30.0,3200,609,0,244,0.236,1,COM9
3,1127780,30,rpm,590,287,30.0,30.0,3200,609,0,244,0.236,1,COM9
3,1127801,30,rpm,555,287,30.0,30.0,3200,609,0,244,0.237,1,COM9
3,1127822,30,rpm,530,287,30.0,30.0,3200,609,0,244,0.237,1,COM9
3,1127842,30,rpm,442,287,30.0,30.0,3200,609,0,244,0.237,1,COM9
3,1127863,30,rpm,369,287,30.0,30.0,3200,609,0,244,0.237,1,COM9
3,1127884,30,rpm,304,287,30.0,30.0,3200,609,0,244,0.237,1,COM9
3,1127904,30,rpm,172,287,30.0,30.0,3200,609,0,244,0.237,1,COM9
3,1127925,30,rpm,23,287,30.0,30.0,3200,609,0,244,0.237,1,COM9
3,1127946,30,rpm,10,287,30.0,30.0,3200,609,0,245,0.237,1,COM9
3,1127966,30,rpm,6,287,30.0,30.0,3200,609,0,245,0.237,1,COM9
3,1127987,30,rpm,10,287,30.0,30.0,3200,609,0,245,0.237,1,COM9
3,1128008,30,rpm,59,287,30.0,30.0,3200,609,0,245,0.238,1,COM9
3,1128028,30,rpm,301,287,30.0,30.0,3200,609,0,245,0.238,1,COM9
3,1128049,30,rpm,481,287,30.0,30.0,3200,609,0,245,0.238,1,COM9
3,1128069,30,rpm,546,287,30.0,30.0,3200,609,0,245,0.238,1,COM9
3,1128090,30,rpm,563,287,30.0,30.0,3200,609,0,245,0.238,1,COM9
3,1128111,30,rpm,528,287,30.0,30.0,3200,609,0,245,0.238,1,COM9
3,1128131,30,rpm,501,287,30.0,30.0,3200,609,0,245,0.238,1,COM9
3,1128152,30,rpm,426,287,30.0,30.0,3200,609,0,246,0.238,1,COM9
3,1128173,30,rpm,360,287,30.0,30.0,3200,609,0,246,0.238,1,COM9
3,1128193,30,rpm,308,287,30.0,30.0,3200,609,0,246,0.238,1,COM9
3,1128214,30,rpm,156,287,30.0,30.0,3200,609,0,246,0.238,1,COM9
3,1128235,30,rpm,20,287,30.0,30.0,3200,609,0,246,0.239,1,COM9
3,1128255,30,rpm,9,287,30.0,30.0,3200,609,0,246,0.239,1,COM9
3,1128276,30,rpm,6,287,30.0,30.0,3200,609,0,246,0.239,1,COM9
3,1128297,30,rpm,9,287,30.0,30.0,3200,609,0,246,0.239,1,COM9
3,1128317,30,rpm,50,287,30.0,30.0,3200,609,0,246,0.239,1,COM9
3,1128338,30,rpm,263,287,30.0,30.0,3200,609,0,246,0.239,1,COM9
3,1128359,30,rpm,469,287,30.0,30.0,3200,609,0,247,0.239,1,COM9
3,1128379,30,rpm,637,287,30.0,30.0,3200,609,0,247,0.239,1,COM9
3,1128400,30,rpm,686,287,30.0,30.0,3200,609,0,247,0.239,1,COM9
3,1128420,30,rpm,616,287,30.0,30.0,3200,609,0,247,0.239,1,COM9
3,1128441,30,rpm,550,287,30.0,30.0,3200,609,0,247,0.24,1,COM9
3,1128462,30,rpm,447,287,30.0,30.0,3200,609,0,247,0.24,1,COM9
3,1128482,30,rpm,331,287,30.0,30.0,3200,609,0,247,0.24,1,COM9
3,1128503,30,rpm,239,287,30.0,30.0,3200,609,0,247,0.24,1,COM9
3,1128524,30,rpm,215,287,30.0,30.0,3200,609,0,247,0.24,1,COM9
3,1128544,30,rpm,66,287,30.0,30.0,3200,609,0,247,0.24,1,COM9
3,1128565,30,rpm,14,287,30.0,30.0,3200,609,0,248,0.24,1,COM9
3,1128586,30,rpm,7,287,30.0,30.0,3200,609,0,248,0.24,1,COM9
3,1128606,30,rpm,5,287,30.0,30.0,3200,609,0,248,0.24,1,COM9
3,1128627,30,rpm,13,287,30.0,30.0,3200,609,0,248,0.24,1,COM9
3,1128648,30,rpm,90,287,30.0,30.0,3200,609,0,248,0.241,1,COM9
3,1128668,30,rpm,324,287,30.0,30.0,3200,609,0,248,0.241,1,COM9
3,1128689,30,rpm,495,287,30.0,30.0,3200,609,0,248,0.241,1,COM9
3,1128710,30,rpm,649,287,30.0,30.0,3200,609,0,248,0.241,1,COM9
3,1128730,30,rpm,618,287,30.0,30.0,3200,609,0,248,0.241,1,COM9
3,1128751,30,rpm,556,287,30.0,30.0,3200,609,0,248,0.241,1,COM9
3,1128772,30,rpm,475,287,30.0,30.0,3200,609,0,249,0.241,1,COM9
3,1128792,30,rpm,365,287,30.0,30.0,3200,609,0,249,0.241,1,COM9
3,1128813,30,rpm,275,287,30.0,30.0,3200,609,0,249,0.241,1,COM9
3,1128834,30,rpm,239,287,30.0,30.0,3200,609,0,249,0.241,1,COM9
3,1128854,30,rpm,121,287,30.0,30.0,3200,609,0,249,0.241,1,COM9
3,1128875,30,rpm,18,287,30.0,30.0,3200,609,0,249,0.242,1,COM9
3,1128896,30,rpm,8,287,30.0,30.0,3200,609,0,249,0.242,1,COM9
3,1128916,30,rpm,6,287,30.0,30.0,3200,609,0,249,0.242,1,COM9
3,1128937,30,rpm,10,287,30.0,30.0,3200,609,0,249,0.242,1,COM9
3,1128958,30,rpm,72,287,30.0,30.0,3200,609,0,249,0.242,1,COM9
3,1128978,30,rpm,338,287,30.0,30.0,3200,609,0,250,0.242,1,COM9
3,1128999,30,rpm,587,287,30.0,30.0,3200,609,0,250,0.242,1,COM9
3,1129020,30,rpm,685,287,30.0,30.0,3200,609,0,250,0.242,1,COM9
3,1129040,30,rpm,643,287,30.0,30.0,3200,609,0,250,0.242,1,COM9
3,1129061,30,rpm,573,287,30.0,30.0,3200,609,0,250,0.242,1,COM9
3,1129082,30,rpm,469,287,30.0,30.0,3200,609,0,250,0.243,1,COM9
3,1129102,30,rpm,352,287,30.0,30.0,3200,609,0,250,0.243,1,COM9
3,1129123,30,rpm,254,287,30.0,30.0,3200,609,0,250,0.243,1,COM9
3,1129144,30,rpm,191,287,30.0,30.0,3200,609,0,250,0.243,1,COM9
3,1129164,30,rpm,120,287,30.0,30.0,3200,609,0,250,0.243,1,COM9
3,1129185,30,rpm,21,287,30.0,30.0,3200,609,0,251,0.243,1,COM9
3,1129206,30,rpm,9,287,30.0,30.0,3200,609,0,251,0.243,1,COM9
3,1129226,30,rpm,5,287,30.0,30.0,3200,609,0,251,0.243,1,COM9
3,1129247,30,rpm,5,287,30.0,30.0,3200,609,0,251,0.243,1,COM9
3,1129268,30,rpm,36,287,30.0,30.0,3200,609,0,251,0.243,1,COM9
3,1129288,30,rpm,261,287,30.0,30.0,3200,609,0,251,0.243,1,COM9
3,1129309,30,rpm,478,287,30.0,30.0,3200,609,0,251,0.244,1,COM9
3,1129329,30,rpm,561,287,30.0,30.0,3200,609,0,251,0.244,1,COM9
3,1129350,30,rpm,598,287,30.0,30.0,3200,609,0,251,0.244,1,COM9
3,1129371,30,rpm,601,287,30.0,30.0,3200,609,0,251,0.244,1,COM9
3,1129391,30,rpm,504,287,30.0,30.0,3200,609,0,251,0.244,1,COM9
3,1129412,30,rpm,408,287,30.0,30.0,3200,609,0,252,0.244,1,COM9
3,1129432,30,rpm,315,287,30.0,30.0,3200,609,0,252,0.244,1,COM9
3,1129453,30,rpm,262,287,30.0,30.0,3200,609,0,252,0.244,1,COM9
3,1129474,30,rpm,131,287,30.0,30.0,3200,609,0,252,0.244,1,COM9
3,1129494,30,rpm,19,287,30.0,30.0,3200,609,0,252,0.244,1,COM9
3,1129515,30,rpm,9,287,30.0,30.0,3200,609,0,252,0.245,1,COM9
3,1129536,30,rpm,6,287,30.0,30.0,3200,609,0,252,0.245,1,COM9
3,1129556,30,rpm,8,287,30.0,30.0,3200,609,0,252,0.245,1,COM9
3,1129577,30,rpm,58,287,30.0,30.0,3200,609,0,252,0.245,1,COM9
3,1129598,30,rpm,344,287,30.0,30.0,3200,609,0,252,0.245,1,COM9
3,1129618,30,rpm,507,287,30.0,30.0,3200,609,0,253,0.245,1,COM9
3,1129639,30,rpm,581,287,30.0,30.0,3200,609,0,253,0.245,1,COM9
3,1129660,30,rpm,585,287,30.0,30.0,3200,609,0,253,0.245,1,COM9
3,1129680,30,rpm,552,287,30.0,30.0,3200,609,0,253,0.245,1,COM9
3,1129701,30,rpm,521,287,30.0,30.0,3200,609,0,253,0.245,1,COM9
3,1129722,30,rpm,435,287,30.0,30.0,3200,609,0,253,0.245,1,COM9
3,1129742,30,rpm,363,287,30.0,30.0,3200,609,0,253,0.246,1,COM9
3,1129763,30,rpm,302,287,30.0,30.0,3200,609,0,253,0.246,1,COM9
3,1129783,30,rpm,163,287,30.0,30.0,3200,609,0,253,0.246,1,COM9
3,1129804,30,rpm,22,287,30.0,30.0,3200,609,0,253,0.246,1,COM9
3,1129825,30,rpm,9,287,30.0,30.0,3200,609,0,254,0.246,1,COM9
3,1129845,30,rpm,6,287,30.0,30.0,3200,609,0,254,0.246,1,COM9
3,1129866,30,rpm,9,287,30.0,30.0,3200,609,0,254,0.246,1,COM9
3,1129887,30,rpm,57,287,30.0,30.0,3200,609,0,254,0.246,1,COM9
3,1129907,30,rpm,309,287,30.0,30.0,3200,609,0,254,0.246,1,COM9
3,1129928,30,rpm,494,287,30.0,30.0,3200,609,0,254,0.246,1,COM9
3,1129949,30,rpm,566,287,30.0,30.0,3200,609,0,254,0.247,1,COM9
3,1129969,30,rpm,560,287,30.0,30.0,3200,609,0,254,0.247,1,COM9
3,1129990,30,rpm,536,287,30.0,30.0,3200,609,0,254,0.247,1,COM9
3,1130011,30,rpm,506,287,30.0,30.0,3200,609,0,254,0.247,1,COM9
3,1130031,30,rpm,424,287,30.0,30.0,3200,609,0,255,0.247,1,COM9
3,1130052,30,rpm,354,287,30.0,30.0,3200,609,0,255,0.247,1,COM9
3,1130073,30,rpm,301,287,30.0,30.0,3200,609,0,255,0.247,1,COM9
3,1130093,30,rpm,150,287,30.0,30.0,3200,609,0,255,0.247,1,COM9
3,1130114,30,rpm,20,287,30.0,30.0,3200,609,0,255,0.247,1,COM9
3,1130135,30,rpm,9,287,30.0,30.0,3200,609,0,255,0.247,1,COM9
3,1130155,30,rpm,6,287,30.0,30.0,3200,609,0,255,0.247,1,COM9
3,1130176,30,rpm,8,287,30.0,30.0,3200,609,0,255,0.248,1,COM9
3,1130197,30,rpm,49,287,30.0,30.0,3200,609,0,255,0.248,1,COM9
3,1130217,30,rpm,265,287,30.0,30.0,3200,609,0,255,0.248,1,COM9
3,1130238,30,rpm,487,287,30.0,30.0,3200,609,0,256,0.248,1,COM9
3,1130259,30,rpm,647,287,30.0,30.0,3200,609,0,256,0.248,1,COM9
3,1130279,30,rpm,668,287,30.0,30.0,3200,609,0,256,0.248,1,COM9
3,1130300,30,rpm,607,287,30.0,30.0,3200,609,0,256,0.248,1,COM9
3,1130321,30,rpm,540,287,30.0,30.0,3200,609,0,256,0.248,1,COM9
3,1130341,30,rpm,438,287,30.0,30.0,3200,609,0,256,0.248,1,COM9
3,1130362,30,rpm,334,287,30.0,30.0,3200,609,0,256,0.248,1,COM9
3,1130383,30,rpm,251,287,30.0,30.0,3200,609,0,256,0.249,1,COM9
3,1130403,30,rpm,221,287,30.0,30.0,3200,609,0,256,0.249,1,COM9
3,1130424,30,rpm,57,287,30.0,30.0,3200,609,0,256,0.249,1,COM9
3,1130445,30,rpm,14,287,30.0,30.0,3200,609,0,257,0.249,1,COM9
3,1130465,30,rpm,7,287,30.0,30.0,3200,609,0,257,0.249,1,COM9
3,1130486,30,rpm,5,287,30.0,30.0,3200,609,0,257,0.249,1,COM9
3,1130506,30,rpm,15,287,30.0,30.0,3200,609,0,257,0.249,1,COM9
3,1130527,30,rpm,104,287,30.0,30.0,3200,609,0,257,0.249,1,COM9
3,1130548,30,rpm,348,287,30.0,30.0,3200,609,0,257,0.249,1,COM9
3,1130568,30,rpm,529,287,30.0,30.0,3200,609,0,257,0.249,1,COM9
3,1130589,30,rpm,639,287,30.0,30.0,3200,609,0,257,0.25,1,COM9
3,1130610,30,rpm,604,287,30.0,30.0,3200,609,0,257,0.25,1,COM9
3,1130630,30,rpm,545,287,30.0,30.0,3200,609,0,257,0.25,1,COM9
3,1130651,30,rpm,466,287,30.0,30.0,3200,609,0,258,0.25,1,COM9
3,1130672,30,rpm,346,287,30.0,30.0,3200,609,0,258,0.25,1,COM9
3,1130692,30,rpm,258,287,30.0,30.0,3200,609,0,258,0.25,1,COM9
3,1130713,30,rpm,233,287,30.0,30.0,3200,609,0,258,0.25,1,COM9
3,1130734,30,rpm,107,287,30.0,30.0,3200,609,0,258,0.25,1,COM9
3,1130754,30,rpm,17,287,30.0,30.0,3200,609,0,258,0.25,1,COM9
3,1130775,30,rpm,8,287,30.0,30.0,3200,609,0,258,0.25,1,COM9
3,1130796,30,rpm,5,287,30.0,30.0,3200,609,0,258,0.25,1,COM9
3,1130817,30,rpm,11,287,30.0,30.0,3200,609,0,258,0.251,1,COM9
3,1130837,30,rpm,81,287,30.0,30.0,3200,609,0,258,0.251,1,COM9
3,1130858,30,rpm,346,287,30.0,30.0,3200,609,0,259,0.251,1,COM9
3,1130879,30,rpm,593,287,30.0,30.0,3200,609,0,259,0.251,1,COM9
3,1130899,30,rpm,701,287,30.0,30.0,3200,609,0,259,0.251,1,COM9
3,1130920,30,rpm,653,287,30.0,30.0,3200,609,0,259,0.251,1,COM9
3,1130941,30,rpm,574,287,30.0,30.0,3200,609,0,259,0.251,1,COM9
3,1130961,30,rpm,465,287,30.0,30.0,3200,609,0,259,0.251,1,COM9
3,1130982,30,rpm,349,287,30.0,30.0,3200,609,0,259,0.251,1,COM9
3,1131003,30,rpm,251,287,30.0,30.0,3200,609,0,259,0.251,1,COM9
3,1131023,30,rpm,192,287,30.0,30.0,3200,609,0,259,0.252,1,COM9
3,1131044,30,rpm,113,287,30.0,30.0,3200,609,0,259,0.252,1,COM9
3,1131065,30,rpm,21,287,30.0,30.0,3200,609,0,260,0.252,1,COM9
3,1131085,30,rpm,9,287,30.0,30.0,3200,609,0,260,0.252,1,COM9
3,1131106,30,rpm,5,287,30.0,30.0,3200,609,0,260,0.252,1,COM9
3,1131127,30,rpm,5,287,30.0,30.0,3200,609,0,260,0.252,1,COM9
3,1131147,30,rpm,37,287,30.0,30.0,3200,609,0,260,0.252,1,COM9
3,1131168,30,rpm,269,287,30.0,30.0,3200,609,0,260,0.252,1,COM9
3,1131189,30,rpm,485,287,30.0,30.0,3200,609,0,260,0.252,1,COM9
3,1131209,30,rpm,558,287,30.0,30.0,3200,609,0,260,0.252,1,COM9
3,1131230,30,rpm,595,287,30.0,30.0,3200,609,0,260,0.252,1,COM9
3,1131251,30,rpm,595,287,30.0,30.0,3200,609,0,260,0.253,1,COM9
3,1131271,30,rpm,507,287,30.0,30.0,3200,609,0,260,0.253,1,COM9
3,1131292,30,rpm,408,287,30.0,30.0,3200,609,0,261,0.253,1,COM9
3,1131313,30,rpm,316,287,30.0,30.0,3200,609,0,261,0.253,1,COM9
3,1131333,30,rpm,256,287,30.0,30.0,3200,609,0,261,0.253,1,COM9
3,1131354,30,rpm,117,287,30.0,30.0,3200,609,0,261,0.253,1,COM9
3,1131375,30,rpm,18,287,30.0,30.0,3200,609,0,261,0.253,1,COM9
3,1131395,30,rpm,8,287,30.0,30.0,3200,609,0,261,0.253,1,COM9
3,1131416,30,rpm,5,287,30.0,30.0,3200,609,0,261,0.253,1,COM9
3,1131437,30,rpm,8,287,30.0,30.0,3200,609,0,261,0.253,1,COM9
3,1131457,30,rpm,61,287,30.0,30.0,3200,609,0,261,0.254,1,COM9
3,1131478,30,rpm,353,287,30.0,30.0,3200,609,0,261,0.254,1,COM9
3,1131499,30,rpm,517,287,30.0,30.0,3200,609,0,262,0.254,1,COM9
3,1131519,30,rpm,591,287,30.0,30.0,3200,609,0,262,0.254,1,COM9
3,1131540,30,rpm,591,287,30.0,30.0,3200,609,0,262,0.254,1,COM9
3,1131561,30,rpm,553,287,30.0,30.0,3200,609,0,262,0.254,1,COM9
3,1131581,30,rpm,518,287,30.0,30.0,3200,609,0,262,0.254,1,COM9
3,1131602,30,rpm,430,287,30.0,30.0,3200,609,0,262,0.254,1,COM9
3,1131623,30,rpm,360,287,30.0,30.0,3200,609,0,262,0.254,1,COM9
3,1131643,30,rpm,300,287,30.0,30.0,3200,609,0,262,0.254,1,COM9
3,1131664,30,rpm,152,287,30.0,30.0,3200,609,0,262,0.254,1,COM9
3,1131685,30,rpm,21,287,30.0,30.0,3200,609,0,262,0.255,1,COM9
3,1131705,30,rpm,9,287,30.0,30.0,3200,609,0,263,0.255,1,COM9
3,1131726,30,rpm,6,287,30.0,30.0,3200,609,0,263,0.255,1,COM9
3,1131746,30,rpm,10,287,30.0,30.0,3200,609,0,263,0.255,1,COM9
3,1131767,30,rpm,65,287,30.0,30.0,3200,609,0,263,0.255,1,COM9
3,1131788,30,rpm,325,287,30.0,30.0,3200,609,0,263,0.255,1,COM9
3,1131808,30,rpm,494,287,30.0,30.0,3200,609,0,263,0.255,1,COM9
3,1131829,30,rpm,566,287,30.0,30.0,3200,609,0,263,0.255,1,COM9
3,1131850,30,rpm,557,287,30.0,30.0,3200,609,0,263,0.255,1,COM9
3,1131870,30,rpm,522,287,30.0,30.0,3200,609,0,263,0.255,1,COM9
3,1131891,30,rpm,494,287,30.0,30.0,3200,609,0,263,0.256,1,COM9
3,1131912,30,rpm,421,287,30.0,30.0,3200,609,0,264,0.256,1,COM9
3,1131932,30,rpm,356,287,30.0,30.0,3200,609,0,264,0.256,1,COM9
3,1131953,30,rpm,300,287,30.0,30.0,3200,609,0,264,0.256,1,COM9
3,1131974,30,rpm,130,287,30.0,30.0,3200,609,0,264,0.256,1,COM9
3,1131994,30,rpm,18,287,30.0,30.0,3200,609,0,264,0.256,1,COM9
3,1132015,30,rpm,8,287,30.0,30.0,3200,609,0,264,0.256,1,COM9
3,1132036,30,rpm,5,287,30.0,30.0,3200,609,0,264,0.256,1,COM9
3,1132056,30,rpm,10,287,30.0,30.0,3200,609,0,264,0.256,1,COM9
3,1132077,30,rpm,61,287,30.0,30.0,3200,609,0,264,0.256,1,COM9
3,1132098,30,rpm,289,287,30.0,30.0,3200,609,0,264,0.257,1,COM9
3,1132118,30,rpm,491,287,30.0,30.0,3200,609,0,265,0.257,1,COM9
3,1132139,30,rpm,663,287,30.0,30.0,3200,609,0,265,0.257,1,COM9
3,1132160,30,rpm,675,287,30.0,30.0,3200,609,0,265,0.257,1,COM9
3,1132180,30,rpm,600,287,30.0,30.0,3200,609,0,265,0.257,1,COM9
3,1132201,30,rpm,536,287,30.0,30.0,3200,609,0,265,0.257,1,COM9
3,1132221,30,rpm,431,287,30.0,30.0,3200,609,0,265,0.257,1,COM9
3,1132242,30,rpm,313,287,30.0,30.0,3200,609,0,265,0.257,1,COM9
3,1132263,30,rpm,237,287,30.0,30.0,3200,609,0,265,0.257,1,COM9
3,1132284,30,rpm,209,287,30.0,30.0,3200,609,0,265,0.257,1,COM9
3,1132304,30,rpm,48,287,30.0,30.0,3200,609,0,265,0.257,1,COM9
3,1132325,30,rpm,13,287,30.0,30.0,3200,609,0,266,0.258,1,COM9
3,1132345,30,rpm,7,287,30.0,30.0,3200,609,0,266,0.258,1,COM9
3,1132366,30,rpm,5,287,30.0,30.0,3200,609,0,266,0.258,1,COM9
3,1132387,30,rpm,16,287,30.0,30.0,3200,609,0,266,0.258,1,COM9
3,1132407,30,rpm,121,287,30.0,30.0,3200,609,0,266,0.258,1,COM9
3,1132428,30,rpm,367,287,30.0,30.0,3200,609,0,266,0.258,1,COM9
3,1132449,30,rpm,549,287,30.0,30.0,3200,609,0,266,0.258,1,COM9
3,1132469,30,rpm,662,287,30.0,30.0,3200,609,0,266,0.258,1,COM9
3,1132490,30,rpm,611,287,30.0,30.0,3200,609,0,266,0.258,1,COM9
3,1132511,30,rpm,548,287,30.0,30.0,3200,609,0,266,0.258,1,COM9
3,1132531,30,rpm,456,287,30.0,30.0,3200,609,0,267,0.259,1,COM9
3,1132552,30,rpm,350,287,30.0,30.0,3200,609,0,267,0.259,1,COM9
3,1132572,30,rpm,259,287,30.0,30.0,3200,609,0,267,0.259,1,COM9
3,1132593,30,rpm,225,287,30.0,30.0,3200,609,0,267,0.259,1,COM9
3,1132614,30,rpm,103,287,30.0,30.0,3200,609,0,267,0.259,1,COM9
3,1132634,30,rpm,17,287,30.0,30.0,3200,609,0,267,0.259,1,COM9
3,1132655,30,rpm,8,287,30.0,30.0,3200,609,0,267,0.259,1,COM9
3,1132676,30,rpm,5,287,30.0,30.0,3200,609,0,267,0.259,1,COM9
3,1132696,30,rpm,11,287,30.0,30.0,3200,609,0,267,0.259,1,COM9
3,1132717,30,rpm,75,287,30.0,30.0,3200,609,0,267,0.259,1,COM9
3,1132738,30,rpm,338,287,30.0,30.0,3200,609,0,268,0.259,1,COM9
3,1132758,30,rpm,585,287,30.0,30.0,3200,609,0,268,0.26,1,COM9
3,1132779,30,rpm,685,287,30.0,30.0,3200,609,0,268,0.26,1,COM9
3,1132799,30,rpm,639,287,30.0,30.0,3200,609,0,268,0.26,1,COM9
3,1132820,30,rpm,569,287,30.0,30.0,3200,609,0,268,0.26,1,COM9
3,1132841,30,rpm,458,287,30.0,30.0,3200,609,0,268,0.26,1,COM9
3,1132861,30,rpm,343,287,30.0,30.0,3200,609,0,268,0.26,1,COM9
3,1132882,30,rpm,246,287,30.0,30.0,3200,609,0,268,0.26,1,COM9
3,1132903,30,rpm,193,287,30.0,30.0,3200,609,0,268,0.26,1,COM9
3,1132923,30,rpm,110,287,30.0,30.0,3200,609,0,268,0.26,1,COM9
3,1132944,30,rpm,19,287,30.0,30.0,3200,609,0,268,0.26,1,COM9
3,1132965,30,rpm,8,287,30.0,30.0,3200,609,0,269,0.261,1,COM9
3,1132986,30,rpm,5,287,30.0,30.0,3200,609,0,269,0.261,1,COM9
3,1133006,30,rpm,6,287,30.0,30.0,3200,609,0,269,0.261,1,COM9
3,1133027,30,rpm,45,287,30.0,30.0,3200,609,0,269,0.261,1,COM9
3,1133048,30,rpm,298,287,30.0,30.0,3200,609,0,269,0.261,1,COM9
3,1133068,30,rpm,483,287,30.0,30.0,3200,609,0,269,0.261,1,COM9
3,1133089,30,rpm,569,287,30.0,30.0,3200,609,0,269,0.261,1,COM9
3,1133110,30,rpm,593,287,30.0,30.0,3200,609,0,269,0.261,1,COM9
3,1133130,30,rpm,590,287,30.0,30.0,3200,609,0,269,0.261,1,COM9
3,1133151,30,rpm,491,287,30.0,30.0,3200,609,0,269,0.261,1,COM9
3,1133172,30,rpm,398,287,30.0,30.0,3200,609,0,270,0.261,1,COM9
3,1133192,30,rpm,309,287,30.0,30.0,3200,609,0,270,0.262,1,COM9
3,1133213,30,rpm,262,287,30.0,30.0,3200,609,0,270,0.262,1,COM9
3,1133233,30,rpm,110,287,30.0,30.0,3200,609,0,270,0.262,1,COM9
3,1133254,30,rpm,17,287,30.0,30.0,3200,609,0,270,0.262,1,COM9
3,1133275,30,rpm,8,287,30.0,30.0,3200,609,0,270,0.262,1,COM9
3,1133295,30,rpm,5,287,30.0,30.0,3200,609,0,270,0.262,1,COM9
3,1133316,30,rpm,9,287,30.0,30.0,3200,609,0,270,0.262,1,COM9
3,1133337,30,rpm,75,287,30.0,30.0,3200,609,0,270,0.262,1,COM9
3,1133357,30,rpm,379,287,30.0,30.0,3200,609,0,270,0.262,1,COM9
3,1133378,30,rpm,513,287,30.0,30.0,3200,609,0,271,0.262,1,COM9
3,1133399,30,rpm,590,287,30.0,30.0,3200,609,0,271,0.263,1,COM9
3,1133419,30,rpm,584,287,30.0,30.0,3200,609,0,271,0.263,1,COM9
3,1133440,30,rpm,547,287,30.0,30.0,3200,609,0,271,0.263,1,COM9
3,1133460,30,rpm,517,287,30.0,30.0,3200,609,0,271,0.263,1,COM9
3,1133481,30,rpm,427,287,30.0,30.0,3200,609,0,271,0.263,1,COM9
3,1133502,30,rpm,356,287,30.0,30.0,3200,609,0,271,0.263,1,COM9
3,1133522,30,rpm,295,287,30.0,30.0,3200,609,0,271,0.263,1,COM9
3,1133543,30,rpm,136,287,30.0,30.0,3200,609,0,271,0.263,1,COM9
3,1133564,30,rpm,19,287,30.0,30.0,3200,609,0,271,0.263,1,COM9
3,1133584,30,rpm,9,287,30.0,30.0,3200,609,0,272,0.263,1,COM9
3,1133605,30,rpm,6,287,30.0,30.0,3200,609,0,272,0.264,1,COM9
3,1133625,30,rpm,11,287,30.0,30.0,3200,609,0,272,0.264,1,COM9
3,1133646,30,rpm,74,287,30.0,30.0,3200,609,0,272,0.264,1,COM9
3,1133667,30,rpm,342,287,30.0,30.0,3200,609,0,272,0.264,1,COM9
3,1133687,30,rpm,495,287,30.0,30.0,3200,609,0,272,0.264,1,COM9
3,1133708,30,rpm,568,287,30.0,30.0,3200,609,0,272,0.264,1,COM9
3,1133729,30,rpm,562,287,30.0,30.0,3200,609,0,272,0.264,1,COM9
3,1133749,30,rpm,530,287,30.0,30.0,3200,609,0,272,0.264,1,COM9
3,1133770,30,rpm,494,287,30.0,30.0,3200,609,0,272,0.264,1,COM9
3,1133791,30,rpm,416,287,30.0,30.0,3200,609,0,273,0.264,1,COM9
3,1133811,30,rpm,352,287,30.0,30.0,3200,609,0,273,0.264,1,COM9
3,1133832,30,rpm,297,287,30.0,30.0,3200,609,0,273,0.265,1,COM9
3,1133853,30,rpm,132,287,30.0,30.0,3200,609,0,273,0.265,1,COM9
3,1133873,30,rpm,18,287,30.0,30.0,3200,609,0,273,0.265,1,COM9
3,1133894,30,rpm,8,287,30.0,30.0,3200,609,0,273,0.265,1,COM9
3,1133915,30,rpm,6,287,30.0,30.0,3200,609,0,273,0.265,1,COM9
3,1133935,30,rpm,9,287,30.0,30.0,3200,609,0,273,0.265,1,COM9
3,1133956,30,rpm,60,287,30.0,30.0,3200,609,0,273,0.265,1,COM9
3,1133976,30,rpm,290,287,30.0,30.0,3200,609,0,273,0.265,1,COM9
3,1133997,30,rpm,477,287,30.0,30.0,3200,609,0,274,0.265,1,COM9
3,1134018,30,rpm,649,287,30.0,30.0,3200,609,0,274,0.265,1,COM9
3,1134038,30,rpm,668,287,30.0,30.0,3200,609,0,274,0.266,1,COM9
3,1134059,30,rpm,602,287,30.0,30.0,3200,609,0,274,0.266,1,COM9
3,1134080,30,rpm,533,287,30.0,30.0,3200,609,0,274,0.266,1,COM9
3,1134100,30,rpm,432,287,30.0,30.0,3200,609,0,274,0.266,1,COM9
3,1134121,30,rpm,329,287,30.0,30.0,3200,609,0,274,0.266,1,COM9
3,1134141,30,rpm,253,287,30.0,30.0,3200,609,0,274,0.266,1,COM9
3,1134162,30,rpm,219,287,30.0,30.0,3200,609,0,274,0.266,1,COM9
3,1134183,30,rpm,48,287,30.0,30.0,3200,609,0,274,0.266,1,COM9
3,1134203,30,rpm,13,287,30.0,30.0,3200,609,0,275,0.266,1,COM9
3,1134224,30,rpm,7,287,30.0,30.0,3200,609,0,275,0.266,1,COM9
3,1134245,30,rpm,5,287,30.0,30.0,3200,609,0,275,0.266,1,COM9
3,1134265,30,rpm,16,287,30.0,30.0,3200,609,0,275,0.267,1,COM9
3,1134286,30,rpm,111,287,30.0,30.0,3200,609,0,275,0.267,1,COM9
3,1134307,30,rpm,352,287,30.0,30.0,3200,609,0,275,0.267,1,COM9
3,1134327,30,rpm,519,287,30.0,30.0,3200,609,0,275,0.267,1,COM9
3,1134348,30,rpm,637,287,30.0,30.0,3200,609,0,275,0.267,1,COM9
3,1134369,30,rpm,601,287,30.0,30.0,3200,609,0,275,0.267,1,COM9
3,1134389,30,rpm,542,287,30.0,30.0,3200,609,0,275,0.267,1,COM9
3,1134410,30,rpm,457,287,30.0,30.0,3200,609,0,276,0.267,1,COM9
3,1134431,30,rpm,344,287,30.0,30.0,3200,609,0,276,0.267,1,COM9
3,1134451,30,rpm,263,287,30.0,30.0,3200,609,0,276,0.267,1,COM9
3,1134472,30,rpm,240,287,30.0,30.0,3200,609,0,276,0.268,1,COM9
3,1134493,30,rpm,91,287,30.0,30.0,3200,609,0,276,0.268,1,COM9
3,1134513,30,rpm,16,287,30.0,30.0,3200,609,0,276,0.268,1,COM9
3,1134534,30,rpm,8,287,30.0,30.0,3200,609,0,276,0.268,1,COM9
3,1134554,30,rpm,5,287,30.0,30.0,3200,609,0,276,0.268,1,COM9
3,1134575,30,rpm,13,287,30.0,30.0,3200,609,0,276,0.268,1,COM9
3,1134596,30,rpm,95,287,30.0,30.0,3200,609,0,276,0.268,1,COM9
3,1134616,30,rpm,380,287,30.0,30.0,3200,609,0,276,0.268,1,COM9
3,1134637,30,rpm,599,287,30.0,30.0,3200,609,0,277,0.268,1,COM9
3,1134658,30,rpm,701,287,30.0,30.0,3200,609,0,277,0.268,1,COM9
3,1134678,30,rpm,644,287,30.0,30.0,3200,609,0,277,0.268,1,COM9
3,1134699,30,rpm,565,287,30.0,30.0,3200,609,0,277,0.269,1,COM9
3,1134720,30,rpm,459,287,30.0,30.0,3200,609,0,277,0.269,1,COM9
3,1134740,30,rpm,344,287,30.0,30.0,3200,609,0,277,0.269,1,COM9
3,1134761,30,rpm,246,287,30.0,30.0,3200,609,0,277,0.269,1,COM9
3,1134782,30,rpm,190,287,30.0,30.0,3200,609,0,277,0.269,1,COM9
3,1134802,30,rpm,108,287,30.0,30.0,3200,609,0,277,0.269,1,COM9
3,1134823,30,rpm,20,287,30.0,30.0,3200,609,0,277,0.269,1,COM9
3,1134844,30,rpm,9,287,30.0,30.0,3200,609,0,278,0.269,1,COM9
3,1134864,30,rpm,5,287,30.0,30.0,3200,609,0,278,0.269,1,COM9
3,1134885,30,rpm,6,287,30.0,30.0,3200,609,0,278,0.269,1,COM9
3,1134906,30,rpm,43,287,30.0,30.0,3200,609,0,278,0.27,1,COM9
3,1134926,30,rpm,298,287,30.0,30.0,3200,609,0,278,0.27,1,COM9
3,1134947,30,rpm,486,287,30.0,30.0,3200,609,0,278,0.27,1,COM9
3,1134968,30,rpm,583,287,30.0,30.0,3200,609,0,278,0.27,1,COM9
3,1134988,30,rpm,608,287,30.0,30.0,3200,609,0,278,0.27,1,COM9
3,1135009,30,rpm,597,287,30.0,30.0,3200,609,0,278,0.27,1,COM9
3,1135029,30,rpm,494,287,30.0,30.0,3200,609,0,278,0.27,1,COM9
3,1135050,30,rpm,392,287,30.0,30.0,3200,609,0,279,0.27,1,COM9
3,1135071,30,rpm,294,287,30.0,30.0,3200,609,0,279,0.27,1,COM9
3,1135091,30,rpm,243,287,30.0,30.0,3200,609,0,279,0.27,1,COM9
3,1135112,30,rpm,107,287,30.0,30.0,3200,609,0,279,0.27,1,COM9
3,1135133,30,rpm,17,287,30.0,30.0,3200,609,0,279,0.271,1,COM9
3,1135153,30,rpm,8,287,30.0,30.0,3200,609,0,279,0.271,1,COM9
3,1135174,30,rpm,5,287,30.0,30.0,3200,609,0,279,0.271,1,COM9
3,1135195,30,rpm,9,287,30.0,30.0,3200,609,0,279,0.271,1,COM9
3,1135215,30,rpm,70,287,30.0,30.0,3200,609,0,279,0.271,1,COM9
3,1135236,30,rpm,378,287,30.0,30.0,3200,609,0,279,0.271,1,COM9
3,1135257,30,rpm,517,287,30.0,30.0,3200,609,0,280,0.271,1,COM9
3,1135277,30,rpm,588,287,30.0,30.0,3200,609,0,280,0.271,1,COM9
3,1135298,30,rpm,586,287,30.0,30.0,3200,609,0,280,0.271,1,COM9
3,1135319,30,rpm,550,287,30.0,30.0,3200,609,0,280,0.271,1,COM9
3,1135339,30,rpm,519,287,30.0,30.0,3200,609,0,280,0.272,1,COM9
3,1135360,30,rpm,432,287,30.0,30.0,3200,609,0,280,0.272,1,COM9
3,1135380,30,rpm,360,287,30.0,30.0,3200,609,0,280,0.272,1,COM9
3,1135401,30,rpm,299,287,30.0,30.0,3200,609,0,280,0.272,1,COM9
3,1135422,30,rpm,151,287,30.0,30.0,3200,609,0,280,0.272,1,COM9
3,1135442,30,rpm,20,287,30.0,30.0,3200,609,0,280,0.272,1,COM9
3,1135463,30,rpm,9,287,30.0,30.0,3200,609,0,281,0.272,1,COM9
3,1135484,30,rpm,6,287,30.0,30.0,3200,609,0,281,0.272,1,COM9
3,1135504,30,rpm,10,287,30.0,30.0,3200,609,0,281,0.272,1,COM9
3,1135525,30,rpm,65,287,30.0,30.0,3200,609,0,281,0.272,1,COM9
3,1135546,30,rpm,330,287,30.0,30.0,3200,609,0,281,0.273,1,COM9
3,1135566,30,rpm,498,287,30.0,30.0,3200,609,0,281,0.273,1,COM9
3,1135587,30,rpm,565,287,30.0,30.0,3200,609,0,281,0.273,1,COM9
3,1135608,30,rpm,555,287,30.0,30.0,3200,609,0,281,0.273,1,COM9
3,1135628,30,rpm,520,287,30.0,30.0,3200,609,0,281,0.273,1,COM9
3,1135649,30,rpm,494,287,30.0,30.0,3200,609,0,281,0.273,1,COM9
3,1135670,30,rpm,416,287,30.0,30.0,3200,609,0,282,0.273,1,COM9
3,1135690,30,rpm,355,287,30.0,30.0,3200,609,0,282,0.273,1,COM9
3,1135711,30,rpm,297,287,30.0,30.0,3200,609,0,282,0.273,1,COM9
3,1135731,30,rpm,126,287,30.0,30.0,3200,609,0,282,0.273,1,COM9
3,1135752,30,rpm,17,287,30.0,30.0,3200,609,0,282,0.273,1,COM9
3,1135773,30,rpm,8,287,30.0,30.0,3200,609,0,282,0.274,1,COM9
3,1135793,30,rpm,6,287,30.0,30.0,3200,609,0,282,0.274,1,COM9
3,1135814,30,rpm,10,287,30.0,30.0,3200,609,0,282,0.274,1,COM9
3,1135835,30,rpm,62,287,30.0,30.0,3200,609,0,282,0.274,1,COM9
3,1135855,30,rpm,291,287,30.0,30.0,3200,609,0,282,0.274,1,COM9
3,1135876,30,rpm,507,287,30.0,30.0,3200,609,0,283,0.274,1,COM9
3,1135897,30,rpm,664,287,30.0,30.0,3200,609,0,283,0.274,1,COM9
3,1135917,30,rpm,679,287,30.0,30.0,3200,609,0,283,0.274,1,COM9
3,1135938,30,rpm,600,287,30.0,30.0,3200,609,0,283,0.274,1,COM9
3,1135959,30,rpm,530,287,30.0,30.0,3200,609,0,283,0.274,1,COM9
3,1135979,30,rpm,427,287,30.0,30.0,3200,609,0,283,0.275,1,COM9
3,1136000,30,rpm,309,287,30.0,30.0,3200,609,0,283,0.275,1,COM9
3,1136020,30,rpm,234,287,30.0,30.0,3200,609,0,283,0.275,1,COM9
3,1136041,30,rpm,205,287,30.0,30.0,3200,609,0,283,0.275,1,COM9
3,1136062,30,rpm,42,287,30.0,30.0,3200,609,0,283,0.275,1,COM9
3,1136082,30,rpm,12,287,30.0,30.0,3200,609,0,284,0.275,1,COM9
3,1136103,30,rpm,7,287,30.0,30.0,3200,609,0,284,0.275,1,COM9
3,1136124,30,rpm,6,287,30.0,30.0,3200,609,0,284,0.275,1,COM9
3,1136144,30,rpm,18,287,30.0,30.0,3200,609,0,284,0.275,1,COM9
3,1136165,30,rpm,126,287,30.0,30.0,3200,609,0,284,0.275,1,COM9
3,1136186,30,rpm,382,287,30.0,30.0,3200,609,0,284,0.275,1,COM9
3,1136206,30,rpm,567,287,30.0,30.0,3200,609,0,284,0.276,1,COM9
3,1136227,30,rpm,669,287,30.0,30.0,3200,609,0,284,0.276,1,COM9
3,1136248,30,rpm,608,287,30.0,30.0,3200,609,0,284,0.276,1,COM9
3,1136268,30,rpm,544,287,30.0,30.0,3200,609,0,284,0.276,1,COM9
3,1136289,30,rpm,452,287,30.0,30.0,3200,609,0,284,0.276,1,COM9
3,1136309,30,rpm,341,287,30.0,30.0,3200,609,0,285,0.276,1,COM9
3,1136330,30,rpm,250,287,30.0,30.0,3200,609,0,285,0.276,1,COM9
3,1136351,30,rpm,223,287,30.0,30.0,3200,609,0,285,0.276,1,COM9
3,1136371,30,rpm,99,287,30.0,30.0,3200,609,0,285,0.276,1,COM9
3,1136392,30,rpm,17,287,30.0,30.0,3200,609,0,285,0.276,1,COM9
3,1136413,30,rpm,8,287,30.0,30.0,3200,609,0,285,0.277,1,COM9
3,1136434,30,rpm,5,287,30.0,30.0,3200,609,0,285,0.277,1,COM9
3,1136454,30,rpm,11,287,30.0,30.0,3200,609,0,285,0.277,1,COM9
3,1136475,30,rpm,80,287,30.0,30.0,3200,609,0,285,0.277,1,COM9
3,1136496,30,rpm,340,287,30.0,30.0,3200,609,0,285,0.277,1,COM9
3,1136516,30,rpm,587,287,30.0,30.0,3200,609,0,286,0.277,1,COM9
3,1136537,30,rpm,684,287,30.0,30.0,3200,609,0,286,0.277,1,COM9
3,1136558,30,rpm,637,287,30.0,30.0,3200,609,0,286,0.277,1,COM9
3,1136578,30,rpm,569,287,30.0,30.0,3200,609,0,286,0.277,1,COM9
3,1136599,30,rpm,454,287,30.0,30.0,3200,609,0,286,0.277,1,COM9
3,1136620,30,rpm,343,287,30.0,30.0,3200,609,0,286,0.277,1,COM9
3,1136640,30,rpm,244,287,30.0,30.0,3200,609,0,286,0.278,1,COM9
3,1136661,30,rpm,193,287,30.0,30.0,3200,609,0,286,0.278,1,COM9
3,1136682,30,rpm,104,287,30.0,30.0,3200,609,0,286,0.278,1,COM9
3,1136702,30,rpm,18,287,30.0,30.0,3200,609,0,286,0.278,1,COM9
3,1136723,30,rpm,8,287,30.0,30.0,3200,609,0,287,0.278,1,COM9
3,1136744,30,rpm,5,287,30.0,30.0,3200,609,0,287,0.278,1,COM9
3,1136764,30,rpm,7,287,30.0,30.0,3200,609,0,287,0.278,1,COM9
3,1136785,30,rpm,49,287,30.0,30.0,3200,609,0,287,0.278,1,COM9
3,1136806,30,rpm,310,287,30.0,30.0,3200,609,0,287,0.278,1,COM9
3,1136826,30,rpm,485,287,30.0,30.0,3200,609,0,287,0.278,1,COM9
3,1136847,30,rpm,568,287,30.0,30.0,3200,609,0,287,0.279,1,COM9
3,1136868,30,rpm,593,287,30.0,30.0,3200,609,0,287,0.279,1,COM9
3,1136888,30,rpm,584,287,30.0,30.0,3200,609,0,287,0.279,1,COM9
3,1136909,30,rpm,489,287,30.0,30.0,3200,609,0,287,0.279,1,COM9
3,1136930,30,rpm,394,287,30.0,30.0,3200,609,0,288,0.279,1,COM9
3,1136950,30,rpm,307,287,30.0,30.0,3200,609,0,288,0.279,1,COM9
3,1136971,30,rpm,262,287,30.0,30.0,3200,609,0,288,0.279,1,COM9
3,1136992,30,rpm,103,287,30.0,30.0,3200,609,0,288,0.279,1,COM9
3,1137012,30,rpm,16,287,30.0,30.0,3200,609,0,288,0.279,1,COM9
3,1137033,30,rpm,8,287,30.0,30.0,3200,609,0,288,0.279,1,COM9
3,1137054,30,rpm,5,287,30.0,30.0,3200,609,0,288,0.28,1,COM9
3,1137074,30,rpm,10,287,30.0,30.0,3200,609,0,288,0.28,1,COM9
3,1137095,30,rpm,78,287,30.0,30.0,3200,609,0,288,0.28,1,COM9
3,1137116,30,rpm,383,287,30.0,30.0,3200,609,0,288,0.28,1,COM9
3,1137136,30,rpm,520,287,30.0,30.0,3200,609,0,289,0.28,1,COM9
3,1137157,30,rpm,593,287,30.0,30.0,3200,609,0,289,0.28,1,COM9
3,1137178,30,rpm,581,287,30.0,30.0,3200,609,0,289,0.28,1,COM9
3,1137198,30,rpm,552,287,30.0,30.0,3200,609,0,289,0.28,1,COM9
3,1137219,30,rpm,511,287,30.0,30.0,3200,609,0,289,0.28,1,COM9
3,1137240,30,rpm,424,287,30.0,30.0,3200,609,0,289,0.28,1,COM9
3,1137261,30,rpm,352,287,30.0,30.0,3200,609,0,289,0.28,1,COM9
3,1137281,30,rpm,290,287,30.0,30.0,3200,609,0,289,0.281,1,COM9
3,1137302,30,rpm,120,287,30.0,30.0,3200,609,0,289,0.281,1,COM9
3,1137323,30,rpm,18,287,30.0,30.0,3200,609,0,289,0.281,1,COM9
3,1137343,30,rpm,9,287,30.0,30.0,3200,609,0,290,0.281,1,COM9
3,1137364,30,rpm,6,287,30.0,30.0,3200,609,0,290,0.281,1,COM9
3,1137385,30,rpm,13,287,30.0,30.0,3200,609,0,290,0.281,1,COM9
3,1137405,30,rpm,86,287,30.0,30.0,3200,609,0,290,0.281,1,COM9
3,1137426,30,rpm,367,287,30.0,30.0,3200,609,0,290,0.281,1,COM9
3,1137446,30,rpm,499,287,30.0,30.0,3200,609,0,290,0.281,1,COM9
3,1137467,30,rpm,569,287,30.0,30.0,3200,609,0,290,0.281,1,COM9
3,1137488,30,rpm,557,287,30.0,30.0,3200,609,0,290,0.282,1,COM9
3,1137509,30,rpm,528,287,30.0,30.0,3200,609,0,290,0.282,1,COM9
3,1137529,30,rpm,488,287,30.0,30.0,3200,609,0,290,0.282,1,COM9
3,1137550,30,rpm,408,287,30.0,30.0,3200,609,0,291,0.282,1,COM9
3,1137570,30,rpm,345,287,30.0,30.0,3200,609,0,291,0.282,1,COM9
3,1137591,30,rpm,289,287,30.0,30.0,3200,609,0,291,0.282,1,COM9
3,1137612,30,rpm,109,287,30.0,30.0,3200,609,0,291,0.282,1,COM9
3,1137632,30,rpm,16,287,30.0,30.0,3200,609,0,291,0.282,1,COM9
3,1137653,30,rpm,8,287,30.0,30.0,3200,609,0,291,0.282,1,COM9
3,1137674,30,rpm,6,287,30.0,30.0,3200,609,0,291,0.282,1,COM9
3,1137694,30,rpm,12,287,30.0,30.0,3200,609,0,291,0.282,1,COM9
3,1137715,30,rpm,75,287,30.0,30.0,3200,609,0,291,0.283,1,COM9
3,1137736,30,rpm,316,287,30.0,30.0,3200,609,0,291,0.283,1,COM9
3,1137756,30,rpm,490,287,30.0,30.0,3200,609,0,292,0.283,1,COM9
3,1137777,30,rpm,667,287,30.0,30.0,3200,609,0,292,0.283,1,COM9
3,1137798,30,rpm,676,287,30.0,30.0,3200,609,0,292,0.283,1,COM9
3,1137818,30,rpm,596,287,30.0,30.0,3200,609,0,292,0.283,1,COM9
3,1137839,30,rpm,526,287,30.0,30.0,3200,609,0,292,0.283,1,COM9
3,1137860,30,rpm,423,287,30.0,30.0,3200,609,0,292,0.283,1,COM9
3,1137880,30,rpm,315,287,30.0,30.0,3200,609,0,292,0.283,1,COM9
3,1137901,30,rpm,242,287,30.0,30.0,3200,609,0,292,0.283,1,COM9
3,1137922,30,rpm,206,287,30.0,30.0,3200,609,0,292,0.284,1,COM9
3,1137942,30,rpm,37,287,30.0,30.0,3200,609,0,292,0.284,1,COM9
3,1137963,30,rpm,12,287,30.0,30.0,3200,609,0,293,0.284,1,COM9
3,1137984,30,rpm,6,287,30.0,30.0,3200,609,0,293,0.284,1,COM9
3,1138004,30,rpm,5,287,30.0,30.0,3200,609,0,293,0.284,1,COM9
3,1138025,30,rpm,18,287,30.0,30.0,3200,609,0,293,0.284,1,COM9
3,1138046,30,rpm,128,287,30.0,30.0,3200,609,0,293,0.284,1,COM9
3,1138066,30,rpm,369,287,30.0,30.0,3200,609,0,293,0.284,1,COM9
3,1138087,30,rpm,529,287,30.0,30.0,3200,609,0,293,0.284,1,COM9
3,1138108,30,rpm,642,287,30.0,30.0,3200,609,0,293,0.284,1,COM9
3,1138128,30,rpm,591,287,30.0,30.0,3200,609,0,293,0.284,1,COM9
3,1138149,30,rpm,535,287,30.0,30.0,3200,609,0,293,0.285,1,COM9
3,1138170,30,rpm,448,287,30.0,30.0,3200,609,0,293,0.285,1,COM9
3,1138191,30,rpm,341,287,30.0,30.0,3200,609,0,294,0.285,1,COM9
3,1138211,30,rpm,266,287,30.0,30.0,3200,609,0,294,0.285,1,COM9
3,1138232,30,rpm,239,287,30.0,30.0,3200,609,0,294,0.285,1,COM9
3,1138252,30,rpm,70,287,30.0,30.0,3200,609,0,294,0.285,1,COM9
3,1138273,30,rpm,14,287,30.0,30.0,3200,609,0,294,0.285,1,COM9
3,1138294,30,rpm,7,287,30.0,30.0,3200,609,0,294,0.285,1,COM9
3,1138315,30,rpm,6,287,30.0,30.0,3200,609,0,294,0.285,1,COM9
3,1138335,30,rpm,17,287,30.0,30.0,3200,609,0,294,0.285,1,COM9
3,1138356,30,rpm,116,287,30.0,30.0,3200,609,0,294,0.286,1,COM9
3,1138376,30,rpm,421,287,30.0,30.0,3200,609,0,294,0.286,1,COM9
3,1138397,30,rpm,614,287,30.0,30.0,3200,609,0,295,0.286,1,COM9
3,1138418,30,rpm,706,287,30.0,30.0,3200,609,0,295,0.286,1,COM9
3,1138438,30,rpm,629,287,30.0,30.0,3200,609,0,295,0.286,1,COM9
3,1138459,30,rpm,556,287,30.0,30.0,3200,609,0,295,0.286,1,COM9
3,1138480,30,rpm,441,287,30.0,30.0,3200,609,0,295,0.286,1,COM9
3,1138501,30,rpm,329,287,30.0,30.0,3200,609,0,295,0.286,1,COM9
3,1138521,30,rpm,232,287,30.0,30.0,3200,609,0,295,0.286,1,COM9
3,1138542,30,rpm,181,287,30.0,30.0,3200,609,0,295,0.286,1,COM9
3,1138562,30,rpm,86,287,30.0,30.0,3200,609,0,295,0.287,1,COM9
3,1138583,30,rpm,17,287,30.0,30.0,3200,609,0,295,0.287,1,COM9
3,1138604,30,rpm,8,287,30.0,30.0,3200,609,0,296,0.287,1,COM9
3,1138624,30,rpm,5,287,30.0,30.0,3200,609,0,296,0.287,1,COM9
3,1138645,30,rpm,7,287,30.0,30.0,3200,609,0,296,0.287,1,COM9
3,1138666,30,rpm,64,287,30.0,30.0,3200,609,0,296,0.287,1,COM9
3,1138686,30,rpm,350,287,30.0,30.0,3200,609,0,296,0.287,1,COM9
3,1138707,30,rpm,489,287,30.0,30.0,3200,609,0,296,0.287,1,COM9
3,1138728,30,rpm,591,287,30.0,30.0,3200,609,0,296,0.287,1,COM9
3,1138748,30,rpm,603,287,30.0,30.0,3200,609,0,296,0.287,1,COM9
3,1138769,30,rpm,584,287,30.0,30.0,3200,609,0,296,0.287,1,COM9
3,1138790,30,rpm,478,287,30.0,30.0,3200,609,0,296,0.288,1,COM9
3,1138810,30,rpm,379,287,30.0,30.0,3200,609,0,297,0.288,1,COM9
3,1138831,30,rpm,286,287,30.0,30.0,3200,609,0,297,0.288,1,COM9
3,1138852,30,rpm,241,287,30.0,30.0,3200,609,0,297,0.288,1,COM9
3,1138872,30,rpm,79,287,30.0,30.0,3200,609,0,297,0.288,1,COM9
3,1138893,30,rpm,15,287,30.0,30.0,3200,609,0,297,0.288,1,COM9
3,1138914,30,rpm,7,287,30.0,30.0,3200,609,0,297,0.288,1,COM9
3,1138934,30,rpm,5,287,30.0,30.0,3200,609,0,297,0.288,1,COM9
3,1138955,30,rpm,13,287,30.0,30.0,3200,609,0,297,0.288,1,COM9
3,1138976,30,rpm,105,287,30.0,30.0,3200,609,0,297,0.288,1,COM9
3,1138996,30,rpm,423,287,30.0,30.0,3200,609,0,297,0.289,1,COM9
3,1139017,30,rpm,522,287,30.0,30.0,3200,609,0,298,0.289,1,COM9
3,1139038,30,rpm,596,287,30.0,30.0,3200,609,0,298,0.289,1,COM9
3,1139058,30,rpm,573,287,30.0,30.0,3200,609,0,298,0.289,1,COM9
3,1139079,30,rpm,548,287,30.0,30.0,3200,609,0,298,0.289,1,COM9
3,1139100,30,rpm,506,287,30.0,30.0,3200,609,0,298,0.289,1,COM9
3,1139120,30,rpm,415,287,30.0,30.0,3200,609,0,298,0.289,1,COM9
3,1139141,30,rpm,345,287,30.0,30.0,3200,609,0,298,0.289,1,COM9
3,1139162,30,rpm,287,287,30.0,30.0,3200,609,0,298,0.289,1,COM9
3,1139182,30,rpm,113,287,30.0,30.0,3200,609,0,298,0.289,1,COM9
3,1139203,30,rpm,17,287,30.0,30.0,3200,609,0,298,0.289,1,COM9
3,1139224,30,rpm,8,287,30.0,30.0,3200,609,0,299,0.29,1,COM9
3,1139244,30,rpm,6,287,30.0,30.0,3200,609,0,299,0.29,1,COM9
3,1139265,30,rpm,13,287,30.0,30.0,3200,609,0,299,0.29,1,COM9
3,1139285,30,rpm,88,287,30.0,30.0,3200,609,0,299,0.29,1,COM9
3,1139306,30,rpm,370,287,30.0,30.0,3200,609,0,299,0.29,1,COM9
3,1139327,30,rpm,507,287,30.0,30.0,3200,609,0,299,0.29,1,COM9
3,1139348,30,rpm,573,287,30.0,30.0,3200,609,0,299,0.29,1,COM9
3,1139368,30,rpm,550,287,30.0,30.0,3200,609,0,299,0.29,1,COM9
3,1139389,30,rpm,521,287,30.0,30.0,3200,609,0,299,0.29,1,COM9
3,1139409,30,rpm,486,287,30.0,30.0,3200,609,0,299,0.29,1,COM9
3,1139430,30,rpm,409,287,30.0,30.0,3200,609,0,300,0.291,1,COM9
3,1139451,30,rpm,345,287,30.0,30.0,3200,609,0,300,0.291,1,COM9
3,1139471,30,rpm,283,287,30.0,30.0,3200,609,0,300,0.291,1,COM9
3,1139492,30,rpm,87,287,30.0,30.0,3200,609,0,300,0.291,1,COM9
3,1139513,30,rpm,15,287,30.0,30.0,3200,609,0,300,0.291,1,COM9
3,1139534,30,rpm,7,287,30.0,30.0,3200,609,0,300,0.291,1,COM9
3,1139554,30,rpm,6,287,30.0,30.0,3200,609,0,300,0.291,1,COM9
3,1139575,30,rpm,13,287,30.0,30.0,3200,609,0,300,0.291,1,COM9
3,1139596,30,rpm,82,287,30.0,30.0,3200,609,0,300,0.291,1,COM9
3,1139616,30,rpm,340,287,30.0,30.0,3200,609,0,300,0.291,1,COM9
3,1139637,30,rpm,542,287,30.0,30.0,3200,609,0,301,0.291,1,COM9
3,1139658,30,rpm,682,287,30.0,30.0,3200,609,0,301,0.292,1,COM9
3,1139678,30,rpm,660,287,30.0,30.0,3200,609,0,301,0.292,1,COM9
3,1139699,30,rpm,589,287,30.0,30.0,3200,609,0,301,0.292,1,COM9
3,1139720,30,rpm,507,287,30.0,30.0,3200,609,0,301,0.292,1,COM9
3,1139740,30,rpm,405,287,30.0,30.0,3200,609,0,301,0.292,1,COM9
3,1139761,30,rpm,291,287,30.0,30.0,3200,609,0,301,0.292,1,COM9
3,1139782,30,rpm,233,287,30.0,30.0,3200,609,0,301,0.292,1,COM9
3,1139802,30,rpm,184,287,30.0,30.0,3200,609,0,301,0.292,1,COM9
3,1139823,30,rpm,28,287,30.0,30.0,3200,609,0,301,0.292,1,COM9
3,1139844,30,rpm,11,287,30.0,30.0,3200,609,0,301,0.292,1,COM9
3,1139864,30,rpm,6,287,30.0,30.0,3200,609,0,302,0.293,1,COM9
3,1139885,30,rpm,6,287,30.0,30.0,3200,609,0,302,0.293,1,COM9
3,1139905,30,rpm,27,287,30.0,30.0,3200,609,0,302,0.293,1,COM9
3,1139926,30,rpm,171,287,30.0,30.0,3200,609,0,302,0.293,1,COM9
3,1139947,30,rpm,423,287,30.0,30.0,3200,609,0,302,0.293,1,COM9
3,1139967,30,rpm,583,287,30.0,30.0,3200,609,0,302,0.293,1,COM9
3,1139988,30,rpm,654,287,30.0,30.0,3200,609,0,302,0.293,1,COM9
3,1140009,30,rpm,581,287,30.0,30.0,3200,609,0,302,0.293,1,COM9
3,1140029,30,rpm,528,287,30.0,30.0,3200,609,0,302,0.293,1,COM9
3,1140050,30,rpm,431,287,30.0,30.0,3200,609,0,302,0.293,1,COM9
3,1140071,30,rpm,312,287,30.0,30.0,3200,609,0,303,0.294,1,COM9
3,1140091,30,rpm,240,287,30.0,30.0,3200,609,0,303,0.294,1,COM9
3,1140112,30,rpm,221,287,30.0,30.0,3200,609,0,303,0.294,1,COM9
3,1140132,30,rpm,60,287,30.0,30.0,3200,609,0,303,0.294,1,COM9
3,1140153,30,rpm,14,287,30.0,30.0,3200,609,0,303,0.294,1,COM9
3,1140174,30,rpm,7,287,30.0,30.0,3200,609,0,303,0.294,1,COM9
3,1140194,30,rpm,5,287,30.0,30.0,3200,609,0,303,0.294,1,COM9
3,1140215,30,rpm,17,287,30.0,30.0,3200,609,0,303,0.294,1,COM9
3,1140236,30,rpm,120,287,30.0,30.0,3200,609,0,303,0.294,1,COM9
3,1140256,30,rpm,421,287,30.0,30.0,3200,609,0,303,0.294,1,COM9
3,1140277,30,rpm,618,287,30.0,30.0,3200,609,0,304,0.294,1,COM9
3,1140298,30,rpm,701,287,30.0,30.0,3200,609,0,304,0.295,1,COM9
3,1140318,30,rpm,621,287,30.0,30.0,3200,609,0,304,0.295,1,COM9
3,1140339,30,rpm,554,287,30.0,30.0,3200,609,0,304,0.295,1,COM9
3,1140360,30,rpm,438,287,30.0,30.0,3200,609,0,304,0.295,1,COM9
3,1140380,30,rpm,326,287,30.0,30.0,3200,609,0,304,0.295,1,COM9
3,1140401,30,rpm,233,287,30.0,30.0,3200,609,0,304,0.295,1,COM9
3,1140421,30,rpm,185,287,30.0,30.0,3200,609,0,304,0.295,1,COM9
3,1140442,30,rpm,82,287,30.0,30.0,3200,609,0,304,0.295,1,COM9
3,1140463,30,rpm,16,287,30.0,30.0,3200,609,0,304,0.295,1,COM9
3,1140483,30,rpm,7,287,30.0,30.0,3200,609,0,305,0.295,1,COM9
3,1140504,30,rpm,5,287,30.0,30.0,3200,609,0,305,0.296,1,COM9
3,1140525,30,rpm,8,287,30.0,30.0,3200,609,0,305,0.296,1,COM9
3,1140545,30,rpm,67,287,30.0,30.0,3200,609,0,305,0.296,1,COM9
3,1140566,30,rpm,357,287,30.0,30.0,3200,609,0,305,0.296,1,COM9
3,1140587,30,rpm,491,287,30.0,30.0,3200,609,0,305,0.296,1,COM9
3,1140607,30,rpm,564,287,30.0,30.0,3200,609,0,305,0.296,1,COM9
3,1140628,30,rpm,584,287,30.0,30.0,3200,609,0,305,0.296,1,COM9
3,1140649,30,rpm,576,287,30.0,30.0,3200,609,0,305,0.296,1,COM9
3,1140669,30,rpm,478,287,30.0,30.0,3200,609,0,305,0.296,1,COM9
3,1140690,30,rpm,387,287,30.0,30.0,3200,609,0,306,0.296,1,COM9
3,1140711,30,rpm,305,287,30.0,30.0,3200,609,0,306,0.296,1,COM9
3,1140731,30,rpm,256,287,30.0,30.0,3200,609,0,306,0.297,1,COM9
3,1140752,30,rpm,70,287,30.0,30.0,3200,609,0,306,0.297,1,COM9
3,1140773,30,rpm,14,287,30.0,30.0,3200,609,0,306,0.297,1,COM9
3,1140793,30,rpm,7,287,30.0,30.0,3200,609,0,306,0.297,1,COM9
3,1140814,30,rpm,5,287,30.0,30.0,3200,609,0,306,0.297,1,COM9
3,1140835,30,rpm,13,287,30.0,30.0,3200,609,0,306,0.297,1,COM9
3,1140855,30,rpm,106,287,30.0,30.0,3200,609,0,306,0.297,1,COM9
3,1140876,30,rpm,436,287,30.0,30.0,3200,609,0,306,0.297,1,COM9
3,1140897,30,rpm,529,287,30.0,30.0,3200,609,0,307,0.297,1,COM9
3,1140918,30,rpm,595,287,30.0,30.0,3200,609,0,307,0.297,1,COM9
3,1140938,30,rpm,575,287,30.0,30.0,3200,609,0,307,0.298,1,COM9
3,1140959,30,rpm,545,287,30.0,30.0,3200,609,0,307,0.298,1,COM9
3,1140980,30,rpm,500,287,30.0,30.0,3200,609,0,307,0.298,1,COM9
3,1141000,30,rpm,415,287,30.0,30.0,3200,609,0,307,0.298,1,COM9
3,1141021,30,rpm,344,287,30.0,30.0,3200,609,0,307,0.298,1,COM9
3,1141042,30,rpm,283,287,30.0,30.0,3200,609,0,307,0.298,1,COM9
3,1141062,30,rpm,93,287,30.0,30.0,3200,609,0,307,0.298,1,COM9
3,1141083,30,rpm,16,287,30.0,30.0,3200,609,0,307,0.298,1,COM9
3,1141104,30,rpm,8,287,30.0,30.0,3200,609,0,308,0.298,1,COM9
3,1141124,30,rpm,6,287,30.0,30.0,3200,609,0,308,0.298,1,COM9
3,1141145,30,rpm,16,287,30.0,30.0,3200,609,0,308,0.298,1,COM9
3,1141166,30,rpm,119,287,30.0,30.0,3200,609,0,308,0.299,1,COM9
3,1141186,30,rpm,396,287,30.0,30.0,3200,609,0,308,0.299,1,COM9
3,1141207,30,rpm,505,287,30.0,30.0,3200,609,0,308,0.299,1,COM9
3,1141228,30,rpm,581,287,30.0,30.0,3200,609,0,308,0.299,1,COM9
3,1141248,30,rpm,542,287,30.0,30.0,3200,609,0,308,0.299,1,COM9
3,1141269,30,rpm,521,287,30.0,30.0,3200,609,0,308,0.299,1,COM9
3,1141290,30,rpm,478,287,30.0,30.0,3200,609,0,308,0.299,1,COM9
3,1141310,30,rpm,398,287,30.0,30.0,3200,609,0,309,0.299,1,COM9
3,1141331,30,rpm,340,287,30.0,30.0,3200,609,0,309,0.299,1,COM9
3,1141352,30,rpm,277,287,30.0,30.0,3200,609,0,309,0.299,1,COM9
3,1141372,30,rpm,66,287,30.0,30.0,3200,609,0,309,0.3,1,COM9
3,1141393,30,rpm,14,287,30.0,30.0,3200,609,0,309,0.3,1,COM9
3,1141414,30,rpm,7,287,30.0,30.0,3200,609,0,309,0.3,1,COM9
3,1141434,30,rpm,6,287,30.0,30.0,3200,609,0,309,0.3,1,COM9
3,1141455,30,rpm,16,287,30.0,30.0,3200,609,0,309,0.3,1,COM9
3,1141476,30,rpm,109,287,30.0,30.0,3200,609,0,309,0.3,1,COM9
3,1141496,30,rpm,362,287,30.0,30.0,3200,609,0,309,0.3,1,COM9
3,1141517,30,rpm,524,287,30.0,30.0,3200,609,0,309,0.3,1,COM9
3,1141538,30,rpm,673,287,30.0,30.0,3200,609,0,310,0.3,1,COM9
3,1141559,30,rpm,658,287,30.0,30.0,3200,609,0,310,0.3,1,COM9
3,1141579,30,rpm,587,287,30.0,30.0,3200,609,0,310,0.3,1,COM9
3,1141600,30,rpm,510,287,30.0,30.0,3200,609,0,310,0.301,1,COM9
3,1141620,30,rpm,397,287,30.0,30.0,3200,609,0,310,0.301,1,COM9
3,1141641,30,rpm,281,287,30.0,30.0,3200,609,0,310,0.301,1,COM9
3,1141662,30,rpm,231,287,30.0,30.0,3200,609,0,310,0.301,1,COM9
3,1141682,30,rpm,172,287,30.0,30.0,3200,609,0,310,0.301,1,COM9
3,1141703,30,rpm,27,287,30.0,30.0,3200,609,0,310,0.301,1,COM9
3,1141724,30,rpm,10,287,30.0,30.0,3200,609,0,310,0.301,1,COM9
3,1141744,30,rpm,6,287,30.0,30.0,3200,609,0,311,0.301,1,COM9
3,1141765,30,rpm,6,287,30.0,30.0,3200,609,0,311,0.301,1,COM9
3,1141786,30,rpm,28,287,30.0,30.0,3200,609,0,311,0.301,1,COM9
3,1141806,30,rpm,181,287,30.0,30.0,3200,609,0,311,0.302,1,COM9
3,1141827,30,rpm,410,287,30.0,30.0,3200,609,0,311,0.302,1,COM9
3,1141848,30,rpm,585,287,30.0,30.0,3200,609,0,311,0.302,1,COM9
3,1141868,30,rpm,636,287,30.0,30.0,3200,609,0,311,0.302,1,COM9
3,1141889,30,rpm,587,287,30.0,30.0,3200,609,0,311,0.302,1,COM9
3,1141910,30,rpm,535,287,30.0,30.0,3200,609,0,311,0.302,1,COM9
3,1141930,30,rpm,427,287,30.0,30.0,3200,609,0,311,0.302,1,COM9
3,1141951,30,rpm,324,287,30.0,30.0,3200,609,0,312,0.302,1,COM9
3,1141971,30,rpm,251,287,30.0,30.0,3200,609,0,312,0.302,1,COM9
3,1141992,30,rpm,226,287,30.0,30.0,3200,609,0,312,0.302,1,COM9
3,1142013,30,rpm,51,287,30.0,30.0,3200,609,0,312,0.303,1,COM9
3,1142033,30,rpm,13,287,30.0,30.0,3200,609,0,312,0.303,1,COM9
3,1142054,30,rpm,7,287,30.0,30.0,3200,609,0,312,0.303,1,COM9
3,1142075,30,rpm,6,287,30.0,30.0,3200,609,0,312,0.303,1,COM9
3,1142095,30,rpm,20,287,30.0,30.0,3200,609,0,312,0.303,1,COM9
3,1142116,30,rpm,143,287,30.0,30.0,3200,609,0,312,0.303,1,COM9
3,1142137,30,rpm,460,287,30.0,30.0,3200,609,0,312,0.303,1,COM9
3,1142157,30,rpm,618,287,30.0,30.0,3200,609,0,313,0.303,1,COM9
3,1142178,30,rpm,679,287,30.0,30.0,3200,609,0,313,0.303,1,COM9
3,1142199,30,rpm,610,287,30.0,30.0,3200,609,0,313,0.303,1,COM9
3,1142219,30,rpm,544,287,30.0,30.0,3200,609,0,313,0.303,1,COM9
3,1142240,30,rpm,419,287,30.0,30.0,3200,609,0,313,0.304,1,COM9
3,1142261,30,rpm,311,287,30.0,30.0,3200,609,0,313,0.304,1,COM9
3,1142281,30,rpm,220,287,30.0,30.0,3200,609,0,313,0.304,1,COM9
3,1142302,30,rpm,175,287,30.0,30.0,3200,609,0,313,0.304,1,COM9
3,1142323,30,rpm,65,287,30.0,30.0,3200,609,0,313,0.304,1,COM9
3,1142343,30,rpm,14,287,30.0,30.0,3200,609,0,313,0.304,1,COM9
3,1142364,30,rpm,7,287,30.0,30.0,3200,609,0,314,0.304,1,COM9
3,1142385,30,rpm,5,287,30.0,30.0,3200,609,0,314,0.304,1,COM9
3,1142405,30,rpm,11,287,30.0,30.0,3200,609,0,314,0.304,1,COM9
3,1142426,30,rpm,95,287,30.0,30.0,3200,609,0,314,0.304,1,COM9
3,1142447,30,rpm,392,287,30.0,30.0,3200,609,0,314,0.305,1,COM9
3,1142467,30,rpm,505,287,30.0,30.0,3200,609,0,314,0.305,1,COM9
3,1142488,30,rpm,578,287,30.0,30.0,3200,609,0,314,0.305,1,COM9
3,1142509,30,rpm,599,287,30.0,30.0,3200,609,0,314,0.305,1,COM9
3,1142529,30,rpm,573,287,30.0,30.0,3200,609,0,314,0.305,1,COM9
3,1142550,30,rpm,462,287,30.0,30.0,3200,609,0,314,0.305,1,COM9
3,1142571,30,rpm,366,287,30.0,30.0,3200,609,0,315,0.305,1,COM9
3,1142591,30,rpm,285,287,30.0,30.0,3200,609,0,315,0.305,1,COM9
3,1142612,30,rpm,240,287,30.0,30.0,3200,609,0,315,0.305,1,COM9
3,1142633,30,rpm,51,287,30.0,30.0,3200,609,0,315,0.305,1,COM9
3,1142653,30,rpm,13,287,30.0,30.0,3200,609,0,315,0.305,1,COM9
3,1142674,30,rpm,7,287,30.0,30.0,3200,609,0,315,0.306,1,COM9
3,1142695,30,rpm,6,287,30.0,30.0,3200,609,0,315,0.306,1,COM9
3,1142715,30,rpm,17,287,30.0,30.0,3200,609,0,315,0.306,1,COM9
3,1142736,30,rpm,145,287,30.0,30.0,3200,609,0,315,0.306,1,COM9
3,1142757,30,rpm,460,287,30.0,30.0,3200,609,0,315,0.306,1,COM9
3,1142777,30,rpm,525,287,30.0,30.0,3200,609,0,316,0.306,1,COM9
3,1142798,30,rpm,594,287,30.0,30.0,3200,609,0,316,0.306,1,COM9
3,1142819,30,rpm,570,287,30.0,30.0,3200,609,0,316,0.306,1,COM9
3,1142839,30,rpm,545,287,30.0,30.0,3200,609,0,316,0.306,1,COM9
3,1142860,30,rpm,491,287,30.0,30.0,3200,609,0,316,0.306,1,COM9
3,1142880,30,rpm,402,287,30.0,30.0,3200,609,0,316,0.307,1,COM9
3,1142901,30,rpm,336,287,30.0,30.0,3200,609,0,316,0.307,1,COM9
3,1142922,30,rpm,276,287,30.0,30.0,3200,609,0,316,0.307,1,COM9
3,1142942,30,rpm,72,287,30.0,30.0,3200,609,0,316,0.307,1,COM9
3,1142963,30,rpm,15,287,30.0,30.0,3200,609,0,316,0.307,1,COM9
3,1142984,30,rpm,8,287,30.0,30.0,3200,609,0,317,0.307,1,COM9
3,1143004,30,rpm,6,287,30.0,30.0,3200,609,0,317,0.307,1,COM9
3,1143025,30,rpm,17,287,30.0,30.0,3200,609,0,317,0.307,1,COM9
3,1143046,30,rpm,124,287,30.0,30.0,3200,609,0,317,0.307,1,COM9
3,1143066,30,rpm,418,287,30.0,30.0,3200,609,0,317,0.307,1,COM9
3,1143087,30,rpm,516,287,30.0,30.0,3200,609,0,317,0.307,1,COM9
3,1143108,30,rpm,578,287,30.0,30.0,3200,609,0,317,0.308,1,COM9
3,1143128,30,rpm,548,287,30.0,30.0,3200,609,0,317,0.308,1,COM9
3,1143149,30,rpm,527,287,30.0,30.0,3200,609,0,317,0.308,1,COM9
3,1143170,30,rpm,475,287,30.0,30.0,3200,609,0,317,0.308,1,COM9
3,1143190,30,rpm,391,287,30.0,30.0,3200,609,0,317,0.308,1,COM9
3,1143211,30,rpm,333,287,30.0,30.0,3200,609,0,318,0.308,1,COM9
3,1143232,30,rpm,272,287,30.0,30.0,3200,609,0,318,0.308,1,COM9
3,1143252,30,rpm,62,287,30.0,30.0,3200,609,0,318,0.308,1,COM9
3,1143273,30,rpm,14,287,30.0,30.0,3200,609,0,318,0.308,1,COM9
3,1143293,30,rpm,7,287,30.0,30.0,3200,609,0,318,0.308,1,COM9
3,1143314,30,rpm,6,287,30.0,30.0,3200,609,0,318,0.309,1,COM9
3,1143335,30,rpm,15,287,30.0,30.0,3200,609,0,318,0.309,1,COM9
3,1143355,30,rpm,103,287,30.0,30.0,3200,609,0,318,0.309,1,COM9
3,1143376,30,rpm,373,287,30.0,30.0,3200,609,0,318,0.309,1,COM9
3,1143397,30,rpm,544,287,30.0,30.0,3200,609,0,318,0.309,1,COM9
3,1143417,30,rpm,681,287,30.0,30.0,3200,609,0,319,0.309,1,COM9
3,1143438,30,rpm,648,287,30.0,30.0,3200,609,0,319,0.309,1,COM9
3,1143458,30,rpm,579,287,30.0,30.0,3200,609,0,319,0.309,1,COM9
3,1143479,30,rpm,500,287,30.0,30.0,3200,609,0,319,0.309,1,COM9
3,1143500,30,rpm,398,287,30.0,30.0,3200,609,0,319,0.309,1,COM9
3,1143520,30,rpm,292,287,30.0,30.0,3200,609,0,319,0.309,1,COM9
3,1143541,30,rpm,243,287,30.0,30.0,3200,609,0,319,0.31,1,COM9
3,1143562,30,rpm,172,287,30.0,30.0,3200,609,0,319,0.31,1,COM9
3,1143582,30,rpm,25,287,30.0,30.0,3200,609,0,319,0.31,1,COM9
3,1143603,30,rpm,10,287,30.0,30.0,3200,609,0,319,0.31,1,COM9
3,1143623,30,rpm,6,287,30.0,30.0,3200,609,0,320,0.31,1,COM9
3,1143644,30,rpm,6,287,30.0,30.0,3200,609,0,320,0.31,1,COM9
3,1143665,30,rpm,31,287,30.0,30.0,3200,609,0,320,0.31,1,COM9
3,1143685,30,rpm,186,287,30.0,30.0,3200,609,0,320,0.31,1,COM9
3,1143706,30,rpm,427,287,30.0,30.0,3200,609,0,320,0.31,1,COM9
3,1143727,30,rpm,577,287,30.0,30.0,3200,609,0,320,0.31,1,COM9
3,1143747,30,rpm,638,287,30.0,30.0,3200,609,0,320,0.311,1,COM9
3,1143768,30,rpm,575,287,30.0,30.0,3200,609,0,320,0.311,1,COM9
3,1143789,30,rpm,528,287,30.0,30.0,3200,609,0,320,0.311,1,COM9
3,1143809,30,rpm,422,287,30.0,30.0,3200,609,0,320,0.311,1,COM9
3,1143830,30,rpm,306,287,30.0,30.0,3200,609,0,321,0.311,1,COM9
3,1143851,30,rpm,245,287,30.0,30.0,3200,609,0,321,0.311,1,COM9
3,1143871,30,rpm,219,287,30.0,30.0,3200,609,0,321,0.311,1,COM9
3,1143892,30,rpm,41,287,30.0,30.0,3200,609,0,321,0.311,1,COM9
3,1143912,30,rpm,12,287,30.0,30.0,3200,609,0,321,0.311,1,COM9
3,1143933,30,rpm,7,287,30.0,30.0,3200,609,0,321,0.311,1,COM9
3,1143954,30,rpm,6,287,30.0,30.0,3200,609,0,321,0.312,1,COM9
3,1143974,30,rpm,21,287,30.0,30.0,3200,609,0,321,0.312,1,COM9
3,1143995,30,rpm,148,287,30.0,30.0,3200,609,0,321,0.312,1,COM9
3,1144016,30,rpm,463,287,30.0,30.0,3200,609,0,321,0.312,1,COM9
3,1144036,30,rpm,637,287,30.0,30.0,3200,609,0,322,0.312,1,COM9
3,1144057,30,rpm,694,287,30.0,30.0,3200,609,0,322,0.312,1,COM9
3,1144077,30,rpm,614,287,30.0,30.0,3200,609,0,322,0.312,1,COM9
3,1144098,30,rpm,544,287,30.0,30.0,3200,609,0,322,0.312,1,COM9
3,1144119,30,rpm,425,287,30.0,30.0,3200,609,0,322,0.312,1,COM9
3,1144139,30,rpm,314,287,30.0,30.0,3200,609,0,322,0.312,1,COM9
3,1144160,30,rpm,224,287,30.0,30.0,3200,609,0,322,0.312,1,COM9
3,1144181,30,rpm,182,287,30.0,30.0,3200,609,0,322,0.313,1,COM9
3,1144201,30,rpm,67,287,30.0,30.0,3200,609,0,322,0.313,1,COM9
3,1144222,30,rpm,15,287,30.0,30.0,3200,609,0,322,0.313,1,COM9
3,1144243,30,rpm,7,287,30.0,30.0,3200,609,0,323,0.313,1,COM9
3,1144263,30,rpm,5,287,30.0,30.0,3200,609,0,323,0.313,1,COM9
3,1144284,30,rpm,9,287,30.0,30.0,3200,609,0,323,0.313,1,COM9
3,1144305,30,rpm,81,287,30.0,30.0,3200,609,0,323,0.313,1,COM9
3,1144325,30,rpm,386,287,30.0,30.0,3200,609,0,323,0.313,1,COM9
3,1144346,30,rpm,496,287,30.0,30.0,3200,609,0,323,0.313,1,COM9
3,1144367,30,rpm,572,287,30.0,30.0,3200,609,0,323,0.313,1,COM9
3,1144387,30,rpm,590,287,30.0,30.0,3200,609,0,323,0.314,1,COM9
3,1144408,30,rpm,576,287,30.0,30.0,3200,609,0,323,0.314,1,COM9
3,1144429,30,rpm,470,287,30.0,30.0,3200,609,0,323,0.314,1,COM9
3,1144449,30,rpm,377,287,30.0,30.0,3200,609,0,323,0.314,1,COM9
3,1144470,30,rpm,292,287,30.0,30.0,3200,609,0,324,0.314,1,COM9
3,1144491,30,rpm,240,287,30.0,30.0,3200,609,0,324,0.314,1,COM9
3,1144511,30,rpm,53,287,30.0,30.0,3200,609,0,324,0.314,1,COM9
3,1144532,30,rpm,13,287,30.0,30.0,3200,609,0,324,0.314,1,COM9
3,1144553,30,rpm,7,287,30.0,30.0,3200,609,0,324,0.314,1,COM9
3,1144573,30,rpm,5,287,30.0,30.0,3200,609,0,324,0.314,1,COM9
3,1144594,30,rpm,14,287,30.0,30.0,3200,609,0,324,0.314,1,COM9
3,1144615,30,rpm,131,287,30.0,30.0,3200,609,0,324,0.315,1,COM9
3,1144635,30,rpm,455,287,30.0,30.0,3200,609,0,324,0.315,1,COM9
3,1144656,30,rpm,531,287,30.0,30.0,3200,609,0,324,0.315,1,COM9
3,1144676,30,rpm,604,287,30.0,30.0,3200,609,0,325,0.315,1,COM9
3,1144697,30,rpm,574,287,30.0,30.0,3200,609,0,325,0.315,1,COM9
3,1144718,30,rpm,549,287,30.0,30.0,3200,609,0,325,0.315,1,COM9
3,1144739,30,rpm,490,287,30.0,30.0,3200,609,0,325,0.315,1,COM9
3,1144759,30,rpm,408,287,30.0,30.0,3200,609,0,325,0.315,1,COM9
3,1144780,30,rpm,339,287,30.0,30.0,3200,609,0,325,0.315,1,COM9
3,1144801,30,rpm,279,287,30.0,30.0,3200,609,0,325,0.315,1,COM9
3,1144821,30,rpm,79,287,30.0,30.0,3200,609,0,325,0.316,1,COM9
3,1144842,30,rpm,15,287,30.0,30.0,3200,609,0,325,0.316,1,COM9
3,1144863,30,rpm,8,287,30.0,30.0,3200,609,0,325,0.316,1,COM9
3,1144883,30,rpm,6,287,30.0,30.0,3200,609,0,326,0.316,1,COM9
3,1144904,30,rpm,16,287,30.0,30.0,3200,609,0,326,0.316,1,COM9
3,1144925,30,rpm,127,287,30.0,30.0,3200,609,0,326,0.316,1,COM9
3,1144945,30,rpm,416,287,30.0,30.0,3200,609,0,326,0.316,1,COM9
3,1144966,30,rpm,509,287,30.0,30.0,3200,609,0,326,0.316,1,COM9
3,1144987,30,rpm,575,287,30.0,30.0,3200,609,0,326,0.316,1,COM9
3,1145007,30,rpm,544,287,30.0,30.0,3200,609,0,326,0.316,1,COM9
3,1145028,30,rpm,512,287,30.0,30.0,3200,609,0,326,0.316,1,COM9
3,1145049,30,rpm,475,287,30.0,30.0,3200,609,0,326,0.317,1,COM9
3,1145069,30,rpm,397,287,30.0,30.0,3200,609,0,326,0.317,1,COM9
3,1145090,30,rpm,340,287,30.0,30.0,3200,609,0,327,0.317,1,COM9
3,1145110,30,rpm,275,287,30.0,30.0,3200,609,0,327,0.317,1,COM9
3,1145131,30,rpm,54,287,30.0,30.0,3200,609,0,327,0.317,1,COM9
3,1145152,30,rpm,13,287,30.0,30.0,3200,609,0,327,0.317,1,COM9
3,1145172,30,rpm,7,287,30.0,30.0,3200,609,0,327,0.317,1,COM9
3,1145193,30,rpm,6,287,30.0,30.0,3200,609,0,327,0.317,1,COM9
3,1145214,30,rpm,17,287,30.0,30.0,3200,609,0,327,0.317,1,COM9
3,1145234,30,rpm,113,287,30.0,30.0,3200,609,0,327,0.317,1,COM9
3,1145255,30,rpm,379,287,30.0,30.0,3200,609,0,327,0.318,1,COM9
3,1145276,30,rpm,545,287,30.0,30.0,3200,609,0,327,0.318,1,COM9
3,1145296,30,rpm,688,287,30.0,30.0,3200,609,0,328,0.318,1,COM9
3,1145317,30,rpm,646,286,30.0,30.0,3200,609,0,328,0.318,1,COM9
3,1145338,30,rpm,581,286,30.0,30.0,3200,609,0,328,0.318,1,COM9
3,1145358,30,rpm,504,286,30.0,30.0,3200,609,0,328,0.318,1,COM9
3,1145379,30,rpm,392,286,30.0,30.0,3200,609,0,328,0.318,1,COM9
3,1145400,30,rpm,272,286,30.0,30.0,3200,609,0,328,0.318,1,COM9
3,1145420,30,rpm,231,286,30.0,30.0,3200,609,0,328,0.318,1,COM9
3,1145441,30,rpm,163,286,30.0,30.0,3200,609,0,328,0.318,1,COM9
3,1145462,30,rpm,25,286,30.0,30.0,3200,609,0,328,0.318,1,COM9
3,1145482,30,rpm,10,286,30.0,30.0,3200,609,0,328,0.319,1,COM9
3,1145503,30,rpm,6,286,30.0,30.0,3200,609,0,329,0.319,1,COM9
3,1145524,30,rpm,6,286,30.0,30.0,3200,609,0,329,0.319,1,COM9
3,1145544,30,rpm,33,286,30.0,30.0,3200,609,0,329,0.319,1,COM9
3,1145565,30,rpm,201,286,30.0,30.0,3200,609,0,329,0.319,1,COM9
3,1145586,30,rpm,438,286,30.0,30.0,3200,609,0,329,0.319,1,COM9
3,1145606,30,rpm,614,286,30.0,30.0,3200,609,0,329,0.319,1,COM9
3,1145627,30,rpm,647,286,30.0,30.0,3200,609,0,329,0.319,1,COM9
3,1145648,30,rpm,581,286,30.0,30.0,3200,609,0,329,0.319,1,COM9
3,1145668,30,rpm,528,286,30.0,30.0,3200,609,0,329,0.319,1,COM9
3,1145689,30,rpm,421,286,30.0,30.0,3200,609,0,329,0.32,1,COM9
3,1145709,30,rpm,312,286,30.0,30.0,3200,609,0,330,0.32,1,COM9
3,1145730,30,rpm,239,286,30.0,30.0,3200,609,0,330,0.32,1,COM9
3,1145751,30,rpm,213,286,30.0,30.0,3200,609,0,330,0.32,1,COM9
3,1145771,30,rpm,46,286,30.0,30.0,3200,609,0,330,0.32,1,COM9
3,1145792,30,rpm,13,286,30.0,30.0,3200,609,0,330,0.32,1,COM9
3,1145813,30,rpm,7,286,30.0,30.0,3200,609,0,330,0.32,1,COM9
3,1145833,30,rpm,6,286,30.0,30.0,3200,609,0,330,0.32,1,COM9
3,1145854,30,rpm,20,286,30.0,30.0,3200,609,0,330,0.32,1,COM9
3,1145875,30,rpm,138,286,30.0,30.0,3200,609,0,330,0.32,1,COM9
3,1145895,30,rpm,462,286,30.0,30.0,3200,609,0,330,0.32,1,COM9
3,1145916,30,rpm,620,286,30.0,30.0,3200,609,0,331,0.321,1,COM9
3,1145937,30,rpm,681,286,30.0,30.0,3200,609,0,331,0.321,1,COM9
3,1145957,30,rpm,607,286,30.0,30.0,3200,609,0,331,0.321,1,COM9
3,1145978,30,rpm,539,286,30.0,30.0,3200,609,0,331,0.321,1,COM9
3,1145999,30,rpm,411,286,30.0,30.0,3200,609,0,331,0.321,1,COM9
3,1146019,30,rpm,303,286,30.0,30.0,3200,609,0,331,0.321,1,COM9
3,1146040,30,rpm,220,286,30.0,30.0,3200,609,0,331,0.321,1,COM9
3,1146061,30,rpm,182,286,30.0,30.0,3200,609,0,331,0.321,1,COM9
3,1146081,30,rpm,58,286,30.0,30.0,3200,609,0,331,0.321,1,COM9
3,1146102,30,rpm,14,286,30.0,30.0,3200,609,0,331,0.321,1,COM9
3,1146123,30,rpm,7,286,30.0,30.0,3200,609,0,331,0.322,1,COM9
3,1146143,30,rpm,5,286,30.0,30.0,3200,609,0,332,0.322,1,COM9
3,1146164,30,rpm,11,286,30.0,30.0,3200,609,0,332,0.322,1,COM9
3,1146185,30,rpm,106,286,30.0,30.0,3200,609,0,332,0.322,1,COM9
3,1146205,30,rpm,408,286,30.0,30.0,3200,609,0,332,0.322,1,COM9
3,1146226,30,rpm,496,286,30.0,30.0,3200,609,0,332,0.322,1,COM9
3,1146247,30,rpm,587,286,30.0,30.0,3200,609,0,332,0.322,1,COM9
3,1146267,30,rpm,595,286,30.0,30.0,3200,609,0,332,0.322,1,COM9
3,1146288,30,rpm,564,286,30.0,30.0,3200,609,0,332,0.322,1,COM9
3,1146308,30,rpm,459,286,30.0,30.0,3200,609,0,332,0.322,1,COM9
3,1146329,30,rpm,365,286,30.0,30.0,3200,609,0,332,0.323,1,COM9
3,1146350,30,rpm,289,286,30.0,30.0,3200,609,0,333,0.323,1,COM9
3,1146371,30,rpm,240,286,30.0,30.0,3200,609,0,333,0.323,1,COM9
3,1146391,30,rpm,45,286,30.0,30.0,3200,609,0,333,0.323,1,COM9
3,1146412,30,rpm,13,286,30.0,30.0,3200,609,0,333,0.323,1,COM9
3,1146432,30,rpm,7,286,30.0,30.0,3200,609,0,333,0.323,1,COM9
3,1146453,30,rpm,6,286,30.0,30.0,3200,609,0,333,0.323,1,COM9
3,1146474,30,rpm,19,286,30.0,30.0,3200,609,0,333,0.323,1,COM9
3,1146494,30,rpm,158,287,30.0,30.0,3200,609,0,333,0.323,1,COM9
3,1146515,30,rpm,458,287,30.0,30.0,3200,609,0,333,0.323,1,COM9
3,1146536,30,rpm,528,287,30.0,30.0,3200,609,0,333,0.323,1,COM9
3,1146556,30,rpm,596,287,30.0,30.0,3200,609,0,334,0.324,1,COM9
3,1146577,30,rpm,566,287,30.0,30.0,3200,609,0,334,0.324,1,COM9
3,1146598,30,rpm,545,287,30.0,30.0,3200,609,0,334,0.324,1,COM9
3,1146618,30,rpm,485,287,30.0,30.0,3200,609,0,334,0.324,1,COM9
3,1146639,30,rpm,403,287,30.0,30.0,3200,609,0,334,0.324,1,COM9
3,1146660,30,rpm,335,287,30.0,30.0,3200,609,0,334,0.324,1,COM9
3,1146680,30,rpm,274,287,30.0,30.0,3200,609,0,334,0.324,1,COM9
3,1146701,30,rpm,62,287,30.0,30.0,3200,609,0,334,0.324,1,COM9
3,1146721,30,rpm,14,287,30.0,30.0,3200,609,0,334,0.324,1,COM9
3,1146742,30,rpm,8,287,30.0,30.0,3200,609,0,334,0.324,1,COM9
3,1146763,30,rpm,7,287,30.0,30.0,3200,609,0,335,0.325,1,COM9
3,1146783,30,rpm,21,287,30.0,30.0,3200,609,0,335,0.325,1,COM9
3,1146804,30,rpm,146,287,30.0,30.0,3200,609,0,335,0.325,1,COM9
3,1146825,30,rpm,420,287,30.0,30.0,3200,609,0,335,0.325,1,COM9
3,1146845,30,rpm,509,287,30.0,30.0,3200,609,0,335,0.325,1,COM9
3,1146866,30,rpm,569,287,30.0,30.0,3200,609,0,335,0.325,1,COM9
3,1146887,30,rpm,549,287,30.0,30.0,3200,609,0,335,0.325,1,COM9
3,1146907,30,rpm,527,287,30.0,30.0,3200,609,0,335,0.325,1,COM9
3,1146928,30,rpm,470,287,30.0,30.0,3200,609,0,335,0.325,1,COM9
3,1146949,30,rpm,389,287,30.0,30.0,3200,609,0,335,0.325,1,COM9
3,1146969,30,rpm,334,287,30.0,30.0,3200,609,0,336,0.325,1,COM9
3,1146990,30,rpm,271,287,30.0,30.0,3200,609,0,336,0.326,1,COM9
3,1147010,30,rpm,52,287,30.0,30.0,3200,609,0,336,0.326,1,COM9
3,1147031,30,rpm,13,287,30.0,30.0,3200,609,0,336,0.326,1,COM9
3,1147052,30,rpm,7,287,30.0,30.0,3200,609,0,336,0.326,1,COM9
3,1147072,30,rpm,6,287,30.0,30.0,3200,609,0,336,0.326,1,COM9
3,1147093,30,rpm,17,287,30.0,30.0,3200,609,0,336,0.326,1,COM9
3,1147114,30,rpm,119,287,30.0,30.0,3200,609,0,336,0.326,1,COM9
3,1147134,30,rpm,376,287,30.0,30.0,3200,609,0,336,0.326,1,COM9
3,1147155,30,rpm,539,287,30.0,30.0,3200,609,0,336,0.326,1,COM9
3,1147175,30,rpm,661,287,30.0,30.0,3200,609,0,337,0.326,1,COM9
3,1147196,30,rpm,644,287,30.0,30.0,3200,609,0,337,0.327,1,COM9
3,1147217,30,rpm,581,287,30.0,30.0,3200,609,0,337,0.327,1,COM9
3,1147237,30,rpm,498,287,30.0,30.0,3200,609,0,337,0.327,1,COM9
3,1147258,30,rpm,395,287,30.0,30.0,3200,609,0,337,0.327,1,COM9
3,1147279,30,rpm,290,287,30.0,30.0,3200,609,0,337,0.327,1,COM9
3,1147299,30,rpm,244,287,30.0,30.0,3200,609,0,337,0.327,1,COM9
3,1147320,30,rpm,164,287,30.0,30.0,3200,609,0,337,0.327,1,COM9
3,1147341,30,rpm,25,287,30.0,30.0,3200,609,0,337,0.327,1,COM9
3,1147361,30,rpm,10,287,30.0,30.0,3200,609,0,337,0.327,1,COM9
3,1147382,30,rpm,6,287,30.0,30.0,3200,609,0,338,0.327,1,COM9
3,1147403,30,rpm,7,287,30.0,30.0,3200,609,0,338,0.327,1,COM9
3,1147423,30,rpm,35,287,30.0,30.0,3200,609,0,338,0.328,1,COM9
3,1147444,30,rpm,196,287,30.0,30.0,3200,609,0,338,0.328,1,COM9
3,1147465,30,rpm,417,287,30.0,30.0,3200,609,0,338,0.328,1,COM9
3,1147485,30,rpm,564,287,30.0,30.0,3200,609,0,338,0.328,1,COM9
3,1147506,30,rpm,630,287,30.0,30.0,3200,609,0,338,0.328,1,COM9
3,1147527,30,rpm,573,287,30.0,30.0,3200,609,0,338,0.328,1,COM9
3,1147548,30,rpm,524,287,30.0,30.0,3200,609,0,338,0.328,1,COM9
3,1147568,30,rpm,411,287,30.0,30.0,3200,609,0,338,0.328,1,COM9
3,1147589,30,rpm,307,287,30.0,30.0,3200,609,0,338,0.328,1,COM9
3,1147609,30,rpm,257,287,30.0,30.0,3200,609,0,339,0.328,1,COM9
3,1147630,30,rpm,214,287,30.0,30.0,3200,609,0,339,0.329,1,COM9
3,1147651,30,rpm,33,287,30.0,30.0,3200,609,0,339,0.329,1,COM9
3,1147671,30,rpm,12,287,30.0,30.0,3200,609,0,339,0.329,1,COM9
3,1147692,30,rpm,7,287,30.0,30.0,3200,609,0,339,0.329,1,COM9
3,1147713,30,rpm,6,287,30.0,30.0,3200,609,0,339,0.329,1,COM9
3,1147733,30,rpm,29,287,30.0,30.0,3200,609,0,339,0.329,1,COM9
3,1147754,30,rpm,182,287,30.0,30.0,3200,609,0,339,0.329,1,COM9
3,1147775,30,rpm,496,287,30.0,30.0,3200,609,0,339,0.329,1,COM9
3,1147795,30,rpm,652,287,30.0,30.0,3200,609,0,339,0.329,1,COM9
3,1147816,30,rpm,678,287,30.0,30.0,3200,609,0,340,0.329,1,COM9
3,1147837,30,rpm,604,287,30.0,30.0,3200,609,0,340,0.329,1,COM9
3,1147857,30,rpm,534,287,30.0,30.0,3200,609,0,340,0.33,1,COM9
3,1147878,30,rpm,410,287,30.0,30.0,3200,609,0,340,0.33,1,COM9
3,1147899,30,rpm,302,287,30.0,30.0,3200,609,0,340,0.33,1,COM9
3,1147919,30,rpm,218,287,30.0,30.0,3200,609,0,340,0.33,1,COM9
3,1147940,30,rpm,178,287,30.0,30.0,3200,609,0,340,0.33,1,COM9
3,1147961,30,rpm,57,287,30.0,30.0,3200,609,0,340,0.33,1,COM9
3,1147981,30,rpm,14,287,30.0,30.0,3200,609,0,340,0.33,1,COM9
3,1148002,30,rpm,7,287,30.0,30.0,3200,609,0,340,0.33,1,COM9
3,1148023,30,rpm,5,287,30.0,30.0,3200,609,0,341,0.33,1,COM9
3,1148043,30,rpm,12,287,30.0,30.0,3200,609,0,341,0.33,1,COM9
3,1148064,30,rpm,105,287,30.0,30.0,3200,609,0,341,0.331,1,COM9
3,1148085,30,rpm,417,287,30.0,30.0,3200,609,0,341,0.331,1,COM9
3,1148105,30,rpm,498,287,30.0,30.0,3200,609,0,341,0.331,1,COM9
3,1148126,30,rpm,602,287,30.0,30.0,3200,609,0,341,0.331,1,COM9
3,1148147,30,rpm,604,287,30.0,30.0,3200,609,0,341,0.331,1,COM9
3,1148167,30,rpm,568,287,30.0,30.0,3200,609,0,341,0.331,1,COM9
3,1148188,30,rpm,457,287,30.0,30.0,3200,609,0,341,0.331,1,COM9
3,1148208,30,rpm,355,287,30.0,30.0,3200,609,0,341,0.331,1,COM9
3,1148229,30,rpm,270,287,30.0,30.0,3200,609,0,342,0.331,1,COM9
3,1148250,30,rpm,223,287,30.0,30.0,3200,609,0,342,0.331,1,COM9
3,1148270,30,rpm,41,287,30.0,30.0,3200,609,0,342,0.331,1,COM9
3,1148291,30,rpm,13,287,30.0,30.0,3200,609,0,342,0.332,1,COM9
3,1148312,30,rpm,7,287,30.0,30.0,3200,609,0,342,0.332,1,COM9
3,1148332,30,rpm,6,287,30.0,30.0,3200,609,0,342,0.332,1,COM9
3,1148353,30,rpm,18,287,30.0,30.0,3200,609,0,342,0.332,1,COM9
3,1148374,30,rpm,161,287,30.0,30.0,3200,609,0,342,0.332,1,COM9
3,1148394,30,rpm,471,287,30.0,30.0,3200,609,0,342,0.332,1,COM9
3,1148415,30,rpm,533,287,30.0,30.0,3200,609,0,342,0.332,1,COM9
3,1148435,30,rpm,598,287,30.0,30.0,3200,609,0,343,0.332,1,COM9
3,1148456,30,rpm,570,287,30.0,30.0,3200,609,0,343,0.332,1,COM9
3,1148477,30,rpm,547,287,30.0,30.0,3200,609,0,343,0.332,1,COM9
3,1148497,30,rpm,484,287,30.0,30.0,3200,609,0,343,0.333,1,COM9
3,1148518,30,rpm,403,287,30.0,30.0,3200,609,0,343,0.333,1,COM9
3,1148539,30,rpm,338,287,30.0,30.0,3200,609,0,343,0.333,1,COM9
3,1148559,30,rpm,274,287,30.0,30.0,3200,609,0,343,0.333,1,COM9
3,1148580,30,rpm,64,287,30.0,30.0,3200,609,0,343,0.333,1,COM9
3,1148601,30,rpm,15,287,30.0,30.0,3200,609,0,343,0.333,1,COM9
3,1148622,30,rpm,8,287,30.0,30.0,3200,609,0,343,0.333,1,COM9
3,1148642,30,rpm,7,287,30.0,30.0,3200,609,0,344,0.333,1,COM9
3,1148663,30,rpm,19,287,30.0,30.0,3200,609,0,344,0.333,1,COM9
3,1148684,30,rpm,141,287,30.0,30.0,3200,609,0,344,0.333,1,COM9
3,1148704,30,rpm,430,287,30.0,30.0,3200,609,0,344,0.334,1,COM9
3,1148725,30,rpm,516,287,30.0,30.0,3200,609,0,344,0.334,1,COM9
3,1148746,30,rpm,576,287,30.0,30.0,3200,609,0,344,0.334,1,COM9
3,1148766,30,rpm,539,287,30.0,30.0,3200,609,0,344,0.334,1,COM9
3,1148787,30,rpm,511,287,30.0,30.0,3200,609,0,344,0.334,1,COM9
3,1148807,30,rpm,466,287,30.0,30.0,3200,609,0,344,0.334,1,COM9
3,1148828,30,rpm,390,287,30.0,30.0,3200,609,0,344,0.334,1,COM9
3,1148849,30,rpm,333,287,30.0,30.0,3200,609,0,345,0.334,1,COM9
3,1148869,30,rpm,264,287,30.0,30.0,3200,609,0,345,0.334,1,COM9
3,1148890,30,rpm,42,287,30.0,30.0,3200,609,0,345,0.334,1,COM9
3,1148911,30,rpm,13,287,30.0,30.0,3200,609,0,345,0.334,1,COM9
3,1148931,30,rpm,7,287,30.0,30.0,3200,609,0,345,0.335,1,COM9
3,1148952,30,rpm,6,287,30.0,30.0,3200,609,0,345,0.335,1,COM9
3,1148973,30,rpm,19,286,30.0,30.0,3200,609,0,345,0.335,1,COM9
3,1148993,30,rpm,125,286,30.0,30.0,3200,609,0,345,0.335,1,COM9
3,1149014,30,rpm,398,286,30.0,30.0,3200,609,0,345,0.335,1,COM9
3,1149035,30,rpm,566,286,30.0,30.0,3200,609,0,345,0.335,1,COM9
3,1149055,30,rpm,696,286,30.0,30.0,3200,609,0,345,0.335,1,COM9
3,1149076,30,rpm,643,286,30.0,30.0,3200,609,0,346,0.335,1,COM9
3,1149097,30,rpm,577,286,30.0,30.0,3200,609,0,346,0.335,1,COM9
3,1149117,30,rpm,487,286,30.0,30.0,3200,609,0,346,0.335,1,COM9
3,1149138,30,rpm,380,286,30.0,30.0,3200,609,0,346,0.336,1,COM9
3,1149159,30,rpm,266,286,30.0,30.0,3200,609,0,346,0.336,1,COM9
3,1149179,30,rpm,226,286,30.0,30.0,3200,609,0,346,0.336,1,COM9
3,1149200,30,rpm,141,286,30.0,30.0,3200,609,0,346,0.336,1,COM9
3,1149221,30,rpm,23,286,30.0,30.0,3200,609,0,346,0.336,1,COM9
3,1149241,30,rpm,10,286,30.0,30.0,3200,609,0,346,0.336,1,COM9
3,1149262,30,rpm,6,286,30.0,30.0,3200,609,0,346,0.336,1,COM9
3,1149283,30,rpm,8,286,30.0,30.0,3200,609,0,347,0.336,1,COM9
3,1149303,30,rpm,43,286,30.0,30.0,3200,609,0,347,0.336,1,COM9
3,1149324,30,rpm,231,286,30.0,30.0,3200,609,0,347,0.336,1,COM9
3,1149345,30,rpm,470,286,30.0,30.0,3200,609,0,347,0.336,1,COM9
3,1149365,30,rpm,627,286,30.0,30.0,3200,609,0,347,0.337,1,COM9
3,1149386,30,rpm,636,286,30.0,30.0,3200,609,0,347,0.337,1,COM9
3,1149407,30,rpm,570,286,30.0,30.0,3200,609,0,347,0.337,1,COM9
3,1149427,30,rpm,514,286,30.0,30.0,3200,609,0,347,0.337,1,COM9
3,1149448,30,rpm,403,286,30.0,30.0,3200,609,0,347,0.337,1,COM9
3,1149469,30,rpm,292,286,30.0,30.0,3200,609,0,347,0.337,1,COM9
3,1149489,30,rpm,233,286,30.0,30.0,3200,609,0,348,0.337,1,COM9
3,1149510,30,rpm,200,286,30.0,30.0,3200,609,0,348,0.337,1,COM9
3,1149531,30,rpm,34,286,30.0,30.0,3200,609,0,348,0.337,1,COM9
3,1149551,30,rpm,12,286,30.0,30.0,3200,609,0,348,0.337,1,COM9
3,1149572,30,rpm,7,286,0.0,30.0,0,0,0,348,0.338,0,COM9
3,1149593,30,rpm,5,286,0.0,30.0,0,0,0,348,0.338,0,COM9
